t,x_ref,x_p,v_p,P1_bar,P2_bar,u1,u2,F_ext,Q_s_lpm,energy_J,iae_cumulative
0.000000,0.050000,0.050000,0.000000,25.000000,20.000000,0.000000,-0.000000,-800.000000,0.000000,0.000000,0.000000
0.001000,0.050000,0.050009,0.017797,24.959461,20.025812,-4.959461,0.185430,-800.000000,0.000000,0.000000,0.000000
0.002000,0.050000,0.050036,0.035267,24.841233,20.097628,-5.337179,0.355534,-800.000000,0.002126,0.000100,0.000000
0.003000,0.050000,0.050079,0.052538,24.632076,20.215565,-5.612146,0.527138,-800.000000,0.010087,0.000752,0.000000
0.004000,0.050000,0.050141,0.069482,24.317385,20.379989,-5.760662,0.707552,-800.000000,0.026923,0.002733,0.000000
0.005000,0.050000,0.050218,0.085962,23.884740,20.591337,-5.759755,0.900377,-800.000000,0.055311,0.007100,0.000000
0.006000,0.050000,0.050312,0.101827,23.324572,20.850048,-5.588061,1.105922,-800.000000,0.097678,0.015161,0.000001
0.007000,0.050000,0.050422,0.116920,22.630823,21.156506,-5.226770,1.322078,-800.000000,0.156239,0.028455,0.000001
0.008000,0.050000,0.050546,0.131079,21.801537,21.510986,-4.660566,1.545282,-800.000000,0.232951,0.048725,0.000002
0.009000,0.050000,0.050683,0.144144,20.839327,21.913614,-3.878509,1.771315,-800.000000,0.329441,0.077891,0.000002
0.010000,0.050000,0.050834,0.155957,19.751680,22.364314,-2.874796,1.995834,-800.000000,0.446919,0.118010,0.000003
0.011000,0.050000,0.050995,0.166373,18.551033,22.862766,-1.649317,2.214686,-800.000000,0.586103,0.171229,0.000004
0.012000,0.050000,0.051166,0.175261,17.254586,23.408359,-0.207973,2.424058,-800.000000,0.747159,0.239736,0.000005
0.013000,0.050000,0.051345,0.182509,15.883839,24.000154,-0.000000,2.620542,-800.000000,0.929666,0.325694,0.000007
0.014000,0.050000,0.051530,0.188029,14.463193,24.636852,-0.000000,2.801154,-800.000000,1.132605,0.431190,0.000008
0.015000,0.050000,0.051720,0.191759,13.016604,25.316770,-0.000000,2.963335,-800.000000,1.354374,0.558171,0.000010
0.016000,0.050000,0.051913,0.193658,11.566280,26.037820,-0.000000,3.104944,-800.000000,1.592822,0.708391,0.000012
0.017000,0.050000,0.052107,0.193711,10.132499,26.797486,-0.000000,3.224230,-800.000000,1.845305,0.883355,0.000014
0.018000,0.050000,0.052300,0.191920,8.733580,27.592817,-0.000000,3.319807,-800.000000,2.108754,1.084278,0.000016
0.019000,0.050000,0.052490,0.188307,7.385915,28.420412,-0.000000,3.390629,-800.000000,2.379760,1.312046,0.000019
0.020000,0.050000,0.052676,0.182914,6.104036,29.276428,-0.000000,3.435962,-800.000000,2.654667,1.567188,0.000022
0.021000,0.050000,0.052856,0.175794,4.900731,30.156589,-0.000000,3.455362,-800.000000,2.929670,1.849856,0.000024
0.022000,0.050000,0.053027,0.167018,3.787200,31.056214,-0.000000,3.448656,-800.000000,3.200921,2.159820,0.000027
0.023000,0.050000,0.053189,0.156668,2.773289,31.970247,-0.000000,3.415919,-800.000000,3.464624,2.496467,0.000031
0.024000,0.050000,0.053340,0.144839,1.867858,32.893311,-0.000000,3.357462,-800.000000,3.717138,2.858812,0.000034
0.025000,0.050000,0.053478,0.131638,1.079511,33.819767,-0.000000,3.273815,-800.000000,3.955063,3.245523,0.000037
0.026000,0.050000,0.053603,0.117182,0.418708,34.743784,-0.000000,3.165724,-800.000000,4.175320,3.654944,0.000041
0.027000,0.050000,0.053712,0.101610,0.000000,35.659439,-0.000000,3.034157,-800.000000,4.375217,4.085138,0.000045
0.028000,0.050000,0.053806,0.085311,0.000000,36.561174,-0.000000,2.880798,-800.000000,4.552462,4.533922,0.000049
0.029000,0.050000,0.053883,0.068493,0.000000,37.443995,-0.000000,2.708477,-800.000000,4.705176,4.998910,0.000052
0.030000,0.050000,0.053943,0.051168,0.000000,38.302754,-0.000000,2.519393,-800.000000,4.831999,5.477560,0.000056
0.031000,0.050000,0.053985,0.033349,0.000000,39.132176,-0.000000,2.314956,-800.000000,4.932120,5.967228,0.000060
0.032000,0.050000,0.054009,0.015054,0.000000,39.926947,-0.000000,2.096064,-800.000000,5.005265,6.465222,0.000064
0.033000,0.050000,0.054015,-0.003035,0.005436,40.682073,-0.000000,1.863826,-800.000000,5.051618,6.968854,0.000068
0.034000,0.050000,0.054004,-0.018755,0.054815,41.398058,-0.000000,1.629206,-800.000000,5.071059,7.475441,0.000072
0.035000,0.050000,0.053977,-0.034792,0.155059,42.073074,-0.000000,1.395720,-800.000000,5.064147,7.982316,0.000076
0.036000,0.050000,0.053934,-0.051097,0.310169,42.702486,-0.000000,1.159795,-800.000000,5.032279,8.486927,0.000080
0.037000,0.050000,0.053875,-0.067584,0.523322,43.282112,-0.000000,0.919063,-800.000000,4.977148,8.986884,0.000084
0.038000,0.050000,0.053799,-0.084164,0.797165,43.808270,-0.000000,0.672439,-800.000000,4.900566,9.479973,0.000088
0.039000,0.050000,0.053707,-0.100743,1.133873,44.277793,-0.000000,0.419719,-800.000000,4.804320,9.964161,0.000092
0.040000,0.050000,0.053598,-0.117223,1.535130,44.688034,-0.000000,0.161280,-800.000000,4.690066,10.437586,0.000095
0.041000,0.050000,0.053472,-0.133503,2.002111,45.036840,0.102103,-10.000000,-800.000000,4.559239,10.898541,0.000099
0.042000,0.050000,0.053331,-0.149482,2.535469,45.319040,0.369383,-10.000000,-800.000000,4.344705,11.342208,0.000102
0.043000,0.050000,0.053174,-0.165049,3.135423,45.517240,0.639310,-10.000000,-800.000000,3.995827,11.755827,0.000105
0.044000,0.050000,0.053001,-0.180084,3.801895,45.614287,0.910444,-10.000000,-800.000000,3.535158,12.127418,0.000108
0.045000,0.050000,0.052814,-0.194457,4.534571,45.596324,1.181161,-10.000000,-800.000000,2.979453,12.446893,0.000111
0.046000,0.050000,0.052612,-0.208034,5.332935,45.451961,1.449662,-10.000000,-800.000000,2.340085,12.705499,0.000114
0.047000,0.050000,0.052398,-0.220674,6.196291,45.171531,1.713992,-10.000000,-800.000000,1.623757,12.895322,0.000116
0.048000,0.050000,0.052171,-0.232231,7.123773,44.746461,1.972052,-10.000000,-800.000000,0.833376,13.008874,0.000118
0.049000,0.050000,0.051934,-0.242555,8.114351,44.168649,2.221612,-10.000000,-800.000000,0.000000,13.039546,0.000120
0.050000,0.050000,0.051687,-0.251486,9.166799,43.383191,2.460314,-10.000000,-800.000000,0.000000,13.039546,0.000122
0.051000,0.050000,0.051431,-0.258821,10.292586,42.347484,2.685554,-10.000000,-800.000000,0.382647,13.061012,0.000123
0.052000,0.050000,0.051170,-0.264333,11.510388,41.067645,2.894373,-10.000000,-800.000000,0.847532,13.128171,0.000124
0.053000,0.050000,0.050903,-0.267795,12.815085,39.555172,3.083479,-10.000000,-800.000000,1.331484,13.243035,0.000125
0.054000,0.050000,0.050635,-0.268995,14.199884,37.826547,3.249383,-10.000000,-800.000000,1.830964,13.407295,0.000126
0.055000,0.050000,0.050366,-0.267739,15.656556,35.902747,3.388531,-10.000000,-800.000000,2.341547,13.622235,0.000126
0.056000,0.050000,0.050100,-0.263855,17.175397,33.808704,3.497406,-10.000000,-800.000000,2.858042,13.888646,0.000126
0.057000,0.050000,0.049839,-0.257196,18.745241,31.572705,3.572618,-10.000000,-800.000000,3.374657,14.206761,0.000127
0.058000,0.050000,0.049587,-0.247646,20.353495,29.225761,3.610982,-9.225761,-800.000000,3.885175,14.576206,0.000127
0.059000,0.050000,0.049345,-0.235117,21.986227,26.801317,3.609584,-7.723893,-800.000000,4.383176,14.995971,0.000128
0.060000,0.050000,0.049118,-0.219560,23.628295,24.336163,3.565842,-5.938870,-800.000000,4.862265,15.464403,0.000129
0.061000,0.050000,0.048907,-0.200959,25.263520,21.870661,3.477560,-3.906985,-800.000000,5.316318,15.979226,0.000130
0.062000,0.050000,0.048717,-0.179340,26.874915,19.447516,3.342993,-1.670906,-800.000000,5.739726,16.537579,0.000131
0.063000,0.050000,0.048549,-0.154772,28.444947,17.109992,3.160888,-0.000000,-800.000000,6.127618,17.136089,0.000132
0.064000,0.050000,0.048408,-0.127361,29.955840,14.899689,2.930534,-0.000000,-800.000000,6.476058,17.770948,0.000134
0.065000,0.050000,0.048295,-0.097257,31.389895,12.853139,2.651782,-0.000000,-800.000000,6.782178,18.438025,0.000136
0.066000,0.050000,0.048214,-0.064640,32.729803,10.998439,2.325053,-0.000000,-800.000000,7.044248,19.132969,0.000137
0.067000,0.050000,0.048167,-0.029723,33.958946,9.355046,1.951320,-0.000000,-800.000000,7.261656,19.851330,0.000139
0.068000,0.050000,0.048155,0.006614,35.061968,7.934229,1.532420,-0.000000,-800.000000,7.434733,20.588656,0.000141
0.069000,0.050000,0.048180,0.041933,36.033850,6.734557,1.081227,-0.000000,-800.000000,7.563108,21.340502,0.000143
0.070000,0.050000,0.048240,0.078799,36.866070,5.751581,0.602814,-0.000000,-800.000000,7.647466,22.102422,0.000145
0.071000,0.050000,0.048338,0.116938,37.546500,4.978654,0.095622,-0.000000,-800.000000,7.689549,22.870122,0.000146
0.072000,0.050000,0.048474,0.156072,38.064454,4.404957,-10.000000,0.440536,-800.000000,7.690926,23.639476,0.000148
0.073000,0.050000,0.048650,0.195918,38.405425,4.016891,-10.000000,1.004461,-800.000000,7.546150,24.401444,0.000149
0.074000,0.050000,0.048866,0.236180,38.537320,3.799824,-10.000000,1.593976,-800.000000,7.176482,25.134558,0.000150
0.075000,0.050000,0.049122,0.276538,38.429343,3.739558,-10.000000,2.206148,-800.000000,6.616618,25.818596,0.000151
0.076000,0.050000,0.049419,0.316655,38.056242,3.823535,-10.000000,2.837423,-800.000000,5.888804,26.436024,0.000152
0.077000,0.050000,0.049756,0.356175,37.396668,4.041671,-10.000000,3.483722,-800.000000,5.004078,26.970816,0.000152
0.078000,0.050000,0.050131,0.394731,36.431740,4.386745,-10.000000,4.140514,-800.000000,3.964241,27.407457,0.000152
0.079000,0.050000,0.050545,0.431942,35.143943,4.854358,-10.000000,4.802866,-800.000000,2.764179,27.730162,0.000153
0.080000,0.050000,0.050994,0.467411,33.516354,5.442629,-10.000000,5.465466,-800.000000,1.394223,27.922330,0.000154
0.081000,0.050000,0.051479,0.500725,31.532162,6.151773,-10.000000,6.122640,-800.000000,0.000000,27.970172,0.000155
0.082000,0.050000,0.051995,0.531455,29.174473,6.983658,-9.174473,6.768342,-800.000000,0.000000,27.970172,0.000157
0.083000,0.050000,0.052541,0.559166,26.458338,7.941422,-7.375785,7.396167,-800.000000,0.000000,27.970172,0.000160
0.084000,0.050000,0.053112,0.583451,23.422779,9.029212,-4.986060,7.999481,-800.000000,0.000000,27.970172,0.000163
0.085000,0.050000,0.053706,0.603945,20.122826,10.252016,-2.028385,8.571632,-800.000000,0.000000,27.970172,0.000167
0.086000,0.050000,0.054319,0.620344,16.628827,11.615579,-0.000000,9.106177,-800.000000,0.000000,27.970172,0.000171
0.087000,0.050000,0.054945,0.632412,13.023661,13.126355,-0.000000,9.597102,-800.000000,0.000000,27.970172,0.000176
0.088000,0.050000,0.055582,0.639999,9.397031,14.803865,-0.000000,10.000000,-800.000000,0.793969,27.999337,0.000181
0.089000,0.050000,0.056224,0.643008,5.842407,16.729517,-0.000000,10.000000,-800.000000,2.451423,28.182729,0.000188
0.090000,0.050000,0.056867,0.641415,2.467127,18.900052,-0.000000,10.000000,-800.000000,4.039592,28.527807,0.000195
0.091000,0.050000,0.057505,0.635347,0.000000,21.290620,-0.000000,10.000000,-800.000000,5.525290,29.025544,0.000202
0.092000,0.050000,0.058136,0.626617,0.000000,23.874453,-0.000000,10.000000,-800.000000,6.878708,29.663804,0.000210
0.093000,0.050000,0.058758,0.616345,0.000000,26.625174,-0.000000,10.000000,-800.000000,8.073160,30.427666,0.000219
0.094000,0.050000,0.059369,0.604446,0.000000,29.512806,-0.000000,10.000000,-800.000000,9.085297,31.299748,0.000228
0.095000,0.050000,0.059966,0.590850,0.000000,32.503894,-0.000000,10.000000,-800.000000,9.895139,32.260543,0.000238
0.096000,0.050000,0.060550,0.575508,0.000000,35.562055,-0.000000,10.000000,-800.000000,10.485946,33.288751,0.000249
0.097000,0.050000,0.061117,0.558395,0.000000,38.648501,-0.000000,10.000000,-800.000000,10.843950,34.361587,0.000260
0.098000,0.050000,0.061666,0.539505,0.000000,41.722521,-0.000000,10.000000,-800.000000,10.957879,35.455049,0.000272
0.099000,0.050000,0.062195,0.518861,0.000000,44.741863,-0.000000,10.000000,-800.000000,10.818232,36.544124,0.000284
0.100000,0.050000,0.062703,0.496507,0.000000,47.662989,-0.000000,10.000000,-800.000000,10.416093,37.602901,0.000297
0.101000,0.050000,0.063188,0.472513,0.000000,50.441091,-0.000000,10.000000,-800.000000,9.741111,38.604505,0.000310
0.102000,0.050000,0.063648,0.446978,0.000000,53.029686,-0.000000,10.000000,-800.000000,8.777601,39.520737,0.000323
0.103000,0.050000,0.064081,0.420026,0.000000,55.379314,-0.000000,10.000000,-800.000000,7.495681,40.321046,0.000337
0.104000,0.050000,0.064487,0.391811,0.000000,57.433901,-0.000000,10.000000,-800.000000,5.825351,40.969734,0.000352
0.105000,0.050000,0.064865,0.362526,0.000000,59.118287,-0.000000,10.000000,-800.000000,3.534557,41.415991,0.000367
0.106000,0.050000,0.065212,0.332430,0.000000,60.198088,-0.000000,10.000000,-800.000000,0.000000,41.529450,0.000382
0.107000,0.050000,0.065529,0.301950,0.000000,60.618049,-0.000000,10.000000,-800.000000,0.000000,41.529450,0.000398
0.108000,0.050000,0.065816,0.271312,0.000000,60.818765,-0.000000,10.000000,-800.000000,0.000000,41.529450,0.000413
0.109000,0.050000,0.066072,0.240615,0.000000,60.879601,-0.000000,9.825208,-800.000000,0.000000,41.529450,0.000429
0.110000,0.050000,0.066297,0.209927,0.000000,60.843133,-0.000000,9.423441,-800.000000,0.000000,41.529450,0.000446
0.111000,0.050000,0.066492,0.179293,0.000000,60.740417,-0.000000,9.036598,-800.000000,0.000000,41.529450,0.000462
0.112000,0.050000,0.066656,0.148740,0.000000,60.596962,-0.000000,8.655845,-800.000000,0.000000,41.529450,0.000479
0.113000,0.050000,0.066789,0.118283,0.000000,60.435012,-0.000000,8.275457,-800.000000,0.000000,41.529450,0.000496
0.114000,0.050000,0.066892,0.087923,0.000000,60.276769,-0.000000,7.891892,-800.000000,0.000000,41.529450,0.000513
0.115000,0.050000,0.066965,0.057649,0.000000,60.138914,-0.000000,7.502930,-800.000000,0.000000,41.529450,0.000530
0.116000,0.050000,0.067008,0.027440,0.000000,60.038369,-0.000000,7.107116,-800.000000,0.000000,41.529450,0.000547
0.117000,0.050000,0.067020,-0.002401,0.004800,59.997011,-0.000000,6.703557,-800.000000,0.118826,41.532420,0.000564
0.118000,0.050000,0.067004,-0.029114,0.081558,59.979205,-0.000000,6.301162,-800.000000,0.536419,41.571240,0.000581
0.119000,0.050000,0.066962,-0.055679,0.251583,59.950443,-0.000000,5.904243,-800.000000,0.916100,41.648705,0.000598
0.120000,0.050000,0.066893,-0.082028,0.518962,59.908776,-0.000000,5.508821,-800.000000,1.285693,41.763486,0.000614
0.121000,0.050000,0.066798,-0.108054,0.886487,59.853531,-0.000000,5.112382,-800.000000,1.645898,41.914645,0.000631
0.122000,0.050000,0.066677,-0.133644,1.356068,59.784258,-0.000000,4.713927,-800.000000,1.995438,42.101171,0.000648
0.123000,0.050000,0.066531,-0.158686,1.928802,59.700551,-0.000000,4.313477,-800.000000,2.332407,42.321882,0.000664
0.124000,0.050000,0.066360,-0.183069,2.604985,59.601994,-0.000000,3.911711,-800.000000,2.654692,42.575388,0.000681
0.125000,0.050000,0.066165,-0.206679,3.384109,59.488144,-0.000000,3.509737,-800.000000,2.960124,42.860087,0.000697
0.126000,0.050000,0.065947,-0.229406,4.264874,59.358522,-0.000000,3.108937,-800.000000,3.246554,43.174158,0.000713
0.127000,0.050000,0.065706,-0.251139,5.245190,59.212623,-0.000000,2.710877,-800.000000,3.511879,43.515569,0.000729
0.128000,0.050000,0.065445,-0.271772,6.322200,59.049910,-0.000000,2.317237,-800.000000,3.754070,43.882082,0.000744
0.129000,0.050000,0.065163,-0.291201,7.492300,58.869824,-0.000000,1.929768,-800.000000,3.971191,44.271262,0.000759
0.130000,0.050000,0.064863,-0.309325,8.751166,58.671790,-0.000000,1.550264,-800.000000,4.161417,44.680487,0.000774
0.131000,0.050000,0.064545,-0.326048,10.093794,58.455223,-0.000000,1.180532,-800.000000,4.323050,45.106961,0.000789
0.132000,0.050000,0.064211,-0.341281,11.514530,58.219535,-0.000000,0.822378,-800.000000,4.454537,45.547725,0.000803
0.133000,0.050000,0.063863,-0.354937,13.007493,57.964145,-0.000000,0.477590,-800.000000,4.594226,46.000740,0.000817
0.134000,0.050000,0.063502,-0.366936,14.572133,57.688492,-0.064841,0.147929,-800.000000,4.795260,46.473158,0.000830
0.135000,0.050000,0.063130,-0.377197,16.201093,57.392061,0.164862,-10.000000,-800.000000,4.940390,46.962197,0.000843
0.136000,0.050000,0.062748,-0.385650,17.883869,57.072908,0.459071,-10.000000,-800.000000,5.003891,47.461035,0.000856
0.137000,0.050000,0.062359,-0.392234,19.610754,56.723430,0.733042,-10.000000,-800.000000,4.967824,47.959900,0.000868
0.138000,0.050000,0.061964,-0.396889,21.373066,56.335118,0.985178,-10.000000,-800.000000,4.842676,48.449526,0.000880
0.139000,0.050000,0.061566,-0.399559,23.162887,55.899811,1.213929,-10.000000,-800.000000,4.634755,48.921430,0.000892
0.140000,0.050000,0.061166,-0.400193,24.972770,55.409438,1.417787,-10.000000,-800.000000,4.346947,49.367537,0.000903
0.141000,0.050000,0.060766,-0.398741,26.795462,54.855850,1.595275,-10.000000,-800.000000,3.979410,49.779888,0.000914
0.142000,0.050000,0.060369,-0.395154,28.623669,54.230706,1.744945,-10.000000,-800.000000,3.530203,50.150403,0.000924
0.143000,0.050000,0.059977,-0.389389,30.449846,53.525426,1.865371,-10.000000,-800.000000,2.995869,50.470708,0.000934
0.144000,0.050000,0.059591,-0.381401,32.266023,52.731186,1.955148,-10.000000,-800.000000,2.371963,50.732019,0.000944
0.145000,0.050000,0.059215,-0.371152,34.063677,51.838951,2.012896,-10.000000,-800.000000,1.653557,50.925073,0.000953
0.146000,0.050000,0.058850,-0.358598,35.833615,50.785546,2.037249,-10.000000,-800.000000,1.548971,51.074896,0.000962
0.147000,0.050000,0.058498,-0.343629,37.565723,49.433682,2.026689,-10.000000,-800.000000,1.697046,51.239080,0.000970
0.148000,0.050000,0.058163,-0.326118,39.248734,47.798136,1.979315,-10.000000,-800.000000,1.838909,51.417715,0.000979
0.149000,0.050000,0.057847,-0.305963,40.870311,45.906812,1.892995,-10.000000,-800.000000,1.970599,51.609930,0.000986
0.150000,0.050000,0.057552,-0.283090,42.417210,43.791807,1.765581,-10.000000,-800.000000,2.088579,51.814482,0.000994
0.151000,0.050000,0.057282,-0.257459,43.875500,41.488542,1.595066,-10.000000,-800.000000,2.189980,52.029816,0.001001
0.152000,0.050000,0.057038,-0.229065,45.230815,39.034882,1.379708,-10.000000,-800.000000,2.272816,52.254141,0.001008
0.153000,0.050000,0.056824,-0.197939,46.468650,36.470249,1.118112,-10.000000,-800.000000,2.336149,52.485534,0.001015
0.154000,0.050000,0.056643,-0.164146,47.574675,33.834751,0.809298,-10.000000,-800.000000,2.380182,52.722047,0.001022
0.155000,0.050000,0.056497,-0.127791,48.535055,31.168349,0.452746,-10.000000,-800.000000,2.406221,52.961826,0.001028
0.156000,0.050000,0.056388,-0.089010,49.336747,28.510050,0.048420,-8.510050,-800.000000,2.416473,53.203201,0.001035
0.157000,0.050000,0.056320,-0.047972,49.967750,25.897867,-10.000000,0.403215,-800.000000,2.413623,53.444761,0.001041
0.158000,0.050000,0.056293,-0.004880,50.413778,23.373733,-10.000000,0.901191,-800.000000,2.328969,53.681982,0.001047
0.159000,0.050000,0.056309,0.036944,50.655146,20.985963,-10.000000,1.437263,-800.000000,2.112289,53.902267,0.001054
0.160000,0.050000,0.056368,0.079865,50.676442,18.774508,-10.000000,2.000845,-800.000000,1.785093,54.093856,0.001060
0.161000,0.050000,0.056469,0.123938,50.457184,16.773758,-10.000000,2.593251,-800.000000,1.356081,54.246346,0.001066
0.162000,0.050000,0.056616,0.168779,49.978690,15.007683,-10.000000,3.214502,-800.000000,0.821679,54.349417,0.001073
0.163000,0.050000,0.056807,0.213979,49.222771,13.490621,-10.000000,3.862698,-800.000000,0.168864,54.391777,0.001080
0.164000,0.050000,0.057044,0.259094,48.135267,12.228451,-10.000000,4.534469,-800.000000,0.000000,54.391777,0.001087
0.165000,0.050000,0.057325,0.303593,46.620763,11.219922,-10.000000,5.225161,-800.000000,0.000000,54.391777,0.001094
0.166000,0.050000,0.057650,0.346902,44.672305,10.458181,-10.000000,5.928850,-800.000000,0.000000,54.391777,0.001102
0.167000,0.050000,0.058018,0.388457,42.297207,9.932575,-10.000000,6.638666,-800.000000,0.000000,54.391777,0.001110
0.168000,0.050000,0.058427,0.427710,39.513759,9.630460,-10.000000,7.347138,-800.000000,0.000000,54.391777,0.001118
0.169000,0.050000,0.058873,0.464149,36.351033,9.538841,-10.000000,8.046478,-800.000000,0.000000,54.391777,0.001127
0.170000,0.050000,0.059354,0.497300,32.848582,9.645729,-10.000000,8.728827,-800.000000,0.000000,54.391777,0.001136
0.171000,0.050000,0.059866,0.526742,29.056081,9.941114,-9.056081,9.386458,-800.000000,0.000000,54.391777,0.001146
0.172000,0.050000,0.060406,0.552112,25.033559,10.417584,-5.939167,10.000000,-800.000000,0.000000,54.391777,0.001157
0.173000,0.050000,0.060969,0.573115,20.854161,11.070607,-2.263125,10.000000,-800.000000,0.000000,54.391777,0.001168
0.174000,0.050000,0.061551,0.589540,16.607177,11.898414,-0.000000,10.000000,-800.000000,0.000000,54.391777,0.001179
0.175000,0.050000,0.062146,0.601268,12.394839,12.901240,-0.000000,10.000000,-800.000000,0.000000,54.391777,0.001191
0.176000,0.050000,0.062752,0.608286,8.325711,14.081069,-0.000000,10.000000,-800.000000,0.000000,54.391777,0.001204
0.177000,0.050000,0.063361,0.610688,4.515127,15.441506,-0.000000,10.000000,-800.000000,0.000000,54.391777,0.001218
0.178000,0.050000,0.063971,0.608690,1.115717,16.991061,-0.000000,10.000000,-800.000000,0.500799,54.404297,0.001231
0.179000,0.050000,0.064578,0.603041,0.000000,18.810167,-0.000000,10.000000,-800.000000,2.564151,54.584312,0.001246
0.180000,0.050000,0.065177,0.595924,0.000000,20.913106,-0.000000,10.000000,-800.000000,4.484773,54.962016,0.001261
0.181000,0.050000,0.065769,0.587517,0.000000,23.272518,-0.000000,10.000000,-800.000000,6.229548,55.521035,0.001277
0.182000,0.050000,0.066352,0.577682,0.000000,25.855973,-0.000000,10.000000,-800.000000,7.769737,56.241951,0.001293
0.183000,0.050000,0.066924,0.566300,0.000000,28.626694,-0.000000,10.000000,-800.000000,9.081115,57.102757,0.001310
0.184000,0.050000,0.067484,0.553275,0.000000,31.544291,-0.000000,10.000000,-800.000000,10.143942,58.079303,0.001328
0.185000,0.050000,0.068030,0.538535,0.000000,34.565491,-0.000000,10.000000,-800.000000,10.942783,59.145737,0.001346
0.186000,0.050000,0.068560,0.522034,0.000000,37.644832,-0.000000,10.000000,-800.000000,11.466171,60.274915,0.001364
0.187000,0.050000,0.069073,0.503754,0.000000,40.735297,-0.000000,10.000000,-800.000000,11.706089,61.438766,0.001383
0.188000,0.050000,0.069567,0.483702,0.000000,43.788856,-0.000000,10.000000,-800.000000,11.657234,62.608593,0.001403
0.189000,0.050000,0.070040,0.461916,0.000000,46.756875,-0.000000,10.000000,-800.000000,11.315947,63.755283,0.001423
0.190000,0.050000,0.070490,0.438459,0.000000,49.590325,-0.000000,10.000000,-800.000000,10.678545,64.849373,0.001444
0.191000,0.050000,0.070917,0.413426,0.000000,52.239660,-0.000000,10.000000,-800.000000,9.738416,65.860875,0.001464
0.192000,0.050000,0.071317,0.386938,0.000000,54.654057,-0.000000,10.000000,-800.000000,8.480073,66.758658,0.001486
0.193000,0.050000,0.071690,0.359147,0.000000,56.779207,-0.000000,10.000000,-800.000000,6.863982,67.508725,0.001507
0.194000,0.050000,0.072035,0.330239,0.000000,58.550593,-0.000000,10.000000,-800.000000,4.771519,68.068998,0.001530
0.195000,0.050000,0.072350,0.300446,0.000000,59.860043,-0.000000,10.000000,-800.000000,1.485652,68.359699,0.001552
0.196000,0.050000,0.072636,0.270135,0.000000,60.378225,-0.000000,10.000000,-800.000000,0.000000,68.359699,0.001574
0.197000,0.050000,0.072890,0.239654,0.000000,60.572784,-0.000000,10.000000,-800.000000,0.000000,68.359699,0.001597
0.198000,0.050000,0.073115,0.209119,0.000000,60.622566,-0.000000,10.000000,-800.000000,0.000000,68.359699,0.001620
0.199000,0.050000,0.073309,0.178595,0.000000,60.580786,-0.000000,10.000000,-800.000000,0.000000,68.359699,0.001644
0.200000,0.050000,0.073472,0.148121,0.000000,60.485185,-0.000000,10.000000,-800.000000,0.000000,68.359699,0.001667
0.201000,0.050000,0.073605,0.117717,0.000000,60.364642,-0.000000,10.000000,-800.000000,0.000000,68.359699,0.001691
0.202000,0.050000,0.073708,0.087389,0.000000,60.237266,-0.000000,10.000000,-800.000000,0.000000,68.359699,0.001715
0.203000,0.050000,0.073780,0.057132,0.000000,60.120266,-0.000000,10.000000,-800.000000,0.000000,68.359699,0.001738
0.204000,0.050000,0.073822,0.026930,0.000000,60.032720,-0.000000,9.695825,-800.000000,0.000000,68.359699,0.001762
0.205000,0.050000,0.073834,-0.002861,0.005208,59.996666,-0.000000,9.193007,-800.000000,0.130811,68.362970,0.001786
0.206000,0.050000,0.073817,-0.029566,0.082500,59.978835,-0.000000,8.728468,-800.000000,0.543147,68.402500,0.001810
0.207000,0.050000,0.073775,-0.056131,0.252462,59.950025,-0.000000,8.292723,-800.000000,0.924492,68.480720,0.001834
0.208000,0.050000,0.073705,-0.082479,0.520006,59.908769,-0.000000,7.873032,-800.000000,1.299026,68.596618,0.001857
0.209000,0.050000,0.073610,-0.108504,0.888608,59.854962,-0.000000,7.461405,-800.000000,1.668768,68.749666,0.001881
0.210000,0.050000,0.073488,-0.134092,1.360751,59.788912,-0.000000,7.053426,-800.000000,2.033185,68.939375,0.001904
0.211000,0.050000,0.073342,-0.159133,1.938005,59.710926,-0.000000,6.646988,-800.000000,2.388575,69.164984,0.001928
0.212000,0.050000,0.073170,-0.183512,2.621035,59.621145,-0.000000,6.241446,-800.000000,2.733132,69.425467,0.001951
0.213000,0.050000,0.072975,-0.207116,3.409612,59.519735,-0.000000,5.837083,-800.000000,3.064954,69.719627,0.001974
0.214000,0.050000,0.072756,-0.229835,4.302617,59.406858,-0.000000,5.434772,-800.000000,3.382023,70.046062,0.001997
0.215000,0.050000,0.072516,-0.251558,5.298063,59.282661,-0.000000,5.035761,-800.000000,3.682335,70.403172,0.002019
0.216000,0.050000,0.072254,-0.272179,6.393118,59.147276,-0.000000,4.641532,-800.000000,3.963956,70.789160,0.002041
0.217000,0.050000,0.071972,-0.291594,7.584138,59.000829,-0.000000,4.253713,-800.000000,4.225047,71.202041,0.002063
0.218000,0.050000,0.071671,-0.309704,8.866704,58.843436,-0.000000,3.874014,-800.000000,4.463890,71.639654,0.002085
0.219000,0.050000,0.071353,-0.326412,10.241617,58.675222,-0.000000,3.504187,-800.000000,4.853265,72.109456,0.002106
0.220000,0.050000,0.071019,-0.341621,11.711192,58.496340,-0.000000,3.146024,-800.000000,5.222775,72.618314,0.002127
0.221000,0.050000,0.070670,-0.355234,13.264835,58.306990,-0.000000,2.801357,-800.000000,5.536760,73.160646,0.002148
0.222000,0.050000,0.070309,-0.367169,14.891630,58.107417,-0.000000,2.472007,-800.000000,5.796216,73.730959,0.002168
0.223000,0.050000,0.069936,-0.377355,16.580640,57.897914,-1.751394,2.159744,-800.000000,6.002415,74.323879,0.002188
0.224000,0.050000,0.069555,-0.385729,18.319634,57.678825,-3.230041,1.866257,-800.000000,6.129626,74.932881,0.002208
0.225000,0.050000,0.069165,-0.392247,20.090560,57.450553,-4.896428,1.593122,-800.000000,6.136527,75.547334,0.002227
0.226000,0.050000,0.068771,-0.396883,21.870301,57.213548,-6.730391,1.341763,-800.000000,5.992884,76.153291,0.002246
0.227000,0.050000,0.068372,-0.399637,23.631597,56.968291,-8.705549,1.113386,-800.000000,5.672217,76.734010,0.002264
0.228000,0.050000,0.067972,-0.400538,25.344603,56.715274,-10.000000,0.908926,-800.000000,5.366777,77.277679,0.002282
0.229000,0.050000,0.067572,-0.399642,26.983249,56.454973,-10.000000,0.728991,-800.000000,5.298646,77.810314,0.002300
0.230000,0.050000,0.067173,-0.397035,28.511862,56.187824,-10.000000,0.573828,-800.000000,5.203726,78.334449,0.002317
0.231000,0.050000,0.066778,-0.392840,29.894677,55.914184,-10.000000,0.443276,-800.000000,5.083578,78.847503,0.002334
0.232000,0.050000,0.066388,-0.387212,31.099668,55.634289,-10.000000,0.336713,-800.000000,4.940075,79.347066,0.002350
0.233000,0.050000,0.066004,-0.380338,32.099294,55.348213,-10.000000,0.253044,-800.000000,4.775359,79.830936,0.002366
0.234000,0.050000,0.065628,-0.372426,32.871100,55.055839,-10.000000,0.190706,-800.000000,4.591795,80.297137,0.002382
0.235000,0.050000,0.065260,-0.363706,33.398156,54.756837,-10.000000,0.147705,-800.000000,4.391917,80.743941,0.002397
0.236000,0.050000,0.064901,-0.354419,33.669326,54.450637,-10.000000,0.121652,-800.000000,4.178365,81.169882,0.002412
0.237000,0.050000,0.064551,-0.344817,33.679374,54.136424,-10.000000,0.109828,-800.000000,3.953825,81.573760,0.002426
0.238000,0.050000,0.064211,-0.335150,33.428908,53.813126,-10.000000,0.109244,-800.000000,3.720963,81.954644,0.002441
0.239000,0.050000,0.063881,-0.325665,32.924186,53.479414,-10.000000,0.116717,-800.000000,3.482372,82.311863,0.002455
0.240000,0.050000,0.063559,-0.316602,32.176784,53.133707,-10.000000,0.128946,-800.000000,3.240514,82.645001,0.002468
0.241000,0.050000,0.063247,-0.308181,31.203151,52.774185,-10.000000,0.142584,-800.000000,2.997673,82.953874,0.002481
0.242000,0.050000,0.062943,-0.300608,30.024075,52.398804,-10.000000,0.154321,-800.000000,2.755915,83.238515,0.002494
0.243000,0.050000,0.062646,-0.294061,28.664061,52.005323,-10.000000,0.160953,-800.000000,2.517055,83.499149,0.002507
0.244000,0.050000,0.062354,-0.288695,27.150656,51.591327,-10.000000,0.159452,-800.000000,2.282631,83.736163,0.002519
0.245000,0.050000,0.062068,-0.284631,25.513723,51.154265,-9.830393,0.147031,-800.000000,2.053886,83.950081,0.002531
0.246000,0.050000,0.061785,-0.281962,23.784789,50.691481,-8.626831,0.121194,-800.000000,1.831752,84.141531,0.002543
0.247000,0.050000,0.061503,-0.280747,21.997162,50.200258,-7.205839,0.079795,-800.000000,1.616848,84.311217,0.002555
0.248000,0.050000,0.061223,-0.281007,20.187066,49.677856,-5.597994,0.021074,-800.000000,1.409471,84.459881,0.002566
0.249000,0.050000,0.060941,-0.282727,18.392647,49.121568,0.056296,-10.000000,-800.000000,1.209599,84.588279,0.002577
0.250000,0.050000,0.060657,-0.285852,16.654024,48.525689,0.153158,-10.000000,-800.000000,0.955921,84.694274,0.002587
0.251000,0.050000,0.060369,-0.290277,15.014781,47.872676,0.269821,-10.000000,-800.000000,0.591234,84.767919,0.002598
0.252000,0.050000,0.060076,-0.295848,13.509907,47.143038,0.405978,-10.000000,-800.000000,0.120497,84.798434,0.002608
0.253000,0.050000,0.059777,-0.302366,12.163390,46.296094,0.560671,-10.000000,-800.000000,0.000000,84.798434,0.002618
0.254000,0.050000,0.059471,-0.309578,10.989248,45.265303,0.732252,-10.000000,-800.000000,0.000000,84.798434,0.002627
0.255000,0.050000,0.059157,-0.317201,9.992832,44.036930,0.918360,-10.000000,-800.000000,0.000000,84.798434,0.002636
0.256000,0.050000,0.058836,-0.324943,9.172409,42.604941,1.116053,-10.000000,-800.000000,0.000000,84.798434,0.002645
0.257000,0.050000,0.058508,-0.332515,8.520862,40.968896,1.321971,-10.000000,-800.000000,0.000000,84.798434,0.002654
0.258000,0.050000,0.058171,-0.339641,8.027362,39.133715,1.532486,-10.000000,-800.000000,0.000000,84.798434,0.002662
0.259000,0.050000,0.057829,-0.346057,7.678925,37.109360,1.743838,-10.000000,-800.000000,0.000000,84.798434,0.002670
0.260000,0.050000,0.057480,-0.351524,7.461730,34.910456,1.952243,-10.000000,-800.000000,0.000000,84.798434,0.002677
0.261000,0.050000,0.057126,-0.355822,7.362146,32.555874,2.153990,-10.000000,-800.000000,0.000000,84.798434,0.002684
0.262000,0.050000,0.056768,-0.358760,7.367424,30.068263,2.345510,-10.000000,-800.000000,0.000000,84.798434,0.002691
0.263000,0.050000,0.056409,-0.360170,7.466106,27.473581,2.523434,-7.473581,-800.000000,0.000000,84.798434,0.002697
0.264000,0.050000,0.056049,-0.359912,7.648173,24.801765,2.684638,-5.549123,-800.000000,0.000000,84.798434,0.002703
0.265000,0.050000,0.055690,-0.357875,7.905025,22.089846,2.826276,-3.317380,-800.000000,0.000000,84.798434,0.002709
0.266000,0.050000,0.055334,-0.353979,8.229363,19.379536,2.945819,-0.816055,-800.000000,0.000000,84.798434,0.002715
0.267000,0.050000,0.054982,-0.348173,8.615014,16.715014,3.041091,-0.000000,-800.000000,0.000000,84.798434,0.002719
0.268000,0.050000,0.054638,-0.340441,9.056741,14.140227,3.110296,-0.000000,-800.000000,0.000000,84.798434,0.002724
0.269000,0.050000,0.054302,-0.330793,9.550049,11.694338,3.152035,-0.000000,-800.000000,0.000000,84.798434,0.002728
0.270000,0.050000,0.053977,-0.319266,10.090999,9.409708,3.165306,-0.000000,-800.000000,0.000000,84.798434,0.002732
0.271000,0.050000,0.053664,-0.305915,10.676031,7.312193,3.149474,-0.000000,-800.000000,0.000000,84.798434,0.002736
0.272000,0.050000,0.053366,-0.290815,11.301795,5.422012,3.104247,-0.000000,-800.000000,0.000000,84.798434,0.002739
0.273000,0.050000,0.053083,-0.274050,11.964996,3.754890,3.029635,-0.000000,-800.000000,0.000000,84.798434,0.002743
0.274000,0.050000,0.052818,-0.255720,12.662256,2.323779,2.925913,-0.000000,-800.000000,0.000000,84.798434,0.002745
0.275000,0.050000,0.052572,-0.235931,13.389986,1.142244,2.793591,-0.000000,-800.000000,0.000000,84.798434,0.002748
0.276000,0.050000,0.052347,-0.214807,14.144291,0.236238,2.633405,-0.000000,-800.000000,0.000000,84.798434,0.002750
0.277000,0.050000,0.052143,-0.192548,14.921019,0.000000,2.446400,-0.000000,-800.000000,0.000000,84.798434,0.002752
0.278000,0.050000,0.051962,-0.169474,15.739683,0.000000,2.234593,-0.000000,-800.000000,1.019657,84.850726,0.002754
0.279000,0.050000,0.051804,-0.145553,16.642364,0.000000,1.999942,-0.000000,-800.000000,2.254207,85.030761,0.002756
0.280000,0.050000,0.051671,-0.120709,17.610844,0.000000,1.743280,-0.000000,-800.000000,3.369483,85.326837,0.002758
0.281000,0.050000,0.051563,-0.094884,18.623447,0.000000,1.464659,-0.000000,-800.000000,4.361339,85.726750,0.002759
0.282000,0.050000,0.051482,-0.068044,19.657873,0.000000,1.163730,-0.000000,-800.000000,5.227917,86.218026,0.002761
0.283000,0.050000,0.051427,-0.040172,20.691603,0.000000,0.840002,-0.000000,-800.000000,5.969429,86.788133,0.002762
0.284000,0.050000,0.051402,-0.011277,21.702274,0.000000,0.493003,-0.000000,-800.000000,6.587880,87.424678,0.002764
0.285000,0.050000,0.051405,0.016481,22.670861,0.013556,0.125700,-0.000000,-800.000000,7.086449,88.115551,0.002765
0.286000,0.050000,0.051435,0.043826,23.586917,0.065617,-3.586917,0.250477,-800.000000,7.468543,88.848969,0.002767
0.287000,0.050000,0.051492,0.072015,24.429040,0.162019,-4.787732,0.638054,-800.000000,7.691528,89.611331,0.002768
0.288000,0.050000,0.051579,0.100929,25.166777,0.309418,-5.968372,1.040386,-800.000000,7.712656,90.383383,0.002770
0.289000,0.050000,0.051694,0.130414,25.768217,0.513873,-7.086490,1.459148,-800.000000,7.532172,91.144938,0.002771
0.290000,0.050000,0.051840,0.160284,26.202373,0.781177,-8.097468,1.894585,-800.000000,7.152080,91.875949,0.002773
0.291000,0.050000,0.052015,0.190319,26.439527,1.116914,-8.954859,2.345837,-800.000000,6.575440,92.556641,0.002775
0.292000,0.050000,0.052220,0.220268,26.451479,1.526464,-9.610764,2.811150,-800.000000,5.805782,93.167577,0.002777
0.293000,0.050000,0.052456,0.249849,26.211720,2.014979,-10.000000,3.288021,-800.000000,4.846823,93.689688,0.002780
0.294000,0.050000,0.052720,0.278755,25.695598,2.587363,-9.500031,3.773291,-800.000000,3.702931,94.104306,0.002783
0.295000,0.050000,0.053013,0.306651,24.881008,3.248247,-9.255001,4.263209,-800.000000,2.388425,94.393688,0.002786
0.296000,0.050000,0.053333,0.333182,23.749949,4.001970,-8.612043,4.753481,-800.000000,0.919619,94.541901,0.002789
0.297000,0.050000,0.053678,0.357974,22.292564,4.852553,-7.529652,5.239326,-800.000000,0.000000,94.558423,0.002793
0.298000,0.050000,0.054048,0.380665,20.546963,5.803720,-6.013308,5.715565,-800.000000,0.000000,94.558423,0.002797
0.299000,0.050000,0.054439,0.400921,18.545014,6.903837,-4.066055,6.176852,-800.000000,0.956015,94.616461,0.002801
0.300000,0.050000,0.054849,0.418400,16.322810,8.203127,-1.698352,6.617740,-800.000000,1.960953,94.774859,0.002806
0.301000,0.050000,0.055275,0.432796,13.927668,9.694179,-0.000000,7.032729,-800.000000,2.963661,95.033672,0.002811
0.302000,0.050000,0.055713,0.443858,11.416017,11.367512,-0.000000,7.416486,-800.000000,3.955772,95.392163,0.002817
0.303000,0.050000,0.056161,0.451398,8.848945,13.211755,-0.000000,7.764060,-800.000000,4.927827,95.848689,0.002823
0.304000,0.050000,0.056615,0.455299,6.288240,15.213663,-0.000000,8.071070,-800.000000,5.869407,96.400601,0.002830
0.305000,0.050000,0.057071,0.455511,3.797838,17.358166,-0.000000,8.333832,-800.000000,6.769315,97.044157,0.002837
0.306000,0.050000,0.057525,0.452060,1.452795,19.628457,-0.000000,8.549475,-800.000000,7.615813,97.774458,0.002844
0.307000,0.050000,0.057974,0.445118,0.000000,22.006205,-0.000000,8.716120,-800.000000,8.396885,98.585414,0.002852
0.308000,0.050000,0.058414,0.436135,0.000000,24.473742,-0.000000,8.835732,-800.000000,9.100293,99.469720,0.002861
0.309000,0.050000,0.058845,0.425705,0.000000,27.014492,-0.000000,8.915762,-800.000000,9.713701,100.418837,0.002870
0.310000,0.050000,0.059265,0.413792,0.000000,29.610109,-0.000000,8.961865,-800.000000,10.225359,101.423024,0.002879
0.311000,0.050000,0.059673,0.400371,0.000000,32.240466,-0.000000,8.977331,-800.000000,10.624553,102.471427,0.002888
0.312000,0.050000,0.060066,0.385429,0.000000,34.883868,-0.000000,8.963921,-800.000000,10.901931,103.552202,0.002899
0.313000,0.050000,0.060443,0.368966,0.000000,37.517308,-0.000000,8.922496,-800.000000,11.049736,104.652671,0.002909
0.314000,0.050000,0.060803,0.350994,0.000000,40.116759,-0.000000,8.853426,-800.000000,11.061971,105.759487,0.002920
0.315000,0.050000,0.061144,0.331542,0.000000,42.657486,-0.000000,8.756848,-800.000000,10.934514,106.858821,0.002931
0.316000,0.050000,0.061466,0.310651,0.000000,45.114370,-0.000000,8.632834,-800.000000,10.665184,107.936551,0.002942
0.317000,0.050000,0.061765,0.288378,0.000000,47.462246,-0.000000,8.481499,-800.000000,10.253785,108.978462,0.002954
0.318000,0.050000,0.062042,0.264792,0.000000,49.676242,-0.000000,8.303065,-800.000000,9.702099,109.970444,0.002966
0.319000,0.050000,0.062294,0.239979,0.000000,51.732112,-0.000000,8.097906,-800.000000,9.013851,110.898686,0.002978
0.320000,0.050000,0.062522,0.214036,0.000000,53.606562,-0.000000,7.866576,-800.000000,8.194624,111.749866,0.002991
0.321000,0.050000,0.062722,0.187074,0.000000,55.277559,-0.000000,7.609825,-800.000000,7.251712,112.511331,0.003004
0.322000,0.050000,0.062895,0.159216,0.000000,56.724598,-0.000000,7.328601,-800.000000,6.193859,113.171247,0.003017
0.323000,0.050000,0.063040,0.130595,0.000000,57.928928,-0.000000,7.024058,-800.000000,5.030758,113.718722,0.003030
0.324000,0.050000,0.063156,0.101355,0.000000,58.873640,-0.000000,6.697546,-800.000000,3.771858,114.143833,0.003043
0.325000,0.050000,0.063243,0.071647,0.000000,59.543424,-0.000000,6.350608,-800.000000,2.422386,114.437393,0.003056
0.326000,0.050000,0.063300,0.041630,0.000000,59.922727,-0.000000,5.984966,-800.000000,0.959102,114.589395,0.003069
0.327000,0.050000,0.063326,0.011474,0.000000,60.002393,-0.000000,5.602525,-800.000000,0.000000,114.606803,0.003083
0.328000,0.050000,0.063323,-0.016562,0.032666,59.986570,-0.000000,5.208603,-800.000000,0.326071,114.624637,0.003096
0.329000,0.050000,0.063293,-0.043193,0.151741,59.957707,-0.000000,4.816494,-800.000000,0.688552,114.680030,0.003109
0.330000,0.050000,0.063237,-0.069663,0.361147,59.912886,-0.000000,4.425045,-800.000000,1.039171,114.770868,0.003123
0.331000,0.050000,0.063154,-0.095868,0.664242,59.851263,-0.000000,4.031890,-800.000000,1.381183,114.896229,0.003136
0.332000,0.050000,0.063045,-0.121702,1.063451,59.772385,-0.000000,3.635958,-800.000000,1.713736,115.055213,0.003149
0.333000,0.050000,0.062911,-0.147054,1.560477,59.675855,-0.000000,3.237181,-800.000000,2.034844,115.246754,0.003162
0.334000,0.050000,0.062751,-0.171816,2.156317,59.561231,-0.000000,2.836159,-800.000000,2.342169,115.469563,0.003174
0.335000,0.050000,0.062567,-0.195877,2.851253,59.428001,-0.000000,2.433926,-800.000000,2.633272,115.722110,0.003187
0.336000,0.050000,0.062360,-0.219128,3.644841,59.275571,-0.000000,2.031802,-800.000000,2.905701,116.002619,0.003199
0.337000,0.050000,0.062130,-0.241458,4.535905,59.103270,-0.000000,1.631297,-800.000000,3.157039,116.309072,0.003211
0.338000,0.050000,0.061877,-0.262760,5.522531,58.910351,-0.000000,1.234051,-800.000000,3.384928,116.639211,0.003223
0.339000,0.050000,0.061604,-0.282929,6.602075,58.695995,-0.000000,0.841785,-800.000000,3.587083,116.990548,0.003235
0.340000,0.050000,0.061312,-0.301860,7.771173,58.459321,-0.000000,0.456276,-800.000000,3.761315,117.360373,0.003246
0.341000,0.050000,0.061001,-0.319455,9.025759,58.199391,-0.000000,0.079332,-800.000000,3.905543,117.745761,0.003257
0.342000,0.050000,0.060673,-0.335617,10.361088,57.915218,0.287227,-10.000000,-800.000000,4.017815,118.143589,0.003268
0.343000,0.050000,0.060330,-0.350256,11.771875,57.604458,0.641582,-10.000000,-800.000000,4.070228,118.549322,0.003278
0.344000,0.050000,0.059973,-0.363282,13.252830,57.259596,0.981924,-10.000000,-800.000000,4.036712,118.954919,0.003288
0.345000,0.050000,0.059604,-0.374606,14.798959,56.872081,1.306443,-10.000000,-800.000000,3.917109,119.351792,0.003298
0.346000,0.050000,0.059225,-0.384141,16.405638,56.433447,1.613323,-10.000000,-800.000000,3.709639,119.731233,0.003307
0.347000,0.050000,0.058837,-0.391796,18.069607,55.935107,1.900729,-10.000000,-800.000000,3.510884,120.087680,0.003316
0.348000,0.050000,0.058442,-0.397477,19.795490,55.368230,2.166787,-10.000000,-800.000000,3.380019,120.431218,0.003324
0.349000,0.050000,0.058042,-0.401082,21.579330,54.723685,2.409556,-10.000000,-800.000000,3.166898,120.756558,0.003332
0.350000,0.050000,0.057640,-0.402510,23.414324,53.992026,2.627017,-10.000000,-800.000000,2.866936,121.055199,0.003340
0.351000,0.050000,0.057238,-0.401662,25.293016,53.163516,2.817100,-10.000000,-800.000000,2.474332,121.318104,0.003347
0.352000,0.050000,0.056838,-0.398440,27.207095,52.228194,2.977698,-10.000000,-800.000000,1.982532,121.535601,0.003354
0.353000,0.050000,0.056442,-0.392748,29.147220,51.148818,3.106677,-10.000000,-800.000000,1.872181,121.716094,0.003361
0.354000,0.050000,0.056053,-0.384437,31.102755,49.774478,3.201778,-10.000000,-800.000000,2.190700,121.923251,0.003367
0.355000,0.050000,0.055674,-0.373320,33.061423,48.102266,3.260349,-10.000000,-800.000000,2.501967,122.161857,0.003372
0.356000,0.050000,0.055308,-0.359237,35.009297,46.159604,3.279448,-10.000000,-800.000000,2.799548,122.430784,0.003378
0.357000,0.050000,0.054957,-0.342058,36.930912,43.978571,3.256077,-10.000000,-800.000000,3.077082,122.728265,0.003383
0.358000,0.050000,0.054625,-0.321690,38.809445,41.595045,3.187355,-10.000000,-800.000000,3.328625,123.051918,0.003387
0.359000,0.050000,0.054314,-0.298078,40.626962,39.047819,3.070661,-10.000000,-800.000000,3.549023,123.398816,0.003391
0.360000,0.050000,0.054030,-0.271206,42.364732,36.377700,2.903738,-10.000000,-800.000000,3.734293,123.765583,0.003396
0.361000,0.050000,0.053773,-0.241103,44.003599,33.626618,2.684770,-10.000000,-800.000000,3.882002,124.148542,0.003399
0.362000,0.050000,0.053548,-0.207837,45.524419,30.836753,2.412450,-10.000000,-800.000000,3.991614,124.543887,0.003403
0.363000,0.050000,0.053358,-0.171522,46.908534,28.049690,2.086016,-8.049690,-800.000000,4.064756,124.947892,0.003406
0.364000,0.050000,0.053206,-0.132308,48.138270,25.306523,1.705283,-6.111492,-800.000000,4.105351,125.357138,0.003409
0.365000,0.050000,0.053095,-0.090386,49.197446,22.650064,1.270653,-3.985685,-800.000000,4.119520,125.768736,0.003412
0.366000,0.050000,0.053026,-0.045986,50.071820,20.123259,0.783125,-1.723887,-800.000000,4.115147,126.180525,0.003416
0.367000,0.050000,0.053004,0.000550,50.749448,17.766997,0.244288,-0.000000,-800.000000,4.101028,126.591198,0.003419
0.368000,0.050000,0.053027,0.045674,51.228266,15.613325,-10.000000,0.335045,-800.000000,4.083830,127.000234,0.003422
0.369000,0.050000,0.053095,0.092324,51.504888,13.687454,-10.000000,0.945935,-800.000000,4.001014,127.404426,0.003425
0.370000,0.050000,0.053212,0.140207,51.558889,12.009347,-10.000000,1.589405,-800.000000,3.807269,127.793186,0.003428
0.371000,0.050000,0.053376,0.188940,51.371597,10.589605,-10.000000,2.265010,-800.000000,3.521353,128.156733,0.003431
0.372000,0.050000,0.053590,0.238121,50.927512,9.430546,-10.000000,2.970562,-800.000000,3.145206,128.486093,0.003435
0.373000,0.050000,0.053852,0.287333,50.212171,8.527545,-10.000000,3.702594,-800.000000,2.667458,128.771617,0.003439
0.374000,0.050000,0.054164,0.336155,49.210590,7.870711,-10.000000,4.456728,-800.000000,2.067944,129.001937,0.003443
0.375000,0.050000,0.054524,0.384155,47.906348,7.446782,-10.000000,5.227916,-800.000000,1.322075,129.163359,0.003447
0.376000,0.050000,0.054932,0.430893,46.281252,7.241112,-10.000000,6.010600,-800.000000,0.404337,129.239648,0.003452
0.377000,0.050000,0.055386,0.475918,44.293628,7.239472,-10.000000,6.798794,-800.000000,0.000000,129.243277,0.003458
0.378000,0.050000,0.055883,0.518707,41.850614,7.429400,-10.000000,7.586000,-800.000000,0.000000,129.243277,0.003464
0.379000,0.050000,0.056422,0.558704,38.961711,7.801032,-10.000000,8.364996,-800.000000,0.000000,129.243277,0.003470
0.380000,0.050000,0.056999,0.595383,35.657463,8.347612,-10.000000,9.128038,-800.000000,0.000000,129.243277,0.003477
0.381000,0.050000,0.057612,0.628255,31.980185,9.065636,-10.000000,9.867157,-800.000000,0.000000,129.243277,0.003485
0.382000,0.050000,0.058255,0.656882,27.983724,9.954738,-7.983724,10.000000,-800.000000,0.000000,129.243277,0.003493
0.383000,0.050000,0.058924,0.680882,23.734485,11.017280,-4.532858,10.000000,-800.000000,0.000000,129.243277,0.003502
0.384000,0.050000,0.059615,0.699945,19.315905,12.257348,-0.487726,10.000000,-800.000000,0.000000,129.243277,0.003511
0.385000,0.050000,0.060322,0.713852,14.829442,13.680161,-0.000000,10.000000,-800.000000,0.000000,129.243277,0.003522
0.386000,0.050000,0.061041,0.722483,10.390133,15.291801,-0.000000,10.000000,-800.000000,0.000000,129.243277,0.003533
0.387000,0.050000,0.061765,0.725836,6.120739,17.099148,-0.000000,10.000000,-800.000000,0.050797,129.244547,0.003545
0.388000,0.050000,0.062491,0.724019,2.169077,19.164595,-0.000000,10.000000,-800.000000,2.115805,129.379724,0.003557
0.389000,0.050000,0.063212,0.717418,0.000000,21.517643,-0.000000,10.000000,-800.000000,4.029752,129.712247,0.003570
0.390000,0.050000,0.063925,0.708498,0.000000,24.124319,-0.000000,10.000000,-800.000000,5.758008,130.224814,0.003584
0.391000,0.050000,0.064628,0.698008,0.000000,26.950066,-0.000000,10.000000,-800.000000,7.270195,130.896923,0.003599
0.392000,0.050000,0.065320,0.685833,0.000000,29.955898,-0.000000,10.000000,-800.000000,8.540231,131.705303,0.003614
0.393000,0.050000,0.065999,0.671883,0.000000,33.098926,-0.000000,10.000000,-800.000000,9.546220,132.624339,0.003630
0.394000,0.050000,0.066663,0.656093,0.000000,36.333032,-0.000000,10.000000,-800.000000,10.270111,133.626470,0.003647
0.395000,0.050000,0.067311,0.638424,0.000000,39.609476,-0.000000,10.000000,-800.000000,10.697104,134.682539,0.003664
0.396000,0.050000,0.067940,0.618868,0.000000,42.877399,-0.000000,10.000000,-800.000000,10.814697,135.762061,0.003682
0.397000,0.050000,0.068548,0.597447,0.000000,46.084143,-0.000000,10.000000,-800.000000,10.611135,136.833365,0.003701
0.398000,0.050000,0.069134,0.574212,0.000000,49.175259,-0.000000,10.000000,-800.000000,10.072750,137.863511,0.003720
0.399000,0.050000,0.069696,0.549249,0.000000,52.093962,-0.000000,10.000000,-800.000000,9.178770,138.817805,0.003739
0.400000,0.050000,0.070232,0.522675,0.000000,54.779373,-0.000000,10.000000,-800.000000,7.889264,139.658423,0.003760
0.401000,0.050000,0.070741,0.494647,0.000000,57.161508,-0.000000,10.000000,-800.000000,6.108477,140.340558,0.003780
0.402000,0.050000,0.071221,0.465366,0.000000,59.143016,-0.000000,10.000000,-800.000000,3.492352,140.797663,0.003802
0.403000,0.050000,0.071671,0.435138,0.000000,60.384537,-0.000000,10.000000,-800.000000,0.000000,140.886977,0.003823
0.404000,0.050000,0.072091,0.404442,0.000000,60.961986,-0.000000,10.000000,-800.000000,0.000000,140.886977,0.003845
0.405000,0.050000,0.072480,0.373509,0.000000,61.291666,-0.000000,10.000000,-800.000000,0.000000,140.886977,0.003868
0.406000,0.050000,0.072838,0.342454,0.000000,61.450888,-0.000000,10.000000,-800.000000,0.000000,140.886977,0.003891
0.407000,0.050000,0.073165,0.311364,0.000000,61.483451,-0.000000,10.000000,-800.000000,0.000000,140.886977,0.003914
0.408000,0.050000,0.073461,0.280300,0.000000,61.421451,-0.000000,10.000000,-800.000000,0.000000,140.886977,0.003937
0.409000,0.050000,0.073725,0.249309,0.000000,61.293123,-0.000000,10.000000,-800.000000,0.000000,140.886977,0.003961
0.410000,0.050000,0.073959,0.218418,0.000000,61.127554,-0.000000,10.000000,-800.000000,0.000000,140.886977,0.003985
0.411000,0.050000,0.074162,0.187642,0.000000,60.939076,-0.000000,10.000000,-800.000000,0.000000,140.886977,0.004009
0.412000,0.050000,0.074335,0.156989,0.000000,60.739639,-0.000000,10.000000,-800.000000,0.000000,140.886977,0.004033
0.413000,0.050000,0.074476,0.126459,0.000000,60.540641,-0.000000,10.000000,-800.000000,0.000000,140.886977,0.004058
0.414000,0.050000,0.074588,0.096047,0.000000,60.353497,-0.000000,10.000000,-800.000000,0.000000,140.886977,0.004083
0.415000,0.050000,0.074669,0.065736,0.000000,60.190450,-0.000000,10.000000,-800.000000,0.000000,140.886977,0.004107
0.416000,0.050000,0.074719,0.035506,0.000000,60.066227,-0.000000,10.000000,-800.000000,0.000000,140.886977,0.004132
0.417000,0.050000,0.074740,0.005322,0.000000,60.002248,-0.000000,9.754526,-800.000000,0.000000,140.886977,0.004157
0.418000,0.050000,0.074731,-0.021983,0.053023,59.984872,-0.000000,9.237428,-800.000000,0.432347,140.914501,0.004181
0.419000,0.050000,0.074696,-0.048586,0.200829,59.959458,-0.000000,8.768541,-800.000000,0.816983,140.981875,0.004206
0.420000,0.050000,0.074634,-0.074997,0.447642,59.921785,-0.000000,8.328793,-800.000000,1.193031,141.087123,0.004231
0.421000,0.050000,0.074546,-0.101107,0.796688,59.871556,-0.000000,7.905229,-800.000000,1.563906,141.229643,0.004255
0.422000,0.050000,0.074432,-0.126802,1.250180,59.809000,-0.000000,7.490257,-800.000000,1.929627,141.408941,0.004280
0.423000,0.050000,0.074292,-0.151971,1.809428,59.734447,-0.000000,7.079782,-800.000000,2.287182,141.624322,0.004304
0.424000,0.050000,0.074128,-0.176498,2.474858,59.648118,-0.000000,6.671921,-800.000000,2.634793,141.874851,0.004328
0.425000,0.050000,0.073940,-0.200270,3.246026,59.550262,-0.000000,6.266186,-800.000000,2.970598,142.159418,0.004352
0.426000,0.050000,0.073728,-0.223176,4.121634,59.441134,-0.000000,5.862966,-800.000000,3.292617,142.476719,0.004376
0.427000,0.050000,0.073494,-0.245107,5.099545,59.320976,-0.000000,5.463206,-800.000000,3.598872,142.825253,0.004399
0.428000,0.050000,0.073238,-0.265955,6.176816,59.190022,-0.000000,5.068197,-800.000000,3.887443,143.203321,0.004423
0.429000,0.050000,0.072962,-0.285618,7.349726,59.048494,-0.000000,4.679440,-800.000000,4.156499,143.609040,0.004445
0.430000,0.050000,0.072667,-0.303997,8.614697,58.896608,-0.000000,4.298562,-800.000000,4.468185,144.042297,0.004468
0.431000,0.050000,0.072355,-0.320992,9.977597,58.734591,-0.000000,3.927266,-800.000000,4.874759,144.514933,0.004490
0.432000,0.050000,0.072026,-0.336504,11.432674,58.562701,-0.000000,3.567326,-800.000000,5.229478,145.024982,0.004513
0.433000,0.050000,0.071682,-0.350440,12.969652,58.381234,-0.000000,3.220554,-800.000000,5.532884,145.567291,0.004534
0.434000,0.050000,0.071325,-0.362721,14.578165,58.190520,-0.000000,2.888745,-800.000000,5.785784,146.136776,0.004556
0.435000,0.050000,0.070957,-0.373276,16.247810,57.990928,-0.987856,2.573634,-800.000000,5.989236,146.728452,0.004576
0.436000,0.050000,0.070579,-0.382045,17.967440,57.782874,-2.417699,2.276880,-800.000000,6.129100,147.336721,0.004597
0.437000,0.050000,0.070194,-0.388981,19.722178,57.566826,-4.036761,2.000033,-800.000000,6.173348,147.953275,0.004617
0.438000,0.050000,0.069802,-0.394056,21.492198,57.343298,-5.828444,1.744508,-800.000000,6.088392,148.566429,0.004637
0.439000,0.050000,0.069406,-0.397263,23.253036,57.112848,-7.769741,1.511534,-800.000000,5.844393,149.161363,0.004656
0.440000,0.050000,0.069008,-0.398620,24.976263,56.876050,-9.831496,1.302099,-800.000000,5.447542,149.721341,0.004675
0.441000,0.050000,0.068610,-0.398176,26.635553,56.633473,-10.000000,1.116892,-800.000000,5.397580,150.263183,0.004694
0.442000,0.050000,0.068212,-0.396004,28.198261,56.385664,-10.000000,0.956266,-800.000000,5.321273,150.798373,0.004712
0.443000,0.050000,0.067818,-0.392216,29.627580,56.133102,-10.000000,0.820188,-800.000000,5.220082,151.324364,0.004730
0.444000,0.050000,0.067428,-0.386957,30.890054,55.876158,-10.000000,0.708180,-800.000000,5.095782,151.838776,0.004748
0.445000,0.050000,0.067045,-0.380404,31.956474,55.615054,-10.000000,0.619291,-800.000000,4.950430,152.339426,0.004765
0.446000,0.050000,0.066668,-0.372759,32.802529,55.349831,-10.000000,0.552103,-800.000000,4.786325,152.824349,0.004781
0.447000,0.050000,0.066299,-0.364246,33.409301,55.080318,-10.000000,0.504745,-800.000000,4.605949,153.291825,0.004798
0.448000,0.050000,0.065940,-0.355105,33.763597,54.806112,-10.000000,0.474940,-800.000000,4.411910,153.740389,0.004813
0.449000,0.050000,0.065589,-0.345584,33.858108,54.526562,-10.000000,0.460054,-800.000000,4.206879,154.168841,0.004829
0.450000,0.050000,0.065249,-0.335937,33.691416,54.240759,-10.000000,0.457162,-800.000000,3.993526,154.576249,0.004844
0.451000,0.050000,0.064917,-0.326414,33.267843,53.947529,-10.000000,0.463117,-800.000000,3.774460,154.961945,0.004859
0.452000,0.050000,0.064596,-0.317259,32.597168,53.645441,-10.000000,0.474622,-800.000000,3.552172,155.325514,0.004874
0.453000,0.050000,0.064283,-0.308701,31.694223,53.332811,-10.000000,0.488314,-800.000000,3.328985,155.666780,0.004888
0.454000,0.050000,0.063978,-0.300952,30.578385,53.007715,-10.000000,0.500835,-800.000000,3.107007,155.985788,0.004902
0.455000,0.050000,0.063680,-0.294202,29.272981,52.668013,-10.000000,0.508905,-800.000000,2.888099,156.282776,0.004916
0.456000,0.050000,0.063389,-0.288615,27.804635,52.311375,-10.000000,0.509402,-800.000000,2.673846,156.558154,0.004929
0.457000,0.050000,0.063103,-0.284326,26.202550,51.935303,-10.000000,0.499418,-800.000000,2.465533,156.812468,0.004942
0.458000,0.050000,0.062820,-0.281440,24.497769,51.537177,-8.709001,0.476322,-800.000000,2.264135,157.046377,0.004955
0.459000,0.050000,0.062539,-0.280027,22.723118,51.114281,-7.370362,0.437813,-800.000000,2.070308,157.260615,0.004968
0.460000,0.050000,0.062259,-0.280124,20.914850,50.663853,-5.835343,0.381962,-800.000000,1.884385,157.455963,0.004980
0.461000,0.050000,0.061979,-0.281726,19.111424,50.183130,-4.139019,0.307268,-800.000000,1.706377,157.633215,0.004992
0.462000,0.050000,0.061696,-0.284793,17.351722,49.669407,-2.320340,0.212700,-800.000000,1.535977,157.793145,0.005004
0.463000,0.050000,0.061409,-0.289243,15.673205,49.120091,-0.420346,0.097738,-800.000000,1.372561,157.936478,0.005015
0.464000,0.050000,0.061117,-0.294957,14.110097,48.532754,-0.000000,0.000000,-800.000000,1.215205,158.063856,0.005026
0.465000,0.050000,0.060818,-0.301784,12.691144,47.905188,0.192789,-10.000000,-800.000000,1.062929,158.175823,0.005037
0.466000,0.050000,0.060513,-0.309548,11.436322,47.232255,0.366753,-10.000000,-800.000000,0.850753,158.269819,0.005047
0.467000,0.050000,0.060199,-0.318050,10.356578,46.496569,0.557974,-10.000000,-800.000000,0.518217,158.335029,0.005058
0.468000,0.050000,0.059876,-0.327073,9.455041,45.678841,0.764503,-10.000000,-800.000000,0.070529,158.359753,0.005067
0.469000,0.050000,0.059545,-0.336388,8.728570,44.738456,0.984016,-10.000000,-800.000000,0.000000,158.359753,0.005077
0.470000,0.050000,0.059204,-0.345736,8.169347,43.621391,1.213811,-10.000000,-800.000000,0.000000,158.359753,0.005086
0.471000,0.050000,0.058853,-0.354851,7.766437,42.316079,1.450816,-10.000000,-800.000000,0.000000,158.359753,0.005095
0.472000,0.050000,0.058494,-0.363476,7.507279,40.817156,1.691692,-10.000000,-800.000000,0.000000,158.359753,0.005104
0.473000,0.050000,0.058127,-0.371362,7.378916,39.124788,1.932943,-10.000000,-800.000000,0.000000,158.359753,0.005112
0.474000,0.050000,0.057752,-0.378277,7.368919,37.244420,2.171013,-10.000000,-800.000000,0.000000,158.359753,0.005119
0.475000,0.050000,0.057370,-0.384004,7.465982,35.186467,2.402355,-10.000000,-800.000000,0.000000,158.359753,0.005127
0.476000,0.050000,0.056984,-0.388344,7.660219,32.965945,2.623495,-10.000000,-800.000000,0.000000,158.359753,0.005134
0.477000,0.050000,0.056594,-0.391118,7.943233,30.602069,2.831071,-10.000000,-800.000000,0.000000,158.359753,0.005140
0.478000,0.050000,0.056203,-0.392166,8.308027,28.117818,3.021874,-8.117818,-800.000000,0.000000,158.359753,0.005147
0.479000,0.050000,0.055811,-0.391349,8.748822,25.540357,3.192877,-6.352139,-800.000000,0.000000,158.359753,0.005152
0.480000,0.050000,0.055420,-0.388549,9.260836,22.903458,3.341260,-4.269275,-800.000000,0.000000,158.359753,0.005158
0.481000,0.050000,0.055034,-0.383678,9.840061,20.246151,3.464448,-1.902314,-800.000000,0.000000,158.359753,0.005163
0.482000,0.050000,0.054654,-0.376670,10.483058,17.610968,3.560147,-0.000000,-800.000000,0.000000,158.359753,0.005168
0.483000,0.050000,0.054282,-0.367492,11.186774,15.041806,3.626374,-0.000000,-800.000000,0.000000,158.359753,0.005172
0.484000,0.050000,0.053920,-0.356135,11.948377,12.580327,3.661488,-0.000000,-800.000000,0.000000,158.359753,0.005176
0.485000,0.050000,0.053570,-0.342619,12.765106,10.262022,3.664204,-0.000000,-800.000000,0.000000,158.359753,0.005179
0.486000,0.050000,0.053235,-0.326981,13.634128,8.115874,3.633583,-0.000000,-800.000000,0.000000,158.359753,0.005183
0.487000,0.050000,0.052917,-0.309278,14.552391,6.165035,3.569014,-0.000000,-800.000000,0.000000,158.359753,0.005185
0.488000,0.050000,0.052617,-0.289584,15.516491,4.427721,3.470184,-0.000000,-800.000000,0.000000,158.359753,0.005188
0.489000,0.050000,0.052338,-0.267982,16.522532,2.918453,3.337053,-0.000000,-800.000000,0.000000,158.359753,0.005190
0.490000,0.050000,0.052082,-0.244568,17.567365,1.650127,3.169824,-0.000000,-800.000000,0.272172,158.366557,0.005193
0.491000,0.050000,0.051850,-0.219432,18.691169,0.639082,2.968898,-0.000000,-800.000000,1.672069,158.482158,0.005194
0.492000,0.050000,0.051643,-0.192647,19.897577,0.000000,2.734717,-0.000000,-800.000000,2.953471,158.730410,0.005196
0.493000,0.050000,0.051465,-0.164463,21.162533,0.000000,2.468085,-0.000000,-800.000000,4.109282,159.098997,0.005197
0.494000,0.050000,0.051315,-0.135017,22.462084,0.000000,2.170570,-0.000000,-800.000000,5.135018,159.575060,0.005199
0.495000,0.050000,0.051195,-0.104283,23.771772,0.000000,1.843198,-0.000000,-800.000000,6.028775,160.145453,0.005200
0.496000,0.050000,0.051107,-0.072259,25.066992,0.000000,1.486397,-0.000000,-800.000000,6.791123,160.796996,0.005201
0.497000,0.050000,0.051051,-0.038964,26.323430,0.000000,1.100305,-0.000000,-800.000000,7.424868,161.516705,0.005202
0.498000,0.050000,0.051029,-0.004450,27.517465,0.000000,0.685001,-0.000000,-800.000000,7.934719,162.292003,0.005203
0.499000,0.050000,0.051041,0.028220,28.632133,0.027674,0.247176,-0.000000,-800.000000,8.326112,163.110843,0.005204
0.500000,0.350000,0.051086,0.061472,29.654992,0.102990,10.000000,-0.000000,-800.000000,8.604883,163.961728,0.005503
0.501000,0.350000,0.051165,0.095639,30.572836,0.233304,10.000000,-0.000000,-800.000000,8.911203,164.840146,0.005802
0.502000,0.350000,0.051278,0.130585,31.397878,0.425547,10.000000,-0.000000,-800.000000,9.359096,165.758259,0.006101
0.503000,0.350000,0.051426,0.166182,32.145705,0.686075,10.000000,-0.000000,-800.000000,9.922695,166.728583,0.006399
0.504000,0.350000,0.051610,0.202317,32.828913,1.020909,10.000000,-0.000000,-800.000000,10.579366,167.761248,0.006698
0.505000,0.350000,0.051831,0.238884,33.457496,1.435760,10.000000,-0.000000,-800.000000,11.309270,168.864303,0.006996
0.506000,0.350000,0.052088,0.275781,34.039199,1.935990,10.000000,-0.000000,-800.000000,12.095050,170.043967,0.007294
0.507000,0.350000,0.052382,0.312912,34.579841,2.526573,10.000000,-0.000000,-800.000000,12.921590,171.304866,0.007591
0.508000,0.350000,0.052714,0.350184,35.083610,3.212046,10.000000,-0.000000,-800.000000,13.775838,172.650245,0.007889
0.509000,0.350000,0.053083,0.387503,35.553343,3.996463,10.000000,-0.000000,-800.000000,14.646653,174.082165,0.008186
0.510000,0.350000,0.053489,0.424779,35.990790,4.883358,10.000000,-0.000000,-800.000000,15.524665,175.601682,0.008482
0.511000,0.350000,0.053932,0.461918,36.396862,5.875709,10.000000,-0.000000,-800.000000,16.402145,177.209021,0.008778
0.512000,0.350000,0.054413,0.498828,36.771859,6.975914,10.000000,-0.000000,-800.000000,17.272854,178.903729,0.009074
0.513000,0.350000,0.054930,0.535413,37.115680,8.185768,10.000000,-0.000000,-800.000000,18.131896,180.684812,0.009369
0.514000,0.350000,0.055483,0.571580,37.428011,9.506451,10.000000,-0.000000,-800.000000,18.975544,182.550862,0.009663
0.515000,0.350000,0.056073,0.607231,37.708480,10.938524,10.000000,-0.000000,-800.000000,19.801073,184.500162,0.009957
0.516000,0.350000,0.056698,0.642271,37.956795,12.481927,10.000000,-0.000000,-800.000000,20.606575,186.530775,0.010251
0.517000,0.350000,0.057357,0.676604,38.172848,14.135989,10.000000,-1.627561,-800.000000,21.390789,188.640616,0.010543
0.518000,0.350000,0.058051,0.710134,38.356794,15.898853,10.000000,-3.091985,-800.000000,22.152929,190.827503,0.010835
0.519000,0.350000,0.058777,0.742768,38.509102,17.765115,10.000000,-4.828401,-800.000000,22.892534,193.089199,0.011126
0.520000,0.350000,0.059536,0.774418,38.630571,19.725141,10.000000,-6.836759,-800.000000,23.609342,195.423431,0.011417
0.521000,0.350000,0.060326,0.805005,38.722323,21.764402,10.000000,-9.111219,-800.000000,24.303187,197.827911,0.011706
0.522000,0.350000,0.061145,0.834460,38.785770,23.862695,10.000000,-10.000000,-800.000000,24.973933,200.300332,0.011995
0.523000,0.350000,0.061994,0.862728,38.822551,25.994237,10.000000,-10.000000,-800.000000,25.621433,202.838376,0.012283
0.524000,0.350000,0.062870,0.889774,38.834463,28.130781,10.000000,-10.000000,-800.000000,26.245527,205.439709,0.012570
0.525000,0.350000,0.063773,0.915579,38.823377,30.244459,10.000000,-10.000000,-800.000000,26.846052,208.101979,0.012857
0.526000,0.350000,0.064701,0.940144,38.791170,32.308775,10.000000,-10.000000,-800.000000,27.422867,210.822821,0.013142
0.527000,0.350000,0.065653,0.963485,38.739653,34.299128,10.000000,-10.000000,-800.000000,27.975890,213.599858,0.013426
0.528000,0.350000,0.066628,0.985632,38.670515,36.193246,10.000000,-10.000000,-800.000000,28.505126,216.430710,0.013710
0.529000,0.350000,0.067624,1.006633,38.585282,37.971529,10.000000,-10.000000,-800.000000,29.010704,219.313005,0.013992
0.530000,0.350000,0.068641,1.026543,38.485279,39.617299,10.000000,-10.000000,-800.000000,29.492903,222.244394,0.014273
0.531000,0.350000,0.069677,1.045431,38.371610,41.116956,10.000000,-10.000000,-800.000000,29.952166,225.222565,0.014554
0.532000,0.350000,0.070731,1.063371,38.245149,42.460037,10.000000,-10.000000,-800.000000,30.389116,228.245262,0.014833
0.533000,0.350000,0.071803,1.080445,38.106534,43.639205,10.000000,-10.000000,-800.000000,30.804558,231.310304,0.015111
0.534000,0.350000,0.072892,1.096737,37.956178,44.650153,10.000000,-10.000000,-800.000000,31.199470,234.415598,0.015388
0.535000,0.350000,0.073996,1.112335,37.794280,45.491456,10.000000,-10.000000,-800.000000,31.574994,237.559161,0.015664
0.536000,0.350000,0.075116,1.127325,37.620847,46.164368,10.000000,-10.000000,-800.000000,31.932413,240.739136,0.015939
0.537000,0.350000,0.076251,1.141791,37.429461,46.672575,10.000000,-10.000000,-800.000000,32.116075,243.945442,0.016213
0.538000,0.350000,0.077400,1.155800,37.201119,47.021899,10.000000,-10.000000,-800.000000,32.278194,247.166990,0.016486
0.539000,0.350000,0.078562,1.169406,36.939489,47.219978,10.000000,-10.000000,-800.000000,32.462952,250.406195,0.016757
0.540000,0.350000,0.079738,1.182663,36.649150,47.275974,10.000000,-10.000000,-800.000000,32.666759,253.665091,0.017027
0.541000,0.350000,0.080928,1.195626,36.333972,47.200286,10.000000,-10.000000,-800.000000,32.886574,256.945391,0.017296
0.542000,0.350000,0.082130,1.208345,35.997198,47.004272,10.000000,-10.000000,-800.000000,33.119838,260.248532,0.017564
0.543000,0.350000,0.083344,1.220866,35.641531,46.699970,10.000000,-10.000000,-800.000000,33.364418,263.575721,0.017831
0.544000,0.350000,0.084571,1.233231,35.269205,46.299844,10.000000,-10.000000,-800.000000,33.618547,266.927977,0.018096
0.545000,0.350000,0.085811,1.245476,34.882061,45.816543,10.000000,-10.000000,-800.000000,33.880769,270.306162,0.018360
0.546000,0.350000,0.087062,1.257633,34.481608,45.262686,10.000000,-10.000000,-800.000000,34.149886,273.711009,0.018623
0.547000,0.350000,0.088326,1.269726,34.069085,44.650666,10.000000,-10.000000,-800.000000,34.424915,277.143144,0.018885
0.548000,0.350000,0.089602,1.281775,33.645513,43.992484,10.000000,-10.000000,-800.000000,34.705043,280.603107,0.019146
0.549000,0.350000,0.090889,1.293792,33.211742,43.299603,10.000000,-10.000000,-800.000000,34.989592,284.091363,0.019405
0.550000,0.350000,0.092189,1.305784,32.768491,42.582835,10.000000,-10.000000,-800.000000,35.277989,287.608319,0.019662
0.551000,0.350000,0.093501,1.317753,32.316387,41.852245,10.000000,-10.000000,-800.000000,35.569736,291.154328,0.019919
0.552000,0.350000,0.094825,1.329697,31.855997,41.117087,10.000000,-10.000000,-800.000000,35.864392,294.729696,0.020174
0.553000,0.350000,0.096160,1.341608,31.387849,40.385749,10.000000,-10.000000,-800.000000,36.161551,298.334690,0.020428
0.554000,0.350000,0.097508,1.353473,30.912460,39.665735,10.000000,-10.000000,-800.000000,36.460829,301.969535,0.020680
0.555000,0.350000,0.098867,1.365278,30.430350,38.963652,10.000000,-10.000000,-800.000000,36.761849,305.634420,0.020932
0.556000,0.350000,0.100238,1.377001,29.942061,38.299200,10.000000,-10.000000,-800.000000,37.064236,309.329494,0.021181
0.557000,0.350000,0.101621,1.388606,29.448210,37.700808,10.000000,-10.000000,-800.000000,37.367578,313.054871,0.021430
0.558000,0.350000,0.103016,1.400049,28.949532,37.165398,10.000000,-10.000000,-800.000000,37.671407,316.810616,0.021677
0.559000,0.350000,0.104421,1.411290,28.446854,36.689190,10.000000,-10.000000,-800.000000,37.975212,320.596747,0.021922
0.560000,0.350000,0.105838,1.422293,27.941089,36.268458,10.000000,-10.000000,-800.000000,38.278450,324.413227,0.022166
0.561000,0.350000,0.107266,1.433024,27.433211,35.899547,10.000000,-10.000000,-800.000000,38.580556,328.259965,0.022409
0.562000,0.350000,0.108704,1.443453,26.924242,35.578881,10.000000,-10.000000,-800.000000,38.880957,332.136811,0.022650
0.563000,0.350000,0.110153,1.453553,26.415239,35.302979,10.000000,-10.000000,-800.000000,39.179074,336.043560,0.022890
0.564000,0.350000,0.111611,1.463298,25.907283,35.068461,10.000000,-10.000000,-800.000000,39.474334,339.979945,0.023129
0.565000,0.350000,0.113079,1.472667,25.401462,34.872057,10.000000,-10.000000,-800.000000,39.766174,343.945647,0.023366
0.566000,0.350000,0.114556,1.481643,24.898866,34.710616,10.000000,-10.000000,-800.000000,40.054047,347.940290,0.023601
0.567000,0.350000,0.116042,1.490209,24.400576,34.581108,10.000000,-10.000000,-800.000000,40.337426,351.963443,0.023835
0.568000,0.350000,0.117536,1.498353,23.907654,34.480630,10.000000,-10.000000,-800.000000,40.615807,356.014625,0.024067
0.569000,0.350000,0.119039,1.506064,23.421137,34.406408,10.000000,-10.000000,-800.000000,40.888712,360.093307,0.024298
0.570000,0.350000,0.120548,1.513335,22.942029,34.355801,10.000000,-10.000000,-800.000000,41.155692,364.198913,0.024528
0.571000,0.350000,0.122065,1.520161,22.471296,34.326299,10.000000,-10.000000,-800.000000,41.416330,368.330823,0.024756
0.572000,0.350000,0.123589,1.526539,22.009859,34.315526,10.000000,-10.000000,-800.000000,41.670238,372.488379,0.024982
0.573000,0.350000,0.125118,1.532469,21.558592,34.321235,10.000000,-10.000000,-800.000000,41.917063,376.670886,0.025207
0.574000,0.350000,0.126653,1.537951,21.118315,34.341314,10.000000,-10.000000,-800.000000,42.156484,380.877615,0.025430
0.575000,0.350000,0.128194,1.542991,20.689792,34.373778,10.000000,-10.000000,-800.000000,42.388214,385.107808,0.025652
0.576000,0.350000,0.129739,1.547592,20.273729,34.416767,10.000000,-10.000000,-800.000000,42.612001,389.360679,0.025873
0.577000,0.350000,0.131289,1.551763,19.870769,34.468548,10.000000,-10.000000,-800.000000,42.827626,393.635420,0.026091
0.578000,0.350000,0.132843,1.555511,19.481493,34.527509,10.000000,-10.000000,-800.000000,43.034901,397.931203,0.026308
0.579000,0.350000,0.134400,1.558847,19.106419,34.592154,10.000000,-10.000000,-800.000000,43.233676,402.247184,0.026524
0.580000,0.350000,0.135960,1.561783,18.745998,34.661104,10.000000,-10.000000,-800.000000,43.423827,406.582504,0.026738
0.581000,0.350000,0.137523,1.564330,18.400615,34.733090,10.000000,-10.000000,-800.000000,43.605267,410.936295,0.026951
0.582000,0.350000,0.139089,1.566502,18.070591,34.806950,10.000000,-10.000000,-800.000000,43.777935,415.307682,0.027161
0.583000,0.350000,0.140656,1.568315,17.756180,34.881628,10.000000,-10.000000,-800.000000,43.941803,419.695786,0.027371
0.584000,0.350000,0.142225,1.569782,17.457575,34.956163,10.000000,-10.000000,-800.000000,44.096870,424.099726,0.027579
0.585000,0.350000,0.143796,1.570921,17.174903,35.029694,10.000000,-10.000000,-800.000000,44.243163,428.518625,0.027785
0.586000,0.350000,0.145367,1.571748,16.908229,35.101451,10.000000,-10.000000,-800.000000,44.380733,432.951607,0.027989
0.587000,0.350000,0.146939,1.572280,16.657559,35.170748,10.000000,-10.000000,-800.000000,44.509660,437.397806,0.028192
0.588000,0.350000,0.148511,1.572534,16.422842,35.236988,10.000000,-10.000000,-800.000000,44.630044,441.856362,0.028394
0.589000,0.350000,0.150084,1.572527,16.203969,35.299648,10.000000,-10.000000,-800.000000,44.742010,446.326430,0.028594
0.590000,0.350000,0.151656,1.572279,16.000779,35.358284,10.000000,-10.000000,-800.000000,44.845703,450.807175,0.028792
0.591000,0.350000,0.153229,1.571806,15.813060,35.412523,10.000000,-10.000000,-800.000000,44.941288,455.297782,0.028989
0.592000,0.350000,0.154800,1.571126,15.640552,35.462056,10.000000,-10.000000,-800.000000,45.028948,459.797451,0.029184
0.593000,0.350000,0.156371,1.570256,15.482951,35.506642,10.000000,-10.000000,-800.000000,45.108885,464.305401,0.029378
0.594000,0.350000,0.157940,1.569216,15.339911,35.546095,10.000000,-10.000000,-800.000000,45.181314,468.820874,0.029570
0.595000,0.350000,0.159509,1.568020,15.211045,35.580286,10.000000,-10.000000,-800.000000,45.246467,473.343134,0.029760
0.596000,0.350000,0.161076,1.566687,15.095934,35.609138,10.000000,-10.000000,-800.000000,45.304586,477.871467,0.029949
0.597000,0.350000,0.162642,1.565233,14.994126,35.632621,10.000000,-10.000000,-800.000000,45.355926,482.405186,0.030137
0.598000,0.350000,0.164207,1.563673,14.905139,35.650748,10.000000,-10.000000,-800.000000,45.400754,486.943630,0.030322
0.599000,0.350000,0.165770,1.562023,14.828466,35.663573,10.000000,-10.000000,-800.000000,45.439342,491.486165,0.030507
0.600000,0.350000,0.167331,1.560299,14.763580,35.671188,10.000000,-10.000000,-800.000000,45.471973,496.032184,0.030689
0.601000,0.350000,0.168890,1.558514,14.709935,35.673714,10.000000,-10.000000,-800.000000,45.498933,500.581110,0.030870
0.602000,0.350000,0.170448,1.556682,14.666967,35.671307,10.000000,-10.000000,-800.000000,45.520516,505.132393,0.031050
0.603000,0.350000,0.172004,1.554816,14.634102,35.664144,10.000000,-10.000000,-800.000000,45.537017,509.685514,0.031228
0.604000,0.350000,0.173558,1.552928,14.610758,35.652428,10.000000,-10.000000,-800.000000,45.548734,514.239985,0.031404
0.605000,0.350000,0.175110,1.551031,14.596345,35.636384,10.000000,-10.000000,-800.000000,45.555967,518.795344,0.031579
0.606000,0.350000,0.176660,1.549134,14.590272,35.616249,10.000000,-10.000000,-800.000000,45.559014,523.351163,0.031753
0.607000,0.350000,0.178208,1.547249,14.591946,35.592278,10.000000,-10.000000,-800.000000,45.558174,527.907041,0.031924
0.608000,0.350000,0.179754,1.545384,14.600779,35.564736,10.000000,-10.000000,-800.000000,45.553742,532.462608,0.032095
0.609000,0.350000,0.181299,1.543549,14.616185,35.533899,10.000000,-10.000000,-800.000000,45.546011,537.017524,0.032263
0.610000,0.350000,0.182841,1.541751,14.637588,35.500046,10.000000,-10.000000,-800.000000,45.535267,541.571476,0.032431
0.611000,0.350000,0.184382,1.539998,14.664421,35.463463,10.000000,-10.000000,-800.000000,45.521794,546.124181,0.032596
0.612000,0.350000,0.185921,1.538295,14.696130,35.424437,10.000000,-10.000000,-800.000000,45.505869,550.675383,0.032760
0.613000,0.350000,0.187459,1.536650,14.732172,35.383255,10.000000,-10.000000,-800.000000,45.487760,555.224854,0.032923
0.614000,0.350000,0.188995,1.535067,14.772023,35.340203,10.000000,-10.000000,-800.000000,45.467729,559.772392,0.033084
0.615000,0.350000,0.190529,1.533551,14.815173,35.295562,10.000000,-10.000000,-800.000000,45.446029,564.317821,0.033243
0.616000,0.350000,0.192062,1.532105,14.861133,35.249609,10.000000,-10.000000,-800.000000,45.422905,568.860988,0.033401
0.617000,0.350000,0.193593,1.530733,14.909433,35.202614,10.000000,-10.000000,-800.000000,45.398592,573.401768,0.033558
0.618000,0.350000,0.195123,1.529437,14.959622,35.154838,10.000000,-10.000000,-800.000000,45.373313,577.940054,0.033712
0.619000,0.350000,0.196652,1.528219,15.011274,35.106536,10.000000,-10.000000,-800.000000,45.347283,582.475763,0.033866
0.620000,0.350000,0.198180,1.527081,15.063984,35.057948,10.000000,-10.000000,-800.000000,45.320704,587.008834,0.034018
0.621000,0.350000,0.199706,1.526024,15.117369,35.009309,10.000000,-10.000000,-800.000000,45.293769,591.539223,0.034168
0.622000,0.350000,0.201232,1.525047,15.171070,34.960838,10.000000,-10.000000,-800.000000,45.266658,596.066906,0.034317
0.623000,0.350000,0.202756,1.524152,15.224753,34.912742,10.000000,-10.000000,-800.000000,45.239541,600.591876,0.034464
0.624000,0.350000,0.204280,1.523337,15.278107,34.865218,10.000000,-10.000000,-800.000000,45.212573,605.114143,0.034610
0.625000,0.350000,0.205803,1.522602,15.330845,34.818445,10.000000,-10.000000,-800.000000,45.185901,609.633731,0.034754
0.626000,0.350000,0.207325,1.521945,15.382703,34.772594,10.000000,-10.000000,-800.000000,45.159658,614.150677,0.034897
0.627000,0.350000,0.208847,1.521365,15.433442,34.727818,10.000000,-10.000000,-800.000000,45.133967,618.665032,0.035038
0.628000,0.350000,0.210368,1.520860,15.482845,34.684258,10.000000,-10.000000,-800.000000,45.108939,623.176859,0.035177
0.629000,0.350000,0.211889,1.520428,15.530719,34.642041,10.000000,-10.000000,-800.000000,45.084672,627.686230,0.035315
0.630000,0.350000,0.213409,1.520067,15.576891,34.601280,10.000000,-10.000000,-800.000000,45.061255,632.193227,0.035452
0.631000,0.350000,0.214929,1.519772,15.621212,34.562074,10.000000,-10.000000,-800.000000,45.038765,636.697939,0.035587
0.632000,0.350000,0.216448,1.519543,15.663553,34.524510,10.000000,-10.000000,-800.000000,45.017270,641.200464,0.035721
0.633000,0.350000,0.217968,1.519376,15.703804,34.488661,10.000000,-10.000000,-800.000000,44.996826,645.700905,0.035853
0.634000,0.350000,0.219487,1.519267,15.741876,34.454587,10.000000,-10.000000,-800.000000,44.977481,650.199370,0.035983
0.635000,0.350000,0.221006,1.519215,15.777697,34.422337,10.000000,-10.000000,-800.000000,44.959271,654.695971,0.036112
0.636000,0.350000,0.222526,1.519214,15.811214,34.391948,10.000000,-10.000000,-800.000000,44.942226,659.190823,0.036240
0.637000,0.350000,0.224045,1.519262,15.842390,34.363444,10.000000,-10.000000,-800.000000,44.926366,663.684045,0.036366
0.638000,0.350000,0.225564,1.519355,15.871204,34.336840,10.000000,-10.000000,-800.000000,44.911703,668.175756,0.036490
0.639000,0.350000,0.227084,1.519491,15.897647,34.312141,10.000000,-10.000000,-800.000000,44.898241,672.666076,0.036613
0.640000,0.350000,0.228603,1.519665,15.921729,34.289341,10.000000,-10.000000,-800.000000,44.885979,677.155124,0.036734
0.641000,0.350000,0.230123,1.519874,15.943467,34.268425,10.000000,-10.000000,-800.000000,44.874907,681.643021,0.036854
0.642000,0.350000,0.231643,1.520115,15.962893,34.249372,10.000000,-10.000000,-800.000000,44.865010,686.129884,0.036973
0.643000,0.350000,0.233163,1.520384,15.980049,34.232151,10.000000,-10.000000,-800.000000,44.856268,690.615829,0.037089
0.644000,0.350000,0.234684,1.520679,15.994987,34.216723,10.000000,-10.000000,-800.000000,44.848655,695.100972,0.037205
0.645000,0.350000,0.236205,1.520995,16.007768,34.203046,10.000000,-10.000000,-800.000000,44.842140,699.585422,0.037319
0.646000,0.350000,0.237726,1.521331,16.018458,34.191069,10.000000,-10.000000,-800.000000,44.836690,704.069287,0.037431
0.647000,0.350000,0.239247,1.521682,16.027135,34.180738,10.000000,-10.000000,-800.000000,44.832266,708.552671,0.037542
0.648000,0.350000,0.240769,1.522046,16.033879,34.171991,10.000000,-10.000000,-800.000000,44.828827,713.035675,0.037651
0.649000,0.350000,0.242291,1.522420,16.038776,34.164766,10.000000,-10.000000,-800.000000,44.826330,717.518395,0.037759
0.650000,0.350000,0.243814,1.522803,16.041917,34.158995,10.000000,-10.000000,-800.000000,44.824728,722.000921,0.037865
0.651000,0.350000,0.245337,1.523190,16.043396,34.154608,10.000000,-10.000000,-800.000000,44.823974,726.483340,0.037969
0.652000,0.350000,0.246860,1.523580,16.043310,34.151531,10.000000,-10.000000,-800.000000,44.824017,730.965734,0.038073
0.653000,0.350000,0.248384,1.523970,16.041759,34.149692,10.000000,-10.000000,-800.000000,44.824808,735.448180,0.038174
0.654000,0.350000,0.249908,1.524359,16.038843,34.149012,10.000000,-10.000000,-800.000000,44.826295,739.930748,0.038274
0.655000,0.350000,0.251433,1.524744,16.034663,34.149417,10.000000,-10.000000,-800.000000,44.828427,744.413506,0.038373
0.656000,0.350000,0.252958,1.525124,16.029321,34.150828,10.000000,-10.000000,-800.000000,44.831151,748.896515,0.038470
0.657000,0.350000,0.254483,1.525497,16.022918,34.153169,10.000000,-10.000000,-800.000000,44.834416,753.379830,0.038565
0.658000,0.350000,0.256009,1.525862,16.015553,34.156362,10.000000,-10.000000,-800.000000,44.838171,757.863503,0.038659
0.659000,0.350000,0.257535,1.526216,16.007326,34.160332,10.000000,-10.000000,-800.000000,44.842365,762.347579,0.038752
0.660000,0.350000,0.259061,1.526560,15.998333,34.165003,10.000000,-10.000000,-800.000000,44.846949,766.832099,0.038843
0.661000,0.350000,0.260588,1.526891,15.988669,34.170301,10.000000,-10.000000,-800.000000,44.851875,771.317099,0.038932
0.662000,0.350000,0.262115,1.527210,15.978427,34.176155,10.000000,-10.000000,-800.000000,44.857095,775.802611,0.039020
0.663000,0.350000,0.263642,1.527514,15.967695,34.182494,9.514355,-10.000000,-800.000000,44.862563,780.288660,0.039106
0.664000,0.350000,0.265170,1.527804,15.956221,34.189250,8.839311,-10.000000,-800.000000,44.860635,784.774909,0.039191
0.665000,0.350000,0.266698,1.528077,15.942058,34.196357,8.219631,-10.000000,-800.000000,44.834958,789.259621,0.039275
0.666000,0.350000,0.268226,1.528329,15.921117,34.203740,7.634996,-10.000000,-800.000000,44.770371,793.739431,0.039356
0.667000,0.350000,0.269755,1.528551,15.887668,34.211309,7.072353,-10.000000,-800.000000,44.656164,798.209751,0.039437
0.668000,0.350000,0.271283,1.528727,15.834868,34.218944,6.523597,-10.000000,-800.000000,44.484918,802.665132,0.039515
0.669000,0.350000,0.272812,1.528833,15.755156,34.226475,5.983771,-10.000000,-800.000000,44.251645,807.099543,0.039592
0.670000,0.350000,0.274341,1.528841,15.640565,34.233666,5.449932,-10.000000,-800.000000,43.953145,811.506570,0.039668
0.671000,0.350000,0.275870,1.528711,15.482947,34.240200,4.920432,-10.000000,-800.000000,43.587502,815.879561,0.039742
0.672000,0.350000,0.277398,1.528399,15.274146,34.245661,4.394481,-10.000000,-800.000000,43.153677,820.211732,0.039815
0.673000,0.350000,0.278926,1.527851,15.006118,34.249519,3.871869,-10.000000,-800.000000,42.651181,824.496231,0.039886
0.674000,0.350000,0.280454,1.527006,14.671016,34.251115,3.352795,-10.000000,-800.000000,42.079812,828.726176,0.039955
0.675000,0.350000,0.281980,1.525795,14.261238,34.249652,2.837761,-10.000000,-800.000000,41.439441,832.894674,0.040023
0.676000,0.350000,0.283505,1.524145,13.769453,34.244181,2.327503,-10.000000,-800.000000,40.729850,836.994810,0.040090
0.677000,0.350000,0.285028,1.521975,13.188605,34.233594,1.822947,-10.000000,-800.000000,39.950612,841.019639,0.040155
0.678000,0.350000,0.286549,1.519195,12.511904,34.216615,1.325183,-10.000000,-800.000000,39.101011,844.962153,0.040218
0.679000,0.350000,0.288067,1.515715,11.732805,34.191797,0.835447,-10.000000,-800.000000,38.179997,848.815253,0.040280
0.680000,0.350000,0.289580,1.511434,10.844984,34.157513,0.355104,-10.000000,-800.000000,37.186174,852.571714,0.040341
0.681000,0.350000,0.291089,1.506250,9.842317,34.111958,-0.000000,0.114356,-800.000000,36.117814,856.224148,0.040400
0.682000,0.350000,0.292592,1.500054,8.718936,34.058898,-0.000000,0.571327,-800.000000,34.974846,859.765071,0.040457
0.683000,0.350000,0.294089,1.492721,7.469820,34.023056,-0.000000,1.014069,-800.000000,33.764522,863.187388,0.040513
0.684000,0.350000,0.295577,1.484111,6.091830,34.030331,-0.000000,1.440653,-800.000000,32.498384,866.485103,0.040567
0.685000,0.350000,0.297057,1.474064,4.583789,34.102183,-0.000000,1.848919,-800.000000,31.186139,869.653252,0.040620
0.686000,0.350000,0.298525,1.462410,2.946317,34.256117,-0.000000,2.236467,-800.000000,29.836089,872.687753,0.040672
0.687000,0.350000,0.299981,1.448973,1.181700,34.506200,-0.000000,2.600676,-800.000000,28.455505,875.585288,0.040722
0.688000,0.350000,0.301422,1.433624,0.000000,34.863605,-0.000000,2.938761,-800.000000,26.893102,878.338001,0.040770
0.689000,0.350000,0.302848,1.417490,0.000000,35.339289,-0.000000,3.250676,-800.000000,25.068060,880.913033,0.040818
0.690000,0.350000,0.304257,1.401025,0.000000,35.945047,-0.000000,3.541408,-800.000000,23.275136,883.307493,0.040863
0.691000,0.350000,0.305650,1.384154,0.000000,36.691214,-0.000000,3.814781,-800.000000,21.523220,885.525160,0.040908
0.692000,0.350000,0.307025,1.366792,0.000000,37.586874,-0.000000,4.072802,-800.000000,19.819906,887.570619,0.040951
0.693000,0.350000,0.308383,1.348851,0.000000,38.640155,-0.000000,4.316217,-800.000000,18.171583,889.449138,0.040992
0.694000,0.350000,0.309723,1.330240,0.000000,39.858461,-0.000000,4.544941,-800.000000,16.583531,891.166554,0.041033
0.695000,0.350000,0.311043,1.310863,0.000000,41.248647,-0.000000,4.758336,-800.000000,15.060006,892.729168,0.041072
0.696000,0.350000,0.312344,1.290618,0.000000,42.817130,-0.000000,4.955386,-800.000000,13.604331,894.143648,0.041109
0.697000,0.350000,0.313624,1.269403,0.000000,44.569953,-0.000000,5.134808,-800.000000,12.218975,895.416940,0.041146
0.698000,0.350000,0.314883,1.247112,0.000000,46.512787,-0.000000,5.295119,-800.000000,10.905634,896.556186,0.041181
0.699000,0.350000,0.316118,1.223634,0.000000,48.650902,-0.000000,5.434685,-800.000000,9.665310,897.568656,0.041215
0.700000,0.350000,0.317330,1.198857,0.000000,50.989097,-0.000000,5.551741,-800.000000,8.498377,898.461681,0.041247
0.701000,0.350000,0.318516,1.172665,0.000000,53.531591,-0.000000,5.644419,-800.000000,7.404656,899.242591,0.041279
0.702000,0.350000,0.319674,1.144942,0.000000,56.281897,-0.000000,5.710752,-800.000000,6.383474,899.918669,0.041309
0.703000,0.350000,0.320805,1.115567,0.000000,59.242662,-0.000000,5.748691,-800.000000,5.433729,900.497105,0.041338
0.704000,0.350000,0.321905,1.084435,0.000000,62.320654,-0.000000,5.756122,-800.000000,4.553942,900.984951,0.041366
0.705000,0.350000,0.322973,1.051569,0.000000,65.237458,-0.000000,5.731199,-800.000000,3.742316,901.389094,0.041393
0.706000,0.350000,0.324008,1.017085,0.000000,67.935936,-0.000000,5.672918,-800.000000,2.996779,901.716222,0.041419
0.707000,0.350000,0.325007,0.981121,0.000000,70.390196,-0.000000,5.581100,-800.000000,2.315034,901.972802,0.041444
0.708000,0.350000,0.325970,0.943824,0.000000,72.584795,-0.000000,5.456193,-800.000000,1.694596,902.165059,0.041468
0.709000,0.350000,0.326894,0.905349,0.000000,74.511777,-0.000000,5.299109,-800.000000,1.132838,902.298961,0.041491
0.710000,0.350000,0.327780,0.865855,0.000000,76.169089,-0.000000,5.111092,-800.000000,0.627017,902.380205,0.041514
0.711000,0.350000,0.328626,0.825498,0.000000,77.559502,-0.000000,4.893628,-800.000000,0.174312,902.414209,0.041535
0.712000,0.350000,0.329431,0.784434,0.000000,78.689776,-0.000000,4.648358,-800.000000,0.000000,902.415936,0.041556
0.713000,0.350000,0.330194,0.742817,0.000000,79.569959,-0.000000,4.377042,-800.000000,0.000000,902.415936,0.041575
0.714000,0.350000,0.330916,0.700789,0.000000,80.212756,-0.000000,4.081495,-800.000000,0.000000,902.415936,0.041595
0.715000,0.350000,0.331596,0.658483,0.000000,80.632953,-0.000000,3.763533,-800.000000,0.000000,902.415936,0.041613
0.716000,0.350000,0.332233,0.616023,0.000000,80.846897,-0.000000,3.424945,-800.000000,0.000000,902.415936,0.041631
0.717000,0.350000,0.332828,0.573525,0.000000,80.872017,-0.000000,3.067462,-800.000000,0.000000,902.415936,0.041648
0.718000,0.350000,0.333380,0.531092,0.000000,80.726390,-0.000000,2.692744,-800.000000,0.000000,902.415936,0.041664
0.719000,0.350000,0.333890,0.488816,0.000000,80.428344,-0.000000,2.302363,-800.000000,0.000000,902.415936,0.041681
0.720000,0.350000,0.334358,0.446781,0.000000,79.996109,-0.000000,1.897791,-800.000000,0.000000,902.415936,0.041696
0.721000,0.350000,0.334784,0.405057,0.000000,79.447505,-0.000000,1.480389,-800.000000,0.000000,902.415936,0.041711
0.722000,0.350000,0.335168,0.363706,0.000000,78.799675,-0.000000,1.051404,-800.000000,0.000000,902.415936,0.041726
0.723000,0.350000,0.335511,0.322779,0.000000,78.068868,-0.000000,0.611966,-800.000000,0.000000,902.415936,0.041741
0.724000,0.350000,0.335814,0.282318,0.000000,77.270249,-0.000000,0.163083,-800.000000,0.000000,902.415936,0.041755
0.725000,0.350000,0.336076,0.242355,0.000000,76.417763,0.294352,-10.000000,-800.000000,0.000000,902.415936,0.041769
0.726000,0.350000,0.336299,0.202915,0.000000,75.527849,0.759563,-10.000000,-800.000000,0.000000,902.415936,0.041783
0.727000,0.350000,0.336482,0.164008,0.000000,74.628726,1.231900,-10.000000,-800.000000,0.000000,902.415936,0.041796
0.728000,0.350000,0.336627,0.125627,0.000000,73.745163,1.710871,-10.000000,-800.000000,0.000000,902.415936,0.041809
0.729000,0.350000,0.336734,0.087754,0.000000,72.894935,2.196165,-10.000000,-800.000000,0.000000,902.415936,0.041823
0.730000,0.350000,0.336803,0.050358,0.000000,72.089890,2.687648,-10.000000,-800.000000,0.000000,902.415936,0.041836
0.731000,0.350000,0.336835,0.013405,0.000000,71.337000,3.185343,-10.000000,-800.000000,0.000000,902.415936,0.041849
0.732000,0.350000,0.336830,-0.020946,0.043198,70.641339,3.685934,-10.000000,-800.000000,0.000000,902.415936,0.041862
0.733000,0.350000,0.336793,-0.053555,0.206397,70.010164,4.177983,-10.000000,-800.000000,0.000000,902.415936,0.041875
0.734000,0.350000,0.336723,-0.085621,0.493820,69.442297,4.664000,-10.000000,-800.000000,0.112477,902.418748,0.041889
0.735000,0.350000,0.336622,-0.117031,0.955258,68.934717,5.147066,-10.000000,-800.000000,0.768384,902.470272,0.041902
0.736000,0.350000,0.336490,-0.147622,1.621914,68.469798,5.628482,-10.000000,-800.000000,1.514565,902.593057,0.041916
0.737000,0.350000,0.336327,-0.177123,2.501397,67.685357,6.107928,-10.000000,-800.000000,2.346169,902.795846,0.041929
0.738000,0.350000,0.336136,-0.205067,3.599008,66.429907,6.583125,-10.000000,-800.000000,3.256061,903.086753,0.041943
0.739000,0.350000,0.335918,-0.230966,4.917170,64.721961,7.049926,-10.000000,-800.000000,4.234857,903.473038,0.041957
0.740000,0.350000,0.335675,-0.254348,6.455183,62.587943,7.502934,-10.000000,-800.000000,5.270939,903.960882,0.041972
0.741000,0.350000,0.335410,-0.274760,8.209003,60.061407,7.935988,-10.000000,-800.000000,6.350474,904.555167,0.041986
0.742000,0.350000,0.335126,-0.291775,10.171052,57.182166,8.342513,-10.000000,-800.000000,7.457477,905.259255,0.042001
0.743000,0.350000,0.334828,-0.305002,12.330071,53.995360,8.715786,-10.000000,-800.000000,8.573944,906.074782,0.042016
0.744000,0.350000,0.334518,-0.314092,14.671017,50.550486,9.049135,-10.000000,-800.000000,9.680086,907.001472,0.042032
0.745000,0.350000,0.334201,-0.318739,17.175018,46.900417,9.336108,-10.000000,-800.000000,10.754658,908.036973,0.042047
0.746000,0.350000,0.333882,-0.318694,19.819399,43.100416,9.570608,-10.000000,-800.000000,11.775420,909.176745,0.042064
0.747000,0.350000,0.333565,-0.313759,22.577795,39.207162,9.747013,-10.000000,-800.000000,12.719715,910.413990,0.042080
0.748000,0.350000,0.333256,-0.303802,25.420358,35.277815,9.860284,-10.000000,-800.000000,13.565175,911.739659,0.042097
0.749000,0.350000,0.332959,-0.288752,28.314082,31.369097,9.906057,-10.000000,-800.000000,14.290559,913.142529,0.042114
0.750000,0.350000,0.332680,-0.268603,31.223247,27.536415,9.880722,-7.536415,-800.000000,14.876700,914.609373,0.042131
0.751000,0.350000,0.332424,-0.243419,34.110002,23.834226,9.781493,-4.587868,-800.000000,15.307585,916.125238,0.042149
0.752000,0.350000,0.332195,-0.213331,36.935100,20.319189,9.606470,-1.456253,-800.000000,15.571521,917.673829,0.042167
0.753000,0.350000,0.331999,-0.178543,39.658793,17.048227,9.354689,-0.000000,-800.000000,15.662402,919.238020,0.042185
0.754000,0.350000,0.331839,-0.139325,42.241901,14.073827,9.026174,-0.000000,-800.000000,15.581033,920.800497,0.042203
0.755000,0.350000,0.331721,-0.096014,44.647023,11.437525,8.621951,-0.000000,-800.000000,15.336476,922.344531,0.042221
0.756000,0.350000,0.331649,-0.048994,46.839897,9.166221,8.144026,-0.000000,-800.000000,14.947347,923.854889,0.042239
0.757000,0.350000,0.331625,0.001217,48.790856,7.272291,7.595310,-0.000000,-800.000000,14.442874,925.318852,0.042258
0.758000,0.350000,0.331650,0.050922,50.482822,5.749664,6.988257,-0.000000,-800.000000,13.858658,926.727103,0.042276
0.759000,0.350000,0.331727,0.102919,51.905173,4.580884,6.333361,-0.000000,-800.000000,13.239298,928.074321,0.042294
0.760000,0.350000,0.331857,0.156780,53.049269,3.742815,5.631298,-0.000000,-800.000000,12.641121,929.360467,0.042312
0.761000,0.350000,0.332041,0.212041,53.915690,3.204048,4.884066,-0.000000,-800.000000,12.123106,930.591353,0.042330
0.762000,0.350000,0.332281,0.268259,54.513980,2.928676,4.095092,-0.000000,-800.000000,11.738364,931.778401,0.042348
0.763000,0.350000,0.332578,0.325033,54.861128,2.881134,3.268641,-0.000000,-800.000000,11.524107,932.937423,0.042366
0.764000,0.350000,0.332931,0.381999,54.978848,3.030750,2.409359,-0.000000,-800.000000,11.493894,934.086518,0.042383
0.765000,0.350000,0.333342,0.438831,54.890235,3.354388,1.521962,-0.000000,-800.000000,11.636116,935.243549,0.042399
0.766000,0.350000,0.333809,0.495240,54.616693,3.836713,0.611055,-0.000000,-800.000000,11.919349,936.423917,0.042415
0.767000,0.350000,0.334332,0.550964,54.175854,4.468867,-10.000000,0.318952,-800.000000,12.301157,937.639122,0.042431
0.768000,0.350000,0.334911,0.605756,53.578191,5.246751,-10.000000,1.263869,-800.000000,12.679322,938.893507,0.042446
0.769000,0.350000,0.335543,0.659378,52.820260,6.169828,-10.000000,2.219673,-800.000000,12.963715,940.180050,0.042461
0.770000,0.350000,0.336229,0.711583,51.893469,7.240600,-10.000000,3.182419,-800.000000,13.126912,941.487679,0.042474
0.771000,0.350000,0.336966,0.762113,50.786619,8.464033,-10.000000,4.148132,-800.000000,13.140569,942.802501,0.042487
0.772000,0.350000,0.337752,0.810694,49.485981,9.847134,-10.000000,5.112710,-800.000000,12.977457,944.107846,0.042500
0.773000,0.350000,0.338586,0.857035,47.975584,11.398708,-10.000000,6.071850,-800.000000,12.612439,945.384448,0.042511
0.774000,0.350000,0.339466,0.900819,46.237591,13.129215,-10.000000,7.020980,-800.000000,12.022910,946.610682,0.042522
0.775000,0.350000,0.340387,0.941707,44.252734,15.050682,-10.000000,7.955191,-800.000000,11.189028,947.762834,0.042531
0.776000,0.350000,0.341348,0.979334,42.000771,17.176644,-10.000000,8.869189,-800.000000,10.093869,948.815390,0.042540
0.777000,0.350000,0.342345,1.013305,39.460974,19.522084,-10.000000,9.757247,-800.000000,8.723594,949.741330,0.042548
0.778000,0.350000,0.343373,1.043196,36.612643,22.103365,-10.000000,10.000000,-800.000000,7.067610,950.512456,0.042554
0.779000,0.350000,0.344430,1.068553,33.435637,24.937839,-10.000000,10.000000,-800.000000,5.118741,951.099720,0.042560
0.780000,0.350000,0.345509,1.088893,29.910926,28.045119,-9.910926,10.000000,-800.000000,3.653430,951.504390,0.042564
0.781000,0.350000,0.346605,1.103705,26.021212,31.434977,-7.012305,10.000000,-800.000000,2.487413,951.800395,0.042568
0.782000,0.350000,0.347714,1.112477,21.781709,35.068350,-3.374923,10.000000,-800.000000,3.343633,952.091812,0.042570
0.783000,0.350000,0.348828,1.114787,17.290136,38.892451,-0.000000,10.000000,-800.000000,4.296971,952.487800,0.042571
0.784000,0.350000,0.349941,1.110347,12.653961,42.845050,-0.000000,10.000000,-800.000000,4.962125,952.961537,0.042571
0.785000,0.350000,0.351047,1.099023,7.994841,46.854178,-0.000000,10.000000,-800.000000,5.279609,953.480575,0.042572
0.786000,0.350000,0.352137,1.080849,3.449896,50.836562,-0.000000,10.000000,-800.000000,5.170402,954.005445,0.042574
0.787000,0.350000,0.353206,1.056079,0.000000,54.692409,-0.000000,10.000000,-800.000000,4.497140,954.485661,0.042578
0.788000,0.350000,0.354248,1.027408,0.000000,58.288331,-0.000000,10.000000,-800.000000,2.857363,954.844055,0.042582
0.789000,0.350000,0.355260,0.996830,0.000000,61.203630,-0.000000,10.000000,-800.000000,0.000000,954.913272,0.042587
0.790000,0.350000,0.356241,0.964839,0.000000,63.364055,-0.000000,10.000000,-800.000000,0.000000,954.913272,0.042593
0.791000,0.350000,0.357190,0.931738,0.000000,65.126663,-0.000000,10.000000,-800.000000,0.000000,954.913272,0.042601
0.792000,0.350000,0.358105,0.897740,0.000000,66.550515,-0.000000,10.000000,-800.000000,0.000000,954.913272,0.042609
0.793000,0.350000,0.358985,0.863030,0.000000,67.669587,-0.000000,10.000000,-800.000000,0.000000,954.913272,0.042618
0.794000,0.350000,0.359830,0.827778,0.000000,68.511334,-0.000000,10.000000,-800.000000,0.000000,954.913272,0.042627
0.795000,0.350000,0.360640,0.792136,0.000000,69.101062,-0.000000,10.000000,-800.000000,0.000000,954.913272,0.042638
0.796000,0.350000,0.361415,0.756244,0.000000,69.463290,-0.000000,10.000000,-800.000000,0.000000,954.913272,0.042650
0.797000,0.350000,0.362153,0.720227,0.000000,69.622162,-0.000000,10.000000,-800.000000,0.000000,954.913272,0.042662
0.798000,0.350000,0.362855,0.684196,0.000000,69.601478,-0.000000,10.000000,-800.000000,0.000000,954.913272,0.042675
0.799000,0.350000,0.363521,0.648248,0.000000,69.424592,-0.000000,10.000000,-800.000000,0.000000,954.913272,0.042688
0.800000,0.350000,0.364152,0.612465,0.000000,69.114244,-0.000000,10.000000,-800.000000,0.000000,954.913272,0.042702
0.801000,0.350000,0.364746,0.576920,0.000000,68.692390,-0.000000,10.000000,-800.000000,0.000000,954.913272,0.042717
0.802000,0.350000,0.365306,0.541670,0.000000,68.180037,-0.000000,10.000000,-800.000000,0.000000,954.913272,0.042732
0.803000,0.350000,0.365830,0.506761,0.000000,67.597110,-0.000000,10.000000,-800.000000,0.000000,954.913272,0.042748
0.804000,0.350000,0.366319,0.472227,0.000000,66.962335,-0.000000,10.000000,-800.000000,0.000000,954.913272,0.042764
0.805000,0.350000,0.366774,0.438091,0.000000,66.305093,-0.000000,10.000000,-800.000000,0.000000,954.913272,0.042781
0.806000,0.350000,0.367196,0.404357,0.000000,65.649158,-0.000000,10.000000,-800.000000,0.000000,954.913272,0.042798
0.807000,0.350000,0.367583,0.371020,0.000000,65.000508,-0.000000,10.000000,-800.000000,0.000000,954.913272,0.042816
0.808000,0.350000,0.367938,0.338075,0.000000,64.365021,-0.000000,10.000000,-800.000000,0.000000,954.913272,0.042834
0.809000,0.350000,0.368260,0.305509,0.000000,63.748491,-0.000000,10.000000,-800.000000,0.000000,954.913272,0.042852
0.810000,0.350000,0.368549,0.273310,0.000000,63.156669,-0.000000,10.000000,-800.000000,0.000000,954.913272,0.042871
0.811000,0.350000,0.368806,0.241460,0.000000,62.595293,-0.000000,10.000000,-800.000000,0.000000,954.913272,0.042890
0.812000,0.350000,0.369032,0.209937,0.000000,62.070153,-0.000000,10.000000,-800.000000,0.000000,954.913272,0.042909
0.813000,0.350000,0.369226,0.178716,0.000000,61.587175,-0.000000,10.000000,-800.000000,0.000000,954.913272,0.042928
0.814000,0.350000,0.369390,0.147770,0.000000,61.152545,-0.000000,9.875222,-800.000000,0.000000,954.913272,0.042947
0.815000,0.350000,0.369522,0.117065,0.000000,60.772941,-0.000000,9.382833,-800.000000,0.000000,954.913272,0.042967
0.816000,0.350000,0.369624,0.086563,0.000000,60.455933,-0.000000,8.927504,-800.000000,0.000000,954.913272,0.042986
0.817000,0.350000,0.369695,0.056223,0.000000,60.210835,-0.000000,8.492968,-800.000000,0.000000,954.913272,0.043006
0.818000,0.350000,0.369736,0.025993,0.000000,60.051083,-0.000000,8.068293,-800.000000,0.000000,954.913272,0.043026
0.819000,0.350000,0.369747,-0.003710,0.005469,59.996226,-0.000000,7.646585,-800.000000,0.145602,954.916912,0.043045
0.820000,0.350000,0.369730,-0.030404,0.079981,59.977441,-0.000000,7.233370,-800.000000,0.564758,954.958463,0.043065
0.821000,0.350000,0.369686,-0.056974,0.240308,59.947146,-0.000000,6.829583,-800.000000,0.948547,955.039009,0.043085
0.822000,0.350000,0.369616,-0.083342,0.489560,59.903414,-0.000000,6.429663,-800.000000,1.323343,955.157351,0.043105
0.823000,0.350000,0.369520,-0.109405,0.829799,59.845639,-0.000000,6.030113,-800.000000,1.689907,955.312663,0.043124
0.824000,0.350000,0.369398,-0.135063,1.262342,59.773458,-0.000000,5.629277,-800.000000,2.047184,955.504062,0.043143
0.825000,0.350000,0.369250,-0.160214,1.787826,59.686570,-0.000000,5.226713,-800.000000,2.393520,955.730519,0.043163
0.826000,0.350000,0.369077,-0.184753,2.406221,59.584676,-0.000000,4.822754,-800.000000,2.727046,955.990823,0.043182
0.827000,0.350000,0.368881,-0.208581,3.116842,59.467455,-0.000000,4.418231,-800.000000,3.045815,956.283574,0.043201
0.828000,0.350000,0.368660,-0.231595,3.918359,59.334555,-0.000000,4.014292,-800.000000,3.347869,956.607172,0.043219
0.829000,0.350000,0.368418,-0.253697,4.808815,59.185586,-0.000000,3.612289,-800.000000,3.631272,956.959825,0.043238
0.830000,0.350000,0.368153,-0.274790,5.785641,59.020127,-0.000000,3.213704,-800.000000,3.894133,957.339548,0.043256
0.831000,0.350000,0.367869,-0.294781,6.845685,58.837717,-0.000000,2.820099,-800.000000,4.134622,957.744174,0.043274
0.832000,0.350000,0.367564,-0.313578,7.985233,58.637868,-0.000000,2.433081,-800.000000,4.350988,958.171354,0.043291
0.833000,0.350000,0.367242,-0.331094,9.203541,58.420063,-0.000000,2.054280,-800.000000,4.663645,958.624883,0.043309
0.834000,0.350000,0.366902,-0.347239,10.502356,58.183773,-0.000000,1.685349,-800.000000,4.965970,959.110537,0.043325
0.835000,0.350000,0.366548,-0.361927,11.873984,57.928479,-0.000000,1.327966,-800.000000,5.217893,959.623272,0.043342
0.836000,0.350000,0.366179,-0.375079,13.310259,57.653662,-0.000000,0.983809,-800.000000,5.419666,960.158062,0.043358
0.837000,0.350000,0.365798,-0.386624,14.802933,57.358815,-0.340995,0.654522,-800.000000,5.571735,960.709919,0.043374
0.838000,0.350000,0.365406,-0.396499,16.343481,57.043445,-1.458045,0.341694,-800.000000,5.669312,961.273654,0.043389
0.839000,0.350000,0.365006,-0.404650,17.921771,56.707083,-2.750099,0.046847,-800.000000,5.691590,961.842683,0.043404
0.840000,0.350000,0.364598,-0.411036,19.524110,56.349292,0.228584,-10.000000,-800.000000,5.608220,962.407567,0.043419
0.841000,0.350000,0.364184,-0.415626,21.135860,55.967756,0.483284,-10.000000,-800.000000,5.423223,962.957495,0.043433
0.842000,0.350000,0.363767,-0.418401,22.750426,55.552847,0.716069,-10.000000,-800.000000,5.158401,963.483850,0.043447
0.843000,0.350000,0.363348,-0.419337,24.363735,55.093826,0.925850,-10.000000,-800.000000,4.822271,963.979216,0.043460
0.844000,0.350000,0.362929,-0.418410,25.972072,54.580488,1.111584,-10.000000,-800.000000,4.419205,964.436766,0.043473
0.845000,0.350000,0.362512,-0.415591,27.571845,54.002848,1.272244,-10.000000,-800.000000,3.950190,964.849891,0.043486
0.846000,0.350000,0.362099,-0.410853,29.159382,53.350903,1.406796,-10.000000,-800.000000,3.413560,965.211911,0.043498
0.847000,0.350000,0.361691,-0.404162,30.730750,52.614484,1.514189,-10.000000,-800.000000,2.805664,965.515848,0.043510
0.848000,0.350000,0.361291,-0.395486,32.281611,51.783159,1.593340,-10.000000,-800.000000,2.121486,965.754270,0.043521
0.849000,0.350000,0.360901,-0.384789,33.807102,50.846217,1.643140,-10.000000,-800.000000,1.355204,965.919191,0.043532
0.850000,0.350000,0.360522,-0.372035,35.301743,49.787792,1.662446,-10.000000,-800.000000,0.718051,966.007452,0.043542
0.851000,0.350000,0.360157,-0.357153,36.759316,48.468525,1.650031,-10.000000,-800.000000,0.841721,966.086922,0.043552
0.852000,0.350000,0.359808,-0.340008,38.172591,46.843834,1.604315,-10.000000,-800.000000,0.971305,966.179164,0.043562
0.853000,0.350000,0.359478,-0.320480,39.533278,44.940617,1.523338,-10.000000,-800.000000,1.102282,966.284486,0.043572
0.854000,0.350000,0.359168,-0.298472,40.832131,42.791080,1.404978,-10.000000,-800.000000,1.230350,966.402757,0.043581
0.855000,0.350000,0.358882,-0.273916,42.059094,40.431812,1.247146,-10.000000,-800.000000,1.351586,966.533436,0.043590
0.856000,0.350000,0.358621,-0.246777,43.203470,37.902821,1.047921,-10.000000,-800.000000,1.462578,966.675623,0.043598
0.857000,0.350000,0.358389,-0.217054,44.254119,35.246542,0.805659,-10.000000,-800.000000,1.560523,966.828114,0.043607
0.858000,0.350000,0.358188,-0.184781,45.199667,32.506842,0.519075,-10.000000,-800.000000,1.643270,966.989463,0.043615
0.859000,0.350000,0.358020,-0.150027,46.028727,29.728037,0.187296,-9.728037,-800.000000,1.709290,967.158051,0.043623
0.860000,0.350000,0.357889,-0.112899,46.730096,26.954082,-10.000000,0.190091,-800.000000,1.757557,967.332138,0.043631
0.861000,0.350000,0.357795,-0.073538,47.289353,24.232927,-10.000000,0.613016,-800.000000,1.703221,967.505916,0.043639
0.862000,0.350000,0.357742,-0.032134,47.679691,21.626701,-10.000000,1.080866,-800.000000,1.484438,967.663726,0.043646
0.863000,0.350000,0.357732,0.010190,47.875573,19.190710,-10.000000,1.591835,-800.000000,1.128480,967.790916,0.043654
0.864000,0.350000,0.357762,0.051390,47.863747,16.961668,-10.000000,2.132280,-800.000000,0.651295,967.874849,0.043662
0.865000,0.350000,0.357835,0.093726,47.628328,14.968878,-10.000000,2.697858,-800.000000,0.059170,967.903866,0.043670
0.866000,0.350000,0.357950,0.136807,47.117614,13.233312,-10.000000,3.289261,-800.000000,0.000000,967.903866,0.043678
0.867000,0.350000,0.358108,0.180164,46.265276,11.765643,-10.000000,3.905214,-800.000000,0.000000,967.903866,0.043686
0.868000,0.350000,0.358310,0.223291,45.057317,10.567530,-10.000000,4.542418,-800.000000,0.000000,967.903866,0.043694
0.869000,0.350000,0.358555,0.265676,43.488415,9.633324,-10.000000,5.196089,-800.000000,0.000000,967.903866,0.043703
0.870000,0.350000,0.358841,0.306813,41.561695,8.952039,-10.000000,5.860442,-800.000000,0.000000,967.903866,0.043711
0.871000,0.350000,0.359168,0.346209,39.288644,8.509453,-10.000000,6.529045,-800.000000,0.000000,967.903866,0.043721
0.872000,0.350000,0.359533,0.383399,36.688924,8.290162,-10.000000,7.195106,-800.000000,0.000000,967.903866,0.043730
0.873000,0.350000,0.359934,0.417948,33.790066,8.279380,-10.000000,7.851697,-800.000000,0.000000,967.903866,0.043740
0.874000,0.350000,0.360368,0.449461,30.627117,8.464330,-10.000000,8.491936,-800.000000,0.000000,967.903866,0.043750
0.875000,0.350000,0.360832,0.477589,27.242251,8.835167,-7.242251,9.109141,-800.000000,0.000000,967.903866,0.043761
0.876000,0.350000,0.361322,0.502032,23.685799,9.385432,-4.410024,9.696960,-800.000000,0.000000,967.903866,0.043773
0.877000,0.350000,0.361834,0.522548,20.020411,10.112185,-1.113216,10.000000,-800.000000,0.000000,967.903866,0.043784
0.878000,0.350000,0.362365,0.538965,16.319118,11.015834,-0.000000,10.000000,-800.000000,0.000000,967.903866,0.043797
0.879000,0.350000,0.362911,0.551183,12.661222,12.099518,-0.000000,10.000000,-800.000000,0.000000,967.903866,0.043810
0.880000,0.350000,0.363466,0.559178,9.126066,13.368424,-0.000000,10.000000,-800.000000,0.000000,967.903866,0.043823
0.881000,0.350000,0.364028,0.563002,5.792531,14.829439,-0.000000,10.000000,-800.000000,0.000000,967.903866,0.043837
0.882000,0.350000,0.364591,0.562776,2.748333,16.524220,-0.000000,10.000000,-800.000000,1.442971,967.973630,0.043852
0.883000,0.350000,0.365152,0.558681,0.142850,18.539876,-0.000000,10.000000,-800.000000,3.409138,968.241843,0.043867
0.884000,0.350000,0.365707,0.551757,0.000000,20.851877,-0.000000,10.000000,-800.000000,5.225458,968.697583,0.043883
0.885000,0.350000,0.366255,0.543387,0.000000,23.427627,-0.000000,10.000000,-800.000000,6.858631,969.323753,0.043899
0.886000,0.350000,0.366794,0.533462,0.000000,26.229942,-0.000000,10.000000,-800.000000,8.279753,970.100194,0.043916
0.887000,0.350000,0.367321,0.521863,0.000000,29.216834,-0.000000,10.000000,-800.000000,9.464464,971.004145,0.043933
0.888000,0.350000,0.367837,0.508496,0.000000,32.342334,-0.000000,10.000000,-800.000000,10.392912,972.010688,0.043951
0.889000,0.350000,0.368338,0.493297,0.000000,35.557309,-0.000000,10.000000,-800.000000,11.049546,973.093193,0.043969
0.890000,0.350000,0.368823,0.476229,0.000000,38.810224,-0.000000,10.000000,-800.000000,11.422730,974.223723,0.043988
0.891000,0.350000,0.369290,0.457287,0.000000,42.047836,-0.000000,10.000000,-800.000000,11.504141,975.373389,0.044007
0.892000,0.350000,0.369737,0.436497,0.000000,45.215762,-0.000000,10.000000,-800.000000,11.287879,976.512632,0.044027
0.893000,0.350000,0.370162,0.413916,0.000000,48.258875,-0.000000,10.000000,-800.000000,10.769074,977.611378,0.044047
0.894000,0.350000,0.370564,0.389632,0.000000,51.121384,-0.000000,10.000000,-800.000000,9.941543,978.639010,0.044068
0.895000,0.350000,0.370941,0.363768,0.000000,53.746390,-0.000000,10.000000,-800.000000,8.793225,979.563977,0.044089
0.896000,0.350000,0.371291,0.336479,0.000000,56.074239,-0.000000,10.000000,-800.000000,7.295320,980.352604,0.044110
0.897000,0.350000,0.371613,0.307956,0.000000,58.037587,-0.000000,10.000000,-800.000000,5.367469,980.965602,0.044132
0.898000,0.350000,0.371907,0.278436,0.000000,59.541579,-0.000000,10.000000,-800.000000,2.667994,981.343187,0.044154
0.899000,0.350000,0.372170,0.248258,0.000000,60.265079,-0.000000,10.000000,-800.000000,0.000000,981.384226,0.044176
0.900000,0.350000,0.372403,0.217858,0.000000,60.481570,-0.000000,10.000000,-800.000000,0.000000,981.384226,0.044198
0.901000,0.350000,0.372606,0.187396,0.000000,60.530494,-0.000000,10.000000,-800.000000,0.000000,981.384226,0.044221
0.902000,0.350000,0.372778,0.156945,0.000000,60.481610,-0.000000,10.000000,-800.000000,0.000000,981.384226,0.044243
0.903000,0.350000,0.372920,0.126544,0.000000,60.377830,-0.000000,10.000000,-800.000000,0.000000,981.384226,0.044266
0.904000,0.350000,0.373031,0.096213,0.000000,60.253265,-0.000000,10.000000,-800.000000,0.000000,981.384226,0.044289
0.905000,0.350000,0.373112,0.065952,0.000000,60.135758,-0.000000,10.000000,-800.000000,0.000000,981.384226,0.044313
0.906000,0.350000,0.373163,0.035747,0.000000,60.044755,-0.000000,9.535492,-800.000000,0.000000,981.384226,0.044336
0.907000,0.350000,0.373184,0.005570,0.000000,60.000740,-0.000000,9.055128,-800.000000,0.000000,981.384226,0.044359
0.908000,0.350000,0.373175,-0.021759,0.043931,59.984592,-0.000000,8.601608,-800.000000,0.437923,981.412587,0.044382
0.909000,0.350000,0.373140,-0.048381,0.166572,59.958629,-0.000000,8.172867,-800.000000,0.826927,981.480776,0.044405
0.910000,0.350000,0.373079,-0.074844,0.372331,59.919953,-0.000000,7.758054,-800.000000,1.208495,981.587357,0.044428
0.911000,0.350000,0.372991,-0.101052,0.664807,59.868226,-0.000000,7.349689,-800.000000,1.585493,981.731802,0.044451
0.912000,0.350000,0.372877,-0.126909,1.046710,59.803631,-0.000000,6.943544,-800.000000,1.958244,981.913684,0.044474
0.913000,0.350000,0.372737,-0.152314,1.519989,59.726480,-0.000000,6.537541,-800.000000,2.323305,982.132398,0.044497
0.914000,0.350000,0.372572,-0.177168,2.085855,59.636785,-0.000000,6.130973,-800.000000,2.678280,982.387000,0.044519
0.915000,0.350000,0.372383,-0.201369,2.744781,59.534530,-0.000000,5.724002,-800.000000,3.021460,982.676376,0.044542
0.916000,0.350000,0.372170,-0.224817,3.496505,59.419681,-0.000000,5.317350,-800.000000,3.350890,982.999226,0.044564
0.917000,0.350000,0.371934,-0.247412,4.340044,59.292165,-0.000000,4.912095,-800.000000,3.664586,983.354052,0.044586
0.918000,0.350000,0.371675,-0.269056,5.273702,59.151867,-0.000000,4.509546,-800.000000,3.960596,983.739157,0.044608
0.919000,0.350000,0.371396,-0.289654,6.295096,58.998631,-0.000000,4.111157,-800.000000,4.237035,984.152654,0.044629
0.920000,0.350000,0.371096,-0.309112,7.401175,58.832271,-0.000000,3.718473,-800.000000,4.492106,984.592473,0.044650
0.921000,0.350000,0.370778,-0.327341,8.588260,58.652568,-0.000000,3.333090,-800.000000,4.724114,985.056370,0.044671
0.922000,0.350000,0.370442,-0.344254,9.856828,58.459289,-0.000000,2.956632,-800.000000,5.101518,985.550795,0.044691
0.923000,0.350000,0.370090,-0.359759,11.210605,58.252203,-0.000000,2.590751,-800.000000,5.474739,986.084727,0.044711
0.924000,0.350000,0.369723,-0.373770,12.640766,58.031106,-0.000000,2.237138,-800.000000,5.790326,986.652372,0.044731
0.925000,0.350000,0.369343,-0.386207,14.137983,57.795816,-0.000000,1.897487,-800.000000,6.049273,987.248026,0.044751
0.926000,0.350000,0.368951,-0.397001,15.692932,57.546177,-0.655555,1.573452,-800.000000,6.252805,987.866102,0.044769
0.927000,0.350000,0.368549,-0.406092,17.295888,57.282068,-1.916374,1.266625,-800.000000,6.392042,988.500657,0.044788
0.928000,0.350000,0.368140,-0.413431,18.934775,57.003406,-3.356346,0.978514,-800.000000,6.441279,989.143763,0.044806
0.929000,0.350000,0.367723,-0.418981,20.593662,56.710154,-4.962785,0.710520,-800.000000,6.369267,989.784450,0.044824
0.930000,0.350000,0.367302,-0.422725,22.252782,56.402313,-6.717745,0.463900,-800.000000,6.147604,990.408791,0.044841
0.931000,0.350000,0.366878,-0.424665,23.888971,56.079914,-8.598114,0.239721,-800.000000,5.751491,991.000241,0.044858
0.932000,0.350000,0.366453,-0.424828,25.477236,55.743001,-10.000000,0.038812,-800.000000,5.409220,991.548950,0.044874
0.933000,0.350000,0.366029,-0.423265,26.995693,55.391613,0.138275,-10.000000,-800.000000,5.288987,992.082585,0.044891
0.934000,0.350000,0.365607,-0.420048,28.419039,55.023610,0.291287,-10.000000,-800.000000,5.101466,992.600578,0.044906
0.935000,0.350000,0.365190,-0.415263,29.743507,54.628583,0.420278,-10.000000,-800.000000,4.813999,993.093508,0.044921
0.936000,0.350000,0.364777,-0.408986,30.972178,54.194941,0.525511,-10.000000,-800.000000,4.433351,993.551826,0.044936
0.937000,0.350000,0.364372,-0.401285,32.109085,53.711802,0.607343,-10.000000,-800.000000,3.963767,993.966496,0.044950
0.938000,0.350000,0.363975,-0.392215,33.158849,53.168640,0.666148,-10.000000,-800.000000,3.407380,994.328772,0.044964
0.939000,0.350000,0.363588,-0.381823,34.126357,52.555004,0.702258,-10.000000,-800.000000,2.764659,994.630016,0.044978
0.940000,0.350000,0.363212,-0.370143,35.016477,51.860305,0.715929,-10.000000,-800.000000,2.034839,994.861554,0.044991
0.941000,0.350000,0.362848,-0.357199,35.833816,51.073683,0.707313,-10.000000,-800.000000,1.216327,995.014582,0.045004
0.942000,0.350000,0.362498,-0.343004,36.582510,50.183926,0.676448,-10.000000,-800.000000,0.307079,995.080104,0.045017
0.943000,0.350000,0.362163,-0.327553,37.266040,49.134118,0.623233,-10.000000,-800.000000,0.000000,995.081737,0.045029
0.944000,0.350000,0.361843,-0.310771,37.886933,47.786908,0.547275,-10.000000,-800.000000,0.000000,995.081737,0.045041
0.945000,0.350000,0.361542,-0.292546,38.446450,46.151336,0.447649,-10.000000,-800.000000,0.000000,995.081737,0.045052
0.946000,0.350000,0.361259,-0.272778,38.944539,44.252365,0.323027,-10.000000,-800.000000,0.000000,995.081737,0.045063
0.947000,0.350000,0.360997,-0.251382,39.379841,42.119886,0.171886,-10.000000,-800.000000,0.000000,995.081737,0.045074
0.948000,0.350000,0.360757,-0.228294,39.749714,39.787867,0.000000,-10.000000,-800.000000,0.000000,995.081737,0.045085
0.949000,0.350000,0.360541,-0.203474,40.050298,37.293470,-10.000000,0.216120,-800.000000,0.000000,995.081737,0.045096
0.950000,0.350000,0.360350,-0.176911,40.270250,34.682246,-10.000000,0.455767,-800.000000,0.000000,995.081737,0.045106
0.951000,0.350000,0.360187,-0.148649,40.373508,32.022314,-10.000000,0.727262,-800.000000,0.000000,995.081737,0.045116
0.952000,0.350000,0.360054,-0.118809,40.321901,29.379881,-10.000000,1.031028,-800.000000,0.000000,995.081737,0.045126
0.953000,0.350000,0.359950,-0.087584,40.082405,26.811814,-10.000000,1.366729,-800.000000,0.000000,995.081737,0.045136
0.954000,0.350000,0.359879,-0.055224,39.627545,24.365404,-10.000000,1.733186,-800.000000,0.000000,995.081737,0.045146
0.955000,0.350000,0.359840,-0.022027,38.935764,22.078459,-10.000000,2.128376,-800.000000,0.000000,995.081737,0.045156
0.956000,0.350000,0.359835,0.010492,37.992515,19.979067,-10.000000,2.548423,-800.000000,0.000000,995.081737,0.045166
0.957000,0.350000,0.359860,0.040852,36.798058,18.080456,-10.000000,2.977822,-800.000000,0.000000,995.081737,0.045176
0.958000,0.350000,0.359916,0.070979,35.352655,16.393419,-10.000000,3.412139,-800.000000,0.000000,995.081737,0.045186
0.959000,0.350000,0.360002,0.100499,33.660113,14.924260,-10.000000,3.850933,-800.000000,0.000000,995.081737,0.045196
0.960000,0.350000,0.360117,0.129041,31.730558,13.673576,-10.000000,4.292250,-800.000000,0.000000,995.081737,0.045206
0.961000,0.350000,0.360260,0.156251,29.580230,12.637382,-9.580230,4.732843,-800.000000,0.000000,995.081737,0.045216
0.962000,0.350000,0.360429,0.181798,27.231425,11.808288,-8.189448,5.168685,-800.000000,0.000000,995.081737,0.045226
0.963000,0.350000,0.360623,0.205380,24.713414,11.176651,-6.394579,5.595354,-800.000000,0.000000,995.081737,0.045237
0.964000,0.350000,0.360839,0.226735,22.063694,10.731676,-4.216201,6.008326,-800.000000,0.000000,995.081737,0.045248
0.965000,0.350000,0.361075,0.245650,19.327399,10.462388,-1.686276,6.403206,-800.000000,0.000000,995.081737,0.045259
0.966000,0.350000,0.361329,0.261965,16.555698,10.358456,-0.000000,6.775919,-800.000000,0.000000,995.081737,0.045270
0.967000,0.350000,0.361598,0.275578,13.803184,10.410823,-0.000000,7.122866,-800.000000,0.000000,995.081737,0.045282
0.968000,0.350000,0.361880,0.286446,11.123279,10.612159,-0.000000,7.441041,-800.000000,0.000000,995.081737,0.045294
0.969000,0.350000,0.362170,0.294578,8.564378,10.957120,-0.000000,7.728105,-800.000000,0.000000,995.081737,0.045306
0.970000,0.350000,0.362468,0.300035,6.170132,11.442458,-0.000000,7.982410,-800.000000,0.000000,995.081737,0.045318
0.971000,0.350000,0.362770,0.302915,3.981711,12.067014,-0.000000,8.202983,-800.000000,0.000000,995.081737,0.045331
0.972000,0.350000,0.363073,0.303362,2.043282,12.831645,-0.000000,8.389514,-800.000000,0.000000,995.081737,0.045344
0.973000,0.350000,0.363376,0.301564,0.423180,13.777223,-0.000000,8.542351,-800.000000,1.293362,995.147945,0.045358
0.974000,0.350000,0.363675,0.297950,0.000000,14.986822,-0.000000,8.662721,-800.000000,2.937936,995.380521,0.045371
0.975000,0.350000,0.363971,0.293449,0.000000,16.451261,-0.000000,8.755129,-800.000000,4.512271,995.773351,0.045385
0.976000,0.350000,0.364262,0.288031,0.000000,18.154441,-0.000000,8.824691,-800.000000,5.993334,996.317959,0.045399
0.977000,0.350000,0.364547,0.281563,0.000000,20.076201,-0.000000,8.874110,-800.000000,7.360056,997.003682,0.045414
0.978000,0.350000,0.364825,0.273926,0.000000,22.192716,-0.000000,8.904292,-800.000000,8.593751,997.817899,0.045429
0.979000,0.350000,0.365094,0.265014,0.000000,24.476962,-0.000000,8.915050,-800.000000,9.678409,998.746285,0.045444
0.980000,0.350000,0.365354,0.254739,0.000000,26.899217,-0.000000,8.905583,-800.000000,10.600892,999.773092,0.045459
0.981000,0.350000,0.365603,0.243032,0.000000,29.427605,-0.000000,8.874786,-800.000000,11.351051,1000.881444,0.045475
0.982000,0.350000,0.365840,0.229839,0.000000,32.028647,-0.000000,8.821452,-800.000000,11.921791,1002.053642,0.045491
0.983000,0.350000,0.366063,0.215130,0.000000,34.667828,-0.000000,8.744405,-800.000000,12.309103,1003.271469,0.045507
0.984000,0.350000,0.366270,0.198893,0.000000,37.310169,-0.000000,8.642591,-800.000000,12.512067,1004.516501,0.045523
0.985000,0.350000,0.366460,0.181135,0.000000,39.920800,-0.000000,8.515136,-800.000000,12.532850,1005.770413,0.045540
0.986000,0.350000,0.366631,0.161885,0.000000,42.465526,-0.000000,8.361387,-800.000000,12.376700,1007.015293,0.045556
0.987000,0.350000,0.366783,0.141189,0.000000,44.911399,-0.000000,8.180934,-800.000000,12.051967,1008.233944,0.045573
0.988000,0.350000,0.366913,0.119114,0.000000,47.227295,-0.000000,7.973626,-800.000000,11.570163,1009.410201,0.045590
0.989000,0.350000,0.367021,0.095741,0.000000,49.384496,-0.000000,7.739575,-800.000000,10.946091,1010.529258,0.045607
0.990000,0.350000,0.367104,0.071168,0.000000,51.357304,-0.000000,7.479155,-800.000000,10.198100,1011.578005,0.045624
0.991000,0.350000,0.367163,0.045505,0.000000,53.123704,-0.000000,7.192990,-800.000000,9.348531,1012.545412,0.045641
0.992000,0.350000,0.367195,0.018873,0.000000,54.666117,-0.000000,6.881938,-800.000000,8.424463,1013.422973,0.045658
0.993000,0.350000,0.367201,-0.007535,0.010794,55.972826,-0.000000,6.547976,-800.000000,7.458402,1014.205235,0.045676
0.994000,0.350000,0.367181,-0.032201,0.083138,57.044553,-0.000000,6.204157,-800.000000,6.483536,1014.890063,0.045693
0.995000,0.350000,0.367136,-0.057338,0.227761,57.884277,-0.000000,5.853025,-800.000000,5.544319,1015.479231,0.045710
0.996000,0.350000,0.367066,-0.082734,0.450804,58.501566,-0.000000,5.492506,-800.000000,4.697227,1015.979757,0.045727
0.997000,0.350000,0.366970,-0.108184,0.756949,58.916626,-0.000000,5.121973,-800.000000,4.005409,1016.404783,0.045744
0.998000,0.350000,0.366850,-0.133492,1.149786,59.160356,-0.000000,4.742067,-800.000000,3.523814,1016.773434,0.045761
0.999000,0.350000,0.366704,-0.158480,1.631918,59.270754,-0.000000,4.354203,-800.000000,3.272070,1017.108338,0.045777
1.000000,0.350000,0.366533,-0.182990,2.205021,59.285309,-0.000000,3.960205,-800.000000,3.219079,1017.430904,0.045794
1.001000,0.350000,0.366338,-0.206884,2.869904,59.233751,-0.000000,3.562065,-800.000000,3.303339,1017.757257,0.045810
1.002000,0.350000,0.366119,-0.230039,3.626558,59.135820,-0.000000,3.161808,-800.000000,3.465990,1018.097333,0.045826
1.003000,0.350000,0.365878,-0.252339,4.474189,59.003204,-0.000000,2.761430,-800.000000,3.665511,1018.456233,0.045842
1.004000,0.350000,0.365615,-0.273677,5.411252,58.842398,-0.000000,2.362879,-800.000000,3.876170,1018.835935,0.045858
1.005000,0.350000,0.365331,-0.293949,6.435471,58.656848,-0.000000,1.968057,-800.000000,4.082473,1019.236523,0.045873
1.006000,0.350000,0.365027,-0.313058,7.543873,58.448253,-0.000000,1.578824,-800.000000,4.274819,1019.656929,0.045888
1.007000,0.350000,0.364705,-0.330908,8.732815,58.217300,-0.000000,1.197006,-800.000000,4.446922,1020.095345,0.045903
1.008000,0.350000,0.364366,-0.347409,9.998022,57.964065,-0.000000,0.824396,-800.000000,4.594385,1020.549460,0.045917
1.009000,0.350000,0.364011,-0.362475,11.338170,57.688252,-0.000000,0.462755,-800.000000,4.865859,1021.023961,0.045931
1.010000,0.350000,0.363642,-0.376017,12.756389,57.389338,-0.000000,0.113834,-800.000000,5.147188,1021.528623,0.045945
1.011000,0.350000,0.363259,-0.387948,14.243674,57.066679,0.220610,-10.000000,-800.000000,5.365561,1022.057480,0.045958
1.012000,0.350000,0.362866,-0.398191,15.790360,56.717837,0.538838,-10.000000,-800.000000,5.494277,1022.602987,0.045971
1.013000,0.350000,0.362464,-0.406675,17.387559,56.333749,0.839152,-10.000000,-800.000000,5.514448,1023.154470,0.045984
1.014000,0.350000,0.362054,-0.413332,19.027396,55.904290,1.119895,-10.000000,-800.000000,5.437836,1023.701849,0.045996
1.015000,0.350000,0.361638,-0.418094,20.702797,55.419700,1.379436,-10.000000,-800.000000,5.271697,1024.235929,0.046007
1.016000,0.350000,0.361218,-0.420896,22.407215,54.870283,1.616161,-10.000000,-800.000000,5.019546,1024.748005,0.046019
1.017000,0.350000,0.360797,-0.421672,24.134368,54.246173,1.828462,-10.000000,-800.000000,4.681861,1025.229527,0.046029
1.018000,0.350000,0.360375,-0.420358,25.878012,53.537202,2.014730,-10.000000,-800.000000,4.256749,1025.671839,0.046040
1.019000,0.350000,0.359957,-0.416888,27.631728,52.732830,2.173347,-10.000000,-800.000000,3.740546,1026.065980,0.046050
1.020000,0.350000,0.359542,-0.411198,29.388747,51.822129,2.302684,-10.000000,-800.000000,3.128382,1026.402545,0.046059
1.021000,0.350000,0.359135,-0.403224,31.141795,50.793833,2.401097,-10.000000,-800.000000,2.414700,1026.671593,0.046068
1.022000,0.350000,0.358737,-0.392901,32.882973,49.610532,2.466926,-10.000000,-800.000000,2.111405,1026.881994,0.046077
1.023000,0.350000,0.358350,-0.380108,34.603551,48.118857,2.498387,-10.000000,-800.000000,2.294869,1027.104615,0.046085
1.024000,0.350000,0.357977,-0.364687,36.293684,46.317089,2.493291,-10.000000,-800.000000,2.474243,1027.345362,0.046093
1.025000,0.350000,0.357621,-0.346501,37.942428,44.236413,2.449146,-10.000000,-800.000000,2.645135,1027.603550,0.046101
1.026000,0.350000,0.357285,-0.325447,39.537859,41.913181,2.363392,-10.000000,-800.000000,2.803348,1027.878065,0.046108
1.027000,0.350000,0.356972,-0.301452,41.067233,39.387922,2.233579,-10.000000,-800.000000,2.945133,1028.167403,0.046115
1.028000,0.350000,0.356683,-0.274485,42.517197,36.704321,2.057506,-10.000000,-800.000000,3.067428,1028.469721,0.046122
1.029000,0.350000,0.356424,-0.244548,43.874028,33.908176,1.833320,-10.000000,-800.000000,3.168081,1028.782929,0.046128
1.030000,0.350000,0.356195,-0.211688,45.123910,31.046359,1.559599,-10.000000,-800.000000,3.246016,1029.104786,0.046135
1.031000,0.350000,0.356001,-0.175988,46.253229,28.165799,1.235403,-8.165799,-800.000000,3.301331,1029.433018,0.046141
1.032000,0.350000,0.355844,-0.137572,47.248864,25.313429,0.860311,-6.130009,-800.000000,3.335278,1029.765432,0.046146
1.033000,0.350000,0.355727,-0.096601,48.098471,22.538382,0.434453,-3.886304,-800.000000,3.350084,1030.100023,0.046152
1.034000,0.350000,0.355652,-0.053276,48.790735,19.890458,0.000000,-1.492219,-800.000000,3.348580,1030.435053,0.046158
1.035000,0.350000,0.355621,-0.007832,49.315557,17.417510,-10.000000,0.566217,-800.000000,3.333939,1030.769085,0.046163
1.036000,0.350000,0.355635,0.036578,49.665514,15.159262,-10.000000,1.131991,-800.000000,3.234829,1031.097483,0.046169
1.037000,0.350000,0.355695,0.081919,49.826845,13.144800,-10.000000,1.727025,-800.000000,2.997521,1031.407109,0.046175
1.038000,0.350000,0.355800,0.128434,49.779004,11.398069,-10.000000,2.352233,-800.000000,2.644125,1031.685627,0.046181
1.039000,0.350000,0.355952,0.175742,49.504582,9.931700,-10.000000,3.007545,-800.000000,2.183786,1031.922097,0.046187
1.040000,0.350000,0.356151,0.223440,48.988075,8.748054,-10.000000,3.691045,-800.000000,1.614413,1032.105773,0.046193
1.041000,0.350000,0.356399,0.271116,48.214684,7.840940,-10.000000,4.399444,-800.000000,0.925394,1032.225143,0.046199
1.042000,0.350000,0.356693,0.318349,47.169468,7.197795,-10.000000,5.128476,-800.000000,0.100677,1032.267268,0.046206
1.043000,0.350000,0.357035,0.364702,45.796932,6.802185,-10.000000,5.873164,-800.000000,0.000000,1032.267268,0.046213
1.044000,0.350000,0.357422,0.409670,44.028945,6.636264,-10.000000,6.627816,-800.000000,0.000000,1032.267268,0.046220
1.045000,0.350000,0.357854,0.452737,41.870441,6.683035,-10.000000,7.385980,-800.000000,0.000000,1032.267268,0.046228
1.046000,0.350000,0.358327,0.493405,39.336013,6.928181,-10.000000,8.140695,-800.000000,0.000000,1032.267268,0.046236
1.047000,0.350000,0.358840,0.531205,36.449241,7.361183,-10.000000,8.884724,-800.000000,0.000000,1032.267268,0.046245
1.048000,0.350000,0.359388,0.565698,33.242419,7.975781,-10.000000,9.610761,-800.000000,0.000000,1032.267268,0.046255
1.049000,0.350000,0.359970,0.596486,29.756238,8.769940,-9.756238,10.000000,-800.000000,0.000000,1032.267268,0.046265
1.050000,0.350000,0.360580,0.623214,26.039607,9.745472,-7.015231,10.000000,-800.000000,0.000000,1032.267268,0.046275
1.051000,0.350000,0.361215,0.645577,22.151072,10.907130,-3.730657,10.000000,-800.000000,0.000000,1032.267268,0.046286
1.052000,0.350000,0.361870,0.663332,18.162627,12.261627,-0.000000,10.000000,-800.000000,0.000000,1032.267268,0.046298
1.053000,0.350000,0.362540,0.676308,14.158428,13.817115,-0.000000,10.000000,-800.000000,0.000000,1032.267268,0.046311
1.054000,0.350000,0.363221,0.684416,10.230328,15.582848,-0.000000,10.000000,-800.000000,0.000000,1032.267268,0.046324
1.055000,0.350000,0.363907,0.687652,6.472275,17.587672,-0.000000,10.000000,-800.000000,1.133747,1032.313032,0.046338
1.056000,0.350000,0.364594,0.686067,2.989672,19.919433,-0.000000,10.000000,-800.000000,3.126141,1032.552154,0.046353
1.057000,0.350000,0.365278,0.679820,0.000000,22.553962,-0.000000,10.000000,-800.000000,4.943171,1032.979845,0.046368
1.058000,0.350000,0.365953,0.670285,0.000000,25.447915,-0.000000,10.000000,-800.000000,6.550038,1033.576358,0.046384
1.059000,0.350000,0.366618,0.659014,0.000000,28.558101,-0.000000,10.000000,-800.000000,7.916378,1034.318745,0.046400
1.060000,0.350000,0.367270,0.645897,0.000000,31.837180,-0.000000,10.000000,-800.000000,9.016190,1035.181294,0.046418
1.061000,0.350000,0.367909,0.630850,0.000000,35.233554,-0.000000,10.000000,-800.000000,9.827601,1036.135956,0.046436
1.062000,0.350000,0.368531,0.613823,0.000000,38.692099,-0.000000,10.000000,-800.000000,10.332310,1037.152720,0.046454
1.063000,0.350000,0.369136,0.594798,0.000000,42.154773,-0.000000,10.000000,-800.000000,10.514618,1038.199922,0.046473
1.064000,0.350000,0.369720,0.573791,0.000000,45.561026,-0.000000,10.000000,-800.000000,10.359808,1039.244401,0.046493
1.065000,0.350000,0.370283,0.550853,0.000000,48.847852,-0.000000,10.000000,-800.000000,9.851257,1040.251439,0.046513
1.066000,0.350000,0.370821,0.526076,0.000000,51.949159,-0.000000,10.000000,-800.000000,8.964668,1041.184237,0.046534
1.067000,0.350000,0.371334,0.499586,0.000000,54.793644,-0.000000,10.000000,-800.000000,7.654239,1042.002395,0.046555
1.068000,0.350000,0.371820,0.471557,0.000000,57.298457,-0.000000,10.000000,-800.000000,5.808359,1042.657432,0.046577
1.069000,0.350000,0.372277,0.442218,0.000000,59.343941,-0.000000,10.000000,-800.000000,2.981890,1043.073825,0.046599
1.070000,0.350000,0.372704,0.411934,0.000000,60.509489,-0.000000,10.000000,-800.000000,0.000000,1043.119304,0.046622
1.071000,0.350000,0.373101,0.381217,0.000000,61.045736,-0.000000,10.000000,-800.000000,0.000000,1043.119304,0.046645
1.072000,0.350000,0.373467,0.350283,0.000000,61.332807,-0.000000,10.000000,-800.000000,0.000000,1043.119304,0.046669
1.073000,0.350000,0.373801,0.319252,0.000000,61.447092,-0.000000,10.000000,-800.000000,0.000000,1043.119304,0.046693
1.074000,0.350000,0.374105,0.288209,0.000000,61.435091,-0.000000,10.000000,-800.000000,0.000000,1043.119304,0.046717
1.075000,0.350000,0.374378,0.257214,0.000000,61.331893,-0.000000,10.000000,-800.000000,0.000000,1043.119304,0.046741
1.076000,0.350000,0.374620,0.226311,0.000000,61.166365,-0.000000,10.000000,-800.000000,0.000000,1043.119304,0.046766
1.077000,0.350000,0.374830,0.195525,0.000000,60.969256,-0.000000,10.000000,-800.000000,0.000000,1043.119304,0.046790
1.078000,0.350000,0.375011,0.164866,0.000000,60.762123,-0.000000,10.000000,-800.000000,0.000000,1043.119304,0.046815
1.079000,0.350000,0.375160,0.134332,0.000000,60.557161,-0.000000,10.000000,-800.000000,0.000000,1043.119304,0.046841
1.080000,0.350000,0.375279,0.103918,0.000000,60.366186,-0.000000,10.000000,-800.000000,0.000000,1043.119304,0.046866
1.081000,0.350000,0.375368,0.073606,0.000000,60.201308,-0.000000,10.000000,-800.000000,0.000000,1043.119304,0.046891
1.082000,0.350000,0.375427,0.043375,0.000000,60.076074,-0.000000,10.000000,-800.000000,0.000000,1043.119304,0.046917
1.083000,0.350000,0.375455,0.013191,0.000000,60.007571,-0.000000,10.000000,-800.000000,0.000000,1043.119304,0.046942
1.084000,0.350000,0.375454,-0.015020,0.026154,59.989288,-0.000000,9.689556,-800.000000,0.337209,1043.136567,0.046968
1.085000,0.350000,0.375425,-0.041665,0.131641,59.966342,-0.000000,9.181479,-800.000000,0.729773,1043.194945,0.046993
1.086000,0.350000,0.375370,-0.068171,0.321400,59.930938,-0.000000,8.717297,-800.000000,1.112723,1043.291904,0.047018
1.087000,0.350000,0.375289,-0.094441,0.598924,59.882523,-0.000000,8.278684,-800.000000,1.490632,1043.426830,0.047044
1.088000,0.350000,0.375181,-0.120375,0.966752,59.821192,-0.000000,7.854161,-800.000000,1.864273,1043.599279,0.047069
1.089000,0.350000,0.375048,-0.145875,1.426656,59.747354,-0.000000,7.437089,-800.000000,2.232950,1043.808800,0.047094
1.090000,0.350000,0.374890,-0.170838,1.979673,59.661393,-0.000000,7.023913,-800.000000,2.593014,1044.054674,0.047119
1.091000,0.350000,0.374707,-0.195164,2.626112,59.563470,-0.000000,6.613020,-800.000000,2.942638,1044.335915,0.047144
1.092000,0.350000,0.374500,-0.218752,3.365566,59.453750,-0.000000,6.204024,-800.000000,3.280069,1044.651371,0.047168
1.093000,0.350000,0.374270,-0.241503,4.196921,59.332383,-0.000000,5.797309,-800.000000,3.603416,1044.999704,0.047192
1.094000,0.350000,0.374017,-0.263319,5.118373,59.199487,-0.000000,5.393747,-800.000000,3.910788,1045.379389,0.047216
1.095000,0.350000,0.373743,-0.284106,6.127454,59.055145,-0.000000,4.994514,-800.000000,4.200341,1045.788711,0.047240
1.096000,0.350000,0.373449,-0.303772,7.221058,58.899413,-0.000000,4.600973,-800.000000,4.470314,1046.225777,0.047264
1.097000,0.350000,0.373136,-0.322227,8.396795,58.732318,-0.000000,4.214603,-800.000000,4.806757,1046.691560,0.047287
1.098000,0.350000,0.372805,-0.339381,9.661361,58.553879,-0.000000,3.836951,-800.000000,5.229566,1047.199084,0.047309
1.099000,0.350000,0.372458,-0.355142,11.009179,58.364131,-0.000000,3.469641,-800.000000,5.598504,1047.745518,0.047332
1.100000,0.350000,0.372095,-0.369425,12.431357,58.163127,-0.000000,3.114338,-800.000000,5.914266,1048.325516,0.047354
1.101000,0.350000,0.371720,-0.382157,13.918969,57.950937,-0.000000,2.772695,-800.000000,6.177771,1048.933815,0.047376
1.102000,0.350000,0.371332,-0.393270,15.463091,57.727651,-1.089208,2.446323,-800.000000,6.390158,1049.565261,0.047397
1.103000,0.350000,0.370934,-0.402707,17.054104,57.493392,-2.318473,2.136766,-800.000000,6.535562,1050.214008,0.047418
1.104000,0.350000,0.370527,-0.410422,18.678986,57.248313,-3.723935,1.845484,-800.000000,6.583315,1050.871422,0.047439
1.105000,0.350000,0.370113,-0.416386,20.320924,56.992607,-5.291867,1.573820,-800.000000,6.505065,1051.525949,0.047459
1.106000,0.350000,0.369695,-0.420583,21.959627,56.726491,-7.003558,1.322964,-800.000000,6.274934,1052.163350,0.047478
1.107000,0.350000,0.369273,-0.423024,23.571726,56.450198,-8.835404,1.093906,-800.000000,5.870254,1052.766991,0.047498
1.108000,0.350000,0.368849,-0.423742,25.134637,56.163957,-10.000000,0.887389,-800.000000,5.713387,1053.340520,0.047516
1.109000,0.350000,0.368426,-0.422788,26.626352,55.867980,-10.000000,0.703882,-800.000000,5.633155,1053.907057,0.047535
1.110000,0.350000,0.368004,-0.420243,28.015616,55.562445,-10.000000,0.543557,-800.000000,5.526379,1054.463901,0.047553
1.111000,0.350000,0.367586,-0.416218,29.272877,55.247453,-10.000000,0.406231,-800.000000,5.394507,1055.008487,0.047570
1.112000,0.350000,0.367172,-0.410849,30.371826,54.922997,-10.000000,0.291336,-800.000000,5.239265,1055.538410,0.047588
1.113000,0.350000,0.366765,-0.404299,31.289931,54.588930,-10.000000,0.197904,-800.000000,5.062624,1056.051455,0.047604
1.114000,0.350000,0.366364,-0.396749,32.008859,54.244944,-10.000000,0.124584,-800.000000,4.866760,1056.545618,0.047621
1.115000,0.350000,0.365971,-0.388397,32.514769,53.890552,-10.000000,0.069662,-800.000000,4.654008,1057.019119,0.047637
1.116000,0.350000,0.365587,-0.379449,32.798475,53.525071,-10.000000,0.031100,-800.000000,4.426811,1057.470423,0.047652
1.117000,0.350000,0.365212,-0.370121,32.855499,53.147615,-10.000000,0.006586,-800.000000,4.187669,1057.898242,0.047668
1.118000,0.350000,0.364847,-0.360628,32.685992,52.757093,-10.000000,0.000000,-800.000000,3.939090,1058.301536,0.047682
1.119000,0.350000,0.364491,-0.351182,32.294564,52.352214,-10.000000,0.000000,-800.000000,3.683568,1058.679520,0.047697
1.120000,0.350000,0.364145,-0.341989,31.690010,51.931493,-10.000000,0.000000,-800.000000,3.423526,1059.031650,0.047711
1.121000,0.350000,0.363807,-0.333242,30.884964,51.493268,-10.000000,0.000000,-800.000000,3.161211,1059.357618,0.047725
1.122000,0.350000,0.363478,-0.325119,29.895480,51.035701,-10.000000,0.001573,-800.000000,2.898657,1059.657324,0.047738
1.123000,0.350000,0.363157,-0.317781,28.740568,50.556794,-10.000000,0.004505,-800.000000,2.637689,1059.930860,0.047751
1.124000,0.350000,0.362842,-0.311365,27.441680,50.054419,-10.000000,0.002408,-800.000000,2.379940,1060.178488,0.047764
1.125000,0.350000,0.362534,-0.305989,26.022184,49.526344,-10.000000,0.000000,-800.000000,2.126814,1060.400621,0.047777
1.126000,0.350000,0.362230,-0.301742,24.506803,48.970265,-8.946058,0.000000,-800.000000,1.879498,1060.597796,0.047789
1.127000,0.350000,0.361930,-0.298689,22.921584,48.383856,0.057302,-10.000000,-800.000000,1.639018,1060.770658,0.047801
1.128000,0.350000,0.361632,-0.296864,21.298801,47.761305,0.101481,-10.000000,-800.000000,1.342987,1060.916974,0.047813
1.129000,0.350000,0.361336,-0.296257,19.684514,47.083252,0.160224,-10.000000,-800.000000,0.933180,1061.026523,0.047824
1.130000,0.350000,0.361039,-0.296799,18.120663,46.327988,0.234297,-10.000000,-800.000000,0.415391,1061.088305,0.047835
1.131000,0.350000,0.360742,-0.298372,16.640397,45.470711,0.323852,-10.000000,-800.000000,0.000000,1061.097977,0.047846
1.132000,0.350000,0.360442,-0.300801,15.268537,44.432993,0.428375,-10.000000,-800.000000,0.000000,1061.097977,0.047856
1.133000,0.350000,0.360140,-0.303854,14.022178,43.182531,0.546585,-10.000000,-800.000000,0.000000,1061.097977,0.047866
1.134000,0.350000,0.359834,-0.307275,12.911546,41.713252,0.676481,-10.000000,-800.000000,0.000000,1061.097977,0.047876
1.135000,0.350000,0.359525,-0.310802,11.941004,40.025297,0.815490,-10.000000,-800.000000,0.000000,1061.097977,0.047886
1.136000,0.350000,0.359213,-0.314171,11.110101,38.124788,0.960624,-10.000000,-800.000000,0.000000,1061.097977,0.047895
1.137000,0.350000,0.358897,-0.317128,10.414619,36.023513,1.108619,-10.000000,-800.000000,0.000000,1061.097977,0.047904
1.138000,0.350000,0.358579,-0.319431,9.847576,33.738521,1.256057,-10.000000,-800.000000,0.000000,1061.097977,0.047912
1.139000,0.350000,0.358258,-0.320858,9.400130,31.291658,1.399482,-10.000000,-800.000000,0.000000,1061.097977,0.047921
1.140000,0.350000,0.357937,-0.321209,9.062357,28.709051,1.535496,-8.709051,-800.000000,0.000000,1061.097977,0.047929
1.141000,0.350000,0.357616,-0.320312,8.823890,26.021232,1.660841,-6.892137,-800.000000,0.000000,1061.097977,0.047936
1.142000,0.350000,0.357297,-0.318025,8.674394,23.265053,1.772473,-4.738082,-800.000000,0.000000,1061.097977,0.047943
1.143000,0.350000,0.356981,-0.314237,8.603915,20.483442,1.867626,-2.282975,-800.000000,0.000000,1061.097977,0.047950
1.144000,0.350000,0.356669,-0.308874,8.603096,17.723681,1.943878,-0.000000,-800.000000,0.000000,1061.097977,0.047957
1.145000,0.350000,0.356364,-0.301900,8.663299,15.034969,1.999203,-0.000000,-800.000000,0.000000,1061.097977,0.047963
1.146000,0.350000,0.356066,-0.293314,8.776645,12.464405,2.032014,-0.000000,-800.000000,0.000000,1061.097977,0.047970
1.147000,0.350000,0.355778,-0.283148,8.936004,10.051886,2.041181,-0.000000,-800.000000,0.000000,1061.097977,0.047975
1.148000,0.350000,0.355500,-0.271461,9.134925,7.829587,2.026027,-0.000000,-800.000000,0.000000,1061.097977,0.047981
1.149000,0.350000,0.355235,-0.258335,9.367554,5.822827,1.986297,-0.000000,-800.000000,0.000000,1061.097977,0.047986
1.150000,0.350000,0.354984,-0.243870,9.628531,4.051266,1.922123,-0.000000,-800.000000,0.000000,1061.097977,0.047991
1.151000,0.350000,0.354748,-0.228181,9.912892,2.530722,1.833982,-0.000000,-800.000000,0.000000,1061.097977,0.047996
1.152000,0.350000,0.354528,-0.211398,10.215975,1.276610,1.722652,-0.000000,-800.000000,0.000000,1061.097977,0.048000
1.153000,0.350000,0.354325,-0.193664,10.533349,0.314938,1.589195,-0.000000,-800.000000,0.000000,1061.097977,0.048005
1.154000,0.350000,0.354141,-0.175187,10.860845,0.000000,1.435005,-0.000000,-800.000000,0.000000,1061.097977,0.048009
1.155000,0.350000,0.353975,-0.156328,11.195069,0.000000,1.262435,-0.000000,-800.000000,0.000000,1061.097977,0.048013
1.156000,0.350000,0.353828,-0.137138,11.532679,0.000000,1.074062,-0.000000,-800.000000,0.000000,1061.097977,0.048017
1.157000,0.350000,0.353701,-0.117614,11.869757,0.000000,0.871582,-0.000000,-800.000000,0.000000,1061.097977,0.048020
1.158000,0.350000,0.353593,-0.097756,12.201797,0.000000,0.656014,-0.000000,-800.000000,0.000000,1061.097977,0.048024
1.159000,0.350000,0.353505,-0.077570,12.531204,0.000000,0.427968,-0.000000,-800.000000,0.476614,1061.116091,0.048027
1.160000,0.350000,0.353438,-0.057036,12.893243,0.000000,0.187763,-0.000000,-800.000000,1.343722,1061.218760,0.048031
1.161000,0.350000,0.353392,-0.036122,13.280964,0.000000,-0.000000,0.064590,-800.000000,2.105662,1061.401581,0.048034
1.162000,0.350000,0.353366,-0.014806,13.679559,0.000000,-0.000000,0.329282,-800.000000,2.762279,1061.654003,0.048038
1.163000,0.350000,0.353362,0.005862,14.075185,0.003770,-0.000000,0.605583,-800.000000,3.318639,1061.965753,0.048041
1.164000,0.350000,0.353377,0.024501,14.463120,0.031964,-0.000000,0.882164,-800.000000,3.782934,1062.327323,0.048044
1.165000,0.350000,0.353411,0.043506,14.834122,0.088533,-0.000000,1.158115,-800.000000,4.163367,1062.730017,0.048048
1.166000,0.350000,0.353464,0.062835,15.176838,0.178962,-0.000000,1.437516,-800.000000,4.468065,1063.165958,0.048051
1.167000,0.350000,0.353537,0.082431,15.481115,0.308315,-0.000000,1.723116,-800.000000,4.704845,1063.628064,0.048055
1.168000,0.350000,0.353629,0.102226,15.738000,0.481577,-0.000000,2.016375,-800.000000,4.881115,1064.110010,0.048058
1.169000,0.350000,0.353741,0.122142,15.939729,0.703788,-0.000000,2.317848,-800.000000,5.003808,1064.606183,0.048062
1.170000,0.350000,0.353873,0.142089,16.079700,0.980080,-0.000000,2.627454,-800.000000,5.079334,1065.111629,0.048066
1.171000,0.350000,0.354025,0.161970,16.152445,1.315674,-0.000000,2.944656,-800.000000,5.113552,1065.622002,0.048070
1.172000,0.350000,0.354197,0.181679,16.153582,1.715881,-0.000000,3.268573,-800.000000,5.111775,1066.133508,0.048074
1.173000,0.350000,0.354389,0.201104,16.079781,2.186096,-0.000000,3.598061,-800.000000,5.078770,1066.642849,0.048079
1.174000,0.350000,0.354599,0.220128,15.928714,2.731798,-0.000000,3.931757,-800.000000,5.018788,1067.147173,0.048083
1.175000,0.350000,0.354829,0.238626,15.699013,3.358544,-0.000000,4.268126,-800.000000,4.935596,1067.644020,0.048088
1.176000,0.350000,0.355076,0.256472,15.390228,4.079321,-0.000000,4.605479,-800.000000,5.171781,1068.142480,0.048093
1.177000,0.350000,0.355341,0.273510,15.002835,4.979453,-0.000000,4.941954,-800.000000,5.969749,1068.709718,0.048098
1.178000,0.350000,0.355623,0.289550,14.538334,6.077605,-0.000000,5.275364,-800.000000,6.742613,1069.355203,0.048104
1.179000,0.350000,0.355920,0.304404,13.999238,7.368365,-0.000000,5.603213,-800.000000,7.487603,1070.076257,0.048110
1.180000,0.350000,0.356231,0.317889,13.389009,8.844934,-0.000000,5.922806,-800.000000,8.201291,1070.869882,0.048116
1.181000,0.350000,0.356555,0.329833,12.711996,10.499083,-0.000000,6.231342,-800.000000,8.879609,1071.732700,0.048123
1.182000,0.350000,0.356890,0.340072,11.973374,12.321109,-0.000000,6.525973,-800.000000,9.517889,1072.660886,0.048130
1.183000,0.350000,0.357235,0.348454,11.179085,14.299800,-0.000000,6.803861,-800.000000,10.110914,1073.650114,0.048137
1.184000,0.350000,0.357587,0.354840,10.335767,16.422407,-0.000000,7.062221,-800.000000,10.652987,1074.695506,0.048144
1.185000,0.350000,0.357944,0.359107,9.450688,18.674630,-0.000000,7.298353,-800.000000,11.138022,1075.791589,0.048152
1.186000,0.350000,0.358304,0.361148,8.531679,21.040622,-0.000000,7.509679,-800.000000,11.559656,1076.932264,0.048161
1.187000,0.350000,0.358665,0.360871,7.587060,23.503013,-0.000000,7.693769,-800.000000,11.911371,1078.110783,0.048169
1.188000,0.350000,0.359025,0.358207,6.625560,26.042958,-0.000000,7.848375,-800.000000,12.186649,1079.319747,0.048178
1.189000,0.350000,0.359381,0.353103,5.656240,28.640216,-0.000000,7.971449,-800.000000,12.379136,1080.551113,0.048188
1.190000,0.350000,0.359730,0.345530,4.688410,31.273258,-0.000000,8.061178,-800.000000,12.482821,1081.796223,0.048198
1.191000,0.350000,0.360071,0.335480,3.731542,33.919414,-0.000000,8.116001,-800.000000,12.492240,1083.045850,0.048208
1.192000,0.350000,0.360401,0.322968,2.795178,36.555048,-0.000000,8.134632,-800.000000,12.402680,1084.290265,0.048218
1.193000,0.350000,0.360716,0.308031,1.888844,39.155775,-0.000000,8.116081,-800.000000,12.210399,1085.519330,0.048229
1.194000,0.350000,0.361016,0.290732,1.021952,41.696723,-0.000000,8.059672,-800.000000,11.912852,1086.722602,0.048240
1.195000,0.350000,0.361297,0.271154,0.203710,44.152823,-0.000000,7.965057,-800.000000,11.508933,1087.889473,0.048251
1.196000,0.350000,0.361558,0.249544,0.000000,46.499295,-0.000000,7.832366,-800.000000,10.992620,1089.008993,0.048263
1.197000,0.350000,0.361796,0.226564,0.000000,48.713192,-0.000000,7.664014,-800.000000,10.372451,1090.070274,0.048274
1.198000,0.350000,0.362010,0.202351,0.000000,50.772809,-0.000000,7.463450,-800.000000,9.654432,1091.063389,0.048286
1.199000,0.350000,0.362200,0.176999,0.000000,52.657429,-0.000000,7.233312,-800.000000,8.844145,1091.978882,0.048299
1.200000,0.350000,0.362364,0.150614,0.000000,54.347781,-0.000000,6.975645,-800.000000,7.949826,1092.808019,0.048311
1.201000,0.350000,0.362501,0.123312,0.000000,55.826565,-0.000000,6.692177,-800.000000,6.982958,1093.543084,0.048323
1.202000,0.350000,0.362610,0.095218,0.000000,57.079109,-0.000000,6.384504,-800.000000,5.959367,1094.177773,0.048336
1.203000,0.350000,0.362691,0.066463,0.000000,58.094282,-0.000000,6.054196,-800.000000,4.901483,1094.707749,0.048349
1.204000,0.350000,0.362743,0.037184,0.000000,58.865977,-0.000000,5.702856,-800.000000,3.843553,1095.131597,0.048362
1.205000,0.350000,0.362765,0.007515,0.005174,59.395980,-0.000000,5.332140,-800.000000,2.844295,1095.452710,0.048374
1.206000,0.350000,0.362759,-0.019811,0.085093,59.702641,-0.000000,4.948565,-800.000000,2.007350,1095.683052,0.048387
1.207000,0.350000,0.362726,-0.046256,0.254034,59.830457,-0.000000,4.564535,-800.000000,1.489132,1095.848222,0.048400
1.208000,0.350000,0.362666,-0.072550,0.512084,59.842105,-0.000000,4.178764,-800.000000,1.376584,1095.987310,0.048412
1.209000,0.350000,0.362581,-0.098550,0.859249,59.793483,-0.000000,3.789786,-800.000000,1.511176,1096.132245,0.048425
1.210000,0.350000,0.362470,-0.124140,1.295570,59.710793,-0.000000,3.397287,-800.000000,1.755655,1096.297713,0.048437
1.211000,0.350000,0.362333,-0.149211,1.823803,59.602842,-0.000000,3.001714,-800.000000,2.049212,1096.491588,0.048450
1.212000,0.350000,0.362171,-0.173656,2.442515,59.472463,-0.000000,2.603988,-800.000000,2.340565,1096.714780,0.048462
1.213000,0.350000,0.361986,-0.197373,3.149022,59.320468,-0.000000,2.205318,-800.000000,2.620729,1096.966457,0.048474
1.214000,0.350000,0.361777,-0.220263,3.940316,59.146859,-0.000000,1.807090,-800.000000,2.884701,1097.245169,0.048486
1.215000,0.350000,0.361546,-0.242229,4.813075,58.951230,-0.000000,1.410795,-800.000000,3.128955,1097.549071,0.048497
1.216000,0.350000,0.361293,-0.263180,5.763669,58.732918,-0.000000,1.017983,-800.000000,3.350601,1097.876006,0.048509
1.217000,0.350000,0.361020,-0.283026,6.788167,58.491074,-0.000000,0.630234,-800.000000,3.547081,1098.223552,0.048520
1.218000,0.350000,0.360727,-0.301682,7.882346,58.224693,-0.000000,0.249141,-800.000000,3.716043,1098.589044,0.048530
1.219000,0.350000,0.360417,-0.319068,9.041702,57.932631,0.123706,-10.000000,-800.000000,3.855297,1098.969592,0.048541
1.220000,0.350000,0.360089,-0.335105,10.261493,57.612162,0.486729,-10.000000,-800.000000,3.936373,1099.360855,0.048551
1.221000,0.350000,0.359747,-0.349718,11.537001,57.254728,0.838361,-10.000000,-800.000000,3.932599,1099.754919,0.048561
1.222000,0.350000,0.359390,-0.362829,12.863918,56.850532,1.177039,-10.000000,-800.000000,3.843381,1100.143277,0.048570
1.223000,0.350000,0.359022,-0.374360,14.238454,56.389746,1.501180,-10.000000,-800.000000,3.666294,1100.517247,0.048579
1.224000,0.350000,0.358642,-0.384231,15.657327,55.862263,1.809174,-10.000000,-800.000000,3.397597,1100.867815,0.048588
1.225000,0.350000,0.358254,-0.392358,17.119308,55.257524,2.099367,-10.000000,-800.000000,3.130903,1101.190154,0.048596
1.226000,0.350000,0.357858,-0.398649,18.626800,54.564426,2.370043,-10.000000,-800.000000,2.839287,1101.485524,0.048604
1.227000,0.350000,0.357457,-0.403007,20.177974,53.771300,2.619393,-10.000000,-800.000000,2.479720,1101.747537,0.048611
1.228000,0.350000,0.357053,-0.405327,21.770146,52.865936,2.845510,-10.000000,-800.000000,2.045124,1101.968963,0.048618
1.229000,0.350000,0.356647,-0.405505,23.399878,51.835661,3.046386,-10.000000,-800.000000,1.527528,1102.141806,0.048625
1.230000,0.350000,0.356243,-0.403427,25.062786,50.647858,3.219919,-10.000000,-800.000000,1.327444,1102.271661,0.048631
1.231000,0.350000,0.355841,-0.398927,26.753284,49.142839,3.363814,-10.000000,-800.000000,1.659682,1102.425022,0.048637
1.232000,0.350000,0.355446,-0.391789,28.464210,47.307675,3.475296,-10.000000,-800.000000,2.007417,1102.612629,0.048642
1.233000,0.350000,0.355059,-0.381812,30.186749,45.172318,3.551190,-10.000000,-800.000000,2.363444,1102.835586,0.048647
1.234000,0.350000,0.354683,-0.368829,31.910477,42.772420,3.588157,-10.000000,-800.000000,2.720240,1103.094254,0.048652
1.235000,0.350000,0.354322,-0.352701,33.623454,40.148395,3.582898,-10.000000,-800.000000,3.070240,1103.388234,0.048656
1.236000,0.350000,0.353979,-0.333329,35.312368,37.344425,3.532306,-10.000000,-800.000000,3.406126,1103.716388,0.048660
1.237000,0.350000,0.353656,-0.310653,36.962727,34.407442,3.433578,-10.000000,-800.000000,3.721137,1104.076876,0.048664
1.238000,0.350000,0.353358,-0.284655,38.559111,31.386111,3.284313,-10.000000,-800.000000,4.009384,1104.467234,0.048667
1.239000,0.350000,0.353088,-0.255359,40.085456,28.329806,3.082587,-8.329806,-800.000000,4.266156,1104.884481,0.048671
1.240000,0.350000,0.352849,-0.222836,41.525387,25.288476,2.827003,-6.121457,-800.000000,4.488196,1105.325253,0.048673
1.241000,0.350000,0.352644,-0.187200,42.862586,22.314683,2.516743,-3.676511,-800.000000,4.673911,1105.785965,0.048676
1.242000,0.350000,0.352475,-0.148609,44.081176,19.462583,2.151598,-1.055879,-800.000000,4.823479,1106.262981,0.048679
1.243000,0.350000,0.352347,-0.107269,45.166121,16.785156,1.732005,-0.000000,-800.000000,4.938814,1106.752793,0.048681
1.244000,0.350000,0.352262,-0.063425,46.103592,14.330509,1.259058,-0.000000,-800.000000,5.023332,1107.252180,0.048683
1.245000,0.350000,0.352221,-0.017356,46.881271,12.136627,0.734497,-0.000000,-800.000000,5.081494,1107.758335,0.048685
1.246000,0.350000,0.352227,0.028435,47.491150,10.226796,0.164114,-0.000000,-800.000000,5.117574,1108.268903,0.048688
1.247000,0.350000,0.352278,0.074519,47.933659,8.607213,-10.000000,0.437630,-800.000000,5.133822,1108.781819,0.048690
1.248000,0.350000,0.352376,0.121834,48.198960,7.280045,-10.000000,1.070231,-800.000000,5.054334,1109.291551,0.048692
1.249000,0.350000,0.352522,0.170019,48.265745,6.239082,-10.000000,1.733724,-800.000000,4.822737,1109.783583,0.048695
1.250000,0.350000,0.352717,0.218697,48.114114,5.470792,-10.000000,2.426469,-800.000000,4.463065,1110.244319,0.048697
1.251000,0.350000,0.352960,0.267489,47.727765,4.956333,-10.000000,3.145519,-800.000000,3.985803,1110.661704,0.048700
1.252000,0.350000,0.353251,0.316010,47.092412,4.674085,-10.000000,3.887019,-800.000000,3.390011,1111.024000,0.048704
1.253000,0.350000,0.353591,0.363878,46.194522,4.602436,-10.000000,4.646499,-800.000000,2.666231,1111.318818,0.048707
1.254000,0.350000,0.353979,0.410710,45.020436,4.722280,-10.000000,5.419051,-800.000000,1.799589,1111.532458,0.048711
1.255000,0.350000,0.354412,0.456120,43.555876,5.018731,-10.000000,6.199443,-800.000000,0.772601,1111.649553,0.048716
1.256000,0.350000,0.354891,0.499714,41.780938,5.481884,-10.000000,6.982159,-800.000000,0.000000,1111.666605,0.048721
1.257000,0.350000,0.355411,0.541059,39.627082,6.106722,-10.000000,7.761369,-800.000000,0.000000,1111.666605,0.048726
1.258000,0.350000,0.355972,0.579682,37.089166,6.892504,-10.000000,8.530731,-800.000000,0.000000,1111.666605,0.048732
1.259000,0.350000,0.356569,0.615123,34.191255,7.842125,-10.000000,9.283455,-800.000000,0.000000,1111.666605,0.048739
1.260000,0.350000,0.357201,0.646947,30.966751,8.961559,-10.000000,10.000000,-800.000000,0.000000,1111.666605,0.048746
1.261000,0.350000,0.357862,0.674753,27.458160,10.259385,-7.458160,10.000000,-800.000000,0.000000,1111.666605,0.048754
1.262000,0.350000,0.358549,0.698183,23.718174,11.746199,-4.463990,10.000000,-800.000000,0.000000,1111.666605,0.048762
1.263000,0.350000,0.359257,0.716928,19.813867,13.433392,-0.931501,10.000000,-800.000000,0.000000,1111.666605,0.048771
1.264000,0.350000,0.359981,0.730748,15.825682,15.332654,-0.000000,10.000000,-800.000000,0.000000,1111.666605,0.048781
1.265000,0.350000,0.360717,0.739476,11.843510,17.472261,-0.000000,10.000000,-800.000000,1.037661,1111.706816,0.048792
1.266000,0.350000,0.361458,0.742999,7.960784,19.938362,-0.000000,10.000000,-800.000000,2.949279,1111.931201,0.048804
1.267000,0.350000,0.362201,0.741278,4.277788,22.708050,-0.000000,10.000000,-800.000000,4.695067,1112.336685,0.048816
1.268000,0.350000,0.362939,0.734407,0.930468,25.735880,-0.000000,10.000000,-800.000000,6.238857,1112.904386,0.048829
1.269000,0.350000,0.363668,0.723141,0.000000,28.971941,-0.000000,10.000000,-800.000000,7.549264,1113.612107,0.048842
1.270000,0.350000,0.364385,0.709704,0.000000,32.367160,-0.000000,10.000000,-800.000000,8.598868,1114.434770,0.048857
1.271000,0.350000,0.365087,0.694273,0.000000,35.870591,-0.000000,10.000000,-800.000000,9.363641,1115.344766,0.048872
1.272000,0.350000,0.365773,0.676804,0.000000,39.427352,-0.000000,10.000000,-800.000000,9.822423,1116.312272,0.048888
1.273000,0.350000,0.366440,0.657282,0.000000,42.979105,-0.000000,10.000000,-800.000000,9.955646,1117.305460,0.048904
1.274000,0.350000,0.367087,0.635731,0.000000,46.464257,-0.000000,10.000000,-800.000000,9.743086,1118.290528,0.048921
1.275000,0.350000,0.367711,0.612209,0.000000,49.817628,-0.000000,10.000000,-800.000000,9.159504,1119.231385,0.048939
1.276000,0.350000,0.368310,0.586812,0.000000,52.969050,-0.000000,10.000000,-800.000000,8.165014,1120.088614,0.048957
1.277000,0.350000,0.368884,0.559682,0.000000,55.839254,-0.000000,10.000000,-800.000000,6.678365,1120.816571,0.048976
1.278000,0.350000,0.369429,0.531011,0.000000,58.326344,-0.000000,10.000000,-800.000000,4.464614,1121.353654,0.048995
1.279000,0.350000,0.369945,0.501072,0.000000,60.178177,-0.000000,10.000000,-800.000000,0.000000,1121.552234,0.049015
1.280000,0.350000,0.370431,0.470385,0.000000,61.064820,-0.000000,10.000000,-800.000000,0.000000,1121.552234,0.049036
1.281000,0.350000,0.370886,0.439312,0.000000,61.605202,-0.000000,10.000000,-800.000000,0.000000,1121.552234,0.049057
1.282000,0.350000,0.371310,0.408014,0.000000,61.915670,-0.000000,10.000000,-800.000000,0.000000,1121.552234,0.049078
1.283000,0.350000,0.371702,0.376607,0.000000,62.052208,-0.000000,10.000000,-800.000000,0.000000,1121.552234,0.049100
1.284000,0.350000,0.372063,0.345178,0.000000,62.054407,-0.000000,10.000000,-800.000000,0.000000,1121.552234,0.049122
1.285000,0.350000,0.372392,0.313796,0.000000,61.954157,-0.000000,10.000000,-800.000000,0.000000,1121.552234,0.049144
1.286000,0.350000,0.372691,0.282509,0.000000,61.778666,-0.000000,10.000000,-800.000000,0.000000,1121.552234,0.049167
1.287000,0.350000,0.372957,0.251355,0.000000,61.552395,-0.000000,10.000000,-800.000000,0.000000,1121.552234,0.049190
1.288000,0.350000,0.373193,0.220351,0.000000,61.304976,-0.000000,10.000000,-800.000000,0.000000,1121.552234,0.049213
1.289000,0.350000,0.373398,0.189504,0.000000,61.051889,-0.000000,10.000000,-800.000000,0.000000,1121.552234,0.049236
1.290000,0.350000,0.373572,0.158810,0.000000,60.803337,-0.000000,10.000000,-800.000000,0.000000,1121.552234,0.049260
1.291000,0.350000,0.373716,0.128263,0.000000,60.569309,-0.000000,10.000000,-800.000000,0.000000,1121.552234,0.049284
1.292000,0.350000,0.373829,0.097847,0.000000,60.359975,-0.000000,10.000000,-800.000000,0.000000,1121.552234,0.049308
1.293000,0.350000,0.373912,0.067541,0.000000,60.186303,-0.000000,10.000000,-800.000000,0.000000,1121.552234,0.049331
1.294000,0.350000,0.373964,0.037317,0.000000,60.061351,-0.000000,9.970028,-800.000000,0.000000,1121.552234,0.049355
1.295000,0.350000,0.373986,0.007136,0.000000,60.002219,-0.000000,9.438474,-800.000000,0.000000,1121.552234,0.049379
1.296000,0.350000,0.373979,-0.020399,0.041141,59.985592,-0.000000,8.951727,-800.000000,0.417795,1121.578221,0.049403
1.297000,0.350000,0.373946,-0.047023,0.164371,59.960234,-0.000000,8.502063,-800.000000,0.807564,1121.644453,0.049427
1.298000,0.350000,0.373885,-0.073487,0.373135,59.922215,-0.000000,8.074335,-800.000000,1.189373,1121.749115,0.049451
1.299000,0.350000,0.373799,-0.099693,0.670453,59.871168,-0.000000,7.658090,-800.000000,1.566436,1121.891652,0.049475
1.300000,0.350000,0.373686,-0.125543,1.058489,59.807223,-0.000000,7.247228,-800.000000,1.937792,1122.071564,0.049499
1.301000,0.350000,0.373548,-0.150935,1.538673,59.730477,-0.000000,6.838510,-800.000000,2.301178,1122.288122,0.049522
1.302000,0.350000,0.373384,-0.175769,2.111727,59.641009,-0.000000,6.430511,-800.000000,2.655056,1122.540438,0.049546
1.303000,0.350000,0.373196,-0.199943,2.777676,59.538900,-0.000000,6.022947,-800.000000,2.997561,1122.827447,0.049569
1.304000,0.350000,0.372985,-0.223358,3.535851,59.424208,-0.000000,5.616265,-800.000000,3.326752,1123.147889,0.049592
1.305000,0.350000,0.372750,-0.245914,4.384905,59.296952,-0.000000,5.211367,-800.000000,3.640696,1123.500312,0.049615
1.306000,0.350000,0.372493,-0.267515,5.322828,59.157118,-0.000000,4.809450,-800.000000,3.937499,1123.883073,0.049637
1.307000,0.350000,0.372215,-0.288067,6.346974,59.004656,-0.000000,4.411890,-800.000000,4.215334,1124.294343,0.049659
1.308000,0.350000,0.371917,-0.307477,7.454082,58.839488,-0.000000,4.020177,-800.000000,4.472458,1124.732114,0.049681
1.309000,0.350000,0.371601,-0.325659,8.640615,58.661510,-0.000000,3.635861,-800.000000,4.746771,1125.195203,0.049703
1.310000,0.350000,0.371267,-0.342526,9.911096,58.470606,-0.000000,3.260532,-800.000000,5.140827,1125.694920,0.049724
1.311000,0.350000,0.370916,-0.357987,11.262225,58.266671,-0.000000,2.895821,-800.000000,5.482394,1126.230759,0.049745
1.312000,0.350000,0.370551,-0.371960,12.685355,58.049621,-0.000000,2.543390,-800.000000,5.772014,1126.797502,0.049766
1.313000,0.350000,0.370173,-0.384370,14.171786,57.819387,-0.000000,2.204884,-800.000000,6.010448,1127.390002,0.049786
1.314000,0.350000,0.369783,-0.395154,15.712802,57.575926,-0.661603,1.881905,-800.000000,6.198670,1128.003199,0.049805
1.315000,0.350000,0.369383,-0.404253,17.299257,57.319223,-1.907988,1.575990,-800.000000,6.327432,1128.631649,0.049825
1.316000,0.350000,0.368975,-0.411622,18.919618,57.049303,-3.330066,1.288594,-800.000000,6.370880,1129.267896,0.049844
1.317000,0.350000,0.368560,-0.417227,20.558513,56.766235,-4.915528,1.021066,-800.000000,6.297888,1129.901444,0.049862
1.318000,0.350000,0.368141,-0.421051,22.196747,56.470123,-6.646877,0.774615,-800.000000,6.080107,1130.518852,0.049881
1.319000,0.350000,0.367719,-0.423101,23.811738,56.161101,-8.501506,0.550265,-800.000000,5.692707,1131.104060,0.049898
1.320000,0.350000,0.367296,-0.423402,25.380429,55.839313,-10.000000,0.348809,-800.000000,5.482125,1131.656005,0.049916
1.321000,0.350000,0.366873,-0.422003,26.880717,55.504902,-10.000000,0.170774,-800.000000,5.376373,1132.197828,0.049932
1.322000,0.350000,0.366452,-0.418981,28.281079,55.157987,-10.000000,0.016394,-800.000000,5.243194,1132.727350,0.049949
1.323000,0.350000,0.366035,-0.414442,29.551254,54.798630,0.114448,-10.000000,-800.000000,5.084059,1133.241920,0.049965
1.324000,0.350000,0.365624,-0.408518,30.669855,54.424494,0.222254,-10.000000,-800.000000,4.859409,1133.737103,0.049981
1.325000,0.350000,0.365219,-0.401347,31.641059,54.024360,0.307882,-10.000000,-800.000000,4.534717,1134.203499,0.049996
1.326000,0.350000,0.364821,-0.393049,32.476087,53.585659,0.372396,-10.000000,-800.000000,4.117452,1134.631592,0.050011
1.327000,0.350000,0.364433,-0.383727,33.186809,53.096543,0.416916,-10.000000,-800.000000,3.612521,1135.012451,0.050025
1.328000,0.350000,0.364054,-0.373465,33.785240,52.545532,0.442512,-10.000000,-800.000000,3.022590,1135.337491,0.050039
1.329000,0.350000,0.363686,-0.362327,34.283124,51.921231,0.450133,-10.000000,-800.000000,2.348484,1135.598276,0.050053
1.330000,0.350000,0.363330,-0.350362,34.691609,51.212109,0.440568,-10.000000,-800.000000,1.589604,1135.786362,0.050066
1.331000,0.350000,0.362986,-0.337599,35.020988,50.406349,0.414415,-10.000000,-800.000000,0.744345,1135.893177,0.050079
1.332000,0.350000,0.362655,-0.324051,35.280500,49.488009,0.372069,-10.000000,-800.000000,0.000000,1135.914685,0.050092
1.333000,0.350000,0.362338,-0.309687,35.478133,48.326198,0.313665,-10.000000,-800.000000,0.000000,1135.914685,0.050104
1.334000,0.350000,0.362036,-0.294398,35.620299,46.870309,0.238821,-10.000000,-800.000000,0.000000,1135.914685,0.050116
1.335000,0.350000,0.361749,-0.278072,35.711722,45.139293,0.146594,-10.000000,-800.000000,0.000000,1135.914685,0.050128
1.336000,0.350000,0.361480,-0.260603,35.755470,43.157525,0.035682,-10.000000,-800.000000,0.000000,1135.914685,0.050139
1.337000,0.350000,0.361229,-0.241899,35.753019,40.954062,-10.000000,0.095406,-800.000000,0.000000,1135.914685,0.050151
1.338000,0.350000,0.360997,-0.221888,35.698311,38.568213,-10.000000,0.248206,-800.000000,0.000000,1135.914685,0.050162
1.339000,0.350000,0.360785,-0.200546,35.561533,36.064715,-10.000000,0.424132,-800.000000,0.000000,1135.914685,0.050172
1.340000,0.350000,0.360596,-0.177920,35.310694,33.508567,-10.000000,0.624206,-800.000000,0.000000,1135.914685,0.050183
1.341000,0.350000,0.360430,-0.154119,34.918391,30.957215,-10.000000,0.848845,-800.000000,0.000000,1135.914685,0.050193
1.342000,0.350000,0.360288,-0.129310,34.362060,28.460133,-10.000000,1.097750,-800.000000,0.000000,1135.914685,0.050204
1.343000,0.350000,0.360172,-0.103703,33.624202,26.058721,-10.000000,1.369884,-800.000000,0.000000,1135.914685,0.050214
1.344000,0.350000,0.360081,-0.077547,32.692576,23.786448,-10.000000,1.663501,-800.000000,0.000000,1135.914685,0.050224
1.345000,0.350000,0.360017,-0.051113,31.560325,21.669205,-10.000000,1.976212,-800.000000,0.000000,1135.914685,0.050234
1.346000,0.350000,0.359979,-0.024692,30.226024,19.725826,-10.000000,2.305076,-800.000000,0.000000,1135.914685,0.050244
1.347000,0.350000,0.359967,0.001149,28.693731,17.968672,-8.693731,2.646589,-800.000000,0.000000,1135.914685,0.050254
1.348000,0.350000,0.359979,0.023284,26.980240,16.399232,-7.849613,2.987894,-800.000000,0.000000,1135.914685,0.050264
1.349000,0.350000,0.360013,0.044423,25.108992,15.015241,-6.676389,3.319674,-800.000000,0.000000,1135.914685,0.050274
1.350000,0.350000,0.360068,0.064420,23.103959,13.815069,-5.182255,3.642207,-800.000000,0.000000,1135.914685,0.050284
1.351000,0.350000,0.360142,0.083051,20.994793,12.793944,-3.383486,3.954923,-800.000000,0.000000,1135.914685,0.050294
1.352000,0.350000,0.360233,0.100126,18.816114,11.944774,-1.304286,4.256232,-800.000000,0.000000,1135.914685,0.050304
1.353000,0.350000,0.360341,0.115494,16.606324,11.258959,-0.000000,4.544026,-800.000000,0.000000,1135.914685,0.050315
1.354000,0.350000,0.360464,0.129053,14.405643,10.727143,-0.000000,4.816074,-800.000000,0.000000,1135.914685,0.050325
1.355000,0.350000,0.360599,0.140741,12.252450,10.339874,-0.000000,5.070295,-800.000000,0.000000,1135.914685,0.050336
1.356000,0.350000,0.360745,0.150540,10.180147,10.088155,-0.000000,5.304925,-800.000000,0.000000,1135.914685,0.050346
1.357000,0.350000,0.360899,0.158467,8.216910,9.963858,-0.000000,5.518596,-800.000000,0.000000,1135.914685,0.050357
1.358000,0.350000,0.361061,0.164567,6.386257,9.960018,-0.000000,5.710368,-800.000000,0.000000,1135.914685,0.050368
1.359000,0.350000,0.361228,0.168914,4.707877,10.071008,-0.000000,5.879723,-800.000000,0.000000,1135.914685,0.050380
1.360000,0.350000,0.361398,0.171598,3.198902,10.292620,-0.000000,6.026537,-800.000000,0.000000,1135.914685,0.050391
1.361000,0.350000,0.361571,0.172730,1.876224,10.622075,-0.000000,6.151048,-800.000000,0.000000,1135.914685,0.050403
1.362000,0.350000,0.361743,0.172443,0.762520,11.057977,-0.000000,6.253837,-800.000000,0.000000,1135.914685,0.050414
1.363000,0.350000,0.361915,0.170891,0.000000,11.656174,-0.000000,6.335831,-800.000000,1.340728,1135.997236,0.050426
1.364000,0.350000,0.362085,0.168552,0.000000,12.473683,-0.000000,6.398869,-800.000000,2.681707,1136.215491,0.050438
1.365000,0.350000,0.362252,0.165677,0.000000,13.501176,-0.000000,6.446396,-800.000000,3.967452,1136.564511,0.050451
1.366000,0.350000,0.362416,0.162148,0.000000,14.726486,-0.000000,6.480695,-800.000000,5.183566,1137.037859,0.050463
1.367000,0.350000,0.362576,0.157856,0.000000,16.134873,-0.000000,6.502570,-800.000000,6.317344,1137.627765,0.050476
1.368000,0.350000,0.362731,0.152698,0.000000,17.709339,-0.000000,6.511863,-800.000000,7.357932,1138.325302,0.050488
1.369000,0.350000,0.362881,0.146584,0.000000,19.430978,-0.000000,6.507849,-800.000000,8.296416,1139.120578,0.050501
1.370000,0.350000,0.363024,0.139434,0.000000,21.279326,-0.000000,6.489496,-800.000000,9.125857,1140.002933,0.050514
1.371000,0.350000,0.363160,0.131181,0.000000,23.232728,-0.000000,6.455630,-800.000000,9.841277,1140.961138,0.050527
1.372000,0.350000,0.363286,0.121771,0.000000,25.268693,-0.000000,6.405048,-800.000000,10.439623,1141.983584,0.050541
1.373000,0.350000,0.363403,0.111162,0.000000,27.364252,-0.000000,6.336589,-800.000000,10.919712,1143.058476,0.050554
1.374000,0.350000,0.363508,0.099326,0.000000,29.496292,-0.000000,6.249185,-800.000000,11.282157,1144.174012,0.050568
1.375000,0.350000,0.363601,0.086248,0.000000,31.641893,-0.000000,6.141888,-800.000000,11.529293,1145.318561,0.050581
1.376000,0.350000,0.363680,0.071925,0.000000,33.778644,-0.000000,6.013896,-800.000000,11.665089,1146.480828,0.050595
1.377000,0.350000,0.363744,0.056369,0.000000,35.884937,-0.000000,5.864565,-800.000000,11.695064,1147.650011,0.050609
1.378000,0.350000,0.363792,0.039600,0.000000,37.940263,-0.000000,5.693416,-800.000000,11.626192,1148.815955,0.050622
1.379000,0.350000,0.363823,0.021652,0.000000,39.925467,-0.000000,5.500132,-800.000000,11.466811,1149.969284,0.050636
1.380000,0.350000,0.363835,0.002604,0.000000,41.823006,-0.000000,5.284567,-800.000000,11.226520,1151.101538,0.050650
1.381000,0.350000,0.363829,-0.014635,0.030993,43.620857,-0.000000,5.053112,-800.000000,10.914836,1152.205236,0.050664
1.382000,0.350000,0.363806,-0.032289,0.110827,45.311087,-0.000000,4.814710,-800.000000,10.541225,1153.273807,0.050678
1.383000,0.350000,0.363764,-0.050800,0.246278,46.882074,-0.000000,4.566090,-800.000000,10.117778,1154.301804,0.050691
1.384000,0.350000,0.363704,-0.070038,0.443460,48.324412,-0.000000,4.304561,-800.000000,9.657373,1155.285044,0.050705
1.385000,0.350000,0.363624,-0.089859,0.707645,49.631270,-0.000000,4.028966,-800.000000,9.173261,1156.220657,0.050719
1.386000,0.350000,0.363524,-0.110114,1.043347,50.798451,-0.000000,3.739272,-800.000000,8.678718,1157.107104,0.050732
1.387000,0.350000,0.363404,-0.130649,1.454300,51.824383,-0.000000,3.436209,-800.000000,8.186655,1157.944154,0.050746
1.388000,0.350000,0.363263,-0.151303,1.943432,52.710031,-0.000000,3.121029,-800.000000,7.709178,1158.732818,0.050759
1.389000,0.350000,0.363101,-0.171916,2.512838,53.458732,-0.000000,2.795347,-800.000000,7.257076,1159.475244,0.050772
1.390000,0.350000,0.362919,-0.192331,3.163779,54.075923,-0.000000,2.461022,-800.000000,6.839270,1160.174541,0.050785
1.391000,0.350000,0.362717,-0.212390,3.896673,54.568782,-0.000000,2.120077,-800.000000,6.462271,1160.834568,0.050798
1.392000,0.350000,0.362494,-0.231943,4.711115,54.945778,-0.000000,1.774639,-800.000000,6.129755,1161.459658,0.050810
1.393000,0.350000,0.362253,-0.250844,5.605900,55.216160,-0.000000,1.426889,-800.000000,5.842348,1162.054323,0.050822
1.394000,0.350000,0.361993,-0.268956,6.579053,55.389434,-0.000000,1.079025,-800.000000,5.597720,1162.622950,0.050834
1.395000,0.350000,0.361715,-0.286147,7.630380,55.474884,-0.000000,0.733239,-800.000000,5.508535,1163.174244,0.050846
1.396000,0.350000,0.361421,-0.302289,8.767988,55.481190,-0.000000,0.391703,-800.000000,5.529879,1163.726454,0.050858
1.397000,0.350000,0.361111,-0.317253,9.985990,55.416173,-0.000000,0.056596,-800.000000,5.545180,1164.280470,0.050869
1.398000,0.350000,0.360787,-0.330927,11.276212,55.286645,0.269928,-10.000000,-800.000000,5.548146,1164.835294,0.050880
1.399000,0.350000,0.360450,-0.343207,12.630524,55.096232,0.585775,-10.000000,-800.000000,5.499198,1165.387727,0.050890
1.400000,0.350000,0.360101,-0.353997,14.041612,54.839657,0.888931,-10.000000,-800.000000,5.370744,1165.930190,0.050900
1.401000,0.350000,0.359742,-0.363204,15.503109,54.510053,1.177447,-10.000000,-800.000000,5.173401,1166.455441,0.050910
1.402000,0.350000,0.359375,-0.370737,17.009374,54.100723,1.449413,-10.000000,-800.000000,4.912488,1166.956960,0.050919
1.403000,0.350000,0.359001,-0.376508,18.555232,53.604698,1.702944,-10.000000,-800.000000,4.589224,1167.428496,0.050928
1.404000,0.350000,0.358623,-0.380428,20.135735,53.014468,1.936166,-10.000000,-800.000000,4.201753,1167.863716,0.050937
1.405000,0.350000,0.358241,-0.382409,21.745933,52.321846,2.147201,-10.000000,-800.000000,3.745997,1168.255960,0.050945
1.406000,0.350000,0.357859,-0.382361,23.380671,51.517927,2.334163,-10.000000,-800.000000,3.216353,1168.598058,0.050953
1.407000,0.350000,0.357477,-0.380199,25.034398,50.593134,2.495143,-10.000000,-800.000000,2.606269,1168.882218,0.050960
1.408000,0.350000,0.357099,-0.375832,26.701010,49.533440,2.628212,-10.000000,-800.000000,2.098667,1169.104708,0.050967
1.409000,0.350000,0.356726,-0.369143,28.373655,48.212208,2.731369,-10.000000,-800.000000,2.320621,1169.328375,0.050974
1.410000,0.350000,0.356362,-0.359958,30.044410,46.585018,2.802290,-10.000000,-800.000000,2.549582,1169.574710,0.050981
1.411000,0.350000,0.356007,-0.348112,31.704161,44.675854,2.838301,-10.000000,-800.000000,2.780967,1169.844129,0.050987
1.412000,0.350000,0.355666,-0.333467,33.342637,42.514356,2.836574,-10.000000,-800.000000,3.009911,1170.136572,0.050992
1.413000,0.350000,0.355341,-0.315912,34.948493,40.134984,2.794312,-10.000000,-800.000000,3.231501,1170.451489,0.050998
1.414000,0.350000,0.355035,-0.295369,36.509436,37.576128,2.708880,-10.000000,-800.000000,3.441019,1170.787845,0.051003
1.415000,0.350000,0.354752,-0.271798,38.012393,34.879174,2.577918,-10.000000,-800.000000,3.634188,1171.144162,0.051007
1.416000,0.350000,0.354493,-0.245192,39.443719,32.087553,2.399419,-10.000000,-800.000000,3.807397,1171.518574,0.051012
1.417000,0.350000,0.354262,-0.215587,40.789438,29.245786,2.171802,-9.245786,-800.000000,3.957901,1171.908905,0.051016
1.418000,0.350000,0.354063,-0.183053,42.035505,26.398927,1.893956,-7.323505,-800.000000,4.083976,1172.312769,0.051020
1.419000,0.350000,0.353897,-0.147703,43.168093,23.593505,1.565282,-5.157977,-800.000000,4.184985,1172.727675,0.051024
1.420000,0.350000,0.353768,-0.109689,44.173871,20.878182,1.185725,-2.802004,-800.000000,4.261348,1173.151134,0.051028
1.421000,0.350000,0.353679,-0.069199,45.040282,18.301814,0.755793,-0.313454,-800.000000,4.314359,1173.580757,0.051032
1.422000,0.350000,0.353631,-0.026462,45.755778,15.910781,0.276577,-0.000000,-800.000000,4.345860,1174.014322,0.051035
1.423000,0.350000,0.353626,0.016874,46.311053,13.744689,-10.000000,0.248839,-800.000000,4.357568,1174.449791,0.051039
1.424000,0.350000,0.353664,0.059809,46.702755,11.826037,-10.000000,0.806024,-800.000000,4.264088,1174.881152,0.051042
1.425000,0.350000,0.353746,0.104106,46.908410,10.171831,-10.000000,1.392681,-800.000000,4.003348,1175.292445,0.051046
1.426000,0.350000,0.353873,0.149404,46.904545,8.790713,-10.000000,2.009511,-800.000000,3.603065,1175.668775,0.051050
1.427000,0.350000,0.354045,0.195322,46.671802,7.682209,-10.000000,2.655448,-800.000000,3.078478,1175.997235,0.051054
1.428000,0.350000,0.354263,0.241465,46.193493,6.838194,-10.000000,3.327879,-800.000000,2.433663,1176.265729,0.051058
1.429000,0.350000,0.354528,0.287430,45.454358,6.244820,-10.000000,4.023092,-800.000000,1.663730,1176.461989,0.051063
1.430000,0.350000,0.354838,0.332809,44.439620,5.884828,-10.000000,4.736598,-800.000000,0.757462,1176.572840,0.051068
1.431000,0.350000,0.355193,0.377192,43.131236,5.739986,-10.000000,5.463351,-800.000000,0.000000,1176.591753,0.051073
1.432000,0.350000,0.355592,0.420139,41.459143,5.793276,-10.000000,6.197845,-800.000000,0.000000,1176.591753,0.051079
1.433000,0.350000,0.356033,0.461163,39.404083,6.030442,-10.000000,6.934001,-800.000000,0.000000,1176.591753,0.051085
1.434000,0.350000,0.356514,0.499791,36.979836,6.440945,-10.000000,7.665228,-800.000000,0.000000,1176.591753,0.051091
1.435000,0.350000,0.357032,0.535572,34.209210,7.018320,-10.000000,8.384639,-800.000000,0.000000,1176.591753,0.051098
1.436000,0.350000,0.357584,0.568085,31.123810,7.760057,-10.000000,9.085246,-800.000000,0.000000,1176.591753,0.051106
1.437000,0.350000,0.358166,0.596946,27.763761,8.667247,-7.763761,9.760108,-800.000000,0.000000,1176.591753,0.051114
1.438000,0.350000,0.358776,0.621810,24.178585,9.744159,-4.954961,10.000000,-800.000000,0.000000,1176.591753,0.051123
1.439000,0.350000,0.359409,0.642388,20.430935,10.997716,-1.625170,10.000000,-800.000000,0.000000,1176.591753,0.051132
1.440000,0.350000,0.360059,0.658452,16.595939,12.436565,-0.000000,10.000000,-800.000000,0.000000,1176.591753,0.051142
1.441000,0.350000,0.360724,0.669847,12.757787,14.070358,-0.000000,10.000000,-800.000000,0.000000,1176.591753,0.051153
1.442000,0.350000,0.361398,0.676499,9.003986,15.909429,-0.000000,10.000000,-800.000000,0.000000,1176.591753,0.051164
1.443000,0.350000,0.362075,0.678400,5.424834,18.025038,-0.000000,10.000000,-800.000000,1.999196,1176.716974,0.051176
1.444000,0.350000,0.362753,0.675594,2.127485,20.460192,-0.000000,10.000000,-800.000000,3.876872,1177.035488,0.051189
1.445000,0.350000,0.363425,0.668288,0.000000,23.175554,-0.000000,10.000000,-800.000000,5.578168,1177.531018,0.051202
1.446000,0.350000,0.364089,0.658381,0.000000,26.129399,-0.000000,10.000000,-800.000000,7.070334,1178.183847,0.051217
1.447000,0.350000,0.364741,0.646709,0.000000,29.279389,-0.000000,10.000000,-800.000000,8.324769,1178.971241,0.051231
1.448000,0.350000,0.365381,0.633174,0.000000,32.578742,-0.000000,10.000000,-800.000000,9.317033,1179.867868,0.051247
1.449000,0.350000,0.366007,0.617703,0.000000,35.976694,-0.000000,10.000000,-800.000000,10.026567,1180.846198,0.051263
1.450000,0.350000,0.366616,0.600256,0.000000,39.419183,-0.000000,10.000000,-800.000000,10.436107,1181.876855,0.051279
1.451000,0.350000,0.367207,0.580826,0.000000,42.849411,-0.000000,10.000000,-800.000000,10.530683,1182.928893,0.051297
1.452000,0.350000,0.367777,0.559437,0.000000,46.208192,-0.000000,10.000000,-800.000000,10.295934,1183.969921,0.051314
1.453000,0.350000,0.368325,0.536150,0.000000,49.433932,-0.000000,10.000000,-800.000000,9.715061,1184.965994,0.051333
1.454000,0.350000,0.368849,0.511061,0.000000,52.461874,-0.000000,10.000000,-800.000000,8.762622,1185.881016,0.051351
1.455000,0.350000,0.369347,0.484307,0.000000,55.221720,-0.000000,10.000000,-800.000000,7.389209,1186.675037,0.051371
1.456000,0.350000,0.369817,0.456066,0.000000,57.630454,-0.000000,10.000000,-800.000000,5.469839,1187.299179,0.051391
1.457000,0.350000,0.370258,0.426575,0.000000,59.561306,-0.000000,10.000000,-800.000000,2.439422,1187.671781,0.051411
1.458000,0.350000,0.370670,0.396227,0.000000,60.567324,-0.000000,10.000000,-800.000000,0.000000,1187.694536,0.051432
1.459000,0.350000,0.371051,0.365503,0.000000,61.046020,-0.000000,10.000000,-800.000000,0.000000,1187.694536,0.051453
1.460000,0.350000,0.371401,0.334589,0.000000,61.293047,-0.000000,10.000000,-800.000000,0.000000,1187.694536,0.051474
1.461000,0.350000,0.371720,0.303597,0.000000,61.378191,-0.000000,10.000000,-800.000000,0.000000,1187.694536,0.051496
1.462000,0.350000,0.372008,0.272607,0.000000,61.345617,-0.000000,10.000000,-800.000000,0.000000,1187.694536,0.051518
1.463000,0.350000,0.372265,0.241674,0.000000,61.229150,-0.000000,10.000000,-800.000000,0.000000,1187.694536,0.051540
1.464000,0.350000,0.372491,0.210838,0.000000,61.056835,-0.000000,10.000000,-800.000000,0.000000,1187.694536,0.051562
1.465000,0.350000,0.372687,0.180121,0.000000,60.857262,-0.000000,10.000000,-800.000000,0.000000,1187.694536,0.051585
1.466000,0.350000,0.372852,0.149530,0.000000,60.652841,-0.000000,10.000000,-800.000000,0.000000,1187.694536,0.051608
1.467000,0.350000,0.372986,0.119060,0.000000,60.455690,-0.000000,10.000000,-800.000000,0.000000,1187.694536,0.051631
1.468000,0.350000,0.373090,0.088701,0.000000,60.277816,-0.000000,10.000000,-800.000000,0.000000,1187.694536,0.051654
1.469000,0.350000,0.373163,0.058433,0.000000,60.131962,-0.000000,9.967042,-800.000000,0.000000,1187.694536,0.051677
1.470000,0.350000,0.373207,0.028230,0.000000,60.033285,-0.000000,9.446986,-800.000000,0.000000,1187.694536,0.051700
1.471000,0.350000,0.373220,-0.001669,0.003580,59.996980,-0.000000,8.965186,-800.000000,0.119906,1187.697534,0.051724
1.472000,0.350000,0.373205,-0.028397,0.068979,59.979254,-0.000000,8.513704,-800.000000,0.536004,1187.736192,0.051747
1.473000,0.350000,0.373163,-0.054984,0.216525,59.950197,-0.000000,8.086169,-800.000000,0.922632,1187.814024,0.051770
1.474000,0.350000,0.373095,-0.081383,0.450243,59.908274,-0.000000,7.671567,-800.000000,1.302892,1187.930091,0.051793
1.475000,0.350000,0.373001,-0.107496,0.772995,59.853331,-0.000000,7.262904,-800.000000,1.678578,1188.083899,0.051816
1.476000,0.350000,0.372880,-0.133224,1.186836,59.785503,-0.000000,6.856324,-800.000000,2.047367,1188.274868,0.051839
1.477000,0.350000,0.372734,-0.158466,1.693094,59.704805,-0.000000,6.449996,-800.000000,2.407492,1188.502186,0.051862
1.478000,0.350000,0.372563,-0.183121,2.292380,59.611265,-0.000000,6.043377,-800.000000,2.757220,1188.764882,0.051884
1.479000,0.350000,0.372368,-0.207088,2.984595,59.504894,-0.000000,5.636742,-800.000000,3.094613,1189.061795,0.051907
1.480000,0.350000,0.372149,-0.230266,3.768944,59.385669,-0.000000,5.230885,-800.000000,3.417696,1189.391569,0.051929
1.481000,0.350000,0.371908,-0.252557,4.643942,59.253526,-0.000000,4.826932,-800.000000,3.724514,1189.752649,0.051951
1.482000,0.350000,0.371645,-0.273864,5.607439,59.108363,-0.000000,4.426221,-800.000000,4.013169,1190.143290,0.051972
1.483000,0.350000,0.371361,-0.294093,6.656639,58.950044,-0.000000,4.030219,-800.000000,4.281832,1190.561562,0.051994
1.484000,0.350000,0.371057,-0.313153,7.788131,58.778402,-0.000000,3.640474,-800.000000,4.528766,1191.005354,0.052015
1.485000,0.350000,0.370735,-0.330957,8.999748,58.593247,-0.000000,3.258578,-800.000000,4.852251,1191.476139,0.052036
1.486000,0.350000,0.370395,-0.347415,10.296854,58.394380,-0.000000,2.886150,-800.000000,5.232713,1191.985566,0.052056
1.487000,0.350000,0.370040,-0.362437,11.672855,58.181623,-0.000000,2.524857,-800.000000,5.559196,1192.529662,0.052076
1.488000,0.350000,0.369671,-0.375942,13.118934,57.954813,-0.000000,2.176377,-800.000000,5.832357,1193.103068,0.052096
1.489000,0.350000,0.369289,-0.387857,14.626238,57.713805,-0.000000,1.842368,-800.000000,6.053072,1193.700504,0.052115
1.490000,0.350000,0.368896,-0.398120,16.185910,57.458481,-1.301916,1.524431,-800.000000,6.222431,1194.316792,0.052134
1.491000,0.350000,0.368493,-0.406674,17.788258,57.188756,-2.606194,1.224100,-800.000000,6.321334,1194.945911,0.052152
1.492000,0.350000,0.368083,-0.413476,19.419641,56.904583,-4.082674,0.942817,-800.000000,6.315681,1195.578621,0.052170
1.493000,0.350000,0.367667,-0.418499,21.062426,56.605957,-5.716355,0.681908,-800.000000,6.176585,1196.202641,0.052188
1.494000,0.350000,0.367247,-0.421732,22.695465,56.292902,-7.487140,0.442535,-800.000000,5.878098,1196.802979,0.052205
1.495000,0.350000,0.366824,-0.423190,24.294585,55.965461,-9.370012,0.225653,-800.000000,5.442641,1197.363389,0.052222
1.496000,0.350000,0.366401,-0.422909,25.838845,55.623677,-10.000000,0.031963,-800.000000,5.345508,1197.901812,0.052239
1.497000,0.350000,0.365979,-0.420947,27.301622,55.267581,0.138110,-10.000000,-800.000000,5.219415,1198.428704,0.052255
1.498000,0.350000,0.365560,-0.417390,28.656992,54.894977,0.284456,-10.000000,-800.000000,5.026319,1198.939393,0.052270
1.499000,0.350000,0.365145,-0.412334,29.902878,54.495260,0.407289,-10.000000,-800.000000,4.733078,1199.424449,0.052285
1.500000,0.350000,0.364735,-0.405865,31.044116,54.056590,0.507034,-10.000000,-800.000000,4.346523,1199.874306,0.052300
1.501000,0.350000,0.364333,-0.398058,32.086459,53.567826,0.584210,-10.000000,-800.000000,3.870973,1200.279920,0.052314
1.502000,0.350000,0.363940,-0.388975,33.036186,53.018179,0.639334,-10.000000,-800.000000,3.308628,1200.632545,0.052328
1.503000,0.350000,0.363556,-0.378665,33.899750,52.396928,0.672868,-10.000000,-800.000000,2.659993,1200.923544,0.052342
1.504000,0.350000,0.363183,-0.367166,34.683480,51.693211,0.685179,-10.000000,-800.000000,1.924307,1201.144248,0.052355
1.505000,0.350000,0.362822,-0.354503,35.393335,50.895888,0.676511,-10.000000,-800.000000,1.099952,1201.285857,0.052368
1.506000,0.350000,0.362474,-0.340686,36.034684,49.993461,0.646970,-10.000000,-800.000000,0.184828,1201.339375,0.052380
1.507000,0.350000,0.362141,-0.325708,36.612130,48.911673,0.596503,-10.000000,-800.000000,0.000000,1201.339375,0.052392
1.508000,0.350000,0.361823,-0.309480,37.129181,47.529316,0.524706,-10.000000,-800.000000,0.000000,1201.339375,0.052404
1.509000,0.350000,0.361522,-0.291890,37.587989,45.861910,0.430629,-10.000000,-800.000000,0.000000,1201.339375,0.052416
1.510000,0.350000,0.361240,-0.272837,37.989324,43.934344,0.312930,-10.000000,-800.000000,0.000000,1201.339375,0.052427
1.511000,0.350000,0.360977,-0.252232,38.332581,41.776375,0.170078,-10.000000,-800.000000,0.000000,1201.339375,0.052438
1.512000,0.350000,0.360736,-0.230010,38.615830,39.421798,0.000501,-10.000000,-800.000000,0.000000,1201.339375,0.052449
1.513000,0.350000,0.360518,-0.206126,38.835872,36.907571,-10.000000,0.197297,-800.000000,0.000000,1201.339375,0.052459
1.514000,0.350000,0.360324,-0.180563,38.982073,34.278979,-10.000000,0.424639,-800.000000,0.000000,1201.339375,0.052470
1.515000,0.350000,0.360157,-0.153361,39.019445,31.603679,-10.000000,0.682542,-800.000000,0.000000,1201.339375,0.052480
1.516000,0.350000,0.360018,-0.124635,38.910953,28.947341,-10.000000,0.971476,-800.000000,0.000000,1201.339375,0.052490
1.517000,0.350000,0.359908,-0.094568,38.624639,26.366281,-10.000000,1.291165,-800.000000,0.000000,1201.339375,0.052500
1.518000,0.350000,0.359829,-0.063401,38.133987,23.907252,-10.000000,1.640511,-800.000000,0.000000,1201.339375,0.052509
1.519000,0.350000,0.359782,-0.031421,37.418262,21.607546,-10.000000,2.017587,-800.000000,0.000000,1201.339375,0.052519
1.520000,0.350000,0.359767,0.000852,36.462839,19.495341,-10.000000,2.419619,-800.000000,0.000000,1201.339375,0.052529
1.521000,0.350000,0.359782,0.030066,35.266041,17.585227,-10.000000,2.834238,-800.000000,0.000000,1201.339375,0.052539
1.522000,0.350000,0.359827,0.058976,33.831646,15.885049,-10.000000,3.251823,-800.000000,0.000000,1201.339375,0.052549
1.523000,0.350000,0.359900,0.087305,32.163585,14.400725,-10.000000,3.672261,-800.000000,0.000000,1201.339375,0.052559
1.524000,0.350000,0.360001,0.114698,30.271893,13.132485,-10.000000,4.094197,-800.000000,0.000000,1201.339375,0.052569
1.525000,0.350000,0.360129,0.140814,28.172526,12.075975,-8.172526,4.514871,-800.000000,0.000000,1201.339375,0.052579
1.526000,0.350000,0.360282,0.165337,25.888035,11.223404,-6.705288,4.930644,-800.000000,0.000000,1201.339375,0.052589
1.527000,0.350000,0.360459,0.187982,23.450265,10.564697,-4.856321,5.337426,-800.000000,0.000000,1201.339375,0.052599
1.528000,0.350000,0.360657,0.208505,20.898703,10.088589,-2.649786,5.731003,-800.000000,0.000000,1201.339375,0.052610
1.529000,0.350000,0.360875,0.226714,18.278934,9.783610,-0.119887,6.107291,-800.000000,0.000000,1201.339375,0.052621
1.530000,0.350000,0.361110,0.242468,15.640960,9.638913,-0.000000,6.462532,-800.000000,0.000000,1201.339375,0.052632
1.531000,0.350000,0.361359,0.255684,13.036031,9.644918,-0.000000,6.793449,-800.000000,0.000000,1201.339375,0.052643
1.532000,0.350000,0.361620,0.266333,10.511060,9.793764,-0.000000,7.097346,-800.000000,0.000000,1201.339375,0.052655
1.533000,0.350000,0.361891,0.274433,8.107663,10.079564,-0.000000,7.372161,-800.000000,0.000000,1201.339375,0.052667
1.534000,0.350000,0.362168,0.280043,5.863160,10.498517,-0.000000,7.616466,-800.000000,0.000000,1201.339375,0.052679
1.535000,0.350000,0.362450,0.283260,3.812640,11.048885,-0.000000,7.829448,-800.000000,0.000000,1201.339375,0.052692
1.536000,0.350000,0.362734,0.284217,1.993777,11.730917,-0.000000,8.010881,-800.000000,0.000000,1201.339375,0.052704
1.537000,0.350000,0.363018,0.283087,0.464581,12.564826,-0.000000,8.161124,-800.000000,0.859484,1201.372608,0.052717
1.538000,0.350000,0.363300,0.280241,0.000000,13.649856,-0.000000,8.281310,-800.000000,2.493832,1201.561104,0.052731
1.539000,0.350000,0.363578,0.276559,0.000000,14.990896,-0.000000,8.375477,-800.000000,4.065233,1201.909280,0.052744
1.540000,0.350000,0.363853,0.272030,0.000000,16.573335,-0.000000,8.448467,-800.000000,5.551588,1202.409447,0.052758
1.541000,0.350000,0.364122,0.266519,0.000000,18.378646,-0.000000,8.502834,-800.000000,6.932664,1203.051819,0.052772
1.542000,0.350000,0.364385,0.259904,0.000000,20.384761,-0.000000,8.539392,-800.000000,8.190478,1203.824726,0.052787
1.543000,0.350000,0.364641,0.252076,0.000000,22.566507,-0.000000,8.557887,-800.000000,9.309574,1204.714854,0.052801
1.544000,0.350000,0.364889,0.242941,0.000000,24.896078,-0.000000,8.557460,-800.000000,10.277191,1205.707514,0.052816
1.545000,0.350000,0.365127,0.232423,0.000000,27.343545,-0.000000,8.536945,-800.000000,11.083373,1206.786912,0.052831
1.546000,0.350000,0.365353,0.220463,0.000000,29.877372,-0.000000,8.495070,-800.000000,11.721017,1207.936439,0.052847
1.547000,0.350000,0.365567,0.207020,0.000000,32.464947,-0.000000,8.430581,-800.000000,12.185891,1209.138955,0.052862
1.548000,0.350000,0.365767,0.192072,0.000000,35.073109,-0.000000,8.342333,-800.000000,12.476628,1210.377073,0.052878
1.549000,0.350000,0.365951,0.175618,0.000000,37.668684,-0.000000,8.229345,-800.000000,12.594708,1211.633452,0.052894
1.550000,0.350000,0.366118,0.157674,0.000000,40.219006,-0.000000,8.090841,-800.000000,12.544438,1212.891072,0.052910
1.551000,0.350000,0.366266,0.138275,0.000000,42.692442,-0.000000,7.926272,-800.000000,12.332940,1214.133522,0.052926
1.552000,0.350000,0.366394,0.117473,0.000000,45.058914,-0.000000,7.735332,-800.000000,11.970166,1215.345278,0.052943
1.553000,0.350000,0.366500,0.095337,0.000000,47.290418,-0.000000,7.517964,-800.000000,11.468950,1216.511993,0.052959
1.554000,0.350000,0.366584,0.071951,0.000000,49.361561,-0.000000,7.274359,-800.000000,10.845121,1217.620786,0.052976
1.555000,0.350000,0.366644,0.047411,0.000000,51.250113,-0.000000,7.004950,-800.000000,10.117722,1218.660562,0.052992
1.556000,0.350000,0.366679,0.021826,0.000000,52.937603,-0.000000,6.710395,-800.000000,9.309356,1219.622346,0.053009
1.557000,0.350000,0.366687,-0.004118,0.005653,54.410166,-0.000000,6.391886,-800.000000,8.446573,1220.499671,0.053026
1.558000,0.350000,0.366671,-0.027949,0.068816,55.664858,-0.000000,6.061087,-800.000000,7.555626,1221.288756,0.053042
1.559000,0.350000,0.366631,-0.052357,0.203141,56.701258,-0.000000,5.722703,-800.000000,6.668616,1221.988701,0.053059
1.560000,0.350000,0.366566,-0.077152,0.415067,57.522008,-0.000000,5.374352,-800.000000,5.825739,1222.602367,0.053076
1.561000,0.350000,0.366477,-0.102130,0.709483,58.137442,-0.000000,5.015037,-800.000000,5.071993,1223.136953,0.053092
1.562000,0.350000,0.366362,-0.127090,1.090166,58.566086,-0.000000,4.645139,-800.000000,4.452873,1223.604242,0.053108
1.563000,0.350000,0.366223,-0.151843,1.559872,58.833952,-0.000000,4.265937,-800.000000,4.004148,1224.020062,0.053125
1.564000,0.350000,0.366059,-0.176213,2.120384,58.971710,-0.000000,3.879234,-800.000000,3.737779,1224.402435,0.053141
1.565000,0.350000,0.365870,-0.200042,2.772563,59.009918,-0.000000,3.487096,-800.000000,3.634976,1224.768649,0.053157
1.566000,0.350000,0.365659,-0.223187,3.516402,58.974428,-0.000000,3.091688,-800.000000,3.655545,1225.132646,0.053172
1.567000,0.350000,0.365424,-0.245521,4.351073,58.884257,-0.000000,2.695170,-800.000000,3.755554,1225.503986,0.053188
1.568000,0.350000,0.365168,-0.266926,5.274976,58.752044,-0.000000,2.299650,-800.000000,3.899005,1225.888282,0.053203
1.569000,0.350000,0.364891,-0.287293,6.285778,58.585657,-0.000000,1.907170,-800.000000,4.060386,1226.288205,0.053218
1.570000,0.350000,0.364594,-0.306519,7.380448,58.389770,-0.000000,1.519703,-800.000000,4.222662,1226.704430,0.053232
1.571000,0.350000,0.364278,-0.324506,8.555299,58.167031,-0.000000,1.139162,-800.000000,4.374550,1227.136304,0.053247
1.572000,0.350000,0.363945,-0.341163,9.806894,57.918811,-0.000000,0.767405,-800.000000,4.581848,1227.584595,0.053261
1.573000,0.350000,0.363596,-0.356396,11.140452,57.645682,-0.000000,0.406250,-800.000000,4.891129,1228.062553,0.053274
1.574000,0.350000,0.363233,-0.370112,12.550394,57.347721,-0.000000,0.057512,-800.000000,5.142928,1228.567857,0.053287
1.575000,0.350000,0.362857,-0.382227,14.027267,57.024692,0.277008,-10.000000,-800.000000,5.336380,1229.094698,0.053300
1.576000,0.350000,0.362469,-0.392666,15.561782,56.674434,0.595550,-10.000000,-800.000000,5.444926,1229.635985,0.053313
1.577000,0.350000,0.362072,-0.401357,17.145558,56.288055,0.896409,-10.000000,-800.000000,5.449739,1230.181539,0.053325
1.578000,0.350000,0.361667,-0.408232,18.771226,55.855518,1.177931,-10.000000,-800.000000,5.361859,1230.721712,0.053336
1.579000,0.350000,0.361256,-0.413225,20.432174,55.367114,1.438488,-10.000000,-800.000000,5.187973,1231.247685,0.053348
1.580000,0.350000,0.360841,-0.416269,22.122272,54.813159,1.676472,-10.000000,-800.000000,4.931125,1231.751074,0.053359
1.581000,0.350000,0.360424,-0.417299,23.835613,54.183792,1.890273,-10.000000,-800.000000,4.591405,1232.223607,0.053369
1.582000,0.350000,0.360007,-0.416247,25.566287,53.468841,2.078281,-10.000000,-800.000000,4.166581,1232.656874,0.053379
1.583000,0.350000,0.359592,-0.413049,27.308168,52.657756,2.238870,-10.000000,-800.000000,3.652702,1233.042128,0.053389
1.584000,0.350000,0.359182,-0.407637,29.054741,51.739610,2.370400,-10.000000,-800.000000,3.044638,1233.370152,0.053398
1.585000,0.350000,0.358778,-0.399947,30.798948,50.703141,2.471211,-10.000000,-800.000000,2.336604,1233.631168,0.053406
1.586000,0.350000,0.358383,-0.389907,32.533065,49.499416,2.539624,-10.000000,-800.000000,2.148252,1233.842295,0.053415
1.587000,0.350000,0.357999,-0.377389,34.248473,47.980898,2.573798,-10.000000,-800.000000,2.339044,1234.069053,0.053423
1.588000,0.350000,0.357629,-0.362232,35.935396,46.156828,2.571479,-10.000000,-800.000000,2.526495,1234.314717,0.053431
1.589000,0.350000,0.357275,-0.344301,37.582936,44.058307,2.530134,-10.000000,-800.000000,2.706005,1234.578665,0.053438
1.590000,0.350000,0.356941,-0.323493,39.179188,41.721524,2.447176,-10.000000,-800.000000,2.873171,1234.859825,0.053445
1.591000,0.350000,0.356629,-0.299735,40.711406,39.186785,2.320142,-10.000000,-800.000000,3.024048,1235.156713,0.053451
1.592000,0.350000,0.356343,-0.272997,42.166211,36.497498,2.146822,-10.000000,-800.000000,3.155385,1235.467489,0.053458
1.593000,0.350000,0.356084,-0.243281,43.529830,33.699149,1.925360,-10.000000,-800.000000,3.264851,1235.790046,0.053464
1.594000,0.350000,0.355857,-0.210633,44.788379,30.838268,1.654330,-10.000000,-800.000000,3.351207,1236.122110,0.053470
1.595000,0.350000,0.355664,-0.175138,45.928152,27.961429,1.332788,-7.961429,-800.000000,3.414406,1236.461358,0.053475
1.596000,0.350000,0.355508,-0.136918,46.935921,25.115299,0.960312,-5.911442,-800.000000,3.455583,1236.805537,0.053481
1.597000,0.350000,0.355391,-0.096136,47.799224,22.349080,0.537025,-3.656753,-800.000000,3.476888,1237.152571,0.053486
1.598000,0.350000,0.355316,-0.052990,48.506617,19.712570,0.063617,-1.255150,-800.000000,3.481131,1237.500646,0.053492
1.599000,0.350000,0.355286,-0.007718,49.047863,17.253436,-10.000000,0.458646,-800.000000,3.471207,1237.848238,0.053497
1.600000,0.350000,0.355300,0.036521,49.415326,15.010902,-10.000000,1.021967,-800.000000,3.374277,1238.190528,0.053502
1.601000,0.350000,0.355359,0.081706,49.594803,13.013026,-10.000000,1.614605,-800.000000,3.136095,1238.514062,0.053507
1.602000,0.350000,0.355464,0.128075,49.565401,11.282782,-10.000000,2.237482,-800.000000,2.779965,1238.806277,0.053513
1.603000,0.350000,0.355616,0.175243,49.309514,9.832059,-10.000000,2.890529,-800.000000,2.316144,1239.056116,0.053519
1.604000,0.350000,0.355815,0.222813,48.811566,8.662687,-10.000000,3.571839,-800.000000,1.743489,1239.252818,0.053524
1.605000,0.350000,0.356061,0.270370,48.056793,7.768139,-10.000000,4.278129,-800.000000,1.052107,1239.384938,0.053530
1.606000,0.350000,0.356355,0.317497,47.030355,7.135676,-10.000000,5.005145,-800.000000,0.226404,1239.439661,0.053537
1.607000,0.350000,0.356696,0.363761,45.688159,6.748822,-10.000000,5.747933,-800.000000,0.000000,1239.439661,0.053543
1.608000,0.350000,0.357082,0.408667,43.952757,6.589805,-10.000000,6.500866,-800.000000,0.000000,1239.439661,0.053551
1.609000,0.350000,0.357513,0.451700,41.825845,6.641754,-10.000000,7.257563,-800.000000,0.000000,1239.439661,0.053558
1.610000,0.350000,0.357985,0.492362,39.321505,6.890475,-10.000000,8.011110,-800.000000,0.000000,1239.439661,0.053566
1.611000,0.350000,0.358496,0.530183,36.462839,7.325552,-10.000000,8.754306,-800.000000,0.000000,1239.439661,0.053575
1.612000,0.350000,0.359044,0.564723,33.281696,7.940773,-10.000000,9.479859,-800.000000,0.000000,1239.439661,0.053584
1.613000,0.350000,0.359625,0.595582,29.818362,8.734100,-9.818362,10.000000,-800.000000,0.000000,1239.439661,0.053593
1.614000,0.350000,0.360234,0.622402,26.121345,9.707313,-7.103182,10.000000,-800.000000,0.000000,1239.439661,0.053603
1.615000,0.350000,0.360868,0.644877,22.248706,10.865243,-3.842677,10.000000,-800.000000,0.000000,1239.439661,0.053614
1.616000,0.350000,0.361522,0.662759,18.271981,12.214670,-0.090822,10.000000,-800.000000,0.000000,1239.439661,0.053626
1.617000,0.350000,0.362192,0.675876,14.274969,13.763783,-0.000000,10.000000,-800.000000,0.000000,1239.439661,0.053638
1.618000,0.350000,0.362872,0.684134,10.349352,15.521846,-0.000000,10.000000,-800.000000,0.000000,1239.439661,0.053651
1.619000,0.350000,0.363559,0.687524,6.588954,17.515068,-0.000000,10.000000,-800.000000,1.051421,1239.479315,0.053664
1.620000,0.350000,0.364246,0.686096,3.098415,19.832719,-0.000000,10.000000,-800.000000,3.042535,1239.710100,0.053679
1.621000,0.350000,0.364929,0.680002,0.056615,22.453586,-0.000000,10.000000,-800.000000,4.861234,1240.129513,0.053694
1.622000,0.350000,0.365605,0.670542,0.000000,25.334656,-0.000000,10.000000,-800.000000,6.472559,1240.718090,0.053709
1.623000,0.350000,0.366270,0.659340,0.000000,28.433083,-0.000000,10.000000,-800.000000,7.845969,1241.453151,0.053726
1.624000,0.350000,0.366923,0.646297,0.000000,31.701973,-0.000000,10.000000,-800.000000,8.955258,1242.309234,0.053742
1.625000,0.350000,0.367562,0.631331,0.000000,35.090132,-0.000000,10.000000,-800.000000,9.778351,1243.258516,0.053760
1.626000,0.350000,0.368185,0.614389,0.000000,38.542804,-0.000000,10.000000,-800.000000,10.296754,1244.271196,0.053778
1.627000,0.350000,0.368790,0.595451,0.000000,42.002287,-0.000000,10.000000,-800.000000,10.494627,1245.315801,0.053797
1.628000,0.350000,0.369375,0.574532,0.000000,45.408346,-0.000000,10.000000,-800.000000,10.357206,1246.359353,0.053816
1.629000,0.350000,0.369938,0.551682,0.000000,48.698296,-0.000000,10.000000,-800.000000,9.868018,1247.367324,0.053836
1.630000,0.350000,0.370478,0.526988,0.000000,51.806411,-0.000000,10.000000,-800.000000,9.003341,1248.303144,0.053857
1.631000,0.350000,0.370992,0.500578,0.000000,54.661925,-0.000000,10.000000,-800.000000,7.719089,1249.126759,0.053878
1.632000,0.350000,0.371479,0.472620,0.000000,57.183068,-0.000000,10.000000,-800.000000,5.909580,1249.790425,0.053899
1.633000,0.350000,0.371937,0.443341,0.000000,59.253999,-0.000000,10.000000,-800.000000,3.171863,1250.221513,0.053921
1.634000,0.350000,0.372365,0.413093,0.000000,60.467867,-0.000000,10.000000,-800.000000,0.000000,1250.273955,0.053944
1.635000,0.350000,0.372763,0.382394,0.000000,61.021420,-0.000000,10.000000,-800.000000,0.000000,1250.273955,0.053966
1.636000,0.350000,0.373130,0.351471,0.000000,61.319629,-0.000000,10.000000,-800.000000,0.000000,1250.273955,0.053989
1.637000,0.350000,0.373466,0.320444,0.000000,61.442007,-0.000000,10.000000,-800.000000,0.000000,1250.273955,0.054013
1.638000,0.350000,0.373770,0.289401,0.000000,61.435956,-0.000000,10.000000,-800.000000,0.000000,1250.273955,0.054037
1.639000,0.350000,0.374044,0.258404,0.000000,61.336990,-0.000000,10.000000,-800.000000,0.000000,1250.273955,0.054061
1.640000,0.350000,0.374287,0.227496,0.000000,61.174239,-0.000000,10.000000,-800.000000,0.000000,1250.273955,0.054085
1.641000,0.350000,0.374499,0.196705,0.000000,60.977575,-0.000000,10.000000,-800.000000,0.000000,1250.273955,0.054109
1.642000,0.350000,0.374681,0.166041,0.000000,60.770451,-0.000000,10.000000,-800.000000,0.000000,1250.273955,0.054134
1.643000,0.350000,0.374832,0.135503,0.000000,60.565076,-0.000000,10.000000,-800.000000,0.000000,1250.273955,0.054159
1.644000,0.350000,0.374952,0.105084,0.000000,60.373261,-0.000000,10.000000,-800.000000,0.000000,1250.273955,0.054184
1.645000,0.350000,0.375042,0.074769,0.000000,60.207082,-0.000000,10.000000,-800.000000,0.000000,1250.273955,0.054209
1.646000,0.350000,0.375101,0.044535,0.000000,60.079994,-0.000000,10.000000,-800.000000,0.000000,1250.273955,0.054234
1.647000,0.350000,0.375131,0.014349,0.000000,60.008942,-0.000000,10.000000,-800.000000,0.000000,1250.273955,0.054259
1.648000,0.350000,0.375131,-0.014015,0.023729,59.989934,-0.000000,9.558245,-800.000000,0.321917,1250.289923,0.054284
1.649000,0.350000,0.375103,-0.040664,0.126117,59.967426,-0.000000,9.063214,-800.000000,0.715212,1250.346827,0.054309
1.650000,0.350000,0.375049,-0.067177,0.312599,59.932506,-0.000000,8.607449,-800.000000,1.098406,1250.442346,0.054335
1.651000,0.350000,0.374969,-0.093457,0.586711,59.884580,-0.000000,8.174184,-800.000000,1.476490,1250.575851,0.054359
1.652000,0.350000,0.374863,-0.119406,0.951028,59.823727,-0.000000,7.753059,-800.000000,1.850307,1250.746897,0.054384
1.653000,0.350000,0.374730,-0.144924,1.407350,59.750339,-0.000000,7.338144,-800.000000,2.218876,1250.955022,0.054409
1.654000,0.350000,0.374573,-0.169910,1.956741,59.664724,-0.000000,6.926329,-800.000000,2.578595,1251.199467,0.054434
1.655000,0.350000,0.374391,-0.194262,2.599541,59.567017,-0.000000,6.516278,-800.000000,2.927851,1251.479244,0.054458
1.656000,0.350000,0.374185,-0.217880,3.335371,59.457366,-0.000000,6.107775,-800.000000,3.264841,1251.793194,0.054482
1.657000,0.350000,0.373955,-0.240665,4.163144,59.335894,-0.000000,5.701314,-800.000000,3.587656,1252.139972,0.054506
1.658000,0.350000,0.373704,-0.262518,5.081085,59.202693,-0.000000,5.297833,-800.000000,3.894393,1252.518041,0.054530
1.659000,0.350000,0.373431,-0.283345,6.086753,59.057821,-0.000000,4.898550,-800.000000,4.183206,1252.925678,0.054553
1.660000,0.350000,0.373137,-0.303053,7.177063,58.901305,-0.000000,4.504858,-800.000000,4.452324,1253.360979,0.054576
1.661000,0.350000,0.372825,-0.321554,8.349249,58.733146,-0.000000,4.118251,-800.000000,4.773012,1253.824154,0.054599
1.662000,0.350000,0.372495,-0.338757,9.609847,58.553333,-0.000000,3.740288,-800.000000,5.196286,1254.328334,0.054622
1.663000,0.350000,0.372148,-0.354570,10.954085,58.361873,-0.000000,3.372599,-800.000000,5.565492,1254.871458,0.054644
1.664000,0.350000,0.371786,-0.368907,12.373071,58.158788,-0.000000,3.016854,-800.000000,5.881307,1255.448160,0.054666
1.665000,0.350000,0.371410,-0.381694,13.857874,57.944120,-0.000000,2.674711,-800.000000,6.144635,1256.053154,0.054687
1.666000,0.350000,0.371023,-0.392863,15.399564,57.717930,-0.873072,2.347790,-800.000000,6.356598,1256.681262,0.054708
1.667000,0.350000,0.370625,-0.402357,16.988657,57.480311,-2.094618,2.037642,-800.000000,6.504720,1257.326774,0.054729
1.668000,0.350000,0.370219,-0.410129,18.612793,57.231388,-3.493336,1.745735,-800.000000,6.561024,1257.981596,0.054749
1.669000,0.350000,0.369806,-0.416146,20.255844,56.971327,-5.056285,1.473426,-800.000000,6.496167,1258.634697,0.054769
1.670000,0.350000,0.369387,-0.420392,21.898078,56.700322,-6.765473,1.221924,-800.000000,6.283312,1259.272261,0.054788
1.671000,0.350000,0.368965,-0.422875,23.516556,56.418589,-8.597942,0.992244,-800.000000,5.898878,1259.877986,0.054807
1.672000,0.350000,0.368542,-0.423622,25.087785,56.126342,-10.000000,0.785165,-800.000000,5.673275,1260.449026,0.054826
1.673000,0.350000,0.368119,-0.422685,26.590716,55.823786,-10.000000,0.601192,-800.000000,5.589802,1261.011351,0.054844
1.674000,0.350000,0.367697,-0.420141,27.994298,55.511094,-10.000000,0.440533,-800.000000,5.479487,1261.563641,0.054862
1.675000,0.350000,0.367279,-0.416096,29.268531,55.188371,-10.000000,0.303051,-800.000000,5.343765,1262.103300,0.054879
1.676000,0.350000,0.366865,-0.410686,30.386601,54.855620,-10.000000,0.188225,-800.000000,5.184351,1262.627891,0.054896
1.677000,0.350000,0.366458,-0.404070,31.325427,54.512710,-10.000000,0.095132,-800.000000,5.003210,1263.135166,0.054912
1.678000,0.350000,0.366058,-0.396428,32.066095,54.159354,-10.000000,0.022460,-800.000000,4.802520,1263.623088,0.054928
1.679000,0.350000,0.365665,-0.387956,32.594166,53.795087,-10.000000,0.000000,-800.000000,4.584625,1264.089846,0.054944
1.680000,0.350000,0.365282,-0.378862,32.899866,53.419263,0.068657,-10.000000,-800.000000,4.352127,1264.533881,0.054959
1.681000,0.350000,0.364908,-0.369357,32.984015,53.028455,0.091397,-10.000000,-800.000000,4.060739,1264.951688,0.054974
1.682000,0.350000,0.364543,-0.359637,32.873842,52.609044,0.102155,-10.000000,-800.000000,3.670873,1265.334131,0.054989
1.683000,0.350000,0.364189,-0.349853,32.601860,52.145712,0.103379,-10.000000,-800.000000,3.190351,1265.671870,0.055003
1.684000,0.350000,0.363844,-0.340120,32.198811,51.623854,0.097317,-10.000000,-800.000000,2.624311,1265.956182,0.055017
1.685000,0.350000,0.363508,-0.330514,31.693100,51.029265,0.085899,-10.000000,-800.000000,1.975422,1266.178700,0.055030
1.686000,0.350000,0.363183,-0.321077,31.110435,50.347855,0.070674,-10.000000,-800.000000,1.244243,1266.331188,0.055043
1.687000,0.350000,0.362866,-0.311818,30.473614,49.565431,0.052782,-10.000000,-800.000000,0.429655,1266.405360,0.055056
1.688000,0.350000,0.362559,-0.302715,29.802449,48.645921,0.032938,-10.000000,-800.000000,0.000000,1266.410678,0.055069
1.689000,0.350000,0.362261,-0.293676,29.113684,47.458035,0.011355,-10.000000,-800.000000,0.000000,1266.410678,0.055081
1.690000,0.350000,0.361972,-0.284545,28.420900,45.988824,0.000000,-10.000000,-800.000000,0.000000,1266.410678,0.055093
1.691000,0.350000,0.361692,-0.275162,27.734674,44.251916,0.000000,-10.000000,-800.000000,0.000000,1266.410678,0.055105
1.692000,0.350000,0.361421,-0.265368,27.062856,42.266522,-9.648197,0.072032,-800.000000,0.000000,1266.410678,0.055116
1.693000,0.350000,0.361161,-0.255008,26.405806,40.063314,-9.596504,0.111242,-800.000000,0.000000,1266.410678,0.055127
1.694000,0.350000,0.360912,-0.243967,25.743463,37.700151,-9.467177,0.159370,-800.000000,0.000000,1266.410678,0.055138
1.695000,0.350000,0.360673,-0.232186,25.054066,35.236650,-9.237350,0.218235,-800.000000,0.000000,1266.410678,0.055149
1.696000,0.350000,0.360447,-0.219658,24.319807,32.726263,-8.886440,0.289266,-800.000000,0.000000,1266.410678,0.055159
1.697000,0.350000,0.360234,-0.206419,23.526999,30.215873,-8.396638,0.373392,-800.000000,0.000000,1266.410678,0.055169
1.698000,0.350000,0.360035,-0.192545,22.666245,27.745665,-7.753412,0.471001,-800.000000,0.000000,1266.410678,0.055180
1.699000,0.350000,0.359849,-0.178137,21.732561,25.349206,-6.945979,0.581965,-800.000000,0.000000,1266.410678,0.055189
1.700000,0.350000,0.359679,-0.163317,20.725410,23.053708,-5.967705,0.705682,-800.000000,0.000000,1266.410678,0.055199
1.701000,0.350000,0.359523,-0.148221,19.648612,20.880408,-4.816373,0.841152,-800.000000,0.000000,1266.410678,0.055209
1.702000,0.350000,0.359382,-0.132988,18.510091,18.845054,-3.494305,0.987059,-800.000000,0.000000,1266.410678,0.055218
1.703000,0.350000,0.359257,-0.117755,17.321470,16.958442,-2.008292,1.141863,-800.000000,0.000000,1266.410678,0.055227
1.704000,0.350000,0.359147,-0.102653,16.097488,15.227001,-0.369325,1.303888,-800.000000,0.000000,1266.410678,0.055236
1.705000,0.350000,0.359052,-0.087798,14.855272,13.653391,-0.000000,1.471413,-800.000000,0.000000,1266.410678,0.055245
1.706000,0.350000,0.358971,-0.073289,13.612961,12.237107,-0.000000,1.642750,-800.000000,0.000000,1266.410678,0.055254
1.707000,0.350000,0.358905,-0.059207,12.386842,10.975061,-0.000000,1.816312,-800.000000,0.000000,1266.410678,0.055263
1.708000,0.350000,0.358852,-0.045618,11.190256,9.862140,-0.000000,1.990662,-800.000000,0.000000,1266.410678,0.055272
1.709000,0.350000,0.358813,-0.032571,10.033701,8.891722,-0.000000,2.164528,-800.000000,0.000000,1266.410678,0.055281
1.710000,0.350000,0.358787,-0.020101,8.925133,8.056152,-0.000000,2.336813,-800.000000,0.000000,1266.410678,0.055290
1.711000,0.350000,0.358773,-0.008235,7.870272,7.347172,-0.000000,2.506591,-800.000000,0.000000,1266.410678,0.055299
1.712000,0.350000,0.358770,0.002081,6.873763,6.755648,-0.000000,2.671963,-800.000000,0.000000,1266.410678,0.055307
1.713000,0.350000,0.358776,0.009401,5.945131,6.267427,-0.000000,2.822504,-800.000000,0.000000,1266.410678,0.055316
1.714000,0.350000,0.358789,0.015930,5.088765,5.871468,-0.000000,2.954924,-800.000000,0.000000,1266.410678,0.055325
1.715000,0.350000,0.358808,0.021863,4.303534,5.560644,-0.000000,3.072998,-800.000000,0.000000,1266.410678,0.055334
1.716000,0.350000,0.358832,0.027221,3.587368,5.328559,-0.000000,3.179716,-800.000000,0.000000,1266.410678,0.055342
1.717000,0.350000,0.358862,0.032027,2.937582,5.169588,-0.000000,3.277029,-800.000000,0.000000,1266.410678,0.055351
1.718000,0.350000,0.358896,0.036302,2.351101,5.078941,-0.000000,3.366209,-800.000000,0.000000,1266.410678,0.055360
1.719000,0.350000,0.358934,0.040067,1.824683,5.052673,-0.000000,3.448093,-800.000000,0.000000,1266.410678,0.055369
1.720000,0.350000,0.358976,0.043344,1.355145,5.087676,-0.000000,3.523252,-800.000000,0.000000,1266.410678,0.055378
1.721000,0.350000,0.359021,0.046151,0.939651,5.181629,-0.000000,3.592086,-800.000000,0.000000,1266.410678,0.055387
1.722000,0.350000,0.359068,0.048501,0.576187,5.372216,-0.000000,3.654875,-800.000000,0.816906,1266.456039,0.055396
1.723000,0.350000,0.359118,0.050362,0.264800,5.726052,-0.000000,3.711704,-800.000000,1.760347,1266.596966,0.055405
1.724000,0.350000,0.359169,0.051696,0.013822,6.237313,-0.000000,3.762371,-800.000000,2.665893,1266.829917,0.055415
1.725000,0.350000,0.359221,0.052541,0.000000,6.897709,-0.000000,3.806600,-800.000000,3.527587,1267.150726,0.055424
1.726000,0.350000,0.359274,0.052958,0.000000,7.698281,-0.000000,3.844545,-800.000000,4.340356,1267.554683,0.055433
1.727000,0.350000,0.359327,0.052873,0.000000,8.629172,-0.000000,3.876165,-800.000000,5.100009,1268.036626,0.055442
1.728000,0.350000,0.359379,0.052213,0.000000,9.679688,-0.000000,3.900996,-800.000000,5.803227,1268.591030,0.055452
1.729000,0.350000,0.359431,0.050911,0.000000,10.838458,-0.000000,3.918308,-800.000000,6.447527,1269.212089,0.055461
1.730000,0.350000,0.359481,0.048908,0.000000,12.093592,-0.000000,3.927224,-800.000000,7.031219,1269.893801,0.055471
1.731000,0.350000,0.359529,0.046151,0.000000,13.432825,-0.000000,3.926806,-800.000000,7.553343,1270.630038,0.055480
1.732000,0.350000,0.359573,0.042595,0.000000,14.843651,-0.000000,3.916109,-800.000000,8.013612,1271.414622,0.055490
1.733000,0.350000,0.359613,0.038201,0.000000,16.313455,-0.000000,3.894215,-800.000000,8.412346,1272.241382,0.055499
1.734000,0.350000,0.359649,0.032940,0.000000,17.829626,-0.000000,3.860255,-800.000000,8.750416,1273.104215,0.055509
1.735000,0.350000,0.359679,0.026786,0.000000,19.379664,-0.000000,3.813430,-800.000000,9.029184,1273.997136,0.055519
1.736000,0.350000,0.359702,0.019724,0.000000,20.951280,-0.000000,3.753013,-800.000000,9.250452,1274.914325,0.055528
1.737000,0.350000,0.359718,0.011744,0.000000,22.532483,-0.000000,3.678362,-800.000000,9.416411,1275.850165,0.055538
1.738000,0.350000,0.359726,0.002928,0.000000,24.111681,-0.000000,3.588955,-800.000000,9.529594,1276.799282,0.055548
1.739000,0.350000,0.359724,-0.004776,0.012615,25.680307,-0.000000,3.488774,-800.000000,9.592476,1277.756556,0.055558
1.740000,0.350000,0.359716,-0.012006,0.050571,27.233676,-0.000000,3.386646,-800.000000,9.607269,1278.717093,0.055567
1.741000,0.350000,0.359700,-0.020083,0.116453,28.762921,-0.000000,3.280867,-800.000000,9.577152,1279.676274,0.055577
1.742000,0.350000,0.359676,-0.028967,0.214427,30.258544,-0.000000,3.167618,-800.000000,9.505859,1280.629840,0.055587
1.743000,0.350000,0.359642,-0.038601,0.348305,31.711841,-0.000000,3.044430,-800.000000,9.397351,1281.573919,0.055596
1.744000,0.350000,0.359598,-0.048921,0.521550,33.114948,-0.000000,2.909958,-800.000000,9.255675,1282.505042,0.055606
1.745000,0.350000,0.359544,-0.059853,0.748677,34.460879,-0.000000,2.763632,-800.000000,9.285444,1283.432782,0.055615
1.746000,0.350000,0.359478,-0.071299,1.041807,35.743570,-0.000000,2.605468,-800.000000,9.267343,1284.360570,0.055625
1.747000,0.350000,0.359401,-0.083158,1.399506,36.957894,-0.000000,2.435937,-800.000000,9.203797,1285.283668,0.055634
1.748000,0.350000,0.359312,-0.095325,1.820129,38.099637,-0.000000,2.255829,-800.000000,9.099877,1286.197848,0.055644
1.749000,0.350000,0.359210,-0.107695,2.301826,39.165469,-0.000000,2.066149,-800.000000,8.960462,1287.099381,0.055653
1.750000,0.350000,0.359097,-0.120165,2.842550,40.152899,-0.000000,1.868053,-800.000000,8.790187,1287.985009,0.055662
1.751000,0.350000,0.358970,-0.132629,3.440060,41.060232,-0.000000,1.662805,-800.000000,8.593392,1288.851919,0.055671
1.752000,0.350000,0.358831,-0.144987,4.091925,41.886510,-0.000000,1.451736,-800.000000,8.374081,1289.697712,0.055680
1.753000,0.350000,0.358680,-0.157139,4.795525,42.631451,-0.000000,1.236232,-800.000000,8.135882,1290.520367,0.055688
1.754000,0.350000,0.358517,-0.168987,5.548063,43.295383,-0.000000,1.017706,-800.000000,7.882014,1291.318199,0.055697
1.755000,0.350000,0.358342,-0.180437,6.346566,43.879168,-0.000000,0.797587,-800.000000,7.615264,1292.089820,0.055705
1.756000,0.350000,0.358156,-0.191400,7.187893,44.384131,-0.000000,0.577311,-800.000000,7.337977,1292.834090,0.055713
1.757000,0.350000,0.357960,-0.201788,8.068744,44.811984,-0.000000,0.358304,-800.000000,7.052050,1293.550078,0.055721
1.758000,0.350000,0.357753,-0.211521,8.985667,45.164746,-0.000000,0.141979,-800.000000,6.758950,1294.237016,0.055729
1.759000,0.350000,0.357537,-0.220522,9.935065,45.444676,0.070275,-10.000000,-800.000000,6.459740,1294.894255,0.055737
1.760000,0.350000,0.357312,-0.228717,10.913260,45.650420,0.277101,-10.000000,-800.000000,6.088730,1295.518088,0.055744
1.761000,0.350000,0.357080,-0.236033,11.916767,45.766957,0.477162,-10.000000,-800.000000,5.599134,1296.097174,0.055751
1.762000,0.350000,0.356841,-0.242391,12.942628,45.779001,0.669104,-10.000000,-800.000000,5.017134,1296.621350,0.055758
1.763000,0.350000,0.356595,-0.247705,13.988330,45.674259,0.851526,-10.000000,-800.000000,4.361817,1297.082621,0.055765
1.764000,0.350000,0.356346,-0.251887,15.051623,45.442543,1.022958,-10.000000,-800.000000,3.645909,1297.474496,0.055771
1.765000,0.350000,0.356092,-0.254843,16.130350,45.075003,1.181854,-10.000000,-800.000000,2.876732,1297.791412,0.055777
1.766000,0.350000,0.355836,-0.256478,17.222297,44.563516,1.326598,-10.000000,-800.000000,2.057233,1298.028257,0.055783
1.767000,0.350000,0.355580,-0.256695,18.325046,43.900229,1.455500,-10.000000,-800.000000,1.187010,1298.179996,0.055788
1.768000,0.350000,0.355323,-0.255386,19.435833,43.031881,1.566791,-10.000000,-800.000000,1.223953,1298.298664,0.055794
1.769000,0.350000,0.355069,-0.252404,20.551323,41.902356,1.658507,-10.000000,-800.000000,1.339694,1298.428135,0.055799
1.770000,0.350000,0.354819,-0.247598,21.667434,40.521370,1.728409,-10.000000,-800.000000,1.474540,1298.570391,0.055804
1.771000,0.350000,0.354575,-0.240827,22.779288,38.904595,1.774090,-10.000000,-800.000000,1.626154,1298.727201,0.055808
1.772000,0.350000,0.354338,-0.231967,23.881191,37.072870,1.793085,-10.000000,-800.000000,1.791665,1298.900064,0.055812
1.773000,0.350000,0.354112,-0.220914,24.966642,35.051595,1.782970,-10.000000,-800.000000,1.967766,1299.090167,0.055817
1.774000,0.350000,0.353897,-0.207585,26.028357,32.870051,1.741445,-10.000000,-800.000000,2.150819,1299.298345,0.055820
1.775000,0.350000,0.353697,-0.191923,27.058330,30.560668,1.666398,-10.000000,-800.000000,2.336953,1299.525051,0.055824
1.776000,0.350000,0.353514,-0.173898,28.047907,28.158265,1.555967,-8.158265,-800.000000,2.522167,1299.770344,0.055828
1.777000,0.350000,0.353350,-0.153510,28.987883,25.700211,1.408593,-6.516038,-800.000000,2.702419,1300.033881,0.055831
1.778000,0.350000,0.353208,-0.130790,29.868617,23.228691,1.223063,-4.614539,-800.000000,2.873700,1300.314913,0.055834
1.779000,0.350000,0.353089,-0.105803,30.680162,20.788833,0.998563,-2.497550,-800.000000,3.032094,1300.612297,0.055837
1.780000,0.350000,0.352997,-0.078650,31.412417,18.426571,0.734716,-0.214171,-800.000000,3.173798,1300.924507,0.055840
1.781000,0.350000,0.352933,-0.049467,32.055269,16.186553,0.431622,-0.000000,-800.000000,3.295121,1301.249643,0.055843
1.782000,0.350000,0.352899,-0.018424,32.598735,14.109141,0.089877,-0.000000,-800.000000,3.392434,1301.585438,0.055846
1.783000,0.350000,0.352896,0.012805,33.034298,12.224748,-10.000000,0.287809,-800.000000,3.462013,1301.929263,0.055849
1.784000,0.350000,0.352924,0.043466,33.356907,10.547892,-10.000000,0.687685,-800.000000,3.378890,1302.272373,0.055852
1.785000,0.350000,0.352983,0.075309,33.535622,9.090420,-10.000000,1.108515,-800.000000,3.045630,1302.591245,0.055855
1.786000,0.350000,0.353075,0.108043,33.537299,7.858099,-10.000000,1.551819,-800.000000,2.495661,1302.863018,0.055858
1.787000,0.350000,0.353200,0.141343,33.333679,6.849750,-10.000000,2.017351,-800.000000,1.754285,1303.067664,0.055861
1.788000,0.350000,0.353358,0.174864,32.900465,6.058332,-10.000000,2.503290,-800.000000,0.838953,1303.187193,0.055865
1.789000,0.350000,0.353549,0.208244,32.216193,5.472308,-10.000000,3.006656,-800.000000,0.000000,1303.210909,0.055868
1.790000,0.350000,0.353774,0.241106,31.256464,5.077225,-10.000000,3.523621,-800.000000,0.000000,1303.210909,0.055872
1.791000,0.350000,0.354031,0.273065,30.010424,4.857391,-10.000000,4.049705,-800.000000,0.000000,1303.210909,0.055876
1.792000,0.350000,0.354320,0.303739,28.478917,4.797474,-8.478917,4.579962,-800.000000,0.000000,1303.210909,0.055880
1.793000,0.350000,0.354638,0.332764,26.671257,4.883808,-7.519149,5.109150,-800.000000,0.000000,1303.210909,0.055885
1.794000,0.350000,0.354985,0.359794,24.607701,5.105235,-6.122718,5.631886,-800.000000,0.000000,1303.210909,0.055890
1.795000,0.350000,0.355357,0.384515,22.318021,5.453494,-4.293808,6.142793,-800.000000,0.000000,1303.210909,0.055895
1.796000,0.350000,0.355753,0.406651,19.840821,5.923230,-2.048410,6.636637,-800.000000,0.000000,1303.210909,0.055901
1.797000,0.350000,0.356169,0.425972,17.222776,6.511788,-0.000000,7.108450,-800.000000,0.000000,1303.210909,0.055907
1.798000,0.350000,0.356604,0.442296,14.516976,7.218915,-0.000000,7.553650,-800.000000,0.000000,1303.210909,0.055914
1.799000,0.350000,0.357053,0.455495,11.779338,8.046457,-0.000000,7.968151,-800.000000,0.000000,1303.210909,0.055921
1.800000,0.350000,0.357514,0.465495,9.064023,8.998092,-0.000000,8.348438,-800.000000,0.000000,1303.210909,0.055928
1.801000,0.350000,0.357983,0.472270,6.423508,10.079107,-0.000000,8.691620,-800.000000,0.000000,1303.210909,0.055936
1.802000,0.350000,0.358457,0.475843,3.911517,11.296210,-0.000000,8.995447,-800.000000,0.000000,1303.210909,0.055945
1.803000,0.350000,0.358934,0.476289,1.592493,12.672425,-0.000000,9.258340,-800.000000,0.812658,1303.240347,0.055954
1.804000,0.350000,0.359409,0.473733,0.000000,14.315990,-0.000000,9.479400,-800.000000,2.567199,1303.431786,0.055963
1.805000,0.350000,0.359880,0.469389,0.000000,16.232556,-0.000000,9.660432,-800.000000,4.242400,1303.793929,0.055973
1.806000,0.350000,0.360347,0.463862,0.000000,18.403281,-0.000000,9.808306,-800.000000,5.811985,1304.317193,0.055983
1.807000,0.350000,0.360808,0.457011,0.000000,20.804916,-0.000000,9.928038,-800.000000,7.250976,1304.989442,0.055994
1.808000,0.350000,0.361261,0.448712,0.000000,23.409836,-0.000000,10.000000,-800.000000,8.536257,1305.796155,0.056005
1.809000,0.350000,0.361705,0.438856,0.000000,26.186419,-0.000000,10.000000,-800.000000,9.646763,1306.720629,0.056017
1.810000,0.350000,0.362138,0.427354,0.000000,29.099433,-0.000000,10.000000,-800.000000,10.563402,1307.744179,0.056029
1.811000,0.350000,0.362559,0.414140,0.000000,32.110472,-0.000000,10.000000,-800.000000,11.269982,1308.846375,0.056042
1.812000,0.350000,0.362966,0.399169,0.000000,35.178595,-0.000000,10.000000,-800.000000,11.754027,1310.005405,0.056055
1.813000,0.350000,0.363357,0.382421,0.000000,38.260999,-0.000000,10.000000,-800.000000,12.006594,1311.198428,0.056068
1.814000,0.350000,0.363730,0.363901,0.000000,41.313652,-0.000000,10.000000,-800.000000,12.021987,1312.401917,0.056082
1.815000,0.350000,0.364084,0.343641,0.000000,44.291879,-0.000000,9.970297,-800.000000,11.797363,1313.591957,0.056096
1.816000,0.350000,0.364417,0.321696,0.000000,47.150852,-0.000000,9.830930,-800.000000,11.331996,1314.744488,0.056110
1.817000,0.350000,0.364727,0.298151,0.000000,49.845929,-0.000000,9.665234,-800.000000,10.626051,1315.835443,0.056125
1.818000,0.350000,0.365012,0.273112,0.000000,52.332812,-0.000000,9.471932,-800.000000,9.680133,1316.840800,0.056140
1.819000,0.350000,0.365272,0.246712,0.000000,54.567642,-0.000000,9.250552,-800.000000,8.494171,1317.736574,0.056155
1.820000,0.350000,0.365505,0.219111,0.000000,56.506672,-0.000000,9.001381,-800.000000,7.063248,1318.498517,0.056171
1.821000,0.350000,0.365710,0.190491,0.000000,58.104746,-0.000000,8.725335,-800.000000,5.365861,1319.101009,0.056187
1.822000,0.350000,0.365886,0.161064,0.000000,59.309628,-0.000000,8.423889,-800.000000,3.314431,1319.512925,0.056203
1.823000,0.350000,0.366032,0.131077,0.000000,60.015966,-0.000000,8.099051,-800.000000,0.000000,1319.661717,0.056219
1.824000,0.350000,0.366148,0.100876,0.000000,60.127800,-0.000000,7.753543,-800.000000,0.000000,1319.661717,0.056235
1.825000,0.350000,0.366234,0.070656,0.000000,60.108101,-0.000000,7.390611,-800.000000,0.000000,1319.661717,0.056251
1.826000,0.350000,0.366290,0.040455,0.000000,60.050095,-0.000000,7.012891,-800.000000,0.000000,1319.661717,0.056267
1.827000,0.350000,0.366315,0.010276,0.000000,60.004329,-0.000000,6.622171,-800.000000,0.000000,1319.661717,0.056284
1.828000,0.350000,0.366311,-0.017629,0.033037,59.987149,-0.000000,6.223257,-800.000000,0.372252,1319.682712,0.056300
1.829000,0.350000,0.366280,-0.044263,0.149010,59.962092,-0.000000,5.828152,-800.000000,0.760078,1319.744289,0.056316
1.830000,0.350000,0.366222,-0.070745,0.350659,59.923839,-0.000000,5.434687,-800.000000,1.137543,1319.843952,0.056332
1.831000,0.350000,0.366139,-0.096976,0.640757,59.871580,-0.000000,5.040047,-800.000000,1.506976,1319.980860,0.056348
1.832000,0.350000,0.366029,-0.122857,1.021228,59.804840,-0.000000,4.642864,-800.000000,1.867405,1320.154161,0.056365
1.833000,0.350000,0.365893,-0.148286,1.493297,59.723188,-0.000000,4.242844,-800.000000,2.216944,1320.362841,0.056380
1.834000,0.350000,0.365732,-0.173161,2.057516,59.626143,-0.000000,3.840402,-800.000000,2.553413,1320.605676,0.056396
1.835000,0.350000,0.365547,-0.197382,2.713778,59.513150,-0.000000,3.436408,-800.000000,2.874551,1320.881217,0.056412
1.836000,0.350000,0.365338,-0.220845,3.461318,59.383574,-0.000000,3.032032,-800.000000,3.178092,1321.187789,0.056427
1.837000,0.350000,0.365106,-0.243451,4.298723,59.236695,-0.000000,2.628635,-800.000000,3.461805,1321.523494,0.056442
1.838000,0.350000,0.364851,-0.265101,5.223945,59.071717,-0.000000,2.227707,-800.000000,3.723505,1321.886211,0.056457
1.839000,0.350000,0.364576,-0.285698,6.234321,58.887769,-0.000000,1.830823,-800.000000,3.961074,1322.273606,0.056472
1.840000,0.350000,0.364280,-0.305148,7.326591,58.683907,-0.000000,1.439606,-800.000000,4.172469,1322.683138,0.056486
1.841000,0.350000,0.363966,-0.323360,8.496926,58.459126,-0.000000,1.055710,-800.000000,4.355739,1323.112066,0.056500
1.842000,0.350000,0.363634,-0.340247,9.740957,58.212360,-0.000000,0.680803,-800.000000,4.509031,1323.557462,0.056513
1.843000,0.350000,0.363286,-0.355723,11.058463,57.942491,-0.000000,0.316551,-800.000000,4.774815,1324.025006,0.056527
1.844000,0.350000,0.362923,-0.369703,12.448238,57.648375,-0.000000,0.000000,-800.000000,4.995387,1324.516711,0.056540
1.845000,0.350000,0.362547,-0.382106,13.901835,57.328857,0.373272,-10.000000,-800.000000,5.160041,1325.026976,0.056552
1.846000,0.350000,0.362159,-0.392857,15.410943,56.981174,0.695488,-10.000000,-800.000000,5.246055,1325.549147,0.056564
1.847000,0.350000,0.361762,-0.401887,16.968342,56.596325,1.000382,-10.000000,-800.000000,5.237227,1326.073897,0.056576
1.848000,0.350000,0.361356,-0.409128,18.567771,56.164231,1.286349,-10.000000,-800.000000,5.143245,1326.592384,0.056587
1.849000,0.350000,0.360944,-0.414512,20.203614,55.675055,1.551792,-10.000000,-800.000000,4.969345,1327.096453,0.056598
1.850000,0.350000,0.360528,-0.417970,21.870619,55.118899,1.795114,-10.000000,-800.000000,4.717154,1327.578239,0.056609
1.851000,0.350000,0.360109,-0.419432,23.563646,54.485598,2.014704,-10.000000,-800.000000,4.385424,1328.029853,0.056619
1.852000,0.350000,0.359690,-0.418829,25.277441,53.764604,2.208930,-10.000000,-800.000000,3.970697,1328.443141,0.056629
1.853000,0.350000,0.359272,-0.416090,27.006425,52.944935,2.376136,-10.000000,-800.000000,3.467905,1328.809496,0.056638
1.854000,0.350000,0.358858,-0.411142,28.744520,52.015186,2.514631,-10.000000,-800.000000,2.870918,1329.119736,0.056647
1.855000,0.350000,0.358450,-0.403912,30.484999,50.963589,2.622695,-10.000000,-800.000000,2.173064,1329.364026,0.056655
1.856000,0.350000,0.358051,-0.394324,32.220362,49.733637,2.698574,-10.000000,-800.000000,2.044506,1329.562834,0.056663
1.857000,0.350000,0.357663,-0.382234,33.942084,48.174902,2.740321,-10.000000,-800.000000,2.263061,1329.780946,0.056671
1.858000,0.350000,0.357287,-0.367470,35.640367,46.301169,2.745548,-10.000000,-800.000000,2.478689,1330.020772,0.056678
1.859000,0.350000,0.356929,-0.349888,37.304174,44.145751,2.711574,-10.000000,-800.000000,2.686212,1330.281694,0.056685
1.860000,0.350000,0.356589,-0.329375,38.921359,41.747057,2.635670,-10.000000,-800.000000,2.880686,1330.562589,0.056692
1.861000,0.350000,0.356271,-0.305854,40.478843,39.147568,2.515234,-10.000000,-800.000000,3.057662,1330.861871,0.056698
1.862000,0.350000,0.355978,-0.279287,41.962829,36.392785,2.347933,-10.000000,-800.000000,3.213447,1331.177551,0.056704
1.863000,0.350000,0.355713,-0.249676,43.359064,33.530159,2.131800,-10.000000,-800.000000,3.345343,1331.507333,0.056710
1.864000,0.350000,0.355480,-0.217063,44.653131,30.608037,1.865319,-10.000000,-800.000000,3.451847,1331.848724,0.056715
1.865000,0.350000,0.355280,-0.181533,45.830766,27.674631,1.547474,-7.674631,-800.000000,3.532780,1332.199163,0.056721
1.866000,0.350000,0.355117,-0.143209,46.878177,24.778184,1.177791,-5.545647,-800.000000,3.589310,1332.556157,0.056726
1.867000,0.350000,0.354995,-0.102258,47.782361,21.969729,0.756363,-3.215011,-800.000000,3.623811,1332.917404,0.056731
1.868000,0.350000,0.354914,-0.058882,48.531391,19.300622,0.283871,-0.742876,-800.000000,3.639529,1333.280900,0.056736
1.869000,0.350000,0.354877,-0.013324,49.114635,16.819570,-10.000000,0.238407,-800.000000,3.640015,1333.644988,0.056740
1.870000,0.350000,0.354887,0.031639,49.522994,14.566789,-10.000000,0.804147,-800.000000,3.552132,1334.004739,0.056745
1.871000,0.350000,0.354941,0.077205,49.742736,12.568191,-10.000000,1.400071,-800.000000,3.322087,1334.346566,0.056750
1.872000,0.350000,0.355042,0.123993,49.753139,10.844761,-10.000000,2.026570,-800.000000,2.975256,1334.657945,0.056755
1.873000,0.350000,0.355189,0.171615,49.536711,9.406679,-10.000000,2.683656,-800.000000,2.523462,1334.928039,0.056761
1.874000,0.350000,0.355385,0.219668,49.078167,8.254112,-10.000000,3.369493,-800.000000,1.966483,1335.146422,0.056766
1.875000,0.350000,0.355629,0.267738,48.363113,7.378920,-10.000000,4.080833,-800.000000,1.294741,1335.302038,0.056772
1.876000,0.350000,0.355920,0.315405,47.377097,6.766853,-10.000000,4.813444,-800.000000,0.492466,1335.382461,0.056777
1.877000,0.350000,0.356259,0.362243,46.093844,6.400100,-10.000000,5.562391,-800.000000,0.000000,1335.390107,0.056784
1.878000,0.350000,0.356644,0.407778,44.425128,6.259855,-10.000000,6.322139,-800.000000,0.000000,1335.390107,0.056790
1.879000,0.350000,0.357074,0.451492,42.358796,6.328523,-10.000000,7.086426,-800.000000,0.000000,1335.390107,0.056797
1.880000,0.350000,0.357547,0.492882,39.907656,6.591484,-10.000000,7.848398,-800.000000,0.000000,1335.390107,0.056805
1.881000,0.350000,0.358059,0.531471,37.093641,7.038136,-10.000000,8.600868,-800.000000,0.000000,1335.390107,0.056813
1.882000,0.350000,0.358609,0.566812,33.947549,7.662257,-10.000000,9.336524,-800.000000,0.000000,1335.390107,0.056822
1.883000,0.350000,0.359191,0.598496,30.508734,8.461891,-10.000000,10.000000,-800.000000,0.000000,1335.390107,0.056831
1.884000,0.350000,0.359804,0.626158,26.824787,9.438975,-6.824787,10.000000,-800.000000,0.000000,1335.390107,0.056841
1.885000,0.350000,0.360442,0.649478,22.952885,10.598651,-3.635363,10.000000,-800.000000,0.000000,1335.390107,0.056851
1.886000,0.350000,0.361102,0.668201,18.964633,11.948022,-0.000000,10.000000,-800.000000,0.000000,1335.390107,0.056862
1.887000,0.350000,0.361777,0.682141,14.943822,13.495563,-0.000000,10.000000,-800.000000,0.000000,1335.390107,0.056874
1.888000,0.350000,0.362464,0.691193,10.981603,15.250785,-0.000000,10.000000,-800.000000,0.000000,1335.390107,0.056886
1.889000,0.350000,0.363158,0.695339,7.170354,17.233248,-0.000000,10.000000,-800.000000,0.805976,1335.417299,0.056900
1.890000,0.350000,0.363853,0.694616,3.610712,19.535397,-0.000000,10.000000,-800.000000,2.815749,1335.624679,0.056913
1.891000,0.350000,0.364546,0.689151,0.454262,22.145986,-0.000000,10.000000,-800.000000,4.656205,1336.022751,0.056928
1.892000,0.350000,0.365230,0.679952,0.000000,25.021745,-0.000000,10.000000,-800.000000,6.291730,1336.592321,0.056943
1.893000,0.350000,0.365905,0.668925,0.000000,28.119512,-0.000000,10.000000,-800.000000,7.691193,1337.310916,0.056959
1.894000,0.350000,0.366568,0.656057,0.000000,31.392670,-0.000000,10.000000,-800.000000,8.827772,1338.153219,0.056976
1.895000,0.350000,0.367216,0.641260,0.000000,34.790178,-0.000000,10.000000,-800.000000,9.678777,1339.091494,0.056993
1.896000,0.350000,0.367849,0.624481,0.000000,38.257328,-0.000000,10.000000,-800.000000,10.225124,1340.095966,0.057011
1.897000,0.350000,0.368465,0.605696,0.000000,41.736353,-0.000000,10.000000,-800.000000,10.450405,1341.135127,0.057029
1.898000,0.350000,0.369060,0.584918,0.000000,45.166861,-0.000000,10.000000,-800.000000,10.339329,1342.175914,0.057048
1.899000,0.350000,0.369634,0.562193,0.000000,48.485912,-0.000000,10.000000,-800.000000,9.874946,1343.183661,0.057068
1.900000,0.350000,0.370184,0.537606,0.000000,51.627448,-0.000000,10.000000,-800.000000,9.033154,1344.121621,0.057088
1.901000,0.350000,0.370709,0.511281,0.000000,54.520317,-0.000000,10.000000,-800.000000,7.769744,1344.949535,0.057109
1.902000,0.350000,0.371206,0.483387,0.000000,57.082402,-0.000000,10.000000,-800.000000,5.980003,1345.619498,0.057130
1.903000,0.350000,0.371675,0.454147,0.000000,59.198201,-0.000000,10.000000,-800.000000,3.273210,1346.059297,0.057152
1.904000,0.350000,0.372114,0.423908,0.000000,60.464582,-0.000000,10.000000,-800.000000,0.000000,1346.114953,0.057174
1.905000,0.350000,0.372523,0.393196,0.000000,61.047468,-0.000000,10.000000,-800.000000,0.000000,1346.114953,0.057196
1.906000,0.350000,0.372900,0.362245,0.000000,61.367984,-0.000000,10.000000,-800.000000,0.000000,1346.114953,0.057219
1.907000,0.350000,0.373247,0.331179,0.000000,61.507366,-0.000000,10.000000,-800.000000,0.000000,1346.114953,0.057242
1.908000,0.350000,0.373563,0.300089,0.000000,61.513584,-0.000000,10.000000,-800.000000,0.000000,1346.114953,0.057266
1.909000,0.350000,0.373847,0.269039,0.000000,61.422478,-0.000000,10.000000,-800.000000,0.000000,1346.114953,0.057290
1.910000,0.350000,0.374101,0.238077,0.000000,61.263419,-0.000000,10.000000,-800.000000,0.000000,1346.114953,0.057314
1.911000,0.350000,0.374323,0.207231,0.000000,61.065602,-0.000000,10.000000,-800.000000,0.000000,1346.114953,0.057338
1.912000,0.350000,0.374515,0.176513,0.000000,60.854572,-0.000000,10.000000,-800.000000,0.000000,1346.114953,0.057363
1.913000,0.350000,0.374677,0.145926,0.000000,60.642676,-0.000000,10.000000,-800.000000,0.000000,1346.114953,0.057387
1.914000,0.350000,0.374807,0.115464,0.000000,60.441522,-0.000000,10.000000,-800.000000,0.000000,1346.114953,0.057412
1.915000,0.350000,0.374907,0.085113,0.000000,60.262790,-0.000000,10.000000,-800.000000,0.000000,1346.114953,0.057437
1.916000,0.350000,0.374977,0.054853,0.000000,60.119115,-0.000000,10.000000,-800.000000,0.000000,1346.114953,0.057462
1.917000,0.350000,0.375017,0.024655,0.000000,60.025897,-0.000000,10.000000,-800.000000,0.000000,1346.114953,0.057487
1.918000,0.350000,0.375027,-0.004914,0.006742,59.995233,-0.000000,9.693444,-800.000000,0.177724,1346.120530,0.057512
1.919000,0.350000,0.375009,-0.031589,0.082275,59.976426,-0.000000,9.183654,-800.000000,0.582856,1346.163992,0.057537
1.920000,0.350000,0.374964,-0.058158,0.240982,59.945862,-0.000000,8.719093,-800.000000,0.968453,1346.246438,0.057562
1.921000,0.350000,0.374892,-0.084527,0.486803,59.902385,-0.000000,8.281087,-800.000000,1.348070,1346.367047,0.057587
1.922000,0.350000,0.374795,-0.110595,0.822502,59.845914,-0.000000,7.857616,-800.000000,1.723299,1346.525338,0.057612
1.923000,0.350000,0.374671,-0.136265,1.250035,59.776760,-0.000000,7.441669,-800.000000,2.093831,1346.720873,0.057637
1.924000,0.350000,0.374522,-0.161433,1.770614,59.695275,-0.000000,7.029453,-800.000000,2.456263,1346.952980,0.057661
1.925000,0.350000,0.374349,-0.185999,2.384726,59.601600,-0.000000,6.619203,-800.000000,2.808753,1347.220721,0.057685
1.926000,0.350000,0.374151,-0.209863,3.092140,59.495883,-0.000000,6.210435,-800.000000,3.149544,1347.522994,0.057710
1.927000,0.350000,0.373929,-0.232923,3.891919,59.378255,-0.000000,5.803470,-800.000000,3.476732,1347.858511,0.057734
1.928000,0.350000,0.373685,-0.255082,4.782435,59.248815,-0.000000,5.399142,-800.000000,3.788406,1348.225793,0.057757
1.929000,0.350000,0.373419,-0.276244,5.761395,59.107627,-0.000000,4.998601,-800.000000,4.082698,1348.623169,0.057781
1.930000,0.350000,0.373133,-0.296315,6.825860,58.954725,-0.000000,4.603199,-800.000000,4.357812,1349.048790,0.057804
1.931000,0.350000,0.372827,-0.315206,7.972807,58.790113,-0.000000,4.214406,-800.000000,4.666503,1349.501992,0.057827
1.932000,0.350000,0.372503,-0.332826,9.208592,58.613780,-0.000000,3.833766,-800.000000,5.097171,1349.995978,0.057849
1.933000,0.350000,0.372162,-0.349081,10.529681,58.425730,-0.000000,3.462900,-800.000000,5.474426,1350.529689,0.057871
1.934000,0.350000,0.371805,-0.363885,11.927302,58.225979,-0.000000,3.103476,-800.000000,5.798852,1351.097818,0.057893
1.935000,0.350000,0.371435,-0.377161,13.392630,58.014562,-0.000000,2.757160,-800.000000,6.071263,1351.695131,0.057914
1.936000,0.350000,0.371052,-0.388838,14.916828,57.791527,-0.000000,2.425581,-800.000000,6.292687,1352.316490,0.057936
1.937000,0.350000,0.370658,-0.398859,16.491080,57.556952,-1.354726,2.110306,-800.000000,6.464357,1352.956872,0.057956
1.938000,0.350000,0.370254,-0.407171,18.105727,57.310948,-2.699459,1.812826,-800.000000,6.566561,1353.610387,0.057976
1.939000,0.350000,0.369844,-0.413735,19.747045,57.053665,-4.215299,1.534537,-800.000000,6.564239,1354.267830,0.057996
1.940000,0.350000,0.369427,-0.418527,21.397242,56.785298,-5.886888,1.276711,-800.000000,6.428017,1354.916890,0.058016
1.941000,0.350000,0.369007,-0.421543,23.034974,56.506069,-7.693727,1.040453,-800.000000,6.131703,1355.542513,0.058035
1.942000,0.350000,0.368585,-0.422801,24.635842,56.216220,-9.610349,0.826657,-800.000000,5.674815,1356.127806,0.058053
1.943000,0.350000,0.368162,-0.422343,26.178116,55.915989,-10.000000,0.635956,-800.000000,5.599249,1356.690783,0.058071
1.944000,0.350000,0.367741,-0.420233,27.635247,55.605599,-10.000000,0.468698,-800.000000,5.496389,1357.244487,0.058089
1.945000,0.350000,0.367322,-0.416564,28.975928,55.285225,-10.000000,0.324907,-800.000000,5.367572,1357.786272,0.058107
1.946000,0.350000,0.366908,-0.411461,30.171556,54.954963,-10.000000,0.204236,-800.000000,5.214426,1358.313641,0.058123
1.947000,0.350000,0.366500,-0.405072,31.197032,54.614791,-10.000000,0.105941,-800.000000,5.038845,1358.824277,0.058140
1.948000,0.350000,0.366098,-0.397571,32.031263,54.264542,-10.000000,0.028877,-800.000000,4.842957,1359.316068,0.058156
1.949000,0.350000,0.365705,-0.389147,32.657528,53.903888,-10.000000,0.000000,-800.000000,4.629077,1359.787128,0.058172
1.950000,0.350000,0.365320,-0.380005,33.063727,53.532322,0.068013,-10.000000,-800.000000,4.399791,1360.235814,0.058187
1.951000,0.350000,0.364945,-0.370357,33.248398,53.146586,0.091898,-10.000000,-800.000000,4.111251,1360.658566,0.058202
1.952000,0.350000,0.364580,-0.360398,33.236726,52.733327,0.102529,-10.000000,-800.000000,3.724369,1361.046244,0.058217
1.953000,0.350000,0.364224,-0.350285,33.059482,52.277522,0.102308,-10.000000,-800.000000,3.247063,1361.389532,0.058231
1.954000,0.350000,0.363879,-0.340137,32.745975,51.764867,0.093464,-10.000000,-800.000000,2.684578,1361.679734,0.058245
1.955000,0.350000,0.363544,-0.330038,32.323467,51.181456,0.077937,-10.000000,-800.000000,2.039706,1361.908525,0.058258
1.956000,0.350000,0.363219,-0.320036,31.816788,50.513497,0.057310,-10.000000,-800.000000,1.313134,1362.067725,0.058271
1.957000,0.350000,0.362904,-0.310150,31.248107,49.747092,0.032777,-10.000000,-800.000000,0.503870,1362.149113,0.058284
1.958000,0.350000,0.362599,-0.300368,30.636821,48.852869,0.005132,-10.000000,-800.000000,0.000000,1362.158012,0.058297
1.959000,0.350000,0.362303,-0.290613,29.999459,47.697768,0.000000,-10.000000,-800.000000,0.000000,1362.158012,0.058309
1.960000,0.350000,0.362018,-0.280740,29.349559,46.260407,-10.000000,0.058923,-800.000000,0.000000,1362.158012,0.058321
1.961000,0.350000,0.361742,-0.270597,28.692381,44.561049,-10.000000,0.096757,-800.000000,0.000000,1362.158012,0.058333
1.962000,0.350000,0.361477,-0.260060,28.010810,42.650045,-10.000000,0.140239,-800.000000,0.000000,1362.158012,0.058344
1.963000,0.350000,0.361222,-0.249057,27.285354,40.581855,-9.711795,0.190856,-800.000000,0.000000,1362.158012,0.058356
1.964000,0.350000,0.360979,-0.237562,26.500226,38.406698,-9.543212,0.249880,-800.000000,0.000000,1362.158012,0.058367
1.965000,0.350000,0.360747,-0.225591,25.643800,36.169952,-9.220177,0.318211,-800.000000,0.000000,1362.158012,0.058377
1.966000,0.350000,0.360528,-0.213193,24.708420,33.911820,-8.728390,0.396313,-800.000000,0.000000,1362.158012,0.058388
1.967000,0.350000,0.360321,-0.200446,23.690539,31.667195,-8.057161,0.484203,-800.000000,0.000000,1362.158012,0.058398
1.968000,0.350000,0.360127,-0.187446,22.590900,29.465704,-7.199930,0.581486,-800.000000,0.000000,1362.158012,0.058408
1.969000,0.350000,0.359946,-0.174305,21.414557,27.331886,-6.154646,0.687399,-800.000000,0.000000,1362.158012,0.058418
1.970000,0.350000,0.359778,-0.161137,20.170725,25.285481,-4.923982,0.800889,-800.000000,0.000000,1362.158012,0.058428
1.971000,0.350000,0.359624,-0.148058,18.872441,23.341788,-3.515345,0.920687,-800.000000,0.000000,1362.158012,0.058438
1.972000,0.350000,0.359482,-0.135175,17.536019,21.512083,-1.940658,1.045397,-800.000000,0.000000,1362.158012,0.058447
1.973000,0.350000,0.359353,-0.122585,16.180333,19.804074,-0.215918,1.173571,-800.000000,0.000000,1362.158012,0.058457
1.974000,0.350000,0.359237,-0.110369,14.825943,18.222357,-0.000000,1.303791,-800.000000,0.000000,1362.158012,0.058466
1.975000,0.350000,0.359132,-0.098588,13.493518,16.768896,-0.000000,1.434740,-800.000000,0.000000,1362.158012,0.058475
1.976000,0.350000,0.359039,-0.087286,12.200685,15.443467,-0.000000,1.565250,-800.000000,0.000000,1362.158012,0.058484
1.977000,0.350000,0.358957,-0.076490,10.961221,14.244090,-0.000000,1.694339,-800.000000,0.000000,1362.158012,0.058493
1.978000,0.350000,0.358886,-0.066214,9.785342,13.167420,-0.000000,1.821209,-800.000000,0.000000,1362.158012,0.058502
1.979000,0.350000,0.358825,-0.056462,8.680108,12.209096,-0.000000,1.945246,-800.000000,0.000000,1362.158012,0.058511
1.980000,0.350000,0.358773,-0.047229,7.649847,11.364065,-0.000000,2.065999,-800.000000,0.000000,1362.158012,0.058519
1.981000,0.350000,0.358730,-0.038505,6.696574,10.626850,-0.000000,2.183158,-800.000000,0.000000,1362.158012,0.058528
1.982000,0.350000,0.358696,-0.030274,5.820387,9.991797,-0.000000,2.296530,-800.000000,0.000000,1362.158012,0.058537
1.983000,0.350000,0.358670,-0.022519,5.019847,9.453271,-0.000000,2.406018,-800.000000,0.000000,1362.158012,0.058546
1.984000,0.350000,0.358651,-0.015221,4.292320,9.005822,-0.000000,2.511595,-800.000000,0.000000,1362.158012,0.058554
1.985000,0.350000,0.358639,-0.008362,3.634291,8.644317,-0.000000,2.613284,-800.000000,0.000000,1362.158012,0.058563
1.986000,0.350000,0.358634,-0.002171,3.041789,8.363922,-0.000000,2.710939,-800.000000,0.000000,1362.158012,0.058571
1.987000,0.350000,0.358634,0.002084,2.513660,8.157735,-0.000000,2.800099,-800.000000,0.000000,1362.158012,0.058580
1.988000,0.350000,0.358637,0.004766,2.050015,8.017931,-0.000000,2.875006,-800.000000,0.000000,1362.158012,0.058589
1.989000,0.350000,0.358643,0.006581,1.648401,7.938862,-0.000000,2.934495,-800.000000,0.000000,1362.158012,0.058597
1.990000,0.350000,0.358650,0.008058,1.303684,7.917364,-0.000000,2.981460,-800.000000,0.000000,1362.158012,0.058606
1.991000,0.350000,0.358659,0.009217,1.010261,7.973123,-0.000000,3.018951,-800.000000,0.584068,1362.187077,0.058615
1.992000,0.350000,0.358669,0.010042,0.762917,8.158110,-0.000000,3.048956,-800.000000,1.353343,1362.293763,0.058623
1.993000,0.350000,0.358679,0.010502,0.556976,8.469807,-0.000000,3.072554,-800.000000,2.094356,1362.475652,0.058632
1.994000,0.350000,0.358690,0.010561,0.388332,8.901981,-0.000000,3.090197,-800.000000,2.802222,1362.729605,0.058641
1.995000,0.350000,0.358700,0.010188,0.253469,9.447548,-0.000000,3.101940,-800.000000,3.472761,1363.052042,0.058649
1.996000,0.350000,0.358710,0.009350,0.149462,10.098700,-0.000000,3.107586,-800.000000,4.102508,1363.439008,0.058658
1.997000,0.350000,0.358719,0.008017,0.073985,10.847027,-0.000000,3.106785,-800.000000,4.688688,1363.886244,0.058667
1.998000,0.350000,0.358726,0.006161,0.025330,11.683633,-0.000000,3.099101,-800.000000,5.229195,1364.389258,0.058676
1.999000,0.350000,0.358731,0.003857,0.002062,12.599304,-0.000000,3.084138,-800.000000,5.722546,1364.943385,0.058684
2.000000,0.350000,0.358734,0.001673,0.000000,13.585654,-0.000000,3.063330,-800.000000,6.167766,1365.543844,0.058693
2.001000,0.350000,0.358734,-0.000371,0.002360,14.635114,-0.000000,3.039310,-800.000000,6.564343,1366.185788,0.058702
2.002000,0.350000,0.358733,-0.002340,0.009499,15.739902,-0.000000,3.013597,-800.000000,6.912297,1366.864348,0.058711
2.003000,0.350000,0.358729,-0.004278,0.021119,16.892127,-0.000000,2.986869,-800.000000,7.212175,1367.574692,0.058719
2.004000,0.350000,0.358724,-0.006342,0.038053,18.083863,-0.000000,2.959235,-800.000000,7.465022,1368.312074,0.058728
2.005000,0.350000,0.358717,-0.009044,0.062559,19.306269,-0.000000,2.928797,-800.000000,7.672418,1369.071886,0.058737
2.006000,0.350000,0.358706,-0.012435,0.097772,20.550008,-0.000000,2.892782,-800.000000,7.836379,1369.849706,0.058745
2.007000,0.350000,0.358691,-0.016514,0.146843,21.806084,-0.000000,2.849207,-800.000000,7.959182,1370.641332,0.058754
2.008000,0.350000,0.358673,-0.021272,0.212934,23.065917,-0.000000,2.796757,-800.000000,8.043260,1371.442797,0.058763
2.009000,0.350000,0.358649,-0.026689,0.299184,24.321380,-0.000000,2.734597,-800.000000,8.091126,1372.250388,0.058771
2.010000,0.350000,0.358619,-0.032741,0.408652,25.564835,-0.000000,2.662233,-800.000000,8.105325,1373.060641,0.058780
2.011000,0.350000,0.358583,-0.039395,0.544266,26.789155,-0.000000,2.579425,-800.000000,8.088396,1373.870348,0.058789
2.012000,0.350000,0.358540,-0.046610,0.708779,27.987742,-0.000000,2.486140,-800.000000,8.042845,1374.676555,0.058797
2.013000,0.350000,0.358490,-0.054341,0.904720,29.154535,-0.000000,2.382508,-800.000000,7.971127,1375.476552,0.058806
2.014000,0.350000,0.358431,-0.062531,1.145922,30.284026,-0.000000,2.268808,-800.000000,8.092506,1376.281237,0.058814
2.015000,0.350000,0.358364,-0.071104,1.445520,31.371298,-0.000000,2.145499,-800.000000,8.175060,1377.096023,0.058822
2.016000,0.350000,0.358289,-0.079978,1.801304,32.412041,-0.000000,2.013238,-800.000000,8.211417,1377.916147,0.058831
2.017000,0.350000,0.358204,-0.089071,2.210918,33.402537,-0.000000,1.872833,-800.000000,8.205334,1378.737225,0.058839
2.018000,0.350000,0.358111,-0.098300,2.671912,34.339644,-0.000000,1.725197,-800.000000,8.160478,1379.555244,0.058847
2.019000,0.350000,0.358008,-0.107584,3.181748,35.220765,-0.000000,1.571314,-800.000000,8.080396,1380.366548,0.058855
2.020000,0.350000,0.357896,-0.116844,3.737806,36.043832,-0.000000,1.412224,-800.000000,7.968494,1381.167829,0.058863
2.021000,0.350000,0.357774,-0.125999,4.337386,36.807271,-0.000000,1.248997,-800.000000,7.828007,1381.956109,0.058871
2.022000,0.350000,0.357644,-0.134975,4.977713,37.509976,-0.000000,1.082731,-800.000000,7.661985,1382.728722,0.058878
2.023000,0.350000,0.357504,-0.143695,5.655934,38.151274,-0.000000,0.914535,-800.000000,7.473269,1383.483292,0.058886
2.024000,0.350000,0.357356,-0.152088,6.369130,38.730895,-0.000000,0.745523,-800.000000,7.264482,1384.217717,0.058893
2.025000,0.350000,0.357200,-0.160086,7.114308,39.248930,-0.000000,0.576808,-800.000000,7.038014,1384.930140,0.058900
2.026000,0.350000,0.357036,-0.167622,7.888414,39.705801,-0.000000,0.409495,-800.000000,6.796024,1385.618931,0.058907
2.027000,0.350000,0.356865,-0.174634,8.688328,40.102218,-0.000000,0.244675,-800.000000,6.540438,1386.282658,0.058914
2.028000,0.350000,0.356687,-0.181063,9.510873,40.439151,-0.000000,0.083420,-800.000000,6.272955,1386.920071,0.058921
2.029000,0.350000,0.356503,-0.186854,10.352815,40.717791,0.073223,-10.000000,-800.000000,5.995061,1387.530074,0.058928
2.030000,0.350000,0.356314,-0.191955,11.210919,40.935152,0.224232,-10.000000,-800.000000,5.631157,1388.108072,0.058934
2.031000,0.350000,0.356120,-0.196311,12.082190,41.072379,0.368605,-10.000000,-800.000000,5.124773,1388.640535,0.058940
2.032000,0.350000,0.355921,-0.199858,12.964036,41.110113,0.505304,-10.000000,-800.000000,4.503227,1389.114975,0.058946
2.033000,0.350000,0.355720,-0.202525,13.854174,41.032457,0.633223,-10.000000,-800.000000,3.787642,1389.521240,0.058952
2.034000,0.350000,0.355517,-0.204232,14.750480,40.826173,0.751161,-10.000000,-800.000000,2.993402,1389.850931,0.058957
2.035000,0.350000,0.355312,-0.204898,15.650850,40.479950,0.857821,-10.000000,-800.000000,2.130834,1390.096866,0.058962
2.036000,0.350000,0.355107,-0.204435,16.553080,39.983786,0.951809,-10.000000,-800.000000,1.206011,1390.252619,0.058968
2.037000,0.350000,0.354904,-0.202748,17.454746,39.305182,1.031638,-10.000000,-800.000000,1.090060,1390.360041,0.058972
2.038000,0.350000,0.354702,-0.199718,18.353034,38.399068,1.095661,-10.000000,-800.000000,1.144934,1390.472353,0.058977
2.039000,0.350000,0.354505,-0.195217,19.244604,37.268932,1.142021,-10.000000,-800.000000,1.215077,1390.591115,0.058982
2.040000,0.350000,0.354312,-0.189127,20.125526,35.924500,1.168714,-10.000000,-800.000000,1.299188,1390.717777,0.058986
2.041000,0.350000,0.354127,-0.181339,20.991257,34.380547,1.173678,-10.000000,-800.000000,1.395462,1390.853626,0.058990
2.042000,0.350000,0.353950,-0.171760,21.836629,32.656411,1.154865,-10.000000,-800.000000,1.501652,1390.999741,0.058994
2.043000,0.350000,0.353784,-0.160315,22.655856,30.775423,1.110311,-10.000000,-800.000000,1.615131,1391.156952,0.058998
2.044000,0.350000,0.353630,-0.146948,23.442564,28.764286,1.038190,-8.764286,-800.000000,1.732944,1391.325806,0.059001
2.045000,0.350000,0.353491,-0.131626,24.189836,26.653049,0.936872,-7.529478,-800.000000,1.851873,1391.506538,0.059005
2.046000,0.350000,0.353368,-0.114341,24.890273,24.476597,0.804967,-6.018331,-800.000000,1.968486,1391.699045,0.059008
2.047000,0.350000,0.353263,-0.095115,25.536069,22.273575,0.641380,-4.262969,-800.000000,2.079181,1391.902872,0.059012
2.048000,0.350000,0.353178,-0.073999,26.119107,20.084969,0.445354,-2.301720,-800.000000,2.180219,1392.117195,0.059015
2.049000,0.350000,0.353115,-0.051075,26.631058,17.952541,0.216515,-0.177788,-800.000000,2.267747,1392.340807,0.059018
2.050000,0.350000,0.353076,-0.026458,27.063487,15.917041,0.000000,-0.000000,-800.000000,2.337797,1392.572112,0.059021
2.051000,0.350000,0.353063,-0.000436,27.408011,14.015560,-7.412263,0.338947,-800.000000,2.386892,1392.809135,0.059024
2.052000,0.350000,0.353075,0.023839,27.658434,12.272710,-8.399235,0.655926,-800.000000,2.313563,1393.044943,0.059027
2.053000,0.350000,0.353111,0.049076,27.793225,10.705004,-9.299870,0.988050,-800.000000,2.023412,1393.259851,0.059030
2.054000,0.350000,0.353173,0.075249,27.781367,9.326445,-10.000000,1.337709,-800.000000,1.518898,1393.432325,0.059033
2.055000,0.350000,0.353262,0.102084,27.593138,8.143959,-9.879105,1.705975,-800.000000,0.803896,1393.541154,0.059037
2.056000,0.350000,0.353377,0.129277,27.200933,7.158143,-10.000000,2.092155,-800.000000,0.000000,1393.568716,0.059040
2.057000,0.350000,0.353520,0.156503,26.588562,6.364260,-9.633843,2.494200,-800.000000,0.000000,1393.568716,0.059044
2.058000,0.350000,0.353690,0.183430,25.746407,5.753420,-9.450544,2.909095,-800.000000,0.000000,1393.568716,0.059047
2.059000,0.350000,0.353887,0.209722,24.668449,5.313904,-8.947226,3.333149,-800.000000,0.000000,1393.568716,0.059051
2.060000,0.350000,0.354109,0.235052,23.356041,5.032527,-8.101664,3.762217,-800.000000,0.000000,1393.568716,0.059055
2.061000,0.350000,0.354357,0.259104,21.818453,4.895942,-6.899679,4.191868,-800.000000,0.000000,1393.568716,0.059060
2.062000,0.350000,0.354627,0.281583,20.073314,4.891724,-5.336386,4.617543,-800.000000,0.000000,1393.568716,0.059064
2.063000,0.350000,0.354919,0.302223,18.146630,5.009168,-3.417033,5.034694,-800.000000,0.000000,1393.568716,0.059069
2.064000,0.350000,0.355231,0.320793,16.072268,5.239731,-1.157335,5.438908,-800.000000,0.000000,1393.568716,0.059074
2.065000,0.350000,0.355560,0.337104,13.890919,5.577190,-0.000000,5.826032,-800.000000,0.000000,1393.568716,0.059080
2.066000,0.350000,0.355904,0.351011,11.648016,6.017589,-0.000000,6.192277,-800.000000,0.000000,1393.568716,0.059086
2.067000,0.350000,0.356261,0.362419,9.389758,6.559060,-0.000000,6.534310,-800.000000,0.000000,1393.568716,0.059092
2.068000,0.350000,0.356628,0.371276,7.160473,7.201606,-0.000000,6.849315,-800.000000,0.000000,1393.568716,0.059099
2.069000,0.350000,0.357003,0.377572,5.003157,7.946869,-0.000000,7.135027,-800.000000,0.000000,1393.568716,0.059106
2.070000,0.350000,0.357383,0.381339,2.962308,8.797929,-0.000000,7.389743,-800.000000,0.000000,1393.568716,0.059113
2.071000,0.350000,0.357765,0.382656,1.093426,9.759133,-0.000000,7.612344,-800.000000,0.000000,1393.568716,0.059121
2.072000,0.350000,0.358147,0.381710,0.000000,10.844392,-0.000000,7.802395,-800.000000,0.556753,1393.586334,0.059129
2.073000,0.350000,0.358528,0.379607,0.000000,12.160923,-0.000000,7.962336,-800.000000,2.160837,1393.742698,0.059138
2.074000,0.350000,0.358906,0.376668,0.000000,13.730054,-0.000000,8.098093,-800.000000,3.698793,1394.055502,0.059146
2.075000,0.350000,0.359281,0.372751,0.000000,15.536449,-0.000000,8.213538,-800.000000,5.150184,1394.516845,0.059156
2.076000,0.350000,0.359651,0.367724,0.000000,17.561116,-0.000000,8.310319,-800.000000,6.496132,1395.116878,0.059165
2.077000,0.350000,0.360016,0.361468,0.000000,19.781732,-0.000000,8.388655,-800.000000,7.719650,1395.843979,0.059175
2.078000,0.350000,0.360374,0.353877,0.000000,22.173008,-0.000000,8.447921,-800.000000,8.805861,1396.684957,0.059186
2.079000,0.350000,0.360723,0.344860,0.000000,24.707093,-0.000000,8.487026,-800.000000,9.742147,1397.625276,0.059196
2.080000,0.350000,0.361063,0.334344,0.000000,27.354010,-0.000000,8.504662,-800.000000,10.518241,1398.649282,0.059208
2.081000,0.350000,0.361391,0.322274,0.000000,30.082092,-0.000000,8.499469,-800.000000,11.126291,1399.740446,0.059219
2.082000,0.350000,0.361707,0.308613,0.000000,32.858445,-0.000000,8.470144,-800.000000,11.560878,1400.881607,0.059231
2.083000,0.350000,0.362008,0.293342,0.000000,35.649405,-0.000000,8.415514,-800.000000,11.819036,1402.055214,0.059243
2.084000,0.350000,0.362293,0.276463,0.000000,38.421002,-0.000000,8.334591,-800.000000,11.900242,1403.243571,0.059255
2.085000,0.350000,0.362561,0.257999,0.000000,41.139421,-0.000000,8.226603,-800.000000,11.806418,1404.429085,0.059267
2.086000,0.350000,0.362809,0.237989,0.000000,43.771463,-0.000000,8.091021,-800.000000,11.541925,1405.594506,0.059280
2.087000,0.350000,0.363036,0.216493,0.000000,46.285009,-0.000000,7.927571,-800.000000,11.113574,1406.723173,0.059293
2.088000,0.350000,0.363241,0.193589,0.000000,48.649482,-0.000000,7.736248,-800.000000,10.530673,1407.799264,0.059307
2.089000,0.350000,0.363423,0.169370,0.000000,50.836321,-0.000000,7.517312,-800.000000,9.805133,1408.808046,0.059320
2.090000,0.350000,0.363580,0.143947,0.000000,52.819471,-0.000000,7.271293,-800.000000,8.951689,1409.736153,0.059334
2.091000,0.350000,0.363710,0.117441,0.000000,54.575938,-0.000000,6.998975,-800.000000,7.988364,1410.571892,0.059347
2.092000,0.350000,0.363814,0.089988,0.000000,56.086428,-0.000000,6.701389,-800.000000,6.937395,1411.305628,0.059361
2.093000,0.350000,0.363890,0.061732,0.000000,57.336226,-0.000000,6.379793,-800.000000,5.827157,1411.930309,0.059375
2.094000,0.350000,0.363937,0.032823,0.000000,58.316525,-0.000000,6.035646,-800.000000,4.696292,1412.442317,0.059389
2.095000,0.350000,0.363955,0.003436,0.000000,59.026801,-0.000000,5.670574,-800.000000,3.602853,1412.843012,0.059403
2.096000,0.350000,0.363945,-0.023283,0.051885,59.482946,-0.000000,5.293039,-800.000000,2.634229,1413.141373,0.059417
2.097000,0.350000,0.363909,-0.049687,0.187010,59.721364,-0.000000,4.913485,-800.000000,1.926047,1413.357804,0.059431
2.098000,0.350000,0.363846,-0.076025,0.409106,59.798908,-0.000000,4.530146,-800.000000,1.626396,1413.528280,0.059445
2.099000,0.350000,0.363757,-0.102132,0.720717,59.783374,-0.000000,4.141872,-800.000000,1.686182,1413.692609,0.059458
2.100000,0.350000,0.363642,-0.127876,1.123481,59.719567,-0.000000,3.748682,-800.000000,1.916308,1413.874876,0.059472
2.101000,0.350000,0.363501,-0.153143,1.618298,59.626068,-0.000000,3.351288,-800.000000,2.201235,1414.084121,0.059485
2.102000,0.350000,0.363336,-0.177824,2.205388,59.509298,-0.000000,2.950791,-800.000000,2.496865,1414.322724,0.059499
2.103000,0.350000,0.363146,-0.201813,2.884306,59.371330,-0.000000,2.548523,-800.000000,2.786286,1414.590585,0.059512
2.104000,0.350000,0.362932,-0.225008,3.653956,59.212618,-0.000000,2.145958,-800.000000,3.061622,1414.886553,0.059525
2.105000,0.350000,0.362696,-0.247306,4.512602,59.032913,-0.000000,1.744668,-800.000000,3.318212,1415.208913,0.059538
2.106000,0.350000,0.362438,-0.268607,5.457887,58.831608,-0.000000,1.346282,-800.000000,3.552679,1415.555573,0.059550
2.107000,0.350000,0.362159,-0.288815,6.486850,58.607872,-0.000000,0.952474,-800.000000,3.762238,1415.924142,0.059562
2.108000,0.350000,0.361861,-0.307833,7.595948,58.360719,-0.000000,0.564935,-800.000000,3.944420,1416.311975,0.059574
2.109000,0.350000,0.361544,-0.325572,8.781086,58.089040,-0.000000,0.185371,-800.000000,4.096969,1416.716192,0.059586
2.110000,0.350000,0.361210,-0.341944,10.038462,57.791622,0.184516,-10.000000,-800.000000,4.277772,1417.135749,0.059597
2.111000,0.350000,0.360861,-0.356861,11.370190,57.465671,0.543024,-10.000000,-800.000000,4.478506,1417.576883,0.059608
2.112000,0.350000,0.360497,-0.370233,12.771003,57.102519,0.888432,-10.000000,-800.000000,4.582365,1418.031933,0.059618
2.113000,0.350000,0.360121,-0.381972,14.234506,56.692357,1.218995,-10.000000,-800.000000,4.600107,1418.491920,0.059628
2.114000,0.350000,0.359734,-0.391989,15.755179,56.225454,1.532941,-10.000000,-800.000000,4.538097,1418.948663,0.059638
2.115000,0.350000,0.359337,-0.400194,17.328081,55.691883,1.828473,-10.000000,-800.000000,4.399042,1419.394381,0.059647
2.116000,0.350000,0.358934,-0.406498,18.948570,55.081335,2.103759,-10.000000,-800.000000,4.182642,1419.821372,0.059656
2.117000,0.350000,0.358525,-0.410808,20.612041,54.383015,2.356932,-10.000000,-800.000000,3.886184,1420.221748,0.059665
2.118000,0.350000,0.358113,-0.413032,22.313681,53.585606,2.586077,-10.000000,-800.000000,3.505087,1420.587231,0.059673
2.119000,0.350000,0.357700,-0.413074,24.048246,52.677290,2.789233,-10.000000,-800.000000,3.033417,1420.908993,0.059681
2.120000,0.350000,0.357288,-0.410837,25.809862,51.645818,2.964385,-10.000000,-800.000000,2.464376,1421.177558,0.059688
2.121000,0.350000,0.356879,-0.406222,27.591859,50.465175,3.109467,-10.000000,-800.000000,2.143895,1421.394185,0.059695
2.122000,0.350000,0.356476,-0.399085,29.386539,48.975890,3.222283,-10.000000,-800.000000,2.428047,1421.626284,0.059701
2.123000,0.350000,0.356082,-0.389224,31.184815,47.156472,3.300207,-10.000000,-800.000000,2.715673,1421.887061,0.059707
2.124000,0.350000,0.355699,-0.376459,32.976145,45.038066,3.340234,-10.000000,-800.000000,3.000703,1422.176487,0.059713
2.125000,0.350000,0.355330,-0.360640,34.748599,42.657421,3.339225,-10.000000,-800.000000,3.276914,1422.493913,0.059718
2.126000,0.350000,0.354978,-0.341652,36.488987,40.055903,3.294109,-10.000000,-800.000000,3.538223,1422.838075,0.059723
2.127000,0.350000,0.354647,-0.319418,38.183033,37.278469,3.202035,-10.000000,-800.000000,3.778992,1423.207125,0.059728
2.128000,0.350000,0.354341,-0.293902,39.815596,34.372618,3.060489,-10.000000,-800.000000,3.994346,1423.598699,0.059732
2.129000,0.350000,0.354061,-0.265112,41.370950,31.387333,2.867383,-10.000000,-800.000000,4.180474,1424.010006,0.059736
2.130000,0.350000,0.353811,-0.233099,42.833097,28.372049,2.621129,-8.372049,-800.000000,4.334919,1424.437959,0.059740
2.131000,0.350000,0.353596,-0.197955,44.186113,25.376467,2.320680,-6.213672,-800.000000,4.456795,1424.879321,0.059744
2.132000,0.350000,0.353417,-0.159819,45.414527,22.452522,1.965577,-3.827373,-800.000000,4.546921,1425.330873,0.059747
2.133000,0.350000,0.353277,-0.118872,46.503696,19.653388,1.555974,-1.273492,-800.000000,4.607801,1425.789585,0.059751
2.134000,0.350000,0.353180,-0.075337,47.440174,17.030787,1.092661,-0.000000,-800.000000,4.643407,1426.252769,0.059754
2.135000,0.350000,0.353127,-0.029477,48.212019,14.631499,0.577066,-0.000000,-800.000000,4.658713,1426.718203,0.059757
2.136000,0.350000,0.353121,0.017104,48.809959,12.491759,0.012504,-0.000000,-800.000000,4.658764,1427.184182,0.059760
2.137000,0.350000,0.353161,0.063223,49.234891,10.628857,-10.000000,0.586221,-800.000000,4.646076,1427.649355,0.059763
2.138000,0.350000,0.353248,0.110700,49.479239,9.053795,-10.000000,1.216145,-800.000000,4.549954,1428.109136,0.059766
2.139000,0.350000,0.353383,0.159169,49.523160,7.769357,-10.000000,1.877679,-800.000000,4.317584,1428.550571,0.059770
2.140000,0.350000,0.353567,0.208250,49.348111,6.769492,-10.000000,2.569577,-800.000000,3.969621,1428.961440,0.059773
2.141000,0.350000,0.353799,0.257551,48.938733,6.040984,-10.000000,3.289125,-800.000000,3.512963,1429.330713,0.059777
2.142000,0.350000,0.354082,0.306678,48.281269,5.565698,-10.000000,4.032575,-800.000000,2.943198,1429.647322,0.059781
2.143000,0.350000,0.354413,0.355238,47.362348,5.323242,-10.000000,4.795477,-800.000000,2.247822,1429.899225,0.059786
2.144000,0.350000,0.354792,0.402834,46.168167,5.293672,-10.000000,5.572884,-800.000000,1.409531,1430.072805,0.059790
2.145000,0.350000,0.355218,0.449070,44.684085,5.459757,-10.000000,6.359484,-800.000000,0.409094,1430.152573,0.059796
2.146000,0.350000,0.355689,0.493538,42.876138,5.808452,-10.000000,7.149662,-800.000000,0.000000,1430.155858,0.059801
2.147000,0.350000,0.356204,0.535776,40.672033,6.331425,-10.000000,7.937418,-800.000000,0.000000,1430.155858,0.059807
2.148000,0.350000,0.356760,0.575297,38.080590,7.024880,-10.000000,8.716183,-800.000000,0.000000,1430.155858,0.059814
2.149000,0.350000,0.357354,0.611633,35.126549,7.889169,-10.000000,9.478972,-800.000000,0.000000,1430.155858,0.059822
2.150000,0.350000,0.357982,0.644344,31.843926,8.928282,-10.000000,10.000000,-800.000000,0.000000,1430.155858,0.059830
2.151000,0.350000,0.358641,0.673025,28.275753,10.149281,-8.275753,10.000000,-800.000000,0.000000,1430.155858,0.059838
2.152000,0.350000,0.359327,0.697313,24.474739,11.561442,-5.302314,10.000000,-800.000000,0.000000,1430.155858,0.059848
2.153000,0.350000,0.360034,0.716899,20.506558,13.175144,-1.781607,10.000000,-800.000000,0.000000,1430.155858,0.059858
2.154000,0.350000,0.360759,0.731537,16.450638,15.001359,-0.000000,10.000000,-800.000000,0.000000,1430.155858,0.059868
2.155000,0.350000,0.361495,0.741059,12.397059,17.052570,-0.000000,10.000000,-800.000000,0.300225,1430.163364,0.059880
2.156000,0.350000,0.362239,0.745365,8.440968,19.409909,-0.000000,10.000000,-800.000000,2.293025,1430.319028,0.059892
2.157000,0.350000,0.362984,0.744412,4.683699,22.087087,-0.000000,10.000000,-800.000000,4.125606,1430.664273,0.059905
2.158000,0.350000,0.363726,0.738284,1.257088,25.039380,-0.000000,10.000000,-800.000000,5.760131,1431.180675,0.059919
2.159000,0.350000,0.364459,0.727582,0.000000,28.217113,-0.000000,10.000000,-800.000000,7.163701,1431.846332,0.059933
2.160000,0.350000,0.365181,0.714592,0.000000,31.570910,-0.000000,10.000000,-800.000000,8.307663,1432.636331,0.059948
2.161000,0.350000,0.365888,0.699629,0.000000,35.049964,-0.000000,10.000000,-800.000000,9.166966,1433.523117,0.059964
2.162000,0.350000,0.366579,0.682635,0.000000,38.599383,-0.000000,10.000000,-800.000000,9.719721,1434.476835,0.059981
2.163000,0.350000,0.367253,0.663588,0.000000,42.160702,-0.000000,10.000000,-800.000000,9.946063,1435.465579,0.059998
2.164000,0.350000,0.367906,0.642501,0.000000,45.672170,-0.000000,10.000000,-800.000000,9.826156,1436.455480,0.060016
2.165000,0.350000,0.368537,0.619422,0.000000,49.068579,-0.000000,10.000000,-800.000000,9.336410,1437.410488,0.060035
2.166000,0.350000,0.369144,0.594439,0.000000,52.280180,-0.000000,10.000000,-800.000000,8.441443,1438.291552,0.060054
2.167000,0.350000,0.369725,0.567683,0.000000,55.229398,-0.000000,10.000000,-800.000000,7.073048,1439.054298,0.060073
2.168000,0.350000,0.370279,0.539331,0.000000,57.820618,-0.000000,10.000000,-800.000000,5.051802,1439.641749,0.060094
2.169000,0.350000,0.370803,0.509635,0.000000,59.884477,-0.000000,10.000000,-800.000000,1.175345,1439.937175,0.060115
2.170000,0.350000,0.371298,0.479062,0.000000,60.911506,-0.000000,10.000000,-800.000000,0.000000,1439.937175,0.060136
2.171000,0.350000,0.371761,0.448053,0.000000,61.515441,-0.000000,10.000000,-800.000000,0.000000,1439.937175,0.060158
2.172000,0.350000,0.372194,0.416789,0.000000,61.871792,-0.000000,10.000000,-800.000000,0.000000,1439.937175,0.060180
2.173000,0.350000,0.372595,0.385391,0.000000,62.043286,-0.000000,10.000000,-800.000000,0.000000,1439.937175,0.060202
2.174000,0.350000,0.372965,0.353955,0.000000,62.072211,-0.000000,10.000000,-800.000000,0.000000,1439.937175,0.060225
2.175000,0.350000,0.373303,0.322552,0.000000,61.991947,-0.000000,10.000000,-800.000000,0.000000,1439.937175,0.060249
2.176000,0.350000,0.373610,0.291235,0.000000,61.830696,-0.000000,10.000000,-800.000000,0.000000,1439.937175,0.060272
2.177000,0.350000,0.373885,0.260044,0.000000,61.613542,-0.000000,10.000000,-800.000000,0.000000,1439.937175,0.060296
2.178000,0.350000,0.374130,0.229000,0.000000,61.371015,-0.000000,10.000000,-800.000000,0.000000,1439.937175,0.060320
2.179000,0.350000,0.374344,0.198111,0.000000,61.119601,-0.000000,10.000000,-800.000000,0.000000,1439.937175,0.060345
2.180000,0.350000,0.374526,0.167377,0.000000,60.869669,-0.000000,10.000000,-800.000000,0.000000,1439.937175,0.060369
2.181000,0.350000,0.374678,0.136791,0.000000,60.631275,-0.000000,10.000000,-800.000000,0.000000,1439.937175,0.060394
2.182000,0.350000,0.374800,0.106340,0.000000,60.414522,-0.000000,10.000000,-800.000000,0.000000,1439.937175,0.060419
2.183000,0.350000,0.374891,0.076007,0.000000,60.230092,-0.000000,10.000000,-800.000000,0.000000,1439.937175,0.060444
2.184000,0.350000,0.374952,0.045764,0.000000,60.090275,-0.000000,10.000000,-800.000000,0.000000,1439.937175,0.060468
2.185000,0.350000,0.374983,0.015575,0.000000,60.011183,-0.000000,10.000000,-800.000000,0.000000,1439.937175,0.060493
2.186000,0.350000,0.374984,-0.012955,0.021362,59.990604,-0.000000,9.514222,-800.000000,0.305655,1439.951682,0.060518
2.187000,0.350000,0.374957,-0.039607,0.121493,59.968544,-0.000000,9.022480,-800.000000,0.699908,1440.007035,0.060543
2.188000,0.350000,0.374904,-0.066125,0.306187,59.934133,-0.000000,8.568912,-800.000000,1.083367,1440.101042,0.060568
2.189000,0.350000,0.374825,-0.092413,0.578822,59.886724,-0.000000,8.137122,-800.000000,1.461613,1440.233053,0.060593
2.190000,0.350000,0.374720,-0.118372,0.941816,59.826383,-0.000000,7.717007,-800.000000,1.835560,1440.402620,0.060618
2.191000,0.350000,0.374588,-0.143901,1.396826,59.753440,-0.000000,7.302803,-800.000000,2.203142,1440.609213,0.060642
2.192000,0.350000,0.374432,-0.168899,1.944788,59.668071,-0.000000,6.891501,-800.000000,2.561951,1440.852027,0.060667
2.193000,0.350000,0.374251,-0.193265,2.585930,59.570429,-0.000000,6.481829,-800.000000,2.910372,1441.130087,0.060691
2.194000,0.350000,0.374046,-0.216899,3.319779,59.460659,-0.000000,6.073611,-800.000000,3.246536,1441.442237,0.060715
2.195000,0.350000,0.373817,-0.239702,4.145172,59.338881,-0.000000,5.667363,-800.000000,3.568525,1441.787133,0.060739
2.196000,0.350000,0.373567,-0.261576,5.060276,59.205181,-0.000000,5.264037,-800.000000,3.874444,1442.163239,0.060763
2.197000,0.350000,0.373295,-0.282426,6.062607,59.059610,-0.000000,4.864857,-800.000000,4.162451,1442.568830,0.060786
2.198000,0.350000,0.373002,-0.302161,7.149058,58.902190,-0.000000,4.471216,-800.000000,4.430787,1443.002007,0.060809
2.199000,0.350000,0.372691,-0.320692,8.316269,58.732916,-0.000000,4.084607,-800.000000,4.720021,1443.461751,0.060832
2.200000,0.350000,0.372361,-0.337931,9.569401,58.551771,-0.000000,3.706584,-800.000000,5.133632,1443.960015,0.060854
2.201000,0.350000,0.372015,-0.353786,10.905305,58.358747,-0.000000,3.338759,-800.000000,5.494859,1444.496362,0.060876
2.202000,0.350000,0.371654,-0.368174,12.315312,58.153856,-0.000000,2.982787,-800.000000,5.804257,1445.065588,0.060898
2.203000,0.350000,0.371279,-0.381018,13.790700,57.937125,-0.000000,2.640315,-800.000000,6.062601,1445.662555,0.060919
2.204000,0.350000,0.370893,-0.392254,15.322732,57.708603,-0.469968,2.312949,-800.000000,6.270881,1446.282219,0.060940
2.205000,0.350000,0.370495,-0.401822,16.902372,57.468366,-1.675099,2.002233,-800.000000,6.422852,1446.919295,0.060960
2.206000,0.350000,0.370090,-0.409675,18.518685,57.216527,-3.058158,1.709631,-800.000000,6.495495,1447.566861,0.060980
2.207000,0.350000,0.369677,-0.415778,20.157011,56.953239,-4.607804,1.436506,-800.000000,6.457579,1448.215018,0.061000
2.208000,0.350000,0.369259,-0.420110,21.798838,56.678694,-6.307543,1.184085,-800.000000,6.280415,1448.850892,0.061019
2.209000,0.350000,0.368837,-0.422674,23.422208,56.393111,-8.135778,0.953420,-800.000000,5.938654,1449.458946,0.061038
2.210000,0.350000,0.368414,-0.423494,25.003280,56.096720,-10.000000,0.745337,-800.000000,5.645332,1450.029740,0.061057
2.211000,0.350000,0.367991,-0.422615,26.521368,55.789747,-10.000000,0.560401,-800.000000,5.561244,1450.589234,0.061074
2.212000,0.350000,0.367569,-0.420108,27.945971,55.472398,-10.000000,0.398889,-800.000000,5.450173,1451.138622,0.061092
2.213000,0.350000,0.367151,-0.416074,29.246386,55.144824,-10.000000,0.260738,-800.000000,5.313522,1451.675292,0.061109
2.214000,0.350000,0.366737,-0.410644,30.394985,54.807080,-10.000000,0.145504,-800.000000,5.152981,1452.196790,0.061126
2.215000,0.350000,0.366330,-0.403974,31.367785,54.459097,-10.000000,0.052342,-800.000000,4.970496,1452.700846,0.061142
2.216000,0.350000,0.365930,-0.396240,32.144907,54.100659,-10.000000,0.000000,-800.000000,4.768239,1453.185400,0.061158
2.217000,0.350000,0.365538,-0.387637,32.710913,53.731380,0.073109,-10.000000,-800.000000,4.548644,1453.648625,0.061174
2.218000,0.350000,0.365155,-0.378369,33.060899,53.348168,0.108965,-10.000000,-800.000000,4.268563,1454.086794,0.061189
2.219000,0.350000,0.364781,-0.368628,33.216667,52.938016,0.129759,-10.000000,-800.000000,3.889715,1454.490709,0.061204
2.220000,0.350000,0.364418,-0.358570,33.205995,52.486305,0.137739,-10.000000,-800.000000,3.420063,1454.851012,0.061218
2.221000,0.350000,0.364064,-0.348319,33.055640,51.979132,0.135025,-10.000000,-800.000000,2.864905,1455.158974,0.061232
2.222000,0.350000,0.363721,-0.337963,32.790752,51.402990,0.123489,-10.000000,-800.000000,2.227099,1455.406242,0.061246
2.223000,0.350000,0.363388,-0.327557,32.434455,50.744480,0.104685,-10.000000,-800.000000,1.507420,1455.584613,0.061259
2.224000,0.350000,0.363066,-0.317130,32.007586,49.990088,0.079813,-10.000000,-800.000000,0.704987,1455.685856,0.061272
2.225000,0.350000,0.362754,-0.306683,31.528542,49.122509,0.049707,-10.000000,-800.000000,0.000000,1455.706130,0.061285
2.226000,0.350000,0.362453,-0.296162,31.013185,48.018754,0.014788,-10.000000,-800.000000,0.000000,1455.706130,0.061298
2.227000,0.350000,0.362162,-0.285437,30.474644,46.628520,0.000000,-10.000000,-800.000000,0.000000,1455.706130,0.061310
2.228000,0.350000,0.361882,-0.274362,29.923361,44.965085,-10.000000,0.071039,-800.000000,0.000000,1455.706130,0.061322
2.229000,0.350000,0.361613,-0.262796,29.361800,43.054097,-10.000000,0.124204,-800.000000,0.000000,1455.706130,0.061333
2.230000,0.350000,0.361356,-0.250627,28.770104,40.950231,-10.000000,0.186272,-800.000000,0.000000,1455.706130,0.061345
2.231000,0.350000,0.361112,-0.237801,28.126187,38.711316,-10.000000,0.258785,-800.000000,0.000000,1455.706130,0.061356
2.232000,0.350000,0.360881,-0.224316,27.411738,36.390097,-9.597135,0.342963,-800.000000,0.000000,1455.706130,0.061367
2.233000,0.350000,0.360664,-0.210214,26.612446,34.033681,-9.401628,0.439568,-800.000000,0.000000,1455.706130,0.061377
2.234000,0.350000,0.360461,-0.195575,25.718668,31.683254,-9.026471,0.548844,-800.000000,0.000000,1455.706130,0.061388
2.235000,0.350000,0.360273,-0.180507,24.725097,29.374019,-8.457972,0.670528,-800.000000,0.000000,1455.706130,0.061398
2.236000,0.350000,0.360100,-0.165142,23.630890,27.135307,-7.686580,0.803881,-800.000000,0.000000,1455.706130,0.061408
2.237000,0.350000,0.359942,-0.149624,22.439853,24.990845,-6.707447,0.947756,-800.000000,0.000000,1455.706130,0.061418
2.238000,0.350000,0.359801,-0.134104,21.160438,22.959111,-5.520810,1.100674,-800.000000,0.000000,1455.706130,0.061428
2.239000,0.350000,0.359674,-0.118730,19.805517,21.053781,-4.132159,1.260916,-800.000000,0.000000,1455.706130,0.061437
2.240000,0.350000,0.359563,-0.103646,18.391931,19.284227,-2.552163,1.426612,-800.000000,0.000000,1455.706130,0.061447
2.241000,0.350000,0.359467,-0.088977,16.939803,17.656045,-0.796321,1.595837,-800.000000,0.000000,1455.706130,0.061457
2.242000,0.350000,0.359385,-0.074834,15.471656,16.171599,-0.000000,1.766700,-800.000000,0.000000,1455.706130,0.061466
2.243000,0.350000,0.359317,-0.061303,14.010937,14.830569,-0.000000,1.937423,-800.000000,0.000000,1455.706130,0.061475
2.244000,0.350000,0.359262,-0.048448,12.579143,13.630473,-0.000000,2.106408,-800.000000,0.000000,1455.706130,0.061484
2.245000,0.350000,0.359220,-0.036311,11.193955,12.567168,-0.000000,2.272278,-800.000000,0.000000,1455.706130,0.061494
2.246000,0.350000,0.359189,-0.024918,9.869203,11.635299,-0.000000,2.433895,-800.000000,0.000000,1455.706130,0.061503
2.247000,0.350000,0.359170,-0.014277,8.615241,10.828712,-0.000000,2.590357,-800.000000,0.000000,1455.706130,0.061512
2.248000,0.350000,0.359160,-0.004395,7.439353,10.140814,-0.000000,2.740980,-800.000000,0.000000,1455.706130,0.061521
2.249000,0.350000,0.359160,0.003139,6.348352,9.563163,-0.000000,2.882324,-800.000000,0.000000,1455.706130,0.061530
2.250000,0.350000,0.359166,0.008205,5.351820,9.083326,-0.000000,3.004670,-800.000000,0.000000,1455.706130,0.061540
2.251000,0.350000,0.359176,0.012491,4.452198,8.692975,-0.000000,3.107406,-800.000000,0.000000,1455.706130,0.061549
2.252000,0.350000,0.359191,0.016145,3.647350,8.386487,-0.000000,3.194511,-800.000000,0.000000,1455.706130,0.061558
2.253000,0.350000,0.359208,0.019212,2.933882,8.158782,-0.000000,3.269043,-800.000000,0.000000,1455.706130,0.061567
2.254000,0.350000,0.359229,0.021735,2.307514,8.005352,-0.000000,3.333099,-800.000000,0.000000,1455.706130,0.061576
2.255000,0.350000,0.359252,0.023754,1.763393,7.922290,-0.000000,3.388142,-800.000000,0.000000,1455.706130,0.061586
2.256000,0.350000,0.359276,0.025307,1.296383,7.906298,-0.000000,3.435231,-800.000000,0.000000,1455.706130,0.061595
2.257000,0.350000,0.359302,0.026428,0.901358,7.955126,-0.000000,3.475162,-800.000000,0.110320,1455.708888,0.061604
2.258000,0.350000,0.359329,0.027138,0.573572,8.122729,-0.000000,3.508534,-800.000000,1.020032,1455.776988,0.061613
2.259000,0.350000,0.359356,0.027416,0.309330,8.439702,-0.000000,3.535675,-800.000000,1.899174,1455.934204,0.061623
2.260000,0.350000,0.359384,0.027240,0.107485,8.899099,-0.000000,3.556624,-800.000000,2.741048,1456.177053,0.061632
2.261000,0.350000,0.359411,0.026594,0.000000,9.492891,-0.000000,3.571236,-800.000000,3.539887,1456.501442,0.061642
2.262000,0.350000,0.359437,0.025521,0.000000,10.212228,-0.000000,3.579402,-800.000000,4.290850,1456.902756,0.061651
2.263000,0.350000,0.359461,0.023995,0.000000,11.047569,-0.000000,3.581112,-800.000000,4.990005,1457.375956,0.061661
2.264000,0.350000,0.359485,0.021952,0.000000,11.988622,-0.000000,3.576049,-800.000000,5.634310,1457.915664,0.061670
2.265000,0.350000,0.359505,0.019335,0.000000,13.024489,-0.000000,3.563624,-800.000000,6.221581,1458.516251,0.061680
2.266000,0.350000,0.359523,0.016091,0.000000,14.143821,-0.000000,3.543104,-800.000000,6.750442,1459.171923,0.061689
2.267000,0.350000,0.359537,0.012174,0.000000,15.334973,-0.000000,3.513686,-800.000000,7.220257,1459.876792,0.061699
2.268000,0.350000,0.359547,0.007546,0.000000,16.586131,-0.000000,3.474558,-800.000000,7.631070,1460.624953,0.061708
2.269000,0.350000,0.359552,0.002409,0.000000,17.885562,-0.000000,3.425128,-800.000000,7.983520,1461.410540,0.061718
2.270000,0.350000,0.359552,-0.002033,0.005344,19.223992,-0.000000,3.368896,-800.000000,8.278542,1462.227776,0.061727
2.271000,0.350000,0.359548,-0.005862,0.021222,20.594114,-0.000000,3.311454,-800.000000,8.517335,1463.070988,0.061737
2.272000,0.350000,0.359540,-0.010085,0.047680,21.987243,-0.000000,3.253881,-800.000000,8.701746,1463.934662,0.061746
2.273000,0.350000,0.359528,-0.015093,0.088519,23.392600,-0.000000,3.192445,-800.000000,8.834412,1464.813521,0.061756
2.274000,0.350000,0.359510,-0.020873,0.147675,24.799626,-0.000000,3.123895,-800.000000,8.918434,1465.702581,0.061765
2.275000,0.350000,0.359486,-0.027405,0.228973,26.198352,-0.000000,3.046113,-800.000000,8.957179,1466.597186,0.061775
2.276000,0.350000,0.359455,-0.034658,0.336127,27.579464,-0.000000,2.957806,-800.000000,8.954161,1467.493027,0.061784
2.277000,0.350000,0.359416,-0.042591,0.472688,28.934341,-0.000000,2.858259,-800.000000,8.912954,1468.386152,0.061794
2.278000,0.350000,0.359369,-0.051158,0.642000,30.255088,-0.000000,2.747167,-800.000000,8.837126,1469.272965,0.061803
2.279000,0.350000,0.359314,-0.060302,0.847148,31.534552,-0.000000,2.624530,-800.000000,8.730198,1470.150224,0.061812
2.280000,0.350000,0.359249,-0.069961,1.090915,32.766332,-0.000000,2.490582,-800.000000,8.595604,1471.015034,0.061822
2.281000,0.350000,0.359174,-0.080066,1.375743,33.944780,-0.000000,2.345752,-800.000000,8.436661,1471.864838,0.061831
2.282000,0.350000,0.359088,-0.090544,1.704357,35.064997,-0.000000,2.190623,-800.000000,8.309462,1472.698723,0.061840
2.283000,0.350000,0.358992,-0.101307,2.093865,36.122830,-0.000000,2.025928,-800.000000,8.325189,1473.531006,0.061849
2.284000,0.350000,0.358886,-0.112256,2.549200,37.114887,-0.000000,1.852582,-800.000000,8.297709,1474.362128,0.061858
2.285000,0.350000,0.358768,-0.123287,3.067409,38.038523,-0.000000,1.671673,-800.000000,8.231238,1475.188033,0.061867
2.286000,0.350000,0.358639,-0.134299,3.645372,38.891789,-0.000000,1.484412,-800.000000,8.129798,1476.005075,0.061875
2.287000,0.350000,0.358499,-0.145194,4.279813,39.673389,-0.000000,1.292087,-800.000000,7.997174,1476.809995,0.061884
2.288000,0.350000,0.358349,-0.155874,4.967315,40.382627,-0.000000,1.096037,-800.000000,7.836889,1477.599898,0.061892
2.289000,0.350000,0.358188,-0.166248,5.704329,41.019349,-0.000000,0.897627,-800.000000,7.652167,1478.372221,0.061900
2.290000,0.350000,0.358016,-0.176226,6.487184,41.583890,-0.000000,0.698234,-800.000000,7.445924,1479.124705,0.061908
2.291000,0.350000,0.357835,-0.185723,7.312100,42.077007,-0.000000,0.499233,-800.000000,7.220747,1479.855362,0.061916
2.292000,0.350000,0.357645,-0.194657,8.175195,42.499829,-0.000000,0.301987,-800.000000,6.978896,1480.562443,0.061924
2.293000,0.350000,0.357446,-0.202953,9.072497,42.853791,-0.000000,0.107838,-800.000000,6.722311,1481.244404,0.061931
2.294000,0.350000,0.357240,-0.210539,9.999952,43.140581,0.081900,-10.000000,-800.000000,6.452625,1481.899877,0.061938
2.295000,0.350000,0.357025,-0.217349,10.953495,43.358021,0.265948,-10.000000,-800.000000,6.099772,1482.524257,0.061945
2.296000,0.350000,0.356805,-0.223313,11.929329,43.489197,0.443053,-10.000000,-800.000000,5.612877,1483.104734,0.061952
2.297000,0.350000,0.356579,-0.228357,12.924168,43.516858,0.611942,-10.000000,-800.000000,5.019302,1483.629667,0.061959
2.298000,0.350000,0.356349,-0.232398,13.935137,43.427021,0.771289,-10.000000,-800.000000,4.339658,1484.089727,0.061965
2.299000,0.350000,0.356115,-0.235351,14.959605,43.208112,0.919694,-10.000000,-800.000000,3.588403,1484.477256,0.061971
2.300000,0.350000,0.355878,-0.237125,15.995027,42.850206,1.055678,-10.000000,-800.000000,2.774679,1484.785702,0.061977
2.301000,0.350000,0.355641,-0.237628,17.038803,42.344407,1.177682,-10.000000,-800.000000,1.903238,1485.009146,0.061983
2.302000,0.350000,0.355404,-0.236765,18.088145,41.678510,1.284075,-10.000000,-800.000000,1.276916,1485.150637,0.061988
2.303000,0.350000,0.355168,-0.234421,19.139926,40.786448,1.373124,-10.000000,-800.000000,1.356573,1485.283171,0.061993
2.304000,0.350000,0.354935,-0.230457,20.190474,39.650574,1.442882,-10.000000,-800.000000,1.453118,1485.424734,0.061998
2.305000,0.350000,0.354708,-0.224735,21.235458,38.280928,1.491189,-10.000000,-800.000000,1.565157,1485.576934,0.062003
2.306000,0.350000,0.354486,-0.217133,22.269861,36.692946,1.515779,-10.000000,-800.000000,1.690716,1485.741200,0.062008
2.307000,0.350000,0.354274,-0.207543,23.287953,34.906953,1.514375,-10.000000,-800.000000,1.827325,1485.918734,0.062012
2.308000,0.350000,0.354072,-0.195876,24.283309,32.947566,1.484765,-10.000000,-800.000000,1.972098,1486.110463,0.062016
2.309000,0.350000,0.353883,-0.182063,25.248833,30.843036,1.424877,-10.000000,-800.000000,2.121822,1486.317004,0.062020
2.310000,0.350000,0.353709,-0.166062,26.176815,28.624544,1.332837,-8.624544,-800.000000,2.273039,1486.538640,0.062023
2.311000,0.350000,0.353552,-0.147857,27.058996,26.326173,1.207023,-7.188628,-800.000000,2.422121,1486.775292,0.062027
2.312000,0.350000,0.353414,-0.127459,27.886657,23.986589,1.046112,-5.481661,-800.000000,2.565343,1487.026515,0.062030
2.313000,0.350000,0.353297,-0.104911,28.650726,21.647897,0.849129,-3.541627,-800.000000,2.698932,1487.291488,0.062034
2.314000,0.350000,0.353205,-0.080292,29.341899,19.353950,0.615495,-1.412471,-800.000000,2.819104,1487.569011,0.062037
2.315000,0.350000,0.353137,-0.053711,29.950760,17.148503,0.345065,-0.000000,-800.000000,2.922069,1487.857505,0.062040
2.316000,0.350000,0.353098,-0.025313,30.467910,15.072855,0.038157,-0.000000,-800.000000,3.004014,1488.155012,0.062043
2.317000,0.350000,0.353087,0.004205,30.884288,13.162085,-10.000000,0.304161,-800.000000,3.061048,1488.459188,0.062046
2.318000,0.350000,0.353105,0.032220,31.193443,11.436411,-10.000000,0.670170,-800.000000,2.963484,1488.761352,0.062049
2.319000,0.350000,0.353152,0.061430,31.366305,9.910292,-10.000000,1.054664,-800.000000,2.609046,1489.037412,0.062053
2.320000,0.350000,0.353229,0.091573,31.368752,8.594043,-10.000000,1.459652,-800.000000,2.031403,1489.263845,0.062056
2.321000,0.350000,0.353335,0.122340,31.171549,7.490780,-10.000000,1.885533,-800.000000,1.256580,1489.420017,0.062059
2.322000,0.350000,0.353473,0.153395,30.749500,6.597362,-10.000000,2.330985,-800.000000,0.303140,1489.487425,0.062063
2.323000,0.350000,0.353642,0.184383,30.080305,5.905565,-10.000000,2.793400,-800.000000,0.000000,1489.488385,0.062066
2.324000,0.350000,0.353842,0.214937,29.147708,5.403469,-9.147708,3.269229,-800.000000,0.000000,1489.488385,0.062070
2.325000,0.350000,0.354072,0.244685,27.946146,5.076996,-8.860917,3.754241,-800.000000,0.000000,1489.488385,0.062074
2.326000,0.350000,0.354331,0.273267,26.479314,4.911451,-8.188699,4.243740,-800.000000,0.000000,1489.488385,0.062078
2.327000,0.350000,0.354618,0.300334,24.759058,4.892898,-7.116375,4.732759,-800.000000,0.000000,1489.488385,0.062083
2.328000,0.350000,0.354931,0.325566,22.805557,5.009196,-5.638779,5.216218,-800.000000,0.000000,1489.488385,0.062088
2.329000,0.350000,0.355268,0.348671,20.647575,5.250624,-3.761354,5.689066,-800.000000,0.000000,1489.488385,0.062093
2.330000,0.350000,0.355628,0.369394,18.322164,5.610116,-1.500700,6.146412,-800.000000,0.000000,1489.488385,0.062099
2.331000,0.350000,0.356006,0.387525,15.873750,6.083220,-0.000000,6.583643,-800.000000,0.000000,1489.488385,0.062105
2.332000,0.350000,0.356402,0.402903,13.352198,6.667895,-0.000000,6.996538,-800.000000,0.000000,1489.488385,0.062111
2.333000,0.350000,0.356811,0.415417,10.808867,7.364258,-0.000000,7.381362,-800.000000,0.000000,1489.488385,0.062118
2.334000,0.350000,0.357232,0.425004,8.293179,8.174312,-0.000000,7.734933,-800.000000,0.000000,1489.488385,0.062125
2.335000,0.350000,0.357660,0.431649,5.852976,9.101716,-0.000000,8.054665,-800.000000,0.000000,1489.488385,0.062133
2.336000,0.350000,0.358094,0.435381,3.537382,10.151578,-0.000000,8.338576,-800.000000,0.000000,1489.488385,0.062141
2.337000,0.350000,0.358530,0.436277,1.406053,11.330304,-0.000000,8.585313,-800.000000,0.000000,1489.488385,0.062150
2.338000,0.350000,0.358965,0.434487,0.000000,12.710426,-0.000000,8.794221,-800.000000,1.648451,1489.588906,0.062159
2.339000,0.350000,0.359398,0.431175,0.000000,14.362587,-0.000000,8.967320,-800.000000,3.311662,1489.858286,0.062168
2.340000,0.350000,0.359828,0.426831,0.000000,16.271663,-0.000000,9.111111,-800.000000,4.887929,1490.288741,0.062178
2.341000,0.350000,0.360252,0.421313,0.000000,18.418077,-0.000000,9.230138,-800.000000,6.354036,1490.870113,0.062188
2.342000,0.350000,0.360670,0.414490,0.000000,20.778147,-0.000000,9.326475,-800.000000,7.688507,1491.590028,0.062199
2.343000,0.350000,0.361080,0.406247,0.000000,23.324454,-0.000000,9.400601,-800.000000,8.871998,1492.434096,0.062210
2.344000,0.350000,0.361482,0.396486,0.000000,26.026261,-0.000000,9.452052,-800.000000,9.887567,1493.386140,0.062221
2.345000,0.350000,0.361873,0.385127,0.000000,28.849981,-0.000000,9.479865,-800.000000,10.720859,1494.428451,0.062233
2.346000,0.350000,0.362251,0.372110,0.000000,31.759668,-0.000000,9.482850,-800.000000,11.360216,1495.542050,0.062245
2.347000,0.350000,0.362616,0.357397,0.000000,34.717536,-0.000000,9.459785,-800.000000,11.796748,1496.706967,0.062258
2.348000,0.350000,0.362966,0.340972,0.000000,37.684480,-0.000000,9.409532,-800.000000,12.024349,1497.902516,0.062271
2.349000,0.350000,0.363298,0.322843,0.000000,40.620604,-0.000000,9.331129,-800.000000,12.039680,1499.107574,0.062284
2.350000,0.350000,0.363611,0.303038,0.000000,43.485744,-0.000000,9.223841,-800.000000,11.842115,1500.300853,0.062298
2.351000,0.350000,0.363903,0.281612,0.000000,46.239978,-0.000000,9.087206,-800.000000,11.433646,1501.461168,0.062312
2.352000,0.350000,0.364174,0.258640,0.000000,48.844114,-0.000000,8.921058,-800.000000,10.818730,1502.567690,0.062326
2.353000,0.350000,0.364420,0.234220,0.000000,51.260153,-0.000000,8.725546,-800.000000,10.004064,1503.600176,0.062340
2.354000,0.350000,0.364642,0.208471,0.000000,53.451694,-0.000000,8.501143,-800.000000,8.998219,1504.539173,0.062355
2.355000,0.350000,0.364837,0.181533,0.000000,55.384257,-0.000000,8.248651,-800.000000,7.810991,1505.366171,0.062370
2.356000,0.350000,0.365004,0.153565,0.000000,57.025454,-0.000000,7.969198,-800.000000,6.452089,1506.063646,0.062385
2.357000,0.350000,0.365143,0.124741,0.000000,58.344795,-0.000000,7.664234,-800.000000,4.927815,1506.614876,0.062400
2.358000,0.350000,0.365254,0.095254,0.000000,59.312440,-0.000000,7.335525,-800.000000,3.229447,1507.002996,0.062415
2.359000,0.350000,0.365334,0.065315,0.000000,59.892491,-0.000000,6.985144,-800.000000,1.251484,1507.205806,0.062431
2.360000,0.350000,0.365384,0.035165,0.000000,60.019961,-0.000000,6.615507,-800.000000,0.000000,1507.221250,0.062446
2.361000,0.350000,0.365404,0.004992,0.000000,60.000310,-0.000000,6.229329,-800.000000,0.000000,1507.221250,0.062461
2.362000,0.350000,0.365395,-0.022287,0.047978,59.982634,-0.000000,5.834847,-800.000000,0.431446,1507.249417,0.062477
2.363000,0.350000,0.365360,-0.048899,0.179475,59.953175,-0.000000,5.442950,-800.000000,0.809693,1507.316295,0.062492
2.364000,0.350000,0.365298,-0.075339,0.397713,59.909157,-0.000000,5.051133,-800.000000,1.178720,1507.420389,0.062507
2.365000,0.350000,0.365209,-0.101508,0.705171,59.849921,-0.000000,4.657204,-800.000000,1.539917,1507.560900,0.062523
2.366000,0.350000,0.365095,-0.127304,1.103543,59.775062,-0.000000,4.260261,-800.000000,1.892005,1507.736976,0.062538
2.367000,0.350000,0.364955,-0.152624,1.593837,59.684182,-0.000000,3.860320,-800.000000,2.232929,1507.947580,0.062553
2.368000,0.350000,0.364790,-0.177368,2.176394,59.576816,-0.000000,3.457996,-800.000000,2.560402,1508.191454,0.062567
2.369000,0.350000,0.364600,-0.201431,2.850898,59.452411,-0.000000,3.054292,-800.000000,2.872077,1508.467106,0.062582
2.370000,0.350000,0.364387,-0.224713,3.616380,59.310318,-0.000000,2.650462,-800.000000,3.165616,1508.772811,0.062596
2.371000,0.350000,0.364151,-0.247111,4.471230,59.149798,-0.000000,2.247930,-800.000000,3.438719,1509.106610,0.062611
2.372000,0.350000,0.363893,-0.268529,5.413211,58.970021,-0.000000,1.848226,-800.000000,3.689140,1509.466319,0.062625
2.373000,0.350000,0.363614,-0.288868,6.439477,58.770074,-0.000000,1.452953,-800.000000,3.914704,1509.849533,0.062638
2.374000,0.350000,0.363316,-0.308036,7.546595,58.548963,-0.000000,1.063755,-800.000000,4.113314,1510.253635,0.062651
2.375000,0.350000,0.362999,-0.325941,8.730576,58.305618,-0.000000,0.682300,-800.000000,4.282966,1510.675803,0.062664
2.376000,0.350000,0.362664,-0.342497,9.987252,58.038903,-0.000000,0.310265,-800.000000,4.461844,1511.114032,0.062677
2.377000,0.350000,0.362314,-0.357618,11.318548,57.747625,0.050674,-10.000000,-800.000000,4.712807,1511.576340,0.062689
2.378000,0.350000,0.361950,-0.371216,12.719597,57.429026,0.398827,-10.000000,-800.000000,4.880985,1512.058983,0.062701
2.379000,0.350000,0.361572,-0.383210,14.182349,57.074430,0.732491,-10.000000,-800.000000,4.947751,1512.551993,0.062713
2.380000,0.350000,0.361184,-0.393520,15.699763,56.674090,1.049967,-10.000000,-800.000000,4.924832,1513.046003,0.062724
2.381000,0.350000,0.360786,-0.402064,17.265739,56.218416,1.349551,-10.000000,-800.000000,4.819295,1513.532518,0.062735
2.382000,0.350000,0.360380,-0.408765,18.874815,55.697652,1.629531,-10.000000,-800.000000,4.634375,1514.003505,0.062745
2.383000,0.350000,0.359969,-0.413541,20.521895,55.101678,1.888178,-10.000000,-800.000000,4.370204,1514.451057,0.062755
2.384000,0.350000,0.359554,-0.416313,22.201980,54.419888,2.123740,-10.000000,-800.000000,4.024441,1514.867118,0.062765
2.385000,0.350000,0.359137,-0.416997,23.909937,53.641143,2.334433,-10.000000,-800.000000,3.592859,1515.243279,0.062774
2.386000,0.350000,0.358721,-0.415509,25.640277,52.753780,2.518433,-10.000000,-800.000000,3.069877,1515.570617,0.062783
2.387000,0.350000,0.358307,-0.411766,27.386969,51.745679,2.673878,-10.000000,-800.000000,2.449063,1515.839594,0.062791
2.388000,0.350000,0.357898,-0.405680,29.143277,50.599800,2.798863,-10.000000,-800.000000,1.923921,1516.045011,0.062799
2.389000,0.350000,0.357496,-0.397132,30.901568,49.166401,2.891388,-10.000000,-800.000000,2.165326,1516.252444,0.062806
2.390000,0.350000,0.357104,-0.385931,32.652955,47.395852,2.949064,-10.000000,-800.000000,2.410052,1516.484266,0.062813
2.391000,0.350000,0.356725,-0.371904,34.387192,45.319610,2.969091,-10.000000,-800.000000,2.652634,1516.740471,0.062820
2.392000,0.350000,0.356362,-0.354906,36.092754,42.974809,2.948500,-10.000000,-800.000000,2.887507,1517.020495,0.062827
2.393000,0.350000,0.356016,-0.334829,37.756957,40.403244,2.884368,-10.000000,-800.000000,3.109279,1517.323229,0.062833
2.394000,0.350000,0.355693,-0.311601,39.366145,37.650320,2.773978,-10.000000,-800.000000,3.313016,1517.647048,0.062838
2.395000,0.350000,0.355394,-0.285191,40.905907,34.763971,2.614939,-10.000000,-800.000000,3.494527,1517.989881,0.062844
2.396000,0.350000,0.355124,-0.255611,42.361346,31.793593,2.405279,-10.000000,-800.000000,3.650629,1518.349298,0.062849
2.397000,0.350000,0.354884,-0.222915,43.717383,28.788983,2.143516,-8.788983,-800.000000,3.779380,1518.722625,0.062854
2.398000,0.350000,0.354679,-0.187201,44.959082,25.799938,1.828704,-6.678836,-800.000000,3.880245,1519.107082,0.062858
2.399000,0.350000,0.354511,-0.148606,46.071997,22.877725,1.460471,-4.336617,-800.000000,3.954149,1519.499929,0.062863
2.400000,0.350000,0.354383,-0.107314,47.042510,20.074920,1.039046,-1.821585,-800.000000,4.003383,1519.898601,0.062867
2.401000,0.350000,0.354297,-0.063545,47.858145,17.442979,0.565280,-0.000000,-800.000000,4.031301,1520.300835,0.062872
2.402000,0.350000,0.354256,-0.017559,48.507815,15.028992,0.040643,-0.000000,-800.000000,4.041793,1520.704741,0.062876
2.403000,0.350000,0.354262,0.028171,48.984536,12.869309,-10.000000,0.529380,-800.000000,4.038044,1521.108794,0.062880
2.404000,0.350000,0.354313,0.074198,49.286429,10.982905,-10.000000,1.130536,-800.000000,3.946636,1521.508110,0.062884
2.405000,0.350000,0.354411,0.121466,49.393050,9.383874,-10.000000,1.762453,-800.000000,3.714060,1521.889233,0.062889
2.406000,0.350000,0.354556,0.169595,49.284397,8.076397,-10.000000,2.425208,-800.000000,3.362542,1522.239546,0.062893
2.407000,0.350000,0.354750,0.218191,48.943884,7.055291,-10.000000,3.117089,-800.000000,2.900935,1522.547805,0.062898
2.408000,0.350000,0.354992,0.266849,48.356807,6.307841,-10.000000,3.834988,-800.000000,2.326754,1522.802925,0.062903
2.409000,0.350000,0.355283,0.315163,47.509115,5.816171,-10.000000,4.574823,-800.000000,1.629103,1522.993019,0.062908
2.410000,0.350000,0.355622,0.362724,46.386549,5.559996,-10.000000,5.331839,-800.000000,0.791826,1523.104761,0.062914
2.411000,0.350000,0.356009,0.409121,44.972299,5.519363,-10.000000,6.100800,-800.000000,0.000000,1523.128129,0.062920
2.412000,0.350000,0.356440,0.453915,43.190561,5.676908,-10.000000,6.876066,-800.000000,0.000000,1523.128129,0.062926
2.413000,0.350000,0.356916,0.496611,41.013049,6.019213,-10.000000,7.651432,-800.000000,0.000000,1523.128129,0.062933
2.414000,0.350000,0.357433,0.536723,38.454641,6.537435,-10.000000,8.420149,-800.000000,0.000000,1523.128129,0.062941
2.415000,0.350000,0.357988,0.573786,35.539449,7.227338,-10.000000,9.175139,-800.000000,0.000000,1523.128129,0.062949
2.416000,0.350000,0.358579,0.607367,32.300579,8.088940,-10.000000,9.909199,-800.000000,0.000000,1523.128129,0.062957
2.417000,0.350000,0.359202,0.637068,28.779857,9.126010,-8.779857,10.000000,-800.000000,0.000000,1523.128129,0.062967
2.418000,0.350000,0.359852,0.662533,25.028198,10.345385,-5.906184,10.000000,-800.000000,0.000000,1523.128129,0.062976
2.419000,0.350000,0.360525,0.683458,21.108267,11.755723,-2.489072,10.000000,-800.000000,0.000000,1523.128129,0.062987
2.420000,0.350000,0.361217,0.699602,17.096249,13.366797,-0.000000,10.000000,-800.000000,0.000000,1523.128129,0.062998
2.421000,0.350000,0.361923,0.710797,13.079376,15.189121,-0.000000,10.000000,-800.000000,0.000000,1523.128129,0.063010
2.422000,0.350000,0.362637,0.716959,9.150653,17.245993,-0.000000,10.000000,-800.000000,0.907276,1523.160505,0.063023
2.423000,0.350000,0.363355,0.718061,5.407185,19.628856,-0.000000,10.000000,-800.000000,2.896442,1523.376748,0.063036
2.424000,0.350000,0.364071,0.714149,1.966480,22.321238,-0.000000,10.000000,-800.000000,4.713414,1523.781446,0.063050
2.425000,0.350000,0.364782,0.705533,0.000000,25.277604,-0.000000,10.000000,-800.000000,6.322334,1524.355098,0.063065
2.426000,0.350000,0.365482,0.694318,0.000000,28.451020,-0.000000,10.000000,-800.000000,7.692062,1525.074919,0.063080
2.427000,0.350000,0.366170,0.681219,0.000000,31.793995,-0.000000,10.000000,-800.000000,8.795548,1525.915269,0.063097
2.428000,0.350000,0.366843,0.666154,0.000000,35.254794,-0.000000,10.000000,-800.000000,9.609676,1526.848049,0.063113
2.429000,0.350000,0.367501,0.649072,0.000000,38.777927,-0.000000,10.000000,-800.000000,10.114648,1527.843063,0.063131
2.430000,0.350000,0.368141,0.629954,0.000000,42.304710,-0.000000,10.000000,-800.000000,10.292894,1528.868287,0.063149
2.431000,0.350000,0.368761,0.608818,0.000000,45.773590,-0.000000,10.000000,-800.000000,10.127189,1529.889978,0.063168
2.432000,0.350000,0.369358,0.585717,0.000000,49.120055,-0.000000,10.000000,-800.000000,9.597179,1530.872515,0.063187
2.433000,0.350000,0.369931,0.560743,0.000000,52.275696,-0.000000,10.000000,-800.000000,8.672143,1531.777673,0.063207
2.434000,0.350000,0.370479,0.534027,0.000000,55.165344,-0.000000,10.000000,-800.000000,7.292583,1532.562588,0.063228
2.435000,0.350000,0.370999,0.505752,0.000000,57.698269,-0.000000,10.000000,-800.000000,5.304878,1533.173517,0.063249
2.436000,0.350000,0.371490,0.476161,0.000000,59.725893,-0.000000,10.000000,-800.000000,1.889823,1533.512142,0.063270
2.437000,0.350000,0.371951,0.445688,0.000000,60.756981,-0.000000,10.000000,-800.000000,0.000000,1533.512142,0.063292
2.438000,0.350000,0.372381,0.414805,0.000000,61.308286,-0.000000,10.000000,-800.000000,0.000000,1533.512142,0.063314
2.439000,0.350000,0.372780,0.383694,0.000000,61.617682,-0.000000,10.000000,-800.000000,0.000000,1533.512142,0.063337
2.440000,0.350000,0.373149,0.352474,0.000000,61.751247,-0.000000,10.000000,-800.000000,0.000000,1533.512142,0.063360
2.441000,0.350000,0.373485,0.321233,0.000000,61.752342,-0.000000,10.000000,-800.000000,0.000000,1533.512142,0.063384
2.442000,0.350000,0.373791,0.290037,0.000000,61.654696,-0.000000,10.000000,-800.000000,0.000000,1533.512142,0.063408
2.443000,0.350000,0.374066,0.258933,0.000000,61.486519,-0.000000,10.000000,-800.000000,0.000000,1533.512142,0.063432
2.444000,0.350000,0.374309,0.227954,0.000000,61.276062,-0.000000,10.000000,-800.000000,0.000000,1533.512142,0.063456
2.445000,0.350000,0.374522,0.197112,0.000000,61.049851,-0.000000,10.000000,-800.000000,0.000000,1533.512142,0.063481
2.446000,0.350000,0.374703,0.166413,0.000000,60.819909,-0.000000,10.000000,-800.000000,0.000000,1533.512142,0.063505
2.447000,0.350000,0.374854,0.135851,0.000000,60.597189,-0.000000,10.000000,-800.000000,0.000000,1533.512142,0.063530
2.448000,0.350000,0.374975,0.105417,0.000000,60.392524,-0.000000,10.000000,-800.000000,0.000000,1533.512142,0.063555
2.449000,0.350000,0.375065,0.075094,0.000000,60.217211,-0.000000,10.000000,-800.000000,0.000000,1533.512142,0.063580
2.450000,0.350000,0.375125,0.044856,0.000000,60.084075,-0.000000,10.000000,-800.000000,0.000000,1533.512142,0.063605
2.451000,0.350000,0.375155,0.014669,0.000000,60.009643,-0.000000,10.000000,-800.000000,0.000000,1533.512142,0.063630
2.452000,0.350000,0.375155,-0.013738,0.023195,59.990111,-0.000000,9.577324,-800.000000,0.317675,1533.527725,0.063656
2.453000,0.350000,0.375128,-0.040388,0.125459,59.967718,-0.000000,9.079792,-800.000000,0.711242,1533.584226,0.063681
2.454000,0.350000,0.375074,-0.066901,0.312254,59.932931,-0.000000,8.622457,-800.000000,1.094502,1533.679353,0.063706
2.455000,0.350000,0.374994,-0.093182,0.586991,59.885141,-0.000000,8.188243,-800.000000,1.472614,1533.812470,0.063731
2.456000,0.350000,0.374888,-0.119131,0.952120,59.824426,-0.000000,7.766561,-800.000000,1.846438,1533.983129,0.063756
2.457000,0.350000,0.374756,-0.144647,1.409334,59.751159,-0.000000,7.351339,-800.000000,2.214533,1534.190842,0.063780
2.458000,0.350000,0.374599,-0.169631,1.959597,59.665585,-0.000000,6.939376,-800.000000,2.573783,1534.434823,0.063805
2.459000,0.350000,0.374417,-0.193980,2.603157,59.567856,-0.000000,6.529280,-800.000000,2.922638,1534.714092,0.063829
2.460000,0.350000,0.374211,-0.217595,3.339555,59.458127,-0.000000,6.120802,-800.000000,3.259260,1535.027498,0.063854
2.461000,0.350000,0.373982,-0.240376,4.167638,59.336529,-0.000000,5.714413,-800.000000,3.581736,1535.373697,0.063878
2.462000,0.350000,0.373731,-0.262225,5.085575,59.203161,-0.000000,5.311034,-800.000000,3.888172,1535.751155,0.063901
2.463000,0.350000,0.373458,-0.283048,6.090878,59.058087,-0.000000,4.911875,-800.000000,4.176726,1536.158154,0.063925
2.464000,0.350000,0.373165,-0.302752,7.180433,58.901341,-0.000000,4.518319,-800.000000,4.445635,1536.592793,0.063948
2.465000,0.350000,0.372853,-0.321251,8.351367,58.732930,-0.000000,4.131852,-800.000000,4.761322,1537.055097,0.063971
2.466000,0.350000,0.372523,-0.338452,9.609749,58.552852,-0.000000,3.754027,-800.000000,5.177231,1537.557638,0.063993
2.467000,0.350000,0.372177,-0.354266,10.950929,58.361116,-0.000000,3.386466,-800.000000,5.540265,1538.098462,0.064016
2.468000,0.350000,0.371815,-0.368608,12.366161,58.157749,-0.000000,3.030825,-800.000000,5.851031,1538.672316,0.064037
2.469000,0.350000,0.371440,-0.381403,13.846653,57.942797,-0.000000,2.688754,-800.000000,6.110363,1539.274026,0.064059
2.470000,0.350000,0.371053,-0.392585,15.383607,57.716323,-0.699997,2.361862,-800.000000,6.319306,1539.898510,0.064080
2.471000,0.350000,0.370655,-0.402096,16.967777,57.478422,-1.915191,2.051692,-800.000000,6.468040,1540.540283,0.064100
2.472000,0.350000,0.370249,-0.409890,18.587460,57.229222,-3.307580,1.759703,-800.000000,6.530687,1541.191792,0.064121
2.473000,0.350000,0.369836,-0.415932,20.227198,56.968892,-4.864929,1.487251,-800.000000,6.477060,1541.842526,0.064141
2.474000,0.350000,0.369418,-0.420206,21.867822,56.697632,-6.569912,1.235547,-800.000000,6.279503,1542.479107,0.064160
2.475000,0.350000,0.368996,-0.422716,23.486848,56.415668,-8.400176,1.005617,-800.000000,5.913655,1543.085589,0.064179
2.476000,0.350000,0.368573,-0.423490,25.060760,56.123229,-10.000000,0.798257,-800.000000,5.670059,1543.656871,0.064198
2.477000,0.350000,0.368150,-0.422576,26.568681,55.820537,-10.000000,0.613994,-800.000000,5.587363,1544.218923,0.064216
2.478000,0.350000,0.367728,-0.420048,27.979677,55.507787,-10.000000,0.453062,-800.000000,5.477858,1544.771019,0.064233
2.479000,0.350000,0.367310,-0.416011,29.263476,55.185112,-10.000000,0.315354,-800.000000,5.342967,1545.310567,0.064251
2.480000,0.350000,0.366897,-0.410599,30.392948,54.852544,-10.000000,0.200377,-800.000000,5.184392,1545.835130,0.064268
2.481000,0.350000,0.366489,-0.403968,31.344656,54.509986,-10.000000,0.107239,-800.000000,5.004091,1546.342462,0.064284
2.482000,0.350000,0.366089,-0.396299,32.099307,54.157185,-10.000000,0.034655,-800.000000,4.804237,1546.830524,0.064300
2.483000,0.350000,0.365697,-0.387786,32.642069,53.793717,-10.000000,0.000000,-800.000000,4.587172,1547.297507,0.064316
2.484000,0.350000,0.365314,-0.378637,32.962766,53.418971,0.055795,-10.000000,-800.000000,4.355447,1547.741845,0.064331
2.485000,0.350000,0.364940,-0.369064,33.061822,53.029546,0.077921,-10.000000,-800.000000,4.064731,1548.160027,0.064346
2.486000,0.350000,0.364576,-0.359261,32.966096,52.611848,0.087862,-10.000000,-800.000000,3.675483,1548.542907,0.064361
2.487000,0.350000,0.364221,-0.349382,32.707778,52.150592,0.088064,-10.000000,-800.000000,3.195577,1548.881146,0.064375
2.488000,0.350000,0.363877,-0.339542,32.317344,51.631213,0.080773,-10.000000,-800.000000,2.630208,1549.166022,0.064389
2.489000,0.350000,0.363542,-0.329820,31.822987,51.039549,0.067925,-10.000000,-800.000000,1.982105,1549.389177,0.064402
2.490000,0.350000,0.363217,-0.320257,31.250252,50.361559,0.051080,-10.000000,-800.000000,1.251879,1549.542392,0.064416
2.491000,0.350000,0.362902,-0.310866,30.621823,49.583104,0.031389,-10.000000,-800.000000,0.438457,1549.617399,0.064428
2.492000,0.350000,0.362596,-0.301626,29.957437,48.669089,0.009588,-10.000000,-800.000000,0.000000,1549.622945,0.064441
2.493000,0.350000,0.362298,-0.292447,29.273802,47.487866,0.000000,-10.000000,-800.000000,0.000000,1549.622945,0.064453
2.494000,0.350000,0.362011,-0.283177,28.584500,46.025553,0.000000,-10.000000,-800.000000,0.000000,1549.622945,0.064465
2.495000,0.350000,0.361732,-0.273656,27.900172,44.295685,-10.000000,0.069687,-800.000000,0.000000,1549.622945,0.064477
2.496000,0.350000,0.361463,-0.263728,27.223460,42.324023,-9.792827,0.104323,-800.000000,0.000000,1549.622945,0.064489
2.497000,0.350000,0.361205,-0.253268,26.535454,40.165012,-9.725261,0.145855,-800.000000,0.000000,1549.622945,0.064500
2.498000,0.350000,0.360957,-0.242205,25.815565,37.876018,-9.551141,0.196022,-800.000000,0.000000,1549.622945,0.064511
2.499000,0.350000,0.360721,-0.230520,25.047063,35.509182,-9.250350,0.256250,-800.000000,0.000000,1549.622945,0.064521
2.500000,0.350000,0.360496,-0.218234,24.217179,33.110917,-8.805479,0.327520,-800.000000,0.000000,1549.622945,0.064532
2.501000,0.350000,0.360284,-0.205406,23.317324,30.721672,-8.202366,0.410325,-800.000000,0.000000,1549.622945,0.064542
2.502000,0.350000,0.360086,-0.192122,22.343246,28.375910,-7.430602,0.504669,-800.000000,0.000000,1549.622945,0.064552
2.503000,0.350000,0.359900,-0.178489,21.295097,26.102264,-6.483954,0.610112,-800.000000,0.000000,1549.622945,0.064562
2.504000,0.350000,0.359729,-0.164625,20.177357,23.923819,-5.360654,0.725829,-800.000000,0.000000,1549.622945,0.064572
2.505000,0.350000,0.359571,-0.150655,18.998605,21.858497,-4.063534,0.850691,-800.000000,0.000000,1549.622945,0.064582
2.506000,0.350000,0.359427,-0.136702,17.771105,19.919513,-2.599957,0.983350,-800.000000,0.000000,1549.622945,0.064591
2.507000,0.350000,0.359298,-0.122882,16.510228,18.115877,-0.981548,1.122322,-800.000000,0.000000,1549.622945,0.064600
2.508000,0.350000,0.359182,-0.109298,15.233713,16.452915,-0.000000,1.266077,-800.000000,0.000000,1549.622945,0.064609
2.509000,0.350000,0.359079,-0.096039,13.960507,14.932803,-0.000000,1.413112,-800.000000,0.000000,1549.622945,0.064619
2.510000,0.350000,0.358989,-0.083174,12.708447,13.555094,-0.000000,1.562022,-800.000000,0.000000,1549.622945,0.064628
2.511000,0.350000,0.358912,-0.070756,11.492204,12.317215,-0.000000,1.711546,-800.000000,0.000000,1549.622945,0.064636
2.512000,0.350000,0.358848,-0.058825,10.323153,11.214935,-0.000000,1.860590,-800.000000,0.000000,1549.622945,0.064645
2.513000,0.350000,0.358795,-0.047404,9.209717,10.242791,-0.000000,2.008233,-800.000000,0.000000,1549.622945,0.064654
2.514000,0.350000,0.358753,-0.036512,8.157726,9.394476,-0.000000,2.153719,-800.000000,0.000000,1549.622945,0.064663
2.515000,0.350000,0.358721,-0.026153,7.170781,8.663183,-0.000000,2.296446,-800.000000,0.000000,1549.622945,0.064672
2.516000,0.350000,0.358700,-0.016330,6.250607,8.041908,-0.000000,2.435944,-800.000000,0.000000,1549.622945,0.064680
2.517000,0.350000,0.358689,-0.007038,5.397391,7.523704,-0.000000,2.571858,-800.000000,0.000000,1549.622945,0.064689
2.518000,0.350000,0.358686,0.000894,4.610910,7.101267,-0.000000,2.702836,-800.000000,0.000000,1549.622945,0.064698
2.519000,0.350000,0.358689,0.006174,3.895406,6.763411,-0.000000,2.820376,-800.000000,0.000000,1549.622945,0.064706
2.520000,0.350000,0.358698,0.010464,3.252496,6.500688,-0.000000,2.920124,-800.000000,0.000000,1549.622945,0.064715
2.521000,0.350000,0.358710,0.014292,2.678400,6.307937,-0.000000,3.005570,-800.000000,0.000000,1549.622945,0.064724
2.522000,0.350000,0.358726,0.017684,2.168583,6.180969,-0.000000,3.080088,-800.000000,0.000000,1549.622945,0.064732
2.523000,0.350000,0.358745,0.020663,1.718402,6.116228,-0.000000,3.145956,-800.000000,0.000000,1549.622945,0.064741
2.524000,0.350000,0.358767,0.023251,1.323282,6.110775,-0.000000,3.204664,-800.000000,0.000000,1549.622945,0.064750
2.525000,0.350000,0.358792,0.025464,0.978876,6.163717,-0.000000,3.257198,-800.000000,0.152287,1549.626752,0.064759
2.526000,0.350000,0.358818,0.027304,0.681279,6.334676,-0.000000,3.304192,-800.000000,1.021709,1549.696526,0.064768
2.527000,0.350000,0.358846,0.028732,0.427401,6.651684,-0.000000,3.345898,-800.000000,1.861651,1549.851447,0.064776
2.528000,0.350000,0.358876,0.029709,0.215561,7.108081,-0.000000,3.382216,-800.000000,2.666361,1550.088202,0.064785
2.529000,0.350000,0.358906,0.030195,0.047610,7.696212,-0.000000,3.412814,-800.000000,3.430900,1550.402953,0.064794
2.530000,0.350000,0.358936,0.030181,0.000000,8.407601,-0.000000,3.437262,-800.000000,4.151129,1550.791417,0.064803
2.531000,0.350000,0.358966,0.029706,0.000000,9.233248,-0.000000,3.455331,-800.000000,4.823679,1551.248948,0.064812
2.532000,0.350000,0.358995,0.028722,0.000000,10.163601,-0.000000,3.466806,-800.000000,5.445922,1551.770608,0.064821
2.533000,0.350000,0.359023,0.027169,0.000000,11.188559,-0.000000,3.471202,-800.000000,6.015945,1552.351240,0.064830
2.534000,0.350000,0.359049,0.024997,0.000000,12.297609,-0.000000,3.467851,-800.000000,6.532504,1552.985540,0.064839
2.535000,0.350000,0.359073,0.022158,0.000000,13.479945,-0.000000,3.455993,-800.000000,6.994976,1553.668119,0.064848
2.536000,0.350000,0.359093,0.018613,0.000000,14.724588,-0.000000,3.434838,-800.000000,7.403307,1554.393559,0.064857
2.537000,0.350000,0.359110,0.014329,0.000000,16.020494,-0.000000,3.403607,-800.000000,7.757947,1555.156471,0.064866
2.538000,0.350000,0.359122,0.009279,0.000000,17.356646,-0.000000,3.361553,-800.000000,8.059801,1555.951539,0.064876
2.539000,0.350000,0.359128,0.003508,0.000000,18.722167,-0.000000,3.308013,-800.000000,8.310168,1556.773563,0.064885
2.540000,0.350000,0.359129,-0.001679,0.004636,20.108165,-0.000000,3.245449,-800.000000,8.510507,1557.617487,0.064894
2.541000,0.350000,0.359125,-0.006064,0.023903,21.508937,-0.000000,3.180655,-800.000000,8.662239,1558.478394,0.064903
2.542000,0.350000,0.359117,-0.010817,0.058011,22.917390,-0.000000,3.115589,-800.000000,8.767283,1559.351538,0.064912
2.543000,0.350000,0.359103,-0.016351,0.110613,24.324042,-0.000000,3.046571,-800.000000,8.828269,1560.232411,0.064921
2.544000,0.350000,0.359084,-0.022641,0.185504,25.719637,-0.000000,2.970369,-800.000000,8.848191,1561.116792,0.064930
2.545000,0.350000,0.359058,-0.029656,0.286281,27.095520,-0.000000,2.884936,-800.000000,8.830220,1562.000771,0.064939
2.546000,0.350000,0.359024,-0.037355,0.416326,28.443675,-0.000000,2.789081,-800.000000,8.777595,1562.880762,0.064948
2.547000,0.350000,0.358983,-0.045689,0.578777,29.756760,-0.000000,2.682208,-800.000000,8.693555,1563.753501,0.064957
2.548000,0.350000,0.358933,-0.054602,0.781061,31.028119,-0.000000,2.564136,-800.000000,8.715058,1564.621988,0.064966
2.549000,0.350000,0.358873,-0.064019,1.042597,32.251814,-0.000000,2.435015,-800.000000,8.776605,1565.497735,0.064975
2.550000,0.350000,0.358804,-0.073851,1.363699,33.422659,-0.000000,2.295312,-800.000000,8.789902,1566.376586,0.064984
2.551000,0.350000,0.358725,-0.084007,1.742516,34.536206,-0.000000,2.145735,-800.000000,8.759319,1567.253991,0.064993
2.552000,0.350000,0.358636,-0.094399,2.177057,35.588719,-0.000000,1.987164,-800.000000,8.689102,1568.125827,0.065001
2.553000,0.350000,0.358537,-0.104935,2.665198,36.577153,-0.000000,1.820595,-800.000000,8.583337,1568.988389,0.065010
2.554000,0.350000,0.358426,-0.115525,3.204687,37.499114,-0.000000,1.647112,-800.000000,8.445920,1569.838367,0.065018
2.555000,0.350000,0.358306,-0.126080,3.793138,38.352828,-0.000000,1.467859,-800.000000,8.280526,1570.672826,0.065027
2.556000,0.350000,0.358174,-0.136514,4.428043,39.137099,-0.000000,1.284024,-800.000000,8.090584,1571.489187,0.065035
2.557000,0.350000,0.358033,-0.146740,5.106769,39.851269,-0.000000,1.096820,-800.000000,7.879252,1572.285192,0.065043
2.558000,0.350000,0.357881,-0.156676,5.826564,40.495167,-0.000000,0.907482,-800.000000,7.649399,1573.058886,0.065051
2.559000,0.350000,0.357719,-0.166242,6.584559,41.069065,-0.000000,0.717248,-800.000000,7.403590,1573.808578,0.065058
2.560000,0.350000,0.357549,-0.175361,7.377770,41.573624,-0.000000,0.527360,-800.000000,7.144080,1574.532816,0.065066
2.561000,0.350000,0.357369,-0.183959,8.203109,42.009846,-0.000000,0.339049,-800.000000,6.872817,1575.230355,0.065073
2.562000,0.350000,0.357181,-0.191967,9.057380,42.379022,-0.000000,0.153531,-800.000000,6.591444,1575.900125,0.065080
2.563000,0.350000,0.356985,-0.199319,9.937290,42.682688,-0.000000,0.000000,-800.000000,6.301318,1576.541200,0.065087
2.564000,0.350000,0.356782,-0.205955,10.839454,42.922585,0.204369,-10.000000,-800.000000,6.003743,1577.152786,0.065094
2.565000,0.350000,0.356573,-0.211816,11.760546,43.096588,0.374445,-10.000000,-800.000000,5.630441,1577.730930,0.065101
2.566000,0.350000,0.356359,-0.216842,12.697800,43.187779,0.537106,-10.000000,-800.000000,5.130835,1578.263628,0.065107
2.567000,0.350000,0.356140,-0.220967,13.648912,43.178739,0.691213,-10.000000,-800.000000,4.530014,1578.739869,0.065113
2.568000,0.350000,0.355917,-0.224113,14.611839,43.055184,0.835558,-10.000000,-800.000000,3.846782,1579.150753,0.065119
2.569000,0.350000,0.355692,-0.226201,15.584648,42.805163,0.968854,-10.000000,-800.000000,3.094221,1579.488900,0.065125
2.570000,0.350000,0.355465,-0.227146,16.565374,42.418346,1.089720,-10.000000,-800.000000,2.280463,1579.747919,0.065130
2.571000,0.350000,0.355238,-0.226859,17.551886,41.885439,1.196690,-10.000000,-800.000000,1.409557,1579.921972,0.065136
2.572000,0.350000,0.355012,-0.225244,18.541774,41.180613,1.288209,-10.000000,-800.000000,1.139235,1580.035613,0.065141
2.573000,0.350000,0.354788,-0.222182,19.532177,40.240940,1.362580,-10.000000,-800.000000,1.225658,1580.154798,0.065145
2.574000,0.350000,0.354568,-0.217534,20.519604,39.066314,1.417866,-10.000000,-800.000000,1.329193,1580.283707,0.065150
2.575000,0.350000,0.354354,-0.211173,21.499878,37.667251,1.451950,-10.000000,-800.000000,1.448004,1580.423941,0.065154
2.576000,0.350000,0.354147,-0.202981,22.468102,36.059471,1.462631,-10.000000,-800.000000,1.579764,1580.576885,0.065158
2.577000,0.350000,0.353949,-0.192857,23.418659,34.263389,1.447716,-10.000000,-800.000000,1.721732,1580.743666,0.065162
2.578000,0.350000,0.353762,-0.180719,24.345231,32.303518,1.405092,-10.000000,-800.000000,1.870826,1580.925114,0.065166
2.579000,0.350000,0.353588,-0.166506,25.240835,30.207823,1.332789,-10.000000,-800.000000,2.023694,1581.121734,0.065170
2.580000,0.350000,0.353429,-0.150180,26.097878,28.007020,1.229041,-8.007020,-800.000000,2.176789,1581.333684,0.065173
2.581000,0.350000,0.353288,-0.131732,26.908236,25.734873,1.092333,-6.535575,-800.000000,2.326431,1581.560757,0.065176
2.582000,0.350000,0.353167,-0.111178,27.663340,23.430637,0.921452,-4.804826,-800.000000,2.468862,1581.802372,0.065180
2.583000,0.350000,0.353066,-0.088569,28.354287,21.136701,0.715533,-2.853954,-800.000000,2.600288,1582.057573,0.065183
2.584000,0.350000,0.352990,-0.063986,28.971958,18.896550,0.474107,-0.727473,-800.000000,2.716898,1582.325020,0.065186
2.585000,0.350000,0.352939,-0.037546,29.507140,16.752937,0.197137,-0.000000,-800.000000,2.814857,1582.602992,0.065189
2.586000,0.350000,0.352916,-0.009395,29.950646,14.745365,-10.000000,0.114953,-800.000000,2.890288,1582.889383,0.065192
2.587000,0.350000,0.352920,0.017961,30.290841,12.903841,-10.000000,0.457364,-800.000000,2.809375,1583.175558,0.065194
2.588000,0.350000,0.352952,0.045478,30.502148,11.245100,-10.000000,0.817558,-800.000000,2.465971,1583.436937,0.065197
2.589000,0.350000,0.353011,0.074052,30.550134,9.784396,-10.000000,1.196750,-800.000000,1.894840,1583.649500,0.065200
2.590000,0.350000,0.353100,0.103384,30.404578,8.530004,-10.000000,1.596254,-800.000000,1.123290,1583.792240,0.065204
2.591000,0.350000,0.353218,0.133148,30.039426,7.483393,-10.000000,2.015510,-800.000000,0.171223,1583.846415,0.065207
2.592000,0.350000,0.353366,0.162994,29.432602,6.640225,-9.432602,2.452448,-800.000000,0.000000,1583.846415,0.065210
2.593000,0.350000,0.353544,0.192558,28.569877,5.991563,-9.513137,2.903899,-800.000000,0.000000,1583.846415,0.065214
2.594000,0.350000,0.353751,0.221474,27.445901,5.525259,-9.246149,3.365913,-800.000000,0.000000,1583.846415,0.065217
2.595000,0.350000,0.353987,0.249383,26.062449,5.227435,-8.607287,3.834008,-800.000000,0.000000,1583.846415,0.065221
2.596000,0.350000,0.354250,0.275937,24.428954,5.083902,-7.580037,4.303377,-800.000000,0.000000,1583.846415,0.065226
2.597000,0.350000,0.354538,0.300812,22.563251,5.081386,-6.157229,4.769056,-800.000000,0.000000,1583.846415,0.065230
2.598000,0.350000,0.354851,0.323715,20.491878,5.208409,-4.342181,5.226074,-800.000000,0.000000,1583.846415,0.065235
2.599000,0.350000,0.355185,0.344386,18.249826,5.455809,-2.149317,5.669589,-800.000000,0.000000,1583.846415,0.065240
2.600000,0.350000,0.355538,0.362610,15.879702,5.816921,-0.000000,6.095013,-800.000000,0.000000,1583.846415,0.065246
2.601000,0.350000,0.355909,0.378220,13.430138,6.287526,-0.000000,6.498134,-800.000000,0.000000,1583.846415,0.065252
2.602000,0.350000,0.356294,0.391101,10.952518,6.865672,-0.000000,6.875213,-800.000000,0.000000,1583.846415,0.065258
2.603000,0.350000,0.356690,0.401188,8.496378,7.551438,-0.000000,7.223062,-800.000000,0.000000,1583.846415,0.065265
2.604000,0.350000,0.357095,0.408462,6.109255,8.346693,-0.000000,7.539093,-800.000000,0.000000,1583.846415,0.065272
2.605000,0.350000,0.357506,0.412950,3.839037,9.254882,-0.000000,7.821330,-800.000000,0.000000,1583.846415,0.065279
2.606000,0.350000,0.357920,0.414728,1.741038,10.280844,-0.000000,8.068428,-800.000000,0.000000,1583.846415,0.065287
2.607000,0.350000,0.358335,0.413936,0.000000,11.433821,-0.000000,8.279726,-800.000000,0.344420,1583.855025,0.065296
2.608000,0.350000,0.358748,0.411455,0.000000,12.813046,-0.000000,8.456506,-800.000000,2.018295,1583.994520,0.065304
2.609000,0.350000,0.359158,0.408099,0.000000,14.455211,-0.000000,8.604892,-800.000000,3.624693,1584.297367,0.065313
2.610000,0.350000,0.359564,0.403721,0.000000,16.344445,-0.000000,8.729961,-800.000000,5.140839,1584.755385,0.065323
2.611000,0.350000,0.359965,0.398182,0.000000,18.460813,-0.000000,8.834171,-800.000000,6.545481,1585.358209,0.065333
2.612000,0.350000,0.360360,0.391360,0.000000,20.780640,-0.000000,8.918226,-800.000000,7.819298,1586.093463,0.065343
2.613000,0.350000,0.360747,0.383143,0.000000,23.276893,-0.000000,8.981769,-800.000000,8.945183,1586.946977,0.065354
2.614000,0.350000,0.361125,0.373440,0.000000,25.919615,-0.000000,9.023852,-800.000000,9.908440,1587.903020,0.065365
2.615000,0.350000,0.361493,0.362174,0.000000,28.676378,-0.000000,9.043239,-800.000000,10.696912,1588.944550,0.065377
2.616000,0.350000,0.361849,0.349291,0.000000,31.512772,-0.000000,9.038602,-800.000000,11.301056,1590.053471,0.065389
2.617000,0.350000,0.362191,0.334756,0.000000,34.392897,-0.000000,9.008652,-800.000000,11.713986,1591.210898,0.065401
2.618000,0.350000,0.362518,0.318555,0.000000,37.279866,-0.000000,8.952234,-800.000000,11.931485,1592.397427,0.065413
2.619000,0.350000,0.362828,0.300694,0.000000,40.136307,-0.000000,8.868385,-800.000000,11.951990,1593.593395,0.065426
2.620000,0.350000,0.363119,0.281203,0.000000,42.924867,-0.000000,8.756377,-800.000000,11.776573,1594.779151,0.065439
2.621000,0.350000,0.363390,0.260133,0.000000,45.608710,-0.000000,8.615746,-800.000000,11.408892,1595.935309,0.065453
2.622000,0.350000,0.363639,0.237554,0.000000,48.151998,-0.000000,8.446313,-800.000000,10.855149,1597.043012,0.065466
2.623000,0.350000,0.363864,0.213558,0.000000,50.520378,-0.000000,8.248194,-800.000000,10.124045,1598.084179,0.065480
2.624000,0.350000,0.364065,0.188255,0.000000,52.681444,-0.000000,8.021805,-800.000000,9.226752,1599.041751,0.065494
2.625000,0.350000,0.364241,0.161772,0.000000,54.605208,-0.000000,7.767862,-800.000000,8.176944,1599.899944,0.065508
2.626000,0.350000,0.364389,0.134255,0.000000,56.264576,-0.000000,7.487375,-800.000000,6.990971,1600.644508,0.065523
2.627000,0.350000,0.364509,0.105861,0.000000,57.635869,-0.000000,7.181635,-800.000000,5.688438,1601.263021,0.065537
2.628000,0.350000,0.364600,0.076760,0.000000,58.699532,-0.000000,6.852200,-800.000000,4.294002,1601.745314,0.065552
2.629000,0.350000,0.364662,0.047130,0.000000,59.441412,-0.000000,6.500876,-800.000000,2.843942,1602.084319,0.065567
2.630000,0.350000,0.364694,0.017156,0.000000,59.856752,-0.000000,6.129681,-800.000000,1.421613,1602.278941,0.065581
2.631000,0.350000,0.364697,-0.011516,0.018255,59.977326,-0.000000,5.742400,-800.000000,0.491401,1602.354396,0.065596
2.632000,0.350000,0.364672,-0.038167,0.115926,59.963924,-0.000000,5.353463,-800.000000,0.661589,1602.409986,0.065611
2.633000,0.350000,0.364620,-0.064687,0.299167,59.924667,-0.000000,4.964329,-800.000000,1.016616,1602.498201,0.065625
2.634000,0.350000,0.364543,-0.090973,0.570926,59.868727,-0.000000,4.572917,-800.000000,1.374143,1602.622249,0.065640
2.635000,0.350000,0.364439,-0.116925,0.933209,59.796325,-0.000000,4.178187,-800.000000,1.724472,1602.781627,0.065654
2.636000,0.350000,0.364309,-0.142441,1.387299,59.707185,-0.000000,3.780049,-800.000000,2.064767,1602.975431,0.065669
2.637000,0.350000,0.364154,-0.167416,1.933798,59.600906,-0.000000,3.379045,-800.000000,2.392577,1603.202503,0.065683
2.638000,0.350000,0.363974,-0.191748,2.572640,59.476980,-0.000000,2.976135,-800.000000,2.705465,1603.461442,0.065697
2.639000,0.350000,0.363771,-0.215333,3.303093,59.334794,-0.000000,2.572543,-800.000000,3.001015,1603.750605,0.065710
2.640000,0.350000,0.363544,-0.238070,4.123773,59.173634,-0.000000,2.169678,-800.000000,3.276846,1604.068109,0.065724
2.641000,0.350000,0.363295,-0.259859,5.032657,58.992687,-0.000000,1.769061,-800.000000,3.530631,1604.411836,0.065737
2.642000,0.350000,0.363025,-0.280601,6.027099,58.791045,-0.000000,1.372293,-800.000000,3.760107,1604.779440,0.065750
2.643000,0.350000,0.362734,-0.300201,7.103852,58.567711,-0.000000,0.981023,-800.000000,3.963090,1605.168353,0.065763
2.644000,0.350000,0.362425,-0.318567,8.259096,58.321603,-0.000000,0.596928,-800.000000,4.137480,1605.575792,0.065775
2.645000,0.350000,0.362097,-0.335609,9.488572,58.051560,-0.000000,0.221694,-800.000000,4.305114,1605.999370,0.065788
2.646000,0.350000,0.361754,-0.351239,10.794151,57.756354,0.142988,-10.000000,-800.000000,4.568107,1606.446762,0.065799
2.647000,0.350000,0.361395,-0.365369,12.172316,57.433198,0.495409,-10.000000,-800.000000,4.749415,1606.915734,0.065811
2.648000,0.350000,0.361024,-0.377913,13.615307,57.073413,0.833847,-10.000000,-800.000000,4.831662,1607.396539,0.065822
2.649000,0.350000,0.360640,-0.388787,15.116396,56.667217,1.156570,-10.000000,-800.000000,4.826009,1607.880007,0.065832
2.650000,0.350000,0.360247,-0.397906,16.669748,56.204953,1.461836,-10.000000,-800.000000,4.739092,1608.357794,0.065843
2.651000,0.350000,0.359845,-0.405188,18.270128,55.676784,1.747892,-10.000000,-800.000000,4.573803,1608.821981,0.065852
2.652000,0.350000,0.359437,-0.410547,19.912618,55.072506,2.012958,-10.000000,-800.000000,4.329985,1609.264743,0.065862
2.653000,0.350000,0.359024,-0.413898,21.592361,54.381433,2.255228,-10.000000,-800.000000,4.005049,1609.678082,0.065871
2.654000,0.350000,0.358610,-0.415154,23.304313,53.592355,2.472858,-10.000000,-800.000000,3.594538,1610.053619,0.065880
2.655000,0.350000,0.358195,-0.414227,25.043035,52.693552,2.663962,-10.000000,-800.000000,3.092659,1610.382444,0.065888
2.656000,0.350000,0.357782,-0.411026,26.802494,51.672865,2.826608,-10.000000,-800.000000,2.492773,1610.655010,0.065896
2.657000,0.350000,0.357374,-0.405460,28.575906,50.508400,2.958821,-10.000000,-800.000000,2.078391,1610.869345,0.065903
2.658000,0.350000,0.356972,-0.397396,30.355516,49.043608,3.058511,-10.000000,-800.000000,2.338378,1611.093389,0.065910
2.659000,0.350000,0.356580,-0.386640,32.132251,47.245766,3.123176,-10.000000,-800.000000,2.601214,1611.343654,0.065916
2.660000,0.350000,0.356200,-0.373016,33.895637,45.146311,3.149925,-10.000000,-800.000000,2.861148,1611.620066,0.065923
2.661000,0.350000,0.355835,-0.356378,35.633873,42.782292,3.135717,-10.000000,-800.000000,3.112325,1611.921970,0.065928
2.662000,0.350000,0.355488,-0.336618,37.333967,40.195375,3.077575,-10.000000,-800.000000,3.349069,1612.248132,0.065934
2.663000,0.350000,0.355163,-0.313662,38.981908,37.430794,2.972735,-10.000000,-800.000000,3.566184,1612.596780,0.065939
2.664000,0.350000,0.354862,-0.287479,40.562901,34.536290,2.818771,-10.000000,-800.000000,3.759250,1612.965667,0.065944
2.665000,0.350000,0.354589,-0.258081,42.061637,31.561047,2.613679,-10.000000,-800.000000,3.924908,1613.352170,0.065949
2.666000,0.350000,0.354347,-0.225522,43.462604,28.554645,2.355950,-8.554645,-800.000000,4.061114,1613.753407,0.065953
2.667000,0.350000,0.354139,-0.189900,44.750431,25.566778,2.044619,-6.422243,-800.000000,4.167329,1614.166389,0.065957
2.668000,0.350000,0.353968,-0.151354,45.910243,22.649006,1.679298,-4.061148,-800.000000,4.244602,1614.588169,0.065961
2.669000,0.350000,0.353837,-0.110067,46.928025,19.854117,1.260209,-1.531160,-800.000000,4.295499,1615.016002,0.065965
2.670000,0.350000,0.353748,-0.066265,47.790953,17.233555,0.788197,-0.000000,-800.000000,4.323823,1615.447481,0.065969
2.671000,0.350000,0.353705,-0.020207,48.487673,14.834066,0.264740,-0.000000,-800.000000,4.334097,1615.880627,0.065972
2.672000,0.350000,0.353708,0.025829,49.010600,12.691424,-10.000000,0.305245,-800.000000,4.330366,1616.313906,0.065976
2.673000,0.350000,0.353757,0.072000,49.357873,10.823481,-10.000000,0.907161,-800.000000,4.238533,1616.742437,0.065980
2.674000,0.350000,0.353853,0.119446,49.509143,9.243030,-10.000000,1.540146,-800.000000,4.005644,1617.152720,0.065984
2.675000,0.350000,0.353996,0.167787,49.444440,7.953408,-10.000000,2.204329,-800.000000,3.656138,1617.532291,0.065988
2.676000,0.350000,0.354188,0.216627,49.147444,6.948869,-10.000000,2.898065,-800.000000,3.200385,1617.870242,0.065992
2.677000,0.350000,0.354429,0.265564,48.603867,6.216357,-10.000000,3.618292,-800.000000,2.636703,1618.155925,0.065996
2.678000,0.350000,0.354719,0.314191,47.800127,5.737844,-10.000000,4.360968,-800.000000,1.954349,1618.377934,0.066001
2.679000,0.350000,0.355058,0.362102,46.722416,5.493025,-10.000000,5.121375,-800.000000,1.136830,1618.523403,0.066006
2.680000,0.350000,0.355443,0.408887,45.356181,5.462030,-10.000000,5.894311,-800.000000,0.164951,1618.577626,0.066011
2.681000,0.350000,0.355875,0.454127,43.651659,5.627658,-10.000000,6.674207,-800.000000,0.000000,1618.577626,0.066017
2.682000,0.350000,0.356351,0.497339,41.545311,5.976712,-10.000000,7.455012,-800.000000,0.000000,1618.577626,0.066024
2.683000,0.350000,0.356869,0.538027,39.049497,6.500529,-10.000000,8.230085,-800.000000,0.000000,1618.577626,0.066031
2.684000,0.350000,0.357426,0.575721,36.187097,7.194987,-10.000000,8.992390,-800.000000,0.000000,1618.577626,0.066038
2.685000,0.350000,0.358019,0.609977,32.990122,8.060143,-10.000000,9.734708,-800.000000,0.000000,1618.577626,0.066046
2.686000,0.350000,0.358644,0.640386,29.499437,9.099730,-9.499437,10.000000,-800.000000,0.000000,1618.577626,0.066055
2.687000,0.350000,0.359298,0.666581,25.764755,10.320531,-6.714699,10.000000,-800.000000,0.000000,1618.577626,0.066064
2.688000,0.350000,0.359976,0.688244,21.846413,11.731300,-3.372833,10.000000,-800.000000,0.000000,1618.577626,0.066074
2.689000,0.350000,0.360673,0.705120,17.818697,13.341895,-0.000000,10.000000,-800.000000,0.000000,1618.577626,0.066085
2.690000,0.350000,0.361385,0.717023,13.768261,15.162868,-0.000000,10.000000,-800.000000,0.000000,1618.577626,0.066096
2.691000,0.350000,0.362106,0.723853,9.789451,17.212356,-0.000000,10.000000,-800.000000,0.694066,1618.599372,0.066108
2.692000,0.350000,0.362831,0.725573,5.980127,19.580386,-0.000000,10.000000,-800.000000,2.681746,1618.794160,0.066121
2.693000,0.350000,0.363555,0.722214,2.454355,22.259721,-0.000000,10.000000,-800.000000,4.502204,1619.177569,0.066134
2.694000,0.350000,0.364273,0.713986,0.000000,25.205314,-0.000000,10.000000,-800.000000,6.119022,1619.730562,0.066149
2.695000,0.350000,0.364982,0.702810,0.000000,28.369905,-0.000000,10.000000,-800.000000,7.500538,1620.430761,0.066164
2.696000,0.350000,0.365678,0.689754,0.000000,31.706397,-0.000000,10.000000,-800.000000,8.619130,1621.252878,0.066179
2.697000,0.350000,0.366361,0.674736,0.000000,35.163572,-0.000000,10.000000,-800.000000,9.451047,1622.169110,0.066196
2.698000,0.350000,0.367027,0.657701,0.000000,38.686348,-0.000000,10.000000,-800.000000,9.975822,1623.149486,0.066213
2.699000,0.350000,0.367676,0.638630,0.000000,42.216324,-0.000000,10.000000,-800.000000,10.175193,1624.162140,0.066230
2.700000,0.350000,0.368304,0.617538,0.000000,45.692114,-0.000000,10.000000,-800.000000,10.031212,1625.173417,0.066249
2.701000,0.350000,0.368910,0.594476,0.000000,49.049238,-0.000000,10.000000,-800.000000,9.522764,1626.147708,0.066268
2.702000,0.350000,0.369492,0.569532,0.000000,52.219185,-0.000000,10.000000,-800.000000,8.618267,1627.046720,0.066287
2.703000,0.350000,0.370049,0.542840,0.000000,55.126509,-0.000000,10.000000,-800.000000,7.257101,1627.827419,0.066307
2.704000,0.350000,0.370577,0.514575,0.000000,57.679959,-0.000000,10.000000,-800.000000,5.283521,1628.435732,0.066328
2.705000,0.350000,0.371077,0.484983,0.000000,59.729569,-0.000000,10.000000,-800.000000,1.863126,1628.772290,0.066349
2.706000,0.350000,0.371547,0.454497,0.000000,60.780585,-0.000000,10.000000,-800.000000,0.000000,1628.772290,0.066370
2.707000,0.350000,0.371986,0.423589,0.000000,61.350949,-0.000000,10.000000,-800.000000,0.000000,1628.772290,0.066392
2.708000,0.350000,0.372394,0.392444,0.000000,61.676314,-0.000000,10.000000,-800.000000,0.000000,1628.772290,0.066415
2.709000,0.350000,0.372771,0.361181,0.000000,61.822511,-0.000000,10.000000,-800.000000,0.000000,1628.772290,0.066438
2.710000,0.350000,0.373117,0.329892,0.000000,61.832836,-0.000000,10.000000,-800.000000,0.000000,1628.772290,0.066461
2.711000,0.350000,0.373431,0.298643,0.000000,61.741045,-0.000000,10.000000,-800.000000,0.000000,1628.772290,0.066484
2.712000,0.350000,0.373714,0.267485,0.000000,61.575433,-0.000000,10.000000,-800.000000,0.000000,1628.772290,0.066508
2.713000,0.350000,0.373966,0.236451,0.000000,61.362710,-0.000000,10.000000,-800.000000,0.000000,1628.772290,0.066532
2.714000,0.350000,0.374187,0.205558,0.000000,61.131808,-0.000000,10.000000,-800.000000,0.000000,1628.772290,0.066556
2.715000,0.350000,0.374377,0.174810,0.000000,60.895786,-0.000000,10.000000,-800.000000,0.000000,1628.772290,0.066580
2.716000,0.350000,0.374537,0.144205,0.000000,60.665414,-0.000000,10.000000,-800.000000,0.000000,1628.772290,0.066605
2.717000,0.350000,0.374666,0.113734,0.000000,60.451281,-0.000000,10.000000,-800.000000,0.000000,1628.772290,0.066630
2.718000,0.350000,0.374764,0.083380,0.000000,60.264296,-0.000000,10.000000,-800.000000,0.000000,1628.772290,0.066654
2.719000,0.350000,0.374832,0.053120,0.000000,60.116558,-0.000000,10.000000,-800.000000,0.000000,1628.772290,0.066679
2.720000,0.350000,0.374870,0.022923,0.000000,60.023260,-0.000000,10.000000,-800.000000,0.000000,1628.772290,0.066704
2.721000,0.350000,0.374878,-0.006452,0.009264,59.994402,-0.000000,9.594651,-800.000000,0.203077,1628.779339,0.066729
2.722000,0.350000,0.374858,-0.033122,0.089231,59.975006,-0.000000,9.094418,-800.000000,0.605308,1628.825088,0.066754
2.723000,0.350000,0.374812,-0.059682,0.252519,59.943709,-0.000000,8.635875,-800.000000,0.990478,1628.909751,0.066779
2.724000,0.350000,0.374739,-0.086036,0.502922,59.899478,-0.000000,8.201504,-800.000000,1.369842,1629.032545,0.066803
2.725000,0.350000,0.374640,-0.112086,0.843132,59.842259,-0.000000,7.780193,-800.000000,1.744849,1629.193000,0.066828
2.726000,0.350000,0.374515,-0.137731,1.275054,59.772361,-0.000000,7.365514,-800.000000,2.114450,1629.390644,0.066852
2.727000,0.350000,0.374365,-0.162870,1.799859,59.690015,-0.000000,6.954039,-800.000000,2.475593,1629.624732,0.066877
2.728000,0.350000,0.374190,-0.187403,2.417997,59.595355,-0.000000,6.544231,-800.000000,2.826722,1629.894322,0.066901
2.729000,0.350000,0.373990,-0.211228,3.129208,59.488523,-0.000000,6.135747,-800.000000,3.166004,1630.198299,0.066925
2.730000,0.350000,0.373767,-0.234245,3.932529,59.369635,-0.000000,5.728997,-800.000000,3.491518,1630.535359,0.066949
2.731000,0.350000,0.373522,-0.256357,4.826316,59.238776,-0.000000,5.324869,-800.000000,3.801353,1630.904006,0.066972
2.732000,0.350000,0.373255,-0.277468,5.808257,59.095995,-0.000000,4.924547,-800.000000,4.093649,1631.302553,0.066996
2.733000,0.350000,0.372967,-0.297485,6.875405,58.941311,-0.000000,4.529402,-800.000000,4.366617,1631.729137,0.067019
2.734000,0.350000,0.372660,-0.316317,8.024251,58.774715,-0.000000,4.140917,-800.000000,4.633402,1632.182086,0.067041
2.735000,0.350000,0.372335,-0.333877,9.259172,58.596181,-0.000000,3.760640,-800.000000,5.062475,1632.672661,0.067064
2.736000,0.350000,0.371993,-0.350072,10.579302,58.405692,-0.000000,3.390184,-800.000000,5.438275,1633.202811,0.067086
2.737000,0.350000,0.371636,-0.364816,11.975894,58.203249,-0.000000,3.031209,-800.000000,5.761357,1633.767240,0.067107
2.738000,0.350000,0.371264,-0.378030,13.440146,57.988870,-0.000000,2.685377,-800.000000,6.032499,1634.360724,0.067128
2.739000,0.350000,0.370880,-0.389645,14.963237,57.762591,-0.470414,2.354316,-800.000000,6.252697,1634.978130,0.067149
2.740000,0.350000,0.370485,-0.399603,16.536047,57.524476,-1.636557,2.039593,-800.000000,6.415675,1635.614082,0.067170
2.741000,0.350000,0.370081,-0.407852,18.147571,57.274622,-2.982051,1.742696,-800.000000,6.498917,1636.261593,0.067190
2.742000,0.350000,0.369670,-0.414355,19.783179,57.013162,-4.495771,1.465013,-800.000000,6.472068,1636.910777,0.067210
2.743000,0.350000,0.369253,-0.419090,21.424481,56.740266,-6.161529,1.207799,-800.000000,6.307041,1637.548848,0.067229
2.744000,0.350000,0.368833,-0.422058,23.049702,56.456130,-7.958108,0.972134,-800.000000,5.978840,1638.160401,0.067248
2.745000,0.350000,0.368410,-0.423278,24.634818,56.160956,-9.860086,0.758875,-800.000000,5.649460,1638.733652,0.067266
2.746000,0.350000,0.367987,-0.422796,26.159826,55.854943,-10.000000,0.568619,-800.000000,5.570603,1639.293887,0.067284
2.747000,0.350000,0.367565,-0.420676,27.595247,55.538265,-10.000000,0.401678,-800.000000,5.464433,1639.844520,0.067302
2.748000,0.350000,0.367146,-0.417019,28.910275,55.211046,-10.000000,0.258034,-800.000000,5.332293,1640.382902,0.067319
2.749000,0.350000,0.366731,-0.411948,30.077026,54.873315,-10.000000,0.137292,-800.000000,5.175816,1640.906534,0.067335
2.750000,0.350000,0.366322,-0.405618,31.071189,54.524979,-10.000000,0.038659,-800.000000,4.996897,1641.413101,0.067352
2.751000,0.350000,0.365920,-0.398201,31.872499,54.165796,-10.000000,0.000000,-800.000000,4.797654,1641.900488,0.067368
2.752000,0.350000,0.365526,-0.389889,32.465085,53.795363,0.097408,-10.000000,-800.000000,4.580561,1642.366814,0.067383
2.753000,0.350000,0.365141,-0.380885,32.843573,53.410600,0.138309,-10.000000,-800.000000,4.302760,1642.808317,0.067398
2.754000,0.350000,0.364765,-0.371378,33.029273,52.998571,0.163907,-10.000000,-800.000000,3.926142,1643.215792,0.067413
2.755000,0.350000,0.364398,-0.361523,33.049519,52.544729,0.176413,-10.000000,-800.000000,3.458588,1643.579870,0.067428
2.756000,0.350000,0.364042,-0.351443,32.930691,52.035234,0.177909,-10.000000,-800.000000,2.905308,1643.891805,0.067442
2.757000,0.350000,0.363695,-0.341224,32.697612,51.456631,0.170238,-10.000000,-800.000000,2.269089,1644.143214,0.067455
2.758000,0.350000,0.363359,-0.330925,32.373138,50.795561,0.154926,-10.000000,-800.000000,1.550647,1644.325864,0.067469
2.759000,0.350000,0.363033,-0.320571,31.977885,50.038543,0.133157,-10.000000,-800.000000,0.749055,1644.431486,0.067482
2.760000,0.350000,0.362718,-0.310164,31.530074,49.170038,0.105745,-10.000000,-800.000000,0.000000,1644.455084,0.067494
2.761000,0.350000,0.362413,-0.299655,31.045430,48.070974,0.073107,-10.000000,-800.000000,0.000000,1644.455084,0.067507
2.762000,0.350000,0.362119,-0.288914,30.536990,46.683854,0.035032,-10.000000,-800.000000,0.000000,1644.455084,0.067519
2.763000,0.350000,0.361835,-0.277796,30.015108,45.022050,0.000000,-10.000000,-800.000000,0.000000,1644.455084,0.067531
2.764000,0.350000,0.361563,-0.266156,29.487625,43.104619,-10.000000,0.061466,-800.000000,0.000000,1644.455084,0.067542
2.765000,0.350000,0.361303,-0.253857,28.954628,40.962241,-10.000000,0.122939,-800.000000,0.000000,1644.455084,0.067554
2.766000,0.350000,0.361056,-0.240799,28.394235,38.653165,-10.000000,0.195574,-800.000000,0.000000,1644.455084,0.067565
2.767000,0.350000,0.360822,-0.226941,27.782527,36.237652,-9.993501,0.280978,-800.000000,0.000000,1644.455084,0.067575
2.768000,0.350000,0.360602,-0.212299,27.099516,33.769951,-9.946090,0.380350,-800.000000,0.000000,1644.455084,0.067586
2.769000,0.350000,0.360398,-0.196933,26.329196,31.297826,-9.736022,0.494359,-800.000000,0.000000,1644.455084,0.067596
2.770000,0.350000,0.360209,-0.180945,25.459738,28.862365,-9.343719,0.623101,-800.000000,0.000000,1644.455084,0.067607
2.771000,0.350000,0.360036,-0.164466,24.483890,26.498019,-8.753301,0.766111,-800.000000,0.000000,1644.455084,0.067617
2.772000,0.350000,0.359880,-0.147652,23.399336,24.232808,-7.953321,0.922412,-800.000000,0.000000,1644.455084,0.067627
2.773000,0.350000,0.359741,-0.130670,22.208898,22.088684,-6.937373,1.090583,-800.000000,0.000000,1644.455084,0.067636
2.774000,0.350000,0.359619,-0.113696,20.920539,20.081982,-5.704536,1.268848,-800.000000,0.000000,1644.455084,0.067646
2.775000,0.350000,0.359513,-0.096902,19.547141,18.223959,-4.259574,1.455178,-800.000000,0.000000,1644.455084,0.067655
2.776000,0.350000,0.359425,-0.080450,18.106021,16.521381,-2.612885,1.647387,-800.000000,0.000000,1644.455084,0.067665
2.777000,0.350000,0.359352,-0.064487,16.618209,14.977131,-0.780154,1.843241,-800.000000,0.000000,1644.455084,0.067674
2.778000,0.350000,0.359295,-0.049138,15.107486,13.590839,-0.000000,2.040550,-800.000000,0.000000,1644.455084,0.067684
2.779000,0.350000,0.359254,-0.034503,13.598786,12.359497,-0.000000,2.237259,-800.000000,0.000000,1644.455084,0.067693
2.780000,0.350000,0.359226,-0.020656,12.115113,11.278058,-0.000000,2.431522,-800.000000,0.000000,1644.455084,0.067702
2.781000,0.350000,0.359212,-0.007647,10.675649,10.339995,-0.000000,2.621741,-800.000000,0.000000,1644.455084,0.067711
2.782000,0.350000,0.359210,0.003289,9.296897,9.536877,-0.000000,2.804987,-800.000000,0.000000,1644.455084,0.067720
2.783000,0.350000,0.359218,0.011136,7.998578,8.854404,-0.000000,2.969649,-800.000000,0.000000,1644.455084,0.067730
2.784000,0.350000,0.359232,0.018060,6.791814,8.282137,-0.000000,3.113777,-800.000000,0.000000,1644.455084,0.067739
2.785000,0.350000,0.359253,0.024155,5.681435,7.812432,-0.000000,3.241000,-800.000000,0.000000,1644.455084,0.067748
2.786000,0.350000,0.359280,0.029457,4.669845,7.438026,-0.000000,3.354095,-800.000000,0.000000,1644.455084,0.067757
2.787000,0.350000,0.359312,0.034009,3.757470,7.152221,-0.000000,3.454942,-800.000000,0.000000,1644.455084,0.067767
2.788000,0.350000,0.359348,0.037859,2.943176,6.949011,-0.000000,3.544858,-800.000000,0.000000,1644.455084,0.067776
2.789000,0.350000,0.359388,0.041055,2.224694,6.823176,-0.000000,3.624826,-800.000000,0.000000,1644.455084,0.067785
2.790000,0.350000,0.359430,0.043644,1.599068,6.770325,-0.000000,3.695630,-800.000000,0.000000,1644.455084,0.067795
2.791000,0.350000,0.359475,0.045676,1.063188,6.786897,-0.000000,3.757940,-800.000000,0.000000,1644.455084,0.067804
2.792000,0.350000,0.359521,0.047197,0.614617,6.870137,-0.000000,3.812353,-800.000000,0.000000,1644.455084,0.067814
2.793000,0.350000,0.359569,0.048250,0.253535,7.046071,-0.000000,3.859421,-800.000000,0.731556,1644.491016,0.067823
2.794000,0.350000,0.359617,0.048847,0.000000,7.385870,-0.000000,3.899589,-800.000000,1.718020,1644.626104,0.067833
2.795000,0.350000,0.359666,0.049069,0.000000,7.886745,-0.000000,3.933244,-800.000000,2.665067,1644.857433,0.067843
2.796000,0.350000,0.359716,0.048956,0.000000,8.540604,-0.000000,3.961043,-800.000000,3.565696,1645.180617,0.067852
2.797000,0.350000,0.359764,0.048421,0.000000,9.338092,-0.000000,3.983179,-800.000000,4.413959,1645.590632,0.067862
2.798000,0.350000,0.359812,0.047385,0.000000,10.268719,-0.000000,3.999295,-800.000000,5.204978,1646.081930,0.067872
2.799000,0.350000,0.359859,0.045772,0.000000,11.321062,-0.000000,4.008694,-800.000000,5.934925,1646.648539,0.067882
2.800000,0.350000,0.359904,0.043515,0.000000,12.482943,-0.000000,4.010489,-800.000000,6.600974,1647.284168,0.067892
2.801000,0.350000,0.359946,0.040556,0.000000,13.741620,-0.000000,4.003702,-800.000000,7.201241,1647.982301,0.067902
2.802000,0.350000,0.359984,0.036840,0.000000,15.083954,-0.000000,3.987328,-800.000000,7.734715,1648.736291,0.067912
2.803000,0.350000,0.360019,0.032322,0.000000,16.496573,-0.000000,3.960382,-800.000000,8.201184,1649.539439,0.067922
2.804000,0.350000,0.360049,0.026967,0.000000,17.966012,-0.000000,3.921923,-800.000000,8.601153,1650.385071,0.067932
2.805000,0.350000,0.360073,0.020743,0.000000,19.478860,-0.000000,3.871075,-800.000000,8.935782,1651.266605,0.067942
2.806000,0.350000,0.360090,0.013630,0.000000,21.021874,-0.000000,3.807041,-800.000000,9.206802,1652.177610,0.067952
2.807000,0.350000,0.360100,0.005612,0.000000,22.582096,-0.000000,3.729107,-800.000000,9.416461,1653.111864,0.067962
2.808000,0.350000,0.360101,-0.002126,0.004571,24.148030,-0.000000,3.638501,-800.000000,9.567304,1654.063388,0.067972
2.809000,0.350000,0.360096,-0.008693,0.028587,25.713259,-0.000000,3.544042,-800.000000,9.661606,1655.026444,0.067982
2.810000,0.350000,0.360084,-0.015923,0.073691,27.269189,-0.000000,3.447620,-800.000000,9.702337,1655.995554,0.067992
2.811000,0.350000,0.360064,-0.024002,0.144611,28.804875,-0.000000,3.345114,-800.000000,9.693339,1656.965598,0.068002
2.812000,0.350000,0.360035,-0.032887,0.245815,30.310061,-0.000000,3.233418,-800.000000,9.638825,1657.931863,0.068012
2.813000,0.350000,0.359998,-0.042525,0.381468,31.775351,-0.000000,3.110681,-800.000000,9.543194,1658.890072,0.068022
2.814000,0.350000,0.359950,-0.052857,0.555419,33.192255,-0.000000,2.975947,-800.000000,9.410914,1659.836393,0.068032
2.815000,0.350000,0.359892,-0.063811,0.771169,34.553217,-0.000000,2.828871,-800.000000,9.246425,1660.767438,0.068042
2.816000,0.350000,0.359822,-0.075310,1.031833,35.851627,-0.000000,2.669548,-800.000000,9.054078,1661.680260,0.068052
2.817000,0.350000,0.359741,-0.087272,1.340102,37.081824,-0.000000,2.498391,-800.000000,8.838077,1662.572336,0.068062
2.818000,0.350000,0.359648,-0.099605,1.698216,38.239081,-0.000000,2.316055,-800.000000,8.602431,1663.441554,0.068072
2.819000,0.350000,0.359542,-0.112214,2.118969,39.319588,-0.000000,2.123391,-800.000000,8.564434,1664.299596,0.068081
2.820000,0.350000,0.359423,-0.124982,2.612791,40.320453,-0.000000,1.921452,-800.000000,8.490348,1665.151705,0.068090
2.821000,0.350000,0.359292,-0.137792,3.176599,41.239678,-0.000000,1.711495,-800.000000,8.380611,1665.994142,0.068100
2.822000,0.350000,0.359148,-0.150529,3.807061,42.076087,-0.000000,1.494915,-800.000000,8.239669,1666.823621,0.068109
2.823000,0.350000,0.358991,-0.163080,4.500641,42.829265,-0.000000,1.273201,-800.000000,8.071605,1667.637281,0.068118
2.824000,0.350000,0.358821,-0.175337,5.253605,43.499471,-0.000000,1.047894,-800.000000,7.880106,1668.432642,0.068127
2.825000,0.350000,0.358640,-0.187193,6.062044,44.087562,-0.000000,0.820565,-800.000000,7.668419,1669.207569,0.068135
2.826000,0.350000,0.358447,-0.198549,6.921885,44.594904,-0.000000,0.592792,-800.000000,7.439340,1669.960219,0.068144
2.827000,0.350000,0.358243,-0.209310,7.828905,45.023288,-0.000000,0.366144,-800.000000,7.195203,1670.689004,0.068152
2.828000,0.350000,0.358029,-0.219385,8.778749,45.374843,-0.000000,0.142172,-800.000000,6.937892,1671.392539,0.068160
2.829000,0.350000,0.357805,-0.228692,9.766945,45.651956,0.077607,-10.000000,-800.000000,6.668863,1672.069601,0.068168
2.830000,0.350000,0.357572,-0.237150,10.788967,45.853449,0.291710,-10.000000,-800.000000,6.323478,1672.715977,0.068175
2.831000,0.350000,0.357331,-0.244682,11.840544,45.964594,0.498688,-10.000000,-800.000000,5.856051,1673.319949,0.068183
2.832000,0.350000,0.357083,-0.251202,12.917991,45.970428,0.697088,-10.000000,-800.000000,5.293190,1673.871035,0.068190
2.833000,0.350000,0.356829,-0.256623,14.018122,45.858955,0.885413,-10.000000,-800.000000,4.654268,1674.360957,0.068197
2.834000,0.350000,0.356570,-0.260852,15.138063,45.620253,1.062112,-10.000000,-800.000000,3.952205,1674.782961,0.068203
2.835000,0.350000,0.356307,-0.263795,16.275079,45.245705,1.225571,-10.000000,-800.000000,3.194445,1675.131239,0.068210
2.836000,0.350000,0.356043,-0.265356,17.426412,44.727384,1.374111,-10.000000,-800.000000,2.384020,1675.400441,0.068216
2.837000,0.350000,0.355777,-0.265436,18.589131,44.057603,1.505991,-10.000000,-800.000000,1.520592,1675.585300,0.068221
2.838000,0.350000,0.355512,-0.263930,19.759992,43.193017,1.619403,-10.000000,-800.000000,1.448340,1675.726236,0.068227
2.839000,0.350000,0.355250,-0.260695,20.935215,42.066382,1.712373,-10.000000,-800.000000,1.567240,1675.878358,0.068232
2.840000,0.350000,0.354992,-0.255577,22.110292,40.686130,1.782653,-10.000000,-800.000000,1.703596,1676.043475,0.068237
2.841000,0.350000,0.354739,-0.248438,23.279927,39.068104,1.827821,-10.000000,-800.000000,1.855160,1676.223199,0.068242
2.842000,0.350000,0.354495,-0.239153,24.438023,37.233365,1.845395,-10.000000,-800.000000,2.019136,1676.418878,0.068246
2.843000,0.350000,0.354262,-0.227618,25.577680,35.207569,1.832939,-10.000000,-800.000000,2.192285,1676.631555,0.068251
2.844000,0.350000,0.354041,-0.213753,26.691235,33.020282,1.788138,-10.000000,-800.000000,2.371040,1676.861926,0.068255
2.845000,0.350000,0.353835,-0.197501,27.770316,30.704242,1.708877,-10.000000,-800.000000,2.551611,1677.110316,0.068259
2.846000,0.350000,0.353647,-0.178837,28.805921,28.294586,1.593294,-8.294586,-800.000000,2.730097,1677.376663,0.068262
2.847000,0.350000,0.353478,-0.157761,29.788523,25.828934,1.439839,-6.658392,-800.000000,2.902576,1677.660514,0.068266
2.848000,0.350000,0.353332,-0.134308,30.708186,23.349479,1.247315,-4.761831,-800.000000,3.065189,1677.961027,0.068269
2.849000,0.350000,0.353210,-0.108548,31.554704,20.901391,1.014926,-2.648691,-800.000000,3.214193,1678.276978,0.068272
2.850000,0.350000,0.353116,-0.080585,32.317751,18.530740,0.742325,-0.368179,-800.000000,3.345983,1678.606782,0.068275
2.851000,0.350000,0.353050,-0.050559,32.987031,16.282387,0.429645,-0.000000,-800.000000,3.457080,1678.948498,0.068278
2.852000,0.350000,0.353015,-0.018644,33.552421,14.197029,0.077520,-0.000000,-800.000000,3.544076,1679.299844,0.068281
2.853000,0.350000,0.353013,0.013457,34.005347,12.305597,-10.000000,0.311249,-800.000000,3.603450,1679.658194,0.068284
2.854000,0.350000,0.353042,0.045034,34.340827,10.623089,-10.000000,0.722851,-800.000000,3.512929,1680.014943,0.068287
2.855000,0.350000,0.353103,0.077807,34.528378,9.161780,-10.000000,1.156085,-800.000000,3.177581,1680.347048,0.068291
2.856000,0.350000,0.353198,0.111479,34.535470,7.927700,-10.000000,1.612405,-800.000000,2.630498,1680.632159,0.068294
2.857000,0.350000,0.353327,0.145722,34.334420,6.919822,-10.000000,2.091490,-800.000000,1.896411,1680.850713,0.068297
2.858000,0.350000,0.353489,0.180186,33.901438,6.131171,-10.000000,2.591453,-800.000000,0.992012,1680.985113,0.068301
2.859000,0.350000,0.353687,0.214505,33.215691,5.550225,-10.000000,3.109252,-800.000000,0.000000,1681.020805,0.068304
2.860000,0.350000,0.353918,0.248300,32.250951,5.162539,-10.000000,3.641001,-800.000000,0.000000,1681.020805,0.068308
2.861000,0.350000,0.354183,0.281178,30.992197,4.952449,-10.000000,4.182158,-800.000000,0.000000,1681.020805,0.068312
2.862000,0.350000,0.354480,0.312748,29.440068,4.904701,-9.440068,4.727692,-800.000000,0.000000,1681.020805,0.068317
2.863000,0.350000,0.354808,0.342636,27.603279,5.005758,-8.547286,5.272256,-800.000000,0.000000,1681.020805,0.068322
2.864000,0.350000,0.355165,0.370486,25.499805,5.244656,-7.204139,5.810345,-800.000000,0.000000,1681.020805,0.068327
2.865000,0.350000,0.355548,0.395970,23.157367,5.613367,-5.411682,6.336439,-800.000000,0.000000,1681.020805,0.068332
2.866000,0.350000,0.355956,0.418798,20.613452,6.106806,-3.183504,6.845128,-800.000000,0.000000,1681.020805,0.068338
2.867000,0.350000,0.356385,0.438723,17.914693,6.722609,-0.546090,7.331248,-800.000000,0.000000,1681.020805,0.068345
2.868000,0.350000,0.356832,0.455548,15.115542,7.460832,-0.000000,7.790000,-800.000000,0.000000,1681.020805,0.068352
2.869000,0.350000,0.357295,0.469133,12.275367,8.323652,-0.000000,8.217069,-800.000000,0.000000,1681.020805,0.068359
2.870000,0.350000,0.357769,0.479392,9.453103,9.315108,-0.000000,8.608725,-800.000000,0.000000,1681.020805,0.068367
2.871000,0.350000,0.358253,0.486298,6.706053,10.440882,-0.000000,8.961885,-800.000000,0.000000,1681.020805,0.068375
2.872000,0.350000,0.358741,0.489872,4.092684,11.708125,-0.000000,9.274150,-800.000000,0.000000,1681.020805,0.068384
2.873000,0.350000,0.359231,0.490191,1.682478,13.147759,-0.000000,9.543836,-800.000000,1.012298,1681.062641,0.068393
2.874000,0.350000,0.359720,0.487385,0.000000,14.865743,-0.000000,9.769980,-800.000000,2.786667,1681.275317,0.068403
2.875000,0.350000,0.360205,0.482693,0.000000,16.858724,-0.000000,9.954376,-800.000000,4.476801,1681.660384,0.068413
2.876000,0.350000,0.360685,0.476773,0.000000,19.106798,-0.000000,10.000000,-800.000000,6.055327,1682.207697,0.068423
2.877000,0.350000,0.361159,0.469484,0.000000,21.585437,-0.000000,10.000000,-800.000000,7.495020,1682.904401,0.068435
2.878000,0.350000,0.361624,0.460704,0.000000,24.265259,-0.000000,10.000000,-800.000000,8.769654,1683.734953,0.068446
2.879000,0.350000,0.362079,0.450324,0.000000,27.112448,-0.000000,10.000000,-800.000000,9.856214,1684.681378,0.068458
2.880000,0.350000,0.362524,0.438260,0.000000,30.089420,-0.000000,10.000000,-800.000000,10.735584,1685.723643,0.068471
2.881000,0.350000,0.362955,0.424450,0.000000,33.155531,-0.000000,10.000000,-800.000000,11.392520,1686.840048,0.068484
2.882000,0.350000,0.363372,0.408854,0.000000,36.267773,-0.000000,10.000000,-800.000000,11.815511,1688.007601,0.068497
2.883000,0.350000,0.363772,0.391459,0.000000,39.381454,-0.000000,10.000000,-800.000000,11.996529,1689.202379,0.068511
2.884000,0.350000,0.364155,0.372280,0.000000,42.450814,-0.000000,10.000000,-800.000000,11.930662,1690.399857,0.068525
2.885000,0.350000,0.364516,0.351355,0.000000,45.429586,-0.000000,10.000000,-800.000000,11.615593,1691.575182,0.068540
2.886000,0.350000,0.364857,0.328752,0.000000,48.271445,-0.000000,10.000000,-800.000000,11.050875,1692.703395,0.068554
2.887000,0.350000,0.365173,0.304563,0.000000,50.930312,-0.000000,10.000000,-800.000000,10.236835,1693.759553,0.068570
2.888000,0.350000,0.365465,0.278908,0.000000,53.360428,-0.000000,9.773823,-800.000000,9.172735,1694.718694,0.068585
2.889000,0.350000,0.365731,0.251933,0.000000,55.515938,-0.000000,9.527057,-800.000000,7.852281,1695.555491,0.068601
2.890000,0.350000,0.365969,0.223809,0.000000,57.349460,-0.000000,9.259746,-800.000000,6.255813,1696.243235,0.068617
2.891000,0.350000,0.366178,0.194738,0.000000,58.808145,-0.000000,8.970367,-800.000000,4.320775,1696.751020,0.068633
2.892000,0.350000,0.366358,0.164955,0.000000,59.815037,-0.000000,8.658955,-800.000000,1.711428,1697.029235,0.068649
2.893000,0.350000,0.366508,0.134783,0.000000,60.143204,-0.000000,8.326855,-800.000000,0.000000,1697.043487,0.068666
2.894000,0.350000,0.366628,0.104536,0.000000,60.177457,-0.000000,7.976683,-800.000000,0.000000,1697.043487,0.068682
2.895000,0.350000,0.366717,0.074296,0.000000,60.130752,-0.000000,7.611114,-800.000000,0.000000,1697.043487,0.068699
2.896000,0.350000,0.366776,0.044087,0.000000,60.060189,-0.000000,7.232137,-800.000000,0.000000,1697.043487,0.068716
2.897000,0.350000,0.366805,0.013906,0.000000,60.007563,-0.000000,6.841071,-800.000000,0.000000,1697.043487,0.068733
2.898000,0.350000,0.366805,-0.014398,0.024866,59.989531,-0.000000,6.441241,-800.000000,0.326094,1697.059898,0.068750
2.899000,0.350000,0.366777,-0.041045,0.129287,59.966478,-0.000000,6.045076,-800.000000,0.717917,1697.117126,0.068766
2.900000,0.350000,0.366723,-0.067553,0.318059,59.930730,-0.000000,5.651190,-800.000000,1.098541,1697.212772,0.068783
2.901000,0.350000,0.366642,-0.093825,0.594263,59.881392,-0.000000,5.256520,-800.000000,1.471200,1697.345980,0.068800
2.902000,0.350000,0.366535,-0.119764,0.960092,59.817977,-0.000000,4.859464,-800.000000,1.835144,1697.515920,0.068816
2.903000,0.350000,0.366402,-0.145268,1.417030,59.740059,-0.000000,4.459577,-800.000000,2.188585,1697.721615,0.068833
2.904000,0.350000,0.366245,-0.170237,1.965882,59.647178,-0.000000,4.057169,-800.000000,2.529395,1697.961881,0.068849
2.905000,0.350000,0.366062,-0.194568,2.606778,59.538802,-0.000000,3.653042,-800.000000,2.855350,1698.235318,0.068865
2.906000,0.350000,0.365856,-0.218160,3.339183,59.414325,-0.000000,3.248318,-800.000000,3.164211,1698.540298,0.068881
2.907000,0.350000,0.365626,-0.240912,4.161901,59.273061,-0.000000,2.844328,-800.000000,3.453767,1698.874976,0.068896
2.908000,0.350000,0.365374,-0.262727,5.073083,59.114249,-0.000000,2.442540,-800.000000,3.721854,1699.237284,0.068912
2.909000,0.350000,0.365101,-0.283505,6.070252,58.937060,-0.000000,2.044514,-800.000000,3.966371,1699.624944,0.068927
2.910000,0.350000,0.364808,-0.303153,7.150315,58.740595,-0.000000,1.651868,-800.000000,4.185287,1700.035471,0.068942
2.911000,0.350000,0.364495,-0.321579,8.309594,58.523898,-0.000000,1.266251,-800.000000,4.376662,1700.466183,0.068956
2.912000,0.350000,0.364165,-0.338695,9.543850,58.285955,-0.000000,0.889329,-800.000000,4.538656,1700.914210,0.068970
2.913000,0.350000,0.363818,-0.354416,10.850444,58.025705,-0.000000,0.522770,-800.000000,4.771312,1701.381077,0.068984
2.914000,0.350000,0.363457,-0.368657,12.231201,57.742057,-0.000000,0.168244,-800.000000,5.015616,1701.873924,0.068998
2.915000,0.350000,0.363081,-0.381333,13.678401,57.433909,0.172562,-10.000000,-800.000000,5.202908,1702.387636,0.069011
2.916000,0.350000,0.362694,-0.392370,15.183445,57.098547,0.497972,-10.000000,-800.000000,5.307373,1702.915301,0.069023
2.917000,0.350000,0.362297,-0.401698,16.738331,56.727059,0.806339,-10.000000,-800.000000,5.310787,1703.446991,0.069036
2.918000,0.350000,0.361892,-0.409245,18.336026,56.309492,1.096045,-10.000000,-800.000000,5.224220,1703.973331,0.069048
2.919000,0.350000,0.361479,-0.414946,19.970294,55.836147,1.365487,-10.000000,-800.000000,5.054099,1704.485757,0.069059
2.920000,0.350000,0.361062,-0.418732,21.635407,55.297255,1.613066,-10.000000,-800.000000,4.803082,1704.976108,0.069070
2.921000,0.350000,0.360643,-0.420536,23.325891,54.682766,1.837180,-10.000000,-800.000000,4.470820,1705.436292,0.069081
2.922000,0.350000,0.360222,-0.420288,25.036277,53.982214,2.036210,-10.000000,-800.000000,4.054625,1705.858032,0.069091
2.923000,0.350000,0.359803,-0.417919,26.760895,53.184673,2.208519,-10.000000,-800.000000,3.550079,1706.232671,0.069101
2.924000,0.350000,0.359387,-0.413360,28.493678,52.278751,2.352441,-10.000000,-800.000000,2.951592,1706.551031,0.069110
2.925000,0.350000,0.358977,-0.406539,30.228009,51.252658,2.466285,-10.000000,-800.000000,2.252915,1706.803330,0.069119
2.926000,0.350000,0.358575,-0.397385,31.956582,50.073537,2.548328,-10.000000,-800.000000,1.899926,1706.995212,0.069128
2.927000,0.350000,0.358183,-0.385773,33.671199,48.579810,2.596717,-10.000000,-800.000000,2.103153,1707.197894,0.069136
2.928000,0.350000,0.357804,-0.371529,35.362453,46.761600,2.609173,-10.000000,-800.000000,2.305462,1707.420880,0.069144
2.929000,0.350000,0.357441,-0.354503,37.019725,44.651639,2.583073,-10.000000,-800.000000,2.501949,1707.663771,0.069151
2.930000,0.350000,0.357096,-0.334575,38.631290,42.287967,2.515691,-10.000000,-800.000000,2.687834,1707.925683,0.069158
2.931000,0.350000,0.356772,-0.311662,40.184475,39.712906,2.404399,-10.000000,-800.000000,2.858725,1708.205280,0.069165
2.932000,0.350000,0.356474,-0.285717,41.665866,36.971991,2.246807,-10.000000,-800.000000,3.010864,1708.500820,0.069172
2.933000,0.350000,0.356202,-0.256735,43.061546,34.112898,2.040879,-10.000000,-800.000000,3.141368,1708.810240,0.069178
2.934000,0.350000,0.355961,-0.224750,44.357374,31.184372,1.785011,-10.000000,-800.000000,3.248427,1709.131254,0.069184
2.935000,0.350000,0.355754,-0.189840,45.539285,28.235186,1.478094,-8.235186,-800.000000,3.331442,1709.461472,0.069189
2.936000,0.350000,0.355582,-0.152120,46.593602,25.314022,1.119552,-6.137541,-800.000000,3.391060,1709.798519,0.069195
2.937000,0.350000,0.355450,-0.111748,47.507336,22.471590,0.709373,-3.826510,-800.000000,3.429068,1710.140159,0.069200
2.938000,0.350000,0.355360,-0.068921,48.268469,19.759285,0.248131,-1.361365,-800.000000,3.448101,1710.484392,0.069206
2.939000,0.350000,0.355313,-0.023874,48.866178,17.226522,-10.000000,0.263004,-800.000000,3.451139,1710.829505,0.069211
2.940000,0.350000,0.355312,0.021408,49.289272,14.916405,-10.000000,0.820183,-800.000000,3.364219,1711.170444,0.069216
2.941000,0.350000,0.355356,0.066559,49.524238,12.856952,-10.000000,1.408744,-800.000000,3.132687,1711.493407,0.069222
2.942000,0.350000,0.355446,0.112985,49.550970,11.070937,-10.000000,2.027338,-800.000000,2.781904,1711.785617,0.069227
2.943000,0.350000,0.355582,0.160301,49.351490,9.570790,-10.000000,2.676290,-800.000000,2.324160,1712.036017,0.069233
2.944000,0.350000,0.355766,0.208101,48.910098,8.358436,-10.000000,3.354086,-800.000000,1.759886,1712.234021,0.069239
2.945000,0.350000,0.355998,0.255970,48.212079,7.426940,-10.000000,4.057692,-800.000000,1.080206,1712.368484,0.069245
2.946000,0.350000,0.356278,0.303484,47.242756,6.762665,-10.000000,4.783001,-800.000000,0.269997,1712.426955,0.069251
2.947000,0.350000,0.356605,0.350212,45.961730,6.347826,-10.000000,5.525147,-800.000000,0.000000,1712.428078,0.069257
2.948000,0.350000,0.356978,0.395659,44.287829,6.163089,-10.000000,6.278567,-800.000000,0.000000,1712.428078,0.069264
2.949000,0.350000,0.357396,0.439307,42.220070,6.189953,-10.000000,7.036927,-800.000000,0.000000,1712.428078,0.069272
2.950000,0.350000,0.357856,0.480656,39.771444,6.412705,-10.000000,7.793339,-800.000000,0.000000,1712.428078,0.069280
2.951000,0.350000,0.358356,0.519232,36.963963,6.819620,-10.000000,8.540610,-800.000000,0.000000,1712.428078,0.069288
2.952000,0.350000,0.358893,0.554591,33.828400,7.403430,-10.000000,9.271445,-800.000000,0.000000,1712.428078,0.069297
2.953000,0.350000,0.359464,0.586330,30.403972,8.161257,-10.000000,9.978614,-800.000000,0.000000,1712.428078,0.069306
2.954000,0.350000,0.360065,0.614087,26.738016,9.094266,-6.738016,10.000000,-800.000000,0.000000,1712.428078,0.069316
2.955000,0.350000,0.360691,0.637549,22.887375,10.207019,-3.561177,10.000000,-800.000000,0.000000,1712.428078,0.069327
2.956000,0.350000,0.361338,0.656463,18.923320,11.506213,-0.000000,10.000000,-800.000000,0.000000,1712.428078,0.069339
2.957000,0.350000,0.362002,0.670650,14.929055,13.000044,-0.000000,10.000000,-800.000000,0.000000,1712.428078,0.069351
2.958000,0.350000,0.362678,0.680008,10.994803,14.697856,-0.000000,10.000000,-800.000000,0.000000,1712.428078,0.069363
2.959000,0.350000,0.363361,0.684521,7.211752,16.613833,-0.000000,10.000000,-800.000000,0.511498,1712.440866,0.069377
2.960000,0.350000,0.364046,0.684236,3.678769,18.839937,-0.000000,10.000000,-800.000000,2.557094,1712.620986,0.069391
2.961000,0.350000,0.364728,0.679275,0.541993,21.382347,-0.000000,10.000000,-800.000000,4.439544,1712.995772,0.069405
2.962000,0.350000,0.365403,0.670564,0.000000,24.198817,-0.000000,10.000000,-800.000000,6.122616,1713.546606,0.069421
2.963000,0.350000,0.366068,0.660036,0.000000,27.247018,-0.000000,10.000000,-800.000000,7.574637,1714.251537,0.069437
2.964000,0.350000,0.366722,0.647691,0.000000,30.481203,-0.000000,10.000000,-800.000000,8.768324,1715.085720,0.069454
2.965000,0.350000,0.367363,0.633437,0.000000,33.851123,-0.000000,10.000000,-800.000000,9.680673,1716.021852,0.069471
2.966000,0.350000,0.367989,0.617213,0.000000,37.302798,-0.000000,10.000000,-800.000000,10.292508,1717.030573,0.069489
2.967000,0.350000,0.368597,0.598988,0.000000,40.779190,-0.000000,10.000000,-800.000000,10.587698,1718.080805,0.069507
2.968000,0.350000,0.369186,0.578766,0.000000,44.220703,-0.000000,10.000000,-800.000000,10.551836,1719.139975,0.069527
2.969000,0.350000,0.369754,0.556587,0.000000,47.565400,-0.000000,10.000000,-800.000000,10.169978,1720.174061,0.069546
2.970000,0.350000,0.370298,0.532526,0.000000,50.748704,-0.000000,10.000000,-800.000000,9.422365,1721.147292,0.069567
2.971000,0.350000,0.370818,0.506698,0.000000,53.702043,-0.000000,10.000000,-800.000000,8.274996,1722.021141,0.069588
2.972000,0.350000,0.371311,0.479258,0.000000,56.348822,-0.000000,10.000000,-800.000000,6.653284,1722.751487,0.069609
2.973000,0.350000,0.371776,0.450412,0.000000,58.591010,-0.000000,10.000000,-800.000000,4.328837,1723.278944,0.069631
2.974000,0.350000,0.372212,0.420446,0.000000,60.172047,-0.000000,10.000000,-800.000000,0.000000,1723.461664,0.069653
2.975000,0.350000,0.372617,0.389874,0.000000,60.848405,-0.000000,10.000000,-800.000000,0.000000,1723.461664,0.069675
2.976000,0.350000,0.372991,0.359024,0.000000,61.217139,-0.000000,10.000000,-800.000000,0.000000,1723.461664,0.069698
2.977000,0.350000,0.373335,0.328038,0.000000,61.389360,-0.000000,10.000000,-800.000000,0.000000,1723.461664,0.069722
2.978000,0.350000,0.373647,0.297010,0.000000,61.419905,-0.000000,10.000000,-800.000000,0.000000,1723.461664,0.069745
2.979000,0.350000,0.373929,0.266011,0.000000,61.347557,-0.000000,10.000000,-800.000000,0.000000,1723.461664,0.069769
2.980000,0.350000,0.374180,0.235088,0.000000,61.203314,-0.000000,10.000000,-800.000000,0.000000,1723.461664,0.069794
2.981000,0.350000,0.374399,0.204275,0.000000,61.016517,-0.000000,10.000000,-800.000000,0.000000,1723.461664,0.069818
2.982000,0.350000,0.374588,0.173584,0.000000,60.814402,-0.000000,10.000000,-800.000000,0.000000,1723.461664,0.069843
2.983000,0.350000,0.374746,0.143019,0.000000,60.610181,-0.000000,10.000000,-800.000000,0.000000,1723.461664,0.069867
2.984000,0.350000,0.374874,0.112573,0.000000,60.415884,-0.000000,10.000000,-800.000000,0.000000,1723.461664,0.069892
2.985000,0.350000,0.374972,0.082236,0.000000,60.243577,-0.000000,10.000000,-800.000000,0.000000,1723.461664,0.069917
2.986000,0.350000,0.375039,0.051985,0.000000,60.106325,-0.000000,10.000000,-800.000000,0.000000,1723.461664,0.069942
2.987000,0.350000,0.375076,0.021791,0.000000,60.020116,-0.000000,10.000000,-800.000000,0.000000,1723.461664,0.069967
2.988000,0.350000,0.375082,-0.007431,0.010909,59.993845,-0.000000,9.667663,-800.000000,0.219393,1723.469668,0.069992
2.989000,0.350000,0.375062,-0.034099,0.093874,59.974082,-0.000000,9.161055,-800.000000,0.619546,1723.516870,0.070017
2.990000,0.350000,0.375014,-0.060653,0.260453,59.942324,-0.000000,8.698363,-800.000000,1.004411,1723.602936,0.070042
2.991000,0.350000,0.374940,-0.086997,0.514407,59.897620,-0.000000,8.261315,-800.000000,1.383580,1723.727111,0.070067
2.992000,0.350000,0.374840,-0.113032,0.858425,59.839937,-0.000000,7.838271,-800.000000,1.758406,1723.888929,0.070092
2.993000,0.350000,0.374715,-0.138659,1.294404,59.769614,-0.000000,7.422472,-800.000000,2.128486,1724.087947,0.070117
2.994000,0.350000,0.374563,-0.163776,1.823501,59.687014,-0.000000,7.010285,-800.000000,2.490322,1724.323483,0.070141
2.995000,0.350000,0.374387,-0.188282,2.446148,59.592279,-0.000000,6.600045,-800.000000,2.842059,1724.594584,0.070166
2.996000,0.350000,0.374187,-0.212075,3.162057,59.485558,-0.000000,6.191333,-800.000000,3.181942,1724.900132,0.070190
2.997000,0.350000,0.373963,-0.235056,3.970238,59.366982,-0.000000,5.784509,-800.000000,3.508070,1725.238824,0.070214
2.998000,0.350000,0.373717,-0.257128,4.869008,59.236652,-0.000000,5.380433,-800.000000,3.818533,1725.609165,0.070238
2.999000,0.350000,0.373449,-0.278193,5.856019,59.094631,-0.000000,4.980271,-800.000000,4.111470,1726.009471,0.070261
3.000000,0.350000,0.373161,-0.298159,6.928281,58.940955,-0.000000,4.585385,-800.000000,4.385092,1726.437877,0.070284
3.001000,0.350000,0.372853,-0.316938,8.083157,58.775628,-0.000000,4.197249,-800.000000,4.711664,1726.894690,0.070307
3.002000,0.350000,0.372528,-0.334436,9.327390,58.598646,-0.000000,3.817414,-800.000000,5.138819,1727.392973,0.070330
3.003000,0.350000,0.372185,-0.350562,10.656240,58.410014,-0.000000,3.447507,-800.000000,5.512478,1727.930625,0.070352
3.004000,0.350000,0.371827,-0.365229,12.060910,58.209756,-0.000000,3.089195,-800.000000,5.833257,1728.502331,0.070374
3.005000,0.350000,0.371455,-0.378360,13.532556,57.997910,-0.000000,2.744145,-800.000000,6.101998,1729.102856,0.070395
3.006000,0.350000,0.371071,-0.389887,15.062327,57.774533,-0.000000,2.413980,-800.000000,6.319758,1729.727059,0.070416
3.007000,0.350000,0.370676,-0.399752,16.641395,57.539707,-1.498515,2.100262,-800.000000,6.487802,1730.369921,0.070437
3.008000,0.350000,0.370272,-0.407904,18.259999,57.293551,-2.860679,1.804473,-800.000000,6.584242,1731.025453,0.070457
3.009000,0.350000,0.369861,-0.414305,19.903970,57.036225,-4.393009,1.528002,-800.000000,6.572156,1731.684083,0.070477
3.010000,0.350000,0.369444,-0.418932,21.555029,56.767930,-6.079546,1.272106,-800.000000,6.422585,1732.333127,0.070496
3.011000,0.350000,0.369023,-0.421783,23.191403,56.488898,-7.899202,1.037876,-800.000000,6.109810,1732.957201,0.070515
3.012000,0.350000,0.368601,-0.422880,24.788374,56.199374,-9.825993,0.826182,-800.000000,5.678036,1733.540236,0.070534
3.013000,0.350000,0.368178,-0.422265,26.324590,55.899600,-10.000000,0.637631,-800.000000,5.600560,1734.103414,0.070552
3.014000,0.350000,0.367757,-0.420006,27.772242,55.589797,-10.000000,0.472539,-800.000000,5.495927,1734.657138,0.070570
3.015000,0.350000,0.367339,-0.416200,29.100187,55.270139,-10.000000,0.330894,-800.000000,5.365507,1735.198775,0.070587
3.016000,0.350000,0.366925,-0.410974,30.280168,54.940711,-10.000000,0.212308,-800.000000,5.210954,1735.725847,0.070604
3.017000,0.350000,0.366517,-0.404479,31.287493,54.601479,-10.000000,0.115991,-800.000000,5.034189,1736.236060,0.070621
3.018000,0.350000,0.366116,-0.396891,32.101521,54.252263,-10.000000,0.040757,-800.000000,4.837361,1736.727325,0.070637
3.019000,0.350000,0.365724,-0.388402,32.706019,53.892713,-10.000000,0.000000,-800.000000,4.622800,1737.197781,0.070653
3.020000,0.350000,0.365340,-0.379218,33.089395,53.522301,0.053076,-10.000000,-800.000000,4.393042,1737.645809,0.070668
3.021000,0.350000,0.364965,-0.369551,33.250691,53.137728,0.075803,-10.000000,-800.000000,4.104150,1738.067863,0.070683
3.022000,0.350000,0.364601,-0.359597,33.215543,52.725589,0.085558,-10.000000,-800.000000,3.717019,1738.454815,0.070698
3.023000,0.350000,0.364246,-0.349512,33.015113,52.270813,0.084764,-10.000000,-800.000000,3.239577,1738.797358,0.070712
3.024000,0.350000,0.363902,-0.339416,32.679037,51.759047,0.075663,-10.000000,-800.000000,2.677074,1739.086809,0.070726
3.025000,0.350000,0.363567,-0.329389,32.234852,51.176338,0.060204,-10.000000,-800.000000,2.032290,1739.314855,0.070739
3.026000,0.350000,0.363243,-0.319482,31.707611,50.508849,0.039971,-10.000000,-800.000000,1.305892,1739.473324,0.070753
3.027000,0.350000,0.362928,-0.309710,31.119655,49.742636,0.016158,-10.000000,-800.000000,0.496859,1739.554001,0.070765
3.028000,0.350000,0.362624,-0.300061,30.490510,48.847707,0.000000,-10.000000,-800.000000,0.000000,1739.562555,0.070778
3.029000,0.350000,0.362328,-0.290454,29.836803,47.691034,0.000000,-10.000000,-800.000000,0.000000,1739.562555,0.070790
3.030000,0.350000,0.362043,-0.280744,29.172158,46.251939,-10.000000,0.071517,-800.000000,0.000000,1739.562555,0.070802
3.031000,0.350000,0.361767,-0.270776,28.501925,44.550653,-10.000000,0.107436,-800.000000,0.000000,1739.562555,0.070814
3.032000,0.350000,0.361501,-0.260426,27.809123,42.637534,-10.000000,0.148745,-800.000000,0.000000,1739.562555,0.070826
3.033000,0.350000,0.361246,-0.249618,27.074400,40.567041,-9.506299,0.196954,-800.000000,0.000000,1739.562555,0.070837
3.034000,0.350000,0.361002,-0.238324,26.282198,38.389381,-9.311510,0.253353,-800.000000,0.000000,1739.562555,0.070848
3.035000,0.350000,0.360770,-0.226558,25.421494,36.149917,-8.964398,0.318869,-800.000000,0.000000,1739.562555,0.070859
3.036000,0.350000,0.360549,-0.214367,24.485255,33.888831,-8.451535,0.393995,-800.000000,0.000000,1739.562555,0.070869
3.037000,0.350000,0.360341,-0.201824,23.470446,31.640996,-7.763047,0.478787,-800.000000,0.000000,1739.562555,0.070880
3.038000,0.350000,0.360146,-0.189021,22.378179,29.436023,-6.893097,0.572892,-800.000000,0.000000,1739.562555,0.070890
3.039000,0.350000,0.359963,-0.176065,21.213716,27.298446,-5.840227,0.675599,-800.000000,0.000000,1739.562555,0.070900
3.040000,0.350000,0.359793,-0.163067,19.986297,25.248006,-4.607542,0.785912,-800.000000,0.000000,1739.562555,0.070910
3.041000,0.350000,0.359637,-0.150136,18.708787,23.300017,-3.202686,0.902626,-800.000000,0.000000,1739.562555,0.070919
3.042000,0.350000,0.359493,-0.137377,17.397138,21.465781,-1.637614,1.024407,-800.000000,0.000000,1739.562555,0.070929
3.043000,0.350000,0.359362,-0.124883,16.069680,19.753040,-0.000000,1.149874,-800.000000,0.000000,1739.562555,0.070938
3.044000,0.350000,0.359243,-0.112730,14.746255,18.166439,-0.000000,1.277673,-800.000000,0.000000,1739.562555,0.070947
3.045000,0.350000,0.359136,-0.100979,13.446533,16.707992,-0.000000,1.406544,-800.000000,0.000000,1739.562555,0.070956
3.046000,0.350000,0.359041,-0.089671,12.186867,15.377533,-0.000000,1.535371,-800.000000,0.000000,1739.562555,0.070965
3.047000,0.350000,0.358957,-0.078834,10.979875,14.173139,-0.000000,1.663209,-800.000000,0.000000,1739.562555,0.070974
3.048000,0.350000,0.358883,-0.068483,9.834822,13.091516,-0.000000,1.789289,-800.000000,0.000000,1739.562555,0.070983
3.049000,0.350000,0.358820,-0.058625,8.758018,12.128351,-0.000000,1.913008,-800.000000,0.000000,1739.562555,0.070992
3.050000,0.350000,0.358766,-0.049256,7.753226,11.278630,-0.000000,2.033915,-800.000000,0.000000,1739.562555,0.071001
3.051000,0.350000,0.358721,-0.040370,6.822066,10.536905,-0.000000,2.151688,-800.000000,0.000000,1739.562555,0.071010
3.052000,0.350000,0.358685,-0.031954,5.964388,9.897541,-0.000000,2.266113,-800.000000,0.000000,1739.562555,0.071018
3.053000,0.350000,0.358657,-0.023996,5.178633,9.354912,-0.000000,2.377063,-800.000000,0.000000,1739.562555,0.071027
3.054000,0.350000,0.358637,-0.016479,4.462154,8.903569,-0.000000,2.484475,-800.000000,0.000000,1739.562555,0.071036
3.055000,0.350000,0.358624,-0.009390,3.811507,8.538374,-0.000000,2.588333,-800.000000,0.000000,1739.562555,0.071044
3.056000,0.350000,0.358618,-0.002846,3.222760,8.254553,-0.000000,2.688575,-800.000000,0.000000,1739.562555,0.071053
3.057000,0.350000,0.358618,0.001812,2.694404,8.045630,-0.000000,2.781428,-800.000000,0.000000,1739.562555,0.071061
3.058000,0.350000,0.358621,0.004777,2.227156,7.903518,-0.000000,2.860437,-800.000000,0.000000,1739.562555,0.071070
3.059000,0.350000,0.358627,0.006831,1.819188,7.822304,-0.000000,2.923872,-800.000000,0.000000,1739.562555,0.071079
3.060000,0.350000,0.358635,0.008540,1.465731,7.798775,-0.000000,2.974591,-800.000000,0.000000,1739.562555,0.071087
3.061000,0.350000,0.358644,0.009924,1.161495,7.848597,-0.000000,3.015703,-800.000000,0.526188,1739.587298,0.071096
3.062000,0.350000,0.358654,0.010966,0.901564,8.026433,-0.000000,3.049236,-800.000000,1.294942,1739.688158,0.071105
3.063000,0.350000,0.358666,0.011634,0.681536,8.331568,-0.000000,3.076289,-800.000000,2.036211,1739.864216,0.071113
3.064000,0.350000,0.358677,0.011892,0.497556,8.757867,-0.000000,3.097319,-800.000000,2.745110,1740.112414,0.071122
3.065000,0.350000,0.358689,0.011705,0.346329,9.298342,-0.000000,3.112370,-800.000000,3.417443,1740.429246,0.071131
3.066000,0.350000,0.358701,0.011039,0.225102,9.945270,-0.000000,3.121232,-800.000000,4.049713,1740.810832,0.071139
3.067000,0.350000,0.358711,0.009863,0.131658,10.690316,-0.000000,3.123536,-800.000000,4.639100,1741.252984,0.071148
3.068000,0.350000,0.358720,0.008148,0.064293,11.524647,-0.000000,3.118826,-800.000000,5.183441,1741.751274,0.071157
3.069000,0.350000,0.358727,0.005870,0.021762,12.439051,-0.000000,3.106606,-800.000000,5.681190,1742.301096,0.071165
3.070000,0.350000,0.358732,0.003219,0.002545,13.424186,-0.000000,3.086606,-800.000000,6.131363,1742.897725,0.071174
3.071000,0.350000,0.358734,0.000802,0.000317,14.472032,-0.000000,3.061070,-800.000000,6.533399,1743.536366,0.071183
3.072000,0.350000,0.358733,-0.001434,0.005540,15.575225,-0.000000,3.032834,-800.000000,6.887161,1744.212193,0.071192
3.073000,0.350000,0.358731,-0.003560,0.016003,16.726187,-0.000000,3.003409,-800.000000,7.193013,1744.920396,0.071200
3.074000,0.350000,0.358726,-0.005661,0.032020,17.917258,-0.000000,2.973420,-800.000000,7.451822,1745.656236,0.071209
3.075000,0.350000,0.358719,-0.008272,0.055246,19.140131,-0.000000,2.941808,-800.000000,7.664978,1746.415090,0.071218
3.076000,0.350000,0.358710,-0.011574,0.088783,20.385525,-0.000000,2.905615,-800.000000,7.834385,1747.192509,0.071227
3.077000,0.350000,0.358696,-0.015568,0.135823,21.644377,-0.000000,2.862502,-800.000000,7.962258,1747.984255,0.071235
3.078000,0.350000,0.358678,-0.020244,0.199549,22.908031,-0.000000,2.810910,-800.000000,8.051000,1748.786323,0.071244
3.079000,0.350000,0.358655,-0.025585,0.283112,24.168278,-0.000000,2.749840,-800.000000,8.103113,1749.594956,0.071253
3.080000,0.350000,0.358627,-0.031566,0.389580,25.417396,-0.000000,2.678693,-800.000000,8.121146,1750.406651,0.071261
3.081000,0.350000,0.358592,-0.038155,0.521890,26.648171,-0.000000,2.597159,-800.000000,8.107649,1751.218158,0.071270
3.082000,0.350000,0.358550,-0.045313,0.682801,27.853918,-0.000000,2.505154,-800.000000,8.065143,1752.026483,0.071278
3.083000,0.350000,0.358501,-0.052994,0.875592,29.028493,-0.000000,2.402773,-800.000000,8.051246,1752.830259,0.071287
3.084000,0.350000,0.358444,-0.061140,1.119305,30.166309,-0.000000,2.290276,-800.000000,8.175478,1753.643549,0.071295
3.085000,0.350000,0.358379,-0.069672,1.420015,31.262386,-0.000000,2.168125,-800.000000,8.250194,1754.466139,0.071304
3.086000,0.350000,0.358305,-0.078510,1.775579,32.312347,-0.000000,2.036980,-800.000000,8.279225,1755.293314,0.071312
3.087000,0.350000,0.358222,-0.087573,2.183765,33.312412,-0.000000,1.897640,-800.000000,8.266340,1756.120744,0.071320
3.088000,0.350000,0.358130,-0.096779,2.642247,34.259371,-0.000000,1.751003,-800.000000,8.215209,1756.944467,0.071328
3.089000,0.350000,0.358028,-0.106050,3.148617,35.150565,-0.000000,1.598040,-800.000000,8.129383,1757.760882,0.071336
3.090000,0.350000,0.357917,-0.115306,3.700382,35.983865,-0.000000,1.439772,-800.000000,8.012265,1758.566731,0.071344
3.091000,0.350000,0.357798,-0.124468,4.294969,36.757637,-0.000000,1.277254,-800.000000,7.867090,1759.359091,0.071352
3.092000,0.350000,0.357669,-0.133461,4.929726,37.470720,-0.000000,1.111566,-800.000000,7.696899,1760.135347,0.071360
3.093000,0.350000,0.357531,-0.142211,5.601925,38.122389,-0.000000,0.943804,-800.000000,7.504529,1760.893177,0.071367
3.094000,0.350000,0.357384,-0.150647,6.308763,38.712327,-0.000000,0.775069,-800.000000,7.292591,1761.630527,0.071375
3.095000,0.350000,0.357230,-0.158699,7.047364,39.240581,-0.000000,0.606463,-800.000000,7.063466,1762.345591,0.071382
3.096000,0.350000,0.357067,-0.166302,7.814781,39.707533,-0.000000,0.439080,-800.000000,6.819300,1763.036787,0.071389
3.097000,0.350000,0.356897,-0.173393,8.608001,40.113863,-0.000000,0.274005,-800.000000,6.562004,1763.702732,0.071396
3.098000,0.350000,0.356720,-0.179913,9.423946,40.460507,-0.000000,0.112303,-800.000000,6.293258,1764.342219,0.071403
3.099000,0.350000,0.356538,-0.185807,10.259474,40.748631,-0.000000,0.000000,-800.000000,6.014529,1764.954197,0.071409
3.100000,0.350000,0.356349,-0.191024,11.111388,40.979613,0.196835,-10.000000,-800.000000,5.727436,1765.537765,0.071415
3.101000,0.350000,0.356156,-0.195516,11.976576,41.150763,0.342267,-10.000000,-800.000000,5.359553,1766.088689,0.071422
3.102000,0.350000,0.355958,-0.199230,12.852482,41.243685,0.480310,-10.000000,-800.000000,4.856031,1766.594126,0.071428
3.103000,0.350000,0.355758,-0.202107,13.736950,41.239355,0.609966,-10.000000,-800.000000,4.242257,1767.042145,0.071433
3.104000,0.350000,0.355554,-0.204077,14.628034,41.122056,0.730164,-10.000000,-800.000000,3.537716,1767.422984,0.071439
3.105000,0.350000,0.355350,-0.205066,15.523855,40.878604,0.839740,-10.000000,-800.000000,2.756439,1767.728483,0.071444
3.106000,0.350000,0.355145,-0.204994,16.422472,40.497657,0.937431,-10.000000,-800.000000,1.907675,1767.951580,0.071449
3.107000,0.350000,0.354940,-0.203775,17.321768,39.968992,1.021879,-10.000000,-800.000000,1.044681,1768.087084,0.071454
3.108000,0.350000,0.354737,-0.201314,18.219329,39.247933,1.091621,-10.000000,-800.000000,1.097033,1768.194697,0.071459
3.109000,0.350000,0.354538,-0.197490,19.112280,38.302702,1.145015,-10.000000,-800.000000,1.165218,1768.308542,0.071464
3.110000,0.350000,0.354343,-0.192181,19.997161,37.138201,1.180211,-10.000000,-800.000000,1.248053,1768.430132,0.071468
3.111000,0.350000,0.354154,-0.185270,20.869896,35.764680,1.195229,-10.000000,-800.000000,1.343859,1768.560831,0.071472
3.112000,0.350000,0.353973,-0.176656,21.725761,34.197329,1.188044,-10.000000,-800.000000,1.450518,1768.701808,0.071476
3.113000,0.350000,0.353801,-0.166249,22.559392,32.455780,1.156656,-10.000000,-800.000000,1.565532,1768.853993,0.071480
3.114000,0.350000,0.353641,-0.153979,23.364801,30.563539,1.099158,-10.000000,-800.000000,1.686079,1769.018048,0.071484
3.115000,0.350000,0.353494,-0.139797,24.135410,28.547355,1.013790,-8.547355,-800.000000,1.809069,1769.194336,0.071487
3.116000,0.350000,0.353362,-0.123675,24.864106,26.437306,0.898993,-7.292042,-800.000000,1.931196,1769.382895,0.071490
3.117000,0.350000,0.353247,-0.105612,25.543306,24.268566,0.753456,-5.767032,-800.000000,2.048983,1769.583424,0.071494
3.118000,0.350000,0.353152,-0.085635,26.165041,22.079908,0.576167,-4.005230,-800.000000,2.158821,1769.795263,0.071497
3.119000,0.350000,0.353077,-0.063801,26.721057,19.912150,0.366459,-2.045463,-800.000000,2.256992,1770.017386,0.071500
3.120000,0.350000,0.353025,-0.040201,27.202914,17.806585,0.124053,-0.000000,-800.000000,2.339676,1770.248389,0.071503
3.121000,0.350000,0.352997,-0.014954,27.602095,15.803188,-7.747780,0.150914,-800.000000,2.402947,1770.486477,0.071506
3.122000,0.350000,0.352995,0.010332,27.906889,13.937052,-8.667099,0.456264,-800.000000,2.339055,1770.724561,0.071509
3.123000,0.350000,0.353017,0.034902,28.097130,12.229184,-9.648029,0.778836,-800.000000,2.049871,1770.942130,0.071512
3.124000,0.350000,0.353065,0.060551,28.142548,10.698270,-10.000000,1.117778,-800.000000,1.539406,1771.116935,0.071515
3.125000,0.350000,0.353139,0.087011,28.012209,9.357084,-10.000000,1.475037,-800.000000,0.816841,1771.227313,0.071518
3.126000,0.350000,0.353239,0.113981,27.678112,8.211378,-10.000000,1.850751,-800.000000,0.000000,1771.255637,0.071521
3.127000,0.350000,0.353367,0.141133,27.122412,7.260746,-9.483023,2.243440,-800.000000,0.000000,1771.255637,0.071525
3.128000,0.350000,0.353521,0.168131,26.334151,6.499685,-9.407004,2.650447,-800.000000,0.000000,1771.255637,0.071528
3.129000,0.350000,0.353703,0.194632,25.306823,5.918822,-9.013091,3.068292,-800.000000,0.000000,1771.255637,0.071532
3.130000,0.350000,0.353910,0.220299,24.041047,5.506240,-8.277997,3.492931,-800.000000,0.000000,1771.255637,0.071536
3.131000,0.350000,0.354143,0.244804,22.545045,5.248820,-7.186100,3.919964,-800.000000,0.000000,1771.255637,0.071540
3.132000,0.350000,0.354400,0.267842,20.835195,5.133480,-5.730754,4.344807,-800.000000,0.000000,1771.255637,0.071544
3.133000,0.350000,0.354678,0.289134,18.936159,5.148186,-3.915238,4.762845,-800.000000,0.000000,1771.255637,0.071549
3.134000,0.350000,0.354977,0.308438,16.880511,5.282661,-1.753206,5.169572,-800.000000,0.000000,1771.255637,0.071554
3.135000,0.350000,0.355294,0.325550,14.707824,5.528771,-0.000000,5.560718,-800.000000,0.000000,1771.255637,0.071559
3.136000,0.350000,0.355627,0.340315,12.462957,5.880655,-0.000000,5.932364,-800.000000,0.000000,1771.255637,0.071565
3.137000,0.350000,0.355974,0.352624,10.192647,6.334660,-0.000000,6.281036,-800.000000,0.000000,1771.255637,0.071571
3.138000,0.350000,0.356332,0.362416,7.941725,6.889169,-0.000000,6.603782,-800.000000,0.000000,1771.255637,0.071577
3.139000,0.350000,0.356698,0.369672,5.753071,7.544397,-0.000000,6.898205,-800.000000,0.000000,1771.255637,0.071584
3.140000,0.350000,0.357070,0.374418,3.669616,8.302165,-0.000000,7.162479,-800.000000,0.000000,1771.255637,0.071591
3.141000,0.350000,0.357446,0.376718,1.740204,9.165719,-0.000000,7.395358,-800.000000,0.000000,1771.255637,0.071598
3.142000,0.350000,0.357823,0.376697,0.052721,10.139601,-0.000000,7.596219,-800.000000,0.000000,1771.255637,0.071606
3.143000,0.350000,0.358199,0.375073,0.000000,11.255939,-0.000000,7.765983,-800.000000,0.979462,1771.298661,0.071615
3.144000,0.350000,0.358573,0.372721,0.000000,12.621211,-0.000000,7.910174,-800.000000,2.563499,1771.496094,0.071623
3.145000,0.350000,0.358944,0.369505,0.000000,14.234464,-0.000000,8.033753,-800.000000,4.075129,1771.847566,0.071632
3.146000,0.350000,0.359312,0.365288,0.000000,16.079296,-0.000000,8.139154,-800.000000,5.494534,1772.344585,0.071641
3.147000,0.350000,0.359674,0.359942,0.000000,18.135780,-0.000000,8.227073,-800.000000,6.803644,1772.976785,0.071651
3.148000,0.350000,0.360031,0.353349,0.000000,20.380812,-0.000000,8.297144,-800.000000,7.986396,1773.732116,0.071661
3.149000,0.350000,0.360381,0.345410,0.000000,22.788495,-0.000000,8.348396,-800.000000,9.028915,1774.597057,0.071671
3.150000,0.350000,0.360721,0.336038,0.000000,25.330553,-0.000000,8.379548,-800.000000,9.919624,1775.556843,0.071682
3.151000,0.350000,0.361052,0.325165,0.000000,27.976773,-0.000000,8.389196,-800.000000,10.649321,1776.595699,0.071693
3.152000,0.350000,0.361371,0.312741,0.000000,30.695443,-0.000000,8.375949,-800.000000,11.211207,1777.697081,0.071705
3.153000,0.350000,0.361677,0.298733,0.000000,33.453812,-0.000000,8.338508,-800.000000,11.600909,1778.843914,0.071716
3.154000,0.350000,0.361968,0.283128,0.000000,36.218546,-0.000000,8.275733,-800.000000,11.816477,1780.018840,0.071728
3.155000,0.350000,0.362243,0.265934,0.000000,38.956183,-0.000000,8.186682,-800.000000,11.858378,1781.204455,0.071740
3.156000,0.350000,0.362500,0.247175,0.000000,41.633590,-0.000000,8.070637,-800.000000,11.729487,1782.383554,0.071753
3.157000,0.350000,0.362737,0.226896,0.000000,44.218421,-0.000000,7.927127,-800.000000,11.435092,1783.539369,0.071766
3.158000,0.350000,0.362953,0.205160,0.000000,46.679570,-0.000000,7.755938,-800.000000,10.982908,1784.655813,0.071779
3.159000,0.350000,0.363147,0.182047,0.000000,48.987629,-0.000000,7.557120,-800.000000,10.383146,1785.717725,0.071792
3.160000,0.350000,0.363317,0.157652,0.000000,51.115365,-0.000000,7.330984,-800.000000,9.648641,1786.711129,0.071805
3.161000,0.350000,0.363462,0.132085,0.000000,53.038215,-0.000000,7.078102,-800.000000,8.795129,1787.623508,0.071819
3.162000,0.350000,0.363580,0.105471,0.000000,54.734852,-0.000000,6.799294,-800.000000,7.841787,1788.444132,0.071832
3.163000,0.350000,0.363672,0.077942,0.000000,56.187864,-0.000000,6.495615,-800.000000,6.812282,1789.164455,0.071846
3.164000,0.350000,0.363736,0.049641,0.000000,57.384679,-0.000000,6.168332,-800.000000,5.736876,1789.778689,0.071860
3.165000,0.350000,0.363771,0.020713,0.000000,58.318989,-0.000000,5.818900,-800.000000,4.656676,1790.284701,0.071873
3.166000,0.350000,0.363777,-0.007677,0.011671,58.993650,-0.000000,5.449751,-800.000000,3.631320,1790.685571,0.071887
3.167000,0.350000,0.363757,-0.033905,0.097100,59.429946,-0.000000,5.074342,-800.000000,2.739894,1790.991533,0.071901
3.168000,0.350000,0.363710,-0.060223,0.267584,59.661735,-0.000000,4.695810,-800.000000,2.104031,1791.223243,0.071915
3.169000,0.350000,0.363636,-0.086436,0.526503,59.741588,-0.000000,4.312358,-800.000000,1.829625,1791.413580,0.071928
3.170000,0.350000,0.363537,-0.112382,0.876041,59.728650,-0.000000,3.923418,-800.000000,1.868853,1791.597128,0.071942
3.171000,0.350000,0.363412,-0.137927,1.317533,59.663665,-0.000000,3.529430,-800.000000,2.072205,1791.795949,0.071955
3.172000,0.350000,0.363261,-0.162953,1.851576,59.565719,-0.000000,3.131393,-800.000000,2.336749,1792.019461,0.071968
3.173000,0.350000,0.363086,-0.187351,2.478077,59.442339,-0.000000,2.730603,-800.000000,2.616779,1792.270614,0.071982
3.174000,0.350000,0.362887,-0.211014,3.196278,59.296299,-0.000000,2.328524,-800.000000,2.892889,1792.549624,0.071994
3.175000,0.350000,0.362664,-0.233838,4.004764,59.128421,-0.000000,1.926727,-800.000000,3.155709,1792.855468,0.072007
3.176000,0.350000,0.362419,-0.255721,4.901488,58.938644,-0.000000,1.526845,-800.000000,3.399784,1793.186456,0.072019
3.177000,0.350000,0.362153,-0.276564,5.883783,58.726449,-0.000000,1.130553,-800.000000,3.621324,1793.540469,0.072032
3.178000,0.350000,0.361867,-0.296270,6.948390,58.491041,-0.000000,0.739553,-800.000000,3.817324,1793.915061,0.072043
3.179000,0.350000,0.361561,-0.314746,8.091477,58.231442,-0.000000,0.355558,-800.000000,3.985209,1794.307515,0.072055
3.180000,0.350000,0.361238,-0.331903,9.309139,57.946530,-0.000000,0.000000,-800.000000,4.167118,1794.716109,0.072066
3.181000,0.350000,0.360898,-0.347650,10.603765,57.635084,0.384564,-10.000000,-800.000000,4.415928,1795.148806,0.072077
3.182000,0.350000,0.360543,-0.361898,11.970679,57.294294,0.737247,-10.000000,-800.000000,4.587772,1795.601906,0.072088
3.183000,0.350000,0.360174,-0.374560,13.403050,56.915371,1.076028,-10.000000,-800.000000,4.667756,1796.066356,0.072098
3.184000,0.350000,0.359794,-0.385549,14.895091,56.488354,1.399157,-10.000000,-800.000000,4.665446,1796.533604,0.072108
3.185000,0.350000,0.359404,-0.394780,16.441742,56.003376,1.704867,-10.000000,-800.000000,4.586170,1796.995783,0.072117
3.186000,0.350000,0.359005,-0.402165,18.038380,55.450404,1.991371,-10.000000,-800.000000,4.431716,1797.445334,0.072126
3.187000,0.350000,0.358600,-0.407614,19.680547,54.819060,2.256846,-10.000000,-800.000000,4.200980,1797.874691,0.072135
3.188000,0.350000,0.358191,-0.411037,21.363695,54.098523,2.499432,-10.000000,-800.000000,3.890555,1798.276028,0.072143
3.189000,0.350000,0.357779,-0.412342,23.082955,53.277495,2.717223,-10.000000,-800.000000,3.495278,1798.641065,0.072151
3.190000,0.350000,0.357367,-0.411435,24.832925,52.344229,2.908264,-10.000000,-800.000000,3.008751,1798.960924,0.072158
3.191000,0.350000,0.356957,-0.408221,26.607487,51.286595,3.070548,-10.000000,-800.000000,2.423825,1799.226039,0.072165
3.192000,0.350000,0.356551,-0.402599,28.399645,50.055919,3.202017,-10.000000,-800.000000,2.320717,1799.451302,0.072172
3.193000,0.350000,0.356152,-0.394409,30.201262,48.498996,3.300425,-10.000000,-800.000000,2.608635,1799.701338,0.072178
3.194000,0.350000,0.355763,-0.383454,32.002754,46.623007,3.363074,-10.000000,-800.000000,2.897253,1799.980259,0.072183
3.195000,0.350000,0.355386,-0.369564,33.793083,44.459786,3.386953,-10.000000,-800.000000,3.180302,1800.287742,0.072189
3.196000,0.350000,0.355025,-0.352601,35.559850,42.046519,3.368968,-10.000000,-800.000000,3.451503,1800.622839,0.072194
3.197000,0.350000,0.354682,-0.332462,37.289441,39.424764,3.306139,-10.000000,-800.000000,3.704857,1800.983985,0.072199
3.198000,0.350000,0.354361,-0.309082,38.967217,36.639427,3.195731,-10.000000,-800.000000,3.934963,1801.369052,0.072203
3.199000,0.350000,0.354065,-0.282438,40.577764,33.737723,3.035370,-10.000000,-800.000000,4.137330,1801.775427,0.072207
3.200000,0.350000,0.353797,-0.252550,42.105187,30.768130,2.823125,-10.000000,-800.000000,4.308678,1802.200121,0.072211
3.201000,0.350000,0.353561,-0.219479,43.533438,27.779368,2.557570,-7.779368,-800.000000,4.447209,1802.639905,0.072214
3.202000,0.350000,0.353360,-0.183332,44.846679,24.820517,2.237833,-5.598453,-800.000000,4.552800,1803.091478,0.072218
3.203000,0.350000,0.353196,-0.144257,46.029667,21.943658,1.863627,-3.203647,-800.000000,4.627093,1803.551635,0.072221
3.204000,0.350000,0.353072,-0.102446,47.068134,19.201668,1.435280,-0.656022,-800.000000,4.673406,1804.017440,0.072224
3.205000,0.350000,0.352991,-0.058131,47.949144,16.645213,0.953754,-0.000000,-800.000000,4.696432,1804.486380,0.072227
3.206000,0.350000,0.352956,-0.011583,48.661379,14.319141,0.420644,-0.000000,-800.000000,4.701666,1804.956467,0.072230
3.207000,0.350000,0.352968,0.034279,49.198956,12.254534,-10.000000,0.156995,-800.000000,4.693763,1805.426235,0.072233
3.208000,0.350000,0.353025,0.080878,49.559579,10.466348,-10.000000,0.765902,-800.000000,4.599120,1805.890916,0.072236
3.209000,0.350000,0.353130,0.128716,49.722423,8.964880,-10.000000,1.406477,-800.000000,4.365925,1806.337214,0.072239
3.210000,0.350000,0.353283,0.177413,49.668038,7.750965,-10.000000,2.078582,-800.000000,4.019689,1806.752988,0.072242
3.211000,0.350000,0.353485,0.226576,49.380717,6.817100,-10.000000,2.780316,-800.000000,3.571188,1807.127715,0.072246
3.212000,0.350000,0.353736,0.275805,48.846785,6.149251,-10.000000,3.508456,-800.000000,3.018591,1807.451143,0.072250
3.213000,0.350000,0.354037,0.324697,48.053218,5.729170,-10.000000,4.258876,-800.000000,2.350618,1807.712216,0.072254
3.214000,0.350000,0.354385,0.372850,46.986666,5.537017,-10.000000,5.026821,-800.000000,1.550022,1807.898353,0.072258
3.215000,0.350000,0.354782,0.419860,45.632914,5.553901,-10.000000,5.807091,-800.000000,0.596784,1807.995051,0.072263
3.216000,0.350000,0.355225,0.465318,43.966582,5.763893,-10.000000,6.594143,-800.000000,0.000000,1808.004770,0.072268
3.217000,0.350000,0.355712,0.508768,41.906108,6.155193,-10.000000,7.382061,-800.000000,0.000000,1808.004770,0.072274
3.218000,0.350000,0.356241,0.549712,39.447968,6.720435,-10.000000,8.164349,-800.000000,0.000000,1808.004770,0.072280
3.219000,0.350000,0.356810,0.587670,36.614242,7.456583,-10.000000,8.934036,-800.000000,0.000000,1808.004770,0.072287
3.220000,0.350000,0.357416,0.622189,33.436324,8.364552,-10.000000,9.683897,-800.000000,0.000000,1808.004770,0.072294
3.221000,0.350000,0.358053,0.652849,29.954649,9.448728,-9.954649,10.000000,-800.000000,0.000000,1808.004770,0.072302
3.222000,0.350000,0.358720,0.679272,26.218434,10.716384,-7.213899,10.000000,-800.000000,0.000000,1808.004770,0.072311
3.223000,0.350000,0.359410,0.701129,22.286905,12.176666,-3.904213,10.000000,-800.000000,0.000000,1808.004770,0.072320
3.224000,0.350000,0.360120,0.718149,18.233636,13.839692,-0.079635,10.000000,-800.000000,0.000000,1808.004770,0.072330
3.225000,0.350000,0.360845,0.730134,14.145510,15.716137,-0.000000,10.000000,-800.000000,0.000000,1808.004770,0.072341
3.226000,0.350000,0.361579,0.736971,10.118408,17.828567,-0.000000,10.000000,-800.000000,0.888054,1808.036465,0.072353
3.227000,0.350000,0.362317,0.738606,6.251908,20.262470,-0.000000,10.000000,-800.000000,2.833823,1808.248057,0.072365
3.228000,0.350000,0.363055,0.735067,2.660642,23.000023,-0.000000,10.000000,-800.000000,4.609514,1808.643896,0.072378
3.229000,0.350000,0.363786,0.726554,0.000000,25.995448,-0.000000,10.000000,-800.000000,6.179037,1809.204682,0.072392
3.230000,0.350000,0.364507,0.714899,0.000000,29.200594,-0.000000,10.000000,-800.000000,7.510984,1809.907802,0.072407
3.231000,0.350000,0.365215,0.701344,0.000000,32.567803,-0.000000,10.000000,-800.000000,8.577832,1810.727748,0.072422
3.232000,0.350000,0.365909,0.685812,0.000000,36.045447,-0.000000,10.000000,-800.000000,9.355703,1811.636491,0.072438
3.233000,0.350000,0.366586,0.668255,0.000000,39.578006,-0.000000,10.000000,-800.000000,9.823692,1812.603807,0.072454
3.234000,0.350000,0.367245,0.648660,0.000000,43.106551,-0.000000,10.000000,-800.000000,9.962600,1813.597503,0.072472
3.235000,0.350000,0.367883,0.627048,0.000000,46.568963,-0.000000,10.000000,-800.000000,9.752676,1814.583453,0.072489
3.236000,0.350000,0.368498,0.603478,0.000000,49.899626,-0.000000,10.000000,-800.000000,9.169287,1815.525298,0.072508
3.237000,0.350000,0.369089,0.578047,0.000000,53.028051,-0.000000,10.000000,-800.000000,8.173360,1816.383424,0.072527
3.238000,0.350000,0.369654,0.550896,0.000000,55.874814,-0.000000,10.000000,-800.000000,6.684918,1817.112099,0.072547
3.239000,0.350000,0.370190,0.522217,0.000000,58.338182,-0.000000,10.000000,-800.000000,4.472169,1817.649852,0.072567
3.240000,0.350000,0.370698,0.492284,0.000000,60.169950,-0.000000,10.000000,-800.000000,0.000000,1817.849787,0.072588
3.241000,0.350000,0.371175,0.461614,0.000000,61.036105,-0.000000,10.000000,-800.000000,0.000000,1817.849787,0.072609
3.242000,0.350000,0.371621,0.430569,0.000000,61.558193,-0.000000,10.000000,-800.000000,0.000000,1817.849787,0.072630
3.243000,0.350000,0.372036,0.399308,0.000000,61.853129,-0.000000,10.000000,-800.000000,0.000000,1817.849787,0.072652
3.244000,0.350000,0.372419,0.367946,0.000000,61.977077,-0.000000,10.000000,-800.000000,0.000000,1817.849787,0.072675
3.245000,0.350000,0.372772,0.336569,0.000000,61.969745,-0.000000,10.000000,-800.000000,0.000000,1817.849787,0.072698
3.246000,0.350000,0.373092,0.305242,0.000000,61.863079,-0.000000,10.000000,-800.000000,0.000000,1817.849787,0.072721
3.247000,0.350000,0.373382,0.274014,0.000000,61.684304,-0.000000,10.000000,-800.000000,0.000000,1817.849787,0.072744
3.248000,0.350000,0.373641,0.242918,0.000000,61.459215,-0.000000,10.000000,-800.000000,0.000000,1817.849787,0.072768
3.249000,0.350000,0.373868,0.211970,0.000000,61.216727,-0.000000,10.000000,-800.000000,0.000000,1817.849787,0.072792
3.250000,0.350000,0.374065,0.181174,0.000000,60.969819,-0.000000,10.000000,-800.000000,0.000000,1817.849787,0.072816
3.251000,0.350000,0.374230,0.150528,0.000000,60.728850,-0.000000,10.000000,-800.000000,0.000000,1817.849787,0.072840
3.252000,0.350000,0.374366,0.120023,0.000000,60.504017,-0.000000,10.000000,-800.000000,0.000000,1817.849787,0.072864
3.253000,0.350000,0.374470,0.089641,0.000000,60.305787,-0.000000,10.000000,-800.000000,0.000000,1817.849787,0.072889
3.254000,0.350000,0.374545,0.059363,0.000000,60.145650,-0.000000,10.000000,-800.000000,0.000000,1817.849787,0.072913
3.255000,0.350000,0.374589,0.029155,0.000000,60.037737,-0.000000,10.000000,-800.000000,0.000000,1817.849787,0.072938
3.256000,0.350000,0.374603,-0.000810,0.002840,59.997462,-0.000000,9.577998,-800.000000,0.102693,1817.852355,0.072962
3.257000,0.350000,0.374589,-0.027595,0.066045,59.979935,-0.000000,9.078650,-800.000000,0.524262,1817.889786,0.072987
3.258000,0.350000,0.374548,-0.054186,0.211644,59.951251,-0.000000,8.621021,-800.000000,0.911165,1817.966462,0.073012
3.259000,0.350000,0.374481,-0.080591,0.443670,59.909723,-0.000000,8.187700,-800.000000,1.291542,1818.081391,0.073036
3.260000,0.350000,0.374387,-0.106712,0.765002,59.855179,-0.000000,7.767429,-800.000000,1.667441,1818.234072,0.073060
3.261000,0.350000,0.374267,-0.132449,1.177698,59.787860,-0.000000,7.353666,-800.000000,2.037975,1818.424032,0.073085
3.262000,0.350000,0.374122,-0.157702,1.683084,59.707962,-0.000000,6.942905,-800.000000,2.400303,1818.650545,0.073109
3.263000,0.350000,0.373952,-0.182369,2.281760,59.615601,-0.000000,6.533560,-800.000000,2.752888,1818.912695,0.073133
3.264000,0.350000,0.373758,-0.206349,2.973614,59.510902,-0.000000,6.125255,-800.000000,3.093889,1819.209394,0.073156
3.265000,0.350000,0.373540,-0.229542,3.757830,59.393966,-0.000000,5.718376,-800.000000,3.421378,1819.539364,0.073180
3.266000,0.350000,0.373299,-0.251849,4.632905,59.264862,-0.000000,5.313797,-800.000000,3.733436,1819.901133,0.073203
3.267000,0.350000,0.373036,-0.273175,5.596666,59.123622,-0.000000,4.912694,-800.000000,4.028185,1820.293041,0.073226
3.268000,0.350000,0.372753,-0.293425,6.646295,58.970247,-0.000000,4.516434,-800.000000,4.303820,1820.713243,0.073249
3.269000,0.350000,0.372450,-0.312508,7.778360,58.804710,-0.000000,4.126499,-800.000000,4.558625,1821.159719,0.073272
3.270000,0.350000,0.372128,-0.330337,8.994262,58.626964,-0.000000,3.744436,-800.000000,4.962106,1821.639895,0.073294
3.271000,0.350000,0.371790,-0.346820,10.297012,58.436965,-0.000000,3.371852,-800.000000,5.347360,1822.160600,0.073315
3.272000,0.350000,0.371435,-0.361867,11.678087,58.234687,-0.000000,3.010405,-800.000000,5.679594,1822.716513,0.073337
3.273000,0.350000,0.371066,-0.375399,13.128687,58.020120,-0.000000,2.661767,-800.000000,5.959534,1823.302373,0.073358
3.274000,0.350000,0.370685,-0.387345,14.639984,57.793275,-0.083053,2.327577,-800.000000,6.188127,1823.913011,0.073379
3.275000,0.350000,0.370292,-0.397643,16.203105,57.554184,-1.210499,2.009422,-800.000000,6.365202,1824.543298,0.073399
3.276000,0.350000,0.369890,-0.406240,17.808259,57.302915,-2.519717,1.708812,-800.000000,6.473441,1825.187243,0.073419
3.277000,0.350000,0.369480,-0.413093,19.442138,57.039574,-4.001194,1.427166,-800.000000,6.481259,1825.835975,0.073438
3.278000,0.350000,0.369065,-0.418178,21.087501,56.764308,-5.640303,1.165784,-800.000000,6.359193,1826.477592,0.073457
3.279000,0.350000,0.368645,-0.421484,22.723525,56.477295,-7.417295,0.925805,-800.000000,6.080779,1827.097423,0.073476
3.280000,0.350000,0.368222,-0.423029,24.326268,56.178731,-9.307434,0.708160,-800.000000,5.624012,1827.678399,0.073494
3.281000,0.350000,0.367799,-0.422848,25.874167,55.868811,-10.000000,0.513529,-800.000000,5.547218,1828.236222,0.073512
3.282000,0.350000,0.367377,-0.421001,27.341720,55.547718,-10.000000,0.342312,-800.000000,5.442651,1828.784621,0.073529
3.283000,0.350000,0.366958,-0.417576,28.697485,55.215596,-10.000000,0.194597,-800.000000,5.311589,1829.320896,0.073546
3.284000,0.350000,0.366542,-0.412693,29.912454,54.872511,-10.000000,0.070105,-800.000000,5.155607,1829.842494,0.073563
3.285000,0.350000,0.366133,-0.406495,30.961039,54.518418,-10.000000,0.000000,-800.000000,4.976549,1830.347036,0.073579
3.286000,0.350000,0.365730,-0.399152,31.821578,54.153140,0.112306,-10.000000,-800.000000,4.776636,1830.832350,0.073595
3.287000,0.350000,0.365335,-0.390849,32.482580,53.773921,0.172753,-10.000000,-800.000000,4.514281,1831.294428,0.073610
3.288000,0.350000,0.364948,-0.381763,32.959211,53.368486,0.214940,-10.000000,-800.000000,4.152756,1831.724001,0.073625
3.289000,0.350000,0.364571,-0.372048,33.273239,52.923041,0.240754,-10.000000,-800.000000,3.699923,1832.111664,0.073640
3.290000,0.350000,0.364205,-0.361825,33.446177,52.424500,0.252029,-10.000000,-800.000000,3.161010,1832.448632,0.073654
3.291000,0.350000,0.363848,-0.351187,33.498692,51.860156,0.250428,-10.000000,-800.000000,2.538873,1832.726494,0.073668
3.292000,0.350000,0.363502,-0.340201,33.450163,51.217391,0.237375,-10.000000,-800.000000,1.834358,1832.936994,0.073681
3.293000,0.350000,0.363168,-0.328909,33.318369,50.483453,0.214013,-10.000000,-800.000000,1.046727,1833.071858,0.073694
3.294000,0.350000,0.362845,-0.317327,33.119273,49.645302,0.181179,-10.000000,-800.000000,0.174090,1833.122664,0.073707
3.295000,0.350000,0.362533,-0.305441,32.866894,48.631658,0.139390,-10.000000,-800.000000,0.000000,1833.122664,0.073720
3.296000,0.350000,0.362234,-0.293154,32.573075,47.327088,0.088671,-10.000000,-800.000000,0.000000,1833.122664,0.073732
3.297000,0.350000,0.361947,-0.280334,32.247342,45.741383,0.028375,-10.000000,-800.000000,0.000000,1833.122664,0.073744
3.298000,0.350000,0.361673,-0.266851,31.896987,43.893480,0.000000,-10.000000,-800.000000,0.000000,1833.122664,0.073756
3.299000,0.350000,0.361414,-0.252580,31.527222,41.807492,-10.000000,0.125920,-800.000000,0.000000,1833.122664,0.073767
3.300000,0.350000,0.361168,-0.237411,31.135768,39.518475,-10.000000,0.223073,-800.000000,0.000000,1833.122664,0.073778
3.301000,0.350000,0.360939,-0.221275,30.697909,37.087996,-10.000000,0.335777,-800.000000,0.000000,1833.122664,0.073789
3.302000,0.350000,0.360726,-0.204167,30.186929,34.578685,-10.000000,0.465414,-800.000000,0.000000,1833.122664,0.073800
3.303000,0.350000,0.360531,-0.186139,29.580327,32.046304,-10.000000,0.612871,-800.000000,0.000000,1833.122664,0.073810
3.304000,0.350000,0.360354,-0.167296,28.859907,29.539332,-10.000000,0.778425,-800.000000,0.000000,1833.122664,0.073821
3.305000,0.350000,0.360197,-0.147781,28.011880,27.098833,-9.451632,0.961716,-800.000000,0.000000,1833.122664,0.073831
3.306000,0.350000,0.360059,-0.127771,27.027225,24.758569,-9.073223,1.161764,-800.000000,0.000000,1833.122664,0.073841
3.307000,0.350000,0.359941,-0.107468,25.902673,22.545290,-8.453594,1.377029,-800.000000,0.000000,1833.122664,0.073851
3.308000,0.350000,0.359844,-0.087087,24.640414,20.479184,-7.583035,1.605488,-800.000000,0.000000,1833.122664,0.073861
3.309000,0.350000,0.359767,-0.066846,23.248162,18.574433,-6.457627,1.844740,-800.000000,0.000000,1833.122664,0.073871
3.310000,0.350000,0.359710,-0.046962,21.739183,16.839847,-5.079745,2.092108,-800.000000,0.000000,1833.122664,0.073880
3.311000,0.350000,0.359673,-0.027639,20.132033,15.279564,-3.458255,2.344755,-800.000000,0.000000,1833.122664,0.073890
3.312000,0.350000,0.359655,-0.009061,18.449956,13.893770,-1.608386,2.599797,-800.000000,0.000000,1833.122664,0.073900
3.313000,0.350000,0.359654,0.006958,16.721642,12.678154,-0.000000,2.852201,-800.000000,0.000000,1833.122664,0.073909
3.314000,0.350000,0.359668,0.020120,14.985485,11.620246,-0.000000,3.087627,-800.000000,0.000000,1833.122664,0.073919
3.315000,0.350000,0.359694,0.032167,13.271952,10.711651,-0.000000,3.304876,-800.000000,0.000000,1833.122664,0.073929
3.316000,0.350000,0.359732,0.043048,11.605619,9.944357,-0.000000,3.505988,-800.000000,0.000000,1833.122664,0.073938
3.317000,0.350000,0.359780,0.052739,10.006667,9.309715,-0.000000,3.692159,-800.000000,0.000000,1833.122664,0.073948
3.318000,0.350000,0.359837,0.061237,8.491211,8.798927,-0.000000,3.863926,-800.000000,0.000000,1833.122664,0.073958
3.319000,0.350000,0.359902,0.068561,7.071691,8.403445,-0.000000,4.021509,-800.000000,0.000000,1833.122664,0.073968
3.320000,0.350000,0.359973,0.074744,5.757325,8.115296,-0.000000,4.165022,-800.000000,0.000000,1833.122664,0.073978
3.321000,0.350000,0.360051,0.079832,4.554591,7.927319,-0.000000,4.294595,-800.000000,0.000000,1833.122664,0.073988
3.322000,0.350000,0.360133,0.083879,3.467777,7.833324,-0.000000,4.410430,-800.000000,0.000000,1833.122664,0.073998
3.323000,0.350000,0.360218,0.086948,2.499620,7.828177,-0.000000,4.512826,-800.000000,0.000000,1833.122664,0.074008
3.324000,0.350000,0.360306,0.089104,1.652172,7.907829,-0.000000,4.602181,-800.000000,0.000000,1833.122664,0.074019
3.325000,0.350000,0.360396,0.090420,0.928307,8.069294,-0.000000,4.678992,-800.000000,0.000000,1833.122664,0.074029
3.326000,0.350000,0.360487,0.090971,0.335807,8.315567,-0.000000,4.743847,-800.000000,0.339834,1833.132281,0.074039
3.327000,0.350000,0.360578,0.090834,0.000000,8.726431,-0.000000,4.797422,-800.000000,1.500030,1833.239047,0.074050
3.328000,0.350000,0.360668,0.090260,0.000000,9.324913,-0.000000,4.840802,-800.000000,2.620093,1833.459410,0.074061
3.329000,0.350000,0.360758,0.089286,0.000000,10.102377,-0.000000,4.875606,-800.000000,3.689784,1833.788705,0.074071
3.330000,0.350000,0.360847,0.087812,0.000000,11.048343,-0.000000,4.902561,-800.000000,4.700134,1834.221325,0.074082
3.331000,0.350000,0.360934,0.085743,0.000000,12.150676,-0.000000,4.921562,-800.000000,5.643528,1834.750850,0.074093
3.332000,0.350000,0.361018,0.082991,0.000000,13.395840,-0.000000,4.931986,-800.000000,6.513730,1835.370183,0.074104
3.333000,0.350000,0.361099,0.079480,0.000000,14.769145,-0.000000,4.932911,-800.000000,7.305868,1836.071690,0.074115
3.334000,0.350000,0.361177,0.075137,0.000000,16.254993,-0.000000,4.923267,-800.000000,8.016393,1836.847333,0.074127
3.335000,0.350000,0.361249,0.069903,0.000000,17.837123,-0.000000,4.901927,-800.000000,8.643015,1837.688798,0.074138
3.336000,0.350000,0.361316,0.063727,0.000000,19.498838,-0.000000,4.867771,-800.000000,9.184631,1838.587616,0.074149
3.337000,0.350000,0.361376,0.056566,0.000000,21.223223,-0.000000,4.819728,-800.000000,9.641240,1839.535278,0.074160
3.338000,0.350000,0.361429,0.048390,0.000000,22.993349,-0.000000,4.756804,-800.000000,10.013866,1840.523341,0.074172
3.339000,0.350000,0.361473,0.039174,0.000000,24.792464,-0.000000,4.678099,-800.000000,10.304474,1841.543521,0.074183
3.340000,0.350000,0.361507,0.028908,0.000000,26.604170,-0.000000,4.582820,-800.000000,10.515884,1842.587787,0.074195
3.341000,0.350000,0.361530,0.017586,0.000000,28.412585,-0.000000,4.470289,-800.000000,10.651695,1843.648438,0.074206
3.342000,0.350000,0.361542,0.005214,0.000000,30.202490,-0.000000,4.339946,-800.000000,10.716204,1844.718178,0.074218
3.343000,0.350000,0.361541,-0.006211,0.012849,31.961385,-0.000000,4.194652,-800.000000,10.713960,1845.790165,0.074229
3.344000,0.350000,0.361530,-0.017131,0.057806,33.682492,-0.000000,4.044975,-800.000000,10.649019,1846.857972,0.074241
3.345000,0.350000,0.361507,-0.028984,0.138962,35.354352,-0.000000,3.889087,-800.000000,10.526958,1847.915667,0.074253
3.346000,0.350000,0.361471,-0.041702,0.261795,36.965466,-0.000000,3.723256,-800.000000,10.354118,1848.957931,0.074264
3.347000,0.350000,0.361423,-0.055201,0.431219,38.505643,-0.000000,3.545197,-800.000000,10.137177,1849.980102,0.074275
3.348000,0.350000,0.361361,-0.069391,0.651650,39.966075,-0.000000,3.353824,-800.000000,9.882954,1850.978195,0.074287
3.349000,0.350000,0.361284,-0.084168,0.926995,41.339369,-0.000000,3.148876,-800.000000,9.598259,1851.948908,0.074298
3.350000,0.350000,0.361192,-0.099425,1.260612,42.619560,-0.000000,2.930670,-800.000000,9.289759,1852.889613,0.074309
3.351000,0.350000,0.361085,-0.115047,1.655282,43.802098,-0.000000,2.699935,-800.000000,8.963860,1853.798332,0.074320
3.352000,0.350000,0.360962,-0.130914,2.113177,44.883807,-0.000000,2.457698,-800.000000,8.626587,1854.673705,0.074331
3.353000,0.350000,0.360823,-0.146902,2.635844,45.862824,-0.000000,2.205212,-800.000000,8.283471,1855.514944,0.074342
3.354000,0.350000,0.360668,-0.162888,3.224218,46.738514,-0.000000,1.943900,-800.000000,7.945148,1856.321921,0.074353
3.355000,0.350000,0.360497,-0.178741,3.889092,47.511366,-0.000000,1.675319,-800.000000,7.813045,1857.108363,0.074363
3.356000,0.350000,0.360311,-0.194322,4.636946,48.182900,-0.000000,1.401172,-800.000000,7.659769,1857.880235,0.074374
3.357000,0.350000,0.360109,-0.209493,5.463053,48.755524,-0.000000,1.123299,-800.000000,7.489479,1858.635688,0.074384
3.358000,0.350000,0.359892,-0.224121,6.362399,49.232374,-0.000000,0.843616,-800.000000,7.305473,1859.373232,0.074394
3.359000,0.350000,0.359661,-0.238082,7.329719,49.617137,-0.000000,0.564075,-800.000000,7.110174,1860.091654,0.074403
3.360000,0.350000,0.359416,-0.251260,8.359526,49.913876,-0.000000,0.286620,-800.000000,6.905145,1860.789929,0.074413
3.361000,0.350000,0.359159,-0.263546,9.446142,50.126874,-0.000000,0.013171,-800.000000,6.691156,1861.467138,0.074422
3.362000,0.350000,0.358889,-0.274839,10.583725,50.260485,0.254403,-10.000000,-800.000000,6.468281,1862.122394,0.074431
3.363000,0.350000,0.358609,-0.285046,11.766480,50.315976,0.514290,-10.000000,-800.000000,6.186093,1862.752419,0.074439
3.364000,0.350000,0.358320,-0.294078,12.989337,50.283410,0.764737,-10.000000,-800.000000,5.810003,1863.348165,0.074448
3.365000,0.350000,0.358022,-0.301844,14.247973,50.152325,1.004019,-10.000000,-800.000000,5.360578,1863.901587,0.074456
3.366000,0.350000,0.357716,-0.308250,15.538591,49.914176,1.230408,-10.000000,-800.000000,4.851157,1864.406238,0.074463
3.367000,0.350000,0.357406,-0.313202,16.857710,49.561502,1.442154,-10.000000,-800.000000,4.288976,1864.856614,0.074471
3.368000,0.350000,0.357091,-0.316606,18.201965,49.087283,1.637480,-10.000000,-800.000000,3.676397,1865.247620,0.074478
3.369000,0.350000,0.356773,-0.318367,19.567922,48.484467,1.814573,-10.000000,-800.000000,3.012095,1865.574157,0.074485
3.370000,0.350000,0.356454,-0.318389,20.951909,47.745674,1.971585,-10.000000,-800.000000,2.292129,1865.830824,0.074491
3.371000,0.350000,0.356137,-0.316575,22.349863,46.859697,2.106627,-10.000000,-800.000000,1.716157,1866.016843,0.074497
3.372000,0.350000,0.355822,-0.312803,23.757152,45.727415,2.217734,-10.000000,-800.000000,1.886887,1866.198992,0.074503
3.373000,0.350000,0.355512,-0.306909,25.168288,44.313962,2.302669,-10.000000,-800.000000,2.073706,1866.399243,0.074509
3.374000,0.350000,0.355209,-0.298734,26.576800,42.636505,2.358897,-10.000000,-800.000000,2.273358,1866.619005,0.074514
3.375000,0.350000,0.354915,-0.288137,27.975219,40.717851,2.383743,-10.000000,-800.000000,2.482076,1866.859330,0.074519
3.376000,0.350000,0.354633,-0.275000,29.355104,38.585769,2.374528,-10.000000,-800.000000,2.695746,1867.120870,0.074523
3.377000,0.350000,0.354366,-0.259231,30.707098,36.272247,2.328685,-10.000000,-800.000000,2.910060,1867.403850,0.074528
3.378000,0.350000,0.354116,-0.240767,32.021018,33.812680,2.243845,-10.000000,-800.000000,3.120689,1867.708066,0.074532
3.379000,0.350000,0.353885,-0.219576,33.285980,31.245040,2.117919,-10.000000,-800.000000,3.323436,1868.032883,0.074536
3.380000,0.350000,0.353678,-0.195660,34.490541,28.609013,1.949154,-8.609013,-800.000000,3.514383,1868.377267,0.074539
3.381000,0.350000,0.353495,-0.169053,35.622873,25.945857,1.736187,-6.806759,-800.000000,3.690006,1868.739813,0.074543
3.382000,0.350000,0.353340,-0.139826,36.670949,23.300118,1.478088,-4.755605,-800.000000,3.847262,1869.118796,0.074546
3.383000,0.350000,0.353216,-0.108089,37.622742,20.718838,1.174397,-2.504337,-800.000000,3.983611,1869.512215,0.074549
3.384000,0.350000,0.353125,-0.073987,38.466436,18.249453,0.825164,-0.106836,-800.000000,4.096980,1869.917848,0.074553
3.385000,0.350000,0.353069,-0.037704,39.190609,15.937408,0.430971,-0.000000,-800.000000,4.185651,1870.333286,0.074556
3.386000,0.350000,0.353050,0.000427,39.784427,13.822840,0.000000,-0.000000,-800.000000,4.248065,1870.755963,0.074559
3.387000,0.350000,0.353069,0.036982,40.244318,11.930628,-10.000000,0.478421,-800.000000,4.281919,1871.183120,0.074562
3.388000,0.350000,0.353125,0.074910,40.562748,10.275683,-10.000000,0.974996,-800.000000,4.183715,1871.606960,0.074565
3.389000,0.350000,0.353219,0.113981,40.710925,8.868644,-10.000000,1.498403,-800.000000,3.874796,1872.007541,0.074568
3.390000,0.350000,0.353353,0.153862,40.660722,7.711829,-10.000000,2.048852,-800.000000,3.384778,1872.365718,0.074571
3.391000,0.350000,0.353527,0.194197,40.388436,6.800329,-10.000000,2.624823,-800.000000,2.733421,1872.664692,0.074575
3.392000,0.350000,0.353741,0.234612,39.873657,6.123489,-10.000000,3.223502,-800.000000,1.931397,1872.889064,0.074579
3.393000,0.350000,0.353996,0.274727,39.098246,5.666721,-10.000000,3.841146,-800.000000,0.981682,1873.024004,0.074583
3.394000,0.350000,0.354291,0.314149,38.045305,5.413534,-10.000000,4.473331,-800.000000,0.000000,1873.057566,0.074587
3.395000,0.350000,0.354624,0.352476,36.673623,5.347517,-10.000000,5.115115,-800.000000,0.000000,1873.057566,0.074592
3.396000,0.350000,0.354995,0.389272,34.962630,5.453938,-10.000000,5.761049,-800.000000,0.000000,1873.057566,0.074597
3.397000,0.350000,0.355402,0.424111,32.920328,5.720876,-10.000000,6.405245,-800.000000,0.000000,1873.057566,0.074602
3.398000,0.350000,0.355842,0.456584,30.563208,6.139794,-10.000000,7.041552,-800.000000,0.000000,1873.057566,0.074608
3.399000,0.350000,0.356314,0.486306,27.916110,6.705623,-7.916110,7.663710,-800.000000,0.000000,1873.057566,0.074614
3.400000,0.350000,0.356814,0.512924,25.013105,7.416544,-5.804716,8.265483,-800.000000,0.000000,1873.057566,0.074621
3.401000,0.350000,0.357339,0.536125,21.900841,8.273631,-3.193762,8.840794,-800.000000,0.000000,1873.057566,0.074628
3.402000,0.350000,0.357885,0.555645,18.637355,9.280489,-0.120360,9.383855,-800.000000,0.000000,1873.057566,0.074636
3.403000,0.350000,0.358449,0.571281,15.290071,10.442945,-0.000000,9.889313,-800.000000,0.000000,1873.057566,0.074645
3.404000,0.350000,0.359026,0.582895,11.932125,11.768816,-0.000000,10.000000,-800.000000,0.000000,1873.057566,0.074654
3.405000,0.350000,0.359613,0.590415,8.636081,13.267595,-0.000000,10.000000,-800.000000,0.000000,1873.057566,0.074663
3.406000,0.350000,0.360206,0.593834,5.475020,14.959330,-0.000000,10.000000,-800.000000,0.741426,1873.082339,0.074673
3.407000,0.350000,0.360800,0.593185,2.531593,16.947563,-0.000000,10.000000,-800.000000,2.652598,1873.276715,0.074684
3.408000,0.350000,0.361391,0.588563,0.000000,19.233374,-0.000000,10.000000,-800.000000,4.444558,1873.655045,0.074696
3.409000,0.350000,0.361976,0.581112,0.000000,21.784388,-0.000000,10.000000,-800.000000,6.082477,1874.203201,0.074708
3.410000,0.350000,0.362552,0.572117,0.000000,24.567420,-0.000000,10.000000,-800.000000,7.535420,1874.903814,0.074720
3.411000,0.350000,0.363119,0.561457,0.000000,27.544861,-0.000000,10.000000,-800.000000,8.776514,1875.736674,0.074733
3.412000,0.350000,0.363675,0.549030,0.000000,30.674663,-0.000000,10.000000,-800.000000,9.783037,1876.679144,0.074747
3.413000,0.350000,0.364217,0.534764,0.000000,33.911091,-0.000000,10.000000,-800.000000,10.536306,1877.706569,0.074761
3.414000,0.350000,0.364744,0.518611,0.000000,37.205449,-0.000000,10.000000,-800.000000,11.021391,1878.792663,0.074776
3.415000,0.350000,0.365253,0.500554,0.000000,40.506748,-0.000000,10.000000,-800.000000,11.226614,1879.909854,0.074791
3.416000,0.350000,0.365744,0.480604,0.000000,43.762264,-0.000000,10.000000,-800.000000,11.142755,1881.029564,0.074807
3.417000,0.350000,0.366214,0.458806,0.000000,46.917948,-0.000000,10.000000,-800.000000,10.761805,1882.122383,0.074823
3.418000,0.350000,0.366661,0.435233,0.000000,49.918557,-0.000000,10.000000,-800.000000,10.074839,1883.158061,0.074840
3.419000,0.350000,0.367084,0.409992,0.000000,52.707297,-0.000000,10.000000,-800.000000,9.067966,1884.105194,0.074857
3.420000,0.350000,0.367481,0.383225,0.000000,55.224454,-0.000000,10.000000,-800.000000,7.713134,1884.930208,0.074874
3.421000,0.350000,0.367850,0.355108,0.000000,57.403342,-0.000000,10.000000,-800.000000,5.940978,1885.594509,0.074892
3.422000,0.350000,0.368191,0.325860,0.000000,59.155937,-0.000000,10.000000,-800.000000,3.509348,1886.043975,0.074910
3.423000,0.350000,0.368501,0.295784,0.000000,60.211373,-0.000000,10.000000,-800.000000,0.000000,1886.151417,0.074929
3.424000,0.350000,0.368782,0.265351,0.000000,60.568323,-0.000000,10.000000,-800.000000,0.000000,1886.151417,0.074948
3.425000,0.350000,0.369032,0.234794,0.000000,60.707313,-0.000000,10.000000,-800.000000,0.000000,1886.151417,0.074967
3.426000,0.350000,0.369252,0.204207,0.000000,60.714014,-0.000000,10.000000,-800.000000,0.000000,1886.151417,0.074986
3.427000,0.350000,0.369441,0.173653,0.000000,60.635885,-0.000000,10.000000,-800.000000,0.000000,1886.151417,0.075005
3.428000,0.350000,0.369599,0.143167,0.000000,60.507737,-0.000000,9.770824,-800.000000,0.000000,1886.151417,0.075025
3.429000,0.350000,0.369727,0.112767,0.000000,60.358559,-0.000000,9.320355,-800.000000,0.000000,1886.151417,0.075045
3.430000,0.350000,0.369825,0.082453,0.000000,60.215562,-0.000000,8.892221,-800.000000,0.000000,1886.151417,0.075065
3.431000,0.350000,0.369892,0.052213,0.000000,60.096326,-0.000000,8.474941,-800.000000,0.000000,1886.151417,0.075084
3.432000,0.350000,0.369929,0.022022,0.000000,60.018846,-0.000000,8.060910,-800.000000,0.000000,1886.151417,0.075104
3.433000,0.350000,0.369936,-0.007231,0.010544,59.993948,-0.000000,7.645914,-800.000000,0.216408,1886.159282,0.075124
3.434000,0.350000,0.369915,-0.033899,0.092337,59.974275,-0.000000,7.238278,-800.000000,0.616592,1886.206186,0.075144
3.435000,0.350000,0.369868,-0.060456,0.256837,59.942603,-0.000000,6.837733,-800.000000,1.001619,1886.291966,0.075164
3.436000,0.350000,0.369795,-0.086805,0.507667,59.897945,-0.000000,6.439484,-800.000000,1.379972,1886.415832,0.075184
3.437000,0.350000,0.369695,-0.112849,0.847404,59.839951,-0.000000,6.040629,-800.000000,1.750835,1886.577069,0.075204
3.438000,0.350000,0.369569,-0.138489,1.277878,59.768373,-0.000000,5.639883,-800.000000,2.113053,1886.774866,0.075223
3.439000,0.350000,0.369418,-0.163624,1.800218,59.682995,-0.000000,5.237025,-800.000000,2.464779,1887.008243,0.075243
3.440000,0.350000,0.369242,-0.188153,2.414864,59.583568,-0.000000,4.832516,-800.000000,2.803978,1887.276027,0.075262
3.441000,0.350000,0.369042,-0.211974,3.121572,59.469790,-0.000000,4.427261,-800.000000,3.128570,1887.576834,0.075281
3.442000,0.350000,0.368818,-0.234988,3.919418,59.341309,-0.000000,4.022446,-800.000000,3.436485,1887.909074,0.075300
3.443000,0.350000,0.368572,-0.257096,4.806813,59.197716,-0.000000,3.619448,-800.000000,3.725693,1888.270952,0.075318
3.444000,0.350000,0.368304,-0.278201,5.781518,59.038555,-0.000000,3.219760,-800.000000,3.994225,1888.660473,0.075337
3.445000,0.350000,0.368016,-0.298209,6.840663,58.863323,-0.000000,2.824954,-800.000000,4.240182,1889.075452,0.075355
3.446000,0.350000,0.367708,-0.317028,7.980776,58.671477,-0.000000,2.436646,-800.000000,4.461757,1889.513515,0.075372
3.447000,0.350000,0.367383,-0.334569,9.197809,58.462442,-0.000000,2.056474,-800.000000,4.657241,1889.972119,0.075390
3.448000,0.350000,0.367040,-0.350750,10.490188,58.235612,-0.000000,1.686083,-800.000000,4.949019,1890.454561,0.075407
3.449000,0.350000,0.366682,-0.365483,11.860139,57.990377,-0.000000,1.327126,-800.000000,5.244678,1890.968374,0.075423
3.450000,0.350000,0.366309,-0.378686,13.299600,57.726137,-0.000000,0.981276,-800.000000,5.485218,1891.508304,0.075440
3.451000,0.350000,0.365925,-0.390282,14.799773,57.442308,-0.000000,0.650197,-800.000000,5.671258,1892.068876,0.075456
3.452000,0.350000,0.365529,-0.400206,16.351830,57.138322,-1.597570,0.335513,-800.000000,5.803638,1892.644691,0.075471
3.453000,0.350000,0.365125,-0.408399,17.945876,56.813641,-2.906622,0.038789,-800.000000,5.858430,1893.229264,0.075486
3.454000,0.350000,0.364713,-0.414816,19.567320,56.467761,0.238496,-10.000000,-800.000000,5.797764,1893.812326,0.075501
3.455000,0.350000,0.364296,-0.419425,21.200485,56.098338,0.494978,-10.000000,-800.000000,5.629772,1894.382287,0.075515
3.456000,0.350000,0.363875,-0.422203,22.838255,55.695875,0.729428,-10.000000,-800.000000,5.380101,1894.930256,0.075529
3.457000,0.350000,0.363452,-0.423126,24.476178,55.249820,0.940720,-10.000000,-800.000000,5.057582,1895.448654,0.075543
3.458000,0.350000,0.363029,-0.422169,26.110189,54.750157,1.127780,-10.000000,-800.000000,4.666770,1895.930511,0.075556
3.459000,0.350000,0.362608,-0.419304,27.736372,54.187079,1.289556,-10.000000,-800.000000,4.208751,1896.369090,0.075568
3.460000,0.350000,0.362191,-0.414501,29.350754,53.550741,1.424995,-10.000000,-800.000000,3.681905,1896.757586,0.075580
3.461000,0.350000,0.361780,-0.407729,30.949122,52.831108,1.533031,-10.000000,-800.000000,3.082595,1897.088904,0.075592
3.462000,0.350000,0.361376,-0.398955,32.526876,52.017860,1.612574,-10.000000,-800.000000,2.405794,1897.355491,0.075604
3.463000,0.350000,0.360983,-0.388145,34.078914,51.100363,1.662512,-10.000000,-800.000000,1.645655,1897.549236,0.075615
3.464000,0.350000,0.360601,-0.375264,35.599532,50.067437,1.681704,-10.000000,-800.000000,0.826712,1897.662189,0.075625
3.465000,0.350000,0.360233,-0.360254,37.082335,48.802948,1.668956,-10.000000,-800.000000,0.947547,1897.752357,0.075635
3.466000,0.350000,0.359881,-0.342988,38.519969,47.224846,1.622770,-10.000000,-800.000000,1.073213,1897.854945,0.075645
3.467000,0.350000,0.359548,-0.323339,39.904023,45.359952,1.541238,-10.000000,-800.000000,1.199296,1897.970160,0.075655
3.468000,0.350000,0.359235,-0.301208,41.225129,43.240544,1.422255,-10.000000,-800.000000,1.321612,1898.097778,0.075664
3.469000,0.350000,0.358946,-0.276523,42.473114,40.903422,1.263720,-10.000000,-800.000000,1.436378,1898.237185,0.075673
3.470000,0.350000,0.358683,-0.249245,43.637167,38.388925,1.063686,-10.000000,-800.000000,1.540344,1898.387415,0.075682
3.471000,0.350000,0.358449,-0.219372,44.706049,35.739920,0.820477,-10.000000,-800.000000,1.630899,1898.547222,0.075690
3.472000,0.350000,0.358245,-0.186933,45.668301,33.000788,0.532769,-10.000000,-800.000000,1.706114,1898.715138,0.075698
3.473000,0.350000,0.358076,-0.151998,46.512471,30.216429,0.199652,-10.000000,-800.000000,1.764718,1898.889545,0.075707
3.474000,0.350000,0.357942,-0.114669,47.227323,27.431282,-10.000000,0.179324,-800.000000,1.805971,1899.068732,0.075714
3.475000,0.350000,0.357847,-0.075086,47.798497,24.693518,-10.000000,0.604123,-800.000000,1.746958,1899.247027,0.075722
3.476000,0.350000,0.357793,-0.033439,48.199559,22.066234,-10.000000,1.074164,-800.000000,1.527744,1899.409150,0.075730
3.477000,0.350000,0.357781,0.009231,48.405375,19.605934,-10.000000,1.587743,-800.000000,1.175636,1899.540878,0.075738
3.478000,0.350000,0.357810,0.050723,48.402932,17.350591,-10.000000,2.131486,-800.000000,0.706289,1899.629988,0.075746
3.479000,0.350000,0.357882,0.093375,48.176973,15.330366,-10.000000,2.700663,-800.000000,0.125450,1899.665186,0.075754
3.480000,0.350000,0.357997,0.136801,47.681945,13.567204,-10.000000,3.296006,-800.000000,0.000000,1899.665186,0.075762
3.481000,0.350000,0.358156,0.180533,46.843298,12.072671,-10.000000,3.916316,-800.000000,0.000000,1899.665186,0.075770
3.482000,0.350000,0.358358,0.224062,45.645334,10.849195,-10.000000,4.558337,-800.000000,0.000000,1899.665186,0.075778
3.483000,0.350000,0.358604,0.266871,44.082418,9.891760,-10.000000,5.217297,-800.000000,0.000000,1899.665186,0.075787
3.484000,0.350000,0.358892,0.308449,42.157412,9.189867,-10.000000,5.887393,-800.000000,0.000000,1899.665186,0.075796
3.485000,0.350000,0.359220,0.348296,39.881602,8.729634,-10.000000,6.562152,-800.000000,0.000000,1899.665186,0.075805
3.486000,0.350000,0.359588,0.385942,37.274502,8.495852,-10.000000,7.234728,-800.000000,0.000000,1899.665186,0.075814
3.487000,0.350000,0.359991,0.420944,34.363557,8.473805,-10.000000,7.898125,-800.000000,0.000000,1899.665186,0.075824
3.488000,0.350000,0.360429,0.452901,31.183775,8.650700,-10.000000,8.545383,-800.000000,0.000000,1899.665186,0.075835
3.489000,0.350000,0.360896,0.481458,27.777340,9.016609,-7.777340,9.169738,-800.000000,0.000000,1899.665186,0.075846
3.490000,0.350000,0.361390,0.506309,24.194374,9.564976,-4.972108,9.764747,-800.000000,0.000000,1899.665186,0.075857
3.491000,0.350000,0.361907,0.527204,20.496515,10.292761,-1.693686,10.000000,-800.000000,0.000000,1899.665186,0.075869
3.492000,0.350000,0.362443,0.543963,16.756131,11.200271,-0.000000,10.000000,-800.000000,0.000000,1899.665186,0.075881
3.493000,0.350000,0.362994,0.556478,13.052759,12.290473,-0.000000,10.000000,-800.000000,0.000000,1899.665186,0.075894
3.494000,0.350000,0.363555,0.564719,9.467200,13.568367,-0.000000,10.000000,-800.000000,0.000000,1899.665186,0.075908
3.495000,0.350000,0.364122,0.568732,6.079692,15.040672,-0.000000,10.000000,-800.000000,0.000000,1899.665186,0.075922
3.496000,0.350000,0.364691,0.568633,2.978238,16.746653,-0.000000,10.000000,-800.000000,1.405173,1899.732113,0.075937
3.497000,0.350000,0.365258,0.564598,0.303363,18.773059,-0.000000,10.000000,-800.000000,3.370641,1899.996511,0.075952
3.498000,0.350000,0.365819,0.557567,0.000000,21.095482,-0.000000,10.000000,-800.000000,5.185096,1900.448295,0.075968
3.499000,0.350000,0.366372,0.549050,0.000000,23.680830,-0.000000,10.000000,-800.000000,6.815171,1901.070245,0.075984
3.500000,0.350000,0.366917,0.538971,0.000000,26.491698,-0.000000,10.000000,-800.000000,8.231893,1901.842076,0.076001
3.501000,0.350000,0.367450,0.527215,0.000000,29.485862,-0.000000,10.000000,-800.000000,9.410831,1902.740890,0.076019
3.502000,0.350000,0.367970,0.513687,0.000000,32.617105,-0.000000,10.000000,-800.000000,10.332050,1903.741630,0.076037
3.503000,0.350000,0.368477,0.498324,0.000000,35.836033,-0.000000,10.000000,-800.000000,10.979893,1904.817512,0.076055
3.504000,0.350000,0.368967,0.481091,0.000000,39.090832,-0.000000,10.000000,-800.000000,11.342577,1905.940435,0.076074
3.505000,0.350000,0.369438,0.461984,0.000000,42.327953,-0.000000,10.000000,-800.000000,11.411559,1907.081325,0.076093
3.506000,0.350000,0.369890,0.441030,0.000000,45.492666,-0.000000,10.000000,-800.000000,11.180588,1908.210410,0.076113
3.507000,0.350000,0.370320,0.418287,0.000000,48.529422,-0.000000,10.000000,-800.000000,10.644211,1909.297354,0.076134
3.508000,0.350000,0.370726,0.393847,0.000000,51.381889,-0.000000,10.000000,-800.000000,9.795200,1910.311194,0.076154
3.509000,0.350000,0.371107,0.367834,0.000000,53.992377,-0.000000,10.000000,-800.000000,8.619422,1911.219869,0.076176
3.510000,0.350000,0.371461,0.340406,0.000000,56.299925,-0.000000,10.000000,-800.000000,7.083232,1911.988841,0.076197
3.511000,0.350000,0.371787,0.311758,0.000000,58.234419,-0.000000,10.000000,-800.000000,5.090820,1912.576931,0.076219
3.512000,0.350000,0.372084,0.282134,0.000000,59.690867,-0.000000,10.000000,-800.000000,2.180225,1912.916527,0.076241
3.513000,0.350000,0.372351,0.251902,0.000000,60.318798,-0.000000,10.000000,-800.000000,0.000000,1912.937015,0.076263
3.514000,0.350000,0.372588,0.221475,0.000000,60.520626,-0.000000,10.000000,-800.000000,0.000000,1912.937015,0.076286
3.515000,0.350000,0.372794,0.190991,0.000000,60.562487,-0.000000,10.000000,-800.000000,0.000000,1912.937015,0.076309
3.516000,0.350000,0.372970,0.160521,0.000000,60.508854,-0.000000,10.000000,-800.000000,0.000000,1912.937015,0.076332
3.517000,0.350000,0.373115,0.130106,0.000000,60.401030,-0.000000,10.000000,-800.000000,0.000000,1912.937015,0.076355
3.518000,0.350000,0.373230,0.099763,0.000000,60.272467,-0.000000,10.000000,-800.000000,0.000000,1912.937015,0.076378
3.519000,0.350000,0.373315,0.069492,0.000000,60.150487,-0.000000,10.000000,-800.000000,0.000000,1912.937015,0.076401
3.520000,0.350000,0.373369,0.039281,0.000000,60.053906,-0.000000,9.697034,-800.000000,0.000000,1912.937015,0.076425
3.521000,0.350000,0.373393,0.009102,0.000000,60.003093,-0.000000,9.201707,-800.000000,0.000000,1912.937015,0.076448
3.522000,0.350000,0.373388,-0.018684,0.034570,59.986822,-0.000000,8.737365,-800.000000,0.392153,1912.960242,0.076471
3.523000,0.350000,0.373356,-0.045318,0.147721,59.962256,-0.000000,8.301525,-800.000000,0.782569,1913.023954,0.076495
3.524000,0.350000,0.373298,-0.071805,0.343324,59.925075,-0.000000,7.882526,-800.000000,1.164773,1913.126142,0.076518
3.525000,0.350000,0.373213,-0.098049,0.625158,59.874849,-0.000000,7.471785,-800.000000,1.542260,1913.266245,0.076541
3.526000,0.350000,0.373102,-0.123953,0.996063,59.811716,-0.000000,7.064330,-800.000000,1.915590,1913.443837,0.076564
3.527000,0.350000,0.372965,-0.149418,1.458108,59.736028,-0.000000,6.657614,-800.000000,2.282152,1913.658380,0.076587
3.528000,0.350000,0.372803,-0.174343,2.012616,59.647862,-0.000000,6.250631,-800.000000,2.638816,1913.908969,0.076610
3.529000,0.350000,0.372617,-0.198628,2.660173,59.547208,-0.000000,5.843357,-800.000000,2.983995,1914.194521,0.076633
3.530000,0.350000,0.372406,-0.222172,3.400628,59.434053,-0.000000,5.436397,-800.000000,3.315768,1914.513769,0.076655
3.531000,0.350000,0.372173,-0.244876,4.233101,59.308346,-0.000000,5.030752,-800.000000,3.632157,1914.865248,0.076677
3.532000,0.350000,0.371917,-0.266640,5.155998,59.169994,-0.000000,4.627685,-800.000000,3.931211,1915.247297,0.076699
3.533000,0.350000,0.371640,-0.287370,6.167031,59.018869,-0.000000,4.228619,-800.000000,4.211039,1915.658065,0.076721
3.534000,0.350000,0.371342,-0.306972,7.263240,58.854803,-0.000000,3.835081,-800.000000,4.469837,1916.095514,0.076742
3.535000,0.350000,0.371026,-0.325355,8.441028,58.677605,-0.000000,3.448656,-800.000000,4.705899,1916.557436,0.076763
3.536000,0.350000,0.370692,-0.342433,9.699544,58.487061,-0.000000,3.070962,-800.000000,5.062142,1917.048158,0.076784
3.537000,0.350000,0.370342,-0.358114,11.043994,58.282962,-0.000000,2.703642,-800.000000,5.445654,1917.578797,0.076804
3.538000,0.350000,0.369976,-0.372312,12.466165,58.065121,-0.000000,2.348384,-800.000000,5.771298,1918.144164,0.076824
3.539000,0.350000,0.369598,-0.384945,13.956700,57.833376,-0.000000,2.006883,-800.000000,6.040058,1918.738531,0.076844
3.540000,0.350000,0.369207,-0.395943,15.506242,57.587593,-0.610532,1.680798,-800.000000,6.253155,1919.356285,0.076863
3.541000,0.350000,0.368806,-0.405245,17.105063,57.327669,-1.850602,1.371729,-800.000000,6.402393,1919.991491,0.076882
3.542000,0.350000,0.368397,-0.412800,18.741200,57.053541,-3.270854,1.081197,-800.000000,6.462863,1920.636324,0.076900
3.543000,0.350000,0.367981,-0.418572,20.398888,56.765189,-4.858893,0.810612,-800.000000,6.403525,1921.279949,0.076918
3.544000,0.350000,0.367561,-0.422540,22.058541,56.462633,-6.597098,0.561245,-800.000000,6.196052,1921.908591,0.076936
3.545000,0.350000,0.367137,-0.424707,23.697180,56.145920,-8.462697,0.334179,-800.000000,5.815609,1922.505855,0.076953
3.546000,0.350000,0.366712,-0.425097,25.289704,55.815112,-10.000000,0.130262,-800.000000,5.452910,1923.060225,0.076970
3.547000,0.350000,0.366287,-0.423758,26.814590,55.470262,-10.000000,0.000000,-800.000000,5.339269,1923.598641,0.076986
3.548000,0.350000,0.365865,-0.420764,28.241440,55.111418,0.206137,-10.000000,-800.000000,5.197337,1924.123911,0.077002
3.549000,0.350000,0.365446,-0.416217,29.545136,54.736392,0.338419,-10.000000,-800.000000,4.988860,1924.631431,0.077017
3.550000,0.350000,0.365033,-0.410228,30.725489,54.334457,0.447193,-10.000000,-800.000000,4.680303,1925.111783,0.077032
3.551000,0.350000,0.364626,-0.402895,31.789358,53.893608,0.533093,-10.000000,-800.000000,4.278673,1925.555418,0.077047
3.552000,0.350000,0.364227,-0.394304,32.744463,53.402540,0.596835,-10.000000,-800.000000,3.788463,1925.953327,0.077061
3.553000,0.350000,0.363838,-0.384525,33.598942,52.850296,0.639125,-10.000000,-800.000000,3.212020,1926.296814,0.077075
3.554000,0.350000,0.363459,-0.373615,34.360975,52.225990,0.660595,-10.000000,-800.000000,2.549971,1926.577308,0.077088
3.555000,0.350000,0.363091,-0.361616,35.038475,51.518597,0.661762,-10.000000,-800.000000,1.801637,1926.786214,0.077102
3.556000,0.350000,0.362736,-0.348556,35.638824,50.716811,0.642998,-10.000000,-800.000000,0.965450,1926.914810,0.077114
3.557000,0.350000,0.362394,-0.334449,36.168664,49.808970,0.604520,-10.000000,-800.000000,0.039329,1926.954183,0.077127
3.558000,0.350000,0.362067,-0.319280,36.633708,48.696600,0.546356,-10.000000,-800.000000,0.000000,1926.954183,0.077139
3.559000,0.350000,0.361756,-0.302954,37.038402,47.284301,0.468117,-10.000000,-800.000000,0.000000,1926.954183,0.077150
3.560000,0.350000,0.361462,-0.285359,37.385713,45.591189,0.368861,-10.000000,-800.000000,0.000000,1926.954183,0.077162
3.561000,0.350000,0.361186,-0.266395,37.677128,43.642239,0.247271,-10.000000,-800.000000,0.000000,1926.954183,0.077173
3.562000,0.350000,0.360930,-0.245976,37.912677,41.467194,0.101849,-10.000000,-800.000000,0.000000,1926.954183,0.077184
3.563000,0.350000,0.360694,-0.224035,38.091000,39.099740,-10.000000,0.068944,-800.000000,0.000000,1926.954183,0.077195
3.564000,0.350000,0.360482,-0.200529,38.203148,36.582816,-10.000000,0.266568,-800.000000,0.000000,1926.954183,0.077205
3.565000,0.350000,0.360294,-0.175468,38.215643,33.983148,-10.000000,0.492255,-800.000000,0.000000,1926.954183,0.077216
3.566000,0.350000,0.360132,-0.148939,38.092785,31.366612,-10.000000,0.746750,-800.000000,0.000000,1926.954183,0.077226
3.567000,0.350000,0.359996,-0.121094,37.803751,28.790663,-10.000000,1.030105,-800.000000,0.000000,1926.954183,0.077236
3.568000,0.350000,0.359890,-0.092143,37.322932,26.303997,-10.000000,1.341581,-800.000000,0.000000,1926.954183,0.077246
3.569000,0.350000,0.359812,-0.062345,36.630239,23.946527,-10.000000,1.679636,-800.000000,0.000000,1926.954183,0.077255
3.570000,0.350000,0.359765,-0.031994,35.711361,21.749629,-10.000000,2.041967,-800.000000,0.000000,1926.954183,0.077265
3.571000,0.350000,0.359748,-0.001464,34.557945,19.736605,-10.000000,2.425582,-800.000000,0.000000,1926.954183,0.077275
3.572000,0.350000,0.359761,0.025793,33.173414,17.918927,-10.000000,2.819269,-800.000000,0.000000,1926.954183,0.077285
3.573000,0.350000,0.359800,0.052341,31.568343,16.300738,-10.000000,3.211619,-800.000000,0.000000,1926.954183,0.077294
3.574000,0.350000,0.359865,0.078106,29.752080,14.885965,-9.752080,3.602490,-800.000000,0.000000,1926.954183,0.077304
3.575000,0.350000,0.359956,0.102765,27.739649,13.673779,-8.714857,3.990811,-800.000000,0.000000,1926.954183,0.077314
3.576000,0.350000,0.360070,0.126017,25.552424,12.659512,-7.301597,4.374174,-800.000000,0.000000,1926.954183,0.077324
3.577000,0.350000,0.360207,0.147587,23.219266,11.835666,-5.523681,4.749358,-800.000000,0.000000,1926.954183,0.077335
3.578000,0.350000,0.360365,0.167240,20.776308,11.192898,-3.402650,5.112767,-800.000000,0.000000,1926.954183,0.077345
3.579000,0.350000,0.360541,0.184784,18.265909,10.720939,-0.969882,5.460753,-800.000000,0.000000,1926.954183,0.077355
3.580000,0.350000,0.360734,0.200079,15.735063,10.409418,-0.000000,5.789862,-800.000000,0.000000,1926.954183,0.077366
3.581000,0.350000,0.360940,0.213037,13.232664,10.248543,-0.000000,6.097022,-800.000000,0.000000,1926.954183,0.077377
3.582000,0.350000,0.361159,0.223623,10.804742,10.229631,-0.000000,6.379667,-800.000000,0.000000,1926.954183,0.077388
3.583000,0.350000,0.361387,0.231851,8.491936,10.345480,-0.000000,6.635813,-800.000000,0.000000,1926.954183,0.077400
3.584000,0.350000,0.361622,0.237775,6.329825,10.590582,-0.000000,6.864078,-800.000000,0.000000,1926.954183,0.077411
3.585000,0.350000,0.361862,0.241484,4.350363,10.961210,-0.000000,7.063670,-800.000000,0.000000,1926.954183,0.077423
3.586000,0.350000,0.362104,0.243101,2.584763,11.455423,-0.000000,7.234357,-800.000000,0.000000,1926.954183,0.077435
3.587000,0.350000,0.362347,0.242782,1.071270,12.073005,-0.000000,7.376445,-800.000000,0.000000,1926.954183,0.077448
3.588000,0.350000,0.362589,0.240729,0.000000,12.863702,-0.000000,7.490801,-800.000000,1.363393,1927.032835,0.077460
3.589000,0.350000,0.362828,0.237608,0.000000,13.898263,-0.000000,7.579669,-800.000000,2.865412,1927.263468,0.077473
3.590000,0.350000,0.363064,0.233819,0.000000,15.166431,-0.000000,7.647794,-800.000000,4.304154,1927.640500,0.077486
3.591000,0.350000,0.363296,0.229232,0.000000,16.653947,-0.000000,7.698547,-800.000000,5.660954,1928.156424,0.077499
3.592000,0.350000,0.363522,0.223723,0.000000,18.343250,-0.000000,7.733356,-800.000000,6.919046,1928.801981,0.077513
3.593000,0.350000,0.363743,0.217184,0.000000,20.213843,-0.000000,7.752377,-800.000000,8.063835,1929.566371,0.077527
3.594000,0.350000,0.363956,0.209514,0.000000,22.242703,-0.000000,7.755014,-800.000000,9.083078,1930.437480,0.077541
3.595000,0.350000,0.364161,0.200630,0.000000,24.404722,-0.000000,7.740258,-800.000000,9.966981,1931.402121,0.077555
3.596000,0.350000,0.364357,0.190462,0.000000,26.673157,-0.000000,7.706907,-800.000000,10.708248,1932.446285,0.077569
3.597000,0.350000,0.364542,0.178957,0.000000,29.020093,-0.000000,7.653714,-800.000000,11.302092,1933.555389,0.077584
3.598000,0.350000,0.364715,0.166078,0.000000,31.416904,-0.000000,7.579478,-800.000000,11.746213,1934.714528,0.077598
3.599000,0.350000,0.364874,0.151803,0.000000,33.834709,-0.000000,7.483113,-800.000000,12.040764,1935.908720,0.077613
3.600000,0.350000,0.365018,0.136129,0.000000,36.244826,-0.000000,7.363688,-800.000000,12.188301,1937.123150,0.077628
3.601000,0.350000,0.365145,0.119068,0.000000,38.619215,-0.000000,7.220454,-800.000000,12.193738,1938.343405,0.077643
3.602000,0.350000,0.365255,0.100648,0.000000,40.930906,-0.000000,7.052865,-800.000000,12.064293,1939.555708,0.077659
3.603000,0.350000,0.365346,0.080910,0.000000,43.154432,-0.000000,6.860584,-800.000000,11.809450,1940.747147,0.077674
3.604000,0.350000,0.365417,0.059911,0.000000,45.266233,-0.000000,6.643488,-800.000000,11.440930,1941.905896,0.077689
3.605000,0.350000,0.365466,0.037720,0.000000,47.245073,-0.000000,6.401662,-800.000000,10.972675,1943.021442,0.077705
3.606000,0.350000,0.365492,0.014416,0.000000,49.072437,-0.000000,6.135394,-800.000000,10.420849,1944.084804,0.077720
3.607000,0.350000,0.365494,-0.008556,0.012819,50.733753,-0.000000,5.846584,-800.000000,9.803420,1945.088746,0.077736
3.608000,0.350000,0.365475,-0.030300,0.082516,52.224075,-0.000000,5.547955,-800.000000,9.136814,1946.027735,0.077751
3.609000,0.350000,0.365434,-0.052778,0.217075,53.536577,-0.000000,5.240285,-800.000000,8.441636,1946.898102,0.077767
3.610000,0.350000,0.365369,-0.075814,0.423151,54.666691,-0.000000,4.920940,-800.000000,7.741331,1947.698441,0.077782
3.611000,0.350000,0.365282,-0.099228,0.706134,55.614387,-0.000000,4.588809,-800.000000,7.060734,1948.429783,0.077797
3.612000,0.350000,0.365171,-0.122833,1.070426,56.384346,-0.000000,4.244092,-800.000000,6.425107,1949.095681,0.077813
3.613000,0.350000,0.365036,-0.146446,1.519485,56.985900,-0.000000,3.887871,-800.000000,5.858464,1949.702151,0.077828
3.614000,0.350000,0.364878,-0.169885,2.055817,57.432614,-0.000000,3.521791,-800.000000,5.380957,1950.257394,0.077842
3.615000,0.350000,0.364697,-0.192977,2.680987,57.741360,-0.000000,3.147848,-800.000000,5.005620,1950.771205,0.077857
3.616000,0.350000,0.364492,-0.215558,3.395636,57.930858,-0.000000,2.768231,-800.000000,4.735588,1951.254081,0.077872
3.617000,0.350000,0.364266,-0.237474,4.199513,58.019904,-0.000000,2.385220,-800.000000,4.563389,1951.716166,0.077886
3.618000,0.350000,0.364018,-0.258585,5.091514,58.025724,-0.000000,2.001107,-800.000000,4.473135,1952.166300,0.077900
3.619000,0.350000,0.363749,-0.278759,6.069726,57.962874,-0.000000,1.618157,-800.000000,4.444627,1952.611431,0.077914
3.620000,0.350000,0.363460,-0.297875,7.131474,57.842838,-0.000000,1.238572,-800.000000,4.457385,1953.056444,0.077927
3.621000,0.350000,0.363153,-0.315824,8.273373,57.674202,-0.000000,0.864484,-800.000000,4.493234,1953.504305,0.077940
3.622000,0.350000,0.362829,-0.332500,9.491885,57.463105,-0.000000,0.497945,-800.000000,4.594621,1953.957807,0.077953
3.623000,0.350000,0.362489,-0.347804,10.792564,57.213784,-0.000000,0.140942,-800.000000,4.843209,1954.433123,0.077966
3.624000,0.350000,0.362134,-0.361633,12.171101,56.929067,0.204568,-10.000000,-800.000000,5.048239,1954.930619,0.077978
3.625000,0.350000,0.361766,-0.373896,13.618196,56.609009,0.536660,-10.000000,-800.000000,5.176935,1955.444311,0.077990
3.626000,0.350000,0.361387,-0.384508,15.125247,56.246232,0.853457,-10.000000,-800.000000,5.206513,1955.964582,0.078001
3.627000,0.350000,0.360998,-0.393386,16.684687,55.831819,1.153132,-10.000000,-800.000000,5.147025,1956.482182,0.078012
3.628000,0.350000,0.360601,-0.400450,18.289795,55.356902,1.433889,-10.000000,-800.000000,5.004486,1956.988610,0.078023
3.629000,0.350000,0.360197,-0.405622,19.934417,54.812411,1.693950,-10.000000,-800.000000,4.781509,1957.475748,0.078033
3.630000,0.350000,0.359790,-0.408822,21.612702,54.188911,1.931545,-10.000000,-800.000000,4.477912,1957.935560,0.078043
3.631000,0.350000,0.359380,-0.409972,23.318861,53.476511,2.144899,-10.000000,-800.000000,4.091298,1958.359850,0.078052
3.632000,0.350000,0.358971,-0.408994,25.046942,52.664827,2.332225,-10.000000,-800.000000,3.617593,1958.740073,0.078061
3.633000,0.350000,0.358563,-0.405810,26.790635,51.743008,2.491717,-10.000000,-800.000000,3.051550,1959.067198,0.078069
3.634000,0.350000,0.358160,-0.400339,28.543104,50.699804,2.621548,-10.000000,-800.000000,2.387228,1959.331624,0.078078
3.635000,0.350000,0.357763,-0.392501,30.296840,49.483160,2.719864,-10.000000,-800.000000,2.262638,1959.552375,0.078085
3.636000,0.350000,0.357376,-0.382150,32.043400,47.950408,2.784639,-10.000000,-800.000000,2.481717,1959.792322,0.078093
3.637000,0.350000,0.357000,-0.369115,33.773143,46.112710,2.813432,-10.000000,-800.000000,2.699604,1960.054139,0.078100
3.638000,0.350000,0.356639,-0.353251,35.475233,44.000392,2.803529,-10.000000,-800.000000,2.911414,1960.337404,0.078106
3.639000,0.350000,0.356294,-0.334441,37.137743,41.648960,2.752161,-10.000000,-800.000000,3.112300,1960.641204,0.078113
3.640000,0.350000,0.355971,-0.312602,38.747791,39.098146,2.656682,-10.000000,-800.000000,3.297717,1960.964159,0.078119
3.641000,0.350000,0.355670,-0.287691,40.291731,36.390923,2.514692,-10.000000,-800.000000,3.463690,1961.304469,0.078124
3.642000,0.350000,0.355396,-0.259699,41.755384,33.572491,2.324145,-10.000000,-800.000000,3.607066,1961.659985,0.078130
3.643000,0.350000,0.355152,-0.228661,43.124306,30.689266,2.083418,-10.000000,-800.000000,3.725741,1962.028307,0.078135
3.644000,0.350000,0.354940,-0.194650,44.384079,27.787886,1.791373,-7.787886,-800.000000,3.818823,1962.406898,0.078140
3.645000,0.350000,0.354764,-0.157781,45.520629,24.915350,1.447399,-5.694139,-800.000000,3.886714,1962.793215,0.078145
3.646000,0.350000,0.354625,-0.118205,46.520531,22.121660,1.051433,-3.391984,-800.000000,3.931053,1963.184832,0.078149
3.647000,0.350000,0.354528,-0.076119,47.371309,19.457568,0.603994,-0.940058,-800.000000,3.954495,1963.579553,0.078154
3.648000,0.350000,0.354474,-0.031752,48.061685,16.971708,0.106195,-0.000000,-800.000000,3.960279,1963.975488,0.078158
3.649000,0.350000,0.354465,0.013568,48.582385,14.706811,-10.000000,0.439420,-800.000000,3.951473,1964.371071,0.078163
3.650000,0.350000,0.354501,0.058182,48.930729,12.689345,-10.000000,1.018684,-800.000000,3.852636,1964.761301,0.078167
3.651000,0.350000,0.354582,0.104170,49.087567,10.939370,-10.000000,1.627936,-800.000000,3.608812,1965.132345,0.078172
3.652000,0.350000,0.354709,0.151164,49.031982,9.468562,-10.000000,2.267868,-800.000000,3.243822,1965.471302,0.078176
3.653000,0.350000,0.354884,0.198777,48.746656,8.278781,-10.000000,2.937448,-800.000000,2.768270,1965.766814,0.078181
3.654000,0.350000,0.355107,0.246607,48.216354,7.363566,-10.000000,3.634055,-800.000000,2.181316,1966.007854,0.078186
3.655000,0.350000,0.355377,0.294247,47.426679,6.710104,-10.000000,4.353944,-800.000000,1.473396,1966.182739,0.078192
3.656000,0.350000,0.355695,0.341283,46.363183,6.301607,-10.000000,5.092573,-800.000000,0.629267,1966.278453,0.078198
3.657000,0.350000,0.356060,0.387300,45.004891,6.119860,-10.000000,5.844839,-800.000000,0.000000,1966.292088,0.078204
3.658000,0.350000,0.356469,0.431843,43.269618,6.147535,-10.000000,6.605145,-800.000000,0.000000,1966.292088,0.078210
3.659000,0.350000,0.356923,0.474406,41.140900,6.369889,-10.000000,7.367262,-800.000000,0.000000,1966.292088,0.078217
3.660000,0.350000,0.357417,0.514502,38.633027,6.775900,-10.000000,8.124408,-800.000000,0.000000,1966.292088,0.078224
3.661000,0.350000,0.357951,0.551663,35.769428,7.358752,-10.000000,8.869485,-800.000000,0.000000,1966.292088,0.078232
3.662000,0.350000,0.358520,0.585455,32.582423,8.115813,-10.000000,9.595278,-800.000000,0.000000,1966.292088,0.078241
3.663000,0.350000,0.359120,0.615477,29.112930,9.048317,-9.112930,10.000000,-800.000000,0.000000,1966.292088,0.078250
3.664000,0.350000,0.359749,0.641375,25.410646,10.160860,-6.321939,10.000000,-800.000000,0.000000,1966.292088,0.078260
3.665000,0.350000,0.360402,0.662842,21.536258,11.460489,-2.988616,10.000000,-800.000000,0.000000,1966.292088,0.078270
3.666000,0.350000,0.361073,0.679635,17.563848,12.955715,-0.000000,10.000000,-800.000000,0.000000,1966.292088,0.078281
3.667000,0.350000,0.361759,0.691584,13.578862,14.656045,-0.000000,10.000000,-800.000000,0.000000,1966.292088,0.078293
3.668000,0.350000,0.362455,0.698601,9.673157,16.572086,-0.000000,10.000000,-800.000000,0.150285,1966.295845,0.078305
3.669000,0.350000,0.363155,0.700668,5.941477,18.781293,-0.000000,10.000000,-800.000000,2.178117,1966.438649,0.078319
3.670000,0.350000,0.363854,0.697824,2.493627,21.311003,-0.000000,10.000000,-800.000000,4.053098,1966.774994,0.078332
3.671000,0.350000,0.364549,0.690264,0.000000,24.118932,-0.000000,10.000000,-800.000000,5.737908,1967.287224,0.078347
3.672000,0.350000,0.365234,0.679770,0.000000,27.160158,-0.000000,10.000000,-800.000000,7.200005,1967.954252,0.078362
3.673000,0.350000,0.365908,0.667464,0.000000,30.389737,-0.000000,10.000000,-800.000000,8.411040,1968.752004,0.078378
3.674000,0.350000,0.366568,0.653250,0.000000,33.758546,-0.000000,10.000000,-800.000000,9.346763,1969.653827,0.078395
3.675000,0.350000,0.367214,0.637065,0.000000,37.213512,-0.000000,10.000000,-800.000000,9.986628,1970.630879,0.078412
3.676000,0.350000,0.367842,0.618877,0.000000,40.698258,-0.000000,10.000000,-800.000000,10.313007,1971.652453,0.078430
3.677000,0.350000,0.368451,0.598685,0.000000,44.153577,-0.000000,10.000000,-800.000000,10.309848,1972.686193,0.078448
3.678000,0.350000,0.369039,0.576527,0.000000,47.517624,-0.000000,10.000000,-800.000000,9.960329,1973.698113,0.078467
3.679000,0.350000,0.369603,0.552474,0.000000,50.725557,-0.000000,10.000000,-800.000000,9.242357,1974.652264,0.078487
3.680000,0.350000,0.370143,0.526638,0.000000,53.708065,-0.000000,10.000000,-800.000000,8.118494,1975.509647,0.078507
3.681000,0.350000,0.370656,0.499173,0.000000,56.387013,-0.000000,10.000000,-800.000000,6.507297,1976.225148,0.078528
3.682000,0.350000,0.371141,0.470284,0.000000,58.660657,-0.000000,10.000000,-800.000000,4.155247,1976.736829,0.078549
3.683000,0.350000,0.371596,0.440261,0.000000,60.244321,-0.000000,10.000000,-800.000000,0.000000,1976.891332,0.078570
3.684000,0.350000,0.372021,0.409629,0.000000,60.947166,-0.000000,10.000000,-800.000000,0.000000,1976.891332,0.078592
3.685000,0.350000,0.372415,0.378703,0.000000,61.345171,-0.000000,10.000000,-800.000000,0.000000,1976.891332,0.078615
3.686000,0.350000,0.372779,0.347624,0.000000,61.541817,-0.000000,10.000000,-800.000000,0.000000,1976.891332,0.078638
3.687000,0.350000,0.373111,0.316493,0.000000,61.590478,-0.000000,10.000000,-800.000000,0.000000,1976.891332,0.078661
3.688000,0.350000,0.373412,0.285382,0.000000,61.529447,-0.000000,10.000000,-800.000000,0.000000,1976.891332,0.078684
3.689000,0.350000,0.373681,0.254345,0.000000,61.389597,-0.000000,10.000000,-800.000000,0.000000,1976.891332,0.078708
3.690000,0.350000,0.373920,0.223418,0.000000,61.197719,-0.000000,10.000000,-800.000000,0.000000,1976.891332,0.078732
3.691000,0.350000,0.374128,0.192620,0.000000,60.984099,-0.000000,10.000000,-800.000000,0.000000,1976.891332,0.078756
3.692000,0.350000,0.374306,0.161956,0.000000,60.765200,-0.000000,10.000000,-800.000000,0.000000,1976.891332,0.078780
3.693000,0.350000,0.374452,0.131424,0.000000,60.552484,-0.000000,10.000000,-800.000000,0.000000,1976.891332,0.078805
3.694000,0.350000,0.374569,0.101013,0.000000,60.357244,-0.000000,10.000000,-800.000000,0.000000,1976.891332,0.078829
3.695000,0.350000,0.374654,0.070707,0.000000,60.191260,-0.000000,10.000000,-800.000000,0.000000,1976.891332,0.078854
3.696000,0.350000,0.374710,0.040480,0.000000,60.068004,-0.000000,10.000000,-800.000000,0.000000,1976.891332,0.078879
3.697000,0.350000,0.374735,0.010298,0.000000,60.004685,-0.000000,9.841353,-800.000000,0.000000,1976.891332,0.078903
3.698000,0.350000,0.374731,-0.017610,0.032405,59.987564,-0.000000,9.315788,-800.000000,0.376137,1976.912471,0.078928
3.699000,0.350000,0.374700,-0.044246,0.146091,59.963468,-0.000000,8.841006,-800.000000,0.767243,1976.974633,0.078953
3.700000,0.350000,0.374643,-0.070733,0.344435,59.926807,-0.000000,8.397775,-800.000000,1.149635,1977.075302,0.078977
3.701000,0.350000,0.374559,-0.096975,0.630787,59.877122,-0.000000,7.972057,-800.000000,1.527148,1977.213894,0.079002
3.702000,0.350000,0.374449,-0.122871,1.007568,59.814548,-0.000000,7.555424,-800.000000,1.900398,1977.389971,0.079026
3.703000,0.350000,0.374313,-0.148323,1.476440,59.739436,-0.000000,7.143175,-800.000000,2.266869,1977.602982,0.079051
3.704000,0.350000,0.374153,-0.173228,2.038337,59.651937,-0.000000,6.732966,-800.000000,2.624164,1977.852077,0.079075
3.705000,0.350000,0.373967,-0.197487,2.693473,59.552177,-0.000000,6.323945,-800.000000,2.970639,1978.136240,0.079099
3.706000,0.350000,0.373758,-0.220998,3.441351,59.440272,-0.000000,5.916197,-800.000000,3.304407,1978.454271,0.079123
3.707000,0.350000,0.373525,-0.243662,4.280777,59.316311,-0.000000,5.510402,-800.000000,3.623540,1978.804779,0.079146
3.708000,0.350000,0.373271,-0.265382,5.209876,59.180346,-0.000000,5.107619,-800.000000,3.926138,1979.186182,0.079169
3.709000,0.350000,0.372995,-0.286063,6.226114,59.032398,-0.000000,4.709137,-800.000000,4.210360,1979.596710,0.079192
3.710000,0.350000,0.372699,-0.305614,7.326324,58.872453,-0.000000,4.316395,-800.000000,4.474449,1980.034415,0.079215
3.711000,0.350000,0.372384,-0.323945,8.507562,58.700475,-0.000000,3.930914,-800.000000,4.784518,1980.499241,0.079237
3.712000,0.350000,0.372052,-0.340968,9.775853,58.516417,-0.000000,3.554269,-800.000000,5.196945,1981.003891,0.079259
3.713000,0.350000,0.371703,-0.356591,11.126536,58.320247,-0.000000,3.188093,-800.000000,5.555651,1981.546422,0.079281
3.714000,0.350000,0.371339,-0.370731,12.550773,58.111951,-0.000000,2.834057,-800.000000,5.861289,1982.121501,0.079302
3.715000,0.350000,0.370962,-0.383312,14.039686,57.891534,-0.000000,2.493814,-800.000000,6.114737,1982.723874,0.079323
3.716000,0.350000,0.370573,-0.394268,15.584392,57.659023,-1.031532,2.168978,-800.000000,6.317089,1983.348389,0.079344
3.717000,0.350000,0.370174,-0.403543,17.175349,57.414476,-2.271291,1.861093,-800.000000,6.453369,1983.989246,0.079364
3.718000,0.350000,0.369766,-0.411091,18.799740,57.157986,-3.686749,1.571620,-800.000000,6.493448,1984.637951,0.079384
3.719000,0.350000,0.369352,-0.416880,20.440927,56.889686,-5.264306,1.301905,-800.000000,6.408403,1985.283062,0.079403
3.720000,0.350000,0.368933,-0.420896,22.078726,56.609737,-6.985329,1.053141,-800.000000,6.171890,1985.910396,0.079422
3.721000,0.350000,0.368511,-0.423149,23.689818,56.318319,-8.826241,0.826326,-800.000000,5.760867,1986.503338,0.079441
3.722000,0.350000,0.368087,-0.423670,25.251755,56.015609,-10.000000,0.622210,-800.000000,5.607591,1987.066730,0.079459
3.723000,0.350000,0.367664,-0.422510,26.742018,55.701775,-10.000000,0.441275,-800.000000,5.515207,1987.621931,0.079477
3.724000,0.350000,0.367243,-0.419751,28.129186,55.376950,-10.000000,0.283700,-800.000000,5.395864,1988.166198,0.079494
3.725000,0.350000,0.366825,-0.415502,29.383625,55.041195,-10.000000,0.149311,-800.000000,5.251028,1988.696925,0.079511
3.726000,0.350000,0.366412,-0.409901,30.478949,54.694464,-10.000000,0.037547,-800.000000,5.082440,1989.211669,0.079527
3.727000,0.350000,0.366006,-0.403108,31.392563,54.336579,0.052552,-10.000000,-800.000000,4.892092,1989.708178,0.079543
3.728000,0.350000,0.365607,-0.395305,32.111863,53.964784,0.122332,-10.000000,-800.000000,4.638801,1990.182368,0.079559
3.729000,0.350000,0.365216,-0.386666,32.650609,53.566946,0.173453,-10.000000,-800.000000,4.286480,1990.624967,0.079574
3.730000,0.350000,0.364833,-0.377338,33.029225,53.129458,0.207711,-10.000000,-800.000000,3.843026,1991.026587,0.079589
3.731000,0.350000,0.364461,-0.367443,33.268045,52.639436,0.226861,-10.000000,-800.000000,3.313649,1991.378461,0.079603
3.732000,0.350000,0.364099,-0.357074,33.386721,52.084363,0.232509,-10.000000,-800.000000,2.701156,1991.672188,0.079617
3.733000,0.350000,0.363747,-0.346297,33.403783,51.451806,0.226032,-10.000000,-800.000000,2.006329,1991.899522,0.079631
3.734000,0.350000,0.363406,-0.335157,33.336311,50.729180,0.208543,-10.000000,-800.000000,1.228351,1992.052187,0.079644
3.735000,0.350000,0.363077,-0.323672,33.199715,49.903592,0.180861,-10.000000,-800.000000,0.365252,1992.121753,0.079657
3.736000,0.350000,0.362759,-0.311835,33.007593,48.929103,0.143507,-10.000000,-800.000000,0.000000,1992.125150,0.079670
3.737000,0.350000,0.362453,-0.299566,32.771527,47.668720,0.096574,-10.000000,-800.000000,0.000000,1992.125150,0.079683
3.738000,0.350000,0.362160,-0.286733,32.500878,46.120867,0.039493,-10.000000,-800.000000,0.000000,1992.125150,0.079695
3.739000,0.350000,0.361880,-0.273204,32.202833,44.304244,0.000000,-10.000000,-800.000000,0.000000,1992.125150,0.079707
3.740000,0.350000,0.361614,-0.258853,31.882542,42.242860,-10.000000,0.109939,-800.000000,0.000000,1992.125150,0.079718
3.741000,0.350000,0.361363,-0.243571,31.537628,39.971817,-10.000000,0.205424,-800.000000,0.000000,1992.125150,0.079730
3.742000,0.350000,0.361127,-0.227285,31.143134,37.552964,-10.000000,0.316978,-800.000000,0.000000,1992.125150,0.079741
3.743000,0.350000,0.360908,-0.209992,30.672035,35.049372,-10.000000,0.445996,-800.000000,0.000000,1992.125150,0.079752
3.744000,0.350000,0.360707,-0.191744,30.101504,32.517344,-10.000000,0.593376,-800.000000,0.000000,1992.125150,0.079762
3.745000,0.350000,0.360525,-0.172645,29.413018,30.005976,-10.000000,0.759407,-800.000000,0.000000,1992.125150,0.079773
3.746000,0.350000,0.360362,-0.152843,28.592470,27.556996,-10.000000,0.943731,-800.000000,0.000000,1992.125150,0.079783
3.747000,0.350000,0.360220,-0.132516,27.630251,25.204852,-8.921286,1.145365,-800.000000,0.000000,1992.125150,0.079794
3.748000,0.350000,0.360097,-0.111869,26.521871,22.976983,-8.374778,1.362754,-800.000000,0.000000,1992.125150,0.079804
3.749000,0.350000,0.359996,-0.091122,25.269669,20.894249,-7.572632,1.593847,-800.000000,0.000000,1992.125150,0.079814
3.750000,0.350000,0.359915,-0.070498,23.881712,18.971467,-6.510718,1.836202,-800.000000,0.000000,1992.125150,0.079824
3.751000,0.350000,0.359855,-0.050219,22.371445,17.218042,-5.191057,2.087094,-800.000000,0.000000,1992.125150,0.079833
3.752000,0.350000,0.359815,-0.030494,20.757502,15.638648,-3.622088,2.343632,-800.000000,0.000000,1992.125150,0.079843
3.753000,0.350000,0.359794,-0.011513,19.063186,14.233950,-1.818599,2.602871,-800.000000,0.000000,1992.125150,0.079853
3.754000,0.350000,0.359791,0.005356,17.316608,13.000581,-0.000000,2.860628,-800.000000,0.000000,1992.125150,0.079863
3.755000,0.350000,0.359803,0.018907,15.556244,11.926595,-0.000000,3.102635,-800.000000,0.000000,1992.125150,0.079873
3.756000,0.350000,0.359828,0.031327,13.814357,11.003095,-0.000000,3.325980,-800.000000,0.000000,1992.125150,0.079882
3.757000,0.350000,0.359865,0.042560,12.116381,10.222283,-0.000000,3.532731,-800.000000,0.000000,1992.125150,0.079892
3.758000,0.350000,0.359913,0.052578,10.483288,9.575668,-0.000000,3.724171,-800.000000,0.000000,1992.125150,0.079902
3.759000,0.350000,0.359970,0.061375,8.931906,9.054562,-0.000000,3.900881,-800.000000,0.000000,1992.125150,0.079912
3.760000,0.350000,0.360035,0.068969,7.475310,8.650482,-0.000000,4.063089,-800.000000,0.000000,1992.125150,0.079922
3.761000,0.350000,0.360108,0.075389,6.123254,8.355486,-0.000000,4.210899,-800.000000,0.000000,1992.125150,0.079932
3.762000,0.350000,0.360186,0.080680,4.882659,8.162415,-0.000000,4.344420,-800.000000,0.000000,1992.125150,0.079942
3.763000,0.350000,0.360269,0.084896,3.758142,8.065059,-0.000000,4.463831,-800.000000,0.000000,1992.125150,0.079953
3.764000,0.350000,0.360355,0.088098,2.752621,8.058250,-0.000000,4.569409,-800.000000,0.000000,1992.125150,0.079963
3.765000,0.350000,0.360445,0.090352,1.868108,8.137898,-0.000000,4.661527,-800.000000,0.000000,1992.125150,0.079974
3.766000,0.350000,0.360536,0.091728,1.106974,8.300968,-0.000000,4.740659,-800.000000,0.000000,1992.125150,0.079984
3.767000,0.350000,0.360628,0.092301,0.474954,8.550226,-0.000000,4.807369,-800.000000,0.336123,1992.134560,0.079995
3.768000,0.350000,0.360720,0.092137,0.000000,8.964555,-0.000000,4.862291,-800.000000,1.500198,1992.241192,0.080005
3.769000,0.350000,0.360812,0.091424,0.000000,9.566901,-0.000000,4.906250,-800.000000,2.624835,1992.461852,0.080016
3.770000,0.350000,0.360903,0.090309,0.000000,10.348634,-0.000000,4.940846,-800.000000,3.699593,1992.791935,0.080027
3.771000,0.350000,0.360992,0.088691,0.000000,11.299329,-0.000000,4.967049,-800.000000,4.715289,1993.225869,0.080038
3.772000,0.350000,0.361080,0.086475,0.000000,12.406871,-0.000000,4.984923,-800.000000,5.664088,1993.757248,0.080049
3.773000,0.350000,0.361165,0.083573,0.000000,13.657705,-0.000000,4.993950,-800.000000,6.539541,1994.378967,0.080060
3.774000,0.350000,0.361247,0.079908,0.000000,15.037090,-0.000000,4.993276,-800.000000,7.336583,1995.083365,0.080072
3.775000,0.350000,0.361325,0.075409,0.000000,16.529345,-0.000000,4.981865,-800.000000,8.051494,1995.862358,0.080083
3.776000,0.350000,0.361397,0.070014,0.000000,18.118099,-0.000000,4.958615,-800.000000,8.681839,1996.707571,0.080094
3.777000,0.350000,0.361464,0.063673,0.000000,19.786523,-0.000000,4.922419,-800.000000,9.226399,1997.610462,0.080106
3.778000,0.350000,0.361524,0.056343,0.000000,21.517552,-0.000000,4.872213,-800.000000,9.685091,1998.562438,0.080117
3.779000,0.350000,0.361577,0.047994,0.000000,23.294099,-0.000000,4.807005,-800.000000,10.058887,1999.554967,0.080129
3.780000,0.350000,0.361620,0.038602,0.000000,25.099247,-0.000000,4.725900,-800.000000,10.349729,2000.579671,0.080141
3.781000,0.350000,0.361654,0.028156,0.000000,26.916432,-0.000000,4.628106,-800.000000,10.560448,2001.628426,0.080152
3.782000,0.350000,0.361676,0.016651,0.000000,28.729611,-0.000000,4.512948,-800.000000,10.694682,2002.693442,0.080164
3.783000,0.350000,0.361687,0.004107,0.000000,30.523415,-0.000000,4.379870,-800.000000,10.756793,2003.767337,0.080176
3.784000,0.350000,0.361685,-0.007218,0.015608,32.285738,-0.000000,4.232652,-800.000000,10.751310,2004.843187,0.080187
3.785000,0.350000,0.361672,-0.018323,0.063693,34.009464,-0.000000,4.081281,-800.000000,10.682417,2005.914486,0.080199
3.786000,0.350000,0.361648,-0.030361,0.148617,35.682707,-0.000000,3.923255,-800.000000,10.555887,2006.975245,0.080211
3.787000,0.350000,0.361611,-0.043258,0.275850,37.293905,-0.000000,3.754949,-800.000000,10.378209,2008.020102,0.080222
3.788000,0.350000,0.361561,-0.056933,0.450304,38.832830,-0.000000,3.574201,-800.000000,10.156208,2009.044367,0.080234
3.789000,0.350000,0.361497,-0.071291,0.676393,40.290665,-0.000000,3.380010,-800.000000,9.896853,2010.044043,0.080245
3.790000,0.350000,0.361418,-0.086230,0.958017,41.660040,-0.000000,3.172180,-800.000000,9.607101,2011.015829,0.080257
3.791000,0.350000,0.361324,-0.101639,1.298522,42.935041,-0.000000,2.951076,-800.000000,9.293764,2011.957113,0.080268
3.792000,0.350000,0.361215,-0.117402,1.700668,44.111193,-0.000000,2.717465,-800.000000,8.963386,2012.865949,0.080279
3.793000,0.350000,0.361089,-0.133398,2.166601,45.185423,-0.000000,2.472405,-800.000000,8.622115,2013.741021,0.080290
3.794000,0.350000,0.360948,-0.149503,2.697838,46.155995,-0.000000,2.217178,-800.000000,8.275586,2014.581594,0.080301
3.795000,0.350000,0.360790,-0.165592,3.295253,47.022416,-0.000000,1.953232,-800.000000,7.928806,2015.387463,0.080312
3.796000,0.350000,0.360617,-0.181534,3.967383,47.785334,-0.000000,1.682145,-800.000000,7.777665,2016.170311,0.080323
3.797000,0.350000,0.360427,-0.197191,4.723121,48.446428,-0.000000,1.405632,-800.000000,7.626266,2016.938759,0.080333
3.798000,0.350000,0.360223,-0.212423,5.557735,49.008273,-0.000000,1.125543,-800.000000,7.458329,2017.691005,0.080343
3.799000,0.350000,0.360003,-0.227097,6.466126,49.474167,-0.000000,0.843808,-800.000000,7.277114,2018.425605,0.080353
3.800000,0.350000,0.359769,-0.241089,7.442939,49.847951,-0.000000,0.562392,-800.000000,7.084978,2019.141386,0.080363
3.801000,0.350000,0.359521,-0.254282,8.482598,50.133831,-0.000000,0.283254,-800.000000,6.883392,2019.837355,0.080373
3.802000,0.350000,0.359260,-0.266566,9.579336,50.336213,-0.000000,0.008322,-800.000000,6.673021,2020.512614,0.080382
3.803000,0.350000,0.358988,-0.277841,10.727222,50.459555,0.260521,-10.000000,-800.000000,6.453825,2021.166287,0.080391
3.804000,0.350000,0.358705,-0.288015,11.920378,50.505240,0.521458,-10.000000,-800.000000,6.175942,2021.795126,0.080400
3.805000,0.350000,0.358412,-0.296998,13.153671,50.463540,0.772729,-10.000000,-800.000000,5.805154,2022.390182,0.080408
3.806000,0.350000,0.358112,-0.304698,14.422718,50.324173,1.012605,-10.000000,-800.000000,5.361648,2022.943485,0.080416
3.807000,0.350000,0.357804,-0.311025,15.723663,50.078714,1.239354,-10.000000,-800.000000,4.858421,2023.448630,0.080424
3.808000,0.350000,0.357490,-0.315883,17.052965,49.719775,1.451229,-10.000000,-800.000000,4.302426,2023.900120,0.080431
3.809000,0.350000,0.357172,-0.319181,18.407199,49.240366,1.646455,-10.000000,-800.000000,3.695798,2024.292845,0.080439
3.810000,0.350000,0.356852,-0.320823,19.782867,48.633439,1.823223,-10.000000,-800.000000,3.037042,2024.621673,0.080445
3.811000,0.350000,0.356531,-0.320714,21.176232,47.891597,1.979690,-10.000000,-800.000000,2.322095,2024.881152,0.080452
3.812000,0.350000,0.356211,-0.318758,22.583166,47.004444,2.113974,-10.000000,-800.000000,1.721809,2025.069731,0.080458
3.813000,0.350000,0.355894,-0.314838,23.998970,45.873973,2.224123,-10.000000,-800.000000,1.893007,2025.252477,0.080464
3.814000,0.350000,0.355582,-0.308788,25.418093,44.461331,2.307914,-10.000000,-800.000000,2.079979,2025.453352,0.080470
3.815000,0.350000,0.355278,-0.300449,26.833992,42.783730,2.362825,-10.000000,-800.000000,2.279437,2025.673732,0.080475
3.816000,0.350000,0.354982,-0.289681,28.239128,40.864033,2.386184,-10.000000,-800.000000,2.487592,2025.914633,0.080480
3.817000,0.350000,0.354699,-0.276366,29.624984,38.730083,2.375317,-10.000000,-800.000000,2.700314,2026.176668,0.080485
3.818000,0.350000,0.354430,-0.260412,30.982129,36.413944,2.327658,-10.000000,-800.000000,2.913295,2026.460025,0.080489
3.819000,0.350000,0.354179,-0.241757,32.300308,33.951100,2.240844,-10.000000,-800.000000,3.122218,2026.764460,0.080493
3.820000,0.350000,0.353948,-0.220369,33.568569,31.379609,2.112786,-10.000000,-800.000000,3.322914,2027.089304,0.080497
3.821000,0.350000,0.353739,-0.196251,34.775407,28.739246,1.941738,-8.739246,-800.000000,3.511507,2027.433491,0.080501
3.822000,0.350000,0.353556,-0.169437,35.908943,26.071291,1.726342,-6.945215,-800.000000,3.684531,2027.795589,0.080504
3.823000,0.350000,0.353401,-0.140001,36.957107,23.420081,1.465674,-4.901135,-800.000000,3.839013,2028.173852,0.080508
3.824000,0.350000,0.353277,-0.108051,37.907846,20.832489,1.159283,-2.655551,-800.000000,3.972494,2028.566267,0.080511
3.825000,0.350000,0.353186,-0.073735,38.749324,18.355897,0.807225,-0.262208,-800.000000,4.082989,2028.970608,0.080514
3.826000,0.350000,0.353130,-0.037234,39.470119,16.035797,0.410091,-0.000000,-800.000000,4.168867,2029.384472,0.080517
3.827000,0.350000,0.353112,0.001069,40.059423,13.912517,0.000000,-0.000000,-800.000000,4.228647,2029.805304,0.080521
3.828000,0.350000,0.353132,0.037830,40.513877,12.011258,-10.000000,0.505201,-800.000000,4.260318,2030.230377,0.080524
3.829000,0.350000,0.353188,0.075977,40.825860,10.347529,-10.000000,1.004813,-800.000000,4.161359,2030.651994,0.080527
3.830000,0.350000,0.353284,0.115264,40.966814,8.932340,-10.000000,1.531402,-800.000000,3.853595,2031.050397,0.080530
3.831000,0.350000,0.353419,0.155358,40.908840,7.768285,-10.000000,2.085144,-800.000000,3.366270,2031.406612,0.080534
3.832000,0.350000,0.353595,0.195902,40.628422,6.850631,-10.000000,2.664484,-800.000000,2.718746,2031.703968,0.080537
3.833000,0.350000,0.353811,0.236521,40.105285,6.168818,-10.000000,3.266584,-800.000000,1.921290,2031.927153,0.080541
3.834000,0.350000,0.354068,0.276834,39.321380,5.708286,-10.000000,3.887678,-800.000000,0.976494,2032.061390,0.080545
3.835000,0.350000,0.354364,0.316448,38.259851,5.452524,-10.000000,4.523325,-800.000000,0.000000,2032.094749,0.080549
3.836000,0.350000,0.354700,0.354958,36.878708,5.385075,-10.000000,5.168565,-800.000000,0.000000,2032.094749,0.080554
3.837000,0.350000,0.355074,0.391929,35.156932,5.491155,-10.000000,5.817928,-800.000000,0.000000,2032.094749,0.080559
3.838000,0.350000,0.355483,0.426931,33.102599,5.758797,-10.000000,6.465507,-800.000000,0.000000,2032.094749,0.080565
3.839000,0.350000,0.355927,0.459553,30.732291,6.179437,-10.000000,7.105124,-800.000000,0.000000,2032.094749,0.080571
3.840000,0.350000,0.356402,0.489410,28.070960,6.748007,-8.070960,7.730490,-800.000000,0.000000,2032.094749,0.080577
3.841000,0.350000,0.356905,0.516147,25.152727,7.462717,-5.959823,8.335345,-800.000000,0.000000,2032.094749,0.080584
3.842000,0.350000,0.357433,0.539448,22.024053,8.324701,-3.346422,8.913583,-800.000000,0.000000,2032.094749,0.080591
3.843000,0.350000,0.357982,0.559048,18.742881,9.337649,-0.267655,9.459386,-800.000000,0.000000,2032.094749,0.080599
3.844000,0.350000,0.358550,0.574743,15.376740,10.507503,-0.000000,9.967373,-800.000000,0.000000,2032.094749,0.080608
3.845000,0.350000,0.359130,0.586391,11.999121,11.842213,-0.000000,10.000000,-800.000000,0.000000,2032.094749,0.080617
3.846000,0.350000,0.359721,0.593921,8.683274,13.351401,-0.000000,10.000000,-800.000000,0.000000,2032.094749,0.080627
3.847000,0.350000,0.360317,0.597324,5.503044,15.055859,-0.000000,10.000000,-800.000000,0.766589,2032.120735,0.080637
3.848000,0.350000,0.360914,0.596633,2.541940,17.058787,-0.000000,10.000000,-800.000000,2.683223,2032.317989,0.080648
3.849000,0.350000,0.361509,0.591945,0.000000,19.359820,-0.000000,10.000000,-800.000000,4.477987,2032.699579,0.080659
3.850000,0.350000,0.362097,0.584413,0.000000,21.926091,-0.000000,10.000000,-800.000000,6.116069,2033.251108,0.080672
3.851000,0.350000,0.362677,0.575330,0.000000,24.723956,-0.000000,10.000000,-800.000000,7.566583,2033.954948,0.080684
3.852000,0.350000,0.363247,0.564572,0.000000,27.715358,-0.000000,10.000000,-800.000000,8.802735,2034.790635,0.080697
3.853000,0.350000,0.363806,0.552041,0.000000,30.857813,-0.000000,10.000000,-800.000000,9.801892,2035.735286,0.080711
3.854000,0.350000,0.364351,0.537664,0.000000,34.105170,-0.000000,10.000000,-800.000000,10.545462,2036.764008,0.080726
3.855000,0.350000,0.364880,0.521394,0.000000,37.408334,-0.000000,10.000000,-800.000000,11.018588,2037.850287,0.080740
3.856000,0.350000,0.365393,0.503216,0.000000,40.715925,-0.000000,10.000000,-800.000000,11.209622,2038.966328,0.080756
3.857000,0.350000,0.365886,0.483142,0.000000,43.974837,-0.000000,10.000000,-800.000000,11.109294,2040.083328,0.080772
3.858000,0.350000,0.366359,0.461218,0.000000,47.130619,-0.000000,10.000000,-800.000000,10.709383,2041.171637,0.080788
3.859000,0.350000,0.366808,0.437521,0.000000,50.127577,-0.000000,10.000000,-800.000000,10.000458,2042.200727,0.080805
3.860000,0.350000,0.367233,0.412161,0.000000,52.908340,-0.000000,10.000000,-800.000000,8.967479,2043.138829,0.080822
3.861000,0.350000,0.367632,0.385279,0.000000,55.412324,-0.000000,10.000000,-800.000000,7.579617,2043.951803,0.080840
3.862000,0.350000,0.368003,0.357058,0.000000,57.571163,-0.000000,10.000000,-800.000000,5.759169,2044.599920,0.080858
3.863000,0.350000,0.368346,0.327720,0.000000,59.291809,-0.000000,10.000000,-800.000000,3.218233,2045.025387,0.080876
3.864000,0.350000,0.368658,0.297588,0.000000,60.262131,-0.000000,10.000000,-800.000000,0.000000,2045.108248,0.080895
3.865000,0.350000,0.368941,0.267130,0.000000,60.601658,-0.000000,10.000000,-800.000000,0.000000,2045.108248,0.080914
3.866000,0.350000,0.369193,0.236555,0.000000,60.732354,-0.000000,10.000000,-800.000000,0.000000,2045.108248,0.080933
3.867000,0.350000,0.369414,0.205956,0.000000,60.733774,-0.000000,10.000000,-800.000000,0.000000,2045.108248,0.080952
3.868000,0.350000,0.369605,0.175391,0.000000,60.651879,-0.000000,10.000000,-800.000000,0.000000,2045.108248,0.080972
3.869000,0.350000,0.369765,0.144896,0.000000,60.520809,-0.000000,9.881363,-800.000000,0.000000,2045.108248,0.080992
3.870000,0.350000,0.369894,0.114489,0.000000,60.369424,-0.000000,9.420104,-800.000000,0.000000,2045.108248,0.081012
3.871000,0.350000,0.369994,0.084169,0.000000,60.224352,-0.000000,8.985248,-800.000000,0.000000,2045.108248,0.081032
3.872000,0.350000,0.370063,0.053925,0.000000,60.102584,-0.000000,8.563955,-800.000000,0.000000,2045.108248,0.081052
3.873000,0.350000,0.370102,0.023732,0.000000,60.021832,-0.000000,8.147624,-800.000000,0.000000,2045.108248,0.081072
3.874000,0.350000,0.370110,-0.005752,0.008086,59.994764,-0.000000,7.731117,-800.000000,0.192175,2045.114729,0.081092
3.875000,0.350000,0.370091,-0.032424,0.085459,59.975662,-0.000000,7.321872,-800.000000,0.595022,2045.159435,0.081112
3.876000,0.350000,0.370045,-0.058990,0.245217,59.944693,-0.000000,6.920407,-800.000000,0.980467,2045.243086,0.081132
3.877000,0.350000,0.369973,-0.085353,0.491106,59.900770,-0.000000,6.521707,-800.000000,1.359351,2045.364868,0.081152
3.878000,0.350000,0.369875,-0.111418,0.825766,59.843556,-0.000000,6.122670,-800.000000,1.730868,2045.524083,0.081172
3.879000,0.350000,0.369751,-0.137083,1.251078,59.772812,-0.000000,5.721877,-800.000000,2.093906,2045.719932,0.081192
3.880000,0.350000,0.369601,-0.162249,1.768219,59.688334,-0.000000,5.319021,-800.000000,2.446656,2045.951458,0.081211
3.881000,0.350000,0.369426,-0.186815,2.377675,59.589891,-0.000000,4.914513,-800.000000,2.787096,2046.217505,0.081231
3.882000,0.350000,0.369227,-0.210679,3.079248,59.477203,-0.000000,4.509220,-800.000000,3.113151,2046.516713,0.081250
3.883000,0.350000,0.369005,-0.233742,3.872057,59.349937,-0.000000,4.104308,-800.000000,3.422755,2046.847515,0.081269
3.884000,0.350000,0.368760,-0.255905,4.754555,59.207706,-0.000000,3.701139,-800.000000,3.713883,2047.208138,0.081288
3.885000,0.350000,0.368494,-0.277070,5.724541,59.050076,-0.000000,3.301198,-800.000000,3.984566,2047.596611,0.081306
3.886000,0.350000,0.368207,-0.297142,6.779184,58.876565,-0.000000,2.906049,-800.000000,4.232907,2048.010771,0.081324
3.887000,0.350000,0.367900,-0.316032,7.915047,58.686655,-0.000000,2.517304,-800.000000,4.457098,2048.448269,0.081342
3.888000,0.350000,0.367575,-0.333650,9.128114,58.479792,-0.000000,2.136601,-800.000000,4.655433,2048.906583,0.081360
3.889000,0.350000,0.367233,-0.349912,10.416583,58.255396,-0.000000,1.765581,-800.000000,4.945470,2049.388639,0.081377
3.890000,0.350000,0.366876,-0.364732,11.783017,58.012878,-0.000000,1.405896,-800.000000,5.246122,2049.902409,0.081394
3.891000,0.350000,0.366504,-0.378025,13.219483,57.751665,-0.000000,1.059220,-800.000000,5.491703,2050.442798,0.081410
3.892000,0.350000,0.366120,-0.389717,14.717182,57.471194,-0.000000,0.727215,-800.000000,5.682834,2051.004337,0.081427
3.893000,0.350000,0.365725,-0.399741,16.267279,57.170926,-1.560815,0.411509,-800.000000,5.820359,2051.581630,0.081442
3.894000,0.350000,0.365321,-0.408038,17.859898,56.850346,-2.860998,0.113666,-800.000000,5.880904,2052.168226,0.081458
3.895000,0.350000,0.364910,-0.414563,19.480557,56.508975,0.164830,-10.000000,-800.000000,5.827132,2052.753957,0.081473
3.896000,0.350000,0.364493,-0.419282,21.113632,56.144492,0.422612,-10.000000,-800.000000,5.665299,2053.327259,0.081487
3.897000,0.350000,0.364072,-0.422174,22.751767,55.747421,0.658449,-10.000000,-800.000000,5.419608,2053.879045,0.081501
3.898000,0.350000,0.363649,-0.423214,24.390250,55.307245,0.871211,-10.000000,-800.000000,5.099435,2054.401551,0.081515
3.899000,0.350000,0.363226,-0.422376,26.024812,54.813993,1.059823,-10.000000,-800.000000,4.709798,2054.887675,0.081528
3.900000,0.350000,0.362805,-0.419633,27.651383,54.257902,1.223233,-10.000000,-800.000000,4.252181,2055.330586,0.081541
3.901000,0.350000,0.362387,-0.414956,29.265885,53.629177,1.360394,-10.000000,-800.000000,3.725294,2055.723425,0.081553
3.902000,0.350000,0.361975,-0.408315,30.864042,52.917819,1.470243,-10.000000,-800.000000,3.125775,2056.059069,0.081565
3.903000,0.350000,0.361571,-0.399678,32.441234,52.113540,1.551702,-10.000000,-800.000000,2.448822,2056.329962,0.081577
3.904000,0.350000,0.361177,-0.389011,33.992367,51.205728,1.603665,-10.000000,-800.000000,1.688759,2056.528013,0.081588
3.905000,0.350000,0.360794,-0.376279,35.511783,50.183470,1.625004,-10.000000,-800.000000,0.839559,2056.644534,0.081599
3.906000,0.350000,0.360425,-0.361431,36.993162,48.945345,1.614543,-10.000000,-800.000000,0.901228,2056.730298,0.081609
3.907000,0.350000,0.360072,-0.344343,38.429267,47.391109,1.570830,-10.000000,-800.000000,1.021232,2056.827896,0.081619
3.908000,0.350000,0.359737,-0.324886,39.811818,45.546786,1.491990,-10.000000,-800.000000,1.142279,2056.937592,0.081629
3.909000,0.350000,0.359423,-0.302959,41.131581,43.444396,1.375933,-10.000000,-800.000000,1.260244,2057.059232,0.081638
3.910000,0.350000,0.359132,-0.278488,42.378509,41.120556,1.220556,-10.000000,-800.000000,1.371363,2057.192268,0.081647
3.911000,0.350000,0.358867,-0.251433,43.541914,38.615500,1.023901,-10.000000,-800.000000,1.472373,2057.335807,0.081656
3.912000,0.350000,0.358630,-0.221786,44.610660,35.972066,0.784272,-10.000000,-800.000000,1.560607,2057.488667,0.081665
3.913000,0.350000,0.358424,-0.189577,45.573379,33.234681,0.500317,-10.000000,-800.000000,1.634050,2057.649439,0.081673
3.914000,0.350000,0.358252,-0.154870,46.418681,30.448354,0.171097,-10.000000,-800.000000,1.691313,2057.816553,0.081682
3.915000,0.350000,0.358115,-0.117767,47.135368,27.657705,-10.000000,0.203872,-800.000000,1.731512,2057.988332,0.081690
3.916000,0.350000,0.358017,-0.078403,47.709086,24.911178,-10.000000,0.624588,-800.000000,1.671476,2058.159119,0.081698
3.917000,0.350000,0.357959,-0.036968,48.113357,22.272328,-10.000000,1.090506,-800.000000,1.450967,2058.313616,0.081706
3.918000,0.350000,0.357944,0.005809,48.322780,19.798315,-10.000000,1.600210,-800.000000,1.097157,2058.437563,0.081714
3.919000,0.350000,0.357970,0.047111,48.323485,17.528173,-10.000000,2.141302,-800.000000,0.625703,2058.518696,0.081722
3.920000,0.350000,0.358038,0.089586,48.101070,15.491795,-10.000000,2.707489,-800.000000,0.042340,2058.545680,0.081730
3.921000,0.350000,0.358149,0.132845,47.600959,13.711599,-10.000000,3.299574,-800.000000,0.000000,2058.545680,0.081738
3.922000,0.350000,0.358304,0.176415,46.757035,12.199575,-10.000000,3.916466,-800.000000,0.000000,2058.545680,0.081746
3.923000,0.350000,0.358502,0.219788,45.555211,10.958534,-10.000000,4.554978,-800.000000,0.000000,2058.545680,0.081755
3.924000,0.350000,0.358743,0.262449,43.990022,9.983785,-10.000000,5.210389,-800.000000,0.000000,2058.545680,0.081763
3.925000,0.350000,0.359027,0.303887,42.064467,9.265080,-10.000000,5.876932,-800.000000,0.000000,2058.545680,0.081772
3.926000,0.350000,0.359350,0.343606,39.789931,8.788694,-10.000000,6.548170,-800.000000,0.000000,2058.545680,0.081782
3.927000,0.350000,0.359713,0.381133,37.185984,8.539479,-10.000000,7.217284,-800.000000,0.000000,2058.545680,0.081791
3.928000,0.350000,0.360112,0.416030,34.280083,8.502688,-10.000000,7.877304,-800.000000,0.000000,2058.545680,0.081802
3.929000,0.350000,0.360544,0.447897,31.107208,8.665417,-10.000000,8.521298,-800.000000,0.000000,2058.545680,0.081812
3.930000,0.350000,0.361007,0.476380,27.709464,9.017569,-7.709464,9.142525,-800.000000,0.000000,2058.545680,0.081823
3.931000,0.350000,0.361496,0.501173,24.136882,9.552386,-4.907828,9.734571,-800.000000,0.000000,2058.545680,0.081835
3.932000,0.350000,0.362008,0.522030,20.451057,10.266613,-1.635691,10.000000,-800.000000,0.000000,2058.545680,0.081847
3.933000,0.350000,0.362538,0.538771,16.724210,11.160347,-0.000000,10.000000,-800.000000,0.000000,2058.545680,0.081859
3.934000,0.350000,0.363084,0.551290,13.035558,12.236398,-0.000000,10.000000,-800.000000,0.000000,2058.545680,0.081872
3.935000,0.350000,0.363639,0.559558,9.465372,13.499639,-0.000000,10.000000,-800.000000,0.000000,2058.545680,0.081886
3.936000,0.350000,0.364201,0.563622,6.093221,14.956683,-0.000000,10.000000,-800.000000,0.000000,2058.545680,0.081900
3.937000,0.350000,0.364765,0.563598,3.006120,16.646318,-0.000000,10.000000,-800.000000,1.392547,2058.611658,0.081915
3.938000,0.350000,0.365327,0.559660,0.341352,18.656428,-0.000000,10.000000,-800.000000,3.359214,2058.874857,0.081930
3.939000,0.350000,0.365884,0.552712,0.000000,20.963146,-0.000000,10.000000,-800.000000,5.176348,2059.325654,0.081946
3.940000,0.350000,0.366432,0.544280,0.000000,23.533591,-0.000000,10.000000,-800.000000,6.810576,2059.946977,0.081962
3.941000,0.350000,0.366972,0.534294,0.000000,26.330628,-0.000000,10.000000,-800.000000,8.232910,2060.718688,0.081979
3.942000,0.350000,0.367500,0.522637,0.000000,29.312292,-0.000000,10.000000,-800.000000,9.418904,2061.618034,0.081997
3.943000,0.350000,0.368016,0.509216,0.000000,32.432629,-0.000000,10.000000,-800.000000,10.348619,2062.620101,0.082015
3.944000,0.350000,0.368518,0.493966,0.000000,35.642499,-0.000000,10.000000,-800.000000,11.006418,2063.698251,0.082033
3.945000,0.350000,0.369004,0.476850,0.000000,38.890349,-0.000000,10.000000,-800.000000,11.380572,2064.824530,0.082052
3.946000,0.350000,0.369471,0.457864,0.000000,42.122900,-0.000000,10.000000,-800.000000,11.462665,2065.970026,0.082072
3.947000,0.350000,0.369919,0.437031,0.000000,45.285719,-0.000000,10.000000,-800.000000,11.246680,2067.105142,0.082092
3.948000,0.350000,0.370345,0.414411,0.000000,48.323605,-0.000000,10.000000,-800.000000,10.727604,2068.199756,0.082112
3.949000,0.350000,0.370747,0.390091,0.000000,51.180666,-0.000000,10.000000,-800.000000,9.899038,2069.223184,0.082133
3.950000,0.350000,0.371124,0.364194,0.000000,53.799852,-0.000000,10.000000,-800.000000,8.748538,2070.143775,0.082154
3.951000,0.350000,0.371475,0.336876,0.000000,56.121266,-0.000000,10.000000,-800.000000,7.246461,2070.927693,0.082176
3.952000,0.350000,0.371798,0.308328,0.000000,58.077071,-0.000000,10.000000,-800.000000,5.309850,2071.535316,0.082197
3.953000,0.350000,0.372091,0.278787,0.000000,59.570733,-0.000000,10.000000,-800.000000,2.578628,2071.905585,0.082219
3.954000,0.350000,0.372355,0.248598,0.000000,60.276462,-0.000000,10.000000,-800.000000,0.000000,2071.943414,0.082242
3.955000,0.350000,0.372589,0.218193,0.000000,60.488940,-0.000000,10.000000,-800.000000,0.000000,2071.943414,0.082264
3.956000,0.350000,0.372791,0.187728,0.000000,60.535855,-0.000000,10.000000,-800.000000,0.000000,2071.943414,0.082287
3.957000,0.350000,0.372964,0.157273,0.000000,60.485663,-0.000000,10.000000,-800.000000,0.000000,2071.943414,0.082310
3.958000,0.350000,0.373106,0.126871,0.000000,60.380905,-0.000000,10.000000,-800.000000,0.000000,2071.943414,0.082333
3.959000,0.350000,0.373218,0.096538,0.000000,60.255497,-0.000000,10.000000,-800.000000,0.000000,2071.943414,0.082356
3.960000,0.350000,0.373299,0.066276,0.000000,60.137278,-0.000000,10.000000,-800.000000,0.000000,2071.943414,0.082380
3.961000,0.350000,0.373350,0.036070,0.000000,60.045606,-0.000000,9.629538,-800.000000,0.000000,2071.943414,0.082403
3.962000,0.350000,0.373371,0.005893,0.000000,60.000932,-0.000000,9.139795,-800.000000,0.000000,2071.943414,0.082427
3.963000,0.350000,0.373363,-0.021474,0.042901,59.984805,-0.000000,8.680170,-800.000000,0.433689,2071.971310,0.082450
3.964000,0.350000,0.373328,-0.048097,0.164171,59.958973,-0.000000,8.247587,-800.000000,0.822816,2072.039084,0.082473
3.965000,0.350000,0.373267,-0.074563,0.368228,59.920435,-0.000000,7.830398,-800.000000,1.204445,2072.145259,0.082496
3.966000,0.350000,0.373179,-0.100777,0.658738,59.868845,-0.000000,7.420565,-800.000000,1.581500,2072.289301,0.082520
3.967000,0.350000,0.373066,-0.126641,1.038472,59.804381,-0.000000,7.013508,-800.000000,1.954396,2072.470791,0.082543
3.968000,0.350000,0.372926,-0.152056,1.509439,59.727394,-0.000000,6.606928,-800.000000,2.320065,2072.689159,0.082566
3.969000,0.350000,0.372762,-0.176922,2.072905,59.637931,-0.000000,6.199975,-800.000000,2.675686,2072.943475,0.082588
3.970000,0.350000,0.372573,-0.201137,2.729400,59.535984,-0.000000,5.792727,-800.000000,3.019620,2073.232639,0.082611
3.971000,0.350000,0.372360,-0.224602,3.478717,59.421530,-0.000000,5.385849,-800.000000,3.349937,2073.555359,0.082633
3.972000,0.350000,0.372124,-0.247217,4.319919,59.294513,-0.000000,4.980383,-800.000000,3.664656,2073.910152,0.082655
3.973000,0.350000,0.371866,-0.268884,5.251358,59.154832,-0.000000,4.577617,-800.000000,3.961830,2074.295336,0.082677
3.974000,0.350000,0.371586,-0.289507,6.270692,59.002348,-0.000000,4.178990,-800.000000,4.239576,2074.709037,0.082699
3.975000,0.350000,0.371287,-0.308992,7.374908,58.836891,-0.000000,3.786039,-800.000000,4.496095,2075.149199,0.082720
3.976000,0.350000,0.370969,-0.327251,8.560359,58.658259,-0.000000,3.400355,-800.000000,4.729691,2075.613594,0.082741
3.977000,0.350000,0.370633,-0.344196,9.826604,58.466235,-0.000000,3.023558,-800.000000,5.092314,2076.107231,0.082762
3.978000,0.350000,0.370281,-0.359736,11.178347,58.260603,-0.000000,2.657296,-800.000000,5.471822,2076.640638,0.082782
3.979000,0.350000,0.369914,-0.373785,12.607128,58.041174,-0.000000,2.303256,-800.000000,5.793355,2077.208365,0.082802
3.980000,0.350000,0.369534,-0.386261,14.103567,57.807785,-0.000000,1.963131,-800.000000,6.057922,2077.804676,0.082822
3.981000,0.350000,0.369142,-0.397097,15.658292,57.560297,-0.756745,1.638579,-800.000000,6.266770,2078.423952,0.082841
3.982000,0.350000,0.368740,-0.406231,17.261461,57.298607,-2.014731,1.331193,-800.000000,6.409438,2079.060144,0.082859
3.983000,0.350000,0.368330,-0.413613,18.900640,57.022652,-3.451980,1.042486,-800.000000,6.459061,2079.705035,0.082878
3.984000,0.350000,0.367914,-0.419209,20.559545,56.732410,-5.055465,0.773861,-800.000000,6.385009,2080.347389,0.082896
3.985000,0.350000,0.367492,-0.423000,22.218129,56.427899,-6.806940,0.526572,-800.000000,6.159436,2080.973073,0.082913
3.986000,0.350000,0.367068,-0.424991,23.853022,56.109165,-8.683039,0.301681,-800.000000,5.758037,2081.565385,0.082930
3.987000,0.350000,0.366643,-0.425209,25.439359,55.776260,-10.000000,0.100010,-800.000000,5.441381,2082.115997,0.082947
3.988000,0.350000,0.366218,-0.423704,26.955287,55.429232,0.077898,-10.000000,-800.000000,5.324341,2082.653047,0.082963
3.989000,0.350000,0.365796,-0.420552,28.375286,55.065943,0.231803,-10.000000,-800.000000,5.140081,2083.174779,0.082979
3.990000,0.350000,0.365378,-0.415837,29.695567,54.675977,0.361772,-10.000000,-800.000000,4.855980,2083.671780,0.082994
3.991000,0.350000,0.364965,-0.409639,30.919178,54.247748,0.468080,-10.000000,-800.000000,4.478907,2084.134517,0.083009
3.992000,0.350000,0.364559,-0.402025,32.050141,53.770389,0.551102,-10.000000,-800.000000,4.013167,2084.553980,0.083024
3.993000,0.350000,0.364161,-0.393052,33.093088,53.233394,0.611227,-10.000000,-800.000000,3.460923,2084.921453,0.083038
3.994000,0.350000,0.363773,-0.382767,34.052935,52.626330,0.648805,-10.000000,-800.000000,2.822642,2085.228327,0.083052
3.995000,0.350000,0.363396,-0.371206,34.934600,51.938624,0.664109,-10.000000,-800.000000,2.097532,2085.465955,0.083065
3.996000,0.350000,0.363031,-0.358394,35.742755,51.159417,0.657311,-10.000000,-800.000000,1.283955,2085.625559,0.083078
3.997000,0.350000,0.362680,-0.344345,36.481618,50.277492,0.628465,-10.000000,-800.000000,0.379802,2085.698161,0.083091
3.998000,0.350000,0.362343,-0.329057,37.154768,49.245469,0.577490,-10.000000,-800.000000,0.000000,2085.701645,0.083103
3.999000,0.350000,0.362022,-0.312460,37.764861,47.918666,0.504037,-10.000000,-800.000000,0.000000,2085.701645,0.083115
4.000000,0.350000,0.361718,-0.294442,38.313305,46.300661,0.407219,-10.000000,-800.000000,0.000000,2085.701645,0.083127
4.001000,0.350000,0.361434,-0.274900,38.800197,44.416159,0.285735,-10.000000,-800.000000,0.000000,2085.701645,0.083138
4.002000,0.350000,0.361169,-0.253750,39.224330,42.294858,0.138071,-10.000000,-800.000000,0.000000,2085.701645,0.083149
4.003000,0.350000,0.360927,-0.230924,39.583221,39.970602,0.000000,-10.000000,-800.000000,0.000000,2085.701645,0.083160
4.004000,0.350000,0.360708,-0.206381,39.873188,37.480500,-10.000000,0.241981,-800.000000,0.000000,2085.701645,0.083171
4.005000,0.350000,0.360515,-0.180106,40.083158,34.870142,-10.000000,0.477178,-800.000000,0.000000,2085.701645,0.083182
4.006000,0.350000,0.360348,-0.152141,40.177399,32.207877,-10.000000,0.743935,-800.000000,0.000000,2085.701645,0.083192
4.007000,0.350000,0.360211,-0.122605,40.118067,29.560195,-10.000000,1.042702,-800.000000,0.000000,2085.701645,0.083202
4.008000,0.350000,0.360104,-0.091688,39.872439,26.984266,-10.000000,1.373174,-800.000000,0.000000,2085.701645,0.083212
4.009000,0.350000,0.360028,-0.059636,39.413313,24.527692,-10.000000,1.734206,-800.000000,0.000000,2085.701645,0.083222
4.010000,0.350000,0.359985,-0.026745,38.719369,22.228595,-10.000000,2.123811,-800.000000,0.000000,2085.701645,0.083232
4.011000,0.350000,0.359974,0.005998,37.775739,20.115774,-10.000000,2.538837,-800.000000,0.000000,2085.701645,0.083242
4.012000,0.350000,0.359995,0.036065,36.581938,18.203420,-10.000000,2.964851,-800.000000,0.000000,2085.701645,0.083252
4.013000,0.350000,0.360046,0.065911,35.139772,16.501479,-10.000000,3.395077,-800.000000,0.000000,2085.701645,0.083262
4.014000,0.350000,0.360127,0.095164,33.453104,15.016531,-10.000000,3.829218,-800.000000,0.000000,2085.701645,0.083272
4.015000,0.350000,0.360236,0.123456,31.532063,13.749415,-10.000000,4.265563,-800.000000,0.000000,2085.701645,0.083283
4.016000,0.350000,0.360374,0.150435,29.392839,12.696357,-9.392839,4.701050,-800.000000,0.000000,2085.701645,0.083293
4.017000,0.350000,0.360537,0.175774,27.057724,11.850123,-7.997008,5.131783,-800.000000,0.000000,2085.701645,0.083304
4.018000,0.350000,0.360724,0.199173,24.556265,11.201178,-6.201322,5.553439,-800.000000,0.000000,2085.701645,0.083314
4.019000,0.350000,0.360934,0.220373,21.926122,10.738772,-4.026805,5.961575,-800.000000,0.000000,2085.701645,0.083325
4.020000,0.350000,0.361164,0.239165,19.212338,10.451924,-1.505633,6.351864,-800.000000,0.000000,2085.701645,0.083336
4.021000,0.350000,0.361412,0.255390,16.465740,10.330241,-0.000000,6.720296,-800.000000,0.000000,2085.701645,0.083348
4.022000,0.350000,0.361674,0.268949,13.740268,10.364567,-0.000000,7.063327,-800.000000,0.000000,2085.701645,0.083360
4.023000,0.350000,0.361949,0.279801,11.088281,10.547434,-0.000000,7.378004,-800.000000,0.000000,2085.701645,0.083371
4.024000,0.350000,0.362233,0.287956,8.557036,10.873334,-0.000000,7.662031,-800.000000,0.000000,2085.701645,0.083384
4.025000,0.350000,0.362524,0.293472,6.189020,11.338838,-0.000000,7.913790,-800.000000,0.000000,2085.701645,0.083396
4.026000,0.350000,0.362819,0.296450,4.024105,11.942593,-0.000000,8.132332,-800.000000,0.000000,2085.701645,0.083409
4.027000,0.350000,0.363116,0.297027,2.104638,12.685251,-0.000000,8.317351,-800.000000,0.000000,2085.701645,0.083422
4.028000,0.350000,0.363412,0.295388,0.494234,13.604376,-0.000000,8.469184,-800.000000,1.231996,2085.762651,0.083436
4.029000,0.350000,0.363706,0.291915,0.000000,14.785894,-0.000000,8.588971,-800.000000,2.871607,2085.988768,0.083449
4.030000,0.350000,0.363996,0.287542,0.000000,16.221924,-0.000000,8.680923,-800.000000,4.442646,2086.374746,0.083463
4.031000,0.350000,0.364281,0.282268,0.000000,17.896704,-0.000000,8.750159,-800.000000,5.922300,2086.912287,0.083478
4.032000,0.350000,0.364560,0.275960,0.000000,19.790448,-0.000000,8.799432,-800.000000,7.289691,2087.590932,0.083492
4.033000,0.350000,0.364832,0.268499,0.000000,21.879737,-0.000000,8.829687,-800.000000,8.526301,2088.398277,0.083507
4.034000,0.350000,0.365097,0.259778,0.000000,24.137973,-0.000000,8.840760,-800.000000,9.616257,2089.320230,0.083522
4.035000,0.350000,0.365352,0.249709,0.000000,26.535882,-0.000000,8.831864,-800.000000,10.546524,2090.341288,0.083537
4.036000,0.350000,0.365596,0.238221,0.000000,29.042046,-0.000000,8.801898,-800.000000,11.307023,2091.444830,0.083553
4.037000,0.350000,0.365828,0.225260,0.000000,31.623450,-0.000000,8.749653,-800.000000,11.890694,2092.613413,0.083569
4.038000,0.350000,0.366046,0.210792,0.000000,34.246039,-0.000000,8.673946,-800.000000,12.293524,2093.829080,0.083585
4.039000,0.350000,0.366249,0.194804,0.000000,36.875289,-0.000000,8.573710,-800.000000,12.514552,2095.073663,0.083601
4.040000,0.350000,0.366435,0.177303,0.000000,39.476764,-0.000000,8.448055,-800.000000,12.555855,2096.329088,0.083618
4.041000,0.350000,0.366603,0.158312,0.000000,42.016680,-0.000000,8.296303,-800.000000,12.422552,2097.577678,0.083634
4.042000,0.350000,0.366751,0.137878,0.000000,44.462470,-0.000000,8.118019,-800.000000,12.122805,2098.802460,0.083651
4.043000,0.350000,0.366878,0.116062,0.000000,46.783340,-0.000000,7.913021,-800.000000,11.667875,2099.987467,0.083668
4.044000,0.350000,0.366983,0.092944,0.000000,48.950849,-0.000000,7.681387,-800.000000,11.072229,2101.118061,0.083685
4.045000,0.350000,0.367064,0.068617,0.000000,50.939501,-0.000000,7.423450,-800.000000,10.353759,2102.181260,0.083702
4.046000,0.350000,0.367120,0.043190,0.000000,52.727384,-0.000000,7.139792,-800.000000,9.534160,2103.166106,0.083719
4.047000,0.350000,0.367150,0.016780,0.000000,54.296881,-0.000000,6.831228,-800.000000,8.639562,2104.064081,0.083736
4.048000,0.350000,0.367153,-0.009186,0.013398,55.636263,-0.000000,6.500089,-800.000000,7.700826,2104.869589,0.083753
4.049000,0.350000,0.367132,-0.033665,0.090046,56.745865,-0.000000,6.159649,-800.000000,6.748948,2105.580137,0.083770
4.050000,0.350000,0.367086,-0.058632,0.238857,57.627241,-0.000000,5.811460,-800.000000,5.825526,2106.196906,0.083787
4.051000,0.350000,0.367014,-0.083880,0.465957,58.288323,-0.000000,5.453470,-800.000000,4.982169,2106.725903,0.083804
4.052000,0.350000,0.366918,-0.109203,0.776045,58.746776,-0.000000,5.085109,-800.000000,4.276338,2107.178706,0.083821
4.053000,0.350000,0.366796,-0.134403,1.172734,59.030179,-0.000000,4.707058,-800.000000,3.760183,2107.572443,0.083838
4.054000,0.350000,0.366649,-0.159301,1.658642,59.173402,-0.000000,4.320764,-800.000000,3.459043,2107.927966,0.083855
4.055000,0.350000,0.366478,-0.183735,2.235452,59.212474,-0.000000,3.928087,-800.000000,3.354901,2108.265994,0.083871
4.056000,0.350000,0.366282,-0.207561,2.903965,59.177781,-0.000000,3.531064,-800.000000,3.396786,2108.603191,0.083888
4.057000,0.350000,0.366063,-0.230651,3.664151,59.090832,-0.000000,3.131772,-800.000000,3.528593,2108.950598,0.083904
4.058000,0.350000,0.365821,-0.252889,4.515189,58.965094,-0.000000,2.732253,-800.000000,3.706848,2109.314366,0.083919
4.059000,0.350000,0.365557,-0.274164,5.455498,58.808409,-0.000000,2.334500,-800.000000,3.902937,2109.697249,0.083935
4.060000,0.350000,0.365273,-0.294372,6.482768,58.625135,-0.000000,1.940449,-800.000000,4.099047,2110.099850,0.083950
4.061000,0.350000,0.364969,-0.313415,7.593989,58.417565,-0.000000,1.551987,-800.000000,4.284011,2110.521434,0.083965
4.062000,0.350000,0.364646,-0.331197,8.785484,58.186767,-0.000000,1.170958,-800.000000,4.450541,2110.960410,0.083980
4.063000,0.350000,0.364307,-0.347627,10.052947,57.933071,-0.000000,0.799171,-800.000000,4.593611,2111.414605,0.083994
4.064000,0.350000,0.363952,-0.362620,11.396039,57.656346,-0.000000,0.438398,-800.000000,4.880997,2111.890542,0.084008
4.065000,0.350000,0.363582,-0.376084,12.816901,57.356189,-0.000000,0.090397,-800.000000,5.155973,2112.396315,0.084022
4.066000,0.350000,0.363200,-0.387935,14.306143,57.032036,0.243066,-10.000000,-800.000000,5.368639,2112.925690,0.084035
4.067000,0.350000,0.362807,-0.398096,15.854142,56.681502,0.560249,-10.000000,-800.000000,5.492427,2113.471189,0.084048
4.068000,0.350000,0.362404,-0.406495,17.452107,56.295537,0.859456,-10.000000,-800.000000,5.508518,2114.022227,0.084060
4.069000,0.350000,0.361994,-0.413066,19.092254,55.864010,1.139032,-10.000000,-800.000000,5.428485,2114.568794,0.084072
4.070000,0.350000,0.361579,-0.417741,20.767587,55.377158,1.397350,-10.000000,-800.000000,5.259439,2115.101754,0.084084
4.071000,0.350000,0.361160,-0.420454,22.471614,54.825279,1.632799,-10.000000,-800.000000,5.004774,2115.612444,0.084095
4.072000,0.350000,0.360739,-0.421140,24.198098,54.198508,1.843774,-10.000000,-800.000000,4.664874,2116.092349,0.084106
4.073000,0.350000,0.360318,-0.419735,25.940820,53.486683,2.028669,-10.000000,-800.000000,4.237768,2116.532835,0.084116
4.074000,0.350000,0.359900,-0.416174,27.693377,52.679271,2.185867,-10.000000,-800.000000,3.719733,2116.924963,0.084126
4.075000,0.350000,0.359486,-0.410393,29.449003,51.765363,2.313742,-10.000000,-800.000000,3.105856,2117.259338,0.084135
4.076000,0.350000,0.359080,-0.402327,31.200419,50.733715,2.410652,-10.000000,-800.000000,2.390552,2117.526032,0.084144
4.077000,0.350000,0.358683,-0.391910,32.939715,49.542917,2.474939,-10.000000,-800.000000,2.124653,2117.736801,0.084153
4.078000,0.350000,0.358297,-0.379021,34.658130,48.041789,2.504808,-10.000000,-800.000000,2.308645,2117.960782,0.084161
4.079000,0.350000,0.357925,-0.363501,36.345788,46.232528,2.498060,-10.000000,-800.000000,2.488371,2118.202929,0.084169
4.080000,0.350000,0.357571,-0.345215,37.991716,44.146334,2.452204,-10.000000,-800.000000,2.659428,2118.462541,0.084177
4.081000,0.350000,0.357236,-0.324060,39.583963,41.819534,2.364685,-10.000000,-800.000000,2.817621,2118.738487,0.084184
4.082000,0.350000,0.356924,-0.299968,41.109769,39.292603,2.233065,-10.000000,-800.000000,2.959216,2119.029241,0.084191
4.083000,0.350000,0.356637,-0.272905,42.555770,36.609136,2.055158,-10.000000,-800.000000,3.081179,2119.332947,0.084198
4.084000,0.350000,0.356379,-0.242878,43.908242,33.814813,1.829131,-10.000000,-800.000000,3.181394,2119.647504,0.084204
4.085000,0.350000,0.356152,-0.209933,45.153380,30.956368,1.553579,-10.000000,-800.000000,3.258830,2119.970661,0.084210
4.086000,0.350000,0.355960,-0.174156,46.277587,28.080569,1.227580,-8.080569,-800.000000,3.313630,2120.300142,0.084216
4.087000,0.350000,0.355805,-0.135670,47.267773,25.234209,0.850734,-6.042266,-800.000000,3.347091,2120.633755,0.084222
4.088000,0.350000,0.355689,-0.094639,48.111634,22.466408,0.423187,-3.797886,-800.000000,3.361473,2120.969501,0.084228
4.089000,0.350000,0.355616,-0.051263,48.797897,19.826902,-10.000000,0.054351,-800.000000,3.359624,2121.305647,0.084233
4.090000,0.350000,0.355588,-0.005780,49.313165,17.364004,-10.000000,0.580593,-800.000000,3.266508,2121.637058,0.084239
4.091000,0.350000,0.355604,0.038487,49.638409,15.118809,-10.000000,1.147076,-800.000000,3.028715,2121.949856,0.084245
4.092000,0.350000,0.355665,0.083803,49.759012,13.119868,-10.000000,1.742620,-800.000000,2.673317,2122.231357,0.084250
4.093000,0.350000,0.355772,0.130237,49.656657,11.389790,-10.000000,2.368119,-800.000000,2.215011,2122.470823,0.084256
4.094000,0.350000,0.355926,0.177393,49.315402,9.940034,-10.000000,3.023257,-800.000000,1.656132,2122.658198,0.084262
4.095000,0.350000,0.356127,0.224858,48.720468,8.772057,-10.000000,3.705883,-800.000000,0.988972,2122.783009,0.084268
4.096000,0.350000,0.356375,0.272210,47.857202,7.879045,-10.000000,4.412485,-800.000000,0.198808,2122.833551,0.084274
4.097000,0.350000,0.356671,0.319010,46.678719,7.248067,-10.000000,5.138588,-800.000000,0.000000,2122.833551,0.084281
4.098000,0.350000,0.357013,0.364750,45.104192,6.862430,-10.000000,5.878852,-800.000000,0.000000,2122.833551,0.084288
4.099000,0.350000,0.357400,0.408901,43.132994,6.704087,-10.000000,6.627043,-800.000000,0.000000,2122.833551,0.084295
4.100000,0.350000,0.357830,0.450949,40.776544,6.755948,-10.000000,7.376298,-800.000000,0.000000,2122.833551,0.084303
4.101000,0.350000,0.358301,0.490408,38.055253,7.003623,-10.000000,8.119397,-800.000000,0.000000,2122.833551,0.084312
4.102000,0.350000,0.358810,0.526821,34.998256,7.436487,-10.000000,8.848984,-800.000000,0.000000,2122.833551,0.084320
4.103000,0.350000,0.359354,0.559773,31.643075,8.048088,-10.000000,9.557744,-800.000000,0.000000,2122.833551,0.084330
4.104000,0.350000,0.359928,0.588889,28.035268,8.836116,-8.035268,10.000000,-800.000000,0.000000,2122.833551,0.084340
4.105000,0.350000,0.360530,0.613846,24.229125,9.802039,-5.032652,10.000000,-800.000000,0.000000,2122.833551,0.084350
4.106000,0.350000,0.361155,0.634377,20.291144,10.950295,-1.517583,10.000000,-800.000000,0.000000,2122.833551,0.084361
4.107000,0.350000,0.361797,0.650282,16.300201,12.287299,-0.000000,10.000000,-800.000000,0.000000,2122.833551,0.084373
4.108000,0.350000,0.362454,0.661444,12.344054,13.820947,-0.000000,10.000000,-800.000000,0.000000,2122.833551,0.084386
4.109000,0.350000,0.363119,0.667823,8.513433,15.560305,-0.000000,10.000000,-800.000000,0.000000,2122.833551,0.084399
4.110000,0.350000,0.363788,0.669466,4.902905,17.540824,-0.000000,10.000000,-800.000000,1.323749,2122.893823,0.084413
4.111000,0.350000,0.364456,0.666475,1.630499,19.847628,-0.000000,10.000000,-800.000000,3.302960,2123.151112,0.084427
4.112000,0.350000,0.365119,0.659228,0.000000,22.451660,-0.000000,10.000000,-800.000000,5.108221,2123.595736,0.084442
4.113000,0.350000,0.365774,0.649777,0.000000,25.312729,-0.000000,10.000000,-800.000000,6.705327,2124.208126,0.084458
4.114000,0.350000,0.366418,0.638608,0.000000,28.388859,-0.000000,10.000000,-800.000000,8.064464,2124.965570,0.084474
4.115000,0.350000,0.367050,0.625612,0.000000,31.633244,-0.000000,10.000000,-800.000000,9.160252,2125.842649,0.084491
4.116000,0.350000,0.367669,0.610707,0.000000,34.994928,-0.000000,10.000000,-800.000000,9.971506,2126.811673,0.084509
4.117000,0.350000,0.368271,0.593842,0.000000,38.419553,-0.000000,10.000000,-800.000000,10.480735,2127.843071,0.084527
4.118000,0.350000,0.368856,0.574998,0.000000,41.849998,-0.000000,10.000000,-800.000000,10.673278,2128.905705,0.084546
4.119000,0.350000,0.369420,0.554189,0.000000,45.226834,-0.000000,10.000000,-800.000000,10.535873,2129.967074,0.084566
4.120000,0.350000,0.369963,0.531465,0.000000,48.488475,-0.000000,10.000000,-800.000000,10.054185,2130.993311,0.084586
4.121000,0.350000,0.370483,0.506914,0.000000,51.570755,-0.000000,10.000000,-800.000000,9.208026,2131.948800,0.084606
4.122000,0.350000,0.370977,0.480659,0.000000,54.405293,-0.000000,10.000000,-800.000000,7.960435,2132.794988,0.084627
4.123000,0.350000,0.371444,0.452867,0.000000,56.914681,-0.000000,10.000000,-800.000000,6.225303,2133.486989,0.084648
4.124000,0.350000,0.371882,0.423754,0.000000,58.995249,-0.000000,10.000000,-800.000000,3.708165,2133.960979,0.084670
4.125000,0.350000,0.372291,0.393636,0.000000,60.320288,-0.000000,10.000000,-800.000000,0.000000,2134.071462,0.084693
4.126000,0.350000,0.372669,0.363032,0.000000,60.873952,-0.000000,10.000000,-800.000000,0.000000,2134.071462,0.084715
4.127000,0.350000,0.373017,0.332207,0.000000,61.162590,-0.000000,10.000000,-800.000000,0.000000,2134.071462,0.084738
4.128000,0.350000,0.373334,0.301284,0.000000,61.276037,-0.000000,10.000000,-800.000000,0.000000,2134.071462,0.084762
4.129000,0.350000,0.373619,0.270348,0.000000,61.264253,-0.000000,10.000000,-800.000000,0.000000,2134.071462,0.084785
4.130000,0.350000,0.373874,0.239459,0.000000,61.163777,-0.000000,10.000000,-800.000000,0.000000,2134.071462,0.084809
4.131000,0.350000,0.374098,0.208658,0.000000,61.004226,-0.000000,10.000000,-800.000000,0.000000,2134.071462,0.084833
4.132000,0.350000,0.374292,0.177969,0.000000,60.816504,-0.000000,10.000000,-800.000000,0.000000,2134.071462,0.084857
4.133000,0.350000,0.374454,0.147398,0.000000,60.621623,-0.000000,10.000000,-800.000000,0.000000,2134.071462,0.084882
4.134000,0.350000,0.374587,0.116944,0.000000,60.432312,-0.000000,10.000000,-800.000000,0.000000,2134.071462,0.084907
4.135000,0.350000,0.374688,0.086597,0.000000,60.261081,-0.000000,10.000000,-800.000000,0.000000,2134.071462,0.084931
4.136000,0.350000,0.374760,0.056337,0.000000,60.121146,-0.000000,10.000000,-800.000000,0.000000,2134.071462,0.084956
4.137000,0.350000,0.374801,0.026138,0.000000,60.028195,-0.000000,10.000000,-800.000000,0.000000,2134.071462,0.084981
4.138000,0.350000,0.374812,-0.003574,0.005232,59.995952,-0.000000,9.616996,-800.000000,0.154720,2134.075636,0.085006
4.139000,0.350000,0.374795,-0.030272,0.076188,59.977616,-0.000000,9.115347,-800.000000,0.563517,2134.117121,0.085030
4.140000,0.350000,0.374752,-0.056849,0.229475,59.947677,-0.000000,8.656072,-800.000000,0.949515,2134.197660,0.085055
4.141000,0.350000,0.374682,-0.083232,0.469240,59.904844,-0.000000,8.221479,-800.000000,1.329390,2134.316391,0.085080
4.142000,0.350000,0.374585,-0.109322,0.798422,59.849004,-0.000000,7.800212,-800.000000,1.704872,2134.472831,0.085104
4.143000,0.350000,0.374463,-0.135020,1.219138,59.780452,-0.000000,7.385673,-800.000000,2.075815,2134.666544,0.085129
4.144000,0.350000,0.374315,-0.160224,1.732753,59.699557,-0.000000,6.974329,-800.000000,2.438821,2134.896886,0.085153
4.145000,0.350000,0.374143,-0.184834,2.339898,59.606448,-0.000000,6.564573,-800.000000,2.791855,2135.162917,0.085177
4.146000,0.350000,0.373946,-0.208747,3.040474,59.501249,-0.000000,6.156018,-800.000000,3.133187,2135.463534,0.085201
4.147000,0.350000,0.373726,-0.231865,3.833669,59.384070,-0.000000,5.749049,-800.000000,3.460912,2135.797449,0.085225
4.148000,0.350000,0.373482,-0.254087,4.717967,59.254990,-0.000000,5.344535,-800.000000,3.773108,2136.163181,0.085248
4.149000,0.350000,0.373218,-0.275319,5.691171,59.114051,-0.000000,4.943655,-800.000000,4.067896,2136.559060,0.085272
4.150000,0.350000,0.372932,-0.295466,6.750430,58.961264,-0.000000,4.547777,-800.000000,4.343468,2136.983229,0.085295
4.151000,0.350000,0.372627,-0.314437,7.892340,58.796611,-0.000000,4.158385,-800.000000,4.621179,2137.434238,0.085317
4.152000,0.350000,0.372304,-0.332143,9.122336,58.620058,-0.000000,3.777032,-800.000000,5.063052,2137.924402,0.085340
4.153000,0.350000,0.371963,-0.348489,10.439255,58.431580,-0.000000,3.405343,-800.000000,5.450179,2138.455328,0.085362
4.154000,0.350000,0.371607,-0.363386,11.834182,58.231170,-0.000000,3.044994,-800.000000,5.783183,2139.021579,0.085383
4.155000,0.350000,0.371237,-0.376757,13.298153,58.018838,-0.000000,2.697665,-800.000000,6.062917,2139.617793,0.085404
4.156000,0.350000,0.370854,-0.388530,14.822196,57.794612,-0.000000,2.365000,-800.000000,6.290456,2140.238709,0.085425
4.157000,0.350000,0.370461,-0.398644,16.397362,57.558547,-1.536701,2.048585,-800.000000,6.467085,2140.879186,0.085446
4.158000,0.350000,0.370058,-0.407048,18.013739,57.310730,-2.874687,1.749928,-800.000000,6.570278,2141.533087,0.085466
4.159000,0.350000,0.369647,-0.413700,19.656922,57.051292,-4.384056,1.470440,-800.000000,6.562930,2142.190630,0.085485
4.160000,0.350000,0.369231,-0.418578,21.308449,56.780399,-6.048797,1.211406,-800.000000,6.416823,2142.838975,0.085505
4.161000,0.350000,0.368810,-0.421677,22.946447,56.498247,-7.847835,0.973938,-800.000000,6.106790,2143.462648,0.085523
4.162000,0.350000,0.368388,-0.423017,24.546135,56.205044,-9.755222,0.758932,-800.000000,5.657131,2144.045025,0.085542
4.163000,0.350000,0.367965,-0.422641,26.086135,55.900989,-10.000000,0.567014,-800.000000,5.580026,2144.606139,0.085560
4.164000,0.350000,0.367543,-0.420613,27.539400,55.586265,-10.000000,0.398525,-800.000000,5.475378,2145.157812,0.085577
4.165000,0.350000,0.367124,-0.417028,28.874772,55.261001,-10.000000,0.253478,-800.000000,5.344516,2145.697370,0.085594
4.166000,0.350000,0.366710,-0.412011,30.063899,54.925243,-10.000000,0.131512,-800.000000,5.189063,2146.222291,0.085611
4.167000,0.350000,0.366301,-0.405713,31.081959,54.578915,-10.000000,0.031871,-800.000000,5.010906,2146.730232,0.085627
4.168000,0.350000,0.365899,-0.398305,31.908148,54.221796,-10.000000,0.000000,-800.000000,4.812164,2147.219053,0.085643
4.169000,0.350000,0.365504,-0.389979,32.526046,53.853508,0.105443,-10.000000,-800.000000,4.595346,2147.686849,0.085659
4.170000,0.350000,0.365119,-0.380937,32.929740,53.471020,0.146530,-10.000000,-800.000000,4.317855,2148.129847,0.085674
4.171000,0.350000,0.364743,-0.371368,33.140086,53.061493,0.172000,-10.000000,-800.000000,3.941807,2148.538865,0.085689
4.172000,0.350000,0.364376,-0.361431,33.184038,52.610487,0.184051,-10.000000,-800.000000,3.475076,2148.904560,0.085703
4.173000,0.350000,0.364020,-0.351246,33.087660,52.104268,0.184765,-10.000000,-800.000000,2.922871,2149.218208,0.085717
4.174000,0.350000,0.363674,-0.340904,32.875528,51.529476,0.175984,-10.000000,-800.000000,2.287971,2149.471454,0.085731
4.175000,0.350000,0.363338,-0.330464,32.570304,50.872846,0.159246,-10.000000,-800.000000,1.571093,2149.656089,0.085744
4.176000,0.350000,0.363013,-0.319954,32.192463,50.120983,0.135747,-10.000000,-800.000000,0.771313,2149.763866,0.085757
4.177000,0.350000,0.362698,-0.309379,31.760131,49.259312,0.106320,-10.000000,-800.000000,0.000000,2149.789209,0.085770
4.178000,0.350000,0.362394,-0.298692,31.288982,48.170574,0.071408,-10.000000,-800.000000,0.000000,2149.789209,0.085782
4.179000,0.350000,0.362101,-0.287767,30.792034,46.792952,0.030831,-10.000000,-800.000000,0.000000,2149.789209,0.085794
4.180000,0.350000,0.361819,-0.276460,30.279649,45.139811,0.000000,-10.000000,-800.000000,0.000000,2149.789209,0.085806
4.181000,0.350000,0.361548,-0.264626,29.759694,43.230210,-10.000000,0.071232,-800.000000,0.000000,2149.789209,0.085818
4.182000,0.350000,0.361290,-0.252132,29.232284,41.094846,-10.000000,0.135721,-800.000000,0.000000,2149.789209,0.085829
4.183000,0.350000,0.361044,-0.238878,28.675475,38.792063,-10.000000,0.211496,-800.000000,0.000000,2149.789209,0.085840
4.184000,0.350000,0.360812,-0.224826,28.065272,36.382236,-10.000000,0.300144,-800.000000,0.000000,2149.789209,0.085851
4.185000,0.350000,0.360595,-0.209991,27.381628,33.919732,-9.427465,0.402842,-800.000000,0.000000,2149.789209,0.085861
4.186000,0.350000,0.360393,-0.194438,26.608763,31.452429,-9.241233,0.520234,-800.000000,0.000000,2149.789209,0.085872
4.187000,0.350000,0.360206,-0.178267,25.736088,29.021525,-8.871894,0.652392,-800.000000,0.000000,2149.789209,0.085882
4.188000,0.350000,0.360036,-0.161612,24.757546,26.661568,-8.304693,0.798834,-800.000000,0.000000,2149.789209,0.085892
4.189000,0.350000,0.359883,-0.144624,23.671668,24.400679,-7.529072,0.958573,-800.000000,0.000000,2149.789209,0.085902
4.190000,0.350000,0.359747,-0.127473,22.481797,22.260900,-6.539271,1.130188,-800.000000,0.000000,2149.789209,0.085912
4.191000,0.350000,0.359628,-0.110330,21.196116,20.258656,-5.334751,1.311914,-800.000000,0.000000,2149.789209,0.085921
4.192000,0.350000,0.359526,-0.093365,19.827443,18.405293,-3.920410,1.501737,-800.000000,0.000000,2149.789209,0.085931
4.193000,0.350000,0.359441,-0.076739,18.392795,16.707664,-2.306531,1.697493,-800.000000,0.000000,2149.789209,0.085940
4.194000,0.350000,0.359373,-0.060598,16.912703,15.168740,-0.508461,1.896969,-800.000000,0.000000,2149.789209,0.085950
4.195000,0.350000,0.359320,-0.045065,15.410314,13.788243,-0.000000,2.097996,-800.000000,0.000000,2149.789209,0.085959
4.196000,0.350000,0.359282,-0.030241,13.909754,12.563261,-0.000000,2.298534,-800.000000,0.000000,2149.789209,0.085968
4.197000,0.350000,0.359259,-0.016202,12.432899,11.488847,-0.000000,2.496744,-800.000000,0.000000,2149.789209,0.085978
4.198000,0.350000,0.359250,-0.003049,10.997926,10.558571,-0.000000,2.691013,-800.000000,0.000000,2149.789209,0.085987
4.199000,0.350000,0.359252,0.006843,9.623048,9.762166,-0.000000,2.875029,-800.000000,0.000000,2149.789209,0.085996
4.200000,0.350000,0.359263,0.014820,8.327083,9.085642,-0.000000,3.038224,-800.000000,0.000000,2149.789209,0.086005
4.201000,0.350000,0.359281,0.021934,7.118330,8.520567,-0.000000,3.182608,-800.000000,0.000000,2149.789209,0.086015
4.202000,0.350000,0.359306,0.028209,6.001442,8.059405,-0.000000,3.311449,-800.000000,0.000000,2149.789209,0.086024
4.203000,0.350000,0.359337,0.033678,4.978822,7.694992,-0.000000,3.427003,-800.000000,0.000000,2149.789209,0.086033
4.204000,0.350000,0.359373,0.038378,4.051024,7.420723,-0.000000,3.530771,-800.000000,0.000000,2149.789209,0.086043
4.205000,0.350000,0.359414,0.042351,3.217137,7.230688,-0.000000,3.623802,-800.000000,0.000000,2149.789209,0.086052
4.206000,0.350000,0.359458,0.045640,2.475176,7.119760,-0.000000,3.706880,-800.000000,0.000000,2149.789209,0.086061
4.207000,0.350000,0.359505,0.048290,1.822477,7.083638,-0.000000,3.780639,-800.000000,0.000000,2149.789209,0.086071
4.208000,0.350000,0.359554,0.050342,1.256158,7.118842,-0.000000,3.845624,-800.000000,0.000000,2149.789209,0.086081
4.209000,0.350000,0.359605,0.051841,0.773775,7.222688,-0.000000,3.902324,-800.000000,0.000000,2149.789209,0.086090
4.210000,0.350000,0.359658,0.052822,0.374676,7.432644,-0.000000,3.951194,-800.000000,0.880957,2149.839150,0.086100
4.211000,0.350000,0.359711,0.053284,0.065363,7.810428,-0.000000,3.992555,-800.000000,1.871967,2149.989469,0.086110
4.212000,0.350000,0.359764,0.053265,0.000000,8.349371,-0.000000,4.026573,-800.000000,2.822603,2150.236424,0.086119
4.213000,0.350000,0.359817,0.052874,0.000000,9.041024,-0.000000,4.053771,-800.000000,3.725798,2150.575530,0.086129
4.214000,0.350000,0.359870,0.052039,0.000000,9.875795,-0.000000,4.074513,-800.000000,4.575537,2151.001657,0.086139
4.215000,0.350000,0.359921,0.050681,0.000000,10.842949,-0.000000,4.088585,-800.000000,5.366875,2151.509142,0.086149
4.216000,0.350000,0.359971,0.048725,0.000000,11.930801,-0.000000,4.095381,-800.000000,6.095923,2152.091894,0.086159
4.217000,0.350000,0.360018,0.046106,0.000000,13.126910,-0.000000,4.094068,-800.000000,6.759812,2152.743497,0.086169
4.218000,0.350000,0.360063,0.042764,0.000000,14.418267,-0.000000,4.083706,-800.000000,7.356634,2153.457309,0.086179
4.219000,0.350000,0.360104,0.038647,0.000000,15.791463,-0.000000,4.063316,-800.000000,7.885374,2154.226552,0.086189
4.220000,0.350000,0.360140,0.033712,0.000000,17.232862,-0.000000,4.031931,-800.000000,8.345839,2155.044401,0.086199
4.221000,0.350000,0.360171,0.027922,0.000000,18.728746,-0.000000,3.988626,-800.000000,8.738581,2155.904056,0.086209
4.222000,0.350000,0.360195,0.021249,0.000000,20.265461,-0.000000,3.932539,-800.000000,9.064825,2156.798817,0.086220
4.223000,0.350000,0.360213,0.013673,0.000000,21.829541,-0.000000,3.862888,-800.000000,9.326397,2157.722145,0.086230
4.224000,0.350000,0.360222,0.005181,0.000000,23.407825,-0.000000,3.778975,-800.000000,9.525659,2158.667714,0.086240
4.225000,0.350000,0.360224,-0.002842,0.006160,24.988891,-0.000000,3.682476,-800.000000,9.665255,2159.629462,0.086250
4.226000,0.350000,0.360217,-0.009800,0.033365,26.566458,-0.000000,3.582619,-800.000000,9.747542,2160.601567,0.086260
4.227000,0.350000,0.360204,-0.017523,0.083652,28.131326,-0.000000,3.480258,-800.000000,9.775722,2161.578490,0.086271
4.228000,0.350000,0.360182,-0.026092,0.161796,29.672421,-0.000000,3.371247,-800.000000,9.753835,2162.555069,0.086281
4.229000,0.350000,0.360151,-0.035461,0.272242,31.179461,-0.000000,3.252633,-800.000000,9.686280,2163.526569,0.086291
4.230000,0.350000,0.360111,-0.045575,0.419111,32.643063,-0.000000,3.122697,-800.000000,9.577641,2164.488710,0.086301
4.231000,0.350000,0.360060,-0.056367,0.606189,34.054794,-0.000000,2.980586,-800.000000,9.432563,2165.437673,0.086311
4.232000,0.350000,0.359998,-0.067765,0.836893,35.407195,-0.000000,2.826047,-800.000000,9.255662,2166.370103,0.086321
4.233000,0.350000,0.359924,-0.079687,1.114236,36.693794,-0.000000,2.659250,-800.000000,9.051452,2167.283102,0.086331
4.234000,0.350000,0.359838,-0.092045,1.440788,37.909101,-0.000000,2.480680,-800.000000,8.824291,2168.174213,0.086341
4.235000,0.350000,0.359740,-0.104748,1.819152,39.048596,-0.000000,2.291059,-800.000000,8.623425,2169.042527,0.086351
4.236000,0.350000,0.359629,-0.117691,2.265311,40.108711,-0.000000,2.091302,-800.000000,8.568274,2169.901742,0.086360
4.237000,0.350000,0.359504,-0.130756,2.784257,41.086827,-0.000000,1.882539,-800.000000,8.474826,2170.753008,0.086370
4.238000,0.350000,0.359367,-0.143826,3.372878,41.981231,-0.000000,1.666087,-800.000000,8.347863,2171.592800,0.086379
4.239000,0.350000,0.359217,-0.156782,4.027831,42.791045,-0.000000,1.443390,-800.000000,8.191817,2172.418044,0.086388
4.240000,0.350000,0.359054,-0.169513,4.745555,43.516152,-0.000000,1.215978,-800.000000,8.010724,2173.226088,0.086397
4.241000,0.350000,0.358878,-0.181908,5.522289,44.157107,-0.000000,0.985424,-800.000000,7.808175,2174.014656,0.086406
4.242000,0.350000,0.358690,-0.193863,6.354087,44.715052,-0.000000,0.753327,-800.000000,7.587292,2174.781800,0.086415
4.243000,0.350000,0.358490,-0.205277,7.236832,45.191622,-0.000000,0.521288,-800.000000,7.350707,2175.525856,0.086423
4.244000,0.350000,0.358280,-0.216055,8.166257,45.588854,-0.000000,0.290894,-800.000000,7.100561,2176.245392,0.086432
4.245000,0.350000,0.358059,-0.226108,9.137953,45.909100,-0.000000,0.063712,-800.000000,6.838528,2176.939158,0.086440
4.246000,0.350000,0.357828,-0.235352,10.147387,46.154938,0.158726,-10.000000,-800.000000,6.565838,2177.606047,0.086448
4.247000,0.350000,0.357588,-0.243709,11.190031,46.325446,0.374930,-10.000000,-800.000000,6.220667,2178.242083,0.086455
4.248000,0.350000,0.357341,-0.251102,12.261819,46.406454,0.583445,-10.000000,-800.000000,5.759303,2178.836113,0.086463
4.249000,0.350000,0.357086,-0.257447,13.359284,46.383486,0.782811,-10.000000,-800.000000,5.206955,2179.378152,0.086470
4.250000,0.350000,0.356826,-0.262656,14.479408,46.244885,0.971530,-10.000000,-800.000000,4.581731,2179.860285,0.086476
4.251000,0.350000,0.356561,-0.266638,15.619435,45.980939,1.148050,-10.000000,-800.000000,3.895440,2180.276010,0.086483
4.252000,0.350000,0.356293,-0.269301,16.776698,45.583134,1.310758,-10.000000,-800.000000,3.154592,2180.619663,0.086489
4.253000,0.350000,0.356023,-0.270548,17.948460,45.043571,1.457977,-10.000000,-800.000000,2.361447,2180.885959,0.086495
4.254000,0.350000,0.355753,-0.270283,19.131768,44.354538,1.587966,-10.000000,-800.000000,1.515056,2181.069630,0.086501
4.255000,0.350000,0.355483,-0.268400,20.323312,43.469483,1.698921,-10.000000,-800.000000,1.481280,2181.213427,0.086507
4.256000,0.350000,0.355216,-0.264755,21.519197,42.321449,1.788861,-10.000000,-800.000000,1.611611,2181.369558,0.086512
4.257000,0.350000,0.354954,-0.259195,22.714761,40.919826,1.855529,-10.000000,-800.000000,1.758996,2181.539807,0.086517
4.258000,0.350000,0.354699,-0.251582,23.904521,39.280844,1.896491,-10.000000,-800.000000,1.920921,2181.725724,0.086521
4.259000,0.350000,0.354452,-0.241791,25.082160,37.425932,1.909261,-10.000000,-800.000000,2.094364,2181.928578,0.086526
4.260000,0.350000,0.354216,-0.229721,26.240541,35.381084,1.891396,-10.000000,-800.000000,2.275902,2182.149311,0.086530
4.261000,0.350000,0.353993,-0.215291,27.371745,33.176174,1.840586,-10.000000,-800.000000,2.461829,2182.388502,0.086534
4.262000,0.350000,0.353786,-0.198449,28.467137,30.844200,1.754720,-10.000000,-800.000000,2.648266,2182.646348,0.086538
4.263000,0.350000,0.353597,-0.179170,29.517455,28.420516,1.631952,-8.420516,-800.000000,2.831269,2182.922654,0.086541
4.264000,0.350000,0.353429,-0.157458,30.512917,25.942844,1.470747,-6.784896,-800.000000,3.006926,2183.216831,0.086545
4.265000,0.350000,0.353283,-0.133352,31.443348,23.453213,1.269933,-4.889549,-800.000000,3.171435,2183.527907,0.086548
4.266000,0.350000,0.353163,-0.106923,32.298325,20.996612,1.028745,-2.778270,-800.000000,3.321155,2183.854536,0.086551
4.267000,0.350000,0.353070,-0.078278,33.067331,18.618990,0.746866,-0.500308,-800.000000,3.452620,2184.195023,0.086554
4.268000,0.350000,0.353007,-0.047562,33.739911,16.365128,0.424464,-0.000000,-800.000000,3.562516,2184.547335,0.086557
4.269000,0.350000,0.352975,-0.014951,34.305815,14.275721,0.062210,-0.000000,-800.000000,3.647613,2184.909110,0.086560
4.270000,0.350000,0.352977,0.017403,34.757193,12.381258,-10.000000,0.335975,-800.000000,3.704499,2185.277663,0.086563
4.271000,0.350000,0.353010,0.049678,35.089102,10.696927,-10.000000,0.756493,-800.000000,3.613076,2185.644432,0.086566
4.272000,0.350000,0.353077,0.083143,35.270606,9.235731,-10.000000,1.199478,-800.000000,3.280391,2185.986692,0.086569
4.273000,0.350000,0.353177,0.117499,35.269632,8.003695,-10.000000,1.666217,-800.000000,2.739161,2186.282427,0.086573
4.274000,0.350000,0.353312,0.152416,35.058904,6.999721,-10.000000,2.156186,-800.000000,2.013601,2186.512361,0.086576
4.275000,0.350000,0.353482,0.187539,34.614982,6.216738,-10.000000,2.667346,-800.000000,1.119783,2186.659128,0.086579
4.276000,0.350000,0.353687,0.222503,33.917351,5.643137,-10.000000,3.196545,-800.000000,0.066559,2186.706506,0.086583
4.277000,0.350000,0.353927,0.256925,32.939911,5.264435,-10.000000,3.739820,-800.000000,0.000000,2186.706506,0.086587
4.278000,0.350000,0.354200,0.290409,31.663323,5.064998,-10.000000,4.292563,-800.000000,0.000000,2186.706506,0.086591
4.279000,0.350000,0.354507,0.322559,30.088068,5.029675,-10.000000,4.849672,-800.000000,0.000000,2186.706506,0.086596
4.280000,0.350000,0.354845,0.352992,28.222541,5.145098,-8.222541,5.405720,-800.000000,0.000000,2186.706506,0.086601
4.281000,0.350000,0.355212,0.381346,26.083896,5.400522,-6.906151,5.955114,-800.000000,0.000000,2186.706506,0.086606
4.282000,0.350000,0.355607,0.407287,23.700883,5.788171,-5.131527,6.492234,-800.000000,0.000000,2186.706506,0.086611
4.283000,0.350000,0.356026,0.430518,21.112328,6.303238,-2.913060,7.011566,-800.000000,0.000000,2186.706506,0.086617
4.284000,0.350000,0.356467,0.450787,18.366001,6.943659,-0.277966,7.507844,-800.000000,0.000000,2186.706506,0.086624
4.285000,0.350000,0.356927,0.467893,15.517301,7.709817,-0.000000,7.976174,-800.000000,0.000000,2186.706506,0.086631
4.286000,0.350000,0.357402,0.481691,12.626242,8.604243,-0.000000,8.412152,-800.000000,0.000000,2186.706506,0.086638
4.287000,0.350000,0.357889,0.492095,9.751837,9.631359,-0.000000,8.811965,-800.000000,0.000000,2186.706506,0.086646
4.288000,0.350000,0.358385,0.499070,6.951310,10.797258,-0.000000,9.172451,-800.000000,0.000000,2186.706506,0.086655
4.289000,0.350000,0.358886,0.502636,4.282898,12.109534,-0.000000,9.491132,-800.000000,0.000000,2186.706506,0.086663
4.290000,0.350000,0.359389,0.502864,1.815179,13.606211,-0.000000,9.766240,-800.000000,1.178192,2186.760469,0.086673
4.291000,0.350000,0.359890,0.499869,0.000000,15.389051,-0.000000,9.996701,-800.000000,2.966532,2186.990642,0.086683
4.292000,0.350000,0.360388,0.494846,0.000000,17.448007,-0.000000,10.000000,-800.000000,4.665915,2187.394313,0.086693
4.293000,0.350000,0.360880,0.488557,0.000000,19.762013,-0.000000,10.000000,-800.000000,6.246010,2187.960715,0.086704
4.294000,0.350000,0.361365,0.480863,0.000000,22.304872,-0.000000,10.000000,-800.000000,7.676802,2188.676015,0.086715
4.295000,0.350000,0.361841,0.471640,0.000000,25.045334,-0.000000,10.000000,-800.000000,8.931962,2189.523608,0.086727
4.296000,0.350000,0.362307,0.460785,0.000000,27.947779,-0.000000,10.000000,-800.000000,9.989069,2190.484498,0.086739
4.297000,0.350000,0.362762,0.448216,0.000000,30.972929,-0.000000,10.000000,-800.000000,10.829663,2191.537696,0.086752
4.298000,0.350000,0.363203,0.433875,0.000000,34.078570,-0.000000,10.000000,-800.000000,11.439175,2192.660610,0.086765
4.299000,0.350000,0.363629,0.417729,0.000000,37.220249,-0.000000,10.000000,-800.000000,11.806739,2193.829424,0.086779
4.300000,0.350000,0.364038,0.399771,0.000000,40.351944,-0.000000,10.000000,-800.000000,11.924883,2195.019452,0.086793
4.301000,0.350000,0.364428,0.380022,0.000000,43.426666,-0.000000,10.000000,-800.000000,11.789073,2196.205448,0.086808
4.302000,0.350000,0.364798,0.358529,0.000000,46.396977,-0.000000,10.000000,-800.000000,11.397068,2197.361861,0.086822
4.303000,0.350000,0.365145,0.335367,0.000000,49.215378,-0.000000,10.000000,-800.000000,10.747984,2198.463011,0.086837
4.304000,0.350000,0.365468,0.310638,0.000000,51.834503,-0.000000,10.000000,-800.000000,9.840785,2199.483134,0.086853
4.305000,0.350000,0.365765,0.284472,0.000000,54.206971,-0.000000,10.000000,-800.000000,8.671525,2200.396212,0.086869
4.306000,0.350000,0.366036,0.257025,0.000000,56.284553,-0.000000,9.768023,-800.000000,7.227262,2201.175340,0.086885
4.307000,0.350000,0.366279,0.228482,0.000000,58.015564,-0.000000,9.475903,-800.000000,5.468015,2201.790868,0.086901
4.308000,0.350000,0.366493,0.199060,0.000000,59.335815,-0.000000,9.169468,-800.000000,3.248501,2202.203840,0.086918
4.309000,0.350000,0.366677,0.169032,0.000000,60.074555,-0.000000,8.846319,-800.000000,0.000000,2202.323208,0.086934
4.310000,0.350000,0.366831,0.138784,0.000000,60.218164,-0.000000,8.506526,-800.000000,0.000000,2202.323208,0.086951
4.311000,0.350000,0.366955,0.108505,0.000000,60.216431,-0.000000,8.151761,-800.000000,0.000000,2202.323208,0.086968
4.312000,0.350000,0.367048,0.078248,0.000000,60.152305,-0.000000,7.783698,-800.000000,0.000000,2202.323208,0.086985
4.313000,0.350000,0.367111,0.048031,0.000000,60.071813,-0.000000,7.403603,-800.000000,0.000000,2202.323208,0.087002
4.314000,0.350000,0.367144,0.017847,0.000000,60.011957,-0.000000,7.012314,-800.000000,0.000000,2202.323208,0.087019
4.315000,0.350000,0.367147,-0.010933,0.016837,59.991775,-0.000000,6.611746,-800.000000,0.274474,2202.335098,0.087036
4.316000,0.350000,0.367123,-0.037592,0.111156,59.970526,-0.000000,6.214236,-800.000000,0.670255,2202.387449,0.087054
4.317000,0.350000,0.367072,-0.064123,0.289655,59.936992,-0.000000,5.819756,-800.000000,1.053272,2202.478479,0.087071
4.318000,0.350000,0.366995,-0.090431,0.555545,59.890165,-0.000000,5.424997,-800.000000,1.428280,2202.607306,0.087088
4.319000,0.350000,0.366891,-0.116417,0.911066,59.829538,-0.000000,5.028109,-800.000000,1.794784,2202.773113,0.087105
4.320000,0.350000,0.366762,-0.141981,1.357733,59.754696,-0.000000,4.628479,-800.000000,2.151094,2202.974948,0.087121
4.321000,0.350000,0.366607,-0.167021,1.896383,59.665197,-0.000000,4.226311,-800.000000,2.495133,2203.211664,0.087138
4.322000,0.350000,0.366428,-0.191436,2.527182,59.560537,-0.000000,3.822340,-800.000000,2.824703,2203.481897,0.087154
4.323000,0.350000,0.366225,-0.215125,3.249629,59.440139,-0.000000,3.417641,-800.000000,3.137588,2203.784062,0.087171
4.324000,0.350000,0.365998,-0.237986,4.062565,59.303351,-0.000000,3.013518,-800.000000,3.431595,2204.116352,0.087187
4.325000,0.350000,0.365749,-0.259922,4.964184,59.149449,-0.000000,2.611419,-800.000000,3.704577,2204.476745,0.087202
4.326000,0.350000,0.365479,-0.280834,5.952051,58.977640,-0.000000,2.212889,-800.000000,3.954447,2204.863008,0.087218
4.327000,0.350000,0.365188,-0.300628,7.023120,58.787070,-0.000000,1.819534,-800.000000,4.179192,2205.272703,0.087233
4.328000,0.350000,0.364878,-0.319213,8.173760,58.576825,-0.000000,1.432998,-800.000000,4.376885,2205.703197,0.087248
4.329000,0.350000,0.364550,-0.336499,9.399784,58.345938,-0.000000,1.054941,-800.000000,4.545698,2206.151668,0.087262
4.330000,0.350000,0.364205,-0.352403,10.698730,58.093395,-0.000000,0.687023,-800.000000,4.787743,2206.619884,0.087277
4.331000,0.350000,0.363846,-0.366838,12.072391,57.818158,-0.000000,0.330914,-800.000000,5.038189,2207.114751,0.087290
4.332000,0.350000,0.363472,-0.379721,13.513032,57.519178,-0.000000,0.000000,-800.000000,5.232423,2207.631148,0.087304
4.333000,0.350000,0.363087,-0.390976,15.012015,57.195405,0.339161,-10.000000,-800.000000,5.370838,2208.163475,0.087317
4.334000,0.350000,0.362691,-0.400537,16.560877,56.844140,0.649814,-10.000000,-800.000000,5.429586,2208.705039,0.087330
4.335000,0.350000,0.362286,-0.408338,18.152166,56.456315,0.942079,-10.000000,-800.000000,5.391482,2209.246326,0.087342
4.336000,0.350000,0.361875,-0.414319,19.779365,56.021801,1.214404,-10.000000,-800.000000,5.266450,2209.778312,0.087354
4.337000,0.350000,0.361458,-0.418418,21.436595,55.530773,1.465259,-10.000000,-800.000000,5.059943,2210.292675,0.087365
4.338000,0.350000,0.361038,-0.420572,23.118340,54.973389,1.693118,-10.000000,-800.000000,4.773790,2210.781407,0.087376
4.339000,0.350000,0.360618,-0.420720,24.819206,54.339582,1.896449,-10.000000,-800.000000,4.406957,2211.236499,0.087387
4.340000,0.350000,0.360198,-0.418798,26.533693,53.618932,2.073709,-10.000000,-800.000000,3.956219,2211.649695,0.087397
4.341000,0.350000,0.359781,-0.414744,28.256005,52.800609,2.223331,-10.000000,-800.000000,3.416771,2212.012316,0.087407
4.342000,0.350000,0.359369,-0.408492,29.979879,51.873379,2.343728,-10.000000,-800.000000,2.782790,2212.315132,0.087416
4.343000,0.350000,0.358965,-0.399980,31.698447,50.825658,2.433284,-10.000000,-800.000000,2.047950,2212.548296,0.087425
4.344000,0.350000,0.358570,-0.389135,33.404120,49.594288,2.490355,-10.000000,-800.000000,1.937962,2212.736228,0.087434
4.345000,0.350000,0.358187,-0.375821,35.088342,48.034787,2.513100,-10.000000,-800.000000,2.130641,2212.942075,0.087442
4.346000,0.350000,0.357819,-0.359874,36.741352,46.164226,2.499234,-10.000000,-800.000000,2.319808,2213.167008,0.087450
4.347000,0.350000,0.357468,-0.341160,38.352245,44.015991,2.446203,-10.000000,-800.000000,2.500732,2213.410378,0.087457
4.348000,0.350000,0.357138,-0.319576,39.909102,41.628461,2.351410,-10.000000,-800.000000,2.668969,2213.671081,0.087464
4.349000,0.350000,0.356830,-0.295055,41.399172,39.043979,2.212397,-10.000000,-800.000000,2.820601,2213.947598,0.087471
4.350000,0.350000,0.356549,-0.267566,42.809088,36.307798,2.026976,-10.000000,-800.000000,2.952475,2214.238064,0.087478
4.351000,0.350000,0.356296,-0.237120,44.125126,33.467019,1.793327,-10.000000,-800.000000,3.062403,2214.540358,0.087484
4.352000,0.350000,0.356075,-0.203766,45.333488,30.569539,1.510075,-10.000000,-800.000000,3.149321,2214.852212,0.087490
4.353000,0.350000,0.355889,-0.167596,46.420600,27.663024,1.176343,-7.663024,-800.000000,3.213359,2215.171321,0.087496
4.354000,0.350000,0.355741,-0.128737,47.373408,24.795095,0.791784,-5.561398,-800.000000,3.255795,2215.495470,0.087502
4.355000,0.350000,0.355633,-0.087359,48.179665,22.016096,0.356609,-3.261908,-800.000000,3.278840,2215.822630,0.087507
4.356000,0.350000,0.355567,-0.043669,48.828165,19.376588,-10.000000,0.128396,-800.000000,3.285229,2216.151032,0.087513
4.357000,0.350000,0.355546,0.001918,49.305638,16.924791,-10.000000,0.661820,-800.000000,3.200257,2216.475512,0.087519
4.358000,0.350000,0.355570,0.046022,49.595091,14.698923,-10.000000,1.232596,-800.000000,2.969847,2216.782155,0.087524
4.359000,0.350000,0.355639,0.091519,49.680132,12.727140,-10.000000,1.832512,-800.000000,2.620258,2217.058148,0.087530
4.360000,0.350000,0.355753,0.138080,49.542254,11.030220,-10.000000,2.462540,-800.000000,2.165335,2217.292541,0.087536
4.361000,0.350000,0.355915,0.185306,49.165380,9.617675,-10.000000,3.122060,-800.000000,1.606840,2217.474997,0.087541
4.362000,0.350000,0.356124,0.232783,48.534549,8.489104,-10.000000,3.808681,-800.000000,0.936830,2217.594727,0.087548
4.363000,0.350000,0.356380,0.280087,47.634926,7.636025,-10.000000,4.518729,-800.000000,0.140655,2217.639703,0.087554
4.364000,0.350000,0.356684,0.326778,46.414618,7.044143,-10.000000,5.247610,-800.000000,0.000000,2217.639703,0.087561
4.365000,0.350000,0.357034,0.372345,44.798925,6.695780,-10.000000,5.989885,-800.000000,0.000000,2217.639703,0.087568
4.366000,0.350000,0.357428,0.416262,42.789332,6.572349,-10.000000,6.739257,-800.000000,0.000000,2217.639703,0.087575
4.367000,0.350000,0.357865,0.458021,40.397801,6.656639,-10.000000,7.488834,-800.000000,0.000000,2217.639703,0.087583
4.368000,0.350000,0.358343,0.497139,37.645266,6.934483,-10.000000,8.231396,-800.000000,0.000000,2217.639703,0.087591
4.369000,0.350000,0.358859,0.533168,34.561361,7.395710,-10.000000,8.959608,-800.000000,0.000000,2217.639703,0.087600
4.370000,0.350000,0.359408,0.565693,31.184093,8.034451,-10.000000,9.666191,-800.000000,0.000000,2217.639703,0.087610
4.371000,0.350000,0.359989,0.594349,27.559494,8.849023,-7.559494,10.000000,-800.000000,0.000000,2217.639703,0.087620
4.372000,0.350000,0.360596,0.618817,23.742574,9.841485,-4.498524,10.000000,-800.000000,0.000000,2217.639703,0.087630
4.373000,0.350000,0.361225,0.638835,19.801337,11.016712,-0.931544,10.000000,-800.000000,0.000000,2217.639703,0.087641
4.374000,0.350000,0.361872,0.654215,15.815967,12.381478,-0.000000,10.000000,-800.000000,0.000000,2217.639703,0.087653
4.375000,0.350000,0.362532,0.664843,11.874813,13.943999,-0.000000,10.000000,-800.000000,0.000000,2217.639703,0.087666
4.376000,0.350000,0.363200,0.670692,8.068251,15.713616,-0.000000,10.000000,-800.000000,0.000000,2217.639703,0.087679
4.377000,0.350000,0.363872,0.671813,4.491453,17.736004,-0.000000,10.000000,-800.000000,1.558059,2217.717655,0.087693
4.378000,0.350000,0.364542,0.668313,1.268598,20.086704,-0.000000,10.000000,-800.000000,3.527102,2217.997788,0.087707
4.379000,0.350000,0.365207,0.660704,0.000000,22.731185,-0.000000,10.000000,-800.000000,5.316341,2218.463868,0.087723
4.380000,0.350000,0.365863,0.651079,0.000000,25.629029,-0.000000,10.000000,-800.000000,6.892030,2219.095772,0.087738
4.381000,0.350000,0.366508,0.639716,0.000000,28.737432,-0.000000,10.000000,-800.000000,8.224847,2219.870277,0.087755
4.382000,0.350000,0.367142,0.626509,0.000000,32.008759,-0.000000,10.000000,-800.000000,9.289905,2220.761506,0.087772
4.383000,0.350000,0.367761,0.611379,0.000000,35.391319,-0.000000,10.000000,-800.000000,10.066486,2221.741358,0.087790
4.384000,0.350000,0.368364,0.594279,0.000000,38.830094,-0.000000,10.000000,-800.000000,10.537478,2222.779891,0.087808
4.385000,0.350000,0.368949,0.575194,0.000000,42.267370,-0.000000,10.000000,-800.000000,10.688450,2223.845627,0.087827
4.386000,0.350000,0.369514,0.554143,0.000000,45.643152,-0.000000,10.000000,-800.000000,10.506094,2224.905732,0.087847
4.387000,0.350000,0.370056,0.531180,0.000000,48.895259,-0.000000,10.000000,-800.000000,9.975516,2225.925970,0.087867
4.388000,0.350000,0.370575,0.506398,0.000000,51.958768,-0.000000,10.000000,-800.000000,9.074871,2226.870241,0.087887
4.389000,0.350000,0.371069,0.479926,0.000000,54.764094,-0.000000,10.000000,-800.000000,7.762753,2227.699190,0.087908
4.390000,0.350000,0.371535,0.451937,0.000000,57.231279,-0.000000,10.000000,-800.000000,5.938823,2228.366179,0.087930
4.391000,0.350000,0.371972,0.422658,0.000000,59.248109,-0.000000,10.000000,-800.000000,3.223259,2228.801023,0.087952
4.392000,0.350000,0.372380,0.392437,0.000000,60.423899,-0.000000,10.000000,-800.000000,0.000000,2228.855589,0.087974
4.393000,0.350000,0.372757,0.361787,0.000000,60.936973,-0.000000,10.000000,-800.000000,0.000000,2228.855589,0.087997
4.394000,0.350000,0.373103,0.330933,0.000000,61.201726,-0.000000,10.000000,-800.000000,0.000000,2228.855589,0.088020
4.395000,0.350000,0.373419,0.299993,0.000000,61.298447,-0.000000,10.000000,-800.000000,0.000000,2228.855589,0.088044
4.396000,0.350000,0.373703,0.269048,0.000000,61.274591,-0.000000,10.000000,-800.000000,0.000000,2228.855589,0.088067
4.397000,0.350000,0.373957,0.238156,0.000000,61.165553,-0.000000,10.000000,-800.000000,0.000000,2228.855589,0.088091
4.398000,0.350000,0.374180,0.207356,0.000000,61.000580,-0.000000,10.000000,-800.000000,0.000000,2228.855589,0.088115
4.399000,0.350000,0.374372,0.176670,0.000000,60.810981,-0.000000,10.000000,-800.000000,0.000000,2228.855589,0.088140
4.400000,0.350000,0.374533,0.146103,0.000000,60.615109,-0.000000,10.000000,-800.000000,0.000000,2228.855589,0.088164
4.401000,0.350000,0.374664,0.115653,0.000000,60.425603,-0.000000,10.000000,-800.000000,0.000000,2228.855589,0.088189
4.402000,0.350000,0.374764,0.085309,0.000000,60.254928,-0.000000,10.000000,-800.000000,0.000000,2228.855589,0.088214
4.403000,0.350000,0.374834,0.055053,0.000000,60.116325,-0.000000,10.000000,-800.000000,0.000000,2228.855589,0.088239
4.404000,0.350000,0.374874,0.024856,0.000000,60.025614,-0.000000,10.000000,-800.000000,0.000000,2228.855589,0.088263
4.405000,0.350000,0.374884,-0.004733,0.006434,59.995325,-0.000000,9.628151,-800.000000,0.174842,2228.861011,0.088288
4.406000,0.350000,0.374866,-0.031412,0.081099,59.976590,-0.000000,9.125428,-800.000000,0.580225,2228.904206,0.088313
4.407000,0.350000,0.374821,-0.057982,0.238526,59.946111,-0.000000,8.665390,-800.000000,0.965872,2228.986393,0.088338
4.408000,0.350000,0.374750,-0.084354,0.482776,59.902721,-0.000000,8.230225,-800.000000,1.345533,2229.106746,0.088363
4.409000,0.350000,0.374653,-0.110428,0.816705,59.846332,-0.000000,7.808528,-800.000000,1.720815,2229.264787,0.088387
4.410000,0.350000,0.374530,-0.136104,1.242356,59.777254,-0.000000,7.393678,-800.000000,2.091512,2229.460081,0.088412
4.411000,0.350000,0.374381,-0.161281,1.761017,59.695857,-0.000000,6.982126,-800.000000,2.454174,2229.691971,0.088436
4.412000,0.350000,0.374207,-0.185858,2.373249,59.602272,-0.000000,6.572259,-800.000000,2.806816,2229.959513,0.088461
4.413000,0.350000,0.374009,-0.209734,3.078885,59.496632,-0.000000,6.163688,-800.000000,3.147701,2230.261599,0.088485
4.414000,0.350000,0.373788,-0.232808,3.877046,59.379052,-0.000000,5.756792,-800.000000,3.474925,2230.596935,0.088508
4.415000,0.350000,0.373544,-0.254983,4.766154,59.249617,-0.000000,5.352442,-800.000000,3.786571,2230.964034,0.088532
4.416000,0.350000,0.373278,-0.276162,5.743957,59.108377,-0.000000,4.951814,-800.000000,4.080762,2231.361221,0.088555
4.417000,0.350000,0.372992,-0.296251,6.807552,58.955348,-0.000000,4.556276,-800.000000,4.355698,2231.786638,0.088578
4.418000,0.350000,0.372686,-0.315161,7.953833,58.790519,-0.000000,4.167308,-800.000000,4.657966,2232.239459,0.088601
4.419000,0.350000,0.372362,-0.332800,9.189155,58.613865,-0.000000,3.786466,-800.000000,5.093941,2232.732930,0.088623
4.420000,0.350000,0.372021,-0.349074,10.510520,58.425371,-0.000000,3.415376,-800.000000,5.475639,2233.266602,0.088645
4.421000,0.350000,0.371665,-0.363896,11.909058,58.225040,-0.000000,3.055714,-800.000000,5.803683,2233.835085,0.088667
4.422000,0.350000,0.371294,-0.377188,13.375851,58.012890,-0.000000,2.709156,-800.000000,6.078922,2234.433064,0.088688
4.423000,0.350000,0.370911,-0.388880,14.901975,57.788958,-0.000000,2.377340,-800.000000,6.302426,2235.055325,0.088709
4.424000,0.350000,0.370517,-0.398912,16.478529,57.553307,-1.475267,2.061841,-800.000000,6.475473,2235.696771,0.088730
4.425000,0.350000,0.370113,-0.407232,18.095692,57.306032,-2.821345,1.764160,-800.000000,6.576509,2236.351359,0.088750
4.426000,0.350000,0.369703,-0.413802,19.739294,57.047273,-4.338518,1.485698,-800.000000,6.569068,2237.009505,0.088769
4.427000,0.350000,0.369286,-0.418596,21.391093,56.777208,-6.010959,1.227733,-800.000000,6.424424,2237.658545,0.088789
4.428000,0.350000,0.368866,-0.421613,23.029376,56.496043,-7.817738,0.991371,-800.000000,6.116988,2238.283132,0.088808
4.429000,0.350000,0.368444,-0.422870,24.629465,56.204000,-9.733014,0.777502,-800.000000,5.661893,2238.866516,0.088826
4.430000,0.350000,0.368021,-0.422412,26.169768,55.901295,-10.000000,0.586750,-800.000000,5.584551,2239.428090,0.088844
4.431000,0.350000,0.367600,-0.420302,27.623337,55.588125,-10.000000,0.419452,-800.000000,5.479782,2239.980207,0.088862
4.432000,0.350000,0.367181,-0.416637,28.958964,55.264641,-10.000000,0.275620,-800.000000,5.348927,2240.520205,0.088879
4.433000,0.350000,0.366767,-0.411540,30.148232,54.930905,-10.000000,0.154890,-800.000000,5.193619,2241.045575,0.088896
4.434000,0.350000,0.366358,-0.405163,31.166264,54.586863,-10.000000,0.056502,-800.000000,5.015757,2241.553988,0.088912
4.435000,0.350000,0.365957,-0.397678,31.992198,54.232315,-10.000000,0.000000,-800.000000,4.817470,2242.043322,0.088928
4.436000,0.350000,0.365563,-0.389276,32.609565,53.866901,0.078267,-10.000000,-800.000000,4.601165,2242.511681,0.088943
4.437000,0.350000,0.365178,-0.380161,33.012401,53.487581,0.118073,-10.000000,-800.000000,4.324207,2242.955294,0.088959
4.438000,0.350000,0.364803,-0.370523,33.221481,53.081525,0.142264,-10.000000,-800.000000,3.948827,2243.364987,0.088973
4.439000,0.350000,0.364438,-0.360519,33.263686,52.634308,0.153046,-10.000000,-800.000000,3.482960,2243.731436,0.088988
4.440000,0.350000,0.364082,-0.350273,33.165018,52.132221,0.152508,-10.000000,-800.000000,2.931862,2244.045940,0.089002
4.441000,0.350000,0.363737,-0.339874,32.950006,51.561934,0.142503,-10.000000,-800.000000,2.298353,2244.300170,0.089016
4.442000,0.350000,0.363402,-0.329383,32.641278,50.910215,0.124580,-10.000000,-800.000000,1.583170,2244.485946,0.089029
4.443000,0.350000,0.363078,-0.318829,32.259292,50.163700,0.099945,-10.000000,-800.000000,0.785400,2244.595055,0.089042
4.444000,0.350000,0.362765,-0.308216,31.822169,49.307971,0.069446,-10.000000,-800.000000,0.000000,2244.621539,0.089055
4.445000,0.350000,0.362462,-0.297502,31.345589,48.228153,0.033541,-10.000000,-800.000000,0.000000,2244.621539,0.089067
4.446000,0.350000,0.362170,-0.286561,30.842595,46.859056,0.000000,-10.000000,-800.000000,0.000000,2244.621539,0.089080
4.447000,0.350000,0.361889,-0.275248,30.323579,45.213909,-10.000000,0.055805,-800.000000,0.000000,2244.621539,0.089091
4.448000,0.350000,0.361619,-0.263422,29.790926,43.318364,-10.000000,0.111415,-800.000000,0.000000,2244.621539,0.089103
4.449000,0.350000,0.361362,-0.250976,29.224557,41.227195,-10.000000,0.176341,-800.000000,0.000000,2244.621539,0.089114
4.450000,0.350000,0.361118,-0.237857,28.602133,38.998406,-10.000000,0.252099,-800.000000,0.000000,2244.621539,0.089126
4.451000,0.350000,0.360887,-0.224065,27.905109,36.684972,-10.000000,0.339883,-800.000000,0.000000,2244.621539,0.089136
4.452000,0.350000,0.360670,-0.209644,27.118760,34.334270,-9.161218,0.440426,-800.000000,0.000000,2244.621539,0.089147
4.453000,0.350000,0.360468,-0.194679,26.232642,31.987778,-8.841177,0.553941,-800.000000,0.000000,2244.621539,0.089158
4.454000,0.350000,0.360281,-0.179282,25.241898,29.681000,-8.323694,0.680122,-800.000000,0.000000,2244.621539,0.089168
4.455000,0.350000,0.360109,-0.163588,24.146283,27.443570,-7.599370,0.818186,-800.000000,0.000000,2244.621539,0.089178
4.456000,0.350000,0.359953,-0.147745,22.949999,25.299507,-6.663360,0.966939,-800.000000,0.000000,2244.621539,0.089188
4.457000,0.350000,0.359814,-0.131906,21.661752,23.267570,-5.515802,1.124855,-800.000000,0.000000,2244.621539,0.089198
4.458000,0.350000,0.359690,-0.116224,20.294578,21.361697,-4.162021,1.290167,-800.000000,0.000000,2244.621539,0.089207
4.459000,0.350000,0.359581,-0.100844,18.865438,19.591496,-2.612498,1.460960,-800.000000,0.000000,2244.621539,0.089217
4.460000,0.350000,0.359488,-0.085896,17.394585,17.962778,-0.882559,1.635261,-800.000000,0.000000,2244.621539,0.089227
4.461000,0.350000,0.359409,-0.071492,15.904710,16.478096,-0.000000,1.811129,-800.000000,0.000000,2244.621539,0.089236
4.462000,0.350000,0.359345,-0.057723,14.419536,15.137294,-0.000000,1.986738,-800.000000,0.000000,2244.621539,0.089245
4.463000,0.350000,0.359293,-0.044655,12.961038,13.938033,-0.000000,2.160440,-800.000000,0.000000,2244.621539,0.089255
4.464000,0.350000,0.359255,-0.032333,11.547409,12.876292,-0.000000,2.330812,-800.000000,0.000000,2244.621539,0.089264
4.465000,0.350000,0.359229,-0.020783,10.192976,11.946826,-0.000000,2.496672,-800.000000,0.000000,2244.621539,0.089273
4.466000,0.350000,0.359213,-0.010017,8.908566,11.143577,-0.000000,2.657075,-800.000000,0.000000,2244.621539,0.089282
4.467000,0.350000,0.359208,-0.000450,7.702172,10.459832,-0.000000,2.810948,-800.000000,0.000000,2244.621539,0.089291
4.468000,0.350000,0.359211,0.006010,6.584145,9.884742,-0.000000,2.950590,-800.000000,0.000000,2244.621539,0.089301
4.469000,0.350000,0.359220,0.011005,5.562918,9.406983,-0.000000,3.069150,-800.000000,0.000000,2244.621539,0.089310
4.470000,0.350000,0.359233,0.015300,4.638940,9.020044,-0.000000,3.169668,-800.000000,0.000000,2244.621539,0.089319
4.471000,0.350000,0.359250,0.018938,3.810325,8.718372,-0.000000,3.255715,-800.000000,0.000000,2244.621539,0.089328
4.472000,0.350000,0.359271,0.021962,3.073936,8.496916,-0.000000,3.329798,-800.000000,0.000000,2244.621539,0.089338
4.473000,0.350000,0.359294,0.024416,2.425716,8.351191,-0.000000,3.393642,-800.000000,0.000000,2244.621539,0.089347
4.474000,0.350000,0.359319,0.026339,1.861002,8.277309,-0.000000,3.448474,-800.000000,0.000000,2244.621539,0.089356
4.475000,0.350000,0.359346,0.027772,1.374814,8.271983,-0.000000,3.495205,-800.000000,0.000000,2244.621539,0.089366
4.476000,0.350000,0.359375,0.028748,0.962146,8.334795,-0.000000,3.534536,-800.000000,0.203439,2244.626625,0.089375
4.477000,0.350000,0.359404,0.029285,0.618346,8.524441,-0.000000,3.567001,-800.000000,1.117212,2244.704295,0.089384
4.478000,0.350000,0.359433,0.029362,0.339754,8.863518,-0.000000,3.592872,-800.000000,1.999716,2244.871445,0.089394
4.479000,0.350000,0.359462,0.028959,0.125092,9.344883,-0.000000,3.612156,-800.000000,2.844179,2245.124517,0.089403
4.480000,0.350000,0.359491,0.028061,0.000000,9.960299,-0.000000,3.624689,-800.000000,3.644774,2245.459335,0.089413
4.481000,0.350000,0.359518,0.026710,0.000000,10.700700,-0.000000,3.630349,-800.000000,4.396610,2245.871200,0.089422
4.482000,0.350000,0.359544,0.024896,0.000000,11.556354,-0.000000,3.629156,-800.000000,5.095716,2246.354980,0.089432
4.483000,0.350000,0.359568,0.022553,0.000000,12.516777,-0.000000,3.620839,-800.000000,5.739027,2246.905204,0.089441
4.484000,0.350000,0.359589,0.019624,0.000000,13.570881,-0.000000,3.604843,-800.000000,6.324351,2247.516149,0.089451
4.485000,0.350000,0.359607,0.016058,0.000000,14.707133,-0.000000,3.580456,-800.000000,6.850317,2248.181924,0.089461
4.486000,0.350000,0.359621,0.011810,0.000000,15.913699,-0.000000,3.546892,-800.000000,7.316317,2248.896550,0.089470
4.487000,0.350000,0.359630,0.006842,0.000000,17.178595,-0.000000,3.503352,-800.000000,7.722434,2249.654029,0.089480
4.488000,0.350000,0.359634,0.001532,0.000000,18.490067,-0.000000,3.449509,-800.000000,8.069350,2250.448414,0.089489
4.489000,0.350000,0.359634,-0.002951,0.007937,19.839339,-0.000000,3.389930,-800.000000,8.357998,2251.273840,0.089499
4.490000,0.350000,0.359629,-0.006929,0.026217,21.219012,-0.000000,3.329956,-800.000000,8.589650,2252.124557,0.089509
4.491000,0.350000,0.359620,-0.011512,0.056196,22.619618,-0.000000,3.269225,-800.000000,8.766342,2252.994984,0.089518
4.492000,0.350000,0.359605,-0.016879,0.101895,24.030101,-0.000000,3.203767,-800.000000,8.890872,2253.879797,0.089528
4.493000,0.350000,0.359586,-0.023016,0.167260,25.439847,-0.000000,3.130579,-800.000000,8.966463,2254.773978,0.089538
4.494000,0.350000,0.359559,-0.029898,0.256130,26.838863,-0.000000,3.047746,-800.000000,8.996595,2255.672848,0.089547
4.495000,0.350000,0.359526,-0.037493,0.372217,28.217833,-0.000000,2.954123,-800.000000,8.984882,2256.572088,0.089557
4.496000,0.350000,0.359484,-0.045758,0.519058,29.568162,-0.000000,2.849102,-800.000000,8.934995,2257.467742,0.089566
4.497000,0.350000,0.359434,-0.054642,0.699968,30.882003,-0.000000,2.732459,-800.000000,8.850599,2258.356222,0.089576
4.498000,0.350000,0.359375,-0.064086,0.917983,32.152275,-0.000000,2.604262,-800.000000,8.735303,2259.234303,0.089585
4.499000,0.350000,0.359305,-0.074027,1.175829,33.372670,-0.000000,2.464806,-800.000000,8.592627,2260.099117,0.089594
4.500000,0.350000,0.359226,-0.084392,1.475873,34.537656,-0.000000,2.314569,-800.000000,8.425967,2260.948137,0.089603
4.501000,0.350000,0.359137,-0.095105,1.820373,35.642467,-0.000000,2.154184,-800.000000,8.274094,2261.780059,0.089613
4.502000,0.350000,0.359036,-0.106080,2.225219,36.683096,-0.000000,1.984425,-800.000000,8.283422,2262.608402,0.089622
4.503000,0.350000,0.358924,-0.117213,2.696667,37.656313,-0.000000,1.806243,-800.000000,8.250102,2263.434978,0.089631
4.504000,0.350000,0.358802,-0.128402,3.231666,38.559640,-0.000000,1.620758,-800.000000,8.178372,2264.255789,0.089639
4.505000,0.350000,0.358668,-0.139542,3.826993,39.391306,-0.000000,1.429212,-800.000000,8.072256,2265.067247,0.089648
4.506000,0.350000,0.358523,-0.150534,4.479263,40.150198,-0.000000,1.232927,-800.000000,7.935529,2265.866152,0.089657
4.507000,0.350000,0.358367,-0.161281,5.184944,40.835800,-0.000000,1.033268,-800.000000,7.771684,2266.649664,0.089665
4.508000,0.350000,0.358200,-0.171689,5.940371,41.448137,-0.000000,0.831628,-800.000000,7.583901,2267.415271,0.089673
4.509000,0.350000,0.358023,-0.181668,6.741751,41.987714,-0.000000,0.629410,-800.000000,7.375034,2268.160761,0.089681
4.510000,0.350000,0.357837,-0.191134,7.585183,42.455451,-0.000000,0.428009,-800.000000,7.147599,2268.884186,0.089689
4.511000,0.350000,0.357641,-0.200004,8.466663,42.852627,-0.000000,0.228809,-800.000000,6.903775,2269.583827,0.089697
4.512000,0.350000,0.357437,-0.208202,9.382094,43.180811,-0.000000,0.033167,-800.000000,6.645412,2270.258164,0.089704
4.513000,0.350000,0.357225,-0.215658,10.327303,43.441813,0.157589,-10.000000,-800.000000,6.374055,2270.905841,0.089711
4.514000,0.350000,0.357006,-0.222305,11.298156,43.633623,0.342170,-10.000000,-800.000000,6.021976,2271.522377,0.089718
4.515000,0.350000,0.356781,-0.228076,12.290991,43.739704,0.519313,-10.000000,-800.000000,5.539937,2272.095350,0.089725
4.516000,0.350000,0.356550,-0.232894,13.302671,43.743138,0.687741,-10.000000,-800.000000,4.954235,2272.613461,0.089732
4.517000,0.350000,0.356315,-0.236680,14.330423,43.630165,0.846123,-10.000000,-800.000000,4.284530,2273.067623,0.089738
4.518000,0.350000,0.356077,-0.239348,15.371674,43.389346,0.993056,-10.000000,-800.000000,3.544467,2273.450332,0.089744
4.519000,0.350000,0.355837,-0.240809,16.423897,43.010824,1.127060,-10.000000,-800.000000,2.742503,2273.755117,0.089750
4.520000,0.350000,0.355596,-0.240970,17.484470,42.485723,1.246576,-10.000000,-800.000000,1.882842,2273.976082,0.089755
4.521000,0.350000,0.355356,-0.239737,18.550545,41.800396,1.349972,-10.000000,-800.000000,1.322225,2274.118971,0.089761
4.522000,0.350000,0.355117,-0.236996,19.618899,40.886345,1.435511,-10.000000,-800.000000,1.411926,2274.256665,0.089766
4.523000,0.350000,0.354882,-0.232604,20.685722,39.729479,1.501234,-10.000000,-800.000000,1.518174,2274.404374,0.089771
4.524000,0.350000,0.354652,-0.226429,21.746525,38.340209,1.544976,-10.000000,-800.000000,1.639350,2274.563656,0.089775
4.525000,0.350000,0.354430,-0.218347,22.796103,36.734310,1.564468,-10.000000,-800.000000,1.773283,2274.735871,0.089780
4.526000,0.350000,0.354216,-0.208252,23.828527,34.932408,1.557436,-10.000000,-800.000000,1.917338,2274.922135,0.089784
4.527000,0.350000,0.354014,-0.196058,24.837161,32.959374,1.521680,-10.000000,-800.000000,2.068501,2275.123273,0.089788
4.528000,0.350000,0.353825,-0.181699,25.814692,30.843664,1.455141,-10.000000,-800.000000,2.223467,2275.339792,0.089792
4.529000,0.350000,0.353651,-0.165135,26.753192,28.616610,1.355967,-8.616610,-800.000000,2.378721,2275.571853,0.089796
4.530000,0.350000,0.353496,-0.146352,27.644192,26.312392,1.222561,-7.174053,-800.000000,2.530615,2275.819259,0.089799
4.531000,0.350000,0.353360,-0.125366,28.478774,23.969726,1.053631,-5.462627,-800.000000,2.675437,2276.081441,0.089802
4.532000,0.350000,0.353246,-0.102223,29.247685,21.630714,0.848240,-3.520587,-800.000000,2.809461,2276.357459,0.089806
4.533000,0.350000,0.353156,-0.077005,29.941456,19.339140,0.605847,-1.392084,-800.000000,2.928971,2276.646002,0.089809
4.534000,0.350000,0.353092,-0.049826,30.550535,17.138609,0.326351,-0.000000,-800.000000,3.030263,2276.945386,0.089812
4.535000,0.350000,0.353057,-0.020833,31.065409,15.070194,0.010115,-0.000000,-800.000000,3.109623,2277.253558,0.089815
4.536000,0.350000,0.353051,0.008700,31.477417,13.168286,-10.000000,0.341097,-800.000000,3.163225,2277.568087,0.089818
4.537000,0.350000,0.353074,0.037281,31.781310,11.451923,-10.000000,0.714102,-800.000000,3.063153,2277.880290,0.089821
4.538000,0.350000,0.353126,0.067057,31.946635,9.936617,-10.000000,1.106460,-800.000000,2.708825,2278.166305,0.089824
4.539000,0.350000,0.353208,0.097750,31.939635,8.632394,-10.000000,1.520030,-800.000000,2.133586,2278.402850,0.089827
4.540000,0.350000,0.353322,0.129049,31.731405,7.542100,-10.000000,1.954940,-800.000000,1.363040,2278.569494,0.089831
4.541000,0.350000,0.353466,0.160616,31.297027,6.662363,-10.000000,2.409670,-800.000000,0.415271,2278.647894,0.089834
4.542000,0.350000,0.353643,0.192095,30.614059,5.984803,-10.000000,2.881475,-800.000000,0.000000,2278.651696,0.089838
4.543000,0.350000,0.353850,0.223115,29.664047,5.497444,-9.664047,3.366708,-800.000000,0.000000,2278.651696,0.089842
4.544000,0.350000,0.354089,0.253302,28.440820,5.186261,-9.407225,3.861056,-800.000000,0.000000,2278.651696,0.089846
4.545000,0.350000,0.354357,0.282289,26.946814,5.036723,-8.757300,4.359745,-800.000000,0.000000,2278.651696,0.089850
4.546000,0.350000,0.354653,0.309722,25.192686,5.035144,-7.697854,4.857722,-800.000000,0.000000,2278.651696,0.089855
4.547000,0.350000,0.354975,0.335271,23.197877,5.169688,-6.222314,5.349815,-800.000000,0.000000,2278.651696,0.089860
4.548000,0.350000,0.355323,0.358638,20.990948,5.430960,-4.335172,5.830865,-800.000000,0.000000,2278.651696,0.089865
4.549000,0.350000,0.355692,0.379559,18.609330,5.812213,-2.052650,6.295864,-800.000000,0.000000,2278.651696,0.089871
4.550000,0.350000,0.356081,0.397817,16.098453,6.309301,-0.000000,6.740074,-800.000000,0.000000,2278.651696,0.089877
4.551000,0.350000,0.356487,0.413243,13.509991,6.920471,-0.000000,7.159148,-800.000000,0.000000,2278.651696,0.089883
4.552000,0.350000,0.356906,0.425722,10.898286,7.646108,-0.000000,7.549229,-800.000000,0.000000,2278.651696,0.089890
4.553000,0.350000,0.357337,0.435190,8.315931,8.488488,-0.000000,7.907037,-800.000000,0.000000,2278.651696,0.089898
4.554000,0.350000,0.357776,0.441632,5.813975,9.451543,-0.000000,8.229905,-800.000000,0.000000,2278.651696,0.089905
4.555000,0.350000,0.358219,0.445083,3.445150,10.540672,-0.000000,8.515809,-800.000000,0.000000,2278.651696,0.089914
4.556000,0.350000,0.358665,0.445628,1.274743,11.763127,-0.000000,8.763391,-800.000000,0.151719,2278.655489,0.089922
4.557000,0.350000,0.359110,0.443464,0.000000,13.207802,-0.000000,8.972060,-800.000000,1.885977,2278.779474,0.089931
4.558000,0.350000,0.359551,0.439840,0.000000,14.924948,-0.000000,9.144391,-800.000000,3.553429,2279.072908,0.089941
4.559000,0.350000,0.359989,0.435146,0.000000,16.898360,-0.000000,9.287057,-800.000000,5.129103,2279.527542,0.089951
4.560000,0.350000,0.360421,0.429242,0.000000,19.107511,-0.000000,9.404515,-800.000000,6.589304,2280.132705,0.089961
4.561000,0.350000,0.360847,0.421998,0.000000,21.527704,-0.000000,9.498767,-800.000000,7.912144,2280.875466,0.089972
4.562000,0.350000,0.361265,0.413300,0.000000,24.130439,-0.000000,9.570244,-800.000000,9.077931,2281.740840,0.089983
4.563000,0.350000,0.361673,0.403052,0.000000,26.883855,-0.000000,9.618466,-800.000000,10.069440,2282.712025,0.089995
4.564000,0.350000,0.362070,0.391179,0.000000,29.753207,-0.000000,9.642466,-800.000000,10.872100,2283.770660,0.090007
4.565000,0.350000,0.362455,0.377624,0.000000,32.701372,-0.000000,9.641069,-800.000000,11.474103,2284.897102,0.090020
4.566000,0.350000,0.362825,0.362353,0.000000,35.689375,-0.000000,9.613077,-800.000000,11.866463,2286.070700,0.090033
4.567000,0.350000,0.363179,0.345356,0.000000,38.676927,-0.000000,9.557395,-800.000000,12.043024,2287.270084,0.090046
4.568000,0.350000,0.363515,0.326645,0.000000,41.622959,-0.000000,9.473110,-800.000000,12.000425,2288.473443,0.090059
4.569000,0.350000,0.363832,0.306258,0.000000,44.486144,-0.000000,9.359554,-800.000000,11.738012,2289.658798,0.090073
4.570000,0.350000,0.364127,0.284254,0.000000,47.225412,-0.000000,9.216338,-800.000000,11.257689,2290.804267,0.090087
4.571000,0.350000,0.364400,0.260717,0.000000,49.800421,-0.000000,9.043385,-800.000000,10.563682,2291.888308,0.090102
4.572000,0.350000,0.364648,0.235754,0.000000,52.171983,-0.000000,8.840943,-800.000000,9.662143,2292.889924,0.090116
4.573000,0.350000,0.364871,0.209494,0.000000,54.302398,-0.000000,8.609597,-800.000000,8.560456,2293.788816,0.090131
4.574000,0.350000,0.365067,0.182085,0.000000,56.155621,-0.000000,8.350274,-800.000000,7.265858,2294.565433,0.090146
4.575000,0.350000,0.365235,0.153696,0.000000,57.697071,-0.000000,8.064239,-800.000000,5.782161,2295.200770,0.090161
4.576000,0.350000,0.365374,0.124517,0.000000,58.892453,-0.000000,7.753098,-800.000000,4.099580,2295.675494,0.090177
4.577000,0.350000,0.365484,0.094757,0.000000,59.702566,-0.000000,7.418795,-800.000000,2.142443,2295.966069,0.090192
4.578000,0.350000,0.365563,0.064656,0.000000,60.029488,-0.000000,7.063638,-800.000000,0.000000,2296.027596,0.090208
4.579000,0.350000,0.365613,0.034479,0.000000,60.028893,-0.000000,6.690406,-800.000000,0.000000,2296.027596,0.090223
4.580000,0.350000,0.365632,0.004314,0.000000,60.000096,-0.000000,6.301810,-800.000000,0.000000,2296.027596,0.090239
4.581000,0.350000,0.365623,-0.022899,0.049534,59.982388,-0.000000,5.906047,-800.000000,0.442807,2296.056846,0.090255
4.582000,0.350000,0.365587,-0.049509,0.181724,59.953184,-0.000000,5.513349,-800.000000,0.822712,2296.124962,0.090270
4.583000,0.350000,0.365524,-0.075948,0.400042,59.909707,-0.000000,5.120968,-800.000000,1.193446,2296.230465,0.090286
4.584000,0.350000,0.365435,-0.102115,0.707094,59.851294,-0.000000,4.726617,-800.000000,1.556300,2296.372552,0.090301
4.585000,0.350000,0.365320,-0.127911,1.104698,59.777528,-0.000000,4.329338,-800.000000,1.909982,2296.550366,0.090317
4.586000,0.350000,0.365179,-0.153233,1.593979,59.687997,-0.000000,3.929107,-800.000000,2.252452,2296.762865,0.090332
4.587000,0.350000,0.365013,-0.177979,2.175390,59.582226,-0.000000,3.526513,-800.000000,2.581440,2297.008786,0.090347
4.588000,0.350000,0.364823,-0.202048,2.848719,59.459649,-0.000000,3.122539,-800.000000,2.894618,2297.286637,0.090362
4.589000,0.350000,0.364610,-0.225337,3.613093,59.319614,-0.000000,2.718429,-800.000000,3.189665,2297.594689,0.090376
4.590000,0.350000,0.364373,-0.247746,4.466989,59.161375,-0.000000,2.315597,-800.000000,3.464298,2297.930989,0.090391
4.591000,0.350000,0.364114,-0.269175,5.408248,58.984101,-0.000000,1.915568,-800.000000,3.716287,2298.293353,0.090405
4.592000,0.350000,0.363835,-0.289529,6.434091,58.786881,-0.000000,1.519940,-800.000000,3.943470,2298.679383,0.090418
4.593000,0.350000,0.363536,-0.308712,7.541146,58.568723,-0.000000,1.130358,-800.000000,4.143764,2299.086466,0.090432
4.594000,0.350000,0.363218,-0.326635,8.725467,58.328566,-0.000000,0.748489,-800.000000,4.315179,2299.511789,0.090445
4.595000,0.350000,0.362883,-0.343209,9.982608,58.065283,-0.000000,0.376010,-800.000000,4.468863,2299.952671,0.090458
4.596000,0.350000,0.362532,-0.358351,11.313635,57.777690,-0.000000,0.014598,-800.000000,4.730568,2300.416359,0.090471
4.597000,0.350000,0.362167,-0.371973,12.715497,57.464573,0.334060,-10.000000,-800.000000,4.935251,2300.902654,0.090483
4.598000,0.350000,0.361789,-0.383994,14.179852,57.123117,0.668268,-10.000000,-800.000000,5.060048,2301.404779,0.090495
4.599000,0.350000,0.361399,-0.394339,15.699348,56.744400,0.986345,-10.000000,-800.000000,5.088979,2301.913295,0.090506
4.600000,0.350000,0.361001,-0.402931,17.267629,56.318411,1.286624,-10.000000,-800.000000,5.032066,2302.419278,0.090517
4.601000,0.350000,0.360594,-0.409697,18.879045,55.835342,1.567441,-10.000000,-800.000000,4.894877,2302.914526,0.090528
4.602000,0.350000,0.360182,-0.414561,20.528371,55.285282,1.827124,-10.000000,-800.000000,4.679331,2303.391154,0.090538
4.603000,0.350000,0.359766,-0.417446,22.210545,54.658023,2.063985,-10.000000,-800.000000,4.384423,2303.841285,0.090548
4.604000,0.350000,0.359348,-0.418277,23.920424,53.942945,2.276309,-10.000000,-800.000000,4.006871,2304.256793,0.090557
4.605000,0.350000,0.358930,-0.416974,25.652572,53.128965,2.462351,-10.000000,-800.000000,3.541697,2304.629114,0.090566
4.606000,0.350000,0.358514,-0.413458,27.401063,52.204557,2.620331,-10.000000,-800.000000,2.982775,2304.949109,0.090574
4.607000,0.350000,0.358104,-0.407651,29.159321,51.157815,2.748433,-10.000000,-800.000000,2.323343,2305.206984,0.090582
4.608000,0.350000,0.357700,-0.399468,30.919982,49.944743,2.844802,-10.000000,-800.000000,2.117112,2305.414875,0.090590
4.609000,0.350000,0.357306,-0.388767,32.674658,48.408223,2.907421,-10.000000,-800.000000,2.355832,2305.641498,0.090597
4.610000,0.350000,0.356923,-0.375367,34.413640,46.551499,2.933830,-10.000000,-800.000000,2.592864,2305.891930,0.090604
4.611000,0.350000,0.356556,-0.359113,36.125916,44.407340,2.921254,-10.000000,-800.000000,2.822726,2306.165659,0.090611
4.612000,0.350000,0.356206,-0.339882,37.799275,42.013775,2.866837,-10.000000,-800.000000,3.040071,2306.461633,0.090617
4.613000,0.350000,0.355877,-0.317585,39.420475,39.413076,2.767838,-10.000000,-800.000000,3.239962,2306.778287,0.090623
4.614000,0.350000,0.355572,-0.292174,40.975452,36.650706,2.621771,-10.000000,-800.000000,3.418153,2307.113604,0.090629
4.615000,0.350000,0.355294,-0.263639,42.449570,33.774253,2.426508,-10.000000,-800.000000,3.571358,2307.465199,0.090634
4.616000,0.350000,0.355046,-0.232014,43.827918,30.832376,2.180368,-10.000000,-800.000000,3.697490,2307.830434,0.090639
4.617000,0.350000,0.354831,-0.197375,45.095632,27.873761,1.882173,-7.873761,-800.000000,3.795843,2308.206545,0.090644
4.618000,0.350000,0.354652,-0.159838,46.238227,24.947193,1.531289,-5.734569,-800.000000,3.867185,2308.590792,0.090648
4.619000,0.350000,0.354512,-0.119560,47.241946,22.104079,1.127657,-3.386175,-800.000000,3.913704,2308.980600,0.090653
4.620000,0.350000,0.354414,-0.076742,48.094077,19.396404,0.671816,-0.888908,-800.000000,3.938765,2309.373688,0.090657
4.621000,0.350000,0.354359,-0.031619,48.783225,16.873825,0.164916,-0.000000,-800.000000,3.946435,2309.768163,0.090662
4.622000,0.350000,0.354351,0.014420,49.300197,14.579715,-10.000000,0.390356,-800.000000,3.940637,2310.162538,0.090666
4.623000,0.350000,0.354388,0.059817,49.642613,12.540688,-10.000000,0.979701,-800.000000,3.848770,2310.552070,0.090670
4.624000,0.350000,0.354471,0.106592,49.791867,10.776656,-10.000000,1.599606,-800.000000,3.618287,2310.923513,0.090675
4.625000,0.350000,0.354601,0.154372,49.727829,9.298727,-10.000000,2.250670,-800.000000,3.272566,2311.264578,0.090680
4.626000,0.350000,0.354780,0.202764,49.433890,8.107939,-10.000000,2.931761,-800.000000,2.821239,2311.564445,0.090684
4.627000,0.350000,0.355007,0.251363,48.895392,7.196801,-10.000000,3.640178,-800.000000,2.262144,2311.812500,0.090689
4.628000,0.350000,0.355282,0.299760,48.098349,6.551363,-10.000000,4.372104,-800.000000,1.584266,2311.997334,0.090695
4.629000,0.350000,0.355606,0.347542,47.028546,6.153710,-10.000000,5.122948,-800.000000,0.770993,2312.106062,0.090700
4.630000,0.350000,0.355977,0.394291,45.669105,5.984639,-10.000000,5.887566,-800.000000,0.000000,2312.128876,0.090706
4.631000,0.350000,0.356394,0.439563,43.941021,6.026093,-10.000000,6.660360,-800.000000,0.000000,2312.128876,0.090713
4.632000,0.350000,0.356856,0.482852,41.813469,6.262900,-10.000000,7.435127,-800.000000,0.000000,2312.128876,0.090719
4.633000,0.350000,0.357359,0.523663,39.300287,6.683876,-10.000000,8.205079,-800.000000,0.000000,2312.128876,0.090727
4.634000,0.350000,0.357902,0.561521,36.424558,7.282263,-10.000000,8.963079,-800.000000,0.000000,2312.128876,0.090735
4.635000,0.350000,0.358481,0.595984,33.218363,8.055648,-10.000000,9.701850,-800.000000,0.000000,2312.128876,0.090743
4.636000,0.350000,0.359093,0.626646,29.722487,9.005598,-9.722487,10.000000,-800.000000,0.000000,2312.128876,0.090752
4.637000,0.350000,0.359733,0.653143,25.986279,10.137078,-6.958528,10.000000,-800.000000,0.000000,2312.128876,0.090762
4.638000,0.350000,0.360398,0.675160,22.069150,11.457400,-3.640026,10.000000,-800.000000,0.000000,2312.128876,0.090772
4.639000,0.350000,0.361082,0.692444,18.044370,12.975308,-0.000000,10.000000,-800.000000,0.000000,2312.128876,0.090783
4.640000,0.350000,0.361781,0.704814,13.997745,14.700514,-0.000000,10.000000,-800.000000,0.000000,2312.128876,0.090795
4.641000,0.350000,0.362490,0.712172,10.023104,16.643518,-0.000000,10.000000,-800.000000,0.044388,2312.129986,0.090808
4.642000,0.350000,0.363203,0.714495,6.217266,18.876338,-0.000000,10.000000,-800.000000,2.089658,2312.263315,0.090821
4.643000,0.350000,0.363917,0.711817,2.691228,21.432863,-0.000000,10.000000,-800.000000,3.978726,2312.591722,0.090835
4.644000,0.350000,0.364625,0.704325,0.000000,24.269948,-0.000000,10.000000,-800.000000,5.673859,2313.097191,0.090849
4.645000,0.350000,0.365325,0.693726,0.000000,27.341560,-0.000000,10.000000,-800.000000,7.142179,2313.758236,0.090865
4.646000,0.350000,0.366012,0.681296,0.000000,30.601876,-0.000000,10.000000,-800.000000,8.355023,2314.550355,0.090881
4.647000,0.350000,0.366687,0.666941,0.000000,34.000963,-0.000000,10.000000,-800.000000,9.287803,2315.446430,0.090897
4.648000,0.350000,0.367346,0.650598,0.000000,37.484875,-0.000000,10.000000,-800.000000,9.919568,2316.417122,0.090915
4.649000,0.350000,0.367987,0.632235,0.000000,40.996285,-0.000000,10.000000,-800.000000,10.232136,2317.431174,0.090933
4.650000,0.350000,0.368609,0.611855,0.000000,44.474927,-0.000000,10.000000,-800.000000,10.208601,2318.455609,0.090951
4.651000,0.350000,0.369210,0.589496,0.000000,47.857714,-0.000000,10.000000,-800.000000,9.830685,2319.455700,0.090971
4.652000,0.350000,0.369788,0.565234,0.000000,51.078234,-0.000000,10.000000,-800.000000,9.073523,2320.394538,0.090990
4.653000,0.350000,0.370340,0.539184,0.000000,54.064923,-0.000000,10.000000,-800.000000,7.893596,2321.231706,0.091011
4.654000,0.350000,0.370866,0.511506,0.000000,56.735687,-0.000000,10.000000,-800.000000,6.192333,2321.919486,0.091032
4.655000,0.350000,0.371363,0.482414,0.000000,58.978274,-0.000000,10.000000,-800.000000,3.630047,2322.388440,0.091053
4.656000,0.350000,0.371830,0.452236,0.000000,60.416286,-0.000000,10.000000,-800.000000,0.000000,2322.487935,0.091075
4.657000,0.350000,0.372267,0.421507,0.000000,61.091055,-0.000000,10.000000,-800.000000,0.000000,2322.487935,0.091097
4.658000,0.350000,0.372673,0.390493,0.000000,61.480405,-0.000000,10.000000,-800.000000,0.000000,2322.487935,0.091120
4.659000,0.350000,0.373048,0.359332,0.000000,61.672736,-0.000000,10.000000,-800.000000,0.000000,2322.487935,0.091143
4.660000,0.350000,0.373392,0.328119,0.000000,61.718106,-0.000000,10.000000,-800.000000,0.000000,2322.487935,0.091166
4.661000,0.350000,0.373704,0.296930,0.000000,61.653467,-0.000000,10.000000,-800.000000,0.000000,2322.487935,0.091190
4.662000,0.350000,0.373986,0.265817,0.000000,61.509000,-0.000000,10.000000,-800.000000,0.000000,2322.487935,0.091214
4.663000,0.350000,0.374236,0.234818,0.000000,61.311399,-0.000000,10.000000,-800.000000,0.000000,2322.487935,0.091238
4.664000,0.350000,0.374455,0.203952,0.000000,61.091395,-0.000000,10.000000,-800.000000,0.000000,2322.487935,0.091263
4.665000,0.350000,0.374644,0.173225,0.000000,60.864312,-0.000000,10.000000,-800.000000,0.000000,2322.487935,0.091287
4.666000,0.350000,0.374802,0.142637,0.000000,60.641341,-0.000000,10.000000,-800.000000,0.000000,2322.487935,0.091312
4.667000,0.350000,0.374929,0.112178,0.000000,60.433414,-0.000000,10.000000,-800.000000,0.000000,2322.487935,0.091337
4.668000,0.350000,0.375026,0.081832,0.000000,60.251752,-0.000000,10.000000,-800.000000,0.000000,2322.487935,0.091362
4.669000,0.350000,0.375093,0.051579,0.000000,60.108772,-0.000000,10.000000,-800.000000,0.000000,2322.487935,0.091387
4.670000,0.350000,0.375129,0.021384,0.000000,60.020047,-0.000000,10.000000,-800.000000,0.000000,2322.487935,0.091412
4.671000,0.350000,0.375136,-0.007783,0.011487,59.993650,-0.000000,9.687525,-800.000000,0.224982,2322.496241,0.091437
4.672000,0.350000,0.375115,-0.034450,0.095311,59.973744,-0.000000,9.178438,-800.000000,0.624706,2322.543968,0.091462
4.673000,0.350000,0.375067,-0.061002,0.262584,59.941814,-0.000000,8.714145,-800.000000,1.009490,2322.630544,0.091488
4.674000,0.350000,0.374993,-0.087344,0.517055,59.896934,-0.000000,8.276063,-800.000000,1.388616,2322.755224,0.091513
4.675000,0.350000,0.374892,-0.113376,0.861411,59.839076,-0.000000,7.852344,-800.000000,1.763407,2322.917543,0.091537
4.676000,0.350000,0.374766,-0.139000,1.297554,59.768575,-0.000000,7.436097,-800.000000,2.133190,2323.117049,0.091562
4.677000,0.350000,0.374615,-0.164113,1.826648,59.685742,-0.000000,7.023605,-800.000000,2.494602,2323.353028,0.091587
4.678000,0.350000,0.374438,-0.188615,2.449137,59.590720,-0.000000,6.613152,-800.000000,2.845985,2323.624534,0.091611
4.679000,0.350000,0.374238,-0.212404,3.164747,59.483667,-0.000000,6.204284,-800.000000,3.185545,2323.930455,0.091635
4.680000,0.350000,0.374014,-0.235382,3.972502,59.364719,-0.000000,5.797341,-800.000000,3.511377,2324.269489,0.091659
4.681000,0.350000,0.373767,-0.257450,4.870739,59.233979,-0.000000,5.393166,-800.000000,3.821573,2324.640143,0.091683
4.682000,0.350000,0.373499,-0.278512,5.857127,59.091516,-0.000000,4.992919,-800.000000,4.114275,2325.040738,0.091707
4.683000,0.350000,0.373210,-0.298476,6.928697,58.937369,-0.000000,4.597954,-800.000000,4.387699,2325.469411,0.091730
4.684000,0.350000,0.372902,-0.317252,8.082088,58.771550,-0.000000,4.209743,-800.000000,4.675776,2325.925020,0.091753
4.685000,0.350000,0.372576,-0.334751,9.322826,58.594054,-0.000000,3.829827,-800.000000,5.105662,2326.419885,0.091775
4.686000,0.350000,0.372233,-0.350879,10.648541,58.404889,-0.000000,3.459820,-800.000000,5.482074,2326.954393,0.091798
4.687000,0.350000,0.371875,-0.365552,12.050441,58.204079,-0.000000,3.101384,-800.000000,5.805607,2327.523231,0.091820
4.688000,0.350000,0.371503,-0.378691,13.519681,57.991666,-0.000000,2.756179,-800.000000,6.077080,2328.121162,0.091841
4.689000,0.350000,0.371118,-0.390228,15.047406,57.767711,-0.626993,2.425828,-800.000000,6.297532,2328.743042,0.091862
4.690000,0.350000,0.370723,-0.400104,16.624360,57.532302,-1.804906,2.111895,-800.000000,6.458252,2329.383375,0.091883
4.691000,0.350000,0.370319,-0.408270,18.239019,57.285558,-3.161557,1.815861,-800.000000,6.534704,2330.034752,0.091903
4.692000,0.350000,0.369907,-0.414690,19.876204,57.027639,-4.685186,1.539106,-800.000000,6.497139,2330.686873,0.091923
4.693000,0.350000,0.369490,-0.419344,21.517057,56.758735,-6.359000,1.282867,-800.000000,6.318095,2331.326599,0.091943
4.694000,0.350000,0.369069,-0.422233,23.139420,56.479059,-8.161220,1.048204,-800.000000,5.973212,2331.938232,0.091962
4.695000,0.350000,0.368646,-0.423383,24.719452,56.188827,-10.000000,0.835946,-800.000000,5.682478,2332.512500,0.091980
4.696000,0.350000,0.368223,-0.422838,26.237063,55.888249,-10.000000,0.646659,-800.000000,5.605586,2333.076158,0.091999
4.697000,0.350000,0.367801,-0.420669,27.662008,55.577507,-10.000000,0.480621,-800.000000,5.501625,2333.630426,0.092016
4.698000,0.350000,0.367382,-0.416976,28.963753,55.256724,-10.000000,0.337773,-800.000000,5.371960,2334.172679,0.092034
4.699000,0.350000,0.366967,-0.411890,30.114818,54.925926,-10.000000,0.217678,-800.000000,5.218241,2334.700448,0.092051
4.700000,0.350000,0.366558,-0.405563,31.091350,54.585010,-10.000000,0.119499,-800.000000,5.042375,2335.211446,0.092067
4.701000,0.350000,0.366157,-0.398173,31.873577,54.233720,-10.000000,0.042006,-800.000000,4.846490,2335.703588,0.092083
4.702000,0.350000,0.365762,-0.389912,32.446147,53.871626,-10.000000,0.000000,-800.000000,4.632890,2336.175017,0.092099
4.703000,0.350000,0.365377,-0.380984,32.798335,53.498115,0.057661,-10.000000,-800.000000,4.404079,2336.624114,0.092115
4.704000,0.350000,0.365001,-0.371603,32.929992,53.109796,0.084003,-10.000000,-800.000000,4.116003,2337.047324,0.092130
4.705000,0.350000,0.364634,-0.361959,32.867384,52.693153,0.097847,-10.000000,-800.000000,3.729409,2337.435497,0.092144
4.706000,0.350000,0.364277,-0.352208,32.642182,52.232993,0.101608,-10.000000,-800.000000,3.252155,2337.779294,0.092158
4.707000,0.350000,0.363929,-0.342464,32.284428,51.714840,0.097508,-10.000000,-800.000000,2.689405,2338.069991,0.092172
4.708000,0.350000,0.363592,-0.332806,31.821967,51.124614,0.087469,-10.000000,-800.000000,2.043853,2338.299227,0.092186
4.709000,0.350000,0.363264,-0.323279,31.280071,50.448348,0.073039,-10.000000,-800.000000,1.316077,2338.458771,0.092199
4.710000,0.350000,0.362945,-0.313894,30.681219,49.671965,0.055367,-10.000000,-800.000000,0.504976,2338.540343,0.092212
4.711000,0.350000,0.362636,-0.304634,30.045004,48.765982,0.035192,-10.000000,-800.000000,0.000000,2338.549254,0.092225
4.712000,0.350000,0.362336,-0.295416,29.388053,47.597974,0.012766,-10.000000,-800.000000,0.000000,2338.549254,0.092237
4.713000,0.350000,0.362045,-0.286088,28.723908,46.146775,0.000000,-10.000000,-800.000000,0.000000,2338.549254,0.092249
4.714000,0.350000,0.361764,-0.276491,28.063162,44.425894,0.000000,-10.000000,-800.000000,0.000000,2338.549254,0.092261
4.715000,0.350000,0.361492,-0.266467,27.413717,42.454460,-10.000000,0.075657,-800.000000,0.000000,2338.549254,0.092272
4.716000,0.350000,0.361231,-0.255866,26.775800,40.263112,-9.268572,0.117250,-800.000000,0.000000,2338.549254,0.092284
4.717000,0.350000,0.360981,-0.244573,26.128770,37.909790,-9.189100,0.168061,-800.000000,0.000000,2338.549254,0.092295
4.718000,0.350000,0.360742,-0.232531,25.451515,35.454252,-9.007406,0.229880,-800.000000,0.000000,2338.549254,0.092305
4.719000,0.350000,0.360516,-0.219736,24.726955,32.950125,-8.703338,0.304107,-800.000000,0.000000,2338.549254,0.092316
4.720000,0.350000,0.360303,-0.206225,23.941854,30.444498,-8.259303,0.391647,-800.000000,0.000000,2338.549254,0.092326
4.721000,0.350000,0.360104,-0.192074,23.087034,27.977770,-7.660799,0.492867,-800.000000,0.000000,2338.549254,0.092336
4.722000,0.350000,0.359919,-0.177385,22.157544,25.583738,-6.896910,0.607621,-800.000000,0.000000,2338.549254,0.092346
4.723000,0.350000,0.359749,-0.162283,21.152736,23.289838,-5.960727,0.735292,-800.000000,0.000000,2338.549254,0.092356
4.724000,0.350000,0.359594,-0.146904,20.076221,21.117528,-4.849654,0.874862,-800.000000,0.000000,2338.549254,0.092366
4.725000,0.350000,0.359455,-0.131389,18.935662,19.082762,-3.565563,1.024997,-800.000000,0.000000,2338.549254,0.092375
4.726000,0.350000,0.359332,-0.115878,17.742410,17.196529,-2.114763,1.184133,-800.000000,0.000000,2338.549254,0.092384
4.727000,0.350000,0.359224,-0.100503,16.510965,15.465433,-0.507769,1.350569,-800.000000,0.000000,2338.549254,0.092394
4.728000,0.350000,0.359131,-0.085384,15.258284,13.892290,-0.000000,1.522551,-800.000000,0.000000,2338.549254,0.092403
4.729000,0.350000,0.359053,-0.070623,14.002496,12.476732,-0.000000,1.698354,-800.000000,0.000000,2338.549254,0.092412
4.730000,0.350000,0.358989,-0.056304,12.760183,11.215793,-0.000000,1.876354,-800.000000,0.000000,2338.549254,0.092421
4.731000,0.350000,0.358940,-0.042495,11.545061,10.104468,-0.000000,2.055068,-800.000000,0.000000,2338.549254,0.092430
4.732000,0.350000,0.358904,-0.029247,10.368006,9.136239,-0.000000,2.233182,-800.000000,0.000000,2338.549254,0.092439
4.733000,0.350000,0.358881,-0.016600,9.237347,8.303546,-0.000000,2.409560,-800.000000,0.000000,2338.549254,0.092448
4.734000,0.350000,0.358871,-0.004586,8.159169,7.598229,-0.000000,2.583236,-800.000000,0.000000,2338.549254,0.092456
4.735000,0.350000,0.358871,0.004884,7.140123,7.009959,-0.000000,2.750034,-800.000000,0.000000,2338.549254,0.092465
4.736000,0.350000,0.358880,0.012134,6.190718,6.524114,-0.000000,2.898982,-800.000000,0.000000,2338.549254,0.092474
4.737000,0.350000,0.358895,0.018746,5.313122,6.131682,-0.000000,3.030876,-800.000000,0.000000,2338.549254,0.092483
4.738000,0.350000,0.358917,0.024739,4.506410,5.825676,-0.000000,3.149343,-800.000000,0.000000,2338.549254,0.092492
4.739000,0.350000,0.358944,0.030134,3.768773,5.599782,-0.000000,3.256939,-800.000000,0.000000,2338.549254,0.092501
4.740000,0.350000,0.358977,0.034950,3.097755,5.448456,-0.000000,3.355311,-800.000000,0.000000,2338.549254,0.092510
4.741000,0.350000,0.359014,0.039210,2.490484,5.366982,-0.000000,3.445527,-800.000000,0.000000,2338.549254,0.092519
4.742000,0.350000,0.359055,0.042934,1.943888,5.351490,-0.000000,3.528296,-800.000000,0.000000,2338.549254,0.092528
4.743000,0.350000,0.359100,0.046144,1.454920,5.398939,-0.000000,3.604102,-800.000000,0.000000,2338.549254,0.092537
4.744000,0.350000,0.359147,0.048857,1.020829,5.507068,-0.000000,3.673285,-800.000000,0.000000,2338.549254,0.092546
4.745000,0.350000,0.359197,0.051082,0.639613,5.728333,-0.000000,3.736078,-800.000000,0.967605,2338.609495,0.092555
4.746000,0.350000,0.359249,0.052784,0.311130,6.114569,-0.000000,3.792502,-800.000000,1.915408,2338.765770,0.092565
4.747000,0.350000,0.359303,0.053921,0.041677,6.658343,-0.000000,3.842298,-800.000000,2.824350,2339.014449,0.092574
4.748000,0.350000,0.359357,0.054519,0.000000,7.351068,-0.000000,3.885117,-800.000000,3.688402,2339.351259,0.092583
4.749000,0.350000,0.359412,0.054665,0.000000,8.183504,-0.000000,3.921068,-800.000000,4.502429,2339.771384,0.092593
4.750000,0.350000,0.359466,0.054289,0.000000,9.145554,-0.000000,3.950182,-800.000000,5.262188,2340.269550,0.092602
4.751000,0.350000,0.359520,0.053321,0.000000,10.226277,-0.000000,3.972053,-800.000000,5.964318,2340.840113,0.092612
4.752000,0.350000,0.359573,0.051694,0.000000,11.414053,-0.000000,3.985988,-800.000000,6.606312,2341.477147,0.092621
4.753000,0.350000,0.359623,0.049349,0.000000,12.696739,-0.000000,3.991135,-800.000000,7.186469,2342.174526,0.092631
4.754000,0.350000,0.359671,0.046235,0.000000,14.061821,-0.000000,3.986575,-800.000000,7.703842,2342.926001,0.092641
4.755000,0.350000,0.359715,0.042307,0.000000,15.496552,-0.000000,3.971375,-800.000000,8.158175,2343.725273,0.092650
4.756000,0.350000,0.359755,0.037528,0.000000,16.988084,-0.000000,3.944630,-800.000000,8.549840,2344.566056,0.092660
4.757000,0.350000,0.359790,0.031870,0.000000,18.523586,-0.000000,3.905487,-800.000000,8.879778,2345.442138,0.092670
4.758000,0.350000,0.359819,0.025308,0.000000,20.090358,-0.000000,3.853157,-800.000000,9.149442,2346.347434,0.092680
4.759000,0.350000,0.359840,0.017829,0.000000,21.675932,-0.000000,3.786930,-800.000000,9.360744,2347.276032,0.092689
4.760000,0.350000,0.359854,0.009424,0.000000,23.268160,-0.000000,3.706179,-800.000000,9.516000,2348.222237,0.092699
4.761000,0.350000,0.359859,0.000503,0.000870,24.855505,-0.000000,3.610719,-800.000000,9.617860,2349.180610,0.092709
4.762000,0.350000,0.359856,-0.006944,0.021325,26.430976,-0.000000,3.507360,-800.000000,9.668696,2350.145964,0.092719
4.763000,0.350000,0.359845,-0.014597,0.067584,27.988783,-0.000000,3.402408,-800.000000,9.671015,2351.113344,0.092729
4.764000,0.350000,0.359826,-0.023094,0.143487,29.519170,-0.000000,3.292431,-800.000000,9.628335,2352.078115,0.092739
4.765000,0.350000,0.359799,-0.032387,0.253145,31.012669,-0.000000,3.173983,-800.000000,9.544596,2353.036019,0.092749
4.766000,0.350000,0.359761,-0.042415,0.400316,32.460647,-0.000000,3.044972,-800.000000,9.423929,2353.983209,0.092758
4.767000,0.350000,0.359714,-0.053113,0.588400,33.855351,-0.000000,2.904319,-800.000000,9.270527,2354.916254,0.092768
4.768000,0.350000,0.359655,-0.064401,0.829810,35.189933,-0.000000,2.751640,-800.000000,9.270977,2355.842967,0.092778
4.769000,0.350000,0.359585,-0.076183,1.138391,36.458493,-0.000000,2.587080,-800.000000,9.242300,2356.768641,0.092787
4.770000,0.350000,0.359502,-0.088351,1.512724,37.656093,-0.000000,2.411208,-800.000000,9.169052,2357.688621,0.092797
4.771000,0.350000,0.359408,-0.100801,1.951073,38.778734,-0.000000,2.224888,-800.000000,9.056373,2358.598772,0.092806
4.772000,0.350000,0.359301,-0.113424,2.451493,39.823316,-0.000000,2.029193,-800.000000,8.909191,2359.495461,0.092815
4.773000,0.350000,0.359181,-0.126114,3.011830,40.787595,-0.000000,1.825336,-800.000000,8.732169,2360.375532,0.092825
4.774000,0.350000,0.359048,-0.138765,3.629729,41.670132,-0.000000,1.614629,-800.000000,8.529653,2361.236274,0.092834
4.775000,0.350000,0.358903,-0.151275,4.302634,42.470231,-0.000000,1.398450,-800.000000,8.305627,2362.075391,0.092843
4.776000,0.350000,0.358746,-0.163542,5.027800,43.187870,-0.000000,1.178224,-800.000000,8.063672,2362.890959,0.092851
4.777000,0.350000,0.358576,-0.175467,5.802294,43.823632,-0.000000,0.955400,-800.000000,7.806933,2363.681384,0.092860
4.778000,0.350000,0.358395,-0.186956,6.623006,44.378624,-0.000000,0.731442,-800.000000,7.538102,2364.445361,0.092868
4.779000,0.350000,0.358203,-0.197918,7.486655,44.854401,-0.000000,0.507811,-800.000000,7.259404,2365.181822,0.092877
4.780000,0.350000,0.358000,-0.208267,8.389800,45.252883,-0.000000,0.285959,-800.000000,6.972604,2365.889895,0.092885
4.781000,0.350000,0.357786,-0.217922,9.328846,45.576275,-0.000000,0.067320,-800.000000,6.679023,2366.568855,0.092892
4.782000,0.350000,0.357564,-0.226805,10.300054,45.826998,0.146700,-10.000000,-800.000000,6.379574,2367.218085,0.092900
4.783000,0.350000,0.357333,-0.234845,11.299660,46.003911,0.354731,-10.000000,-800.000000,6.011058,2367.834017,0.092907
4.784000,0.350000,0.357095,-0.241968,12.324297,46.092445,0.555424,-10.000000,-800.000000,5.528419,2368.405742,0.092914
4.785000,0.350000,0.356850,-0.248096,13.371139,46.077704,0.747421,-10.000000,-800.000000,4.956631,2368.923463,0.092921
4.786000,0.350000,0.356599,-0.253145,14.437760,45.947656,0.929314,-10.000000,-800.000000,4.313702,2369.379445,0.092928
4.787000,0.350000,0.356344,-0.257026,15.521953,45.692266,1.099630,-10.000000,-800.000000,3.611431,2369.767354,0.092934
4.788000,0.350000,0.356085,-0.259648,16.621565,45.302753,1.256825,-10.000000,-800.000000,2.856369,2370.081704,0.092940
4.789000,0.350000,0.355825,-0.260917,17.734341,44.771007,1.399282,-10.000000,-800.000000,2.050846,2370.317389,0.092946
4.790000,0.350000,0.355564,-0.260736,18.857788,44.089144,1.525312,-10.000000,-800.000000,1.193978,2370.469330,0.092952
4.791000,0.350000,0.355304,-0.258997,19.989027,43.199262,1.633148,-10.000000,-800.000000,1.279232,2370.593143,0.092957
4.792000,0.350000,0.355046,-0.255553,21.124568,42.048514,1.720820,-10.000000,-800.000000,1.404813,2370.728762,0.092962
4.793000,0.350000,0.354793,-0.250253,22.260143,40.647177,1.786080,-10.000000,-800.000000,1.548840,2370.878110,0.092967
4.794000,0.350000,0.354547,-0.242958,23.390661,39.011290,1.826519,-10.000000,-800.000000,1.708755,2371.042876,0.092971
4.795000,0.350000,0.354308,-0.233545,24.510198,37.162032,1.839674,-10.000000,-800.000000,1.881505,2371.224460,0.092976
4.796000,0.350000,0.354080,-0.221914,25.612005,35.125099,1.823129,-10.000000,-800.000000,2.063638,2371.423935,0.092980
4.797000,0.350000,0.353865,-0.207982,26.688547,32.930023,1.774596,-10.000000,-800.000000,2.251411,2371.642005,0.092983
4.798000,0.350000,0.353665,-0.191697,27.731565,30.609437,1.691983,-10.000000,-800.000000,2.440894,2371.878990,0.092987
4.799000,0.350000,0.353482,-0.173031,28.732159,28.198305,1.573454,-8.198305,-800.000000,2.628068,2372.134811,0.092991
4.800000,0.350000,0.353320,-0.151987,29.680892,25.734062,1.417481,-6.553893,-800.000000,2.808918,2372.408986,0.092994
4.801000,0.350000,0.353179,-0.128601,30.567908,23.258830,1.222888,-4.652067,-800.000000,2.979502,2372.700634,0.092997
4.802000,0.350000,0.353063,-0.102941,31.383072,20.817627,0.988900,-2.536747,-800.000000,3.136005,2373.008489,0.093000
4.803000,0.350000,0.352974,-0.075112,32.116124,18.456251,0.715187,-0.257133,-800.000000,3.274754,2373.330914,0.093003
4.804000,0.350000,0.352914,-0.045255,32.756822,16.219173,0.401897,-0.000000,-800.000000,3.392203,2373.665909,0.093006
4.805000,0.350000,0.352884,-0.013541,33.295089,14.146566,0.049676,-0.000000,-800.000000,3.484872,2374.011127,0.093009
4.806000,0.350000,0.352887,0.017794,33.723384,12.267893,-10.000000,0.337340,-800.000000,3.549103,2374.363868,0.093012
4.807000,0.350000,0.352920,0.049105,34.036685,10.597599,-10.000000,0.745731,-800.000000,3.462195,2374.715421,0.093015
4.808000,0.350000,0.352985,0.081583,34.203456,9.148186,-10.000000,1.175892,-800.000000,3.128701,2375.042583,0.093018
4.809000,0.350000,0.353083,0.114933,34.191037,7.925249,-10.000000,1.629143,-800.000000,2.581544,2375.322817,0.093021
4.810000,0.350000,0.353215,0.148828,33.971591,6.927423,-10.000000,2.104991,-800.000000,1.845417,2375.536363,0.093024
4.811000,0.350000,0.353381,0.182921,33.521177,6.147514,-10.000000,2.601436,-800.000000,0.937099,2375.665433,0.093027
4.812000,0.350000,0.353581,0.216847,32.818791,5.573897,-10.000000,3.115374,-800.000000,0.000000,2375.696808,0.093031
4.813000,0.350000,0.353815,0.250229,31.838731,5.192133,-10.000000,3.642885,-800.000000,0.000000,2375.696808,0.093035
4.814000,0.350000,0.354081,0.282677,30.567951,4.986652,-10.000000,4.179418,-800.000000,0.000000,2375.696808,0.093039
4.815000,0.350000,0.354380,0.313806,29.007364,4.942342,-9.007364,4.719952,-800.000000,0.000000,2375.696808,0.093043
4.816000,0.350000,0.354708,0.343244,27.166152,5.045834,-8.066888,5.259167,-800.000000,0.000000,2375.696808,0.093048
4.817000,0.350000,0.355065,0.370640,25.063552,5.286310,-6.680904,5.791601,-800.000000,0.000000,2375.696808,0.093053
4.818000,0.350000,0.355449,0.395675,22.728499,5.655863,-4.852206,6.311786,-800.000000,0.000000,2375.696808,0.093059
4.819000,0.350000,0.355856,0.418064,20.199314,6.149488,-2.595871,6.814386,-800.000000,0.000000,2375.696808,0.093064
4.820000,0.350000,0.356284,0.437568,17.523001,6.764874,-0.000000,7.294320,-800.000000,0.000000,2375.696808,0.093071
4.821000,0.350000,0.356730,0.453998,14.753825,7.502100,-0.000000,7.746886,-800.000000,0.000000,2375.696808,0.093077
4.822000,0.350000,0.357191,0.467222,11.950130,8.363347,-0.000000,8.167875,-800.000000,0.000000,2375.696808,0.093085
4.823000,0.350000,0.357663,0.477160,9.168736,9.352639,-0.000000,8.553660,-800.000000,0.000000,2375.696808,0.093092
4.824000,0.350000,0.358144,0.483787,6.464788,10.475620,-0.000000,8.901257,-800.000000,0.000000,2375.696808,0.093100
4.825000,0.350000,0.358630,0.487126,3.894925,11.739386,-0.000000,9.208345,-800.000000,0.000000,2375.696808,0.093109
4.826000,0.350000,0.359117,0.487256,1.527731,13.176734,-0.000000,9.473303,-800.000000,1.055873,2375.742096,0.093118
4.827000,0.350000,0.359603,0.484314,0.000000,14.892271,-0.000000,9.695214,-800.000000,2.819868,2375.958487,0.093128
4.828000,0.350000,0.360085,0.479609,0.000000,16.880897,-0.000000,9.876172,-800.000000,4.499134,2376.346197,0.093138
4.829000,0.350000,0.360562,0.473679,0.000000,19.122759,-0.000000,10.000000,-800.000000,6.066683,2376.895057,0.093148
4.830000,0.350000,0.361032,0.466385,0.000000,21.593407,-0.000000,10.000000,-800.000000,7.496618,2377.592268,0.093159
4.831000,0.350000,0.361494,0.457604,0.000000,24.263794,-0.000000,10.000000,-800.000000,8.763777,2378.422495,0.093171
4.832000,0.350000,0.361947,0.447230,0.000000,27.100501,-0.000000,10.000000,-800.000000,9.845165,2379.367991,0.093183
4.833000,0.350000,0.362388,0.435178,0.000000,30.066344,-0.000000,10.000000,-800.000000,10.721655,2380.408954,0.093195
4.834000,0.350000,0.362817,0.421385,0.000000,33.121076,-0.000000,10.000000,-800.000000,11.377969,2381.523909,0.093208
4.835000,0.350000,0.363230,0.405814,0.000000,36.222081,-0.000000,10.000000,-800.000000,11.802547,2382.690089,0.093221
4.836000,0.350000,0.363628,0.388451,0.000000,39.325049,-0.000000,10.000000,-800.000000,11.987312,2383.883789,0.093235
4.837000,0.350000,0.364007,0.369309,0.000000,42.384595,-0.000000,10.000000,-800.000000,11.927309,2385.080694,0.093249
4.838000,0.350000,0.364366,0.348426,0.000000,45.354820,-0.000000,10.000000,-800.000000,11.620217,2386.256166,0.093263
4.839000,0.350000,0.364703,0.325870,0.000000,48.189768,-0.000000,10.000000,-800.000000,11.065645,2387.385459,0.093278
4.840000,0.350000,0.365017,0.301731,0.000000,50.843748,-0.000000,9.877436,-800.000000,10.264104,2388.443855,0.093293
4.841000,0.350000,0.365306,0.276128,0.000000,53.271398,-0.000000,9.659795,-800.000000,9.214730,2389.406627,0.093308
4.842000,0.350000,0.365569,0.249205,0.000000,55.427287,-0.000000,9.420587,-800.000000,7.912253,2390.248711,0.093324
4.843000,0.350000,0.365804,0.221133,0.000000,57.264814,-0.000000,9.157938,-800.000000,6.340273,2390.943913,0.093340
4.844000,0.350000,0.366011,0.192109,0.000000,58.732777,-0.000000,8.871388,-800.000000,4.444941,2391.462436,0.093356
4.845000,0.350000,0.366188,0.162365,0.000000,59.759872,-0.000000,8.561638,-800.000000,1.956093,2391.759012,0.093372
4.846000,0.350000,0.366335,0.132211,0.000000,60.128268,-0.000000,8.230404,-800.000000,0.000000,2391.784426,0.093388
4.847000,0.350000,0.366453,0.101971,0.000000,60.166973,-0.000000,7.880505,-800.000000,0.000000,2391.784426,0.093405
4.848000,0.350000,0.366539,0.071736,0.000000,60.122528,-0.000000,7.514810,-800.000000,0.000000,2391.784426,0.093421
4.849000,0.350000,0.366596,0.041531,0.000000,60.054298,-0.000000,7.135449,-800.000000,0.000000,2391.784426,0.093438
4.850000,0.350000,0.366622,0.011351,0.000000,60.005172,-0.000000,6.743829,-800.000000,0.000000,2391.784426,0.093454
4.851000,0.350000,0.366619,-0.016672,0.030523,59.987963,-0.000000,6.344124,-800.000000,0.359675,2391.803791,0.093471
4.852000,0.350000,0.366589,-0.043311,0.142739,59.963741,-0.000000,5.948398,-800.000000,0.749476,2391.864237,0.093488
4.853000,0.350000,0.366533,-0.069801,0.340064,59.926609,-0.000000,5.554614,-800.000000,1.128739,2391.962952,0.093504
4.854000,0.350000,0.366450,-0.096046,0.625395,59.875732,-0.000000,5.159838,-800.000000,1.499992,2392.099093,0.093521
4.855000,0.350000,0.366341,-0.121947,1.000769,59.810629,-0.000000,4.762601,-800.000000,1.862337,2392.271815,0.093537
4.856000,0.350000,0.366206,-0.147402,1.467521,59.730872,-0.000000,4.362544,-800.000000,2.213929,2392.480115,0.093553
4.857000,0.350000,0.366046,-0.172311,2.026313,59.635984,-0.000000,3.960039,-800.000000,2.552614,2392.722785,0.093569
4.858000,0.350000,0.365862,-0.196571,2.677139,59.525422,-0.000000,3.555927,-800.000000,2.876156,2392.998395,0.093585
4.859000,0.350000,0.365653,-0.220081,3.419333,59.398562,-0.000000,3.151356,-800.000000,3.182308,2393.305290,0.093601
4.860000,0.350000,0.365422,-0.242740,4.251572,59.254701,-0.000000,2.747674,-800.000000,3.468854,2393.641591,0.093616
4.861000,0.350000,0.365168,-0.264450,5.171895,59.093061,-0.000000,2.346363,-800.000000,3.733628,2394.005203,0.093631
4.862000,0.350000,0.364893,-0.285114,6.177716,58.912791,-0.000000,1.948988,-800.000000,3.974526,2394.393817,0.093646
4.863000,0.350000,0.364598,-0.304637,7.265847,58.712974,-0.000000,1.557171,-800.000000,4.189519,2394.804916,0.093661
4.864000,0.350000,0.364284,-0.322929,8.432521,58.492630,-0.000000,1.172564,-800.000000,4.376667,2395.235790,0.093675
4.865000,0.350000,0.363953,-0.339901,9.673423,58.250721,-0.000000,0.796832,-800.000000,4.534132,2395.683537,0.093689
4.866000,0.350000,0.363605,-0.355470,10.987111,57.986165,-0.000000,0.431642,-800.000000,4.785382,2396.151709,0.093703
4.867000,0.350000,0.363242,-0.369549,12.373997,57.697847,-0.000000,0.078665,-800.000000,5.017030,2396.645167,0.093716
4.868000,0.350000,0.362867,-0.382055,13.825820,57.384644,0.260413,-10.000000,-800.000000,5.192248,2397.158261,0.093729
4.869000,0.350000,0.362479,-0.392916,15.334120,57.043811,0.583921,-10.000000,-800.000000,5.286561,2397.684201,0.093741
4.870000,0.350000,0.362081,-0.402060,16.891252,56.666394,0.890220,-10.000000,-800.000000,5.282649,2398.213332,0.093753
4.871000,0.350000,0.361675,-0.409420,18.490531,56.242385,1.177700,-10.000000,-800.000000,5.190958,2398.736523,0.093765
4.872000,0.350000,0.361263,-0.414928,20.126002,55.762023,1.444766,-10.000000,-800.000000,5.017376,2399.245396,0.093776
4.873000,0.350000,0.360846,-0.418515,21.792151,55.215484,1.689824,-10.000000,-800.000000,4.764091,2399.731925,0.093787
4.874000,0.350000,0.360427,-0.420114,23.483657,54.592666,1.911270,-10.000000,-800.000000,4.430347,2400.188112,0.093798
4.875000,0.350000,0.360007,-0.419656,25.195147,53.883071,2.107485,-10.000000,-800.000000,4.013109,2400.605738,0.093808
4.876000,0.350000,0.359588,-0.417070,26.920994,53.075746,2.276826,-10.000000,-800.000000,3.507667,2400.976169,0.093817
4.877000,0.350000,0.359173,-0.412287,28.655129,52.159296,2.417622,-10.000000,-800.000000,2.908190,2401.290227,0.093826
4.878000,0.350000,0.358764,-0.405236,30.390889,51.121943,2.528173,-10.000000,-800.000000,2.208245,2401.538110,0.093835
4.879000,0.350000,0.358363,-0.395841,32.120887,49.920889,2.606746,-10.000000,-800.000000,1.956119,2401.731346,0.093843
4.880000,0.350000,0.357973,-0.383970,33.836785,48.397479,2.651453,-10.000000,-800.000000,2.165300,2401.940025,0.093851
4.881000,0.350000,0.357596,-0.369450,35.529009,46.553860,2.659968,-10.000000,-800.000000,2.372682,2402.169550,0.093859
4.882000,0.350000,0.357235,-0.352134,37.186763,44.423055,2.629644,-10.000000,-800.000000,2.573250,2402.419426,0.093866
4.883000,0.350000,0.356893,-0.331905,38.798146,42.043296,2.557758,-10.000000,-800.000000,2.762165,2402.688667,0.093873
4.884000,0.350000,0.356573,-0.308683,40.350319,39.456999,2.441698,-10.000000,-800.000000,2.935025,2402.975827,0.093880
4.885000,0.350000,0.356277,-0.282426,41.829716,36.709701,2.279102,-10.000000,-800.000000,3.088115,2403.279064,0.093886
4.886000,0.350000,0.356009,-0.253132,43.222290,33.848988,2.067972,-10.000000,-800.000000,3.218647,2403.596218,0.093892
4.887000,0.350000,0.355772,-0.220839,44.513801,30.923433,1.806746,-10.000000,-800.000000,3.324959,2403.924919,0.093898
4.888000,0.350000,0.355568,-0.185627,45.690122,27.981555,1.494361,-7.981555,-800.000000,3.406644,2404.262711,0.093903
4.889000,0.350000,0.355401,-0.147618,46.737548,25.071837,1.130293,-5.869993,-800.000000,3.464578,2404.607174,0.093909
4.890000,0.350000,0.355274,-0.106971,47.643113,22.245130,0.714581,-3.550470,-800.000000,3.500798,2404.956055,0.093914
4.891000,0.350000,0.355188,-0.063887,48.394863,19.552803,0.247849,-1.082655,-800.000000,3.518186,2405.307355,0.093919
4.892000,0.350000,0.355147,-0.018603,48.982080,17.043936,-10.000000,0.268678,-800.000000,3.519938,2405.659393,0.093924
4.893000,0.350000,0.355151,0.026517,49.394526,14.760325,-10.000000,0.830051,-800.000000,3.432545,2406.007174,0.093929
4.894000,0.350000,0.355200,0.071853,49.618714,12.728966,-10.000000,1.422096,-800.000000,3.201698,2406.337004,0.093935
4.895000,0.350000,0.355295,0.118435,49.634190,10.971884,-10.000000,2.044387,-800.000000,2.852601,2406.636213,0.093940
4.896000,0.350000,0.355437,0.165877,49.423187,9.500476,-10.000000,2.697104,-800.000000,2.397199,2406.893826,0.093945
4.897000,0.350000,0.355627,0.213775,48.970172,8.315851,-10.000000,3.378577,-800.000000,1.835543,2407.099297,0.093951
4.898000,0.350000,0.355865,0.261715,48.260549,7.410508,-10.000000,4.085669,-800.000000,1.158404,2407.241486,0.093957
4.899000,0.350000,0.356150,0.309274,47.279710,6.770518,-10.000000,4.814209,-800.000000,0.350377,2407.307917,0.093963
4.900000,0.350000,0.356483,0.356023,45.993264,6.378076,-10.000000,5.559298,-800.000000,0.000000,2407.311062,0.093970
4.901000,0.350000,0.356862,0.401474,44.315642,6.214094,-10.000000,6.315379,-800.000000,0.000000,2407.311062,0.093976
4.902000,0.350000,0.357285,0.445111,42.242934,6.260490,-10.000000,7.076139,-800.000000,0.000000,2407.311062,0.093984
4.903000,0.350000,0.357751,0.486432,39.788149,6.502068,-10.000000,7.834699,-800.000000,0.000000,2407.311062,0.093991
4.904000,0.350000,0.358257,0.524963,36.973358,6.927638,-10.000000,8.583867,-800.000000,0.000000,2407.311062,0.094000
4.905000,0.350000,0.358800,0.560258,33.829430,7.530435,-10.000000,9.316342,-800.000000,0.000000,2407.311062,0.094009
4.906000,0.350000,0.359377,0.591913,30.395719,8.308025,-10.000000,10.000000,-800.000000,0.000000,2407.311062,0.094018
4.907000,0.350000,0.359983,0.619564,26.719750,9.261955,-6.719750,10.000000,-800.000000,0.000000,2407.311062,0.094028
4.908000,0.350000,0.360614,0.642898,22.858605,10.397069,-3.530580,10.000000,-800.000000,0.000000,2407.311062,0.094038
4.909000,0.350000,0.361267,0.661661,18.883879,11.720254,-0.000000,10.000000,-800.000000,0.000000,2407.311062,0.094050
4.910000,0.350000,0.361936,0.675671,14.879152,13.239838,-0.000000,10.000000,-800.000000,0.000000,2407.311062,0.094062
4.911000,0.350000,0.362617,0.684827,10.935027,14.965246,-0.000000,10.000000,-800.000000,0.000000,2407.311062,0.094074
4.912000,0.350000,0.363304,0.689112,7.143213,16.913521,-0.000000,10.000000,-800.000000,0.672720,2407.331487,0.094088
4.913000,0.350000,0.363993,0.688571,3.603552,19.177628,-0.000000,10.000000,-800.000000,2.701089,2407.526680,0.094102
4.914000,0.350000,0.364680,0.683327,0.466137,21.754108,-0.000000,10.000000,-800.000000,4.562954,2407.914604,0.094116
4.915000,0.350000,0.365359,0.674371,0.000000,24.600217,-0.000000,10.000000,-800.000000,6.222429,2408.476326,0.094132
4.916000,0.350000,0.366028,0.663600,0.000000,27.673229,-0.000000,10.000000,-800.000000,7.648148,2409.189614,0.094148
4.917000,0.350000,0.366685,0.651000,0.000000,30.926932,-0.000000,10.000000,-800.000000,8.813104,2410.029371,0.094164
4.918000,0.350000,0.367329,0.636481,0.000000,34.310658,-0.000000,10.000000,-800.000000,9.694504,2410.968064,0.094182
4.919000,0.350000,0.367958,0.619986,0.000000,37.770050,-0.000000,10.000000,-800.000000,10.273284,2411.976119,0.094200
4.920000,0.350000,0.368568,0.601487,0.000000,41.247708,-0.000000,10.000000,-800.000000,10.533256,2413.022244,0.094218
4.921000,0.350000,0.369160,0.580994,0.000000,44.683652,-0.000000,10.000000,-800.000000,10.459678,2414.073635,0.094237
4.922000,0.350000,0.369730,0.558548,0.000000,48.015480,-0.000000,10.000000,-800.000000,10.036770,2415.095971,0.094257
4.923000,0.350000,0.370276,0.534231,0.000000,51.177953,-0.000000,10.000000,-800.000000,9.242897,2416.053042,0.094277
4.924000,0.350000,0.370798,0.508161,0.000000,54.101353,-0.000000,10.000000,-800.000000,8.039634,2416.905555,0.094298
4.925000,0.350000,0.371292,0.480500,0.000000,56.706689,-0.000000,10.000000,-800.000000,6.339640,2417.607746,0.094319
4.926000,0.350000,0.371758,0.451461,0.000000,58.888716,-0.000000,10.000000,-800.000000,3.852315,2418.095000,0.094341
4.927000,0.350000,0.372195,0.421357,0.000000,60.322859,-0.000000,10.000000,-800.000000,0.000000,2418.214443,0.094363
4.928000,0.350000,0.372601,0.390715,0.000000,60.946589,-0.000000,10.000000,-800.000000,0.000000,2418.214443,0.094386
4.929000,0.350000,0.372976,0.359816,0.000000,61.288896,-0.000000,10.000000,-800.000000,0.000000,2418.214443,0.094409
4.930000,0.350000,0.373320,0.328793,0.000000,61.443169,-0.000000,10.000000,-800.000000,0.000000,2418.214443,0.094432
4.931000,0.350000,0.373634,0.297738,0.000000,61.460509,-0.000000,10.000000,-800.000000,0.000000,2418.214443,0.094456
4.932000,0.350000,0.373916,0.266718,0.000000,61.378134,-0.000000,10.000000,-800.000000,0.000000,2418.214443,0.094480
4.933000,0.350000,0.374167,0.235780,0.000000,61.226186,-0.000000,10.000000,-800.000000,0.000000,2418.214443,0.094504
4.934000,0.350000,0.374388,0.204954,0.000000,61.034006,-0.000000,10.000000,-800.000000,0.000000,2418.214443,0.094528
4.935000,0.350000,0.374577,0.174255,0.000000,60.827788,-0.000000,10.000000,-800.000000,0.000000,2418.214443,0.094553
4.936000,0.350000,0.374736,0.143682,0.000000,60.620267,-0.000000,10.000000,-800.000000,0.000000,2418.214443,0.094578
4.937000,0.350000,0.374865,0.113232,0.000000,60.423276,-0.000000,10.000000,-800.000000,0.000000,2418.214443,0.094603
4.938000,0.350000,0.374963,0.082890,0.000000,60.248716,-0.000000,10.000000,-800.000000,0.000000,2418.214443,0.094628
4.939000,0.350000,0.375030,0.052637,0.000000,60.109493,-0.000000,10.000000,-800.000000,0.000000,2418.214443,0.094653
4.940000,0.350000,0.375068,0.022443,0.000000,60.021419,-0.000000,10.000000,-800.000000,0.000000,2418.214443,0.094678
4.941000,0.350000,0.375075,-0.006867,0.009964,59.994162,-0.000000,9.676276,-800.000000,0.210156,2418.221920,0.094703
4.942000,0.350000,0.375055,-0.033537,0.091254,59.974617,-0.000000,9.168583,-800.000000,0.611337,2418.268287,0.094728
4.943000,0.350000,0.375008,-0.060094,0.256075,59.943126,-0.000000,8.705233,-800.000000,0.996363,2418.353542,0.094753
4.944000,0.350000,0.374935,-0.086444,0.508215,59.898697,-0.000000,8.267820,-800.000000,1.375632,2418.476919,0.094778
4.945000,0.350000,0.374836,-0.112487,0.850378,59.841285,-0.000000,7.844587,-800.000000,1.750547,2418.637948,0.094803
4.946000,0.350000,0.374710,-0.138123,1.284470,59.771224,-0.000000,7.428696,-800.000000,2.120716,2418.836185,0.094827
4.947000,0.350000,0.374559,-0.163251,1.811660,59.688870,-0.000000,7.016466,-800.000000,2.482669,2419.070951,0.094852
4.948000,0.350000,0.374384,-0.187771,2.432388,59.594367,-0.000000,6.606201,-800.000000,2.834564,2419.341297,0.094876
4.949000,0.350000,0.374184,-0.211580,3.146381,59.487864,-0.000000,6.197462,-800.000000,3.174643,2419.646108,0.094900
4.950000,0.350000,0.373961,-0.234579,3.952656,59.369492,-0.000000,5.790598,-800.000000,3.501004,2419.984084,0.094924
4.951000,0.350000,0.373715,-0.256670,4.849545,59.239352,-0.000000,5.386459,-800.000000,3.811739,2420.353735,0.094948
4.952000,0.350000,0.373448,-0.277757,5.834711,59.097510,-0.000000,4.986209,-800.000000,4.104983,2420.753380,0.094972
4.953000,0.350000,0.373160,-0.297747,6.905174,58.943999,-0.000000,4.591204,-800.000000,4.378948,2421.181158,0.094995
4.954000,0.350000,0.372853,-0.316550,8.058185,58.778826,-0.000000,4.202918,-800.000000,4.700225,2421.637095,0.095018
4.955000,0.350000,0.372527,-0.334076,9.300357,58.601984,-0.000000,3.822900,-800.000000,5.128115,2422.134280,0.095040
4.956000,0.350000,0.372185,-0.350232,10.627295,58.413480,-0.000000,3.452774,-800.000000,5.502556,2422.670909,0.095062
4.957000,0.350000,0.371827,-0.364930,12.030210,58.213336,-0.000000,3.094208,-800.000000,5.824155,2423.241675,0.095084
4.958000,0.350000,0.371456,-0.378094,13.500265,58.001589,-0.000000,2.748866,-800.000000,6.093745,2423.841342,0.095106
4.959000,0.350000,0.371072,-0.389656,15.028615,57.778295,-0.000000,2.418375,-800.000000,6.312375,2424.464774,0.095127
4.960000,0.350000,0.370677,-0.399557,16.606437,57.543536,-1.456953,2.104296,-800.000000,6.481300,2425.106952,0.095147
4.961000,0.350000,0.370273,-0.407746,18.224003,57.297429,-2.814945,1.808114,-800.000000,6.579263,2425.761920,0.095168
4.962000,0.350000,0.369862,-0.414185,19.867273,57.040133,-4.343344,1.531218,-800.000000,6.569868,2426.420212,0.095187
4.963000,0.350000,0.369446,-0.418850,21.518108,56.771847,-6.026362,1.274870,-800.000000,6.424019,2427.069252,0.095207
4.964000,0.350000,0.369025,-0.421740,23.154856,56.492803,-7.843075,1.040164,-800.000000,6.115848,2427.693751,0.095226
4.965000,0.350000,0.368603,-0.422874,24.752887,56.203245,-9.767639,0.827976,-800.000000,5.677793,2428.277427,0.095244
4.966000,0.350000,0.368180,-0.422296,26.290756,55.903415,-10.000000,0.638920,-800.000000,5.600818,2428.840613,0.095263
4.967000,0.350000,0.367759,-0.420071,27.740972,55.593537,-10.000000,0.473321,-800.000000,5.496660,2429.394392,0.095280
4.968000,0.350000,0.367340,-0.416297,29.072345,55.273787,-10.000000,0.331176,-800.000000,5.366678,2429.936130,0.095298
4.969000,0.350000,0.366926,-0.411098,30.256520,54.944253,-10.000000,0.212108,-800.000000,5.212520,2430.463345,0.095315
4.970000,0.350000,0.366519,-0.404626,31.268695,54.604906,-10.000000,0.115339,-800.000000,5.036102,2430.973737,0.095331
4.971000,0.350000,0.366118,-0.397056,32.088106,54.255572,-10.000000,0.039693,-800.000000,4.839566,2431.465212,0.095347
4.972000,0.350000,0.365725,-0.388579,32.698385,53.895908,-10.000000,0.000000,-800.000000,4.625241,2431.935903,0.095363
4.973000,0.350000,0.365341,-0.379401,33.087803,53.525392,0.054799,-10.000000,-800.000000,4.395665,2432.384187,0.095378
4.974000,0.350000,0.364966,-0.369734,33.255265,53.140735,0.077756,-10.000000,-800.000000,4.106920,2432.806512,0.095393
4.975000,0.350000,0.364601,-0.359774,33.226280,52.728547,0.087667,-10.000000,-800.000000,3.719911,2433.193749,0.095408
4.976000,0.350000,0.364247,-0.349678,33.031900,52.273768,0.086948,-10.000000,-800.000000,3.242572,2433.536588,0.095422
4.977000,0.350000,0.363902,-0.339563,32.701671,51.762061,0.077841,-10.000000,-800.000000,2.680152,2433.826344,0.095436
4.978000,0.350000,0.363567,-0.329514,32.263052,51.179486,0.062290,-10.000000,-800.000000,2.035441,2434.054703,0.095450
4.979000,0.350000,0.363243,-0.319578,31.741036,50.512219,0.041881,-10.000000,-800.000000,1.309112,2434.213491,0.095463
4.980000,0.350000,0.362928,-0.309773,31.157916,49.746331,0.017810,-10.000000,-800.000000,0.500153,2434.294495,0.095476
4.981000,0.350000,0.362623,-0.300087,30.533186,48.852124,0.000000,-10.000000,-800.000000,0.000000,2434.303214,0.095488
4.982000,0.350000,0.362328,-0.290439,29.883446,47.696545,0.000000,-10.000000,-800.000000,0.000000,2434.303214,0.095501
4.983000,0.350000,0.362042,-0.280684,29.222307,46.258556,-10.000000,0.071105,-800.000000,0.000000,2434.303214,0.095513
4.984000,0.350000,0.361767,-0.270670,28.555104,44.558388,-10.000000,0.107573,-800.000000,0.000000,2434.303214,0.095525
4.985000,0.350000,0.361501,-0.260271,27.864830,42.646397,-10.000000,0.149492,-800.000000,0.000000,2434.303214,0.095536
4.986000,0.350000,0.361246,-0.249413,27.132104,40.577047,-9.562005,0.198362,-800.000000,0.000000,2434.303214,0.095547
4.987000,0.350000,0.361003,-0.238068,26.341316,38.400550,-9.373901,0.255470,-800.000000,0.000000,2434.303214,0.095558
4.988000,0.350000,0.360770,-0.226251,25.481288,36.162278,-9.032874,0.321733,-800.000000,0.000000,2434.303214,0.095569
4.989000,0.350000,0.360550,-0.214008,24.544830,33.902417,-8.525272,0.397639,-800.000000,0.000000,2434.303214,0.095580
4.990000,0.350000,0.360342,-0.201415,23.528778,31.655847,-7.841014,0.483233,-800.000000,0.000000,2434.303214,0.095590
4.991000,0.350000,0.360147,-0.188565,22.434154,29.452185,-6.974080,0.578149,-800.000000,0.000000,2434.303214,0.095600
4.992000,0.350000,0.359965,-0.175565,21.266174,27.315964,-5.922865,0.681664,-800.000000,0.000000,2434.303214,0.095610
4.993000,0.350000,0.359796,-0.162528,20.034080,25.266926,-4.690372,0.792767,-800.000000,0.000000,2434.303214,0.095620
4.994000,0.350000,0.359640,-0.149565,18.750789,23.320380,-3.284193,0.910236,-800.000000,0.000000,2434.303214,0.095630
4.995000,0.350000,0.359497,-0.136780,17.432356,21.487622,-1.716284,1.032722,-800.000000,0.000000,2434.303214,0.095639
4.996000,0.350000,0.359367,-0.124268,16.097257,19.776383,-0.002520,1.158826,-800.000000,0.000000,2434.303214,0.095648
4.997000,0.350000,0.359249,-0.112106,14.765549,18.191296,-0.000000,1.287179,-800.000000,0.000000,2434.303214,0.095658
4.998000,0.350000,0.359142,-0.100354,13.457236,16.734362,-0.000000,1.416505,-800.000000,0.000000,2434.303214,0.095667
4.999000,0.350000,0.359048,-0.089055,12.188992,15.405403,-0.000000,1.545677,-800.000000,0.000000,2434.303214,0.095676
5.000000,0.350000,0.358964,-0.078236,10.973709,14.202481,-0.000000,1.673741,-800.000000,0.000000,2434.303214,0.095685
5.001000,0.350000,0.358891,-0.067913,9.820870,13.122292,-0.000000,1.799922,-800.000000,0.000000,2434.303214,0.095694
5.002000,0.350000,0.358828,-0.058089,8.736958,12.160516,-0.000000,1.923617,-800.000000,0.000000,2434.303214,0.095703
5.003000,0.350000,0.358775,-0.048763,7.725862,11.312128,-0.000000,2.044375,-800.000000,0.000000,2434.303214,0.095711
5.004000,0.350000,0.358730,-0.039926,6.789285,10.571681,-0.000000,2.161878,-800.000000,0.000000,2434.303214,0.095720
5.005000,0.350000,0.358695,-0.031565,5.927128,9.933536,-0.000000,2.275920,-800.000000,0.000000,2434.303214,0.095729
5.006000,0.350000,0.358667,-0.023666,5.137853,9.392070,-0.000000,2.386380,-800.000000,0.000000,2434.303214,0.095737
5.007000,0.350000,0.358647,-0.016212,4.418806,8.941839,-0.000000,2.493206,-800.000000,0.000000,2434.303214,0.095746
5.008000,0.350000,0.358635,-0.009189,3.766517,8.577708,-0.000000,2.596393,-800.000000,0.000000,2434.303214,0.095755
5.009000,0.350000,0.358629,-0.002726,3.177024,8.294908,-0.000000,2.695879,-800.000000,0.000000,2434.303214,0.095763
5.010000,0.350000,0.358628,0.001838,2.648851,8.086897,-0.000000,2.787783,-800.000000,0.000000,2434.303214,0.095772
5.011000,0.350000,0.358632,0.004738,2.182583,7.945646,-0.000000,2.865781,-800.000000,0.000000,2434.303214,0.095781
5.012000,0.350000,0.358638,0.006725,1.776265,7.865289,-0.000000,2.928230,-800.000000,0.000000,2434.303214,0.095789
5.013000,0.350000,0.358645,0.008368,1.425060,7.842607,-0.000000,2.977965,-800.000000,0.000000,2434.303214,0.095798
5.014000,0.350000,0.358654,0.009686,1.123599,7.894849,-0.000000,3.018092,-800.000000,0.548751,2434.329648,0.095807
5.015000,0.350000,0.358664,0.010665,0.866890,8.075602,-0.000000,3.050639,-800.000000,1.317443,2434.432763,0.095815
5.016000,0.350000,0.358675,0.011271,0.650461,8.383444,-0.000000,3.076704,-800.000000,2.058415,2434.611054,0.095824
5.017000,0.350000,0.358687,0.011469,0.470394,8.812207,-0.000000,3.096746,-800.000000,2.766785,2434.861441,0.095833
5.018000,0.350000,0.358698,0.011225,0.323329,9.354872,-0.000000,3.110815,-800.000000,3.438364,2435.180395,0.095841
5.019000,0.350000,0.358709,0.010505,0.206462,10.003687,-0.000000,3.118704,-800.000000,4.069663,2435.564014,0.095850
5.020000,0.350000,0.358719,0.009278,0.117525,10.750293,-0.000000,3.120052,-800.000000,4.657880,2436.008090,0.095859
5.021000,0.350000,0.358727,0.007515,0.054763,11.585834,-0.000000,3.114408,-800.000000,5.200868,2436.508175,0.095867
5.022000,0.350000,0.358734,0.005194,0.016841,12.501082,-0.000000,3.101279,-800.000000,5.697098,2437.059645,0.095876
5.023000,0.350000,0.358738,0.002674,0.001501,13.486884,-0.000000,3.080754,-800.000000,6.145598,2437.657762,0.095885
5.024000,0.350000,0.358739,0.000385,0.000835,14.535531,-0.000000,3.055546,-800.000000,6.545806,2438.297713,0.095894
5.025000,0.350000,0.358739,-0.001759,0.006836,15.639529,-0.000000,3.028053,-800.000000,6.897627,2438.974660,0.095902
5.026000,0.350000,0.358736,-0.003821,0.017779,16.791192,-0.000000,2.999477,-800.000000,7.201482,2439.683785,0.095911
5.027000,0.350000,0.358731,-0.005903,0.034189,17.982775,-0.000000,2.970261,-800.000000,7.458293,2440.420347,0.095920
5.028000,0.350000,0.358724,-0.008550,0.057945,19.205781,-0.000000,2.939032,-800.000000,7.669512,2441.179726,0.095929
5.029000,0.350000,0.358714,-0.011887,0.092178,20.450891,-0.000000,2.902864,-800.000000,7.837083,2441.957483,0.095937
5.030000,0.350000,0.358700,-0.015915,0.140065,21.709067,-0.000000,2.859541,-800.000000,7.963239,2442.749390,0.095946
5.031000,0.350000,0.358682,-0.020624,0.204784,22.971673,-0.000000,2.807594,-800.000000,8.050393,2443.551456,0.095955
5.032000,0.350000,0.358658,-0.025996,0.289478,24.230530,-0.000000,2.746083,-800.000000,8.101052,2444.359937,0.095963
5.033000,0.350000,0.358629,-0.032006,0.397212,25.477942,-0.000000,2.674446,-800.000000,8.117761,2445.171341,0.095972
5.034000,0.350000,0.358594,-0.038622,0.530916,26.706723,-0.000000,2.592401,-800.000000,8.103067,2445.982435,0.095981
5.035000,0.350000,0.358552,-0.045804,0.693346,27.910216,-0.000000,2.499880,-800.000000,8.059485,2446.790233,0.095989
5.036000,0.350000,0.358502,-0.053507,0.887411,29.082305,-0.000000,2.396992,-800.000000,8.029313,2447.592999,0.095998
5.037000,0.350000,0.358445,-0.061672,1.131312,30.217430,-0.000000,2.284005,-800.000000,8.155246,2448.404204,0.096006
5.038000,0.350000,0.358379,-0.070221,1.432584,31.310632,-0.000000,2.161383,-800.000000,8.231561,2449.224871,0.096014
5.039000,0.350000,0.358304,-0.079074,1.789053,32.357559,-0.000000,2.029787,-800.000000,8.262088,2450.050277,0.096023
5.040000,0.350000,0.358221,-0.088148,2.198448,33.354452,-0.000000,1.890021,-800.000000,8.250589,2450.876081,0.096031
5.041000,0.350000,0.358128,-0.097364,2.658411,34.298127,-0.000000,1.742989,-800.000000,8.200736,2451.698310,0.096039
5.042000,0.350000,0.358026,-0.106639,3.166495,35.185947,-0.000000,1.589666,-800.000000,8.116079,2452.513351,0.096047
5.043000,0.350000,0.357915,-0.115896,3.720172,36.015803,-0.000000,1.431079,-800.000000,8.000019,2453.317937,0.096055
5.044000,0.350000,0.357794,-0.125056,4.316832,36.786085,-0.000000,1.268287,-800.000000,7.855791,2454.109132,0.096063
5.045000,0.350000,0.357665,-0.134042,4.953789,37.495652,-0.000000,1.102377,-800.000000,7.686438,2454.884312,0.096070
5.046000,0.350000,0.357526,-0.142781,5.628279,38.143797,-0.000000,0.934447,-800.000000,7.494796,2455.641141,0.096078
5.047000,0.350000,0.357379,-0.151201,6.337464,38.730221,-0.000000,0.765602,-800.000000,7.283478,2456.377558,0.096085
5.048000,0.350000,0.357224,-0.159233,7.078438,39.254987,-0.000000,0.596948,-800.000000,7.054866,2457.091744,0.096093
5.049000,0.350000,0.357061,-0.166812,7.848222,39.718493,-0.000000,0.429582,-800.000000,6.811107,2457.782106,0.096100
5.050000,0.350000,0.356890,-0.173874,8.643773,40.121431,-0.000000,0.264589,-800.000000,6.554113,2458.447251,0.096107
5.051000,0.350000,0.356713,-0.180362,9.461983,40.464750,-0.000000,0.103037,-800.000000,6.285569,2459.085962,0.096113
5.052000,0.350000,0.356530,-0.186220,10.299685,40.749625,0.054030,-10.000000,-800.000000,6.006944,2459.697178,0.096120
5.053000,0.350000,0.356341,-0.191395,11.153694,40.973055,0.205594,-10.000000,-800.000000,5.642227,2460.276317,0.096126
5.054000,0.350000,0.356147,-0.195833,12.021007,41.116160,0.350651,-10.000000,-800.000000,5.134693,2460.809818,0.096132
5.055000,0.350000,0.355950,-0.199469,12.899022,41.159568,0.488166,-10.000000,-800.000000,4.511851,2461.285169,0.096138
5.056000,0.350000,0.355749,-0.202232,13.785455,41.087389,0.617031,-10.000000,-800.000000,3.794982,2461.692215,0.096144
5.057000,0.350000,0.355545,-0.204042,14.678188,40.886402,0.736045,-10.000000,-800.000000,2.999591,2462.022568,0.096150
5.058000,0.350000,0.355341,-0.204817,15.575136,40.545314,0.843911,-10.000000,-800.000000,2.136091,2462.269060,0.096155
5.059000,0.350000,0.355136,-0.204469,16.474118,40.054146,0.939234,-10.000000,-800.000000,1.210615,2462.425296,0.096160
5.060000,0.350000,0.354932,-0.202904,17.372742,39.381844,1.020526,-10.000000,-800.000000,1.061930,2462.529973,0.096165
5.061000,0.350000,0.354731,-0.200002,18.268237,38.481577,1.086142,-10.000000,-800.000000,1.115139,2462.639366,0.096170
5.062000,0.350000,0.354533,-0.195635,19.157306,37.356278,1.134225,-10.000000,-800.000000,1.183821,2462.755056,0.096174
5.063000,0.350000,0.354340,-0.189683,20.036068,36.015582,1.162769,-10.000000,-800.000000,1.266717,2462.878514,0.096179
5.064000,0.350000,0.354154,-0.182038,20.900029,34.474197,1.169703,-10.000000,-800.000000,1.362056,2463.011055,0.096183
5.065000,0.350000,0.353977,-0.172604,21.744068,32.751411,1.152972,-10.000000,-800.000000,1.467617,2463.153787,0.096187
5.066000,0.350000,0.353809,-0.161306,22.562449,30.870530,1.110599,-10.000000,-800.000000,1.580793,2463.307574,0.096190
5.067000,0.350000,0.353655,-0.148086,23.348842,28.858254,1.040747,-8.858254,-800.000000,1.698643,2463.472994,0.096194
5.068000,0.350000,0.353514,-0.132910,24.096372,26.744602,0.941769,-7.630427,-800.000000,1.817954,2463.650316,0.096198
5.069000,0.350000,0.353389,-0.115769,24.797677,24.564285,0.812262,-6.124571,-800.000000,1.935296,2463.839474,0.096201
5.070000,0.350000,0.353283,-0.096683,25.444984,22.355814,0.651111,-4.372528,-800.000000,2.047060,2464.040047,0.096204
5.071000,0.350000,0.353197,-0.075702,26.030199,20.160140,0.457539,-2.412435,-800.000000,2.149501,2464.251242,0.096208
5.072000,0.350000,0.353132,-0.052907,26.545015,18.019088,0.231154,-0.287398,-800.000000,2.238754,2464.471889,0.096211
5.073000,0.350000,0.353091,-0.028410,26.981005,15.973572,0.000000,-0.000000,-800.000000,2.310842,2464.700419,0.096214
5.074000,0.350000,0.353076,-0.002394,27.329747,14.060987,-7.353067,0.319541,-800.000000,2.362046,2464.934880,0.096217
5.075000,0.350000,0.353086,0.021954,27.584151,12.307055,-8.317125,0.635443,-800.000000,2.291399,2465.168361,0.096220
5.076000,0.350000,0.353120,0.047101,27.723613,10.728035,-9.215003,0.966354,-800.000000,2.005369,2465.381297,0.096223
5.077000,0.350000,0.353180,0.073197,27.717353,9.338212,-9.981104,1.314573,-800.000000,1.506584,2465.552313,0.096226
5.078000,0.350000,0.353267,0.099968,27.535762,8.144795,-10.000000,1.681298,-800.000000,0.797919,2465.660309,0.096229
5.079000,0.350000,0.353380,0.127110,27.151108,7.148592,-10.000000,2.065931,-800.000000,0.000000,2465.687611,0.096233
5.080000,0.350000,0.353521,0.154299,26.546924,6.344992,-9.582411,2.466491,-800.000000,0.000000,2465.687611,0.096236
5.081000,0.350000,0.353689,0.181202,25.713474,5.725155,-9.403652,2.880008,-800.000000,0.000000,2465.687611,0.096240
5.082000,0.350000,0.353883,0.207485,24.644725,5.277328,-8.906251,3.302824,-800.000000,0.000000,2465.687611,0.096244
5.083000,0.350000,0.354104,0.232820,23.341995,4.988225,-8.067994,3.730811,-800.000000,0.000000,2465.687611,0.096248
5.084000,0.350000,0.354349,0.256890,21.814456,4.844342,-6.874654,4.159557,-800.000000,0.000000,2465.687611,0.096252
5.085000,0.350000,0.354617,0.279402,20.079586,4.833074,-5.321230,4.584514,-800.000000,0.000000,2465.687611,0.096257
5.086000,0.350000,0.354907,0.300089,18.163184,4.943521,-3.412786,5.001143,-800.000000,0.000000,2465.687611,0.096262
5.087000,0.350000,0.355216,0.318721,16.098868,5.166960,-1.164789,5.405039,-800.000000,0.000000,2465.687611,0.096267
5.088000,0.350000,0.355543,0.335107,13.927045,5.497010,-0.000000,5.792055,-800.000000,0.000000,2465.687611,0.096273
5.089000,0.350000,0.355886,0.349104,11.692858,5.929574,-0.000000,6.158405,-800.000000,0.000000,2465.687611,0.096279
5.090000,0.350000,0.356241,0.360613,9.442228,6.462672,-0.000000,6.500757,-800.000000,0.000000,2465.687611,0.096285
5.091000,0.350000,0.356606,0.369583,7.219200,7.096209,-0.000000,6.816294,-800.000000,0.000000,2465.687611,0.096291
5.092000,0.350000,0.356979,0.376003,5.066429,7.831745,-0.000000,7.102746,-800.000000,0.000000,2465.687611,0.096298
5.093000,0.350000,0.357357,0.379904,3.027903,8.672287,-0.000000,7.358402,-800.000000,0.000000,2465.687611,0.096306
5.094000,0.350000,0.357738,0.381362,1.157863,9.622116,-0.000000,7.582128,-800.000000,0.000000,2465.687611,0.096313
5.095000,0.350000,0.358119,0.380544,0.000000,10.692008,-0.000000,7.773459,-800.000000,0.437398,2465.699238,0.096322
5.096000,0.350000,0.358499,0.378537,0.000000,11.985976,-0.000000,7.934624,-800.000000,2.045929,2465.843933,0.096330
5.097000,0.350000,0.358876,0.375706,0.000000,13.533696,-0.000000,8.071551,-800.000000,3.589744,2466.145602,0.096339
5.098000,0.350000,0.359250,0.371909,0.000000,15.320098,-0.000000,8.188204,-800.000000,5.048364,2466.596482,0.096348
5.099000,0.350000,0.359619,0.367013,0.000000,17.326448,-0.000000,8.286293,-800.000000,6.402853,2467.186857,0.096358
5.100000,0.350000,0.359984,0.360899,0.000000,19.530660,-0.000000,8.366073,-800.000000,7.636147,2467.905231,0.096368
5.101000,0.350000,0.360341,0.353458,0.000000,21.907671,-0.000000,8.426936,-800.000000,8.733282,2468.738533,0.096378
5.102000,0.350000,0.360690,0.344599,0.000000,24.429837,-0.000000,8.467797,-800.000000,9.681542,2469.672335,0.096389
5.103000,0.350000,0.361030,0.334247,0.000000,27.067363,-0.000000,8.487344,-800.000000,10.470554,2470.691081,0.096400
5.104000,0.350000,0.361358,0.322345,0.000000,29.788746,-0.000000,8.484211,-800.000000,11.092347,2471.778329,0.096411
5.105000,0.350000,0.361674,0.308854,0.000000,32.561229,-0.000000,8.457080,-800.000000,11.541379,2472.916994,0.096423
5.106000,0.350000,0.361975,0.293756,0.000000,35.351259,-0.000000,8.404763,-800.000000,11.814549,2474.089584,0.096435
5.107000,0.350000,0.362261,0.277050,0.000000,38.124949,-0.000000,8.326252,-800.000000,11.911194,2475.278455,0.096447
5.108000,0.350000,0.362529,0.258755,0.000000,40.848538,-0.000000,8.220754,-800.000000,11.833085,2476.466045,0.096460
5.109000,0.350000,0.362778,0.238912,0.000000,43.488851,-0.000000,8.087717,-800.000000,11.584422,2477.635121,0.096472
5.110000,0.350000,0.363006,0.217577,0.000000,46.013760,-0.000000,7.926843,-800.000000,11.171850,2478.769026,0.096485
5.111000,0.350000,0.363212,0.194825,0.000000,48.392644,-0.000000,7.738101,-800.000000,10.604495,2479.851919,0.096499
5.112000,0.350000,0.363395,0.170750,0.000000,50.596861,-0.000000,7.521728,-800.000000,9.894065,2480.869031,0.096512
5.113000,0.350000,0.363554,0.145459,0.000000,52.600238,-0.000000,7.278224,-800.000000,9.055065,2481.806940,0.096526
5.114000,0.350000,0.363686,0.119074,0.000000,54.379610,-0.000000,7.008348,-800.000000,8.105228,2482.653869,0.096539
5.115000,0.350000,0.363791,0.091728,0.000000,55.915455,-0.000000,6.713105,-800.000000,7.066376,2483.400061,0.096553
5.116000,0.350000,0.363869,0.063563,0.000000,57.192736,-0.000000,6.393728,-800.000000,5.966200,2484.038289,0.096567
5.117000,0.350000,0.363918,0.034730,0.000000,58.202162,-0.000000,6.051651,-800.000000,4.842017,2484.564654,0.096581
5.118000,0.350000,0.363938,0.005378,0.000000,58.942391,-0.000000,5.688480,-800.000000,3.748960,2484.980013,0.096595
5.119000,0.350000,0.363930,-0.021485,0.046131,59.427317,-0.000000,5.311770,-800.000000,2.769337,2485.292421,0.096609
5.120000,0.350000,0.363895,-0.047871,0.175601,59.691010,-0.000000,4.932921,-800.000000,2.028144,2485.520509,0.096623
5.121000,0.350000,0.363834,-0.074210,0.391939,59.786444,-0.000000,4.550290,-800.000000,1.675823,2485.697948,0.096636
5.122000,0.350000,0.363747,-0.100331,0.697747,59.780623,-0.000000,4.162656,-800.000000,1.695159,2485.864498,0.096650
5.123000,0.350000,0.363634,-0.126100,1.094700,59.721691,-0.000000,3.769997,-800.000000,1.906804,2486.046377,0.096664
5.124000,0.350000,0.363495,-0.151399,1.583731,59.630989,-0.000000,3.373014,-800.000000,2.184570,2486.254170,0.096677
5.125000,0.350000,0.363331,-0.176120,2.165084,59.516154,-0.000000,2.972809,-800.000000,2.477610,2486.490923,0.096691
5.126000,0.350000,0.363143,-0.200156,2.838339,59.379746,-0.000000,2.570716,-800.000000,2.766382,2486.756809,0.096704
5.127000,0.350000,0.362931,-0.223404,3.602427,59.222425,-0.000000,2.168212,-800.000000,3.042009,2487.050799,0.096717
5.128000,0.350000,0.362696,-0.245762,4.455638,59.044042,-0.000000,1.766871,-800.000000,3.299421,2487.371246,0.096729
5.129000,0.350000,0.362440,-0.267128,5.395638,58.844040,-0.000000,1.368324,-800.000000,3.535056,2487.716097,0.096742
5.130000,0.350000,0.362163,-0.287407,6.419491,58.621624,-0.000000,0.974245,-800.000000,3.746035,2488.082992,0.096754
5.131000,0.350000,0.361866,-0.306503,7.523683,58.375825,-0.000000,0.586327,-800.000000,3.929842,2488.469304,0.096766
5.132000,0.350000,0.361550,-0.324324,8.704141,58.105551,-0.000000,0.206276,-800.000000,4.084188,2488.872174,0.096777
5.133000,0.350000,0.361217,-0.340784,9.957090,57.809598,0.164204,-10.000000,-800.000000,4.266818,2489.290570,0.096789
5.134000,0.350000,0.360869,-0.355794,11.284667,57.485186,0.523411,-10.000000,-800.000000,4.469038,2489.730704,0.096800
5.135000,0.350000,0.360506,-0.369264,12.681568,57.123669,0.869623,-10.000000,-800.000000,4.574089,2490.184884,0.096810
5.136000,0.350000,0.360131,-0.381105,14.141358,56.715258,1.201093,-10.000000,-800.000000,4.592835,2490.644107,0.096820
5.137000,0.350000,0.359745,-0.391229,15.658493,56.250241,1.516049,-10.000000,-800.000000,4.531742,2491.100181,0.096830
5.138000,0.350000,0.359349,-0.399546,17.228023,55.718703,1.812691,-10.000000,-800.000000,4.393606,2491.545320,0.096839
5.139000,0.350000,0.358946,-0.405966,18.845315,55.110345,2.089190,-10.000000,-800.000000,4.178206,2491.971829,0.096848
5.140000,0.350000,0.358538,-0.410398,20.505780,54.414374,2.343677,-10.000000,-800.000000,3.882898,2492.371832,0.096857
5.141000,0.350000,0.358126,-0.412746,22.204636,53.619473,2.574239,-10.000000,-800.000000,3.503160,2492.737069,0.096865
5.142000,0.350000,0.357713,-0.412917,23.936678,52.713817,2.778913,-10.000000,-800.000000,3.033102,2493.058737,0.096873
5.143000,0.350000,0.357301,-0.410812,25.696083,51.685146,2.955684,-10.000000,-800.000000,2.465957,2493.327387,0.096880
5.144000,0.350000,0.356892,-0.406334,27.476239,50.508652,3.102486,-10.000000,-800.000000,2.127225,2493.543304,0.096887
5.145000,0.350000,0.356489,-0.399338,29.269510,49.025972,3.217124,-10.000000,-800.000000,2.410902,2493.773703,0.096893
5.146000,0.350000,0.356094,-0.389624,31.066881,47.212191,3.296978,-10.000000,-800.000000,2.698482,2494.032759,0.096899
5.147000,0.350000,0.355711,-0.377008,32.857880,45.098352,3.339044,-10.000000,-800.000000,2.983906,2494.320487,0.096905
5.148000,0.350000,0.355341,-0.361341,34.630645,42.721128,3.340177,-10.000000,-800.000000,3.260946,2494.636282,0.096910
5.149000,0.350000,0.354989,-0.342506,36.372044,40.121835,3.297296,-10.000000,-800.000000,3.523498,2494.978921,0.096915
5.150000,0.350000,0.354658,-0.320424,38.067852,37.345403,3.207538,-10.000000,-800.000000,3.765886,2495.346598,0.096920
5.151000,0.350000,0.354349,-0.295059,39.702967,34.439329,3.068371,-10.000000,-800.000000,3.983177,2495.736979,0.096924
5.152000,0.350000,0.354068,-0.266416,41.261689,31.452624,2.877692,-10.000000,-800.000000,4.171491,2496.147305,0.096929
5.153000,0.350000,0.353818,-0.234545,42.728030,28.434770,2.633890,-8.434770,-800.000000,4.328278,2496.574505,0.096932
5.154000,0.350000,0.353600,-0.199538,44.086059,25.435511,2.335900,-6.278988,-800.000000,4.452553,2497.015353,0.096936
5.155000,0.350000,0.353420,-0.161530,45.320278,22.506744,1.983242,-3.893772,-800.000000,4.545027,2497.466628,0.096939
5.156000,0.350000,0.353278,-0.120703,46.416000,19.701659,1.576048,-1.339361,-800.000000,4.608095,2497.925289,0.096943
5.157000,0.350000,0.353179,-0.077278,47.359716,17.072075,1.115087,-0.000000,-800.000000,4.645632,2498.388625,0.096946
5.158000,0.350000,0.353125,-0.031516,48.139406,14.664971,0.601767,-0.000000,-800.000000,4.662539,2498.854385,0.096949
5.159000,0.350000,0.353117,0.015130,48.745513,12.517064,0.039124,-0.000000,-800.000000,4.663869,2499.320828,0.096952
5.160000,0.350000,0.353155,0.061176,49.178682,10.646083,-10.000000,0.558215,-800.000000,4.652199,2499.786577,0.096955
5.161000,0.350000,0.353239,0.108593,49.431603,9.063013,-10.000000,1.186695,-800.000000,4.556437,2500.247001,0.096958
5.162000,0.350000,0.353372,0.157016,49.484280,7.770846,-10.000000,1.846773,-800.000000,4.323687,2500.689065,0.096962
5.163000,0.350000,0.353554,0.206063,49.318055,6.763673,-10.000000,2.537269,-800.000000,3.975008,2501.100500,0.096965
5.164000,0.350000,0.353784,0.255344,48.917497,6.028360,-10.000000,3.255514,-800.000000,3.517661,2501.470267,0.096969
5.165000,0.350000,0.354064,0.304465,48.268827,5.546782,-10.000000,3.997790,-800.000000,2.947522,2501.787320,0.096973
5.166000,0.350000,0.354393,0.353029,47.358677,5.298477,-10.000000,4.759662,-800.000000,2.252282,2502.039659,0.096978
5.167000,0.350000,0.354770,0.400642,46.173271,5.263366,-10.000000,5.536195,-800.000000,1.414737,2502.213726,0.096982
5.168000,0.350000,0.355194,0.446907,44.698004,5.424047,-10.000000,6.322083,-800.000000,0.415685,2502.294097,0.096988
5.169000,0.350000,0.355663,0.491416,42.899342,5.767293,-10.000000,7.111718,-800.000000,0.000000,2502.297558,0.096993
5.170000,0.350000,0.356176,0.533708,40.704560,6.284597,-10.000000,7.899106,-800.000000,0.000000,2502.297558,0.096999
5.171000,0.350000,0.356730,0.573294,38.122137,6.972008,-10.000000,8.677686,-800.000000,0.000000,2502.297558,0.097006
5.172000,0.350000,0.357322,0.609708,35.176649,7.829738,-10.000000,9.440477,-800.000000,0.000000,2502.297558,0.097013
5.173000,0.350000,0.357948,0.642509,31.901949,8.861652,-10.000000,10.000000,-800.000000,0.000000,2502.297558,0.097021
5.174000,0.350000,0.358605,0.671292,28.340900,10.074711,-8.340900,10.000000,-800.000000,0.000000,2502.297558,0.097030
5.175000,0.350000,0.359289,0.695694,24.546004,11.478146,-5.380094,10.000000,-800.000000,0.000000,2502.297558,0.097039
5.176000,0.350000,0.359995,0.715403,20.582612,13.082311,-1.871302,10.000000,-800.000000,0.000000,2502.297558,0.097049
5.177000,0.350000,0.360718,0.730174,16.529839,14.898167,-0.000000,10.000000,-800.000000,0.000000,2502.297558,0.097060
5.178000,0.350000,0.361454,0.739838,12.477549,16.937566,-0.000000,10.000000,-800.000000,0.223282,2502.303140,0.097071
5.179000,0.350000,0.362196,0.744295,8.520805,19.279370,-0.000000,10.000000,-800.000000,2.221838,2502.451455,0.097084
5.180000,0.350000,0.362941,0.743499,4.760659,21.942557,-0.000000,10.000000,-800.000000,4.061940,2502.790039,0.097097
5.181000,0.350000,0.363681,0.737532,1.327465,24.882698,-0.000000,10.000000,-800.000000,5.705590,2503.300632,0.097110
5.182000,0.350000,0.364414,0.726956,0.000000,28.050328,-0.000000,10.000000,-800.000000,7.119727,2503.961485,0.097125
5.183000,0.350000,0.365135,0.714066,0.000000,31.396171,-0.000000,10.000000,-800.000000,8.275570,2504.747819,0.097140
5.184000,0.350000,0.365841,0.699206,0.000000,34.869636,-0.000000,10.000000,-800.000000,9.147962,2505.632205,0.097156
5.185000,0.350000,0.366532,0.682318,0.000000,38.416036,-0.000000,10.000000,-800.000000,9.714950,2506.584903,0.097172
5.186000,0.350000,0.367205,0.663378,0.000000,41.977100,-0.000000,10.000000,-800.000000,9.956693,2507.574124,0.097189
5.187000,0.350000,0.367859,0.642397,0.000000,45.491286,-0.000000,10.000000,-800.000000,9.853523,2508.566121,0.097207
5.188000,0.350000,0.368490,0.619422,0.000000,48.893636,-0.000000,10.000000,-800.000000,9.382316,2509.525007,0.097226
5.189000,0.350000,0.369097,0.594538,0.000000,52.114769,-0.000000,10.000000,-800.000000,8.508834,2510.411975,0.097245
5.190000,0.350000,0.369678,0.567873,0.000000,55.077799,-0.000000,10.000000,-800.000000,7.167980,2511.183111,0.097265
5.191000,0.350000,0.370232,0.539604,0.000000,57.688830,-0.000000,10.000000,-800.000000,5.192240,2511.782648,0.097285
5.192000,0.350000,0.370757,0.509975,0.000000,59.788958,-0.000000,10.000000,-800.000000,1.615088,2512.103899,0.097306
5.193000,0.350000,0.371252,0.479435,0.000000,60.869116,-0.000000,10.000000,-800.000000,0.000000,2512.103899,0.097327
5.194000,0.350000,0.371716,0.448447,0.000000,61.485701,-0.000000,10.000000,-800.000000,0.000000,2512.103899,0.097349
5.195000,0.350000,0.372148,0.417196,0.000000,61.850804,-0.000000,10.000000,-800.000000,0.000000,2512.103899,0.097371
5.196000,0.350000,0.372550,0.385809,0.000000,62.028930,-0.000000,10.000000,-800.000000,0.000000,2512.103899,0.097393
5.197000,0.350000,0.372920,0.354379,0.000000,62.063006,-0.000000,10.000000,-800.000000,0.000000,2512.103899,0.097416
5.198000,0.350000,0.373259,0.322980,0.000000,61.986735,-0.000000,10.000000,-800.000000,0.000000,2512.103899,0.097439
5.199000,0.350000,0.373566,0.291665,0.000000,61.828524,-0.000000,10.000000,-800.000000,0.000000,2512.103899,0.097463
5.200000,0.350000,0.373842,0.260474,0.000000,61.613444,-0.000000,10.000000,-800.000000,0.000000,2512.103899,0.097487
5.201000,0.350000,0.374087,0.229430,0.000000,61.372007,-0.000000,10.000000,-800.000000,0.000000,2512.103899,0.097511
5.202000,0.350000,0.374301,0.198540,0.000000,61.121355,-0.000000,10.000000,-800.000000,0.000000,2512.103899,0.097535
5.203000,0.350000,0.374484,0.167804,0.000000,60.871892,-0.000000,10.000000,-800.000000,0.000000,2512.103899,0.097560
5.204000,0.350000,0.374637,0.137217,0.000000,60.633699,-0.000000,10.000000,-800.000000,0.000000,2512.103899,0.097584
5.205000,0.350000,0.374759,0.106765,0.000000,60.416895,-0.000000,10.000000,-800.000000,0.000000,2512.103899,0.097609
5.206000,0.350000,0.374850,0.076431,0.000000,60.232164,-0.000000,10.000000,-800.000000,0.000000,2512.103899,0.097634
5.207000,0.350000,0.374912,0.046186,0.000000,60.091771,-0.000000,10.000000,-800.000000,0.000000,2512.103899,0.097659
5.208000,0.350000,0.374943,0.015998,0.000000,60.011774,-0.000000,10.000000,-800.000000,0.000000,2512.103899,0.097684
5.209000,0.350000,0.374944,-0.012590,0.020488,59.990829,-0.000000,9.503079,-800.000000,0.300063,2512.117910,0.097709
5.210000,0.350000,0.374918,-0.039243,0.119486,59.968926,-0.000000,9.012397,-800.000000,0.694612,2512.172727,0.097734
5.211000,0.350000,0.374866,-0.065764,0.302968,59.934691,-0.000000,8.559533,-800.000000,1.078162,2512.266210,0.097758
5.212000,0.350000,0.374787,-0.092056,0.574341,59.887460,-0.000000,8.128212,-800.000000,1.456471,2512.397705,0.097783
5.213000,0.350000,0.374682,-0.118020,0.936038,59.827293,-0.000000,7.708413,-800.000000,1.830480,2512.566762,0.097808
5.214000,0.350000,0.374551,-0.143555,1.389730,59.754515,-0.000000,7.294418,-800.000000,2.198115,2512.772850,0.097833
5.215000,0.350000,0.374395,-0.168562,1.936366,59.669300,-0.000000,6.883252,-800.000000,2.556986,2513.015165,0.097857
5.216000,0.350000,0.374214,-0.192938,2.576186,59.571796,-0.000000,6.473662,-800.000000,2.905479,2513.292733,0.097881
5.217000,0.350000,0.374009,-0.216583,3.308730,59.462146,-0.000000,6.065484,-800.000000,3.241720,2513.604399,0.097905
5.218000,0.350000,0.373781,-0.239398,4.132846,59.340466,-0.000000,5.659240,-800.000000,3.563792,2513.948818,0.097929
5.219000,0.350000,0.373530,-0.261286,5.046712,59.206841,-0.000000,5.255886,-800.000000,3.869797,2514.324456,0.097952
5.220000,0.350000,0.373259,-0.282151,6.047853,59.061317,-0.000000,4.856651,-800.000000,4.157893,2514.729588,0.097976
5.221000,0.350000,0.372967,-0.301902,7.133173,58.903914,-0.000000,4.462930,-800.000000,4.426318,2515.162314,0.097999
5.222000,0.350000,0.372655,-0.320450,8.299270,58.734623,-0.000000,4.076217,-800.000000,4.712533,2515.621540,0.098021
5.223000,0.350000,0.372326,-0.337707,9.551217,58.553424,-0.000000,3.698065,-800.000000,5.126861,2516.119100,0.098044
5.224000,0.350000,0.371980,-0.353581,10.886083,58.360304,-0.000000,3.330090,-800.000000,5.488742,2516.654812,0.098066
5.225000,0.350000,0.371619,-0.367989,12.295194,58.155273,-0.000000,2.973946,-800.000000,5.798730,2517.223463,0.098087
5.226000,0.350000,0.371245,-0.380855,13.769825,57.938353,-0.000000,2.631281,-800.000000,6.057599,2517.819911,0.098108
5.227000,0.350000,0.370858,-0.392112,15.301234,57.709589,-0.468334,2.303703,-800.000000,6.266338,2518.439104,0.098129
5.228000,0.350000,0.370461,-0.401702,16.880381,57.469054,-1.671037,1.992759,-800.000000,6.418722,2519.075751,0.098150
5.229000,0.350000,0.370055,-0.409577,18.496333,57.216856,-3.051751,1.699913,-800.000000,6.491785,2519.722931,0.098170
5.230000,0.350000,0.369643,-0.415702,20.134436,56.953145,-4.599154,1.426531,-800.000000,6.454337,2520.370745,0.098190
5.231000,0.350000,0.369225,-0.420057,21.776188,56.678109,-6.296776,1.173842,-800.000000,6.277719,2521.006328,0.098209
5.232000,0.350000,0.368803,-0.422642,23.399647,56.391960,-8.123046,0.942900,-800.000000,5.936594,2521.614152,0.098228
5.233000,0.350000,0.368380,-0.423483,24.980961,56.094926,-10.000000,0.734534,-800.000000,5.641075,2522.184644,0.098246
5.234000,0.350000,0.367957,-0.422625,26.499486,55.787229,-10.000000,0.549312,-800.000000,5.556831,2522.743702,0.098264
5.235000,0.350000,0.367535,-0.420137,27.924750,55.469069,-10.000000,0.387514,-800.000000,5.445561,2523.292637,0.098281
5.236000,0.350000,0.367117,-0.416122,29.226038,55.140593,-10.000000,0.249080,-800.000000,5.308664,2523.828831,0.098299
5.237000,0.350000,0.366703,-0.410709,30.375706,54.801853,-10.000000,0.133570,-800.000000,5.147825,2524.349825,0.098315
5.238000,0.350000,0.366296,-0.404053,31.349747,54.452777,-10.000000,0.040142,-800.000000,4.964991,2524.853344,0.098332
5.239000,0.350000,0.365896,-0.396332,32.128257,54.093143,-10.000000,0.000000,-800.000000,4.762327,2525.337323,0.098347
5.240000,0.350000,0.365504,-0.387740,32.695770,53.722566,0.085793,-10.000000,-800.000000,4.542322,2525.799930,0.098363
5.241000,0.350000,0.365120,-0.378480,33.047359,53.337963,0.121861,-10.000000,-800.000000,4.261840,2526.237442,0.098378
5.242000,0.350000,0.364747,-0.368745,33.204825,52.926333,0.142840,-10.000000,-800.000000,3.882539,2526.640657,0.098393
5.243000,0.350000,0.364383,-0.358692,33.195950,52.473049,0.150978,-10.000000,-800.000000,3.412359,2527.000210,0.098407
5.244000,0.350000,0.364029,-0.348441,33.047496,51.964205,0.148392,-10.000000,-800.000000,2.856579,2527.307364,0.098421
5.245000,0.350000,0.363686,-0.338082,32.784609,51.386285,0.136948,-10.000000,-800.000000,2.218051,2527.553755,0.098435
5.246000,0.350000,0.363353,-0.327672,32.430410,50.725882,0.118198,-10.000000,-800.000000,1.497547,2527.731170,0.098448
5.247000,0.350000,0.363031,-0.317236,32.005730,49.969476,0.093341,-10.000000,-800.000000,0.694188,2527.831369,0.098461
5.248000,0.350000,0.362719,-0.306777,31.528959,49.099305,0.063205,-10.000000,-800.000000,0.000000,2527.850796,0.098474
5.249000,0.350000,0.362417,-0.296240,31.015943,47.991392,0.028207,-10.000000,-800.000000,0.000000,2527.850796,0.098486
5.250000,0.350000,0.362126,-0.285494,30.479797,46.597378,0.000000,-10.000000,-800.000000,0.000000,2527.850796,0.098499
5.251000,0.350000,0.361846,-0.274394,29.930938,44.930601,-10.000000,0.057954,-800.000000,0.000000,2527.850796,0.098510
5.252000,0.350000,0.361578,-0.262798,29.371779,43.016744,-10.000000,0.111382,-800.000000,0.000000,2527.850796,0.098522
5.253000,0.350000,0.361321,-0.250596,28.782403,40.910467,-10.000000,0.173779,-800.000000,0.000000,2527.850796,0.098533
5.254000,0.350000,0.361077,-0.237733,28.140669,38.669570,-10.000000,0.246685,-800.000000,0.000000,2527.850796,0.098544
5.255000,0.350000,0.360846,-0.224208,27.428216,36.346770,-9.612562,0.331320,-800.000000,0.000000,2527.850796,0.098555
5.256000,0.350000,0.360629,-0.210064,26.630675,33.989147,-9.420040,0.428441,-800.000000,0.000000,2527.850796,0.098566
5.257000,0.350000,0.360426,-0.195380,25.738324,31.637861,-9.047697,0.538290,-800.000000,0.000000,2527.850796,0.098576
5.258000,0.350000,0.360238,-0.180266,24.745774,29.328089,-8.481732,0.660598,-800.000000,0.000000,2527.850796,0.098586
5.259000,0.350000,0.360065,-0.164853,23.652113,27.089143,-7.712492,0.794619,-800.000000,0.000000,2527.850796,0.098597
5.260000,0.350000,0.359908,-0.149287,22.461090,24.944724,-6.735031,0.939200,-800.000000,0.000000,2527.850796,0.098606
5.261000,0.350000,0.359767,-0.133719,21.181121,22.913289,-5.549500,1.092856,-800.000000,0.000000,2527.850796,0.098616
5.262000,0.350000,0.359641,-0.118300,19.825060,21.008492,-4.161326,1.253856,-800.000000,0.000000,2527.850796,0.098626
5.263000,0.350000,0.359530,-0.103171,18.409756,19.239681,-2.581131,1.420323,-800.000000,0.000000,2527.850796,0.098635
5.264000,0.350000,0.359434,-0.088460,16.955362,17.612426,-0.824394,1.590323,-800.000000,0.000000,2527.850796,0.098645
5.265000,0.350000,0.359353,-0.074277,15.484453,16.129069,-0.000000,1.761954,-800.000000,0.000000,2527.850796,0.098654
5.266000,0.350000,0.359286,-0.060711,14.020561,14.789262,-0.000000,1.933428,-800.000000,0.000000,2527.850796,0.098663
5.267000,0.350000,0.359231,-0.047824,12.585314,13.590496,-0.000000,2.103139,-800.000000,0.000000,2527.850796,0.098673
5.268000,0.350000,0.359190,-0.035659,11.196523,12.528600,-0.000000,2.269702,-800.000000,0.000000,2527.850796,0.098682
5.269000,0.350000,0.359160,-0.024243,9.868136,11.598196,-0.000000,2.431972,-800.000000,0.000000,2527.850796,0.098691
5.270000,0.350000,0.359141,-0.013583,8.610607,10.793105,-0.000000,2.589043,-800.000000,0.000000,2527.850796,0.098700
5.271000,0.350000,0.359132,-0.003704,7.431311,10.106706,-0.000000,2.740222,-800.000000,0.000000,2527.850796,0.098709
5.272000,0.350000,0.359133,0.003636,6.337577,9.530188,-0.000000,2.881460,-800.000000,0.000000,2527.850796,0.098718
5.273000,0.350000,0.359139,0.008662,5.339050,9.051072,-0.000000,3.003136,-800.000000,0.000000,2527.850796,0.098728
5.274000,0.350000,0.359150,0.012953,4.437702,8.661400,-0.000000,3.105453,-800.000000,0.000000,2527.850796,0.098737
5.275000,0.350000,0.359165,0.016611,3.631406,8.355553,-0.000000,3.192375,-800.000000,0.000000,2527.850796,0.098746
5.276000,0.350000,0.359183,0.019680,2.916789,8.128439,-0.000000,3.266867,-800.000000,0.000000,2527.850796,0.098755
5.277000,0.350000,0.359204,0.022204,2.289591,7.975540,-0.000000,3.330966,-800.000000,0.000000,2527.850796,0.098764
5.278000,0.350000,0.359227,0.024222,1.744976,7.892943,-0.000000,3.386097,-800.000000,0.000000,2527.850796,0.098774
5.279000,0.350000,0.359252,0.025774,1.277826,7.877343,-0.000000,3.433299,-800.000000,0.000000,2527.850796,0.098783
5.280000,0.350000,0.359278,0.026895,0.883047,7.926425,-0.000000,3.473355,-800.000000,0.094083,2527.853148,0.098792
5.281000,0.350000,0.359306,0.027604,0.555955,8.092769,-0.000000,3.506861,-800.000000,1.004784,2527.919685,0.098801
5.282000,0.350000,0.359333,0.027884,0.292995,8.408650,-0.000000,3.534148,-800.000000,1.884943,2528.075440,0.098811
5.283000,0.350000,0.359361,0.027712,0.093488,8.867133,-0.000000,3.555260,-800.000000,2.727852,2528.316931,0.098820
5.284000,0.350000,0.359389,0.027075,0.000000,9.460201,-0.000000,3.570064,-800.000000,3.527735,2528.640065,0.098829
5.285000,0.350000,0.359415,0.026021,0.000000,10.179036,-0.000000,3.578489,-800.000000,4.279740,2529.040229,0.098839
5.286000,0.350000,0.359441,0.024515,0.000000,11.014104,-0.000000,3.580528,-800.000000,4.979927,2529.512383,0.098848
5.287000,0.350000,0.359464,0.022492,0.000000,11.955109,-0.000000,3.575839,-800.000000,5.625250,2530.051147,0.098858
5.288000,0.350000,0.359485,0.019894,0.000000,12.991151,-0.000000,3.563823,-800.000000,6.213520,2530.650891,0.098867
5.289000,0.350000,0.359504,0.016670,0.000000,14.110878,-0.000000,3.543733,-800.000000,6.743357,2531.305817,0.098877
5.290000,0.350000,0.359519,0.012772,0.000000,15.302640,-0.000000,3.514761,-800.000000,7.214123,2532.010038,0.098886
5.291000,0.350000,0.359529,0.008163,0.000000,16.554618,-0.000000,3.476090,-800.000000,7.625860,2532.757643,0.098896
5.292000,0.350000,0.359535,0.002950,0.000000,17.855008,-0.000000,3.427014,-800.000000,7.979208,2533.542766,0.098905
5.293000,0.350000,0.359535,-0.001636,0.004355,19.194145,-0.000000,3.370396,-800.000000,8.275140,2534.359627,0.098915
5.294000,0.350000,0.359532,-0.005546,0.019471,20.564779,-0.000000,3.312123,-800.000000,8.514843,2535.202556,0.098924
5.295000,0.350000,0.359524,-0.009755,0.045124,21.958505,-0.000000,3.253917,-800.000000,8.700115,2536.066036,0.098934
5.296000,0.350000,0.359512,-0.014748,0.085012,23.364636,-0.000000,3.192186,-800.000000,8.833559,2536.944781,0.098943
5.297000,0.350000,0.359494,-0.020516,0.143092,24.772594,-0.000000,3.123565,-800.000000,8.918262,2537.833798,0.098953
5.298000,0.350000,0.359471,-0.027038,0.223206,26.172390,-0.000000,3.045845,-800.000000,8.957593,2538.728423,0.098962
5.299000,0.350000,0.359440,-0.034281,0.329081,27.554688,-0.000000,2.957677,-800.000000,8.955067,2539.624338,0.098972
5.300000,0.350000,0.359402,-0.042208,0.464283,28.910846,-0.000000,2.858308,-800.000000,8.914264,2540.517579,0.098981
5.301000,0.350000,0.359355,-0.050770,0.632169,30.232949,-0.000000,2.747407,-800.000000,8.838762,2541.404544,0.098991
5.302000,0.350000,0.359300,-0.059912,0.835838,31.513827,-0.000000,2.624958,-800.000000,8.732088,2542.281983,0.099000
5.303000,0.350000,0.359235,-0.069571,1.078088,32.747059,-0.000000,2.491186,-800.000000,8.597686,2543.146994,0.099009
5.304000,0.350000,0.359161,-0.079678,1.361374,33.926983,-0.000000,2.346510,-800.000000,8.438880,2543.997016,0.099018
5.305000,0.350000,0.359076,-0.090161,1.688308,35.048682,-0.000000,2.191510,-800.000000,8.305942,2544.830983,0.099027
5.306000,0.350000,0.358980,-0.100932,2.075728,36.107990,-0.000000,2.026913,-800.000000,8.322561,2545.662971,0.099036
5.307000,0.350000,0.358874,-0.111891,2.529113,37.101500,-0.000000,1.853629,-800.000000,8.295885,2546.493881,0.099045
5.308000,0.350000,0.358757,-0.122935,3.045512,38.026554,-0.000000,1.672745,-800.000000,8.230136,2547.319649,0.099054
5.309000,0.350000,0.358628,-0.133963,3.621809,38.881191,-0.000000,1.485470,-800.000000,8.129339,2548.136621,0.099063
5.310000,0.350000,0.358489,-0.144876,4.254730,39.664106,-0.000000,1.293091,-800.000000,7.997288,2548.941532,0.099071
5.311000,0.350000,0.358338,-0.155576,4.940859,40.374594,-0.000000,1.096948,-800.000000,7.837506,2549.731478,0.099079
5.312000,0.350000,0.358178,-0.165973,5.676648,41.012493,-0.000000,0.898406,-800.000000,7.653227,2550.503890,0.099088
5.313000,0.350000,0.358007,-0.175974,6.458426,41.578131,-0.000000,0.698844,-800.000000,7.447368,2551.256505,0.099096
5.314000,0.350000,0.357826,-0.185497,7.282412,42.072261,-0.000000,0.499640,-800.000000,7.222522,2551.987328,0.099103
5.315000,0.350000,0.357636,-0.194458,8.144724,42.496006,-0.000000,0.302157,-800.000000,6.980954,2552.694604,0.099111
5.316000,0.350000,0.357437,-0.202782,9.041390,42.850797,-0.000000,0.107739,-800.000000,6.724606,2553.376787,0.099119
5.317000,0.350000,0.357230,-0.210398,9.968353,43.138322,0.082297,-10.000000,-800.000000,6.455114,2554.032501,0.099126
5.318000,0.350000,0.357017,-0.217238,10.921546,43.356398,0.266670,-10.000000,-800.000000,6.102423,2554.657141,0.099133
5.319000,0.350000,0.356796,-0.223233,11.897172,43.488110,0.444125,-10.000000,-800.000000,5.615675,2555.237892,0.099140
5.320000,0.350000,0.356570,-0.228307,12.891945,43.516207,0.613385,-10.000000,-800.000000,5.022256,2555.763114,0.099146
5.321000,0.350000,0.356340,-0.232380,13.902992,43.426709,0.773123,-10.000000,-800.000000,4.342789,2556.223480,0.099152
5.322000,0.350000,0.356106,-0.235364,14.927683,43.208043,0.921936,-10.000000,-800.000000,3.591744,2556.611335,0.099159
5.323000,0.350000,0.355870,-0.237170,15.963476,42.850287,1.058342,-10.000000,-800.000000,2.778266,2556.920130,0.099164
5.324000,0.350000,0.355632,-0.237704,17.007773,42.344547,1.180781,-10.000000,-800.000000,1.907110,2557.143951,0.099170
5.325000,0.350000,0.355395,-0.236871,18.057789,41.678658,1.287616,-10.000000,-800.000000,1.279640,2557.285775,0.099175
5.326000,0.350000,0.355159,-0.234556,19.110401,40.786597,1.377115,-10.000000,-800.000000,1.359672,2557.418604,0.099181
5.327000,0.350000,0.354926,-0.230620,20.161936,39.650625,1.447324,-10.000000,-800.000000,1.456637,2557.560504,0.099186
5.328000,0.350000,0.354698,-0.224926,21.208069,38.280784,1.496083,-10.000000,-800.000000,1.569142,2557.713084,0.099190
5.329000,0.350000,0.354477,-0.217350,22.243780,36.692515,1.521123,-10.000000,-800.000000,1.695214,2557.877781,0.099195
5.330000,0.350000,0.354264,-0.207785,23.263343,34.906149,1.520162,-10.000000,-800.000000,1.832378,2558.055798,0.099199
5.331000,0.350000,0.354062,-0.196140,24.260329,32.946310,1.490987,-10.000000,-800.000000,1.977747,2558.248069,0.099203
5.332000,0.350000,0.353873,-0.182348,25.227643,30.841262,1.431521,-10.000000,-800.000000,2.128102,2558.455215,0.099207
5.333000,0.350000,0.353698,-0.166366,26.157569,28.622196,1.339888,-8.622196,-800.000000,2.279982,2558.677519,0.099211
5.334000,0.350000,0.353541,-0.148177,27.041844,26.323213,1.214460,-7.185432,-800.000000,2.429754,2558.914909,0.099214
5.335000,0.350000,0.353402,-0.127793,27.871743,23.982997,1.053913,-5.477538,-800.000000,2.573689,2559.166940,0.099218
5.336000,0.350000,0.353286,-0.105257,28.638188,21.643677,0.857269,-3.536518,-800.000000,2.708010,2559.432793,0.099221
5.337000,0.350000,0.353193,-0.080646,29.331865,19.349132,0.623946,-1.406341,-800.000000,2.828930,2559.711270,0.099224
5.338000,0.350000,0.353125,-0.054072,29.943353,17.143136,0.353795,-0.000000,-800.000000,2.932659,2560.000795,0.099227
5.339000,0.350000,0.353085,-0.025676,30.463243,15.067006,0.047132,-0.000000,-800.000000,3.015385,2560.299410,0.099230
5.340000,0.350000,0.353074,0.003877,30.882444,13.155839,-10.000000,0.295002,-800.000000,3.073221,2560.604772,0.099233
5.341000,0.350000,0.353092,0.031900,31.194385,11.429930,-10.000000,0.661030,-800.000000,2.976377,2560.908200,0.099236
5.342000,0.350000,0.353138,0.061116,31.370094,9.903625,-10.000000,1.045530,-800.000000,2.622504,2561.185586,0.099240
5.343000,0.350000,0.353215,0.091268,31.375425,8.587225,-10.000000,1.450522,-800.000000,2.045348,2561.413396,0.099243
5.344000,0.350000,0.353321,0.122046,31.181126,7.483842,-10.000000,1.876419,-800.000000,1.270992,2561.570991,0.099246
5.345000,0.350000,0.353459,0.153116,30.761987,6.590330,-10.000000,2.321912,-800.000000,0.318049,2561.639871,0.099250
5.346000,0.350000,0.353627,0.184122,30.095704,5.898459,-10.000000,2.784402,-800.000000,0.000000,2561.641207,0.099253
5.347000,0.350000,0.353827,0.214696,29.165897,5.396305,-9.165897,3.260345,-800.000000,0.000000,2561.641207,0.099257
5.348000,0.350000,0.354056,0.244468,27.966924,5.069780,-8.883514,3.745512,-800.000000,0.000000,2561.641207,0.099261
5.349000,0.350000,0.354315,0.273075,26.502381,4.904177,-8.215663,4.235209,-800.000000,0.000000,2561.641207,0.099265
5.350000,0.350000,0.354602,0.300170,24.784009,4.885550,-7.147529,4.724469,-800.000000,0.000000,2561.641207,0.099270
5.351000,0.350000,0.354915,0.325432,22.831892,5.001747,-5.673813,5.208208,-800.000000,0.000000,2561.641207,0.099275
5.352000,0.350000,0.355252,0.348567,20.674716,5.243033,-3.799826,5.681373,-800.000000,0.000000,2561.641207,0.099280
5.353000,0.350000,0.355611,0.369321,18.349477,5.602334,-1.542059,6.139068,-800.000000,0.000000,2561.641207,0.099286
5.354000,0.350000,0.355990,0.387484,15.900576,6.075186,-0.000000,6.576673,-800.000000,0.000000,2561.641207,0.099292
5.355000,0.350000,0.356385,0.402893,13.377904,6.659541,-0.000000,6.989961,-800.000000,0.000000,2561.641207,0.099298
5.356000,0.350000,0.356795,0.415436,10.832933,7.355501,-0.000000,7.375188,-800.000000,0.000000,2561.641207,0.099305
5.357000,0.350000,0.357215,0.425051,8.315209,8.165060,-0.000000,7.729166,-800.000000,0.000000,2561.641207,0.099312
5.358000,0.350000,0.357644,0.431722,5.872683,9.091865,-0.000000,8.049302,-800.000000,0.000000,2561.641207,0.099320
5.359000,0.350000,0.358078,0.435478,3.554554,10.141012,-0.000000,8.333608,-800.000000,0.000000,2561.641207,0.099328
5.360000,0.350000,0.358514,0.436396,1.420446,11.318894,-0.000000,8.580727,-800.000000,0.000000,2561.641207,0.099336
5.361000,0.350000,0.358950,0.434625,0.000000,12.696803,-0.000000,8.789999,-800.000000,1.632382,2561.740127,0.099345
5.362000,0.350000,0.359383,0.431321,0.000000,14.346711,-0.000000,8.963418,-800.000000,3.295640,2562.007901,0.099355
5.363000,0.350000,0.359812,0.426987,0.000000,16.253591,-0.000000,9.107477,-800.000000,4.872224,2562.436772,0.099365
5.364000,0.350000,0.360236,0.421480,0.000000,18.397912,-0.000000,9.226746,-800.000000,6.338914,2563.016607,0.099375
5.365000,0.350000,0.360655,0.414669,0.000000,20.756042,-0.000000,9.323318,-800.000000,7.674230,2563.735061,0.099385
5.366000,0.350000,0.361065,0.406440,0.000000,23.300606,-0.000000,9.397679,-800.000000,8.858812,2564.577767,0.099396
5.367000,0.350000,0.361467,0.396693,0.000000,26.000910,-0.000000,9.449375,-800.000000,9.875705,2565.528574,0.099408
5.368000,0.350000,0.361858,0.385349,0.000000,28.823405,-0.000000,9.477444,-800.000000,10.710530,2566.569793,0.099420
5.369000,0.350000,0.362237,0.372347,0.000000,31.732182,-0.000000,9.480699,-800.000000,11.351609,2567.682466,0.099432
5.370000,0.350000,0.362602,0.357650,0.000000,34.689485,-0.000000,9.457915,-800.000000,11.790027,2568.846639,0.099445
5.371000,0.350000,0.362952,0.341242,0.000000,37.656235,-0.000000,9.407957,-800.000000,12.019651,2570.041641,0.099458
5.372000,0.350000,0.363284,0.323128,0.000000,40.592558,-0.000000,9.329857,-800.000000,12.037113,2571.246361,0.099471
5.373000,0.350000,0.363598,0.303340,0.000000,43.458304,-0.000000,9.222882,-800.000000,11.841759,2572.439521,0.099484
5.374000,0.350000,0.363890,0.281929,0.000000,46.213560,-0.000000,9.086564,-800.000000,11.435549,2573.599942,0.099498
5.375000,0.350000,0.364161,0.258972,0.000000,48.819139,-0.000000,8.920736,-800.000000,10.822912,2574.706796,0.099513
5.376000,0.350000,0.364408,0.234566,0.000000,51.237041,-0.000000,8.725542,-800.000000,10.010515,2575.739842,0.099527
5.377000,0.350000,0.364630,0.208830,0.000000,53.430856,-0.000000,8.501453,-800.000000,9.006900,2576.679624,0.099542
5.378000,0.350000,0.364825,0.181903,0.000000,55.366094,-0.000000,8.249268,-800.000000,7.821843,2577.507626,0.099556
5.379000,0.350000,0.364993,0.153944,0.000000,57.010350,-0.000000,7.970109,-800.000000,6.465042,2578.206318,0.099571
5.380000,0.350000,0.365133,0.125128,0.000000,58.333119,-0.000000,7.665425,-800.000000,4.942828,2578.758972,0.099587
5.381000,0.350000,0.365243,0.095647,0.000000,59.304561,-0.000000,7.336976,-800.000000,3.246686,2579.148730,0.099602
5.382000,0.350000,0.365324,0.065711,0.000000,59.888906,-0.000000,6.986834,-800.000000,1.273400,2579.353503,0.099617
5.383000,0.350000,0.365375,0.035562,0.000000,60.020124,-0.000000,6.617409,-800.000000,0.000000,2579.369628,0.099632
5.384000,0.350000,0.365395,0.005389,0.000000,60.000537,-0.000000,6.231417,-800.000000,0.000000,2579.369628,0.099648
5.385000,0.350000,0.365386,-0.021924,0.046798,59.982937,-0.000000,5.836964,-800.000000,0.426161,2579.397231,0.099663
5.386000,0.350000,0.365351,-0.048538,0.177099,59.953659,-0.000000,5.445089,-800.000000,0.804537,2579.463590,0.099679
5.387000,0.350000,0.365289,-0.074981,0.394086,59.909830,-0.000000,5.053318,-800.000000,1.173630,2579.567172,0.099694
5.388000,0.350000,0.365201,-0.101154,0.700255,59.850781,-0.000000,4.659443,-800.000000,1.534897,2579.707179,0.099709
5.389000,0.350000,0.365087,-0.126955,1.097312,59.776107,-0.000000,4.262554,-800.000000,1.887075,2579.882758,0.099724
5.390000,0.350000,0.364948,-0.152284,1.586277,59.685410,-0.000000,3.862657,-800.000000,2.228116,2580.092876,0.099739
5.391000,0.350000,0.364783,-0.177036,2.167505,59.578225,-0.000000,3.460362,-800.000000,2.555734,2580.336278,0.099754
5.392000,0.350000,0.364594,-0.201109,2.840691,59.453998,-0.000000,3.056669,-800.000000,2.867582,2580.611474,0.099769
5.393000,0.350000,0.364381,-0.224402,3.604878,59.312082,-0.000000,2.652830,-800.000000,3.161320,2580.916741,0.099783
5.394000,0.350000,0.364145,-0.246814,4.458466,59.151739,-0.000000,2.250268,-800.000000,3.434647,2581.250124,0.099797
5.395000,0.350000,0.363888,-0.268246,5.399230,58.972137,-0.000000,1.850512,-800.000000,3.685318,2581.609441,0.099811
5.396000,0.350000,0.363609,-0.288601,6.424331,58.772365,-0.000000,1.455163,-800.000000,3.911153,2581.992290,0.099825
5.397000,0.350000,0.363311,-0.307785,7.530348,58.551428,-0.000000,1.065867,-800.000000,4.110055,2582.396055,0.099838
5.398000,0.350000,0.362994,-0.325709,8.713298,58.308256,-0.000000,0.684292,-800.000000,4.280019,2582.817917,0.099851
5.399000,0.350000,0.362660,-0.342283,9.968986,58.041714,-0.000000,0.312113,-800.000000,4.456968,2583.255808,0.099864
5.400000,0.350000,0.362310,-0.357424,11.299288,57.750606,-0.000000,0.000000,-800.000000,4.708806,2583.717683,0.099876
5.401000,0.350000,0.361946,-0.371044,12.699448,57.433711,0.397332,-10.000000,-800.000000,4.904639,2584.201239,0.099888
5.402000,0.350000,0.361568,-0.383064,14.161287,57.088228,0.731212,-10.000000,-800.000000,5.022544,2584.699852,0.099899
5.403000,0.350000,0.361180,-0.393407,15.677772,56.705208,1.048956,-10.000000,-800.000000,5.047055,2585.204323,0.099911
5.404000,0.350000,0.360782,-0.401998,17.242866,56.274597,1.348900,-10.000000,-800.000000,4.987753,2585.705951,0.099921
5.405000,0.350000,0.360377,-0.408764,18.851188,55.786535,1.629383,-10.000000,-800.000000,4.849832,2586.196709,0.099932
5.406000,0.350000,0.359965,-0.413626,20.497735,55.231067,1.888734,-10.000000,-800.000000,4.634885,2586.668861,0.099942
5.407000,0.350000,0.359550,-0.416510,22.177625,54.597948,2.125261,-10.000000,-800.000000,4.341623,2587.114643,0.099951
5.408000,0.350000,0.359133,-0.417337,23.885851,53.876525,2.337244,-10.000000,-800.000000,3.966511,2587.526019,0.099960
5.409000,0.350000,0.358716,-0.416029,25.617073,53.055700,2.522931,-10.000000,-800.000000,3.504349,2587.894488,0.099969
5.410000,0.350000,0.358302,-0.412504,27.365425,52.123942,2.680529,-10.000000,-800.000000,2.948820,2588.210958,0.099977
5.411000,0.350000,0.357892,-0.406682,29.124355,51.069351,2.808211,-10.000000,-800.000000,2.292994,2588.465662,0.099985
5.412000,0.350000,0.357489,-0.398478,30.886492,49.840496,2.904105,-10.000000,-800.000000,2.160000,2588.675906,0.099993
5.413000,0.350000,0.357096,-0.387743,32.643390,48.284190,2.966160,-10.000000,-800.000000,2.405414,2588.907238,0.100000
5.414000,0.350000,0.356714,-0.374296,34.385258,46.410921,2.991875,-10.000000,-800.000000,2.648786,2589.163027,0.100007
5.415000,0.350000,0.356348,-0.357983,36.100982,44.253519,2.978450,-10.000000,-800.000000,2.884496,2589.442719,0.100013
5.416000,0.350000,0.355999,-0.338682,37.778241,41.850015,2.923022,-10.000000,-800.000000,3.107083,2589.745203,0.100019
5.417000,0.350000,0.355672,-0.316307,39.403676,39.242628,2.822851,-10.000000,-800.000000,3.311527,2590.068848,0.100025
5.418000,0.350000,0.355368,-0.290810,40.963102,36.476717,2.675455,-10.000000,-800.000000,3.493531,2590.411565,0.100030
5.419000,0.350000,0.355091,-0.262184,42.441763,33.599725,2.478722,-10.000000,-800.000000,3.649789,2590.770895,0.100035
5.420000,0.350000,0.354845,-0.230465,43.824636,30.660123,2.230984,-10.000000,-800.000000,3.778235,2591.144123,0.100040
5.421000,0.350000,0.354631,-0.195728,45.096753,27.706380,1.931082,-7.706380,-800.000000,3.878223,2591.528416,0.100044
5.422000,0.350000,0.354454,-0.158092,46.243545,24.787112,1.578400,-5.557750,-800.000000,3.950618,2591.920971,0.100049
5.423000,0.350000,0.354316,-0.117716,47.251187,21.953804,1.172899,-3.203153,-800.000000,3.997746,2592.319163,0.100053
5.424000,0.350000,0.354219,-0.074802,48.106928,19.258420,0.715141,-0.703150,-800.000000,4.023138,2592.720678,0.100057
5.425000,0.350000,0.354167,-0.029588,48.799362,16.750421,0.206296,-0.000000,-800.000000,4.031057,2593.123605,0.100062
5.426000,0.350000,0.354161,0.016371,49.319525,14.472588,-10.000000,0.350648,-800.000000,4.025583,2593.526462,0.100066
5.427000,0.350000,0.354200,0.061847,49.665265,12.450628,-10.000000,0.941178,-800.000000,3.934024,2593.924508,0.100070
5.428000,0.350000,0.354285,0.108694,49.817597,10.703978,-10.000000,1.562441,-800.000000,3.704021,2594.304503,0.100074
5.429000,0.350000,0.354417,0.156539,49.756460,9.243081,-10.000000,2.214985,-800.000000,3.359266,2594.654197,0.100079
5.430000,0.350000,0.354598,0.204988,49.465345,8.068475,-10.000000,2.897605,-800.000000,2.909566,2594.962831,0.100083
5.431000,0.350000,0.354827,0.253638,48.929707,7.172339,-10.000000,3.607553,-800.000000,2.352818,2595.219859,0.100088
5.432000,0.350000,0.355105,0.302081,48.135670,6.540562,-10.000000,4.340985,-800.000000,1.677964,2595.413945,0.100093
5.433000,0.350000,0.355431,0.349903,47.069118,6.155227,-10.000000,5.093297,-800.000000,0.868292,2595.532264,0.100099
5.434000,0.350000,0.355805,0.396690,45.714792,5.997261,-10.000000,5.859342,-800.000000,0.000000,2595.562524,0.100104
5.435000,0.350000,0.356224,0.442002,43.999778,6.048836,-10.000000,6.633539,-800.000000,0.000000,2595.562524,0.100111
5.436000,0.350000,0.356688,0.485339,41.883734,6.295069,-10.000000,7.409726,-800.000000,0.000000,2595.562524,0.100117
5.437000,0.350000,0.357194,0.526201,39.380259,6.725057,-10.000000,8.181145,-800.000000,0.000000,2595.562524,0.100125
5.438000,0.350000,0.357740,0.564114,36.512230,7.332292,-10.000000,8.940672,-800.000000,0.000000,2595.562524,0.100132
5.439000,0.350000,0.358321,0.598634,33.311564,8.114564,-10.000000,9.681026,-800.000000,0.000000,2595.562524,0.100141
5.440000,0.350000,0.358936,0.629352,29.818927,9.073594,-9.818927,10.000000,-800.000000,0.000000,2595.562524,0.100150
5.441000,0.350000,0.359579,0.655902,26.083539,10.214466,-7.065432,10.000000,-800.000000,0.000000,2595.562524,0.100159
5.442000,0.350000,0.360246,0.677965,22.164550,11.544598,-3.754797,10.000000,-800.000000,0.000000,2595.562524,0.100169
5.443000,0.350000,0.360933,0.695287,18.135061,13.072803,-0.000000,10.000000,-800.000000,0.000000,2595.562524,0.100180
5.444000,0.350000,0.361635,0.707682,14.080914,14.808835,-0.000000,10.000000,-800.000000,0.000000,2595.562524,0.100192
5.445000,0.350000,0.362347,0.715050,10.096277,16.763294,-0.000000,10.000000,-800.000000,0.077668,2595.564466,0.100204
5.446000,0.350000,0.363063,0.717365,6.278315,19.009116,-0.000000,10.000000,-800.000000,2.114685,2595.700610,0.100217
5.447000,0.350000,0.363780,0.714660,2.738124,21.577167,-0.000000,10.000000,-800.000000,3.995086,2596.030982,0.100231
5.448000,0.350000,0.364491,0.707117,0.000000,24.424177,-0.000000,10.000000,-800.000000,5.681197,2596.537525,0.100246
5.449000,0.350000,0.365193,0.696423,0.000000,27.503947,-0.000000,10.000000,-800.000000,7.140184,2597.198724,0.100261
5.450000,0.350000,0.365883,0.683896,0.000000,30.770566,-0.000000,10.000000,-800.000000,8.343401,2597.990043,0.100277
5.451000,0.350000,0.366560,0.669440,0.000000,34.174039,-0.000000,10.000000,-800.000000,9.266237,2598.884338,0.100293
5.452000,0.350000,0.367221,0.652994,0.000000,37.660360,-0.000000,10.000000,-800.000000,9.887667,2599.852230,0.100310
5.453000,0.350000,0.367865,0.634528,0.000000,41.172125,-0.000000,10.000000,-800.000000,10.189357,2600.862418,0.100328
5.454000,0.350000,0.368490,0.614045,0.000000,44.648957,-0.000000,10.000000,-800.000000,10.154121,2601.881852,0.100347
5.455000,0.350000,0.369093,0.591585,0.000000,48.027600,-0.000000,10.000000,-800.000000,9.763168,2602.875693,0.100366
5.456000,0.350000,0.369672,0.567224,0.000000,51.241358,-0.000000,10.000000,-800.000000,8.990633,2603.806843,0.100386
5.457000,0.350000,0.370227,0.541081,0.000000,54.218134,-0.000000,10.000000,-800.000000,7.790734,2604.634524,0.100406
5.458000,0.350000,0.370754,0.513317,0.000000,56.874645,-0.000000,10.000000,-800.000000,6.058216,2605.310206,0.100427
5.459000,0.350000,0.371253,0.484149,0.000000,59.094700,-0.000000,10.000000,-800.000000,3.414417,2605.761523,0.100448
5.460000,0.350000,0.371722,0.453918,0.000000,60.478175,-0.000000,10.000000,-800.000000,0.000000,2605.838115,0.100470
5.461000,0.350000,0.372161,0.423157,0.000000,61.138116,-0.000000,10.000000,-800.000000,0.000000,2605.838115,0.100492
5.462000,0.350000,0.372568,0.392118,0.000000,61.519850,-0.000000,10.000000,-800.000000,0.000000,2605.838115,0.100514
5.463000,0.350000,0.372945,0.360934,0.000000,61.707050,-0.000000,10.000000,-800.000000,0.000000,2605.838115,0.100537
5.464000,0.350000,0.373290,0.329702,0.000000,61.748525,-0.000000,10.000000,-800.000000,0.000000,2605.838115,0.100561
5.465000,0.350000,0.373604,0.298495,0.000000,61.680677,-0.000000,10.000000,-800.000000,0.000000,2605.838115,0.100584
5.466000,0.350000,0.373887,0.267367,0.000000,61.533388,-0.000000,10.000000,-800.000000,0.000000,2605.838115,0.100608
5.467000,0.350000,0.374139,0.236353,0.000000,61.333122,-0.000000,10.000000,-800.000000,0.000000,2605.838115,0.100632
5.468000,0.350000,0.374360,0.205475,0.000000,61.110515,-0.000000,10.000000,-800.000000,0.000000,2605.838115,0.100657
5.469000,0.350000,0.374550,0.174738,0.000000,60.880989,-0.000000,10.000000,-800.000000,0.000000,2605.838115,0.100681
5.470000,0.350000,0.374709,0.144140,0.000000,60.655628,-0.000000,10.000000,-800.000000,0.000000,2605.838115,0.100706
5.471000,0.350000,0.374838,0.113673,0.000000,60.445266,-0.000000,10.000000,-800.000000,0.000000,2605.838115,0.100731
5.472000,0.350000,0.374937,0.083322,0.000000,60.261013,-0.000000,10.000000,-800.000000,0.000000,2605.838115,0.100756
5.473000,0.350000,0.375005,0.053064,0.000000,60.115131,-0.000000,10.000000,-800.000000,0.000000,2605.838115,0.100781
5.474000,0.350000,0.375043,0.022867,0.000000,60.022928,-0.000000,10.000000,-800.000000,0.000000,2605.838115,0.100806
5.475000,0.350000,0.375051,-0.006500,0.009336,59.994372,-0.000000,9.674221,-800.000000,0.203942,2605.845220,0.100831
5.476000,0.350000,0.375031,-0.033171,0.089315,59.974960,-0.000000,9.166132,-800.000000,0.606013,2605.891042,0.100856
5.477000,0.350000,0.374985,-0.059731,0.252508,59.943641,-0.000000,8.702556,-800.000000,0.991164,2605.975773,0.100881
5.478000,0.350000,0.374912,-0.086085,0.502747,59.899387,-0.000000,8.265030,-800.000000,1.370517,2606.098635,0.100906
5.479000,0.350000,0.374812,-0.112135,0.842762,59.842145,-0.000000,7.841743,-800.000000,1.745516,2606.259158,0.100930
5.480000,0.350000,0.374687,-0.137780,1.274490,59.772238,-0.000000,7.425824,-800.000000,2.115498,2606.456887,0.100955
5.481000,0.350000,0.374537,-0.162920,1.799130,59.689960,-0.000000,7.013566,-800.000000,2.477141,2606.691111,0.100980
5.482000,0.350000,0.374362,-0.187453,2.417157,59.595451,-0.000000,6.603260,-800.000000,2.828814,2606.960889,0.101004
5.483000,0.350000,0.374162,-0.211279,3.128333,59.488862,-0.000000,6.194455,-800.000000,3.168716,2607.265114,0.101028
5.484000,0.350000,0.373940,-0.234298,3.931713,59.370325,-0.000000,5.787492,-800.000000,3.494937,2607.602489,0.101052
5.485000,0.350000,0.373694,-0.256411,4.825665,59.239937,-0.000000,5.383218,-800.000000,3.805569,2607.971526,0.101076
5.486000,0.350000,0.373427,-0.277523,5.807891,59.097762,-0.000000,4.982791,-800.000000,4.098748,2608.370550,0.101099
5.487000,0.350000,0.373139,-0.297541,6.875448,58.943833,-0.000000,4.587567,-800.000000,4.372686,2608.797703,0.101122
5.488000,0.350000,0.372832,-0.316375,8.024863,58.778156,-0.000000,4.199017,-800.000000,4.650115,2609.251564,0.101145
5.489000,0.350000,0.372507,-0.333937,9.261223,58.600719,-0.000000,3.818686,-800.000000,5.081975,2609.743987,0.101168
5.490000,0.350000,0.372165,-0.350132,10.582974,58.411521,-0.000000,3.448184,-800.000000,5.460307,2610.276246,0.101190
5.491000,0.350000,0.371807,-0.364875,11.981325,58.210579,-0.000000,3.089174,-800.000000,5.785693,2610.843024,0.101212
5.492000,0.350000,0.371436,-0.378087,13.447434,57.997928,-0.000000,2.743319,-800.000000,6.058940,2611.439075,0.101233
5.493000,0.350000,0.371052,-0.389700,14.972447,57.773619,-0.575800,2.412245,-800.000000,6.281074,2612.059247,0.101254
5.494000,0.350000,0.370657,-0.399655,16.547138,57.537731,-1.744717,2.097521,-800.000000,6.444176,2612.698072,0.101275
5.495000,0.350000,0.370253,-0.407900,18.160143,57.290377,-3.092769,1.800633,-800.000000,6.524435,2613.348268,0.101295
5.496000,0.350000,0.369842,-0.414400,19.796467,57.031706,-4.608434,1.522966,-800.000000,6.492023,2613.999674,0.101315
5.497000,0.350000,0.369425,-0.419135,21.437419,56.761901,-6.275158,1.265769,-800.000000,6.319353,2614.639278,0.101334
5.498000,0.350000,0.369004,-0.422104,23.060989,56.481165,-8.071394,1.030109,-800.000000,5.981904,2615.251494,0.101353
5.499000,0.350000,0.368581,-0.423330,24.643237,56.189710,-9.971691,0.816831,-800.000000,5.673882,2615.825916,0.101372
5.500000,0.350000,0.368158,-0.422859,26.164205,55.887737,-10.000000,0.626512,-800.000000,5.597208,2616.388729,0.101390
5.501000,0.350000,0.367736,-0.420758,27.593945,55.575426,-10.000000,0.459449,-800.000000,5.493350,2616.942167,0.101408
5.502000,0.350000,0.367317,-0.417128,28.901811,55.252895,-10.000000,0.315599,-800.000000,5.363661,2617.483592,0.101425
5.503000,0.350000,0.366902,-0.412096,30.060167,54.920170,-10.000000,0.194546,-800.000000,5.209777,2618.010522,0.101442
5.504000,0.350000,0.366493,-0.405815,31.044977,54.577147,-10.000000,0.095473,-800.000000,5.033594,2618.520655,0.101459
5.505000,0.350000,0.366091,-0.398461,31.836274,54.223572,-10.000000,0.017169,-800.000000,4.837230,2619.011891,0.101475
5.506000,0.350000,0.365696,-0.390225,32.418492,53.859018,-10.000000,0.000000,-800.000000,4.622982,2619.482353,0.101490
5.507000,0.350000,0.365311,-0.381311,32.780689,53.482881,0.083802,-10.000000,-800.000000,4.393467,2619.930415,0.101506
5.508000,0.350000,0.364934,-0.371932,32.922512,53.091803,0.110606,-10.000000,-800.000000,4.104671,2620.352520,0.101521
5.509000,0.350000,0.364567,-0.362279,32.870087,52.672289,0.124770,-10.000000,-800.000000,3.717237,2620.739509,0.101535
5.510000,0.350000,0.364209,-0.352508,32.654976,52.209156,0.128697,-10.000000,-800.000000,3.238980,2621.082027,0.101549
5.511000,0.350000,0.363862,-0.342732,32.307127,51.687933,0.124606,-10.000000,-800.000000,2.675044,2621.371335,0.101563
5.512000,0.350000,0.363524,-0.333030,31.854305,51.094543,0.114410,-10.000000,-800.000000,2.028114,2621.599049,0.101577
5.513000,0.350000,0.363196,-0.323448,31.321714,50.415019,0.099656,-10.000000,-800.000000,1.298777,2621.756923,0.101590
5.514000,0.350000,0.362877,-0.313998,30.731777,49.635288,0.081489,-10.000000,-800.000000,0.485953,2621.836659,0.101603
5.515000,0.350000,0.362568,-0.304662,30.104037,48.724221,0.060646,-10.000000,-800.000000,0.000000,2621.844584,0.101615
5.516000,0.350000,0.362268,-0.295355,29.455080,47.549671,0.037377,-10.000000,-800.000000,0.000000,2621.844584,0.101628
5.517000,0.350000,0.361977,-0.285928,28.798411,46.092742,0.011218,-10.000000,-800.000000,0.000000,2621.844584,0.101640
5.518000,0.350000,0.361696,-0.276222,28.144585,44.367049,0.000000,-10.000000,-800.000000,0.000000,2621.844584,0.101651
5.519000,0.350000,0.361425,-0.266080,27.501445,42.391803,-10.000000,0.054673,-800.000000,0.000000,2621.844584,0.101663
5.520000,0.350000,0.361164,-0.255352,26.869134,40.197691,-9.356900,0.097829,-800.000000,0.000000,2621.844584,0.101674
5.521000,0.350000,0.360914,-0.243927,26.226859,37.842608,-9.290225,0.150365,-800.000000,0.000000,2621.844584,0.101685
5.522000,0.350000,0.360676,-0.231748,25.553182,35.386246,-9.120580,0.214058,-800.000000,0.000000,2621.844584,0.101695
5.523000,0.350000,0.360451,-0.218811,24.830688,32.882168,-8.827375,0.290292,-800.000000,0.000000,2621.844584,0.101706
5.524000,0.350000,0.360239,-0.205159,24.045840,30.377397,-8.392588,0.379950,-800.000000,0.000000,2621.844584,0.101716
5.525000,0.350000,0.360041,-0.190868,23.189214,27.912272,-7.801313,0.483378,-800.000000,0.000000,2621.844584,0.101726
5.526000,0.350000,0.359857,-0.176043,22.255678,25.520522,-7.042271,0.600399,-800.000000,0.000000,2621.844584,0.101736
5.527000,0.350000,0.359689,-0.160812,21.244483,23.229519,-6.108250,0.730366,-800.000000,0.000000,2621.844584,0.101746
5.528000,0.350000,0.359536,-0.145312,20.159223,21.060652,-4.996434,0.872226,-800.000000,0.000000,2621.844584,0.101755
5.529000,0.350000,0.359398,-0.129689,19.007642,19.029802,-3.708563,1.024608,-800.000000,0.000000,2621.844584,0.101765
5.530000,0.350000,0.359277,-0.114083,17.801265,17.147884,-2.250914,1.185912,-800.000000,0.000000,2621.844584,0.101774
5.531000,0.350000,0.359170,-0.098630,16.554855,15.421421,-0.634078,1.354397,-800.000000,0.000000,2621.844584,0.101783
5.532000,0.350000,0.359079,-0.083451,15.285712,13.853152,-0.000000,1.528276,-800.000000,0.000000,2621.844584,0.101792
5.533000,0.350000,0.359003,-0.068648,14.012408,12.442625,-0.000000,1.705789,-800.000000,0.000000,2621.844584,0.101801
5.534000,0.350000,0.358942,-0.054309,12.752153,11.186797,-0.000000,1.885282,-800.000000,0.000000,2621.844584,0.101810
5.535000,0.350000,0.358894,-0.040500,11.519249,10.080589,-0.000000,2.065248,-800.000000,0.000000,2621.844584,0.101819
5.536000,0.350000,0.358861,-0.027272,10.325076,9.117411,-0.000000,2.244359,-800.000000,0.000000,2621.844584,0.101828
5.537000,0.350000,0.358840,-0.014663,9.178378,8.289647,-0.000000,2.421466,-800.000000,0.000000,2621.844584,0.101837
5.538000,0.350000,0.358831,-0.002779,8.085594,7.589071,-0.000000,2.595571,-800.000000,0.000000,2621.844584,0.101846
5.539000,0.350000,0.358833,0.006125,7.054853,7.004357,-0.000000,2.760849,-800.000000,0.000000,2621.844584,0.101854
5.540000,0.350000,0.358843,0.013288,6.096291,6.521261,-0.000000,2.907403,-800.000000,0.000000,2621.844584,0.101863
5.541000,0.350000,0.358859,0.019806,5.211355,6.131388,-0.000000,3.037376,-800.000000,0.000000,2621.844584,0.101872
5.542000,0.350000,0.358882,0.025697,4.399180,5.827737,-0.000000,3.154254,-800.000000,0.000000,2621.844584,0.101881
5.543000,0.350000,0.358910,0.030982,3.657976,5.603985,-0.000000,3.260423,-800.000000,0.000000,2621.844584,0.101890
5.544000,0.350000,0.358944,0.035687,2.985283,5.454587,-0.000000,3.357431,-800.000000,0.000000,2621.844584,0.101899
5.545000,0.350000,0.358982,0.039832,2.378207,5.374830,-0.000000,3.446292,-800.000000,0.000000,2621.844584,0.101908
5.546000,0.350000,0.359023,0.043443,1.833656,5.360852,-0.000000,3.527690,-800.000000,0.000000,2621.844584,0.101917
5.547000,0.350000,0.359068,0.046541,1.348591,5.409619,-0.000000,3.602105,-800.000000,0.000000,2621.844584,0.101926
5.548000,0.350000,0.359116,0.049146,0.920342,5.518882,-0.000000,3.669885,-800.000000,0.000000,2621.844584,0.101935
5.549000,0.350000,0.359167,0.051269,0.547181,5.741703,-0.000000,3.731279,-800.000000,0.973875,2621.905414,0.101944
5.550000,0.350000,0.359219,0.052876,0.229891,6.129389,-0.000000,3.786330,-800.000000,1.922415,2622.062366,0.101953
5.551000,0.350000,0.359272,0.053934,0.000000,6.674460,-0.000000,3.834812,-800.000000,2.831751,2622.311772,0.101963
5.552000,0.350000,0.359326,0.054513,0.000000,7.368399,-0.000000,3.876526,-800.000000,3.695856,2622.649328,0.101972
5.553000,0.350000,0.359381,0.054648,0.000000,8.202002,-0.000000,3.911707,-800.000000,4.509603,2623.070184,0.101981
5.554000,0.350000,0.359435,0.054262,0.000000,9.165114,-0.000000,3.940281,-800.000000,5.268772,2623.569033,0.101991
5.555000,0.350000,0.359489,0.053282,0.000000,10.246744,-0.000000,3.961752,-800.000000,5.970038,2624.140202,0.102000
5.556000,0.350000,0.359542,0.051643,0.000000,11.435228,-0.000000,3.975369,-800.000000,6.610934,2624.777741,0.102010
5.557000,0.350000,0.359592,0.049286,0.000000,12.718387,-0.000000,3.980247,-800.000000,7.189805,2625.475503,0.102019
5.558000,0.350000,0.359640,0.046159,0.000000,14.083680,-0.000000,3.975444,-800.000000,7.705749,2626.227224,0.102029
5.559000,0.350000,0.359684,0.042218,0.000000,15.518338,-0.000000,3.960015,-800.000000,8.158553,2627.026591,0.102039
5.560000,0.350000,0.359724,0.037427,0.000000,17.009502,-0.000000,3.933050,-800.000000,8.548631,2627.867313,0.102049
5.561000,0.350000,0.359759,0.031756,0.000000,18.544336,-0.000000,3.893690,-800.000000,8.876964,2628.743174,0.102058
5.562000,0.350000,0.359787,0.025183,0.000000,20.110141,-0.000000,3.841146,-800.000000,9.145040,2629.648089,0.102068
5.563000,0.350000,0.359809,0.017692,0.000000,21.694454,-0.000000,3.774708,-800.000000,9.354799,2630.576150,0.102078
5.564000,0.350000,0.359823,0.009277,0.000000,23.285141,-0.000000,3.693750,-800.000000,9.508588,2631.521668,0.102088
5.565000,0.350000,0.359827,0.000373,0.000991,24.870703,-0.000000,3.598124,-800.000000,9.609072,2632.479213,0.102098
5.566000,0.350000,0.359824,-0.007053,0.021765,26.444258,-0.000000,3.494788,-800.000000,9.658633,2633.443607,0.102107
5.567000,0.350000,0.359813,-0.014712,0.068233,27.999955,-0.000000,3.389860,-800.000000,9.659802,2634.409909,0.102117
5.568000,0.350000,0.359794,-0.023215,0.144291,29.528038,-0.000000,3.279856,-800.000000,9.616116,2635.373494,0.102127
5.569000,0.350000,0.359766,-0.032511,0.254063,31.019068,-0.000000,3.161352,-800.000000,9.531523,2636.330122,0.102137
5.570000,0.350000,0.359729,-0.042542,0.401319,32.464442,-0.000000,3.032273,-800.000000,9.410156,2637.275959,0.102146
5.571000,0.350000,0.359681,-0.053240,0.589472,33.856436,-0.000000,2.891554,-800.000000,9.256206,2638.207591,0.102156
5.572000,0.350000,0.359622,-0.064528,0.828178,35.188231,-0.000000,2.738817,-800.000000,9.228448,2639.129873,0.102166
5.573000,0.350000,0.359552,-0.076311,1.134041,36.453948,-0.000000,2.574201,-800.000000,9.204335,2640.051581,0.102175
5.574000,0.350000,0.359470,-0.088482,1.506246,37.648669,-0.000000,2.398269,-800.000000,9.135389,2640.968036,0.102185
5.575000,0.350000,0.359375,-0.100933,1.943011,38.768411,-0.000000,2.211885,-800.000000,9.026743,2641.875075,0.102194
5.576000,0.350000,0.359268,-0.113558,2.442343,39.810095,-0.000000,2.016122,-800.000000,8.883316,2642.769038,0.102203
5.577000,0.350000,0.359148,-0.126249,3.002039,40.771492,-0.000000,1.812198,-800.000000,8.709764,2643.646740,0.102213
5.578000,0.350000,0.359015,-0.138900,3.619694,41.651177,-0.000000,1.601429,-800.000000,8.510426,2644.505443,0.102222
5.579000,0.350000,0.358870,-0.151408,4.292705,42.448466,-0.000000,1.385200,-800.000000,8.289279,2645.342820,0.102230
5.580000,0.350000,0.358712,-0.163671,5.018278,43.163348,-0.000000,1.164940,-800.000000,8.049902,2646.156916,0.102239
5.581000,0.350000,0.358543,-0.175590,5.793435,43.796411,-0.000000,0.942104,-800.000000,7.795436,2646.946108,0.102248
5.582000,0.350000,0.358361,-0.187071,6.615021,44.348767,-0.000000,0.718158,-800.000000,7.528573,2647.709060,0.102256
5.583000,0.350000,0.358169,-0.198022,7.479712,44.821972,-0.000000,0.494569,-800.000000,7.251537,2648.444675,0.102264
5.584000,0.350000,0.357965,-0.208358,8.384025,45.217943,-0.000000,0.272793,-800.000000,6.966099,2649.152049,0.102272
5.585000,0.350000,0.357752,-0.217996,9.324326,45.538884,-0.000000,0.054266,-800.000000,6.673585,2649.830427,0.102280
5.586000,0.350000,0.357530,-0.226861,10.296840,45.787208,0.159605,-10.000000,-800.000000,6.374917,2650.479165,0.102287
5.587000,0.350000,0.357299,-0.234880,11.297778,45.961771,0.367444,-10.000000,-800.000000,6.007109,2651.094675,0.102295
5.588000,0.350000,0.357060,-0.241979,12.323783,46.047985,0.567904,-10.000000,-800.000000,5.525238,2651.666052,0.102302
5.589000,0.350000,0.356815,-0.248081,13.372045,46.030934,0.759623,-10.000000,-800.000000,4.954187,2652.183502,0.102309
5.590000,0.350000,0.356564,-0.253100,14.440145,45.898559,0.941194,-10.000000,-800.000000,4.311898,2652.639280,0.102315
5.591000,0.350000,0.356309,-0.256949,15.525878,45.640797,1.111141,-10.000000,-800.000000,3.610125,2653.027042,0.102322
5.592000,0.350000,0.356051,-0.259536,16.627086,45.248842,1.267918,-10.000000,-800.000000,2.855388,2653.341282,0.102328
5.593000,0.350000,0.355791,-0.260766,17.741507,44.714557,1.409906,-10.000000,-800.000000,2.050003,2653.576880,0.102333
5.594000,0.350000,0.355530,-0.260544,18.866631,44.030043,1.535415,-10.000000,-800.000000,1.193158,2653.728736,0.102339
5.595000,0.350000,0.355270,-0.258760,19.999562,43.135638,1.642674,-10.000000,-800.000000,1.299682,2653.854545,0.102344
5.596000,0.350000,0.355013,-0.255266,21.136780,41.980919,1.729706,-10.000000,-800.000000,1.426509,2653.992288,0.102349
5.597000,0.350000,0.354760,-0.249913,22.273988,40.576323,1.794261,-10.000000,-800.000000,1.571657,2654.143876,0.102354
5.598000,0.350000,0.354514,-0.242562,23.406068,38.937942,1.833928,-10.000000,-800.000000,1.732549,2654.310986,0.102358
5.599000,0.350000,0.354276,-0.233091,24.527064,37.086994,1.846245,-10.000000,-800.000000,1.906114,2654.495002,0.102363
5.600000,0.350000,0.354048,-0.221398,25.630197,35.049202,1.828802,-10.000000,-800.000000,2.088889,2654.696979,0.102367
5.601000,0.350000,0.353834,-0.207404,26.707904,32.854110,1.779315,-10.000000,-800.000000,2.277125,2654.917604,0.102371
5.602000,0.350000,0.353634,-0.191055,27.751898,30.534348,1.695698,-10.000000,-800.000000,2.466887,2655.157180,0.102374
5.603000,0.350000,0.353453,-0.172326,28.753256,28.124864,1.576124,-8.124864,-800.000000,2.654159,2655.415608,0.102378
5.604000,0.350000,0.353291,-0.151219,29.702516,25.663103,1.419070,-6.475589,-800.000000,2.834931,2655.692388,0.102381
5.605000,0.350000,0.353151,-0.127771,30.589806,23.191300,1.223372,-4.570097,-800.000000,3.005272,2655.986623,0.102384
5.606000,0.350000,0.353036,-0.102051,31.404978,20.754560,0.988264,-2.452486,-800.000000,3.161377,2656.297032,0.102387
5.607000,0.350000,0.352947,-0.074166,32.137760,18.398682,0.713427,-0.172065,-800.000000,3.299588,2656.621961,0.102390
5.608000,0.350000,0.352888,-0.044255,32.777909,16.168071,0.399019,-0.000000,-800.000000,3.416373,2656.959399,0.102393
5.609000,0.350000,0.352860,-0.012492,33.315346,14.102728,0.045699,-0.000000,-800.000000,3.508267,2657.306987,0.102396
5.610000,0.350000,0.352863,0.018779,33.742783,12.231613,-10.000000,0.342059,-800.000000,3.571604,2657.662012,0.102399
5.611000,0.350000,0.352897,0.050128,34.055114,10.568946,-10.000000,0.751033,-800.000000,3.483799,2658.015759,0.102402
5.612000,0.350000,0.352964,0.082639,34.220679,9.127097,-10.000000,1.181861,-800.000000,3.149520,2658.345032,0.102405
5.613000,0.350000,0.353063,0.116015,34.206851,7.911457,-10.000000,1.635823,-800.000000,2.601674,2658.627303,0.102408
5.614000,0.350000,0.353196,0.149931,33.985827,6.920512,-10.000000,2.112384,-800.000000,1.864932,2658.842824,0.102411
5.615000,0.350000,0.353363,0.184040,33.533693,6.146976,-10.000000,2.609515,-800.000000,0.956044,2658.973809,0.102414
5.616000,0.350000,0.353564,0.217976,32.829480,5.579195,-10.000000,3.124095,-800.000000,0.000000,2659.006584,0.102418
5.617000,0.350000,0.353799,0.251363,31.847641,5.202753,-10.000000,3.652196,-800.000000,0.000000,2659.006584,0.102422
5.618000,0.350000,0.354066,0.283812,30.574868,5.002154,-10.000000,4.189259,-800.000000,0.000000,2659.006584,0.102426
5.619000,0.350000,0.354366,0.314936,29.012096,4.962396,-9.012096,4.730259,-800.000000,0.000000,2659.006584,0.102430
5.620000,0.350000,0.354696,0.344364,27.168534,5.070231,-8.069744,5.269876,-800.000000,0.000000,2659.006584,0.102435
5.621000,0.350000,0.355054,0.371746,25.063444,5.314968,-6.681507,5.802643,-800.000000,0.000000,2659.006584,0.102440
5.622000,0.350000,0.355438,0.396761,22.725798,5.688813,-4.850206,6.323092,-800.000000,0.000000,2659.006584,0.102445
5.623000,0.350000,0.355846,0.419126,20.193969,6.186860,-2.590956,6.825882,-800.000000,0.000000,2659.006584,0.102451
5.624000,0.350000,0.356276,0.438600,17.515025,6.806880,-0.000000,7.305929,-800.000000,0.000000,2659.006584,0.102457
5.625000,0.350000,0.356723,0.454996,14.743302,7.549020,-0.000000,7.758530,-800.000000,0.000000,2659.006584,0.102464
5.626000,0.350000,0.357184,0.468179,11.937210,8.415514,-0.000000,8.179471,-800.000000,0.000000,2659.006584,0.102471
5.627000,0.350000,0.357658,0.478071,9.153643,9.410429,-0.000000,8.565123,-800.000000,0.000000,2659.006584,0.102479
5.628000,0.350000,0.358140,0.484647,6.447839,10.539449,-0.000000,8.912499,-800.000000,0.000000,2659.006584,0.102487
5.629000,0.350000,0.358626,0.487930,3.876580,11.809699,-0.000000,9.219277,-800.000000,0.000000,2659.006584,0.102496
5.630000,0.350000,0.359114,0.487998,1.508792,13.256260,-0.000000,9.483834,-800.000000,1.109942,2659.055989,0.102505
5.631000,0.350000,0.359601,0.484993,0.000000,14.982442,-0.000000,9.705252,-800.000000,2.870177,2659.277557,0.102514
5.632000,0.350000,0.360084,0.480232,0.000000,16.980868,-0.000000,9.885682,-800.000000,4.544981,2659.670024,0.102524
5.633000,0.350000,0.360561,0.474241,0.000000,19.231565,-0.000000,10.000000,-800.000000,6.107399,2660.223153,0.102535
5.634000,0.350000,0.361032,0.466882,0.000000,21.709954,-0.000000,10.000000,-800.000000,7.531469,2660.924076,0.102546
5.635000,0.350000,0.361494,0.458031,0.000000,24.386849,-0.000000,10.000000,-800.000000,8.792015,2661.757379,0.102558
5.636000,0.350000,0.361947,0.447583,0.000000,27.228706,-0.000000,10.000000,-800.000000,9.866154,2662.705251,0.102569
5.637000,0.350000,0.362389,0.435456,0.000000,30.198236,-0.000000,10.000000,-800.000000,10.734867,2663.747830,0.102582
5.638000,0.350000,0.362818,0.421586,0.000000,33.255108,-0.000000,10.000000,-800.000000,11.382978,2664.863597,0.102595
5.639000,0.350000,0.363232,0.405936,0.000000,36.356640,-0.000000,10.000000,-800.000000,11.799024,2666.029747,0.102608
5.640000,0.350000,0.363629,0.388495,0.000000,39.458473,-0.000000,10.000000,-800.000000,11.975003,2667.222547,0.102622
5.641000,0.350000,0.364008,0.369276,0.000000,42.515189,-0.000000,10.000000,-800.000000,11.906023,2668.417662,0.102636
5.642000,0.350000,0.364367,0.348320,0.000000,45.480864,-0.000000,10.000000,-800.000000,11.589790,2669.590435,0.102650
5.643000,0.350000,0.364704,0.325692,0.000000,48.309524,-0.000000,10.000000,-800.000000,11.025902,2670.716105,0.102665
5.644000,0.350000,0.365018,0.301486,0.000000,50.955453,-0.000000,9.877512,-800.000000,10.214786,2671.769930,0.102680
5.645000,0.350000,0.365307,0.275821,0.000000,53.373247,-0.000000,9.658497,-800.000000,9.155371,2672.727148,0.102695
5.646000,0.350000,0.365569,0.248843,0.000000,55.517379,-0.000000,9.418075,-800.000000,7.841900,2673.562620,0.102711
5.647000,0.350000,0.365804,0.220722,0.000000,57.341024,-0.000000,9.154343,-800.000000,6.256736,2674.249988,0.102726
5.648000,0.350000,0.366010,0.191659,0.000000,58.792375,-0.000000,8.866827,-800.000000,4.341826,2674.759020,0.102742
5.649000,0.350000,0.366187,0.161887,0.000000,59.797409,-0.000000,8.556230,-800.000000,1.791357,2675.042287,0.102759
5.650000,0.350000,0.366334,0.131722,0.000000,60.135265,-0.000000,8.224293,-800.000000,0.000000,2675.061038,0.102775
5.651000,0.350000,0.366450,0.101480,0.000000,60.168776,-0.000000,7.873859,-800.000000,0.000000,2675.061038,0.102791
5.652000,0.350000,0.366537,0.071244,0.000000,60.122243,-0.000000,7.507758,-800.000000,0.000000,2675.061038,0.102808
5.653000,0.350000,0.366593,0.041039,0.000000,60.053423,-0.000000,7.128080,-800.000000,0.000000,2675.061038,0.102824
5.654000,0.350000,0.366619,0.010860,0.000000,60.004744,-0.000000,6.736199,-800.000000,0.000000,2675.061038,0.102841
5.655000,0.350000,0.366615,-0.017110,0.031582,59.987663,-0.000000,6.336437,-800.000000,0.366234,2675.081221,0.102858
5.656000,0.350000,0.366585,-0.043746,0.145135,59.963244,-0.000000,5.940732,-800.000000,0.755788,2675.142305,0.102874
5.657000,0.350000,0.366528,-0.070234,0.343814,59.925896,-0.000000,5.546927,-800.000000,1.134921,2675.241644,0.102891
5.658000,0.350000,0.366445,-0.096474,0.630506,59.874793,-0.000000,5.152102,-800.000000,1.506041,2675.378395,0.102907
5.659000,0.350000,0.366335,-0.122369,1.007243,59.809458,-0.000000,4.754807,-800.000000,1.868222,2675.551711,0.102924
5.660000,0.350000,0.366200,-0.147817,1.475353,59.729456,-0.000000,4.354695,-800.000000,2.219613,2675.760588,0.102940
5.661000,0.350000,0.366040,-0.172716,2.035491,59.634314,-0.000000,3.952147,-800.000000,2.558059,2676.003812,0.102956
5.662000,0.350000,0.365855,-0.196965,2.687643,59.523484,-0.000000,3.548008,-800.000000,2.881321,2676.279949,0.102972
5.663000,0.350000,0.365646,-0.220463,3.431137,59.396340,-0.000000,3.143428,-800.000000,3.187153,2676.587340,0.102987
5.664000,0.350000,0.365414,-0.243109,4.264644,59.252176,-0.000000,2.739760,-800.000000,3.473341,2676.924104,0.103003
5.665000,0.350000,0.365160,-0.264804,5.186197,59.090213,-0.000000,2.338484,-800.000000,3.737719,2677.288140,0.103018
5.666000,0.350000,0.364885,-0.285451,6.193203,58.909597,-0.000000,1.941169,-800.000000,3.978183,2677.677136,0.103033
5.667000,0.350000,0.364590,-0.304957,7.282467,58.709410,-0.000000,1.549436,-800.000000,4.192706,2678.088572,0.103047
5.668000,0.350000,0.364275,-0.323230,8.450217,58.488668,-0.000000,1.164938,-800.000000,4.379350,2678.519733,0.103062
5.669000,0.350000,0.363944,-0.340182,9.692133,58.246334,-0.000000,0.789339,-800.000000,4.536276,2678.967715,0.103076
5.670000,0.350000,0.363595,-0.355729,11.006712,57.981321,-0.000000,0.424306,-800.000000,4.786038,2679.435973,0.103089
5.671000,0.350000,0.363233,-0.369785,12.394399,57.692514,-0.000000,0.071511,-800.000000,5.017127,2679.929462,0.103102
5.672000,0.350000,0.362856,-0.382268,13.846942,57.378786,0.267362,-10.000000,-800.000000,5.191756,2680.442529,0.103115
5.673000,0.350000,0.362469,-0.393103,15.355884,57.037393,0.590640,-10.000000,-800.000000,5.285550,2680.968386,0.103128
5.674000,0.350000,0.362071,-0.402222,16.913594,56.659374,0.896688,-10.000000,-800.000000,5.281254,2681.497391,0.103140
5.675000,0.350000,0.361665,-0.409556,18.513408,56.234713,1.183894,-10.000000,-800.000000,5.189270,2682.020423,0.103151
5.676000,0.350000,0.361252,-0.415036,20.149380,55.753646,1.450664,-10.000000,-800.000000,5.015445,2682.529112,0.103163
5.677000,0.350000,0.360835,-0.418595,21.816007,55.206341,1.695403,-10.000000,-800.000000,4.761937,2683.015434,0.103174
5.678000,0.350000,0.360416,-0.420165,23.507966,54.582693,1.916509,-10.000000,-800.000000,4.427960,2683.471392,0.103184
5.679000,0.350000,0.359996,-0.419676,25.219885,53.872202,2.112361,-10.000000,-800.000000,4.010457,2683.888763,0.103194
5.680000,0.350000,0.359577,-0.417060,26.946130,53.063913,2.281316,-10.000000,-800.000000,3.504698,2684.258909,0.103204
5.681000,0.350000,0.359162,-0.412245,28.680623,52.146433,2.421703,-10.000000,-800.000000,2.904841,2684.572647,0.103213
5.682000,0.350000,0.358753,-0.405160,30.416688,51.107984,2.531822,-10.000000,-800.000000,2.204443,2684.820167,0.103221
5.683000,0.350000,0.358353,-0.395731,32.146924,49.904804,2.609938,-10.000000,-800.000000,1.960991,2685.013663,0.103230
5.684000,0.350000,0.357963,-0.383825,33.862976,48.378717,2.654162,-10.000000,-800.000000,2.170483,2685.222850,0.103238
5.685000,0.350000,0.357586,-0.369268,35.555249,46.532820,2.662163,-10.000000,-800.000000,2.378064,2685.452906,0.103245
5.686000,0.350000,0.357225,-0.351913,37.212928,44.400168,2.631295,-10.000000,-800.000000,2.578717,2685.703327,0.103253
5.687000,0.350000,0.356883,-0.331645,38.824095,42.019015,2.558835,-10.000000,-800.000000,2.767606,2685.973113,0.103259
5.688000,0.350000,0.356563,-0.308383,40.375894,39.431786,2.442173,-10.000000,-800.000000,2.940334,2686.260811,0.103266
5.689000,0.350000,0.356267,-0.282087,41.854745,36.684021,2.278954,-10.000000,-800.000000,3.093197,2686.564565,0.103272
5.690000,0.350000,0.356000,-0.252753,43.246593,33.823298,2.067181,-10.000000,-800.000000,3.223426,2686.882208,0.103278
5.691000,0.350000,0.355763,-0.220422,44.537192,30.898174,1.805300,-10.000000,-800.000000,3.329378,2687.211366,0.103284
5.692000,0.350000,0.355560,-0.185174,45.712412,27.957147,1.492253,-7.957147,-800.000000,3.410670,2687.549574,0.103290
5.693000,0.350000,0.355393,-0.147129,46.758554,25.048678,1.127521,-5.844392,-800.000000,3.468204,2687.894416,0.103295
5.694000,0.350000,0.355266,-0.106449,47.662658,22.223631,0.711149,-3.524213,-800.000000,3.504042,2688.243635,0.103300
5.695000,0.350000,0.355181,-0.063334,48.412783,19.533370,0.243769,-1.056316,-800.000000,3.521090,2688.595238,0.103305
5.696000,0.350000,0.355141,-0.018023,48.998228,17.026942,-10.000000,0.273391,-800.000000,3.522559,2688.947548,0.103311
5.697000,0.350000,0.355145,0.027073,49.408883,14.745991,-10.000000,0.835231,-800.000000,3.435017,2689.295580,0.103316
5.698000,0.350000,0.355195,0.072429,49.631267,12.717433,-10.000000,1.427653,-800.000000,3.204206,2689.625658,0.103321
5.699000,0.350000,0.355291,0.119029,49.644881,10.963240,-10.000000,2.050347,-800.000000,2.855273,2689.925128,0.103326
5.700000,0.350000,0.355433,0.166485,49.431984,9.494710,-10.000000,2.703477,-800.000000,2.400091,2690.183021,0.103332
5.701000,0.350000,0.355624,0.214394,48.977060,8.312875,-10.000000,3.385352,-800.000000,1.838646,2690.388795,0.103337
5.702000,0.350000,0.355862,0.262340,48.265520,7.410177,-10.000000,4.092821,-800.000000,1.161655,2690.531304,0.103343
5.703000,0.350000,0.356148,0.309903,47.282760,6.772661,-10.000000,4.821706,-800.000000,0.353675,2690.598065,0.103349
5.704000,0.350000,0.356482,0.356651,45.994572,6.382523,-10.000000,5.567102,-800.000000,0.000000,2690.601291,0.103356
5.705000,0.350000,0.356861,0.402101,44.315308,6.220699,-10.000000,6.323449,-800.000000,0.000000,2690.601291,0.103363
5.706000,0.350000,0.357285,0.445732,42.240907,6.269153,-10.000000,7.084435,-800.000000,0.000000,2690.601291,0.103370
5.707000,0.350000,0.357752,0.487044,39.784402,6.512743,-10.000000,7.843179,-800.000000,0.000000,2690.601291,0.103378
5.708000,0.350000,0.358258,0.525563,36.967888,6.940337,-10.000000,8.592489,-800.000000,0.000000,2690.601291,0.103386
5.709000,0.350000,0.358802,0.560844,33.822264,7.545225,-10.000000,9.325062,-800.000000,0.000000,2690.601291,0.103395
5.710000,0.350000,0.359379,0.592482,30.386917,8.325023,-10.000000,10.000000,-800.000000,0.000000,2690.601291,0.103404
5.711000,0.350000,0.359985,0.620113,26.709403,9.281320,-6.709403,10.000000,-800.000000,0.000000,2690.601291,0.103414
5.712000,0.350000,0.360618,0.643424,22.846848,10.418987,-3.517788,10.000000,-800.000000,0.000000,2690.601291,0.103425
5.713000,0.350000,0.361271,0.662161,18.870909,11.744929,-0.000000,10.000000,-800.000000,0.000000,2690.601291,0.103436
5.714000,0.350000,0.361940,0.676143,14.865224,13.267489,-0.000000,10.000000,-800.000000,0.000000,2690.601291,0.103448
5.715000,0.350000,0.362621,0.685268,10.920429,14.996097,-0.000000,10.000000,-800.000000,0.000000,2690.601291,0.103461
5.716000,0.350000,0.363309,0.689519,7.128288,16.948199,-0.000000,10.000000,-800.000000,0.694789,2690.622831,0.103474
5.717000,0.350000,0.363999,0.688941,3.588773,19.216905,-0.000000,10.000000,-800.000000,2.721133,2690.820108,0.103488
5.718000,0.350000,0.364686,0.683660,0.452657,21.797502,-0.000000,10.000000,-800.000000,4.580519,2691.209884,0.103503
5.719000,0.350000,0.365365,0.674674,0.000000,24.647187,-0.000000,10.000000,-800.000000,6.237108,2691.773186,0.103518
5.720000,0.350000,0.366034,0.663875,0.000000,27.723187,-0.000000,10.000000,-800.000000,7.659576,2692.487742,0.103534
5.721000,0.350000,0.366692,0.651245,0.000000,30.979227,-0.000000,10.000000,-800.000000,8.820958,2693.328420,0.103551
5.722000,0.350000,0.367336,0.636695,0.000000,34.364584,-0.000000,10.000000,-800.000000,9.698496,2694.267659,0.103568
5.723000,0.350000,0.367965,0.620168,0.000000,37.824853,-0.000000,10.000000,-800.000000,10.273145,2695.275857,0.103586
5.724000,0.350000,0.368576,0.601638,0.000000,41.302588,-0.000000,10.000000,-800.000000,10.528720,2696.321696,0.103605
5.725000,0.350000,0.369167,0.581112,0.000000,44.737763,-0.000000,10.000000,-800.000000,10.450451,2697.372342,0.103624
5.726000,0.350000,0.369738,0.558635,0.000000,48.067922,-0.000000,10.000000,-800.000000,10.022462,2698.393442,0.103643
5.727000,0.350000,0.370284,0.534288,0.000000,51.227748,-0.000000,10.000000,-800.000000,9.222905,2699.348733,0.103664
5.728000,0.350000,0.370806,0.508190,0.000000,54.147391,-0.000000,10.000000,-800.000000,8.012821,2700.198833,0.103685
5.729000,0.350000,0.371300,0.480504,0.000000,56.747571,-0.000000,10.000000,-800.000000,6.303273,2700.897780,0.103706
5.730000,0.350000,0.371766,0.451444,0.000000,58.922122,-0.000000,10.000000,-800.000000,3.795151,2701.380282,0.103728
5.731000,0.350000,0.372203,0.421325,0.000000,60.339056,-0.000000,10.000000,-800.000000,0.000000,2701.495242,0.103750
5.732000,0.350000,0.372609,0.390675,0.000000,60.957072,-0.000000,10.000000,-800.000000,0.000000,2701.495242,0.103772
5.733000,0.350000,0.372984,0.359772,0.000000,61.296225,-0.000000,10.000000,-800.000000,0.000000,2701.495242,0.103795
5.734000,0.350000,0.373328,0.328745,0.000000,61.448301,-0.000000,10.000000,-800.000000,0.000000,2701.495242,0.103819
5.735000,0.350000,0.373641,0.297688,0.000000,61.464018,-0.000000,10.000000,-800.000000,0.000000,2701.495242,0.103842
5.736000,0.350000,0.373924,0.266666,0.000000,61.380426,-0.000000,10.000000,-800.000000,0.000000,2701.495242,0.103866
5.737000,0.350000,0.374175,0.235727,0.000000,61.227572,-0.000000,10.000000,-800.000000,0.000000,2701.495242,0.103890
5.738000,0.350000,0.374395,0.204901,0.000000,61.034822,-0.000000,10.000000,-800.000000,0.000000,2701.495242,0.103915
5.739000,0.350000,0.374585,0.174201,0.000000,60.828210,-0.000000,10.000000,-800.000000,0.000000,2701.495242,0.103939
5.740000,0.350000,0.374743,0.143628,0.000000,60.620411,-0.000000,10.000000,-800.000000,0.000000,2701.495242,0.103964
5.741000,0.350000,0.374872,0.113178,0.000000,60.423240,-0.000000,10.000000,-800.000000,0.000000,2701.495242,0.103989
5.742000,0.350000,0.374970,0.082836,0.000000,60.248585,-0.000000,10.000000,-800.000000,0.000000,2701.495242,0.104014
5.743000,0.350000,0.375038,0.052583,0.000000,60.109344,-0.000000,10.000000,-800.000000,0.000000,2701.495242,0.104039
5.744000,0.350000,0.375075,0.022389,0.000000,60.021329,-0.000000,10.000000,-800.000000,0.000000,2701.495242,0.104064
5.745000,0.350000,0.375082,-0.006914,0.010042,59.994136,-0.000000,9.678687,-800.000000,0.210921,2701.502763,0.104089
5.746000,0.350000,0.375062,-0.033583,0.091473,59.974573,-0.000000,9.170754,-800.000000,0.612019,2701.549199,0.104114
5.747000,0.350000,0.375015,-0.060140,0.256442,59.943060,-0.000000,8.707247,-800.000000,0.997032,2701.634522,0.104139
5.748000,0.350000,0.374942,-0.086489,0.508735,59.898608,-0.000000,8.269732,-800.000000,1.376293,2701.757965,0.104164
5.749000,0.350000,0.374842,-0.112532,0.851053,59.841173,-0.000000,7.846432,-800.000000,1.751201,2701.919059,0.104189
5.750000,0.350000,0.374717,-0.138168,1.285302,59.771090,-0.000000,7.430498,-800.000000,2.121362,2702.117361,0.104214
5.751000,0.350000,0.374566,-0.163295,1.812648,59.688716,-0.000000,7.018239,-800.000000,2.483309,2702.352192,0.104238
5.752000,0.350000,0.374391,-0.187813,2.433532,59.594195,-0.000000,6.607956,-800.000000,2.835197,2702.622601,0.104263
5.753000,0.350000,0.374191,-0.211621,3.147677,59.487676,-0.000000,6.199207,-800.000000,3.175270,2702.927474,0.104287
5.754000,0.350000,0.373968,-0.234618,3.954101,59.369292,-0.000000,5.792338,-800.000000,3.501626,2703.265513,0.104311
5.755000,0.350000,0.373722,-0.256708,4.851133,59.239143,-0.000000,5.388200,-800.000000,3.812355,2703.635226,0.104335
5.756000,0.350000,0.373455,-0.277793,5.836436,59.097296,-0.000000,4.987953,-800.000000,4.105595,2704.034932,0.104358
5.757000,0.350000,0.373167,-0.297781,6.907030,58.943785,-0.000000,4.592956,-800.000000,4.379557,2704.462772,0.104381
5.758000,0.350000,0.372859,-0.316583,8.060164,58.778618,-0.000000,4.204681,-800.000000,4.700885,2704.918772,0.104404
5.759000,0.350000,0.372534,-0.334107,9.302452,58.601787,-0.000000,3.824676,-800.000000,5.128731,2705.416020,0.104427
5.760000,0.350000,0.372192,-0.350260,10.629491,58.413301,-0.000000,3.454566,-800.000000,5.503135,2705.952709,0.104449
5.761000,0.350000,0.371834,-0.364955,12.032494,58.213182,-0.000000,3.096018,-800.000000,5.824705,2706.523530,0.104471
5.762000,0.350000,0.371462,-0.378117,13.502625,58.001468,-0.000000,2.750697,-800.000000,6.094274,2707.123251,0.104492
5.763000,0.350000,0.371078,-0.389677,15.031038,57.778215,-0.000000,2.420228,-800.000000,6.312890,2707.746736,0.104513
5.764000,0.350000,0.370684,-0.399575,16.608913,57.543507,-1.457398,2.106174,-800.000000,6.481809,2708.388965,0.104534
5.765000,0.350000,0.370280,-0.407762,18.226518,57.297460,-2.815653,1.810017,-800.000000,6.579768,2709.043983,0.104554
5.766000,0.350000,0.369869,-0.414198,19.869815,57.040234,-4.344307,1.533148,-800.000000,6.570364,2709.702325,0.104574
5.767000,0.350000,0.369452,-0.418862,21.520663,56.772031,-6.027569,1.276828,-800.000000,6.424496,2710.351414,0.104593
5.768000,0.350000,0.369031,-0.421749,23.157409,56.493081,-7.844511,1.042151,-800.000000,6.116295,2710.975958,0.104613
5.769000,0.350000,0.368609,-0.422881,24.755420,56.203629,-9.769288,0.829993,-800.000000,5.678584,2711.559687,0.104631
5.770000,0.350000,0.368186,-0.422300,26.293254,55.903919,-10.000000,0.640966,-800.000000,5.601655,2712.122954,0.104649
5.771000,0.350000,0.367765,-0.420073,27.743406,55.594176,-10.000000,0.475396,-800.000000,5.497548,2712.676820,0.104667
5.772000,0.350000,0.367347,-0.416297,29.074689,55.274574,-10.000000,0.333281,-800.000000,5.367624,2713.218650,0.104684
5.773000,0.350000,0.366933,-0.411096,30.258750,54.945204,-10.000000,0.214240,-800.000000,5.213532,2713.745964,0.104701
5.774000,0.350000,0.366525,-0.404623,31.270790,54.606038,-10.000000,0.117497,-800.000000,5.037187,2714.256461,0.104718
5.775000,0.350000,0.366124,-0.397052,32.090046,54.256900,-10.000000,0.041876,-800.000000,4.840732,2714.748050,0.104734
5.776000,0.350000,0.365731,-0.388574,32.700156,53.897450,-10.000000,0.000000,-800.000000,4.626496,2715.218863,0.104750
5.777000,0.350000,0.365347,-0.379395,33.089394,53.527166,0.052576,-10.000000,-800.000000,4.397007,2715.667278,0.104765
5.778000,0.350000,0.364972,-0.369728,33.256669,53.142756,0.075517,-10.000000,-800.000000,4.108346,2716.089743,0.104780
5.779000,0.350000,0.364608,-0.359768,33.227486,52.730829,0.085416,-10.000000,-800.000000,3.721430,2716.477128,0.104795
5.780000,0.350000,0.364253,-0.349672,33.032897,52.276327,0.084690,-10.000000,-800.000000,3.244194,2716.820125,0.104809
5.781000,0.350000,0.363908,-0.339558,32.702445,51.764912,0.075579,-10.000000,-800.000000,2.681894,2717.110051,0.104823
5.782000,0.350000,0.363574,-0.329510,32.263589,51.182648,0.060030,-10.000000,-800.000000,2.037318,2717.338592,0.104836
5.783000,0.350000,0.363249,-0.319576,31.741320,50.515712,0.039630,-10.000000,-800.000000,1.311142,2717.497577,0.104850
5.784000,0.350000,0.362935,-0.309773,31.157934,49.750177,0.015571,-10.000000,-800.000000,0.502351,2717.578794,0.104863
5.785000,0.350000,0.362630,-0.300089,30.532923,48.856536,0.000000,-10.000000,-800.000000,0.000000,2717.587627,0.104875
5.786000,0.350000,0.362334,-0.290444,29.882894,47.701709,0.000000,-10.000000,-800.000000,0.000000,2717.587627,0.104888
5.787000,0.350000,0.362049,-0.280693,29.221463,46.264397,-10.000000,0.073260,-800.000000,0.000000,2717.587627,0.104900
5.788000,0.350000,0.361773,-0.270683,28.553976,44.564823,-10.000000,0.109683,-800.000000,0.000000,2717.587627,0.104911
5.789000,0.350000,0.361508,-0.260290,27.863431,42.653344,-10.000000,0.151546,-800.000000,0.000000,2717.587627,0.104923
5.790000,0.350000,0.361253,-0.249437,27.130458,40.584429,-9.560594,0.200350,-800.000000,0.000000,2717.587627,0.104934
5.791000,0.350000,0.361009,-0.238098,26.339453,38.408293,-9.372168,0.257383,-800.000000,0.000000,2717.587627,0.104945
5.792000,0.350000,0.360777,-0.226287,25.479247,36.170312,-9.030840,0.323563,-800.000000,0.000000,2717.587627,0.104956
5.793000,0.350000,0.360556,-0.214052,24.542659,33.910677,-8.522970,0.399377,-800.000000,0.000000,2717.587627,0.104966
5.794000,0.350000,0.360349,-0.201465,23.526533,31.664272,-7.838490,0.484870,-800.000000,0.000000,2717.587627,0.104977
5.795000,0.350000,0.360154,-0.188623,22.431900,29.460717,-6.971391,0.579680,-800.000000,0.000000,2717.587627,0.104987
5.796000,0.350000,0.359971,-0.175630,21.263978,27.324551,-5.920079,0.683083,-800.000000,0.000000,2717.587627,0.104997
5.797000,0.350000,0.359802,-0.162600,20.032012,25.275519,-4.687563,0.794070,-800.000000,0.000000,2717.587627,0.105007
5.798000,0.350000,0.359646,-0.149643,18.748918,23.328933,-3.281441,0.911421,-800.000000,0.000000,2717.587627,0.105016
5.799000,0.350000,0.359503,-0.136865,17.430747,21.496094,-1.713674,1.033786,-800.000000,0.000000,2717.587627,0.105026
5.800000,0.350000,0.359372,-0.124359,16.095973,19.784738,-0.000135,1.159769,-800.000000,0.000000,2717.587627,0.105035
5.801000,0.350000,0.359254,-0.112203,14.764643,18.199501,-0.000000,1.288002,-800.000000,0.000000,2717.587627,0.105045
5.802000,0.350000,0.359148,-0.100457,13.456749,16.742389,-0.000000,1.417210,-800.000000,0.000000,2717.587627,0.105054
5.803000,0.350000,0.359053,-0.089163,12.188954,15.413228,-0.000000,1.546267,-800.000000,0.000000,2717.587627,0.105063
5.804000,0.350000,0.358969,-0.078349,10.974135,14.210084,-0.000000,1.674221,-800.000000,0.000000,2717.587627,0.105072
5.805000,0.350000,0.358896,-0.068029,9.821764,13.129658,-0.000000,1.800297,-800.000000,0.000000,2717.587627,0.105081
5.806000,0.350000,0.358833,-0.058209,8.738312,12.167632,-0.000000,1.923893,-800.000000,0.000000,2717.587627,0.105089
5.807000,0.350000,0.358780,-0.048885,7.727661,11.318988,-0.000000,2.044558,-800.000000,0.000000,2717.587627,0.105098
5.808000,0.350000,0.358735,-0.040050,6.791505,10.578279,-0.000000,2.161975,-800.000000,0.000000,2717.587627,0.105107
5.809000,0.350000,0.358699,-0.031691,5.929743,9.939872,-0.000000,2.275937,-800.000000,0.000000,2717.587627,0.105116
5.810000,0.350000,0.358672,-0.023792,5.140828,9.398146,-0.000000,2.386325,-800.000000,0.000000,2717.587627,0.105124
5.811000,0.350000,0.358652,-0.016339,4.422106,8.947658,-0.000000,2.493086,-800.000000,0.000000,2717.587627,0.105133
5.812000,0.350000,0.358639,-0.009316,3.770103,8.583278,-0.000000,2.596213,-800.000000,0.000000,2717.587627,0.105142
5.813000,0.350000,0.358633,-0.002841,3.180848,8.300239,-0.000000,2.695656,-800.000000,0.000000,2717.587627,0.105150
5.814000,0.350000,0.358633,0.001758,2.652774,8.092079,-0.000000,2.787659,-800.000000,0.000000,2717.587627,0.105159
5.815000,0.350000,0.358636,0.004682,2.186471,7.950767,-0.000000,2.865860,-800.000000,0.000000,2717.587627,0.105167
5.816000,0.350000,0.358642,0.006673,1.780049,7.870396,-0.000000,2.928515,-800.000000,0.000000,2717.587627,0.105176
5.817000,0.350000,0.358649,0.008316,1.428724,7.847708,-0.000000,2.978382,-800.000000,0.000000,2717.587627,0.105185
5.818000,0.350000,0.358658,0.009635,1.127129,7.900109,-0.000000,3.018590,-800.000000,0.550925,2717.614228,0.105193
5.819000,0.350000,0.358668,0.010615,0.870272,8.081059,-0.000000,3.051182,-800.000000,1.319424,2717.717547,0.105202
5.820000,0.350000,0.358679,0.011221,0.653681,8.389067,-0.000000,3.077269,-800.000000,2.060214,2717.896026,0.105211
5.821000,0.350000,0.358691,0.011418,0.473438,8.817967,-0.000000,3.097318,-800.000000,2.768415,2718.146581,0.105219
5.822000,0.350000,0.358702,0.011174,0.326180,9.360740,-0.000000,3.111383,-800.000000,3.439838,2718.465689,0.105228
5.823000,0.350000,0.358713,0.010453,0.209096,10.009638,-0.000000,3.119260,-800.000000,4.070995,2718.849446,0.105237
5.824000,0.350000,0.358723,0.009224,0.119906,10.756300,-0.000000,3.120588,-800.000000,4.659082,2719.293647,0.105246
5.825000,0.350000,0.358731,0.007461,0.056830,11.591874,-0.000000,3.114919,-800.000000,5.201951,2719.793844,0.105254
5.826000,0.350000,0.358737,0.005137,0.018475,12.507132,-0.000000,3.101759,-800.000000,5.698075,2720.345417,0.105263
5.827000,0.350000,0.358741,0.002631,0.002504,13.492944,-0.000000,3.081237,-800.000000,6.146477,2720.943625,0.105272
5.828000,0.350000,0.358743,0.000353,0.001347,14.541622,-0.000000,3.056089,-800.000000,6.546594,2721.583658,0.105281
5.829000,0.350000,0.358742,-0.001784,0.007196,15.645659,-0.000000,3.028673,-800.000000,6.898330,2722.260678,0.105289
5.830000,0.350000,0.358739,-0.003841,0.018108,16.797364,-0.000000,3.000175,-800.000000,7.202110,2722.969869,0.105298
5.831000,0.350000,0.358734,-0.005923,0.034528,17.988987,-0.000000,2.971022,-800.000000,7.458854,2723.706489,0.105307
5.832000,0.350000,0.358727,-0.008573,0.058326,19.212016,-0.000000,2.939822,-800.000000,7.670019,2724.465922,0.105316
5.833000,0.350000,0.358717,-0.011914,0.092626,20.457133,-0.000000,2.903651,-800.000000,7.837546,2725.243726,0.105324
5.834000,0.350000,0.358703,-0.015945,0.140602,21.715298,-0.000000,2.860306,-800.000000,7.963669,2726.035678,0.105333
5.835000,0.350000,0.358685,-0.020657,0.205427,22.977882,-0.000000,2.808325,-800.000000,8.050799,2726.837785,0.105342
5.836000,0.350000,0.358661,-0.026032,0.290245,24.236704,-0.000000,2.746772,-800.000000,8.101441,2727.646305,0.105350
5.837000,0.350000,0.358633,-0.032045,0.398118,25.484069,-0.000000,2.675090,-800.000000,8.118138,2728.457748,0.105359
5.838000,0.350000,0.358597,-0.038664,0.531976,26.712795,-0.000000,2.592996,-800.000000,8.103435,2729.268878,0.105368
5.839000,0.350000,0.358555,-0.045848,0.694573,27.916225,-0.000000,2.500427,-800.000000,8.059848,2730.076713,0.105376
5.840000,0.350000,0.358505,-0.053553,0.888832,29.088243,-0.000000,2.397491,-800.000000,8.030380,2730.879533,0.105385
5.841000,0.350000,0.358448,-0.061720,1.132993,30.223291,-0.000000,2.284456,-800.000000,8.156220,2731.690838,0.105393
5.842000,0.350000,0.358382,-0.070271,1.434521,31.316409,-0.000000,2.161789,-800.000000,8.232446,2732.511597,0.105401
5.843000,0.350000,0.358307,-0.079124,1.791239,32.363248,-0.000000,2.030150,-800.000000,8.262888,2733.337087,0.105410
5.844000,0.350000,0.358223,-0.088200,2.200880,33.360049,-0.000000,1.890345,-800.000000,8.251309,2734.162966,0.105418
5.845000,0.350000,0.358131,-0.097416,2.661081,34.303628,-0.000000,1.743277,-800.000000,8.201381,2734.985261,0.105426
5.846000,0.350000,0.358029,-0.106692,3.169398,35.191350,-0.000000,1.589922,-800.000000,8.116652,2735.800362,0.105434
5.847000,0.350000,0.357917,-0.115949,3.723300,36.021105,-0.000000,1.431305,-800.000000,8.000525,2736.605002,0.105442
5.848000,0.350000,0.357797,-0.125109,4.320179,36.791285,-0.000000,1.268488,-800.000000,7.856236,2737.396244,0.105450
5.849000,0.350000,0.357667,-0.134095,4.957346,37.500749,-0.000000,1.102557,-800.000000,7.686826,2738.171464,0.105457
5.850000,0.350000,0.357529,-0.142833,5.632039,38.148793,-0.000000,0.934609,-800.000000,7.495132,2738.928329,0.105465
5.851000,0.350000,0.357382,-0.151252,6.341420,38.735115,-0.000000,0.765751,-800.000000,7.283767,2739.664776,0.105472
5.852000,0.350000,0.357226,-0.159283,7.082580,39.259782,-0.000000,0.597087,-800.000000,7.055114,2740.378988,0.105480
5.853000,0.350000,0.357063,-0.166861,7.852541,39.723192,-0.000000,0.429714,-800.000000,6.811319,2741.069373,0.105487
5.854000,0.350000,0.356893,-0.173922,8.648260,40.126036,-0.000000,0.264720,-800.000000,6.554294,2741.734537,0.105494
5.855000,0.350000,0.356715,-0.180407,9.466628,40.469267,-0.000000,0.103169,-800.000000,6.285725,2742.373265,0.105500
5.856000,0.350000,0.356532,-0.186263,10.304479,40.754059,0.053892,-10.000000,-800.000000,6.007079,2742.984496,0.105507
5.857000,0.350000,0.356343,-0.191436,11.158626,40.977412,0.205447,-10.000000,-800.000000,5.642351,2743.563647,0.105513
5.858000,0.350000,0.356149,-0.195872,12.026066,41.120449,0.350492,-10.000000,-800.000000,5.134821,2744.097161,0.105519
5.859000,0.350000,0.355952,-0.199505,12.904197,41.163802,0.487990,-10.000000,-800.000000,4.511995,2744.572525,0.105525
5.860000,0.350000,0.355751,-0.202265,13.790732,41.091582,0.616836,-10.000000,-800.000000,3.795151,2744.979588,0.105531
5.861000,0.350000,0.355547,-0.204073,14.683555,40.890570,0.735828,-10.000000,-800.000000,2.999791,2745.309959,0.105537
5.862000,0.350000,0.355343,-0.204844,15.580579,40.549476,0.843669,-10.000000,-800.000000,2.136328,2745.556474,0.105542
5.863000,0.350000,0.355138,-0.204494,16.479622,40.058322,0.938965,-10.000000,-800.000000,1.210892,2745.712736,0.105547
5.864000,0.350000,0.354934,-0.202925,17.378292,39.386074,1.020227,-10.000000,-800.000000,1.061600,2745.817380,0.105552
5.865000,0.350000,0.354733,-0.200020,18.273817,38.485855,1.085811,-10.000000,-800.000000,1.114771,2745.926739,0.105557
5.866000,0.350000,0.354535,-0.195650,19.162899,37.360588,1.133862,-10.000000,-800.000000,1.183412,2746.042389,0.105561
5.867000,0.350000,0.354342,-0.189696,20.041658,36.019908,1.162370,-10.000000,-800.000000,1.266262,2746.165803,0.105566
5.868000,0.350000,0.354156,-0.182048,20.905599,34.478520,1.169269,-10.000000,-800.000000,1.361550,2746.298296,0.105570
5.869000,0.350000,0.353979,-0.172611,21.749601,32.755714,1.152501,-10.000000,-800.000000,1.467058,2746.440974,0.105574
5.870000,0.350000,0.353811,-0.161310,22.567926,30.874796,1.110090,-10.000000,-800.000000,1.580176,2746.594701,0.105578
5.871000,0.350000,0.353657,-0.148087,23.354246,28.862464,1.040200,-8.862464,-800.000000,1.697964,2746.760056,0.105581
5.872000,0.350000,0.353516,-0.132908,24.101684,26.748737,0.941183,-7.634984,-800.000000,1.817211,2746.937306,0.105585
5.873000,0.350000,0.353391,-0.115764,24.802877,24.568317,0.811636,-6.129437,-800.000000,1.934484,2747.126386,0.105588
5.874000,0.350000,0.353285,-0.096676,25.450053,22.359704,0.650445,-4.377656,-800.000000,2.046178,2747.326873,0.105591
5.875000,0.350000,0.353199,-0.075692,26.035120,20.163844,0.456833,-2.417767,-800.000000,2.148546,2747.537976,0.105595
5.876000,0.350000,0.353134,-0.052894,26.549766,18.022563,0.230407,-0.292870,-800.000000,2.237724,2747.758522,0.105598
5.877000,0.350000,0.353093,-0.028395,26.985568,15.976774,0.000000,-0.000000,-800.000000,2.309734,2747.986944,0.105601
5.878000,0.350000,0.353078,-0.002376,27.334102,14.063882,-7.357249,0.320371,-800.000000,2.360869,2748.221289,0.105604
5.879000,0.350000,0.353088,0.021972,27.588285,12.309619,-8.321695,0.636306,-800.000000,2.290119,2748.454647,0.105607
5.880000,0.350000,0.353122,0.047122,27.727500,10.730265,-9.219739,0.967253,-800.000000,2.003903,2748.667444,0.105610
5.881000,0.350000,0.353182,0.073220,27.720955,9.340121,-9.985943,1.315510,-800.000000,1.504850,2748.838298,0.105613
5.882000,0.350000,0.353269,0.099994,27.539030,8.146405,-10.000000,1.682274,-800.000000,0.795836,2748.946099,0.105617
5.883000,0.350000,0.353382,0.127138,27.153989,7.149932,-10.000000,2.066947,-800.000000,0.000000,2748.973230,0.105620
5.884000,0.350000,0.353523,0.154329,26.549393,6.346096,-9.586477,2.467547,-800.000000,0.000000,2748.973230,0.105623
5.885000,0.350000,0.353691,0.181234,25.715486,5.726055,-9.407509,2.881103,-800.000000,0.000000,2748.973230,0.105627
5.886000,0.350000,0.353885,0.207518,24.646239,5.278056,-8.909812,3.303954,-800.000000,0.000000,2748.973230,0.105631
5.887000,0.350000,0.354106,0.232854,23.342974,4.988811,-8.071170,3.731975,-800.000000,0.000000,2748.973230,0.105635
5.888000,0.350000,0.354351,0.256925,21.814867,4.844813,-6.877360,4.160749,-800.000000,0.000000,2748.973230,0.105639
5.889000,0.350000,0.354619,0.279436,20.079410,4.833450,-5.323390,4.585728,-800.000000,0.000000,2748.973230,0.105644
5.890000,0.350000,0.354909,0.300123,18.162414,4.943820,-3.414335,5.002374,-800.000000,0.000000,2748.973230,0.105649
5.891000,0.350000,0.355219,0.318753,16.097515,5.167198,-1.165678,5.406280,-800.000000,0.000000,2748.973230,0.105654
5.892000,0.350000,0.355546,0.335138,13.925141,5.497197,-0.000000,5.793299,-800.000000,0.000000,2748.973230,0.105660
5.893000,0.350000,0.355888,0.349132,11.690452,5.929720,-0.000000,6.159645,-800.000000,0.000000,2748.973230,0.105666
5.894000,0.350000,0.356243,0.360639,9.439393,6.462785,-0.000000,6.501985,-800.000000,0.000000,2748.973230,0.105672
5.895000,0.350000,0.356609,0.369606,7.216028,7.096296,-0.000000,6.817503,-800.000000,0.000000,2748.973230,0.105679
5.896000,0.350000,0.356982,0.376023,5.063036,7.831814,-0.000000,7.103929,-800.000000,0.000000,2748.973230,0.105685
5.897000,0.350000,0.357360,0.379920,3.024433,8.672345,-0.000000,7.359553,-800.000000,0.000000,2748.973230,0.105693
5.898000,0.350000,0.357741,0.381374,1.154531,9.622175,-0.000000,7.583244,-800.000000,0.000000,2748.973230,0.105701
5.899000,0.350000,0.358122,0.380554,0.000000,10.692076,-0.000000,7.774538,-800.000000,0.437300,2748.984851,0.105709
5.900000,0.350000,0.358501,0.378547,0.000000,11.986083,-0.000000,7.935674,-800.000000,2.046125,2749.129555,0.105717
5.901000,0.350000,0.358879,0.375716,0.000000,13.533889,-0.000000,8.072585,-800.000000,3.590213,2749.431260,0.105726
5.902000,0.350000,0.359252,0.371919,0.000000,15.320420,-0.000000,8.189228,-800.000000,5.049077,2749.882203,0.105735
5.903000,0.350000,0.359622,0.367023,0.000000,17.326934,-0.000000,8.287311,-800.000000,6.403777,2750.472662,0.105745
5.904000,0.350000,0.359986,0.360908,0.000000,19.531344,-0.000000,8.367088,-800.000000,7.637245,2751.191140,0.105755
5.905000,0.350000,0.360343,0.353466,0.000000,21.908576,-0.000000,8.427947,-800.000000,8.734514,2752.024561,0.105765
5.906000,0.350000,0.360693,0.344607,0.000000,24.430981,-0.000000,8.468804,-800.000000,9.682866,2752.958492,0.105776
5.907000,0.350000,0.361032,0.334254,0.000000,27.068756,-0.000000,8.488347,-800.000000,10.471926,2753.977373,0.105787
5.908000,0.350000,0.361361,0.322351,0.000000,29.790389,-0.000000,8.485208,-800.000000,11.093723,2755.064760,0.105798
5.909000,0.350000,0.361676,0.308860,0.000000,32.563117,-0.000000,8.458069,-800.000000,11.542714,2756.203560,0.105810
5.910000,0.350000,0.361978,0.293760,0.000000,35.353378,-0.000000,8.405742,-800.000000,11.815800,2757.376279,0.105822
5.911000,0.350000,0.362263,0.277053,0.000000,38.127278,-0.000000,8.327219,-800.000000,11.912317,2758.565267,0.105834
5.912000,0.350000,0.362531,0.258757,0.000000,40.851047,-0.000000,8.221707,-800.000000,11.834038,2759.752959,0.105847
5.913000,0.350000,0.362780,0.238912,0.000000,43.491506,-0.000000,8.088653,-800.000000,11.585166,2760.922118,0.105860
5.914000,0.350000,0.363009,0.217575,0.000000,46.016517,-0.000000,7.927761,-800.000000,11.172349,2762.056082,0.105873
5.915000,0.350000,0.363215,0.194822,0.000000,48.395456,-0.000000,7.738999,-800.000000,10.604713,2763.139007,0.105886
5.916000,0.350000,0.363398,0.170746,0.000000,50.599674,-0.000000,7.522604,-800.000000,9.893973,2764.156123,0.105899
5.917000,0.350000,0.363556,0.145453,0.000000,52.602993,-0.000000,7.279078,-800.000000,9.054637,2765.094002,0.105913
5.918000,0.350000,0.363688,0.119066,0.000000,54.382245,-0.000000,7.009178,-800.000000,8.104442,2765.940866,0.105926
5.919000,0.350000,0.363794,0.091718,0.000000,55.917905,-0.000000,6.713912,-800.000000,7.065217,2766.686956,0.105940
5.920000,0.350000,0.363872,0.063553,0.000000,57.194934,-0.000000,6.394511,-800.000000,5.964664,2767.325044,0.105954
5.921000,0.350000,0.363921,0.034718,0.000000,58.204043,-0.000000,6.052412,-800.000000,4.840121,2767.851233,0.105968
5.922000,0.350000,0.363941,0.005365,0.000000,58.943896,-0.000000,5.689219,-800.000000,3.746767,2768.266382,0.105982
5.923000,0.350000,0.363933,-0.021498,0.046168,59.428409,-0.000000,5.312494,-800.000000,2.767018,2768.578561,0.105996
5.924000,0.350000,0.363898,-0.047884,0.175671,59.691695,-0.000000,4.933631,-800.000000,2.026090,2768.806430,0.106010
5.925000,0.350000,0.363837,-0.074223,0.392039,59.786810,-0.000000,4.550989,-800.000000,1.674541,2768.983709,0.106024
5.926000,0.350000,0.363750,-0.100344,0.697877,59.780806,-0.000000,4.163344,-800.000000,1.694641,2769.150181,0.106037
5.927000,0.350000,0.363636,-0.126113,1.094860,59.721789,-0.000000,3.770677,-800.000000,1.906704,2769.332037,0.106051
5.928000,0.350000,0.363497,-0.151412,1.583919,59.631051,-0.000000,3.373689,-800.000000,2.184665,2769.539833,0.106065
5.929000,0.350000,0.363334,-0.176133,2.165301,59.516204,-0.000000,2.973479,-800.000000,2.477802,2769.776602,0.106078
5.930000,0.350000,0.363145,-0.200169,2.838586,59.379797,-0.000000,2.571382,-800.000000,2.766629,2770.042511,0.106091
5.931000,0.350000,0.362934,-0.223417,3.602705,59.222484,-0.000000,2.168876,-800.000000,3.042293,2770.336528,0.106104
5.932000,0.350000,0.362699,-0.245774,4.455948,59.044114,-0.000000,1.767532,-800.000000,3.299731,2770.657005,0.106117
5.933000,0.350000,0.362442,-0.267140,5.395983,58.844132,-0.000000,1.368984,-800.000000,3.535387,2771.001888,0.106129
5.934000,0.350000,0.362165,-0.287418,6.419874,58.621738,-0.000000,0.974904,-800.000000,3.746386,2771.368817,0.106141
5.935000,0.350000,0.361868,-0.306514,7.524104,58.375967,-0.000000,0.586985,-800.000000,3.930211,2771.755166,0.106153
5.936000,0.350000,0.361552,-0.324335,8.704604,58.105723,-0.000000,0.206934,-800.000000,4.084575,2772.158074,0.106165
5.937000,0.350000,0.361220,-0.340794,9.957601,57.809805,0.163545,-10.000000,-800.000000,4.267355,2772.576516,0.106176
5.938000,0.350000,0.360871,-0.355804,11.285234,57.485432,0.522751,-10.000000,-800.000000,4.469629,2773.016708,0.106187
5.939000,0.350000,0.360509,-0.369274,12.682192,57.123958,0.868962,-10.000000,-800.000000,4.574707,2773.470948,0.106197
5.940000,0.350000,0.360133,-0.381115,14.142036,56.715596,1.200430,-10.000000,-800.000000,4.593459,2773.930234,0.106207
5.941000,0.350000,0.359747,-0.391238,15.659220,56.250632,1.515382,-10.000000,-800.000000,4.532355,2774.386369,0.106217
5.942000,0.350000,0.359351,-0.399555,17.228792,55.719155,1.812022,-10.000000,-800.000000,4.394193,2774.831568,0.106227
5.943000,0.350000,0.358948,-0.405974,18.846115,55.110862,2.088518,-10.000000,-800.000000,4.178758,2775.258134,0.106235
5.944000,0.350000,0.358540,-0.410405,20.506600,54.414965,2.343001,-10.000000,-800.000000,3.883407,2775.658189,0.106244
5.945000,0.350000,0.358128,-0.412753,22.205464,53.620145,2.573559,-10.000000,-800.000000,3.503621,2776.023474,0.106252
5.946000,0.350000,0.357715,-0.412923,23.937502,52.714577,2.778228,-10.000000,-800.000000,3.033513,2776.345185,0.106260
5.947000,0.350000,0.357303,-0.410818,25.696890,51.686002,2.954996,-10.000000,-800.000000,2.466317,2776.613873,0.106267
5.948000,0.350000,0.356894,-0.406340,27.477015,50.509660,3.101795,-10.000000,-800.000000,2.126773,2776.829785,0.106274
5.949000,0.350000,0.356491,-0.399344,29.270243,49.027230,3.216431,-10.000000,-800.000000,2.410358,2777.060133,0.106281
5.950000,0.350000,0.356097,-0.389629,31.067560,47.213668,3.296285,-10.000000,-800.000000,2.697850,2777.319129,0.106287
5.951000,0.350000,0.355713,-0.377014,32.858494,45.100016,3.338351,-10.000000,-800.000000,2.983190,2777.606789,0.106292
5.952000,0.350000,0.355344,-0.361347,34.631186,42.722944,3.339488,-10.000000,-800.000000,3.260154,2777.922507,0.106298
5.953000,0.350000,0.354991,-0.342513,36.372505,40.123768,3.296613,-10.000000,-800.000000,3.522639,2778.265063,0.106303
5.954000,0.350000,0.354660,-0.320432,38.068227,37.347419,3.206862,-10.000000,-800.000000,3.764969,2778.632650,0.106307
5.955000,0.350000,0.354352,-0.295068,39.703254,34.441395,3.067706,-10.000000,-800.000000,3.982214,2779.022937,0.106312
5.956000,0.350000,0.354071,-0.266426,41.261885,31.454706,2.877039,-10.000000,-800.000000,4.170490,2779.433164,0.106316
5.957000,0.350000,0.353820,-0.234556,42.728135,28.436836,2.633251,-8.436836,-800.000000,4.327250,2779.860262,0.106320
5.958000,0.350000,0.353603,-0.199550,44.086075,25.437530,2.335277,-6.281213,-800.000000,4.451508,2780.301006,0.106323
5.959000,0.350000,0.353422,-0.161543,45.320207,22.508683,1.982637,-3.896120,-800.000000,4.543974,2780.752177,0.106327
5.960000,0.350000,0.353280,-0.120717,46.415847,19.703485,1.575462,-1.341789,-800.000000,4.607040,2781.210732,0.106330
5.961000,0.350000,0.353181,-0.077294,47.359485,17.073754,1.114521,-0.000000,-800.000000,4.644580,2781.673962,0.106333
5.962000,0.350000,0.353127,-0.031533,48.139101,14.666475,0.601222,-0.000000,-800.000000,4.661493,2782.139618,0.106336
5.963000,0.350000,0.353119,0.015114,48.745140,12.518376,0.038598,-0.000000,-800.000000,4.662828,2782.605956,0.106339
5.964000,0.350000,0.353157,0.061158,49.178241,10.647195,-10.000000,0.558726,-800.000000,4.651161,2783.071602,0.106342
5.965000,0.350000,0.353241,0.108574,49.431097,9.063924,-10.000000,1.187188,-800.000000,4.555398,2783.531922,0.106346
5.966000,0.350000,0.353374,0.156996,49.483715,7.771560,-10.000000,1.847248,-800.000000,4.322641,2783.973881,0.106349
5.967000,0.350000,0.353556,0.206043,49.317431,6.764202,-10.000000,2.537725,-800.000000,3.973946,2784.385211,0.106353
5.968000,0.350000,0.353786,0.255323,48.916817,6.028719,-10.000000,3.255950,-800.000000,3.516571,2784.754870,0.106356
5.969000,0.350000,0.354066,0.304442,48.268089,5.546986,-10.000000,3.998206,-800.000000,2.946394,2785.071811,0.106360
5.970000,0.350000,0.354395,0.353006,47.357879,5.298542,-10.000000,4.760059,-800.000000,2.251104,2785.324035,0.106365
5.971000,0.350000,0.354772,0.400619,46.172410,5.263305,-10.000000,5.536572,-800.000000,1.413501,2785.497981,0.106370
5.972000,0.350000,0.355196,0.446882,44.697074,5.423872,-10.000000,6.322440,-800.000000,0.414385,2785.578224,0.106375
5.973000,0.350000,0.355665,0.491390,42.898265,5.767011,-10.000000,7.112056,-800.000000,0.000000,2785.581652,0.106381
5.974000,0.350000,0.356178,0.533681,40.703325,6.284212,-10.000000,7.899423,-800.000000,0.000000,2785.581652,0.106387
5.975000,0.350000,0.356732,0.573267,38.120768,6.971522,-10.000000,8.677982,-800.000000,0.000000,2785.581652,0.106393
5.976000,0.350000,0.357323,0.609679,35.175176,7.829150,-10.000000,9.440751,-800.000000,0.000000,2785.581652,0.106401
5.977000,0.350000,0.357950,0.642479,31.900401,8.860959,-10.000000,10.000000,-800.000000,0.000000,2785.581652,0.106409
5.978000,0.350000,0.358607,0.671261,28.339310,10.073911,-8.339310,10.000000,-800.000000,0.000000,2785.581652,0.106417
5.979000,0.350000,0.359291,0.695662,24.544407,11.477232,-5.378338,10.000000,-800.000000,0.000000,2785.581652,0.106427
5.980000,0.350000,0.359997,0.715370,20.581046,13.081278,-1.869418,10.000000,-800.000000,0.000000,2785.581652,0.106437
5.981000,0.350000,0.360720,0.730141,16.528346,14.897009,-0.000000,10.000000,-800.000000,0.000000,2785.581652,0.106447
5.982000,0.350000,0.361455,0.739804,12.476171,16.936277,-0.000000,10.000000,-800.000000,0.222942,2785.587225,0.106459
5.983000,0.350000,0.362198,0.744260,8.519579,19.277933,-0.000000,10.000000,-800.000000,2.221593,2785.735513,0.106471
5.984000,0.350000,0.362942,0.743464,4.759618,21.940988,-0.000000,10.000000,-800.000000,4.061795,2786.074078,0.106484
5.985000,0.350000,0.363683,0.737497,1.326653,24.881014,-0.000000,10.000000,-800.000000,5.705547,2786.584663,0.106498
5.986000,0.350000,0.364415,0.726922,0.000000,28.048547,-0.000000,10.000000,-800.000000,7.119790,2787.245518,0.106512
5.987000,0.350000,0.365136,0.714033,0.000000,31.394314,-0.000000,10.000000,-800.000000,8.275741,2788.031866,0.106527
5.988000,0.350000,0.365843,0.699174,0.000000,34.867725,-0.000000,10.000000,-800.000000,9.148244,2788.916275,0.106543
5.989000,0.350000,0.366534,0.682287,0.000000,38.414092,-0.000000,10.000000,-800.000000,9.715348,2789.869009,0.106560
5.990000,0.350000,0.367207,0.663349,0.000000,41.975147,-0.000000,10.000000,-800.000000,9.957215,2790.858277,0.106577
5.991000,0.350000,0.367860,0.642369,0.000000,45.489348,-0.000000,10.000000,-800.000000,9.854179,2791.850335,0.106595
5.992000,0.350000,0.368491,0.619394,0.000000,48.891740,-0.000000,10.000000,-800.000000,9.383127,2792.809296,0.106613
5.993000,0.350000,0.369098,0.594511,0.000000,52.112947,-0.000000,10.000000,-800.000000,8.509834,2793.696356,0.106632
5.994000,0.350000,0.369679,0.567847,0.000000,55.076091,-0.000000,10.000000,-800.000000,7.169245,2794.467608,0.106652
5.995000,0.350000,0.370233,0.539580,0.000000,57.687296,-0.000000,10.000000,-800.000000,5.193987,2795.067298,0.106672
5.996000,0.350000,0.370758,0.509952,0.000000,59.787775,-0.000000,10.000000,-800.000000,1.619818,2795.388846,0.106693
5.997000,0.350000,0.371253,0.479411,0.000000,60.868631,-0.000000,10.000000,-800.000000,0.000000,2795.388846,0.106714
5.998000,0.350000,0.371717,0.448423,0.000000,61.485279,-0.000000,10.000000,-800.000000,0.000000,2795.388846,0.106736
5.999000,0.350000,0.372150,0.417173,0.000000,61.850416,-0.000000,10.000000,-800.000000,0.000000,2795.388846,0.106758
