t,r,x,v,p1_bar,p2_bar,ps_bar,u_cmd,xv1,xv2,F_ext
0.000000,0.100000,0.100000,0.000000,10.000000,20.440000,150.000000,0.000000,0.000000,0.000000,0.000000
0.005000,0.100000,0.099999,-0.000182,10.008593,20.434192,150.000000,0.000008,0.000000,0.000000,0.000000
0.010000,0.100000,0.099999,0.000250,10.004861,20.436715,149.999997,0.000005,0.000003,0.000003,0.000000
0.015000,0.100000,0.100000,-0.000186,10.002701,20.438178,149.999987,0.000003,0.000006,0.000006,0.000000
0.020000,0.100000,0.099999,0.000045,10.008810,20.434051,149.999980,0.000008,0.000004,0.000004,0.000000
0.025000,0.100000,0.100000,0.000097,10.002283,20.438466,149.999978,0.000002,0.000005,0.000005,0.000000
0.030000,0.100000,0.099999,-0.000170,10.006047,20.435925,149.999974,0.000006,0.000005,0.000005,0.000000
0.035000,0.100000,0.099999,0.000151,10.006422,20.435674,149.999974,0.000006,0.000005,0.000005,0.000000
0.040000,0.100000,0.100000,-0.000062,10.002730,20.438172,149.999973,0.000003,0.000005,0.000005,0.000000
0.045000,0.100000,0.099999,-0.000042,10.007465,20.434975,149.999973,0.000007,0.000004,0.000004,0.000000
0.050000,0.100000,0.100000,0.000111,10.004115,20.437242,149.999973,0.000004,0.000005,0.000005,0.000000
0.055000,0.100000,0.099999,-0.000115,10.004696,20.436852,149.999972,0.000004,0.000005,0.000005,0.000000
0.060000,0.100000,0.099999,0.000065,10.006737,20.435475,149.999973,0.000006,0.000004,0.000004,0.000000
0.065000,0.100000,0.100000,0.000010,10.003458,20.437694,149.999973,0.000003,0.000005,0.000005,0.000000
0.070000,0.100000,0.099999,-0.000067,10.006220,20.435830,149.999972,0.000006,0.000005,0.000005,0.000000
0.075000,0.100000,0.099999,0.000085,10.005218,20.436510,149.999973,0.000005,0.000005,0.000005,0.000000
0.080000,0.100000,0.100000,-0.000058,10.004256,20.437163,149.999973,0.000004,0.000005,0.000005,0.000000
0.085000,0.100000,0.099999,0.000009,10.006422,20.435701,149.999973,0.000006,0.000005,0.000005,0.000000
0.090000,0.100000,0.100000,0.000038,10.004276,20.437154,149.999973,0.000004,0.000005,0.000005,0.000000
0.095000,0.100000,0.099999,-0.000058,10.005382,20.436410,149.999973,0.000005,0.000005,0.000005,0.000000
0.100000,0.100000,0.099999,0.000049,10.005687,20.436206,149.999973,0.000005,0.000005,0.000005,0.000000
0.105000,0.100000,0.100000,-0.000016,10.004338,20.437120,149.999973,0.000004,0.000005,0.000005,0.000000
0.110000,0.100000,0.099999,-0.000018,10.005928,20.436048,149.999973,0.000005,0.000005,0.000005,0.000000
0.115000,0.100000,0.099999,0.000039,10.004898,20.436748,149.999974,0.000004,0.000005,0.000005,0.000000
0.120000,0.100000,0.099999,-0.000037,10.004966,20.436704,149.999973,0.000004,0.000005,0.000005,0.000000
0.125000,0.100000,0.099999,0.000019,10.005747,20.436179,149.999973,0.000005,0.000005,0.000005,0.000000
0.130000,0.100000,0.100000,0.000007,10.004624,20.436941,149.999974,0.000004,0.000005,0.000005,0.000000
0.135000,0.100000,0.099999,-0.000024,10.005502,20.436350,149.999973,0.000005,0.000005,0.000005,0.000000
0.140000,0.100000,0.099999,0.000029,10.005254,20.436520,149.999974,0.000005,0.000005,0.000005,0.000000
0.145000,0.100000,0.099999,-0.000017,10.004854,20.436793,149.999974,0.000004,0.000005,0.000005,0.000000
0.150000,0.100000,0.099999,0.000001,10.005614,20.436282,149.999974,0.000005,0.000005,0.000005,0.000000
0.155000,0.100000,0.099999,0.000015,10.004916,20.436756,149.999974,0.000004,0.000005,0.000005,0.000000
0.160000,0.100000,0.099999,-0.000020,10.005231,20.436546,149.999974,0.000005,0.000005,0.000005,0.000000
0.165000,0.100000,0.099999,0.000016,10.005393,20.436439,149.999974,0.000005,0.000005,0.000005,0.000000
0.170000,0.100000,0.099999,-0.000004,10.004908,20.436769,149.999974,0.000004,0.000005,0.000005,0.000000
0.175000,0.100000,0.099999,-0.000007,10.005438,20.436414,149.999974,0.000005,0.000005,0.000005,0.000000
0.180000,0.100000,0.099999,0.000014,10.005127,20.436627,149.999974,0.000004,0.000005,0.000005,0.000000
0.185000,0.100000,0.099999,-0.000012,10.005107,20.436643,149.999974,0.000004,0.000005,0.000005,0.000000
0.190000,0.100000,0.099999,0.000006,10.005400,20.436447,149.999974,0.000005,0.000004,0.000004,0.000000
0.195000,0.100000,0.099999,0.000004,10.005019,20.436707,149.999974,0.000004,0.000005,0.000005,0.000000
0.200000,0.100000,0.099999,-0.000008,10.005295,20.436523,149.999974,0.000005,0.000004,0.000004,0.000000
0.205000,0.100000,0.099999,0.000010,10.005243,20.436561,149.999975,0.000004,0.000004,0.000004,0.000000
0.210000,0.100000,0.099999,-0.000005,10.005084,20.436671,149.999975,0.000004,0.000004,0.000004,0.000000
0.215000,0.100000,0.099999,-0.000000,10.005348,20.436495,149.999975,0.000005,0.000004,0.000004,0.000000
0.220000,0.100000,0.099999,0.000006,10.005124,20.436649,149.999975,0.000004,0.000004,0.000004,0.000000
0.225000,0.100000,0.099999,-0.000006,10.005211,20.436593,149.999975,0.000004,0.000004,0.000004,0.000000
0.230000,0.100000,0.099999,0.000005,10.005285,20.436545,149.999975,0.000004,0.000004,0.000004,0.000000
0.235000,0.100000,0.099999,-0.000000,10.005113,20.436664,149.999975,0.000004,0.000004,0.000004,0.000000
0.240000,0.100000,0.099999,-0.000003,10.005288,20.436548,149.999975,0.000004,0.000004,0.000004,0.000000
0.245000,0.100000,0.099999,0.000005,10.005197,20.436612,149.999975,0.000004,0.000004,0.000004,0.000000
0.250000,0.100000,0.099999,-0.000004,10.005177,20.436628,149.999975,0.000004,0.000004,0.000004,0.000000
0.255000,0.100000,0.099999,0.000002,10.005285,20.436558,149.999975,0.000004,0.000004,0.000004,0.000000
0.260000,0.100000,0.099999,0.000002,10.005157,20.436647,149.999975,0.000004,0.000004,0.000004,0.000000
0.265000,0.100000,0.099999,-0.000003,10.005243,20.436591,149.999975,0.000004,0.000004,0.000004,0.000000
0.270000,0.100000,0.099999,0.000003,10.005236,20.436598,149.999975,0.000004,0.000004,0.000004,0.000000
0.275000,0.100000,0.099999,-0.000001,10.005176,20.436641,149.999975,0.000004,0.000004,0.000004,0.000000
0.280000,0.100000,0.099999,-0.000000,10.005267,20.436582,149.999975,0.000004,0.000004,0.000004,0.000000
0.285000,0.100000,0.099999,0.000002,10.005196,20.436632,149.999976,0.000004,0.000004,0.000004,0.000000
0.290000,0.100000,0.099999,-0.000002,10.005219,20.436620,149.999976,0.000004,0.000004,0.000004,0.000000
0.295000,0.100000,0.099999,0.000002,10.005251,20.436600,149.999976,0.000004,0.000004,0.000004,0.000000
0.300000,0.100000,0.100000,0.000000,10.005191,20.436643,149.999976,0.000004,0.000004,0.000004,0.000000
0.305000,0.100000,0.099999,-0.000001,10.005249,20.436607,149.999976,0.000004,0.000004,0.000004,0.000000
0.310000,0.100000,0.100000,0.000002,10.005223,20.436626,149.999976,0.000004,0.000004,0.000004,0.000000
0.315000,0.100000,0.100000,-0.000001,10.005212,20.436636,149.999976,0.000004,0.000004,0.000004,0.000000
0.320000,0.100000,0.100000,0.000001,10.005252,20.436612,149.999976,0.000004,0.000004,0.000004,0.000000
0.325000,0.100000,0.100000,0.000001,10.005210,20.436643,149.999976,0.000004,0.000004,0.000004,0.000000
0.330000,0.100000,0.100000,-0.000001,10.005236,20.436627,149.999976,0.000004,0.000004,0.000004,0.000000
0.335000,0.100000,0.100000,0.000001,10.005238,20.436628,149.999976,0.000004,0.000004,0.000004,0.000000
0.340000,0.100000,0.100000,-0.000000,10.005216,20.436645,149.999976,0.000004,0.000004,0.000004,0.000000
0.345000,0.100000,0.100000,0.000000,10.005248,20.436627,149.999976,0.000004,0.000004,0.000004,0.000000
0.350000,0.100000,0.100000,0.000001,10.005226,20.436644,149.999976,0.000004,0.000004,0.000004,0.000000
0.355000,0.100000,0.100000,-0.000000,10.005232,20.436642,149.999976,0.000004,0.000004,0.000004,0.000000
0.360000,0.100000,0.100000,0.000001,10.005245,20.436635,149.999976,0.000004,0.000004,0.000004,0.000000
0.365000,0.100000,0.100000,0.000000,10.005225,20.436651,149.999977,0.000004,0.000004,0.000004,0.000000
0.370000,0.100000,0.100000,-0.000000,10.005244,20.436641,149.999977,0.000004,0.000004,0.000004,0.000000
0.375000,0.100000,0.100000,0.000001,10.005237,20.436647,149.999977,0.000004,0.000004,0.000004,0.000000
0.380000,0.100000,0.100000,-0.000000,10.005233,20.436653,149.999977,0.000004,0.000004,0.000004,0.000000
0.385000,0.100000,0.100000,0.000000,10.005247,20.436645,149.999977,0.000004,0.000004,0.000004,0.000000
0.390000,0.100000,0.100000,0.000001,10.005234,20.436657,149.999977,0.000004,0.000004,0.000004,0.000000
0.395000,0.100000,0.100000,-0.000000,10.005243,20.436653,149.999977,0.000004,0.000004,0.000004,0.000000
0.400000,0.100000,0.100000,0.000001,10.005245,20.436654,149.999977,0.000004,0.000004,0.000004,0.000000
0.405000,0.100000,0.100000,0.000000,10.005237,20.436661,149.999977,0.000004,0.000004,0.000004,0.000000
0.410000,0.100000,0.100000,0.000000,10.005248,20.436656,149.999977,0.000004,0.000004,0.000004,0.000000
0.415000,0.100000,0.100000,0.000001,10.005242,20.436663,149.999977,0.000004,0.000004,0.000004,0.000000
0.420000,0.100000,0.100000,0.000000,10.005244,20.436664,149.999977,0.000004,0.000004,0.000004,0.000000
0.425000,0.100000,0.100000,0.000000,10.005250,20.436662,149.999977,0.000004,0.000004,0.000004,0.000000
0.430000,0.100000,0.100000,0.000000,10.005243,20.436669,149.999977,0.000004,0.000004,0.000004,0.000000
0.435000,0.100000,0.100000,0.000000,10.005250,20.436666,149.999977,0.000004,0.000004,0.000004,0.000000
0.440000,0.100000,0.100000,0.000001,10.005249,20.436669,149.999977,0.000004,0.000004,0.000004,0.000000
0.445000,0.100000,0.100000,0.000000,10.005247,20.436673,149.999977,0.000004,0.000004,0.000004,0.000000
0.450000,0.100000,0.100000,0.000000,10.005253,20.436671,149.999978,0.000004,0.000004,0.000004,0.000000
0.455000,0.100000,0.100000,0.000000,10.005249,20.436676,149.999978,0.000004,0.000004,0.000004,0.000000
0.460000,0.100000,0.100000,0.000000,10.005252,20.436676,149.999978,0.000004,0.000004,0.000004,0.000000
0.465000,0.100000,0.100000,0.000000,10.005254,20.436677,149.999978,0.000004,0.000004,0.000004,0.000000
0.470000,0.100000,0.100000,0.000000,10.005252,20.436681,149.999978,0.000004,0.000004,0.000004,0.000000
0.475000,0.100000,0.100000,0.000000,10.005256,20.436680,149.999978,0.000004,0.000004,0.000004,0.000000
0.480000,0.100000,0.100000,0.000000,10.005254,20.436683,149.999978,0.000004,0.000004,0.000004,0.000000
0.485000,0.100000,0.100000,0.000000,10.005255,20.436685,149.999978,0.000004,0.000004,0.000004,0.000000
0.490000,0.100000,0.100000,0.000000,10.005258,20.436685,149.999978,0.000004,0.000004,0.000004,0.000000
0.495000,0.100000,0.100000,0.000000,10.005256,20.436689,149.999978,0.000004,0.000004,0.000004,0.000000
0.500000,0.100000,0.100000,0.000000,10.005259,20.436689,149.999978,0.000004,0.000004,0.000004,0.000000
0.505000,0.100000,0.100000,0.000000,10.005259,20.436691,149.999978,0.000004,0.000004,0.000004,0.000000
0.510000,0.100000,0.100000,0.000000,10.005259,20.436693,149.999978,0.000004,0.000004,0.000004,0.000000
0.515000,0.100000,0.100000,0.000000,10.005262,20.436694,149.999978,0.000004,0.000004,0.000004,0.000000
0.520000,0.100000,0.100000,0.000000,10.005261,20.436696,149.999978,0.000004,0.000004,0.000004,0.000000
0.525000,0.100000,0.100000,0.000000,10.005262,20.436698,149.999978,0.000004,0.000004,0.000004,0.000000
0.530000,0.100000,0.100000,0.000000,10.005263,20.436699,149.999978,0.000004,0.000004,0.000004,0.000000
0.535000,0.100000,0.100000,0.000000,10.005263,20.436701,149.999979,0.000004,0.000004,0.000004,0.000000
0.540000,0.100000,0.100000,0.000000,10.005265,20.436702,149.999979,0.000004,0.000004,0.000004,0.000000
0.545000,0.100000,0.100000,0.000000,10.005265,20.436704,149.999979,0.000004,0.000004,0.000004,0.000000
0.550000,0.100000,0.100000,0.000000,10.005266,20.436706,149.999979,0.000004,0.000004,0.000004,0.000000
0.555000,0.100000,0.100000,0.000000,10.005267,20.436707,149.999979,0.000004,0.000004,0.000004,0.000000
0.560000,0.100000,0.100000,0.000000,10.005267,20.436709,149.999979,0.000004,0.000004,0.000004,0.000000
0.565000,0.100000,0.100000,0.000000,10.005269,20.436710,149.999979,0.000004,0.000004,0.000004,0.000000
0.570000,0.100000,0.100000,0.000000,10.005269,20.436712,149.999979,0.000004,0.000004,0.000004,0.000000
0.575000,0.100000,0.100000,0.000000,10.005270,20.436714,149.999979,0.000004,0.000004,0.000004,0.000000
0.580000,0.100000,0.100000,0.000000,10.005271,20.436715,149.999979,0.000004,0.000004,0.000004,0.000000
0.585000,0.100000,0.100000,0.000000,10.005271,20.436717,149.999979,0.000004,0.000004,0.000004,0.000000
0.590000,0.100000,0.100000,0.000000,10.005272,20.436718,149.999979,0.000004,0.000004,0.000004,0.000000
0.595000,0.100000,0.100000,0.000000,10.005273,20.436720,149.999979,0.000004,0.000004,0.000004,0.000000
0.600000,0.100000,0.100000,0.000000,10.005274,20.436722,149.999979,0.000004,0.000004,0.000004,0.000000
0.605000,0.100000,0.100000,0.000000,10.005275,20.436723,149.999979,0.000004,0.000004,0.000004,0.000000
0.610000,0.100000,0.100000,0.000000,10.005275,20.436725,149.999979,0.000004,0.000004,0.000004,0.000000
0.615000,0.100000,0.100000,0.000000,10.005276,20.436726,149.999979,0.000004,0.000004,0.000004,0.000000
0.620000,0.100000,0.100000,0.000000,10.005277,20.436728,149.999979,0.000004,0.000004,0.000004,0.000000
0.625000,0.100000,0.100000,0.000000,10.005277,20.436729,149.999980,0.000004,0.000004,0.000004,0.000000
0.630000,0.100000,0.100000,0.000000,10.005278,20.436731,149.999980,0.000004,0.000004,0.000004,0.000000
0.635000,0.100000,0.100000,0.000000,10.005279,20.436732,149.999980,0.000004,0.000004,0.000004,0.000000
0.640000,0.100000,0.100000,0.000000,10.005280,20.436734,149.999980,0.000004,0.000004,0.000004,0.000000
0.645000,0.100000,0.100000,0.000000,10.005281,20.436735,149.999980,0.000004,0.000004,0.000004,0.000000
0.650000,0.100000,0.100000,0.000000,10.005281,20.436737,149.999980,0.000004,0.000004,0.000004,0.000000
0.655000,0.100000,0.100000,0.000000,10.005282,20.436738,149.999980,0.000004,0.000004,0.000004,0.000000
0.660000,0.100000,0.100000,0.000000,10.005283,20.436740,149.999980,0.000004,0.000004,0.000004,0.000000
0.665000,0.100000,0.100000,0.000000,10.005283,20.436741,149.999980,0.000004,0.000004,0.000004,0.000000
0.670000,0.100000,0.100000,0.000000,10.005284,20.436743,149.999980,0.000004,0.000004,0.000004,0.000000
0.675000,0.100000,0.100000,0.000000,10.005285,20.436744,149.999980,0.000003,0.000004,0.000004,0.000000
0.680000,0.100000,0.100000,0.000000,10.005286,20.436746,149.999980,0.000003,0.000003,0.000003,0.000000
0.685000,0.100000,0.100000,0.000000,10.005287,20.436747,149.999980,0.000003,0.000003,0.000003,0.000000
0.690000,0.100000,0.100000,0.000000,10.005287,20.436749,149.999980,0.000003,0.000003,0.000003,0.000000
0.695000,0.100000,0.100000,0.000000,10.005288,20.436750,149.999980,0.000003,0.000003,0.000003,0.000000
0.700000,0.100000,0.100000,0.000000,10.005289,20.436752,149.999980,0.000003,0.000003,0.000003,0.000000
0.705000,0.100000,0.100000,0.000000,10.005289,20.436753,149.999980,0.000003,0.000003,0.000003,0.000000
0.710000,0.100000,0.100000,0.000000,10.005290,20.436755,149.999980,0.000003,0.000003,0.000003,0.000000
0.715000,0.100000,0.100000,0.000000,10.005291,20.436756,149.999980,0.000003,0.000003,0.000003,0.000000
0.720000,0.100000,0.100000,0.000000,10.005291,20.436758,149.999981,0.000003,0.000003,0.000003,0.000000
0.725000,0.100000,0.100000,0.000000,10.005292,20.436759,149.999981,0.000003,0.000003,0.000003,0.000000
0.730000,0.100000,0.100000,0.000000,10.005293,20.436761,149.999981,0.000003,0.000003,0.000003,0.000000
0.735000,0.100000,0.100000,0.000000,10.005294,20.436762,149.999981,0.000003,0.000003,0.000003,0.000000
0.740000,0.100000,0.100000,0.000000,10.005294,20.436763,149.999981,0.000003,0.000003,0.000003,0.000000
0.745000,0.100000,0.100000,0.000000,10.005295,20.436765,149.999981,0.000003,0.000003,0.000003,0.000000
0.750000,0.100000,0.100000,0.000000,10.005296,20.436766,149.999981,0.000003,0.000003,0.000003,0.000000
0.755000,0.100000,0.100000,0.000000,10.005296,20.436768,149.999981,0.000003,0.000003,0.000003,0.000000
0.760000,0.100000,0.100000,0.000000,10.005297,20.436769,149.999981,0.000003,0.000003,0.000003,0.000000
0.765000,0.100000,0.100000,0.000000,10.005298,20.436771,149.999981,0.000003,0.000003,0.000003,0.000000
0.770000,0.100000,0.100000,0.000000,10.005299,20.436772,149.999981,0.000003,0.000003,0.000003,0.000000
0.775000,0.100000,0.100000,0.000000,10.005299,20.436773,149.999981,0.000003,0.000003,0.000003,0.000000
0.780000,0.100000,0.100000,0.000000,10.005300,20.436775,149.999981,0.000003,0.000003,0.000003,0.000000
0.785000,0.100000,0.100000,0.000000,10.005301,20.436776,149.999981,0.000003,0.000003,0.000003,0.000000
0.790000,0.100000,0.100000,0.000000,10.005301,20.436778,149.999981,0.000003,0.000003,0.000003,0.000000
0.795000,0.100000,0.100000,0.000000,10.005302,20.436779,149.999981,0.000003,0.000003,0.000003,0.000000
0.800000,0.100000,0.100000,0.000000,10.005303,20.436780,149.999981,0.000003,0.000003,0.000003,0.000000
0.805000,0.100000,0.100000,0.000000,10.005303,20.436782,149.999981,0.000003,0.000003,0.000003,0.000000
0.810000,0.100000,0.100000,0.000000,10.005304,20.436783,149.999981,0.000003,0.000003,0.000003,0.000000
0.815000,0.100000,0.100000,0.000000,10.005305,20.436785,149.999981,0.000003,0.000003,0.000003,0.000000
0.820000,0.100000,0.100000,0.000000,10.005305,20.436786,149.999982,0.000003,0.000003,0.000003,0.000000
0.825000,0.100000,0.100000,0.000000,10.005306,20.436787,149.999982,0.000003,0.000003,0.000003,0.000000
0.830000,0.100000,0.100000,0.000000,10.005307,20.436789,149.999982,0.000003,0.000003,0.000003,0.000000
0.835000,0.100000,0.100000,0.000000,10.005307,20.436790,149.999982,0.000003,0.000003,0.000003,0.000000
0.840000,0.100000,0.100000,0.000000,10.005308,20.436792,149.999982,0.000003,0.000003,0.000003,0.000000
0.845000,0.100000,0.100000,0.000000,10.005309,20.436793,149.999982,0.000003,0.000003,0.000003,0.000000
0.850000,0.100000,0.100000,0.000000,10.005309,20.436794,149.999982,0.000003,0.000003,0.000003,0.000000
0.855000,0.100000,0.100000,0.000000,10.005310,20.436796,149.999982,0.000003,0.000003,0.000003,0.000000
0.860000,0.100000,0.100000,0.000000,10.005311,20.436797,149.999982,0.000003,0.000003,0.000003,0.000000
0.865000,0.100000,0.100000,0.000000,10.005311,20.436798,149.999982,0.000003,0.000003,0.000003,0.000000
0.870000,0.100000,0.100000,0.000000,10.005312,20.436800,149.999982,0.000003,0.000003,0.000003,0.000000
0.875000,0.100000,0.100000,0.000000,10.005313,20.436801,149.999982,0.000003,0.000003,0.000003,0.000000
0.880000,0.100000,0.100000,0.000000,10.005313,20.436802,149.999982,0.000003,0.000003,0.000003,0.000000
0.885000,0.100000,0.100000,0.000000,10.005314,20.436804,149.999982,0.000003,0.000003,0.000003,0.000000
0.890000,0.100000,0.100000,0.000000,10.005315,20.436805,149.999982,0.000003,0.000003,0.000003,0.000000
0.895000,0.100000,0.100000,0.000000,10.005315,20.436806,149.999982,0.000003,0.000003,0.000003,0.000000
0.900000,0.100000,0.100000,0.000000,10.005316,20.436808,149.999982,0.000003,0.000003,0.000003,0.000000
0.905000,0.100000,0.100000,0.000000,10.005317,20.436809,149.999982,0.000003,0.000003,0.000003,0.000000
0.910000,0.100000,0.100000,0.000000,10.005317,20.436810,149.999982,0.000003,0.000003,0.000003,0.000000
0.915000,0.100000,0.100000,0.000000,10.005318,20.436812,149.999982,0.000003,0.000003,0.000003,0.000000
0.920000,0.100000,0.100000,0.000000,10.005319,20.436813,149.999982,0.000003,0.000003,0.000003,0.000000
0.925000,0.100000,0.100000,0.000000,10.005319,20.436814,149.999983,0.000003,0.000003,0.000003,0.000000
0.930000,0.100000,0.100000,0.000000,10.005320,20.436816,149.999983,0.000003,0.000003,0.000003,0.000000
0.935000,0.100000,0.100000,0.000000,10.005320,20.436817,149.999983,0.000003,0.000003,0.000003,0.000000
0.940000,0.100000,0.100000,0.000000,10.005321,20.436818,149.999983,0.000003,0.000003,0.000003,0.000000
0.945000,0.100000,0.100000,0.000000,10.005322,20.436819,149.999983,0.000003,0.000003,0.000003,0.000000
0.950000,0.100000,0.100000,0.000000,10.005322,20.436821,149.999983,0.000003,0.000003,0.000003,0.000000
0.955000,0.100000,0.100000,0.000000,10.005323,20.436822,149.999983,0.000003,0.000003,0.000003,0.000000
0.960000,0.100000,0.100000,0.000000,10.005324,20.436823,149.999983,0.000003,0.000003,0.000003,0.000000
0.965000,0.100000,0.100000,0.000000,10.005324,20.436825,149.999983,0.000003,0.000003,0.000003,0.000000
0.970000,0.100000,0.100000,0.000000,10.005325,20.436826,149.999983,0.000003,0.000003,0.000003,0.000000
0.975000,0.100000,0.100000,0.000000,10.005325,20.436827,149.999983,0.000003,0.000003,0.000003,0.000000
0.980000,0.100000,0.100000,0.000000,10.005326,20.436828,149.999983,0.000003,0.000003,0.000003,0.000000
0.985000,0.100000,0.100000,0.000000,10.005327,20.436830,149.999983,0.000003,0.000003,0.000003,0.000000
0.990000,0.100000,0.100000,0.000000,10.005327,20.436831,149.999983,0.000003,0.000003,0.000003,0.000000
0.995000,0.100000,0.100000,0.000000,10.005328,20.436832,149.999983,0.000003,0.000003,0.000003,0.000000
1.000000,0.200000,0.100000,0.000000,10.005329,20.436833,149.999983,0.800753,0.000003,0.000003,0.000000
1.005000,0.200000,0.100016,0.014322,10.376671,20.261723,149.669374,0.801372,0.338927,0.338927,0.000000
1.010000,0.200000,0.100238,0.074616,10.551355,20.445745,148.574118,0.800341,0.699856,0.699856,0.000000
1.015000,0.200000,0.100638,0.071308,10.145141,21.131000,147.402312,0.797892,0.828020,0.828020,0.000000
1.020000,0.200000,0.100947,0.062786,10.687542,21.179636,146.590187,0.796161,0.830934,0.830934,0.000000
1.025000,0.200000,0.101319,0.080371,10.638002,21.608848,146.138327,0.793925,0.809074,0.809074,0.000000
1.030000,0.200000,0.101669,0.058603,10.699320,21.933965,145.904645,0.791860,0.795911,0.795911,0.000000
1.035000,0.200000,0.101974,0.069927,11.105735,22.011976,145.783811,0.790158,0.791470,0.791470,0.000000
1.040000,0.200000,0.102347,0.071481,10.929151,22.474259,145.716489,0.787907,0.790241,0.790241,0.000000
1.045000,0.200000,0.102662,0.059669,11.230682,22.596804,145.678545,0.786115,0.789022,0.789022,0.000000
1.050000,0.200000,0.102998,0.074136,11.354454,22.833835,145.660942,0.784159,0.787324,0.787324,0.000000
1.055000,0.200000,0.103353,0.064132,11.308328,23.173958,145.653918,0.782044,0.785412,0.785412,0.000000
1.060000,0.200000,0.103663,0.065226,11.627280,23.254797,145.655256,0.780286,0.783367,0.783367,0.000000
1.065000,0.200000,0.104015,0.071680,11.584043,23.576024,145.661338,0.778186,0.781405,0.781405,0.000000
1.070000,0.200000,0.104346,0.061682,11.714496,23.766383,145.669140,0.776257,0.779446,0.779446,0.000000
1.075000,0.200000,0.104669,0.069390,11.901331,23.911285,145.679570,0.774390,0.777467,0.777467,0.000000
1.080000,0.200000,0.105018,0.066940,11.857866,24.205698,145.690211,0.772305,0.775544,0.775544,0.000000
1.085000,0.200000,0.105336,0.063428,12.067467,24.316648,145.701384,0.770470,0.773575,0.773575,0.000000
1.090000,0.200000,0.105673,0.069789,12.118838,24.530703,145.713383,0.768488,0.771628,0.771628,0.000000
1.095000,0.200000,0.106009,0.063758,12.163452,24.740391,145.724787,0.766504,0.769696,0.769696,0.000000
1.100000,0.200000,0.106328,0.066158,12.339850,24.852152,145.736800,0.764653,0.767733,0.767733,0.000000
1.105000,0.200000,0.106668,0.067543,12.336605,25.081909,145.748710,0.762634,0.765807,0.765807,0.000000
1.110000,0.200000,0.106992,0.063272,12.456643,25.218183,145.760310,0.760739,0.763866,0.763866,0.000000
1.115000,0.200000,0.107318,0.067428,12.552868,25.365553,145.772369,0.758826,0.761923,0.761923,0.000000
1.120000,0.200000,0.107652,0.064991,12.570976,25.560480,145.783973,0.756842,0.760004,0.760004,0.000000
1.125000,0.200000,0.107972,0.064372,12.706157,25.667447,145.795675,0.754977,0.758063,0.758063,0.000000
1.130000,0.200000,0.108302,0.066803,12.742539,25.838222,145.807475,0.753022,0.756140,0.756140,0.000000
1.135000,0.200000,0.108628,0.063636,12.806943,25.982926,145.818906,0.751098,0.754220,0.754220,0.000000
1.140000,0.200000,0.108949,0.065416,12.909426,26.095874,145.830587,0.749217,0.752291,0.752291,0.000000
1.145000,0.200000,0.109278,0.065239,12.931380,26.260044,145.842079,0.747262,0.750382,0.750382,0.000000
1.150000,0.200000,0.109598,0.063557,13.023068,26.369625,145.853454,0.745380,0.748463,0.748463,0.000000
1.155000,0.200000,0.109921,0.065511,13.082692,26.497312,145.864982,0.743471,0.746550,0.746550,0.000000
1.160000,0.200000,0.110246,0.063863,13.121369,26.634587,145.876246,0.741547,0.744647,0.744647,0.000000
1.165000,0.200000,0.110564,0.063992,13.209078,26.732605,145.887580,0.739676,0.742735,0.742735,0.000000
1.170000,0.200000,0.110887,0.064749,13.243495,26.864032,145.898887,0.737758,0.740836,0.740836,0.000000
1.175000,0.200000,0.111206,0.063188,13.302924,26.973015,145.910023,0.735868,0.738938,0.738938,0.000000
1.180000,0.200000,0.111524,0.064190,13.368346,27.073776,145.921262,0.733990,0.737039,0.737039,0.000000
1.185000,0.200000,0.111845,0.063707,13.400131,27.194267,145.932362,0.732083,0.735150,0.735150,0.000000
1.190000,0.200000,0.112161,0.063065,13.466955,27.285715,145.943420,0.730215,0.733258,0.733258,0.000000
1.195000,0.200000,0.112479,0.063870,13.510628,27.390045,145.954510,0.728329,0.731372,0.731372,0.000000
1.200000,0.200000,0.112796,0.062883,13.551502,27.492446,145.965456,0.726445,0.729492,0.729492,0.000000
1.205000,0.200000,0.113110,0.063070,13.611079,27.577933,145.976433,0.724585,0.727610,0.727610,0.000000
1.210000,0.200000,0.113427,0.063190,13.644029,27.679050,145.987357,0.722702,0.725736,0.725736,0.000000
1.215000,0.200000,0.113740,0.062421,13.692733,27.765326,145.998196,0.720840,0.723863,0.723863,0.000000
1.220000,0.200000,0.114053,0.062886,13.738821,27.850330,146.009064,0.718980,0.721992,0.721992,0.000000
1.225000,0.200000,0.114367,0.062454,13.771511,27.941718,146.019839,0.717111,0.720129,0.720129,0.000000
1.230000,0.200000,0.114678,0.062182,13.820480,28.018253,146.030589,0.715263,0.718265,0.718265,0.000000
1.235000,0.200000,0.114990,0.062445,13.855519,28.101933,146.041328,0.713405,0.716406,0.716406,0.000000
1.240000,0.200000,0.115301,0.061866,13.892023,28.181545,146.051983,0.711554,0.714552,0.714552,0.000000
1.245000,0.200000,0.115610,0.061954,13.934865,28.253801,146.062641,0.709713,0.712698,0.712698,0.000000
1.250000,0.200000,0.115920,0.061861,13.964897,28.332615,146.073249,0.707864,0.710851,0.710851,0.000000
1.255000,0.200000,0.116228,0.061451,14.003462,28.402519,146.083807,0.706028,0.709005,0.709005,0.000000
1.260000,0.200000,0.116536,0.061611,14.038398,28.472553,146.094360,0.704193,0.707163,0.707163,0.000000
1.265000,0.200000,0.116843,0.061282,14.068092,28.543858,146.104850,0.702357,0.705326,0.705326,0.000000
1.270000,0.200000,0.117149,0.061123,14.104880,28.607563,146.115317,0.700533,0.703491,0.703491,0.000000
1.275000,0.200000,0.117455,0.061146,14.133921,28.674603,146.125759,0.698705,0.701660,0.701660,0.000000
1.280000,0.200000,0.117760,0.060788,14.164593,28.738116,146.136146,0.696883,0.699833,0.699833,0.000000
1.285000,0.200000,0.118063,0.060781,14.196970,28.798190,146.146521,0.695067,0.698009,0.698009,0.000000
1.290000,0.200000,0.118367,0.060628,14.223227,28.860593,146.156854,0.693250,0.696189,0.696189,0.000000
1.295000,0.200000,0.118670,0.060374,14.253675,28.917801,146.167150,0.691441,0.694372,0.694372,0.000000
1.300000,0.200000,0.118971,0.060375,14.281334,28.975058,146.177428,0.689633,0.692559,0.692559,0.000000
1.305000,0.200000,0.119273,0.060125,14.306869,29.031879,146.187661,0.687828,0.690750,0.690750,0.000000
1.310000,0.200000,0.119573,0.059992,14.335284,29.084663,146.197869,0.686030,0.688943,0.688943,0.000000
1.315000,0.200000,0.119873,0.059915,14.359516,29.138684,146.208049,0.684232,0.687141,0.687141,0.000000
1.320000,0.200000,0.120172,0.059667,14.384736,29.190142,146.218190,0.682439,0.685342,0.685342,0.000000
1.325000,0.200000,0.120470,0.059597,14.410098,29.239753,146.228310,0.680651,0.683547,0.683547,0.000000
1.330000,0.200000,0.120768,0.059436,14.432465,29.289868,146.238396,0.678864,0.681756,0.681756,0.000000
1.335000,0.200000,0.121064,0.059246,14.456712,29.336918,146.248450,0.677083,0.679968,0.679968,0.000000
1.340000,0.200000,0.121360,0.059170,14.479117,29.383737,146.258482,0.675304,0.678183,0.678183,0.000000
1.345000,0.200000,0.121656,0.058969,14.500550,29.429697,146.268477,0.673528,0.676403,0.676403,0.000000
1.350000,0.200000,0.121950,0.058837,14.523021,29.473360,146.278449,0.671758,0.674625,0.674625,0.000000
1.355000,0.200000,0.122244,0.058719,14.543226,29.517237,146.288392,0.669990,0.672852,0.672852,0.000000
1.360000,0.200000,0.122537,0.058526,14.563862,29.559338,146.298303,0.668226,0.671082,0.671082,0.000000
1.365000,0.200000,0.122829,0.058420,14.584201,29.600268,146.308191,0.666466,0.669316,0.669316,0.000000
1.370000,0.200000,0.123121,0.058263,14.602994,29.640990,146.318049,0.664709,0.667553,0.667553,0.000000
1.375000,0.200000,0.123412,0.058100,14.622523,29.679829,146.327879,0.662956,0.665794,0.665794,0.000000
1.380000,0.200000,0.123702,0.057987,14.640890,29.718258,146.337685,0.661207,0.664039,0.664039,0.000000
1.385000,0.200000,0.123992,0.057814,14.658714,29.755836,146.347461,0.659460,0.662287,0.662287,0.000000
1.390000,0.200000,0.124281,0.057678,14.676808,29.791990,146.357212,0.657719,0.660539,0.660539,0.000000
1.395000,0.200000,0.124569,0.057545,14.693635,29.827915,146.366937,0.655980,0.658795,0.658795,0.000000
1.400000,0.200000,0.124856,0.057378,14.710558,29.862608,146.376634,0.654245,0.657054,0.657054,0.000000
1.405000,0.200000,0.125142,0.057253,14.727119,29.896454,146.386307,0.654806,0.655317,0.655317,0.000000
1.410000,0.200000,0.125428,0.057142,14.743769,29.929164,146.395037,0.653078,0.654554,0.654554,0.000000
1.415000,0.200000,0.125714,0.057166,14.759966,29.961232,146.401619,0.651349,0.653856,0.653856,0.000000
1.420000,0.200000,0.126000,0.057034,14.773535,29.994270,146.407955,0.649619,0.652495,0.652495,0.000000
1.425000,0.200000,0.126284,0.056840,14.789400,30.024527,146.415261,0.647895,0.650778,0.650778,0.000000
1.430000,0.200000,0.126568,0.056760,14.803843,30.054882,146.423549,0.646174,0.648994,0.648994,0.000000
1.435000,0.200000,0.126852,0.056560,14.817434,30.084905,146.432422,0.644456,0.647239,0.647239,0.000000
1.440000,0.200000,0.127134,0.056426,14.832318,30.113004,146.441585,0.642743,0.645512,0.645512,0.000000
1.445000,0.200000,0.127416,0.056313,14.845173,30.141751,146.450875,0.641032,0.643799,0.643799,0.000000
1.450000,0.200000,0.127697,0.056121,14.858547,30.169203,146.460221,0.639326,0.642088,0.642088,0.000000
1.455000,0.200000,0.127977,0.056015,14.871944,30.195782,146.469600,0.637624,0.640380,0.640380,0.000000
1.460000,0.200000,0.128257,0.055864,14.883919,30.222613,146.478987,0.635924,0.638676,0.638676,0.000000
1.465000,0.200000,0.128536,0.055699,14.896785,30.247935,146.488370,0.634229,0.636974,0.636974,0.000000
1.470000,0.200000,0.128814,0.055590,14.908774,30.273144,146.497746,0.632537,0.635276,0.635276,0.000000
1.475000,0.200000,0.129092,0.055421,14.920272,30.297950,146.507102,0.630848,0.633582,0.633582,0.000000
1.480000,0.200000,0.129369,0.055284,14.932277,30.321611,146.516441,0.629164,0.631891,0.631891,0.000000
1.485000,0.200000,0.129645,0.055156,14.943198,30.345377,146.525760,0.627483,0.630205,0.630205,0.000000
1.490000,0.200000,0.129920,0.054991,14.954282,30.368295,146.535055,0.625806,0.628521,0.628521,0.000000
1.495000,0.200000,0.130195,0.054867,14.965265,30.390597,146.544330,0.624132,0.626842,0.626842,0.000000
1.500000,0.200000,0.130469,0.054721,14.975470,30.412822,146.553581,0.622462,0.625166,0.625166,0.000000
1.505000,0.200000,0.130742,0.054570,14.986012,30.434120,146.562810,0.620795,0.623494,0.623494,0.000000
1.510000,0.200000,0.131014,0.054445,14.996035,30.455180,146.572017,0.619132,0.621825,0.621825,0.000000
1.515000,0.200000,0.131286,0.054291,15.005734,30.475861,146.581200,0.617473,0.620160,0.620160,0.000000
1.520000,0.200000,0.131557,0.054153,15.015588,30.495807,146.590362,0.615817,0.618498,0.618498,0.000000
1.525000,0.200000,0.131828,0.054019,15.024835,30.515632,146.599501,0.614165,0.616840,0.616840,0.000000
1.530000,0.200000,0.132098,0.053867,15.034076,30.534876,146.608617,0.612517,0.615186,0.615186,0.000000
1.535000,0.200000,0.132367,0.053736,15.043189,30.553655,146.617712,0.610872,0.613535,0.613535,0.000000
1.540000,0.200000,0.132635,0.053594,15.051846,30.572237,146.626784,0.609231,0.611888,0.611888,0.000000
1.545000,0.200000,0.132902,0.053449,15.060587,30.590213,146.635834,0.607593,0.610245,0.610245,0.000000
1.550000,0.200000,0.133169,0.053318,15.069006,30.607917,146.644862,0.605959,0.608605,0.608605,0.000000
1.555000,0.200000,0.133436,0.053173,15.077190,30.625292,146.653869,0.604328,0.606968,0.606968,0.000000
1.560000,0.200000,0.133701,0.053035,15.085381,30.642162,146.662853,0.602701,0.605336,0.605336,0.000000
1.565000,0.200000,0.133966,0.052899,15.093209,30.658831,146.671817,0.601078,0.603707,0.603707,0.000000
1.570000,0.200000,0.134230,0.052755,15.100962,30.675083,146.680758,0.599458,0.602081,0.602081,0.000000
1.575000,0.200000,0.134494,0.052621,15.108592,30.690969,146.689678,0.597842,0.600459,0.600459,0.000000
1.580000,0.200000,0.134756,0.052482,15.115934,30.706630,146.698577,0.596229,0.598840,0.598840,0.000000
1.585000,0.200000,0.135018,0.052342,15.123252,30.721869,146.707454,0.594620,0.597226,0.597226,0.000000
1.590000,0.200000,0.135280,0.052208,15.130358,30.736848,146.716311,0.593014,0.595614,0.595614,0.000000
1.595000,0.200000,0.135540,0.052068,15.137284,30.751547,146.725146,0.591412,0.594006,0.594006,0.000000
1.600000,0.200000,0.135800,0.051931,15.144158,30.765880,146.733960,0.589814,0.592402,0.592402,0.000000
1.605000,0.200000,0.136060,0.051796,15.150801,30.779998,146.742753,0.588219,0.590801,0.590801,0.000000
1.610000,0.200000,0.136318,0.051657,15.157347,30.793802,146.751525,0.586627,0.589204,0.589204,0.000000
1.615000,0.200000,0.136576,0.051522,15.163783,30.807314,146.760277,0.585039,0.587611,0.587611,0.000000
1.620000,0.200000,0.136834,0.051386,15.170025,30.820610,146.769008,0.583455,0.586020,0.586020,0.000000
1.625000,0.200000,0.137090,0.051249,15.176202,30.833596,146.777718,0.581874,0.584434,0.584434,0.000000
1.630000,0.200000,0.137346,0.051115,15.182229,30.846349,146.786408,0.580297,0.582851,0.582851,0.000000
1.635000,0.200000,0.137601,0.050979,15.188116,30.858868,146.795078,0.578723,0.581271,0.581271,0.000000
1.640000,0.200000,0.137856,0.050843,15.193931,30.871109,146.803726,0.577153,0.579695,0.579695,0.000000
1.645000,0.200000,0.138110,0.050710,15.199588,30.883149,146.812355,0.575586,0.578123,0.578123,0.000000
1.650000,0.200000,0.138363,0.050574,15.205149,30.894945,146.820964,0.574022,0.576554,0.576554,0.000000
1.655000,0.200000,0.138615,0.050440,15.210615,30.906504,146.829552,0.572462,0.574988,0.574988,0.000000
1.660000,0.200000,0.138867,0.050306,15.215942,30.917870,146.838120,0.570906,0.573426,0.573426,0.000000
1.665000,0.200000,0.139119,0.050172,15.221193,30.928998,146.846668,0.569353,0.571867,0.571867,0.000000
1.670000,0.200000,0.139369,0.050039,15.226332,30.939926,146.855196,0.567804,0.570312,0.570312,0.000000
1.675000,0.200000,0.139619,0.049905,15.231361,30.950659,146.863704,0.566257,0.568761,0.568761,0.000000
1.680000,0.200000,0.139868,0.049772,15.236315,30.961173,146.872193,0.564715,0.567213,0.567213,0.000000
1.685000,0.200000,0.140117,0.049640,15.241155,30.971510,146.880661,0.563176,0.565668,0.565668,0.000000
1.690000,0.200000,0.140365,0.049506,15.245908,30.981651,146.889110,0.561640,0.564127,0.564127,0.000000
1.695000,0.200000,0.140612,0.049374,15.250580,30.991600,146.897540,0.560108,0.562589,0.562589,0.000000
1.700000,0.200000,0.140858,0.049242,15.255147,31.001382,146.905949,0.558579,0.561055,0.561055,0.000000
1.705000,0.200000,0.141104,0.049110,15.259642,31.010975,146.914339,0.557054,0.559524,0.559524,0.000000
1.710000,0.200000,0.141349,0.048979,15.264049,31.020399,146.922710,0.555532,0.557996,0.557996,0.000000
1.715000,0.200000,0.141594,0.048848,15.268366,31.029659,146.931061,0.554013,0.556472,0.556472,0.000000
1.720000,0.200000,0.141838,0.048717,15.272616,31.038746,146.939393,0.552498,0.554952,0.554952,0.000000
1.725000,0.200000,0.142081,0.048586,15.276778,31.047679,146.947706,0.550987,0.553434,0.553434,0.000000
1.730000,0.200000,0.142324,0.048455,15.280865,31.056453,146.955999,0.549478,0.551921,0.551921,0.000000
1.735000,0.200000,0.142566,0.048325,15.284883,31.065069,146.964274,0.547974,0.550410,0.550410,0.000000
1.740000,0.200000,0.142807,0.048195,15.288819,31.073543,146.972529,0.546472,0.548903,0.548903,0.000000
1.745000,0.200000,0.143048,0.048066,15.292691,31.081864,146.980765,0.544974,0.547400,0.547400,0.000000
1.750000,0.200000,0.143288,0.047936,15.296491,31.090044,146.988982,0.543479,0.545900,0.545900,0.000000
1.755000,0.200000,0.143527,0.047807,15.300220,31.098086,146.997180,0.541988,0.544403,0.544403,0.000000
1.760000,0.200000,0.143766,0.047678,15.303888,31.105987,147.005359,0.540500,0.542909,0.542909,0.000000
1.765000,0.200000,0.144004,0.047550,15.307487,31.113758,147.013519,0.539015,0.541419,0.541419,0.000000
1.770000,0.200000,0.144241,0.047421,15.311023,31.121398,147.021661,0.537534,0.539933,0.539933,0.000000
1.775000,0.200000,0.144478,0.047293,15.314499,31.128908,147.029784,0.536056,0.538449,0.538449,0.000000
1.780000,0.200000,0.144714,0.047165,15.317911,31.136296,147.037888,0.534582,0.536969,0.536969,0.000000
1.785000,0.200000,0.144950,0.047038,15.321267,31.143561,147.045973,0.533111,0.535493,0.535493,0.000000
1.790000,0.200000,0.145185,0.046910,15.324564,31.150706,147.054040,0.531643,0.534020,0.534020,0.000000
1.795000,0.200000,0.145419,0.046783,15.327803,31.157736,147.062088,0.530178,0.532550,0.532550,0.000000
1.800000,0.200000,0.145652,0.046656,15.330989,31.164651,147.070118,0.528717,0.531083,0.531083,0.000000
1.805000,0.200000,0.145885,0.046530,15.334119,31.171455,147.078129,0.527259,0.529620,0.529620,0.000000
1.810000,0.200000,0.146118,0.046404,15.337196,31.178150,147.086122,0.525805,0.528160,0.528160,0.000000
1.815000,0.200000,0.146349,0.046278,15.340223,31.184737,147.094097,0.524353,0.526703,0.526703,0.000000
1.820000,0.200000,0.146580,0.046152,15.343197,31.191222,147.102053,0.522905,0.525250,0.525250,0.000000
1.825000,0.200000,0.146811,0.046026,15.346123,31.197604,147.109991,0.521461,0.523800,0.523800,0.000000
1.830000,0.200000,0.147041,0.045901,15.349001,31.203887,147.117910,0.520019,0.522353,0.522353,0.000000
1.835000,0.200000,0.147270,0.045776,15.351831,31.210072,147.125812,0.518581,0.520910,0.520910,0.000000
1.840000,0.200000,0.147498,0.045652,15.354615,31.216162,147.133695,0.517147,0.519470,0.519470,0.000000
1.845000,0.200000,0.147726,0.045527,15.357354,31.222158,147.141561,0.515715,0.518033,0.518033,0.000000
1.850000,0.200000,0.147954,0.045403,15.360048,31.228064,147.149408,0.514287,0.516599,0.516599,0.000000
1.855000,0.200000,0.148180,0.045279,15.362700,31.233880,147.157237,0.512862,0.515169,0.515169,0.000000
1.860000,0.200000,0.148407,0.045155,15.365308,31.239608,147.165049,0.511440,0.513742,0.513742,0.000000
1.865000,0.200000,0.148632,0.045032,15.367876,31.245252,147.172842,0.510022,0.512318,0.512318,0.000000
1.870000,0.200000,0.148857,0.044909,15.370403,31.250811,147.180618,0.508606,0.510898,0.510898,0.000000
1.875000,0.200000,0.149081,0.044786,15.372890,31.256289,147.188375,0.507194,0.509481,0.509481,0.000000
1.880000,0.200000,0.149305,0.044664,15.375338,31.261686,147.196115,0.505786,0.508067,0.508067,0.000000
1.885000,0.200000,0.149528,0.044541,15.377749,31.267005,147.203838,0.504380,0.506656,0.506656,0.000000
1.890000,0.200000,0.149750,0.044419,15.380122,31.272248,147.211542,0.502978,0.505248,0.505248,0.000000
1.895000,0.200000,0.149972,0.044297,15.382459,31.277415,147.219229,0.501579,0.503844,0.503844,0.000000
1.900000,0.200000,0.150193,0.044176,15.384761,31.282509,147.226898,0.500183,0.502443,0.502443,0.000000
1.905000,0.200000,0.150414,0.044055,15.387027,31.287531,147.234550,0.498790,0.501045,0.501045,0.000000
1.910000,0.200000,0.150634,0.043934,15.389260,31.292482,147.242184,0.497400,0.499650,0.499650,0.000000
1.915000,0.200000,0.150853,0.043813,15.391459,31.297365,147.249801,0.496014,0.498259,0.498259,0.000000
1.920000,0.200000,0.151072,0.043692,15.393625,31.302179,147.257400,0.494631,0.496870,0.496870,0.000000
1.925000,0.200000,0.151290,0.043572,15.395760,31.306928,147.264982,0.493251,0.495485,0.495485,0.000000
1.930000,0.200000,0.151507,0.043452,15.397863,31.311612,147.272546,0.491874,0.494103,0.494103,0.000000
1.935000,0.200000,0.151724,0.043332,15.399935,31.316232,147.280093,0.490501,0.492725,0.492725,0.000000
1.940000,0.200000,0.151941,0.043213,15.401978,31.320790,147.287623,0.489130,0.491349,0.491349,0.000000
1.945000,0.200000,0.152157,0.043094,15.403991,31.325287,147.295135,0.487763,0.489977,0.489977,0.000000
1.950000,0.200000,0.152372,0.042975,15.405975,31.329725,147.302631,0.486399,0.488607,0.488607,0.000000
1.955000,0.200000,0.152586,0.042856,15.407931,31.334104,147.310109,0.485038,0.487241,0.487241,0.000000
1.960000,0.200000,0.152800,0.042738,15.409859,31.338426,147.317570,0.483680,0.485878,0.485878,0.000000
1.965000,0.200000,0.153014,0.042620,15.411761,31.342691,147.325013,0.482325,0.484519,0.484519,0.000000
1.970000,0.200000,0.153227,0.042502,15.413636,31.346902,147.332440,0.480973,0.483162,0.483162,0.000000
1.975000,0.200000,0.153439,0.042384,15.415485,31.351059,147.339850,0.479625,0.481808,0.481808,0.000000
1.980000,0.200000,0.153650,0.042267,15.417308,31.355164,147.347243,0.478279,0.480458,0.480458,0.000000
1.985000,0.200000,0.153861,0.042150,15.419107,31.359216,147.354619,0.476937,0.479111,0.479111,0.000000
1.990000,0.200000,0.154072,0.042033,15.420881,31.363218,147.361978,0.475598,0.477766,0.477766,0.000000
1.995000,0.200000,0.154282,0.041916,15.422631,31.367170,147.369320,0.474262,0.476425,0.476425,0.000000
2.000000,0.200000,0.154491,0.041800,15.424358,31.371073,147.376645,0.472929,0.475087,0.475087,0.000000
2.005000,0.200000,0.154700,0.041684,15.426062,31.374929,147.383953,0.471599,0.473752,0.473752,0.000000
2.010000,0.200000,0.154908,0.041568,15.427744,31.378738,147.391245,0.470272,0.472421,0.472421,0.000000
2.015000,0.200000,0.155115,0.041452,15.429403,31.382501,147.398520,0.468948,0.471092,0.471092,0.000000
2.020000,0.200000,0.155322,0.041337,15.431041,31.386219,147.405778,0.467628,0.469766,0.469766,0.000000
2.025000,0.200000,0.155529,0.041222,15.432657,31.389893,147.413019,0.466310,0.468444,0.468444,0.000000
2.030000,0.200000,0.155735,0.041107,15.434253,31.393524,147.420244,0.464995,0.467124,0.467124,0.000000
2.035000,0.200000,0.155940,0.040992,15.435829,31.397112,147.427453,0.463684,0.465808,0.465808,0.000000
2.040000,0.200000,0.156145,0.040878,15.437384,31.400659,147.434644,0.462375,0.464494,0.464494,0.000000
2.045000,0.200000,0.156349,0.040764,15.438920,31.404165,147.441820,0.461070,0.463184,0.463184,0.000000
2.050000,0.200000,0.156552,0.040650,15.440437,31.407630,147.448978,0.459767,0.461876,0.461876,0.000000
2.055000,0.200000,0.156755,0.040537,15.441935,31.411057,147.456121,0.458468,0.460572,0.460572,0.000000
2.060000,0.200000,0.156958,0.040423,15.443414,31.414445,147.463246,0.457172,0.459271,0.459271,0.000000
2.065000,0.200000,0.157159,0.040310,15.444875,31.417795,147.470356,0.455878,0.457973,0.457973,0.000000
2.070000,0.200000,0.157361,0.040198,15.446319,31.421108,147.477449,0.454588,0.456677,0.456677,0.000000
2.075000,0.200000,0.157561,0.040085,15.447745,31.424385,147.484526,0.453301,0.455385,0.455385,0.000000
2.080000,0.200000,0.157761,0.039973,15.449154,31.427626,147.491586,0.452016,0.454096,0.454096,0.000000
2.085000,0.200000,0.157961,0.039861,15.450546,31.430832,147.498631,0.450735,0.452810,0.452810,0.000000
2.090000,0.200000,0.158160,0.039749,15.451922,31.434004,147.505659,0.449456,0.451526,0.451526,0.000000
2.095000,0.200000,0.158359,0.039637,15.453282,31.437142,147.512671,0.448181,0.450246,0.450246,0.000000
2.100000,0.200000,0.158556,0.039526,15.454626,31.440247,147.519667,0.446909,0.448969,0.448969,0.000000
2.105000,0.200000,0.158754,0.039415,15.455955,31.443319,147.526646,0.445639,0.447695,0.447695,0.000000
2.110000,0.200000,0.158951,0.039304,15.457268,31.446360,147.533610,0.444373,0.446423,0.446423,0.000000
2.115000,0.200000,0.159147,0.039194,15.458566,31.449369,147.540558,0.443109,0.445155,0.445155,0.000000
2.120000,0.200000,0.159343,0.039083,15.459850,31.452347,147.547489,0.441848,0.443890,0.443890,0.000000
2.125000,0.200000,0.159538,0.038973,15.461119,31.455295,147.554405,0.440591,0.442627,0.442627,0.000000
2.130000,0.200000,0.159732,0.038864,15.462374,31.458213,147.561304,0.439336,0.441368,0.441368,0.000000
2.135000,0.200000,0.159926,0.038754,15.463615,31.461102,147.568188,0.438084,0.440111,0.440111,0.000000
2.140000,0.200000,0.160120,0.038645,15.464843,31.463963,147.575056,0.436835,0.438858,0.438858,0.000000
2.145000,0.200000,0.160313,0.038536,15.466057,31.466796,147.581908,0.435589,0.437607,0.437607,0.000000
2.150000,0.200000,0.160505,0.038427,15.467258,31.469600,147.588744,0.434346,0.436359,0.436359,0.000000
2.155000,0.200000,0.160697,0.038318,15.468446,31.472378,147.595565,0.433106,0.435114,0.435114,0.000000
2.160000,0.200000,0.160888,0.038210,15.469621,31.475129,147.602369,0.431869,0.433872,0.433872,0.000000
2.165000,0.200000,0.161079,0.038102,15.470785,31.477854,147.609158,0.430635,0.432633,0.432633,0.000000
2.170000,0.200000,0.161269,0.037994,15.471935,31.480554,147.615932,0.429403,0.431397,0.431397,0.000000
2.175000,0.200000,0.161459,0.037887,15.473074,31.483227,147.622689,0.428175,0.430164,0.430164,0.000000
2.180000,0.200000,0.161648,0.037779,15.474201,31.485877,147.629431,0.426949,0.428934,0.428934,0.000000
2.185000,0.200000,0.161837,0.037672,15.475317,31.488501,147.636158,0.425726,0.427706,0.427706,0.000000
2.190000,0.200000,0.162025,0.037565,15.476421,31.491102,147.642869,0.424506,0.426482,0.426482,0.000000
2.195000,0.200000,0.162213,0.037459,15.477514,31.493679,147.649564,0.423289,0.425260,0.425260,0.000000
2.200000,0.200000,0.162400,0.037352,15.478596,31.496233,147.656244,0.422075,0.424041,0.424041,0.000000
2.205000,0.200000,0.162586,0.037246,15.479668,31.498764,147.662908,0.420864,0.422825,0.422825,0.000000
2.210000,0.200000,0.162772,0.037140,15.480728,31.501273,147.669557,0.419655,0.421612,0.421612,0.000000
2.215000,0.200000,0.162957,0.037035,15.481779,31.503760,147.676191,0.418449,0.420402,0.420402,0.000000
2.220000,0.200000,0.163142,0.036929,15.482819,31.506225,147.682809,0.417247,0.419194,0.419194,0.000000
2.225000,0.200000,0.163327,0.036824,15.483849,31.508669,147.689412,0.416046,0.417990,0.417990,0.000000
2.230000,0.200000,0.163511,0.036719,15.484869,31.511091,147.696000,0.414849,0.416788,0.416788,0.000000
2.235000,0.200000,0.163694,0.036614,15.485880,31.513494,147.702572,0.413655,0.415589,0.415589,0.000000
2.240000,0.200000,0.163877,0.036510,15.486881,31.515876,147.709129,0.412463,0.414393,0.414393,0.000000
2.245000,0.200000,0.164059,0.036406,15.487872,31.518238,147.715671,0.411275,0.413199,0.413199,0.000000
2.250000,0.200000,0.164241,0.036302,15.488855,31.520580,147.722198,0.410089,0.412009,0.412009,0.000000
2.255000,0.200000,0.164422,0.036198,15.489828,31.522903,147.728709,0.408905,0.410821,0.410821,0.000000
2.260000,0.200000,0.164603,0.036095,15.490792,31.525207,147.735206,0.407725,0.409636,0.409636,0.000000
2.265000,0.200000,0.164783,0.035991,15.491748,31.527493,147.741687,0.406548,0.408454,0.408454,0.000000
2.270000,0.200000,0.164963,0.035888,15.492695,31.529760,147.748153,0.405373,0.407275,0.407275,0.000000
2.275000,0.200000,0.165142,0.035786,15.493633,31.532009,147.754605,0.404201,0.406098,0.406098,0.000000
2.280000,0.200000,0.165321,0.035683,15.494563,31.534240,147.761041,0.403031,0.404925,0.404925,0.000000
2.285000,0.200000,0.165499,0.035581,15.495485,31.536454,147.767462,0.401865,0.403754,0.403754,0.000000
2.290000,0.200000,0.165676,0.035479,15.496399,31.538651,147.773869,0.400701,0.402586,0.402586,0.000000
2.295000,0.200000,0.165854,0.035377,15.497305,31.540830,147.780260,0.399540,0.401420,0.401420,0.000000
2.300000,0.200000,0.166030,0.035275,15.498203,31.542993,147.786637,0.398382,0.400257,0.400257,0.000000
2.305000,0.200000,0.166206,0.035174,15.499094,31.545139,147.792999,0.397226,0.399097,0.399097,0.000000
2.310000,0.200000,0.166382,0.035073,15.499977,31.547270,147.799346,0.396073,0.397940,0.397940,0.000000
2.315000,0.200000,0.166557,0.034972,15.500852,31.549384,147.805678,0.394923,0.396786,0.396786,0.000000
2.320000,0.200000,0.166732,0.034871,15.501720,31.551482,147.811995,0.393776,0.395634,0.395634,0.000000
2.325000,0.200000,0.166906,0.034771,15.502581,31.553565,147.818298,0.392631,0.394485,0.394485,0.000000
2.330000,0.200000,0.167079,0.034670,15.503435,31.555633,147.824586,0.391490,0.393339,0.393339,0.000000
2.335000,0.200000,0.167252,0.034570,15.504282,31.557686,147.830860,0.390350,0.392195,0.392195,0.000000
2.340000,0.200000,0.167425,0.034471,15.505122,31.559724,147.837118,0.389214,0.391054,0.391054,0.000000
2.345000,0.200000,0.167597,0.034371,15.505955,31.561747,147.843363,0.388080,0.389916,0.389916,0.000000
2.350000,0.200000,0.167769,0.034272,15.506782,31.563757,147.849592,0.386949,0.388780,0.388780,0.000000
2.355000,0.200000,0.167940,0.034173,15.507602,31.565752,147.855807,0.385820,0.387648,0.387648,0.000000
2.360000,0.200000,0.168110,0.034074,15.508416,31.567733,147.862008,0.384695,0.386518,0.386518,0.000000
2.365000,0.200000,0.168281,0.033975,15.509223,31.569700,147.868194,0.383572,0.385390,0.385390,0.000000
2.370000,0.200000,0.168450,0.033877,15.510024,31.571654,147.874365,0.382451,0.384265,0.384265,0.000000
2.375000,0.200000,0.168619,0.033779,15.510819,31.573594,147.880522,0.381333,0.383143,0.383143,0.000000
2.380000,0.200000,0.168788,0.033681,15.511607,31.575521,147.886665,0.380218,0.382024,0.382024,0.000000
2.385000,0.200000,0.168956,0.033583,15.512390,31.577436,147.892793,0.379106,0.380907,0.380907,0.000000
2.390000,0.200000,0.169124,0.033486,15.513167,31.579337,147.898908,0.377996,0.379793,0.379793,0.000000
2.395000,0.200000,0.169291,0.033389,15.513938,31.581226,147.905007,0.376889,0.378682,0.378682,0.000000
2.400000,0.200000,0.169458,0.033292,15.514703,31.583103,147.911093,0.375784,0.377573,0.377573,0.000000
2.405000,0.200000,0.169624,0.033195,15.515463,31.584967,147.917164,0.374682,0.376467,0.376467,0.000000
2.410000,0.200000,0.169790,0.033098,15.516217,31.586820,147.923221,0.373583,0.375363,0.375363,0.000000
2.415000,0.200000,0.169955,0.033002,15.516966,31.588660,147.929264,0.372486,0.374262,0.374262,0.000000
2.420000,0.200000,0.170120,0.032906,15.517709,31.590488,147.935292,0.371392,0.373164,0.373164,0.000000
2.425000,0.200000,0.170284,0.032810,15.518447,31.592305,147.941307,0.370301,0.372068,0.372068,0.000000
2.430000,0.200000,0.170448,0.032714,15.519180,31.594111,147.947307,0.369212,0.370975,0.370975,0.000000
2.435000,0.200000,0.170611,0.032619,15.519907,31.595905,147.953293,0.368126,0.369885,0.369885,0.000000
2.440000,0.200000,0.170774,0.032524,15.520630,31.597689,147.959265,0.367042,0.368797,0.368797,0.000000
2.445000,0.200000,0.170936,0.032429,15.521347,31.599461,147.965224,0.365961,0.367712,0.367712,0.000000
2.450000,0.200000,0.171098,0.032334,15.522059,31.601222,147.971168,0.364883,0.366629,0.366629,0.000000
2.455000,0.200000,0.171260,0.032239,15.522767,31.602973,147.977098,0.363807,0.365549,0.365549,0.000000
2.460000,0.200000,0.171421,0.032145,15.523470,31.604713,147.983014,0.362733,0.364471,0.364471,0.000000
2.465000,0.200000,0.171581,0.032051,15.524168,31.606443,147.988917,0.361662,0.363396,0.363396,0.000000
2.470000,0.200000,0.171741,0.031957,15.524861,31.608162,147.994805,0.360594,0.362324,0.362324,0.000000
2.475000,0.200000,0.171901,0.031863,15.525550,31.609871,148.000680,0.359529,0.361254,0.361254,0.000000
2.480000,0.200000,0.172060,0.031770,15.526234,31.611571,148.006541,0.358465,0.360187,0.360187,0.000000
2.485000,0.200000,0.172218,0.031677,15.526914,31.613260,148.012388,0.357405,0.359122,0.359122,0.000000
2.490000,0.200000,0.172377,0.031584,15.527589,31.614940,148.018221,0.356347,0.358060,0.358060,0.000000
2.495000,0.200000,0.172534,0.031491,15.528260,31.616610,148.024040,0.355291,0.357000,0.357000,0.000000
2.500000,0.200000,0.172692,0.031398,15.528926,31.618270,148.029846,0.354238,0.355943,0.355943,0.000000
2.505000,0.200000,0.172848,0.031306,15.529589,31.619921,148.035638,0.353188,0.354889,0.354889,0.000000
2.510000,0.200000,0.173005,0.031214,15.530247,31.621563,148.041417,0.352140,0.353837,0.353837,0.000000
2.515000,0.200000,0.173160,0.031122,15.530901,31.623196,148.047181,0.351095,0.352787,0.352787,0.000000
2.520000,0.200000,0.173316,0.031030,15.531550,31.624819,148.052933,0.350052,0.351740,0.351740,0.000000
2.525000,0.200000,0.173471,0.030939,15.532196,31.626434,148.058670,0.349011,0.350696,0.350696,0.000000
2.530000,0.200000,0.173625,0.030847,15.532838,31.628040,148.064394,0.347973,0.349654,0.349654,0.000000
2.535000,0.200000,0.173779,0.030756,15.533476,31.629637,148.070105,0.346938,0.348615,0.348615,0.000000
2.540000,0.200000,0.173933,0.030666,15.534110,31.631225,148.075802,0.345905,0.347578,0.347578,0.000000
2.545000,0.200000,0.174086,0.030575,15.534740,31.632805,148.081485,0.344875,0.346543,0.346543,0.000000
2.550000,0.200000,0.174238,0.030484,15.535366,31.634376,148.087155,0.343847,0.345511,0.345511,0.000000
2.555000,0.200000,0.174391,0.030394,15.535989,31.635939,148.092812,0.342821,0.344482,0.344482,0.000000
2.560000,0.200000,0.174542,0.030304,15.536608,31.637494,148.098455,0.341798,0.343455,0.343455,0.000000
2.565000,0.200000,0.174694,0.030214,15.537223,31.639041,148.104085,0.340777,0.342430,0.342430,0.000000
2.570000,0.200000,0.174845,0.030125,15.537835,31.640579,148.109702,0.339759,0.341408,0.341408,0.000000
2.575000,0.200000,0.174995,0.030036,15.538443,31.642110,148.115305,0.338744,0.340388,0.340388,0.000000
2.580000,0.200000,0.175145,0.029946,15.539047,31.643633,148.120895,0.338930,0.339371,0.339371,0.000000
2.585000,0.200000,0.175294,0.029878,15.540100,31.644720,148.125990,0.337919,0.338864,0.338864,0.000000
2.590000,0.200000,0.175444,0.029882,15.540877,31.646063,148.129953,0.336908,0.338392,0.338392,0.000000
2.595000,0.200000,0.175593,0.029797,15.540627,31.648368,148.133786,0.335897,0.337573,0.337573,0.000000
2.600000,0.200000,0.175742,0.029682,15.541671,31.649417,148.138127,0.334890,0.336569,0.336569,0.000000
2.605000,0.200000,0.175890,0.029629,15.542230,31.650921,148.142983,0.333884,0.335530,0.335530,0.000000
2.610000,0.200000,0.176038,0.029513,15.542438,31.652744,148.148150,0.332881,0.334506,0.334506,0.000000
2.615000,0.200000,0.176185,0.029424,15.543508,31.653731,148.153468,0.331881,0.333498,0.333498,0.000000
2.620000,0.200000,0.176332,0.029359,15.543805,31.655451,148.158855,0.330883,0.332497,0.332497,0.000000
2.625000,0.200000,0.176479,0.029245,15.544300,31.656967,148.164273,0.329887,0.331499,0.331499,0.000000
2.630000,0.200000,0.176625,0.029171,15.545188,31.658099,148.169707,0.328894,0.330502,0.330502,0.000000
2.635000,0.200000,0.176770,0.029090,15.545422,31.659849,148.175146,0.327903,0.329508,0.329508,0.000000
2.640000,0.200000,0.176916,0.028984,15.546114,31.661147,148.180584,0.326915,0.328515,0.328515,0.000000
2.645000,0.200000,0.177060,0.028915,15.546788,31.662455,148.186016,0.325929,0.327525,0.327525,0.000000
2.650000,0.200000,0.177205,0.028822,15.547090,31.664110,148.191439,0.324945,0.326538,0.326538,0.000000
2.655000,0.200000,0.177349,0.028728,15.547851,31.665314,148.196851,0.323964,0.325553,0.325553,0.000000
2.660000,0.200000,0.177492,0.028656,15.548357,31.666756,148.202253,0.322985,0.324570,0.324570,0.000000
2.665000,0.200000,0.177635,0.028559,15.548780,31.668267,148.207642,0.322008,0.323590,0.323590,0.000000
2.670000,0.200000,0.177778,0.028475,15.549509,31.669474,148.213019,0.321035,0.322612,0.322612,0.000000
2.675000,0.200000,0.177920,0.028397,15.549927,31.670974,148.218383,0.320063,0.321636,0.321636,0.000000
2.680000,0.200000,0.178062,0.028301,15.550458,31.672354,148.223735,0.319093,0.320663,0.320663,0.000000
2.685000,0.200000,0.178203,0.028222,15.551105,31.673615,148.229074,0.318126,0.319692,0.319692,0.000000
2.690000,0.200000,0.178344,0.028139,15.551508,31.675102,148.234401,0.317161,0.318724,0.318724,0.000000
2.695000,0.200000,0.178484,0.028047,15.552101,31.676396,148.239714,0.316199,0.317757,0.317757,0.000000
2.700000,0.200000,0.178624,0.027970,15.552660,31.677716,148.245015,0.315239,0.316794,0.316794,0.000000
2.705000,0.200000,0.178764,0.027882,15.553093,31.679149,148.250304,0.314281,0.315832,0.315832,0.000000
2.710000,0.200000,0.178903,0.027796,15.553700,31.680405,148.255580,0.313326,0.314873,0.314873,0.000000
2.715000,0.200000,0.179042,0.027717,15.554193,31.681763,148.260843,0.312373,0.313916,0.313916,0.000000
2.720000,0.200000,0.179180,0.027629,15.554671,31.683127,148.266093,0.311422,0.312962,0.312962,0.000000
2.725000,0.200000,0.179318,0.027546,15.555255,31.684381,148.271331,0.310474,0.312009,0.312009,0.000000
2.730000,0.200000,0.179456,0.027466,15.555716,31.685746,148.276557,0.309528,0.311060,0.311060,0.000000
2.735000,0.200000,0.179593,0.027378,15.556230,31.687052,148.281770,0.308584,0.310112,0.310112,0.000000
2.740000,0.200000,0.179730,0.027298,15.556775,31.688319,148.286970,0.307642,0.309167,0.309167,0.000000
2.745000,0.200000,0.179866,0.027216,15.557230,31.689666,148.292158,0.306703,0.308224,0.308224,0.000000
2.750000,0.200000,0.180002,0.027131,15.557761,31.690931,148.297334,0.305766,0.307283,0.307283,0.000000
2.755000,0.200000,0.180137,0.027051,15.558269,31.692212,148.302497,0.304831,0.306345,0.306345,0.000000
2.760000,0.200000,0.180272,0.026967,15.558734,31.693526,148.307648,0.303899,0.305409,0.305409,0.000000
2.765000,0.200000,0.180407,0.026885,15.559263,31.694770,148.312786,0.302969,0.304475,0.304475,0.000000
2.770000,0.200000,0.180541,0.026805,15.559743,31.696055,148.317912,0.302041,0.303543,0.303543,0.000000
2.775000,0.200000,0.180675,0.026722,15.560222,31.697333,148.323026,0.301115,0.302614,0.302614,0.000000
2.780000,0.200000,0.180808,0.026641,15.560737,31.698570,148.328127,0.300192,0.301687,0.301687,0.000000
2.785000,0.200000,0.180941,0.026560,15.561203,31.699847,148.333216,0.299271,0.300762,0.300762,0.000000
2.790000,0.200000,0.181074,0.026478,15.561691,31.701094,148.338293,0.298352,0.299840,0.299840,0.000000
2.795000,0.200000,0.181206,0.026398,15.562187,31.702327,148.343358,0.297436,0.298920,0.298920,0.000000
2.800000,0.200000,0.181338,0.026318,15.562648,31.703587,148.348411,0.296521,0.298002,0.298002,0.000000
2.805000,0.200000,0.181469,0.026236,15.563138,31.704811,148.353451,0.295609,0.297086,0.297086,0.000000
2.810000,0.200000,0.181600,0.026157,15.563615,31.706041,148.358479,0.294699,0.296173,0.296173,0.000000
2.815000,0.200000,0.181731,0.026077,15.564077,31.707279,148.363495,0.293792,0.295261,0.295261,0.000000
2.820000,0.200000,0.181861,0.025997,15.564562,31.708487,148.368499,0.292886,0.294352,0.294352,0.000000
2.825000,0.200000,0.181991,0.025918,15.565026,31.709710,148.373491,0.291983,0.293445,0.293445,0.000000
2.830000,0.200000,0.182120,0.025838,15.565490,31.710925,148.378471,0.291082,0.292541,0.292541,0.000000
2.835000,0.200000,0.182249,0.025759,15.565965,31.712122,148.383439,0.290183,0.291639,0.291639,0.000000
2.840000,0.200000,0.182378,0.025680,15.566420,31.713333,148.388395,0.289287,0.290738,0.290738,0.000000
2.845000,0.200000,0.182506,0.025600,15.566884,31.714528,148.393339,0.288392,0.289840,0.289840,0.000000
2.850000,0.200000,0.182634,0.025522,15.567348,31.715717,148.398271,0.287500,0.288945,0.288945,0.000000
2.855000,0.200000,0.182761,0.025444,15.567799,31.716913,148.403191,0.286610,0.288051,0.288051,0.000000
2.860000,0.200000,0.182888,0.025365,15.568260,31.718091,148.408099,0.285722,0.287160,0.287160,0.000000
2.865000,0.200000,0.183015,0.025287,15.568713,31.719271,148.412995,0.284836,0.286271,0.286271,0.000000
2.870000,0.200000,0.183141,0.025209,15.569161,31.720450,148.417880,0.283953,0.285384,0.285384,0.000000
2.875000,0.200000,0.183267,0.025131,15.569616,31.721615,148.422752,0.283072,0.284499,0.284499,0.000000
2.880000,0.200000,0.183392,0.025054,15.570062,31.722784,148.427613,0.282192,0.283616,0.283616,0.000000
2.885000,0.200000,0.183517,0.024976,15.570507,31.723946,148.432462,0.281315,0.282736,0.282736,0.000000
2.890000,0.200000,0.183642,0.024899,15.570955,31.725100,148.437299,0.280441,0.281857,0.281857,0.000000
2.895000,0.200000,0.183766,0.024822,15.571395,31.726256,148.442125,0.279568,0.280981,0.280981,0.000000
2.900000,0.200000,0.183890,0.024745,15.571837,31.727403,148.446939,0.278697,0.280107,0.280107,0.000000
2.905000,0.200000,0.184014,0.024669,15.572277,31.728546,148.451741,0.277829,0.279235,0.279235,0.000000
2.910000,0.200000,0.184137,0.024593,15.572712,31.729688,148.456532,0.276963,0.278365,0.278365,0.000000
2.915000,0.200000,0.184260,0.024516,15.573149,31.730822,148.461311,0.276099,0.277498,0.277498,0.000000
2.920000,0.200000,0.184382,0.024440,15.573583,31.731954,148.466078,0.275237,0.276632,0.276632,0.000000
2.925000,0.200000,0.184504,0.024364,15.574013,31.733082,148.470834,0.274377,0.275769,0.275769,0.000000
2.930000,0.200000,0.184626,0.024289,15.574446,31.734204,148.475578,0.273519,0.274908,0.274908,0.000000
2.935000,0.200000,0.184747,0.024213,15.574873,31.735324,148.480311,0.272663,0.274049,0.274049,0.000000
2.940000,0.200000,0.184868,0.024138,15.575300,31.736439,148.485032,0.271810,0.273192,0.273192,0.000000
2.945000,0.200000,0.184989,0.024063,15.575726,31.737549,148.489742,0.270958,0.272337,0.272337,0.000000
2.950000,0.200000,0.185109,0.023988,15.576148,31.738657,148.494440,0.270109,0.271484,0.271484,0.000000
2.955000,0.200000,0.185228,0.023913,15.576570,31.739759,148.499127,0.269262,0.270634,0.270634,0.000000
2.960000,0.200000,0.185348,0.023838,15.576991,31.740858,148.503802,0.268417,0.269785,0.269785,0.000000
2.965000,0.200000,0.185467,0.023764,15.577408,31.741954,148.508466,0.267574,0.268939,0.268939,0.000000
2.970000,0.200000,0.185585,0.023690,15.577826,31.743044,148.513119,0.266733,0.268094,0.268094,0.000000
2.975000,0.200000,0.185704,0.023616,15.578241,31.744131,148.517760,0.265894,0.267252,0.267252,0.000000
2.980000,0.200000,0.185822,0.023542,15.578654,31.745215,148.522390,0.265057,0.266412,0.266412,0.000000
2.985000,0.200000,0.185939,0.023468,15.579067,31.746294,148.527009,0.264222,0.265574,0.265574,0.000000
2.990000,0.200000,0.186056,0.023395,15.579477,31.747370,148.531616,0.263389,0.264738,0.264738,0.000000
2.995000,0.200000,0.186173,0.023321,15.579886,31.748442,148.536212,0.262559,0.263904,0.263904,0.000000
3.000000,0.200000,0.186289,0.023248,15.580294,31.749509,148.540797,0.261730,0.263072,0.263072,0.000000
3.005000,0.200000,0.186406,0.023175,15.580699,31.750574,148.545371,0.260904,0.262242,0.262242,0.000000
3.010000,0.200000,0.186521,0.023103,15.581103,31.751634,148.549934,0.260079,0.261414,0.261414,0.000000
3.015000,0.200000,0.186637,0.023030,15.581506,31.752691,148.554485,0.259257,0.260589,0.260589,0.000000
3.020000,0.200000,0.186752,0.022957,15.581907,31.753744,148.559025,0.258437,0.259765,0.259765,0.000000
3.025000,0.200000,0.186866,0.022885,15.582307,31.754793,148.563555,0.257618,0.258943,0.258943,0.000000
3.030000,0.200000,0.186980,0.022813,15.582705,31.755839,148.568073,0.256802,0.258124,0.258124,0.000000
3.035000,0.200000,0.187094,0.022741,15.583101,31.756881,148.572580,0.255988,0.257306,0.257306,0.000000
3.040000,0.200000,0.187208,0.022670,15.583496,31.757920,148.577076,0.255175,0.256491,0.256491,0.000000
3.045000,0.200000,0.187321,0.022598,15.583890,31.758955,148.581561,0.254365,0.255677,0.255677,0.000000
3.050000,0.200000,0.187434,0.022527,15.584282,31.759986,148.586035,0.253557,0.254866,0.254866,0.000000
3.055000,0.200000,0.187546,0.022455,15.584673,31.761014,148.590498,0.252751,0.254056,0.254056,0.000000
3.060000,0.200000,0.187658,0.022384,15.585062,31.762038,148.594950,0.251946,0.253249,0.253249,0.000000
3.065000,0.200000,0.187770,0.022314,15.585450,31.763059,148.599391,0.251144,0.252443,0.252443,0.000000
3.070000,0.200000,0.187881,0.022243,15.585836,31.764076,148.603822,0.250344,0.251640,0.251640,0.000000
3.075000,0.200000,0.187993,0.022172,15.586221,31.765090,148.608241,0.249546,0.250838,0.250838,0.000000
3.080000,0.200000,0.188103,0.022102,15.586604,31.766100,148.612649,0.248749,0.250039,0.250039,0.000000
3.085000,0.200000,0.188214,0.022032,15.586987,31.767107,148.617047,0.247955,0.249241,0.249241,0.000000
3.090000,0.200000,0.188324,0.021962,15.587367,31.768111,148.621434,0.247163,0.248446,0.248446,0.000000
3.095000,0.200000,0.188433,0.021892,15.587747,31.769111,148.625810,0.246372,0.247652,0.247652,0.000000
3.100000,0.200000,0.188542,0.021822,15.588124,31.770108,148.630176,0.245584,0.246861,0.246861,0.000000
3.105000,0.200000,0.188651,0.021753,15.588501,31.771101,148.634530,0.244798,0.246071,0.246071,0.000000
3.110000,0.200000,0.188760,0.021684,15.588876,31.772091,148.638874,0.244013,0.245283,0.245283,0.000000
3.115000,0.200000,0.188868,0.021614,15.589250,31.773078,148.643207,0.243231,0.244498,0.244498,0.000000
3.120000,0.200000,0.188976,0.021546,15.589623,31.774061,148.647530,0.242450,0.243714,0.243714,0.000000
3.125000,0.200000,0.189084,0.021477,15.589994,31.775041,148.651842,0.241672,0.242932,0.242932,0.000000
3.130000,0.200000,0.189191,0.021408,15.590364,31.776018,148.656143,0.240895,0.242153,0.242153,0.000000
3.135000,0.200000,0.189298,0.021340,15.590732,31.776992,148.660434,0.240120,0.241375,0.241375,0.000000
3.140000,0.200000,0.189404,0.021271,15.591099,31.777962,148.664714,0.239348,0.240599,0.240599,0.000000
3.145000,0.200000,0.189510,0.021203,15.591465,31.778929,148.668983,0.238577,0.239825,0.239825,0.000000
3.150000,0.200000,0.189616,0.021135,15.591830,31.779893,148.673242,0.237808,0.239053,0.239053,0.000000
3.155000,0.200000,0.189722,0.021068,15.592193,31.780854,148.677491,0.237041,0.238283,0.238283,0.000000
3.160000,0.200000,0.189827,0.021000,15.592555,31.781812,148.681729,0.236276,0.237515,0.237515,0.000000
3.165000,0.200000,0.189932,0.020933,15.592916,31.782766,148.685956,0.235513,0.236748,0.236748,0.000000
3.170000,0.200000,0.190036,0.020865,15.593275,31.783717,148.690173,0.234751,0.235984,0.235984,0.000000
3.175000,0.200000,0.190140,0.020798,15.593633,31.784665,148.694380,0.233992,0.235222,0.235222,0.000000
3.180000,0.200000,0.190244,0.020731,15.593990,31.785610,148.698576,0.233235,0.234461,0.234461,0.000000
3.185000,0.200000,0.190348,0.020664,15.594346,31.786552,148.702762,0.232479,0.233703,0.233703,0.000000
3.190000,0.200000,0.190451,0.020598,15.594700,31.787491,148.706937,0.231726,0.232946,0.232946,0.000000
3.195000,0.200000,0.190554,0.020531,15.595053,31.788427,148.711103,0.230974,0.232191,0.232191,0.000000
3.200000,0.200000,0.190656,0.020465,15.595405,31.789359,148.715257,0.230224,0.231438,0.231438,0.000000
3.205000,0.200000,0.190758,0.020399,15.595756,31.790289,148.719402,0.229476,0.230687,0.230687,0.000000
3.210000,0.200000,0.190860,0.020333,15.596105,31.791215,148.723536,0.228730,0.229938,0.229938,0.000000
3.215000,0.200000,0.190962,0.020267,15.596453,31.792139,148.727660,0.227986,0.229191,0.229191,0.000000
3.220000,0.200000,0.191063,0.020202,15.596800,31.793060,148.731774,0.227243,0.228445,0.228445,0.000000
3.225000,0.200000,0.191164,0.020136,15.597146,31.793977,148.735877,0.226503,0.227702,0.227702,0.000000
3.230000,0.200000,0.191264,0.020071,15.597491,31.794892,148.739971,0.225764,0.226960,0.226960,0.000000
3.235000,0.200000,0.191364,0.020006,15.597834,31.795803,148.744054,0.225027,0.226221,0.226221,0.000000
3.240000,0.200000,0.191464,0.019941,15.598176,31.796712,148.748127,0.224293,0.225483,0.225483,0.000000
3.245000,0.200000,0.191564,0.019876,15.598517,31.797618,148.752190,0.223560,0.224747,0.224747,0.000000
3.250000,0.200000,0.191663,0.019811,15.598857,31.798521,148.756243,0.222828,0.224012,0.224012,0.000000
3.255000,0.200000,0.191762,0.019747,15.599196,31.799420,148.760285,0.222099,0.223280,0.223280,0.000000
3.260000,0.200000,0.191861,0.019682,15.599533,31.800317,148.764318,0.221371,0.222550,0.222550,0.000000
3.265000,0.200000,0.191959,0.019618,15.599870,31.801212,148.768341,0.220646,0.221821,0.221821,0.000000
3.270000,0.200000,0.192057,0.019554,15.600205,31.802103,148.772353,0.219922,0.221094,0.221094,0.000000
3.275000,0.200000,0.192154,0.019490,15.600539,31.802991,148.776356,0.219200,0.220369,0.220369,0.000000
3.280000,0.200000,0.192252,0.019427,15.600872,31.803877,148.780349,0.218480,0.219646,0.219646,0.000000
3.285000,0.200000,0.192349,0.019363,15.601204,31.804759,148.784331,0.217761,0.218924,0.218924,0.000000
3.290000,0.200000,0.192445,0.019300,15.601534,31.805639,148.788304,0.217045,0.218205,0.218205,0.000000
3.295000,0.200000,0.192542,0.019237,15.601864,31.806516,148.792267,0.216330,0.217487,0.217487,0.000000
3.300000,0.200000,0.192638,0.019173,15.602192,31.807391,148.796220,0.215617,0.216771,0.216771,0.000000
3.305000,0.200000,0.192733,0.019111,15.602519,31.808262,148.800163,0.214906,0.216057,0.216057,0.000000
3.310000,0.200000,0.192829,0.019048,15.602845,31.809131,148.804096,0.214196,0.215345,0.215345,0.000000
3.315000,0.200000,0.192924,0.018985,15.603171,31.809997,148.808020,0.213489,0.214634,0.214634,0.000000
3.320000,0.200000,0.193019,0.018923,15.603494,31.810860,148.811933,0.212783,0.213926,0.213926,0.000000
3.325000,0.200000,0.193113,0.018861,15.603817,31.811720,148.815837,0.212079,0.213219,0.213219,0.000000
3.330000,0.200000,0.193207,0.018798,15.604139,31.812578,148.819731,0.211377,0.212514,0.212514,0.000000
3.335000,0.200000,0.193301,0.018736,15.604460,31.813433,148.823615,0.210676,0.211810,0.211810,0.000000
3.340000,0.200000,0.193395,0.018675,15.604779,31.814285,148.827490,0.209977,0.211109,0.211109,0.000000
3.345000,0.200000,0.193488,0.018613,15.605098,31.815134,148.831355,0.209280,0.210409,0.210409,0.000000
3.350000,0.200000,0.193581,0.018551,15.605415,31.815981,148.835210,0.208585,0.209711,0.209711,0.000000
3.355000,0.200000,0.193673,0.018490,15.605732,31.816825,148.839056,0.207892,0.209015,0.209015,0.000000
3.360000,0.200000,0.193766,0.018429,15.606047,31.817667,148.842892,0.207200,0.208320,0.208320,0.000000
3.365000,0.200000,0.193858,0.018368,15.606361,31.818506,148.846718,0.206510,0.207628,0.207628,0.000000
3.370000,0.200000,0.193949,0.018307,15.606674,31.819342,148.850535,0.205822,0.206937,0.206937,0.000000
3.375000,0.200000,0.194041,0.018246,15.606986,31.820175,148.854342,0.205136,0.206247,0.206247,0.000000
3.380000,0.200000,0.194132,0.018186,15.607298,31.821006,148.858139,0.204451,0.205560,0.205560,0.000000
3.385000,0.200000,0.194223,0.018125,15.607608,31.821835,148.861927,0.203768,0.204874,0.204874,0.000000
3.390000,0.200000,0.194313,0.018065,15.607917,31.822660,148.865706,0.203087,0.204190,0.204190,0.000000
3.395000,0.200000,0.194403,0.018005,15.608225,31.823483,148.869475,0.202408,0.203508,0.203508,0.000000
3.400000,0.200000,0.194493,0.017945,15.608532,31.824304,148.873234,0.201730,0.202828,0.202828,0.000000
3.405000,0.200000,0.194583,0.017885,15.608837,31.825122,148.876984,0.201054,0.202149,0.202149,0.000000
3.410000,0.200000,0.194672,0.017825,15.609142,31.825937,148.880725,0.200380,0.201472,0.201472,0.000000
3.415000,0.200000,0.194761,0.017766,15.609446,31.826750,148.884456,0.199707,0.200797,0.200797,0.000000
3.420000,0.200000,0.194850,0.017706,15.609749,31.827560,148.888178,0.199037,0.200123,0.200123,0.000000
3.425000,0.200000,0.194938,0.017647,15.610051,31.828367,148.891891,0.198368,0.199451,0.199451,0.000000
3.430000,0.200000,0.195026,0.017588,15.610352,31.829173,148.895594,0.197700,0.198781,0.198781,0.000000
3.435000,0.200000,0.195114,0.017529,15.610652,31.829975,148.899287,0.197034,0.198112,0.198112,0.000000
3.440000,0.200000,0.195201,0.017470,15.610950,31.830775,148.902972,0.196370,0.197446,0.197446,0.000000
3.445000,0.200000,0.195289,0.017412,15.611248,31.831573,148.906647,0.195708,0.196781,0.196781,0.000000
3.450000,0.200000,0.195375,0.017353,15.611545,31.832368,148.910313,0.195047,0.196117,0.196117,0.000000
3.455000,0.200000,0.195462,0.017295,15.611841,31.833160,148.913969,0.194389,0.195456,0.195456,0.000000
3.460000,0.200000,0.195548,0.017237,15.612136,31.833950,148.917617,0.193731,0.194796,0.194796,0.000000
3.465000,0.200000,0.195634,0.017179,15.612430,31.834738,148.921255,0.193076,0.194137,0.194137,0.000000
3.470000,0.200000,0.195720,0.017121,15.612723,31.835523,148.924884,0.192422,0.193481,0.193481,0.000000
3.475000,0.200000,0.195806,0.017063,15.613015,31.836306,148.928504,0.191770,0.192826,0.192826,0.000000
3.480000,0.200000,0.195891,0.017006,15.613306,31.837086,148.932114,0.191119,0.192173,0.192173,0.000000
3.485000,0.200000,0.195976,0.016948,15.613596,31.837864,148.935716,0.190470,0.191521,0.191521,0.000000
3.490000,0.200000,0.196060,0.016891,15.613885,31.838639,148.939308,0.189823,0.190871,0.190871,0.000000
3.495000,0.200000,0.196145,0.016834,15.614173,31.839412,148.942892,0.189177,0.190223,0.190223,0.000000
3.500000,0.200000,0.196229,0.016777,15.614460,31.840183,148.946466,0.188533,0.189576,0.189576,0.000000
3.505000,0.200000,0.196312,0.016720,15.614746,31.840951,148.950031,0.187891,0.188931,0.188931,0.000000
3.510000,0.200000,0.196396,0.016663,15.615032,31.841716,148.953587,0.187251,0.188288,0.188288,0.000000
3.515000,0.200000,0.196479,0.016606,15.615316,31.842480,148.957134,0.186612,0.187646,0.187646,0.000000
3.520000,0.200000,0.196562,0.016550,15.615599,31.843241,148.960672,0.185974,0.187006,0.187006,0.000000
3.525000,0.200000,0.196645,0.016494,15.615882,31.843999,148.964201,0.185338,0.186368,0.186368,0.000000
3.530000,0.200000,0.196727,0.016438,15.616163,31.844755,148.967722,0.184704,0.185731,0.185731,0.000000
3.535000,0.200000,0.196809,0.016382,15.616444,31.845509,148.971233,0.184072,0.185096,0.185096,0.000000
3.540000,0.200000,0.196891,0.016326,15.616724,31.846261,148.974735,0.183441,0.184463,0.184463,0.000000
3.545000,0.200000,0.196972,0.016270,15.617002,31.847010,148.978228,0.182812,0.183831,0.183831,0.000000
3.550000,0.200000,0.197053,0.016214,15.617280,31.847757,148.981713,0.182184,0.183201,0.183201,0.000000
3.555000,0.200000,0.197134,0.016159,15.617557,31.848501,148.985189,0.181558,0.182572,0.182572,0.000000
3.560000,0.200000,0.197215,0.016104,15.617833,31.849243,148.988655,0.180934,0.181945,0.181945,0.000000
3.565000,0.200000,0.197295,0.016048,15.618108,31.849983,148.992113,0.180311,0.181320,0.181320,0.000000
3.570000,0.200000,0.197375,0.015993,15.618382,31.850721,148.995563,0.179690,0.180696,0.180696,0.000000
3.575000,0.200000,0.197455,0.015939,15.618656,31.851456,148.999003,0.179071,0.180074,0.180074,0.000000
3.580000,0.200000,0.197535,0.015884,15.618928,31.852189,149.002435,0.178453,0.179453,0.179453,0.000000
3.585000,0.200000,0.197614,0.015829,15.619200,31.852919,149.005857,0.177836,0.178834,0.178834,0.000000
3.590000,0.200000,0.197693,0.015775,15.619470,31.853648,149.009272,0.177221,0.178217,0.178217,0.000000
3.595000,0.200000,0.197772,0.015720,15.619740,31.854374,149.012677,0.176608,0.177601,0.177601,0.000000
3.600000,0.200000,0.197850,0.015666,15.620009,31.855098,149.016074,0.175997,0.176987,0.176987,0.000000
3.605000,0.200000,0.197929,0.015612,15.620277,31.855819,149.019462,0.175387,0.176374,0.176374,0.000000
3.610000,0.200000,0.198006,0.015558,15.620544,31.856538,149.022841,0.174778,0.175763,0.175763,0.000000
3.615000,0.200000,0.198084,0.015505,15.620810,31.857256,149.026212,0.174171,0.175154,0.175154,0.000000
3.620000,0.200000,0.198161,0.015451,15.621075,31.857970,149.029574,0.173566,0.174546,0.174546,0.000000
3.625000,0.200000,0.198239,0.015397,15.621339,31.858683,149.032928,0.172962,0.173940,0.173940,0.000000
3.630000,0.200000,0.198315,0.015344,15.621603,31.859393,149.036273,0.172360,0.173335,0.173335,0.000000
3.635000,0.200000,0.198392,0.015291,15.621866,31.860102,149.039609,0.171759,0.172732,0.172732,0.000000
3.640000,0.200000,0.198468,0.015238,15.622127,31.860808,149.042937,0.171160,0.172130,0.172130,0.000000
3.645000,0.200000,0.198544,0.015185,15.622388,31.861511,149.046256,0.170563,0.171530,0.171530,0.000000
3.650000,0.200000,0.198620,0.015132,15.622648,31.862213,149.049567,0.169967,0.170932,0.170932,0.000000
3.655000,0.200000,0.198696,0.015079,15.622908,31.862912,149.052869,0.169372,0.170335,0.170335,0.000000
3.660000,0.200000,0.198771,0.015027,15.623166,31.863609,149.056163,0.168779,0.169739,0.169739,0.000000
3.665000,0.200000,0.198846,0.014974,15.623424,31.864304,149.059449,0.168188,0.169146,0.169146,0.000000
3.670000,0.200000,0.198921,0.014922,15.623680,31.864997,149.062726,0.167598,0.168553,0.168553,0.000000
3.675000,0.200000,0.198995,0.014870,15.623936,31.865688,149.065994,0.167010,0.167962,0.167962,0.000000
3.680000,0.200000,0.199069,0.014818,15.624191,31.866377,149.069254,0.166423,0.167373,0.167373,0.000000
3.685000,0.200000,0.199143,0.014766,15.624445,31.867063,149.072506,0.165838,0.166786,0.166786,0.000000
3.690000,0.200000,0.199217,0.014714,15.624698,31.867747,149.075750,0.165254,0.166199,0.166199,0.000000
3.695000,0.200000,0.199291,0.014663,15.624951,31.868429,149.078985,0.164672,0.165615,0.165615,0.000000
3.700000,0.200000,0.199364,0.014611,15.625202,31.869109,149.082212,0.164091,0.165031,0.165031,0.000000
3.705000,0.200000,0.199437,0.014560,15.625453,31.869787,149.085430,0.163512,0.164450,0.164450,0.000000
3.710000,0.200000,0.199509,0.014509,15.625703,31.870463,149.088640,0.162934,0.163870,0.163870,0.000000
3.715000,0.200000,0.199582,0.014458,15.625952,31.871136,149.091842,0.162358,0.163291,0.163291,0.000000
3.720000,0.200000,0.199654,0.014407,15.626201,31.871808,149.095036,0.161783,0.162714,0.162714,0.000000
3.725000,0.200000,0.199726,0.014356,15.626448,31.872477,149.098221,0.161210,0.162138,0.162138,0.000000
3.730000,0.200000,0.199797,0.014305,15.626695,31.873145,149.101399,0.160638,0.161564,0.161564,0.000000
3.735000,0.200000,0.199869,0.014255,15.626941,31.873810,149.104568,0.160068,0.160992,0.160992,0.000000
3.740000,0.200000,0.199940,0.014204,15.627186,31.874473,149.107728,0.159499,0.160420,0.160420,0.000000
3.745000,0.200000,0.200011,0.014154,15.627430,31.875134,149.110881,0.158932,0.159851,0.159851,0.000000
3.750000,0.200000,0.200082,0.014104,15.627673,31.875793,149.114026,0.158366,0.159283,0.159283,0.000000
3.755000,0.200000,0.200152,0.014054,15.627916,31.876450,149.117162,0.157802,0.158716,0.158716,0.000000
3.760000,0.200000,0.200222,0.014004,15.628158,31.877105,149.120291,0.157239,0.158151,0.158151,0.000000
3.765000,0.200000,0.200292,0.013954,15.628399,31.877757,149.123411,0.156678,0.157587,0.157587,0.000000
3.770000,0.200000,0.200362,0.013904,15.628639,31.878408,149.126523,0.156118,0.157025,0.157025,0.000000
3.775000,0.200000,0.200431,0.013855,15.628878,31.879057,149.129627,0.155560,0.156464,0.156464,0.000000
3.780000,0.200000,0.200500,0.013806,15.629117,31.879704,149.132723,0.155003,0.155905,0.155905,0.000000
3.785000,0.200000,0.200569,0.013756,15.629355,31.880348,149.135811,0.154447,0.155347,0.155347,0.000000
3.790000,0.200000,0.200638,0.013707,15.629592,31.880991,149.138891,0.153893,0.154790,0.154790,0.000000
3.795000,0.200000,0.200706,0.013658,15.629828,31.881631,149.141963,0.153341,0.154235,0.154235,0.000000
3.800000,0.200000,0.200774,0.013609,15.630064,31.882270,149.145028,0.152789,0.153682,0.153682,0.000000
3.805000,0.200000,0.200842,0.013561,15.630298,31.882907,149.148084,0.152240,0.153130,0.153130,0.000000
3.810000,0.200000,0.200910,0.013512,15.630532,31.883541,149.151132,0.151691,0.152579,0.152579,0.000000
3.815000,0.200000,0.200977,0.013463,15.630765,31.884174,149.154172,0.151145,0.152030,0.152030,0.000000
3.820000,0.200000,0.201045,0.013415,15.630998,31.884804,149.157205,0.150599,0.151482,0.151482,0.000000
3.825000,0.200000,0.201112,0.013367,15.631229,31.885433,149.160229,0.150055,0.150936,0.150936,0.000000
3.830000,0.200000,0.201178,0.013319,15.631460,31.886059,149.163246,0.149513,0.150391,0.150391,0.000000
3.835000,0.200000,0.201245,0.013271,15.631690,31.886684,149.166255,0.148971,0.149848,0.149848,0.000000
3.840000,0.200000,0.201311,0.013223,15.631919,31.887307,149.169256,0.148432,0.149306,0.149306,0.000000
3.845000,0.200000,0.201377,0.013175,15.632148,31.887927,149.172249,0.147893,0.148765,0.148765,0.000000
3.850000,0.200000,0.201443,0.013128,15.632376,31.888546,149.175235,0.147357,0.148226,0.148226,0.000000
3.855000,0.200000,0.201508,0.013080,15.632603,31.889163,149.178212,0.146821,0.147688,0.147688,0.000000
3.860000,0.200000,0.201574,0.013033,15.632829,31.889778,149.181182,0.146287,0.147152,0.147152,0.000000
3.865000,0.200000,0.201639,0.012985,15.633054,31.890391,149.184144,0.145754,0.146617,0.146617,0.000000
3.870000,0.200000,0.201703,0.012938,15.633279,31.891001,149.187099,0.145223,0.146083,0.146083,0.000000
3.875000,0.200000,0.201768,0.012891,15.633503,31.891610,149.190046,0.144693,0.145551,0.145551,0.000000
3.880000,0.200000,0.201832,0.012844,15.633726,31.892218,149.192985,0.144165,0.145021,0.145021,0.000000
3.885000,0.200000,0.201896,0.012798,15.633949,31.892823,149.195916,0.143638,0.144491,0.144491,0.000000
3.890000,0.200000,0.201960,0.012751,15.634170,31.893426,149.198840,0.143112,0.143963,0.143963,0.000000
3.895000,0.200000,0.202024,0.012705,15.634391,31.894027,149.201756,0.142588,0.143437,0.143437,0.000000
3.900000,0.200000,0.202087,0.012658,15.634612,31.894627,149.204664,0.142065,0.142912,0.142912,0.000000
3.905000,0.200000,0.202150,0.012612,15.634831,31.895224,149.207565,0.141543,0.142388,0.142388,0.000000
3.910000,0.200000,0.202213,0.012566,15.635050,31.895820,149.210459,0.141023,0.141866,0.141866,0.000000
3.915000,0.200000,0.202276,0.012520,15.635268,31.896413,149.213344,0.140504,0.141345,0.141345,0.000000
3.920000,0.200000,0.202339,0.012474,15.635485,31.897005,149.216222,0.139987,0.140825,0.140825,0.000000
3.925000,0.200000,0.202401,0.012428,15.635702,31.897595,149.219093,0.139471,0.140307,0.140307,0.000000
3.930000,0.200000,0.202463,0.012382,15.635917,31.898183,149.221956,0.138956,0.139790,0.139790,0.000000
3.935000,0.200000,0.202525,0.012337,15.636132,31.898769,149.224812,0.138443,0.139274,0.139274,0.000000
3.940000,0.200000,0.202586,0.012291,15.636347,31.899354,149.227660,0.137931,0.138760,0.138760,0.000000
3.945000,0.200000,0.202648,0.012246,15.636560,31.899936,149.230501,0.137420,0.138247,0.138247,0.000000
3.950000,0.200000,0.202709,0.012201,15.636773,31.900517,149.233334,0.136911,0.137736,0.137736,0.000000
3.955000,0.200000,0.202770,0.012156,15.636985,31.901095,149.236160,0.136403,0.137226,0.137226,0.000000
3.960000,0.200000,0.202830,0.012111,15.637197,31.901672,149.238978,0.135897,0.136717,0.136717,0.000000
3.965000,0.200000,0.202891,0.012066,15.637408,31.902247,149.241789,0.135392,0.136210,0.136210,0.000000
3.970000,0.200000,0.202951,0.012021,15.637618,31.902820,149.244592,0.134888,0.135704,0.135704,0.000000
3.975000,0.200000,0.203011,0.011977,15.637827,31.903392,149.247389,0.134385,0.135199,0.135199,0.000000
3.980000,0.200000,0.203071,0.011932,15.638036,31.903961,149.250177,0.133884,0.134696,0.134696,0.000000
3.985000,0.200000,0.203130,0.011888,15.638244,31.904529,149.252959,0.133384,0.134194,0.134194,0.000000
3.990000,0.200000,0.203190,0.011844,15.638451,31.905095,149.255733,0.132885,0.133693,0.133693,0.000000
3.995000,0.200000,0.203249,0.011799,15.638657,31.905659,149.258500,0.132388,0.133193,0.133193,0.000000
4.000000,0.200000,0.203308,0.011755,15.638863,31.906221,149.261259,0.131892,0.132695,0.132695,0.000000
4.005000,0.200000,0.203366,0.011712,15.639068,31.906781,149.264012,0.131398,0.132199,0.132199,0.000000
4.010000,0.200000,0.203425,0.011668,15.639272,31.907340,149.266757,0.130904,0.131703,0.131703,0.000000
4.015000,0.200000,0.203483,0.011624,15.639476,31.907897,149.269495,0.130412,0.131209,0.131209,0.000000
4.020000,0.200000,0.203541,0.011581,15.639679,31.908452,149.272225,0.129922,0.130716,0.130716,0.000000
4.025000,0.200000,0.203599,0.011537,15.639881,31.909005,149.274949,0.129432,0.130225,0.130225,0.000000
4.030000,0.200000,0.203656,0.011494,15.640083,31.909556,149.277665,0.128944,0.129735,0.129735,0.000000
4.035000,0.200000,0.203714,0.011451,15.640284,31.910106,149.280374,0.128458,0.129246,0.129246,0.000000
4.040000,0.200000,0.203771,0.011408,15.640484,31.910654,149.283076,0.127972,0.128758,0.128758,0.000000
4.045000,0.200000,0.203828,0.011365,15.640684,31.911200,149.285770,0.127488,0.128272,0.128272,0.000000
4.050000,0.200000,0.203884,0.011322,15.640882,31.911744,149.288458,0.127005,0.127787,0.127787,0.000000
4.055000,0.200000,0.203941,0.011279,15.641081,31.912287,149.291138,0.126524,0.127304,0.127304,0.000000
4.060000,0.200000,0.203997,0.011236,15.641278,31.912828,149.293812,0.126043,0.126821,0.126821,0.000000
4.065000,0.200000,0.204053,0.011194,15.641475,31.913367,149.296478,0.125564,0.126340,0.126340,0.000000
4.070000,0.200000,0.204109,0.011151,15.641671,31.913904,149.299137,0.125087,0.125860,0.125860,0.000000
4.075000,0.200000,0.204165,0.011109,15.641866,31.914439,149.301789,0.124610,0.125382,0.125382,0.000000
4.080000,0.200000,0.204220,0.011067,15.642061,31.914973,149.304435,0.124135,0.124905,0.124905,0.000000
4.085000,0.200000,0.204276,0.011025,15.642255,31.915505,149.307073,0.123661,0.124429,0.124429,0.000000
4.090000,0.200000,0.204331,0.010983,15.642449,31.916036,149.309704,0.123189,0.123954,0.123954,0.000000
4.095000,0.200000,0.204385,0.010941,15.642641,31.916564,149.312328,0.122717,0.123480,0.123480,0.000000
4.100000,0.200000,0.204440,0.010899,15.642833,31.917091,149.314945,0.122247,0.123008,0.123008,0.000000
4.105000,0.200000,0.204494,0.010858,15.643025,31.917616,149.317555,0.121778,0.122537,0.122537,0.000000
4.110000,0.200000,0.204549,0.010816,15.643215,31.918139,149.320159,0.121311,0.122068,0.122068,0.000000
4.115000,0.200000,0.204603,0.010775,15.643405,31.918661,149.322755,0.120844,0.121599,0.121599,0.000000
4.120000,0.200000,0.204656,0.010733,15.643595,31.919181,149.325344,0.120379,0.121132,0.121132,0.000000
4.125000,0.200000,0.204710,0.010692,15.643784,31.919699,149.327927,0.119915,0.120666,0.120666,0.000000
4.130000,0.200000,0.204763,0.010651,15.643972,31.920216,149.330503,0.119453,0.120202,0.120202,0.000000
4.135000,0.200000,0.204816,0.010610,15.644159,31.920731,149.333071,0.118991,0.119739,0.119739,0.000000
4.140000,0.200000,0.204869,0.010569,15.644346,31.921244,149.335633,0.118531,0.119276,0.119276,0.000000
4.145000,0.200000,0.204922,0.010529,15.644532,31.921756,149.338189,0.118072,0.118816,0.118816,0.000000
4.150000,0.200000,0.204975,0.010488,15.644717,31.922265,149.340737,0.117615,0.118356,0.118356,0.000000
4.155000,0.200000,0.205027,0.010447,15.644902,31.922773,149.343278,0.117158,0.117897,0.117897,0.000000
4.160000,0.200000,0.205079,0.010407,15.645086,31.923280,149.345813,0.116703,0.117440,0.117440,0.000000
4.165000,0.200000,0.205131,0.010367,15.645270,31.923785,149.348341,0.116249,0.116984,0.116984,0.000000
4.170000,0.200000,0.205183,0.010326,15.645453,31.924288,149.350862,0.115796,0.116530,0.116530,0.000000
4.175000,0.200000,0.205234,0.010286,15.645635,31.924789,149.353377,0.115345,0.116076,0.116076,0.000000
4.180000,0.200000,0.205286,0.010246,15.645817,31.925289,149.355885,0.114895,0.115624,0.115624,0.000000
4.185000,0.200000,0.205337,0.010206,15.645997,31.925787,149.358386,0.114446,0.115173,0.115173,0.000000
4.190000,0.200000,0.205388,0.010167,15.646178,31.926283,149.360880,0.113998,0.114723,0.114723,0.000000
4.195000,0.200000,0.205438,0.010127,15.646357,31.926778,149.363368,0.113551,0.114274,0.114274,0.000000
4.200000,0.200000,0.205489,0.010087,15.646536,31.927271,149.365849,0.113106,0.113827,0.113827,0.000000
4.205000,0.200000,0.205539,0.010048,15.646715,31.927763,149.368323,0.112661,0.113381,0.113381,0.000000
4.210000,0.200000,0.205589,0.010009,15.646892,31.928253,149.370791,0.112218,0.112936,0.112936,0.000000
4.215000,0.200000,0.205639,0.009969,15.647070,31.928741,149.373252,0.111776,0.112492,0.112492,0.000000
4.220000,0.200000,0.205689,0.009930,15.647246,31.929228,149.375707,0.111336,0.112049,0.112049,0.000000
4.225000,0.200000,0.205739,0.009891,15.647422,31.929713,149.378154,0.110896,0.111608,0.111608,0.000000
4.230000,0.200000,0.205788,0.009852,15.647597,31.930196,149.380596,0.110458,0.111168,0.111168,0.000000
4.235000,0.200000,0.205837,0.009813,15.647772,31.930678,149.383031,0.110021,0.110729,0.110729,0.000000
4.240000,0.200000,0.205886,0.009775,15.647946,31.931158,149.385459,0.109585,0.110291,0.110291,0.000000
4.245000,0.200000,0.205935,0.009736,15.648119,31.931636,149.387881,0.109150,0.109854,0.109854,0.000000
4.250000,0.200000,0.205984,0.009698,15.648292,31.932113,149.390296,0.108717,0.109419,0.109419,0.000000
4.255000,0.200000,0.206032,0.009659,15.648464,31.932588,149.392704,0.108284,0.108985,0.108985,0.000000
4.260000,0.200000,0.206080,0.009621,15.648635,31.933062,149.395107,0.107853,0.108551,0.108551,0.000000
4.265000,0.200000,0.206128,0.009583,15.648806,31.933534,149.397502,0.107423,0.108120,0.108120,0.000000
4.270000,0.200000,0.206176,0.009545,15.648976,31.934005,149.399892,0.106994,0.107689,0.107689,0.000000
4.275000,0.200000,0.206224,0.009507,15.649146,31.934474,149.402275,0.106567,0.107259,0.107259,0.000000
4.280000,0.200000,0.206271,0.009469,15.649315,31.934941,149.404651,0.106140,0.106831,0.106831,0.000000
4.285000,0.200000,0.206318,0.009431,15.649483,31.935407,149.407021,0.105715,0.106403,0.106403,0.000000
4.290000,0.200000,0.206365,0.009393,15.649651,31.935871,149.409385,0.105290,0.105977,0.105977,0.000000
4.295000,0.200000,0.206412,0.009356,15.649818,31.936333,149.411742,0.104867,0.105552,0.105552,0.000000
4.300000,0.200000,0.206459,0.009318,15.649985,31.936794,149.414093,0.104445,0.105129,0.105129,0.000000
4.305000,0.200000,0.206505,0.009281,15.650151,31.937254,149.416437,0.104025,0.104706,0.104706,0.000000
4.310000,0.200000,0.206552,0.009243,15.650316,31.937712,149.418776,0.103605,0.104285,0.104285,0.000000
4.315000,0.200000,0.206598,0.009206,15.650481,31.938168,149.421107,0.103187,0.103864,0.103864,0.000000
4.320000,0.200000,0.206644,0.009169,15.650645,31.938623,149.423433,0.102769,0.103445,0.103445,0.000000
4.325000,0.200000,0.206690,0.009132,15.650808,31.939076,149.425752,0.102353,0.103027,0.103027,0.000000
4.330000,0.200000,0.206735,0.009095,15.650971,31.939528,149.428065,0.101938,0.102610,0.102610,0.000000
4.335000,0.200000,0.206780,0.009059,15.651134,31.939978,149.430372,0.101524,0.102194,0.102194,0.000000
4.340000,0.200000,0.206826,0.009022,15.651295,31.940426,149.432672,0.101111,0.101780,0.101780,0.000000
4.345000,0.200000,0.206871,0.008985,15.651456,31.940873,149.434967,0.100700,0.101366,0.101366,0.000000
4.350000,0.200000,0.206916,0.008949,15.651617,31.941319,149.437255,0.100289,0.100954,0.100954,0.000000
4.355000,0.200000,0.206960,0.008912,15.651777,31.941763,149.439536,0.099880,0.100543,0.100543,0.000000
4.360000,0.200000,0.207005,0.008876,15.651936,31.942205,149.441812,0.099471,0.100132,0.100132,0.000000
4.365000,0.200000,0.207049,0.008840,15.652095,31.942646,149.444081,0.099064,0.099723,0.099723,0.000000
4.370000,0.200000,0.207093,0.008804,15.652253,31.943086,149.446345,0.098658,0.099316,0.099316,0.000000
4.375000,0.200000,0.207137,0.008768,15.652411,31.943523,149.448602,0.098253,0.098909,0.098909,0.000000
4.380000,0.200000,0.207181,0.008732,15.652568,31.943960,149.450853,0.097849,0.098503,0.098503,0.000000
4.385000,0.200000,0.207224,0.008696,15.652724,31.944395,149.453098,0.097446,0.098099,0.098099,0.000000
4.390000,0.200000,0.207268,0.008660,15.652880,31.944828,149.455336,0.097045,0.097695,0.097695,0.000000
4.395000,0.200000,0.207311,0.008625,15.653035,31.945260,149.457569,0.096644,0.097293,0.097293,0.000000
4.400000,0.200000,0.207354,0.008589,15.653190,31.945690,149.459795,0.096245,0.096892,0.096892,0.000000
4.405000,0.200000,0.207397,0.008554,15.653344,31.946119,149.462016,0.095846,0.096492,0.096492,0.000000
4.410000,0.200000,0.207439,0.008519,15.653498,31.946546,149.464230,0.095449,0.096093,0.096093,0.000000
4.415000,0.200000,0.207482,0.008483,15.653650,31.946972,149.466439,0.095053,0.095695,0.095695,0.000000
4.420000,0.200000,0.207524,0.008448,15.653803,31.947396,149.468641,0.094658,0.095298,0.095298,0.000000
4.425000,0.200000,0.207566,0.008413,15.653955,31.947819,149.470837,0.094264,0.094902,0.094902,0.000000
4.430000,0.200000,0.207608,0.008378,15.654106,31.948241,149.473028,0.093871,0.094507,0.094507,0.000000
4.435000,0.200000,0.207650,0.008344,15.654256,31.948660,149.475212,0.093479,0.094114,0.094114,0.000000
4.440000,0.200000,0.207692,0.008309,15.654406,31.949079,149.477390,0.093089,0.093721,0.093721,0.000000
4.445000,0.200000,0.207733,0.008274,15.654556,31.949496,149.479563,0.092699,0.093330,0.093330,0.000000
4.450000,0.200000,0.207775,0.008240,15.654705,31.949911,149.481729,0.092310,0.092940,0.092940,0.000000
4.455000,0.200000,0.207816,0.008205,15.654853,31.950325,149.483890,0.091923,0.092550,0.092550,0.000000
4.460000,0.200000,0.207857,0.008171,15.655001,31.950738,149.486044,0.091536,0.092162,0.092162,0.000000
4.465000,0.200000,0.207897,0.008137,15.655148,31.951149,149.488193,0.091151,0.091775,0.091775,0.000000
4.470000,0.200000,0.207938,0.008102,15.655295,31.951558,149.490336,0.090767,0.091389,0.091389,0.000000
4.475000,0.200000,0.207978,0.008068,15.655441,31.951967,149.492473,0.090383,0.091004,0.091004,0.000000
4.480000,0.200000,0.208019,0.008034,15.655587,31.952373,149.494604,0.090001,0.090620,0.090620,0.000000
4.485000,0.200000,0.208059,0.008000,15.655731,31.952779,149.496729,0.089620,0.090237,0.090237,0.000000
4.490000,0.200000,0.208099,0.007967,15.655876,31.953183,149.498848,0.089240,0.089856,0.089856,0.000000
4.495000,0.200000,0.208138,0.007933,15.656020,31.953585,149.500962,0.088861,0.089475,0.089475,0.000000
4.500000,0.200000,0.208178,0.007899,15.656163,31.953986,149.503070,0.088483,0.089095,0.089095,0.000000
4.505000,0.200000,0.208217,0.007866,15.656306,31.954385,149.505171,0.088106,0.088716,0.088716,0.000000
4.510000,0.200000,0.208257,0.007832,15.656448,31.954784,149.507268,0.087730,0.088339,0.088339,0.000000
4.515000,0.200000,0.208296,0.007799,15.656590,31.955180,149.509358,0.087355,0.087962,0.087962,0.000000
4.520000,0.200000,0.208335,0.007766,15.656731,31.955575,149.511443,0.086981,0.087587,0.087587,0.000000
4.525000,0.200000,0.208373,0.007733,15.656871,31.955969,149.513521,0.086609,0.087212,0.087212,0.000000
4.530000,0.200000,0.208412,0.007700,15.657011,31.956362,149.515595,0.086237,0.086839,0.086839,0.000000
4.535000,0.200000,0.208450,0.007667,15.657151,31.956753,149.517662,0.085866,0.086467,0.086467,0.000000
4.540000,0.200000,0.208489,0.007634,15.657289,31.957142,149.519724,0.085497,0.086095,0.086095,0.000000
4.545000,0.200000,0.208527,0.007601,15.657428,31.957530,149.521780,0.085128,0.085725,0.085725,0.000000
4.550000,0.200000,0.208565,0.007568,15.657566,31.957917,149.523830,0.084760,0.085356,0.085356,0.000000
4.555000,0.200000,0.208602,0.007536,15.657703,31.958303,149.525875,0.084394,0.084987,0.084987,0.000000
4.560000,0.200000,0.208640,0.007503,15.657840,31.958687,149.527914,0.084028,0.084620,0.084620,0.000000
4.565000,0.200000,0.208678,0.007471,15.657976,31.959069,149.529947,0.083664,0.084254,0.084254,0.000000
4.570000,0.200000,0.208715,0.007438,15.658111,31.959450,149.531975,0.083300,0.083889,0.083889,0.000000
4.575000,0.200000,0.208752,0.007406,15.658246,31.959830,149.533997,0.082938,0.083525,0.083525,0.000000
4.580000,0.200000,0.208789,0.007374,15.658381,31.960208,149.536014,0.082576,0.083161,0.083161,0.000000
4.585000,0.200000,0.208826,0.007342,15.658515,31.960585,149.538025,0.082215,0.082799,0.082799,0.000000
4.590000,0.200000,0.208862,0.007310,15.658648,31.960961,149.540030,0.081856,0.082438,0.082438,0.000000
4.595000,0.200000,0.208899,0.007278,15.658781,31.961335,149.542030,0.081497,0.082078,0.082078,0.000000
4.600000,0.200000,0.208935,0.007246,15.658914,31.961708,149.544024,0.081140,0.081719,0.081719,0.000000
4.605000,0.200000,0.208971,0.007215,15.659046,31.962080,149.546013,0.080783,0.081361,0.081361,0.000000
4.610000,0.200000,0.209007,0.007183,15.659177,31.962450,149.547996,0.080428,0.081004,0.081004,0.000000
4.615000,0.200000,0.209043,0.007151,15.659308,31.962819,149.549974,0.080073,0.080648,0.080648,0.000000
4.620000,0.200000,0.209079,0.007120,15.659438,31.963186,149.551946,0.079720,0.080292,0.080292,0.000000
4.625000,0.200000,0.209114,0.007089,15.659568,31.963552,149.553913,0.079367,0.079938,0.079938,0.000000
4.630000,0.200000,0.209150,0.007057,15.659697,31.963917,149.555874,0.079016,0.079585,0.079585,0.000000
4.635000,0.200000,0.209185,0.007026,15.659826,31.964280,149.557830,0.078665,0.079233,0.079233,0.000000
4.640000,0.200000,0.209220,0.006995,15.659954,31.964642,149.559780,0.078316,0.078882,0.078882,0.000000
4.645000,0.200000,0.209255,0.006964,15.660082,31.965003,149.561725,0.077967,0.078532,0.078532,0.000000
4.650000,0.200000,0.209289,0.006933,15.660209,31.965362,149.563665,0.077619,0.078182,0.078182,0.000000
4.655000,0.200000,0.209324,0.006902,15.660336,31.965720,149.565599,0.077273,0.077834,0.077834,0.000000
4.660000,0.200000,0.209359,0.006872,15.660462,31.966077,149.567528,0.076927,0.077487,0.077487,0.000000
4.665000,0.200000,0.209393,0.006841,15.660587,31.966432,149.569451,0.076582,0.077141,0.077141,0.000000
4.670000,0.200000,0.209427,0.006810,15.660712,31.966786,149.571369,0.076239,0.076795,0.076795,0.000000
4.675000,0.200000,0.209461,0.006780,15.660837,31.967139,149.573281,0.075896,0.076451,0.076451,0.000000
4.680000,0.200000,0.209495,0.006749,15.660961,31.967490,149.575189,0.075554,0.076108,0.076108,0.000000
4.685000,0.200000,0.209528,0.006719,15.661084,31.967840,149.577091,0.075213,0.075765,0.075765,0.000000
4.690000,0.200000,0.209562,0.006689,15.661207,31.968188,149.578987,0.074873,0.075424,0.075424,0.000000
4.695000,0.200000,0.209595,0.006659,15.661330,31.968536,149.580878,0.074535,0.075083,0.075083,0.000000
4.700000,0.200000,0.209629,0.006629,15.661452,31.968882,149.582764,0.074197,0.074744,0.074744,0.000000
4.705000,0.200000,0.209662,0.006599,15.661573,31.969227,149.584645,0.073860,0.074405,0.074405,0.000000
4.710000,0.200000,0.209694,0.006569,15.661694,31.969570,149.586520,0.073524,0.074068,0.074068,0.000000
4.715000,0.200000,0.209727,0.006539,15.661815,31.969912,149.588391,0.073188,0.073731,0.073731,0.000000
4.720000,0.200000,0.209760,0.006509,15.661935,31.970253,149.590256,0.072854,0.073395,0.073395,0.000000
4.725000,0.200000,0.209792,0.006480,15.662054,31.970592,149.592115,0.072521,0.073061,0.073061,0.000000
4.730000,0.200000,0.209825,0.006450,15.662173,31.970930,149.593970,0.072189,0.072727,0.072727,0.000000
4.735000,0.200000,0.209857,0.006421,15.662292,31.971267,149.595819,0.071857,0.072394,0.072394,0.000000
4.740000,0.200000,0.209889,0.006391,15.662410,31.971603,149.597663,0.071527,0.072062,0.072062,0.000000
4.745000,0.200000,0.209921,0.006362,15.662527,31.971937,149.599502,0.071198,0.071731,0.071731,0.000000
4.750000,0.200000,0.209953,0.006333,15.662644,31.972270,149.601335,0.070869,0.071401,0.071401,0.000000
4.755000,0.200000,0.209984,0.006303,15.662760,31.972602,149.603164,0.070541,0.071072,0.071072,0.000000
4.760000,0.200000,0.210016,0.006274,15.662876,31.972932,149.604987,0.070215,0.070744,0.070744,0.000000
4.765000,0.200000,0.210047,0.006245,15.662992,31.973261,149.606806,0.069889,0.070416,0.070416,0.000000
4.770000,0.200000,0.210078,0.006217,15.663107,31.973589,149.608619,0.069564,0.070090,0.070090,0.000000
4.775000,0.200000,0.210109,0.006188,15.663221,31.973916,149.610427,0.069240,0.069765,0.069765,0.000000
4.780000,0.200000,0.210140,0.006159,15.663335,31.974241,149.612229,0.068917,0.069440,0.069440,0.000000
4.785000,0.200000,0.210171,0.006130,15.663449,31.974565,149.614027,0.068595,0.069117,0.069117,0.000000
4.790000,0.200000,0.210201,0.006102,15.663561,31.974888,149.615820,0.068274,0.068794,0.068794,0.000000
4.795000,0.200000,0.210232,0.006073,15.663674,31.975210,149.617608,0.067954,0.068472,0.068472,0.000000
4.800000,0.200000,0.210262,0.006045,15.663786,31.975530,149.619390,0.067634,0.068152,0.068152,0.000000
4.805000,0.200000,0.210292,0.006016,15.663897,31.975849,149.621168,0.067316,0.067832,0.067832,0.000000
4.810000,0.200000,0.210322,0.005988,15.664008,31.976167,149.622940,0.066999,0.067513,0.067513,0.000000
4.815000,0.200000,0.210352,0.005960,15.664119,31.976483,149.624708,0.066682,0.067195,0.067195,0.000000
4.820000,0.200000,0.210382,0.005932,15.664229,31.976798,149.626470,0.066366,0.066878,0.066878,0.000000
4.825000,0.200000,0.210411,0.005904,15.664339,31.977112,149.628228,0.066051,0.066561,0.066561,0.000000
4.830000,0.200000,0.210441,0.005876,15.664448,31.977425,149.629980,0.065738,0.066246,0.066246,0.000000
4.835000,0.200000,0.210470,0.005848,15.664556,31.977737,149.631728,0.065425,0.065931,0.065931,0.000000
4.840000,0.200000,0.210499,0.005820,15.664664,31.978047,149.633470,0.065112,0.065618,0.065618,0.000000
4.845000,0.200000,0.210528,0.005793,15.664772,31.978356,149.635208,0.064801,0.065305,0.065305,0.000000
4.850000,0.200000,0.210557,0.005765,15.664879,31.978664,149.636941,0.064491,0.064993,0.064993,0.000000
4.855000,0.200000,0.210586,0.005737,15.664986,31.978970,149.638668,0.064181,0.064683,0.064683,0.000000
4.860000,0.200000,0.210615,0.005710,15.665092,31.979275,149.640391,0.063873,0.064373,0.064373,0.000000
4.865000,0.200000,0.210643,0.005683,15.665198,31.979580,149.642109,0.063565,0.064063,0.064063,0.000000
4.870000,0.200000,0.210671,0.005655,15.665303,31.979882,149.643822,0.063258,0.063755,0.063755,0.000000
4.875000,0.200000,0.210700,0.005628,15.665408,31.980184,149.645530,0.062952,0.063448,0.063448,0.000000
4.880000,0.200000,0.210728,0.005601,15.665512,31.980485,149.647234,0.062647,0.063141,0.063141,0.000000
4.885000,0.200000,0.210756,0.005574,15.665616,31.980784,149.648932,0.062343,0.062836,0.062836,0.000000
4.890000,0.200000,0.210783,0.005547,15.665719,31.981082,149.650626,0.062040,0.062531,0.062531,0.000000
4.895000,0.200000,0.210811,0.005520,15.665822,31.981379,149.652314,0.061738,0.062227,0.062227,0.000000
4.900000,0.200000,0.210839,0.005493,15.665924,31.981674,149.653998,0.061436,0.061924,0.061924,0.000000
4.905000,0.200000,0.210866,0.005466,15.666026,31.981969,149.655678,0.061135,0.061622,0.061622,0.000000
4.910000,0.200000,0.210893,0.005440,15.666128,31.982262,149.657352,0.060835,0.061321,0.061321,0.000000
4.915000,0.200000,0.210920,0.005413,15.666229,31.982554,149.659021,0.060537,0.061021,0.061021,0.000000
4.920000,0.200000,0.210947,0.005387,15.666329,31.982845,149.660686,0.060238,0.060721,0.060721,0.000000
4.925000,0.200000,0.210974,0.005360,15.666429,31.983134,149.662346,0.059941,0.060423,0.060423,0.000000
4.930000,0.200000,0.211001,0.005334,15.666529,31.983422,149.664001,0.059645,0.060125,0.060125,0.000000
4.935000,0.200000,0.211028,0.005307,15.666628,31.983710,149.665652,0.059349,0.059828,0.059828,0.000000
4.940000,0.200000,0.211054,0.005281,15.666727,31.983996,149.667298,0.059055,0.059532,0.059532,0.000000
4.945000,0.200000,0.211080,0.005255,15.666825,31.984280,149.668939,0.058761,0.059237,0.059237,0.000000
4.950000,0.200000,0.211107,0.005229,15.666923,31.984564,149.670575,0.058468,0.058942,0.058942,0.000000
4.955000,0.200000,0.211133,0.005203,15.667020,31.984847,149.672207,0.058176,0.058649,0.058649,0.000000
4.960000,0.200000,0.211159,0.005177,15.667117,31.985128,149.673834,0.057884,0.058356,0.058356,0.000000
4.965000,0.200000,0.211184,0.005151,15.667213,31.985408,149.675456,0.057594,0.058064,0.058064,0.000000
4.970000,0.200000,0.211210,0.005125,15.667309,31.985687,149.677073,0.057304,0.057773,0.057773,0.000000
4.975000,0.200000,0.211236,0.005100,15.667405,31.985965,149.678686,0.057016,0.057483,0.057483,0.000000
4.980000,0.200000,0.211261,0.005074,15.667500,31.986241,149.680295,0.056728,0.057194,0.057194,0.000000
4.985000,0.200000,0.211286,0.005048,15.667594,31.986517,149.681898,0.056441,0.056906,0.056906,0.000000
4.990000,0.200000,0.211312,0.005023,15.667688,31.986791,149.683497,0.056154,0.056618,0.056618,0.000000
4.995000,0.200000,0.211337,0.004997,15.667782,31.987064,149.685092,0.055869,0.056331,0.056331,0.000000
5.000000,0.200000,0.211362,0.004972,15.667875,31.987336,149.686682,0.055584,0.056045,0.056045,0.000000
5.005000,0.200000,0.211386,0.004947,15.667968,31.987607,149.688267,0.055300,0.055760,0.055760,0.000000
5.010000,0.200000,0.211411,0.004922,15.668060,31.987876,149.689848,0.055018,0.055476,0.055476,0.000000
5.015000,0.200000,0.211436,0.004897,15.668152,31.988145,149.691424,0.054735,0.055192,0.055192,0.000000
5.020000,0.200000,0.211460,0.004872,15.668243,31.988412,149.692995,0.054454,0.054910,0.054910,0.000000
5.025000,0.200000,0.211484,0.004847,15.668334,31.988678,149.694562,0.054174,0.054628,0.054628,0.000000
5.030000,0.200000,0.211508,0.004822,15.668425,31.988943,149.696125,0.053894,0.054347,0.054347,0.000000
5.035000,0.200000,0.211533,0.004797,15.668515,31.989207,149.697683,0.053615,0.054067,0.054067,0.000000
5.040000,0.200000,0.211556,0.004772,15.668605,31.989470,149.699236,0.053337,0.053787,0.053787,0.000000
5.045000,0.200000,0.211580,0.004747,15.668694,31.989732,149.700785,0.053060,0.053509,0.053509,0.000000
5.050000,0.200000,0.211604,0.004723,15.668783,31.989992,149.702329,0.052783,0.053231,0.053231,0.000000
5.055000,0.200000,0.211627,0.004698,15.668871,31.990251,149.703869,0.052508,0.052954,0.052954,0.000000
5.060000,0.200000,0.211651,0.004674,15.668959,31.990510,149.705405,0.052233,0.052678,0.052678,0.000000
5.065000,0.200000,0.211674,0.004649,15.669046,31.990767,149.706936,0.051959,0.052403,0.052403,0.000000
5.070000,0.200000,0.211697,0.004625,15.669133,31.991023,149.708462,0.051686,0.052128,0.052128,0.000000
5.075000,0.200000,0.211720,0.004601,15.669220,31.991277,149.709984,0.051413,0.051854,0.051854,0.000000
5.080000,0.200000,0.211743,0.004577,15.669306,31.991531,149.711502,0.051142,0.051582,0.051582,0.000000
5.085000,0.200000,0.211766,0.004552,15.669391,31.991784,149.713015,0.050871,0.051309,0.051309,0.000000
5.090000,0.200000,0.211789,0.004528,15.669477,31.992035,149.714524,0.050601,0.051038,0.051038,0.000000
5.095000,0.200000,0.211811,0.004504,15.669561,31.992286,149.716029,0.050332,0.050768,0.050768,0.000000
5.100000,0.200000,0.211834,0.004480,15.669646,31.992535,149.717529,0.050063,0.050498,0.050498,0.000000
5.105000,0.200000,0.211856,0.004457,15.669730,31.992783,149.719025,0.049795,0.050229,0.050229,0.000000
5.110000,0.200000,0.211879,0.004433,15.669813,31.993030,149.720516,0.049529,0.049961,0.049961,0.000000
5.115000,0.200000,0.211901,0.004409,15.669896,31.993276,149.722003,0.049262,0.049693,0.049693,0.000000
5.120000,0.200000,0.211923,0.004386,15.669979,31.993521,149.723486,0.048997,0.049427,0.049427,0.000000
5.125000,0.200000,0.211944,0.004362,15.670061,31.993764,149.724964,0.048733,0.049161,0.049161,0.000000
5.130000,0.200000,0.211966,0.004338,15.670143,31.994007,149.726438,0.048469,0.048896,0.048896,0.000000
5.135000,0.200000,0.211988,0.004315,15.670224,31.994249,149.727908,0.048206,0.048632,0.048632,0.000000
5.140000,0.200000,0.212009,0.004292,15.670305,31.994489,149.729373,0.047944,0.048368,0.048368,0.000000
5.145000,0.200000,0.212031,0.004268,15.670385,31.994728,149.730834,0.047682,0.048106,0.048106,0.000000
5.150000,0.200000,0.212052,0.004245,15.670466,31.994967,149.732291,0.047422,0.047844,0.047844,0.000000
5.155000,0.200000,0.212073,0.004222,15.670545,31.995204,149.733743,0.047162,0.047583,0.047583,0.000000
5.160000,0.200000,0.212094,0.004199,15.670624,31.995440,149.735192,0.046903,0.047322,0.047322,0.000000
5.165000,0.200000,0.212115,0.004176,15.670703,31.995675,149.736636,0.046644,0.047063,0.047063,0.000000
5.170000,0.200000,0.212136,0.004153,15.670782,31.995909,149.738075,0.046387,0.046804,0.046804,0.000000
5.175000,0.200000,0.212157,0.004130,15.670859,31.996142,149.739511,0.046130,0.046546,0.046546,0.000000
5.180000,0.200000,0.212177,0.004107,15.670937,31.996373,149.740942,0.045874,0.046288,0.046288,0.000000
5.185000,0.200000,0.212198,0.004085,15.671014,31.996604,149.742369,0.045618,0.046032,0.046032,0.000000
5.190000,0.200000,0.212218,0.004062,15.671091,31.996834,149.743792,0.045364,0.045776,0.045776,0.000000
5.195000,0.200000,0.212238,0.004039,15.671167,31.997062,149.745211,0.045110,0.045521,0.045521,0.000000
5.200000,0.200000,0.212259,0.004017,15.671243,31.997290,149.746625,0.044857,0.045267,0.045267,0.000000
5.205000,0.200000,0.212279,0.003994,15.671318,31.997516,149.748036,0.044605,0.045013,0.045013,0.000000
5.210000,0.200000,0.212299,0.003972,15.671393,31.997741,149.749442,0.044353,0.044760,0.044760,0.000000
5.215000,0.200000,0.212318,0.003949,15.671468,31.997966,149.750844,0.044102,0.044508,0.044508,0.000000
5.220000,0.200000,0.212338,0.003927,15.671542,31.998189,149.752242,0.043852,0.044257,0.044257,0.000000
5.225000,0.200000,0.212358,0.003905,15.671616,31.998411,149.753636,0.043603,0.044007,0.044007,0.000000
5.230000,0.200000,0.212377,0.003883,15.671689,31.998632,149.755025,0.043354,0.043757,0.043757,0.000000
5.235000,0.200000,0.212396,0.003861,15.671762,31.998852,149.756411,0.043106,0.043508,0.043508,0.000000
5.240000,0.200000,0.212416,0.003839,15.671835,31.999071,149.757792,0.042859,0.043259,0.043259,0.000000
5.245000,0.200000,0.212435,0.003817,15.671907,31.999289,149.759170,0.042613,0.043012,0.043012,0.000000
5.250000,0.200000,0.212454,0.003795,15.671979,31.999506,149.760543,0.042367,0.042765,0.042765,0.000000
5.255000,0.200000,0.212473,0.003773,15.672050,31.999722,149.761912,0.042122,0.042519,0.042519,0.000000
5.260000,0.200000,0.212492,0.003751,15.672121,31.999937,149.763277,0.041878,0.042274,0.042274,0.000000
5.265000,0.200000,0.212510,0.003730,15.672191,32.000151,149.764638,0.041635,0.042029,0.042029,0.000000
5.270000,0.200000,0.212529,0.003708,15.672262,32.000364,149.765995,0.041392,0.041785,0.041785,0.000000
5.275000,0.200000,0.212547,0.003686,15.672331,32.000575,149.767348,0.041150,0.041542,0.041542,0.000000
5.280000,0.200000,0.212566,0.003665,15.672401,32.000786,149.768697,0.040909,0.041299,0.041299,0.000000
5.285000,0.200000,0.212584,0.003644,15.672469,32.000996,149.770042,0.040668,0.041058,0.041058,0.000000
5.290000,0.200000,0.212602,0.003622,15.672538,32.001204,149.771383,0.040428,0.040817,0.040817,0.000000
5.295000,0.200000,0.212620,0.003601,15.672606,32.001412,149.772720,0.040189,0.040576,0.040576,0.000000
5.300000,0.200000,0.212638,0.003580,15.672674,32.001619,149.774053,0.039951,0.040337,0.040337,0.000000
5.305000,0.200000,0.212656,0.003558,15.672741,32.001824,149.775382,0.039713,0.040098,0.040098,0.000000
5.310000,0.200000,0.212674,0.003537,15.672808,32.002029,149.776707,0.039476,0.039860,0.039860,0.000000
5.315000,0.200000,0.212691,0.003516,15.672874,32.002232,149.778028,0.039240,0.039623,0.039623,0.000000
5.320000,0.200000,0.212709,0.003495,15.672940,32.002435,149.779346,0.039004,0.039386,0.039386,0.000000
5.325000,0.200000,0.212726,0.003474,15.673006,32.002636,149.780659,0.038770,0.039150,0.039150,0.000000
5.330000,0.200000,0.212744,0.003453,15.673071,32.002837,149.781968,0.038535,0.038915,0.038915,0.000000
5.335000,0.200000,0.212761,0.003433,15.673136,32.003036,149.783273,0.038302,0.038680,0.038680,0.000000
5.340000,0.200000,0.212778,0.003412,15.673201,32.003235,149.784575,0.038069,0.038446,0.038446,0.000000
5.345000,0.200000,0.212795,0.003391,15.673265,32.003432,149.785872,0.037837,0.038213,0.038213,0.000000
5.350000,0.200000,0.212812,0.003371,15.673329,32.003629,149.787166,0.037606,0.037981,0.037981,0.000000
5.355000,0.200000,0.212829,0.003350,15.673392,32.003824,149.788456,0.037375,0.037749,0.037749,0.000000
5.360000,0.200000,0.212845,0.003330,15.673455,32.004018,149.789742,0.037145,0.037518,0.037518,0.000000
5.365000,0.200000,0.212862,0.003309,15.673517,32.004212,149.791024,0.036916,0.037287,0.037287,0.000000
5.370000,0.200000,0.212879,0.003289,15.673580,32.004404,149.792302,0.036688,0.037058,0.037058,0.000000
5.375000,0.200000,0.212895,0.003269,15.673641,32.004596,149.793576,0.036460,0.036829,0.036829,0.000000
5.380000,0.200000,0.212911,0.003248,15.673703,32.004786,149.794847,0.036233,0.036600,0.036600,0.000000
5.385000,0.200000,0.212927,0.003228,15.673764,32.004976,149.796114,0.036006,0.036373,0.036373,0.000000
5.390000,0.200000,0.212943,0.003208,15.673824,32.005164,149.797376,0.035780,0.036146,0.036146,0.000000
5.395000,0.200000,0.212959,0.003188,15.673885,32.005352,149.798636,0.035555,0.035920,0.035920,0.000000
5.400000,0.200000,0.212975,0.003168,15.673944,32.005538,149.799891,0.035331,0.035694,0.035694,0.000000
5.405000,0.200000,0.212991,0.003148,15.674004,32.005724,149.801142,0.035107,0.035469,0.035469,0.000000
5.410000,0.200000,0.213007,0.003128,15.674063,32.005909,149.802390,0.034884,0.035245,0.035245,0.000000
5.415000,0.200000,0.213022,0.003108,15.674122,32.006092,149.803634,0.034661,0.035022,0.035022,0.000000
5.420000,0.200000,0.213038,0.003088,15.674180,32.006275,149.804874,0.034440,0.034799,0.034799,0.000000
5.425000,0.200000,0.213053,0.003069,15.674238,32.006456,149.806111,0.034219,0.034577,0.034577,0.000000
5.430000,0.200000,0.213069,0.003049,15.674295,32.006637,149.807343,0.033998,0.034355,0.034355,0.000000
5.435000,0.200000,0.213084,0.003030,15.674352,32.006817,149.808572,0.033779,0.034134,0.034134,0.000000
5.440000,0.200000,0.213099,0.003010,15.674409,32.006996,149.809797,0.033560,0.033914,0.033914,0.000000
5.445000,0.200000,0.213114,0.002991,15.674466,32.007173,149.811019,0.033341,0.033695,0.033695,0.000000
5.450000,0.200000,0.213129,0.002971,15.674522,32.007350,149.812237,0.033124,0.033476,0.033476,0.000000
5.455000,0.200000,0.213144,0.002952,15.674577,32.007526,149.813451,0.032906,0.033258,0.033258,0.000000
5.460000,0.200000,0.213158,0.002933,15.674633,32.007701,149.814661,0.032690,0.033041,0.033041,0.000000
5.465000,0.200000,0.213173,0.002913,15.674687,32.007875,149.815868,0.032474,0.032824,0.032824,0.000000
5.470000,0.200000,0.213187,0.002894,15.674742,32.008048,149.817071,0.032259,0.032608,0.032608,0.000000
5.475000,0.200000,0.213202,0.002875,15.674796,32.008220,149.818271,0.032045,0.032392,0.032392,0.000000
5.480000,0.200000,0.213216,0.002856,15.674850,32.008391,149.819466,0.031831,0.032177,0.032177,0.000000
5.485000,0.200000,0.213230,0.002837,15.674903,32.008561,149.820659,0.031618,0.031963,0.031963,0.000000
5.490000,0.200000,0.213245,0.002818,15.674956,32.008730,149.821847,0.031406,0.031750,0.031750,0.000000
5.495000,0.200000,0.213259,0.002799,15.675009,32.008898,149.823032,0.031194,0.031537,0.031537,0.000000
5.500000,0.200000,0.213273,0.002780,15.675061,32.009066,149.824213,0.030983,0.031325,0.031325,0.000000
5.505000,0.200000,0.213286,0.002762,15.675113,32.009232,149.825391,0.030772,0.031113,0.031113,0.000000
5.510000,0.200000,0.213300,0.002743,15.675165,32.009397,149.826565,0.030562,0.030902,0.030902,0.000000
5.515000,0.200000,0.213314,0.002724,15.675216,32.009562,149.827735,0.030353,0.030692,0.030692,0.000000
5.520000,0.200000,0.213327,0.002706,15.675266,32.009725,149.828902,0.030145,0.030482,0.030482,0.000000
5.525000,0.200000,0.213341,0.002687,15.675317,32.009888,149.830066,0.029937,0.030274,0.030274,0.000000
5.530000,0.200000,0.213354,0.002669,15.675367,32.010050,149.831225,0.029729,0.030065,0.030065,0.000000
5.535000,0.200000,0.213368,0.002650,15.675417,32.010210,149.832382,0.029523,0.029858,0.029858,0.000000
5.540000,0.200000,0.213381,0.002632,15.675466,32.010370,149.833534,0.029317,0.029650,0.029650,0.000000
5.545000,0.200000,0.213394,0.002614,15.675515,32.010529,149.834683,0.029111,0.029444,0.029444,0.000000
5.550000,0.200000,0.213407,0.002595,15.675564,32.010687,149.835829,0.028907,0.029238,0.029238,0.000000
5.555000,0.200000,0.213420,0.002577,15.675612,32.010844,149.836971,0.028703,0.029033,0.029033,0.000000
5.560000,0.200000,0.213433,0.002559,15.675660,32.011000,149.838110,0.028499,0.028829,0.028829,0.000000
5.565000,0.200000,0.213445,0.002541,15.675707,32.011155,149.839245,0.028296,0.028625,0.028625,0.000000
5.570000,0.200000,0.213458,0.002523,15.675754,32.011310,149.840376,0.028094,0.028422,0.028422,0.000000
5.575000,0.200000,0.213471,0.002505,15.675801,32.011463,149.841504,0.027893,0.028219,0.028219,0.000000
5.580000,0.200000,0.213483,0.002487,15.675847,32.011615,149.842629,0.027692,0.028017,0.028017,0.000000
5.585000,0.200000,0.213496,0.002469,15.675894,32.011767,149.843750,0.027491,0.027816,0.027816,0.000000
5.590000,0.200000,0.213508,0.002451,15.675939,32.011917,149.844868,0.027292,0.027615,0.027615,0.000000
5.595000,0.200000,0.213520,0.002434,15.675985,32.012067,149.845982,0.027092,0.027415,0.027415,0.000000
5.600000,0.200000,0.213532,0.002416,15.676030,32.012216,149.847093,0.026894,0.027215,0.027215,0.000000
5.605000,0.200000,0.213544,0.002398,15.676074,32.012364,149.848200,0.026696,0.027017,0.027017,0.000000
5.610000,0.200000,0.213556,0.002381,15.676118,32.012511,149.849304,0.026499,0.026818,0.026818,0.000000
5.615000,0.200000,0.213568,0.002363,15.676162,32.012657,149.850405,0.026302,0.026621,0.026621,0.000000
5.620000,0.200000,0.213580,0.002346,15.676206,32.012802,149.851502,0.026106,0.026424,0.026424,0.000000
5.625000,0.200000,0.213591,0.002328,15.676249,32.012946,149.852595,0.025911,0.026227,0.026227,0.000000
5.630000,0.200000,0.213603,0.002311,15.676292,32.013090,149.853686,0.025716,0.026032,0.026032,0.000000
5.635000,0.200000,0.213615,0.002293,15.676335,32.013232,149.854773,0.025522,0.025836,0.025836,0.000000
5.640000,0.200000,0.213626,0.002276,15.676377,32.013374,149.855856,0.025328,0.025642,0.025642,0.000000
5.645000,0.200000,0.213637,0.002259,15.676419,32.013515,149.856936,0.025135,0.025448,0.025448,0.000000
5.650000,0.200000,0.213649,0.002242,15.676460,32.013654,149.858013,0.024943,0.025254,0.025254,0.000000
5.655000,0.200000,0.213660,0.002225,15.676501,32.013793,149.859087,0.024751,0.025062,0.025062,0.000000
5.660000,0.200000,0.213671,0.002208,15.676542,32.013931,149.860157,0.024560,0.024870,0.024870,0.000000
5.665000,0.200000,0.213682,0.002191,15.676582,32.014069,149.861224,0.024369,0.024678,0.024678,0.000000
5.670000,0.200000,0.213693,0.002174,15.676622,32.014205,149.862287,0.024179,0.024487,0.024487,0.000000
5.675000,0.200000,0.213704,0.002157,15.676662,32.014340,149.863347,0.023990,0.024297,0.024297,0.000000
5.680000,0.200000,0.213714,0.002140,15.676701,32.014475,149.864404,0.023801,0.024107,0.024107,0.000000
5.685000,0.200000,0.213725,0.002123,15.676740,32.014608,149.865458,0.023613,0.023918,0.023918,0.000000
5.690000,0.200000,0.213736,0.002107,15.676779,32.014741,149.866508,0.023425,0.023729,0.023729,0.000000
5.695000,0.200000,0.213746,0.002090,15.676817,32.014873,149.867555,0.023238,0.023541,0.023541,0.000000
5.700000,0.200000,0.213756,0.002073,15.676855,32.015004,149.868599,0.023052,0.023354,0.023354,0.000000
5.705000,0.200000,0.213767,0.002057,15.676893,32.015134,149.869639,0.022866,0.023167,0.023167,0.000000
5.710000,0.200000,0.213777,0.002040,15.676930,32.015264,149.870676,0.022681,0.022981,0.022981,0.000000
5.715000,0.200000,0.213787,0.002024,15.676967,32.015392,149.871710,0.022496,0.022795,0.022795,0.000000
5.720000,0.200000,0.213797,0.002007,15.677004,32.015520,149.872741,0.022312,0.022610,0.022610,0.000000
5.725000,0.200000,0.213807,0.001991,15.677040,32.015646,149.873768,0.022128,0.022426,0.022426,0.000000
5.730000,0.200000,0.213817,0.001975,15.677076,32.015772,149.874792,0.021946,0.022242,0.022242,0.000000
5.735000,0.200000,0.213827,0.001958,15.677112,32.015897,149.875813,0.021763,0.022059,0.022059,0.000000
5.740000,0.200000,0.213837,0.001942,15.677147,32.016021,149.876831,0.021581,0.021876,0.021876,0.000000
5.745000,0.200000,0.213846,0.001926,15.677182,32.016144,149.877846,0.021400,0.021694,0.021694,0.000000
5.750000,0.200000,0.213856,0.001910,15.677216,32.016267,149.878857,0.021220,0.021512,0.021512,0.000000
5.755000,0.200000,0.213866,0.001894,15.677251,32.016388,149.879865,0.021039,0.021331,0.021331,0.000000
5.760000,0.200000,0.213875,0.001878,15.677285,32.016509,149.880870,0.020860,0.021151,0.021151,0.000000
5.765000,0.200000,0.213884,0.001862,15.677318,32.016629,149.881872,0.020681,0.020971,0.020971,0.000000
5.770000,0.200000,0.213894,0.001846,15.677351,32.016748,149.882871,0.020503,0.020792,0.020792,0.000000
5.775000,0.200000,0.213903,0.001830,15.677384,32.016866,149.883866,0.020325,0.020613,0.020613,0.000000
5.780000,0.200000,0.213912,0.001814,15.677417,32.016983,149.884859,0.020148,0.020435,0.020435,0.000000
5.785000,0.200000,0.213921,0.001798,15.677449,32.017100,149.885848,0.019971,0.020257,0.020257,0.000000
5.790000,0.200000,0.213930,0.001783,15.677481,32.017216,149.886834,0.019795,0.020080,0.020080,0.000000
5.795000,0.200000,0.213939,0.001767,15.677513,32.017330,149.887817,0.019619,0.019904,0.019904,0.000000
5.800000,0.200000,0.213948,0.001751,15.677544,32.017444,149.888797,0.019444,0.019728,0.019728,0.000000
5.805000,0.200000,0.213956,0.001736,15.677575,32.017557,149.889774,0.019270,0.019553,0.019553,0.000000
5.810000,0.200000,0.213965,0.001720,15.677605,32.017670,149.890747,0.019096,0.019378,0.019378,0.000000
5.815000,0.200000,0.213973,0.001705,15.677636,32.017781,149.891718,0.018923,0.019204,0.019204,0.000000
5.820000,0.200000,0.213982,0.001690,15.677666,32.017892,149.892685,0.018750,0.019030,0.019030,0.000000
5.825000,0.200000,0.213990,0.001674,15.677695,32.018002,149.893650,0.018578,0.018857,0.018857,0.000000
5.830000,0.200000,0.213999,0.001659,15.677724,32.018111,149.894611,0.018406,0.018684,0.018684,0.000000
5.835000,0.200000,0.214007,0.001644,15.677753,32.018219,149.895569,0.018235,0.018512,0.018512,0.000000
5.840000,0.200000,0.214015,0.001628,15.677782,32.018326,149.896524,0.018065,0.018341,0.018341,0.000000
5.845000,0.200000,0.214023,0.001613,15.677810,32.018433,149.897477,0.017895,0.018170,0.018170,0.000000
5.850000,0.200000,0.214031,0.001598,15.677838,32.018538,149.898426,0.017725,0.018000,0.018000,0.000000
5.855000,0.200000,0.214039,0.001583,15.677866,32.018643,149.899372,0.017556,0.017830,0.017830,0.000000
5.860000,0.200000,0.214047,0.001568,15.677893,32.018747,149.900315,0.017388,0.017661,0.017661,0.000000
5.865000,0.200000,0.214055,0.001553,15.677920,32.018850,149.901255,0.017220,0.017492,0.017492,0.000000
5.870000,0.200000,0.214063,0.001538,15.677947,32.018953,149.902192,0.017053,0.017324,0.017324,0.000000
5.875000,0.200000,0.214070,0.001523,15.677973,32.019054,149.903126,0.016886,0.017156,0.017156,0.000000
5.880000,0.200000,0.214078,0.001508,15.677999,32.019155,149.904057,0.016720,0.016989,0.016989,0.000000
5.885000,0.200000,0.214085,0.001494,15.678025,32.019255,149.904985,0.016554,0.016822,0.016822,0.000000
5.890000,0.200000,0.214093,0.001479,15.678050,32.019354,149.905910,0.016389,0.016656,0.016656,0.000000
5.895000,0.200000,0.214100,0.001464,15.678075,32.019453,149.906832,0.016224,0.016491,0.016491,0.000000
5.900000,0.200000,0.214107,0.001450,15.678100,32.019550,149.907751,0.016060,0.016326,0.016326,0.000000
5.905000,0.200000,0.214115,0.001435,15.678124,32.019647,149.908667,0.015897,0.016162,0.016162,0.000000
5.910000,0.200000,0.214122,0.001420,15.678149,32.019743,149.909580,0.015734,0.015998,0.015998,0.000000
5.915000,0.200000,0.214129,0.001406,15.678172,32.019838,149.910491,0.015571,0.015834,0.015834,0.000000
5.920000,0.200000,0.214136,0.001391,15.678196,32.019933,149.911398,0.015409,0.015672,0.015672,0.000000
5.925000,0.200000,0.214143,0.001377,15.678219,32.020026,149.912302,0.015248,0.015509,0.015509,0.000000
5.930000,0.200000,0.214150,0.001363,15.678242,32.020119,149.913204,0.015087,0.015347,0.015347,0.000000
5.935000,0.200000,0.214156,0.001348,15.678264,32.020211,149.914102,0.014926,0.015186,0.015186,0.000000
5.940000,0.200000,0.214163,0.001334,15.678287,32.020302,149.914998,0.014767,0.015026,0.015026,0.000000
5.945000,0.200000,0.214170,0.001320,15.678308,32.020392,149.915891,0.014607,0.014865,0.014865,0.000000
5.950000,0.200000,0.214176,0.001306,15.678330,32.020482,149.916781,0.014448,0.014706,0.014706,0.000000
5.955000,0.200000,0.214183,0.001292,15.678351,32.020571,149.917668,0.014290,0.014546,0.014546,0.000000
5.960000,0.200000,0.214189,0.001278,15.678372,32.020659,149.918552,0.014132,0.014388,0.014388,0.000000
5.965000,0.200000,0.214196,0.001264,15.678393,32.020746,149.919433,0.013975,0.014230,0.014230,0.000000
5.970000,0.200000,0.214202,0.001250,15.678413,32.020833,149.920311,0.013818,0.014072,0.014072,0.000000
5.975000,0.200000,0.214208,0.001236,15.678433,32.020918,149.921187,0.013662,0.013915,0.013915,0.000000
5.980000,0.200000,0.214214,0.001222,15.678453,32.021003,149.922059,0.013506,0.013758,0.013758,0.000000
5.985000,0.200000,0.214220,0.001208,15.678472,32.021087,149.922929,0.013351,0.013602,0.013602,0.000000
5.990000,0.200000,0.214226,0.001194,15.678491,32.021171,149.923796,0.013196,0.013447,0.013447,0.000000
5.995000,0.200000,0.214232,0.001180,15.678510,32.021253,149.924660,0.013042,0.013292,0.013292,0.000000
6.000000,0.200000,0.214238,0.001167,15.678529,32.021335,149.925522,0.012888,0.013137,0.013137,0.000000
6.005000,0.200000,0.214244,0.001153,15.678547,32.021416,149.926380,0.012735,0.012983,0.012983,0.000000
6.010000,0.200000,0.214250,0.001139,15.678565,32.021496,149.927236,0.012582,0.012830,0.012830,0.000000
6.015000,0.200000,0.214255,0.001126,15.678582,32.021576,149.928089,0.012430,0.012677,0.012677,0.000000
6.020000,0.200000,0.214261,0.001112,15.678600,32.021654,149.928939,0.012278,0.012524,0.012524,0.000000
6.025000,0.200000,0.214266,0.001099,15.678617,32.021732,149.929786,0.012127,0.012372,0.012372,0.000000
6.030000,0.200000,0.214272,0.001085,15.678633,32.021810,149.930631,0.011976,0.012221,0.012221,0.000000
6.035000,0.200000,0.214277,0.001072,15.678650,32.021886,149.931473,0.011826,0.012070,0.012070,0.000000
6.040000,0.200000,0.214283,0.001058,15.678666,32.021962,149.932312,0.011677,0.011919,0.011919,0.000000
6.045000,0.200000,0.214288,0.001045,15.678681,32.022037,149.933148,0.011527,0.011769,0.011769,0.000000
6.050000,0.200000,0.214293,0.001032,15.678697,32.022111,149.933982,0.011379,0.011619,0.011619,0.000000
6.055000,0.200000,0.214298,0.001019,15.678712,32.022184,149.934812,0.011230,0.011470,0.011470,0.000000
6.060000,0.200000,0.214303,0.001005,15.678727,32.022257,149.935640,0.011083,0.011322,0.011322,0.000000
6.065000,0.200000,0.214308,0.000992,15.678741,32.022329,149.936466,0.010935,0.011174,0.011174,0.000000
6.070000,0.200000,0.214313,0.000979,15.678756,32.022400,149.937288,0.010788,0.011026,0.011026,0.000000
6.075000,0.200000,0.214318,0.000966,15.678769,32.022470,149.938108,0.010642,0.010879,0.010879,0.000000
6.080000,0.200000,0.214323,0.000953,15.678783,32.022540,149.938925,0.010496,0.010733,0.010733,0.000000
6.085000,0.200000,0.214328,0.000940,15.678796,32.022609,149.939740,0.010351,0.010586,0.010586,0.000000
6.090000,0.200000,0.214332,0.000927,15.678809,32.022677,149.940552,0.010206,0.010441,0.010441,0.000000
6.095000,0.200000,0.214337,0.000914,15.678822,32.022744,149.941361,0.010062,0.010296,0.010296,0.000000
6.100000,0.200000,0.214341,0.000901,15.678835,32.022811,149.942167,0.009918,0.010151,0.010151,0.000000
6.105000,0.200000,0.214346,0.000889,15.678847,32.022877,149.942971,0.009775,0.010007,0.010007,0.000000
6.110000,0.200000,0.214350,0.000876,15.678859,32.022942,149.943772,0.009632,0.009863,0.009863,0.000000
6.115000,0.200000,0.214355,0.000863,15.678870,32.023006,149.944570,0.009489,0.009720,0.009720,0.000000
6.120000,0.200000,0.214359,0.000851,15.678882,32.023070,149.945366,0.009347,0.009577,0.009577,0.000000
6.125000,0.200000,0.214363,0.000838,15.678892,32.023133,149.946159,0.009206,0.009435,0.009435,0.000000
6.130000,0.200000,0.214367,0.000825,15.678903,32.023195,149.946950,0.009065,0.009293,0.009293,0.000000
6.135000,0.200000,0.214371,0.000813,15.678914,32.023257,149.947738,0.008924,0.009152,0.009152,0.000000
6.140000,0.200000,0.214375,0.000800,15.678924,32.023318,149.948523,0.008784,0.009011,0.009011,0.000000
6.145000,0.200000,0.214379,0.000788,15.678933,32.023378,149.949305,0.008645,0.008871,0.008871,0.000000
6.150000,0.200000,0.214383,0.000775,15.678943,32.023437,149.950085,0.008505,0.008731,0.008731,0.000000
6.155000,0.200000,0.214387,0.000763,15.678952,32.023495,149.950863,0.008367,0.008591,0.008591,0.000000
6.160000,0.200000,0.214391,0.000751,15.678961,32.023553,149.951637,0.008229,0.008452,0.008452,0.000000
6.165000,0.200000,0.214395,0.000738,15.678970,32.023610,149.952410,0.008091,0.008314,0.008314,0.000000
6.170000,0.200000,0.214398,0.000726,15.678978,32.023667,149.953179,0.007953,0.008176,0.008176,0.000000
6.175000,0.200000,0.214402,0.000714,15.678986,32.023722,149.953946,0.007817,0.008038,0.008038,0.000000
6.180000,0.200000,0.214405,0.000702,15.678994,32.023777,149.954711,0.007680,0.007901,0.007901,0.000000
6.185000,0.200000,0.214409,0.000690,15.679001,32.023832,149.955473,0.007544,0.007765,0.007765,0.000000
6.190000,0.200000,0.214412,0.000678,15.679009,32.023885,149.956232,0.007409,0.007628,0.007628,0.000000
6.195000,0.200000,0.214416,0.000666,15.679016,32.023938,149.956989,0.007274,0.007493,0.007493,0.000000
6.200000,0.200000,0.214419,0.000653,15.679022,32.023990,149.957743,0.007139,0.007357,0.007357,0.000000
6.205000,0.200000,0.214422,0.000642,15.679029,32.024041,149.958495,0.007005,0.007223,0.007223,0.000000
6.210000,0.200000,0.214425,0.000630,15.679035,32.024092,149.959244,0.006872,0.007088,0.007088,0.000000
6.215000,0.200000,0.214428,0.000618,15.679040,32.024142,149.959990,0.006739,0.006954,0.006954,0.000000
6.220000,0.200000,0.214432,0.000606,15.679046,32.024191,149.960734,0.006606,0.006821,0.006821,0.000000
6.225000,0.200000,0.214435,0.000594,15.679051,32.024240,149.961476,0.006474,0.006688,0.006688,0.000000
6.230000,0.200000,0.214437,0.000582,15.679056,32.024288,149.962215,0.006342,0.006555,0.006555,0.000000
6.235000,0.200000,0.214440,0.000571,15.679061,32.024335,149.962952,0.006211,0.006423,0.006423,0.000000
6.240000,0.200000,0.214443,0.000559,15.679065,32.024381,149.963686,0.006080,0.006292,0.006292,0.000000
6.245000,0.200000,0.214446,0.000547,15.679069,32.024427,149.964417,0.005949,0.006160,0.006160,0.000000
6.250000,0.200000,0.214449,0.000536,15.679073,32.024472,149.965146,0.005819,0.006030,0.006030,0.000000
6.255000,0.200000,0.214451,0.000524,15.679077,32.024516,149.965873,0.005690,0.005899,0.005899,0.000000
6.260000,0.200000,0.214454,0.000513,15.679080,32.024560,149.966597,0.005560,0.005770,0.005770,0.000000
6.265000,0.200000,0.214456,0.000501,15.679083,32.024603,149.967319,0.005432,0.005640,0.005640,0.000000
6.270000,0.200000,0.214459,0.000490,15.679085,32.024645,149.968038,0.005303,0.005511,0.005511,0.000000
6.275000,0.200000,0.214461,0.000478,15.679088,32.024687,149.968755,0.005176,0.005383,0.005383,0.000000
6.280000,0.200000,0.214464,0.000467,15.679090,32.024727,149.969469,0.005048,0.005255,0.005255,0.000000
6.285000,0.200000,0.214466,0.000455,15.679092,32.024768,149.970181,0.004921,0.005127,0.005127,0.000000
6.290000,0.200000,0.214468,0.000444,15.679093,32.024807,149.970891,0.004795,0.005000,0.005000,0.000000
6.295000,0.200000,0.214470,0.000433,15.679095,32.024846,149.971598,0.004669,0.004873,0.004873,0.000000
6.300000,0.200000,0.214473,0.000422,15.679096,32.024884,149.972302,0.004543,0.004747,0.004747,0.000000
6.305000,0.200000,0.214475,0.000411,15.679096,32.024921,149.973004,0.004418,0.004621,0.004621,0.000000
6.310000,0.200000,0.214477,0.000399,15.679097,32.024958,149.973704,0.004293,0.004495,0.004495,0.000000
6.315000,0.200000,0.214479,0.000388,15.679097,32.024994,149.974402,0.004169,0.004370,0.004370,0.000000
6.320000,0.200000,0.214481,0.000377,15.679097,32.025029,149.975097,0.004045,0.004246,0.004246,0.000000
6.325000,0.200000,0.214482,0.000366,15.679097,32.025064,149.975789,0.003921,0.004121,0.004121,0.000000
6.330000,0.200000,0.214484,0.000355,15.679096,32.025098,149.976479,0.003798,0.003998,0.003998,0.000000
6.335000,0.200000,0.214486,0.000344,15.679095,32.025131,149.977167,0.003676,0.003874,0.003874,0.000000
6.340000,0.200000,0.214488,0.000333,15.679094,32.025164,149.977853,0.003553,0.003751,0.003751,0.000000
6.345000,0.200000,0.214489,0.000322,15.679093,32.025196,149.978536,0.003432,0.003629,0.003629,0.000000
6.350000,0.200000,0.214491,0.000312,15.679091,32.025227,149.979217,0.003310,0.003507,0.003507,0.000000
6.355000,0.200000,0.214492,0.000301,15.679089,32.025258,149.979895,0.003189,0.003385,0.003385,0.000000
6.360000,0.200000,0.214494,0.000290,15.679087,32.025288,149.980571,0.003069,0.003264,0.003264,0.000000
6.365000,0.200000,0.214495,0.000279,15.679084,32.025317,149.981245,0.002949,0.003143,0.003143,0.000000
6.370000,0.200000,0.214497,0.000269,15.679082,32.025346,149.981916,0.002829,0.003023,0.003023,0.000000
6.375000,0.200000,0.214498,0.000258,15.679079,32.025374,149.982585,0.002710,0.002903,0.002903,0.000000
6.380000,0.200000,0.214499,0.000247,15.679075,32.025401,149.983252,0.002591,0.002783,0.002783,0.000000
6.385000,0.200000,0.214500,0.000237,15.679072,32.025428,149.983917,0.002472,0.002664,0.002664,0.000000
6.390000,0.200000,0.214502,0.000226,15.679068,32.025454,149.984579,0.002354,0.002546,0.002546,0.000000
6.395000,0.200000,0.214503,0.000216,15.679064,32.025479,149.985238,0.002237,0.002427,0.002427,0.000000
6.400000,0.200000,0.214504,0.000205,15.679059,32.025504,149.985896,0.002120,0.002310,0.002310,0.000000
6.405000,0.200000,0.214505,0.000195,15.679055,32.025528,149.986551,0.002003,0.002192,0.002192,0.000000
6.410000,0.200000,0.214506,0.000185,15.679050,32.025551,149.987204,0.001886,0.002075,0.002075,0.000000
6.415000,0.200000,0.214507,0.000174,15.679045,32.025573,149.987855,0.001771,0.001958,0.001958,0.000000
6.420000,0.200000,0.214508,0.000164,15.679039,32.025595,149.988503,0.001655,0.001842,0.001842,0.000000
6.425000,0.200000,0.214508,0.000154,15.679033,32.025617,149.989149,0.001540,0.001726,0.001726,0.000000
6.430000,0.200000,0.214509,0.000143,15.679028,32.025638,149.989793,0.001425,0.001611,0.001611,0.000000
6.435000,0.200000,0.214510,0.000133,15.679021,32.025658,149.990435,0.001311,0.001496,0.001496,0.000000
6.440000,0.200000,0.214510,0.000123,15.679015,32.025677,149.991074,0.001197,0.001381,0.001381,0.000000
6.445000,0.200000,0.214511,0.000113,15.679008,32.025696,149.991711,0.001083,0.001267,0.001267,0.000000
6.450000,0.200000,0.214511,0.000103,15.679001,32.025714,149.992346,0.000970,0.001153,0.001153,0.000000
6.455000,0.200000,0.214512,0.000093,15.678994,32.025731,149.992979,0.000857,0.001040,0.001040,0.000000
6.460000,0.200000,0.214512,0.000083,15.678986,32.025748,149.993609,0.000745,0.000927,0.000927,0.000000
6.465000,0.200000,0.214513,0.000073,15.678979,32.025764,149.994237,0.000633,0.000814,0.000814,0.000000
6.470000,0.200000,0.214513,0.000063,15.678971,32.025780,149.994863,0.000521,0.000702,0.000702,0.000000
6.475000,0.200000,0.214513,0.000053,15.678962,32.025795,149.995487,0.000410,0.000590,0.000590,0.000000
6.480000,0.200000,0.214514,0.000043,15.678954,32.025809,149.996109,0.000300,0.000479,0.000479,0.000000
6.485000,0.200000,0.214514,0.000033,15.678945,32.025823,149.996728,0.000189,0.000368,0.000368,0.000000
6.490000,0.200000,0.214514,0.000023,15.678936,32.025835,149.997345,0.000079,0.000257,0.000257,0.000000
6.495000,0.200000,0.214514,0.000013,15.678926,32.025848,149.997960,-0.000030,0.000147,0.000147,0.000000
6.500000,0.200000,0.214514,0.000004,15.678917,32.025860,149.998573,-0.000140,0.000037,0.000037,0.000000
6.505000,0.200000,0.214514,-0.000006,15.678952,32.025944,149.999066,-0.000248,-0.000072,-0.000072,0.000000
6.510000,0.200000,0.214514,-0.000014,15.679151,32.026363,149.999164,-0.000357,-0.000181,-0.000181,0.000000
6.515000,0.200000,0.214514,-0.000023,15.679509,32.027151,149.999001,-0.000465,-0.000290,-0.000290,0.000000
6.520000,0.200000,0.214514,-0.000032,15.680055,32.028276,149.998681,-0.000573,-0.000398,-0.000398,0.000000
6.525000,0.200000,0.214514,-0.000040,15.680769,32.029759,149.998266,-0.000680,-0.000506,-0.000506,0.000000
6.530000,0.200000,0.214513,-0.000049,15.681648,32.031600,149.997794,-0.000787,-0.000614,-0.000614,0.000000
6.535000,0.200000,0.214513,-0.000058,15.682710,32.033778,149.997288,-0.000894,-0.000721,-0.000721,0.000000
6.540000,0.200000,0.214513,-0.000066,15.683934,32.036313,149.996763,-0.001000,-0.000828,-0.000828,0.000000
6.545000,0.200000,0.214513,-0.000075,15.685328,32.039196,149.996226,-0.001106,-0.000935,-0.000935,0.000000
6.550000,0.200000,0.214512,-0.000084,15.686899,32.042418,149.995683,-0.001212,-0.001041,-0.001041,0.000000
6.555000,0.200000,0.214512,-0.000092,15.688631,32.045994,149.995138,-0.001317,-0.001147,-0.001147,0.000000
6.560000,0.200000,0.214511,-0.000101,15.690535,32.049910,149.994591,-0.001422,-0.001252,-0.001252,0.000000
6.565000,0.200000,0.214511,-0.000109,15.692610,32.054165,149.994044,-0.001527,-0.001357,-0.001357,0.000000
6.570000,0.200000,0.214510,-0.000117,15.694845,32.058770,149.993498,-0.001631,-0.001462,-0.001462,0.000000
6.575000,0.200000,0.214510,-0.000126,15.697253,32.063709,149.992953,-0.001735,-0.001567,-0.001567,0.000000
6.580000,0.200000,0.214509,-0.000134,15.699825,32.068988,149.992409,-0.001839,-0.001671,-0.001671,0.000000
6.585000,0.200000,0.214508,-0.000143,15.702561,32.074609,149.991867,-0.001942,-0.001775,-0.001775,0.000000
6.590000,0.200000,0.214507,-0.000151,15.705465,32.080563,149.991327,-0.002045,-0.001878,-0.001878,0.000000
6.595000,0.200000,0.214507,-0.000159,15.708532,32.086855,149.990788,-0.002148,-0.001981,-0.001981,0.000000
6.600000,0.200000,0.214506,-0.000167,15.711762,32.093482,149.990251,-0.002250,-0.002084,-0.002084,0.000000
6.605000,0.200000,0.214505,-0.000176,15.715158,32.100440,149.989716,-0.002352,-0.002187,-0.002187,0.000000
6.610000,0.200000,0.214504,-0.000184,15.718714,32.107733,149.989183,-0.002453,-0.002289,-0.002289,0.000000
6.615000,0.200000,0.214503,-0.000192,15.722433,32.115357,149.988652,-0.002555,-0.002391,-0.002391,0.000000
6.620000,0.200000,0.214502,-0.000200,15.726315,32.123309,149.988122,-0.002656,-0.002492,-0.002492,0.000000
6.625000,0.200000,0.214501,-0.000208,15.730356,32.131592,149.987594,-0.002756,-0.002593,-0.002593,0.000000
6.630000,0.200000,0.214500,-0.000217,15.734559,32.140202,149.987068,-0.002856,-0.002694,-0.002694,0.000000
6.635000,0.200000,0.214499,-0.000225,15.738922,32.149138,149.986544,-0.002956,-0.002794,-0.002794,0.000000
6.640000,0.200000,0.214498,-0.000233,15.743443,32.158401,149.986021,-0.003056,-0.002895,-0.002895,0.000000
6.645000,0.200000,0.214497,-0.000241,15.748124,32.167987,149.985500,-0.003155,-0.002994,-0.002994,0.000000
6.650000,0.200000,0.214495,-0.000249,15.752963,32.177896,149.984981,-0.003254,-0.003094,-0.003094,0.000000
6.655000,0.200000,0.214494,-0.000257,15.757959,32.188128,149.984464,-0.003353,-0.003193,-0.003193,0.000000
6.660000,0.200000,0.214493,-0.000265,15.763113,32.198680,149.983949,-0.003451,-0.003292,-0.003292,0.000000
6.665000,0.200000,0.214492,-0.000272,15.768423,32.209552,149.983435,-0.003549,-0.003390,-0.003390,0.000000
6.670000,0.200000,0.214490,-0.000280,15.773889,32.220742,149.982923,-0.003647,-0.003488,-0.003488,0.000000
6.675000,0.200000,0.214489,-0.000288,15.779511,32.232249,149.982413,-0.003744,-0.003586,-0.003586,0.000000
6.680000,0.200000,0.214487,-0.000296,15.785286,32.244074,149.981905,-0.003841,-0.003684,-0.003684,0.000000
6.685000,0.200000,0.214486,-0.000304,15.791217,32.256212,149.981399,-0.003937,-0.003781,-0.003781,0.000000
6.690000,0.200000,0.214484,-0.000312,15.797301,32.268665,149.980894,-0.004034,-0.003878,-0.003878,0.000000
6.695000,0.200000,0.214483,-0.000319,15.803538,32.281430,149.980391,-0.004130,-0.003974,-0.003974,0.000000
6.700000,0.200000,0.214481,-0.000327,15.809929,32.294507,149.979890,-0.004225,-0.004070,-0.004070,0.000000
6.705000,0.200000,0.214479,-0.000335,15.816470,32.307894,149.979390,-0.004321,-0.004166,-0.004166,0.000000
6.710000,0.200000,0.214478,-0.000343,15.823164,32.321591,149.978893,-0.004416,-0.004262,-0.004262,0.000000
6.715000,0.200000,0.214476,-0.000350,15.830008,32.335595,149.978397,-0.004511,-0.004357,-0.004357,0.000000
6.720000,0.200000,0.214474,-0.000358,15.837002,32.349906,149.977903,-0.004605,-0.004452,-0.004452,0.000000
6.725000,0.200000,0.214472,-0.000366,15.844146,32.364524,149.977410,-0.004699,-0.004547,-0.004547,0.000000
6.730000,0.200000,0.214471,-0.000373,15.851440,32.379445,149.976920,-0.004793,-0.004641,-0.004641,0.000000
6.735000,0.200000,0.214469,-0.000381,15.858882,32.394670,149.976431,-0.004886,-0.004735,-0.004735,0.000000
6.740000,0.200000,0.214467,-0.000388,15.866472,32.410198,149.975944,-0.004979,-0.004828,-0.004828,0.000000
6.745000,0.200000,0.214465,-0.000396,15.874209,32.426026,149.975458,-0.005072,-0.004922,-0.004922,0.000000
6.750000,0.200000,0.214463,-0.000403,15.882093,32.442155,149.974975,-0.005165,-0.005015,-0.005015,0.000000
6.755000,0.200000,0.214461,-0.000411,15.890124,32.458582,149.974493,-0.005257,-0.005107,-0.005107,0.000000
6.760000,0.200000,0.214459,-0.000418,15.898301,32.475307,149.974013,-0.005349,-0.005200,-0.005200,0.000000
6.765000,0.200000,0.214457,-0.000425,15.906622,32.492329,149.973534,-0.005440,-0.005292,-0.005292,0.000000
6.770000,0.200000,0.214454,-0.000433,15.915089,32.509646,149.973057,-0.005531,-0.005384,-0.005384,0.000000
6.775000,0.200000,0.214452,-0.000440,15.923699,32.527257,149.972582,-0.005622,-0.005475,-0.005475,0.000000
6.780000,0.200000,0.214450,-0.000448,15.932453,32.545161,149.972109,-0.005713,-0.005566,-0.005566,0.000000
6.785000,0.200000,0.214448,-0.000455,15.941350,32.563357,149.971638,-0.005803,-0.005657,-0.005657,0.000000
6.790000,0.200000,0.214445,-0.000462,15.950389,32.581844,149.971168,-0.005893,-0.005748,-0.005748,0.000000
6.795000,0.200000,0.214443,-0.000469,15.959570,32.600621,149.970700,-0.005983,-0.005838,-0.005838,0.000000
6.800000,0.200000,0.214441,-0.000477,15.968893,32.619686,149.970233,-0.006072,-0.005928,-0.005928,0.000000
6.805000,0.200000,0.214438,-0.000484,15.978356,32.639038,149.969769,-0.006161,-0.006017,-0.006017,0.000000
6.810000,0.200000,0.214436,-0.000491,15.987959,32.658677,149.969306,-0.006250,-0.006106,-0.006106,0.000000
6.815000,0.200000,0.214433,-0.000498,15.997702,32.678601,149.968845,-0.006339,-0.006195,-0.006195,0.000000
6.820000,0.200000,0.214431,-0.000505,16.007584,32.698808,149.968385,-0.006427,-0.006284,-0.006284,0.000000
6.825000,0.200000,0.214428,-0.000512,16.017604,32.719299,149.967927,-0.006515,-0.006372,-0.006372,0.000000
6.830000,0.200000,0.214426,-0.000520,16.027763,32.740071,149.967471,-0.006602,-0.006460,-0.006460,0.000000
6.835000,0.200000,0.214423,-0.000527,16.038058,32.761123,149.967017,-0.006690,-0.006548,-0.006548,0.000000
6.840000,0.200000,0.214421,-0.000534,16.048491,32.782455,149.966564,-0.006776,-0.006636,-0.006636,0.000000
6.845000,0.200000,0.214418,-0.000541,16.059059,32.804066,149.966113,-0.006863,-0.006723,-0.006723,0.000000
6.850000,0.200000,0.214415,-0.000548,16.069764,32.825953,149.965664,-0.006949,-0.006810,-0.006810,0.000000
6.855000,0.200000,0.214412,-0.000555,16.080604,32.848116,149.965216,-0.007036,-0.006896,-0.006896,0.000000
6.860000,0.200000,0.214410,-0.000562,16.091578,32.870554,149.964770,-0.007121,-0.006982,-0.006982,0.000000
6.865000,0.200000,0.214407,-0.000568,16.102686,32.893266,149.964326,-0.007207,-0.007068,-0.007068,0.000000
6.870000,0.200000,0.214404,-0.000575,16.113928,32.916251,149.963883,-0.007292,-0.007154,-0.007154,0.000000
6.875000,0.200000,0.214401,-0.000582,16.125302,32.939506,149.963443,-0.007377,-0.007239,-0.007239,0.000000
6.880000,0.200000,0.214398,-0.000589,16.136809,32.963033,149.963003,-0.007461,-0.007324,-0.007324,0.000000
6.885000,0.200000,0.214395,-0.000596,16.148448,32.986828,149.962566,-0.007546,-0.007409,-0.007409,0.000000
6.890000,0.200000,0.214392,-0.000603,16.160218,33.010891,149.962130,-0.007630,-0.007493,-0.007493,0.000000
6.895000,0.200000,0.214389,-0.000609,16.172119,33.035222,149.961696,-0.007713,-0.007578,-0.007578,0.000000
6.900000,0.200000,0.214386,-0.000616,16.184150,33.059818,149.961263,-0.007797,-0.007662,-0.007662,0.000000
6.905000,0.200000,0.214383,-0.000623,16.196311,33.084679,149.960832,-0.007880,-0.007745,-0.007745,0.000000
6.910000,0.200000,0.214380,-0.000630,16.208601,33.109803,149.960403,-0.007962,-0.007828,-0.007828,0.000000
6.915000,0.200000,0.214377,-0.000636,16.221019,33.135190,149.959975,-0.008045,-0.007911,-0.007911,0.000000
6.920000,0.200000,0.214373,-0.000643,16.233565,33.160838,149.959550,-0.008127,-0.007994,-0.007994,0.000000
6.925000,0.200000,0.214370,-0.000650,16.246239,33.186747,149.959125,-0.008209,-0.008076,-0.008076,0.000000
6.930000,0.200000,0.214367,-0.000656,16.259039,33.212914,149.958703,-0.008291,-0.008158,-0.008158,0.000000
6.935000,0.200000,0.214364,-0.000663,16.271966,33.239340,149.958282,-0.008372,-0.008240,-0.008240,0.000000
6.940000,0.200000,0.214360,-0.000669,16.285019,33.266022,149.957862,-0.008453,-0.008322,-0.008322,0.000000
6.945000,0.200000,0.214357,-0.000676,16.298197,33.292960,149.957445,-0.008534,-0.008403,-0.008403,0.000000
6.950000,0.200000,0.214354,-0.000682,16.311499,33.320153,149.957029,-0.008614,-0.008484,-0.008484,0.000000
6.955000,0.200000,0.214350,-0.000689,16.324926,33.347599,149.956614,-0.008695,-0.008565,-0.008565,0.000000
6.960000,0.200000,0.214347,-0.000695,16.338477,33.375298,149.956202,-0.008775,-0.008645,-0.008645,0.000000
6.965000,0.200000,0.214343,-0.000702,16.352150,33.403248,149.955790,-0.008854,-0.008725,-0.008725,0.000000
6.970000,0.200000,0.214340,-0.000708,16.365946,33.431448,149.955381,-0.008933,-0.008805,-0.008805,0.000000
6.975000,0.200000,0.214336,-0.000715,16.379864,33.459898,149.954973,-0.009013,-0.008884,-0.008884,0.000000
6.980000,0.200000,0.214332,-0.000721,16.393904,33.488595,149.954567,-0.009091,-0.008964,-0.008964,0.000000
6.985000,0.200000,0.214329,-0.000727,16.408064,33.517539,149.954162,-0.009170,-0.009043,-0.009043,0.000000
6.990000,0.200000,0.214325,-0.000734,16.422345,33.546729,149.953759,-0.009248,-0.009121,-0.009121,0.000000
6.995000,0.200000,0.214322,-0.000740,16.436745,33.576164,149.953358,-0.009326,-0.009200,-0.009200,0.000000
7.000000,0.200000,0.214318,-0.000746,16.451265,33.605843,149.952958,-0.009404,-0.009278,-0.009278,0.000000
7.005000,0.200000,0.214314,-0.000753,16.465904,33.635764,149.952560,-0.009481,-0.009356,-0.009356,0.000000
7.010000,0.200000,0.214310,-0.000759,16.480661,33.665926,149.952163,-0.009558,-0.009433,-0.009433,0.000000
7.015000,0.200000,0.214306,-0.000765,16.495536,33.696329,149.951768,-0.009635,-0.009510,-0.009510,0.000000
7.020000,0.200000,0.214303,-0.000771,16.510527,33.726971,149.951374,-0.009711,-0.009587,-0.009587,0.000000
7.025000,0.200000,0.214299,-0.000777,16.525636,33.757851,149.950983,-0.009788,-0.009664,-0.009664,0.000000
7.030000,0.200000,0.214295,-0.000784,16.540860,33.788969,149.950592,-0.009864,-0.009741,-0.009741,0.000000
7.035000,0.200000,0.214291,-0.000790,16.556200,33.820322,149.950204,-0.009939,-0.009817,-0.009817,0.000000
7.040000,0.200000,0.214287,-0.000796,16.571656,33.851910,149.949817,-0.010015,-0.009893,-0.009893,0.000000
7.045000,0.200000,0.214283,-0.000802,16.587225,33.883732,149.949431,-0.010090,-0.009968,-0.009968,0.000000
7.050000,0.200000,0.214279,-0.000808,16.602909,33.915787,149.949047,-0.010165,-0.010044,-0.010044,0.000000
7.055000,0.200000,0.214275,-0.000814,16.618706,33.948073,149.948665,-0.010240,-0.010119,-0.010119,0.000000
7.060000,0.200000,0.214271,-0.000820,16.634616,33.980590,149.948284,-0.010314,-0.010193,-0.010193,0.000000
7.065000,0.200000,0.214267,-0.000826,16.650638,34.013337,149.947905,-0.010388,-0.010268,-0.010268,0.000000
7.070000,0.200000,0.214263,-0.000832,16.666773,34.046312,149.947527,-0.010462,-0.010342,-0.010342,0.000000
7.075000,0.200000,0.214258,-0.000838,16.683018,34.079514,149.947151,-0.010535,-0.010416,-0.010416,0.000000
7.080000,0.200000,0.214254,-0.000844,16.699375,34.112943,149.946777,-0.010609,-0.010490,-0.010490,0.000000
7.085000,0.200000,0.214250,-0.000850,16.715842,34.146597,149.946404,-0.010682,-0.010563,-0.010563,0.000000
7.090000,0.200000,0.214246,-0.000856,16.732418,34.180475,149.946033,-0.010754,-0.010637,-0.010637,0.000000
7.095000,0.200000,0.214241,-0.000862,16.749104,34.214577,149.945663,-0.010827,-0.010709,-0.010709,0.000000
7.100000,0.200000,0.214237,-0.000867,16.765899,34.248900,149.945295,-0.010899,-0.010782,-0.010782,0.000000
7.105000,0.200000,0.214233,-0.000873,16.782802,34.283444,149.944928,-0.010971,-0.010854,-0.010854,0.000000
7.110000,0.200000,0.214228,-0.000879,16.799812,34.318209,149.944563,-0.011043,-0.010926,-0.010926,0.000000
7.115000,0.200000,0.214224,-0.000885,16.816930,34.353192,149.944199,-0.011114,-0.010998,-0.010998,0.000000
7.120000,0.200000,0.214219,-0.000891,16.834154,34.388393,149.943837,-0.011185,-0.011070,-0.011070,0.000000
7.125000,0.200000,0.214215,-0.000896,16.851485,34.423811,149.943476,-0.011256,-0.011141,-0.011141,0.000000
7.130000,0.200000,0.214211,-0.000902,16.868921,34.459444,149.943117,-0.011327,-0.011212,-0.011212,0.000000
7.135000,0.200000,0.214206,-0.000908,16.886463,34.495292,149.942760,-0.011397,-0.011283,-0.011283,0.000000
7.140000,0.200000,0.214201,-0.000914,16.904109,34.531354,149.942404,-0.011467,-0.011353,-0.011353,0.000000
7.145000,0.200000,0.214197,-0.000919,16.921859,34.567629,149.942049,-0.011537,-0.011424,-0.011424,0.000000
7.150000,0.200000,0.214192,-0.000925,16.939713,34.604115,149.941696,-0.011606,-0.011494,-0.011494,0.000000
7.155000,0.200000,0.214188,-0.000930,16.957669,34.640811,149.941345,-0.011676,-0.011563,-0.011563,0.000000
7.160000,0.200000,0.214183,-0.000936,16.975729,34.677717,149.940995,-0.011745,-0.011633,-0.011633,0.000000
7.165000,0.200000,0.214178,-0.000942,16.993890,34.714831,149.940647,-0.011814,-0.011702,-0.011702,0.000000
7.170000,0.200000,0.214174,-0.000947,17.012153,34.752153,149.940300,-0.011882,-0.011771,-0.011771,0.000000
7.175000,0.200000,0.214169,-0.000953,17.030517,34.789681,149.939954,-0.011950,-0.011840,-0.011840,0.000000
7.180000,0.200000,0.214164,-0.000958,17.048982,34.827414,149.939610,-0.012018,-0.011908,-0.011908,0.000000
7.185000,0.200000,0.214159,-0.000964,17.067547,34.865352,149.939268,-0.012086,-0.011976,-0.011976,0.000000
7.190000,0.200000,0.214154,-0.000969,17.086211,34.903493,149.938927,-0.012154,-0.012044,-0.012044,0.000000
7.195000,0.200000,0.214149,-0.000975,17.104974,34.941836,149.938588,-0.012221,-0.012112,-0.012112,0.000000
7.200000,0.200000,0.214145,-0.000980,17.123836,34.980381,149.938250,-0.012288,-0.012179,-0.012179,0.000000
7.205000,0.200000,0.214140,-0.000985,17.142796,35.019125,149.937913,-0.012355,-0.012246,-0.012246,0.000000
7.210000,0.200000,0.214135,-0.000991,17.161853,35.058069,149.937578,-0.012421,-0.012313,-0.012313,0.000000
7.215000,0.200000,0.214130,-0.000996,17.181008,35.097211,149.937245,-0.012487,-0.012380,-0.012380,0.000000
7.220000,0.200000,0.214125,-0.001002,17.200259,35.136550,149.936913,-0.012553,-0.012446,-0.012446,0.000000
7.225000,0.200000,0.214120,-0.001007,17.219606,35.176086,149.936582,-0.012619,-0.012513,-0.012513,0.000000
7.230000,0.200000,0.214115,-0.001012,17.239048,35.215816,149.936253,-0.012684,-0.012578,-0.012578,0.000000
7.235000,0.200000,0.214110,-0.001017,17.258586,35.255741,149.935926,-0.012750,-0.012644,-0.012644,0.000000
7.240000,0.200000,0.214105,-0.001023,17.278218,35.295858,149.935599,-0.012815,-0.012709,-0.012709,0.000000
7.245000,0.200000,0.214099,-0.001028,17.297945,35.336168,149.935275,-0.012879,-0.012775,-0.012775,0.000000
7.250000,0.200000,0.214094,-0.001033,17.317765,35.376669,149.934952,-0.012944,-0.012839,-0.012839,0.000000
7.255000,0.200000,0.214089,-0.001038,17.337678,35.417360,149.934630,-0.013008,-0.012904,-0.012904,0.000000
7.260000,0.200000,0.214084,-0.001044,17.357683,35.458240,149.934309,-0.013072,-0.012968,-0.012968,0.000000
7.265000,0.200000,0.214079,-0.001049,17.377781,35.499308,149.933991,-0.013136,-0.013033,-0.013033,0.000000
7.270000,0.200000,0.214073,-0.001054,17.397971,35.540564,149.933673,-0.013199,-0.013097,-0.013097,0.000000
7.275000,0.200000,0.214068,-0.001059,17.418251,35.582005,149.933357,-0.013263,-0.013160,-0.013160,0.000000
7.280000,0.200000,0.214063,-0.001064,17.438623,35.623632,149.933043,-0.013326,-0.013224,-0.013224,0.000000
7.285000,0.200000,0.214057,-0.001069,17.459084,35.665443,149.932729,-0.013388,-0.013287,-0.013287,0.000000
7.290000,0.200000,0.214052,-0.001074,17.479635,35.707437,149.932418,-0.013451,-0.013350,-0.013350,0.000000
7.295000,0.200000,0.214047,-0.001079,17.500276,35.749613,149.932107,-0.013513,-0.013412,-0.013412,0.000000
7.300000,0.200000,0.214041,-0.001084,17.521005,35.791970,149.931799,-0.013575,-0.013475,-0.013475,0.000000
7.305000,0.200000,0.214036,-0.001089,17.541822,35.834508,149.931491,-0.013637,-0.013537,-0.013537,0.000000
7.310000,0.200000,0.214030,-0.001094,17.562727,35.877224,149.931185,-0.013699,-0.013599,-0.013599,0.000000
7.315000,0.200000,0.214025,-0.001099,17.583720,35.920120,149.930880,-0.013760,-0.013661,-0.013661,0.000000
7.320000,0.200000,0.214019,-0.001104,17.604799,35.963192,149.930577,-0.013821,-0.013722,-0.013722,0.000000
7.325000,0.200000,0.214014,-0.001109,17.625965,36.006441,149.930275,-0.013882,-0.013783,-0.013783,0.000000
7.330000,0.200000,0.214008,-0.001114,17.647217,36.049865,149.929975,-0.013942,-0.013844,-0.013844,0.000000
7.335000,0.200000,0.214003,-0.001119,17.668554,36.093463,149.929676,-0.014003,-0.013905,-0.013905,0.000000
7.340000,0.200000,0.213997,-0.001124,17.689976,36.137235,149.929379,-0.014063,-0.013965,-0.013965,0.000000
7.345000,0.200000,0.213992,-0.001129,17.711482,36.181180,149.929082,-0.014123,-0.014026,-0.014026,0.000000
7.350000,0.200000,0.213986,-0.001134,17.733073,36.225296,149.928788,-0.014182,-0.014086,-0.014086,0.000000
7.355000,0.200000,0.213980,-0.001138,17.754746,36.269582,149.928494,-0.014242,-0.014146,-0.014146,0.000000
7.360000,0.200000,0.213974,-0.001143,17.776504,36.314039,149.928202,-0.014301,-0.014205,-0.014205,0.000000
7.365000,0.200000,0.213969,-0.001148,17.798343,36.358663,149.927911,-0.014360,-0.014264,-0.014264,0.000000
7.370000,0.200000,0.213963,-0.001153,17.820265,36.403456,149.927622,-0.014419,-0.014324,-0.014324,0.000000
7.375000,0.200000,0.213957,-0.001157,17.842268,36.448415,149.927334,-0.014477,-0.014382,-0.014382,0.000000
7.380000,0.200000,0.213951,-0.001162,17.864353,36.493540,149.927048,-0.014535,-0.014441,-0.014441,0.000000
7.385000,0.200000,0.213946,-0.001167,17.886519,36.538831,149.926763,-0.014593,-0.014499,-0.014499,0.000000
7.390000,0.200000,0.213940,-0.001172,17.908764,36.584285,149.926479,-0.014651,-0.014558,-0.014558,0.000000
7.395000,0.200000,0.213934,-0.001176,17.931090,36.629902,149.926196,-0.014709,-0.014615,-0.014615,0.000000
7.400000,0.200000,0.213928,-0.001181,17.953495,36.675681,149.925915,-0.014766,-0.014673,-0.014673,0.000000
7.405000,0.200000,0.213922,-0.001186,17.975979,36.721621,149.925636,-0.014823,-0.014731,-0.014731,0.000000
7.410000,0.200000,0.213916,-0.001190,17.998541,36.767721,149.925357,-0.014880,-0.014788,-0.014788,0.000000
7.415000,0.200000,0.213910,-0.001195,18.021181,36.813981,149.925080,-0.014937,-0.014845,-0.014845,0.000000
7.420000,0.200000,0.213904,-0.001199,18.043899,36.860399,149.924805,-0.014993,-0.014902,-0.014902,0.000000
7.425000,0.200000,0.213898,-0.001204,18.066694,36.906975,149.924530,-0.015049,-0.014958,-0.014958,0.000000
7.430000,0.200000,0.213892,-0.001208,18.089566,36.953707,149.924257,-0.015105,-0.015014,-0.015014,0.000000
7.435000,0.200000,0.213886,-0.001213,18.112514,37.000594,149.923986,-0.015161,-0.015071,-0.015071,0.000000
7.440000,0.200000,0.213880,-0.001217,18.135537,37.047636,149.923715,-0.015216,-0.015126,-0.015126,0.000000
7.445000,0.200000,0.213874,-0.001222,18.158636,37.094833,149.923446,-0.015272,-0.015182,-0.015182,0.000000
7.450000,0.200000,0.213868,-0.001226,18.181810,37.142181,149.923179,-0.015327,-0.015237,-0.015237,0.000000
7.455000,0.200000,0.213862,-0.001231,18.205058,37.189682,149.922912,-0.015381,-0.015293,-0.015293,0.000000
7.460000,0.200000,0.213855,-0.001235,18.228381,37.237334,149.922647,-0.015436,-0.015348,-0.015348,0.000000
7.465000,0.200000,0.213849,-0.001240,18.251776,37.285136,149.922384,-0.015490,-0.015402,-0.015402,0.000000
7.470000,0.200000,0.213843,-0.001244,18.275245,37.333087,149.922121,-0.015545,-0.015457,-0.015457,0.000000
7.475000,0.200000,0.213837,-0.001248,18.298786,37.381187,149.921860,-0.015599,-0.015511,-0.015511,0.000000
7.480000,0.200000,0.213831,-0.001253,18.322400,37.429434,149.921600,-0.015652,-0.015565,-0.015565,0.000000
7.485000,0.200000,0.213824,-0.001257,18.346086,37.477828,149.921342,-0.015706,-0.015619,-0.015619,0.000000
7.490000,0.200000,0.213818,-0.001261,18.369842,37.526367,149.921085,-0.015759,-0.015673,-0.015673,0.000000
7.495000,0.200000,0.213812,-0.001266,18.393670,37.575051,149.920829,-0.015812,-0.015726,-0.015726,0.000000
7.500000,0.200000,0.213805,-0.001270,18.417568,37.623879,149.920574,-0.015865,-0.015779,-0.015779,0.000000
7.505000,0.200000,0.213799,-0.001274,18.441536,37.672850,149.920321,-0.015917,-0.015832,-0.015832,0.000000
7.510000,0.200000,0.213793,-0.001278,18.465574,37.721962,149.920069,-0.015970,-0.015885,-0.015885,0.000000
7.515000,0.200000,0.213786,-0.001283,18.489681,37.771217,149.919818,-0.016022,-0.015938,-0.015938,0.000000
7.520000,0.200000,0.213780,-0.001287,18.513856,37.820611,149.919569,-0.016074,-0.015990,-0.015990,0.000000
7.525000,0.200000,0.213773,-0.001291,18.538100,37.870145,149.919321,-0.016126,-0.016042,-0.016042,0.000000
7.530000,0.200000,0.213767,-0.001295,18.562412,37.919818,149.919074,-0.016177,-0.016094,-0.016094,0.000000
7.535000,0.200000,0.213760,-0.001299,18.586792,37.969628,149.918828,-0.016229,-0.016145,-0.016145,0.000000
7.540000,0.200000,0.213754,-0.001304,18.611238,38.019575,149.918584,-0.016280,-0.016197,-0.016197,0.000000
7.545000,0.200000,0.213747,-0.001308,18.635751,38.069658,149.918341,-0.016331,-0.016248,-0.016248,0.000000
7.550000,0.200000,0.213741,-0.001312,18.660330,38.119876,149.918099,-0.016381,-0.016299,-0.016299,0.000000
7.555000,0.200000,0.213734,-0.001316,18.684975,38.170229,149.917858,-0.016432,-0.016350,-0.016350,0.000000
7.560000,0.200000,0.213728,-0.001320,18.709685,38.220715,149.917619,-0.016482,-0.016401,-0.016401,0.000000
7.565000,0.200000,0.213721,-0.001324,18.734460,38.271333,149.917381,-0.016532,-0.016451,-0.016451,0.000000
7.570000,0.200000,0.213714,-0.001328,18.759300,38.322083,149.917144,-0.016582,-0.016501,-0.016501,0.000000
7.575000,0.200000,0.213708,-0.001332,18.784203,38.372964,149.916908,-0.016631,-0.016551,-0.016551,0.000000
7.580000,0.200000,0.213701,-0.001336,18.809171,38.423975,149.916674,-0.016681,-0.016601,-0.016601,0.000000
7.585000,0.200000,0.213694,-0.001340,18.834201,38.475116,149.916441,-0.016730,-0.016650,-0.016650,0.000000
7.590000,0.200000,0.213688,-0.001344,18.859295,38.526384,149.916209,-0.016779,-0.016700,-0.016700,0.000000
7.595000,0.200000,0.213681,-0.001348,18.884451,38.577780,149.915979,-0.016828,-0.016749,-0.016749,0.000000
7.600000,0.200000,0.213674,-0.001352,18.909669,38.629303,149.915749,-0.016876,-0.016798,-0.016798,0.000000
7.605000,0.200000,0.213667,-0.001356,18.934948,38.680951,149.915521,-0.016925,-0.016846,-0.016846,0.000000
7.610000,0.200000,0.213661,-0.001360,18.960289,38.732724,149.915294,-0.016973,-0.016895,-0.016895,0.000000
7.615000,0.200000,0.213654,-0.001363,18.985691,38.784622,149.915068,-0.017021,-0.016943,-0.016943,0.000000
7.620000,0.200000,0.213647,-0.001367,19.011153,38.836642,149.914844,-0.017068,-0.016991,-0.016991,0.000000
7.625000,0.200000,0.213640,-0.001371,19.036674,38.888786,149.914620,-0.017116,-0.017039,-0.017039,0.000000
7.630000,0.200000,0.213633,-0.001375,19.062256,38.941050,149.914398,-0.017163,-0.017087,-0.017087,0.000000
7.635000,0.200000,0.213626,-0.001379,19.087897,38.993436,149.914177,-0.017210,-0.017134,-0.017134,0.000000
7.640000,0.200000,0.213620,-0.001383,19.113596,39.045942,149.913958,-0.017257,-0.017181,-0.017181,0.000000
7.645000,0.200000,0.213613,-0.001386,19.139354,39.098566,149.913739,-0.017304,-0.017228,-0.017228,0.000000
7.650000,0.200000,0.213606,-0.001390,19.165170,39.151310,149.913522,-0.017351,-0.017275,-0.017275,0.000000
7.655000,0.200000,0.213599,-0.001394,19.191043,39.204170,149.913306,-0.017397,-0.017322,-0.017322,0.000000
7.660000,0.200000,0.213592,-0.001398,19.216974,39.257148,149.913091,-0.017443,-0.017368,-0.017368,0.000000
7.665000,0.200000,0.213585,-0.001401,19.242961,39.310241,149.912877,-0.017489,-0.017415,-0.017415,0.000000
7.670000,0.200000,0.213578,-0.001405,19.269005,39.363450,149.912665,-0.017535,-0.017461,-0.017461,0.000000
7.675000,0.200000,0.213571,-0.001409,19.295104,39.416773,149.912453,-0.017580,-0.017506,-0.017506,0.000000
7.680000,0.200000,0.213564,-0.001412,19.321260,39.470209,149.912243,-0.017625,-0.017552,-0.017552,0.000000
7.685000,0.200000,0.213557,-0.001416,19.347470,39.523759,149.912034,-0.017671,-0.017597,-0.017597,0.000000
7.690000,0.200000,0.213549,-0.001420,19.373736,39.577420,149.911826,-0.017715,-0.017643,-0.017643,0.000000
7.695000,0.200000,0.213542,-0.001423,19.400056,39.631192,149.911619,-0.017760,-0.017688,-0.017688,0.000000
7.700000,0.200000,0.213535,-0.001427,19.426429,39.685075,149.911414,-0.017805,-0.017733,-0.017733,0.000000
7.705000,0.200000,0.213528,-0.001430,19.452857,39.739067,149.911209,-0.017849,-0.017777,-0.017777,0.000000
7.710000,0.200000,0.213521,-0.001434,19.479338,39.793168,149.911006,-0.017893,-0.017822,-0.017822,0.000000
7.715000,0.200000,0.213514,-0.001438,19.505872,39.847377,149.910804,-0.017937,-0.017866,-0.017866,0.000000
7.720000,0.200000,0.213507,-0.001441,19.532458,39.901693,149.910603,-0.017981,-0.017910,-0.017910,0.000000
7.725000,0.200000,0.213499,-0.001445,19.559096,39.956116,149.910403,-0.018024,-0.017954,-0.017954,0.000000
7.730000,0.200000,0.213492,-0.001448,19.585786,40.010644,149.910205,-0.018068,-0.017997,-0.017997,0.000000
7.735000,0.200000,0.213485,-0.001452,19.612528,40.065277,149.910007,-0.018111,-0.018041,-0.018041,0.000000
7.740000,0.200000,0.213478,-0.001455,19.639321,40.120015,149.909811,-0.018154,-0.018084,-0.018084,0.000000
7.745000,0.200000,0.213470,-0.001459,19.666164,40.174856,149.909616,-0.018196,-0.018127,-0.018127,0.000000
7.750000,0.200000,0.213463,-0.001462,19.693057,40.229799,149.909422,-0.018239,-0.018170,-0.018170,0.000000
7.755000,0.200000,0.213456,-0.001465,19.720000,40.284844,149.909229,-0.018281,-0.018213,-0.018213,0.000000
7.760000,0.200000,0.213448,-0.001469,19.746993,40.339990,149.909037,-0.018324,-0.018255,-0.018255,0.000000
7.765000,0.200000,0.213441,-0.001472,19.774035,40.395237,149.908846,-0.018366,-0.018298,-0.018298,0.000000
7.770000,0.200000,0.213434,-0.001476,19.801126,40.450583,149.908657,-0.018407,-0.018340,-0.018340,0.000000
7.775000,0.200000,0.213426,-0.001479,19.828265,40.506028,149.908468,-0.018449,-0.018382,-0.018382,0.000000
7.780000,0.200000,0.213419,-0.001482,19.855452,40.561571,149.908281,-0.018490,-0.018423,-0.018423,0.000000
7.785000,0.200000,0.213411,-0.001486,19.882687,40.617211,149.908094,-0.018532,-0.018465,-0.018465,0.000000
7.790000,0.200000,0.213404,-0.001489,19.909969,40.672948,149.907909,-0.018573,-0.018506,-0.018506,0.000000
7.795000,0.200000,0.213397,-0.001492,19.937298,40.728781,149.907725,-0.018614,-0.018547,-0.018547,0.000000
7.800000,0.200000,0.213389,-0.001495,19.964674,40.784708,149.907542,-0.018654,-0.018588,-0.018588,0.000000
7.805000,0.200000,0.213382,-0.001499,19.992096,40.840730,149.907360,-0.018695,-0.018629,-0.018629,0.000000
7.810000,0.200000,0.213374,-0.001502,20.019563,40.896846,149.907180,-0.018735,-0.018670,-0.018670,0.000000
7.815000,0.200000,0.213367,-0.001505,20.047076,40.953055,149.907000,-0.018775,-0.018710,-0.018710,0.000000
7.820000,0.200000,0.213359,-0.001508,20.074635,41.009355,149.906821,-0.018815,-0.018750,-0.018750,0.000000
7.825000,0.200000,0.213351,-0.001512,20.102238,41.065747,149.906644,-0.018855,-0.018790,-0.018790,0.000000
7.830000,0.200000,0.213344,-0.001515,20.129885,41.122230,149.906467,-0.018894,-0.018830,-0.018830,0.000000
7.835000,0.200000,0.213336,-0.001518,20.157577,41.178803,149.906292,-0.018934,-0.018870,-0.018870,0.000000
7.840000,0.200000,0.213329,-0.001521,20.185312,41.235465,149.906118,-0.018973,-0.018909,-0.018909,0.000000
7.845000,0.200000,0.213321,-0.001524,20.213091,41.292215,149.905945,-0.019012,-0.018949,-0.018949,0.000000
7.850000,0.200000,0.213314,-0.001527,20.240912,41.349053,149.905772,-0.019051,-0.018988,-0.018988,0.000000
7.855000,0.200000,0.213306,-0.001531,20.268777,41.405979,149.905601,-0.019089,-0.019027,-0.019027,0.000000
7.860000,0.200000,0.213298,-0.001534,20.296683,41.462990,149.905431,-0.019128,-0.019065,-0.019065,0.000000
7.865000,0.200000,0.213291,-0.001537,20.324632,41.520088,149.905262,-0.019166,-0.019104,-0.019104,0.000000
7.870000,0.200000,0.213283,-0.001540,20.352622,41.577270,149.905094,-0.019204,-0.019142,-0.019142,0.000000
7.875000,0.200000,0.213275,-0.001543,20.380653,41.634537,149.904928,-0.019242,-0.019181,-0.019181,0.000000
7.880000,0.200000,0.213267,-0.001546,20.408726,41.691887,149.904762,-0.019280,-0.019219,-0.019219,0.000000
7.885000,0.200000,0.213260,-0.001549,20.436839,41.749320,149.904597,-0.019317,-0.019256,-0.019256,0.000000
7.890000,0.200000,0.213252,-0.001552,20.464992,41.806835,149.904433,-0.019355,-0.019294,-0.019294,0.000000
7.895000,0.200000,0.213244,-0.001555,20.493185,41.864432,149.904271,-0.019392,-0.019332,-0.019332,0.000000
7.900000,0.200000,0.213236,-0.001558,20.521418,41.922109,149.904109,-0.019429,-0.019369,-0.019369,0.000000
7.905000,0.200000,0.213229,-0.001561,20.549690,41.979867,149.903948,-0.019466,-0.019406,-0.019406,0.000000
7.910000,0.200000,0.213221,-0.001564,20.578000,42.037703,149.903789,-0.019502,-0.019443,-0.019443,0.000000
7.915000,0.200000,0.213213,-0.001567,20.606350,42.095619,149.903630,-0.019539,-0.019480,-0.019480,0.000000
7.920000,0.200000,0.213205,-0.001570,20.634737,42.153612,149.903472,-0.019575,-0.019516,-0.019516,0.000000
7.925000,0.200000,0.213197,-0.001573,20.663163,42.211683,149.903316,-0.019611,-0.019553,-0.019553,0.000000
7.930000,0.200000,0.213189,-0.001575,20.691626,42.269831,149.903160,-0.019647,-0.019589,-0.019589,0.000000
7.935000,0.200000,0.213181,-0.001578,20.720126,42.328055,149.903006,-0.019683,-0.019625,-0.019625,0.000000
7.940000,0.200000,0.213174,-0.001581,20.748663,42.386353,149.902852,-0.019719,-0.019661,-0.019661,0.000000
7.945000,0.200000,0.213166,-0.001584,20.777237,42.444727,149.902700,-0.019754,-0.019697,-0.019697,0.000000
7.950000,0.200000,0.213158,-0.001587,20.805847,42.503174,149.902548,-0.019789,-0.019732,-0.019732,0.000000
7.955000,0.200000,0.213150,-0.001590,20.834493,42.561695,149.902398,-0.019824,-0.019768,-0.019768,0.000000
7.960000,0.200000,0.213142,-0.001592,20.863174,42.620289,149.902249,-0.019859,-0.019803,-0.019803,0.000000
7.965000,0.200000,0.213134,-0.001595,20.891891,42.678954,149.902100,-0.019894,-0.019838,-0.019838,0.000000
7.970000,0.200000,0.213126,-0.001598,20.920642,42.737691,149.901953,-0.019929,-0.019873,-0.019873,0.000000
7.975000,0.200000,0.213118,-0.001601,20.949429,42.796498,149.901806,-0.019963,-0.019907,-0.019907,0.000000
7.980000,0.200000,0.213110,-0.001604,20.978249,42.855376,149.901660,-0.019997,-0.019942,-0.019942,0.000000
7.985000,0.200000,0.213102,-0.001606,21.007104,42.914322,149.901516,-0.020031,-0.019976,-0.019976,0.000000
7.990000,0.200000,0.213094,-0.001609,21.035992,42.973338,149.901372,-0.020065,-0.020010,-0.020010,0.000000
7.995000,0.200000,0.213086,-0.001612,21.064913,43.032422,149.901230,-0.020099,-0.020044,-0.020044,0.000000
