t,x,y,psi,u,v,r,tau_x,tau_y,tau_psi,T1,T2,T3,T4,ref_x,ref_y,ref_psi,IAE_x,IAE_y,IAE_psi,E_fuel,sat_step,sat_total
0.000000e+00,0.000000e+00,0.000000e+00,0.000000e+00,0.000000e+00,0.000000e+00,0.000000e+00,2.186649e-03,3.026835e-03,3.627064e-09,0.000000e+00,2.195527e-04,1.967097e-03,0.000000e+00,0.000000e+00,0.000000e+00,0.000000e+00,0.000000e+00,0.000000e+00,0.000000e+00,1.958836e-06,2,2
5.000000e-01,1.012248e-12,2.164412e-12,-1.825861e-16,4.047490e-12,8.646575e-12,-7.263000e-16,1.219259e-03,1.703445e-03,2.064856e-09,0.000000e+00,1.178872e-04,1.101372e-03,0.000000e+00,0.000000e+00,0.000000e+00,0.000000e+00,5.061238e-13,1.082206e-12,9.129303e-17,2.572295e-06,2,4
1.000000e+00,3.598166e-12,7.689220e-12,-6.424934e-16,6.295349e-12,1.344651e-11,-1.111186e-15,-4.114303e-04,-6.081581e-04,-9.280527e-10,3.812753e-04,0.000000e+00,0.000000e+00,3.015500e-05,0.000000e+00,0.000000e+00,0.000000e+00,2.305207e-12,4.926816e-12,4.125397e-16,2.645435e-06,2,6
1.500000e+00,6.551883e-12,1.395183e-11,-1.225594e-15,5.519808e-12,1.160627e-11,-1.220609e-15,1.590746e-04,1.666116e-04,-9.921666e-11,0.000000e+00,3.144068e-05,1.276339e-04,0.000000e+00,0.000000e+00,0.000000e+00,0.000000e+00,5.581148e-12,1.190273e-11,1.025337e-15,2.654074e-06,2,8
2.000000e+00,9.382360e-12,1.985186e-11,-1.835868e-15,5.801995e-12,1.199337e-11,-1.220486e-15,-3.994309e-04,-5.309836e-04,-5.417194e-10,3.529972e-04,0.000000e+00,0.000000e+00,4.643372e-05,0.000000e+00,0.000000e+00,0.000000e+00,1.027233e-11,2.182866e-11,1.943271e-15,2.717456e-06,2,10
2.500000e+00,1.209523e-11,2.544587e-11,-2.468061e-15,5.049760e-12,1.038472e-11,-1.307800e-15,5.252914e-04,7.174078e-04,8.019640e-10,0.000000e+00,5.554790e-05,4.697435e-04,0.000000e+00,0.000000e+00,0.000000e+00,0.000000e+00,1.631994e-11,3.455159e-11,3.177301e-15,2.829328e-06,2,12
3.000000e+00,1.486047e-11,3.113133e-11,-3.154435e-15,6.010859e-12,1.235459e-11,-1.436978e-15,4.500905e-03,6.198757e-03,7.178700e-09,0.000000e+00,4.610257e-04,4.039880e-03,0.000000e+00,0.000000e+00,0.000000e+00,0.000000e+00,2.375018e-11,5.011726e-11,4.754519e-15,1.109591e-05,2,14
3.500000e+00,1.994613e-11,4.171752e-11,-4.234980e-15,1.432869e-11,2.996762e-11,-2.877182e-15,2.484999e-05,1.231331e-05,-1.193194e-10,0.000000e+00,8.870450e-06,1.597954e-05,0.000000e+00,0.000000e+00,0.000000e+00,0.000000e+00,3.372324e-11,7.097602e-11,6.872009e-15,1.109608e-05,2,16
4.000000e+00,2.711402e-11,5.665271e-11,-5.650550e-15,1.434286e-11,2.977337e-11,-2.785609e-15,-2.042621e-03,-2.813482e-03,-3.308470e-09,1.833493e-03,0.000000e+00,0.000000e+00,2.091280e-04,0.000000e+00,0.000000e+00,0.000000e+00,4.728025e-11,9.930237e-11,9.697284e-15,1.279880e-05,2,18
4.500000e+00,3.333191e-11,6.947048e-11,-7.190064e-15,1.053011e-11,2.150833e-11,-3.369196e-15,-2.737316e-03,-3.761498e-03,-4.324658e-09,2.454509e-03,0.000000e+00,0.000000e+00,2.828073e-04,0.000000e+00,0.000000e+00,0.000000e+00,6.394621e-11,1.340376e-10,1.329232e-14,1.585109e-05,2,20
5.000000e+00,3.732395e-11,7.749368e-11,-9.073738e-15,5.439941e-12,1.059842e-11,-4.161090e-15,4.962671e-03,6.882333e-03,8.223954e-09,0.000000e+00,4.945770e-04,4.468094e-03,0.000000e+00,0.000000e+00,0.000000e+00,0.000000e+00,8.260818e-11,1.727845e-10,1.782918e-14,2.595533e-05,2,22
5.500000e+00,4.233822e-11,8.769396e-11,-1.153507e-14,1.461377e-11,3.017762e-11,-5.675822e-15,5.255810e-03,7.338163e-03,9.038346e-09,0.000000e+00,5.095598e-04,4.746250e-03,0.000000e+00,0.000000e+00,0.000000e+00,0.000000e+00,1.037773e-10,2.166314e-10,2.359672e-14,3.734860e-05,2,24
6.000000e+00,5.207002e-11,1.079723e-10,-1.476876e-14,2.430982e-11,5.090907e-11,-7.250167e-15,2.313548e-03,3.195319e-03,3.844624e-09,0.000000e+00,2.343645e-04,2.079183e-03,0.000000e+00,0.000000e+00,0.000000e+00,0.000000e+00,1.298123e-10,2.706176e-10,3.098110e-14,3.953756e-05,2,26
6.500000e+00,6.528241e-11,1.356141e-10,-1.852672e-14,2.853820e-11,5.964720e-11,-7.778699e-15,-4.824004e-03,-6.704070e-03,-8.129143e-09,4.347300e-03,0.000000e+00,0.000000e+00,4.767035e-04,0.000000e+00,0.000000e+00,0.000000e+00,1.624535e-10,3.384246e-10,4.024446e-14,4.910069e-05,2,28
7.000000e+00,7.730252e-11,1.605295e-10,-2.275622e-14,1.954557e-11,4.003944e-11,-9.131803e-15,-3.588206e-03,-5.023571e-03,-6.237692e-09,3.244283e-03,0.000000e+00,0.000000e+00,3.439231e-04,0.000000e+00,0.000000e+00,0.000000e+00,2.011048e-10,4.186894e-10,5.162257e-14,5.442252e-05,2,30
7.500000e+00,8.540339e-11,1.768803e-10,-2.754974e-14,1.286038e-11,2.538238e-11,-1.003721e-14,4.813988e-04,7.034857e-04,9.190828e-10,0.000000e+00,3.762055e-05,4.437782e-04,0.000000e+00,0.000000e+00,0.000000e+00,0.000000e+00,2.438065e-10,5.071295e-10,6.539744e-14,5.452170e-05,2,32
8.000000e+00,9.204929e-11,1.900259e-10,-3.252788e-14,1.372289e-11,2.719766e-11,-9.876252e-15,-5.170803e-03,-7.165089e-03,-8.556852e-09,4.653784e-03,0.000000e+00,0.000000e+00,5.170183e-04,0.000000e+00,0.000000e+00,0.000000e+00,2.898311e-10,6.021425e-10,8.166138e-14,6.548421e-05,2,34
8.500000e+00,9.650943e-11,1.984490e-10,-3.781665e-14,4.121246e-12,6.521367e-12,-1.127107e-14,-3.822288e-03,-5.349639e-03,-6.615839e-09,3.455452e-03,0.000000e+00,0.000000e+00,3.668360e-04,0.000000e+00,0.000000e+00,0.000000e+00,3.380858e-10,7.013670e-10,1.005697e-13,7.152157e-05,2,36
9.000000e+00,9.679835e-11,1.978718e-10,-4.368180e-14,-2.962966e-12,-8.810547e-12,-1.218443e-14,-3.051999e-03,-4.306303e-03,-5.575320e-09,2.769122e-03,0.000000e+00,0.000000e+00,2.828767e-04,0.000000e+00,0.000000e+00,0.000000e+00,3.864850e-10,8.003029e-10,1.224106e-13,7.539559e-05,2,38
9.500000e+00,9.390567e-11,1.904041e-10,-4.993315e-14,-8.605637e-12,-2.104465e-11,-1.281744e-14,5.433367e-05,4.986924e-05,-1.728031e-11,0.000000e+00,1.277083e-05,4.156285e-05,0.000000e+00,0.000000e+00,0.000000e+00,0.000000e+00,4.334378e-10,8.955049e-10,1.473772e-13,7.539654e-05,2,40
1.000000e+01,8.963279e-11,1.799578e-10,-5.623901e-14,-8.485951e-12,-2.074108e-11,-1.240830e-14,3.721124e-03,5.193074e-03,6.342707e-09,0.000000e+00,3.614509e-04,3.359673e-03,0.000000e+00,0.000000e+00,0.000000e+00,0.000000e+00,4.782542e-10,9.854838e-10,1.754967e-13,8.110557e-05,2,42
1.050000e+01,8.711712e-11,1.733404e-10,-6.265394e-14,-1.579297e-12,-5.747552e-12,-1.324673e-14,-2.840015e-04,-3.943333e-04,-5.074967e-10,2.558350e-04,0.000000e+00,0.000000e+00,2.816653e-05,0.000000e+00,0.000000e+00,0.000000e+00,5.218128e-10,1.072154e-09,2.068237e-13,8.113869e-05,2,44
1.100000e+01,8.619687e-11,1.701957e-10,-6.919168e-14,-2.101476e-12,-6.830018e-12,-1.290615e-14,8.579113e-03,1.178744e-02,1.358111e-08,0.000000e+00,8.868157e-04,7.692297e-03,0.000000e+00,0.000000e+00,0.000000e+00,0.000000e+00,5.649112e-10,1.157252e-09,2.414195e-13,1.111176e-04,2,46
1.150000e+01,8.911876e-11,1.752226e-10,-7.624921e-14,1.378314e-11,2.689473e-11,-1.531057e-14,-1.407300e-03,-2.002752e-03,-2.684619e-09,1.281795e-03,0.000000e+00,0.000000e+00,1.255051e-04,0.000000e+00,0.000000e+00,0.000000e+00,6.094706e-10,1.244863e-09,2.795441e-13,1.119470e-04,2,48
1.200000e+01,9.535120e-11,1.871863e-10,-8.389885e-14,1.114761e-11,2.096769e-11,-1.528812e-14,-1.385551e-03,-1.911684e-03,-2.211875e-09,1.244631e-03,0.000000e+00,0.000000e+00,1.409199e-04,0.000000e+00,0.000000e+00,0.000000e+00,6.571462e-10,1.338456e-09,3.214935e-13,1.127315e-04,2,50
1.250000e+01,1.002774e-10,1.962630e-10,-9.153196e-14,8.558192e-12,1.534618e-11,-1.524456e-14,9.490616e-03,1.309369e-02,1.538633e-08,0.000000e+00,9.654858e-04,8.525130e-03,0.000000e+00,0.000000e+00,0.000000e+00,0.000000e+00,7.072849e-10,1.436588e-09,3.672595e-13,1.495365e-04,2,52
1.300000e+01,1.089452e-10,2.132696e-10,-9.981818e-14,2.610632e-11,5.263263e-11,-1.788559e-14,-4.679587e-03,-6.474778e-03,-7.667821e-09,4.208901e-03,0.000000e+00,0.000000e+00,4.706859e-04,0.000000e+00,0.000000e+00,0.000000e+00,7.617575e-10,1.543223e-09,4.171686e-13,1.585047e-04,2,54
1.350000e+01,1.198175e-10,2.348552e-10,-1.090038e-13,1.738641e-11,3.373358e-11,-1.885163e-14,3.607241e-03,4.987349e-03,5.926630e-09,0.000000e+00,3.638971e-04,3.243344e-03,0.000000e+00,0.000000e+00,0.000000e+00,0.000000e+00,8.216663e-10,1.660650e-09,4.716705e-13,1.638305e-04,2,56
1.400000e+01,1.301710e-10,2.552236e-10,-1.185748e-13,2.402480e-11,4.772238e-11,-1.942901e-14,-2.445414e-03,-3.338483e-03,-3.770103e-09,2.186444e-03,0.000000e+00,0.000000e+00,2.589698e-04,0.000000e+00,0.000000e+00,0.000000e+00,8.867518e-10,1.788262e-09,5.309579e-13,1.662543e-04,2,58
1.450000e+01,1.410380e-10,2.766061e-10,-1.283302e-13,1.944498e-11,3.782018e-11,-1.959177e-14,-1.262305e-04,-1.651511e-04,-1.453714e-10,1.107903e-04,0.000000e+00,0.000000e+00,1.544022e-05,0.000000e+00,0.000000e+00,0.000000e+00,9.572707e-10,1.926565e-09,5.951230e-13,1.662606e-04,2,60
1.500000e+01,1.506912e-10,2.953256e-10,-1.379742e-13,1.916813e-11,3.705886e-11,-1.898773e-14,1.491218e-03,1.996164e-03,1.982181e-09,0.000000e+00,1.693661e-04,1.321852e-03,0.000000e+00,0.000000e+00,0.000000e+00,0.000000e+00,1.032616e-09,2.074228e-09,6.641101e-13,1.671486e-04,2,62
1.550000e+01,1.609550e-10,3.152114e-10,-1.474317e-13,2.188580e-11,4.247747e-11,-1.884289e-14,3.364153e-03,4.702234e-03,5.813152e-09,0.000000e+00,3.246584e-04,3.039494e-03,0.000000e+00,0.000000e+00,0.000000e+00,0.000000e+00,1.113094e-09,2.231834e-09,7.378260e-13,1.718205e-04,2,64
1.600000e+01,1.734431e-10,3.397312e-10,-1.569812e-13,2.806424e-11,5.558486e-11,-1.935215e-14,-1.002694e-03,-1.388003e-03,-1.684762e-09,9.020290e-04,0.000000e+00,0.000000e+00,1.006649e-04,0.000000e+00,0.000000e+00,0.000000e+00,1.199815e-09,2.401699e-09,8.163166e-13,1.722324e-04,2,66
1.650000e+01,1.869954e-10,3.664246e-10,-1.665811e-13,2.614592e-11,5.119429e-11,-1.904941e-14,8.917692e-04,1.126850e-03,8.128229e-10,0.000000e+00,1.205910e-04,7.711782e-04,0.000000e+00,0.000000e+00,0.000000e+00,0.000000e+00,1.293313e-09,2.584911e-09,8.996071e-13,1.725371e-04,2,68
1.700000e+01,2.004667e-10,3.927294e-10,-1.760165e-13,2.773851e-11,5.402136e-11,-1.869395e-14,1.820667e-03,2.518188e-03,3.014799e-09,0.000000e+00,1.833950e-04,1.637272e-03,0.000000e+00,0.000000e+00,0.000000e+00,0.000000e+00,1.393546e-09,2.781276e-09,9.876154e-13,1.738942e-04,2,70
1.750000e+01,2.151633e-10,4.214372e-10,-1.853610e-13,3.104695e-11,6.080133e-11,-1.868403e-14,2.790387e-03,3.795257e-03,4.164274e-09,0.000000e+00,2.995973e-04,2.490790e-03,0.000000e+00,0.000000e+00,0.000000e+00,0.000000e+00,1.501128e-09,2.991995e-09,1.080296e-12,1.770411e-04,2,72
1.800000e+01,2.319613e-10,4.544353e-10,-1.947776e-13,3.614300e-11,7.117753e-11,-1.898087e-14,9.524002e-03,1.308971e-02,1.513500e-08,0.000000e+00,9.833276e-04,8.540674e-03,0.000000e+00,0.000000e+00,0.000000e+00,0.000000e+00,1.617109e-09,3.219212e-09,1.177685e-12,2.139961e-04,2,74
1.850000e+01,2.544216e-10,4.992478e-10,-2.049009e-13,5.369165e-11,1.080252e-10,-2.149819e-14,-5.394426e-04,-8.001517e-04,-1.077970e-09,5.007052e-04,0.000000e+00,0.000000e+00,3.873741e-05,0.000000e+00,0.000000e+00,0.000000e+00,1.744320e-09,3.468836e-09,1.280135e-12,2.141222e-04,2,76
1.900000e+01,2.809879e-10,5.524812e-10,-2.155207e-13,5.257388e-11,1.049124e-10,-2.098389e-14,3.515952e-03,4.777963e-03,5.260934e-09,0.000000e+00,3.786971e-04,3.137255e-03,0.000000e+00,0.000000e+00,0.000000e+00,0.000000e+00,1.884813e-09,3.745077e-09,1.387895e-12,2.191151e-04,2,78
1.950000e+01,3.088732e-10,6.081529e-10,-2.261275e-13,5.896514e-11,1.177581e-10,-2.144097e-14,4.244641e-04,6.727162e-04,1.205219e-09,0.000000e+00,1.803561e-05,4.064285e-04,0.000000e+00,0.000000e+00,0.000000e+00,0.000000e+00,2.039250e-09,4.049153e-09,1.500959e-12,2.191979e-04,2,80
2.000000e+01,3.385195e-10,6.672874e-10,-2.367115e-13,5.961985e-11,1.187783e-10,-2.089797e-14,1.347322e-03,1.907731e-03,2.493447e-09,0.000000e+00,1.229465e-04,1.224376e-03,0.000000e+00,0.000000e+00,0.000000e+00,0.000000e+00,2.208510e-09,4.382797e-09,1.619315e-12,2.199550e-04,2,82
2.050000e+01,3.689200e-10,7.278131e-10,-2.471030e-13,6.198131e-11,1.233187e-10,-2.066916e-14,-3.688400e-03,-5.154604e-03,-6.356778e-09,3.332206e-03,0.000000e+00,0.000000e+00,3.561939e-04,0.000000e+00,0.000000e+00,0.000000e+00,2.392970e-09,4.746704e-09,1.742866e-12,2.255702e-04,2,84
2.100000e+01,3.981688e-10,7.855502e-10,-2.575778e-13,5.501641e-11,1.076497e-10,-2.122696e-14,-1.810700e-03,-2.543793e-03,-3.238640e-09,1.639680e-03,0.000000e+00,0.000000e+00,1.710200e-04,0.000000e+00,0.000000e+00,0.000000e+00,2.592054e-09,5.139479e-09,1.871655e-12,2.269291e-04,2,86
2.150000e+01,4.248082e-10,8.373497e-10,-2.681694e-13,5.154260e-11,9.955889e-11,-2.113996e-14,-8.837087e-04,-1.189243e-03,-1.322296e-09,7.851592e-04,0.000000e+00,0.000000e+00,9.854949e-05,0.000000e+00,0.000000e+00,0.000000e+00,2.804458e-09,5.558154e-09,2.005740e-12,2.272422e-04,2,88
2.200000e+01,4.501418e-10,8.860880e-10,-2.786365e-13,4.979237e-11,9.539945e-11,-2.073079e-14,-2.320712e-03,-3.212047e-03,-3.795126e-09,2.087594e-03,0.000000e+00,0.000000e+00,2.331181e-04,0.000000e+00,0.000000e+00,0.000000e+00,3.029529e-09,6.001198e-09,2.145058e-12,2.294484e-04,2,90
2.250000e+01,4.739360e-10,9.313080e-10,-2.890244e-13,4.538613e-11,8.549343e-11,-2.082044e-14,-2.155940e-03,-2.964909e-03,-3.426442e-09,1.933866e-03,0.000000e+00,0.000000e+00,2.220747e-04,0.000000e+00,0.000000e+00,0.000000e+00,3.266497e-09,6.466852e-09,2.289570e-12,2.313430e-04,2,92
2.300000e+01,4.956059e-10,9.717708e-10,-2.994415e-13,4.129467e-11,7.636924e-11,-2.084785e-14,6.340173e-03,8.767775e-03,1.042474e-08,0.000000e+00,6.390479e-04,5.701125e-03,0.000000e+00,0.000000e+00,0.000000e+00,0.000000e+00,3.514300e-09,6.952737e-09,2.439291e-12,2.477986e-04,2,94
2.350000e+01,5.191653e-10,1.016079e-09,-3.102222e-13,5.293861e-11,1.008309e-10,-2.226677e-14,-2.926919e-03,-4.032797e-03,-4.622144e-09,2.627628e-03,0.000000e+00,0.000000e+00,2.992913e-04,0.000000e+00,0.000000e+00,0.000000e+00,3.773883e-09,7.460776e-09,2.594402e-12,2.512956e-04,2,96
2.400000e+01,5.442502e-10,1.063417e-09,-3.214149e-13,4.740329e-11,8.853875e-11,-2.250290e-14,3.708852e-04,4.377344e-04,2.012868e-10,0.000000e+00,5.907955e-05,3.118056e-04,0.000000e+00,0.000000e+00,0.000000e+00,0.000000e+00,4.046008e-09,7.992485e-09,2.755110e-12,2.513460e-04,2,98
2.450000e+01,5.680972e-10,1.107830e-09,-3.325069e-13,4.798451e-11,8.911137e-11,-2.186863e-14,4.303763e-04,6.366453e-04,9.669898e-10,0.000000e+00,3.140450e-05,3.989718e-04,0.000000e+00,0.000000e+00,0.000000e+00,0.000000e+00,4.330057e-09,8.546400e-09,2.921363e-12,2.514260e-04,2,100
2.500000e+01,5.922621e-10,1.152670e-09,-3.432990e-13,4.867456e-11,9.024782e-11,-2.130292e-14,-1.423817e-03,-1.910070e-03,-2.007628e-09,1.263298e-03,0.000000e+00,0.000000e+00,1.605191e-04,0.000000e+00,0.000000e+00,0.000000e+00,4.626188e-09,9.122735e-09,3.093013e-12,2.522369e-04,2,102
2.550000e+01,6.159132e-10,1.196255e-09,-3.538897e-13,4.593095e-11,8.410052e-11,-2.106136e-14,1.123149e-03,1.538024e-03,1.742111e-09,0.000000e+00,1.175850e-04,1.005564e-03,0.000000e+00,0.000000e+00,0.000000e+00,0.000000e+00,4.934144e-09,9.720862e-09,3.269958e-12,2.527494e-04,2,104
2.600000e+01,6.393731e-10,1.239244e-09,-3.643393e-13,4.790788e-11,8.785024e-11,-2.073847e-14,3.965003e-03,5.421445e-03,6.167220e-09,0.000000e+00,4.174653e-04,3.547538e-03,0.000000e+00,0.000000e+00,0.000000e+00,0.000000e+00,5.253831e-09,1.034048e-08,3.452127e-12,2.591290e-04,2,106
2.650000e+01,6.651359e-10,1.286878e-09,-3.748642e-13,5.514069e-11,1.026648e-10,-2.135802e-14,-2.251691e-03,-3.109390e-03,-3.635763e-09,2.023449e-03,0.000000e+00,0.000000e+00,2.282418e-04,0.000000e+00,0.000000e+00,0.000000e+00,5.586399e-09,1.098392e-08,3.639559e-12,2.612022e-04,2,108
2.700000e+01,6.916332e-10,1.335790e-09,-3.855544e-13,5.085033e-11,9.299640e-11,-2.140243e-14,-3.746532e-03,-5.200461e-03,-6.251436e-09,3.374510e-03,0.000000e+00,0.000000e+00,3.720224e-04,0.000000e+00,0.000000e+00,0.000000e+00,5.932215e-09,1.165182e-08,3.832336e-12,2.669651e-04,2,110
2.750000e+01,7.152958e-10,1.378391e-09,-3.963926e-13,4.380255e-11,7.742860e-11,-2.194715e-14,1.202303e-03,1.706354e-03,2.251391e-09,0.000000e+00,1.085695e-04,1.093734e-03,0.000000e+00,0.000000e+00,0.000000e+00,0.000000e+00,6.289863e-09,1.234101e-08,4.030533e-12,2.675691e-04,2,112
2.800000e+01,7.377293e-10,1.418177e-09,-4.072878e-13,4.593072e-11,8.171026e-11,-2.163554e-14,-6.053256e-04,-7.239685e-04,-3.415674e-10,5.116545e-04,0.000000e+00,0.000000e+00,9.367112e-05,0.000000e+00,0.000000e+00,0.000000e+00,6.658728e-09,1.305010e-08,4.234177e-12,2.677044e-04,2,114
2.850000e+01,7.603890e-10,1.458358e-09,-4.179706e-13,4.470824e-11,7.901659e-11,-2.109845e-14,3.579398e-03,4.937291e-03,5.734234e-09,0.000000e+00,3.644260e-04,3.214972e-03,0.000000e+00,0.000000e+00,0.000000e+00,0.000000e+00,7.038922e-09,1.377928e-08,4.443162e-12,2.729388e-04,2,116
2.900000e+01,7.843752e-10,1.501245e-09,-4.286433e-13,5.123440e-11,9.251571e-11,-2.159000e-14,-6.332694e-03,-8.727857e-03,-1.020777e-08,5.685863e-03,0.000000e+00,0.000000e+00,6.468319e-04,0.000000e+00,0.000000e+00,0.000000e+00,7.431110e-09,1.452990e-08,4.657484e-12,2.893125e-04,2,118
2.950000e+01,8.070324e-10,1.541085e-09,-4.397865e-13,3.939878e-11,6.687510e-11,-2.297496e-14,-3.356846e-03,-4.626668e-03,-5.394785e-09,3.014027e-03,0.000000e+00,0.000000e+00,3.428190e-04,0.000000e+00,0.000000e+00,0.000000e+00,7.834626e-09,1.530045e-08,4.877377e-12,2.939135e-04,2,120
3.000000e+01,8.251560e-10,1.571086e-09,-4.513633e-13,3.309774e-11,5.314639e-11,-2.333033e-14,-2.190375e-03,-2.984210e-03,-3.257186e-09,1.956655e-03,0.000000e+00,0.000000e+00,2.337203e-04,0.000000e+00,0.000000e+00,0.000000e+00,8.247204e-09,1.608599e-08,5.103059e-12,2.958550e-04,2,122
3.050000e+01,8.406725e-10,1.595423e-09,-4.630158e-13,2.896983e-11,4.421470e-11,-2.327990e-14,-1.740147e-03,-2.457285e-03,-3.147520e-09,1.579431e-03,0.000000e+00,0.000000e+00,1.607166e-04,0.000000e+00,0.000000e+00,0.000000e+00,8.667540e-09,1.688370e-08,5.334566e-12,2.971153e-04,2,124
3.100000e+01,8.543357e-10,1.615689e-09,-4.746117e-13,2.568447e-11,3.685663e-11,-2.310470e-14,-2.982877e-03,-4.118986e-03,-4.823867e-09,2.680487e-03,0.000000e+00,0.000000e+00,3.023895e-04,0.000000e+00,0.000000e+00,0.000000e+00,9.094708e-09,1.769154e-08,5.571872e-12,3.007535e-04,2,126
3.150000e+01,8.657829e-10,1.631101e-09,-4.862217e-13,2.010611e-11,2.480800e-11,-2.333398e-14,4.013969e-04,6.214812e-04,1.086093e-09,0.000000e+00,2.129231e-05,3.801046e-04,0.000000e+00,0.000000e+00,0.000000e+00,0.000000e+00,9.527600e-09,1.850710e-08,5.814983e-12,3.008260e-04,2,128
3.200000e+01,8.760106e-10,1.643902e-09,-4.977335e-13,2.080444e-11,2.639343e-11,-2.271649e-14,-1.185479e-03,-1.660572e-03,-2.029498e-09,1.072105e-03,0.000000e+00,0.000000e+00,1.133737e-04,0.000000e+00,0.000000e+00,0.000000e+00,9.965605e-09,1.932905e-08,6.063850e-12,3.014071e-04,2,130
3.250000e+01,8.858525e-10,1.655861e-09,-5.090043e-13,1.856391e-11,2.144771e-11,-2.236863e-14,1.925779e-03,2.631338e-03,2.952596e-09,0.000000e+00,2.032878e-04,1.722491e-03,0.000000e+00,0.000000e+00,0.000000e+00,0.000000e+00,1.040853e-08,2.015698e-08,6.318352e-12,3.029112e-04,2,132
3.300000e+01,8.960156e-10,1.668425e-09,-5.201626e-13,2.208729e-11,2.880029e-11,-2.226513e-14,1.780121e-03,2.449575e-03,2.844948e-09,0.000000e+00,1.829293e-04,1.597192e-03,0.000000e+00,0.000000e+00,0.000000e+00,0.000000e+00,1.085654e-08,2.099119e-08,6.578433e-12,3.042035e-04,2,134
3.350000e+01,9.078710e-10,1.684521e-09,-5.312590e-13,2.533324e-11,3.557736e-11,-2.212141e-14,1.052484e-03,1.450566e-03,1.746574e-09,0.000000e+00,1.074998e-04,9.449846e-04,0.000000e+00,0.000000e+00,0.000000e+00,0.000000e+00,1.131047e-08,2.183345e-08,6.844063e-12,3.046558e-04,2,136
3.400000e+01,9.210108e-10,1.703279e-09,-5.422245e-13,2.722512e-11,3.944873e-11,-2.174270e-14,-3.556683e-03,-4.887160e-03,-5.564354e-09,3.189143e-03,0.000000e+00,0.000000e+00,3.675400e-04,0.000000e+00,0.000000e+00,0.000000e+00,1.177098e-08,2.268509e-08,7.115175e-12,3.098086e-04,2,138
3.450000e+01,9.329617e-10,1.719433e-09,-5.532111e-13,2.058122e-11,2.518586e-11,-2.220106e-14,-4.961016e-03,-6.832905e-03,-7.949357e-09,4.452998e-03,0.000000e+00,0.000000e+00,5.080179e-04,0.000000e+00,0.000000e+00,0.000000e+00,1.223746e-08,2.354481e-08,7.391781e-12,3.198523e-04,2,140
3.500000e+01,9.409444e-10,1.727092e-09,-5.645404e-13,1.135266e-11,5.473899e-12,-2.311125e-14,5.291737e-04,7.246739e-04,8.354189e-10,0.000000e+00,5.539152e-05,4.737822e-04,0.000000e+00,0.000000e+00,0.000000e+00,0.000000e+00,1.270793e-08,2.440835e-08,7.674051e-12,3.199660e-04,2,142
3.550000e+01,9.468593e-10,1.730337e-09,-5.759489e-13,1.230694e-11,7.502124e-12,-2.252584e-14,-5.723670e-03,-7.923701e-03,-9.431047e-09,5.149211e-03,0.000000e+00,0.000000e+00,5.744593e-04,0.000000e+00,0.000000e+00,0.000000e+00,1.318136e-08,2.527352e-08,7.962025e-12,3.333882e-04,2,144
3.600000e+01,9.503564e-10,1.728407e-09,-5.875037e-13,1.685090e-12,-1.519047e-11,-2.368709e-14,8.896097e-04,1.273969e-03,1.754406e-09,0.000000e+00,7.704162e-05,8.125681e-04,0.000000e+00,0.000000e+00,0.000000e+00,0.000000e+00,1.365654e-08,2.613772e-08,8.255777e-12,3.337213e-04,2,146
3.650000e+01,9.516098e-10,1.721752e-09,-5.992285e-13,3.328015e-12,-1.143490e-11,-2.321457e-14,-1.511824e-03,-2.093383e-03,-2.560355e-09,1.360220e-03,0.000000e+00,0.000000e+00,1.516041e-04,0.000000e+00,0.000000e+00,0.000000e+00,1.413235e-08,2.699860e-08,8.555391e-12,3.346579e-04,2,148
3.700000e+01,9.525721e-10,1.714560e-09,-6.107703e-13,5.222356e-13,-1.732740e-11,-2.295419e-14,4.601347e-04,6.845543e-04,1.063387e-09,0.000000e+00,3.245354e-05,4.276812e-04,0.000000e+00,0.000000e+00,0.000000e+00,0.000000e+00,1.460863e-08,2.785588e-08,8.860777e-12,3.347499e-04,2,150
3.750000e+01,9.530459e-10,1.706419e-09,-6.220991e-13,1.372785e-12,-1.523922e-11,-2.236432e-14,-2.992986e-04,-4.159955e-04,-5.037441e-10,2.697368e-04,0.000000e+00,0.000000e+00,2.956171e-05,0.000000e+00,0.000000e+00,0.000000e+00,1.508515e-08,2.870909e-08,9.171826e-12,3.347867e-04,2,152
3.800000e+01,9.535930e-10,1.698531e-09,-6.331217e-13,8.157342e-13,-1.631090e-11,-2.172938e-14,-1.396689e-03,-1.959393e-03,-2.444379e-09,1.263973e-03,0.000000e+00,0.000000e+00,1.327164e-04,0.000000e+00,0.000000e+00,0.000000e+00,1.556195e-08,2.955835e-08,9.488387e-12,3.355943e-04,2,154
3.850000e+01,9.533539e-10,1.689005e-09,-6.439251e-13,-1.771350e-12,-2.178331e-11,-2.148565e-14,-2.316183e-03,-3.149878e-03,-3.440390e-09,2.067383e-03,0.000000e+00,0.000000e+00,2.488003e-04,0.000000e+00,0.000000e+00,0.000000e+00,1.603863e-08,3.040286e-08,9.810350e-12,3.377623e-04,2,156
3.900000e+01,9.513970e-10,1.675903e-09,-6.546805e-13,-6.054674e-12,-3.061460e-11,-2.153558e-14,4.072796e-03,5.660362e-03,6.812080e-09,0.000000e+00,4.023920e-04,3.670404e-03,0.000000e+00,0.000000e+00,0.000000e+00,0.000000e+00,1.651433e-08,3.124081e-08,1.013769e-11,3.445792e-04,2,158
3.950000e+01,9.502584e-10,1.664702e-09,-6.656118e-13,1.497524e-12,-1.421061e-11,-2.218628e-14,-2.477786e-04,-3.690997e-04,-5.942047e-10,2.304392e-04,0.000000e+00,0.000000e+00,1.733940e-05,0.000000e+00,0.000000e+00,0.000000e+00,1.698946e-08,3.207316e-08,1.047050e-11,3.446059e-04,2,160
4.000000e+01,9.508916e-10,1.657360e-09,-6.765440e-13,1.035559e-12,-1.515620e-11,-2.154593e-14,-2.990737e-03,-4.136331e-03,-4.845792e-09,2.689424e-03,0.000000e+00,0.000000e+00,3.013126e-04,0.000000e+00,0.000000e+00,0.000000e+00,1.746490e-08,3.290184e-08,1.080877e-11,3.482678e-04,2,162
4.050000e+01,9.500243e-10,1.646853e-09,-6.873885e-13,-4.502598e-12,-2.685618e-11,-2.183059e-14,4.277235e-04,6.096464e-04,8.676821e-10,0.000000e+00,3.787202e-05,3.898515e-04,0.000000e+00,0.000000e+00,0.000000e+00,0.000000e+00,1.793991e-08,3.372527e-08,1.115246e-11,3.483445e-04,2,164
4.100000e+01,9.479735e-10,1.633913e-09,-6.981603e-13,-3.700881e-12,-2.490903e-11,-2.125966e-14,1.936344e-03,2.648152e-03,2.955490e-09,0.000000e+00,2.037164e-04,1.732628e-03,0.000000e+00,0.000000e+00,0.000000e+00,0.000000e+00,1.841390e-08,3.454222e-08,1.150154e-11,3.498663e-04,2,166
4.150000e+01,9.470215e-10,1.623399e-09,-7.087743e-13,-1.084852e-13,-1.715352e-11,-2.119662e-14,-1.790353e-03,-2.425192e-03,-2.658700e-09,1.595269e-03,0.000000e+00,0.000000e+00,1.950839e-04,0.000000e+00,0.000000e+00,0.000000e+00,1.888741e-08,3.535392e-08,1.185593e-11,3.511577e-04,2,168
4.200000e+01,9.461386e-10,1.613121e-09,-7.193438e-13,-3.422190e-12,-2.395009e-11,-2.108216e-14,1.458337e-03,2.058082e-03,2.578742e-09,0.000000e+00,1.350513e-04,1.323286e-03,0.000000e+00,0.000000e+00,0.000000e+00,0.000000e+00,1.936048e-08,3.616048e-08,1.221560e-11,3.520424e-04,2,170
4.250000e+01,9.451045e-10,1.602664e-09,-7.298349e-13,-7.152052e-13,-1.788754e-11,-2.088337e-14,-3.785355e-03,-5.210250e-03,-6.100746e-09,3.396747e-03,0.000000e+00,0.000000e+00,3.886079e-04,0.000000e+00,0.000000e+00,0.000000e+00,1.983303e-08,3.696182e-08,1.258052e-11,3.578868e-04,2,172
4.300000e+01,9.429949e-10,1.590029e-09,-7.404184e-13,-7.720313e-12,-3.263440e-11,-2.144749e-14,1.718120e-03,2.402782e-03,2.968602e-09,0.000000e+00,1.654365e-04,1.552684e-03,0.000000e+00,0.000000e+00,0.000000e+00,0.000000e+00,2.030453e-08,3.775683e-08,1.295073e-11,3.591059e-04,2,174
4.350000e+01,9.399344e-10,1.575492e-09,-7.511100e-13,-4.522923e-12,-2.552067e-11,-2.131941e-14,-1.834425e-03,-2.528345e-03,-2.998943e-09,1.647083e-03,0.000000e+00,0.000000e+00,1.873420e-04,0.000000e+00,0.000000e+00,0.000000e+00,2.077450e-08,3.854458e-08,1.332628e-11,3.604799e-04,2,176
4.400000e+01,9.368263e-10,1.560973e-09,-7.617461e-13,-7.908399e-12,-3.254786e-11,-2.122567e-14,8.965952e-04,1.197052e-03,1.215011e-09,0.000000e+00,1.027385e-04,7.938568e-04,0.000000e+00,0.000000e+00,0.000000e+00,0.000000e+00,2.124291e-08,3.932506e-08,1.370716e-11,3.608003e-04,2,178
4.450000e+01,9.332915e-10,1.545617e-09,-7.722558e-13,-6.231234e-12,-2.887914e-11,-2.081556e-14,2.415212e-03,3.313113e-03,3.847964e-09,0.000000e+00,2.511928e-04,2.164019e-03,0.000000e+00,0.000000e+00,0.000000e+00,0.000000e+00,2.170956e-08,4.009787e-08,1.409328e-11,3.631733e-04,2,180
4.500000e+01,9.312974e-10,1.533602e-09,-7.826915e-13,-1.746833e-12,-1.919368e-11,-2.092667e-14,1.326206e-03,1.859575e-03,2.332567e-09,0.000000e+00,1.262899e-04,1.199916e-03,0.000000e+00,0.000000e+00,0.000000e+00,0.000000e+00,2.217521e-08,4.086467e-08,1.448463e-11,3.639012e-04,2,182
4.550000e+01,9.310389e-10,1.525372e-09,-7.930942e-13,7.118551e-13,-1.373460e-11,-2.068536e-14,4.116362e-03,5.714094e-03,6.898571e-09,0.000000e+00,4.086644e-04,3.707698e-03,0.000000e+00,0.000000e+00,0.000000e+00,0.000000e+00,2.264072e-08,4.162736e-08,1.488118e-11,3.708582e-04,2,184
4.600000e+01,9.333000e-10,1.522617e-09,-8.036107e-13,8.329665e-12,2.693651e-12,-2.137688e-14,1.221713e-03,1.614793e-03,1.565470e-09,0.000000e+00,1.447061e-04,1.077007e-03,0.000000e+00,0.000000e+00,0.000000e+00,0.000000e+00,2.310737e-08,4.238867e-08,1.528298e-11,3.714487e-04,2,186
4.650000e+01,9.380258e-10,1.525113e-09,-8.142200e-13,1.057256e-11,7.285909e-12,-2.106204e-14,2.493398e-03,3.502821e-03,4.406018e-09,0.000000e+00,2.355216e-04,2.257876e-03,0.000000e+00,0.000000e+00,0.000000e+00,0.000000e+00,2.357639e-08,4.315122e-08,1.569009e-11,3.740254e-04,2,188
4.700000e+01,9.444604e-10,1.531247e-09,-8.247884e-13,1.516435e-11,1.723643e-11,-2.121058e-14,1.953774e-03,2.653862e-03,2.922016e-09,0.000000e+00,2.107833e-04,1.742991e-03,0.000000e+00,0.000000e+00,0.000000e+00,0.000000e+00,2.404862e-08,4.391685e-08,1.610249e-11,3.755666e-04,2,190
4.750000e+01,9.529386e-10,1.541730e-09,-8.353786e-13,1.874711e-11,2.468559e-11,-2.115053e-14,-4.337178e-03,-5.959946e-03,-6.834871e-09,3.889077e-03,0.000000e+00,0.000000e+00,4.481009e-04,0.000000e+00,0.000000e+00,0.000000e+00,2.452509e-08,4.468771e-08,1.652018e-11,3.832295e-04,2,192
4.800000e+01,9.602940e-10,1.549764e-09,-8.461387e-13,1.067735e-11,7.471190e-12,-2.188576e-14,-4.229483e-03,-5.834263e-03,-6.869235e-09,3.798948e-03,0.000000e+00,0.000000e+00,4.305346e-04,0.000000e+00,0.000000e+00,0.000000e+00,2.500523e-08,4.546259e-08,1.694324e-11,3.905382e-04,2,194
4.850000e+01,9.636688e-10,1.549313e-09,-8.572528e-13,2.824854e-12,-9.252392e-12,-2.256668e-14,3.480002e-03,4.808767e-03,5.709963e-09,0.000000e+00,3.518299e-04,3.128172e-03,0.000000e+00,0.000000e+00,0.000000e+00,0.000000e+00,2.548707e-08,4.623725e-08,1.737187e-11,3.954928e-04,2,196
4.900000e+01,9.666906e-10,1.548143e-09,-8.686398e-13,9.260067e-12,4.555353e-12,-2.297916e-14,-5.646283e-03,-7.833869e-03,-9.435225e-09,5.084585e-03,0.000000e+00,0.000000e+00,5.616983e-04,0.000000e+00,0.000000e+00,0.000000e+00,2.597041e-08,4.701132e-08,1.780619e-11,4.085771e-04,2,198
4.950000e+01,9.687017e-10,1.544810e-09,-8.804121e-13,-1.211777e-12,-1.785806e-11,-2.410396e-14,1.276923e-03,1.782607e-03,2.194198e-09,0.000000e+00,1.238673e-04,1.153056e-03,0.000000e+00,0.000000e+00,0.000000e+00,0.000000e+00,2.645476e-08,4.778373e-08,1.824640e-11,4.092495e-04,2,200
5.000000e+01,9.686876e-10,1.537190e-09,-8.923726e-13,1.154500e-12,-1.262908e-11,-2.373979e-14,-3.740432e-03,-5.269508e-03,-6.700453e-09,3.391392e-03,0.000000e+00,0.000000e+00,3.490401e-04,0.000000e+00,0.000000e+00,0.000000e+00,2.693911e-08,4.855232e-08,1.869258e-11,4.150612e-04,2,202
5.050000e+01,9.675327e-10,1.527132e-09,-9.043643e-13,-5.771608e-12,-2.758548e-11,-2.422428e-14,-2.278573e-03,-3.112608e-03,-3.482238e-09,2.037819e-03,0.000000e+00,0.000000e+00,2.407540e-04,0.000000e+00,0.000000e+00,0.000000e+00,2.742287e-08,4.931589e-08,1.914477e-11,4.171665e-04,2,204
5.100000e+01,9.635953e-10,1.511166e-09,-9.164641e-13,-9.976429e-12,-3.626588e-11,-2.417530e-14,-1.749052e-03,-2.426616e-03,-2.900937e-09,1.575030e-03,0.000000e+00,0.000000e+00,1.740224e-04,0.000000e+00,0.000000e+00,0.000000e+00,2.790467e-08,5.007147e-08,1.960300e-11,4.184220e-04,2,206
5.150000e+01,9.578030e-10,1.491367e-09,-9.284984e-13,-1.319177e-11,-4.292021e-11,-2.396332e-14,2.587944e-03,3.585511e-03,4.245888e-09,0.000000e+00,2.589240e-04,2.329020e-03,0.000000e+00,0.000000e+00,0.000000e+00,0.000000e+00,2.838357e-08,5.081715e-08,2.006725e-11,4.211677e-04,2,208
5.200000e+01,9.524124e-10,1.472553e-09,-9.404985e-13,-8.372179e-12,-3.234911e-11,-2.403639e-14,1.628780e-03,2.275845e-03,2.771665e-09,0.000000e+00,1.574105e-04,1.471370e-03,0.000000e+00,0.000000e+00,0.000000e+00,0.000000e+00,2.885978e-08,5.155343e-08,2.053750e-11,4.222626e-04,2,210
5.250000e+01,9.489850e-10,1.458068e-09,-9.524554e-13,-5.338708e-12,-2.560018e-11,-2.379279e-14,-4.303680e-03,-5.933995e-03,-6.952980e-09,3.864837e-03,0.000000e+00,0.000000e+00,4.388432e-04,0.000000e+00,0.000000e+00,0.000000e+00,2.933427e-08,5.228246e-08,2.101372e-11,4.298273e-04,2,212
5.300000e+01,9.443263e-10,1.441074e-09,-9.645133e-13,-1.329297e-11,-4.235548e-11,-2.443499e-14,6.544860e-03,9.059470e-03,1.077018e-08,0.000000e+00,6.571864e-04,5.887674e-03,0.000000e+00,0.000000e+00,0.000000e+00,0.000000e+00,2.980644e-08,5.300300e-08,2.149598e-11,4.473756e-04,2,214
5.350000e+01,9.407170e-10,1.426456e-09,-9.770754e-13,-1.148897e-12,-1.615157e-11,-2.580605e-14,5.401846e-03,7.504086e-03,8.994397e-09,0.000000e+00,5.346802e-04,4.867166e-03,0.000000e+00,0.000000e+00,0.000000e+00,0.000000e+00,3.027679e-08,5.371623e-08,2.198452e-11,4.593632e-04,2,216
5.400000e+01,9.426438e-10,1.423777e-09,-9.902180e-13,8.852478e-12,5.408543e-12,-2.675885e-14,-3.994775e-03,-5.565365e-03,-6.782955e-09,3.603970e-03,0.000000e+00,0.000000e+00,3.908050e-04,0.000000e+00,0.000000e+00,0.000000e+00,3.074812e-08,5.442812e-08,2.247963e-11,4.659339e-04,2,218
5.450000e+01,9.452159e-10,1.422491e-09,-1.003712e-12,1.438482e-12,-1.053110e-11,-2.721515e-14,1.275100e-03,1.688828e-03,1.626240e-09,0.000000e+00,1.500276e-04,1.125073e-03,0.000000e+00,0.000000e+00,0.000000e+00,0.000000e+00,3.122072e-08,5.513936e-08,2.298148e-11,4.665780e-04,2,220
5.500000e+01,9.465246e-10,1.418453e-09,-1.017197e-12,3.795499e-12,-5.626109e-12,-2.672626e-14,4.526398e-03,6.158422e-03,6.749056e-09,0.000000e+00,4.854156e-04,4.040982e-03,0.000000e+00,0.000000e+00,0.000000e+00,0.000000e+00,3.169399e-08,5.584859e-08,2.349008e-11,4.748606e-04,2,222
5.550000e+01,9.505156e-10,1.420055e-09,-1.030711e-12,1.216543e-11,1.200935e-11,-2.732593e-14,-1.448410e-03,-1.969353e-03,-2.162958e-09,1.292708e-03,0.000000e+00,0.000000e+00,1.557019e-04,0.000000e+00,0.000000e+00,0.000000e+00,3.216924e-08,5.655862e-08,2.400544e-11,4.757083e-04,2,224
5.600000e+01,9.559210e-10,1.424628e-09,-1.044267e-12,9.457404e-12,6.291680e-12,-2.690072e-14,-3.449581e-03,-4.759022e-03,-5.580698e-09,3.098602e-03,0.000000e+00,0.000000e+00,3.509790e-04,0.000000e+00,0.000000e+00,0.000000e+00,3.264720e-08,5.727093e-08,2.452757e-11,4.805706e-04,2,226
5.650000e+01,9.590476e-10,1.424359e-09,-1.057782e-12,3.051220e-12,-7.351296e-12,-2.715886e-14,-2.110888e-03,-2.950663e-03,-3.627376e-09,1.907227e-03,0.000000e+00,0.000000e+00,2.036607e-04,0.000000e+00,0.000000e+00,0.000000e+00,3.312673e-08,5.798311e-08,2.505646e-11,4.824100e-04,2,228
5.700000e+01,9.595943e-10,1.418587e-09,-1.071315e-12,-8.628124e-13,-1.572400e-11,-2.697461e-14,3.864931e-03,5.345896e-03,6.321103e-09,0.000000e+00,3.892383e-04,3.475693e-03,0.000000e+00,0.000000e+00,0.000000e+00,0.000000e+00,3.360653e-08,5.869240e-08,2.559212e-11,4.885260e-04,2,230
5.750000e+01,9.609526e-10,1.414578e-09,-1.084902e-12,6.293096e-12,-3.323206e-13,-2.737115e-14,6.949467e-04,1.025453e-03,1.506046e-09,0.000000e+00,5.145070e-05,6.434960e-04,0.000000e+00,0.000000e+00,0.000000e+00,0.000000e+00,3.408700e-08,5.939969e-08,2.613457e-11,4.887344e-04,2,232
5.800000e+01,9.644173e-10,1.415146e-09,-1.098423e-12,7.565465e-12,2.599572e-12,-2.671796e-14,-3.185456e-03,-4.388751e-03,-5.126059e-09,2.859652e-03,0.000000e+00,0.000000e+00,3.258049e-04,0.000000e+00,0.000000e+00,0.000000e+00,3.456921e-08,6.010727e-08,2.668378e-11,4.928763e-04,2,234
5.850000e+01,9.667212e-10,1.413303e-09,-1.111827e-12,1.652377e-12,-9.957409e-12,-2.689327e-14,-9.063880e-03,-1.257360e-02,-1.506857e-08,8.161624e-03,0.000000e+00,0.000000e+00,9.022555e-04,0.000000e+00,0.000000e+00,0.000000e+00,3.505257e-08,6.081392e-08,2.723969e-11,5.265894e-04,2,236
5.900000e+01,9.633506e-10,1.399352e-09,-1.125810e-12,-1.512854e-11,-4.579940e-11,-2.902679e-14,-2.443028e-03,-3.457455e-03,-4.482390e-09,2.219595e-03,0.000000e+00,0.000000e+00,2.234327e-04,0.000000e+00,0.000000e+00,0.000000e+00,3.553425e-08,6.151359e-08,2.780260e-11,5.290776e-04,2,238
5.950000e+01,9.546638e-10,1.374068e-09,-1.140292e-12,-1.961699e-11,-5.532547e-11,-2.890278e-14,-3.770865e-03,-5.296361e-03,-6.679724e-09,3.414360e-03,0.000000e+00,0.000000e+00,3.565049e-04,0.000000e+00,0.000000e+00,0.000000e+00,3.601158e-08,6.220063e-08,2.837275e-11,5.349701e-04,2,240
6.000000e+01,9.431206e-10,1.342724e-09,-1.154824e-12,-2.655329e-11,-7.003171e-11,-2.922408e-14,-2.575109e-03,-3.558247e-03,-4.219605e-09,2.314732e-03,0.000000e+00,0.000000e+00,2.603770e-04,0.000000e+00,0.000000e+00,0.000000e+00,3.648314e-08,6.287199e-08,2.895016e-11,5.376830e-04,2,242
6.050000e+01,9.286667e-10,1.305298e-09,-1.169409e-12,-3.126084e-11,-7.966018e-11,-2.911777e-14,4.439809e-03,6.077454e-03,6.924383e-09,0.000000e+00,4.654944e-04,3.974314e-03,0.000000e+00,0.000000e+00,0.000000e+00,0.000000e+00,3.694747e-08,6.352464e-08,2.953486e-11,5.456889e-04,2,244
6.100000e+01,9.151089e-10,1.269966e-09,-1.184094e-12,-2.297331e-11,-6.168923e-11,-2.961944e-14,-4.033172e-03,-5.458538e-03,-6.015747e-09,3.592330e-03,0.000000e+00,0.000000e+00,4.408416e-04,0.000000e+00,0.000000e+00,0.000000e+00,3.740503e-08,6.415962e-08,3.012691e-11,5.522385e-04,2,246
6.150000e+01,9.017680e-10,1.235336e-09,-1.198989e-12,-3.038769e-11,-7.681002e-11,-2.995612e-14,1.673171e-03,2.307185e-03,2.685258e-09,0.000000e+00,1.705588e-04,1.502612e-03,0.000000e+00,0.000000e+00,0.000000e+00,0.000000e+00,3.785591e-08,6.477729e-08,3.072640e-11,5.533820e-04,2,248
6.200000e+01,8.873655e-10,1.198728e-09,-1.213858e-12,-2.722315e-11,-6.963119e-11,-2.952556e-14,-1.937790e-03,-2.658800e-03,-3.056243e-09,1.736424e-03,0.000000e+00,0.000000e+00,2.013655e-04,0.000000e+00,0.000000e+00,0.000000e+00,3.829959e-08,6.537665e-08,3.133333e-11,5.549098e-04,2,250
6.250000e+01,8.728720e-10,1.162145e-09,-1.228538e-12,-3.074953e-11,-7.669334e-11,-2.919351e-14,-9.327207e-04,-1.280740e-03,-1.501198e-09,8.360782e-04,0.000000e+00,0.000000e+00,9.664244e-05,0.000000e+00,0.000000e+00,0.000000e+00,3.873603e-08,6.595773e-08,3.194760e-11,5.552640e-04,2,252
6.300000e+01,8.570826e-10,1.123029e-09,-1.242971e-12,-3.240770e-11,-7.976480e-11,-2.854171e-14,-1.513120e-03,-2.069758e-03,-2.339856e-09,1.354048e-03,0.000000e+00,0.000000e+00,1.590720e-04,0.000000e+00,0.000000e+00,0.000000e+00,3.916457e-08,6.651924e-08,3.256909e-11,5.561934e-04,2,254
6.350000e+01,8.401963e-10,1.081820e-09,-1.257131e-12,-3.513650e-11,-8.506669e-11,-2.810064e-14,-1.085178e-04,-5.990726e-05,3.594653e-10,7.155264e-05,0.000000e+00,0.000000e+00,3.696518e-05,0.000000e+00,0.000000e+00,0.000000e+00,3.958467e-08,6.706015e-08,3.319765e-11,5.561966e-04,2,256
6.400000e+01,8.225973e-10,1.039407e-09,-1.270952e-12,-3.525932e-11,-8.458657e-11,-2.719180e-14,1.045669e-03,1.433489e-03,1.702083e-09,0.000000e+00,1.090216e-04,9.366470e-04,0.000000e+00,0.000000e+00,0.000000e+00,0.000000e+00,3.999597e-08,6.757985e-08,3.383313e-11,5.566412e-04,2,258
6.450000e+01,8.054713e-10,9.983005e-10,-1.284410e-12,-3.324547e-11,-7.984403e-11,-2.664241e-14,-1.243298e-03,-1.727333e-03,-2.132729e-09,1.120287e-03,0.000000e+00,0.000000e+00,1.230111e-04,0.000000e+00,0.000000e+00,0.000000e+00,4.039870e-08,6.807900e-08,3.447533e-11,5.572763e-04,2,260
6.500000e+01,7.882915e-10,9.572963e-10,-1.297616e-12,-3.547297e-11,-8.416713e-11,-2.618158e-14,-2.012473e-03,-2.752029e-03,-3.104376e-09,1.800679e-03,0.000000e+00,0.000000e+00,2.117941e-04,0.000000e+00,0.000000e+00,0.000000e+00,4.079285e-08,6.855765e-08,3.512414e-11,5.589200e-04,2,262
6.550000e+01,7.696431e-10,9.134061e-10,-1.310656e-12,-3.911927e-11,-9.138432e-11,-2.598177e-14,1.468697e-03,1.917303e-03,1.767347e-09,0.000000e+00,1.808707e-04,1.287826e-03,0.000000e+00,0.000000e+00,0.000000e+00,0.000000e+00,4.117767e-08,6.901436e-08,3.577947e-11,5.597656e-04,2,264
6.600000e+01,7.507851e-10,8.692601e-10,-1.323548e-12,-3.631382e-11,-8.520766e-11,-2.558823e-14,-4.368301e-03,-5.981673e-03,-6.741659e-09,3.910911e-03,0.000000e+00,0.000000e+00,4.573901e-04,0.000000e+00,0.000000e+00,0.000000e+00,4.155306e-08,6.944899e-08,3.644124e-11,5.675178e-04,2,266
6.650000e+01,7.306262e-10,8.225422e-10,-1.336492e-12,-4.431889e-11,-1.016428e-10,-2.618288e-14,1.714937e-03,2.373853e-03,2.751174e-09,0.000000e+00,1.721965e-04,1.542741e-03,0.000000e+00,0.000000e+00,0.000000e+00,0.000000e+00,4.191838e-08,6.986026e-08,3.710949e-11,5.687226e-04,2,268
6.700000e+01,7.092852e-10,7.736131e-10,-1.349510e-12,-4.104609e-11,-9.408341e-11,-2.589228e-14,-9.602019e-04,-1.416310e-03,-1.996914e-09,8.889544e-04,0.000000e+00,0.000000e+00,7.124754e-05,0.000000e+00,0.000000e+00,0.000000e+00,4.227302e-08,7.024706e-08,3.778424e-11,5.691203e-04,2,270
6.750000e+01,6.883405e-10,7.257389e-10,-1.362328e-12,-4.273226e-11,-9.740901e-11,-2.538146e-14,2.126442e-03,3.017074e-03,3.923333e-09,0.000000e+00,1.922670e-04,1.934175e-03,0.000000e+00,0.000000e+00,0.000000e+00,0.000000e+00,4.261719e-08,7.060993e-08,3.846541e-11,5.710093e-04,2,272
6.800000e+01,6.679825e-10,6.793785e-10,-1.374991e-12,-3.870129e-11,-8.804458e-11,-2.527154e-14,2.231050e-03,2.997284e-03,3.111337e-09,0.000000e+00,2.502838e-04,1.980767e-03,0.000000e+00,0.000000e+00,0.000000e+00,0.000000e+00,4.295118e-08,7.094962e-08,3.915290e-11,5.730023e-04,2,274
6.850000e+01,6.496861e-10,6.376683e-10,-1.387599e-12,-3.448565e-11,-7.880837e-11,-2.516047e-14,6.723787e-04,9.164992e-04,1.025803e-09,0.000000e+00,7.161882e-05,6.007599e-04,0.000000e+00,0.000000e+00,0.000000e+00,0.000000e+00,4.327602e-08,7.126846e-08,3.984670e-11,5.731854e-04,2,276
6.900000e+01,6.327737e-10,5.990705e-10,-1.400026e-12,-3.316448e-11,-7.558692e-11,-2.455377e-14,1.377065e-03,1.842242e-03,1.953660e-09,0.000000e+00,1.567232e-04,1.220342e-03,0.000000e+00,0.000000e+00,0.000000e+00,0.000000e+00,4.359241e-08,7.156799e-08,4.054672e-11,5.739423e-04,2,278
6.950000e+01,6.168474e-10,5.627392e-10,-1.412212e-12,-3.054187e-11,-6.974562e-11,-2.418913e-14,-8.388399e-04,-1.232178e-03,-1.813344e-09,7.751190e-04,0.000000e+00,0.000000e+00,6.372085e-05,0.000000e+00,0.000000e+00,0.000000e+00,4.390083e-08,7.184936e-08,4.125282e-11,5.742447e-04,2,280
7.000000e+01,6.012051e-10,5.271190e-10,-1.424181e-12,-3.202672e-11,-7.273155e-11,-2.369009e-14,3.191744e-03,4.396730e-03,5.117347e-09,0.000000e+00,3.266453e-04,2.865098e-03,0.000000e+00,0.000000e+00,0.000000e+00,0.000000e+00,4.420144e-08,7.211292e-08,4.196491e-11,5.784024e-04,2,282
7.050000e+01,5.866870e-10,4.940366e-10,-1.436095e-12,-2.604766e-11,-5.961486e-11,-2.396678e-14,-4.923112e-03,-6.754151e-03,-7.779826e-09,4.411311e-03,0.000000e+00,0.000000e+00,5.118004e-04,0.000000e+00,0.000000e+00,0.000000e+00,4.449478e-08,7.235994e-08,4.268296e-11,5.882632e-04,2,284
7.100000e+01,5.713987e-10,4.595137e-10,-1.448288e-12,-3.510249e-11,-7.845264e-11,-2.480006e-14,-5.632421e-03,-7.715979e-03,-8.810494e-09,5.043622e-03,0.000000e+00,0.000000e+00,5.887990e-04,0.000000e+00,0.000000e+00,0.000000e+00,4.478048e-08,7.258970e-08,4.340710e-11,6.011556e-04,2,286
7.150000e+01,5.512595e-10,4.149202e-10,-1.460949e-12,-4.545014e-11,-9.989379e-11,-2.583676e-14,1.352100e-03,1.916742e-03,2.538637e-09,0.000000e+00,1.227344e-04,1.229366e-03,0.000000e+00,0.000000e+00,0.000000e+00,0.000000e+00,4.505611e-08,7.279716e-08,4.413758e-11,6.019188e-04,2,288
7.200000e+01,5.291856e-10,3.665353e-10,-1.473769e-12,-4.284644e-11,-9.365358e-11,-2.544785e-14,-2.067964e-03,-2.903573e-03,-3.666597e-09,1.872171e-03,0.000000e+00,0.000000e+00,1.957925e-04,0.000000e+00,0.000000e+00,0.000000e+00,4.532070e-08,7.298042e-08,4.487446e-11,6.036905e-04,2,290
7.250000e+01,5.068289e-10,3.178118e-10,-1.486458e-12,-4.657907e-11,-1.012310e-10,-2.530850e-14,-3.322668e-03,-4.581455e-03,-5.404876e-09,2.983886e-03,0.000000e+00,0.000000e+00,3.387818e-04,0.000000e+00,0.000000e+00,0.000000e+00,4.557412e-08,7.313933e-08,4.561769e-11,6.081997e-04,2,292
7.300000e+01,4.820271e-10,2.641142e-10,-1.499180e-12,-5.262587e-11,-1.135436e-10,-2.557635e-14,2.647848e-03,3.571982e-03,3.913828e-09,0.000000e+00,2.927816e-04,2.355066e-03,0.000000e+00,0.000000e+00,0.000000e+00,0.000000e+00,4.581513e-08,7.327139e-08,4.636728e-11,6.110157e-04,2,294
7.350000e+01,4.569692e-10,2.101142e-10,-1.511972e-12,-4.760781e-11,-1.024705e-10,-2.559318e-14,-2.674887e-03,-3.737818e-03,-4.556120e-09,2.416459e-03,0.000000e+00,0.000000e+00,2.584283e-04,0.000000e+00,0.000000e+00,0.000000e+00,4.604361e-08,7.337644e-08,4.712327e-11,6.139687e-04,2,296
7.400000e+01,4.319534e-10,1.564025e-10,-1.524783e-12,-5.245328e-11,-1.123636e-10,-2.564924e-14,-1.114417e-03,-1.547661e-03,-1.842433e-09,1.003980e-03,0.000000e+00,0.000000e+00,1.104373e-04,0.000000e+00,0.000000e+00,0.000000e+00,4.625959e-08,7.345464e-08,4.788566e-11,6.144788e-04,2,298
7.450000e+01,4.052400e-10,9.932934e-11,-1.537489e-12,-5.439956e-11,-1.159245e-10,-2.517793e-14,-4.499065e-03,-6.177339e-03,-7.172211e-09,4.032777e-03,0.000000e+00,0.000000e+00,4.662884e-04,0.000000e+00,0.000000e+00,0.000000e+00,4.646221e-08,7.350431e-08,4.865440e-11,6.227192e-04,2,300
7.500000e+01,3.759878e-10,3.717202e-11,-1.550243e-12,-6.260650e-11,-1.326834e-10,-2.583301e-14,-1.757581e-03,-2.483287e-03,-3.239963e-09,1.595654e-03,0.000000e+00,0.000000e+00,1.619272e-04,0.000000e+00,0.000000e+00,0.000000e+00,4.665020e-08,7.352290e-08,4.942953e-11,6.240054e-04,2,302
7.550000e+01,3.439057e-10,-3.069114e-11,-1.563096e-12,-6.572073e-11,-1.387614e-10,-2.558016e-14,5.755801e-03,7.987591e-03,9.573624e-09,0.000000e+00,5.720816e-04,5.183719e-03,0.000000e+00,0.000000e+00,0.000000e+00,0.000000e+00,4.682216e-08,7.353824e-08,5.021107e-11,6.376045e-04,2,304
7.600000e+01,3.137463e-10,-9.409422e-11,-1.576156e-12,-5.492075e-11,-1.148815e-10,-2.665640e-14,5.892363e-03,8.096850e-03,9.400052e-09,0.000000e+00,6.088224e-04,5.283541e-03,0.000000e+00,0.000000e+00,0.000000e+00,0.000000e+00,4.697903e-08,7.358529e-08,5.099915e-11,6.517477e-04,2,306
7.650000e+01,2.890441e-10,-1.455249e-10,-1.589753e-12,-4.389199e-11,-9.087217e-11,-2.772350e-14,2.204414e-03,3.058067e-03,3.665063e-09,0.000000e+00,2.194190e-04,1.984995e-03,0.000000e+00,0.000000e+00,0.000000e+00,0.000000e+00,4.712355e-08,7.365805e-08,5.179403e-11,6.537419e-04,2,308
7.700000e+01,2.681430e-10,-1.886001e-10,-1.603570e-12,-3.971413e-11,-8.144068e-11,-2.754647e-14,3.044955e-03,4.231879e-03,5.168741e-09,0.000000e+00,3.008394e-04,2.744116e-03,0.000000e+00,0.000000e+00,0.000000e+00,0.000000e+00,4.725762e-08,7.375235e-08,5.259581e-11,6.575522e-04,2,310
7.750000e+01,2.497176e-10,-2.261383e-10,-1.617371e-12,-3.398970e-11,-6.872824e-11,-2.765691e-14,5.063776e-03,6.947241e-03,7.985799e-09,0.000000e+00,5.263922e-04,4.537384e-03,0.000000e+00,0.000000e+00,0.000000e+00,0.000000e+00,4.738248e-08,7.386542e-08,5.340450e-11,6.679847e-04,2,312
7.800000e+01,2.350857e-10,-2.554029e-10,-1.631390e-12,-2.454115e-11,-4.835631e-11,-2.841529e-14,-1.215890e-03,-1.655477e-03,-1.842886e-09,1.085840e-03,0.000000e+00,0.000000e+00,1.300496e-04,0.000000e+00,0.000000e+00,0.000000e+00,4.750003e-08,7.399312e-08,5.422019e-11,6.685827e-04,2,314
7.850000e+01,2.222659e-10,-2.806722e-10,-1.645463e-12,-2.673725e-11,-5.271520e-11,-2.787897e-14,-1.798506e-03,-2.439469e-03,-2.652071e-09,1.603467e-03,0.000000e+00,0.000000e+00,1.950391e-04,0.000000e+00,0.000000e+00,0.000000e+00,4.761116e-08,7.413346e-08,5.504293e-11,6.698872e-04,2,316
7.900000e+01,2.080796e-10,-3.086732e-10,-1.659319e-12,-3.000690e-11,-5.928031e-11,-2.754839e-14,-2.067472e-04,-2.953140e-04,-3.677314e-10,1.886234e-04,0.000000e+00,0.000000e+00,1.812376e-05,0.000000e+00,0.000000e+00,0.000000e+00,4.771520e-08,7.428779e-08,5.587259e-11,6.699052e-04,2,318
7.950000e+01,1.929971e-10,-3.384109e-10,-1.672884e-12,-3.032294e-11,-5.967008e-11,-2.671418e-14,3.295731e-03,4.618763e-03,5.736866e-09,0.000000e+00,3.145434e-04,2.981187e-03,0.000000e+00,0.000000e+00,0.000000e+00,0.000000e+00,4.781170e-08,7.445700e-08,5.670903e-11,6.743984e-04,2,320
8.000000e+01,1.793781e-10,-3.648288e-10,-1.686299e-12,-2.415518e-11,-4.601912e-11,-2.694480e-14,1.477090e-03,1.998375e-03,2.164479e-09,0.000000e+00,1.616639e-04,1.315426e-03,0.000000e+00,0.000000e+00,0.000000e+00,0.000000e+00,4.790139e-08,7.463941e-08,5.755218e-11,6.752766e-04,2,322
8.050000e+01,1.679977e-10,-3.863212e-10,-1.699669e-12,-2.136743e-11,-3.995817e-11,-2.653907e-14,7.179511e-03,9.974062e-03,1.204327e-08,0.000000e+00,7.104919e-04,6.469019e-03,0.000000e+00,0.000000e+00,0.000000e+00,0.000000e+00,4.798539e-08,7.483257e-08,5.840201e-11,6.964531e-04,2,324
8.100000e+01,1.606495e-10,-3.990915e-10,-1.713321e-12,-8.030691e-12,-1.115996e-11,-2.806047e-14,1.096047e-03,1.556282e-03,2.061757e-09,0.000000e+00,9.876377e-05,9.972837e-04,0.000000e+00,0.000000e+00,0.000000e+00,0.000000e+00,4.806571e-08,7.503212e-08,5.925867e-11,6.969553e-04,2,326
8.150000e+01,1.571460e-10,-4.035372e-10,-1.727214e-12,-5.984068e-12,-6.628787e-12,-2.751200e-14,5.022465e-04,7.479335e-04,1.106896e-09,0.000000e+00,3.521344e-05,4.670330e-04,0.000000e+00,0.000000e+00,0.000000e+00,0.000000e+00,4.814428e-08,7.523389e-08,6.012228e-11,6.970650e-04,2,328
8.200000e+01,1.543897e-10,-4.063041e-10,-1.740788e-12,-5.041117e-12,-4.441463e-12,-2.678759e-14,-2.221029e-03,-3.111068e-03,-3.843096e-09,2.008603e-03,0.000000e+00,0.000000e+00,2.124268e-04,0.000000e+00,0.000000e+00,0.000000e+00,4.822148e-08,7.543704e-08,6.099267e-11,6.991048e-04,2,330
8.250000e+01,1.508438e-10,-4.107410e-10,-1.754148e-12,-9.141048e-12,-1.329466e-11,-2.665403e-14,-2.972082e-03,-4.095772e-03,-4.764366e-09,2.668389e-03,0.000000e+00,0.000000e+00,3.036938e-04,0.000000e+00,0.000000e+00,0.000000e+00,4.829690e-08,7.564241e-08,6.186975e-11,7.027111e-04,2,332
8.300000e+01,1.449025e-10,-4.202916e-10,-1.767502e-12,-1.462207e-11,-2.489302e-11,-2.676113e-14,-2.601001e-03,-3.563067e-03,-4.099283e-09,2.329070e-03,0.000000e+00,0.000000e+00,2.719317e-04,0.000000e+00,0.000000e+00,0.000000e+00,4.836935e-08,7.585256e-08,6.275350e-11,7.054603e-04,2,334
8.350000e+01,1.363956e-10,-4.352383e-10,-1.780876e-12,-1.940405e-11,-3.488084e-11,-2.673689e-14,-2.928750e-04,-4.470294e-04,-7.218734e-10,2.754838e-04,0.000000e+00,0.000000e+00,1.739121e-05,0.000000e+00,0.000000e+00,0.000000e+00,4.843755e-08,7.607018e-08,6.364394e-11,7.054984e-04,2,336
8.400000e+01,1.265687e-10,-4.529315e-10,-1.794051e-12,-1.990306e-11,-3.589080e-11,-2.596574e-14,-7.353135e-04,-9.788721e-04,-1.042770e-09,6.502328e-04,0.000000e+00,0.000000e+00,8.508070e-05,0.000000e+00,0.000000e+00,0.000000e+00,4.850083e-08,7.629664e-08,6.454096e-11,7.057134e-04,2,338
8.450000e+01,1.162879e-10,-4.715081e-10,-1.806878e-12,-2.121992e-11,-3.841231e-11,-2.534755e-14,-3.548789e-03,-4.827050e-03,-5.369016e-09,3.167844e-03,0.000000e+00,0.000000e+00,3.809449e-04,0.000000e+00,0.000000e+00,0.000000e+00,4.855898e-08,7.653240e-08,6.544440e-11,7.108036e-04,2,340
8.500000e+01,1.040469e-10,-4.940923e-10,-1.819634e-12,-2.774160e-11,-5.190738e-11,-2.567305e-14,1.814712e-03,2.486307e-03,2.874764e-09,0.000000e+00,1.896208e-04,1.625091e-03,0.000000e+00,0.000000e+00,0.000000e+00,0.000000e+00,4.861100e-08,7.677944e-08,6.635422e-11,7.121420e-04,2,342
8.550000e+01,9.103157e-11,-5.181686e-10,-1.832408e-12,-2.432094e-11,-4.440751e-11,-2.542618e-14,-1.208369e-04,-2.116630e-04,-4.648419e-10,1.215203e-04,6.833628e-07,0.000000e+00,0.000000e+00,0.000000e+00,0.000000e+00,0.000000e+00,4.865652e-08,7.703853e-08,6.727042e-11,7.121494e-04,2,344
8.600000e+01,7.882867e-11,-5.404386e-10,-1.844924e-12,-2.449059e-11,-4.467218e-11,-2.464105e-14,3.364056e-04,4.704216e-04,5.456366e-10,0.000000e+00,3.240379e-05,3.040018e-04,0.000000e+00,0.000000e+00,0.000000e+00,0.000000e+00,4.869593e-08,7.730875e-08,6.819288e-11,7.121962e-04,2,346
8.650000e+01,6.675271e-11,-5.623527e-10,-1.857069e-12,-2.381350e-11,-4.298635e-11,-2.394437e-14,1.582951e-05,1.210391e-04,6.269141e-10,0.000000e+00,0.000000e+00,4.285574e-05,2.702624e-05,0.000000e+00,0.000000e+00,0.000000e+00,4.872931e-08,7.758992e-08,6.912142e-11,7.121974e-04,2,348
8.700000e+01,5.486652e-11,-5.836770e-10,-1.868846e-12,-2.373131e-11,-4.231149e-11,-2.316428e-14,-1.689682e-03,-2.430425e-03,-3.329820e-09,1.546444e-03,0.000000e+00,0.000000e+00,1.432374e-04,0.000000e+00,0.000000e+00,0.000000e+00,4.875674e-08,7.788176e-08,7.005584e-11,7.134034e-04,2,350
8.750000e+01,4.223185e-11,-6.064896e-10,-1.880383e-12,-2.680620e-11,-4.893041e-11,-2.298643e-14,3.104441e-03,4.320878e-03,5.264977e-09,0.000000e+00,3.048901e-04,2.799550e-03,0.000000e+00,0.000000e+00,0.000000e+00,0.000000e+00,4.877786e-08,7.818501e-08,7.099603e-11,7.173687e-04,2,352
8.800000e+01,3.028076e-11,-6.277713e-10,-1.891947e-12,-2.100034e-11,-3.621262e-11,-2.326805e-14,-4.629737e-03,-6.415976e-03,-7.659050e-09,4.167001e-03,0.000000e+00,0.000000e+00,4.627357e-04,0.000000e+00,0.000000e+00,0.000000e+00,4.879300e-08,7.849889e-08,7.194201e-11,7.261577e-04,2,354
8.850000e+01,1.764905e-11,-6.503961e-10,-1.903776e-12,-2.952334e-11,-5.426351e-11,-2.404313e-14,2.898844e-03,3.911496e-03,4.156000e-09,0.000000e+00,3.202706e-04,2.578574e-03,0.000000e+00,0.000000e+00,0.000000e+00,0.000000e+00,4.880182e-08,7.882409e-08,7.289389e-11,7.295335e-04,2,356
8.900000e+01,4.245719e-12,-6.746268e-10,-1.915835e-12,-2.409200e-11,-4.267435e-11,-2.419180e-14,2.308075e-03,3.174607e-03,3.640195e-09,0.000000e+00,2.376073e-04,2.070467e-03,0.000000e+00,0.000000e+00,0.000000e+00,0.000000e+00,4.880394e-08,7.916140e-08,7.385181e-11,7.317051e-04,2,358
8.950000e+01,-6.718438e-12,-6.936121e-10,-1.927922e-12,-1.976623e-11,-3.327894e-11,-2.415876e-14,-5.143199e-04,-6.712420e-04,-6.643626e-10,4.509309e-04,0.000000e+00,0.000000e+00,6.338910e-05,0.000000e+00,0.000000e+00,0.000000e+00,4.880730e-08,7.950821e-08,7.481577e-11,7.318088e-04,2,360
9.000000e+01,-1.682867e-11,-7.106678e-10,-1.939843e-12,-2.067434e-11,-3.494166e-11,-2.352611e-14,1.146237e-03,1.641393e-03,2.232499e-09,0.000000e+00,9.928910e-05,1.046948e-03,0.000000e+00,0.000000e+00,0.000000e+00,0.000000e+00,4.881572e-08,7.986354e-08,7.578569e-11,7.323618e-04,2,362
9.050000e+01,-2.662373e-11,-7.268980e-10,-1.951511e-12,-1.850673e-11,-2.998528e-11,-2.314704e-14,5.210341e-03,7.159553e-03,8.251645e-09,0.000000e+00,5.383855e-04,4.671955e-03,0.000000e+00,0.000000e+00,0.000000e+00,0.000000e+00,4.882903e-08,8.022699e-08,7.676145e-11,7.434203e-04,2,364
9.100000e+01,-3.345484e-11,-7.367135e-10,-1.963325e-12,-8.821277e-12,-9.303465e-12,-2.410453e-14,-7.698693e-03,-1.067157e-02,-1.265915e-08,6.929962e-03,0.000000e+00,0.000000e+00,7.687301e-04,0.000000e+00,0.000000e+00,0.000000e+00,4.884576e-08,8.059535e-08,7.774311e-11,7.677280e-04,2,366
9.150000e+01,-4.142447e-11,-7.489784e-10,-1.975822e-12,-2.305197e-11,-3.971706e-11,-2.587328e-14,-2.744364e-03,-3.698719e-03,-3.957100e-09,2.439910e-03,0.000000e+00,0.000000e+00,3.044538e-04,0.000000e+00,0.000000e+00,0.000000e+00,4.886647e-08,8.096984e-08,7.873102e-11,7.707509e-04,2,368
9.200000e+01,-5.420807e-11,-7.714057e-10,-1.988768e-12,-2.808059e-11,-4.997890e-11,-2.591076e-14,-1.075504e-03,-1.424802e-03,-1.359791e-09,9.490571e-04,0.000000e+00,0.000000e+00,1.264473e-04,0.000000e+00,0.000000e+00,0.000000e+00,4.889357e-08,8.135554e-08,7.972541e-11,7.712092e-04,2,370
9.250000e+01,-6.873064e-11,-7.973182e-10,-2.001595e-12,-3.000898e-11,-5.366641e-11,-2.540138e-14,-1.588341e-03,-2.180939e-03,-2.417604e-09,1.423754e-03,0.000000e+00,0.000000e+00,1.645878e-04,0.000000e+00,0.000000e+00,0.000000e+00,4.892794e-08,8.175420e-08,8.072620e-11,7.722363e-04,2,372
9.300000e+01,-8.445374e-11,-8.256081e-10,-2.014217e-12,-3.288234e-11,-5.948571e-11,-2.509016e-14,3.735430e-03,5.193494e-03,6.303244e-09,0.000000e+00,3.684827e-04,3.366948e-03,0.000000e+00,0.000000e+00,0.000000e+00,0.000000e+00,4.897017e-08,8.216700e-08,8.173331e-11,7.779724e-04,2,374
9.350000e+01,-9.914743e-11,-8.515232e-10,-2.026869e-12,-2.589502e-11,-4.419436e-11,-2.551205e-14,5.195069e-03,7.098504e-03,8.001970e-09,0.000000e+00,5.483729e-04,4.646696e-03,0.000000e+00,0.000000e+00,0.000000e+00,0.000000e+00,4.901974e-08,8.259276e-08,8.274675e-11,7.889186e-04,2,376
9.400000e+01,-1.096756e-10,-8.684597e-10,-2.039842e-12,-1.622142e-11,-2.357816e-11,-2.637719e-14,1.458840e-03,1.988823e-03,2.243780e-09,0.000000e+00,1.552961e-04,1.303544e-03,0.000000e+00,0.000000e+00,0.000000e+00,0.000000e+00,4.907458e-08,8.302699e-08,8.376667e-11,7.897803e-04,2,378
9.450000e+01,-1.171020e-10,-8.787815e-10,-2.052933e-12,-1.348508e-11,-1.771630e-11,-2.598782e-14,1.137142e-03,1.574017e-03,1.829644e-09,0.000000e+00,1.141914e-04,1.022951e-03,0.000000e+00,0.000000e+00,0.000000e+00,0.000000e+00,4.913313e-08,8.346639e-08,8.479313e-11,7.903100e-04,2,380
9.500000e+01,-1.233107e-10,-8.864801e-10,-2.065807e-12,-1.135027e-11,-1.308427e-11,-2.551170e-14,8.250477e-03,1.141717e-02,1.347410e-08,0.000000e+00,8.293868e-04,7.421090e-03,0.000000e+00,0.000000e+00,0.000000e+00,0.000000e+00,4.919478e-08,8.390963e-08,8.582604e-11,8.181903e-04,2,382
9.550000e+01,-1.251602e-10,-8.848331e-10,-2.079041e-12,3.946581e-12,1.963063e-11,-2.741313e-14,-2.667683e-03,-3.618133e-03,-3.924364e-09,2.378307e-03,0.000000e+00,0.000000e+00,2.893762e-04,0.000000e+00,0.000000e+00,0.000000e+00,4.925736e-08,8.435204e-08,8.686556e-11,8.210603e-04,2,384
9.600000e+01,-1.244240e-10,-8.776426e-10,-2.092739e-12,-1.000069e-12,9.144637e-12,-2.738068e-14,3.400595e-03,4.660293e-03,5.318401e-09,0.000000e+00,3.549868e-04,3.045608e-03,0.000000e+00,0.000000e+00,0.000000e+00,0.000000e+00,4.931958e-08,8.479086e-08,8.791193e-11,8.257612e-04,2,386
9.650000e+01,-1.233493e-10,-8.697553e-10,-2.106485e-12,5.296657e-12,2.238740e-11,-2.759937e-14,3.760373e-05,8.415104e-06,-1.660326e-10,0.000000e+00,1.637263e-05,2.123110e-05,0.000000e+00,0.000000e+00,0.000000e+00,0.000000e+00,4.938125e-08,8.522574e-08,8.896517e-11,8.257615e-04,2,388
9.700000e+01,-1.206865e-10,-8.585985e-10,-2.120057e-12,5.354497e-12,2.224005e-11,-2.669464e-14,-6.349141e-04,-9.578250e-04,-1.518719e-09,5.939573e-04,0.000000e+00,0.000000e+00,4.095678e-05,0.000000e+00,0.000000e+00,0.000000e+00,4.944159e-08,8.565504e-08,9.002520e-11,8.259388e-04,2,390
9.750000e+01,-1.183061e-10,-8.482060e-10,-2.133242e-12,4.167377e-12,1.933362e-11,-2.604745e-14,-5.193307e-04,-7.045137e-04,-7.476240e-10,4.630410e-04,0.000000e+00,0.000000e+00,5.628979e-05,0.000000e+00,0.000000e+00,0.000000e+00,4.950075e-08,8.607914e-08,9.109182e-11,8.260476e-04,2,392
9.800000e+01,-1.164651e-10,-8.390801e-10,-2.146093e-12,3.196839e-12,1.717307e-11,-2.536074e-14,4.701375e-04,6.246813e-04,6.028113e-10,0.000000e+00,5.473878e-05,4.153987e-04,0.000000e+00,0.000000e+00,0.000000e+00,0.000000e+00,4.955898e-08,8.649868e-08,9.216487e-11,8.261353e-04,2,394
9.850000e+01,-1.146509e-10,-8.300797e-10,-2.158601e-12,4.059963e-12,1.882608e-11,-2.467743e-14,-1.638240e-03,-2.314775e-03,-2.893027e-09,1.487338e-03,0.000000e+00,0.000000e+00,1.509019e-04,0.000000e+00,0.000000e+00,0.000000e+00,4.961630e-08,8.691372e-08,9.324417e-11,8.272528e-04,2,396
9.900000e+01,-1.133815e-10,-8.223580e-10,-2.170876e-12,1.018561e-12,1.206948e-11,-2.442211e-14,3.841248e-03,5.295597e-03,6.149816e-09,0.000000e+00,3.919168e-04,3.449331e-03,0.000000e+00,0.000000e+00,0.000000e+00,0.000000e+00,4.967299e-08,8.732490e-08,9.432960e-11,8.332786e-04,2,398
9.950000e+01,-1.110946e-10,-8.125597e-10,-2.183205e-12,8.126452e-12,2.710469e-11,-2.489045e-14,2.677455e-03,3.693421e-03,4.250653e-09,0.000000e+00,2.725285e-04,2.404926e-03,0.000000e+00,0.000000e+00,0.000000e+00,0.000000e+00,4.972854e-08,8.773118e-08,9.542121e-11,8.362075e-04,2,400
1.000000e+02,-1.057964e-10,-7.964182e-10,-2.195667e-12,1.306437e-11,3.744795e-11,-2.495895e-14,5.532174e-04,7.768188e-04,9.442691e-10,0.000000e+00,5.236042e-05,5.008570e-04,0.000000e+00,0.000000e+00,0.000000e+00,0.000000e+00,4.978144e-08,8.812939e-08,9.651904e-11,8.363343e-04,2,402
1.005000e+02,-9.901541e-11,-7.772105e-10,-2.207987e-12,1.405936e-11,3.938035e-11,-2.432535e-14,1.648684e-03,2.277464e-03,2.703178e-09,0.000000e+00,1.668947e-04,1.481789e-03,0.000000e+00,0.000000e+00,0.000000e+00,0.000000e+00,4.983095e-08,8.851800e-08,9.762303e-11,8.374461e-04,2,404
1.010000e+02,-9.123033e-11,-7.559672e-10,-2.220086e-12,1.707985e-11,4.558475e-11,-2.407265e-14,7.329911e-05,5.189250e-05,-1.685820e-10,0.000000e+00,2.166948e-05,5.162963e-05,0.000000e+00,0.000000e+00,0.000000e+00,0.000000e+00,4.987656e-08,8.889598e-08,9.873308e-11,8.374477e-04,2,406
1.015000e+02,-8.266596e-11,-7.332251e-10,-2.231927e-12,1.717759e-11,4.538400e-11,-2.329421e-14,2.481385e-04,3.208275e-04,2.271651e-10,0.000000e+00,3.145435e-05,2.166842e-04,0.000000e+00,0.000000e+00,0.000000e+00,0.000000e+00,4.991790e-08,8.926259e-08,9.984904e-11,8.374716e-04,2,408
1.020000e+02,-7.397184e-11,-7.103907e-10,-2.243401e-12,1.759874e-11,4.595304e-11,-2.260589e-14,7.357386e-04,9.213313e-04,5.910627e-10,0.000000e+00,1.019039e-04,6.338347e-04,0.000000e+00,0.000000e+00,0.000000e+00,0.000000e+00,4.995488e-08,8.961779e-08,1.009707e-10,8.376777e-04,2,410
1.025000e+02,-6.484166e-11,-6.868434e-10,-2.254573e-12,1.892150e-11,4.823314e-11,-2.208427e-14,4.616935e-03,6.362528e-03,7.394130e-09,0.000000e+00,4.717638e-04,4.145171e-03,0.000000e+00,0.000000e+00,0.000000e+00,0.000000e+00,4.998730e-08,8.996121e-08,1.020980e-10,8.463802e-04,2,412
1.030000e+02,-5.325414e-11,-6.582696e-10,-2.265816e-12,2.742542e-11,6.603933e-11,-2.288543e-14,-1.843440e-03,-2.511415e-03,-2.854494e-09,1.646703e-03,0.000000e+00,0.000000e+00,1.967371e-04,0.000000e+00,0.000000e+00,0.000000e+00,5.001393e-08,9.029034e-08,1.032309e-10,8.477554e-04,2,414
1.035000e+02,-4.041004e-11,-6.271723e-10,-2.277222e-12,2.395229e-11,5.835954e-11,-2.273617e-14,-5.009316e-03,-6.944008e-03,-8.263643e-09,4.509221e-03,0.000000e+00,0.000000e+00,5.000956e-04,0.000000e+00,0.000000e+00,0.000000e+00,5.003414e-08,9.060393e-08,1.043695e-10,8.580470e-04,2,416
1.040000e+02,-3.076612e-11,-6.030699e-10,-2.288821e-12,1.462684e-11,3.807622e-11,-2.365544e-14,-5.299611e-03,-7.301326e-03,-8.605738e-09,4.757517e-03,0.000000e+00,0.000000e+00,5.420939e-04,0.000000e+00,0.000000e+00,0.000000e+00,5.004952e-08,9.090547e-08,1.055140e-10,8.695109e-04,2,418
1.045000e+02,-2.591413e-11,-5.893257e-10,-2.300894e-12,4.784767e-12,1.692746e-11,-2.463024e-14,-3.014403e-03,-4.167713e-03,-4.909122e-09,2.710317e-03,0.000000e+00,0.000000e+00,3.040862e-04,0.000000e+00,0.000000e+00,0.000000e+00,5.006248e-08,9.120013e-08,1.066644e-10,8.732300e-04,2,420
1.050000e+02,-2.491983e-11,-5.838747e-10,-2.313257e-12,-8.055235e-13,4.892217e-12,-2.482110e-14,3.584182e-03,4.941665e-03,5.753895e-09,0.000000e+00,3.655552e-04,3.218627e-03,0.000000e+00,0.000000e+00,0.000000e+00,0.000000e+00,5.007494e-08,9.149207e-08,1.078210e-10,8.784766e-04,2,422
1.055000e+02,-2.366295e-11,-5.779043e-10,-2.325760e-12,5.830590e-12,1.897132e-11,-2.519139e-14,-1.542015e-03,-2.081507e-03,-2.129774e-09,1.371887e-03,0.000000e+00,0.000000e+00,1.701280e-04,0.000000e+00,0.000000e+00,0.000000e+00,5.008677e-08,9.178102e-08,1.089839e-10,8.794321e-04,2,424
1.060000e+02,-2.146473e-11,-5.699434e-10,-2.338273e-12,2.963368e-12,1.287996e-11,-2.486322e-14,1.825896e-03,2.515906e-03,2.917452e-09,0.000000e+00,1.866687e-04,1.639228e-03,0.000000e+00,0.000000e+00,0.000000e+00,0.000000e+00,5.009750e-08,9.206599e-08,1.101530e-10,8.807931e-04,2,426
1.065000e+02,-1.913944e-11,-5.617290e-10,-2.350651e-12,6.336522e-12,1.996839e-11,-2.465007e-14,-2.318385e-03,-3.144174e-03,-3.502066e-09,2.066837e-03,0.000000e+00,0.000000e+00,2.515477e-04,0.000000e+00,0.000000e+00,0.000000e+00,5.010707e-08,9.234685e-08,1.113284e-10,8.829606e-04,2,428
1.070000e+02,-1.704793e-11,-5.540314e-10,-2.362963e-12,2.031114e-12,1.083375e-11,-2.459467e-14,-6.543438e-03,-9.027602e-03,-1.055158e-08,5.877763e-03,0.000000e+00,0.000000e+00,6.656749e-04,0.000000e+00,0.000000e+00,0.000000e+00,5.011559e-08,9.262387e-08,1.125099e-10,9.004562e-04,2,430
1.075000e+02,-1.906260e-11,-5.550907e-10,-2.375601e-12,-1.008531e-11,-1.503780e-11,-2.595284e-14,3.727949e-03,5.177711e-03,6.248653e-09,0.000000e+00,3.692983e-04,3.358651e-03,0.000000e+00,0.000000e+00,0.000000e+00,0.000000e+00,5.012512e-08,9.290142e-08,1.136977e-10,9.061647e-04,2,432
1.080000e+02,-2.237391e-11,-5.588784e-10,-2.388676e-12,-3.162469e-12,-1.318203e-13,-2.634260e-14,-3.809631e-03,-5.265405e-03,-6.167135e-09,3.424807e-03,0.000000e+00,0.000000e+00,3.848242e-04,0.000000e+00,0.000000e+00,0.000000e+00,5.013631e-08,9.318085e-08,1.148920e-10,9.121034e-04,2,434
1.085000e+02,-2.571695e-11,-5.627092e-10,-2.401947e-12,-1.020708e-11,-1.517217e-11,-2.674059e-14,-1.764629e-03,-2.485092e-03,-3.158916e-09,1.599699e-03,0.000000e+00,0.000000e+00,1.649305e-04,0.000000e+00,0.000000e+00,0.000000e+00,5.014917e-08,9.346221e-08,1.160930e-10,9.133965e-04,2,436
1.090000e+02,-3.163170e-11,-5.720432e-10,-2.415246e-12,-1.345073e-11,-2.215503e-11,-2.645836e-14,5.783077e-04,8.844628e-04,1.469637e-09,0.000000e+00,3.383142e-05,5.444763e-04,0.000000e+00,0.000000e+00,0.000000e+00,0.000000e+00,5.016499e-08,9.374823e-08,1.173006e-10,9.135453e-04,2,438
1.095000e+02,-3.808188e-11,-5.824458e-10,-2.428310e-12,-1.235041e-11,-1.945882e-11,-2.580133e-14,-5.073215e-04,-6.586232e-04,-6.212185e-10,4.437889e-04,0.000000e+00,0.000000e+00,6.353263e-05,0.000000e+00,0.000000e+00,0.000000e+00,5.018403e-08,9.403945e-08,1.185147e-10,9.136458e-04,2,440
1.100000e+02,-4.448508e-11,-5.926089e-10,-2.441038e-12,-1.326203e-11,-2.119130e-11,-2.511169e-14,-2.184158e-03,-3.021300e-03,-3.634588e-09,1.964253e-03,0.000000e+00,0.000000e+00,2.199045e-04,0.000000e+00,0.000000e+00,0.000000e+00,5.020627e-08,9.433576e-08,1.197353e-10,9.155991e-04,2,442
1.105000e+02,-5.211982e-11,-6.053244e-10,-2.453568e-12,-1.727545e-11,-2.965983e-11,-2.501164e-14,1.739842e-03,2.424305e-03,2.915842e-09,0.000000e+00,1.700845e-04,1.569757e-03,0.000000e+00,0.000000e+00,0.000000e+00,0.000000e+00,5.023233e-08,9.463842e-08,1.209620e-10,9.168457e-04,2,444
1.110000e+02,-5.994254e-11,-6.183639e-10,-2.466014e-12,-1.401663e-11,-2.250739e-11,-2.477163e-14,2.853004e-06,-5.153143e-05,-3.144107e-10,1.344934e-05,1.630234e-05,0.000000e+00,0.000000e+00,0.000000e+00,0.000000e+00,0.000000e+00,5.026230e-08,9.494760e-08,1.221951e-10,9.168459e-04,2,446
1.115000e+02,-6.694174e-11,-6.296113e-10,-2.478195e-12,-1.398021e-11,-2.248229e-11,-2.395659e-14,2.531163e-04,3.601924e-04,4.686429e-10,0.000000e+00,2.257956e-05,2.305367e-04,0.000000e+00,0.000000e+00,0.000000e+00,0.000000e+00,5.029577e-08,9.526241e-08,1.234342e-10,9.168727e-04,2,448
1.120000e+02,-7.380691e-11,-6.405518e-10,-2.489997e-12,-1.348064e-11,-2.128123e-11,-2.325595e-14,-3.597642e-03,-4.942486e-03,-5.673486e-09,3.225594e-03,0.000000e+00,0.000000e+00,3.720483e-04,0.000000e+00,0.000000e+00,0.000000e+00,5.033267e-08,9.558268e-08,1.246792e-10,9.221441e-04,2,450
1.125000e+02,-8.220517e-11,-6.546859e-10,-2.501731e-12,-2.010994e-11,-3.523720e-11,-2.367787e-14,-4.591411e-03,-6.375776e-03,-7.676249e-09,4.136233e-03,0.000000e+00,0.000000e+00,4.551775e-04,0.000000e+00,0.000000e+00,0.000000e+00,5.037378e-08,9.591003e-08,1.259300e-10,9.308020e-04,2,452
1.130000e+02,-9.437443e-11,-6.767961e-10,-2.513759e-12,-2.856398e-11,-5.318072e-11,-2.442985e-14,6.752388e-03,9.269002e-03,1.062904e-08,0.000000e+00,7.004638e-04,6.051925e-03,0.000000e+00,0.000000e+00,0.000000e+00,0.000000e+00,5.042096e-08,9.624842e-08,1.271869e-10,9.493602e-04,2,454
1.135000e+02,-1.055147e-10,-6.966565e-10,-2.526331e-12,-1.600185e-11,-2.629539e-11,-2.585136e-14,-5.050097e-03,-7.009896e-03,-8.392808e-09,4.548632e-03,0.000000e+00,0.000000e+00,5.014659e-04,0.000000e+00,0.000000e+00,0.000000e+00,5.047372e-08,9.659675e-08,1.284501e-10,9.598309e-04,2,456
1.140000e+02,-1.158446e-10,-7.147664e-10,-2.539466e-12,-2.531404e-11,-4.611882e-11,-2.668409e-14,6.767838e-04,9.154144e-04,1.031931e-09,0.000000e+00,7.413453e-05,6.026493e-04,0.000000e+00,0.000000e+00,0.000000e+00,0.000000e+00,5.053164e-08,9.695414e-08,1.297198e-10,9.600153e-04,2,458
1.145000e+02,-1.281742e-10,-7.370829e-10,-2.552643e-12,-2.400509e-11,-4.315074e-11,-2.602707e-14,-2.542079e-03,-3.521506e-03,-4.169862e-09,2.287611e-03,0.000000e+00,0.000000e+00,2.544681e-04,0.000000e+00,0.000000e+00,0.000000e+00,5.059573e-08,9.732268e-08,1.309961e-10,9.626642e-04,2,460
1.150000e+02,-1.413402e-10,-7.610937e-10,-2.565654e-12,-2.865716e-11,-5.288006e-11,-2.601697e-14,4.486137e-03,6.140088e-03,6.910511e-09,0.000000e+00,4.705780e-04,4.015559e-03,0.000000e+00,0.000000e+00,0.000000e+00,0.000000e+00,5.066640e-08,9.770322e-08,1.322789e-10,9.708373e-04,2,462
1.155000e+02,-1.535761e-10,-7.830418e-10,-2.578818e-12,-2.028966e-11,-3.493520e-11,-2.663554e-14,3.537530e-03,4.957994e-03,6.249742e-09,0.000000e+00,3.375156e-04,3.200015e-03,0.000000e+00,0.000000e+00,0.000000e+00,0.000000e+00,5.074319e-08,9.809475e-08,1.335684e-10,9.760143e-04,2,464
1.160000e+02,-1.620721e-10,-7.968971e-10,-2.592215e-12,-1.369662e-11,-2.050455e-11,-2.695015e-14,-5.654337e-03,-7.748506e-03,-8.838786e-09,5.063970e-03,0.000000e+00,0.000000e+00,5.903672e-04,0.000000e+00,0.000000e+00,0.000000e+00,5.082422e-08,9.849319e-08,1.348645e-10,9.890105e-04,2,466
1.165000e+02,-1.715303e-10,-8.126508e-10,-2.605935e-12,-2.413238e-11,-4.248226e-11,-2.792401e-14,-2.282549e-03,-3.094092e-03,-3.391326e-09,2.034462e-03,0.000000e+00,0.000000e+00,2.480871e-04,0.000000e+00,0.000000e+00,0.000000e+00,5.090999e-08,9.889952e-08,1.361674e-10,9.911108e-04,2,468
1.170000e+02,-1.846398e-10,-8.360230e-10,-2.619853e-12,-2.830378e-11,-5.099573e-11,-2.774903e-14,-6.617761e-03,-9.091883e-03,-1.049154e-08,5.933481e-03,0.000000e+00,0.000000e+00,6.842798e-04,0.000000e+00,0.000000e+00,0.000000e+00,5.100231e-08,9.931753e-08,1.374774e-10,1.008948e-03,2,470
1.175000e+02,-2.018394e-10,-8.679246e-10,-2.634047e-12,-4.049039e-11,-7.657754e-11,-2.901900e-14,-1.439809e-03,-1.990188e-03,-2.388647e-09,1.294422e-03,0.000000e+00,0.000000e+00,1.453865e-04,0.000000e+00,0.000000e+00,0.000000e+00,5.110323e-08,9.975149e-08,1.387944e-10,1.009796e-03,2,472
1.180000e+02,-2.227287e-10,-9.074897e-10,-2.648437e-12,-4.306554e-11,-8.167653e-11,-2.854316e-14,-1.435565e-03,-1.930854e-03,-2.029402e-09,1.275172e-03,0.000000e+00,0.000000e+00,1.603929e-04,0.000000e+00,0.000000e+00,0.000000e+00,5.121459e-08,1.002052e-07,1.401186e-10,1.010622e-03,2,474
1.185000e+02,-2.449021e-10,-9.495521e-10,-2.662589e-12,-4.562712e-11,-8.656698e-11,-2.806872e-14,-2.023172e-03,-2.888632e-03,-3.809914e-09,1.845462e-03,0.000000e+00,0.000000e+00,1.777098e-04,0.000000e+00,0.000000e+00,0.000000e+00,5.133705e-08,1.006800e-07,1.414499e-10,1.012341e-03,2,476
1.190000e+02,-2.686268e-10,-9.947353e-10,-2.676566e-12,-4.927066e-11,-9.415602e-11,-2.783968e-14,-2.837753e-03,-3.851744e-03,-4.232306e-09,2.530779e-03,0.000000e+00,0.000000e+00,3.069736e-04,0.000000e+00,0.000000e+00,0.000000e+00,5.147136e-08,1.011774e-07,1.427882e-10,1.015590e-03,2,478
1.195000e+02,-2.945485e-10,-1.044387e-09,-2.690488e-12,-5.441391e-11,-1.044382e-10,-2.784928e-14,2.696507e-03,3.757215e-03,4.578134e-09,0.000000e+00,2.636387e-04,2.432868e-03,0.000000e+00,0.000000e+00,0.000000e+00,0.000000e+00,5.161863e-08,1.016996e-07,1.441334e-10,1.018585e-03,2,480
1.200000e+02,-3.204769e-10,-1.093719e-09,-2.704409e-12,-4.930181e-11,-9.290566e-11,-2.783588e-14,1.604940e-03,2.270856e-03,2.866976e-09,0.000000e+00,1.469304e-04,1.458010e-03,0.000000e+00,0.000000e+00,0.000000e+00,0.000000e+00,5.177887e-08,1.022464e-07,1.454856e-10,1.019658e-03,2,482
1.205000e+02,-3.443575e-10,-1.138370e-09,-2.718234e-12,-4.622155e-11,-8.570738e-11,-2.746626e-14,6.009809e-03,8.270007e-03,9.621961e-09,0.000000e+00,6.175591e-04,5.392250e-03,0.000000e+00,0.000000e+00,0.000000e+00,0.000000e+00,5.195105e-08,1.028156e-07,1.468447e-10,1.034387e-03,2,484
1.210000e+02,-3.646605e-10,-1.175146e-09,-2.732239e-12,-3.499472e-11,-6.142680e-11,-2.854830e-14,-2.438396e-03,-3.401248e-03,-4.123705e-09,2.201054e-03,0.000000e+00,0.000000e+00,2.373423e-04,0.000000e+00,0.000000e+00,0.000000e+00,5.213338e-08,1.034032e-07,1.482109e-10,1.036838e-03,2,486
1.215000e+02,-3.832672e-10,-1.208174e-09,-2.746483e-12,-3.943047e-11,-7.067267e-11,-2.842651e-14,-2.340647e-03,-3.241562e-03,-3.860241e-09,2.106082e-03,0.000000e+00,0.000000e+00,2.345652e-04,0.000000e+00,0.000000e+00,0.000000e+00,5.232501e-08,1.040073e-07,1.495841e-10,1.039083e-03,2,488
1.220000e+02,-4.040441e-10,-1.245693e-09,-2.760657e-12,-4.367542e-11,-7.939159e-11,-2.827041e-14,-3.559719e-03,-4.974538e-03,-6.142013e-09,3.215885e-03,0.000000e+00,0.000000e+00,3.438340e-04,0.000000e+00,0.000000e+00,0.000000e+00,5.252704e-08,1.046301e-07,1.509644e-10,1.044313e-03,2,490
1.225000e+02,-4.275054e-10,-1.288794e-09,-2.774859e-12,-5.016745e-11,-9.299424e-11,-2.853527e-14,4.033452e-03,5.532459e-03,6.355490e-09,0.000000e+00,4.196425e-04,3.613809e-03,0.000000e+00,0.000000e+00,0.000000e+00,0.000000e+00,5.274079e-08,1.052745e-07,1.523519e-10,1.050931e-03,2,492
1.230000e+02,-4.506941e-10,-1.331156e-09,-2.789224e-12,-4.259010e-11,-7.647806e-11,-2.892531e-14,1.054870e-02,1.451190e-02,1.681238e-08,0.000000e+00,1.085123e-03,9.463573e-03,0.000000e+00,0.000000e+00,0.000000e+00,0.000000e+00,5.296614e-08,1.059401e-07,1.537465e-10,1.096299e-03,2,494
1.235000e+02,-4.670822e-10,-1.358872e-09,-2.804324e-12,-2.296985e-11,-3.443729e-11,-3.145718e-14,3.677292e-03,5.054418e-03,5.856222e-09,0.000000e+00,3.795610e-04,3.297731e-03,0.000000e+00,0.000000e+00,0.000000e+00,0.000000e+00,5.319968e-08,1.066195e-07,1.551486e-10,1.101809e-03,2,496
1.240000e+02,-4.768521e-10,-1.372410e-09,-2.820097e-12,-1.611216e-11,-1.973500e-11,-3.163651e-14,-4.031455e-03,-5.637100e-03,-6.937605e-09,3.643018e-03,0.000000e+00,0.000000e+00,3.884372e-04,0.000000e+00,0.000000e+00,0.000000e+00,5.343810e-08,1.073057e-07,1.565587e-10,1.108520e-03,2,498
1.245000e+02,-4.867655e-10,-1.386271e-09,-2.835994e-12,-2.353860e-11,-3.568707e-11,-3.194977e-14,2.780267e-03,3.806318e-03,4.322025e-09,0.000000e+00,2.913443e-04,2.488923e-03,0.000000e+00,0.000000e+00,0.000000e+00,0.000000e+00,5.368149e-08,1.079989e-07,1.579767e-10,1.111660e-03,2,500
1.250000e+02,-4.972347e-10,-1.401324e-09,-2.851935e-12,-1.834004e-11,-2.454058e-11,-3.181343e-14,3.299836e-03,4.528583e-03,5.214003e-09,0.000000e+00,3.426290e-04,2.957207e-03,0.000000e+00,0.000000e+00,0.000000e+00,0.000000e+00,5.393010e-08,1.086995e-07,1.594026e-10,1.116091e-03,2,502
1.255000e+02,-5.048669e-10,-1.410309e-09,-2.867852e-12,-1.219130e-11,-1.141618e-11,-3.185488e-14,2.442334e-03,3.322091e-03,3.718411e-09,0.000000e+00,2.621620e-04,2.180172e-03,0.000000e+00,0.000000e+00,0.000000e+00,0.000000e+00,5.418254e-08,1.094047e-07,1.608366e-10,1.118502e-03,2,504
1.260000e+02,-5.098252e-10,-1.413620e-09,-2.883717e-12,-7.643459e-12,-1.838766e-12,-3.160547e-14,-5.519663e-03,-7.685967e-03,-9.372775e-09,4.978579e-03,0.000000e+00,0.000000e+00,5.410838e-04,0.000000e+00,0.000000e+00,0.000000e+00,5.443745e-08,1.101115e-07,1.622784e-10,1.131041e-03,2,506
1.265000e+02,-5.161979e-10,-1.420032e-09,-2.899722e-12,-1.784338e-11,-2.378072e-11,-3.241138e-14,-8.221841e-04,-1.046482e-03,-7.984503e-10,7.131855e-04,0.000000e+00,0.000000e+00,1.089986e-04,0.000000e+00,0.000000e+00,0.000000e+00,5.469555e-08,1.108215e-07,1.637283e-10,1.131302e-03,2,508
1.270000e+02,-5.254902e-10,-1.432625e-09,-2.915723e-12,-1.932561e-11,-2.658809e-11,-3.159764e-14,6.949265e-04,9.753731e-04,1.239853e-09,0.000000e+00,6.589727e-05,6.290292e-04,0.000000e+00,0.000000e+00,0.000000e+00,0.000000e+00,5.495829e-08,1.115378e-07,1.651862e-10,1.131502e-03,2,510
1.275000e+02,-5.348206e-10,-1.445170e-09,-2.931320e-12,-1.799638e-11,-2.359825e-11,-3.079357e-14,-1.264909e-03,-1.691053e-03,-1.724082e-09,1.120619e-03,0.000000e+00,0.000000e+00,1.442897e-04,0.000000e+00,0.000000e+00,0.000000e+00,5.522570e-08,1.122604e-07,1.666518e-10,1.132140e-03,2,512
1.280000e+02,-5.443944e-10,-1.458134e-09,-2.946564e-12,-2.029775e-11,-2.824831e-11,-3.018766e-14,1.716660e-03,2.349916e-03,2.628804e-09,0.000000e+00,1.799677e-04,1.536692e-03,0.000000e+00,0.000000e+00,0.000000e+00,0.000000e+00,5.549790e-08,1.129895e-07,1.681251e-10,1.133337e-03,2,514
1.285000e+02,-5.537373e-10,-1.470523e-09,-2.961551e-12,-1.707513e-11,-2.131918e-11,-2.975974e-14,5.615973e-04,7.496133e-04,7.490730e-10,0.000000e+00,6.440393e-05,4.971934e-04,0.000000e+00,0.000000e+00,0.000000e+00,0.000000e+00,5.577477e-08,1.137247e-07,1.696059e-10,1.133463e-03,2,516
1.290000e+02,-5.620054e-10,-1.480606e-09,-2.976230e-12,-1.599768e-11,-1.901459e-11,-2.896189e-14,-1.790541e-05,-3.790396e-05,-6.698288e-11,1.989464e-05,1.989222e-06,0.000000e+00,0.000000e+00,0.000000e+00,0.000000e+00,0.000000e+00,5.605577e-08,1.144650e-07,1.710940e-10,1.133463e-03,2,518
1.295000e+02,-5.700036e-10,-1.490104e-09,-2.990473e-12,-1.599529e-11,-1.897730e-11,-2.801781e-14,4.945908e-03,6.778420e-03,7.722870e-09,0.000000e+00,5.161928e-04,4.429715e-03,0.000000e+00,0.000000e+00,0.000000e+00,0.000000e+00,5.634077e-08,1.152101e-07,1.725892e-10,1.143407e-03,2,520
1.300000e+02,-5.757028e-10,-1.494709e-09,-3.004660e-12,-6.804881e-12,5.314867e-13,-2.872382e-14,-2.831692e-03,-3.954922e-03,-4.906769e-09,2.557534e-03,0.000000e+00,0.000000e+00,2.741585e-04,0.000000e+00,0.000000e+00,0.000000e+00,5.662862e-08,1.159575e-07,1.740916e-10,1.146715e-03,2,522
1.305000e+02,-5.804123e-10,-1.497272e-09,-3.019023e-12,-1.203123e-11,-1.077037e-11,-2.872913e-14,-2.699090e-04,-3.474428e-04,-3.829713e-10,2.352526e-04,0.000000e+00,0.000000e+00,3.465643e-05,0.000000e+00,0.000000e+00,0.000000e+00,5.691883e-08,1.167061e-07,1.756011e-10,1.146744e-03,2,524
1.310000e+02,-5.865462e-10,-1.502885e-09,-3.033171e-12,-1.250411e-11,-1.168043e-11,-2.786863e-14,-3.266187e-04,-4.627255e-04,-5.537495e-10,2.968867e-04,0.000000e+00,0.000000e+00,2.973201e-05,0.000000e+00,0.000000e+00,0.000000e+00,5.721210e-08,1.174575e-07,1.771176e-10,1.146788e-03,2,526
1.315000e+02,-5.929425e-10,-1.509034e-09,-3.046903e-12,-1.308091e-11,-1.291285e-11,-2.706407e-14,-1.436425e-04,-2.570414e-04,-6.013765e-10,1.460227e-04,2.380198e-06,0.000000e+00,0.000000e+00,0.000000e+00,0.000000e+00,0.000000e+00,5.750858e-08,1.182121e-07,1.786411e-10,1.146799e-03,2,528
1.320000e+02,-5.995422e-10,-1.515650e-09,-3.060227e-12,-1.331773e-11,-1.354826e-11,-2.623460e-14,1.809404e-03,2.493665e-03,2.946990e-09,0.000000e+00,1.848428e-04,1.624561e-03,0.000000e+00,0.000000e+00,0.000000e+00,0.000000e+00,5.780835e-08,1.189699e-07,1.801712e-10,1.148135e-03,2,530
1.325000e+02,-6.053561e-10,-1.520615e-09,-3.073278e-12,-9.938945e-12,-6.321040e-12,-2.597105e-14,7.025959e-03,9.732828e-03,1.157125e-08,0.000000e+00,7.033544e-04,6.322605e-03,0.000000e+00,0.000000e+00,0.000000e+00,0.000000e+00,5.811102e-08,1.197302e-07,1.817079e-10,1.168370e-03,2,532
1.330000e+02,-6.070675e-10,-1.516803e-09,-3.086636e-12,3.088190e-12,2.153053e-11,-2.745323e-14,6.828920e-03,9.536913e-03,1.175085e-08,0.000000e+00,6.613904e-04,6.167529e-03,0.000000e+00,0.000000e+00,0.000000e+00,0.000000e+00,5.841456e-08,1.204886e-07,1.832512e-10,1.187608e-03,2,534
1.335000e+02,-6.023639e-10,-1.499260e-09,-3.100711e-12,1.572167e-11,4.860921e-11,-2.883970e-14,-3.008909e-03,-4.163681e-03,-4.992927e-09,2.706406e-03,0.000000e+00,0.000000e+00,3.025031e-04,0.000000e+00,0.000000e+00,0.000000e+00,5.871574e-08,1.212382e-07,1.848015e-10,1.191316e-03,2,536
1.340000e+02,-5.959047e-10,-1.478026e-09,-3.115144e-12,1.011725e-11,3.634294e-11,-2.889129e-14,1.451022e-03,2.019864e-03,2.526600e-09,0.000000e+00,1.424265e-04,1.308596e-03,0.000000e+00,0.000000e+00,0.000000e+00,0.000000e+00,5.901369e-08,1.219772e-07,1.863591e-10,1.192183e-03,2,538
1.345000e+02,-5.901800e-10,-1.458479e-09,-3.129473e-12,1.278062e-11,4.183472e-11,-2.842677e-14,-1.210582e-03,-1.623983e-03,-1.679332e-09,1.074095e-03,0.000000e+00,0.000000e+00,1.364877e-04,0.000000e+00,0.000000e+00,0.000000e+00,5.930878e-08,1.227065e-07,1.879238e-10,1.192769e-03,2,540
1.350000e+02,-5.843572e-10,-1.438804e-09,-3.143549e-12,1.051145e-11,3.687531e-11,-2.788251e-14,-1.679450e-03,-2.274637e-03,-2.491541e-09,1.496356e-03,0.000000e+00,0.000000e+00,1.830941e-04,0.000000e+00,0.000000e+00,0.000000e+00,5.960096e-08,1.234259e-07,1.894956e-10,1.193905e-03,2,542
1.355000e+02,-5.798847e-10,-1.422063e-09,-3.157398e-12,7.379434e-12,3.009519e-11,-2.751227e-14,-2.206006e-03,-3.028950e-03,-3.468363e-09,1.977386e-03,0.000000e+00,0.000000e+00,2.286204e-04,0.000000e+00,0.000000e+00,0.000000e+00,5.989090e-08,1.241369e-07,1.910743e-10,1.195886e-03,2,544
1.360000e+02,-5.772203e-10,-1.409239e-09,-3.171109e-12,3.279724e-12,2.121217e-11,-2.733519e-14,1.620321e-03,2.237204e-03,2.647344e-09,0.000000e+00,1.643355e-04,1.455986e-03,0.000000e+00,0.000000e+00,0.000000e+00,0.000000e+00,6.017951e-08,1.248415e-07,1.926599e-10,1.196960e-03,2,546
1.365000e+02,-5.748322e-10,-1.397074e-09,-3.184686e-12,6.271655e-12,2.744066e-11,-2.697394e-14,1.974401e-03,2.784632e-03,3.532797e-09,0.000000e+00,1.833464e-04,1.791055e-03,0.000000e+00,0.000000e+00,0.000000e+00,0.000000e+00,6.046693e-08,1.255401e-07,1.942522e-10,1.198581e-03,2,548
1.370000e+02,-5.707859e-10,-1.381415e-09,-3.198118e-12,9.912343e-12,3.518527e-11,-2.675592e-14,9.590681e-05,1.695982e-04,4.132395e-10,0.000000e+00,0.000000e+00,9.691218e-05,1.005377e-06,0.000000e+00,0.000000e+00,0.000000e+00,6.075232e-08,1.262308e-07,1.958513e-10,1.198585e-03,2,550
1.375000e+02,-5.657908e-10,-1.363768e-09,-3.211285e-12,1.006785e-11,3.540037e-11,-2.591674e-14,3.344984e-04,4.353628e-04,4.245556e-10,0.000000e+00,4.157081e-05,2.929276e-04,0.000000e+00,0.000000e+00,0.000000e+00,0.000000e+00,6.103522e-08,1.269127e-07,1.974569e-10,1.198629e-03,2,552
1.380000e+02,-5.606076e-10,-1.345825e-09,-3.224056e-12,1.066464e-11,3.637303e-11,-2.516974e-14,5.193803e-03,7.197592e-03,8.547875e-09,0.000000e+00,5.191356e-04,4.674667e-03,0.000000e+00,0.000000e+00,0.000000e+00,0.000000e+00,6.131552e-08,1.275856e-07,1.990689e-10,1.209690e-03,2,554
1.385000e+02,-5.528769e-10,-1.322561e-09,-3.236867e-12,2.025469e-11,5.665549e-11,-2.606990e-14,3.195296e-03,4.451328e-03,5.325428e-09,0.000000e+00,3.126602e-04,2.882636e-03,0.000000e+00,0.000000e+00,0.000000e+00,0.000000e+00,6.159196e-08,1.282468e-07,2.006874e-10,1.213894e-03,2,556
1.390000e+02,-5.412816e-10,-1.291159e-09,-3.249955e-12,2.612420e-11,6.893759e-11,-2.628151e-14,-2.376580e-03,-3.287522e-03,-3.892704e-09,2.137316e-03,0.000000e+00,0.000000e+00,2.392641e-04,0.000000e+00,0.000000e+00,0.000000e+00,6.186260e-08,1.288924e-07,2.023123e-10,1.216206e-03,2,558
1.395000e+02,-5.293342e-10,-1.259173e-09,-3.263077e-12,2.166712e-11,5.901855e-11,-2.620691e-14,-1.692811e-03,-2.395934e-03,-3.088826e-09,1.538052e-03,0.000000e+00,0.000000e+00,1.547590e-04,0.000000e+00,0.000000e+00,0.000000e+00,6.212727e-08,1.295220e-07,2.039439e-10,1.217401e-03,2,560
1.400000e+02,-5.192963e-10,-1.231490e-09,-3.276109e-12,1.848559e-11,5.172240e-11,-2.592082e-14,2.883215e-03,3.941987e-03,4.404001e-09,0.000000e+00,3.036536e-04,2.579561e-03,0.000000e+00,0.000000e+00,0.000000e+00,0.000000e+00,6.238692e-08,1.301378e-07,2.055819e-10,1.220774e-03,2,562
1.405000e+02,-5.087291e-10,-1.202909e-09,-3.289093e-12,2.378137e-11,6.258726e-11,-2.601511e-14,-5.285047e-04,-7.595420e-04,-1.074235e-09,4.835132e-04,0.000000e+00,0.000000e+00,4.499144e-05,0.000000e+00,0.000000e+00,0.000000e+00,6.264128e-08,1.307392e-07,2.072265e-10,1.220892e-03,2,564
1.410000e+02,-4.970963e-10,-1.172279e-09,-3.301931e-12,2.275028e-11,5.993837e-11,-2.534267e-14,3.759921e-03,5.217222e-03,6.320713e-09,0.000000e+00,3.738785e-04,3.386043e-03,0.000000e+00,0.000000e+00,0.000000e+00,0.000000e+00,6.288983e-08,1.313253e-07,2.088775e-10,1.226695e-03,2,566
1.415000e+02,-4.839932e-10,-1.138694e-09,-3.314708e-12,2.965937e-11,7.438321e-11,-2.576195e-14,-3.423118e-03,-4.753734e-03,-5.669040e-09,3.083844e-03,0.000000e+00,0.000000e+00,3.392741e-04,0.000000e+00,0.000000e+00,0.000000e+00,6.313183e-08,1.318947e-07,2.105348e-10,1.231507e-03,2,568
1.420000e+02,-4.707647e-10,-1.105044e-09,-3.327663e-12,2.325729e-11,6.023404e-11,-2.605624e-14,1.069319e-04,1.394569e-04,1.004115e-10,0.000000e+00,1.320819e-05,9.372369e-05,0.000000e+00,0.000000e+00,0.000000e+00,0.000000e+00,6.336721e-08,1.324472e-07,2.121986e-10,1.231512e-03,2,570
1.425000e+02,-4.590994e-10,-1.074943e-09,-3.340484e-12,2.340356e-11,6.017128e-11,-2.523365e-14,-1.905165e-03,-2.623628e-03,-3.053442e-09,1.709959e-03,0.000000e+00,0.000000e+00,1.952065e-04,0.000000e+00,0.000000e+00,0.000000e+00,6.359676e-08,1.329847e-07,2.138689e-10,1.232993e-03,2,572
1.430000e+02,-4.482926e-10,-1.046848e-09,-3.353051e-12,1.982512e-11,5.221587e-11,-2.503418e-14,-3.475382e-04,-5.084808e-04,-7.764100e-10,3.205549e-04,0.000000e+00,0.000000e+00,2.698332e-05,0.000000e+00,0.000000e+00,0.000000e+00,6.382090e-08,1.335081e-07,2.155454e-10,1.233045e-03,2,574
1.435000e+02,-4.385519e-10,-1.021204e-09,-3.365392e-12,1.913779e-11,5.036357e-11,-2.433371e-14,2.419323e-03,3.406695e-03,4.310995e-09,0.000000e+00,2.262337e-04,2.193090e-03,0.000000e+00,0.000000e+00,0.000000e+00,0.000000e+00,6.404018e-08,1.340187e-07,2.172281e-10,1.235475e-03,2,576
1.440000e+02,-4.278737e-10,-9.936828e-10,-3.377563e-12,2.357345e-11,5.970969e-11,-2.435170e-14,8.148589e-03,1.129257e-02,1.349569e-08,0.000000e+00,8.144108e-04,7.334178e-03,0.000000e+00,0.000000e+00,0.000000e+00,0.000000e+00,6.425412e-08,1.345156e-07,2.189169e-10,1.262702e-03,2,578
1.445000e+02,-4.123279e-10,-9.558674e-10,-3.390219e-12,3.860413e-11,9.151136e-11,-2.626134e-14,-2.620245e-03,-3.624028e-03,-4.278329e-09,2.356289e-03,0.000000e+00,0.000000e+00,2.639560e-04,0.000000e+00,0.000000e+00,0.000000e+00,6.446028e-08,1.349935e-07,2.206120e-10,1.265513e-03,2,580
1.450000e+02,-3.942603e-10,-9.128785e-10,-3.403352e-12,3.366831e-11,8.045822e-11,-2.626815e-14,3.765917e-03,5.175087e-03,5.965330e-09,0.000000e+00,3.890392e-04,3.376877e-03,0.000000e+00,0.000000e+00,0.000000e+00,0.000000e+00,6.465741e-08,1.354499e-07,2.223137e-10,1.271290e-03,2,582
1.455000e+02,-3.757015e-10,-8.691031e-10,-3.416581e-12,4.056424e-11,9.462561e-11,-2.664692e-14,4.153572e-03,5.730587e-03,6.713035e-09,0.000000e+00,4.225082e-04,3.731064e-03,0.000000e+00,0.000000e+00,0.000000e+00,0.000000e+00,6.484526e-08,1.358845e-07,2.240220e-10,1.278340e-03,2,584
1.460000e+02,-3.535191e-10,-8.178738e-10,-3.430030e-12,4.816241e-11,1.102714e-10,-2.714654e-14,-5.378455e-03,-7.473935e-03,-9.004472e-09,4.846767e-03,0.000000e+00,0.000000e+00,5.316883e-04,0.000000e+00,0.000000e+00,0.000000e+00,6.502202e-08,1.362934e-07,2.257370e-10,1.290227e-03,2,586
1.465000e+02,-3.319545e-10,-7.682938e-10,-3.443830e-12,3.809990e-11,8.807684e-11,-2.804806e-14,-2.972120e-03,-4.107729e-03,-4.819862e-09,2.671859e-03,0.000000e+00,0.000000e+00,3.002605e-04,0.000000e+00,0.000000e+00,0.000000e+00,6.518800e-08,1.366776e-07,2.274589e-10,1.293841e-03,2,588
1.470000e+02,-3.143016e-10,-7.273615e-10,-3.457870e-12,3.251388e-11,7.566824e-11,-2.811223e-14,-1.558830e-03,-2.175815e-03,-2.730280e-09,1.407519e-03,0.000000e+00,0.000000e+00,1.513111e-04,0.000000e+00,0.000000e+00,0.000000e+00,6.534515e-08,1.370412e-07,2.291878e-10,1.294843e-03,2,590
1.475000e+02,-2.987843e-10,-6.912283e-10,-3.471825e-12,2.955626e-11,6.887342e-11,-2.771073e-14,-3.254157e-03,-4.486808e-03,-5.251459e-09,2.922309e-03,0.000000e+00,0.000000e+00,3.318487e-04,0.000000e+00,0.000000e+00,0.000000e+00,6.549454e-08,1.373869e-07,2.309237e-10,1.299168e-03,2,592
1.480000e+02,-2.855290e-10,-6.601320e-10,-3.485722e-12,2.346716e-11,5.552895e-11,-2.787695e-14,6.011075e-03,8.234523e-03,9.412298e-09,0.000000e+00,6.284354e-04,5.382639e-03,0.000000e+00,0.000000e+00,0.000000e+00,0.000000e+00,6.563731e-08,1.377169e-07,2.326666e-10,1.313852e-03,2,594
1.485000e+02,-2.710258e-10,-6.265856e-10,-3.499927e-12,3.454154e-11,7.862689e-11,-2.893698e-14,2.491729e-03,3.538868e-03,4.586193e-09,0.000000e+00,2.242814e-04,2.267448e-03,0.000000e+00,0.000000e+00,0.000000e+00,0.000000e+00,6.577282e-08,1.380302e-07,2.344166e-10,1.316448e-03,2,596
1.490000e+02,-2.526208e-10,-5.848923e-10,-3.514370e-12,3.907701e-11,8.813421e-11,-2.883545e-14,1.438189e-03,1.938388e-03,2.042903e-09,0.000000e+00,1.595301e-04,1.278659e-03,0.000000e+00,0.000000e+00,0.000000e+00,0.000000e+00,6.589913e-08,1.383227e-07,2.361737e-10,1.317278e-03,2,598
1.495000e+02,-2.324382e-10,-5.396080e-10,-3.528667e-12,4.165230e-11,9.299675e-11,-2.835321e-14,1.235400e-03,1.775346e-03,2.378200e-09,0.000000e+00,1.052015e-04,1.130198e-03,0.000000e+00,0.000000e+00,0.000000e+00,0.000000e+00,6.601535e-08,1.385925e-07,2.379381e-10,1.317922e-03,2,600
1.500000e+02,-2.110633e-10,-4.920183e-10,-3.542716e-12,4.384651e-11,9.735631e-11,-2.784770e-14,-6.298299e-04,-8.927718e-04,-1.148934e-09,5.726360e-04,0.000000e+00,0.000000e+00,5.719392e-05,0.000000e+00,0.000000e+00,0.000000e+00,6.612088e-08,1.388385e-07,2.397094e-10,1.318088e-03,2,602
1.505000e+02,-1.894559e-10,-4.441652e-10,-3.556464e-12,4.258330e-11,9.406064e-11,-2.714701e-14,8.118795e-04,1.107479e-03,1.209281e-09,0.000000e+00,8.623804e-05,7.256414e-04,0.000000e+00,0.000000e+00,0.000000e+00,0.000000e+00,6.621561e-08,1.390606e-07,2.414877e-10,1.318355e-03,2,604
1.510000e+02,-1.678121e-10,-3.965232e-10,-3.569880e-12,4.399151e-11,9.650420e-11,-2.652087e-14,4.645943e-03,6.484441e-03,7.964603e-09,0.000000e+00,4.510749e-04,4.194868e-03,0.000000e+00,0.000000e+00,0.000000e+00,0.000000e+00,6.629951e-08,1.392588e-07,2.432726e-10,1.327255e-03,2,606
1.515000e+02,-1.436901e-10,-3.438191e-10,-3.583313e-12,5.249344e-11,1.142891e-10,-2.720551e-14,2.512429e-04,3.649305e-04,4.999716e-10,0.000000e+00,2.027509e-05,2.309678e-04,0.000000e+00,0.000000e+00,0.000000e+00,0.000000e+00,6.637136e-08,1.394307e-07,2.450643e-10,1.327282e-03,2,608
1.520000e+02,-1.173562e-10,-2.866327e-10,-3.596713e-12,5.284189e-11,1.144566e-10,-2.639927e-14,-5.096987e-04,-7.676418e-04,-1.283589e-09,4.764485e-04,0.000000e+00,0.000000e+00,3.325023e-05,0.000000e+00,0.000000e+00,0.000000e+00,6.643004e-08,1.395740e-07,2.468626e-10,1.327396e-03,2,610
1.525000e+02,-9.120058e-11,-2.301726e-10,-3.609741e-12,5.178107e-11,1.113875e-10,-2.571615e-14,-4.546247e-04,-6.597306e-04,-9.054123e-10,4.177602e-04,0.000000e+00,0.000000e+00,3.686453e-05,0.000000e+00,0.000000e+00,0.000000e+00,6.647564e-08,1.396891e-07,2.486675e-10,1.327484e-03,2,612
1.530000e+02,-6.554927e-11,-1.751641e-10,-3.622426e-12,5.082454e-11,1.086501e-10,-2.502957e-14,2.040108e-03,2.795818e-03,3.171278e-09,0.000000e+00,2.129709e-04,1.827137e-03,0.000000e+00,0.000000e+00,0.000000e+00,0.000000e+00,6.650841e-08,1.397767e-07,2.504787e-10,1.329176e-03,2,614
1.535000e+02,-3.922082e-11,-1.190481e-10,-3.634903e-12,5.448789e-11,1.158049e-10,-2.487812e-14,2.692850e-03,3.759468e-03,4.660053e-09,0.000000e+00,2.611601e-04,2.431690e-03,0.000000e+00,0.000000e+00,0.000000e+00,0.000000e+00,6.652802e-08,1.398362e-07,2.522962e-10,1.332166e-03,2,616
1.540000e+02,-1.076056e-11,-5.867925e-11,-3.647363e-12,5.935133e-11,1.256578e-10,-2.496287e-14,-3.771090e-04,-5.247141e-04,-6.711182e-10,3.400264e-04,0.000000e+00,0.000000e+00,3.708256e-05,0.000000e+00,0.000000e+00,0.000000e+00,6.653340e-08,1.398656e-07,2.541198e-10,1.332225e-03,2,618
1.545000e+02,1.870756e-11,3.533629e-12,-3.659670e-12,5.852147e-11,1.231969e-10,-2.426865e-14,-3.407905e-03,-4.716751e-03,-5.590337e-09,3.065561e-03,0.000000e+00,0.000000e+00,3.423434e-04,0.000000e+00,0.000000e+00,0.000000e+00,6.654276e-08,1.398673e-07,2.559497e-10,1.336982e-03,2,620
1.550000e+02,4.635819e-11,6.152314e-11,-3.671889e-12,5.208345e-11,1.087796e-10,-2.460312e-14,2.502122e-03,3.537493e-03,4.522489e-09,0.000000e+00,2.298748e-04,2.272247e-03,0.000000e+00,0.000000e+00,0.000000e+00,0.000000e+00,6.656594e-08,1.398981e-07,2.577856e-10,1.339590e-03,2,622
1.555000e+02,7.352927e-11,1.182341e-10,-3.684200e-12,5.659919e-11,1.180522e-10,-2.464365e-14,2.663717e-03,3.704489e-03,4.460325e-09,0.000000e+00,2.624647e-04,2.401252e-03,0.000000e+00,0.000000e+00,0.000000e+00,0.000000e+00,6.660270e-08,1.399572e-07,2.596277e-10,1.342508e-03,2,624
1.560000e+02,1.030305e-10,1.796829e-10,-3.696542e-12,6.140401e-11,1.277308e-10,-2.472291e-14,2.193502e-03,3.061680e-03,3.729574e-09,0.000000e+00,2.129202e-04,1.980582e-03,0.000000e+00,0.000000e+00,0.000000e+00,0.000000e+00,6.665422e-08,1.400471e-07,2.614760e-10,1.344492e-03,2,626
1.565000e+02,1.347138e-10,2.454928e-10,-3.708884e-12,6.532780e-11,1.354990e-10,-2.464532e-14,3.937333e-03,5.403069e-03,6.147506e-09,0.000000e+00,4.089347e-04,3.528398e-03,0.000000e+00,0.000000e+00,0.000000e+00,0.000000e+00,6.672157e-08,1.401698e-07,2.633304e-10,1.350800e-03,2,628
1.570000e+02,1.691641e-10,3.168463e-10,-3.721329e-12,7.247070e-11,1.498963e-10,-2.513211e-14,-3.385649e-03,-4.673392e-03,-5.485218e-09,3.041916e-03,0.000000e+00,0.000000e+00,3.437321e-04,0.000000e+00,0.000000e+00,0.000000e+00,6.680615e-08,1.403282e-07,2.651911e-10,1.355486e-03,2,630
1.575000e+02,2.037919e-10,3.881654e-10,-3.733969e-12,6.604289e-11,1.353985e-10,-2.542782e-14,-3.548158e-03,-4.833053e-03,-5.382195e-09,3.169261e-03,0.000000e+00,0.000000e+00,3.788969e-04,0.000000e+00,0.000000e+00,0.000000e+00,6.690805e-08,1.405223e-07,2.670581e-10,1.360580e-03,2,632
1.580000e+02,2.351342e-10,4.521491e-10,-3.746765e-12,5.932855e-11,1.205557e-10,-2.575212e-14,5.604957e-03,7.857600e-03,9.766671e-09,0.000000e+00,5.341848e-04,5.070772e-03,0.000000e+00,0.000000e+00,0.000000e+00,0.000000e+00,6.702562e-08,1.407484e-07,2.689315e-10,1.373579e-03,2,634
1.585000e+02,2.673601e-10,5.178147e-10,-3.759902e-12,6.957155e-11,1.420790e-10,-2.679152e-14,2.631064e-03,3.568634e-03,3.912690e-09,0.000000e+00,2.853563e-04,2.345708e-03,0.000000e+00,0.000000e+00,0.000000e+00,0.000000e+00,6.715930e-08,1.410073e-07,2.708114e-10,1.376371e-03,2,636
1.590000e+02,3.033252e-10,5.911338e-10,-3.773292e-12,7.428712e-11,1.511856e-10,-2.676762e-14,4.981068e-04,7.173369e-04,9.727348e-10,0.000000e+00,4.197610e-05,4.561308e-04,0.000000e+00,0.000000e+00,0.000000e+00,0.000000e+00,6.731096e-08,1.413029e-07,2.726981e-10,1.376476e-03,2,638
1.595000e+02,3.406581e-10,6.669498e-10,-3.786498e-12,7.504411e-11,1.520773e-10,-2.606032e-14,-6.056647e-03,-8.221815e-03,-9.016558e-09,5.401757e-03,0.000000e+00,0.000000e+00,6.548899e-04,0.000000e+00,0.000000e+00,0.000000e+00,6.748129e-08,1.416363e-07,2.745913e-10,1.391280e-03,2,640
1.600000e+02,3.753347e-10,7.368178e-10,-3.799809e-12,6.366656e-11,1.274263e-10,-2.717699e-14,4.102866e-03,5.714781e-03,6.913992e-09,0.000000e+00,4.017180e-04,3.701148e-03,0.000000e+00,0.000000e+00,0.000000e+00,0.000000e+00,6.766896e-08,1.420048e-07,2.764912e-10,1.398210e-03,2,642
1.605000e+02,4.090319e-10,8.043732e-10,-3.813518e-12,7.111955e-11,1.427758e-10,-2.765540e-14,2.921480e-03,4.091040e-03,5.035043e-09,0.000000e+00,2.797585e-04,2.641721e-03,0.000000e+00,0.000000e+00,0.000000e+00,0.000000e+00,6.787347e-08,1.424069e-07,2.783980e-10,1.401738e-03,2,644
1.610000e+02,4.459046e-10,8.784129e-10,-3.827364e-12,7.636925e-11,1.533694e-10,-2.772847e-14,-2.568919e-03,-3.597255e-03,-4.477846e-09,2.322898e-03,0.000000e+00,0.000000e+00,2.460218e-04,0.000000e+00,0.000000e+00,0.000000e+00,6.809643e-08,1.428461e-07,2.803117e-10,1.404466e-03,2,646
1.615000e+02,4.828576e-10,9.522314e-10,-3.841216e-12,7.144454e-11,1.419192e-10,-2.768065e-14,6.755904e-03,9.285308e-03,1.070933e-08,0.000000e+00,6.975148e-04,6.058390e-03,0.000000e+00,0.000000e+00,0.000000e+00,0.000000e+00,6.833785e-08,1.433223e-07,2.822323e-10,1.423062e-03,2,648
1.620000e+02,5.216677e-10,1.029559e-09,-3.855388e-12,8.379103e-11,1.673574e-10,-2.899927e-14,-3.842388e-03,-5.373035e-03,-6.570247e-09,3.472256e-03,0.000000e+00,0.000000e+00,3.701326e-04,0.000000e+00,0.000000e+00,0.000000e+00,6.859869e-08,1.438370e-07,2.841600e-10,1.429158e-03,2,650
1.625000e+02,5.617379e-10,1.109075e-09,-3.869972e-12,7.649265e-11,1.507273e-10,-2.933581e-14,5.077991e-04,7.640430e-04,1.192361e-09,0.000000e+00,3.333935e-05,4.744597e-04,0.000000e+00,0.000000e+00,0.000000e+00,0.000000e+00,6.887956e-08,1.443916e-07,2.860949e-10,1.429271e-03,2,652
1.630000e+02,6.001768e-10,1.184696e-09,-3.884444e-12,7.726268e-11,1.517560e-10,-2.855535e-14,1.222328e-03,1.621404e-03,1.574660e-09,0.000000e+00,1.431051e-04,1.079223e-03,0.000000e+00,0.000000e+00,0.000000e+00,0.000000e+00,6.917965e-08,1.449839e-07,2.880372e-10,1.429864e-03,2,654
1.635000e+02,6.393311e-10,1.261442e-09,-3.898583e-12,7.935360e-11,1.552260e-10,-2.800625e-14,1.621045e-05,6.615542e-05,3.094255e-10,0.000000e+00,0.000000e+00,2.720265e-05,1.099220e-05,0.000000e+00,0.000000e+00,0.000000e+00,6.949931e-08,1.456146e-07,2.899865e-10,1.429864e-03,2,656
1.640000e+02,6.789713e-10,1.338805e-09,-3.912357e-12,7.920734e-11,1.542266e-10,-2.709287e-14,1.135193e-03,1.542280e-03,1.694570e-09,0.000000e+00,1.223786e-04,1.012814e-03,0.000000e+00,0.000000e+00,0.000000e+00,0.000000e+00,6.983880e-08,1.462840e-07,2.919426e-10,1.430385e-03,2,658
1.645000e+02,7.190565e-10,1.416726e-09,-3.925773e-12,8.113265e-11,1.574516e-10,-2.657284e-14,3.968944e-03,5.485250e-03,6.459323e-09,0.000000e+00,4.010166e-04,3.567927e-03,0.000000e+00,0.000000e+00,0.000000e+00,0.000000e+00,7.019832e-08,1.469924e-07,2.939055e-10,1.436830e-03,2,660
1.650000e+02,7.614150e-10,1.499072e-09,-3.939170e-12,8.829896e-11,1.719155e-10,-2.701602e-14,-4.248223e-03,-5.834451e-03,-6.782488e-09,3.808372e-03,0.000000e+00,0.000000e+00,4.398505e-04,0.000000e+00,0.000000e+00,0.000000e+00,7.057903e-08,1.477419e-07,2.958751e-10,1.444179e-03,2,662
1.655000e+02,8.035489e-10,1.580528e-09,-3.952807e-12,8.023937e-11,1.539325e-10,-2.752843e-14,-1.370192e-03,-1.941025e-03,-2.544564e-09,1.245421e-03,0.000000e+00,0.000000e+00,1.247701e-04,0.000000e+00,0.000000e+00,0.000000e+00,7.098081e-08,1.485322e-07,2.978515e-10,1.444962e-03,2,664
1.660000e+02,8.429897e-10,1.655812e-09,-3.966461e-12,7.752491e-11,1.472092e-10,-2.708977e-14,1.736985e-03,2.410520e-03,2.874335e-09,0.000000e+00,1.726350e-04,1.564350e-03,0.000000e+00,0.000000e+00,0.000000e+00,0.000000e+00,7.140230e-08,1.493601e-07,2.998347e-10,1.446201e-03,2,666
1.665000e+02,8.825132e-10,1.730858e-09,-3.979928e-12,8.056787e-11,1.529682e-10,-2.677817e-14,-3.953545e-03,-5.495358e-03,-6.621827e-09,3.563146e-03,0.000000e+00,0.000000e+00,3.903993e-04,0.000000e+00,0.000000e+00,0.000000e+00,7.184356e-08,1.502255e-07,3.018247e-10,1.452625e-03,2,668
1.670000e+02,9.209222e-10,1.803119e-09,-3.993427e-12,7.307090e-11,1.360988e-10,-2.721703e-14,3.819531e-04,5.119436e-04,5.338776e-10,0.000000e+00,4.319115e-05,3.387619e-04,0.000000e+00,0.000000e+00,0.000000e+00,0.000000e+00,7.230402e-08,1.511271e-07,3.038214e-10,1.452683e-03,2,670
1.675000e+02,9.575938e-10,1.871274e-09,-4.006842e-12,7.361559e-11,1.365193e-10,-2.644569e-14,4.732393e-04,6.596784e-04,7.966842e-10,0.000000e+00,4.618692e-05,4.270524e-04,0.000000e+00,0.000000e+00,0.000000e+00,0.000000e+00,7.278282e-08,1.520627e-07,3.058248e-10,1.452775e-03,2,672
1.680000e+02,9.945798e-10,1.939744e-09,-4.019886e-12,7.432804e-11,1.373586e-10,-2.573513e-14,-3.581994e-04,-4.817042e-04,-5.090086e-10,3.181557e-04,0.000000e+00,0.000000e+00,4.004370e-05,0.000000e+00,0.000000e+00,0.000000e+00,7.328011e-08,1.530326e-07,3.078348e-10,1.452827e-03,2,674
1.685000e+02,1.031537e-09,2.007815e-09,-4.032570e-12,7.349992e-11,1.349310e-10,-2.500522e-14,3.184669e-03,4.364339e-03,4.895617e-09,0.000000e+00,3.324585e-04,2.852211e-03,0.000000e+00,0.000000e+00,0.000000e+00,0.000000e+00,7.379587e-08,1.540365e-07,3.098511e-10,1.456950e-03,2,676
1.690000e+02,1.069720e-09,2.078143e-09,-4.045129e-12,7.923148e-11,1.463653e-10,-2.523093e-14,3.933709e-04,5.123146e-04,4.620197e-10,0.000000e+00,4.879299e-05,3.445779e-04,0.000000e+00,0.000000e+00,0.000000e+00,0.000000e+00,7.433073e-08,1.550756e-07,3.118736e-10,1.457010e-03,2,678
1.695000e+02,1.109474e-09,2.151411e-09,-4.057567e-12,7.978362e-11,1.467083e-10,-2.452493e-14,6.382866e-03,8.828192e-03,1.044959e-08,0.000000e+00,6.429536e-04,5.739913e-03,0.000000e+00,0.000000e+00,0.000000e+00,0.000000e+00,7.488547e-08,1.561513e-07,3.139024e-10,1.473690e-03,2,680
1.700000e+02,1.152276e-09,2.230797e-09,-4.070160e-12,9.142110e-11,1.708040e-10,-2.583754e-14,-1.834094e-03,-2.497850e-03,-2.753096e-09,1.638114e-03,0.000000e+00,0.000000e+00,1.959800e-04,0.000000e+00,0.000000e+00,0.000000e+00,7.546161e-08,1.572667e-07,3.159375e-10,1.475051e-03,2,682
1.705000e+02,1.197087e-09,2.314086e-09,-4.083016e-12,8.782313e-11,1.623610e-10,-2.558804e-14,8.296728e-04,1.096407e-03,1.128168e-09,0.000000e+00,9.833099e-05,7.313419e-04,0.000000e+00,0.000000e+00,0.000000e+00,0.000000e+00,7.606015e-08,1.584237e-07,3.179790e-10,1.475323e-03,2,684
1.710000e+02,1.241334e-09,2.395739e-09,-4.095665e-12,8.916378e-11,1.642500e-10,-2.501046e-14,7.372567e-04,9.573159e-04,8.550515e-10,0.000000e+00,9.227508e-05,6.449817e-04,0.000000e+00,0.000000e+00,0.000000e+00,0.000000e+00,7.668082e-08,1.596216e-07,3.200268e-10,1.475536e-03,2,686
1.715000e+02,1.286207e-09,2.478234e-09,-4.108021e-12,9.033039e-11,1.657272e-10,-2.441848e-14,3.627481e-03,4.964893e-03,5.631295e-09,0.000000e+00,3.804992e-04,3.246981e-03,0.000000e+00,0.000000e+00,0.000000e+00,0.000000e+00,7.732392e-08,1.608607e-07,3.220808e-10,1.480880e-03,2,688
1.720000e+02,1.333002e-09,2.564330e-09,-4.120328e-12,9.684422e-11,1.786414e-10,-2.480758e-14,2.758002e-04,4.279569e-04,7.517798e-10,0.000000e+00,1.435958e-05,2.614406e-04,0.000000e+00,0.000000e+00,0.000000e+00,0.000000e+00,7.799042e-08,1.621429e-07,3.241410e-10,1.480914e-03,2,690
1.725000e+02,1.381498e-09,2.653614e-09,-4.132553e-12,9.713961e-11,1.784962e-10,-2.409524e-14,1.079100e-03,1.511303e-03,1.892304e-09,0.000000e+00,1.032741e-04,9.758254e-04,0.000000e+00,0.000000e+00,0.000000e+00,0.000000e+00,7.868117e-08,1.634697e-07,3.262073e-10,1.481395e-03,2,692
1.730000e+02,1.430513e-09,2.743601e-09,-4.144493e-12,9.892126e-11,1.814470e-10,-2.366625e-14,-5.453092e-03,-7.526777e-03,-8.793414e-09,4.899339e-03,0.000000e+00,0.000000e+00,5.537525e-04,0.000000e+00,0.000000e+00,0.000000e+00,7.939643e-08,1.648415e-07,3.282795e-10,1.493550e-03,2,694
1.735000e+02,1.477394e-09,2.828595e-09,-4.156584e-12,8.860786e-11,1.585566e-10,-2.469480e-14,3.050599e-03,4.175901e-03,4.705160e-09,0.000000e+00,3.198207e-04,2.730778e-03,0.000000e+00,0.000000e+00,0.000000e+00,0.000000e+00,8.013513e-08,1.662558e-07,3.303578e-10,1.497330e-03,2,696
1.740000e+02,1.523061e-09,2.910555e-09,-4.168980e-12,9.405771e-11,1.692717e-10,-2.488550e-14,1.033699e-03,1.441658e-03,1.773575e-09,0.000000e+00,1.006787e-04,9.330206e-04,0.000000e+00,0.000000e+00,0.000000e+00,0.000000e+00,8.089666e-08,1.677111e-07,3.324423e-10,1.497770e-03,2,698
1.745000e+02,1.570516e-09,2.995898e-09,-4.181304e-12,9.576216e-11,1.720941e-10,-2.441384e-14,-3.816184e-03,-5.158299e-03,-5.565541e-09,3.397164e-03,0.000000e+00,0.000000e+00,4.190191e-04,0.000000e+00,0.000000e+00,0.000000e+00,8.168192e-08,1.692090e-07,3.345330e-10,1.503629e-03,2,700
1.750000e+02,1.616578e-09,3.077926e-09,-4.193620e-12,8.848570e-11,1.560412e-10,-2.484950e-14,2.346727e-03,3.294370e-03,4.117414e-09,0.000000e+00,2.223606e-04,2.124366e-03,0.000000e+00,0.000000e+00,0.000000e+00,0.000000e+00,8.249020e-08,1.707480e-07,3.366298e-10,1.505910e-03,2,702
1.755000e+02,1.661858e-09,3.158004e-09,-4.206038e-12,9.263295e-11,1.642574e-10,-2.482359e-14,-1.843887e-04,-3.090170e-04,-5.637953e-10,1.813998e-04,0.000000e+00,0.000000e+00,2.988812e-06,0.000000e+00,0.000000e+00,0.000000e+00,8.332113e-08,1.723270e-07,3.387328e-10,1.505926e-03,2,704
1.760000e+02,1.708037e-09,3.239597e-09,-4.218264e-12,9.208589e-11,1.621171e-10,-2.408219e-14,-1.305688e-03,-1.837820e-03,-2.424031e-09,1.183377e-03,0.000000e+00,0.000000e+00,1.223111e-04,0.000000e+00,0.000000e+00,0.000000e+00,8.417515e-08,1.739468e-07,3.408419e-10,1.506634e-03,2,706
1.765000e+02,1.753425e-09,3.319030e-09,-4.230217e-12,8.946451e-11,1.556260e-10,-2.373198e-14,3.353633e-03,4.634992e-03,5.465539e-09,0.000000e+00,3.388097e-04,3.014824e-03,0.000000e+00,0.000000e+00,0.000000e+00,0.000000e+00,8.505186e-08,1.756063e-07,3.429570e-10,1.511236e-03,2,708
1.770000e+02,1.799660e-09,3.399859e-09,-4.242167e-12,9.547337e-11,1.676751e-10,-2.406447e-14,1.232630e-03,1.765279e-03,2.333672e-09,0.000000e+00,1.067230e-04,1.125907e-03,0.000000e+00,0.000000e+00,0.000000e+00,0.000000e+00,8.595169e-08,1.773062e-07,3.450781e-10,1.511875e-03,2,710
1.775000e+02,1.847914e-09,3.484638e-09,-4.254106e-12,9.754291e-11,1.714341e-10,-2.369744e-14,3.472928e-04,5.415773e-04,9.538194e-10,0.000000e+00,1.730650e-05,3.299863e-04,0.000000e+00,0.000000e+00,0.000000e+00,0.000000e+00,8.687565e-08,1.790486e-07,3.472052e-10,1.511930e-03,2,712
1.780000e+02,1.896792e-09,3.570414e-09,-4.265792e-12,9.796909e-11,1.716688e-10,-2.304884e-14,-4.875134e-03,-6.700250e-03,-7.747151e-09,4.371763e-03,0.000000e+00,0.000000e+00,5.033716e-04,0.000000e+00,0.000000e+00,0.000000e+00,8.782405e-08,1.808338e-07,3.493381e-10,1.521613e-03,2,714
1.785000e+02,1.943465e-09,3.651128e-09,-4.277530e-12,8.872760e-11,1.512143e-10,-2.389934e-14,3.207291e-03,4.489993e-03,5.608879e-09,0.000000e+00,3.074961e-04,2.899795e-03,0.000000e+00,0.000000e+00,0.000000e+00,0.000000e+00,8.879578e-08,1.826593e-07,3.514768e-10,1.525864e-03,2,716
1.790000e+02,1.989265e-09,3.729656e-09,-4.289553e-12,9.446721e-11,1.628829e-10,-2.419155e-14,5.777240e-04,8.271311e-04,1.121223e-09,0.000000e+00,5.008982e-05,5.276342e-04,0.000000e+00,0.000000e+00,0.000000e+00,0.000000e+00,8.979041e-08,1.845241e-07,3.536216e-10,1.526005e-03,2,718
1.795000e+02,2.036713e-09,3.811377e-09,-4.301499e-12,9.532675e-11,1.639988e-10,-2.359523e-14,-5.684595e-04,-8.696819e-04,-1.334441e-09,5.352853e-04,0.000000e+00,0.000000e+00,3.317418e-05,0.000000e+00,0.000000e+00,0.000000e+00,9.080877e-08,1.864298e-07,3.557724e-10,1.526149e-03,2,720
1.800000e+02,2.084060e-09,3.892440e-09,-4.313155e-12,9.406279e-11,1.602588e-10,-2.302871e-14,3.526580e-03,4.850776e-03,5.668830e-09,0.000000e+00,3.629916e-04,3.163589e-03,0.000000e+00,0.000000e+00,0.000000e+00,0.000000e+00,9.185080e-08,1.883761e-07,3.579289e-10,1.531219e-03,2,722
1.805000e+02,2.132672e-09,3.975731e-09,-4.324771e-12,1.003816e-10,1.728889e-10,-2.343609e-14,1.766996e-03,2.435859e-03,2.922206e-09,0.000000e+00,1.803261e-04,1.586670e-03,0.000000e+00,0.000000e+00,0.000000e+00,0.000000e+00,9.291714e-08,1.903639e-07,3.600913e-10,1.532494e-03,2,724
1.810000e+02,2.183625e-09,4.063586e-09,-4.336443e-12,1.034293e-10,1.785236e-10,-2.325061e-14,3.853935e-03,5.316316e-03,6.183652e-09,0.000000e+00,3.922796e-04,3.461656e-03,0.000000e+00,0.000000e+00,0.000000e+00,0.000000e+00,9.400895e-08,1.923957e-07,3.622595e-10,1.538562e-03,2,726
1.815000e+02,2.237066e-09,4.156307e-09,-4.348197e-12,1.103332e-10,1.923437e-10,-2.376241e-14,-1.809133e-03,-2.427392e-03,-2.519274e-09,1.605294e-03,0.000000e+00,0.000000e+00,2.038387e-04,0.000000e+00,0.000000e+00,0.000000e+00,9.512748e-08,1.944739e-07,3.644336e-10,1.539872e-03,2,728
1.820000e+02,2.291334e-09,4.250375e-09,-4.360028e-12,1.067394e-10,1.839370e-10,-2.356418e-14,5.009318e-03,6.919726e-03,8.186547e-09,0.000000e+00,5.071060e-04,4.502212e-03,0.000000e+00,0.000000e+00,0.000000e+00,0.000000e+00,9.627315e-08,1.965991e-07,3.666137e-10,1.550135e-03,2,730
1.825000e+02,2.346964e-09,4.346939e-09,-4.372033e-12,1.157746e-10,2.022959e-10,-2.445041e-14,1.254843e-03,1.759293e-03,2.185706e-09,0.000000e+00,1.195574e-04,1.135286e-03,0.000000e+00,0.000000e+00,0.000000e+00,0.000000e+00,9.744663e-08,1.987725e-07,3.687997e-10,1.550787e-03,2,732
1.830000e+02,2.405367e-09,4.448957e-09,-4.384162e-12,1.178401e-10,2.057729e-10,-2.406927e-14,1.058238e-03,1.375239e-03,1.258360e-09,0.000000e+00,1.321216e-04,9.261164e-04,0.000000e+00,0.000000e+00,0.000000e+00,0.000000e+00,9.864931e-08,2.009970e-07,3.709918e-10,1.551224e-03,2,734
1.835000e+02,2.464712e-09,4.552432e-09,-4.396081e-12,1.195372e-10,2.081261e-10,-2.360849e-14,-2.871613e-03,-4.000146e-03,-4.852447e-09,2.590549e-03,0.000000e+00,0.000000e+00,2.810635e-04,0.000000e+00,0.000000e+00,0.000000e+00,9.988167e-08,2.032732e-07,3.731898e-10,1.554619e-03,2,736
1.840000e+02,2.523085e-09,4.653236e-09,-4.407932e-12,1.139563e-10,1.951057e-10,-2.379270e-14,-2.045130e-03,-2.847149e-03,-3.476311e-09,1.844466e-03,0.000000e+00,0.000000e+00,2.006641e-04,0.000000e+00,0.000000e+00,0.000000e+00,1.011432e-07,2.055998e-07,3.753938e-10,1.556340e-03,2,738
1.845000e+02,2.579053e-09,4.748379e-09,-4.419803e-12,1.099177e-10,1.854788e-10,-2.369420e-14,3.701187e-03,5.170339e-03,6.389457e-09,0.000000e+00,3.580449e-04,3.343142e-03,0.000000e+00,0.000000e+00,0.000000e+00,0.000000e+00,1.024327e-07,2.079740e-07,3.776037e-10,1.561993e-03,2,740
1.850000e+02,2.635664e-09,4.844460e-09,-4.431767e-12,1.165244e-10,1.988286e-10,-2.415639e-14,5.151894e-03,7.129151e-03,8.443159e-09,0.000000e+00,5.179384e-04,4.633955e-03,0.000000e+00,0.000000e+00,0.000000e+00,0.000000e+00,1.037506e-07,2.103963e-07,3.798195e-10,1.572864e-03,2,742
1.855000e+02,2.696246e-09,4.948592e-09,-4.444075e-12,1.258018e-10,2.176718e-10,-2.507343e-14,-9.674837e-03,-1.337114e-02,-1.575372e-08,8.697333e-03,0.000000e+00,0.000000e+00,9.775039e-04,0.000000e+00,0.000000e+00,0.000000e+00,1.050987e-07,2.128706e-07,3.820416e-10,1.611163e-03,2,744
1.860000e+02,2.754599e-09,5.047449e-09,-4.457212e-12,1.076142e-10,1.778088e-10,-2.745812e-14,-1.996752e-03,-2.789666e-03,-3.436191e-09,1.803683e-03,0.000000e+00,0.000000e+00,1.930684e-04,0.000000e+00,0.000000e+00,0.000000e+00,1.064760e-07,2.153943e-07,3.842702e-10,1.612808e-03,2,746
1.865000e+02,2.807422e-09,5.134018e-09,-4.470882e-12,1.036792e-10,1.684785e-10,-2.722540e-14,-1.672245e-03,-2.262386e-03,-2.398072e-09,1.489217e-03,0.000000e+00,0.000000e+00,1.830280e-04,0.000000e+00,0.000000e+00,0.000000e+00,1.078797e-07,2.179613e-07,3.865056e-10,1.613934e-03,2,748
1.870000e+02,2.858430e-09,5.216316e-09,-4.484406e-12,1.003536e-10,1.607258e-10,-2.687380e-14,-2.989547e-03,-4.084046e-03,-4.642571e-09,2.673736e-03,0.000000e+00,0.000000e+00,3.158112e-04,0.000000e+00,0.000000e+00,0.000000e+00,1.093089e-07,2.205694e-07,3.887478e-10,1.617558e-03,2,750
1.875000e+02,2.907167e-09,5.293451e-09,-4.497868e-12,9.459699e-11,1.478287e-10,-2.697087e-14,-2.065564e-03,-2.871275e-03,-3.486149e-09,1.861648e-03,0.000000e+00,0.000000e+00,2.039164e-04,0.000000e+00,0.000000e+00,0.000000e+00,1.107625e-07,2.232162e-07,3.909968e-10,1.619312e-03,2,752
1.880000e+02,2.953456e-09,5.365029e-09,-4.511304e-12,9.056351e-11,1.384948e-10,-2.677374e-14,-6.136345e-04,-8.399497e-04,-9.633259e-10,5.492898e-04,0.000000e+00,0.000000e+00,6.434463e-05,0.000000e+00,0.000000e+00,0.000000e+00,1.122392e-07,2.258987e-07,3.932524e-10,1.619465e-03,2,754
1.885000e+02,2.998404e-09,5.433410e-09,-4.524520e-12,8.922651e-11,1.350350e-10,-2.609567e-14,-2.493445e-03,-3.490645e-03,-4.341395e-09,2.254385e-03,0.000000e+00,0.000000e+00,2.390599e-04,0.000000e+00,0.000000e+00,0.000000e+00,1.137384e-07,2.286154e-07,3.955147e-10,1.622035e-03,2,756
1.890000e+02,3.041813e-09,5.498173e-09,-4.537563e-12,8.441295e-11,1.240297e-10,-2.607591e-14,5.395584e-04,6.538009e-04,3.733152e-10,0.000000e+00,8.104315e-05,4.585153e-04,0.000000e+00,0.000000e+00,0.000000e+00,0.000000e+00,1.152593e-07,2.313645e-07,3.977835e-10,1.622143e-03,2,758
1.895000e+02,3.084223e-09,5.560417e-09,-4.550425e-12,8.522418e-11,1.249478e-10,-2.537609e-14,-1.362644e-03,-1.863890e-03,-2.142378e-09,1.219381e-03,0.000000e+00,0.000000e+00,1.432629e-04,0.000000e+00,0.000000e+00,0.000000e+00,1.168015e-07,2.341447e-07,4.000587e-10,1.622897e-03,2,760
1.900000e+02,3.126157e-09,5.621319e-09,-4.563016e-12,8.251262e-11,1.186668e-10,-2.498964e-14,5.687470e-03,7.815327e-03,8.984224e-09,0.000000e+00,5.876444e-04,5.099826e-03,0.000000e+00,0.000000e+00,0.000000e+00,0.000000e+00,1.183645e-07,2.369553e-07,4.023402e-10,1.636074e-03,2,762
1.905000e+02,3.170000e-09,5.686014e-09,-4.575776e-12,9.285686e-11,1.400839e-10,-2.604394e-14,-5.149142e-04,-6.949550e-04,-7.647987e-10,4.580733e-04,0.000000e+00,0.000000e+00,5.684087e-05,0.000000e+00,0.000000e+00,0.000000e+00,1.199495e-07,2.397984e-07,4.046281e-10,1.636180e-03,2,764
1.910000e+02,3.216138e-09,5.755290e-09,-4.588624e-12,9.169750e-11,1.370262e-10,-2.535505e-14,1.706553e-03,2.452555e-03,3.375640e-09,0.000000e+00,1.452847e-04,1.561268e-03,0.000000e+00,0.000000e+00,0.000000e+00,0.000000e+00,1.215576e-07,2.426760e-07,4.069224e-10,1.637409e-03,2,766
1.915000e+02,3.262726e-09,5.825294e-09,-4.601240e-12,9.465265e-11,1.429832e-10,-2.511053e-14,-1.811411e-03,-2.531732e-03,-3.128150e-09,1.636554e-03,0.000000e+00,0.000000e+00,1.748576e-04,0.000000e+00,0.000000e+00,0.000000e+00,1.231890e-07,2.455886e-07,4.092230e-10,1.638764e-03,2,768
1.920000e+02,3.309161e-09,5.894702e-09,-4.613741e-12,9.108948e-11,1.346563e-10,-2.489305e-14,-2.152153e-03,-2.993831e-03,-3.557732e-09,1.940321e-03,0.000000e+00,0.000000e+00,2.118320e-04,0.000000e+00,0.000000e+00,0.000000e+00,1.248435e-07,2.485360e-07,4.115299e-10,1.640669e-03,2,770
1.925000e+02,3.353659e-09,5.959631e-09,-4.626163e-12,8.690352e-11,1.250731e-10,-2.479360e-14,-5.437039e-03,-7.519461e-03,-8.838362e-09,4.889201e-03,0.000000e+00,0.000000e+00,5.478380e-04,0.000000e+00,0.000000e+00,0.000000e+00,1.265204e-07,2.515158e-07,4.138430e-10,1.652771e-03,2,772
1.930000e+02,3.394546e-09,6.016551e-09,-4.638808e-12,7.664652e-11,1.026352e-10,-2.578335e-14,-2.658495e-03,-3.638450e-03,-4.159387e-09,2.379578e-03,0.000000e+00,0.000000e+00,2.789176e-04,0.000000e+00,0.000000e+00,0.000000e+00,1.282176e-07,2.545241e-07,4.161624e-10,1.655641e-03,2,774
1.935000e+02,3.431596e-09,6.065070e-09,-4.651706e-12,7.155540e-11,9.145572e-11,-2.580932e-14,1.583033e-03,2.196900e-03,2.674978e-09,0.000000e+00,1.573259e-04,1.425707e-03,0.000000e+00,0.000000e+00,0.000000e+00,0.000000e+00,1.299334e-07,2.575566e-07,4.184882e-10,1.656670e-03,2,776
1.940000e+02,3.468067e-09,6.112193e-09,-4.664530e-12,7.432665e-11,9.703130e-11,-2.548854e-14,-1.906658e-03,-2.583135e-03,-2.814997e-09,1.699016e-03,0.000000e+00,0.000000e+00,2.076419e-04,0.000000e+00,0.000000e+00,0.000000e+00,1.316675e-07,2.606127e-07,4.208205e-10,1.658135e-03,2,778
1.945000e+02,3.504306e-09,6.158676e-09,-4.677220e-12,7.063233e-11,8.890937e-11,-2.527097e-14,-3.222303e-03,-4.485601e-03,-5.449798e-09,2.906033e-03,0.000000e+00,0.000000e+00,3.162699e-04,0.000000e+00,0.000000e+00,0.000000e+00,1.334196e-07,2.636921e-07,4.231591e-10,1.662407e-03,2,780
1.950000e+02,3.538091e-09,6.199753e-09,-4.689917e-12,6.451096e-11,7.541495e-11,-2.551705e-14,-2.926317e-03,-3.990844e-03,-4.450008e-09,2.615216e-03,0.000000e+00,0.000000e+00,3.111012e-04,0.000000e+00,0.000000e+00,0.000000e+00,1.351887e-07,2.667919e-07,4.255040e-10,1.665875e-03,2,782
1.955000e+02,3.568956e-09,6.234462e-09,-4.702706e-12,5.895105e-11,6.343719e-11,-2.563633e-14,-2.650475e-03,-3.686304e-03,-4.483449e-09,2.389382e-03,0.000000e+00,0.000000e+00,2.610931e-04,0.000000e+00,0.000000e+00,0.000000e+00,1.369732e-07,2.699092e-07,4.278554e-10,1.668764e-03,2,784
1.960000e+02,3.597172e-09,6.263423e-09,-4.715535e-12,5.391408e-11,5.242109e-11,-2.567862e-14,2.361750e-03,3.320738e-03,4.235047e-09,0.000000e+00,2.222606e-04,2.139490e-03,0.000000e+00,0.000000e+00,0.000000e+00,0.000000e+00,1.387717e-07,2.730409e-07,4.302132e-10,1.671077e-03,2,786
1.965000e+02,3.625192e-09,6.291908e-09,-4.728362e-12,5.816593e-11,6.150591e-11,-2.563179e-14,-9.085458e-04,-1.262811e-03,-1.610773e-09,8.188151e-04,0.000000e+00,0.000000e+00,8.973065e-05,0.000000e+00,0.000000e+00,0.000000e+00,1.405843e-07,2.761868e-07,4.325773e-10,1.671417e-03,2,788
1.970000e+02,3.653823e-09,6.321640e-09,-4.741043e-12,5.635501e-11,5.742764e-11,-2.509270e-14,-6.878661e-03,-9.460229e-03,-1.098147e-08,6.170263e-03,0.000000e+00,0.000000e+00,7.083976e-04,0.000000e+00,0.000000e+00,0.000000e+00,1.424112e-07,2.793476e-07,4.349479e-10,1.690704e-03,2,790
1.975000e+02,3.678784e-09,6.343479e-09,-4.753952e-12,4.349743e-11,2.996353e-11,-2.653832e-14,1.237303e-03,1.737764e-03,2.227517e-09,0.000000e+00,1.170024e-04,1.120301e-03,0.000000e+00,0.000000e+00,0.000000e+00,0.000000e+00,1.442506e-07,2.825194e-07,4.373248e-10,1.691338e-03,2,792
1.980000e+02,3.701082e-09,6.359646e-09,-4.767107e-12,4.569106e-11,3.469830e-11,-2.608341e-14,1.748864e-03,2.468405e-03,3.139543e-09,0.000000e+00,1.618648e-04,1.586999e-03,0.000000e+00,0.000000e+00,0.000000e+00,0.000000e+00,1.461012e-07,2.856992e-07,4.397084e-10,1.692610e-03,2,794
1.985000e+02,3.724712e-09,6.378694e-09,-4.780082e-12,4.882672e-11,4.148400e-11,-2.581877e-14,-1.667119e-03,-2.351152e-03,-3.011281e-09,1.512279e-03,0.000000e+00,0.000000e+00,1.548400e-04,0.000000e+00,0.000000e+00,0.000000e+00,1.479635e-07,2.888886e-07,4.420984e-10,1.693766e-03,2,796
1.990000e+02,3.748326e-09,6.397675e-09,-4.792920e-12,4.563243e-11,3.445001e-11,-2.553469e-14,-5.235112e-03,-7.231112e-03,-8.502019e-09,4.704998e-03,0.000000e+00,0.000000e+00,5.301136e-04,0.000000e+00,0.000000e+00,0.000000e+00,1.498377e-07,2.920874e-07,4.444949e-10,1.704975e-03,2,798
1.995000e+02,3.768693e-09,6.409663e-09,-4.805913e-12,3.584087e-11,1.352959e-11,-2.643090e-14,-3.217757e-03,-4.525654e-03,-5.706663e-09,2.915322e-03,0.000000e+00,0.000000e+00,3.024345e-04,0.000000e+00,0.000000e+00,0.000000e+00,1.517220e-07,2.952922e-07,4.468979e-10,1.709270e-03,2,800
2.000000e+02,3.785104e-09,6.413166e-09,-4.819183e-12,2.980519e-11,4.978490e-13,-2.664849e-14,1.442628e-03,2.005691e-03,2.400783e-09,0.000000e+00,1.423209e-04,1.300307e-03,0.000000e+00,0.000000e+00,0.000000e+00,0.000000e+00,1.536146e-07,2.984988e-07,4.493074e-10,1.710126e-03,2,802
2.005000e+02,3.800658e-09,6.414848e-09,-4.832408e-12,3.240929e-11,6.223573e-12,-2.625425e-14,-1.508679e-03,-2.091263e-03,-2.500115e-09,1.358035e-03,0.000000e+00,0.000000e+00,1.506440e-04,0.000000e+00,0.000000e+00,0.000000e+00,1.555149e-07,3.017062e-07,4.517236e-10,1.711059e-03,2,804
2.010000e+02,3.816146e-09,6.416452e-09,-4.845445e-12,2.954474e-11,2.019425e-13,-2.589350e-14,-8.944457e-04,-1.244317e-03,-1.581279e-09,8.064263e-04,0.000000e+00,0.000000e+00,8.801946e-05,0.000000e+00,0.000000e+00,0.000000e+00,1.574230e-07,3.049145e-07,4.541464e-10,1.711388e-03,2,806
2.015000e+02,3.830488e-09,6.415663e-09,-4.858253e-12,2.782349e-11,-3.354168e-12,-2.534137e-14,-1.494709e-03,-2.153764e-03,-2.939847e-09,1.369093e-03,0.000000e+00,0.000000e+00,1.256162e-04,0.000000e+00,0.000000e+00,0.000000e+00,1.593382e-07,3.081223e-07,4.565755e-10,1.712333e-03,2,808
2.020000e+02,3.843693e-09,6.412452e-09,-4.870844e-12,2.499498e-11,-9.481017e-12,-2.502561e-14,1.758802e-03,2.422428e-03,2.849291e-09,0.000000e+00,1.801064e-04,1.578696e-03,0.000000e+00,0.000000e+00,0.000000e+00,0.000000e+00,1.612601e-07,3.113285e-07,4.590109e-10,1.713596e-03,2,810
2.025000e+02,3.856991e-09,6.409462e-09,-4.883296e-12,2.819501e-11,-2.488431e-12,-2.478469e-14,-1.295259e-03,-1.772296e-03,-1.957321e-09,1.159247e-03,0.000000e+00,0.000000e+00,1.360116e-04,0.000000e+00,0.000000e+00,0.000000e+00,1.631886e-07,3.145332e-07,4.614526e-10,1.714277e-03,2,812
2.030000e+02,3.870473e-09,6.406955e-09,-4.895591e-12,2.573486e-11,-7.532192e-12,-2.439568e-14,-1.299510e-03,-1.792053e-03,-2.071909e-09,1.167076e-03,0.000000e+00,0.000000e+00,1.324341e-04,0.000000e+00,0.000000e+00,0.000000e+00,1.651238e-07,3.177367e-07,4.639004e-10,1.714967e-03,2,814
2.035000e+02,3.882724e-09,6.401922e-09,-4.907695e-12,2.327230e-11,-1.259377e-11,-2.402420e-14,3.688542e-03,5.051558e-03,5.816664e-09,0.000000e+00,3.860120e-04,3.302530e-03,0.000000e+00,0.000000e+00,0.000000e+00,0.000000e+00,1.670652e-07,3.209377e-07,4.663542e-10,1.720494e-03,2,816
2.040000e+02,3.896055e-09,6.399262e-09,-4.919814e-12,3.004810e-11,1.933119e-12,-2.444704e-14,-4.894027e-04,-6.154387e-04,-5.095053e-10,4.223632e-04,0.000000e+00,0.000000e+00,6.703952e-05,0.000000e+00,0.000000e+00,0.000000e+00,1.690132e-07,3.241373e-07,4.688141e-10,1.720586e-03,2,818
2.045000e+02,3.910836e-09,6.399785e-09,-4.931872e-12,2.907548e-11,1.602328e-13,-2.379154e-14,4.136133e-03,5.626525e-03,6.275980e-09,0.000000e+00,4.438286e-04,3.692304e-03,0.000000e+00,0.000000e+00,0.000000e+00,0.000000e+00,1.709686e-07,3.273372e-07,4.712801e-10,1.727501e-03,2,820
2.050000e+02,3.927272e-09,6.403888e-09,-4.943911e-12,3.666688e-11,1.623196e-11,-2.435999e-14,1.353083e-03,1.904967e-03,2.372880e-09,0.000000e+00,1.266250e-04,1.226458e-03,0.000000e+00,0.000000e+00,0.000000e+00,0.000000e+00,1.729323e-07,3.305392e-07,4.737520e-10,1.728261e-03,2,822
2.055000e+02,3.946212e-09,6.413335e-09,-4.956005e-12,3.908999e-11,2.154949e-11,-2.401677e-14,2.436983e-03,3.369347e-03,3.950273e-09,0.000000e+00,2.458447e-04,2.191138e-03,0.000000e+00,0.000000e+00,0.000000e+00,0.000000e+00,1.749054e-07,3.337458e-07,4.762300e-10,1.730692e-03,2,824
2.060000e+02,3.966863e-09,6.426478e-09,-4.968018e-12,4.351402e-11,3.100952e-11,-2.403621e-14,6.115734e-03,8.447588e-03,9.996220e-09,0.000000e+00,6.192584e-04,5.496475e-03,0.000000e+00,0.000000e+00,0.000000e+00,0.000000e+00,1.768888e-07,3.369591e-07,4.787140e-10,1.745989e-03,2,826
2.065000e+02,3.991427e-09,6.447964e-09,-4.980347e-12,5.473760e-11,5.490383e-11,-2.527356e-14,2.975216e-03,4.137288e-03,4.976121e-09,0.000000e+00,2.932757e-04,2.681940e-03,0.000000e+00,0.000000e+00,0.000000e+00,0.000000e+00,1.788845e-07,3.401830e-07,4.812042e-10,1.749629e-03,2,828
2.070000e+02,4.020143e-09,6.478269e-09,-4.993025e-12,6.012314e-11,6.630223e-11,-2.543598e-14,-3.880717e-03,-5.413876e-03,-6.627345e-09,3.503210e-03,0.000000e+00,0.000000e+00,3.775073e-04,0.000000e+00,0.000000e+00,0.000000e+00,1.808946e-07,3.434222e-07,4.837007e-10,1.755836e-03,2,830
2.075000e+02,4.048374e-09,6.507422e-09,-5.005859e-12,5.280639e-11,5.032915e-11,-2.589938e-14,2.367455e-03,3.261160e-03,3.780735e-09,0.000000e+00,2.423114e-04,2.125143e-03,0.000000e+00,0.000000e+00,0.000000e+00,0.000000e+00,1.829188e-07,3.466759e-07,4.862036e-10,1.758124e-03,2,832
2.080000e+02,4.075844e-09,6.534822e-09,-5.018792e-12,5.707125e-11,5.925980e-11,-2.583101e-14,2.396265e-03,3.440517e-03,4.721940e-09,0.000000e+00,2.049407e-04,2.191324e-03,0.000000e+00,0.000000e+00,0.000000e+00,0.000000e+00,1.849567e-07,3.499433e-07,4.887130e-10,1.760545e-03,2,834
2.085000e+02,4.105457e-09,6.566798e-09,-5.031701e-12,6.137998e-11,6.863443e-11,-2.580792e-14,-2.722434e-03,-3.783883e-03,-4.604455e-09,2.453530e-03,0.000000e+00,0.000000e+00,2.689040e-04,0.000000e+00,0.000000e+00,0.000000e+00,1.870094e-07,3.532267e-07,4.912289e-10,1.763592e-03,2,836
2.090000e+02,4.134853e-09,6.598278e-09,-5.044620e-12,5.620441e-11,5.729979e-11,-2.586799e-14,4.526139e-03,6.329432e-03,7.765494e-09,0.000000e+00,4.359199e-04,4.090219e-03,0.000000e+00,0.000000e+00,0.000000e+00,0.000000e+00,1.890769e-07,3.565258e-07,4.937512e-10,1.772051e-03,2,838
2.095000e+02,4.165019e-09,6.631344e-09,-5.057723e-12,6.445746e-11,7.494202e-11,-2.653689e-14,2.839449e-03,3.884760e-03,4.502192e-09,0.000000e+00,2.982910e-04,2.541158e-03,0.000000e+00,0.000000e+00,0.000000e+00,0.000000e+00,1.911594e-07,3.598415e-07,4.962801e-10,1.775325e-03,2,840
2.100000e+02,4.198527e-09,6.671449e-09,-5.071006e-12,6.957011e-11,8.546564e-11,-2.659721e-14,-1.416704e-03,-2.056463e-03,-2.872866e-09,1.302002e-03,0.000000e+00,0.000000e+00,1.147020e-04,0.000000e+00,0.000000e+00,0.000000e+00,1.932586e-07,3.631772e-07,4.988156e-10,1.776179e-03,2,842
2.105000e+02,4.232617e-09,6.712548e-09,-5.084209e-12,6.679326e-11,7.893675e-11,-2.621684e-14,-1.792449e-03,-2.480394e-03,-2.939662e-09,1.612253e-03,0.000000e+00,0.000000e+00,1.801962e-04,0.000000e+00,0.000000e+00,0.000000e+00,1.953749e-07,3.665335e-07,5.013577e-10,1.777495e-03,2,844
2.110000e+02,4.265147e-09,6.750091e-09,-5.097251e-12,6.332707e-11,7.124684e-11,-2.595069e-14,-1.296489e-03,-1.777460e-03,-2.041444e-09,1.161353e-03,0.000000e+00,0.000000e+00,1.351358e-04,0.000000e+00,0.000000e+00,0.000000e+00,1.975075e-07,3.699086e-07,5.039063e-10,1.778178e-03,2,846
2.115000e+02,4.296175e-09,6.784307e-09,-5.110119e-12,6.078661e-11,6.562383e-11,-2.552461e-14,3.959271e-03,5.557556e-03,6.893643e-09,0.000000e+00,3.753072e-04,3.583964e-03,0.000000e+00,0.000000e+00,0.000000e+00,0.000000e+00,1.996556e-07,3.733007e-07,5.064613e-10,1.784671e-03,2,848
2.120000e+02,4.328367e-09,6.820968e-09,-5.123006e-12,6.798020e-11,8.099736e-11,-2.601958e-14,1.824431e-03,2.535756e-03,3.006693e-09,0.000000e+00,1.802057e-04,1.644225e-03,0.000000e+00,0.000000e+00,0.000000e+00,0.000000e+00,2.018198e-07,3.767112e-07,5.090228e-10,1.786039e-03,2,850
2.125000e+02,4.363164e-09,6.863124e-09,-5.135954e-12,7.120623e-11,8.762100e-11,-2.577320e-14,9.241889e-03,1.276367e-02,1.503908e-08,0.000000e+00,9.363907e-04,8.305498e-03,0.000000e+00,0.000000e+00,0.000000e+00,0.000000e+00,2.040014e-07,3.801428e-07,5.115908e-10,1.820968e-03,2,852
2.130000e+02,4.403006e-09,6.915894e-09,-5.149397e-12,8.815481e-11,1.234114e-10,-2.798913e-14,-4.497497e-03,-6.189175e-03,-7.200100e-09,4.035410e-03,0.000000e+00,0.000000e+00,4.620876e-04,0.000000e+00,0.000000e+00,0.000000e+00,2.062029e-07,3.836007e-07,5.141655e-10,1.829217e-03,2,854
2.135000e+02,4.444953e-09,6.972937e-09,-5.163534e-12,7.963413e-11,1.047863e-10,-2.855469e-14,-2.597279e-03,-3.575336e-03,-4.130079e-09,2.330750e-03,0.000000e+00,0.000000e+00,2.665287e-04,0.000000e+00,0.000000e+00,0.000000e+00,2.084253e-07,3.870872e-07,5.167473e-10,1.831969e-03,2,856
2.140000e+02,4.483523e-09,7.022573e-09,-5.177791e-12,7.464968e-11,9.377066e-11,-2.847447e-14,-2.606531e-03,-3.648967e-03,-4.573927e-09,2.356632e-03,0.000000e+00,0.000000e+00,2.498996e-04,0.000000e+00,0.000000e+00,0.000000e+00,2.106671e-07,3.905985e-07,5.193362e-10,1.834777e-03,2,858
2.145000e+02,4.519600e-09,7.066669e-09,-5.192013e-12,6.965918e-11,8.262899e-11,-2.841455e-14,2.735373e-03,3.706173e-03,4.066166e-09,0.000000e+00,2.978064e-04,2.437566e-03,0.000000e+00,0.000000e+00,0.000000e+00,0.000000e+00,2.129269e-07,3.941318e-07,5.219322e-10,1.837792e-03,2,860
2.150000e+02,4.555657e-09,7.110476e-09,-5.206209e-12,7.456763e-11,9.258360e-11,-2.837033e-14,-2.297999e-03,-3.099689e-03,-3.313122e-09,2.043803e-03,0.000000e+00,0.000000e+00,2.541962e-04,0.000000e+00,0.000000e+00,0.000000e+00,2.152047e-07,3.976870e-07,5.245353e-10,1.839913e-03,2,862
2.155000e+02,4.591836e-09,7.154374e-09,-5.220347e-12,7.014840e-11,8.302011e-11,-2.818203e-14,-2.110353e-04,-2.762356e-04,-2.386607e-10,1.852600e-04,0.000000e+00,0.000000e+00,2.577530e-05,0.000000e+00,0.000000e+00,0.000000e+00,2.175006e-07,4.012642e-07,5.271455e-10,1.839931e-03,2,864
2.160000e+02,4.626773e-09,7.195527e-09,-5.234222e-12,6.960196e-11,8.159542e-11,-2.732242e-14,4.796244e-04,7.012686e-04,1.027734e-09,0.000000e+00,3.737339e-05,4.422510e-04,0.000000e+00,0.000000e+00,0.000000e+00,0.000000e+00,2.198140e-07,4.048620e-07,5.297626e-10,1.840029e-03,2,866
2.165000e+02,4.661758e-09,7.236670e-09,-5.247700e-12,7.033514e-11,8.297401e-11,-2.659305e-14,-7.340209e-03,-1.003163e-02,-1.131476e-08,6.565988e-03,0.000000e+00,0.000000e+00,7.742218e-04,0.000000e+00,0.000000e+00,0.000000e+00,2.221449e-07,4.084803e-07,5.323864e-10,1.861885e-03,2,868
2.170000e+02,4.693488e-09,7.270824e-09,-5.261382e-12,5.659218e-11,5.368202e-11,-2.812648e-14,2.226059e-03,3.032909e-03,3.332564e-09,0.000000e+00,2.375042e-04,1.988555e-03,0.000000e+00,0.000000e+00,0.000000e+00,0.000000e+00,2.244917e-07,4.121157e-07,5.350171e-10,1.863890e-03,2,870
2.175000e+02,4.722783e-09,7.299731e-09,-5.275396e-12,6.058692e-11,6.193497e-11,-2.793017e-14,6.539193e-03,8.952582e-03,1.018108e-08,0.000000e+00,6.852089e-04,5.853984e-03,0.000000e+00,0.000000e+00,0.000000e+00,0.000000e+00,2.268530e-07,4.157656e-07,5.376548e-10,1.881260e-03,2,872
2.180000e+02,4.756070e-09,7.336982e-09,-5.289670e-12,7.255639e-11,8.703511e-11,-2.916076e-14,1.068080e-03,1.541789e-03,2.165929e-09,0.000000e+00,8.896372e-05,9.791160e-04,0.000000e+00,0.000000e+00,0.000000e+00,0.000000e+00,2.292311e-07,4.194341e-07,5.402997e-10,1.881743e-03,2,874
2.185000e+02,4.792802e-09,7.381435e-09,-5.304103e-12,7.437225e-11,9.077312e-11,-2.857267e-14,-3.640987e-03,-4.979920e-03,-5.603218e-09,3.258073e-03,0.000000e+00,0.000000e+00,3.829142e-04,0.000000e+00,0.000000e+00,0.000000e+00,2.316275e-07,4.231248e-07,5.429517e-10,1.887124e-03,2,876
2.190000e+02,4.828262e-09,7.423087e-09,-5.318454e-12,6.746758e-11,7.585234e-11,-2.882889e-14,-4.071658e-03,-5.649699e-03,-6.806294e-09,3.666757e-03,0.000000e+00,0.000000e+00,4.049017e-04,0.000000e+00,0.000000e+00,0.000000e+00,2.340416e-07,4.268363e-07,5.456109e-10,1.893928e-03,2,878
2.195000e+02,4.860073e-09,7.456828e-09,-5.332971e-12,5.978108e-11,5.913248e-11,-2.923741e-14,-5.720697e-03,-7.893933e-03,-9.260949e-09,5.139131e-03,0.000000e+00,0.000000e+00,5.815665e-04,0.000000e+00,0.000000e+00,0.000000e+00,2.364717e-07,4.305648e-07,5.482774e-10,1.907303e-03,2,880
2.200000e+02,4.887282e-09,7.480636e-09,-5.347824e-12,4.905928e-11,3.612966e-11,-3.017102e-14,-4.443877e-03,-6.104183e-03,-7.042343e-09,3.984064e-03,0.000000e+00,0.000000e+00,4.598128e-04,0.000000e+00,0.000000e+00,0.000000e+00,2.389153e-07,4.343051e-07,5.509513e-10,1.915345e-03,2,882
2.205000e+02,4.909728e-09,7.494266e-09,-5.363029e-12,4.072469e-11,1.841561e-11,-3.064451e-14,-2.278843e-03,-3.179652e-03,-3.903746e-09,2.057308e-03,0.000000e+00,0.000000e+00,2.215349e-04,0.000000e+00,0.000000e+00,0.000000e+00,2.413702e-07,4.380522e-07,5.536328e-10,1.917486e-03,2,884
2.210000e+02,4.929012e-09,7.501165e-09,-5.378290e-12,3.641609e-11,9.191504e-12,-3.040068e-14,-1.819967e-03,-2.532672e-03,-3.008682e-09,1.641103e-03,0.000000e+00,0.000000e+00,1.788638e-04,0.000000e+00,0.000000e+00,0.000000e+00,2.438347e-07,4.418028e-07,5.563220e-10,1.918848e-03,2,886
2.215000e+02,4.946358e-09,7.503932e-09,-5.393392e-12,3.296644e-11,1.886205e-12,-3.000962e-14,8.325501e-03,1.142244e-02,1.309474e-08,0.000000e+00,8.653763e-04,7.460125e-03,0.000000e+00,0.000000e+00,0.000000e+00,0.000000e+00,2.463078e-07,4.455548e-07,5.590187e-10,1.947049e-03,2,888
2.220000e+02,4.966677e-09,7.513040e-09,-5.408838e-12,4.830373e-11,3.450155e-11,-3.176454e-14,6.239248e-05,6.161520e-05,-7.799975e-11,0.000000e+00,1.340946e-05,4.898302e-05,0.000000e+00,0.000000e+00,0.000000e+00,0.000000e+00,2.487912e-07,4.493113e-07,5.617231e-10,1.947051e-03,2,890
2.225000e+02,4.990831e-09,7.530268e-09,-5.424461e-12,4.831192e-11,3.441343e-11,-3.073573e-14,-6.226113e-04,-8.804935e-04,-1.157340e-09,5.654823e-04,0.000000e+00,0.000000e+00,5.712906e-05,0.000000e+00,0.000000e+00,0.000000e+00,2.512866e-07,4.530764e-07,5.644353e-10,1.947212e-03,2,892
2.230000e+02,5.014671e-09,7.546779e-09,-5.439629e-12,4.705216e-11,3.163471e-11,-2.993722e-14,-2.839639e-03,-3.864803e-03,-4.283896e-09,2.535492e-03,0.000000e+00,0.000000e+00,3.041470e-04,0.000000e+00,0.000000e+00,0.000000e+00,2.537939e-07,4.568498e-07,5.671552e-10,1.950473e-03,2,894
2.235000e+02,5.036857e-09,7.559773e-09,-5.454583e-12,4.169147e-11,2.035217e-11,-2.988103e-14,1.415548e-03,1.881602e-03,1.868779e-09,0.000000e+00,1.646022e-04,1.250946e-03,0.000000e+00,0.000000e+00,0.000000e+00,0.000000e+00,2.563124e-07,4.606297e-07,5.698824e-10,1.951269e-03,2,896
2.240000e+02,5.058335e-09,7.571255e-09,-5.469390e-12,4.421905e-11,2.557142e-11,-2.935082e-14,1.823591e-03,2.526933e-03,2.952307e-09,0.000000e+00,1.823327e-04,1.641258e-03,0.000000e+00,0.000000e+00,0.000000e+00,0.000000e+00,2.588415e-07,4.644153e-07,5.726171e-10,1.952632e-03,2,898
2.245000e+02,5.081264e-09,7.585799e-09,-5.483976e-12,4.749629e-11,3.259419e-11,-2.899287e-14,5.888368e-04,8.245455e-04,1.036226e-09,0.000000e+00,5.639262e-05,5.324442e-04,0.000000e+00,0.000000e+00,0.000000e+00,0.000000e+00,2.613822e-07,4.682082e-07,5.753591e-10,1.952776e-03,2,900
2.250000e+02,5.105258e-09,7.602623e-09,-5.498282e-12,4.848073e-11,3.470008e-11,-2.823819e-14,8.964492e-03,1.236047e-02,1.443339e-08,0.000000e+00,9.140862e-04,8.050406e-03,0.000000e+00,0.000000e+00,0.000000e+00,0.000000e+00,2.639348e-07,4.720095e-07,5.781083e-10,1.985598e-03,2,902
2.255000e+02,5.133622e-09,7.628745e-09,-5.512914e-12,6.496633e-11,6.974382e-11,-3.027639e-14,2.561978e-03,3.553515e-03,4.249701e-09,0.000000e+00,2.551777e-04,2.306800e-03,0.000000e+00,0.000000e+00,0.000000e+00,0.000000e+00,2.665016e-07,4.758239e-07,5.808647e-10,1.988291e-03,2,904
2.260000e+02,5.167255e-09,7.666025e-09,-5.528016e-12,6.956425e-11,7.936099e-11,-3.013437e-14,-4.281294e-03,-5.955997e-03,-7.233697e-09,3.859995e-03,0.000000e+00,0.000000e+00,4.212990e-04,0.000000e+00,0.000000e+00,0.000000e+00,2.690852e-07,4.796569e-07,5.836287e-10,1.995830e-03,2,906
2.265000e+02,5.200016e-09,7.701294e-09,-5.543194e-12,6.148506e-11,6.173928e-11,-3.057350e-14,1.127467e-03,1.448739e-03,1.186135e-09,0.000000e+00,1.455184e-04,9.819484e-04,0.000000e+00,0.000000e+00,0.000000e+00,0.000000e+00,2.716852e-07,4.835076e-07,5.864003e-10,1.996322e-03,2,908
2.270000e+02,5.231246e-09,7.733081e-09,-5.558316e-12,6.343543e-11,6.540515e-11,-2.991667e-14,1.479226e-03,2.030922e-03,2.302773e-09,0.000000e+00,1.533366e-04,1.325890e-03,0.000000e+00,0.000000e+00,0.000000e+00,0.000000e+00,2.743009e-07,4.873741e-07,5.891795e-10,1.997213e-03,2,910
2.275000e+02,5.263614e-09,7.767111e-09,-5.573149e-12,6.603257e-11,7.070603e-11,-2.942111e-14,-1.069621e-03,-1.422194e-03,-1.414086e-09,9.453628e-04,0.000000e+00,0.000000e+00,1.242586e-04,0.000000e+00,0.000000e+00,0.000000e+00,2.769327e-07,4.912577e-07,5.919661e-10,1.997668e-03,2,912
2.280000e+02,5.296098e-09,7.801311e-09,-5.587703e-12,6.390603e-11,6.610202e-11,-2.879577e-14,-4.935426e-04,-5.989858e-04,-3.366830e-10,4.196836e-04,0.000000e+00,0.000000e+00,7.385900e-05,0.000000e+00,0.000000e+00,0.000000e+00,2.795807e-07,4.951583e-07,5.947599e-10,1.997758e-03,2,914
2.285000e+02,5.327787e-09,7.833807e-09,-5.601899e-12,6.285054e-11,6.388487e-11,-2.799344e-14,-4.423904e-03,-6.091565e-03,-7.030172e-09,3.970436e-03,0.000000e+00,0.000000e+00,4.534687e-04,0.000000e+00,0.000000e+00,0.000000e+00,2.822446e-07,4.990752e-07,5.975609e-10,2.005743e-03,2,916
2.290000e+02,5.357130e-09,7.861271e-09,-5.616032e-12,5.452228e-11,4.599438e-11,-2.853544e-14,9.641740e-04,1.327973e-03,1.546789e-09,0.000000e+00,9.873416e-05,8.654398e-04,0.000000e+00,0.000000e+00,0.000000e+00,0.000000e+00,2.849232e-07,5.030058e-07,6.003689e-10,2.006123e-03,2,918
2.295000e+02,5.384807e-09,7.885130e-09,-5.630144e-12,5.618586e-11,4.943580e-11,-2.791659e-14,-3.183150e-03,-4.376575e-03,-4.985496e-09,2.854983e-03,0.000000e+00,0.000000e+00,3.281663e-04,0.000000e+00,0.000000e+00,0.000000e+00,2.876156e-07,5.069484e-07,6.031840e-10,2.010252e-03,2,920
2.300000e+02,5.411395e-09,7.906624e-09,-5.644136e-12,5.016905e-11,3.655503e-11,-2.804959e-14,5.057958e-04,7.077956e-04,9.051979e-10,0.000000e+00,4.857490e-05,4.572209e-04,0.000000e+00,0.000000e+00,0.000000e+00,0.000000e+00,2.903213e-07,5.109017e-07,6.060060e-10,2.010358e-03,2,922
2.305000e+02,5.436686e-09,7.925337e-09,-5.657972e-12,5.099384e-11,3.829709e-11,-2.729789e-14,-4.709142e-03,-6.545699e-03,-7.947231e-09,4.244152e-03,0.000000e+00,0.000000e+00,4.649905e-04,0.000000e+00,0.000000e+00,0.000000e+00,2.930396e-07,5.148644e-07,6.088350e-10,2.019472e-03,2,924
2.310000e+02,5.459974e-09,7.939732e-09,-5.671790e-12,4.216395e-11,1.930519e-11,-2.797171e-14,1.601458e-03,2.186133e-03,2.451270e-09,0.000000e+00,1.696469e-04,1.431812e-03,0.000000e+00,0.000000e+00,0.000000e+00,0.000000e+00,2.957696e-07,5.188343e-07,6.116709e-10,2.020512e-03,2,926
2.315000e+02,5.481774e-09,7.950911e-09,-5.685677e-12,4.503460e-11,2.540239e-11,-2.757729e-14,1.028892e-03,1.518447e-03,2.299425e-09,0.000000e+00,7.610785e-05,9.527837e-04,0.000000e+00,0.000000e+00,0.000000e+00,0.000000e+00,2.985105e-07,5.228097e-07,6.145137e-10,2.020969e-03,2,928
2.320000e+02,5.504743e-09,7.964649e-09,-5.699329e-12,4.683904e-11,2.954557e-11,-2.703562e-14,2.296443e-03,3.139896e-03,3.548614e-09,0.000000e+00,2.418116e-04,2.054631e-03,0.000000e+00,0.000000e+00,0.000000e+00,0.000000e+00,3.012629e-07,5.267920e-07,6.173634e-10,2.023109e-03,2,930
2.325000e+02,5.529199e-09,7.981610e-09,-5.712813e-12,5.098572e-11,3.828892e-11,-2.690083e-14,-3.147821e-03,-4.365714e-03,-5.231267e-09,2.834184e-03,0.000000e+00,0.000000e+00,3.136377e-04,0.000000e+00,0.000000e+00,0.000000e+00,3.040275e-07,5.307828e-07,6.202198e-10,2.027174e-03,2,932
2.330000e+02,5.553207e-09,7.997560e-09,-5.726305e-12,4.504585e-11,2.552452e-11,-2.706459e-14,-3.383231e-03,-4.626496e-03,-5.187588e-09,3.027170e-03,0.000000e+00,0.000000e+00,3.560611e-04,0.000000e+00,0.000000e+00,0.000000e+00,3.068041e-07,5.347816e-07,6.230830e-10,2.031819e-03,2,934
2.335000e+02,5.574139e-09,8.006965e-09,-5.739892e-12,3.868343e-11,1.211288e-11,-2.728556e-14,1.234583e-03,1.650848e-03,1.694767e-09,0.000000e+00,1.407329e-04,1.093851e-03,0.000000e+00,0.000000e+00,0.000000e+00,0.000000e+00,3.095911e-07,5.387851e-07,6.259529e-10,2.032427e-03,2,936
2.340000e+02,5.594030e-09,8.014178e-09,-5.753409e-12,4.088272e-11,1.673603e-11,-2.678525e-14,8.952225e-04,1.264929e-03,1.577460e-09,0.000000e+00,8.245777e-05,8.127648e-04,0.000000e+00,0.000000e+00,0.000000e+00,0.000000e+00,3.123881e-07,5.427922e-07,6.288296e-10,2.032761e-03,2,938
2.345000e+02,5.614863e-09,8.023419e-09,-5.766657e-12,4.244897e-11,2.022134e-11,-2.620877e-14,1.860226e-03,2.569118e-03,3.004962e-09,0.000000e+00,1.884727e-04,1.671754e-03,0.000000e+00,0.000000e+00,0.000000e+00,0.000000e+00,3.151956e-07,5.468039e-07,6.317129e-10,2.034176e-03,2,940
2.350000e+02,5.636925e-09,8.035328e-09,-5.779700e-12,4.579797e-11,2.740558e-11,-2.596417e-14,5.239084e-03,7.308820e-03,8.968583e-09,0.000000e+00,5.096672e-04,4.729417e-03,0.000000e+00,0.000000e+00,0.000000e+00,0.000000e+00,3.180140e-07,5.508216e-07,6.346028e-10,2.045490e-03,2,942
2.355000e+02,5.662224e-09,8.054204e-09,-5.792909e-12,5.539379e-11,4.807443e-11,-2.686492e-14,2.586589e-03,3.495628e-03,3.721265e-09,0.000000e+00,2.841937e-04,2.302396e-03,0.000000e+00,0.000000e+00,0.000000e+00,0.000000e+00,3.208452e-07,5.548487e-07,6.374992e-10,2.048181e-03,2,944
2.360000e+02,5.691088e-09,8.080649e-09,-5.806330e-12,6.005853e-11,5.769213e-11,-2.682109e-14,3.373261e-04,5.299288e-04,9.474970e-10,0.000000e+00,1.568579e-05,3.216403e-04,0.000000e+00,0.000000e+00,0.000000e+00,0.000000e+00,3.236907e-07,5.588890e-07,6.404024e-10,2.048233e-03,2,946
2.365000e+02,5.721240e-09,8.109764e-09,-5.819551e-12,6.054952e-11,5.876426e-11,-2.606707e-14,8.111029e-04,1.088069e-03,1.145862e-09,0.000000e+00,9.145293e-05,7.196500e-04,0.000000e+00,0.000000e+00,0.000000e+00,0.000000e+00,3.265513e-07,5.629439e-07,6.433122e-10,2.048496e-03,2,948
2.370000e+02,5.751856e-09,8.139811e-09,-5.832435e-12,6.191638e-11,6.142260e-11,-2.547175e-14,9.200978e-05,7.828897e-05,-1.718106e-10,0.000000e+00,2.340481e-05,6.860497e-05,0.000000e+00,0.000000e+00,0.000000e+00,0.000000e+00,3.294272e-07,5.670138e-07,6.462284e-10,2.048498e-03,2,950
2.375000e+02,5.782823e-09,8.170461e-09,-5.844965e-12,6.194916e-11,6.117600e-11,-2.465368e-14,7.086255e-03,9.676390e-03,1.085557e-08,0.000000e+00,7.497944e-04,6.336461e-03,0.000000e+00,0.000000e+00,0.000000e+00,0.000000e+00,3.323187e-07,5.710990e-07,6.491509e-10,2.068855e-03,2,952
2.380000e+02,5.817043e-09,8.207851e-09,-5.857672e-12,7.492822e-11,8.834961e-11,-2.616560e-14,-1.988387e-03,-2.718689e-03,-3.031851e-09,1.779012e-03,0.000000e+00,0.000000e+00,2.093758e-04,0.000000e+00,0.000000e+00,0.000000e+00,3.352272e-07,5.752029e-07,6.520797e-10,2.070459e-03,2,954
2.385000e+02,5.853545e-09,8.249912e-09,-5.870703e-12,7.108128e-11,7.990691e-11,-2.595831e-14,-7.258017e-03,-1.003763e-02,-1.187099e-08,6.526622e-03,0.000000e+00,0.000000e+00,7.313955e-04,0.000000e+00,0.000000e+00,0.000000e+00,3.381540e-07,5.793279e-07,6.550151e-10,2.092025e-03,2,956
2.390000e+02,5.885687e-09,8.282535e-09,-5.884073e-12,5.748880e-11,5.062128e-11,-2.751404e-14,-1.239407e-03,-1.680413e-03,-1.826038e-09,1.104797e-03,0.000000e+00,0.000000e+00,1.346100e-04,0.000000e+00,0.000000e+00,0.000000e+00,3.410968e-07,5.834692e-07,6.579571e-10,2.092644e-03,2,958
2.395000e+02,5.913825e-09,8.306547e-09,-5.897704e-12,5.506696e-11,4.543340e-11,-2.701331e-14,1.610379e-04,2.183964e-04,2.463659e-10,0.000000e+00,1.747336e-05,1.435646e-04,0.000000e+00,0.000000e+00,0.000000e+00,0.000000e+00,3.440537e-07,5.876224e-07,6.609060e-10,2.092655e-03,2,960
2.400000e+02,5.941403e-09,8.329333e-09,-5.911001e-12,5.524273e-11,4.570945e-11,-2.617822e-14,-2.963423e-04,-4.050141e-04,-4.775054e-10,2.650886e-04,0.000000e+00,0.000000e+00,3.125362e-05,0.000000e+00,0.000000e+00,0.000000e+00,3.470244e-07,5.917871e-07,6.638615e-10,2.092690e-03,2,962
2.405000e+02,5.968856e-09,8.351810e-09,-5.923898e-12,5.457149e-11,4.420253e-11,-2.541535e-14,3.605430e-03,4.912819e-03,5.463612e-09,0.000000e+00,3.845063e-04,3.220923e-03,0.000000e+00,0.000000e+00,0.000000e+00,0.000000e+00,3.500088e-07,5.959630e-07,6.668234e-10,2.097952e-03,2,964
2.410000e+02,5.997781e-09,8.377340e-09,-5.936692e-12,6.112393e-11,5.789827e-11,-2.575920e-14,1.267259e-03,1.742698e-03,1.962584e-09,0.000000e+00,1.305557e-04,1.136703e-03,0.000000e+00,0.000000e+00,0.000000e+00,0.000000e+00,3.530077e-07,6.001517e-07,6.697918e-10,2.098606e-03,2,966
2.415000e+02,6.028895e-09,8.407424e-09,-5.949464e-12,6.333386e-11,6.243328e-11,-2.533107e-14,7.522675e-03,1.038115e-02,1.211048e-08,0.000000e+00,7.645584e-04,6.758116e-03,0.000000e+00,0.000000e+00,0.000000e+00,0.000000e+00,3.560222e-07,6.043554e-07,6.727665e-10,2.121734e-03,2,968
2.420000e+02,6.064010e-09,8.445944e-09,-5.962547e-12,7.711766e-11,9.161049e-11,-2.698984e-14,3.162756e-04,3.858548e-04,1.841406e-10,0.000000e+00,4.675111e-05,2.695245e-04,0.000000e+00,0.000000e+00,0.000000e+00,0.000000e+00,3.590542e-07,6.085784e-07,6.757478e-10,2.121772e-03,2,970
2.425000e+02,6.102672e-09,8.491850e-09,-5.975842e-12,7.753180e-11,9.201139e-11,-2.619570e-14,-8.821883e-04,-1.225305e-03,-1.467025e-09,7.948092e-04,0.000000e+00,0.000000e+00,8.737907e-05,0.000000e+00,0.000000e+00,0.000000e+00,3.621055e-07,6.128243e-07,6.787357e-10,2.122092e-03,2,972
2.430000e+02,6.140986e-09,8.536803e-09,-5.988797e-12,7.572665e-11,8.780671e-11,-2.562909e-14,-3.062452e-03,-4.253489e-03,-5.163536e-09,2.759102e-03,0.000000e+00,0.000000e+00,3.033493e-04,0.000000e+00,0.000000e+00,0.000000e+00,3.651760e-07,6.170927e-07,6.817301e-10,2.125944e-03,2,974
2.435000e+02,6.177390e-09,8.577497e-09,-6.001657e-12,6.988985e-11,7.498380e-11,-2.580771e-14,2.233902e-03,3.053174e-03,3.459409e-09,0.000000e+00,2.355754e-04,1.998326e-03,0.000000e+00,0.000000e+00,0.000000e+00,0.000000e+00,3.682647e-07,6.213814e-07,6.847309e-10,2.127968e-03,2,976
2.440000e+02,6.213330e-09,8.617028e-09,-6.014532e-12,7.386956e-11,8.313156e-11,-2.569244e-14,8.300134e-03,1.151013e-02,1.374067e-08,0.000000e+00,8.273793e-04,7.472755e-03,0.000000e+00,0.000000e+00,0.000000e+00,0.000000e+00,3.713714e-07,6.256899e-07,6.877382e-10,2.156232e-03,2,978
2.445000e+02,6.254066e-09,8.666665e-09,-6.027860e-12,8.906904e-11,1.153754e-10,-2.761024e-14,-7.243218e-04,-9.919843e-04,-1.070310e-09,6.485221e-04,0.000000e+00,0.000000e+00,7.579969e-05,0.000000e+00,0.000000e+00,0.000000e+00,3.744984e-07,6.300233e-07,6.907521e-10,2.156445e-03,2,980
2.450000e+02,6.298216e-09,8.723422e-09,-6.041497e-12,8.753048e-11,1.116584e-10,-2.694116e-14,-1.518548e-03,-1.996485e-03,-1.928555e-09,1.335610e-03,0.000000e+00,0.000000e+00,1.829388e-04,0.000000e+00,0.000000e+00,0.000000e+00,3.776475e-07,6.343850e-07,6.937729e-10,2.157353e-03,2,982
2.455000e+02,6.341230e-09,8.777610e-09,-6.054866e-12,8.452522e-11,1.051003e-10,-2.653510e-14,-1.593404e-03,-2.087807e-03,-1.970522e-09,1.399400e-03,0.000000e+00,0.000000e+00,1.940041e-04,0.000000e+00,0.000000e+00,0.000000e+00,3.808181e-07,6.387738e-07,6.968003e-10,2.158351e-03,2,984
2.460000e+02,6.382708e-09,8.828466e-09,-6.068040e-12,8.138808e-11,9.833156e-11,-2.616429e-14,-1.992431e-03,-2.812186e-03,-3.599061e-09,1.808023e-03,0.000000e+00,0.000000e+00,1.844071e-04,0.000000e+00,0.000000e+00,0.000000e+00,3.840095e-07,6.431880e-07,6.998343e-10,2.160003e-03,2,986
2.465000e+02,6.422434e-09,8.875432e-09,-6.081076e-12,7.751931e-11,8.954536e-11,-2.597948e-14,-1.227586e-03,-1.693497e-03,-1.955716e-09,1.102663e-03,0.000000e+00,0.000000e+00,1.249226e-04,0.000000e+00,0.000000e+00,0.000000e+00,3.872207e-07,6.476257e-07,7.028748e-10,2.160619e-03,2,988
2.470000e+02,6.460582e-09,8.918822e-09,-6.093953e-12,7.507486e-11,8.402211e-11,-2.553231e-14,1.952875e-03,2.696481e-03,3.155288e-09,0.000000e+00,1.980304e-04,1.754844e-03,0.000000e+00,0.000000e+00,0.000000e+00,0.000000e+00,3.904510e-07,6.520852e-07,7.059218e-10,2.162178e-03,2,990
2.475000e+02,6.498982e-09,8.962601e-09,-6.106671e-12,7.852288e-11,9.108173e-11,-2.534051e-14,-1.179591e-03,-1.657414e-03,-2.144325e-09,1.068250e-03,0.000000e+00,0.000000e+00,1.113416e-04,0.000000e+00,0.000000e+00,0.000000e+00,3.937005e-07,6.565665e-07,7.089752e-10,2.162755e-03,2,992
2.480000e+02,6.537654e-09,9.006782e-09,-6.119232e-12,7.616504e-11,8.564979e-11,-2.490567e-14,7.248038e-03,9.969470e-03,1.153165e-08,0.000000e+00,7.460812e-04,6.501957e-03,0.000000e+00,0.000000e+00,0.000000e+00,0.000000e+00,3.969693e-07,6.610698e-07,7.120348e-10,2.184171e-03,2,994
2.485000e+02,6.579049e-09,9.056571e-09,-6.132080e-12,8.941199e-11,1.134732e-10,-2.647963e-14,-6.790552e-04,-9.132505e-04,-1.035349e-09,6.031603e-04,0.000000e+00,0.000000e+00,7.589490e-05,0.000000e+00,0.000000e+00,0.000000e+00,4.002588e-07,6.655981e-07,7.151008e-10,2.184356e-03,2,996
2.490000e+02,6.623391e-09,9.112438e-09,-6.145156e-12,8.795645e-11,1.099957e-10,-2.582881e-14,-3.263566e-03,-4.438020e-03,-4.964969e-09,2.912929e-03,0.000000e+00,0.000000e+00,3.506369e-04,0.000000e+00,0.000000e+00,0.000000e+00,4.035705e-07,6.701544e-07,7.181734e-10,2.188660e-03,2,998
2.495000e+02,6.665810e-09,9.164051e-09,-6.158125e-12,8.172022e-11,9.647577e-11,-2.604514e-14,5.616491e-04,7.373401e-04,6.605854e-10,0.000000e+00,6.797279e-05,4.936763e-04,0.000000e+00,0.000000e+00,0.000000e+00,0.000000e+00,4.069034e-07,6.747364e-07,7.212525e-10,2.188784e-03,2,1000
2.500000e+02,6.706885e-09,9.212631e-09,-6.170977e-12,8.257832e-11,9.784349e-11,-2.536638e-14,-2.426439e-03,-3.366666e-03,-4.057487e-09,2.185092e-03,0.000000e+00,0.000000e+00,2.413467e-04,0.000000e+00,0.000000e+00,0.000000e+00,4.102569e-07,6.793427e-07,7.243379e-10,2.191200e-03,2,1002
2.505000e+02,6.747005e-09,9.258958e-09,-6.183654e-12,7.790355e-11,8.747707e-11,-2.534084e-14,1.680800e-05,8.822918e-05,3.981907e-10,0.000000e+00,0.000000e+00,3.387357e-05,1.706557e-05,0.000000e+00,0.000000e+00,0.000000e+00,4.136304e-07,6.839722e-07,7.274298e-10,2.191201e-03,2,1004
2.510000e+02,6.785921e-09,9.302592e-09,-6.196117e-12,7.776162e-11,8.705940e-11,-2.451528e-14,-1.453985e-03,-2.022955e-03,-2.487253e-09,1.310969e-03,0.000000e+00,0.000000e+00,1.430159e-04,0.000000e+00,0.000000e+00,0.000000e+00,4.170233e-07,6.886235e-07,7.305278e-10,2.192071e-03,2,1006
2.515000e+02,6.824086e-09,9.344508e-09,-6.208294e-12,7.489757e-11,8.061404e-11,-2.419527e-14,-5.144164e-03,-7.128186e-03,-8.551693e-09,4.629812e-03,0.000000e+00,0.000000e+00,5.143516e-04,0.000000e+00,0.000000e+00,0.000000e+00,4.204354e-07,6.932957e-07,7.336320e-10,2.202920e-03,2,1008
2.520000e+02,6.859111e-09,9.379564e-09,-6.220622e-12,6.520936e-11,5.963422e-11,-2.511079e-14,1.006310e-02,1.391717e-02,1.644884e-08,0.000000e+00,1.014010e-03,9.049090e-03,0.000000e+00,0.000000e+00,0.000000e+00,0.000000e+00,4.238649e-07,6.979855e-07,7.367423e-10,2.244377e-03,2,1010
2.525000e+02,6.896338e-09,9.419218e-09,-6.233809e-12,8.369132e-11,9.893399e-11,-2.762527e-14,-2.040707e-03,-2.846719e-03,-3.471921e-09,1.842130e-03,0.000000e+00,0.000000e+00,1.985764e-04,0.000000e+00,0.000000e+00,0.000000e+00,4.273131e-07,7.026951e-07,7.398592e-10,2.246094e-03,2,1012
2.530000e+02,6.937193e-09,9.466460e-09,-6.247566e-12,7.972808e-11,9.004452e-11,-2.740075e-14,-1.962827e-03,-2.683066e-03,-2.979723e-09,1.755948e-03,0.000000e+00,0.000000e+00,2.068790e-04,0.000000e+00,0.000000e+00,0.000000e+00,4.307817e-07,7.074283e-07,7.429830e-10,2.247657e-03,2,1014
2.535000e+02,6.976104e-09,9.509391e-09,-6.261201e-12,7.591779e-11,8.169061e-11,-2.714434e-14,6.554593e-03,9.088359e-03,1.085192e-08,0.000000e+00,6.537133e-04,5.900880e-03,0.000000e+00,0.000000e+00,0.000000e+00,0.000000e+00,4.342698e-07,7.121830e-07,7.461136e-10,2.265281e-03,2,1016
2.540000e+02,7.017055e-09,9.556579e-09,-6.275098e-12,8.788172e-11,1.070274e-10,-2.843332e-14,-6.619400e-04,-8.648419e-04,-7.822654e-10,5.806284e-04,0.000000e+00,0.000000e+00,8.131166e-05,0.000000e+00,0.000000e+00,0.000000e+00,4.377783e-07,7.169613e-07,7.492511e-10,2.265453e-03,2,1018
2.545000e+02,7.060641e-09,9.609269e-09,-6.289132e-12,8.646127e-11,1.037374e-10,-2.770670e-14,-1.691872e-03,-2.340079e-03,-2.817769e-09,1.521459e-03,0.000000e+00,0.000000e+00,1.704134e-04,0.000000e+00,0.000000e+00,0.000000e+00,4.413086e-07,7.217660e-07,7.523957e-10,2.266625e-03,2,1020
2.550000e+02,7.103040e-09,9.659266e-09,-6.302897e-12,8.313756e-11,9.625849e-11,-2.735793e-14,-4.751705e-03,-6.626355e-03,-8.094036e-09,4.288717e-03,0.000000e+00,0.000000e+00,4.629887e-04,0.000000e+00,0.000000e+00,0.000000e+00,4.448601e-07,7.265956e-07,7.555471e-10,2.275928e-03,2,1022
2.555000e+02,7.142363e-09,9.702472e-09,-6.316750e-12,7.415748e-11,7.659245e-11,-2.804913e-14,-2.855491e-03,-4.000489e-03,-5.006450e-09,2.582587e-03,0.000000e+00,0.000000e+00,2.729037e-04,0.000000e+00,0.000000e+00,0.000000e+00,4.484313e-07,7.314468e-07,7.587055e-10,2.279301e-03,2,1024
2.560000e+02,7.178079e-09,9.737761e-09,-6.330784e-12,6.870725e-11,6.457812e-11,-2.808754e-14,-1.819875e-03,-2.510857e-03,-2.931979e-09,1.634760e-03,0.000000e+00,0.000000e+00,1.851158e-04,0.000000e+00,0.000000e+00,0.000000e+00,4.520203e-07,7.363157e-07,7.618709e-10,2.280654e-03,2,1026
2.565000e+02,7.211552e-09,9.768131e-09,-6.344748e-12,6.518604e-11,5.691111e-11,-2.776724e-14,-8.643020e-05,-1.312739e-04,-1.869058e-10,8.111063e-05,0.000000e+00,0.000000e+00,5.319574e-06,0.000000e+00,0.000000e+00,0.000000e+00,4.556261e-07,7.411998e-07,7.650433e-10,2.280657e-03,2,1028
2.570000e+02,7.244068e-09,9.796383e-09,-6.358410e-12,6.488127e-11,5.610041e-11,-2.688647e-14,-9.674836e-03,-1.340057e-02,-1.589867e-08,8.705829e-03,0.000000e+00,0.000000e+00,9.690068e-04,0.000000e+00,0.000000e+00,0.000000e+00,4.592482e-07,7.460980e-07,7.682225e-10,2.319022e-03,2,1030
2.575000e+02,7.271994e-09,9.814744e-09,-6.372439e-12,4.682903e-11,1.739033e-11,-2.921866e-14,6.501330e-03,9.010765e-03,1.067579e-08,0.000000e+00,6.494812e-04,5.851848e-03,0.000000e+00,0.000000e+00,0.000000e+00,0.000000e+00,4.628841e-07,7.510053e-07,7.714087e-10,2.336355e-03,2,1032
2.580000e+02,7.298392e-09,9.829849e-09,-6.387351e-12,5.875898e-11,4.299769e-11,-3.042087e-14,-2.284465e-03,-3.161275e-03,-3.805393e-09,2.054814e-03,0.000000e+00,0.000000e+00,2.296511e-04,0.000000e+00,0.000000e+00,0.000000e+00,4.665333e-07,7.559203e-07,7.746024e-10,2.338493e-03,2,1034
2.585000e+02,7.326682e-09,9.849005e-09,-6.402501e-12,5.439991e-11,3.363789e-11,-3.017999e-14,-8.430985e-03,-1.167822e-02,-1.390554e-08,7.586705e-03,0.000000e+00,0.000000e+00,8.442800e-04,0.000000e+00,0.000000e+00,0.000000e+00,4.701967e-07,7.608448e-07,7.778036e-10,2.367628e-03,2,1036
2.590000e+02,7.349949e-09,9.857408e-09,-6.418046e-12,3.867332e-11,1.989557e-14,-3.199068e-14,2.238597e-03,3.128846e-03,3.785134e-09,0.000000e+00,2.160785e-04,2.022519e-03,0.000000e+00,0.000000e+00,0.000000e+00,0.000000e+00,4.738717e-07,7.657735e-07,7.810127e-10,2.369697e-03,2,1038
2.595000e+02,7.370300e-09,9.859656e-09,-6.433966e-12,4.273106e-11,8.957727e-12,-3.169044e-14,-2.167219e-03,-3.017749e-03,-3.702468e-09,1.954759e-03,0.000000e+00,0.000000e+00,2.124605e-04,0.000000e+00,0.000000e+00,0.000000e+00,4.775568e-07,7.707033e-07,7.842296e-10,2.371630e-03,2,1040
2.600000e+02,7.390639e-09,9.861959e-09,-6.449731e-12,3.862462e-11,2.685275e-13,-3.137340e-14,5.548842e-03,7.702764e-03,9.191577e-09,0.000000e+00,5.508247e-04,4.998017e-03,0.000000e+00,0.000000e+00,0.000000e+00,0.000000e+00,4.812521e-07,7.756343e-07,7.874545e-10,2.384272e-03,2,1042
2.605000e+02,7.412498e-09,9.867601e-09,-6.465623e-12,4.880974e-11,2.227049e-11,-3.219096e-14,4.257491e-03,5.953008e-03,7.306677e-09,0.000000e+00,4.102602e-04,3.847231e-03,0.000000e+00,0.000000e+00,0.000000e+00,0.000000e+00,4.849584e-07,7.805681e-07,7.906873e-10,2.391757e-03,2,1044
2.610000e+02,7.438847e-09,9.882951e-09,-6.481812e-12,5.658195e-11,3.910558e-11,-3.256181e-14,-6.357692e-03,-8.907892e-03,-1.107666e-08,5.750333e-03,0.000000e+00,0.000000e+00,6.073590e-04,0.000000e+00,0.000000e+00,0.000000e+00,4.886778e-07,7.855096e-07,7.939282e-10,2.408474e-03,2,1046
2.615000e+02,7.464163e-09,9.896059e-09,-6.498361e-12,4.468817e-11,1.335957e-11,-3.362950e-14,-1.078179e-03,-1.409734e-03,-1.270664e-09,9.460446e-04,0.000000e+00,0.000000e+00,1.321341e-04,0.000000e+00,0.000000e+00,0.000000e+00,4.924099e-07,7.904576e-07,7.971774e-10,2.408930e-03,2,1048
2.620000e+02,7.485983e-09,9.901705e-09,-6.514984e-12,4.259320e-11,9.230187e-12,-3.286291e-14,-1.082972e-03,-1.520498e-03,-1.948121e-09,9.804157e-04,0.000000e+00,0.000000e+00,1.025560e-04,0.000000e+00,0.000000e+00,0.000000e+00,4.961529e-07,7.954084e-07,8.004349e-10,2.409416e-03,2,1050
2.625000e+02,7.506755e-09,9.905215e-09,-6.531235e-12,4.049401e-11,4.816009e-12,-3.214808e-14,2.143959e-03,2.947788e-03,3.328025e-09,0.000000e+00,2.210265e-04,1.922933e-03,0.000000e+00,0.000000e+00,0.000000e+00,0.000000e+00,4.999063e-07,8.003610e-07,8.037005e-10,2.411290e-03,2,1052
2.630000e+02,7.527972e-09,9.909722e-09,-6.547222e-12,4.437254e-11,1.319990e-11,-3.179922e-14,-4.192178e-03,-5.812540e-03,-6.881286e-09,3.774025e-03,0.000000e+00,0.000000e+00,4.181530e-04,0.000000e+00,0.000000e+00,0.000000e+00,5.036702e-07,8.053159e-07,8.069741e-10,2.418499e-03,2,1054
2.635000e+02,7.548193e-09,9.912140e-09,-6.563209e-12,3.651425e-11,-3.505481e-12,-3.214923e-14,-2.291986e-03,-3.119351e-03,-3.426637e-09,2.046472e-03,0.000000e+00,0.000000e+00,2.455143e-04,0.000000e+00,0.000000e+00,0.000000e+00,5.074443e-07,8.102720e-07,8.102557e-10,2.420623e-03,2,1056
2.640000e+02,7.565369e-09,9.908163e-09,-6.579206e-12,3.219068e-11,-1.238950e-11,-3.184149e-14,3.389828e-03,4.686944e-03,5.537119e-09,0.000000e+00,3.419099e-04,3.047918e-03,0.000000e+00,0.000000e+00,0.000000e+00,0.000000e+00,5.112270e-07,8.152261e-07,8.135453e-10,2.425326e-03,2,1058
2.645000e+02,7.583015e-09,9.905344e-09,-6.595147e-12,3.839375e-11,1.094256e-12,-3.192002e-14,2.191059e-03,3.018494e-03,3.470214e-09,0.000000e+00,2.241652e-04,1.966893e-03,0.000000e+00,0.000000e+00,0.000000e+00,0.000000e+00,5.150185e-07,8.201787e-07,8.168429e-10,2.427286e-03,2,1060
2.650000e+02,7.603205e-09,9.908047e-09,-6.611025e-12,4.236412e-11,9.708625e-12,-3.159562e-14,-2.358177e-04,-3.277154e-04,-4.362676e-10,2.125121e-04,0.000000e+00,0.000000e+00,2.330553e-05,0.000000e+00,0.000000e+00,0.000000e+00,5.188201e-07,8.251328e-07,8.201484e-10,2.427308e-03,2,1062
2.655000e+02,7.624255e-09,9.912649e-09,-6.626582e-12,4.183352e-11,8.698133e-12,-3.063621e-14,-4.406749e-04,-6.008158e-04,-6.669693e-10,3.937781e-04,0.000000e+00,0.000000e+00,4.689689e-05,0.000000e+00,0.000000e+00,0.000000e+00,5.226323e-07,8.300891e-07,8.234617e-10,2.427387e-03,2,1064
2.660000e+02,7.644944e-09,9.916551e-09,-6.641683e-12,4.092491e-11,6.915228e-12,-2.977386e-14,-1.391900e-03,-1.856203e-03,-1.928003e-09,1.231790e-03,0.000000e+00,0.000000e+00,1.601104e-04,0.000000e+00,0.000000e+00,0.000000e+00,5.264547e-07,8.350474e-07,8.267825e-10,2.428159e-03,2,1066
2.665000e+02,7.664739e-09,9.918668e-09,-6.656436e-12,3.825760e-11,1.559784e-12,-2.924107e-14,-2.672723e-03,-3.762311e-03,-4.732308e-09,2.422447e-03,0.000000e+00,0.000000e+00,2.502762e-04,0.000000e+00,0.000000e+00,0.000000e+00,5.302871e-07,8.400067e-07,8.301108e-10,2.431124e-03,2,1068
2.670000e+02,7.682610e-09,9.916755e-09,-6.671042e-12,3.322541e-11,-9.199722e-12,-2.918316e-14,-6.988659e-03,-9.669997e-03,-1.145108e-08,6.285817e-03,0.000000e+00,0.000000e+00,7.028417e-04,0.000000e+00,0.000000e+00,0.000000e+00,5.341284e-07,8.449651e-07,8.334463e-10,2.451127e-03,2,1070
2.675000e+02,7.695969e-09,9.905258e-09,-6.685976e-12,2.021560e-11,-3.675298e-11,-3.054473e-14,4.224532e-03,5.863108e-03,6.978269e-09,0.000000e+00,4.197326e-04,3.804799e-03,0.000000e+00,0.000000e+00,0.000000e+00,0.000000e+00,5.379764e-07,8.499177e-07,8.367893e-10,2.458453e-03,2,1072
2.680000e+02,7.708021e-09,9.891145e-09,-6.701350e-12,2.799031e-11,-1.972283e-11,-3.094809e-14,3.133032e-03,4.336546e-03,5.197133e-09,0.000000e+00,3.146629e-04,2.818369e-03,0.000000e+00,0.000000e+00,0.000000e+00,0.000000e+00,5.418304e-07,8.548633e-07,8.401399e-10,2.462474e-03,2,1074
2.685000e+02,7.723451e-09,9.884422e-09,-6.716830e-12,3.372738e-11,-7.183886e-12,-3.097189e-14,-1.802361e-03,-2.471744e-03,-2.835035e-09,1.614711e-03,0.000000e+00,0.000000e+00,1.876496e-04,0.000000e+00,0.000000e+00,0.000000e+00,5.456921e-07,8.598055e-07,8.434984e-10,2.463795e-03,2,1076
2.690000e+02,7.739462e-09,9.879076e-09,-6.732209e-12,3.031629e-11,-1.418977e-11,-3.054744e-14,2.977364e-03,4.079891e-03,4.569820e-09,0.000000e+00,3.109192e-04,2.666445e-03,0.000000e+00,0.000000e+00,0.000000e+00,0.000000e+00,5.495619e-07,8.647450e-07,8.468645e-10,2.467399e-03,2,1078
2.695000e+02,7.755981e-09,9.874926e-09,-6.747477e-12,3.576006e-11,-2.426359e-12,-3.052282e-14,4.158889e-03,5.735864e-03,6.739614e-09,0.000000e+00,4.236431e-04,3.735246e-03,0.000000e+00,0.000000e+00,0.000000e+00,0.000000e+00,5.534398e-07,8.696825e-07,8.502382e-10,2.474464e-03,2,1080
2.700000e+02,7.775767e-09,9.877819e-09,-6.762832e-12,4.337873e-11,1.397751e-11,-3.089636e-14,1.023690e-03,1.358125e-03,1.423480e-09,0.000000e+00,1.197880e-04,9.039019e-04,0.000000e+00,0.000000e+00,0.000000e+00,0.000000e+00,5.573277e-07,8.746214e-07,8.536196e-10,2.474880e-03,2,1082
2.705000e+02,7.797906e-09,9.885752e-09,-6.778107e-12,4.517723e-11,1.775017e-11,-3.020718e-14,-2.315316e-03,-3.190502e-03,-3.782168e-09,2.078677e-03,0.000000e+00,0.000000e+00,2.366392e-04,0.000000e+00,0.000000e+00,0.000000e+00,5.612267e-07,8.795643e-07,8.570087e-10,2.477069e-03,2,1084
2.710000e+02,7.819397e-09,9.892312e-09,-6.793154e-12,4.079123e-11,8.500168e-12,-2.998033e-14,8.514955e-04,1.135645e-03,1.147313e-09,0.000000e+00,9.791536e-05,7.535801e-04,0.000000e+00,0.000000e+00,0.000000e+00,0.000000e+00,5.651364e-07,8.845104e-07,8.604053e-10,2.477357e-03,2,1086
2.715000e+02,7.840165e-09,9.897358e-09,-6.807965e-12,4.227675e-11,1.167922e-11,-2.926786e-14,1.598944e-03,2.242912e-03,2.735781e-09,0.000000e+00,1.519990e-04,1.446945e-03,0.000000e+00,0.000000e+00,0.000000e+00,0.000000e+00,5.690565e-07,8.894591e-07,8.638092e-10,2.478416e-03,2,1088
2.720000e+02,7.862020e-09,9.904779e-09,-6.822492e-12,4.514249e-11,1.799700e-11,-2.884448e-14,-2.902815e-03,-4.018038e-03,-4.767565e-09,2.611315e-03,0.000000e+00,0.000000e+00,2.915001e-04,0.000000e+00,0.000000e+00,0.000000e+00,5.729875e-07,8.944115e-07,8.672205e-10,2.481868e-03,2,1090
2.725000e+02,7.883222e-09,9.910869e-09,-6.836919e-12,3.966910e-11,6.381131e-12,-2.886097e-14,-9.096536e-04,-1.195734e-03,-1.116755e-09,8.000055e-04,0.000000e+00,0.000000e+00,1.096481e-04,0.000000e+00,0.000000e+00,0.000000e+00,5.769291e-07,8.993669e-07,8.706389e-10,2.482194e-03,2,1092
2.730000e+02,7.902613e-09,9.913193e-09,-6.851183e-12,3.789722e-11,2.916497e-12,-2.819969e-14,-5.573182e-03,-7.632326e-03,-8.671863e-09,4.989854e-03,0.000000e+00,0.000000e+00,5.833281e-04,0.000000e+00,0.000000e+00,0.000000e+00,5.808804e-07,9.043235e-07,8.740645e-10,2.494813e-03,2,1094
2.735000e+02,7.918961e-09,9.909188e-09,-6.865510e-12,2.749708e-11,-1.890863e-11,-2.910462e-14,3.182053e-03,4.357188e-03,4.989616e-09,0.000000e+00,3.332147e-04,2.848838e-03,0.000000e+00,0.000000e+00,0.000000e+00,0.000000e+00,5.848399e-07,9.092781e-07,8.774973e-10,2.498927e-03,2,1096
2.740000e+02,7.934167e-09,9.902885e-09,-6.880085e-12,3.332598e-11,-6.316958e-12,-2.919394e-14,-2.376783e-03,-3.229029e-03,-3.542126e-09,2.120532e-03,0.000000e+00,0.000000e+00,2.562512e-04,0.000000e+00,0.000000e+00,0.000000e+00,5.888070e-07,9.142296e-07,8.809373e-10,2.501208e-03,2,1098
2.745000e+02,7.949712e-09,9.897430e-09,-6.894635e-12,2.885253e-11,-1.549277e-11,-2.900962e-14,-1.798029e-03,-2.439772e-03,-2.652709e-09,1.603316e-03,0.000000e+00,0.000000e+00,1.947129e-04,0.000000e+00,0.000000e+00,0.000000e+00,5.927818e-07,9.191783e-07,8.843846e-10,2.502512e-03,2,1100
2.750000e+02,7.963289e-09,9.887969e-09,-6.909048e-12,2.546029e-11,-2.234371e-11,-2.864197e-14,2.299128e-03,3.204933e-03,3.972279e-09,0.000000e+00,2.243797e-04,2.074749e-03,0.000000e+00,0.000000e+00,0.000000e+00,0.000000e+00,5.967635e-07,9.241223e-07,8.878392e-10,2.504690e-03,2,1102
2.755000e+02,7.977070e-09,9.879131e-09,-6.923326e-12,2.965943e-11,-1.301731e-11,-2.847000e-14,-1.257907e-03,-1.657047e-03,-1.562313e-09,1.107302e-03,0.000000e+00,0.000000e+00,1.506054e-04,0.000000e+00,0.000000e+00,0.000000e+00,6.007520e-07,9.290618e-07,8.913008e-10,2.505314e-03,2,1104
2.760000e+02,7.991301e-09,9.871463e-09,-6.937425e-12,2.726516e-11,-1.765124e-11,-2.793226e-14,-3.183841e-03,-4.379086e-03,-5.100613e-09,2.856054e-03,0.000000e+00,0.000000e+00,3.277870e-04,0.000000e+00,0.000000e+00,0.000000e+00,6.047476e-07,9.339976e-07,8.947695e-10,2.509446e-03,2,1106
2.765000e+02,8.003444e-09,9.859540e-09,-6.951425e-12,2.131131e-11,-3.002557e-11,-2.806535e-14,1.071173e-03,1.424939e-03,1.437011e-09,0.000000e+00,1.242419e-04,9.469309e-04,0.000000e+00,0.000000e+00,0.000000e+00,0.000000e+00,6.087494e-07,9.389273e-07,8.982453e-10,2.509902e-03,2,1108
2.770000e+02,8.014584e-09,9.845603e-09,-6.965312e-12,2.324671e-11,-2.572517e-11,-2.748521e-14,3.826604e-04,5.369792e-04,6.758452e-10,0.000000e+00,3.631765e-05,3.463427e-04,0.000000e+00,0.000000e+00,0.000000e+00,0.000000e+00,6.127567e-07,9.438501e-07,9.017279e-10,2.509963e-03,2,1110
2.775000e+02,8.026372e-09,9.833174e-09,-6.978860e-12,2.390338e-11,-2.399426e-11,-2.671106e-14,-3.928680e-03,-5.412936e-03,-6.261928e-09,3.526920e-03,0.000000e+00,0.000000e+00,4.017600e-04,0.000000e+00,0.000000e+00,0.000000e+00,6.167698e-07,9.487667e-07,9.052173e-10,2.516263e-03,2,1112
2.780000e+02,8.036491e-09,9.817352e-09,-6.992321e-12,1.657830e-11,-3.927338e-11,-2.713235e-14,-7.495376e-04,-1.066398e-03,-1.400674e-09,6.826115e-04,0.000000e+00,0.000000e+00,6.692609e-05,0.000000e+00,0.000000e+00,0.000000e+00,6.207881e-07,9.536754e-07,9.087135e-10,2.516498e-03,2,1114
2.785000e+02,8.044424e-09,9.797028e-09,-7.005728e-12,1.515408e-11,-4.201902e-11,-2.649683e-14,2.322433e-03,3.209734e-03,3.735375e-09,0.000000e+00,2.346464e-04,2.087787e-03,0.000000e+00,0.000000e+00,0.000000e+00,0.000000e+00,6.248103e-07,9.585739e-07,9.122164e-10,2.518705e-03,2,1116
2.790000e+02,8.053068e-09,9.778394e-09,-7.018951e-12,1.941924e-11,-3.252828e-11,-2.639649e-14,3.619500e-03,4.997242e-03,5.835228e-09,0.000000e+00,3.671706e-04,3.252330e-03,0.000000e+00,0.000000e+00,0.000000e+00,0.000000e+00,6.288368e-07,9.634631e-07,9.157258e-10,2.524062e-03,2,1118
2.795000e+02,8.064442e-09,9.765766e-09,-7.032233e-12,2.607581e-11,-1.800394e-11,-2.672837e-14,2.126528e-03,2.987633e-03,3.805158e-09,0.000000e+00,2.008084e-04,1.925719e-03,0.000000e+00,0.000000e+00,0.000000e+00,0.000000e+00,6.328691e-07,9.683460e-07,9.192420e-10,2.525936e-03,2,1120
2.800000e+02,8.078450e-09,9.758935e-09,-7.045556e-12,2.995409e-11,-9.331513e-12,-2.656712e-14,7.400614e-03,1.023508e-02,1.211701e-08,0.000000e+00,7.456945e-04,6.654920e-03,0.000000e+00,0.000000e+00,0.000000e+00,0.000000e+00,6.369083e-07,9.732254e-07,9.227647e-10,2.548358e-03,2,1122
2.805000e+02,8.096836e-09,9.761606e-09,-7.059238e-12,4.358610e-11,1.997785e-11,-2.815023e-14,3.366876e-03,4.593528e-03,5.146996e-09,0.000000e+00,3.574010e-04,3.009475e-03,0.000000e+00,0.000000e+00,0.000000e+00,0.000000e+00,6.409567e-07,9.781063e-07,9.262944e-10,2.552950e-03,2,1124
2.810000e+02,8.120164e-09,9.774841e-09,-7.073357e-12,4.972138e-11,3.294696e-11,-2.832762e-14,5.620286e-03,7.700248e-03,8.738307e-09,0.000000e+00,5.872728e-04,5.033013e-03,0.000000e+00,0.000000e+00,0.000000e+00,0.000000e+00,6.450168e-07,9.829937e-07,9.298310e-10,2.565788e-03,2,1126
2.815000e+02,8.147599e-09,9.796758e-09,-7.087752e-12,6.001410e-11,5.469155e-11,-2.924464e-14,5.105039e-04,7.066301e-04,8.507559e-10,0.000000e+00,5.126539e-05,4.592385e-04,0.000000e+00,0.000000e+00,0.000000e+00,0.000000e+00,6.490906e-07,9.878921e-07,9.333749e-10,2.565895e-03,2,1128
2.820000e+02,8.177809e-09,9.824504e-09,-7.102175e-12,6.082574e-11,5.629143e-11,-2.845340e-14,-6.392229e-03,-8.735718e-03,-9.881659e-09,5.717899e-03,0.000000e+00,0.000000e+00,6.743301e-04,0.000000e+00,0.000000e+00,0.000000e+00,6.531795e-07,9.928043e-07,9.369260e-10,2.582470e-03,2,1130
2.825000e+02,8.205229e-09,9.846295e-09,-7.116694e-12,4.885861e-11,3.090568e-11,-2.961476e-14,-4.681807e-03,-6.400005e-03,-7.231163e-09,4.188426e-03,0.000000e+00,0.000000e+00,4.933812e-04,0.000000e+00,0.000000e+00,0.000000e+00,6.572821e-07,9.977275e-07,9.404843e-10,2.591363e-03,2,1132
2.830000e+02,8.227464e-09,9.857112e-09,-7.131643e-12,4.008405e-11,1.238657e-11,-3.017750e-14,1.792554e-04,2.204355e-04,8.676907e-11,0.000000e+00,2.599347e-05,1.532620e-04,0.000000e+00,0.000000e+00,0.000000e+00,0.000000e+00,6.613958e-07,1.002656e-06,9.440502e-10,2.591375e-03,2,1134
2.835000e+02,8.247566e-09,9.863440e-09,-7.146496e-12,4.032682e-11,1.292144e-11,-2.923894e-14,-2.490596e-03,-3.481355e-03,-4.263201e-09,2.250279e-03,0.000000e+00,0.000000e+00,2.403171e-04,0.000000e+00,0.000000e+00,0.000000e+00,6.655196e-07,1.007588e-06,9.476234e-10,2.593936e-03,2,1136
2.840000e+02,8.266554e-09,9.867386e-09,-7.161084e-12,3.562715e-11,2.877544e-12,-2.911369e-14,4.083449e-03,5.604622e-03,6.470488e-09,0.000000e+00,4.238096e-04,3.659640e-03,0.000000e+00,0.000000e+00,0.000000e+00,0.000000e+00,6.696529e-07,1.012521e-06,9.512040e-10,2.600722e-03,2,1138
2.845000e+02,8.286239e-09,9.872827e-09,-7.175738e-12,4.310648e-11,1.886590e-11,-2.950204e-14,-1.681374e-03,-2.288178e-03,-2.537241e-09,1.501227e-03,0.000000e+00,0.000000e+00,1.801467e-04,0.000000e+00,0.000000e+00,0.000000e+00,6.737960e-07,1.017458e-06,9.547918e-10,2.601865e-03,2,1140
2.850000e+02,8.306989e-09,9.880588e-09,-7.190383e-12,3.989851e-11,1.218496e-11,-2.908183e-14,2.744873e-03,3.760950e-03,4.295798e-09,0.000000e+00,2.867439e-04,2.458130e-03,0.000000e+00,0.000000e+00,0.000000e+00,0.000000e+00,6.779495e-07,1.022398e-06,9.583870e-10,2.604927e-03,2,1142
2.855000e+02,8.328187e-09,9.889346e-09,-7.204911e-12,4.489065e-11,2.283536e-11,-2.902883e-14,-2.658807e-04,-3.855739e-04,-4.946665e-10,2.442460e-04,0.000000e+00,0.000000e+00,2.163474e-05,0.000000e+00,0.000000e+00,0.000000e+00,6.821136e-07,1.027343e-06,9.619895e-10,2.604957e-03,2,1144
2.860000e+02,8.350485e-09,9.900444e-09,-7.219209e-12,4.429880e-11,2.155909e-11,-2.816764e-14,-2.177566e-03,-3.027930e-03,-3.583997e-09,1.962871e-03,0.000000e+00,0.000000e+00,2.146950e-04,0.000000e+00,0.000000e+00,0.000000e+00,6.862888e-07,1.032293e-06,9.655991e-10,2.606907e-03,2,1146
2.865000e+02,8.371601e-09,9.909017e-09,-7.233243e-12,4.016972e-11,1.274433e-11,-2.796878e-14,3.656096e-03,5.020090e-03,5.843059e-09,0.000000e+00,3.788729e-04,3.277223e-03,0.000000e+00,0.000000e+00,0.000000e+00,0.000000e+00,6.904746e-07,1.037248e-06,9.692157e-10,2.612349e-03,2,1148
2.870000e+02,8.393356e-09,9.918955e-09,-7.247299e-12,4.684793e-11,2.698735e-11,-2.825448e-14,2.190934e-03,3.042373e-03,3.747282e-09,0.000000e+00,2.172094e-04,1.973724e-03,0.000000e+00,0.000000e+00,0.000000e+00,0.000000e+00,6.946713e-07,1.042207e-06,9.728393e-10,2.614320e-03,2,1150
2.875000e+02,8.417768e-09,9.934572e-09,-7.261376e-12,5.079930e-11,3.547170e-11,-2.805624e-14,-6.344419e-03,-8.681081e-03,-9.852710e-09,5.678222e-03,0.000000e+00,0.000000e+00,6.661974e-04,0.000000e+00,0.000000e+00,0.000000e+00,6.988802e-07,1.047174e-06,9.764700e-10,2.630663e-03,2,1152
2.880000e+02,8.440203e-09,9.946033e-09,-7.275696e-12,3.894293e-11,1.040142e-11,-2.921753e-14,1.441432e-04,1.711613e-04,2.581379e-11,0.000000e+00,2.266159e-05,1.214816e-04,0.000000e+00,0.000000e+00,0.000000e+00,0.000000e+00,7.031003e-07,1.052147e-06,9.801079e-10,2.630671e-03,2,1154
2.885000e+02,8.459720e-09,9.951336e-09,-7.290074e-12,3.912324e-11,1.081074e-11,-2.829869e-14,-1.687109e-03,-2.374924e-03,-3.004404e-09,1.529136e-03,0.000000e+00,0.000000e+00,1.579728e-04,0.000000e+00,0.000000e+00,0.000000e+00,7.073302e-07,1.057123e-06,9.837529e-10,2.631852e-03,2,1156
2.890000e+02,8.478478e-09,9.955022e-09,-7.304133e-12,3.591350e-11,3.943672e-12,-2.793884e-14,-3.273023e-04,-4.094742e-04,-2.897157e-10,2.818562e-04,0.000000e+00,0.000000e+00,4.544616e-05,0.000000e+00,0.000000e+00,0.000000e+00,7.115694e-07,1.062100e-06,9.874050e-10,2.631893e-03,2,1158
2.895000e+02,8.496264e-09,9.956694e-09,-7.317896e-12,3.522789e-11,2.743760e-12,-2.711919e-14,3.637945e-03,4.979391e-03,5.716046e-09,0.000000e+00,3.815462e-04,3.256399e-03,0.000000e+00,0.000000e+00,0.000000e+00,0.000000e+00,7.158175e-07,1.067079e-06,9.910639e-10,2.637268e-03,2,1160
2.900000e+02,8.515542e-09,9.961621e-09,-7.331532e-12,4.188349e-11,1.694708e-11,-2.742304e-14,-4.602589e-03,-6.325724e-03,-7.241380e-09,4.127373e-03,0.000000e+00,0.000000e+00,4.752151e-04,0.000000e+00,0.000000e+00,0.000000e+00,7.200753e-07,1.072060e-06,9.947297e-10,2.645898e-03,2,1162
2.905000e+02,8.534330e-09,9.965539e-09,-7.345399e-12,3.327106e-11,-1.252976e-12,-2.803996e-14,3.984386e-03,5.504230e-03,6.477932e-09,0.000000e+00,4.032586e-04,3.581127e-03,0.000000e+00,0.000000e+00,0.000000e+00,0.000000e+00,7.243425e-07,1.077042e-06,9.984024e-10,2.652392e-03,2,1164
2.910000e+02,8.552791e-09,9.968850e-09,-7.359519e-12,4.057226e-11,1.448022e-11,-2.843950e-14,-3.563136e-03,-4.914689e-03,-5.684441e-09,3.200316e-03,0.000000e+00,0.000000e+00,3.628193e-04,0.000000e+00,0.000000e+00,0.000000e+00,7.286189e-07,1.082027e-06,1.002082e-09,2.657579e-03,2,1166
2.915000e+02,8.571406e-09,9.972548e-09,-7.373801e-12,3.388677e-11,3.298647e-13,-2.868444e-14,1.155948e-03,1.561882e-03,1.665340e-09,0.000000e+00,1.270975e-04,1.028850e-03,0.000000e+00,0.000000e+00,0.000000e+00,0.000000e+00,7.329046e-07,1.087013e-06,1.005769e-09,2.658116e-03,2,1168
2.920000e+02,8.588865e-09,9.973830e-09,-7.388000e-12,3.595116e-11,4.789072e-12,-2.811682e-14,-3.794460e-03,-5.168768e-03,-5.710961e-09,3.389325e-03,0.000000e+00,0.000000e+00,4.051352e-04,0.000000e+00,0.000000e+00,0.000000e+00,7.371990e-07,1.092000e-06,1.009463e-09,2.663942e-03,2,1170
2.925000e+02,8.605064e-09,9.972519e-09,-7.402138e-12,2.884776e-11,-1.001290e-11,-2.843334e-14,-3.617524e-05,-1.993108e-05,1.351132e-10,2.384123e-05,0.000000e+00,0.000000e+00,1.233402e-05,0.000000e+00,0.000000e+00,0.000000e+00,7.415015e-07,1.096986e-06,1.013164e-09,2.663942e-03,2,1172
2.930000e+02,8.619455e-09,9.967517e-09,-7.416121e-12,2.871672e-11,-9.993177e-12,-2.750397e-14,2.668697e-03,3.668459e-03,4.188428e-09,0.000000e+00,2.753557e-04,2.393341e-03,0.000000e+00,0.000000e+00,0.000000e+00,0.000000e+00,7.458113e-07,1.101970e-06,1.016872e-09,2.666844e-03,2,1174
2.935000e+02,8.635033e-09,9.965163e-09,-7.429867e-12,3.359270e-11,5.627911e-13,-2.748061e-14,-4.345806e-03,-5.992965e-03,-6.977987e-09,3.902923e-03,0.000000e+00,0.000000e+00,4.428832e-04,0.000000e+00,0.000000e+00,0.000000e+00,7.501288e-07,1.106953e-06,1.020587e-09,2.674559e-03,2,1176
2.940000e+02,8.649799e-09,9.961158e-09,-7.443742e-12,2.547399e-11,-1.656126e-11,-2.801580e-14,-3.344571e-04,-5.029791e-04,-7.361139e-10,3.124261e-04,0.000000e+00,0.000000e+00,2.203097e-05,0.000000e+00,0.000000e+00,0.000000e+00,7.544537e-07,1.111933e-06,1.024309e-09,2.674608e-03,2,1178
2.945000e+02,8.662367e-09,9.952550e-09,-7.457549e-12,2.479833e-11,-1.787130e-11,-2.721606e-14,-1.744543e-03,-2.443241e-03,-3.059290e-09,1.577574e-03,0.000000e+00,0.000000e+00,1.669685e-04,0.000000e+00,0.000000e+00,0.000000e+00,7.587849e-07,1.116909e-06,1.028038e-09,2.675866e-03,2,1180
2.950000e+02,8.673945e-09,9.941901e-09,-7.471080e-12,2.151409e-11,-2.471394e-11,-2.690817e-14,5.967182e-04,8.169844e-04,8.650237e-10,0.000000e+00,6.251601e-05,5.342021e-04,0.000000e+00,0.000000e+00,0.000000e+00,0.000000e+00,7.631218e-07,1.121880e-06,1.031773e-09,2.676011e-03,2,1182
2.955000e+02,8.684966e-09,9.930176e-09,-7.484361e-12,2.257083e-11,-2.219090e-11,-2.622016e-14,-2.624464e-03,-3.629082e-03,-4.280931e-09,2.359858e-03,0.000000e+00,0.000000e+00,2.646064e-04,0.000000e+00,0.000000e+00,0.000000e+00,7.674643e-07,1.126846e-06,1.035515e-09,2.678830e-03,2,1184
2.960000e+02,8.695024e-09,9.916528e-09,-7.497473e-12,1.766281e-11,-3.238799e-11,-2.622954e-14,1.216948e-03,1.731681e-03,2.259126e-09,0.000000e+00,1.085810e-04,1.108367e-03,0.000000e+00,0.000000e+00,0.000000e+00,0.000000e+00,7.718118e-07,1.131804e-06,1.039264e-09,2.679450e-03,2,1186
2.965000e+02,8.704409e-09,9.901634e-09,-7.510476e-12,1.987615e-11,-2.719325e-11,-2.578331e-14,2.544456e-03,3.478138e-03,3.890065e-09,0.000000e+00,2.681763e-04,2.276280e-03,0.000000e+00,0.000000e+00,0.000000e+00,0.000000e+00,7.761640e-07,1.136755e-06,1.043019e-09,2.682077e-03,2,1188
2.970000e+02,8.715514e-09,9.890577e-09,-7.523364e-12,2.454179e-11,-1.704928e-11,-2.577082e-14,6.437026e-03,8.927696e-03,1.063664e-08,0.000000e+00,6.413096e-04,5.795717e-03,0.000000e+00,0.000000e+00,0.000000e+00,0.000000e+00,7.805218e-07,1.141700e-06,1.046781e-09,2.699078e-03,2,1190
2.975000e+02,8.730751e-09,9.888469e-09,-7.536575e-12,3.640222e-11,8.584451e-12,-2.706638e-14,2.499007e-04,4.298635e-04,8.421626e-10,0.000000e+00,8.594874e-07,2.490413e-04,0.000000e+00,0.000000e+00,0.000000e+00,0.000000e+00,7.848872e-07,1.146644e-06,1.050549e-09,2.699109e-03,2,1192
2.980000e+02,8.749048e-09,9.893052e-09,-7.549911e-12,3.678393e-11,9.746695e-12,-2.628029e-14,3.755928e-03,5.175932e-03,6.016702e-09,0.000000e+00,3.838013e-04,3.372127e-03,0.000000e+00,0.000000e+00,0.000000e+00,0.000000e+00,7.892617e-07,1.151591e-06,1.054324e-09,2.704868e-03,2,1194
2.985000e+02,8.769158e-09,9.901608e-09,-7.563146e-12,4.365446e-11,2.445785e-11,-2.665886e-14,4.863251e-03,6.775048e-03,8.180985e-09,0.000000e+00,4.758377e-04,4.387414e-03,0.000000e+00,0.000000e+00,0.000000e+00,0.000000e+00,7.936463e-07,1.156541e-06,1.058106e-09,2.714606e-03,2,1196
2.990000e+02,8.793212e-09,9.918634e-09,-7.576664e-12,5.255937e-11,4.362447e-11,-2.740870e-14,-1.860281e-03,-2.560240e-03,-2.946275e-09,1.669218e-03,0.000000e+00,0.000000e+00,1.910628e-04,0.000000e+00,0.000000e+00,0.000000e+00,7.980429e-07,1.161501e-06,1.061894e-09,2.716018e-03,2,1198
2.995000e+02,8.818602e-09,9.938532e-09,-7.590297e-12,4.899925e-11,3.597681e-11,-2.712256e-14,5.474432e-03,7.458559e-03,8.291264e-09,0.000000e+00,5.841153e-04,4.890316e-03,0.000000e+00,0.000000e+00,0.000000e+00,0.000000e+00,8.024522e-07,1.166470e-06,1.065689e-09,2.728146e-03,2,1200
