t,F_ref,F,x_p,v_p,P_A_bar,P_B_bar,u_v,phase_error_deg,iae_cumulative
0.00000,0.00,0.00,0.0000,0.0000,30.000,50.000,-0.00000,0.000,0.00
0.00050,78.54,4.88,0.0000,0.0114,30.014,49.983,0.09575,43.163,0.04
0.00100,157.05,10.56,0.0000,0.0430,30.031,49.963,0.11679,43.008,0.11
0.00150,235.53,31.80,0.0001,0.1247,30.103,49.906,0.11835,40.859,0.21
0.00200,313.95,70.16,0.0002,0.3290,30.236,49.809,0.11320,37.830,0.33
0.00250,392.30,119.51,0.0004,0.6958,30.408,49.685,0.11082,34.813,0.47
0.00300,470.54,174.83,0.0009,1.2316,30.602,49.547,0.11164,32.147,0.62
0.00350,548.67,233.03,0.0017,1.9265,30.807,49.403,0.11463,29.911,0.78
0.00400,626.67,292.36,0.0028,2.7680,31.016,49.257,0.11896,28.079,0.94
0.00450,704.51,351.83,0.0045,3.7496,31.226,49.111,0.12417,26.592,1.12
0.00500,782.17,410.85,0.0066,4.8732,31.435,48.968,0.13005,25.395,1.31
0.00550,859.65,468.95,0.0094,6.1472,31.641,48.828,0.13657,24.441,1.50
0.00600,936.91,525.78,0.0128,7.5819,31.844,48.692,0.14378,23.693,1.71
0.00650,1013.94,580.98,0.0170,9.1838,32.042,48.561,0.15171,23.123,1.92
0.00700,1090.72,634.29,0.0220,10.9526,32.233,48.437,0.16040,22.708,2.15
0.00750,1167.23,685.49,0.0279,12.8791,32.419,48.319,0.16983,22.427,2.39
0.00800,1243.45,734.47,0.0349,14.9470,32.597,48.208,0.17993,22.261,2.65
0.00850,1319.37,781.22,0.0429,17.1343,32.769,48.104,0.19061,22.190,2.92
0.00900,1394.96,825.81,0.0520,19.4160,32.934,48.008,0.20174,22.196,3.20
0.00950,1470.20,868.39,0.0623,21.7655,33.093,47.918,0.21321,22.261,3.50
0.01000,1545.08,909.18,0.0738,24.1562,33.247,47.835,0.22487,22.371,3.82
0.01050,1619.59,948.42,0.0865,26.5620,33.397,47.758,0.23661,22.510,4.15
0.01100,1693.69,986.40,0.1004,28.9578,33.543,47.685,0.24831,22.666,4.51
0.01150,1767.37,1023.41,0.1155,31.3202,33.687,47.617,0.25986,22.828,4.88
0.01200,1840.62,1059.77,0.1317,33.6275,33.831,47.553,0.27114,22.988,5.27
0.01250,1913.42,1095.78,0.1491,35.8601,33.974,47.491,0.28208,23.138,5.68
0.01300,1985.74,1131.74,0.1675,38.0003,34.118,47.432,0.29257,23.271,6.11
0.01350,2057.57,1167.92,0.1870,40.0327,34.264,47.373,0.30255,23.383,6.55
0.01400,2128.90,1204.59,0.2075,41.9439,34.412,47.316,0.31195,23.469,7.01
0.01450,2199.70,1241.99,0.2290,43.7230,34.565,47.258,0.32070,23.527,7.49
0.01500,2269.95,1280.35,0.2512,45.3610,34.721,47.199,0.32878,23.555,7.99
0.01550,2339.65,1319.85,0.2743,46.8511,34.883,47.139,0.33614,23.551,8.50
0.01600,2408.77,1360.66,0.2981,48.1885,35.050,47.077,0.34274,23.515,9.02
0.01650,2477.29,1402.91,0.3225,49.3703,35.223,47.013,0.34859,23.446,9.56
0.01700,2545.21,1446.72,0.3474,50.3954,35.402,46.947,0.35365,23.345,10.11
0.01750,2612.49,1492.16,0.3728,51.2642,35.587,46.877,0.35795,23.211,10.67
0.01800,2679.13,1539.28,0.3987,51.9789,35.779,46.804,0.36147,23.048,11.24
0.01850,2745.11,1588.13,0.4248,52.5428,35.977,46.728,0.36423,22.854,11.82
0.01900,2810.42,1638.69,0.4512,52.9605,36.182,46.648,0.36626,22.632,12.40
0.01950,2875.03,1690.96,0.4777,53.2377,36.394,46.565,0.36757,22.384,12.99
0.02000,2938.93,1744.88,0.5044,53.3808,36.611,46.478,0.36819,22.111,13.59
0.02050,3002.10,1800.41,0.5311,53.3972,36.834,46.387,0.36815,21.815,14.19
0.02100,3064.54,1857.47,0.5578,53.2948,37.063,46.293,0.36750,21.499,14.79
0.02150,3126.21,1915.96,0.5844,53.0819,37.297,46.196,0.36626,21.163,15.40
0.02200,3187.12,1975.79,0.6108,52.7672,37.536,46.096,0.36448,20.810,16.01
0.02250,3247.24,2036.84,0.6371,52.3595,37.780,45.992,0.36219,20.443,16.61
0.02300,3306.56,2098.98,0.6632,51.8680,38.027,45.886,0.35945,20.063,17.21
0.02350,3365.06,2162.09,0.6890,51.3014,38.277,45.778,0.35629,19.671,17.82
0.02400,3422.74,2226.03,0.7145,50.6687,38.530,45.667,0.35275,19.271,18.41
0.02450,3479.56,2290.65,0.7396,49.9785,38.786,45.555,0.34887,18.864,19.01
0.02500,3535.53,2355.83,0.7644,49.2391,39.043,45.440,0.34470,18.452,19.60
0.02550,3590.63,2421.41,0.7889,48.4585,39.302,45.325,0.34028,18.037,20.18
0.02600,3644.84,2487.27,0.8129,47.6444,39.561,45.208,0.33563,17.619,20.76
0.02650,3698.16,2553.25,0.8365,46.8038,39.821,45.091,0.33080,17.202,21.33
0.02700,3750.56,2619.22,0.8597,45.9435,40.080,44.974,0.32582,16.786,21.90
0.02750,3802.03,2685.06,0.8824,45.0695,40.339,44.856,0.32072,16.372,22.46
0.02800,3852.57,2750.64,0.9048,44.1873,40.596,44.738,0.31553,15.962,23.01
0.02850,3902.15,2815.85,0.9266,43.3021,40.852,44.621,0.31027,15.556,23.55
0.02900,3950.78,2880.56,0.9481,42.4183,41.106,44.505,0.30498,15.157,24.09
0.02950,3998.42,2944.68,0.9691,41.5398,41.357,44.389,0.29965,14.764,24.61
0.03000,4045.08,3008.10,0.9896,40.6700,41.606,44.275,0.29433,14.378,25.13
0.03050,4090.75,3070.75,1.0097,39.8116,41.851,44.162,0.28902,14.001,25.64
0.03100,4135.40,3132.53,1.0294,38.9670,42.093,44.051,0.28374,13.632,26.14
0.03150,4179.04,3193.37,1.0487,38.1380,42.332,43.941,0.27849,13.271,26.64
0.03200,4221.64,3253.21,1.0676,37.3259,42.566,43.834,0.27329,12.920,27.12
0.03250,4263.20,3312.00,1.0860,36.5317,42.797,43.728,0.26814,12.578,27.60
0.03300,4303.71,3369.67,1.1041,35.7558,43.023,43.625,0.26305,12.245,28.06
0.03350,4343.16,3426.20,1.1218,34.9984,43.245,43.523,0.25801,11.922,28.52
0.03400,4381.53,3481.53,1.1391,34.2592,43.462,43.425,0.25304,11.608,28.97
0.03450,4418.83,3535.65,1.1560,33.5379,43.675,43.328,0.24813,11.303,29.41
0.03500,4455.03,3588.53,1.1726,32.8335,43.883,43.234,0.24328,11.007,29.85
0.03550,4490.14,3640.15,1.1889,32.1453,44.086,43.143,0.23848,10.719,30.27
0.03600,4524.14,3690.51,1.2048,31.4719,44.285,43.054,0.23373,10.440,30.69
0.03650,4557.02,3739.60,1.2204,30.8121,44.479,42.968,0.22902,10.169,31.10
0.03700,4588.77,3787.40,1.2356,30.1644,44.667,42.884,0.22436,9.906,31.50
0.03750,4619.40,3833.94,1.2505,29.5272,44.852,42.803,0.21973,9.650,31.89
0.03800,4648.88,3879.20,1.2651,28.8991,45.031,42.725,0.21512,9.401,32.28
0.03850,4677.22,3923.21,1.2794,28.2783,45.205,42.649,0.21054,9.158,32.65
0.03900,4704.40,3965.96,1.2934,27.6633,45.375,42.575,0.20596,8.921,33.02
0.03950,4730.43,4007.48,1.3071,27.0524,45.540,42.504,0.20139,8.689,33.38
0.04000,4755.28,4047.77,1.3205,26.4440,45.700,42.436,0.19682,8.463,33.74
0.04050,4778.97,4086.84,1.3335,25.8366,45.856,42.370,0.19224,8.241,34.08
0.04100,4801.47,4124.73,1.3463,25.2287,46.007,42.306,0.18764,8.023,34.42
0.04150,4822.79,4161.43,1.3588,24.6191,46.154,42.245,0.18302,7.808,34.75
0.04200,4842.92,4196.97,1.3709,24.0063,46.296,42.185,0.17837,7.597,35.08
0.04250,4861.85,4231.36,1.3828,23.3893,46.434,42.129,0.17369,7.389,35.39
0.04300,4879.58,4264.62,1.3943,22.7670,46.567,42.074,0.16896,7.183,35.70
0.04350,4896.11,4296.76,1.4055,22.1384,46.697,42.021,0.16420,6.979,36.00
0.04400,4911.44,4327.80,1.4164,21.5027,46.821,41.971,0.15938,6.777,36.29
0.04450,4925.55,4357.74,1.4270,20.8592,46.942,41.922,0.15451,6.576,36.57
0.04500,4938.44,4386.60,1.4373,20.2074,47.058,41.876,0.14959,6.376,36.85
0.04550,4950.12,4414.38,1.4472,19.5468,47.171,41.831,0.14461,6.177,37.12
0.04600,4960.57,4441.10,1.4568,18.8770,47.279,41.789,0.13958,5.978,37.38
0.04650,4969.80,4466.76,1.4661,18.1979,47.383,41.748,0.13449,5.780,37.63
0.04700,4977.81,4491.36,1.4750,17.5094,47.482,41.709,0.12934,5.581,37.87
0.04750,4984.59,4514.91,1.4836,16.8116,47.578,41.672,0.12412,5.383,38.11
0.04800,4990.13,4537.42,1.4918,16.1045,47.670,41.637,0.11886,5.184,38.33
0.04850,4994.45,4558.87,1.4997,15.3885,47.757,41.604,0.11353,4.984,38.55
0.04900,4997.53,4579.28,1.5072,14.6641,47.840,41.573,0.10816,4.784,38.76
0.04950,4999.38,4598.63,1.5144,13.9318,47.919,41.543,0.10273,4.583,38.96
0.05000,5000.00,4616.91,1.5212,13.1924,47.994,41.515,0.09726,4.381,39.15
0.05050,4999.38,4634.13,1.5276,12.4471,48.064,41.489,0.09174,4.179,39.34
0.05100,4997.53,4650.26,1.5336,11.6970,48.130,41.465,0.08619,3.975,39.51
0.05150,4994.45,4665.30,1.5393,10.9437,48.192,41.443,0.08062,3.770,39.67
0.05200,4990.13,4679.23,1.5446,10.1894,48.250,41.423,0.07503,3.565,39.83
0.05250,4984.59,4692.02,1.5495,9.4365,48.303,41.404,0.06944,3.359,39.98
0.05300,4977.81,4703.64,1.5540,8.6883,48.351,41.388,0.06385,3.153,40.11
0.05350,4969.80,4714.05,1.5582,7.9486,48.394,41.374,0.05830,2.946,40.24
0.05400,4960.57,4723.22,1.5619,7.2219,48.433,41.362,0.05281,2.739,40.36
0.05450,4950.12,4731.08,1.5654,6.5135,48.467,41.352,0.04739,2.534,40.47
0.05500,4938.44,4737.58,1.5685,5.8290,48.495,41.345,0.04209,2.329,40.57
0.05550,4925.55,4742.64,1.5712,5.1740,48.518,41.341,0.03692,2.127,40.66
0.05600,4911.44,4746.18,1.5736,4.5534,48.534,41.339,0.03192,1.927,40.74
0.05650,4896.11,4748.14,1.5758,3.9709,48.545,41.341,0.02712,1.731,40.82
0.05700,4879.58,4748.44,1.5776,3.4285,48.550,41.346,0.02251,1.540,40.88
0.05750,4861.85,4747.03,1.5792,2.9256,48.548,41.355,0.01812,1.353,40.94
0.05800,4842.92,4743.88,1.5805,2.4599,48.539,41.367,0.01393,1.172,40.99
0.05850,4822.79,4738.97,1.5817,2.0273,48.524,41.383,0.00992,0.996,41.03
0.05900,4801.47,4732.33,1.5826,1.6224,48.503,41.402,0.00606,0.825,41.07
0.05950,4778.97,4724.90,1.5833,1.2403,48.478,41.423,0.00114,0.648,41.09
0.06000,4755.28,4718.88,1.5838,0.8851,48.459,41.440,-0.00673,0.439,41.11
0.06050,4730.43,4714.23,1.5842,0.5628,48.444,41.454,-0.01535,0.196,41.12
0.06100,4704.40,4710.83,1.5844,0.2767,48.433,41.465,-0.02455,-0.078,41.12
0.06150,4677.22,4708.52,1.5845,0.0280,48.426,41.472,-0.03426,-0.383,41.14
0.06200,4648.88,4707.15,1.5844,-0.1838,48.422,41.477,-0.04444,-0.718,41.17
0.06250,4619.40,4706.17,1.5843,-0.3603,48.420,41.482,-0.05454,-1.076,41.21
0.06300,4588.77,4700.72,1.5841,-0.5153,48.410,41.510,-0.05876,-1.398,41.27
0.06350,4557.02,4689.92,1.5838,-0.6764,48.389,41.566,-0.06083,-1.671,41.33
0.06400,4524.14,4674.92,1.5834,-0.8633,48.360,41.642,-0.06311,-1.909,41.41
0.06450,4490.14,4656.80,1.5829,-1.0869,48.326,41.736,-0.06587,-2.126,41.49
0.06500,4455.03,4636.34,1.5823,-1.3522,48.288,41.843,-0.06903,-2.330,41.58
0.06550,4418.83,4614.06,1.5815,-1.6606,48.247,41.962,-0.07249,-2.530,41.68
0.06600,4381.53,4590.32,1.5806,-2.0120,48.206,42.090,-0.07619,-2.728,41.78
0.06650,4343.16,4565.37,1.5795,-2.4061,48.164,42.228,-0.08009,-2.929,41.90
0.06700,4303.71,4539.40,1.5782,-2.8425,48.122,42.374,-0.08418,-3.135,42.01
0.06750,4263.20,4512.55,1.5767,-3.3219,48.080,42.529,-0.08846,-3.347,42.14
0.06800,4221.64,4484.93,1.5749,-3.8455,48.040,42.692,-0.09293,-3.569,42.27
0.06850,4179.04,4456.65,1.5728,-4.4158,48.001,42.863,-0.09761,-3.801,42.41
0.06900,4135.40,4427.80,1.5705,-5.0356,47.965,43.043,-0.10251,-4.044,42.55
0.06950,4090.75,4398.49,1.5678,-5.7086,47.930,43.230,-0.10766,-4.302,42.71
0.07000,4045.08,4368.80,1.5647,-6.4382,47.899,43.425,-0.11309,-4.576,42.87
0.07050,3998.42,4338.84,1.5613,-7.2276,47.872,43.629,-0.11882,-4.866,43.04
0.07100,3950.78,4308.67,1.5575,-8.0791,47.848,43.841,-0.12485,-5.176,43.22
0.07150,3902.15,4278.39,1.5532,-8.9940,47.829,44.062,-0.13122,-5.507,43.41
0.07200,3852.57,4248.06,1.5485,-9.9717,47.815,44.291,-0.13791,-5.861,43.61
0.07250,3802.03,4217.74,1.5433,-11.0103,47.806,44.529,-0.14492,-6.240,43.81
0.07300,3750.56,4187.44,1.5375,-12.1059,47.803,44.777,-0.15224,-6.644,44.03
0.07350,3698.16,4157.18,1.5311,-13.2534,47.806,45.034,-0.15985,-7.076,44.26
0.07400,3644.84,4126.95,1.5242,-14.4463,47.816,45.302,-0.16771,-7.535,44.50
0.07450,3590.63,4096.70,1.5167,-15.6771,47.831,45.580,-0.17579,-8.023,44.76
0.07500,3535.53,4066.39,1.5085,-16.9379,47.854,45.870,-0.18405,-8.539,45.02
0.07550,3479.56,4035.95,1.4998,-18.2204,47.882,46.171,-0.19244,-9.085,45.30
0.07600,3422.74,4005.28,1.4903,-19.5163,47.917,46.485,-0.20092,-9.659,45.59
0.07650,3365.06,3974.29,1.4802,-20.8176,47.959,46.812,-0.20946,-10.262,45.89
0.07700,3306.56,3942.89,1.4695,-22.1164,48.005,47.152,-0.21800,-10.893,46.21
0.07750,3247.24,3910.96,1.4581,-23.4056,48.058,47.505,-0.22651,-11.552,46.54
0.07800,3187.12,3878.40,1.4461,-24.6785,48.116,47.873,-0.23495,-12.238,46.89
0.07850,3126.21,3845.11,1.4334,-25.9288,48.178,48.255,-0.24329,-12.951,47.25
0.07900,3064.54,3811.00,1.4202,-27.1513,48.246,48.651,-0.25150,-13.690,47.62
0.07950,3002.10,3775.95,1.4063,-28.3413,48.317,49.062,-0.25954,-14.454,48.01
0.08000,2938.93,3739.89,1.3918,-29.4946,48.392,49.487,-0.26741,-15.245,48.41
0.08050,2875.03,3702.75,1.3768,-30.6080,48.470,49.927,-0.27507,-16.061,48.82
0.08100,2810.42,3664.44,1.3612,-31.6789,48.551,50.381,-0.28251,-16.903,49.25
0.08150,2745.11,3624.91,1.3451,-32.7052,48.634,50.849,-0.28971,-17.770,49.69
0.08200,2679.13,3584.11,1.3285,-33.6856,48.720,51.332,-0.29667,-18.664,50.14
0.08250,2612.49,3542.00,1.3115,-34.6191,48.807,51.828,-0.30338,-19.585,50.61
0.08300,2545.21,3498.54,1.2939,-35.5056,48.895,52.337,-0.30983,-20.534,51.09
0.08350,2477.29,3453.73,1.2760,-36.3452,48.984,52.860,-0.31603,-21.512,51.57
0.08400,2408.77,3407.54,1.2576,-37.1385,49.074,53.395,-0.32196,-22.521,52.07
0.08450,2339.65,3359.97,1.2388,-37.8865,49.165,53.942,-0.32765,-23.562,52.58
0.08500,2269.95,3311.03,1.2197,-38.5907,49.255,54.500,-0.33308,-24.638,53.10
0.08550,2199.70,3260.73,1.2002,-39.2524,49.346,55.070,-0.33827,-25.751,53.63
0.08600,2128.90,3209.10,1.1805,-39.8737,49.436,55.651,-0.34322,-26.903,54.17
0.08650,2057.57,3156.15,1.1604,-40.4566,49.525,56.241,-0.34795,-28.099,54.72
0.08700,1985.74,3101.93,1.1400,-41.0031,49.614,56.841,-0.35246,-29.340,55.28
0.08750,1913.42,3046.46,1.1194,-41.5155,49.703,57.450,-0.35677,-30.632,55.85
0.08800,1840.62,2989.80,1.0985,-41.9962,49.790,58.068,-0.36088,-31.978,56.42
0.08850,1767.37,2931.98,1.0774,-42.4475,49.876,58.694,-0.36481,-33.383,57.00
0.08900,1693.69,2873.05,1.0561,-42.8717,49.961,59.327,-0.36857,-34.851,57.59
0.08950,1619.59,2813.07,1.0345,-43.2710,50.046,59.967,-0.37216,-36.387,58.19
0.09000,1545.08,2752.08,1.0128,-43.6477,50.129,60.614,-0.37561,-37.996,58.79
0.09050,1470.20,2690.14,0.9909,-44.0038,50.210,61.266,-0.37892,-39.685,59.40
0.09100,1394.96,2627.29,0.9688,-44.3414,50.291,61.924,-0.38210,-41.458,60.02
0.09150,1319.37,2563.60,0.9465,-44.6623,50.371,62.588,-0.38517,-43.321,60.64
0.09200,1243.45,2499.11,0.9241,-44.9683,50.449,63.256,-0.38812,-45.280,61.27
0.09250,1167.23,2433.87,0.9016,-45.2609,50.526,63.928,-0.39098,-47.339,61.90
0.09300,1090.72,2367.93,0.8789,-45.5416,50.603,64.605,-0.39374,-49.503,62.54
0.09350,1013.94,2301.35,0.8560,-45.8116,50.678,65.285,-0.39642,-51.777,63.19
0.09400,936.91,2234.16,0.8331,-46.0721,50.752,65.969,-0.39902,-54.162,63.84
0.09450,859.65,2166.42,0.8100,-46.3240,50.825,66.655,-0.40155,-56.661,64.49
0.09500,782.17,2098.15,0.7867,-46.5682,50.898,67.345,-0.40400,-59.274,65.15
0.09550,704.51,2029.41,0.7634,-46.8053,50.969,68.036,-0.40640,-61.999,65.81
0.09600,626.67,1960.23,0.7399,-47.0358,51.039,68.730,-0.40873,-64.830,66.48
0.09650,548.67,1890.65,0.7164,-47.2602,51.109,69.426,-0.41101,-67.763,67.15
0.09700,470.54,1820.70,0.6927,-47.4785,51.178,70.124,-0.41322,-70.786,67.82
0.09750,392.30,1750.41,0.6689,-47.6912,51.246,70.823,-0.41539,-73.888,68.50
0.09800,313.95,1679.80,0.6450,-47.8980,51.313,71.524,-0.41749,-77.055,69.18
0.09850,235.53,1608.91,0.6210,-48.0991,51.380,72.226,-0.41955,-80.269,69.87
0.09900,157.05,1537.76,0.5969,-48.2943,51.446,72.929,-0.42154,-83.511,70.56
0.09950,78.54,1466.38,0.5727,-48.4833,51.511,73.632,-0.42348,-86.761,71.25
0.10000,0.00,1394.77,0.5484,-48.6658,51.576,74.336,-0.42537,0.000,71.95
0.10050,-78.54,1322.97,0.5240,-48.8417,51.639,75.041,-0.42719,-86.793,72.65
0.10100,-157.05,1250.99,0.4996,-49.0104,51.702,75.746,-0.42895,-83.636,73.36
0.10150,-235.53,1178.85,0.4750,-49.1717,51.765,76.451,-0.43065,-80.545,74.06
0.10200,-313.95,1106.56,0.4504,-49.3249,51.826,77.156,-0.43228,-77.537,74.77
0.10250,-392.30,1034.14,0.4257,-49.4699,51.887,77.861,-0.43385,-74.623,75.49
0.10300,-470.54,961.59,0.4009,-49.6060,51.947,78.566,-0.43534,-71.812,76.20
0.10350,-548.67,888.94,0.3761,-49.7329,52.007,79.270,-0.43676,-69.110,76.92
0.10400,-626.67,816.20,0.3512,-49.8501,52.065,79.974,-0.43811,-66.524,77.64
0.10450,-704.51,743.37,0.3262,-49.9572,52.123,80.677,-0.43938,-64.053,78.37
0.10500,-782.17,670.47,0.3012,-50.0538,52.180,81.379,-0.44056,-61.700,79.09
0.10550,-859.65,597.51,0.2762,-50.1395,52.236,82.081,-0.44166,-59.462,79.82
0.10600,-936.91,524.51,0.2511,-50.2140,52.291,82.781,-0.44268,-57.336,80.55
0.10650,-1013.94,451.46,0.2260,-50.2769,52.345,83.480,-0.44361,-55.320,81.29
0.10700,-1090.72,378.39,0.2008,-50.3279,52.398,84.177,-0.44444,-53.409,82.02
0.10750,-1167.23,305.31,0.1757,-50.3668,52.450,84.873,-0.44519,-51.597,82.76
0.10800,-1243.45,232.22,0.1505,-50.3933,52.501,85.567,-0.44584,-49.881,83.49
0.10850,-1319.37,159.14,0.1253,-50.4073,52.551,86.259,-0.44639,-48.256,84.23
0.10900,-1394.96,86.09,0.1001,-50.4086,52.600,86.950,-0.44685,-46.715,84.97
0.10950,-1470.20,13.07,0.0749,-50.3970,52.648,87.638,-0.44721,-45.254,85.72
0.11000,-1545.08,-59.90,0.0497,-50.3725,52.695,88.324,-0.44746,-43.867,86.46
0.11050,-1619.59,-132.82,0.0245,-50.3349,52.740,89.007,-0.44762,-42.552,87.20
0.11100,-1693.69,-205.65,-0.0007,-50.2843,52.785,89.688,-0.44768,-41.302,87.95
0.11150,-1767.37,-278.40,-0.0258,-50.2206,52.828,90.366,-0.44763,-40.113,88.69
0.11200,-1840.62,-351.04,-0.0509,-50.1438,52.870,91.042,-0.44748,-38.983,89.44
0.11250,-1913.42,-423.57,-0.0759,-50.0541,52.910,91.714,-0.44723,-37.906,90.18
0.11300,-1985.74,-495.95,-0.1009,-49.9513,52.950,92.383,-0.44687,-36.879,90.93
0.11350,-2057.57,-568.19,-0.1259,-49.8357,52.988,93.048,-0.44641,-35.899,91.67
0.11400,-2128.90,-640.27,-0.1508,-49.7073,53.025,93.710,-0.44584,-34.963,92.41
0.11450,-2199.70,-712.15,-0.1756,-49.5661,53.060,94.369,-0.44517,-34.068,93.16
0.11500,-2269.95,-783.84,-0.2003,-49.4125,53.095,95.023,-0.44440,-33.212,93.90
0.11550,-2339.65,-855.32,-0.2250,-49.2464,53.128,95.674,-0.44352,-32.392,94.64
0.11600,-2408.77,-926.56,-0.2496,-49.0680,53.160,96.321,-0.44254,-31.606,95.38
0.11650,-2477.29,-997.55,-0.2741,-48.8774,53.190,96.963,-0.44146,-30.851,96.12
0.11700,-2545.21,-1068.27,-0.2985,-48.6749,53.219,97.601,-0.44027,-30.126,96.86
0.11750,-2612.49,-1138.71,-0.3227,-48.4605,53.247,98.235,-0.43898,-29.429,97.60
0.11800,-2679.13,-1208.84,-0.3469,-48.2345,53.274,98.864,-0.43759,-28.758,98.33
0.11850,-2745.11,-1278.66,-0.3710,-47.9969,53.300,99.488,-0.43610,-28.111,99.07
0.11900,-2810.42,-1348.13,-0.3949,-47.7480,53.324,100.108,-0.43451,-27.488,99.80
0.11950,-2875.03,-1417.26,-0.4187,-47.4878,53.347,100.722,-0.43282,-26.887,100.53
0.12000,-2938.93,-1486.01,-0.4424,-47.2166,53.369,101.331,-0.43102,-26.306,101.25
0.12050,-3002.10,-1554.37,-0.4659,-46.9345,53.389,101.936,-0.42913,-25.745,101.98
0.12100,-3064.54,-1622.33,-0.4893,-46.6416,53.409,102.534,-0.42714,-25.202,102.70
0.12150,-3126.21,-1689.86,-0.5126,-46.3381,53.427,103.128,-0.42505,-24.677,103.42
0.12200,-3187.12,-1756.96,-0.5357,-46.0241,53.444,103.715,-0.42286,-24.167,104.13
0.12250,-3247.24,-1823.60,-0.5586,-45.6997,53.461,104.298,-0.42057,-23.673,104.84
0.12300,-3306.56,-1889.76,-0.5814,-45.3652,53.476,104.874,-0.41819,-23.194,105.55
0.12350,-3365.06,-1955.44,-0.6040,-45.0205,53.489,105.444,-0.41571,-22.729,106.26
0.12400,-3422.74,-2020.61,-0.6264,-44.6658,53.502,106.009,-0.41314,-22.276,106.96
0.12450,-3479.56,-2085.27,-0.6486,-44.3013,53.514,106.567,-0.41046,-21.836,107.66
0.12500,-3535.53,-2149.38,-0.6707,-43.9270,53.525,107.120,-0.40770,-21.408,108.35
0.12550,-3590.63,-2212.95,-0.6925,-43.5430,53.535,107.666,-0.40483,-20.991,109.04
0.12600,-3644.84,-2275.95,-0.7142,-43.1495,53.544,108.206,-0.40188,-20.585,109.72
0.12650,-3698.16,-2338.37,-0.7357,-42.7465,53.552,108.739,-0.39883,-20.188,110.40
0.12700,-3750.56,-2400.20,-0.7570,-42.3342,53.559,109.266,-0.39568,-19.801,111.08
0.12750,-3802.03,-2461.41,-0.7780,-41.9125,53.565,109.787,-0.39244,-19.423,111.75
0.12800,-3852.57,-2522.01,-0.7989,-41.4818,53.570,110.300,-0.38911,-19.053,112.41
0.12850,-3902.15,-2581.96,-0.8195,-41.0419,53.575,110.807,-0.38569,-18.692,113.07
0.12900,-3950.78,-2641.26,-0.8399,-40.5930,53.578,111.308,-0.38217,-18.338,113.73
0.12950,-3998.42,-2699.90,-0.8601,-40.1353,53.581,111.801,-0.37857,-17.992,114.38
0.13000,-4045.08,-2757.86,-0.8801,-39.6687,53.583,112.288,-0.37487,-17.652,115.02
0.13050,-4090.75,-2815.13,-0.8998,-39.1934,53.585,112.768,-0.37108,-17.319,115.66
0.13100,-4135.40,-2871.70,-0.9192,-38.7094,53.586,113.240,-0.36720,-16.992,116.29
0.13150,-4179.04,-2927.55,-0.9385,-38.2170,53.586,113.706,-0.36323,-16.671,116.92
0.13200,-4221.64,-2982.67,-0.9575,-37.7160,53.585,114.164,-0.35917,-16.356,117.54
0.13250,-4263.20,-3037.05,-0.9762,-37.2068,53.584,114.615,-0.35503,-16.046,118.15
0.13300,-4303.71,-3090.67,-0.9947,-36.6892,53.582,115.059,-0.35080,-15.741,118.76
0.13350,-4343.16,-3143.53,-1.0129,-36.1635,53.580,115.496,-0.34647,-15.441,119.36
0.13400,-4381.53,-3195.62,-1.0308,-35.6298,53.577,115.925,-0.34207,-15.145,119.95
0.13450,-4418.83,-3246.91,-1.0485,-35.0880,53.574,116.347,-0.33757,-14.853,120.53
0.13500,-4455.03,-3297.41,-1.0659,-34.5385,53.570,116.762,-0.33300,-14.566,121.11
0.13550,-4490.14,-3347.09,-1.0830,-33.9812,53.566,117.169,-0.32833,-14.282,121.68
0.13600,-4524.14,-3395.95,-1.0999,-33.4162,53.561,117.568,-0.32359,-14.002,122.25
0.13650,-4557.02,-3443.98,-1.1165,-32.8437,53.556,117.960,-0.31876,-13.726,122.80
0.13700,-4588.77,-3491.17,-1.1327,-32.2638,53.551,118.344,-0.31385,-13.452,123.35
0.13750,-4619.40,-3537.50,-1.1487,-31.6766,53.545,118.720,-0.30886,-13.182,123.89
0.13800,-4648.88,-3582.97,-1.1644,-31.0822,53.539,119.089,-0.30379,-12.914,124.43
0.13850,-4677.22,-3627.56,-1.1798,-30.4808,53.532,119.450,-0.29864,-12.649,124.95
0.13900,-4704.40,-3671.26,-1.1949,-29.8724,53.526,119.804,-0.29342,-12.386,125.47
0.13950,-4730.43,-3714.08,-1.2097,-29.2572,53.519,120.149,-0.28812,-12.126,125.98
0.14000,-4755.28,-3755.98,-1.2241,-28.6353,53.512,120.487,-0.28274,-11.868,126.48
0.14050,-4778.97,-3796.98,-1.2383,-28.0068,53.505,120.817,-0.27729,-11.612,126.97
0.14100,-4801.47,-3837.04,-1.2522,-27.3719,53.498,121.138,-0.27176,-11.357,127.45
0.14150,-4822.79,-3876.18,-1.2657,-26.7307,53.491,121.452,-0.26617,-11.105,127.92
0.14200,-4842.92,-3914.37,-1.2789,-26.0833,53.483,121.758,-0.26050,-10.854,128.39
0.14250,-4861.85,-3951.61,-1.2918,-25.4299,53.476,122.056,-0.25476,-10.604,128.84
0.14300,-4879.58,-3987.90,-1.3043,-24.7705,53.468,122.346,-0.24896,-10.356,129.29
0.14350,-4896.11,-4023.21,-1.3165,-24.1054,53.461,122.628,-0.24309,-10.109,129.73
0.14400,-4911.44,-4057.54,-1.3284,-23.4347,53.453,122.902,-0.23715,-9.863,130.15
0.14450,-4925.55,-4090.89,-1.3400,-22.7585,53.446,123.168,-0.23116,-9.618,130.57
0.14500,-4938.44,-4123.25,-1.3512,-22.0770,53.439,123.425,-0.22509,-9.373,130.98
0.14550,-4950.12,-4154.61,-1.3620,-21.3903,53.432,123.675,-0.21897,-9.130,131.37
0.14600,-4960.57,-4184.95,-1.3726,-20.6985,53.425,123.916,-0.21279,-8.887,131.76
0.14650,-4969.80,-4214.28,-1.3827,-20.0019,53.418,124.149,-0.20656,-8.644,132.14
0.14700,-4977.81,-4242.59,-1.3926,-19.3006,53.411,124.374,-0.20027,-8.402,132.51
0.14750,-4984.59,-4269.86,-1.4020,-18.5949,53.405,124.590,-0.19392,-8.160,132.87
0.14800,-4990.13,-4296.10,-1.4112,-17.8848,53.399,124.799,-0.18752,-7.918,133.21
0.14850,-4994.45,-4321.29,-1.4199,-17.1707,53.393,124.999,-0.18108,-7.676,133.55
0.14900,-4997.53,-4345.42,-1.4283,-16.4528,53.387,125.191,-0.17458,-7.434,133.87
0.14950,-4999.38,-4368.49,-1.4364,-15.7314,53.382,125.374,-0.16805,-7.192,134.19
0.15000,-5000.00,-4390.49,-1.4441,-15.0068,53.377,125.549,-0.16147,-6.950,134.50
0.15050,-4999.38,-4411.42,-1.4514,-14.2795,53.373,125.716,-0.15485,-6.708,134.79
0.15100,-4997.53,-4431.25,-1.4583,-13.5501,53.368,125.875,-0.14820,-6.465,135.07
0.15150,-4994.45,-4449.99,-1.4649,-12.8192,53.365,126.025,-0.14151,-6.221,135.34
0.15200,-4990.13,-4467.63,-1.4712,-12.0876,53.362,126.166,-0.13481,-5.978,135.61
0.15250,-4984.59,-4484.13,-1.4770,-11.3564,53.359,126.299,-0.12808,-5.733,135.86
0.15300,-4977.81,-4499.51,-1.4825,-10.6270,53.357,126.424,-0.12134,-5.489,136.09
0.15350,-4969.80,-4513.72,-1.4876,-9.9011,53.356,126.540,-0.11461,-5.243,136.32
0.15400,-4960.57,-4526.75,-1.4924,-9.1807,53.355,126.648,-0.10788,-4.998,136.54
0.15450,-4950.12,-4538.58,-1.4968,-8.4687,53.355,126.747,-0.10118,-4.752,136.75
0.15500,-4938.44,-4549.16,-1.5009,-7.7682,53.357,126.837,-0.09453,-4.507,136.94
0.15550,-4925.55,-4558.45,-1.5046,-7.0830,53.359,126.919,-0.08794,-4.262,137.12
0.15600,-4911.44,-4566.40,-1.5080,-6.4172,53.363,126.991,-0.08145,-4.018,137.30
0.15650,-4896.11,-4572.96,-1.5110,-5.7753,53.368,127.055,-0.07507,-3.776,137.46
0.15700,-4879.58,-4578.05,-1.5138,-5.1614,53.376,127.110,-0.06884,-3.536,137.61
0.15750,-4861.85,-4581.62,-1.5162,-4.5792,53.385,127.155,-0.06277,-3.299,137.75
0.15800,-4842.92,-4583.58,-1.5183,-4.0310,53.397,127.191,-0.05690,-3.065,137.88
0.15850,-4822.79,-4583.89,-1.5202,-3.5178,53.412,127.218,-0.05124,-2.836,138.00
0.15900,-4801.47,-4582.49,-1.5219,-3.0388,53.429,127.236,-0.04578,-2.611,138.11
0.15950,-4778.97,-4579.35,-1.5233,-2.5916,53.450,127.244,-0.04052,-2.392,138.21
0.16000,-4755.28,-4574.45,-1.5245,-2.1723,53.474,127.244,-0.03546,-2.178,138.30
0.16050,-4730.43,-4567.82,-1.5254,-1.7762,53.501,127.234,-0.03056,-1.969,138.38
0.16100,-4704.40,-4559.48,-1.5262,-1.3981,53.532,127.216,-0.02580,-1.765,138.45
0.16150,-4677.22,-4549.46,-1.5268,-1.0328,53.566,127.189,-0.02116,-1.565,138.52
0.16200,-4648.88,-4537.83,-1.5273,-0.6753,53.603,127.154,-0.01661,-1.368,138.57
0.16250,-4619.40,-4524.66,-1.5275,-0.3210,53.643,127.111,-0.01211,-1.175,138.62
0.16300,-4588.77,-4510.01,-1.5276,0.0342,53.686,127.060,-0.00765,-0.983,138.66
0.16350,-4557.02,-4493.97,-1.5275,0.3940,53.732,127.003,-0.00320,-0.793,138.69
0.16400,-4524.14,-4478.37,-1.5272,0.7586,53.775,126.945,0.00355,-0.580,138.71
0.16450,-4490.14,-4464.27,-1.5267,1.1201,53.813,126.891,0.01214,-0.330,138.72
0.16500,-4455.03,-4451.64,-1.5261,1.4716,53.846,126.840,0.02146,-0.044,138.73
0.16550,-4418.83,-4440.43,-1.5253,1.8079,53.874,126.794,0.03147,0.280,138.74
0.16600,-4381.53,-4430.57,-1.5243,2.1253,53.897,126.751,0.04214,0.641,138.76
0.16650,-4343.16,-4421.95,-1.5231,2.4209,53.917,126.711,0.05340,1.039,138.80
0.16700,-4303.71,-4409.84,-1.5219,2.7005,53.945,126.658,0.05918,1.413,138.85
0.16750,-4263.20,-4390.85,-1.5204,2.9947,53.994,126.580,0.05981,1.715,138.92
0.16800,-4221.64,-4366.61,-1.5189,3.3303,54.057,126.484,0.06081,1.967,138.99
0.16850,-4179.04,-4338.97,-1.5171,3.7230,54.130,126.375,0.06295,2.192,139.07
0.16900,-4135.40,-4309.18,-1.5151,4.1801,54.208,126.257,0.06598,2.406,139.16
0.16950,-4090.75,-4277.96,-1.5129,4.7058,54.289,126.132,0.06959,2.620,139.25
0.17000,-4045.08,-4245.72,-1.5104,5.3028,54.373,126.002,0.07362,2.840,139.35
0.17050,-3998.42,-4212.73,-1.5076,5.9739,54.457,125.867,0.07797,3.068,139.46
0.17100,-3950.78,-4179.19,-1.5044,6.7220,54.541,125.728,0.08263,3.309,139.57
0.17150,-3902.15,-4145.25,-1.5009,7.5497,54.625,125.585,0.08761,3.565,139.69
0.17200,-3852.57,-4111.04,-1.4969,8.4590,54.708,125.439,0.09291,3.838,139.82
0.17250,-3802.03,-4076.67,-1.4924,9.4507,54.789,125.288,0.09856,4.132,139.96
0.17300,-3750.56,-4042.23,-1.4874,10.5239,54.869,125.134,0.10454,4.447,140.11
0.17350,-3698.16,-4007.79,-1.4818,11.6758,54.946,124.976,0.11085,4.786,140.26
0.17400,-3644.84,-3973.40,-1.4757,12.9014,55.021,124.814,0.11748,5.151,140.43
0.17450,-3590.63,-3939.05,-1.4689,14.1945,55.094,124.648,0.12439,5.542,140.60
0.17500,-3535.53,-3904.74,-1.4615,15.5470,55.163,124.478,0.13155,5.962,140.78
0.17550,-3479.56,-3870.44,-1.4534,16.9501,55.230,124.303,0.13892,6.409,140.98
0.17600,-3422.74,-3836.07,-1.4445,18.3943,55.294,124.124,0.14647,6.886,141.19
0.17650,-3365.06,-3801.58,-1.4350,19.8696,55.356,123.939,0.15413,7.391,141.41
0.17700,-3306.56,-3766.87,-1.4247,21.3662,55.415,123.749,0.16188,7.925,141.64
0.17750,-3247.24,-3731.84,-1.4136,22.8744,55.472,123.552,0.16967,8.488,141.88
0.17800,-3187.12,-3696.40,-1.4018,24.3847,55.528,123.349,0.17746,9.079,142.13
0.17850,-3126.21,-3660.44,-1.3892,25.8883,55.582,123.140,0.18521,9.697,142.40
0.17900,-3064.54,-3623.85,-1.3759,27.3768,55.635,122.924,0.19289,10.343,142.68
0.17950,-3002.10,-3586.54,-1.3618,28.8424,55.687,122.700,0.20046,11.016,142.97
0.18000,-2938.93,-3548.41,-1.3471,30.2781,55.739,122.469,0.20789,11.716,143.28
0.18050,-2875.03,-3509.36,-1.3316,31.6775,55.791,122.230,0.21515,12.442,143.59
0.18100,-2810.42,-3469.30,-1.3154,33.0350,55.844,121.984,0.22222,13.194,143.92
0.18150,-2745.11,-3428.16,-1.2985,34.3457,55.897,121.730,0.22908,13.973,144.26
0.18200,-2679.13,-3385.87,-1.2811,35.6056,55.951,121.468,0.23571,14.778,144.62
0.18250,-2612.49,-3342.36,-1.2630,36.8110,56.007,121.198,0.24209,15.609,144.98
0.18300,-2545.21,-3297.57,-1.2443,37.9593,56.064,120.920,0.24821,16.468,145.36
0.18350,-2477.29,-3251.48,-1.2250,39.0485,56.123,120.634,0.25407,17.355,145.75
0.18400,-2408.77,-3204.03,-1.2052,40.0772,56.185,120.341,0.25965,18.271,146.14
0.18450,-2339.65,-3155.20,-1.1849,41.0444,56.248,120.041,0.26496,19.217,146.55
0.18500,-2269.95,-3104.98,-1.1642,41.9501,56.315,119.733,0.26998,20.197,146.97
0.18550,-2199.70,-3053.36,-1.1430,42.7945,56.384,119.417,0.27473,21.210,147.40
0.18600,-2128.90,-3000.33,-1.1214,43.5784,56.455,119.095,0.27920,22.261,147.83
0.18650,-2057.57,-2945.90,-1.0994,44.3030,56.530,118.766,0.28340,23.352,148.28
0.18700,-1985.74,-2890.10,-1.0771,44.9699,56.608,118.431,0.28733,24.486,148.73
0.18750,-1913.42,-2832.93,-1.0545,45.5810,56.689,118.090,0.29101,25.667,149.19
0.18800,-1840.62,-2774.43,-1.0315,46.1386,56.774,117.743,0.29444,26.900,149.65
0.18850,-1767.37,-2714.63,-1.0083,46.6452,56.861,117.390,0.29763,28.190,150.13
0.18900,-1693.69,-2653.57,-0.9849,47.1034,56.952,117.033,0.30059,29.542,150.61
0.18950,-1619.59,-2591.30,-0.9612,47.5161,57.045,116.670,0.30334,30.963,151.09
0.19000,-1545.08,-2527.85,-0.9374,47.8861,57.142,116.303,0.30588,32.459,151.58
0.19050,-1470.20,-2463.28,-0.9134,48.2166,57.242,115.931,0.30824,34.038,152.08
0.19100,-1394.96,-2397.64,-0.8892,48.5106,57.345,115.556,0.31041,35.708,152.58
0.19150,-1319.37,-2330.98,-0.8649,48.7711,57.451,115.177,0.31242,37.479,153.09
0.19200,-1243.45,-2263.37,-0.8404,49.0011,57.560,114.794,0.31428,39.360,153.60
0.19250,-1167.23,-2194.86,-0.8159,49.2037,57.671,114.409,0.31600,41.361,154.11
0.19300,-1090.72,-2125.51,-0.7912,49.3817,57.785,114.021,0.31759,43.493,154.63
0.19350,-1013.94,-2055.37,-0.7665,49.5378,57.901,113.630,0.31907,45.766,155.15
0.19400,-936.91,-1984.50,-0.7417,49.6747,58.020,113.238,0.32044,48.192,155.67
0.19450,-859.65,-1912.96,-0.7168,49.7949,58.141,112.843,0.32172,50.781,156.20
0.19500,-782.17,-1840.81,-0.6919,49.9007,58.264,112.447,0.32292,53.541,156.73
0.19550,-704.51,-1768.10,-0.6669,49.9943,58.389,112.049,0.32404,56.480,157.26
0.19600,-626.67,-1694.89,-0.6419,50.0777,58.516,111.650,0.32509,59.602,157.80
0.19650,-548.67,-1621.22,-0.6168,50.1526,58.644,111.250,0.32609,62.908,158.33
0.19700,-470.54,-1547.14,-0.5917,50.2206,58.774,110.849,0.32703,66.392,158.87
0.19750,-392.30,-1472.70,-0.5666,50.2832,58.905,110.448,0.32793,70.044,159.41
0.19800,-313.95,-1397.95,-0.5415,50.3416,59.038,110.046,0.32879,73.848,159.95
0.19850,-235.53,-1322.93,-0.5163,50.3968,59.172,109.644,0.32961,77.778,160.50
0.19900,-157.05,-1247.67,-0.4911,50.4496,59.306,109.241,0.33041,81.805,161.04
0.19950,-78.54,-1172.22,-0.4658,50.5008,59.442,108.839,0.33117,85.893,161.59
0.20000,-0.00,-1096.61,-0.4406,50.5508,59.579,108.436,0.33191,0.000,162.14
0.20050,78.54,-1020.87,-0.4153,50.6000,59.716,108.034,0.33262,85.914,162.69
0.20100,157.05,-945.03,-0.3900,50.6486,59.854,107.632,0.33331,81.890,163.24
0.20150,235.53,-869.13,-0.3646,50.6966,59.993,107.231,0.33397,77.964,163.79
0.20200,313.95,-793.18,-0.3393,50.7440,60.132,106.830,0.33461,74.168,164.34
0.20250,392.30,-717.21,-0.3139,50.7905,60.272,106.430,0.33522,70.528,164.90
0.20300,470.54,-641.24,-0.2885,50.8359,60.412,106.030,0.33581,67.060,165.45
0.20350,548.67,-565.29,-0.2630,50.8797,60.552,105.631,0.33637,63.778,166.01
0.20400,626.67,-489.38,-0.2376,50.9216,60.693,105.232,0.33690,60.685,166.57
0.20450,704.51,-413.52,-0.2121,50.9609,60.833,104.835,0.33739,57.784,167.13
0.20500,782.17,-337.73,-0.1866,50.9971,60.975,104.439,0.33785,55.068,167.69
0.20550,859.65,-262.02,-0.1611,51.0295,61.116,104.043,0.33827,52.533,168.25
0.20600,936.91,-186.41,-0.1356,51.0574,61.257,103.649,0.33864,50.170,168.81
0.20650,1013.94,-110.90,-0.1101,51.0802,61.399,103.255,0.33897,47.968,169.37
0.20700,1090.72,-35.51,-0.0845,51.0971,61.540,102.863,0.33926,45.918,169.94
0.20750,1167.23,39.76,-0.0590,51.1074,61.682,102.472,0.33949,44.007,170.50
0.20800,1243.45,114.89,-0.0334,51.1104,61.823,102.082,0.33966,42.227,171.06
0.20850,1319.37,189.88,-0.0079,51.1053,61.965,101.693,0.33977,40.566,171.63
0.20900,1394.96,264.71,0.0177,51.0916,62.107,101.306,0.33983,39.016,172.19
0.20950,1470.20,339.39,0.0432,51.0685,62.249,100.920,0.33981,37.566,172.76
0.21000,1545.08,413.90,0.0687,51.0354,62.390,100.535,0.33973,36.209,173.33
0.21050,1619.59,488.23,0.0943,50.9917,62.532,100.152,0.33958,34.936,173.89
0.21100,1693.69,562.38,0.1197,50.9369,62.674,99.770,0.33935,33.741,174.46
0.21150,1767.37,636.33,0.1452,50.8703,62.816,99.390,0.33904,32.617,175.02
0.21200,1840.62,710.08,0.1706,50.7917,62.958,99.012,0.33866,31.559,175.59
0.21250,1913.42,783.62,0.1960,50.7004,63.099,98.635,0.33819,30.560,176.15
0.21300,1985.74,856.94,0.2213,50.5963,63.241,98.260,0.33764,29.616,176.72
0.21350,2057.57,930.03,0.2466,50.4788,63.383,97.887,0.33701,28.723,177.28
0.21400,2128.90,1002.88,0.2718,50.3478,63.524,97.516,0.33628,27.875,177.84
0.21450,2199.70,1075.48,0.2969,50.2030,63.665,97.147,0.33547,27.071,178.41
0.21500,2269.95,1147.81,0.3220,50.0443,63.807,96.780,0.33457,26.305,178.97
0.21550,2339.65,1219.86,0.3470,49.8715,63.948,96.415,0.33358,25.576,179.53
0.21600,2408.77,1291.63,0.3719,49.6844,64.089,96.052,0.33249,24.881,180.09
0.21650,2477.29,1363.09,0.3966,49.4831,64.230,95.691,0.33132,24.217,180.64
0.21700,2545.21,1434.24,0.4213,49.2676,64.371,95.332,0.33005,23.581,181.20
0.21750,2612.49,1505.06,0.4459,49.0378,64.511,94.976,0.32869,22.972,181.75
0.21800,2679.13,1575.54,0.4704,48.7938,64.651,94.623,0.32724,22.388,182.30
0.21850,2745.11,1645.66,0.4947,48.5358,64.791,94.272,0.32570,21.827,182.85
0.21900,2810.42,1715.40,0.5189,48.2638,64.931,93.923,0.32407,21.287,183.40
0.21950,2875.03,1784.75,0.5430,47.9780,65.070,93.577,0.32234,20.768,183.95
0.22000,2938.93,1853.70,0.5669,47.6786,65.209,93.234,0.32052,20.267,184.49
0.22050,3002.10,1922.22,0.5906,47.3657,65.348,92.894,0.31862,19.784,185.03
0.22100,3064.54,1990.30,0.6142,47.0396,65.486,92.557,0.31662,19.317,185.57
0.22150,3126.21,2057.93,0.6377,46.7005,65.623,92.223,0.31454,18.866,186.10
0.22200,3187.12,2125.08,0.6609,46.3486,65.760,91.891,0.31237,18.430,186.63
0.22250,3247.24,2191.74,0.6840,45.9841,65.897,91.563,0.31011,18.007,187.16
0.22300,3306.56,2257.89,0.7069,45.6074,66.032,91.238,0.30777,17.596,187.68
0.22350,3365.06,2323.52,0.7296,45.2187,66.167,90.916,0.30534,17.198,188.20
0.22400,3422.74,2388.60,0.7521,44.8182,66.302,90.598,0.30283,16.812,188.72
0.22450,3479.56,2453.12,0.7744,44.4061,66.435,90.283,0.30024,16.436,189.23
0.22500,3535.53,2517.06,0.7965,43.9828,66.568,89.972,0.29757,16.070,189.74
0.22550,3590.63,2580.40,0.8184,43.5486,66.700,89.664,0.29482,15.714,190.25
0.22600,3644.84,2643.13,0.8401,43.1035,66.831,89.359,0.29199,15.367,190.75
0.22650,3698.16,2705.24,0.8615,42.6480,66.961,89.058,0.28909,15.029,191.25
0.22700,3750.56,2766.69,0.8827,42.1822,67.090,88.761,0.28610,14.699,191.74
0.22750,3802.03,2827.48,0.9037,41.7064,67.218,88.468,0.28305,14.377,192.22
0.22800,3852.57,2887.59,0.9244,41.2207,67.345,88.179,0.27992,14.062,192.71
0.22850,3902.15,2947.01,0.9449,40.7255,67.471,87.893,0.27672,13.754,193.18
0.22900,3950.78,3005.71,0.9652,40.2209,67.596,87.612,0.27344,13.453,193.66
0.22950,3998.42,3063.68,0.9851,39.7070,67.719,87.334,0.27010,13.158,194.12
0.23000,4045.08,3120.91,1.0049,39.1842,67.841,87.061,0.26668,12.869,194.59
0.23050,4090.75,3177.38,1.0243,38.6526,67.962,86.791,0.26320,12.586,195.04
0.23100,4135.40,3233.08,1.0435,38.1123,68.081,86.526,0.25965,12.309,195.49
0.23150,4179.04,3287.99,1.0624,37.5635,68.199,86.265,0.25604,12.036,195.94
0.23200,4221.64,3342.10,1.0811,37.0063,68.315,86.008,0.25236,11.769,196.38
0.23250,4263.20,3395.39,1.0994,36.4410,68.430,85.756,0.24861,11.506,196.81
0.23300,4303.71,3447.86,1.1175,35.8676,68.544,85.508,0.24480,11.247,197.24
0.23350,4343.16,3499.48,1.1353,35.2864,68.656,85.264,0.24093,10.993,197.66
0.23400,4381.53,3550.25,1.1528,34.6973,68.766,85.024,0.23699,10.743,198.08
0.23450,4418.83,3600.15,1.1700,34.1005,68.874,84.789,0.23300,10.496,198.49
0.23500,4455.03,3649.17,1.1869,33.4963,68.981,84.559,0.22895,10.253,198.89
0.23550,4490.14,3697.29,1.2035,32.8845,69.086,84.333,0.22483,10.014,199.29
0.23600,4524.14,3744.52,1.2198,32.2655,69.189,84.111,0.22066,9.777,199.68
0.23650,4557.02,3790.83,1.2358,31.6393,69.291,83.894,0.21643,9.544,200.06
0.23700,4588.77,3836.21,1.2514,31.0059,69.390,83.682,0.21214,9.314,200.44
0.23750,4619.40,3880.66,1.2668,30.3656,69.488,83.475,0.20780,9.086,200.81
0.23800,4648.88,3924.16,1.2818,29.7183,69.584,83.272,0.20340,8.861,201.17
0.23850,4677.22,3966.71,1.2965,29.0643,69.678,83.073,0.19895,8.638,201.52
0.23900,4704.40,4008.28,1.3109,28.4036,69.769,82.880,0.19444,8.417,201.87
0.23950,4730.43,4048.88,1.3249,27.7363,69.859,82.691,0.18988,8.199,202.21
0.24000,4755.28,4088.50,1.3386,27.0626,69.947,82.507,0.18528,7.982,202.55
0.24050,4778.97,4127.12,1.3520,26.3825,70.032,82.328,0.18062,7.767,202.87
0.24100,4801.47,4164.74,1.3650,25.6962,70.116,82.154,0.17591,7.554,203.19
0.24150,4822.79,4201.34,1.3776,25.0038,70.197,81.984,0.17115,7.342,203.50
0.24200,4842.92,4236.92,1.3900,24.3054,70.276,81.820,0.16635,7.132,203.80
0.24250,4861.85,4271.47,1.4020,23.6011,70.353,81.660,0.16150,6.924,204.10
0.24300,4879.58,4304.99,1.4136,22.8911,70.428,81.505,0.15660,6.716,204.39
0.24350,4896.11,4337.45,1.4248,22.1755,70.500,81.355,0.15166,6.509,204.67
0.24400,4911.44,4368.87,1.4358,21.4544,70.571,81.210,0.14668,6.304,204.94
0.24450,4925.55,4399.22,1.4463,20.7281,70.638,81.071,0.14165,6.099,205.20
0.24500,4938.44,4428.51,1.4565,19.9966,70.704,80.936,0.13659,5.895,205.46
0.24550,4950.12,4456.72,1.4663,19.2602,70.767,80.806,0.13149,5.692,205.70
0.24600,4960.57,4483.84,1.4757,18.5191,70.828,80.681,0.12635,5.490,205.94
0.24650,4969.80,4509.88,1.4848,17.7735,70.886,80.561,0.12117,5.287,206.17
0.24700,4977.81,4534.82,1.4935,17.0236,70.942,80.447,0.11596,5.086,206.39
0.24750,4984.59,4558.65,1.5018,16.2698,70.995,80.337,0.11072,4.884,206.60
0.24800,4990.13,4581.37,1.5098,15.5124,71.046,80.232,0.10545,4.683,206.81
0.24850,4994.45,4602.97,1.5173,14.7518,71.095,80.133,0.10016,4.482,207.00
0.24900,4997.53,4623.45,1.5245,13.9886,71.141,80.039,0.09484,4.281,207.19
0.24950,4999.38,4642.78,1.5313,13.2234,71.184,79.950,0.08950,4.080,207.37
0.25000,5000.00,4660.97,1.5378,12.4571,71.224,79.866,0.08414,3.879,207.54
0.25050,4999.38,4677.99,1.5438,11.6908,71.262,79.788,0.07877,3.678,207.70
0.25100,4997.53,4693.85,1.5494,10.9257,71.298,79.714,0.07340,3.477,207.85
0.25150,4994.45,4708.51,1.5547,10.1638,71.330,79.646,0.06804,3.277,208.00
0.25200,4990.13,4721.96,1.5596,9.4071,71.360,79.584,0.06269,3.076,208.13
0.25250,4984.59,4734.16,1.5641,8.6586,71.387,79.526,0.05737,2.876,208.25
0.25300,4977.81,4745.10,1.5683,7.9217,71.410,79.475,0.05210,2.677,208.37
0.25350,4969.80,4754.72,1.5720,7.2007,71.431,79.428,0.04690,2.478,208.48
0.25400,4960.57,4762.98,1.5755,6.5000,71.448,79.388,0.04179,2.281,208.58
0.25450,4950.12,4769.82,1.5786,5.8250,71.461,79.353,0.03679,2.086,208.67
0.25500,4938.44,4775.18,1.5813,5.1804,71.471,79.324,0.03194,1.893,208.75
0.25550,4925.55,4778.99,1.5837,4.5707,71.476,79.302,0.02726,1.704,208.82
0.25600,4911.44,4781.20,1.5859,3.9990,71.477,79.285,0.02276,1.519,208.89
0.25650,4896.11,4781.73,1.5877,3.4665,71.474,79.275,0.01846,1.338,208.94
0.25700,4879.58,4780.56,1.5894,2.9727,71.466,79.271,0.01435,1.163,208.99
0.25750,4861.85,4777.65,1.5907,2.5151,71.453,79.274,0.01043,0.992,209.04
0.25800,4842.92,4773.01,1.5919,2.0894,71.435,79.282,0.00668,0.827,209.07
0.25850,4822.79,4767.44,1.5928,1.6915,71.414,79.295,0.00204,0.657,209.10
0.25900,4801.47,4763.27,1.5936,1.3250,71.399,79.304,-0.00568,0.456,209.12
0.25950,4778.97,4760.51,1.5941,0.9967,71.388,79.309,-0.01420,0.221,209.13
0.26000,4755.28,4759.00,1.5946,0.7098,71.382,79.311,-0.02329,-0.045,209.13
0.26050,4730.43,4758.57,1.5949,0.4652,71.379,79.310,-0.03287,-0.341,209.14
0.26100,4704.40,4759.05,1.5950,0.2620,71.379,79.307,-0.04290,-0.666,209.17
0.26150,4677.22,4760.12,1.5951,0.0979,71.382,79.303,-0.05313,-1.015,209.21
0.26200,4648.88,4757.23,1.5951,-0.0392,71.375,79.315,-0.05795,-1.335,209.27
0.26250,4619.40,4748.76,1.5951,-0.1774,71.355,79.352,-0.05983,-1.604,209.33
0.26300,4588.77,4735.84,1.5950,-0.3385,71.324,79.408,-0.06182,-1.836,209.40
0.26350,4557.02,4719.63,1.5948,-0.5346,71.285,79.478,-0.06433,-2.044,209.49
0.26400,4524.14,4700.95,1.5944,-0.7711,71.241,79.560,-0.06726,-2.238,209.57
0.26450,4490.14,4680.38,1.5940,-1.0495,71.193,79.652,-0.07050,-2.426,209.67
0.26500,4455.03,4658.29,1.5934,-1.3692,71.142,79.751,-0.07399,-2.612,209.77
0.26550,4418.83,4634.92,1.5926,-1.7288,71.089,79.858,-0.07767,-2.800,209.88
0.26600,4381.53,4610.47,1.5916,-2.1272,71.035,79.972,-0.08152,-2.991,209.99
0.26650,4343.16,4585.05,1.5905,-2.5638,70.980,80.092,-0.08553,-3.188,210.11
0.26700,4303.71,4558.79,1.5891,-3.0390,70.925,80.219,-0.08971,-3.392,210.24
0.26750,4263.20,4531.76,1.5874,-3.5542,70.870,80.351,-0.09405,-3.605,210.38
0.26800,4221.64,4504.06,1.5855,-4.1118,70.814,80.490,-0.09859,-3.827,210.52
0.26850,4179.04,4475.77,1.5833,-4.7148,70.760,80.635,-0.10333,-4.061,210.67
0.26900,4135.40,4446.97,1.5808,-5.3670,70.707,80.786,-0.10830,-4.309,210.82
0.26950,4090.75,4417.75,1.5779,-6.0722,70.655,80.943,-0.11353,-4.570,210.98
0.27000,4045.08,4388.19,1.5747,-6.8341,70.604,81.106,-0.11904,-4.848,211.16
0.27050,3998.42,4358.38,1.5711,-7.6557,70.557,81.275,-0.12484,-5.144,211.34
0.27100,3950.78,4328.40,1.5670,-8.5389,70.511,81.449,-0.13095,-5.460,211.53
0.27150,3902.15,4298.32,1.5625,-9.4843,70.469,81.630,-0.13739,-5.797,211.72
0.27200,3852.57,4268.19,1.5575,-10.4906,70.431,81.817,-0.14414,-6.157,211.93
0.27250,3802.03,4238.05,1.5520,-11.5552,70.396,82.010,-0.15120,-6.542,212.15
0.27300,3750.56,4207.92,1.5460,-12.6736,70.365,82.210,-0.15856,-6.953,212.38
0.27350,3698.16,4177.80,1.5393,-13.8401,70.339,82.417,-0.16618,-7.390,212.62
0.27400,3644.84,4147.67,1.5321,-15.0478,70.317,82.631,-0.17402,-7.855,212.87
0.27450,3590.63,4117.47,1.5243,-16.2892,70.299,82.852,-0.18207,-8.347,213.13
0.27500,3535.53,4087.15,1.5158,-17.5563,70.285,83.082,-0.19026,-8.868,213.41
0.27550,3479.56,4056.63,1.5067,-18.8409,70.275,83.320,-0.19857,-9.416,213.70
0.27600,3422.74,4025.82,1.4970,-20.1350,70.270,83.568,-0.20695,-9.993,214.00
0.27650,3365.06,3994.63,1.4866,-21.4308,70.268,83.824,-0.21535,-10.597,214.31
0.27700,3306.56,3962.96,1.4756,-22.7208,70.269,84.090,-0.22375,-11.228,214.64
0.27750,3247.24,3930.70,1.4639,-23.9981,70.273,84.366,-0.23210,-11.886,214.98
0.27800,3187.12,3897.76,1.4516,-25.2565,70.280,84.652,-0.24037,-12.570,215.34
0.27850,3126.21,3864.03,1.4386,-26.4901,70.289,84.949,-0.24853,-13.279,215.71
0.27900,3064.54,3829.43,1.4251,-27.6941,70.301,85.256,-0.25655,-14.014,216.09
0.27950,3002.10,3793.87,1.4109,-28.8639,70.314,85.574,-0.26440,-14.775,216.49
0.28000,2938.93,3757.25,1.3962,-29.9960,70.328,85.903,-0.27206,-15.560,216.89
0.28050,2875.03,3719.53,1.3810,-31.0872,70.343,86.242,-0.27952,-16.369,217.32
0.28100,2810.42,3680.62,1.3651,-32.1353,70.358,86.592,-0.28676,-17.204,217.75
0.28150,2745.11,3640.48,1.3488,-33.1385,70.374,86.953,-0.29377,-18.065,218.20
0.28200,2679.13,3599.06,1.3320,-34.0955,70.390,87.324,-0.30054,-18.951,218.66
0.28250,2612.49,3556.33,1.3147,-35.0059,70.405,87.706,-0.30706,-19.864,219.13
0.28300,2545.21,3512.26,1.2970,-35.8693,70.420,88.097,-0.31333,-20.804,219.62
0.28350,2477.29,3466.84,1.2789,-36.6863,70.433,88.498,-0.31935,-21.774,220.11
0.28400,2408.77,3420.05,1.2603,-37.4575,70.446,88.909,-0.32512,-22.774,220.62
0.28450,2339.65,3371.90,1.2414,-38.1839,70.457,89.329,-0.33065,-23.807,221.13
0.28500,2269.95,3322.40,1.2222,-38.8671,70.467,89.758,-0.33593,-24.875,221.66
0.28550,2199.70,3271.57,1.2026,-39.5087,70.475,90.195,-0.34098,-25.979,222.19
0.28600,2128.90,3219.42,1.1827,-40.1105,70.481,90.640,-0.34581,-27.124,222.74
0.28650,2057.57,3165.99,1.1625,-40.6746,70.486,91.093,-0.35042,-28.311,223.29
0.28700,1985.74,3111.30,1.1420,-41.2031,70.488,91.553,-0.35482,-29.546,223.86
0.28750,1913.42,3055.40,1.1213,-41.6983,70.489,92.020,-0.35902,-30.830,224.43
0.28800,1840.62,2998.33,1.1003,-42.1626,70.488,92.493,-0.36304,-32.169,225.01
0.28850,1767.37,2940.14,1.0791,-42.5982,70.484,92.973,-0.36688,-33.567,225.59
0.28900,1693.69,2880.86,1.0577,-43.0073,70.479,93.458,-0.37056,-35.028,226.19
0.28950,1619.59,2820.55,1.0361,-43.3923,70.472,93.949,-0.37408,-36.558,226.79
0.29000,1545.08,2759.27,1.0143,-43.7554,70.463,94.444,-0.37747,-38.161,227.39
0.29050,1470.20,2697.05,0.9923,-44.0985,70.452,94.944,-0.38072,-39.844,228.01
0.29100,1394.96,2633.96,0.9702,-44.4237,70.439,95.449,-0.38386,-41.612,228.63
0.29150,1319.37,2570.04,0.9479,-44.7328,70.424,95.957,-0.38688,-43.469,229.25
0.29200,1243.45,2505.35,0.9255,-45.0275,70.408,96.469,-0.38980,-45.422,229.88
0.29250,1167.23,2439.94,0.9029,-45.3093,70.390,96.984,-0.39262,-47.475,230.52
0.29300,1090.72,2373.84,0.8802,-45.5797,70.370,97.502,-0.39536,-49.634,231.16
0.29350,1013.94,2307.12,0.8573,-45.8399,70.349,98.023,-0.39802,-51.901,231.81
0.29400,936.91,2239.82,0.8343,-46.0910,70.327,98.546,-0.40060,-54.281,232.46
0.29450,859.65,2171.97,0.8112,-46.3340,70.303,99.072,-0.40311,-56.773,233.11
0.29500,782.17,2103.63,0.7880,-46.5696,70.278,99.600,-0.40557,-59.379,233.78
0.29550,704.51,2034.82,0.7647,-46.7985,70.252,100.129,-0.40796,-62.095,234.44
0.29600,626.67,1965.60,0.7412,-47.0211,70.224,100.660,-0.41029,-64.919,235.11
0.29650,548.67,1895.98,0.7176,-47.2379,70.196,101.193,-0.41257,-67.842,235.78
0.29700,470.54,1826.00,0.6940,-47.4491,70.166,101.726,-0.41479,-70.856,236.46
0.29750,392.30,1755.70,0.6702,-47.6548,70.135,102.261,-0.41697,-73.948,237.14
0.29800,313.95,1685.10,0.6463,-47.8550,70.104,102.797,-0.41909,-77.103,237.83
0.29850,235.53,1614.23,0.6223,-48.0498,70.071,103.333,-0.42116,-80.305,238.52
0.29900,157.05,1543.11,0.5983,-48.2389,70.038,103.870,-0.42317,-83.535,239.21
0.29950,78.54,1471.76,0.5741,-48.4221,70.003,104.407,-0.42513,-86.774,239.91
0.30000,0.00,1400.20,0.5499,-48.5991,69.968,104.945,-0.42704,0.000,240.61
0.30050,-78.54,1328.46,0.5255,-48.7697,69.932,105.483,-0.42889,-86.805,241.31
0.30100,-157.05,1256.55,0.5011,-48.9334,69.895,106.021,-0.43068,-83.660,242.02
0.30150,-235.53,1184.48,0.4766,-49.0898,69.858,106.559,-0.43241,-80.582,242.73
0.30200,-313.95,1112.27,0.4520,-49.2385,69.820,107.097,-0.43408,-77.586,243.44
0.30250,-392.30,1039.94,0.4273,-49.3790,69.780,107.635,-0.43568,-74.682,244.16
0.30300,-470.54,967.50,0.4026,-49.5109,69.741,108.172,-0.43721,-71.881,244.88
0.30350,-548.67,894.96,0.3778,-49.6338,69.700,108.709,-0.43868,-69.190,245.60
0.30400,-626.67,822.33,0.3530,-49.7472,69.659,109.245,-0.44006,-66.612,246.32
0.30450,-704.51,749.62,0.3281,-49.8507,69.616,109.780,-0.44137,-64.150,247.05
0.30500,-782.17,676.85,0.3031,-49.9439,69.573,110.315,-0.44260,-61.805,247.78
0.30550,-859.65,604.02,0.2781,-50.0263,69.530,110.849,-0.44375,-59.573,248.51
0.30600,-936.91,531.16,0.2531,-50.0977,69.485,111.382,-0.44481,-57.454,249.25
0.30650,-1013.94,458.26,0.2280,-50.1577,69.440,111.914,-0.44579,-55.444,249.98
0.30700,-1090.72,385.34,0.2030,-50.2059,69.393,112.444,-0.44668,-53.538,250.72
0.30750,-1167.23,312.41,0.1778,-50.2422,69.346,112.974,-0.44747,-51.732,251.46
0.30800,-1243.45,239.49,0.1527,-50.2663,69.298,113.501,-0.44818,-50.020,252.20
0.30850,-1319.37,166.57,0.1276,-50.2779,69.249,114.028,-0.44878,-48.398,252.94
0.30900,-1394.96,93.69,0.1024,-50.2770,69.200,114.552,-0.44930,-46.861,253.69
0.30950,-1470.20,20.84,0.0773,-50.2633,69.149,115.075,-0.44971,-45.403,254.43
0.31000,-1545.08,-51.96,0.0522,-50.2369,69.098,115.596,-0.45002,-44.020,255.18
0.31050,-1619.59,-124.69,0.0271,-50.1975,69.046,116.115,-0.45024,-42.707,255.93
0.31100,-1693.69,-197.35,0.0020,-50.1453,68.992,116.632,-0.45035,-41.460,256.68
0.31150,-1767.37,-269.91,-0.0231,-50.0800,68.939,117.147,-0.45036,-40.274,257.42
0.31200,-1840.62,-342.37,-0.0481,-50.0019,68.884,117.659,-0.45027,-39.145,258.17
0.31250,-1913.42,-414.70,-0.0731,-49.9108,68.828,118.169,-0.45007,-38.070,258.92
0.31300,-1985.74,-486.90,-0.0980,-49.8070,68.771,118.677,-0.44978,-37.046,259.67
0.31350,-2057.57,-558.95,-0.1229,-49.6903,68.714,119.181,-0.44937,-36.068,260.42
0.31400,-2128.90,-630.83,-0.1477,-49.5610,68.656,119.683,-0.44887,-35.133,261.17
0.31450,-2199.70,-702.52,-0.1724,-49.4192,68.597,120.182,-0.44826,-34.240,261.92
0.31500,-2269.95,-774.02,-0.1971,-49.2649,68.537,120.679,-0.44754,-33.386,262.67
0.31550,-2339.65,-845.29,-0.2217,-49.0983,68.476,121.172,-0.44672,-32.567,263.41
0.31600,-2408.77,-916.34,-0.2462,-48.9195,68.415,121.661,-0.44580,-31.782,264.16
0.31650,-2477.29,-987.13,-0.2706,-48.7288,68.353,122.148,-0.44478,-31.028,264.91
0.31700,-2545.21,-1057.66,-0.2949,-48.5262,68.290,122.631,-0.44365,-30.304,265.65
0.31750,-2612.49,-1127.90,-0.3191,-48.3119,68.227,123.111,-0.44242,-29.608,266.39
0.31800,-2679.13,-1197.84,-0.3432,-48.0860,68.163,123.587,-0.44109,-28.938,267.13
0.31850,-2745.11,-1267.46,-0.3672,-47.8488,68.098,124.059,-0.43966,-28.293,267.87
0.31900,-2810.42,-1336.75,-0.3911,-47.6004,68.033,124.528,-0.43812,-27.671,268.61
0.31950,-2875.03,-1405.68,-0.4148,-47.3408,67.967,124.992,-0.43648,-27.070,269.34
0.32000,-2938.93,-1474.24,-0.4384,-47.0704,67.900,125.453,-0.43475,-26.491,270.08
0.32050,-3002.10,-1542.41,-0.4619,-46.7892,67.834,125.909,-0.43291,-25.930,270.81
0.32100,-3064.54,-1610.18,-0.4852,-46.4973,67.766,126.362,-0.43097,-25.388,271.53
0.32150,-3126.21,-1677.53,-0.5084,-46.1950,67.698,126.810,-0.42894,-24.863,272.26
0.32200,-3187.12,-1744.44,-0.5314,-45.8824,67.630,127.254,-0.42680,-24.354,272.98
0.32250,-3247.24,-1810.89,-0.5543,-45.5595,67.561,127.693,-0.42457,-23.861,273.70
0.32300,-3306.56,-1876.88,-0.5770,-45.2265,67.492,128.128,-0.42224,-23.383,274.41
0.32350,-3365.06,-1942.37,-0.5995,-44.8836,67.423,128.559,-0.41981,-22.918,275.12
0.32400,-3422.74,-2007.37,-0.6218,-44.5308,67.354,128.984,-0.41729,-22.466,275.83
0.32450,-3479.56,-2071.85,-0.6440,-44.1683,67.284,129.405,-0.41466,-22.027,276.53
0.32500,-3535.53,-2135.80,-0.6660,-43.7961,67.214,129.822,-0.41194,-21.599,277.23
0.32550,-3590.63,-2199.20,-0.6878,-43.4144,67.144,130.233,-0.40913,-21.182,277.93
0.32600,-3644.84,-2262.03,-0.7094,-43.0233,67.074,130.640,-0.40622,-20.776,278.62
0.32650,-3698.16,-2324.29,-0.7308,-42.6228,67.003,131.041,-0.40322,-20.380,279.31
0.32700,-3750.56,-2385.95,-0.7520,-42.2131,66.933,131.438,-0.40012,-19.993,279.99
0.32750,-3802.03,-2447.01,-0.7731,-41.7942,66.863,131.830,-0.39692,-19.616,280.67
0.32800,-3852.57,-2507.45,-0.7938,-41.3663,66.792,132.216,-0.39363,-19.247,281.34
0.32850,-3902.15,-2567.26,-0.8144,-40.9294,66.722,132.597,-0.39025,-18.885,282.01
0.32900,-3950.78,-2626.41,-0.8348,-40.4836,66.652,132.973,-0.38677,-18.532,282.67
0.32950,-3998.42,-2684.91,-0.8549,-40.0290,66.582,133.344,-0.38321,-18.186,283.33
0.33000,-4045.08,-2742.73,-0.8748,-39.5657,66.512,133.710,-0.37954,-17.846,283.98
0.33050,-4090.75,-2799.87,-0.8945,-39.0937,66.442,134.070,-0.37579,-17.514,284.62
0.33100,-4135.40,-2856.30,-0.9139,-38.6132,66.373,134.424,-0.37195,-17.187,285.26
0.33150,-4179.04,-2912.03,-0.9331,-38.1242,66.304,134.774,-0.36801,-16.866,285.90
0.33200,-4221.64,-2967.03,-0.9520,-37.6269,66.235,135.117,-0.36399,-16.551,286.52
0.33250,-4263.20,-3021.29,-0.9707,-37.1212,66.167,135.455,-0.35987,-16.241,287.14
0.33300,-4303.71,-3074.81,-0.9891,-36.6074,66.099,135.788,-0.35567,-15.936,287.76
0.33350,-4343.16,-3127.56,-1.0073,-36.0855,66.031,136.115,-0.35137,-15.636,288.37
0.33400,-4381.53,-3179.54,-1.0252,-35.5556,65.964,136.436,-0.34699,-15.341,288.97
0.33450,-4418.83,-3230.74,-1.0429,-35.0178,65.897,136.752,-0.34252,-15.049,289.56
0.33500,-4455.03,-3281.15,-1.0602,-34.4722,65.831,137.061,-0.33797,-14.762,290.15
0.33550,-4490.14,-3330.74,-1.0773,-33.9188,65.766,137.366,-0.33333,-14.478,290.73
0.33600,-4524.14,-3379.53,-1.0942,-33.3579,65.701,137.664,-0.32860,-14.198,291.30
0.33650,-4557.02,-3427.48,-1.1107,-32.7895,65.636,137.956,-0.32379,-13.921,291.87
0.33700,-4588.77,-3474.59,-1.1269,-32.2137,65.573,138.243,-0.31889,-13.648,292.42
0.33750,-4619.40,-3520.86,-1.1429,-31.6307,65.510,138.524,-0.31392,-13.377,292.97
0.33800,-4648.88,-3566.27,-1.1586,-31.0405,65.448,138.799,-0.30886,-13.109,293.51
0.33850,-4677.22,-3610.81,-1.1739,-30.4432,65.386,139.068,-0.30372,-12.844,294.05
0.33900,-4704.40,-3654.47,-1.1890,-29.8390,65.326,139.330,-0.29851,-12.581,294.57
0.33950,-4730.43,-3697.23,-1.2038,-29.2281,65.266,139.587,-0.29321,-12.321,295.09
0.34000,-4755.28,-3739.11,-1.2182,-28.6104,65.208,139.838,-0.28784,-12.062,295.60
0.34050,-4778.97,-3780.07,-1.2324,-27.9862,65.150,140.083,-0.28239,-11.806,296.10
0.34100,-4801.47,-3820.11,-1.2462,-27.3556,65.093,140.322,-0.27687,-11.551,296.59
0.34150,-4822.79,-3859.23,-1.2597,-26.7187,65.037,140.555,-0.27127,-11.299,297.07
0.34200,-4842.92,-3897.41,-1.2729,-26.0756,64.982,140.782,-0.26560,-11.047,297.54
0.34250,-4861.85,-3934.64,-1.2858,-25.4264,64.928,141.002,-0.25986,-10.797,298.00
0.34300,-4879.58,-3970.92,-1.2984,-24.7714,64.875,141.217,-0.25405,-10.549,298.46
0.34350,-4896.11,-4006.24,-1.3106,-24.1105,64.824,141.425,-0.24818,-10.301,298.90
0.34400,-4911.44,-4040.58,-1.3225,-23.4441,64.773,141.627,-0.24223,-10.055,299.34
0.34450,-4925.55,-4073.95,-1.3340,-22.7721,64.724,141.823,-0.23622,-9.809,299.76
0.34500,-4938.44,-4106.33,-1.3452,-22.0948,64.676,142.013,-0.23015,-9.564,300.18
0.34550,-4950.12,-4137.71,-1.3561,-21.4123,64.629,142.197,-0.22402,-9.320,300.59
0.34600,-4960.57,-4168.09,-1.3667,-20.7248,64.584,142.374,-0.21782,-9.077,300.98
0.34650,-4969.80,-4197.46,-1.3768,-20.0323,64.540,142.545,-0.21157,-8.834,301.37
0.34700,-4977.81,-4225.81,-1.3867,-19.3352,64.497,142.710,-0.20526,-8.591,301.75
0.34750,-4984.59,-4253.13,-1.3962,-18.6335,64.455,142.868,-0.19889,-8.348,302.11
0.34800,-4990.13,-4279.42,-1.4053,-17.9275,64.415,143.020,-0.19247,-8.106,302.47
0.34850,-4994.45,-4304.67,-1.4141,-17.2173,64.376,143.166,-0.18600,-7.863,302.81
0.34900,-4997.53,-4328.87,-1.4225,-16.5034,64.339,143.306,-0.17948,-7.621,303.15
0.34950,-4999.38,-4352.01,-1.4306,-15.7858,64.303,143.439,-0.17292,-7.378,303.47
0.35000,-5000.00,-4374.09,-1.4383,-15.0651,64.269,143.566,-0.16631,-7.135,303.78
0.35050,-4999.38,-4395.10,-1.4457,-14.3415,64.236,143.687,-0.15966,-6.892,304.08
0.35100,-4997.53,-4415.02,-1.4527,-13.6157,64.205,143.801,-0.15298,-6.648,304.38
0.35150,-4994.45,-4433.85,-1.4593,-12.8883,64.176,143.908,-0.14626,-6.404,304.66
0.35200,-4990.13,-4451.58,-1.4656,-12.1601,64.148,144.010,-0.13952,-6.160,304.93
0.35250,-4984.59,-4468.20,-1.4715,-11.4321,64.122,144.105,-0.13276,-5.915,305.18
0.35300,-4977.81,-4483.68,-1.4770,-10.7056,64.097,144.193,-0.12598,-5.669,305.43
0.35350,-4969.80,-4498.01,-1.4822,-9.9822,64.075,144.275,-0.11920,-5.423,305.67
0.35400,-4960.57,-4511.17,-1.4870,-9.2642,64.054,144.350,-0.11243,-5.177,305.89
0.35450,-4950.12,-4523.13,-1.4914,-8.5540,64.036,144.419,-0.10569,-4.930,306.10
0.35500,-4938.44,-4533.85,-1.4955,-7.8547,64.019,144.481,-0.09898,-4.684,306.31
0.35550,-4925.55,-4543.29,-1.4993,-7.1701,64.005,144.536,-0.09234,-4.438,306.50
0.35600,-4911.44,-4551.40,-1.5027,-6.5041,63.993,144.584,-0.08578,-4.193,306.68
0.35650,-4896.11,-4558.13,-1.5058,-5.8612,63.984,144.625,-0.07934,-3.949,306.85
0.35700,-4879.58,-4563.41,-1.5086,-5.2456,63.979,144.659,-0.07304,-3.707,307.01
0.35750,-4861.85,-4567.18,-1.5110,-4.6608,63.976,144.686,-0.06691,-3.468,307.15
0.35800,-4842.92,-4569.35,-1.5132,-4.1096,63.977,144.706,-0.06096,-3.233,307.29
0.35850,-4822.79,-4569.88,-1.5152,-3.5930,63.981,144.717,-0.05521,-3.002,307.42
0.35900,-4801.47,-4568.72,-1.5168,-3.1104,63.990,144.722,-0.04967,-2.775,307.53
0.35950,-4778.97,-4565.82,-1.5183,-2.6597,64.002,144.719,-0.04434,-2.554,307.64
0.36000,-4755.28,-4561.17,-1.5195,-2.2373,64.019,144.708,-0.03920,-2.338,307.74
0.36050,-4730.43,-4554.78,-1.5205,-1.8386,64.040,144.690,-0.03423,-2.126,307.82
0.36100,-4704.40,-4546.68,-1.5213,-1.4585,64.066,144.665,-0.02940,-1.920,307.90
0.36150,-4677.22,-4536.89,-1.5220,-1.0918,64.095,144.633,-0.02469,-1.718,307.97
0.36200,-4648.88,-4525.49,-1.5224,-0.7335,64.129,144.594,-0.02008,-1.520,308.03
0.36250,-4619.40,-4512.54,-1.5227,-0.3789,64.167,144.549,-0.01553,-1.325,308.09
0.36300,-4588.77,-4498.09,-1.5228,-0.0239,64.208,144.497,-0.01102,-1.132,308.13
0.36350,-4557.02,-4482.24,-1.5227,0.3352,64.253,144.440,-0.00653,-0.940,308.17
0.36400,-4524.14,-4465.24,-1.5225,0.7017,64.300,144.377,-0.00179,-0.746,308.20
0.36450,-4490.14,-4449.24,-1.5220,1.0732,64.343,144.316,0.00572,-0.522,308.22
0.36500,-4455.03,-4434.76,-1.5214,1.4416,64.382,144.259,0.01455,-0.261,308.23
0.36550,-4418.83,-4421.79,-1.5206,1.8001,64.415,144.207,0.02412,0.038,308.23
0.36600,-4381.53,-4410.26,-1.5196,2.1440,64.443,144.157,0.03439,0.376,308.25
0.36650,-4343.16,-4400.11,-1.5184,2.4694,64.467,144.112,0.04531,0.751,308.27
0.36700,-4303.71,-4390.83,-1.5171,2.7737,64.487,144.068,0.05630,1.160,308.32
0.36750,-4263.20,-4376.14,-1.5157,3.0694,64.522,144.004,0.05970,1.518,308.37
0.36800,-4221.64,-4354.85,-1.5141,3.3896,64.574,143.914,0.06024,1.807,308.44
0.36850,-4179.04,-4328.88,-1.5123,3.7582,64.639,143.806,0.06158,2.054,308.52
0.36900,-4135.40,-4299.94,-1.5103,4.1886,64.711,143.685,0.06406,2.279,308.60
0.36950,-4090.75,-4269.13,-1.5081,4.6874,64.787,143.555,0.06735,2.497,308.69
0.37000,-4045.08,-4237.05,-1.5056,5.2585,64.866,143.419,0.07118,2.717,308.78
0.37050,-3998.42,-4204.09,-1.5028,5.9049,64.945,143.276,0.07540,2.945,308.89
0.37100,-3950.78,-4170.49,-1.4997,6.6295,65.025,143.129,0.07996,3.183,309.00
0.37150,-3902.15,-4136.42,-1.4962,7.4348,65.104,142.977,0.08483,3.436,309.11
0.37200,-3852.57,-4102.04,-1.4922,8.3229,65.182,142.820,0.09004,3.705,309.24
0.37250,-3802.03,-4067.46,-1.4878,9.2947,65.257,142.658,0.09559,3.993,309.37
0.37300,-3750.56,-4032.79,-1.4829,10.3495,65.331,142.492,0.10147,4.303,309.51
0.37350,-3698.16,-3998.10,-1.4775,11.4849,65.402,142.321,0.10769,4.637,309.66
0.37400,-3644.84,-3963.44,-1.4714,12.6962,65.470,142.145,0.11423,4.996,309.82
0.37450,-3590.63,-3928.83,-1.4648,13.9774,65.534,141.964,0.12106,5.381,309.99
0.37500,-3535.53,-3894.27,-1.4574,15.3208,65.595,141.778,0.12815,5.794,310.17
0.37550,-3479.56,-3859.71,-1.4494,16.7175,65.653,141.586,0.13546,6.235,310.36
0.37600,-3422.74,-3825.12,-1.4407,18.1580,65.707,141.388,0.14295,6.705,310.56
0.37650,-3365.06,-3790.42,-1.4313,19.6325,65.758,141.184,0.15058,7.204,310.77
0.37700,-3306.56,-3755.53,-1.4211,21.1310,65.806,140.972,0.15830,7.732,311.00
0.37750,-3247.24,-3720.34,-1.4101,22.6436,65.851,140.754,0.16607,8.289,311.23
0.37800,-3187.12,-3684.77,-1.3984,24.1609,65.893,140.528,0.17384,8.875,311.48
0.37850,-3126.21,-3648.71,-1.3860,25.6736,65.933,140.294,0.18159,9.488,311.74
0.37900,-3064.54,-3612.05,-1.3728,27.1732,65.971,140.051,0.18927,10.130,312.02
0.37950,-3002.10,-3574.69,-1.3588,28.6518,66.007,139.801,0.19685,10.798,312.31
0.38000,-2938.93,-3536.53,-1.3441,30.1021,66.042,139.541,0.20430,11.494,312.60
0.38050,-2875.03,-3497.48,-1.3287,31.5174,66.076,139.272,0.21159,12.216,312.92
0.38100,-2810.42,-3457.45,-1.3126,32.8920,66.109,138.994,0.21869,12.965,313.24
0.38150,-2745.11,-3416.36,-1.2958,34.2206,66.143,138.707,0.22558,13.741,313.57
0.38200,-2679.13,-3374.13,-1.2784,35.4990,66.176,138.411,0.23225,14.543,313.92
0.38250,-2612.49,-3330.70,-1.2603,36.7234,66.210,138.106,0.23867,15.372,314.28
0.38300,-2545.21,-3286.01,-1.2417,37.8908,66.245,137.791,0.24484,16.228,314.65
0.38350,-2477.29,-3240.02,-1.2224,38.9991,66.281,137.468,0.25074,17.113,315.03
0.38400,-2408.77,-3192.68,-1.2027,40.0467,66.318,137.136,0.25636,18.027,315.42
0.38450,-2339.65,-3143.98,-1.1824,41.0325,66.357,136.795,0.26171,18.972,315.83
0.38500,-2269.95,-3093.88,-1.1617,41.9561,66.398,136.445,0.26678,19.949,316.24
0.38550,-2199.70,-3042.38,-1.1405,42.8178,66.441,136.087,0.27157,20.962,316.66
0.38600,-2128.90,-2989.48,-1.1189,43.6181,66.486,135.722,0.27608,22.011,317.09
0.38650,-2057.57,-2935.19,-1.0969,44.3581,66.533,135.349,0.28031,23.100,317.53
0.38700,-1985.74,-2879.50,-1.0745,45.0394,66.583,134.968,0.28428,24.232,317.98
0.38750,-1913.42,-2822.45,-1.0518,45.6638,66.636,134.581,0.28798,25.412,318.43
0.38800,-1840.62,-2764.06,-1.0289,46.2335,66.692,134.186,0.29143,26.643,318.89
0.38850,-1767.37,-2704.36,-1.0056,46.7509,66.750,133.786,0.29465,27.931,319.36
0.38900,-1693.69,-2643.39,-0.9821,47.2187,66.811,133.380,0.29763,29.281,319.84
0.38950,-1619.59,-2581.19,-0.9584,47.6396,66.875,132.968,0.30039,30.699,320.32
0.39000,-1545.08,-2517.81,-0.9345,48.0166,66.941,132.551,0.30294,32.193,320.80
0.39050,-1470.20,-2453.29,-0.9104,48.3527,67.011,132.129,0.30530,33.770,321.29
0.39100,-1394.96,-2387.70,-0.8861,48.6511,67.083,131.702,0.30747,35.438,321.79
0.39150,-1319.37,-2321.07,-0.8617,48.9147,67.158,131.272,0.30948,37.207,322.29
0.39200,-1243.45,-2253.48,-0.8372,49.1467,67.235,130.838,0.31133,39.086,322.80
0.39250,-1167.23,-2184.97,-0.8126,49.3501,67.315,130.400,0.31304,41.086,323.31
0.39300,-1090.72,-2115.60,-0.7879,49.5278,67.398,129.960,0.31461,43.218,323.82
0.39350,-1013.94,-2045.44,-0.7631,49.6826,67.483,129.516,0.31607,45.492,324.33
0.39400,-936.91,-1974.54,-0.7382,49.8173,67.570,129.070,0.31742,47.920,324.85
0.39450,-859.65,-1902.95,-0.7133,49.9345,67.659,128.622,0.31867,50.513,325.37
0.39500,-782.17,-1830.75,-0.6883,50.0364,67.750,128.172,0.31984,53.279,325.90
0.39550,-704.51,-1757.97,-0.6632,50.1255,67.843,127.721,0.32092,56.227,326.43
0.39600,-626.67,-1684.67,-0.6381,50.2037,67.937,127.268,0.32195,59.361,326.95
0.39650,-548.67,-1610.91,-0.6130,50.2730,68.034,126.814,0.32291,62.683,327.49
0.39700,-470.54,-1536.74,-0.5879,50.3349,68.132,126.359,0.32381,66.187,328.02
0.39750,-392.30,-1462.20,-0.5627,50.3911,68.231,125.903,0.32468,69.864,328.55
0.39800,-313.95,-1387.34,-0.5375,50.4427,68.331,125.447,0.32550,73.696,329.09
0.39850,-235.53,-1312.20,-0.5122,50.4910,68.433,124.990,0.32628,77.660,329.63
0.39900,-157.05,-1236.82,-0.4870,50.5369,68.536,124.533,0.32703,81.724,330.17
0.39950,-78.54,-1161.25,-0.4617,50.5810,68.639,124.076,0.32776,85.851,330.71
0.40000,-0.00,-1085.52,-0.4364,50.6240,68.744,123.619,0.32846,0.000,331.25
0.40050,78.54,-1009.65,-0.4111,50.6663,68.849,123.162,0.32913,85.872,331.80
0.40100,157.05,-933.69,-0.3857,50.7080,68.955,122.706,0.32978,81.806,332.34
0.40150,235.53,-857.66,-0.3604,50.7494,69.062,122.250,0.33040,77.841,332.89
0.40200,313.95,-781.59,-0.3350,50.7904,69.169,121.794,0.33101,74.009,333.44
0.40250,392.30,-705.49,-0.3096,50.8309,69.276,121.339,0.33159,70.336,333.98
0.40300,470.54,-629.40,-0.2842,50.8704,69.384,120.885,0.33214,66.839,334.53
0.40350,548.67,-553.34,-0.2587,50.9089,69.492,120.432,0.33267,63.532,335.09
0.40400,626.67,-477.31,-0.2333,50.9456,69.601,119.979,0.33316,60.419,335.64
0.40450,704.51,-401.35,-0.2078,50.9802,69.709,119.527,0.33363,57.500,336.19
0.40500,782.17,-325.45,-0.1823,51.0121,69.818,119.076,0.33406,54.771,336.74
0.40550,859.65,-249.65,-0.1568,51.0406,69.928,118.626,0.33446,52.226,337.30
0.40600,936.91,-173.94,-0.1312,51.0650,70.037,118.177,0.33481,49.855,337.85
0.40650,1013.94,-98.35,-0.1057,51.0847,70.146,117.730,0.33512,47.648,338.41
0.40700,1090.72,-22.88,-0.0801,51.0988,70.256,117.283,0.33539,45.595,338.97
0.40750,1167.23,52.46,-0.0546,51.1068,70.365,116.838,0.33560,43.683,339.53
0.40800,1243.45,127.66,-0.0290,51.1078,70.475,116.394,0.33576,41.903,340.08
0.40850,1319.37,202.71,-0.0035,51.1011,70.585,115.952,0.33586,40.243,340.64
0.40900,1394.96,277.61,0.0221,51.0861,70.694,115.510,0.33590,38.694,341.20
0.40950,1470.20,352.33,0.0476,51.0620,70.804,115.071,0.33588,37.248,341.76
0.41000,1545.08,426.88,0.0731,51.0281,70.914,114.633,0.33579,35.894,342.32
0.41050,1619.59,501.25,0.0986,50.9840,71.024,114.196,0.33563,34.625,342.88
0.41100,1693.69,575.43,0.1241,50.9289,71.134,113.761,0.33540,33.435,343.44
0.41150,1767.37,649.41,0.1495,50.8623,71.244,113.328,0.33509,32.316,344.00
0.41200,1840.62,723.19,0.1750,50.7838,71.354,112.897,0.33471,31.262,344.55
0.41250,1913.42,796.74,0.2003,50.6929,71.464,112.467,0.33424,30.268,345.11
0.41300,1985.74,870.07,0.2257,50.5891,71.574,112.039,0.33369,29.329,345.67
0.41350,2057.57,943.17,0.2509,50.4722,71.684,111.614,0.33306,28.440,346.23
0.41400,2128.90,1016.02,0.2761,50.3417,71.794,111.190,0.33234,27.598,346.78
0.41450,2199.70,1088.61,0.3013,50.1976,71.904,110.769,0.33153,26.799,347.34
0.41500,2269.95,1160.94,0.3263,50.0395,72.015,110.350,0.33064,26.038,347.89
0.41550,2339.65,1232.98,0.3513,49.8673,72.125,109.933,0.32965,25.314,348.45
0.41600,2408.77,1304.74,0.3762,49.6809,72.235,109.519,0.32857,24.624,349.00
0.41650,2477.29,1376.19,0.4010,49.4802,72.345,109.107,0.32741,23.964,349.55
0.41700,2545.21,1447.32,0.4257,49.2651,72.455,108.697,0.32615,23.333,350.10
0.41750,2612.49,1518.12,0.4502,49.0358,72.565,108.291,0.32480,22.729,350.65
0.41800,2679.13,1588.58,0.4747,48.7922,72.675,107.887,0.32335,22.149,351.19
0.41850,2745.11,1658.67,0.4990,48.5345,72.785,107.486,0.32182,21.592,351.73
0.41900,2810.42,1728.39,0.5232,48.2626,72.894,107.088,0.32019,21.057,352.28
0.41950,2875.03,1797.71,0.5473,47.9769,73.004,106.692,0.31848,20.542,352.81
0.42000,2938.93,1866.63,0.5712,47.6773,73.113,106.300,0.31667,20.045,353.35
0.42050,3002.10,1935.13,0.5950,47.3642,73.222,105.911,0.31477,19.566,353.88
0.42100,3064.54,2003.18,0.6186,47.0378,73.331,105.526,0.31279,19.103,354.41
0.42150,3126.21,2070.78,0.6420,46.6982,73.440,105.144,0.31071,18.655,354.94
0.42200,3187.12,2137.90,0.6653,46.3456,73.548,104.765,0.30855,18.222,355.47
0.42250,3247.24,2204.52,0.6883,45.9804,73.656,104.389,0.30631,17.802,355.99
0.42300,3306.56,2270.64,0.7112,45.6028,73.764,104.018,0.30398,17.395,356.51
0.42350,3365.06,2336.23,0.7339,45.2131,73.871,103.650,0.30156,17.000,357.02
0.42400,3422.74,2401.28,0.7564,44.8114,73.978,103.285,0.29906,16.617,357.53
0.42450,3479.56,2465.77,0.7787,44.3981,74.084,102.925,0.29648,16.244,358.04
0.42500,3535.53,2529.67,0.8008,43.9735,74.190,102.569,0.29382,15.881,358.54
0.42550,3590.63,2592.98,0.8227,43.5377,74.295,102.216,0.29108,15.528,359.04
0.42600,3644.84,2655.68,0.8444,43.0911,74.399,101.868,0.28826,15.184,359.53
0.42650,3698.16,2717.74,0.8658,42.6340,74.503,101.524,0.28537,14.848,360.02
0.42700,3750.56,2779.16,0.8870,42.1664,74.606,101.184,0.28240,14.521,360.51
0.42750,3802.03,2839.91,0.9080,41.6888,74.708,100.848,0.27936,14.201,360.99
0.42800,3852.57,2899.98,0.9287,41.2013,74.810,100.517,0.27624,13.888,361.47
0.42850,3902.15,2959.36,0.9492,40.7042,74.911,100.190,0.27305,13.583,361.94
0.42900,3950.78,3018.02,0.9694,40.1976,75.011,99.867,0.26979,13.284,362.41
0.42950,3998.42,3075.95,0.9894,39.6818,75.109,99.550,0.26646,12.991,362.87
0.43000,4045.08,3133.13,1.0091,39.1569,75.207,99.236,0.26306,12.705,363.32
0.43050,4090.75,3189.56,1.0285,38.6232,75.304,98.928,0.25960,12.424,363.77
0.43100,4135.40,3245.21,1.0477,38.0809,75.400,98.624,0.25606,12.148,364.22
0.43150,4179.04,3300.07,1.0666,37.5300,75.495,98.325,0.25246,11.878,364.66
0.43200,4221.64,3354.13,1.0852,36.9709,75.589,98.031,0.24880,11.612,365.09
0.43250,4263.20,3407.37,1.1036,36.4035,75.682,97.741,0.24507,11.351,365.52
0.43300,4303.71,3459.78,1.1216,35.8281,75.773,97.457,0.24128,11.095,365.94
0.43350,4343.16,3511.34,1.1394,35.2448,75.863,97.178,0.23743,10.842,366.36
0.43400,4381.53,3562.05,1.1569,34.6538,75.952,96.903,0.23351,10.594,366.77
0.43450,4418.83,3611.89,1.1741,34.0551,76.040,96.634,0.22954,10.349,367.17
0.43500,4455.03,3660.85,1.1909,33.4489,76.126,96.370,0.22550,10.108,367.57
0.43550,4490.14,3708.91,1.2075,32.8353,76.211,96.111,0.22141,9.870,367.96
0.43600,4524.14,3756.06,1.2238,32.2144,76.295,95.857,0.21726,9.635,368.34
0.43650,4557.02,3802.30,1.2397,31.5864,76.377,95.609,0.21306,9.404,368.72
0.43700,4588.77,3847.62,1.2554,30.9513,76.457,95.365,0.20879,9.175,369.09
0.43750,4619.40,3891.99,1.2707,30.3092,76.536,95.128,0.20447,8.949,369.45
0.43800,4648.88,3935.41,1.2857,29.6603,76.614,94.895,0.20010,8.725,369.81
0.43850,4677.22,3977.88,1.3003,29.0046,76.690,94.668,0.19568,8.504,370.16
0.43900,4704.40,4019.37,1.3147,28.3424,76.764,94.446,0.19120,8.285,370.50
0.43950,4730.43,4059.89,1.3287,27.6736,76.837,94.230,0.18667,8.068,370.84
0.44000,4755.28,4099.42,1.3423,26.9983,76.908,94.019,0.18209,7.853,371.17
0.44050,4778.97,4137.95,1.3557,26.3168,76.978,93.813,0.17746,7.640,371.49
0.44100,4801.47,4175.47,1.3687,25.6291,77.045,93.614,0.17278,7.428,371.80
0.44150,4822.79,4211.98,1.3813,24.9353,77.111,93.419,0.16805,7.218,372.10
0.44200,4842.92,4247.46,1.3936,24.2355,77.176,93.231,0.16328,7.010,372.40
0.44250,4861.85,4281.92,1.4055,23.5299,77.238,93.048,0.15846,6.802,372.69
0.44300,4879.58,4315.33,1.4171,22.8187,77.299,92.870,0.15360,6.596,372.97
0.44350,4896.11,4347.69,1.4283,22.1019,77.358,92.699,0.14869,6.391,373.25
0.44400,4911.44,4379.00,1.4392,21.3796,77.415,92.533,0.14374,6.187,373.52
0.44450,4925.55,4409.25,1.4497,20.6521,77.470,92.372,0.13875,5.984,373.77
0.44500,4938.44,4438.43,1.4599,19.9196,77.523,92.218,0.13372,5.781,374.02
0.44550,4950.12,4466.52,1.4696,19.1821,77.574,92.069,0.12866,5.580,374.27
0.44600,4960.57,4493.54,1.4790,18.4399,77.623,91.926,0.12355,5.379,374.50
0.44650,4969.80,4519.46,1.4881,17.6933,77.671,91.789,0.11842,5.178,374.72
0.44700,4977.81,4544.28,1.4967,16.9424,77.716,91.658,0.11324,4.978,374.94
0.44750,4984.59,4567.99,1.5050,16.1877,77.759,91.532,0.10804,4.777,375.15
0.44800,4990.13,4590.59,1.5129,15.4294,77.800,91.413,0.10281,4.578,375.35
0.44850,4994.45,4612.07,1.5205,14.6680,77.840,91.299,0.09755,4.378,375.54
0.44900,4997.53,4632.42,1.5276,13.9040,77.877,91.191,0.09227,4.179,375.72
0.44950,4999.38,4651.63,1.5344,13.1382,77.912,91.089,0.08697,3.979,375.90
0.45000,5000.00,4669.68,1.5407,12.3713,77.945,90.994,0.08165,3.780,376.06
0.45050,4999.38,4686.58,1.5467,11.6045,77.975,90.904,0.07633,3.580,376.22
0.45100,4997.53,4702.30,1.5523,10.8392,78.003,90.820,0.07100,3.381,376.37
0.45150,4994.45,4716.82,1.5576,10.0772,78.029,90.742,0.06568,3.182,376.50
0.45200,4990.13,4730.13,1.5624,9.3208,78.053,90.671,0.06038,2.983,376.63
0.45250,4984.59,4742.19,1.5669,8.5730,78.074,90.605,0.05511,2.784,376.76
0.45300,4977.81,4752.98,1.5710,7.8373,78.093,90.546,0.04989,2.586,376.87
0.45350,4969.80,4762.44,1.5747,7.1178,78.108,90.494,0.04474,2.389,376.97
0.45400,4960.57,4770.54,1.5781,6.4195,78.121,90.448,0.03968,2.194,377.07
0.45450,4950.12,4777.22,1.5812,5.7473,78.131,90.408,0.03474,2.000,377.15
0.45500,4938.44,4782.40,1.5839,5.1063,78.137,90.375,0.02995,1.810,377.23
0.45550,4925.55,4786.03,1.5863,4.5006,78.139,90.349,0.02533,1.622,377.30
0.45600,4911.44,4788.05,1.5884,3.9332,78.138,90.330,0.02089,1.439,377.36
0.45650,4896.11,4788.39,1.5902,3.4052,78.132,90.317,0.01665,1.260,377.42
0.45700,4879.58,4787.02,1.5918,2.9157,78.122,90.312,0.01261,1.087,377.46
0.45750,4861.85,4783.92,1.5931,2.4620,78.108,90.314,0.00875,0.918,377.50
0.45800,4842.92,4779.10,1.5943,2.0399,78.089,90.323,0.00503,0.755,377.53
0.45850,4822.79,4774.62,1.5952,1.6476,78.072,90.331,-0.00121,0.572,377.56
0.45900,4801.47,4771.68,1.5959,1.2922,78.060,90.336,-0.00943,0.356,377.57
0.45950,4778.97,4770.09,1.5965,0.9788,78.053,90.337,-0.01825,0.106,377.58
0.46000,4755.28,4769.69,1.5969,0.7097,78.050,90.335,-0.02760,-0.174,377.58
0.46050,4730.43,4770.29,1.5972,0.4845,78.050,90.331,-0.03741,-0.483,377.60
0.46100,4704.40,4771.71,1.5974,0.3015,78.053,90.324,-0.04764,-0.820,377.64
0.46150,4677.22,4772.28,1.5975,0.1560,78.054,90.322,-0.05627,-1.164,377.69
0.46200,4648.88,4767.33,1.5975,0.0263,78.042,90.342,-0.05892,-1.459,377.74
0.46250,4619.40,4757.19,1.5975,-0.1150,78.016,90.383,-0.06069,-1.709,377.81
0.46300,4588.77,4743.15,1.5974,-0.2852,77.980,90.440,-0.06289,-1.927,377.89
0.46350,4557.02,4726.20,1.5972,-0.4932,77.937,90.509,-0.06557,-2.126,377.98
0.46400,4524.14,4707.07,1.5969,-0.7424,77.889,90.589,-0.06863,-2.315,378.07
0.46450,4490.14,4686.21,1.5965,-1.0329,77.837,90.677,-0.07196,-2.500,378.16
0.46500,4455.03,4663.93,1.5959,-1.3637,77.783,90.772,-0.07550,-2.685,378.27
0.46550,4418.83,4640.46,1.5951,-1.7331,77.726,90.873,-0.07923,-2.871,378.38
0.46600,4381.53,4615.95,1.5941,-2.1400,77.668,90.981,-0.08311,-3.063,378.50
0.46650,4343.16,4590.52,1.5930,-2.5841,77.609,91.094,-0.08715,-3.260,378.62
0.46700,4303.71,4564.26,1.5916,-3.0658,77.550,91.214,-0.09135,-3.464,378.75
0.46750,4263.20,4537.25,1.5899,-3.5869,77.490,91.339,-0.09572,-3.678,378.89
0.46800,4221.64,4509.58,1.5880,-4.1497,77.430,91.469,-0.10027,-3.902,379.03
0.46850,4179.04,4481.32,1.5857,-4.7577,77.370,91.605,-0.10503,-4.137,379.18
0.46900,4135.40,4452.57,1.5832,-5.4145,77.311,91.747,-0.11003,-4.386,379.34
0.46950,4090.75,4423.40,1.5803,-6.1243,77.253,91.894,-0.11528,-4.649,379.51
0.47000,4045.08,4393.89,1.5771,-6.8905,77.197,92.046,-0.12080,-4.928,379.68
0.47050,3998.42,4364.14,1.5734,-7.7162,77.142,92.203,-0.12662,-5.226,379.87
0.47100,3950.78,4334.22,1.5693,-8.6033,77.090,92.365,-0.13276,-5.543,380.06
0.47150,3902.15,4304.19,1.5648,-9.5522,77.041,92.533,-0.13921,-5.882,380.26
0.47200,3852.57,4274.12,1.5598,-10.5616,76.994,92.706,-0.14598,-6.245,380.47
0.47250,3802.03,4244.04,1.5542,-11.6288,76.951,92.885,-0.15306,-6.631,380.69
0.47300,3750.56,4213.97,1.5481,-12.7491,76.912,93.069,-0.16043,-7.044,380.92
0.47350,3698.16,4183.90,1.5415,-13.9169,76.876,93.260,-0.16806,-7.483,381.16
0.47400,3644.84,4153.81,1.5342,-15.1252,76.843,93.457,-0.17591,-7.949,381.42
0.47450,3590.63,4123.65,1.5263,-16.3664,76.815,93.661,-0.18396,-8.444,381.69
0.47500,3535.53,4093.36,1.5178,-17.6327,76.790,93.871,-0.19215,-8.966,381.96
0.47550,3479.56,4062.85,1.5087,-18.9159,76.768,94.090,-0.20046,-9.516,382.26
0.47600,3422.74,4032.06,1.4989,-20.2079,76.750,94.316,-0.20883,-10.094,382.56
0.47650,3365.06,4000.87,1.4885,-21.5010,76.734,94.550,-0.21723,-10.700,382.88
0.47700,3306.56,3969.19,1.4774,-22.7878,76.722,94.793,-0.22561,-11.332,383.21
0.47750,3247.24,3936.92,1.4657,-24.0616,76.711,95.044,-0.23395,-11.991,383.55
0.47800,3187.12,3903.95,1.4534,-25.3160,76.703,95.305,-0.24221,-12.676,383.91
0.47850,3126.21,3870.20,1.4404,-26.5454,76.696,95.575,-0.25035,-13.386,384.29
0.47900,3064.54,3835.56,1.4268,-27.7448,76.691,95.855,-0.25835,-14.122,384.67
0.47950,3002.10,3799.96,1.4127,-28.9099,76.686,96.144,-0.26618,-14.883,385.07
0.48000,2938.93,3763.30,1.3979,-30.0371,76.682,96.443,-0.27383,-15.669,385.48
0.48050,2875.03,3725.53,1.3826,-31.1235,76.679,96.752,-0.28128,-16.479,385.91
0.48100,2810.42,3686.57,1.3668,-32.1666,76.675,97.070,-0.28850,-17.315,386.35
0.48150,2745.11,3646.38,1.3505,-33.1649,76.671,97.398,-0.29549,-18.176,386.80
0.48200,2679.13,3604.91,1.3336,-34.1171,76.666,97.735,-0.30224,-19.063,387.26
0.48250,2612.49,3562.13,1.3164,-35.0227,76.660,98.082,-0.30875,-19.976,387.73
0.48300,2545.21,3518.01,1.2986,-35.8815,76.653,98.437,-0.31501,-20.917,388.22
0.48350,2477.29,3472.53,1.2805,-36.6940,76.644,98.802,-0.32101,-21.888,388.72
0.48400,2408.77,3425.70,1.2619,-37.4609,76.634,99.175,-0.32677,-22.888,389.23
0.48450,2339.65,3377.51,1.2430,-38.1834,76.622,99.557,-0.33229,-23.922,389.74
0.48500,2269.95,3327.97,1.2238,-38.8627,76.608,99.946,-0.33756,-24.990,390.27
0.48550,2199.70,3277.10,1.2042,-39.5006,76.592,100.344,-0.34261,-26.096,390.81
0.48600,2128.90,3224.92,1.1843,-40.0991,76.574,100.748,-0.34743,-27.241,391.36
0.48650,2057.57,3171.46,1.1641,-40.6600,76.553,101.160,-0.35203,-28.429,391.92
0.48700,1985.74,3116.75,1.1436,-41.1857,76.531,101.578,-0.35643,-29.664,392.48
0.48750,1913.42,3060.83,1.1229,-41.6783,76.506,102.003,-0.36063,-30.950,393.06
0.48800,1840.62,3003.75,1.1019,-42.1401,76.479,102.433,-0.36465,-32.290,393.64
0.48850,1767.37,2945.54,1.0808,-42.5735,76.449,102.869,-0.36849,-33.688,394.23
0.48900,1693.69,2886.26,1.0594,-42.9807,76.418,103.311,-0.37217,-35.150,394.82
0.48950,1619.59,2825.95,1.0378,-43.3640,76.384,103.757,-0.37570,-36.681,395.43
0.49000,1545.08,2764.67,1.0160,-43.7255,76.348,104.207,-0.37909,-38.285,396.04
0.49050,1470.20,2702.46,0.9941,-44.0673,76.310,104.662,-0.38235,-39.968,396.65
0.49100,1394.96,2639.38,0.9720,-44.3914,76.269,105.121,-0.38549,-41.736,397.28
0.49150,1319.37,2575.48,0.9497,-44.6995,76.227,105.583,-0.38852,-43.593,397.90
0.49200,1243.45,2510.81,0.9273,-44.9934,76.183,106.049,-0.39145,-45.546,398.54
0.49250,1167.23,2445.42,0.9047,-45.2745,76.138,106.518,-0.39429,-47.598,399.18
0.49300,1090.72,2379.35,0.8820,-45.5444,76.090,106.989,-0.39704,-49.755,399.82
0.49350,1013.94,2312.67,0.8591,-45.8042,76.041,107.463,-0.39971,-52.020,400.47
0.49400,936.91,2245.40,0.8362,-46.0550,75.990,107.939,-0.40231,-54.397,401.12
0.49450,859.65,2177.59,0.8131,-46.2977,75.938,108.417,-0.40484,-56.885,401.78
0.49500,782.17,2109.28,0.7899,-46.5332,75.885,108.897,-0.40730,-59.486,402.45
0.49550,704.51,2040.52,0.7666,-46.7620,75.830,109.378,-0.40971,-62.196,403.11
0.49600,626.67,1971.34,0.7431,-46.9846,75.773,109.861,-0.41206,-65.013,403.79
0.49650,548.67,1901.77,0.7196,-47.2014,75.716,110.345,-0.41435,-67.928,404.46
0.49700,470.54,1831.84,0.6959,-47.4126,75.658,110.831,-0.41659,-70.932,405.14
0.49750,392.30,1761.59,0.6722,-47.6184,75.598,111.317,-0.41878,-74.013,405.83
0.49800,313.95,1691.04,0.6483,-47.8188,75.537,111.804,-0.42092,-77.157,406.52
0.49850,235.53,1620.22,0.6243,-48.0136,75.476,112.291,-0.42301,-80.347,407.21
0.49900,157.05,1549.15,0.6003,-48.2028,75.413,112.779,-0.42504,-83.563,407.91
0.49950,78.54,1477.86,0.5761,-48.3862,75.350,113.268,-0.42702,-86.788,408.61
0.50000,0.00,1406.36,0.5519,-48.5633,75.285,113.756,-0.42894,0.000,409.31
0.50050,-78.54,1334.67,0.5276,-48.7340,75.220,114.245,-0.43081,-86.819,410.01
0.50100,-157.05,1262.81,0.5032,-48.8977,75.154,114.734,-0.43262,-83.688,410.72
0.50150,-235.53,1190.80,0.4787,-49.0542,75.087,115.222,-0.43437,-80.623,411.44
0.50200,-313.95,1118.65,0.4541,-49.2029,75.020,115.711,-0.43605,-77.639,412.15
0.50250,-392.30,1046.38,0.4295,-49.3435,74.951,116.199,-0.43767,-74.747,412.87
0.50300,-470.54,973.99,0.4048,-49.4754,74.882,116.687,-0.43922,-71.958,413.60
0.50350,-548.67,901.51,0.3800,-49.5983,74.812,117.174,-0.44070,-69.276,414.32
0.50400,-626.67,828.93,0.3552,-49.7117,74.741,117.661,-0.44210,-66.707,415.05
0.50450,-704.51,756.28,0.3303,-49.8151,74.670,118.147,-0.44343,-64.253,415.78
0.50500,-782.17,683.57,0.3054,-49.9082,74.597,118.632,-0.44467,-61.914,416.51
0.50550,-859.65,610.80,0.2804,-49.9906,74.524,119.117,-0.44584,-59.689,417.25
0.50600,-936.91,537.99,0.2554,-50.0619,74.450,119.600,-0.44692,-57.575,417.98
0.50650,-1013.94,465.14,0.2303,-50.1218,74.375,120.083,-0.44791,-55.569,418.72
0.50700,-1090.72,392.28,0.2053,-50.1700,74.300,120.564,-0.44881,-53.666,419.47
0.50750,-1167.23,319.40,0.1802,-50.2062,74.223,121.044,-0.44962,-51.863,420.21
0.50800,-1243.45,246.53,0.1551,-50.2302,74.146,121.522,-0.45034,-50.154,420.95
0.50850,-1319.37,173.67,0.1299,-50.2418,74.068,122.000,-0.45097,-48.534,421.70
0.50900,-1394.96,100.83,0.1048,-50.2408,73.989,122.475,-0.45149,-46.998,422.45
0.50950,-1470.20,28.04,0.0797,-50.2272,73.910,122.949,-0.45192,-45.541,423.20
0.51000,-1545.08,-44.71,0.0546,-50.2007,73.829,123.421,-0.45225,-44.159,423.95
0.51050,-1619.59,-117.39,0.0295,-50.1614,73.748,123.892,-0.45248,-42.846,424.70
0.51100,-1693.69,-190.00,0.0044,-50.1091,73.666,124.360,-0.45260,-41.599,425.45
0.51150,-1767.37,-262.52,-0.0206,-50.0440,73.583,124.826,-0.45263,-40.413,426.20
0.51200,-1840.62,-334.92,-0.0456,-49.9659,73.500,125.291,-0.45255,-39.284,426.96
0.51250,-1913.42,-407.21,-0.0706,-49.8750,73.415,125.753,-0.45237,-38.209,427.71
0.51300,-1985.74,-479.37,-0.0955,-49.7713,73.330,126.212,-0.45208,-37.184,428.46
0.51350,-2057.57,-551.37,-0.1203,-49.6549,73.245,126.669,-0.45169,-36.205,429.22
0.51400,-2128.90,-623.20,-0.1451,-49.5258,73.158,127.124,-0.45120,-35.270,429.97
0.51450,-2199.70,-694.85,-0.1699,-49.3843,73.071,127.576,-0.45060,-34.377,430.72
0.51500,-2269.95,-766.31,-0.1945,-49.2303,72.983,128.025,-0.44990,-33.521,431.47
0.51550,-2339.65,-837.54,-0.2191,-49.0641,72.895,128.471,-0.44909,-32.701,432.22
0.51600,-2408.77,-908.55,-0.2436,-48.8858,72.806,128.914,-0.44818,-31.915,432.97
0.51650,-2477.29,-979.30,-0.2680,-48.6956,72.716,129.354,-0.44717,-31.161,433.72
0.51700,-2545.21,-1049.79,-0.2923,-48.4935,72.626,129.792,-0.44605,-30.436,434.47
0.51750,-2612.49,-1119.99,-0.3165,-48.2798,72.535,130.225,-0.44483,-29.739,435.22
0.51800,-2679.13,-1189.89,-0.3406,-48.0546,72.444,130.656,-0.44351,-29.068,435.96
0.51850,-2745.11,-1259.47,-0.3645,-47.8180,72.353,131.083,-0.44209,-28.422,436.70
0.51900,-2810.42,-1328.72,-0.3884,-47.5703,72.260,131.507,-0.44056,-27.799,437.44
0.51950,-2875.03,-1397.62,-0.4121,-47.3115,72.168,131.927,-0.43894,-27.198,438.18
0.52000,-2938.93,-1466.14,-0.4357,-47.0419,72.075,132.343,-0.43721,-26.617,438.92
0.52050,-3002.10,-1534.28,-0.4591,-46.7615,71.982,132.756,-0.43538,-26.055,439.65
0.52100,-3064.54,-1602.02,-0.4824,-46.4706,71.889,133.165,-0.43345,-25.512,440.39
0.52150,-3126.21,-1669.34,-0.5056,-46.1692,71.795,133.570,-0.43143,-24.986,441.11
0.52200,-3187.12,-1736.21,-0.5286,-45.8575,71.701,133.971,-0.42930,-24.477,441.84
0.52250,-3247.24,-1802.64,-0.5515,-45.5357,71.608,134.368,-0.42707,-23.983,442.56
0.52300,-3306.56,-1868.60,-0.5741,-45.2037,71.513,134.761,-0.42475,-23.503,443.28
0.52350,-3365.06,-1934.07,-0.5967,-44.8619,71.419,135.149,-0.42233,-23.038,444.00
0.52400,-3422.74,-1999.04,-0.6190,-44.5102,71.325,135.534,-0.41981,-22.585,444.71
0.52450,-3479.56,-2063.50,-0.6412,-44.1488,71.231,135.914,-0.41719,-22.145,445.42
0.52500,-3535.53,-2127.42,-0.6631,-43.7778,71.137,136.290,-0.41448,-21.716,446.12
0.52550,-3590.63,-2190.80,-0.6849,-43.3973,71.043,136.661,-0.41167,-21.299,446.82
0.52600,-3644.84,-2253.61,-0.7065,-43.0074,70.949,137.028,-0.40876,-20.892,447.52
0.52650,-3698.16,-2315.85,-0.7279,-42.6082,70.855,137.391,-0.40576,-20.495,448.21
0.52700,-3750.56,-2377.50,-0.7491,-42.1998,70.762,137.748,-0.40267,-20.107,448.89
0.52750,-3802.03,-2438.55,-0.7701,-41.7822,70.668,138.102,-0.39947,-19.729,449.57
0.52800,-3852.57,-2498.97,-0.7909,-41.3556,70.575,138.450,-0.39619,-19.359,450.25
0.52850,-3902.15,-2558.77,-0.8115,-40.9200,70.482,138.794,-0.39281,-18.997,450.92
0.52900,-3950.78,-2617.91,-0.8318,-40.4755,70.390,139.133,-0.38933,-18.643,451.59
0.52950,-3998.42,-2676.40,-0.8520,-40.0223,70.298,139.467,-0.38577,-18.296,452.25
0.53000,-4045.08,-2734.22,-0.8719,-39.5603,70.207,139.796,-0.38210,-17.956,452.91
0.53050,-4090.75,-2791.35,-0.8915,-39.0897,70.116,140.121,-0.37835,-17.622,453.56
0.53100,-4135.40,-2847.78,-0.9110,-38.6106,70.025,140.440,-0.37451,-17.295,454.20
0.53150,-4179.04,-2903.51,-0.9301,-38.1231,69.935,140.755,-0.37057,-16.973,454.84
0.53200,-4221.64,-2958.51,-0.9491,-37.6271,69.846,141.064,-0.36654,-16.657,455.47
0.53250,-4263.20,-3012.78,-0.9678,-37.1229,69.757,141.368,-0.36242,-16.347,456.09
0.53300,-4303.71,-3066.30,-0.9862,-36.6105,69.669,141.668,-0.35821,-16.041,456.71
0.53350,-4343.16,-3119.06,-1.0044,-36.0900,69.582,141.962,-0.35392,-15.740,457.32
0.53400,-4381.53,-3171.05,-1.0223,-35.5616,69.495,142.251,-0.34953,-15.444,457.93
0.53450,-4418.83,-3222.26,-1.0399,-35.0252,69.410,142.535,-0.34505,-15.152,458.53
0.53500,-4455.03,-3272.68,-1.0573,-34.4810,69.325,142.813,-0.34049,-14.864,459.12
0.53550,-4490.14,-3322.29,-1.0744,-33.9292,69.241,143.087,-0.33585,-14.579,459.70
0.53600,-4524.14,-3371.09,-1.0912,-33.3697,69.157,143.355,-0.33111,-14.298,460.28
0.53650,-4557.02,-3419.06,-1.1078,-32.8028,69.075,143.618,-0.32629,-14.021,460.85
0.53700,-4588.77,-3466.20,-1.1240,-32.2284,68.994,143.875,-0.32139,-13.747,461.41
0.53750,-4619.40,-3512.49,-1.1400,-31.6468,68.914,144.127,-0.31641,-13.475,461.96
0.53800,-4648.88,-3557.93,-1.1557,-31.0581,68.835,144.374,-0.31134,-13.207,462.51
0.53850,-4677.22,-3602.49,-1.1711,-30.4623,68.757,144.616,-0.30619,-12.941,463.05
0.53900,-4704.40,-3646.18,-1.1861,-29.8596,68.680,144.851,-0.30096,-12.677,463.58
0.53950,-4730.43,-3688.98,-1.2009,-29.2501,68.604,145.082,-0.29566,-12.416,464.10
0.54000,-4755.28,-3730.89,-1.2154,-28.6339,68.530,145.307,-0.29027,-12.157,464.61
0.54050,-4778.97,-3771.88,-1.2296,-28.0112,68.457,145.527,-0.28481,-11.900,465.11
0.54100,-4801.47,-3811.96,-1.2434,-27.3820,68.385,145.741,-0.27927,-11.645,465.61
0.54150,-4822.79,-3851.12,-1.2569,-26.7465,68.314,145.949,-0.27366,-11.391,466.09
0.54200,-4842.92,-3889.34,-1.2702,-26.1049,68.245,146.152,-0.26798,-11.139,466.57
0.54250,-4861.85,-3926.62,-1.2830,-25.4572,68.177,146.350,-0.26222,-10.888,467.04
0.54300,-4879.58,-3962.95,-1.2956,-24.8035,68.110,146.542,-0.25640,-10.639,467.50
0.54350,-4896.11,-3998.31,-1.3078,-24.1441,68.045,146.728,-0.25051,-10.391,467.94
0.54400,-4911.44,-4032.71,-1.3198,-23.4791,67.982,146.909,-0.24454,-10.144,468.38
0.54450,-4925.55,-4066.13,-1.3313,-22.8085,67.920,147.084,-0.23852,-9.897,468.81
0.54500,-4938.44,-4098.56,-1.3426,-22.1326,67.859,147.253,-0.23243,-9.652,469.23
0.54550,-4950.12,-4130.00,-1.3535,-21.4515,67.800,147.417,-0.22627,-9.407,469.64
0.54600,-4960.57,-4160.44,-1.3640,-20.7653,67.743,147.575,-0.22006,-9.163,470.04
0.54650,-4969.80,-4189.86,-1.3742,-20.0743,67.687,147.728,-0.21379,-8.919,470.43
0.54700,-4977.81,-4218.28,-1.3841,-19.3784,67.633,147.875,-0.20745,-8.676,470.81
0.54750,-4984.59,-4245.66,-1.3936,-18.6781,67.581,148.016,-0.20107,-8.432,471.18
0.54800,-4990.13,-4272.02,-1.4028,-17.9734,67.531,148.151,-0.19463,-8.189,471.54
0.54850,-4994.45,-4297.33,-1.4116,-17.2645,67.482,148.281,-0.18813,-7.946,471.89
0.54900,-4997.53,-4321.60,-1.4200,-16.5518,67.435,148.405,-0.18159,-7.703,472.23
0.54950,-4999.38,-4344.82,-1.4281,-15.8355,67.390,148.523,-0.17501,-7.459,472.56
0.55000,-5000.00,-4366.97,-1.4359,-15.1160,67.346,148.635,-0.16837,-7.216,472.87
0.55050,-4999.38,-4388.05,-1.4432,-14.3936,67.305,148.742,-0.16170,-6.972,473.18
0.55100,-4997.53,-4408.05,-1.4503,-13.6689,67.265,148.843,-0.15499,-6.727,473.47
0.55150,-4994.45,-4426.96,-1.4569,-12.9425,67.228,148.938,-0.14825,-6.482,473.76
0.55200,-4990.13,-4444.77,-1.4632,-12.2152,67.192,149.027,-0.14148,-6.237,474.03
0.55250,-4984.59,-4461.47,-1.4691,-11.4880,67.159,149.110,-0.13469,-5.991,474.29
0.55300,-4977.81,-4477.04,-1.4747,-10.7622,67.128,149.188,-0.12789,-5.745,474.54
0.55350,-4969.80,-4491.46,-1.4799,-10.0395,67.098,149.259,-0.12108,-5.498,474.78
0.55400,-4960.57,-4504.71,-1.4847,-9.3218,67.071,149.325,-0.11428,-5.251,475.01
0.55450,-4950.12,-4516.76,-1.4892,-8.6116,67.047,149.384,-0.10750,-5.003,475.22
0.55500,-4938.44,-4527.58,-1.4933,-7.9121,67.025,149.438,-0.10076,-4.756,475.43
0.55550,-4925.55,-4537.13,-1.4971,-7.2269,67.005,149.485,-0.09408,-4.509,475.62
0.55600,-4911.44,-4545.36,-1.5006,-6.5599,66.989,149.526,-0.08749,-4.263,475.81
0.55650,-4896.11,-4552.20,-1.5037,-5.9155,66.975,149.560,-0.08101,-4.018,475.98
0.55700,-4879.58,-4557.60,-1.5065,-5.2980,66.965,149.588,-0.07466,-3.775,476.14
0.55750,-4861.85,-4561.49,-1.5090,-4.7111,66.958,149.609,-0.06848,-3.535,476.29
0.55800,-4842.92,-4563.81,-1.5112,-4.1573,66.955,149.624,-0.06249,-3.298,476.43
0.55850,-4822.79,-4564.48,-1.5132,-3.6381,66.956,149.631,-0.05669,-3.066,476.56
0.55900,-4801.47,-4563.46,-1.5148,-3.1530,66.962,149.631,-0.05111,-2.838,476.68
0.55950,-4778.97,-4560.70,-1.5163,-2.6998,66.971,149.625,-0.04573,-2.615,476.79
0.56000,-4755.28,-4556.21,-1.5176,-2.2753,66.986,149.611,-0.04054,-2.397,476.89
0.56050,-4730.43,-4549.97,-1.5186,-1.8747,67.005,149.591,-0.03552,-2.185,476.98
0.56100,-4704.40,-4542.00,-1.5194,-1.4932,67.028,149.564,-0.03066,-1.977,477.06
0.56150,-4677.22,-4532.36,-1.5201,-1.1255,67.056,149.530,-0.02591,-1.774,477.13
0.56200,-4648.88,-4521.10,-1.5206,-0.7665,67.088,149.490,-0.02127,-1.575,477.19
0.56250,-4619.40,-4508.27,-1.5209,-0.4116,67.125,149.444,-0.01668,-1.378,477.25
0.56300,-4588.77,-4493.94,-1.5210,-0.0567,67.165,149.391,-0.01215,-1.184,477.30
0.56350,-4557.02,-4478.20,-1.5209,0.3021,67.209,149.334,-0.00763,-0.991,477.34
0.56400,-4524.14,-4461.12,-1.5207,0.6681,67.257,149.270,-0.00310,-0.798,477.37
0.56450,-4490.14,-4444.51,-1.5202,1.0412,67.302,149.208,0.00370,-0.582,477.39
0.56500,-4455.03,-4429.44,-1.5196,1.4137,67.342,149.149,0.01236,-0.329,477.40
0.56550,-4418.83,-4415.90,-1.5188,1.7784,67.377,149.094,0.02178,-0.038,477.41
0.56600,-4381.53,-4403.82,-1.5179,2.1299,67.407,149.043,0.03191,0.291,477.42
0.56650,-4343.16,-4393.16,-1.5167,2.4642,67.432,148.996,0.04272,0.660,477.44
0.56700,-4303.71,-4383.82,-1.5154,2.7781,67.452,148.952,0.05413,1.066,477.48
0.56750,-4263.20,-4370.68,-1.5139,3.0778,67.482,148.893,0.05961,1.444,477.54
0.56800,-4221.64,-4350.64,-1.5123,3.3946,67.531,148.807,0.06023,1.750,477.60
0.56850,-4179.04,-4325.41,-1.5105,3.7558,67.593,148.700,0.06129,2.006,477.67
0.56900,-4135.40,-4296.87,-1.5085,4.1769,67.663,148.579,0.06353,2.236,477.75
0.56950,-4090.75,-4266.25,-1.5063,4.6660,67.738,148.449,0.06668,2.457,477.84
0.57000,-4045.08,-4234.26,-1.5039,5.2275,67.815,148.311,0.07043,2.678,477.94
0.57050,-3998.42,-4201.33,-1.5011,5.8645,67.894,148.167,0.07460,2.905,478.04
0.57100,-3950.78,-4167.72,-1.4980,6.5800,67.972,148.018,0.07912,3.143,478.15
0.57150,-3902.15,-4133.61,-1.4945,7.3765,68.050,147.863,0.08396,3.395,478.26
0.57200,-3852.57,-4099.18,-1.4906,8.2561,68.126,147.703,0.08913,3.663,478.39
0.57250,-3802.03,-4064.53,-1.4862,9.2199,68.201,147.539,0.09464,3.950,478.52
0.57300,-3750.56,-4029.78,-1.4814,10.2673,68.273,147.369,0.10049,4.258,478.66
0.57350,-3698.16,-3995.01,-1.4760,11.3958,68.342,147.195,0.10668,4.589,478.80
0.57400,-3644.84,-3960.26,-1.4700,12.6013,68.408,147.016,0.11319,4.946,478.96
0.57450,-3590.63,-3925.56,-1.4633,13.8775,68.471,146.831,0.11999,5.329,479.13
0.57500,-3535.53,-3890.91,-1.4561,15.2169,68.530,146.641,0.12706,5.740,479.31
0.57550,-3479.56,-3856.28,-1.4481,16.6107,68.585,146.444,0.13435,6.179,479.50
0.57600,-3422.74,-3821.62,-1.4394,18.0496,68.637,146.242,0.14183,6.647,479.70
0.57650,-3365.06,-3786.85,-1.4301,19.5235,68.685,146.032,0.14944,7.144,479.91
0.57700,-3306.56,-3751.90,-1.4199,21.0225,68.730,145.816,0.15716,7.671,480.13
0.57750,-3247.24,-3716.68,-1.4090,22.5366,68.772,145.592,0.16493,8.226,480.36
0.57800,-3187.12,-3681.08,-1.3974,24.0564,68.810,145.360,0.17271,8.810,480.61
0.57850,-3126.21,-3644.99,-1.3850,25.5725,68.847,145.119,0.18046,9.422,480.87
0.57900,-3064.54,-3608.33,-1.3718,27.0763,68.880,144.870,0.18815,10.062,481.14
0.57950,-3002.10,-3570.97,-1.3579,28.5599,68.912,144.612,0.19574,10.730,481.43
0.58000,-2938.93,-3532.83,-1.3433,30.0157,68.943,144.345,0.20321,11.425,481.72
0.58050,-2875.03,-3493.81,-1.3279,31.4371,68.972,144.068,0.21051,12.146,482.03
0.58100,-2810.42,-3453.81,-1.3118,32.8182,69.000,143.782,0.21763,12.895,482.35
0.58150,-2745.11,-3412.76,-1.2951,34.1538,69.028,143.487,0.22454,13.670,482.69
0.58200,-2679.13,-3370.58,-1.2777,35.4393,69.056,143.182,0.23123,14.471,483.03
0.58250,-2612.49,-3327.20,-1.2597,36.6710,69.084,142.867,0.23768,15.300,483.39
0.58300,-2545.21,-3282.58,-1.2410,37.8459,69.113,142.543,0.24387,16.157,483.76
0.58350,-2477.29,-3236.65,-1.2218,38.9616,69.142,142.209,0.24979,17.042,484.14
0.58400,-2408.77,-3189.38,-1.2021,40.0165,69.173,141.867,0.25544,17.956,484.53
0.58450,-2339.65,-3140.75,-1.1818,41.0096,69.205,141.515,0.26082,18.901,484.93
0.58500,-2269.95,-3090.73,-1.1611,41.9402,69.239,141.154,0.26591,19.879,485.34
0.58550,-2199.70,-3039.30,-1.1399,42.8087,69.275,140.785,0.27071,20.891,485.76
0.58600,-2128.90,-2986.47,-1.1183,43.6155,69.312,140.408,0.27524,21.941,486.19
0.58650,-2057.57,-2932.24,-1.0963,44.3617,69.352,140.023,0.27950,23.030,486.63
0.58700,-1985.74,-2876.63,-1.0739,45.0487,69.395,139.630,0.28348,24.163,487.07
0.58750,-1913.42,-2819.64,-1.0512,45.6785,69.440,139.230,0.28720,25.343,487.53
0.58800,-1840.62,-2761.31,-1.0283,46.2531,69.487,138.823,0.29067,26.574,487.99
0.58850,-1767.37,-2701.67,-1.0050,46.7749,69.538,138.410,0.29390,27.863,488.45
0.58900,-1693.69,-2640.76,-0.9815,47.2467,69.590,137.990,0.29689,29.213,488.93
0.58950,-1619.59,-2578.61,-0.9578,47.6711,69.646,137.565,0.29966,30.631,489.41
0.59000,-1545.08,-2515.27,-0.9338,48.0512,69.704,137.134,0.30222,32.125,489.89
0.59050,-1470.20,-2450.79,-0.9097,48.3899,69.765,136.699,0.30458,33.702,490.38
0.59100,-1394.96,-2385.23,-0.8854,48.6903,69.829,136.259,0.30677,35.371,490.88
0.59150,-1319.37,-2318.64,-0.8610,48.9556,69.895,135.814,0.30878,37.140,491.38
0.59200,-1243.45,-2251.06,-0.8365,49.1888,69.964,135.366,0.31063,39.019,491.88
0.59250,-1167.23,-2182.57,-0.8118,49.3930,70.036,134.914,0.31233,41.019,492.39
0.59300,-1090.72,-2113.22,-0.7871,49.5711,70.109,134.459,0.31391,43.151,492.90
0.59350,-1013.94,-2043.06,-0.7623,49.7260,70.186,134.001,0.31536,45.426,493.41
0.59400,-936.91,-1972.16,-0.7374,49.8603,70.264,133.541,0.31671,47.855,493.93
0.59450,-859.65,-1900.57,-0.7124,49.9768,70.344,133.078,0.31795,50.449,494.45
0.59500,-782.17,-1828.36,-0.6874,50.0779,70.427,132.614,0.31911,53.217,494.97
0.59550,-704.51,-1755.57,-0.6623,50.1658,70.511,132.148,0.32019,56.167,495.50
0.59600,-626.67,-1682.25,-0.6372,50.2426,70.597,131.680,0.32120,59.304,496.03
0.59650,-548.67,-1608.48,-0.6121,50.3102,70.684,131.211,0.32216,62.629,496.56
0.59700,-470.54,-1534.28,-0.5869,50.3704,70.773,130.741,0.32305,66.138,497.09
0.59750,-392.30,-1459.71,-0.5617,50.4246,70.864,130.270,0.32390,69.821,497.62
0.59800,-313.95,-1384.82,-0.5365,50.4743,70.955,129.799,0.32471,73.660,498.16
0.59850,-235.53,-1309.65,-0.5113,50.5204,71.048,129.328,0.32549,77.632,498.70
0.59900,-157.05,-1234.25,-0.4860,50.5641,71.142,128.856,0.32623,81.705,499.23
0.59950,-78.54,-1158.64,-0.4607,50.6060,71.237,128.384,0.32694,85.841,499.77
0.60000,-0.00,-1082.87,-0.4354,50.6468,71.333,127.912,0.32763,0.000,500.32
0.60050,78.54,-1006.97,-0.4100,50.6869,71.429,127.440,0.32829,85.862,500.86
0.60100,157.05,-930.97,-0.3847,50.7265,71.526,126.969,0.32892,81.786,501.40
0.60150,235.53,-854.90,-0.3593,50.7658,71.624,126.498,0.32954,77.811,501.95
0.60200,313.95,-778.79,-0.3339,50.8047,71.722,126.027,0.33013,73.970,502.49
0.60250,392.30,-702.66,-0.3085,50.8432,71.821,125.557,0.33070,70.289,503.04
0.60300,470.54,-626.53,-0.2831,50.8809,71.920,125.088,0.33124,66.785,503.59
0.60350,548.67,-550.43,-0.2576,50.9176,72.020,124.619,0.33176,63.472,504.14
0.60400,626.67,-474.37,-0.2322,50.9527,72.119,124.152,0.33225,60.353,504.69
0.60450,704.51,-398.37,-0.2067,50.9858,72.219,123.685,0.33270,57.430,505.24
0.60500,782.17,-322.45,-0.1812,51.0163,72.319,123.219,0.33313,54.698,505.79
0.60550,859.65,-246.61,-0.1557,51.0435,72.420,122.755,0.33351,52.150,506.35
0.60600,936.91,-170.88,-0.1301,51.0667,72.520,122.291,0.33386,49.777,506.90
0.60650,1013.94,-95.25,-0.1046,51.0854,72.621,121.828,0.33417,47.569,507.46
0.60700,1090.72,-19.76,-0.0791,51.0987,72.721,121.367,0.33442,45.514,508.01
0.60750,1167.23,55.61,-0.0535,51.1058,72.822,120.907,0.33463,43.602,508.57
0.60800,1243.45,130.83,-0.0279,51.1062,72.923,120.448,0.33479,41.822,509.12
0.60850,1319.37,205.90,-0.0024,51.0990,73.024,119.991,0.33489,40.162,509.68
0.60900,1394.96,280.81,0.0231,51.0835,73.125,119.535,0.33492,38.614,510.24
0.60950,1470.20,355.55,0.0487,51.0591,73.226,119.081,0.33490,37.168,510.79
0.61000,1545.08,430.12,0.0742,51.0251,73.327,118.628,0.33481,35.815,511.35
0.61050,1619.59,504.50,0.0997,50.9808,73.429,118.177,0.33465,34.548,511.91
0.61100,1693.69,578.69,0.1252,50.9256,73.530,117.727,0.33441,33.358,512.47
0.61150,1767.37,652.68,0.1506,50.8591,73.631,117.280,0.33411,32.240,513.02
0.61200,1840.62,726.46,0.1760,50.7807,73.732,116.834,0.33372,31.187,513.58
0.61250,1913.42,800.02,0.2014,50.6899,73.834,116.390,0.33325,30.195,514.14
0.61300,1985.74,873.35,0.2267,50.5863,73.935,115.948,0.33270,29.257,514.69
0.61350,2057.57,946.45,0.2520,50.4696,74.037,115.508,0.33207,28.370,515.25
0.61400,2128.90,1019.30,0.2772,50.3394,74.138,115.070,0.33135,27.529,515.80
0.61450,2199.70,1091.89,0.3023,50.1955,74.240,114.634,0.33055,26.731,516.36
0.61500,2269.95,1164.22,0.3274,50.0377,74.342,114.201,0.32965,25.972,516.91
0.61550,2339.65,1236.26,0.3524,49.8658,74.443,113.770,0.32867,25.249,517.46
0.61600,2408.77,1308.02,0.3773,49.6797,74.545,113.342,0.32759,24.559,518.01
0.61650,2477.29,1379.46,0.4020,49.4792,74.647,112.916,0.32643,23.901,518.56
0.61700,2545.21,1450.59,0.4267,49.2645,74.748,112.492,0.32517,23.271,519.11
0.61750,2612.49,1521.39,0.4513,49.0354,74.850,112.072,0.32382,22.668,519.65
0.61800,2679.13,1591.84,0.4758,48.7920,74.952,111.654,0.32238,22.089,520.20
0.61850,2745.11,1661.92,0.5001,48.5345,75.053,111.239,0.32085,21.534,520.74
0.61900,2810.42,1731.64,0.5243,48.2628,75.155,110.827,0.31923,20.999,521.28
0.61950,2875.03,1800.96,0.5484,47.9772,75.256,110.419,0.31751,20.485,521.82
0.62000,2938.93,1869.87,0.5723,47.6777,75.357,110.013,0.31571,19.989,522.35
0.62050,3002.10,1938.35,0.5960,47.3647,75.458,109.611,0.31381,19.511,522.88
0.62100,3064.54,2006.40,0.6196,47.0383,75.559,109.212,0.31183,19.049,523.41
0.62150,3126.21,2073.99,0.6431,46.6986,75.660,108.817,0.30976,18.602,523.94
0.62200,3187.12,2141.10,0.6663,46.3460,75.760,108.425,0.30760,18.170,524.46
0.62250,3247.24,2207.72,0.6894,45.9807,75.861,108.037,0.30536,17.751,524.98
0.62300,3306.56,2273.83,0.7123,45.6030,75.960,107.652,0.30303,17.345,525.50
0.62350,3365.06,2339.42,0.7350,45.2130,76.060,107.271,0.30061,16.951,526.01
0.62400,3422.74,2404.46,0.7575,44.8112,76.159,106.895,0.29812,16.568,526.52
0.62450,3479.56,2468.93,0.7798,44.3976,76.258,106.522,0.29554,16.196,527.02
0.62500,3535.53,2532.83,0.8019,43.9727,76.356,106.153,0.29288,15.834,527.53
0.62550,3590.63,2596.13,0.8238,43.5366,76.454,105.788,0.29015,15.481,528.02
0.62600,3644.84,2658.82,0.8455,43.0897,76.551,105.428,0.28733,15.138,528.52
0.62650,3698.16,2720.88,0.8669,42.6321,76.647,105.072,0.28444,14.803,529.00
0.62700,3750.56,2782.29,0.8881,42.1642,76.743,104.720,0.28147,14.476,529.49
0.62750,3802.03,2843.03,0.9090,41.6861,76.839,104.373,0.27843,14.157,529.97
0.62800,3852.57,2903.09,0.9298,41.1982,76.933,104.030,0.27532,13.845,530.44
0.62850,3902.15,2962.46,0.9502,40.7005,77.027,103.692,0.27213,13.540,530.91
0.62900,3950.78,3021.11,0.9705,40.1935,77.120,103.358,0.26887,13.242,531.38
0.62950,3998.42,3079.03,0.9904,39.6772,77.213,103.029,0.26554,12.949,531.84
0.63000,4045.08,3136.21,1.0101,39.1518,77.304,102.705,0.26215,12.663,532.29
0.63050,4090.75,3192.62,1.0296,38.6176,77.395,102.386,0.25869,12.383,532.74
0.63100,4135.40,3248.26,1.0488,38.0747,77.484,102.072,0.25516,12.108,533.18
0.63150,4179.04,3303.11,1.0677,37.5233,77.573,101.762,0.25156,11.838,533.62
0.63200,4221.64,3357.16,1.0863,36.9636,77.660,101.458,0.24790,11.573,534.05
0.63250,4263.20,3410.39,1.1046,36.3957,77.747,101.158,0.24418,11.312,534.48
0.63300,4303.71,3462.79,1.1227,35.8198,77.832,100.864,0.24039,11.056,534.90
0.63350,4343.16,3514.34,1.1404,35.2360,77.917,100.575,0.23654,10.804,535.32
0.63400,4381.53,3565.04,1.1579,34.6444,78.000,100.291,0.23263,10.556,535.72
0.63450,4418.83,3614.86,1.1751,34.0452,78.082,100.012,0.22866,10.312,536.13
0.63500,4455.03,3663.80,1.1920,33.4385,78.162,99.739,0.22463,10.071,536.52
0.63550,4490.14,3711.85,1.2085,32.8245,78.242,99.471,0.22054,9.834,536.91
0.63600,4524.14,3758.99,1.2248,32.2031,78.320,99.208,0.21640,9.599,537.29
0.63650,4557.02,3805.22,1.2407,31.5746,78.397,98.951,0.21220,9.368,537.67
0.63700,4588.77,3850.51,1.2563,30.9390,78.472,98.699,0.20794,9.140,538.04
0.63750,4619.40,3894.87,1.2717,30.2965,78.546,98.453,0.20363,8.914,538.40
0.63800,4648.88,3938.28,1.2866,29.6471,78.619,98.212,0.19926,8.691,538.76
0.63850,4677.22,3980.72,1.3013,28.9911,78.690,97.977,0.19484,8.470,539.10
0.63900,4704.40,4022.20,1.3156,28.3284,78.760,97.748,0.19037,8.251,539.45
0.63950,4730.43,4062.70,1.3296,27.6591,78.828,97.524,0.18584,8.035,539.78
0.64000,4755.28,4102.21,1.3433,26.9835,78.894,97.306,0.18127,7.820,540.11
0.64050,4778.97,4140.72,1.3566,26.3016,78.959,97.093,0.17665,7.607,540.43
0.64100,4801.47,4178.22,1.3696,25.6135,79.023,96.886,0.17198,7.396,540.74
0.64150,4822.79,4214.71,1.3822,24.9194,79.085,96.685,0.16726,7.186,541.04
0.64200,4842.92,4250.17,1.3945,24.2193,79.145,96.490,0.16249,6.978,541.34
0.64250,4861.85,4284.60,1.4064,23.5133,79.203,96.301,0.15768,6.771,541.63
0.64300,4879.58,4317.99,1.4180,22.8017,79.260,96.117,0.15282,6.565,541.91
0.64350,4896.11,4350.33,1.4292,22.0846,79.315,95.939,0.14792,6.361,542.18
0.64400,4911.44,4381.61,1.4401,21.3621,79.369,95.768,0.14298,6.157,542.44
0.64450,4925.55,4411.84,1.4506,20.6343,79.420,95.602,0.13800,5.954,542.70
0.64500,4938.44,4440.99,1.4607,19.9014,79.470,95.442,0.13298,5.752,542.95
0.64550,4950.12,4469.06,1.4705,19.1637,79.518,95.288,0.12792,5.551,543.19
0.64600,4960.57,4496.04,1.4799,18.4212,79.564,95.140,0.12283,5.350,543.42
0.64650,4969.80,4521.94,1.4889,17.6743,79.609,94.998,0.11770,5.149,543.65
0.64700,4977.81,4546.73,1.4976,16.9232,79.651,94.862,0.11254,4.949,543.86
0.64750,4984.59,4570.42,1.5059,16.1682,79.692,94.733,0.10734,4.750,544.07
0.64800,4990.13,4592.99,1.5137,15.4097,79.730,94.609,0.10212,4.550,544.27
0.64850,4994.45,4614.44,1.5213,14.6481,79.767,94.491,0.09687,4.351,544.46
0.64900,4997.53,4634.75,1.5284,13.8839,79.802,94.380,0.09160,4.152,544.64
0.64950,4999.38,4653.93,1.5351,13.1179,79.834,94.275,0.08631,3.953,544.81
0.65000,5000.00,4671.96,1.5415,12.3509,79.865,94.176,0.08100,3.754,544.98
0.65050,4999.38,4688.83,1.5475,11.5839,79.894,94.083,0.07569,3.555,545.13
0.65100,4997.53,4704.51,1.5531,10.8186,79.920,93.996,0.07037,3.356,545.28
0.65150,4994.45,4719.00,1.5583,10.0566,79.945,93.916,0.06506,3.157,545.42
0.65200,4990.13,4732.28,1.5632,9.3003,79.967,93.842,0.05977,2.958,545.54
0.65250,4984.59,4744.31,1.5676,8.5526,79.986,93.775,0.05451,2.760,545.66
0.65300,4977.81,4755.06,1.5717,7.8171,80.003,93.714,0.04930,2.562,545.78
0.65350,4969.80,4764.49,1.5754,7.0981,80.018,93.659,0.04416,2.366,545.88
0.65400,4960.57,4772.55,1.5788,6.4003,80.030,93.611,0.03912,2.171,545.97
0.65450,4950.12,4779.18,1.5818,5.7288,80.038,93.570,0.03419,1.978,546.06
0.65500,4938.44,4784.32,1.5845,5.0886,80.043,93.536,0.02942,1.788,546.14
0.65550,4925.55,4787.91,1.5869,4.4838,80.045,93.509,0.02481,1.601,546.20
0.65600,4911.44,4789.88,1.5890,3.9175,80.043,93.490,0.02039,1.418,546.26
0.65650,4896.11,4790.18,1.5909,3.3905,80.037,93.477,0.01616,1.240,546.32
0.65700,4879.58,4788.76,1.5924,2.9021,80.027,93.471,0.01213,1.066,546.36
0.65750,4861.85,4785.61,1.5938,2.4494,80.012,93.473,0.00829,0.898,546.40
0.65800,4842.92,4780.82,1.5949,2.0281,79.993,93.481,0.00449,0.735,546.43
0.65850,4822.79,4776.70,1.5958,1.6377,79.977,93.489,-0.00218,0.548,546.46
0.65900,4801.47,4774.09,1.5965,1.2857,79.966,93.492,-0.01050,0.327,546.47
0.65950,4778.97,4772.83,1.5971,0.9767,79.960,93.492,-0.01940,0.074,546.47
0.66000,4755.28,4772.73,1.5975,0.7126,79.957,93.489,-0.02882,-0.210,546.48
0.66050,4730.43,4773.61,1.5978,0.4929,79.958,93.484,-0.03869,-0.523,546.50
0.66100,4704.40,4775.30,1.5980,0.3155,79.962,93.476,-0.04898,-0.863,546.54
0.66150,4677.22,4775.49,1.5981,0.1746,79.963,93.475,-0.05685,-1.204,546.59
0.66200,4648.88,4769.99,1.5982,0.0459,79.948,93.497,-0.05917,-1.492,546.65
0.66250,4619.40,4759.44,1.5982,-0.0968,79.920,93.539,-0.06096,-1.737,546.72
0.66300,4588.77,4745.13,1.5981,-0.2698,79.883,93.596,-0.06321,-1.951,546.80
0.66350,4557.02,4728.01,1.5979,-0.4812,79.839,93.665,-0.06594,-2.149,546.88
0.66400,4524.14,4708.77,1.5976,-0.7338,79.790,93.744,-0.06903,-2.337,546.97
0.66450,4490.14,4687.85,1.5972,-1.0275,79.737,93.830,-0.07238,-2.521,547.07
0.66500,4455.03,4665.54,1.5966,-1.3612,79.682,93.924,-0.07595,-2.705,547.18
0.66550,4418.83,4642.05,1.5958,-1.7331,79.624,94.023,-0.07968,-2.892,547.29
0.66600,4381.53,4617.53,1.5948,-2.1423,79.565,94.129,-0.08357,-3.083,547.41
0.66650,4343.16,4592.09,1.5936,-2.5882,79.505,94.241,-0.08762,-3.280,547.53
0.66700,4303.71,4565.84,1.5922,-3.0715,79.444,94.358,-0.09183,-3.485,547.66
0.66750,4263.20,4538.84,1.5906,-3.5940,79.383,94.481,-0.09620,-3.699,547.80
0.66800,4221.64,4511.18,1.5886,-4.1581,79.321,94.609,-0.10076,-3.923,547.95
0.66850,4179.04,4482.94,1.5864,-4.7672,79.260,94.742,-0.10553,-4.159,548.10
0.66900,4135.40,4454.20,1.5839,-5.4251,79.199,94.881,-0.11053,-4.408,548.26
0.66950,4090.75,4425.04,1.5810,-6.1358,79.140,95.024,-0.11579,-4.672,548.42
0.67000,4045.08,4395.55,1.5777,-6.9029,79.082,95.173,-0.12132,-4.952,548.60
0.67050,3998.42,4365.82,1.5741,-7.7295,79.025,95.327,-0.12715,-5.250,548.78
0.67100,3950.78,4335.92,1.5700,-8.6173,78.971,95.486,-0.13329,-5.568,548.98
0.67150,3902.15,4305.91,1.5654,-9.5669,78.919,95.650,-0.13975,-5.907,549.18
0.67200,3852.57,4275.86,1.5604,-10.5769,78.871,95.819,-0.14652,-6.270,549.39
0.67250,3802.03,4245.80,1.5548,-11.6444,78.825,95.993,-0.15361,-6.657,549.61
0.67300,3750.56,4215.74,1.5487,-12.7650,78.783,96.173,-0.16098,-7.070,549.84
0.67350,3698.16,4185.69,1.5421,-13.9329,78.744,96.359,-0.16861,-7.510,550.09
0.67400,3644.84,4155.61,1.5348,-15.1411,78.709,96.551,-0.17647,-7.977,550.34
0.67450,3590.63,4125.47,1.5269,-16.3821,78.677,96.749,-0.18451,-8.472,550.61
0.67500,3535.53,4095.18,1.5184,-17.6479,78.649,96.955,-0.19271,-8.995,550.89
0.67550,3479.56,4064.69,1.5093,-18.9305,78.624,97.167,-0.20102,-9.546,551.18
0.67600,3422.74,4033.90,1.4995,-20.2217,78.602,97.387,-0.20939,-10.124,551.49
0.67650,3365.06,4002.72,1.4890,-21.5140,78.582,97.614,-0.21779,-10.730,551.81
0.67700,3306.56,3971.04,1.4780,-22.7998,78.565,97.850,-0.22617,-11.363,552.14
0.67750,3247.24,3938.77,1.4663,-24.0725,78.551,98.095,-0.23451,-12.022,552.48
0.67800,3187.12,3905.81,1.4539,-25.3257,78.538,98.348,-0.24276,-12.708,552.84
0.67850,3126.21,3872.05,1.4409,-26.5538,78.527,98.611,-0.25090,-13.419,553.22
0.67900,3064.54,3837.41,1.4274,-27.7519,78.516,98.882,-0.25890,-14.155,553.60
0.67950,3002.10,3801.80,1.4132,-28.9157,78.507,99.163,-0.26674,-14.916,554.00
0.68000,2938.93,3765.15,1.3984,-30.0416,78.498,99.453,-0.27438,-15.702,554.42
0.68050,2875.03,3727.37,1.3831,-31.1265,78.488,99.753,-0.28182,-16.513,554.84
0.68100,2810.42,3688.40,1.3673,-32.1683,78.479,100.062,-0.28904,-17.349,555.28
0.68150,2745.11,3648.21,1.3510,-33.1652,78.469,100.380,-0.29603,-18.210,555.73
0.68200,2679.13,3606.73,1.3342,-34.1161,78.458,100.707,-0.30278,-19.097,556.20
0.68250,2612.49,3563.94,1.3169,-35.0204,78.446,101.044,-0.30929,-20.011,556.67
0.68300,2545.21,3519.82,1.2992,-35.8780,78.433,101.389,-0.31554,-20.953,557.16
0.68350,2477.29,3474.34,1.2810,-36.6894,78.418,101.743,-0.32155,-21.924,557.66
0.68400,2408.77,3427.50,1.2625,-37.4551,78.401,102.105,-0.32731,-22.925,558.17
0.68450,2339.65,3379.31,1.2436,-38.1765,78.382,102.476,-0.33282,-23.959,558.69
0.68500,2269.95,3329.77,1.2243,-38.8548,78.361,102.854,-0.33810,-25.027,559.22
0.68550,2199.70,3278.90,1.2047,-39.4919,78.338,103.240,-0.34314,-26.133,559.76
0.68600,2128.90,3226.72,1.1848,-40.0894,78.313,103.632,-0.34796,-27.279,560.31
0.68650,2057.57,3173.25,1.1646,-40.6496,78.285,104.032,-0.35257,-28.468,560.86
0.68700,1985.74,3118.55,1.1442,-41.1746,78.256,104.438,-0.35697,-29.703,561.43
0.68750,1913.42,3062.63,1.1235,-41.6666,78.223,104.850,-0.36117,-30.989,562.00
0.68800,1840.62,3005.55,1.1025,-42.1279,78.189,105.268,-0.36519,-32.330,562.59
0.68850,1767.37,2947.34,1.0813,-42.5608,78.152,105.692,-0.36904,-33.729,563.18
0.68900,1693.69,2888.07,1.0600,-42.9677,78.112,106.120,-0.37272,-35.191,563.77
0.68950,1619.59,2827.77,1.0384,-43.3506,78.071,106.554,-0.37625,-36.722,564.38
0.69000,1545.08,2766.49,1.0166,-43.7119,78.027,106.991,-0.37965,-38.327,564.99
0.69050,1470.20,2704.29,0.9947,-44.0535,77.981,107.433,-0.38291,-40.010,565.61
0.69100,1394.96,2641.22,0.9726,-44.3774,77.933,107.878,-0.38606,-41.778,566.23
0.69150,1319.37,2577.33,0.9503,-44.6854,77.883,108.327,-0.38909,-43.635,566.86
0.69200,1243.45,2512.68,0.9279,-44.9792,77.831,108.780,-0.39203,-45.588,567.49
0.69250,1167.23,2447.30,0.9053,-45.2604,77.777,109.235,-0.39487,-47.640,568.13
0.69300,1090.72,2381.25,0.8826,-45.5303,77.722,109.693,-0.39762,-49.797,568.78
0.69350,1013.94,2314.57,0.8598,-45.7902,77.665,110.153,-0.40030,-52.061,569.43
0.69400,936.91,2247.32,0.8368,-46.0411,77.606,110.615,-0.40290,-54.436,570.08
0.69450,859.65,2179.53,0.8137,-46.2839,77.545,111.079,-0.40543,-56.924,570.74
0.69500,782.17,2111.24,0.7905,-46.5195,77.484,111.546,-0.40791,-59.523,571.41
0.69550,704.51,2042.49,0.7672,-46.7485,77.420,112.013,-0.41032,-62.231,572.08
0.69600,626.67,1973.33,0.7438,-46.9713,77.356,112.482,-0.41267,-65.045,572.75
0.69650,548.67,1903.78,0.7203,-47.1883,77.290,112.952,-0.41497,-67.957,573.43
0.69700,470.54,1833.87,0.6966,-47.3997,77.223,113.423,-0.41722,-70.958,574.11
0.69750,392.30,1763.64,0.6729,-47.6057,77.155,113.895,-0.41942,-74.036,574.80
0.69800,313.95,1693.11,0.6490,-47.8062,77.086,114.368,-0.42156,-77.176,575.49
0.69850,235.53,1622.31,0.6251,-48.0013,77.017,114.842,-0.42365,-80.361,576.18
0.69900,157.05,1551.26,0.6010,-48.1907,76.946,115.315,-0.42569,-83.573,576.88
0.69950,78.54,1479.98,0.5769,-48.3742,76.874,115.790,-0.42768,-86.793,577.58
0.70000,-0.00,1408.50,0.5526,-48.5515,76.801,116.264,-0.42961,0.000,578.28
0.70050,-78.54,1336.84,0.5283,-48.7223,76.727,116.739,-0.43148,-86.824,578.99
0.70100,-157.05,1265.00,0.5039,-48.8862,76.653,117.213,-0.43330,-83.698,579.70
0.70150,-235.53,1193.01,0.4794,-49.0428,76.578,117.687,-0.43505,-80.638,580.41
0.70200,-313.95,1120.88,0.4549,-49.1917,76.501,118.162,-0.43674,-77.658,581.13
0.70250,-392.30,1048.62,0.4302,-49.3324,76.424,118.636,-0.43836,-74.770,581.85
0.70300,-470.54,976.25,0.4055,-49.4644,76.347,119.109,-0.43992,-71.984,582.57
0.70350,-548.67,903.79,0.3808,-49.5874,76.268,119.582,-0.44140,-69.306,583.30
0.70400,-626.67,831.23,0.3560,-49.7008,76.189,120.054,-0.44281,-66.740,584.03
0.70450,-704.51,758.60,0.3311,-49.8044,76.109,120.526,-0.44414,-64.289,584.76
0.70500,-782.17,685.90,0.3061,-49.8975,76.028,120.997,-0.44539,-61.952,585.50
0.70550,-859.65,613.15,0.2812,-49.9800,75.946,121.467,-0.44656,-59.729,586.23
0.70600,-936.91,540.36,0.2562,-50.0513,75.864,121.936,-0.44765,-57.616,586.97
0.70650,-1013.94,467.53,0.2311,-50.1113,75.780,122.405,-0.44864,-55.612,587.71
0.70700,-1090.72,394.68,0.2061,-50.1595,75.696,122.872,-0.44955,-53.710,588.45
0.70750,-1167.23,321.82,0.1810,-50.1957,75.611,123.337,-0.45037,-51.908,589.20
0.70800,-1243.45,248.96,0.1559,-50.2198,75.526,123.802,-0.45109,-50.200,589.94
0.70850,-1319.37,176.12,0.1308,-50.2314,75.439,124.265,-0.45172,-48.580,590.69
0.70900,-1394.96,103.30,0.1056,-50.2305,75.352,124.726,-0.45225,-47.045,591.44
0.70950,-1470.20,30.52,0.0805,-50.2168,75.264,125.186,-0.45268,-45.588,592.19
0.71000,-1545.08,-42.22,0.0554,-50.1904,75.175,125.644,-0.45301,-44.206,592.94
0.71050,-1619.59,-114.89,0.0303,-50.1511,75.086,126.100,-0.45324,-42.894,593.70
0.71100,-1693.69,-187.48,0.0053,-50.0989,74.995,126.554,-0.45337,-41.647,594.45
0.71150,-1767.37,-259.98,-0.0198,-50.0339,74.904,127.007,-0.45340,-40.461,595.20
0.71200,-1840.62,-332.38,-0.0448,-49.9559,74.812,127.457,-0.45333,-39.332,595.96
0.71250,-1913.42,-404.65,-0.0697,-49.8651,74.720,127.905,-0.45315,-38.256,596.71
0.71300,-1985.74,-476.79,-0.0946,-49.7615,74.626,128.351,-0.45287,-37.231,597.47
0.71350,-2057.57,-548.78,-0.1195,-49.6451,74.533,128.794,-0.45248,-36.252,598.22
0.71400,-2128.90,-620.61,-0.1443,-49.5162,74.438,129.235,-0.45199,-35.317,598.97
0.71450,-2199.70,-692.25,-0.1690,-49.3748,74.343,129.673,-0.45139,-34.423,599.73
0.71500,-2269.95,-763.69,-0.1936,-49.2210,74.247,130.109,-0.45070,-33.567,600.48
0.71550,-2339.65,-834.91,-0.2182,-49.0550,74.150,130.541,-0.44989,-32.747,601.23
0.71600,-2408.77,-905.90,-0.2427,-48.8768,74.053,130.971,-0.44899,-31.961,601.98
0.71650,-2477.29,-976.65,-0.2671,-48.6868,73.956,131.398,-0.44798,-31.206,602.74
0.71700,-2545.21,-1047.12,-0.2914,-48.4849,73.857,131.822,-0.44686,-30.481,603.48
0.71750,-2612.49,-1117.32,-0.3156,-48.2714,73.759,132.242,-0.44565,-29.783,604.23
0.71800,-2679.13,-1187.21,-0.3396,-48.0464,73.660,132.660,-0.44433,-29.112,604.98
0.71850,-2745.11,-1256.78,-0.3636,-47.8101,73.560,133.074,-0.44291,-28.465,605.72
0.71900,-2810.42,-1326.02,-0.3875,-47.5626,73.461,133.485,-0.44138,-27.842,606.46
0.71950,-2875.03,-1394.91,-0.4112,-47.3041,73.361,133.892,-0.43976,-27.240,607.20
0.72000,-2938.93,-1463.43,-0.4348,-47.0348,73.260,134.295,-0.43803,-26.659,607.94
0.72050,-3002.10,-1531.56,-0.4582,-46.7548,73.159,134.695,-0.43621,-26.097,608.68
0.72100,-3064.54,-1599.29,-0.4815,-46.4641,73.059,135.092,-0.43428,-25.554,609.41
0.72150,-3126.21,-1666.60,-0.5047,-46.1631,72.958,135.484,-0.43225,-25.028,610.14
0.72200,-3187.12,-1733.47,-0.5277,-45.8517,72.856,135.873,-0.43013,-24.518,610.87
0.72250,-3247.24,-1799.89,-0.5505,-45.5302,72.755,136.258,-0.42791,-24.023,611.59
0.72300,-3306.56,-1865.84,-0.5732,-45.1987,72.654,136.638,-0.42558,-23.543,612.31
0.72350,-3365.06,-1931.31,-0.5957,-44.8572,72.552,137.015,-0.42316,-23.077,613.03
0.72400,-3422.74,-1996.27,-0.6181,-44.5059,72.451,137.387,-0.42064,-22.624,613.74
0.72450,-3479.56,-2060.72,-0.6402,-44.1449,72.350,137.756,-0.41803,-22.184,614.45
0.72500,-3535.53,-2124.64,-0.6622,-43.7743,72.249,138.120,-0.41532,-21.755,615.16
0.72550,-3590.63,-2188.02,-0.6840,-43.3942,72.148,138.480,-0.41251,-21.337,615.86
0.72600,-3644.84,-2250.83,-0.7056,-43.0047,72.047,138.835,-0.40960,-20.930,616.55
0.72650,-3698.16,-2313.07,-0.7270,-42.6058,71.946,139.186,-0.40660,-20.533,617.25
0.72700,-3750.56,-2374.71,-0.7482,-42.1978,71.846,139.533,-0.40351,-20.145,617.93
0.72750,-3802.03,-2435.76,-0.7692,-41.7807,71.746,139.875,-0.40031,-19.766,618.62
0.72800,-3852.57,-2496.18,-0.7900,-41.3545,71.646,140.212,-0.39703,-19.396,619.30
0.72850,-3902.15,-2555.97,-0.8105,-40.9193,71.547,140.545,-0.39365,-19.034,619.97
0.72900,-3950.78,-2615.12,-0.8309,-40.4753,71.448,140.873,-0.39017,-18.679,620.64
0.72950,-3998.42,-2673.61,-0.8510,-40.0224,71.350,141.197,-0.38660,-18.332,621.30
0.73000,-4045.08,-2731.43,-0.8709,-39.5609,71.252,141.516,-0.38294,-17.991,621.96
0.73050,-4090.75,-2788.56,-0.8906,-39.0908,71.155,141.830,-0.37919,-17.658,622.61
0.73100,-4135.40,-2845.00,-0.9100,-38.6121,71.059,142.139,-0.37534,-17.330,623.25
0.73150,-4179.04,-2900.73,-0.9292,-38.1250,70.963,142.444,-0.37140,-17.008,623.89
0.73200,-4221.64,-2955.73,-0.9481,-37.6295,70.867,142.743,-0.36737,-16.692,624.52
0.73250,-4263.20,-3010.00,-0.9668,-37.1257,70.773,143.038,-0.36325,-16.381,625.15
0.73300,-4303.71,-3063.53,-0.9852,-36.6138,70.679,143.328,-0.35904,-16.075,625.77
0.73350,-4343.16,-3116.29,-1.0034,-36.0937,70.586,143.612,-0.35474,-15.774,626.38
0.73400,-4381.53,-3168.29,-1.0213,-35.5657,70.494,143.892,-0.35035,-15.477,626.99
0.73450,-4418.83,-3219.51,-1.0390,-35.0298,70.402,144.167,-0.34587,-15.185,627.59
0.73500,-4455.03,-3269.93,-1.0564,-34.4860,70.312,144.436,-0.34131,-14.896,628.18
0.73550,-4490.14,-3319.55,-1.0735,-33.9346,70.223,144.701,-0.33666,-14.612,628.77
0.73600,-4524.14,-3368.36,-1.0903,-33.3756,70.134,144.960,-0.33192,-14.331,629.35
0.73650,-4557.02,-3416.34,-1.1068,-32.8091,70.047,145.214,-0.32710,-14.053,629.92
0.73700,-4588.77,-3463.49,-1.1231,-32.2352,69.961,145.464,-0.32219,-13.778,630.48
0.73750,-4619.40,-3509.79,-1.1391,-31.6541,69.875,145.707,-0.31720,-13.507,631.03
0.73800,-4648.88,-3555.24,-1.1548,-31.0658,69.791,145.946,-0.31213,-13.238,631.58
0.73850,-4677.22,-3599.82,-1.1701,-30.4704,69.709,146.179,-0.30698,-12.972,632.12
0.73900,-4704.40,-3643.52,-1.1852,-29.8682,69.627,146.408,-0.30175,-12.708,632.65
0.73950,-4730.43,-3686.33,-1.2000,-29.2591,69.547,146.631,-0.29644,-12.447,633.17
0.74000,-4755.28,-3728.25,-1.2145,-28.6433,69.468,146.848,-0.29105,-12.187,633.69
0.74050,-4778.97,-3769.26,-1.2287,-28.0210,69.390,147.060,-0.28558,-11.930,634.19
0.74100,-4801.47,-3809.36,-1.2425,-27.3923,69.314,147.267,-0.28004,-11.675,634.69
0.74150,-4822.79,-3848.53,-1.2560,-26.7572,69.239,147.469,-0.27442,-11.421,635.17
0.74200,-4842.92,-3886.77,-1.2693,-26.1160,69.165,147.665,-0.26874,-11.168,635.65
0.74250,-4861.85,-3924.06,-1.2822,-25.4687,69.093,147.856,-0.26298,-10.918,636.12
0.74300,-4879.58,-3960.41,-1.2947,-24.8156,69.023,148.041,-0.25714,-10.668,636.58
0.74350,-4896.11,-3995.79,-1.3070,-24.1566,68.954,148.221,-0.25124,-10.419,637.03
0.74400,-4911.44,-4030.20,-1.3189,-23.4920,68.886,148.396,-0.24528,-10.172,637.47
0.74450,-4925.55,-4063.64,-1.3305,-22.8218,68.821,148.565,-0.23924,-9.926,637.90
0.74500,-4938.44,-4096.09,-1.3417,-22.1463,68.757,148.728,-0.23315,-9.680,638.32
0.74550,-4950.12,-4127.55,-1.3526,-21.4656,68.694,148.887,-0.22699,-9.435,638.73
0.74600,-4960.57,-4158.01,-1.3632,-20.7798,68.633,149.039,-0.22077,-9.190,639.14
0.74650,-4969.80,-4187.46,-1.3734,-20.0892,68.574,149.186,-0.21449,-8.946,639.53
0.74700,-4977.81,-4215.89,-1.3833,-19.3938,68.517,149.328,-0.20815,-8.702,639.91
0.74750,-4984.59,-4243.30,-1.3928,-18.6938,68.462,149.464,-0.20175,-8.459,640.28
0.74800,-4990.13,-4269.68,-1.4020,-17.9895,68.408,149.595,-0.19530,-8.215,640.64
0.74850,-4994.45,-4295.02,-1.4108,-17.2810,68.357,149.720,-0.18881,-7.972,640.99
0.74900,-4997.53,-4319.31,-1.4192,-16.5687,68.307,149.839,-0.18226,-7.728,641.33
0.74950,-4999.38,-4342.55,-1.4273,-15.8527,68.259,149.953,-0.17566,-7.485,641.66
0.75000,-5000.00,-4364.73,-1.4351,-15.1335,68.213,150.061,-0.16902,-7.241,641.97
0.75050,-4999.38,-4385.84,-1.4425,-14.4115,68.169,150.164,-0.16234,-6.997,642.28
0.75100,-4997.53,-4405.87,-1.4495,-13.6871,68.127,150.261,-0.15562,-6.752,642.58
0.75150,-4994.45,-4424.80,-1.4562,-12.9610,68.087,150.352,-0.14887,-6.507,642.86
0.75200,-4990.13,-4442.64,-1.4625,-12.2340,68.049,150.438,-0.14209,-6.261,643.13
0.75250,-4984.59,-4459.37,-1.4684,-11.5070,68.014,150.518,-0.13529,-6.015,643.40
0.75300,-4977.81,-4474.97,-1.4740,-10.7814,67.980,150.592,-0.12848,-5.768,643.65
0.75350,-4969.80,-4489.42,-1.4792,-10.0588,67.949,150.661,-0.12166,-5.521,643.89
0.75400,-4960.57,-4502.70,-1.4840,-9.3411,67.920,150.723,-0.11485,-5.274,644.12
0.75450,-4950.12,-4514.78,-1.4885,-8.6310,67.894,150.780,-0.10806,-5.026,644.34
0.75500,-4938.44,-4525.64,-1.4927,-7.9313,67.870,150.831,-0.10131,-4.778,644.54
0.75550,-4925.55,-4535.22,-1.4965,-7.2458,67.849,150.876,-0.09462,-4.531,644.74
0.75600,-4911.44,-4543.48,-1.4999,-6.5785,67.831,150.915,-0.08801,-4.284,644.92
0.75650,-4896.11,-4550.36,-1.5030,-5.9337,67.816,150.947,-0.08152,-4.039,645.09
0.75700,-4879.58,-4555.81,-1.5058,-5.3155,67.805,150.973,-0.07516,-3.796,645.26
0.75750,-4861.85,-4559.74,-1.5084,-4.7278,67.797,150.993,-0.06896,-3.556,645.41
0.75800,-4842.92,-4562.10,-1.5106,-4.1732,67.793,151.005,-0.06295,-3.319,645.55
0.75850,-4822.79,-4562.82,-1.5125,-3.6531,67.793,151.012,-0.05714,-3.086,645.68
0.75900,-4801.47,-4561.84,-1.5142,-3.1670,67.797,151.011,-0.05154,-2.857,645.80
0.75950,-4778.97,-4559.14,-1.5157,-2.7131,67.806,151.003,-0.04615,-2.634,645.91
0.76000,-4755.28,-4554.69,-1.5170,-2.2878,67.820,150.989,-0.04094,-2.415,646.01
0.76050,-4730.43,-4548.50,-1.5180,-1.8866,67.838,150.968,-0.03591,-2.202,646.10
0.76100,-4704.40,-4540.59,-1.5188,-1.5046,67.861,150.940,-0.03104,-1.994,646.18
0.76150,-4677.22,-4530.99,-1.5195,-1.1365,67.888,150.906,-0.02628,-1.791,646.25
0.76200,-4648.88,-4519.77,-1.5200,-0.7773,67.920,150.865,-0.02162,-1.591,646.32
0.76250,-4619.40,-4506.98,-1.5203,-0.4224,67.956,150.819,-0.01703,-1.394,646.37
0.76300,-4588.77,-4492.70,-1.5204,-0.0674,67.996,150.766,-0.01248,-1.199,646.42
0.76350,-4557.02,-4476.99,-1.5204,0.2912,68.040,150.708,-0.00796,-1.006,646.46
0.76400,-4524.14,-4459.94,-1.5201,0.6570,68.087,150.645,-0.00343,-0.813,646.49
0.76450,-4490.14,-4443.15,-1.5197,1.0305,68.133,150.582,0.00311,-0.600,646.52
0.76500,-4455.03,-4427.91,-1.5191,1.4040,68.174,150.523,0.01172,-0.349,646.53
0.76550,-4418.83,-4414.19,-1.5183,1.7703,68.209,150.467,0.02110,-0.060,646.53
0.76600,-4381.53,-4401.96,-1.5173,2.1240,68.240,150.416,0.03119,0.267,646.54
0.76650,-4343.16,-4391.15,-1.5162,2.4607,68.265,150.368,0.04196,0.633,646.57
0.76700,-4303.71,-4381.68,-1.5149,2.7774,68.286,150.324,0.05337,1.038,646.61
0.76750,-4263.20,-4369.00,-1.5134,3.0787,68.315,150.266,0.05957,1.422,646.66
0.76800,-4221.64,-4349.36,-1.5118,3.3948,68.362,150.181,0.06023,1.733,646.72
0.76850,-4179.04,-4324.37,-1.5100,3.7539,68.423,150.075,0.06122,1.992,646.80
0.76900,-4135.40,-4295.96,-1.5080,4.1723,68.493,149.954,0.06339,2.223,646.88
0.76950,-4090.75,-4265.40,-1.5058,4.6585,68.567,149.824,0.06649,2.445,646.96
0.77000,-4045.08,-4233.44,-1.5033,5.2170,68.644,149.686,0.07022,2.666,647.06
0.77050,-3998.42,-4200.52,-1.5006,5.8512,68.722,149.541,0.07437,2.894,647.16
0.77100,-3950.78,-4166.91,-1.4975,6.5639,68.800,149.391,0.07887,3.131,647.27
0.77150,-3902.15,-4132.79,-1.4940,7.3577,68.878,149.236,0.08370,3.383,647.38
0.77200,-3852.57,-4098.34,-1.4901,8.2348,68.954,149.076,0.08886,3.650,647.51
0.77250,-3802.03,-4063.68,-1.4858,9.1961,69.028,148.910,0.09437,3.937,647.64
0.77300,-3750.56,-4028.90,-1.4809,10.2412,69.100,148.740,0.10021,4.244,647.78
0.77350,-3698.16,-3994.10,-1.4755,11.3676,69.168,148.565,0.10639,4.575,647.92
0.77400,-3644.84,-3959.33,-1.4695,12.5712,69.234,148.385,0.11288,4.931,648.08
0.77450,-3590.63,-3924.61,-1.4629,13.8459,69.296,148.199,0.11968,5.314,648.25
0.77500,-3535.53,-3889.93,-1.4557,15.1840,69.355,148.007,0.12674,5.724,648.42
0.77550,-3479.56,-3855.28,-1.4477,16.5770,69.410,147.810,0.13403,6.163,648.61
0.77600,-3422.74,-3820.59,-1.4391,18.0152,69.461,147.606,0.14150,6.630,648.81
0.77650,-3365.06,-3785.81,-1.4297,19.4890,69.508,147.395,0.14911,7.127,649.02
0.77700,-3306.56,-3750.84,-1.4196,20.9881,69.552,147.177,0.15682,7.653,649.24
0.77750,-3247.24,-3715.61,-1.4087,22.5027,69.593,146.952,0.16459,8.207,649.48
0.77800,-3187.12,-3680.00,-1.3971,24.0232,69.631,146.718,0.17237,8.791,649.72
0.77850,-3126.21,-3643.91,-1.3847,25.5403,69.666,146.476,0.18013,9.403,649.98
0.77900,-3064.54,-3607.24,-1.3715,27.0455,69.699,146.225,0.18782,10.043,650.25
0.77950,-3002.10,-3569.89,-1.3576,28.5305,69.729,145.965,0.19542,10.710,650.54
0.78000,-2938.93,-3531.76,-1.3430,29.9880,69.759,145.696,0.20289,11.404,650.84
0.78050,-2875.03,-3492.74,-1.3277,31.4113,69.786,145.417,0.21020,12.126,651.14
0.78100,-2810.42,-3452.76,-1.3116,32.7945,69.813,145.129,0.21733,12.874,651.47
0.78150,-2745.11,-3411.72,-1.2949,34.1321,69.840,144.831,0.22425,13.649,651.80
0.78200,-2679.13,-3369.56,-1.2775,35.4198,69.866,144.523,0.23094,14.451,652.14
0.78250,-2612.49,-3326.20,-1.2595,36.6538,69.893,144.206,0.23740,15.280,652.50
0.78300,-2545.21,-3281.59,-1.2408,37.8309,69.919,143.879,0.24359,16.136,652.87
0.78350,-2477.29,-3235.69,-1.2216,38.9490,69.947,143.543,0.24953,17.021,653.25
0.78400,-2408.77,-3188.44,-1.2019,40.0061,69.976,143.197,0.25518,17.936,653.64
0.78450,-2339.65,-3139.83,-1.1816,41.0014,70.006,142.842,0.26056,18.881,654.04
0.78500,-2269.95,-3089.83,-1.1609,41.9342,70.038,142.479,0.26566,19.859,654.45
0.78550,-2199.70,-3038.43,-1.1397,42.8048,70.072,142.107,0.27048,20.872,654.87
0.78600,-2128.90,-2985.63,-1.1181,43.6136,70.108,141.726,0.27501,21.921,655.30
0.78650,-2057.57,-2931.42,-1.0961,44.3617,70.145,141.338,0.27927,23.011,655.73
0.78700,-1985.74,-2875.82,-1.0738,45.0505,70.186,140.941,0.28326,24.144,656.18
0.78750,-1913.42,-2818.86,-1.0511,45.6819,70.228,140.538,0.28699,25.324,656.63
0.78800,-1840.62,-2760.55,-1.0281,46.2580,70.274,140.128,0.29046,26.556,657.09
0.78850,-1767.37,-2700.93,-1.0048,46.7813,70.322,139.711,0.29369,27.844,657.56
0.78900,-1693.69,-2640.03,-0.9813,47.2542,70.372,139.287,0.29669,29.194,658.03
0.78950,-1619.59,-2577.90,-0.9576,47.6798,70.426,138.858,0.29946,30.613,658.51
0.79000,-1545.08,-2514.58,-0.9336,48.0608,70.482,138.424,0.30203,32.107,658.99
0.79050,-1470.20,-2450.11,-0.9095,48.4003,70.540,137.985,0.30439,33.684,659.48
0.79100,-1394.96,-2384.56,-0.8853,48.7014,70.602,137.541,0.30658,35.353,659.98
0.79150,-1319.37,-2317.98,-0.8608,48.9672,70.666,137.092,0.30859,37.122,660.48
0.79200,-1243.45,-2250.41,-0.8363,49.2009,70.732,136.640,0.31044,39.001,660.98
0.79250,-1167.23,-2181.93,-0.8116,49.4053,70.801,136.184,0.31215,41.001,661.49
0.79300,-1090.72,-2112.58,-0.7869,49.5835,70.872,135.725,0.31372,43.133,662.00
0.79350,-1013.94,-2042.43,-0.7621,49.7385,70.946,135.264,0.31517,45.408,662.51
0.79400,-936.91,-1971.53,-0.7372,49.8728,71.022,134.799,0.31652,47.837,663.03
0.79450,-859.65,-1899.94,-0.7122,49.9891,71.100,134.332,0.31776,50.431,663.55
0.79500,-782.17,-1827.72,-0.6872,50.0899,71.180,133.864,0.31892,53.200,664.07
0.79550,-704.51,-1754.93,-0.6621,50.1775,71.261,133.393,0.32000,56.151,664.60
0.79600,-626.67,-1681.61,-0.6370,50.2539,71.345,132.922,0.32101,59.289,665.13
0.79650,-548.67,-1607.83,-0.6119,50.3211,71.430,132.448,0.32196,62.615,665.66
0.79700,-470.54,-1533.62,-0.5867,50.3807,71.517,131.974,0.32285,66.125,666.19
0.79750,-392.30,-1459.05,-0.5615,50.4344,71.605,131.500,0.32370,69.809,666.72
0.79800,-313.95,-1384.15,-0.5362,50.4835,71.694,131.024,0.32451,73.650,667.26
0.79850,-235.53,-1308.97,-0.5110,50.5290,71.784,130.548,0.32527,77.624,667.79
0.79900,-157.05,-1233.56,-0.4857,50.5721,71.876,130.072,0.32601,81.700,668.33
0.79950,-78.54,-1157.94,-0.4604,50.6134,71.968,129.596,0.32672,85.839,668.87
0.80000,-0.00,-1082.16,-0.4351,50.6535,72.061,129.120,0.32740,0.000,669.41
0.80050,78.54,-1006.25,-0.4098,50.6929,72.155,128.644,0.32806,85.859,669.95
0.80100,157.05,-930.24,-0.3844,50.7319,72.250,128.169,0.32870,81.781,670.50
0.80150,235.53,-854.16,-0.3590,50.7706,72.345,127.693,0.32931,77.803,671.04
0.80200,313.95,-778.04,-0.3336,50.8089,72.441,127.219,0.32989,73.960,671.59
0.80250,392.30,-701.90,-0.3082,50.8468,72.537,126.745,0.33046,70.276,672.14
0.80300,470.54,-625.76,-0.2828,50.8840,72.634,126.271,0.33100,66.771,672.68
0.80350,548.67,-549.65,-0.2573,50.9201,72.731,125.799,0.33151,63.455,673.23
0.80400,626.67,-473.58,-0.2319,50.9547,72.828,125.327,0.33200,60.335,673.78
0.80450,704.51,-397.57,-0.2064,50.9874,72.926,124.856,0.33245,57.411,674.33
0.80500,782.17,-321.63,-0.1809,51.0174,73.023,124.386,0.33287,54.678,674.89
0.80550,859.65,-245.79,-0.1554,51.0442,73.121,123.917,0.33326,52.129,675.44
0.80600,936.91,-170.05,-0.1298,51.0672,73.219,123.449,0.33360,49.756,675.99
0.80650,1013.94,-94.42,-0.1043,51.0855,73.317,122.983,0.33391,47.547,676.55
0.80700,1090.72,-18.91,-0.0788,51.0985,73.416,122.517,0.33416,45.492,677.10
0.80750,1167.23,56.46,-0.0532,51.1055,73.514,122.053,0.33437,43.580,677.66
0.80800,1243.45,131.69,-0.0277,51.1057,73.613,121.590,0.33452,41.800,678.21
0.80850,1319.37,206.76,-0.0021,51.0983,73.711,121.129,0.33462,40.140,678.77
0.80900,1394.96,281.68,0.0234,51.0827,73.810,120.669,0.33466,38.592,679.33
0.80950,1470.20,356.42,0.0490,51.0582,73.908,120.210,0.33463,37.146,679.88
0.81000,1545.08,430.99,0.0745,51.0241,74.007,119.753,0.33454,35.794,680.44
0.81050,1619.59,505.38,0.1000,50.9798,74.106,119.298,0.33438,34.526,681.00
0.81100,1693.69,579.57,0.1255,50.9246,74.205,118.844,0.33415,33.337,681.55
0.81150,1767.37,653.56,0.1509,50.8581,74.303,118.393,0.33384,32.219,682.11
0.81200,1840.62,727.34,0.1763,50.7797,74.402,117.943,0.33345,31.167,682.67
0.81250,1913.42,800.91,0.2017,50.6889,74.501,117.495,0.33298,30.175,683.22
0.81300,1985.74,874.24,0.2270,50.5854,74.600,117.049,0.33244,29.237,683.78
0.81350,2057.57,947.34,0.2523,50.4687,74.699,116.605,0.33180,28.351,684.33
0.81400,2128.90,1020.19,0.2775,50.3387,74.799,116.163,0.33108,27.510,684.89
0.81450,2199.70,1092.79,0.3026,50.1949,74.898,115.723,0.33028,26.712,685.44
0.81500,2269.95,1165.11,0.3277,50.0371,74.997,115.286,0.32938,25.953,686.00
0.81550,2339.65,1237.16,0.3527,49.8653,75.096,114.851,0.32840,25.231,686.55
0.81600,2408.77,1308.91,0.3775,49.6793,75.196,114.419,0.32733,24.542,687.10
0.81650,2477.29,1380.35,0.4023,49.4789,75.295,113.989,0.32616,23.884,687.64
0.81700,2545.21,1451.48,0.4270,49.2643,75.394,113.562,0.32490,23.254,688.19
0.81750,2612.49,1522.27,0.4516,49.0353,75.494,113.137,0.32356,22.651,688.74
0.81800,2679.13,1592.72,0.4761,48.7920,75.593,112.716,0.32212,22.073,689.28
0.81850,2745.11,1662.81,0.5004,48.5345,75.692,112.297,0.32059,21.518,689.82
0.81900,2810.42,1732.52,0.5246,48.2629,75.791,111.881,0.31896,20.984,690.36
0.81950,2875.03,1801.84,0.5486,47.9773,75.891,111.469,0.31725,20.470,690.90
0.82000,2938.93,1870.75,0.5726,47.6779,75.990,111.060,0.31544,19.974,691.43
0.82050,3002.10,1939.23,0.5963,47.3649,76.088,110.654,0.31355,19.496,691.96
0.82100,3064.54,2007.27,0.6199,47.0385,76.187,110.251,0.31157,19.034,692.49
0.82150,3126.21,2074.86,0.6434,46.6988,76.286,109.852,0.30950,18.588,693.02
0.82200,3187.12,2141.97,0.6666,46.3462,76.384,109.457,0.30734,18.156,693.54
0.82250,3247.24,2208.59,0.6897,45.9809,76.482,109.065,0.30510,17.737,694.06
0.82300,3306.56,2274.70,0.7126,45.6031,76.579,108.677,0.30277,17.331,694.57
0.82350,3365.06,2340.28,0.7353,45.2131,76.677,108.292,0.30036,16.937,695.09
0.82400,3422.74,2405.32,0.7578,44.8112,76.774,107.912,0.29786,16.555,695.60
0.82450,3479.56,2469.79,0.7801,44.3976,76.870,107.536,0.29528,16.183,696.10
0.82500,3535.53,2533.69,0.8022,43.9726,76.967,107.164,0.29263,15.821,696.60
0.82550,3590.63,2596.99,0.8241,43.5365,77.062,106.795,0.28989,15.468,697.10
0.82600,3644.84,2659.68,0.8457,43.0894,77.157,106.432,0.28708,15.125,697.59
0.82650,3698.16,2721.73,0.8672,42.6317,77.252,106.072,0.28419,14.790,698.08
0.82700,3750.56,2783.14,0.8884,42.1637,77.346,105.717,0.28122,14.464,698.56
0.82750,3802.03,2843.88,0.9093,41.6855,77.439,105.367,0.27818,14.145,699.04
0.82800,3852.57,2903.94,0.9301,41.1975,77.532,105.021,0.27506,13.833,699.52
0.82850,3902.15,2963.30,0.9505,40.6997,77.624,104.679,0.27188,13.528,699.99
0.82900,3950.78,3021.95,0.9708,40.1925,77.715,104.343,0.26862,13.230,700.45
0.82950,3998.42,3079.87,0.9907,39.6761,77.806,104.011,0.26530,12.938,700.91
0.83000,4045.08,3137.04,1.0104,39.1506,77.895,103.683,0.26190,12.652,701.36
0.83050,4090.75,3193.46,1.0299,38.6162,77.984,103.361,0.25844,12.372,701.81
0.83100,4135.40,3249.09,1.0490,38.0732,78.072,103.044,0.25491,12.097,702.25
0.83150,4179.04,3303.94,1.0679,37.5217,78.159,102.731,0.25131,11.827,702.69
0.83200,4221.64,3357.99,1.0866,36.9618,78.244,102.424,0.24765,11.562,703.12
0.83250,4263.20,3411.21,1.1049,36.3938,78.329,102.122,0.24393,11.301,703.55
0.83300,4303.71,3463.61,1.1230,35.8177,78.413,101.825,0.24015,11.045,703.97
0.83350,4343.16,3515.16,1.1407,35.2338,78.496,101.533,0.23630,10.794,704.38
0.83400,4381.53,3565.85,1.1582,34.6420,78.577,101.247,0.23239,10.546,704.79
0.83450,4418.83,3615.67,1.1754,34.0427,78.657,100.965,0.22842,10.301,705.19
0.83500,4455.03,3664.61,1.1922,33.4359,78.737,100.689,0.22439,10.061,705.59
0.83550,4490.14,3712.66,1.2088,32.8216,78.815,100.419,0.22031,9.824,705.98
0.83600,4524.14,3759.79,1.2251,32.2001,78.891,100.154,0.21616,9.589,706.36
0.83650,4557.02,3806.01,1.2410,31.5715,78.966,99.894,0.21196,9.358,706.74
0.83700,4588.77,3851.31,1.2566,30.9358,79.040,99.640,0.20771,9.130,707.10
0.83750,4619.40,3895.66,1.2719,30.2931,79.113,99.391,0.20339,8.904,707.47
0.83800,4648.88,3939.06,1.2869,29.6437,79.184,99.148,0.19903,8.681,707.82
0.83850,4677.22,3981.50,1.3016,28.9875,79.254,98.911,0.19461,8.460,708.17
0.83900,4704.40,4022.97,1.3159,28.3247,79.322,98.679,0.19014,8.242,708.51
0.83950,4730.43,4063.47,1.3299,27.6553,79.389,98.453,0.18562,8.025,708.84
0.84000,4755.28,4102.97,1.3436,26.9796,79.455,98.233,0.18105,7.811,709.17
0.84050,4778.97,4141.47,1.3569,26.2976,79.518,98.018,0.17643,7.598,709.49
0.84100,4801.47,4178.97,1.3699,25.6094,79.581,97.810,0.17176,7.387,709.80
0.84150,4822.79,4215.45,1.3825,24.9151,79.641,97.607,0.16704,7.177,710.10
0.84200,4842.92,4250.91,1.3948,24.2149,79.700,97.410,0.16227,6.969,710.40
0.84250,4861.85,4285.33,1.4067,23.5089,79.758,97.219,0.15746,6.763,710.69
0.84300,4879.58,4318.72,1.4183,22.7972,79.814,97.033,0.15261,6.557,710.97
0.84350,4896.11,4351.05,1.4295,22.0800,79.868,96.854,0.14771,6.352,711.24
0.84400,4911.44,4382.33,1.4404,21.3574,79.920,96.681,0.14278,6.149,711.50
0.84450,4925.55,4412.54,1.4508,20.6295,79.971,96.513,0.13780,5.946,711.76
0.84500,4938.44,4441.69,1.4610,19.8966,80.020,96.352,0.13278,5.744,712.01
0.84550,4950.12,4469.75,1.4707,19.1587,80.067,96.196,0.12772,5.543,712.25
0.84600,4960.57,4496.73,1.4801,18.4162,80.112,96.047,0.12263,5.342,712.48
0.84650,4969.80,4522.62,1.4892,17.6693,80.155,95.904,0.11750,5.142,712.71
0.84700,4977.81,4547.40,1.4978,16.9181,80.197,95.767,0.11234,4.942,712.92
0.84750,4984.59,4571.08,1.5061,16.1630,80.237,95.636,0.10715,4.742,713.13
0.84800,4990.13,4593.65,1.5140,15.4044,80.275,95.511,0.10193,4.543,713.33
0.84850,4994.45,4615.09,1.5215,14.6428,80.311,95.392,0.09668,4.344,713.52
0.84900,4997.53,4635.40,1.5286,13.8785,80.345,95.280,0.09141,4.145,713.70
0.84950,4999.38,4654.57,1.5354,13.1125,80.377,95.174,0.08612,3.946,713.87
0.85000,5000.00,4672.59,1.5417,12.3454,80.407,95.074,0.08082,3.747,714.03
0.85050,4999.38,4689.44,1.5477,11.5785,80.435,94.980,0.07551,3.548,714.19
0.85100,4997.53,4705.12,1.5533,10.8131,80.461,94.893,0.07019,3.349,714.33
0.85150,4994.45,4719.60,1.5585,10.0511,80.485,94.812,0.06489,3.150,714.47
0.85200,4990.13,4732.87,1.5634,9.2948,80.507,94.737,0.05960,2.951,714.60
0.85250,4984.59,4744.89,1.5678,8.5471,80.526,94.669,0.05434,2.753,714.72
0.85300,4977.81,4755.63,1.5719,7.8117,80.543,94.608,0.04914,2.556,714.83
0.85350,4969.80,4765.05,1.5756,7.0928,80.557,94.553,0.04400,2.359,714.93
0.85400,4960.57,4773.10,1.5790,6.3951,80.568,94.505,0.03896,2.164,715.03
0.85450,4950.12,4779.72,1.5820,5.7238,80.577,94.463,0.03404,1.971,715.11
0.85500,4938.44,4784.85,1.5847,5.0839,80.582,94.429,0.02927,1.781,715.19
0.85550,4925.55,4788.43,1.5871,4.4794,80.583,94.402,0.02466,1.595,715.26
0.85600,4911.44,4790.39,1.5892,3.9133,80.581,94.382,0.02025,1.412,715.32
0.85650,4896.11,4790.67,1.5910,3.3866,80.575,94.369,0.01603,1.234,715.37
0.85700,4879.58,4789.24,1.5926,2.8985,80.564,94.363,0.01200,1.061,715.42
0.85750,4861.85,4786.08,1.5939,2.4460,80.549,94.365,0.00816,0.893,715.45
0.85800,4842.92,4781.31,1.5951,2.0249,80.530,94.373,0.00432,0.729,715.48
0.85850,4822.79,4777.29,1.5960,1.6352,80.515,94.380,-0.00245,0.541,715.51
0.85900,4801.47,4774.77,1.5967,1.2841,80.504,94.383,-0.01080,0.319,715.52
0.85950,4778.97,4773.60,1.5973,0.9764,80.498,94.383,-0.01972,0.064,715.52
0.86000,4755.28,4773.59,1.5977,0.7137,80.496,94.380,-0.02916,-0.221,715.53
0.86050,4730.43,4774.55,1.5980,0.4955,80.497,94.374,-0.03905,-0.534,715.55
0.86100,4704.40,4776.30,1.5982,0.3197,80.501,94.366,-0.04935,-0.876,715.59
0.86150,4677.22,4776.38,1.5983,0.1800,80.501,94.365,-0.05701,-1.215,715.64
0.86200,4648.88,4770.73,1.5984,0.0515,80.486,94.388,-0.05924,-1.501,715.70
0.86250,4619.40,4760.07,1.5984,-0.0916,80.458,94.430,-0.06103,-1.744,715.77
0.86300,4588.77,4745.68,1.5983,-0.2654,80.421,94.487,-0.06331,-1.958,715.85
0.86350,4557.02,4728.52,1.5981,-0.4777,80.376,94.556,-0.06605,-2.155,715.94
0.86400,4524.14,4709.25,1.5978,-0.7312,80.327,94.634,-0.06915,-2.343,716.03
0.86450,4490.14,4688.31,1.5974,-1.0259,80.274,94.720,-0.07251,-2.527,716.13
0.86500,4455.03,4665.99,1.5968,-1.3604,80.218,94.813,-0.07607,-2.711,716.23
0.86550,4418.83,4642.49,1.5960,-1.7330,80.160,94.913,-0.07981,-2.898,716.34
0.86600,4381.53,4617.97,1.5950,-2.1428,80.101,95.018,-0.08371,-3.089,716.46
0.86650,4343.16,4592.54,1.5938,-2.5892,80.040,95.129,-0.08776,-3.286,716.59
0.86700,4303.71,4566.28,1.5924,-3.0730,79.979,95.246,-0.09196,-3.491,716.72
0.86750,4263.20,4539.29,1.5908,-3.5958,79.917,95.368,-0.09634,-3.705,716.86
0.86800,4221.64,4511.63,1.5888,-4.1602,79.855,95.495,-0.10090,-3.930,717.00
0.86850,4179.04,4483.40,1.5866,-4.7696,79.794,95.628,-0.10567,-4.166,717.15
0.86900,4135.40,4454.66,1.5840,-5.4278,79.732,95.765,-0.11068,-4.415,717.31
0.86950,4090.75,4425.51,1.5812,-6.1387,79.672,95.908,-0.11593,-4.678,717.48
0.87000,4045.08,4396.03,1.5779,-6.9061,79.614,96.056,-0.12146,-4.958,717.66
0.87050,3998.42,4366.30,1.5742,-7.7329,79.557,96.209,-0.12729,-5.257,717.84
0.87100,3950.78,4336.40,1.5701,-8.6210,79.502,96.367,-0.13344,-5.575,718.03
0.87150,3902.15,4306.40,1.5656,-9.5707,79.450,96.529,-0.13990,-5.915,718.23
0.87200,3852.57,4276.35,1.5606,-10.5808,79.400,96.697,-0.14668,-6.277,718.45
0.87250,3802.03,4246.30,1.5550,-11.6485,79.354,96.871,-0.15376,-6.665,718.67
0.87300,3750.56,4216.25,1.5489,-12.7691,79.311,97.049,-0.16113,-7.078,718.90
0.87350,3698.16,4186.20,1.5422,-13.9369,79.271,97.234,-0.16877,-7.518,719.15
0.87400,3644.84,4156.13,1.5350,-15.1451,79.235,97.424,-0.17662,-7.985,719.40
0.87450,3590.63,4125.98,1.5271,-16.3860,79.203,97.621,-0.18467,-8.480,719.67
0.87500,3535.53,4095.70,1.5186,-17.6517,79.173,97.825,-0.19287,-9.003,719.95
0.87550,3479.56,4065.22,1.5094,-18.9341,79.147,98.035,-0.20118,-9.554,720.24
0.87600,3422.74,4034.43,1.4996,-20.2251,79.124,98.253,-0.20955,-10.133,720.55
0.87650,3365.06,4003.25,1.4892,-21.5171,79.104,98.479,-0.21795,-10.739,720.87
0.87700,3306.56,3971.57,1.4781,-22.8027,79.086,98.713,-0.22633,-11.372,721.20
0.87750,3247.24,3939.30,1.4664,-24.0750,79.070,98.956,-0.23467,-12.031,721.55
0.87800,3187.12,3906.34,1.4541,-25.3279,79.056,99.207,-0.24292,-12.717,721.91
0.87850,3126.21,3872.59,1.4411,-26.5556,79.043,99.467,-0.25106,-13.428,722.28
0.87900,3064.54,3837.95,1.4275,-27.7534,79.032,99.736,-0.25906,-14.164,722.66
0.87950,3002.10,3802.34,1.4133,-28.9168,79.021,100.015,-0.26689,-14.926,723.07
0.88000,2938.93,3765.68,1.3986,-30.0423,79.010,100.302,-0.27454,-15.712,723.48
0.88050,2875.03,3727.90,1.3833,-31.1268,78.999,100.599,-0.28198,-16.523,723.90
0.88100,2810.42,3688.93,1.3675,-32.1682,78.988,100.906,-0.28920,-17.359,724.34
0.88150,2745.11,3648.74,1.3511,-33.1647,78.976,101.221,-0.29619,-18.220,724.80
0.88200,2679.13,3607.26,1.3343,-34.1153,78.964,101.546,-0.30294,-19.107,725.26
0.88250,2612.49,3564.47,1.3170,-35.0192,78.950,101.879,-0.30945,-20.021,725.74
0.88300,2545.21,3520.34,1.2993,-35.8765,78.935,102.222,-0.31570,-20.963,726.22
0.88350,2477.29,3474.87,1.2812,-36.6875,78.918,102.573,-0.32171,-21.934,726.72
0.88400,2408.77,3428.03,1.2626,-37.4529,78.899,102.932,-0.32747,-22.935,727.23
0.88450,2339.65,3379.84,1.2437,-38.1740,78.879,103.299,-0.33298,-23.970,727.75
0.88500,2269.95,3330.29,1.2245,-38.8521,78.856,103.674,-0.33826,-25.038,728.28
0.88550,2199.70,3279.42,1.2049,-39.4889,78.831,104.056,-0.34330,-26.144,728.82
0.88600,2128.90,3227.24,1.1850,-40.0862,78.804,104.446,-0.34812,-27.290,729.37
0.88650,2057.57,3173.78,1.1648,-40.6462,78.774,104.842,-0.35273,-28.479,729.93
0.88700,1985.74,3119.07,1.1443,-41.1710,78.742,105.245,-0.35712,-29.715,730.50
0.88750,1913.42,3063.16,1.1236,-41.6628,78.708,105.653,-0.36133,-31.001,731.07
0.88800,1840.62,3006.08,1.1027,-42.1240,78.671,106.068,-0.36535,-32.341,731.65
0.88850,1767.37,2947.87,1.0815,-42.5568,78.632,106.488,-0.36920,-33.741,732.24
0.88900,1693.69,2888.60,1.0601,-42.9635,78.591,106.913,-0.37288,-35.203,732.84
0.88950,1619.59,2828.30,1.0385,-43.3464,78.547,107.342,-0.37642,-36.734,733.45
0.89000,1545.08,2767.03,1.0168,-43.7076,78.501,107.776,-0.37981,-38.339,734.06
0.89050,1470.20,2704.83,0.9948,-44.0492,78.453,108.214,-0.38308,-40.023,734.67
0.89100,1394.96,2641.77,0.9727,-44.3730,78.402,108.656,-0.38622,-41.790,735.30
0.89150,1319.37,2577.88,0.9505,-44.6810,78.350,109.101,-0.38926,-43.648,735.93
0.89200,1243.45,2513.23,0.9281,-44.9749,78.296,109.550,-0.39220,-45.600,736.56
0.89250,1167.23,2447.85,0.9055,-45.2561,78.240,110.001,-0.39504,-47.652,737.20
0.89300,1090.72,2381.81,0.8828,-45.5260,78.182,110.455,-0.39779,-49.809,737.85
0.89350,1013.94,2315.14,0.8600,-45.7859,78.122,110.911,-0.40047,-52.073,738.50
0.89400,936.91,2247.89,0.8370,-46.0368,78.061,111.370,-0.40307,-54.448,739.15
0.89450,859.65,2180.10,0.8139,-46.2798,77.999,111.830,-0.40561,-56.935,739.81
0.89500,782.17,2111.82,0.7907,-46.5154,77.934,112.292,-0.40808,-59.534,740.48
0.89550,704.51,2043.08,0.7674,-46.7444,77.869,112.756,-0.41050,-62.242,741.15
0.89600,626.67,1973.92,0.7440,-46.9673,77.802,113.221,-0.41286,-65.055,741.82
0.89650,548.67,1904.37,0.7205,-47.1843,77.734,113.687,-0.41516,-67.966,742.50
0.89700,470.54,1834.47,0.6968,-47.3958,77.665,114.154,-0.41741,-70.966,743.18
0.89750,392.30,1764.24,0.6731,-47.6019,77.595,114.622,-0.41960,-74.043,743.87
0.89800,313.95,1693.72,0.6492,-47.8025,77.523,115.091,-0.42175,-77.181,744.56
0.89850,235.53,1622.93,0.6253,-47.9976,77.451,115.561,-0.42384,-80.365,745.25
0.89900,157.05,1551.88,0.6012,-48.1871,77.378,116.030,-0.42588,-83.576,745.95
0.89950,78.54,1480.61,0.5771,-48.3706,77.303,116.500,-0.42787,-86.794,746.65
0.90000,0.00,1409.14,0.5528,-48.5480,77.228,116.971,-0.42980,0.000,747.35
0.90050,-78.54,1337.48,0.5285,-48.7189,77.152,117.441,-0.43168,-86.825,748.06
0.90100,-157.05,1265.65,0.5041,-48.8828,77.075,117.912,-0.43350,-83.701,748.77
0.90150,-235.53,1193.66,0.4796,-49.0395,76.998,118.382,-0.43525,-80.642,749.49
0.90200,-313.95,1121.54,0.4551,-49.1884,76.919,118.852,-0.43694,-77.663,750.21
0.90250,-392.30,1049.29,0.4305,-49.3291,76.840,119.322,-0.43857,-74.777,750.93
0.90300,-470.54,976.93,0.4058,-49.4612,76.760,119.792,-0.44012,-71.992,751.65
0.90350,-548.67,904.46,0.3810,-49.5842,76.679,120.261,-0.44161,-69.315,752.38
0.90400,-626.67,831.91,0.3562,-49.6977,76.597,120.729,-0.44302,-66.750,753.11
0.90450,-704.51,759.29,0.3313,-49.8013,76.514,121.197,-0.44435,-64.299,753.84
0.90500,-782.17,686.60,0.3064,-49.8945,76.431,121.663,-0.44560,-61.963,754.57
0.90550,-859.65,613.85,0.2814,-49.9769,76.347,122.130,-0.44678,-59.740,755.31
0.90600,-936.91,541.06,0.2564,-50.0483,76.262,122.595,-0.44786,-57.629,756.05
0.90650,-1013.94,468.24,0.2314,-50.1083,76.176,123.059,-0.44886,-55.624,756.79
0.90700,-1090.72,395.39,0.2063,-50.1565,76.090,123.522,-0.44977,-53.724,757.53
0.90750,-1167.23,322.54,0.1812,-50.1928,76.003,123.983,-0.45059,-51.921,758.28
0.90800,-1243.45,249.69,0.1561,-50.2168,75.915,124.444,-0.45131,-50.213,759.02
0.90850,-1319.37,176.84,0.1310,-50.2285,75.826,124.903,-0.45194,-48.594,759.77
0.90900,-1394.96,104.03,0.1059,-50.2275,75.736,125.360,-0.45247,-47.059,760.52
0.90950,-1470.20,31.25,0.0808,-50.2139,75.646,125.816,-0.45290,-45.603,761.27
0.91000,-1545.08,-41.48,0.0557,-50.1875,75.554,126.270,-0.45324,-44.221,762.02
0.91050,-1619.59,-114.14,0.0306,-50.1482,75.463,126.722,-0.45347,-42.908,762.78
0.91100,-1693.69,-186.73,0.0055,-50.0961,75.370,127.172,-0.45360,-41.661,763.53
0.91150,-1767.37,-259.23,-0.0195,-50.0310,75.276,127.621,-0.45363,-40.475,764.28
0.91200,-1840.62,-331.62,-0.0445,-49.9531,75.182,128.067,-0.45356,-39.346,765.04
0.91250,-1913.42,-403.90,-0.0695,-49.8623,75.087,128.511,-0.45338,-38.270,765.79
0.91300,-1985.74,-476.03,-0.0944,-49.7587,74.992,128.953,-0.45310,-37.245,766.55
0.91350,-2057.57,-548.02,-0.1192,-49.6424,74.895,129.392,-0.45271,-36.266,767.30
0.91400,-2128.90,-619.84,-0.1440,-49.5135,74.798,129.829,-0.45222,-35.331,768.06
0.91450,-2199.70,-691.47,-0.1687,-49.3722,74.701,130.264,-0.45163,-34.436,768.81
0.91500,-2269.95,-762.91,-0.1934,-49.2184,74.603,130.695,-0.45093,-33.581,769.56
0.91550,-2339.65,-834.13,-0.2179,-49.0524,74.504,131.124,-0.45013,-32.760,770.32
0.91600,-2408.77,-905.12,-0.2424,-48.8743,74.404,131.550,-0.44922,-31.974,771.07
0.91650,-2477.29,-975.86,-0.2668,-48.6843,74.305,131.973,-0.44821,-31.219,771.82
0.91700,-2545.21,-1046.34,-0.2911,-48.4825,74.204,132.393,-0.44710,-30.494,772.57
0.91750,-2612.49,-1116.53,-0.3153,-48.2691,74.103,132.810,-0.44588,-29.796,773.32
0.91800,-2679.13,-1186.42,-0.3394,-48.0442,74.002,133.224,-0.44457,-29.125,774.06
0.91850,-2745.11,-1255.99,-0.3633,-47.8079,73.901,133.634,-0.44315,-28.478,774.81
0.91900,-2810.42,-1325.23,-0.3872,-47.5606,73.799,134.041,-0.44162,-27.855,775.55
0.91950,-2875.03,-1394.11,-0.4109,-47.3022,73.696,134.445,-0.44000,-27.253,776.29
0.92000,-2938.93,-1462.63,-0.4345,-47.0329,73.594,134.845,-0.43827,-26.672,777.03
0.92050,-3002.10,-1530.76,-0.4579,-46.7529,73.491,135.241,-0.43645,-26.110,777.77
0.92100,-3064.54,-1598.48,-0.4812,-46.4624,73.388,135.634,-0.43452,-25.566,778.50
0.92150,-3126.21,-1665.79,-0.5044,-46.1615,73.285,136.023,-0.43250,-25.040,779.23
0.92200,-3187.12,-1732.66,-0.5274,-45.8502,73.181,136.408,-0.43037,-24.530,779.96
0.92250,-3247.24,-1799.08,-0.5502,-45.5288,73.078,136.789,-0.42815,-24.035,780.68
0.92300,-3306.56,-1865.03,-0.5729,-45.1973,72.975,137.166,-0.42583,-23.555,781.40
0.92350,-3365.06,-1930.50,-0.5954,-44.8560,72.871,137.540,-0.42341,-23.089,782.12
0.92400,-3422.74,-1995.46,-0.6178,-44.5048,72.768,137.909,-0.42089,-22.636,782.83
0.92450,-3479.56,-2059.91,-0.6399,-44.1439,72.665,138.274,-0.41827,-22.195,783.54
0.92500,-3535.53,-2123.83,-0.6619,-43.7734,72.562,138.635,-0.41556,-21.766,784.25
0.92550,-3590.63,-2187.20,-0.6837,-43.3934,72.459,138.991,-0.41275,-21.348,784.95
0.92600,-3644.84,-2250.01,-0.7053,-43.0040,72.356,139.343,-0.40985,-20.941,785.65
0.92650,-3698.16,-2312.25,-0.7267,-42.6053,72.253,139.691,-0.40685,-20.544,786.34
0.92700,-3750.56,-2373.90,-0.7479,-42.1974,72.151,140.034,-0.40375,-20.156,787.03
0.92750,-3802.03,-2434.94,-0.7689,-41.7804,72.049,140.373,-0.40056,-19.777,787.71
0.92800,-3852.57,-2495.36,-0.7897,-41.3543,71.948,140.708,-0.39727,-19.407,788.39
0.92850,-3902.15,-2555.16,-0.8103,-40.9193,71.847,141.038,-0.39389,-19.044,789.06
0.92900,-3950.78,-2614.30,-0.8306,-40.4754,71.746,141.363,-0.39042,-18.690,789.73
0.92950,-3998.42,-2672.79,-0.8507,-40.0227,71.646,141.683,-0.38685,-18.342,790.39
0.93000,-4045.08,-2730.61,-0.8706,-39.5613,71.547,141.999,-0.38319,-18.002,791.05
0.93050,-4090.75,-2787.75,-0.8903,-39.0912,71.448,142.310,-0.37943,-17.668,791.70
0.93100,-4135.40,-2844.18,-0.9097,-38.6127,71.349,142.617,-0.37558,-17.340,792.35
0.93150,-4179.04,-2899.91,-0.9289,-38.1257,71.252,142.918,-0.37164,-17.018,792.99
0.93200,-4221.64,-2954.92,-0.9478,-37.6303,71.155,143.215,-0.36761,-16.702,793.62
0.93250,-4263.20,-3009.19,-0.9665,-37.1267,71.058,143.507,-0.36349,-16.391,794.25
0.93300,-4303.71,-3062.72,-0.9850,-36.6149,70.963,143.794,-0.35928,-16.085,794.87
0.93350,-4343.16,-3115.48,-1.0031,-36.0950,70.868,144.076,-0.35498,-15.784,795.48
0.93400,-4381.53,-3167.48,-1.0211,-35.5671,70.775,144.353,-0.35059,-15.487,796.09
0.93450,-4418.83,-3218.70,-1.0387,-35.0313,70.682,144.625,-0.34611,-15.195,796.69
0.93500,-4455.03,-3269.13,-1.0561,-34.4877,70.590,144.892,-0.34155,-14.906,797.28
0.93550,-4490.14,-3318.76,-1.0732,-33.9364,70.499,145.154,-0.33690,-14.621,797.87
0.93600,-4524.14,-3367.57,-1.0900,-33.3775,70.409,145.411,-0.33216,-14.340,798.45
0.93650,-4557.02,-3415.55,-1.1066,-32.8111,70.320,145.663,-0.32733,-14.062,799.02
0.93700,-4588.77,-3462.70,-1.1228,-32.2373,70.232,145.910,-0.32243,-13.788,799.58
0.93750,-4619.40,-3509.01,-1.1388,-31.6563,70.146,146.151,-0.31744,-13.516,800.14
0.93800,-4648.88,-3554.45,-1.1545,-31.0682,70.060,146.388,-0.31237,-13.247,800.68
0.93850,-4677.22,-3599.04,-1.1699,-30.4729,69.976,146.619,-0.30721,-12.981,801.22
0.93900,-4704.40,-3642.74,-1.1850,-29.8708,69.893,146.845,-0.30198,-12.717,801.75
0.93950,-4730.43,-3685.56,-1.1997,-29.2619,69.812,147.066,-0.29666,-12.456,802.28
0.94000,-4755.28,-3727.48,-1.2142,-28.6462,69.731,147.281,-0.29127,-12.196,802.79
0.94050,-4778.97,-3768.50,-1.2284,-28.0240,69.652,147.491,-0.28581,-11.939,803.29
0.94100,-4801.47,-3808.60,-1.2422,-27.3954,69.575,147.696,-0.28026,-11.683,803.79
0.94150,-4822.79,-3847.77,-1.2558,-26.7605,69.499,147.896,-0.27465,-11.429,804.28
0.94200,-4842.92,-3886.02,-1.2690,-26.1194,69.424,148.090,-0.26896,-11.177,804.76
0.94250,-4861.85,-3923.32,-1.2819,-25.4722,69.351,148.279,-0.26319,-10.926,805.23
0.94300,-4879.58,-3959.67,-1.2945,-24.8192,69.279,148.462,-0.25736,-10.676,805.69
0.94350,-4896.11,-3995.05,-1.3067,-24.1603,69.209,148.641,-0.25146,-10.428,806.14
0.94400,-4911.44,-4029.48,-1.3186,-23.4958,69.141,148.813,-0.24549,-10.180,806.58
0.94450,-4925.55,-4062.92,-1.3302,-22.8258,69.074,148.981,-0.23946,-9.934,807.01
0.94500,-4938.44,-4095.38,-1.3415,-22.1504,69.009,149.143,-0.23336,-9.688,807.43
0.94550,-4950.12,-4126.84,-1.3524,-21.4698,68.945,149.299,-0.22719,-9.443,807.84
0.94600,-4960.57,-4157.31,-1.3629,-20.7842,68.884,149.450,-0.22097,-9.198,808.24
0.94650,-4969.80,-4186.76,-1.3732,-20.0936,68.824,149.596,-0.21469,-8.954,808.64
0.94700,-4977.81,-4215.20,-1.3830,-19.3983,68.766,149.736,-0.20835,-8.710,809.02
0.94750,-4984.59,-4242.62,-1.3925,-18.6985,68.709,149.871,-0.20195,-8.466,809.39
0.94800,-4990.13,-4269.00,-1.4017,-17.9942,68.655,150.000,-0.19550,-8.223,809.75
0.94850,-4994.45,-4294.35,-1.4105,-17.2859,68.602,150.123,-0.18900,-7.979,810.10
0.94900,-4997.53,-4318.65,-1.4190,-16.5737,68.552,150.242,-0.18245,-7.736,810.44
0.94950,-4999.38,-4341.90,-1.4271,-15.8578,68.503,150.354,-0.17585,-7.492,810.77
0.95000,-5000.00,-4364.08,-1.4349,-15.1387,68.456,150.461,-0.16921,-7.248,811.08
0.95050,-4999.38,-4385.20,-1.4423,-14.4168,68.412,150.563,-0.16252,-7.004,811.39
0.95100,-4997.53,-4405.23,-1.4493,-13.6925,68.369,150.659,-0.15580,-6.759,811.69
0.95150,-4994.45,-4424.18,-1.4559,-12.9664,68.329,150.749,-0.14905,-6.514,811.97
0.95200,-4990.13,-4442.03,-1.4622,-12.2395,68.290,150.834,-0.14227,-6.268,812.25
0.95250,-4984.59,-4458.76,-1.4682,-11.5126,68.254,150.913,-0.13547,-6.022,812.51
0.95300,-4977.81,-4474.37,-1.4738,-10.7871,68.220,150.986,-0.12865,-5.775,812.76
0.95350,-4969.80,-4488.83,-1.4790,-10.0645,68.188,151.054,-0.12183,-5.528,813.00
0.95400,-4960.57,-4502.12,-1.4838,-9.3468,68.159,151.116,-0.11501,-5.280,813.23
0.95450,-4950.12,-4514.21,-1.4883,-8.6367,68.132,151.172,-0.10822,-5.032,813.45
0.95500,-4938.44,-4525.08,-1.4925,-7.9370,68.108,151.222,-0.10147,-4.785,813.66
0.95550,-4925.55,-4534.67,-1.4963,-7.2514,68.086,151.266,-0.09478,-4.537,813.85
0.95600,-4911.44,-4542.94,-1.4997,-6.5840,68.068,151.304,-0.08817,-4.291,814.04
0.95650,-4896.11,-4549.83,-1.5028,-5.9390,68.053,151.336,-0.08167,-4.046,814.21
0.95700,-4879.58,-4555.29,-1.5057,-5.3206,68.041,151.362,-0.07530,-3.802,814.37
0.95750,-4861.85,-4559.24,-1.5082,-4.7327,68.032,151.381,-0.06910,-3.562,814.52
0.95800,-4842.92,-4561.61,-1.5104,-4.1778,68.028,151.393,-0.06309,-3.324,814.66
0.95850,-4822.79,-4562.34,-1.5124,-3.6575,68.028,151.399,-0.05727,-3.091,814.79
0.95900,-4801.47,-4561.38,-1.5141,-3.1712,68.032,151.398,-0.05167,-2.863,814.91
0.95950,-4778.97,-4558.69,-1.5155,-2.7170,68.041,151.390,-0.04627,-2.639,815.02
0.96000,-4755.28,-4554.26,-1.5168,-2.2914,68.054,151.375,-0.04106,-2.421,815.12
0.96050,-4730.43,-4548.08,-1.5178,-1.8901,68.072,151.354,-0.03603,-2.208,815.22
0.96100,-4704.40,-4540.18,-1.5187,-1.5080,68.095,151.326,-0.03114,-1.999,815.30
0.96150,-4677.22,-4530.60,-1.5193,-1.1398,68.122,151.292,-0.02638,-1.796,815.37
0.96200,-4648.88,-4519.39,-1.5198,-0.7805,68.154,151.251,-0.02172,-1.596,815.44
0.96250,-4619.40,-4506.61,-1.5201,-0.4255,68.190,151.204,-0.01713,-1.399,815.49
0.96300,-4588.77,-4492.34,-1.5202,-0.0706,68.230,151.152,-0.01258,-1.204,815.54
0.96350,-4557.02,-4476.65,-1.5202,0.2881,68.273,151.094,-0.00805,-1.010,815.58
0.96400,-4524.14,-4459.60,-1.5200,0.6538,68.321,151.031,-0.00352,-0.817,815.61
0.96450,-4490.14,-4442.76,-1.5195,1.0273,68.367,150.968,0.00295,-0.604,815.64
0.96500,-4455.03,-4427.47,-1.5189,1.4011,68.407,150.908,0.01154,-0.354,815.65
0.96550,-4418.83,-4413.71,-1.5181,1.7679,68.443,150.853,0.02090,-0.066,815.65
0.96600,-4381.53,-4401.43,-1.5172,2.1222,68.473,150.801,0.03098,0.260,815.66
0.96650,-4343.16,-4390.57,-1.5160,2.4597,68.499,150.753,0.04175,0.625,815.69
0.96700,-4303.71,-4381.07,-1.5147,2.7771,68.520,150.709,0.05315,1.030,815.72
0.96750,-4263.20,-4368.51,-1.5132,3.0789,68.548,150.651,0.05955,1.415,815.78
0.96800,-4221.64,-4348.99,-1.5116,3.3948,68.595,150.567,0.06024,1.728,815.84
0.96850,-4179.04,-4324.07,-1.5098,3.7533,68.656,150.461,0.06120,1.988,815.91
0.96900,-4135.40,-4295.69,-1.5079,4.1709,68.726,150.340,0.06335,2.220,815.99
0.96950,-4090.75,-4265.16,-1.5057,4.6563,68.800,150.210,0.06644,2.441,816.08
0.97000,-4045.08,-4233.21,-1.5032,5.2140,68.877,150.072,0.07016,2.663,816.17
0.97050,-3998.42,-4200.29,-1.5004,5.8474,68.955,149.927,0.07430,2.890,816.28
0.97100,-3950.78,-4166.68,-1.4973,6.5592,69.033,149.777,0.07880,3.128,816.38
0.97150,-3902.15,-4132.56,-1.4939,7.3523,69.110,149.621,0.08363,3.379,816.50
0.97200,-3852.57,-4098.10,-1.4900,8.2286,69.186,149.461,0.08879,3.647,816.62
0.97250,-3802.03,-4063.43,-1.4856,9.1892,69.260,149.295,0.09429,3.933,816.75
0.97300,-3750.56,-4028.65,-1.4808,10.2336,69.332,149.125,0.10013,4.241,816.89
0.97350,-3698.16,-3993.85,-1.4754,11.3594,69.400,148.949,0.10630,4.571,817.04
0.97400,-3644.84,-3959.07,-1.4694,12.5625,69.466,148.769,0.11280,4.927,817.20
0.97450,-3590.63,-3924.34,-1.4628,13.8367,69.528,148.583,0.11959,5.310,817.36
0.97500,-3535.53,-3889.65,-1.4555,15.1745,69.586,148.391,0.12665,5.720,817.54
0.97550,-3479.56,-3854.99,-1.4476,16.5672,69.641,148.193,0.13394,6.158,817.73
0.97600,-3422.74,-3820.30,-1.4390,18.0053,69.692,147.989,0.14141,6.625,817.93
0.97650,-3365.06,-3785.51,-1.4296,19.4789,69.739,147.778,0.14902,7.122,818.14
0.97700,-3306.56,-3750.54,-1.4195,20.9781,69.783,147.559,0.15673,7.648,818.36
0.97750,-3247.24,-3715.30,-1.4086,22.4928,69.824,147.333,0.16450,8.202,818.59
0.97800,-3187.12,-3679.69,-1.3970,24.0135,69.861,147.099,0.17228,8.786,818.84
0.97850,-3126.21,-3643.60,-1.3846,25.5310,69.896,146.856,0.18004,9.397,819.10
0.97900,-3064.54,-3606.94,-1.3715,27.0365,69.928,146.605,0.18773,10.037,819.37
0.97950,-3002.10,-3569.59,-1.3576,28.5219,69.959,146.344,0.19533,10.704,819.65
0.98000,-2938.93,-3531.45,-1.3429,29.9799,69.988,146.075,0.20280,11.399,819.95
0.98050,-2875.03,-3492.44,-1.3276,31.4038,70.015,145.795,0.21011,12.120,820.26
0.98100,-2810.42,-3452.46,-1.3115,32.7875,70.042,145.506,0.21724,12.868,820.58
0.98150,-2745.11,-3411.42,-1.2948,34.1257,70.068,145.208,0.22416,13.643,820.91
0.98200,-2679.13,-3369.27,-1.2774,35.4141,70.093,144.900,0.23086,14.445,821.26
0.98250,-2612.49,-3325.91,-1.2594,36.6487,70.119,144.582,0.23732,15.274,821.61
0.98300,-2545.21,-3281.31,-1.2408,37.8265,70.146,144.254,0.24352,16.131,821.98
0.98350,-2477.29,-3235.41,-1.2216,38.9452,70.173,143.917,0.24945,17.016,822.36
0.98400,-2408.77,-3188.18,-1.2019,40.0030,70.201,143.571,0.25511,17.930,822.75
0.98450,-2339.65,-3139.57,-1.1816,40.9989,70.231,143.215,0.26049,18.875,823.15
0.98500,-2269.95,-3089.58,-1.1609,41.9324,70.262,142.851,0.26559,19.853,823.56
0.98550,-2199.70,-3038.19,-1.1397,42.8035,70.296,142.478,0.27041,20.866,823.98
0.98600,-2128.90,-2985.39,-1.1181,43.6129,70.331,142.096,0.27495,21.916,824.41
0.98650,-2057.57,-2931.19,-1.0961,44.3615,70.368,141.707,0.27921,23.005,824.84
0.98700,-1985.74,-2875.60,-1.0737,45.0509,70.408,141.310,0.28320,24.138,825.29
0.98750,-1913.42,-2818.64,-1.0510,45.6828,70.450,140.905,0.28693,25.319,825.74
0.98800,-1840.62,-2760.34,-1.0281,46.2594,70.495,140.494,0.29041,26.550,826.20
0.98850,-1767.37,-2700.72,-1.0048,46.7830,70.542,140.076,0.29364,27.839,826.67
0.98900,-1693.69,-2639.83,-0.9813,47.2563,70.592,139.652,0.29663,29.189,827.14
0.98950,-1619.59,-2577.70,-0.9575,47.6822,70.644,139.222,0.29941,30.608,827.62
0.99000,-1545.08,-2514.38,-0.9336,48.0635,70.700,138.786,0.30197,32.102,828.11
0.99050,-1470.20,-2449.93,-0.9095,48.4032,70.758,138.346,0.30434,33.679,828.60
0.99100,-1394.96,-2384.38,-0.8852,48.7045,70.818,137.901,0.30652,35.348,829.09
0.99150,-1319.37,-2317.79,-0.8608,48.9705,70.882,137.451,0.30854,37.117,829.59
0.99200,-1243.45,-2250.23,-0.8362,49.2043,70.948,136.998,0.31039,38.996,830.09
0.99250,-1167.23,-2181.75,-0.8116,49.4088,71.016,136.541,0.31210,40.996,830.60
0.99300,-1090.72,-2112.40,-0.7868,49.5871,71.087,136.081,0.31367,43.128,831.11
0.99350,-1013.94,-2042.25,-0.7620,49.7420,71.159,135.618,0.31512,45.403,831.63
0.99400,-936.91,-1971.35,-0.7371,49.8763,71.235,135.152,0.31647,47.833,832.14
0.99450,-859.65,-1899.76,-0.7121,49.9926,71.312,134.684,0.31771,50.427,832.66
0.99500,-782.17,-1827.55,-0.6871,50.0933,71.391,134.215,0.31887,53.195,833.19
0.99550,-704.51,-1754.75,-0.6620,50.1808,71.472,133.743,0.31994,56.146,833.71
0.99600,-626.67,-1681.43,-0.6369,50.2571,71.555,133.270,0.32095,59.284,834.24
0.99650,-548.67,-1607.65,-0.6118,50.3241,71.639,132.796,0.32190,62.611,834.77
0.99700,-470.54,-1533.44,-0.5866,50.3837,71.725,132.321,0.32280,66.121,835.30
0.99750,-392.30,-1458.87,-0.5614,50.4372,71.813,131.845,0.32364,69.806,835.83
0.99800,-313.95,-1383.97,-0.5362,50.4861,71.901,131.368,0.32445,73.648,836.37
0.99850,-235.53,-1308.79,-0.5109,50.5315,71.991,130.891,0.32522,77.622,836.90
0.99900,-157.05,-1233.37,-0.4856,50.5743,72.082,130.414,0.32595,81.698,837.44
0.99950,-78.54,-1157.75,-0.4603,50.6154,72.173,129.937,0.32666,85.838,837.98
1.00000,-0.00,-1081.96,-0.4350,50.6554,72.266,129.459,0.32734,0.000,838.52
1.00050,78.54,-1006.05,-0.4097,50.6946,72.359,128.982,0.32800,85.858,839.06
1.00100,157.05,-930.04,-0.3843,50.7334,72.453,128.506,0.32863,81.779,839.61
1.00150,235.53,-853.95,-0.3590,50.7719,72.548,128.029,0.32924,77.801,840.15
1.00200,313.95,-777.83,-0.3336,50.8101,72.643,127.553,0.32983,73.957,840.70
1.00250,392.30,-701.68,-0.3081,50.8478,72.738,127.078,0.33039,70.272,841.25
1.00300,470.54,-625.55,-0.2827,50.8848,72.834,126.603,0.33093,66.767,841.79
1.00350,548.67,-549.43,-0.2573,50.9208,72.931,126.130,0.33145,63.451,842.34
1.00400,626.67,-473.36,-0.2318,50.9553,73.027,125.657,0.33193,60.331,842.89
1.00450,704.51,-397.35,-0.2063,50.9878,73.124,125.185,0.33238,57.406,843.44
1.00500,782.17,-321.41,-0.1808,51.0177,73.221,124.713,0.33280,54.673,844.00
1.00550,859.65,-245.56,-0.1553,51.0445,73.318,124.243,0.33319,52.124,844.55
1.00600,936.91,-169.82,-0.1298,51.0673,73.416,123.774,0.33353,49.750,845.10
1.00650,1013.94,-94.18,-0.1042,51.0856,73.513,123.307,0.33383,47.541,845.66
1.00700,1090.72,-18.68,-0.0787,51.0985,73.611,122.840,0.33409,45.486,846.21
1.00750,1167.23,56.70,-0.0531,51.1054,73.708,122.375,0.33430,43.574,846.77
1.00800,1243.45,131.93,-0.0276,51.1055,73.806,121.911,0.33445,41.794,847.32
1.00850,1319.37,207.00,-0.0020,51.0981,73.904,121.448,0.33455,40.134,847.88
1.00900,1394.96,281.92,0.0235,51.0825,74.002,120.987,0.33458,38.586,848.43
1.00950,1470.20,356.67,0.0491,51.0579,74.100,120.527,0.33456,37.140,848.99
1.01000,1545.08,431.24,0.0746,51.0238,74.198,120.069,0.33447,35.788,849.55
1.01050,1619.59,505.62,0.1001,50.9795,74.296,119.613,0.33431,34.520,850.10
1.01100,1693.69,579.82,0.1256,50.9243,74.394,119.158,0.33407,33.331,850.66
1.01150,1767.37,653.81,0.1510,50.8578,74.492,118.705,0.33376,32.214,851.22
1.01200,1840.62,727.59,0.1764,50.7794,74.590,118.254,0.33338,31.162,851.77
1.01250,1913.42,801.15,0.2018,50.6886,74.689,117.805,0.33291,30.169,852.33
1.01300,1985.74,874.49,0.2271,50.5851,74.787,117.358,0.33236,29.232,852.89
1.01350,2057.57,947.59,0.2524,50.4685,74.886,116.913,0.33173,28.345,853.44
1.01400,2128.90,1020.44,0.2776,50.3384,74.984,116.470,0.33101,27.505,854.00
1.01450,2199.70,1093.03,0.3027,50.1947,75.083,116.029,0.33020,26.707,854.55
1.01500,2269.95,1165.36,0.3278,50.0370,75.181,115.591,0.32931,25.948,855.10
1.01550,2339.65,1237.40,0.3527,49.8652,75.280,115.155,0.32833,25.226,855.65
1.01600,2408.77,1309.15,0.3776,49.6792,75.378,114.721,0.32725,24.537,856.20
1.01650,2477.29,1380.60,0.4024,49.4789,75.477,114.290,0.32609,23.879,856.75
1.01700,2545.21,1451.73,0.4271,49.2642,75.576,113.862,0.32483,23.249,857.30
1.01750,2612.49,1522.52,0.4517,49.0352,75.674,113.436,0.32348,22.647,857.84
1.01800,2679.13,1592.97,0.4761,48.7920,75.773,113.014,0.32204,22.068,858.39
1.01850,2745.11,1663.06,0.5005,48.5345,75.872,112.594,0.32051,21.513,858.93
1.01900,2810.42,1732.76,0.5247,48.2629,75.970,112.177,0.31889,20.979,859.47
1.01950,2875.03,1802.08,0.5487,47.9773,76.069,111.764,0.31718,20.465,860.00
1.02000,2938.93,1870.99,0.5726,47.6780,76.167,111.354,0.31537,19.970,860.54
1.02050,3002.10,1939.47,0.5964,47.3650,76.265,110.947,0.31348,19.492,861.07
1.02100,3064.54,2007.52,0.6200,47.0385,76.363,110.543,0.31150,19.030,861.60
1.02150,3126.21,2075.10,0.6434,46.6989,76.461,110.143,0.30943,18.584,862.12
1.02200,3187.12,2142.21,0.6667,46.3463,76.559,109.746,0.30727,18.152,862.64
1.02250,3247.24,2208.83,0.6898,45.9810,76.656,109.353,0.30503,17.733,863.16
1.02300,3306.56,2274.94,0.7127,45.6032,76.753,108.964,0.30270,17.328,863.68
1.02350,3365.06,2340.52,0.7354,45.2132,76.850,108.579,0.30028,16.934,864.19
1.02400,3422.74,2405.56,0.7579,44.8112,76.946,108.198,0.29779,16.551,864.70
1.02450,3479.56,2470.03,0.7802,44.3976,77.043,107.821,0.29521,16.179,865.20
1.02500,3535.53,2533.93,0.8023,43.9726,77.138,107.447,0.29256,15.817,865.71
1.02550,3590.63,2597.23,0.8242,43.5364,77.233,107.078,0.28982,15.465,866.20
1.02600,3644.84,2659.91,0.8458,43.0894,77.328,106.714,0.28701,15.122,866.69
1.02650,3698.16,2721.97,0.8673,42.6317,77.422,106.353,0.28411,14.787,867.18
1.02700,3750.56,2783.37,0.8885,42.1636,77.515,105.997,0.28115,14.460,867.67
1.02750,3802.03,2844.11,0.9094,41.6854,77.608,105.646,0.27811,14.141,868.14
1.02800,3852.57,2904.17,0.9301,41.1973,77.700,105.299,0.27499,13.830,868.62
1.02850,3902.15,2963.54,0.9506,40.6995,77.792,104.957,0.27181,13.525,869.09
1.02900,3950.78,3022.18,0.9708,40.1922,77.882,104.619,0.26855,13.227,869.55
1.02950,3998.42,3080.10,0.9908,39.6758,77.972,104.286,0.26523,12.935,870.01
1.03000,4045.08,3137.28,1.0105,39.1502,78.061,103.958,0.26183,12.649,870.47
1.03050,4090.75,3193.69,1.0300,38.6158,78.150,103.635,0.25837,12.369,870.91
1.03100,4135.40,3249.33,1.0491,38.0728,78.237,103.317,0.25484,12.094,871.36
1.03150,4179.04,3304.17,1.0680,37.5212,78.323,103.004,0.25125,11.824,871.79
1.03200,4221.64,3358.22,1.0866,36.9613,78.409,102.696,0.24759,11.559,872.23
1.03250,4263.20,3411.44,1.1050,36.3932,78.493,102.393,0.24386,11.299,872.65
1.03300,4303.71,3463.84,1.1230,35.8171,78.576,102.095,0.24008,11.043,873.07
1.03350,4343.16,3515.39,1.1408,35.2331,78.658,101.802,0.23623,10.791,873.49
1.03400,4381.53,3566.08,1.1583,34.6414,78.739,101.515,0.23232,10.543,873.89
1.03450,4418.83,3615.90,1.1754,34.0420,78.819,101.233,0.22835,10.299,874.30
1.03500,4455.03,3664.84,1.1923,33.4351,78.898,100.956,0.22433,10.058,874.69
1.03550,4490.14,3712.88,1.2089,32.8209,78.975,100.685,0.22024,9.821,875.08
1.03600,4524.14,3760.02,1.2251,32.1993,79.052,100.419,0.21610,9.587,875.46
1.03650,4557.02,3806.24,1.2411,31.5706,79.127,100.159,0.21190,9.356,875.84
1.03700,4588.77,3851.53,1.2567,30.9349,79.200,99.904,0.20764,9.127,876.21
1.03750,4619.40,3895.88,1.2720,30.2922,79.272,99.655,0.20333,8.902,876.57
1.03800,4648.88,3939.28,1.2870,29.6427,79.343,99.411,0.19897,8.679,876.92
1.03850,4677.22,3981.72,1.3016,28.9865,79.413,99.173,0.19455,8.458,877.27
1.03900,4704.40,4023.19,1.3160,28.3236,79.481,98.941,0.19008,8.239,877.61
1.03950,4730.43,4063.68,1.3300,27.6543,79.547,98.714,0.18556,8.023,877.94
1.04000,4755.28,4103.18,1.3436,26.9785,79.612,98.494,0.18098,7.808,878.27
1.04050,4778.97,4141.69,1.3569,26.2965,79.676,98.278,0.17636,7.596,878.59
1.04100,4801.47,4179.18,1.3699,25.6083,79.737,98.069,0.17169,7.385,878.90
1.04150,4822.79,4215.66,1.3826,24.9140,79.798,97.866,0.16698,7.175,879.20
1.04200,4842.92,4251.12,1.3948,24.2137,79.856,97.668,0.16221,6.967,879.50
1.04250,4861.85,4285.54,1.4068,23.5077,79.914,97.477,0.15740,6.760,879.79
1.04300,4879.58,4318.92,1.4183,22.7960,79.969,97.291,0.15255,6.555,880.07
1.04350,4896.11,4351.25,1.4296,22.0787,80.023,97.111,0.14766,6.350,880.34
1.04400,4911.44,4382.53,1.4404,21.3561,80.075,96.937,0.14272,6.146,880.60
1.04450,4925.55,4412.74,1.4509,20.6282,80.125,96.769,0.13774,5.944,880.86
1.04500,4938.44,4441.88,1.4610,19.8952,80.174,96.607,0.13272,5.742,881.11
1.04550,4950.12,4469.95,1.4708,19.1574,80.221,96.452,0.12767,5.540,881.35
1.04600,4960.57,4496.92,1.4802,18.4148,80.266,96.302,0.12257,5.340,881.58
1.04650,4969.80,4522.81,1.4892,17.6679,80.309,96.158,0.11745,5.140,881.80
1.04700,4977.81,4547.59,1.4979,16.9167,80.351,96.021,0.11229,4.940,882.02
1.04750,4984.59,4571.27,1.5061,16.1616,80.390,95.890,0.10710,4.740,882.23
1.04800,4990.13,4593.83,1.5140,15.4030,80.428,95.765,0.10188,4.541,882.42
1.04850,4994.45,4615.27,1.5215,14.6413,80.464,95.646,0.09663,4.342,882.61
1.04900,4997.53,4635.58,1.5287,13.8771,80.498,95.533,0.09136,4.143,882.79
1.04950,4999.38,4654.75,1.5354,13.1110,80.530,95.426,0.08607,3.944,882.97
1.05000,5000.00,4672.76,1.5418,12.3439,80.560,95.326,0.08077,3.745,883.13
1.05050,4999.38,4689.62,1.5478,11.5769,80.587,95.232,0.07546,3.546,883.29
1.05100,4997.53,4705.29,1.5534,10.8115,80.613,95.145,0.07015,3.347,883.43
1.05150,4994.45,4719.77,1.5586,10.0495,80.637,95.064,0.06484,3.148,883.57
1.05200,4990.13,4733.03,1.5634,9.2933,80.658,94.989,0.05955,2.949,883.70
1.05250,4984.59,4745.05,1.5679,8.5456,80.678,94.920,0.05430,2.751,883.82
1.05300,4977.81,4755.79,1.5720,7.8102,80.694,94.859,0.04909,2.554,883.93
1.05350,4969.80,4765.21,1.5757,7.0913,80.708,94.804,0.04396,2.357,884.03
1.05400,4960.57,4773.25,1.5791,6.3937,80.720,94.756,0.03892,2.163,884.12
1.05450,4950.12,4779.87,1.5821,5.7225,80.728,94.714,0.03400,1.970,884.21
1.05500,4938.44,4785.00,1.5848,5.0825,80.733,94.680,0.02923,1.780,884.29
1.05550,4925.55,4788.58,1.5872,4.4781,80.734,94.652,0.02462,1.593,884.35
1.05600,4911.44,4790.53,1.5893,3.9121,80.732,94.632,0.02021,1.410,884.42
1.05650,4896.11,4790.81,1.5911,3.3855,80.726,94.619,0.01599,1.232,884.47
1.05700,4879.58,4789.38,1.5927,2.8975,80.715,94.614,0.01196,1.059,884.51
1.05750,4861.85,4786.21,1.5940,2.4451,80.700,94.615,0.00812,0.891,884.55
1.05800,4842.92,4781.45,1.5951,2.0240,80.681,94.624,0.00427,0.727,884.58
1.05850,4822.79,4777.45,1.5960,1.6345,80.666,94.631,-0.00253,0.539,884.60
1.05900,4801.47,4774.96,1.5967,1.2837,80.655,94.634,-0.01088,0.316,884.62
1.05950,4778.97,4773.82,1.5973,0.9763,80.649,94.633,-0.01981,0.062,884.62
1.06000,4755.28,4773.83,1.5977,0.7140,80.647,94.630,-0.02926,-0.223,884.63
1.06050,4730.43,4774.81,1.5980,0.4962,80.648,94.624,-0.03915,-0.538,884.65
1.06100,4704.40,4776.59,1.5982,0.3209,80.653,94.616,-0.04946,-0.879,884.69
1.06150,4677.22,4776.63,1.5984,0.1815,80.653,94.616,-0.05705,-1.218,884.74
1.06200,4648.88,4770.93,1.5984,0.0531,80.637,94.638,-0.05926,-1.504,884.80
1.06250,4619.40,4760.25,1.5984,-0.0901,80.609,94.680,-0.06106,-1.746,884.87
1.06300,4588.77,4745.84,1.5983,-0.2641,80.572,94.737,-0.06333,-1.960,884.95
1.06350,4557.02,4728.66,1.5981,-0.4767,80.527,94.806,-0.06608,-2.157,885.03
1.06400,4524.14,4709.39,1.5978,-0.7305,80.478,94.884,-0.06918,-2.345,885.13
1.06450,4490.14,4688.44,1.5974,-1.0254,80.424,94.970,-0.07254,-2.529,885.22
1.06500,4455.03,4666.11,1.5968,-1.3601,80.369,95.063,-0.07611,-2.713,885.33
1.06550,4418.83,4642.62,1.5960,-1.7330,80.311,95.163,-0.07985,-2.899,885.44
1.06600,4381.53,4618.10,1.5951,-2.1429,80.251,95.268,-0.08374,-3.090,885.56
1.06650,4343.16,4592.66,1.5939,-2.5895,80.190,95.379,-0.08779,-3.288,885.69
1.06700,4303.71,4566.41,1.5925,-3.0734,80.129,95.495,-0.09200,-3.493,885.82
1.06750,4263.20,4539.42,1.5908,-3.5963,80.067,95.617,-0.09638,-3.707,885.95
1.06800,4221.64,4511.76,1.5889,-4.1608,80.005,95.744,-0.10094,-3.931,886.10
1.06850,4179.04,4483.53,1.5866,-4.7703,79.943,95.876,-0.10571,-4.167,886.25
1.06900,4135.40,4454.79,1.5841,-5.4285,79.882,96.014,-0.11072,-4.416,886.41
1.06950,4090.75,4425.64,1.5812,-6.1396,79.822,96.156,-0.11597,-4.680,886.58
1.07000,4045.08,4396.16,1.5779,-6.9070,79.763,96.304,-0.12151,-4.960,886.75
1.07050,3998.42,4366.43,1.5743,-7.7339,79.706,96.457,-0.12734,-5.259,886.94
1.07100,3950.78,4336.53,1.5702,-8.6220,79.651,96.614,-0.13348,-5.577,887.13
1.07150,3902.15,4306.54,1.5657,-9.5717,79.599,96.777,-0.13994,-5.917,887.33
1.07200,3852.57,4276.49,1.5606,-10.5819,79.549,96.944,-0.14672,-6.279,887.55
1.07250,3802.03,4246.44,1.5551,-11.6496,79.502,97.117,-0.15380,-6.667,887.77
1.07300,3750.56,4216.39,1.5490,-12.7702,79.459,97.295,-0.16118,-7.080,888.00
1.07350,3698.16,4186.34,1.5423,-13.9380,79.419,97.479,-0.16881,-7.520,888.24
1.07400,3644.84,4156.27,1.5350,-15.1462,79.383,97.670,-0.17667,-7.987,888.50
1.07450,3590.63,4126.13,1.5271,-16.3871,79.350,97.866,-0.18472,-8.482,888.77
1.07500,3535.53,4095.85,1.5186,-17.6527,79.321,98.069,-0.19292,-9.005,889.05
1.07550,3479.56,4065.36,1.5095,-18.9350,79.294,98.279,-0.20122,-9.556,889.34
1.07600,3422.74,4034.58,1.4997,-20.2260,79.271,98.497,-0.20959,-10.135,889.65
1.07650,3365.06,4003.40,1.4893,-21.5179,79.250,98.722,-0.21799,-10.741,889.97
1.07700,3306.56,3971.72,1.4782,-22.8034,79.232,98.956,-0.22638,-11.374,890.30
1.07750,3247.24,3939.45,1.4664,-24.0757,79.216,99.198,-0.23471,-12.034,890.65
1.07800,3187.12,3906.49,1.4541,-25.3284,79.201,99.448,-0.24297,-12.719,891.00
1.07850,3126.21,3872.74,1.4411,-26.5561,79.188,99.708,-0.25111,-13.430,891.38
1.07900,3064.54,3838.10,1.4275,-27.7537,79.176,99.976,-0.25911,-14.167,891.76
1.07950,3002.10,3802.49,1.4134,-28.9170,79.165,100.254,-0.26694,-14.928,892.17
1.08000,2938.93,3765.83,1.3986,-30.0424,79.154,100.541,-0.27459,-15.715,892.58
1.08050,2875.03,3728.05,1.3833,-31.1269,79.143,100.837,-0.28203,-16.526,893.01
1.08100,2810.42,3689.08,1.3675,-32.1682,79.131,101.143,-0.28925,-17.362,893.44
1.08150,2745.11,3648.89,1.3512,-33.1646,79.119,101.458,-0.29624,-18.223,893.90
1.08200,2679.13,3607.41,1.3344,-34.1150,79.106,101.781,-0.30299,-19.110,894.36
1.08250,2612.49,3564.62,1.3171,-35.0188,79.092,102.114,-0.30949,-20.024,894.84
1.08300,2545.21,3520.49,1.2993,-35.8760,79.076,102.456,-0.31575,-20.966,895.32
1.08350,2477.29,3475.02,1.2812,-36.6869,79.059,102.806,-0.32175,-21.937,895.82
1.08400,2408.77,3428.18,1.2627,-37.4523,79.039,103.164,-0.32751,-22.938,896.33
1.08450,2339.65,3379.98,1.2438,-38.1733,79.018,103.530,-0.33303,-23.973,896.85
1.08500,2269.95,3330.44,1.2245,-38.8513,78.995,103.904,-0.33830,-25.041,897.38
1.08550,2199.70,3279.57,1.2049,-39.4880,78.969,104.286,-0.34335,-26.147,897.92
1.08600,2128.90,3227.39,1.1850,-40.0853,78.942,104.674,-0.34817,-27.293,898.47
1.08650,2057.57,3173.93,1.1648,-40.6452,78.911,105.070,-0.35277,-28.482,899.03
1.08700,1985.74,3119.22,1.1444,-41.1699,78.879,105.471,-0.35717,-29.718,899.60
1.08750,1913.42,3063.31,1.1237,-41.6617,78.844,105.879,-0.36137,-31.004,900.17
1.08800,1840.62,3006.23,1.1027,-42.1228,78.807,106.293,-0.36540,-32.345,900.75
1.08850,1767.37,2948.02,1.0816,-42.5556,78.767,106.711,-0.36924,-33.744,901.35
1.08900,1693.69,2888.75,1.0602,-42.9623,78.725,107.135,-0.37293,-35.207,901.94
1.08950,1619.59,2828.45,1.0386,-43.3452,78.681,107.564,-0.37646,-36.738,902.55
1.09000,1545.08,2767.18,1.0168,-43.7064,78.634,107.997,-0.37986,-38.342,903.16
1.09050,1470.20,2704.99,0.9949,-44.0479,78.585,108.434,-0.38313,-40.026,903.78
1.09100,1394.96,2641.92,0.9728,-44.3718,78.534,108.874,-0.38627,-41.794,904.40
1.09150,1319.37,2578.04,0.9505,-44.6798,78.481,109.319,-0.38931,-43.651,905.03
1.09200,1243.45,2513.39,0.9281,-44.9736,78.427,109.766,-0.39224,-45.604,905.66
1.09250,1167.23,2448.01,0.9056,-45.2548,78.370,110.216,-0.39509,-47.656,906.30
1.09300,1090.72,2381.97,0.8829,-45.5248,78.311,110.669,-0.39784,-49.812,906.95
1.09350,1013.94,2315.30,0.8600,-45.7847,78.251,111.124,-0.40052,-52.077,907.60
1.09400,936.91,2248.05,0.8371,-46.0356,78.189,111.582,-0.40313,-54.451,908.26
1.09450,859.65,2180.27,0.8140,-46.2786,78.126,112.041,-0.40566,-56.938,908.92
1.09500,782.17,2111.99,0.7908,-46.5142,78.061,112.502,-0.40814,-59.537,909.58
1.09550,704.51,2043.25,0.7675,-46.7433,77.995,112.965,-0.41055,-62.245,910.25
1.09600,626.67,1974.09,0.7441,-46.9661,77.928,113.428,-0.41291,-65.058,910.92
1.09650,548.67,1904.54,0.7205,-47.1832,77.859,113.894,-0.41521,-67.969,911.60
1.09700,470.54,1834.64,0.6969,-47.3947,77.789,114.360,-0.41746,-70.968,912.28
1.09750,392.30,1764.42,0.6731,-47.6008,77.718,114.827,-0.41966,-74.045,912.97
1.09800,313.95,1693.90,0.6493,-47.8015,77.646,115.294,-0.42180,-77.183,913.66
1.09850,235.53,1623.10,0.6253,-47.9966,77.573,115.762,-0.42390,-80.366,914.35
1.09900,157.05,1552.06,0.6013,-48.1861,77.499,116.231,-0.42594,-83.577,915.05
1.09950,78.54,1480.79,0.5771,-48.3696,77.424,116.700,-0.42793,-86.794,915.75
1.10000,-0.00,1409.32,0.5529,-48.5470,77.348,117.169,-0.42986,0.000,916.46
1.10050,-78.54,1337.66,0.5286,-48.7179,77.272,117.639,-0.43174,-86.826,917.17
1.10100,-157.05,1265.83,0.5042,-48.8819,77.194,118.108,-0.43355,-83.701,917.88
1.10150,-235.53,1193.85,0.4797,-49.0386,77.116,118.577,-0.43531,-80.643,918.59
1.10200,-313.95,1121.73,0.4552,-49.1875,77.036,119.046,-0.43700,-77.665,919.31
1.10250,-392.30,1049.48,0.4305,-49.3282,76.956,119.515,-0.43863,-74.779,920.03
1.10300,-470.54,977.12,0.4058,-49.4603,76.876,119.983,-0.44018,-71.994,920.75
1.10350,-548.67,904.66,0.3811,-49.5833,76.794,120.451,-0.44167,-69.317,921.48
1.10400,-626.67,832.11,0.3562,-49.6968,76.712,120.918,-0.44308,-66.752,922.21
1.10450,-704.51,759.48,0.3314,-49.8004,76.628,121.385,-0.44441,-64.302,922.94
1.10500,-782.17,686.79,0.3064,-49.8936,76.544,121.851,-0.44567,-61.966,923.68
1.10550,-859.65,614.05,0.2815,-49.9761,76.460,122.316,-0.44684,-59.744,924.41
1.10600,-936.91,541.26,0.2565,-50.0474,76.374,122.779,-0.44792,-57.632,925.15
1.10650,-1013.94,468.44,0.2314,-50.1074,76.288,123.242,-0.44892,-55.628,925.89
1.10700,-1090.72,395.60,0.2064,-50.1557,76.200,123.704,-0.44983,-53.727,926.64
1.10750,-1167.23,322.74,0.1813,-50.1919,76.113,124.165,-0.45065,-51.925,927.38
1.10800,-1243.45,249.89,0.1562,-50.2160,76.024,124.624,-0.45137,-50.217,928.13
1.10850,-1319.37,177.05,0.1311,-50.2276,75.934,125.082,-0.45200,-48.598,928.88
1.10900,-1394.96,104.24,0.1060,-50.2267,75.844,125.538,-0.45253,-47.063,929.63
1.10950,-1470.20,31.46,0.0808,-50.2131,75.753,125.993,-0.45297,-45.606,930.38
1.11000,-1545.08,-41.27,0.0557,-50.1867,75.661,126.446,-0.45330,-44.225,931.13
1.11050,-1619.59,-113.93,0.0307,-50.1474,75.568,126.897,-0.45353,-42.912,931.88
1.11100,-1693.69,-186.52,0.0056,-50.0953,75.475,127.346,-0.45367,-41.665,932.64
1.11150,-1767.37,-259.02,-0.0194,-50.0302,75.381,127.793,-0.45370,-40.479,933.39
1.11200,-1840.62,-331.41,-0.0444,-49.9523,75.286,128.238,-0.45362,-39.350,934.14
1.11250,-1913.42,-403.68,-0.0694,-49.8615,75.190,128.681,-0.45344,-38.274,934.90
1.11300,-1985.74,-475.82,-0.0943,-49.7579,75.094,129.122,-0.45316,-37.249,935.65
1.11350,-2057.57,-547.80,-0.1191,-49.6417,74.997,129.560,-0.45278,-36.270,936.41
1.11400,-2128.90,-619.62,-0.1439,-49.5128,74.900,129.996,-0.45229,-35.335,937.16
1.11450,-2199.70,-691.26,-0.1687,-49.3714,74.801,130.429,-0.45170,-34.440,937.92
1.11500,-2269.95,-762.69,-0.1933,-49.2177,74.702,130.860,-0.45100,-33.584,938.67
1.11550,-2339.65,-833.91,-0.2179,-49.0517,74.603,131.288,-0.45020,-32.764,939.42
1.11600,-2408.77,-904.90,-0.2424,-48.8737,74.503,131.713,-0.44929,-31.978,940.18
1.11650,-2477.29,-975.64,-0.2667,-48.6837,74.403,132.135,-0.44828,-31.223,940.93
1.11700,-2545.21,-1046.11,-0.2910,-48.4819,74.302,132.554,-0.44717,-30.498,941.68
1.11750,-2612.49,-1116.30,-0.3152,-48.2684,74.200,132.969,-0.44595,-29.800,942.42
1.11800,-2679.13,-1186.19,-0.3393,-48.0436,74.098,133.382,-0.44463,-29.129,943.17
1.11850,-2745.11,-1255.76,-0.3633,-47.8073,73.996,133.791,-0.44321,-28.482,943.92
1.11900,-2810.42,-1325.00,-0.3871,-47.5600,73.893,134.197,-0.44169,-27.858,944.66
1.11950,-2875.03,-1393.88,-0.4108,-47.3016,73.791,134.600,-0.44007,-27.256,945.40
1.12000,-2938.93,-1462.40,-0.4344,-47.0324,73.687,134.999,-0.43834,-26.675,946.14
1.12050,-3002.10,-1530.53,-0.4579,-46.7524,73.584,135.394,-0.43652,-26.113,946.87
1.12100,-3064.54,-1598.25,-0.4812,-46.4619,73.480,135.786,-0.43459,-25.570,947.61
1.12150,-3126.21,-1665.56,-0.5043,-46.1610,73.377,136.174,-0.43257,-25.043,948.34
1.12200,-3187.12,-1732.43,-0.5273,-45.8498,73.273,136.558,-0.43044,-24.533,949.06
1.12250,-3247.24,-1798.85,-0.5502,-45.5284,73.169,136.938,-0.42822,-24.039,949.79
1.12300,-3306.56,-1864.80,-0.5728,-45.1970,73.065,137.315,-0.42590,-23.559,950.51
1.12350,-3365.06,-1930.26,-0.5954,-44.8556,72.961,137.687,-0.42348,-23.092,951.23
1.12400,-3422.74,-1995.23,-0.6177,-44.5045,72.857,138.055,-0.42096,-22.639,951.94
1.12450,-3479.56,-2059.68,-0.6399,-44.1436,72.753,138.419,-0.41834,-22.199,952.65
1.12500,-3535.53,-2123.60,-0.6618,-43.7732,72.649,138.779,-0.41563,-21.770,953.36
1.12550,-3590.63,-2186.97,-0.6836,-43.3932,72.546,139.135,-0.41282,-21.352,954.06
1.12600,-3644.84,-2249.78,-0.7052,-43.0038,72.443,139.486,-0.40992,-20.944,954.76
1.12650,-3698.16,-2312.02,-0.7266,-42.6052,72.340,139.833,-0.40692,-20.547,955.45
1.12700,-3750.56,-2373.66,-0.7478,-42.1973,72.237,140.175,-0.40382,-20.159,956.14
1.12750,-3802.03,-2434.71,-0.7688,-41.7803,72.134,140.513,-0.40063,-19.780,956.82
1.12800,-3852.57,-2495.13,-0.7896,-41.3543,72.032,140.847,-0.39734,-19.410,957.50
1.12850,-3902.15,-2554.92,-0.8102,-40.9193,71.931,141.176,-0.39396,-19.047,958.17
1.12900,-3950.78,-2614.07,-0.8305,-40.4754,71.830,141.500,-0.39049,-18.693,958.84
1.12950,-3998.42,-2672.56,-0.8507,-40.0227,71.729,141.820,-0.38692,-18.345,959.50
1.13000,-4045.08,-2730.38,-0.8705,-39.5614,71.629,142.135,-0.38325,-18.005,960.16
1.13050,-4090.75,-2787.51,-0.8902,-39.0914,71.530,142.445,-0.37950,-17.671,960.81
1.13100,-4135.40,-2843.95,-0.9096,-38.6129,71.431,142.751,-0.37565,-17.343,961.46
1.13150,-4179.04,-2899.68,-0.9288,-38.1259,71.333,143.052,-0.37171,-17.021,962.10
1.13200,-4221.64,-2954.69,-0.9478,-37.6306,71.235,143.348,-0.36768,-16.705,962.73
1.13250,-4263.20,-3008.96,-0.9665,-37.1270,71.139,143.639,-0.36356,-16.394,963.36
1.13300,-4303.71,-3062.49,-0.9849,-36.6152,71.043,143.925,-0.35935,-16.088,963.98
1.13350,-4343.16,-3115.26,-1.0031,-36.0953,70.948,144.206,-0.35505,-15.787,964.59
1.13400,-4381.53,-3167.26,-1.0210,-35.5675,70.853,144.483,-0.35066,-15.490,965.20
1.13450,-4418.83,-3218.48,-1.0386,-35.0317,70.760,144.754,-0.34618,-15.197,965.80
1.13500,-4455.03,-3268.90,-1.0560,-34.4881,70.668,145.020,-0.34162,-14.909,966.39
1.13550,-4490.14,-3318.53,-1.0731,-33.9369,70.576,145.282,-0.33696,-14.624,966.98
1.13600,-4524.14,-3367.34,-1.0899,-33.3780,70.486,145.538,-0.33222,-14.343,967.56
1.13650,-4557.02,-3415.33,-1.1065,-32.8117,70.397,145.789,-0.32740,-14.065,968.13
1.13700,-4588.77,-3462.48,-1.1228,-32.2380,70.309,146.035,-0.32249,-13.790,968.69
1.13750,-4619.40,-3508.78,-1.1387,-31.6570,70.222,146.276,-0.31750,-13.519,969.25
1.13800,-4648.88,-3554.23,-1.1544,-31.0688,70.136,146.512,-0.31243,-13.250,969.79
1.13850,-4677.22,-3598.81,-1.1698,-30.4737,70.051,146.742,-0.30728,-12.984,970.33
1.13900,-4704.40,-3642.52,-1.1849,-29.8716,69.968,146.968,-0.30204,-12.720,970.87
1.13950,-4730.43,-3685.34,-1.1997,-29.2626,69.886,147.188,-0.29673,-12.458,971.39
1.14000,-4755.28,-3727.26,-1.2142,-28.6471,69.805,147.403,-0.29134,-12.199,971.90
1.14050,-4778.97,-3768.28,-1.2283,-28.0249,69.726,147.612,-0.28587,-11.941,972.41
1.14100,-4801.47,-3808.38,-1.2422,-27.3963,69.648,147.816,-0.28033,-11.686,972.90
1.14150,-4822.79,-3847.56,-1.2557,-26.7614,69.571,148.015,-0.27471,-11.432,973.39
1.14200,-4842.92,-3885.81,-1.2689,-26.1204,69.496,148.209,-0.26902,-11.179,973.87
1.14250,-4861.85,-3923.11,-1.2818,-25.4733,69.423,148.398,-0.26326,-10.928,974.34
1.14300,-4879.58,-3959.46,-1.2944,-24.8202,69.351,148.581,-0.25742,-10.679,974.80
1.14350,-4896.11,-3994.85,-1.3067,-24.1614,69.281,148.758,-0.25152,-10.430,975.25
1.14400,-4911.44,-4029.27,-1.3186,-23.4969,69.212,148.930,-0.24555,-10.183,975.69
1.14450,-4925.55,-4062.71,-1.3301,-22.8269,69.145,149.097,-0.23952,-9.936,976.12
1.14500,-4938.44,-4095.17,-1.3414,-22.1516,69.079,149.259,-0.23342,-9.690,976.54
1.14550,-4950.12,-4126.64,-1.3523,-21.4710,69.016,149.415,-0.22725,-9.445,976.96
1.14600,-4960.57,-4157.11,-1.3629,-20.7854,68.954,149.566,-0.22103,-9.200,977.36
1.14650,-4969.80,-4186.57,-1.3731,-20.0949,68.894,149.711,-0.21475,-8.956,977.75
1.14700,-4977.81,-4215.01,-1.3830,-19.3996,68.835,149.850,-0.20840,-8.712,978.13
1.14750,-4984.59,-4242.42,-1.3925,-18.6998,68.779,149.985,-0.20201,-8.469,978.50
1.14800,-4990.13,-4268.81,-1.4017,-17.9956,68.724,150.114,-0.19556,-8.225,978.86
1.14850,-4994.45,-4294.16,-1.4105,-17.2873,68.671,150.237,-0.18905,-7.982,979.21
1.14900,-4997.53,-4318.46,-1.4189,-16.5751,68.620,150.355,-0.18250,-7.738,979.55
1.14950,-4999.38,-4341.71,-1.4271,-15.8593,68.572,150.467,-0.17590,-7.494,979.88
1.15000,-5000.00,-4363.90,-1.4348,-15.1402,68.525,150.574,-0.16926,-7.250,980.20
1.15050,-4999.38,-4385.02,-1.4422,-14.4183,68.480,150.675,-0.16258,-7.006,980.51
1.15100,-4997.53,-4405.05,-1.4492,-13.6940,68.437,150.770,-0.15586,-6.761,980.80
1.15150,-4994.45,-4424.00,-1.4559,-12.9680,68.396,150.860,-0.14910,-6.516,981.09
1.15200,-4990.13,-4441.85,-1.4622,-12.2411,68.358,150.945,-0.14232,-6.270,981.36
1.15250,-4984.59,-4458.59,-1.4681,-11.5142,68.321,151.024,-0.13552,-6.024,981.62
1.15300,-4977.81,-4474.20,-1.4737,-10.7887,68.287,151.097,-0.12870,-5.777,981.88
1.15350,-4969.80,-4488.66,-1.4789,-10.0661,68.255,151.164,-0.12188,-5.530,982.12
1.15400,-4960.57,-4501.95,-1.4838,-9.3484,68.226,151.226,-0.11506,-5.282,982.35
1.15450,-4950.12,-4514.05,-1.4883,-8.6383,68.199,151.282,-0.10827,-5.034,982.56
1.15500,-4938.44,-4524.92,-1.4924,-7.9386,68.174,151.332,-0.10151,-4.787,982.77
1.15550,-4925.55,-4534.51,-1.4962,-7.2530,68.153,151.376,-0.09482,-4.539,982.97
1.15600,-4911.44,-4542.79,-1.4997,-6.5856,68.134,151.414,-0.08821,-4.293,983.15
1.15650,-4896.11,-4549.69,-1.5028,-5.9405,68.119,151.445,-0.08171,-4.047,983.32
1.15700,-4879.58,-4555.14,-1.5056,-5.3221,68.107,151.471,-0.07534,-3.804,983.49
1.15750,-4861.85,-4559.09,-1.5081,-4.7341,68.098,151.490,-0.06914,-3.563,983.64
1.15800,-4842.92,-4561.47,-1.5103,-4.1792,68.094,151.502,-0.06313,-3.326,983.78
1.15850,-4822.79,-4562.20,-1.5123,-3.6587,68.094,151.508,-0.05731,-3.093,983.91
1.15900,-4801.47,-4561.25,-1.5140,-3.1723,68.098,151.507,-0.05170,-2.864,984.03
1.15950,-4778.97,-4558.56,-1.5155,-2.7181,68.106,151.499,-0.04630,-2.641,984.14
1.16000,-4755.28,-4554.13,-1.5167,-2.2925,68.120,151.484,-0.04109,-2.422,984.24
1.16050,-4730.43,-4547.96,-1.5178,-1.8911,68.138,151.462,-0.03606,-2.209,984.33
1.16100,-4704.40,-4540.07,-1.5186,-1.5089,68.160,151.434,-0.03117,-2.001,984.41
1.16150,-4677.22,-4530.49,-1.5193,-1.1407,68.188,151.400,-0.02641,-1.797,984.49
1.16200,-4648.88,-4519.28,-1.5198,-0.7814,68.219,151.359,-0.02175,-1.597,984.55
1.16250,-4619.40,-4506.51,-1.5201,-0.4264,68.255,151.313,-0.01715,-1.400,984.61
1.16300,-4588.77,-4492.24,-1.5202,-0.0715,68.295,151.260,-0.01260,-1.205,984.66
1.16350,-4557.02,-4476.55,-1.5201,0.2872,68.339,151.202,-0.00808,-1.012,984.70
1.16400,-4524.14,-4459.51,-1.5199,0.6529,68.386,151.139,-0.00355,-0.818,984.73
1.16450,-4490.14,-4442.65,-1.5195,1.0264,68.432,151.076,0.00290,-0.606,984.75
1.16500,-4455.03,-4427.35,-1.5189,1.4003,68.473,151.016,0.01149,-0.356,984.77
1.16550,-4418.83,-4413.57,-1.5181,1.7672,68.509,150.961,0.02085,-0.068,984.77
1.16600,-4381.53,-4401.28,-1.5171,2.1217,68.539,150.909,0.03093,0.258,984.78
1.16650,-4343.16,-4390.41,-1.5160,2.4593,68.565,150.861,0.04169,0.623,984.80
1.16700,-4303.71,-4380.89,-1.5147,2.7770,68.585,150.817,0.05309,1.027,984.84
1.16750,-4263.20,-4368.38,-1.5132,3.0789,68.614,150.759,0.05954,1.413,984.89
1.16800,-4221.64,-4348.88,-1.5116,3.3948,68.661,150.675,0.06024,1.726,984.96
1.16850,-4179.04,-4323.99,-1.5098,3.7531,68.722,150.569,0.06119,1.986,985.03
1.16900,-4135.40,-4295.62,-1.5078,4.1705,68.791,150.449,0.06334,2.219,985.11
1.16950,-4090.75,-4265.09,-1.5056,4.6556,68.865,150.318,0.06642,2.440,985.20
1.17000,-4045.08,-4233.15,-1.5032,5.2131,68.942,150.180,0.07014,2.662,985.29
1.17050,-3998.42,-4200.23,-1.5004,5.8463,69.020,150.035,0.07428,2.889,985.39
1.17100,-3950.78,-4166.61,-1.4973,6.5579,69.098,149.885,0.07878,3.127,985.50
1.17150,-3902.15,-4132.50,-1.4938,7.3507,69.175,149.729,0.08361,3.378,985.61
1.17200,-3852.57,-4098.04,-1.4899,8.2268,69.251,149.569,0.08877,3.646,985.74
1.17250,-3802.03,-4063.36,-1.4856,9.1872,69.325,149.403,0.09426,3.932,985.87
1.17300,-3750.56,-4028.58,-1.4807,10.2314,69.397,149.233,0.10010,4.240,986.01
1.17350,-3698.16,-3993.78,-1.4753,11.3571,69.465,149.057,0.10628,4.570,986.15
1.17400,-3644.84,-3958.99,-1.4694,12.5600,69.531,148.877,0.11277,4.926,986.31
1.17450,-3590.63,-3924.26,-1.4628,13.8341,69.593,148.690,0.11957,5.308,986.48
1.17500,-3535.53,-3889.57,-1.4555,15.1718,69.651,148.499,0.12662,5.718,986.66
1.17550,-3479.56,-3854.91,-1.4476,16.5644,69.706,148.301,0.13391,6.157,986.84
1.17600,-3422.74,-3820.22,-1.4389,18.0024,69.757,148.096,0.14138,6.624,987.04
1.17650,-3365.06,-3785.43,-1.4296,19.4761,69.804,147.885,0.14899,7.120,987.25
1.17700,-3306.56,-3750.46,-1.4195,20.9752,69.848,147.667,0.15670,7.646,987.47
1.17750,-3247.24,-3715.22,-1.4086,22.4900,69.888,147.440,0.16447,8.201,987.71
1.17800,-3187.12,-3679.60,-1.3970,24.0108,69.926,147.206,0.17225,8.784,987.95
1.17850,-3126.21,-3643.52,-1.3846,25.5283,69.960,146.963,0.18001,9.396,988.21
1.17900,-3064.54,-3606.85,-1.3714,27.0339,69.993,146.712,0.18771,10.035,988.48
1.17950,-3002.10,-3569.50,-1.3576,28.5195,70.023,146.451,0.19530,10.703,988.77
1.18000,-2938.93,-3531.37,-1.3429,29.9777,70.052,146.181,0.20277,11.397,989.06
1.18050,-2875.03,-3492.35,-1.3276,31.4017,70.079,145.902,0.21009,12.119,989.37
1.18100,-2810.42,-3452.37,-1.3115,32.7855,70.106,145.613,0.21722,12.867,989.69
1.18150,-2745.11,-3411.34,-1.2948,34.1239,70.132,145.314,0.22414,13.642,990.03
1.18200,-2679.13,-3369.18,-1.2774,35.4125,70.157,145.005,0.23084,14.443,990.37
1.18250,-2612.49,-3325.83,-1.2594,36.6473,70.183,144.687,0.23729,15.272,990.73
1.18300,-2545.21,-3281.23,-1.2408,37.8253,70.209,144.359,0.24349,16.129,991.10
1.18350,-2477.29,-3235.34,-1.2216,38.9441,70.237,144.022,0.24943,17.014,991.48
1.18400,-2408.77,-3188.10,-1.2018,40.0021,70.265,143.675,0.25509,17.928,991.87
1.18450,-2339.65,-3139.50,-1.1816,40.9982,70.294,143.320,0.26047,18.874,992.27
1.18500,-2269.95,-3089.51,-1.1609,41.9319,70.325,142.955,0.26557,19.852,992.68
1.18550,-2199.70,-3038.12,-1.1397,42.8032,70.358,142.582,0.27039,20.864,993.09
1.18600,-2128.90,-2985.32,-1.1181,43.6127,70.393,142.200,0.27493,21.914,993.52
1.18650,-2057.57,-2931.12,-1.0961,44.3615,70.431,141.810,0.27919,23.004,993.96
1.18700,-1985.74,-2875.54,-1.0737,45.0510,70.470,141.413,0.28319,24.137,994.40
1.18750,-1913.42,-2818.58,-1.0510,45.6830,70.512,141.008,0.28692,25.317,994.86
1.18800,-1840.62,-2760.28,-1.0280,46.2597,70.557,140.597,0.29039,26.549,995.32
1.18850,-1767.37,-2700.67,-1.0048,46.7835,70.604,140.178,0.29362,27.837,995.78
1.18900,-1693.69,-2639.77,-0.9813,47.2569,70.653,139.754,0.29662,29.187,996.26
1.18950,-1619.59,-2577.65,-0.9575,47.6829,70.706,139.323,0.29939,30.606,996.74
1.19000,-1545.08,-2514.33,-0.9336,48.0642,70.761,138.888,0.30196,32.100,997.22
1.19050,-1470.20,-2449.87,-0.9095,48.4040,70.819,138.447,0.30433,33.678,997.71
1.19100,-1394.96,-2384.33,-0.8852,48.7054,70.879,138.002,0.30651,35.346,998.20
1.19150,-1319.37,-2317.74,-0.8608,48.9714,70.942,137.552,0.30852,37.115,998.70
1.19200,-1243.45,-2250.18,-0.8362,49.2052,71.008,137.098,0.31037,38.995,999.21
1.19250,-1167.23,-2181.70,-0.8116,49.4098,71.076,136.641,0.31208,40.995,999.71
1.19300,-1090.72,-2112.35,-0.7868,49.5881,71.147,136.181,0.31366,43.127,1000.23
1.19350,-1013.94,-2042.20,-0.7620,49.7430,71.219,135.717,0.31511,45.402,1000.74
1.19400,-936.91,-1971.30,-0.7371,49.8773,71.294,135.251,0.31645,47.831,1001.26
1.19450,-859.65,-1899.72,-0.7121,49.9936,71.371,134.783,0.31770,50.425,1001.78
1.19500,-782.17,-1827.50,-0.6871,50.0943,71.450,134.313,0.31885,53.194,1002.30
1.19550,-704.51,-1754.70,-0.6620,50.1817,71.531,133.841,0.31993,56.145,1002.82
1.19600,-626.67,-1681.38,-0.6369,50.2580,71.614,133.368,0.32094,59.283,1003.35
1.19650,-548.67,-1607.60,-0.6118,50.3250,71.698,132.893,0.32189,62.610,1003.88
1.19700,-470.54,-1533.39,-0.5866,50.3845,71.784,132.418,0.32278,66.120,1004.41
1.19750,-392.30,-1458.82,-0.5614,50.4380,71.871,131.942,0.32363,69.805,1004.95
1.19800,-313.95,-1383.92,-0.5361,50.4868,71.959,131.465,0.32443,73.647,1005.48
1.19850,-235.53,-1308.73,-0.5109,50.5322,72.049,130.987,0.32520,77.622,1006.02
1.19900,-157.05,-1233.31,-0.4856,50.5750,72.139,130.510,0.32594,81.698,1006.56
1.19950,-78.54,-1157.69,-0.4603,50.6160,72.231,130.032,0.32664,85.838,1007.10
1.20000,-0.00,-1081.91,-0.4350,50.6559,72.323,129.555,0.32732,0.000,1007.64
1.20050,78.54,-1005.99,-0.4097,50.6951,72.416,129.077,0.32798,85.858,1008.18
1.20100,157.05,-929.98,-0.3843,50.7339,72.510,128.600,0.32861,81.779,1008.72
1.20150,235.53,-853.90,-0.3589,50.7723,72.605,128.123,0.32922,77.801,1009.27
1.20200,313.95,-777.77,-0.3335,50.8104,72.699,127.647,0.32981,73.956,1009.81
1.20250,392.30,-701.63,-0.3081,50.8481,72.795,127.172,0.33037,70.271,1010.36
1.20300,470.54,-625.49,-0.2827,50.8851,72.891,126.697,0.33091,66.765,1010.91
1.20350,548.67,-549.37,-0.2572,50.9210,72.987,126.223,0.33143,63.450,1011.46
1.20400,626.67,-473.30,-0.2318,50.9555,73.083,125.749,0.33191,60.329,1012.01
1.20450,704.51,-397.28,-0.2063,50.9879,73.180,125.277,0.33236,57.404,1012.56
1.20500,782.17,-321.35,-0.1808,51.0178,73.277,124.805,0.33278,54.671,1013.11
1.20550,859.65,-245.50,-0.1553,51.0445,73.374,124.335,0.33317,52.122,1013.66
1.20600,936.91,-169.75,-0.1297,51.0673,73.471,123.866,0.33351,49.748,1014.21
1.20650,1013.94,-94.12,-0.1042,51.0856,73.568,123.398,0.33381,47.540,1014.77
1.20700,1090.72,-18.61,-0.0786,51.0985,73.665,122.931,0.33407,45.485,1015.32
1.20750,1167.23,56.76,-0.0531,51.1054,73.763,122.465,0.33428,43.572,1015.88
1.20800,1243.45,131.99,-0.0275,51.1055,73.860,122.001,0.33443,41.792,1016.43
1.20850,1319.37,207.07,-0.0020,51.0981,73.958,121.538,0.33453,40.133,1016.99
1.20900,1394.96,281.99,0.0236,51.0824,74.056,121.076,0.33456,38.585,1017.55
1.20950,1470.20,356.73,0.0491,51.0579,74.153,120.616,0.33454,37.139,1018.10
1.21000,1545.08,431.31,0.0746,51.0237,74.251,120.158,0.33445,35.786,1018.66
1.21050,1619.59,505.69,0.1001,50.9794,74.349,119.701,0.33428,34.519,1019.22
1.21100,1693.69,579.89,0.1256,50.9242,74.447,119.246,0.33405,33.330,1019.77
1.21150,1767.37,653.88,0.1510,50.8577,74.545,118.793,0.33374,32.212,1020.33
1.21200,1840.62,727.66,0.1764,50.7793,74.643,118.342,0.33335,31.160,1020.89
1.21250,1913.42,801.22,0.2018,50.6886,74.741,117.892,0.33289,30.168,1021.44
1.21300,1985.74,874.56,0.2271,50.5851,74.840,117.445,0.33234,29.230,1022.00
1.21350,2057.57,947.66,0.2524,50.4684,74.938,116.999,0.33171,28.344,1022.55
1.21400,2128.90,1020.51,0.2776,50.3384,75.036,116.556,0.33099,27.503,1023.11
1.21450,2199.70,1093.10,0.3027,50.1946,75.134,116.115,0.33018,26.705,1023.66
1.21500,2269.95,1165.43,0.3278,50.0369,75.233,115.676,0.32929,25.947,1024.21
1.21550,2339.65,1237.47,0.3528,49.8651,75.331,115.240,0.32831,25.224,1024.77
1.21600,2408.77,1309.22,0.3776,49.6791,75.430,114.806,0.32723,24.536,1025.32
1.21650,2477.29,1380.67,0.4024,49.4788,75.528,114.375,0.32607,23.878,1025.86
1.21700,2545.21,1451.80,0.4271,49.2642,75.627,113.946,0.32481,23.248,1026.41
1.21750,2612.49,1522.59,0.4517,49.0352,75.725,113.520,0.32346,22.645,1026.96
1.21800,2679.13,1593.04,0.4762,48.7920,75.824,113.097,0.32202,22.067,1027.50
1.21850,2745.11,1663.12,0.5005,48.5345,75.922,112.677,0.32049,21.512,1028.04
1.21900,2810.42,1732.83,0.5247,48.2629,76.020,112.261,0.31887,20.978,1028.58
1.21950,2875.03,1802.15,0.5488,47.9773,76.119,111.847,0.31716,20.464,1029.11
1.22000,2938.93,1871.06,0.5727,47.6780,76.217,111.436,0.31535,19.969,1029.65
1.22050,3002.10,1939.54,0.5964,47.3650,76.315,111.029,0.31346,19.491,1030.18
1.22100,3064.54,2007.59,0.6200,47.0385,76.413,110.625,0.31148,19.029,1030.71
1.22150,3126.21,2075.17,0.6435,46.6989,76.511,110.224,0.30941,18.583,1031.23
1.22200,3187.12,2142.28,0.6667,46.3463,76.608,109.828,0.30725,18.151,1031.76
1.22250,3247.24,2208.90,0.6898,45.9810,76.705,109.434,0.30500,17.732,1032.28
1.22300,3306.56,2275.01,0.7127,45.6032,76.802,109.045,0.30268,17.326,1032.79
1.22350,3365.06,2340.59,0.7354,45.2132,76.899,108.660,0.30026,16.933,1033.30
1.22400,3422.74,2405.63,0.7579,44.8113,76.995,108.278,0.29777,16.550,1033.81
1.22450,3479.56,2470.10,0.7802,44.3976,77.091,107.900,0.29519,16.178,1034.32
1.22500,3535.53,2534.00,0.8023,43.9726,77.186,107.527,0.29254,15.816,1034.82
1.22550,3590.63,2597.29,0.8242,43.5364,77.281,107.158,0.28980,15.464,1035.31
1.22600,3644.84,2659.98,0.8458,43.0893,77.376,106.793,0.28699,15.121,1035.81
1.22650,3698.16,2722.03,0.8673,42.6316,77.469,106.432,0.28410,14.786,1036.29
1.22700,3750.56,2783.44,0.8885,42.1636,77.563,106.076,0.28113,14.459,1036.78
1.22750,3802.03,2844.18,0.9094,41.6853,77.655,105.724,0.27809,14.140,1037.26
1.22800,3852.57,2904.24,0.9302,41.1972,77.747,105.377,0.27497,13.829,1037.73
1.22850,3902.15,2963.60,0.9506,40.6994,77.839,105.035,0.27179,13.524,1038.20
1.22900,3950.78,3022.25,0.9709,40.1922,77.929,104.697,0.26853,13.226,1038.66
1.22950,3998.42,3080.17,0.9908,39.6757,78.019,104.364,0.26521,12.934,1039.12
1.23000,4045.08,3137.34,1.0105,39.1501,78.108,104.035,0.26181,12.648,1039.58
1.23050,4090.75,3193.75,1.0300,38.6157,78.196,103.712,0.25835,12.368,1040.03
1.23100,4135.40,3249.39,1.0491,38.0727,78.283,103.394,0.25482,12.093,1040.47
1.23150,4179.04,3304.24,1.0680,37.5211,78.369,103.080,0.25123,11.823,1040.91
1.23200,4221.64,3358.28,1.0867,36.9612,78.455,102.772,0.24757,11.558,1041.34
1.23250,4263.20,3411.51,1.1050,36.3931,78.539,102.469,0.24384,11.298,1041.76
1.23300,4303.71,3463.90,1.1231,35.8170,78.622,102.171,0.24006,11.042,1042.18
1.23350,4343.16,3515.45,1.1408,35.2330,78.704,101.878,0.23621,10.790,1042.60
1.23400,4381.53,3566.14,1.1583,34.6412,78.785,101.590,0.23230,10.542,1043.01
1.23450,4418.83,3615.96,1.1755,34.0418,78.865,101.308,0.22833,10.298,1043.41
1.23500,4455.03,3664.90,1.1923,33.4349,78.943,101.031,0.22431,10.057,1043.80
1.23550,4490.14,3712.94,1.2089,32.8206,79.021,100.760,0.22022,9.820,1044.19
1.23600,4524.14,3760.08,1.2251,32.1991,79.097,100.494,0.21608,9.586,1044.57
1.23650,4557.02,3806.30,1.2411,31.5704,79.171,100.233,0.21188,9.355,1044.95
1.23700,4588.77,3851.59,1.2567,30.9347,79.245,99.978,0.20762,9.127,1045.32
1.23750,4619.40,3895.94,1.2720,30.2920,79.317,99.729,0.20331,8.901,1045.68
1.23800,4648.88,3939.34,1.2870,29.6425,79.388,99.485,0.19895,8.678,1046.03
1.23850,4677.22,3981.78,1.3017,28.9862,79.457,99.247,0.19453,8.457,1046.38
1.23900,4704.40,4023.25,1.3160,28.3234,79.525,99.014,0.19006,8.239,1046.72
1.23950,4730.43,4063.74,1.3300,27.6540,79.591,98.788,0.18554,8.022,1047.05
1.24000,4755.28,4103.24,1.3436,26.9782,79.656,98.567,0.18097,7.808,1047.38
1.24050,4778.97,4141.74,1.3570,26.2962,79.720,98.351,0.17635,7.595,1047.70
1.24100,4801.47,4179.24,1.3699,25.6079,79.781,98.142,0.17168,7.384,1048.01
1.24150,4822.79,4215.72,1.3826,24.9136,79.842,97.938,0.16696,7.174,1048.31
1.24200,4842.92,4251.17,1.3949,24.2134,79.900,97.741,0.16220,6.966,1048.61
1.24250,4861.85,4285.60,1.4068,23.5074,79.957,97.549,0.15739,6.759,1048.90
1.24300,4879.58,4318.98,1.4184,22.7957,80.013,97.363,0.15254,6.554,1049.18
1.24350,4896.11,4351.31,1.4296,22.0784,80.066,97.183,0.14764,6.349,1049.45
1.24400,4911.44,4382.59,1.4404,21.3557,80.118,97.009,0.14270,6.146,1049.72
1.24450,4925.55,4412.80,1.4509,20.6278,80.169,96.841,0.13772,5.943,1049.97
1.24500,4938.44,4441.94,1.4611,19.8949,80.217,96.679,0.13271,5.741,1050.22
1.24550,4950.12,4470.00,1.4708,19.1570,80.264,96.523,0.12765,5.540,1050.46
1.24600,4960.57,4496.98,1.4802,18.4145,80.309,96.374,0.12256,5.339,1050.69
1.24650,4969.80,4522.86,1.4892,17.6675,80.352,96.230,0.11743,5.139,1050.92
1.24700,4977.81,4547.64,1.4979,16.9163,80.394,96.092,0.11227,4.939,1051.13
1.24750,4984.59,4571.32,1.5062,16.1612,80.433,95.961,0.10708,4.739,1051.34
1.24800,4990.13,4593.88,1.5140,15.4026,80.471,95.836,0.10186,4.540,1051.53
1.24850,4994.45,4615.32,1.5216,14.6409,80.507,95.717,0.09662,4.341,1051.72
1.24900,4997.53,4635.63,1.5287,13.8766,80.540,95.604,0.09135,4.142,1051.91
1.24950,4999.38,4654.79,1.5354,13.1105,80.572,95.497,0.08606,3.943,1052.08
1.25000,5000.00,4672.81,1.5418,12.3435,80.602,95.397,0.08076,3.744,1052.24
1.25050,4999.38,4689.66,1.5478,11.5765,80.630,95.303,0.07545,3.545,1052.40
1.25100,4997.53,4705.34,1.5534,10.8111,80.656,95.215,0.07013,3.346,1052.54
1.25150,4994.45,4719.82,1.5586,10.0491,80.680,95.134,0.06483,3.147,1052.68
1.25200,4990.13,4733.08,1.5634,9.2928,80.701,95.059,0.05954,2.949,1052.81
1.25250,4984.59,4745.10,1.5679,8.5452,80.720,94.991,0.05428,2.751,1052.93
1.25300,4977.81,4755.83,1.5720,7.8098,80.737,94.929,0.04908,2.553,1053.04
1.25350,4969.80,4765.25,1.5757,7.0909,80.751,94.874,0.04394,2.357,1053.14
1.25400,4960.57,4773.30,1.5791,6.3933,80.762,94.826,0.03891,2.162,1053.23
1.25450,4950.12,4779.92,1.5821,5.7221,80.770,94.785,0.03399,1.969,1053.32
1.25500,4938.44,4785.04,1.5848,5.0822,80.775,94.750,0.02921,1.779,1053.40
1.25550,4925.55,4788.62,1.5872,4.4778,80.777,94.723,0.02461,1.592,1053.46
1.25600,4911.44,4790.57,1.5893,3.9118,80.774,94.703,0.02020,1.410,1053.53
1.25650,4896.11,4790.85,1.5911,3.3852,80.768,94.690,0.01598,1.232,1053.58
1.25700,4879.58,4789.42,1.5927,2.8972,80.758,94.684,0.01195,1.059,1053.62
1.25750,4861.85,4786.25,1.5940,2.4448,80.743,94.686,0.00811,0.891,1053.66
1.25800,4842.92,4781.48,1.5951,2.0238,80.724,94.694,0.00426,0.727,1053.69
1.25850,4822.79,4777.50,1.5960,1.6343,80.708,94.701,-0.00255,0.538,1053.71
1.25900,4801.47,4775.02,1.5968,1.2835,80.698,94.704,-0.01090,0.316,1053.73
1.25950,4778.97,4773.88,1.5973,0.9763,80.692,94.704,-0.01984,0.061,1053.73
1.26000,4755.28,4773.89,1.5977,0.7141,80.690,94.700,-0.02928,-0.224,1053.74
1.26050,4730.43,4774.88,1.5980,0.4965,80.691,94.694,-0.03918,-0.538,1053.76
1.26100,4704.40,4776.67,1.5983,0.3212,80.695,94.686,-0.04949,-0.880,1053.80
1.26150,4677.22,4776.70,1.5984,0.1819,80.695,94.686,-0.05706,-1.218,1053.85
1.26200,4648.88,4770.99,1.5984,0.0536,80.680,94.708,-0.05926,-1.505,1053.91
1.26250,4619.40,4760.30,1.5984,-0.0897,80.652,94.750,-0.06106,-1.747,1053.98
1.26300,4588.77,4745.88,1.5983,-0.2638,80.614,94.808,-0.06334,-1.961,1054.06
1.26350,4557.02,4728.70,1.5982,-0.4764,80.569,94.876,-0.06609,-2.158,1054.14
1.26400,4524.14,4709.42,1.5979,-0.7303,80.520,94.955,-0.06919,-2.345,1054.24
1.26450,4490.14,4688.47,1.5974,-1.0253,80.467,95.041,-0.07255,-2.529,1054.34
1.26500,4455.03,4666.15,1.5968,-1.3601,80.411,95.133,-0.07612,-2.713,1054.44
1.26550,4418.83,4642.65,1.5961,-1.7330,80.353,95.233,-0.07986,-2.900,1054.55
1.26600,4381.53,4618.13,1.5951,-2.1429,80.293,95.338,-0.08375,-3.091,1054.67
1.26650,4343.16,4592.70,1.5939,-2.5895,80.233,95.449,-0.08780,-3.288,1054.80
1.26700,4303.71,4566.44,1.5925,-3.0735,80.171,95.565,-0.09201,-3.493,1054.93
1.26750,4263.20,4539.45,1.5908,-3.5964,80.109,95.687,-0.09639,-3.708,1055.07
1.26800,4221.64,4511.80,1.5889,-4.1610,80.047,95.814,-0.10095,-3.932,1055.21
1.26850,4179.04,4483.56,1.5867,-4.7705,79.986,95.946,-0.10573,-4.168,1055.36
1.26900,4135.40,4454.83,1.5841,-5.4288,79.924,96.084,-0.11073,-4.417,1055.52
1.26950,4090.75,4425.68,1.5812,-6.1398,79.864,96.226,-0.11598,-4.681,1055.69
1.27000,4045.08,4396.20,1.5780,-6.9073,79.805,96.374,-0.12152,-4.961,1055.87
1.27050,3998.42,4366.47,1.5743,-7.7341,79.748,96.526,-0.12735,-5.259,1056.05
1.27100,3950.78,4336.57,1.5702,-8.6222,79.693,96.683,-0.13349,-5.577,1056.24
1.27150,3902.15,4306.58,1.5657,-9.5720,79.640,96.846,-0.13995,-5.917,1056.44
1.27200,3852.57,4276.53,1.5606,-10.5822,79.591,97.013,-0.14673,-6.280,1056.66
1.27250,3802.03,4246.48,1.5551,-11.6499,79.544,97.186,-0.15382,-6.667,1056.88
1.27300,3750.56,4216.43,1.5490,-12.7705,79.501,97.365,-0.16119,-7.081,1057.11
1.27350,3698.16,4186.38,1.5423,-13.9384,79.461,97.548,-0.16882,-7.521,1057.36
1.27400,3644.84,4156.31,1.5350,-15.1465,79.425,97.738,-0.17668,-7.988,1057.61
1.27450,3590.63,4126.17,1.5271,-16.3874,79.392,97.935,-0.18473,-8.483,1057.88
1.27500,3535.53,4095.89,1.5186,-17.6530,79.362,98.138,-0.19293,-9.006,1058.16
1.27550,3479.56,4065.40,1.5095,-18.9353,79.336,98.348,-0.20123,-9.557,1058.45
1.27600,3422.74,4034.62,1.4997,-20.2263,79.312,98.565,-0.20961,-10.136,1058.76
1.27650,3365.06,4003.44,1.4893,-21.5182,79.291,98.790,-0.21800,-10.742,1059.08
1.27700,3306.56,3971.76,1.4782,-22.8036,79.273,99.024,-0.22639,-11.375,1059.41
1.27750,3247.24,3939.50,1.4665,-24.0758,79.257,99.266,-0.23473,-12.034,1059.76
1.27800,3187.12,3906.53,1.4541,-25.3286,79.242,99.516,-0.24298,-12.720,1060.12
1.27850,3126.21,3872.78,1.4411,-26.5562,79.229,99.775,-0.25112,-13.431,1060.49
1.27900,3064.54,3838.14,1.4276,-27.7538,79.217,100.044,-0.25912,-14.168,1060.88
1.27950,3002.10,3802.53,1.4134,-28.9171,79.205,100.321,-0.26695,-14.929,1061.28
1.28000,2938.93,3765.87,1.3986,-30.0424,79.194,100.608,-0.27460,-15.715,1061.69
1.28050,2875.03,3728.09,1.3834,-31.1269,79.183,100.904,-0.28204,-16.526,1062.12
1.28100,2810.42,3689.13,1.3675,-32.1681,79.171,101.209,-0.28926,-17.362,1062.56
1.28150,2745.11,3648.93,1.3512,-33.1645,79.159,101.524,-0.29625,-18.224,1063.01
1.28200,2679.13,3607.45,1.3344,-34.1149,79.146,101.848,-0.30300,-19.111,1063.47
1.28250,2612.49,3564.66,1.3171,-35.0187,79.131,102.180,-0.30950,-20.025,1063.95
1.28300,2545.21,3520.54,1.2994,-35.8759,79.115,102.521,-0.31576,-20.967,1064.44
1.28350,2477.29,3475.06,1.2812,-36.6867,79.098,102.871,-0.32176,-21.938,1064.93
1.28400,2408.77,3428.22,1.2627,-37.4521,79.079,103.229,-0.32752,-22.939,1065.44
1.28450,2339.65,3380.03,1.2438,-38.1731,79.057,103.595,-0.33304,-23.973,1065.96
1.28500,2269.95,3330.48,1.2245,-38.8510,79.034,103.969,-0.33831,-25.042,1066.49
1.28550,2199.70,3279.61,1.2049,-39.4877,79.008,104.350,-0.34336,-26.148,1067.03
1.28600,2128.90,3227.43,1.1850,-40.0850,78.980,104.739,-0.34818,-27.294,1067.58
1.28650,2057.57,3173.97,1.1649,-40.6449,78.950,105.134,-0.35278,-28.483,1068.14
1.28700,1985.74,3119.26,1.1444,-41.1696,78.917,105.535,-0.35718,-29.719,1068.71
1.28750,1913.42,3063.35,1.1237,-41.6614,78.882,105.942,-0.36139,-31.005,1069.28
1.28800,1840.62,3006.27,1.1027,-42.1225,78.845,106.356,-0.36541,-32.346,1069.87
1.28850,1767.37,2948.07,1.0816,-42.5553,78.805,106.774,-0.36926,-33.745,1070.46
1.28900,1693.69,2888.79,1.0602,-42.9620,78.763,107.198,-0.37294,-35.208,1071.05
1.28950,1619.59,2828.50,1.0386,-43.3448,78.718,107.626,-0.37648,-36.739,1071.66
1.29000,1545.08,2767.22,1.0168,-43.7060,78.671,108.059,-0.37987,-38.343,1072.27
1.29050,1470.20,2705.03,0.9949,-44.0476,78.622,108.495,-0.38314,-40.027,1072.89
1.29100,1394.96,2641.97,0.9728,-44.3714,78.571,108.936,-0.38629,-41.795,1073.51
1.29150,1319.37,2578.08,0.9505,-44.6794,78.518,109.380,-0.38932,-43.652,1074.14
1.29200,1243.45,2513.43,0.9281,-44.9733,78.463,109.827,-0.39226,-45.605,1074.78
1.29250,1167.23,2448.06,0.9056,-45.2545,78.406,110.277,-0.39510,-47.657,1075.42
1.29300,1090.72,2382.01,0.8829,-45.5244,78.348,110.729,-0.39786,-49.813,1076.06
1.29350,1013.94,2315.35,0.8600,-45.7843,78.287,111.184,-0.40053,-52.078,1076.71
1.29400,936.91,2248.10,0.8371,-46.0353,78.225,111.641,-0.40314,-54.452,1077.37
1.29450,859.65,2180.31,0.8140,-46.2782,78.162,112.100,-0.40568,-56.939,1078.03
1.29500,782.17,2112.03,0.7908,-46.5139,78.097,112.561,-0.40815,-59.538,1078.69
1.29550,704.51,2043.29,0.7675,-46.7429,78.030,113.023,-0.41056,-62.245,1079.36
1.29600,626.67,1974.14,0.7441,-46.9658,77.963,113.487,-0.41292,-65.058,1080.04
1.29650,548.67,1904.59,0.7205,-47.1829,77.894,113.951,-0.41523,-67.969,1080.71
1.29700,470.54,1834.69,0.6969,-47.3944,77.824,114.417,-0.41748,-70.969,1081.40
1.29750,392.30,1764.47,0.6731,-47.6005,77.753,114.884,-0.41967,-74.045,1082.08
1.29800,313.95,1693.94,0.6493,-47.8012,77.680,115.351,-0.42182,-77.183,1082.77
1.29850,235.53,1623.15,0.6253,-47.9963,77.607,115.819,-0.42391,-80.367,1083.47
1.29900,157.05,1552.11,0.6013,-48.1858,77.533,116.287,-0.42596,-83.577,1084.16
1.29950,78.54,1480.84,0.5772,-48.3694,77.458,116.756,-0.42794,-86.794,1084.86
1.30000,-0.00,1409.37,0.5529,-48.5468,77.382,117.225,-0.42988,0.000,1085.57
1.30050,-78.54,1337.71,0.5286,-48.7176,77.305,117.694,-0.43175,-86.826,1086.28
1.30100,-157.05,1265.88,0.5042,-48.8816,77.227,118.163,-0.43357,-83.702,1086.99
1.30150,-235.53,1193.90,0.4797,-49.0383,77.149,118.632,-0.43533,-80.643,1087.70
1.30200,-313.95,1121.78,0.4552,-49.1872,77.069,119.101,-0.43702,-77.665,1088.42
1.30250,-392.30,1049.53,0.4305,-49.3280,76.989,119.569,-0.43864,-74.779,1089.14
1.30300,-470.54,977.17,0.4058,-49.4601,76.908,120.037,-0.44020,-71.995,1089.87
1.30350,-548.67,904.71,0.3811,-49.5831,76.826,120.505,-0.44169,-69.318,1090.59
1.30400,-626.67,832.16,0.3563,-49.6966,76.744,120.971,-0.44310,-66.753,1091.32
1.30450,-704.51,759.54,0.3314,-49.8002,76.660,121.438,-0.44443,-64.303,1092.05
1.30500,-782.17,686.85,0.3065,-49.8934,76.576,121.903,-0.44568,-61.967,1092.79
1.30550,-859.65,614.10,0.2815,-49.9758,76.491,122.368,-0.44685,-59.745,1093.53
1.30600,-936.91,541.32,0.2565,-50.0472,76.405,122.831,-0.44794,-57.633,1094.26
1.30650,-1013.94,468.50,0.2315,-50.1072,76.319,123.294,-0.44894,-55.629,1095.01
1.30700,-1090.72,395.65,0.2064,-50.1554,76.231,123.755,-0.44985,-53.728,1095.75
1.30750,-1167.23,322.80,0.1813,-50.1917,76.143,124.216,-0.45067,-51.926,1096.49
1.30800,-1243.45,249.95,0.1562,-50.2157,76.054,124.674,-0.45139,-50.218,1097.24
1.30850,-1319.37,177.11,0.1311,-50.2274,75.965,125.132,-0.45202,-48.599,1097.99
1.30900,-1394.96,104.30,0.1060,-50.2265,75.874,125.588,-0.45255,-47.064,1098.74
1.30950,-1470.20,31.52,0.0809,-50.2129,75.783,126.042,-0.45298,-45.608,1099.49
1.31000,-1545.08,-41.21,0.0558,-50.1865,75.691,126.495,-0.45332,-44.226,1100.24
1.31050,-1619.59,-113.87,0.0307,-50.1472,75.598,126.946,-0.45355,-42.913,1100.99
1.31100,-1693.69,-186.46,0.0056,-50.0951,75.504,127.395,-0.45368,-41.666,1101.75
1.31150,-1767.37,-258.96,-0.0194,-50.0300,75.410,127.842,-0.45371,-40.480,1102.50
1.31200,-1840.62,-331.35,-0.0444,-49.9521,75.315,128.286,-0.45364,-39.351,1103.26
1.31250,-1913.42,-403.62,-0.0694,-49.8613,75.219,128.729,-0.45346,-38.276,1104.01
1.31300,-1985.74,-475.75,-0.0943,-49.7577,75.123,129.169,-0.45318,-37.250,1104.77
1.31350,-2057.57,-547.74,-0.1191,-49.6414,75.026,129.607,-0.45280,-36.271,1105.52
1.31400,-2128.90,-619.56,-0.1439,-49.5126,74.928,130.043,-0.45231,-35.336,1106.28
1.31450,-2199.70,-691.19,-0.1686,-49.3712,74.830,130.476,-0.45171,-34.441,1107.03
1.31500,-2269.95,-762.63,-0.1933,-49.2175,74.731,130.906,-0.45102,-33.585,1107.78
1.31550,-2339.65,-833.85,-0.2178,-49.0515,74.631,131.334,-0.45021,-32.765,1108.54
1.31600,-2408.77,-904.84,-0.2423,-48.8735,74.531,131.758,-0.44931,-31.979,1109.29
1.31650,-2477.29,-975.58,-0.2667,-48.6835,74.430,132.180,-0.44830,-31.224,1110.04
1.31700,-2545.21,-1046.05,-0.2910,-48.4817,74.329,132.599,-0.44719,-30.499,1110.79
1.31750,-2612.49,-1116.24,-0.3152,-48.2683,74.227,133.014,-0.44597,-29.801,1111.54
1.31800,-2679.13,-1186.13,-0.3393,-48.0434,74.125,133.427,-0.44465,-29.130,1112.28
1.31850,-2745.11,-1255.70,-0.3632,-47.8072,74.023,133.836,-0.44323,-28.483,1113.03
1.31900,-2810.42,-1324.94,-0.3871,-47.5598,73.920,134.241,-0.44171,-27.859,1113.77
1.31950,-2875.03,-1393.82,-0.4108,-47.3014,73.817,134.644,-0.44009,-27.257,1114.51
1.32000,-2938.93,-1462.34,-0.4344,-47.0322,73.714,135.042,-0.43836,-26.676,1115.25
1.32050,-3002.10,-1530.46,-0.4578,-46.7523,73.610,135.437,-0.43654,-26.114,1115.99
1.32100,-3064.54,-1598.19,-0.4811,-46.4618,73.506,135.829,-0.43461,-25.571,1116.72
1.32150,-3126.21,-1665.50,-0.5043,-46.1609,73.402,136.216,-0.43259,-25.044,1117.45
1.32200,-3187.12,-1732.37,-0.5273,-45.8497,73.298,136.600,-0.43046,-24.534,1118.18
1.32250,-3247.24,-1798.79,-0.5501,-45.5283,73.194,136.980,-0.42824,-24.040,1118.90
1.32300,-3306.56,-1864.73,-0.5728,-45.1969,73.090,137.356,-0.42592,-23.560,1119.62
1.32350,-3365.06,-1930.20,-0.5953,-44.8555,72.986,137.728,-0.42350,-23.093,1120.34
1.32400,-3422.74,-1995.16,-0.6177,-44.5044,72.882,138.096,-0.42098,-22.640,1121.05
1.32450,-3479.56,-2059.61,-0.6398,-44.1435,72.778,138.460,-0.41836,-22.200,1121.76
1.32500,-3535.53,-2123.53,-0.6618,-43.7731,72.674,138.820,-0.41565,-21.770,1122.47
1.32550,-3590.63,-2186.90,-0.6836,-43.3931,72.570,139.175,-0.41284,-21.353,1123.17
1.32600,-3644.84,-2249.72,-0.7052,-43.0038,72.467,139.526,-0.40994,-20.945,1123.87
1.32650,-3698.16,-2311.95,-0.7266,-42.6052,72.364,139.873,-0.40694,-20.548,1124.56
1.32700,-3750.56,-2373.60,-0.7478,-42.1973,72.261,140.215,-0.40384,-20.160,1125.25
1.32750,-3802.03,-2434.64,-0.7688,-41.7803,72.158,140.553,-0.40065,-19.781,1125.93
1.32800,-3852.57,-2495.07,-0.7896,-41.3543,72.056,140.886,-0.39736,-19.411,1126.61
1.32850,-3902.15,-2554.86,-0.8102,-40.9193,71.954,141.215,-0.39398,-19.048,1127.29
1.32900,-3950.78,-2614.01,-0.8305,-40.4754,71.853,141.539,-0.39051,-18.694,1127.95
1.32950,-3998.42,-2672.50,-0.8506,-40.0228,71.752,141.858,-0.38694,-18.346,1128.62
1.33000,-4045.08,-2730.32,-0.8705,-39.5614,71.652,142.173,-0.38327,-18.006,1129.28
1.33050,-4090.75,-2787.45,-0.8902,-39.0914,71.553,142.483,-0.37952,-17.672,1129.93
1.33100,-4135.40,-2843.89,-0.9096,-38.6129,71.454,142.789,-0.37567,-17.344,1130.57
1.33150,-4179.04,-2899.62,-0.9288,-38.1260,71.355,143.089,-0.37173,-17.022,1131.21
1.33200,-4221.64,-2954.62,-0.9477,-37.6307,71.258,143.385,-0.36770,-16.706,1131.85
1.33250,-4263.20,-3008.89,-0.9664,-37.1271,71.161,143.676,-0.36358,-16.395,1132.47
1.33300,-4303.71,-3062.42,-0.9849,-36.6153,71.065,143.962,-0.35937,-16.089,1133.09
1.33350,-4343.16,-3115.19,-1.0030,-36.0954,70.970,144.243,-0.35507,-15.788,1133.71
1.33400,-4381.53,-3167.19,-1.0210,-35.5676,70.875,144.519,-0.35068,-15.491,1134.31
1.33450,-4418.83,-3218.41,-1.0386,-35.0318,70.782,144.790,-0.34620,-15.198,1134.92
1.33500,-4455.03,-3268.84,-1.0560,-34.4883,70.690,145.056,-0.34163,-14.910,1135.51
1.33550,-4490.14,-3318.47,-1.0731,-33.9370,70.598,145.317,-0.33698,-14.625,1136.09
1.33600,-4524.14,-3367.28,-1.0899,-33.3782,70.508,145.573,-0.33224,-14.344,1136.67
1.33650,-4557.02,-3415.26,-1.1065,-32.8118,70.418,145.824,-0.32742,-14.066,1137.24
1.33700,-4588.77,-3462.41,-1.1227,-32.2381,70.330,146.070,-0.32251,-13.791,1137.81
1.33750,-4619.40,-3508.72,-1.1387,-31.6572,70.243,146.311,-0.31752,-13.519,1138.36
1.33800,-4648.88,-3554.17,-1.1544,-31.0690,70.157,146.546,-0.31245,-13.251,1138.91
1.33850,-4677.22,-3598.75,-1.1698,-30.4739,70.072,146.777,-0.30730,-12.984,1139.45
1.33900,-4704.40,-3642.46,-1.1849,-29.8718,69.989,147.002,-0.30206,-12.720,1139.98
1.33950,-4730.43,-3685.28,-1.1997,-29.2629,69.907,147.222,-0.29675,-12.459,1140.50
1.34000,-4755.28,-3727.20,-1.2141,-28.6473,69.826,147.437,-0.29136,-12.199,1141.02
1.34050,-4778.97,-3768.22,-1.2283,-28.0252,69.747,147.646,-0.28589,-11.942,1141.52
1.34100,-4801.47,-3808.32,-1.2422,-27.3966,69.668,147.850,-0.28034,-11.686,1142.02
1.34150,-4822.79,-3847.50,-1.2557,-26.7617,69.592,148.049,-0.27473,-11.432,1142.51
1.34200,-4842.92,-3885.75,-1.2689,-26.1206,69.517,148.243,-0.26904,-11.180,1142.98
1.34250,-4861.85,-3923.05,-1.2818,-25.4735,69.443,148.431,-0.26327,-10.929,1143.45
1.34300,-4879.58,-3959.40,-1.2944,-24.8205,69.371,148.614,-0.25744,-10.679,1143.91
1.34350,-4896.11,-3994.79,-1.3066,-24.1617,69.301,148.791,-0.25154,-10.431,1144.36
1.34400,-4911.44,-4029.21,-1.3185,-23.4972,69.232,148.963,-0.24557,-10.183,1144.81
1.34450,-4925.55,-4062.66,-1.3301,-22.8273,69.165,149.130,-0.23953,-9.937,1145.24
1.34500,-4938.44,-4095.12,-1.3414,-22.1519,69.099,149.291,-0.23343,-9.691,1145.66
1.34550,-4950.12,-4126.58,-1.3523,-21.4714,69.036,149.447,-0.22727,-9.446,1146.07
1.34600,-4960.57,-4157.05,-1.3628,-20.7858,68.974,149.598,-0.22105,-9.201,1146.47
1.34650,-4969.80,-4186.51,-1.3731,-20.0952,68.913,149.743,-0.21476,-8.957,1146.86
1.34700,-4977.81,-4214.95,-1.3829,-19.4000,68.855,149.883,-0.20842,-8.713,1147.25
1.34750,-4984.59,-4242.37,-1.3925,-18.7002,68.798,150.017,-0.20202,-8.469,1147.62
1.34800,-4990.13,-4268.76,-1.4016,-17.9960,68.743,150.145,-0.19557,-8.226,1147.98
1.34850,-4994.45,-4294.11,-1.4105,-17.2877,68.691,150.269,-0.18907,-7.982,1148.33
1.34900,-4997.53,-4318.41,-1.4189,-16.5755,68.640,150.386,-0.18252,-7.739,1148.67
1.34950,-4999.38,-4341.66,-1.4270,-15.8597,68.591,150.498,-0.17592,-7.495,1149.00
1.35000,-5000.00,-4363.85,-1.4348,-15.1406,68.544,150.605,-0.16928,-7.251,1149.31
1.35050,-4999.38,-4384.96,-1.4422,-14.4187,68.499,150.706,-0.16259,-7.006,1149.62
1.35100,-4997.53,-4405.00,-1.4492,-13.6944,68.456,150.802,-0.15587,-6.762,1149.92
1.35150,-4994.45,-4423.95,-1.4559,-12.9684,68.415,150.892,-0.14912,-6.516,1150.20
1.35200,-4990.13,-4441.80,-1.4622,-12.2415,68.377,150.976,-0.14233,-6.271,1150.48
1.35250,-4984.59,-4458.54,-1.4681,-11.5147,68.340,151.055,-0.13553,-6.024,1150.74
1.35300,-4977.81,-4474.15,-1.4737,-10.7891,68.306,151.128,-0.12871,-5.778,1150.99
1.35350,-4969.80,-4488.61,-1.4789,-10.0665,68.274,151.195,-0.12189,-5.530,1151.23
1.35400,-4960.57,-4501.91,-1.4838,-9.3489,68.245,151.257,-0.11507,-5.283,1151.46
1.35450,-4950.12,-4514.00,-1.4882,-8.6387,68.218,151.313,-0.10828,-5.035,1151.68
1.35500,-4938.44,-4524.87,-1.4924,-7.9391,68.193,151.362,-0.10153,-4.787,1151.89
1.35550,-4925.55,-4534.47,-1.4962,-7.2535,68.172,151.406,-0.09483,-4.540,1152.08
1.35600,-4911.44,-4542.74,-1.4996,-6.5860,68.153,151.444,-0.08822,-4.293,1152.27
1.35650,-4896.11,-4549.64,-1.5028,-5.9409,68.137,151.476,-0.08172,-4.048,1152.44
1.35700,-4879.58,-4555.10,-1.5056,-5.3225,68.125,151.501,-0.07535,-3.804,1152.60
1.35750,-4861.85,-4559.05,-1.5081,-4.7345,68.117,151.520,-0.06915,-3.564,1152.75
1.35800,-4842.92,-4561.43,-1.5103,-4.1795,68.112,151.533,-0.06314,-3.326,1152.89
1.35850,-4822.79,-4562.17,-1.5123,-3.6591,68.112,151.538,-0.05732,-3.093,1153.02
1.35900,-4801.47,-4561.21,-1.5140,-3.1727,68.116,151.537,-0.05171,-2.865,1153.14
1.35950,-4778.97,-4558.53,-1.5155,-2.7184,68.125,151.529,-0.04631,-2.641,1153.25
1.36000,-4755.28,-4554.10,-1.5167,-2.2928,68.138,151.514,-0.04110,-2.423,1153.35
1.36050,-4730.43,-4547.93,-1.5178,-1.8914,68.156,151.493,-0.03607,-2.209,1153.45
1.36100,-4704.40,-4540.03,-1.5186,-1.5092,68.179,151.465,-0.03118,-2.001,1153.53
1.36150,-4677.22,-4530.46,-1.5193,-1.1409,68.206,151.430,-0.02642,-1.797,1153.60
1.36200,-4648.88,-4519.25,-1.5198,-0.7817,68.238,151.390,-0.02176,-1.597,1153.67
1.36250,-4619.40,-4506.48,-1.5201,-0.4267,68.273,151.343,-0.01716,-1.400,1153.72
1.36300,-4588.77,-4492.21,-1.5202,-0.0717,68.313,151.291,-0.01261,-1.205,1153.77
1.36350,-4557.02,-4476.52,-1.5201,0.2869,68.357,151.233,-0.00808,-1.012,1153.81
1.36400,-4524.14,-4459.48,-1.5199,0.6526,68.404,151.170,-0.00356,-0.819,1153.84
1.36450,-4490.14,-4442.62,-1.5195,1.0262,68.451,151.106,0.00289,-0.606,1153.87
1.36500,-4455.03,-4427.31,-1.5189,1.4001,68.491,151.047,0.01148,-0.356,1153.88
1.36550,-4418.83,-4413.53,-1.5181,1.7670,68.527,150.991,0.02083,-0.069,1153.88
1.36600,-4381.53,-4401.24,-1.5171,2.1215,68.557,150.939,0.03091,0.258,1153.89
1.36650,-4343.16,-4390.37,-1.5160,2.4592,68.583,150.891,0.04167,0.623,1153.92
1.36700,-4303.71,-4380.85,-1.5147,2.7770,68.604,150.847,0.05307,1.027,1153.96
1.36750,-4263.20,-4368.34,-1.5132,3.0789,68.632,150.790,0.05954,1.413,1154.01
1.36800,-4221.64,-4348.85,-1.5116,3.3948,68.679,150.706,0.06024,1.726,1154.07
1.36850,-4179.04,-4323.96,-1.5098,3.7531,68.740,150.600,0.06119,1.986,1154.14
1.36900,-4135.40,-4295.60,-1.5078,4.1704,68.809,150.479,0.06333,2.218,1154.22
1.36950,-4090.75,-4265.07,-1.5056,4.6555,68.884,150.348,0.06642,2.440,1154.31
1.37000,-4045.08,-4233.13,-1.5031,5.2129,68.960,150.210,0.07013,2.662,1154.41
1.37050,-3998.42,-4200.21,-1.5004,5.8460,69.038,150.066,0.07428,2.889,1154.51
1.37100,-3950.78,-4166.59,-1.4973,6.5575,69.116,149.915,0.07878,3.127,1154.61
1.37150,-3902.15,-4132.48,-1.4938,7.3503,69.193,149.760,0.08360,3.378,1154.73
1.37200,-3852.57,-4098.02,-1.4899,8.2263,69.269,149.599,0.08876,3.645,1154.85
1.37250,-3802.03,-4063.35,-1.4856,9.1867,69.343,149.434,0.09426,3.932,1154.98
1.37300,-3750.56,-4028.56,-1.4807,10.2308,69.415,149.263,0.10010,4.239,1155.12
1.37350,-3698.16,-3993.76,-1.4753,11.3564,69.484,149.087,0.10627,4.570,1155.27
1.37400,-3644.84,-3958.97,-1.4693,12.5593,69.549,148.907,0.11277,4.926,1155.43
1.37450,-3590.63,-3924.24,-1.4628,13.8333,69.611,148.721,0.11956,5.308,1155.59
1.37500,-3535.53,-3889.55,-1.4555,15.1710,69.670,148.529,0.12662,5.718,1155.77
1.37550,-3479.56,-3854.89,-1.4476,16.5636,69.724,148.331,0.13390,6.156,1155.96
1.37600,-3422.74,-3820.19,-1.4389,18.0017,69.775,148.127,0.14137,6.624,1156.16
1.37650,-3365.06,-3785.40,-1.4296,19.4753,69.822,147.915,0.14898,7.120,1156.37
1.37700,-3306.56,-3750.43,-1.4195,20.9745,69.866,147.697,0.15670,7.646,1156.59
1.37750,-3247.24,-3715.19,-1.4086,22.4892,69.906,147.470,0.16446,8.200,1156.82
1.37800,-3187.12,-3679.58,-1.3970,24.0100,69.944,147.236,0.17225,8.784,1157.07
1.37850,-3126.21,-3643.49,-1.3846,25.5276,69.978,146.993,0.18000,9.395,1157.33
1.37900,-3064.54,-3606.82,-1.3714,27.0332,70.011,146.742,0.18770,10.035,1157.60
1.37950,-3002.10,-3569.47,-1.3575,28.5188,70.041,146.481,0.19530,10.702,1157.88
1.38000,-2938.93,-3531.34,-1.3429,29.9770,70.070,146.211,0.20277,11.397,1158.18
1.38050,-2875.03,-3492.33,-1.3276,31.4011,70.097,145.931,0.21008,12.118,1158.49
1.38100,-2810.42,-3452.35,-1.3115,32.7850,70.124,145.642,0.21721,12.866,1158.81
1.38150,-2745.11,-3411.32,-1.2948,34.1234,70.149,145.343,0.22413,13.641,1159.14
1.38200,-2679.13,-3369.16,-1.2774,35.4120,70.175,145.035,0.23083,14.443,1159.49
1.38250,-2612.49,-3325.81,-1.2594,36.6468,70.201,144.717,0.23729,15.272,1159.84
1.38300,-2545.21,-3281.21,-1.2408,37.8249,70.227,144.389,0.24349,16.128,1160.21
1.38350,-2477.29,-3235.32,-1.2216,38.9438,70.254,144.051,0.24942,17.013,1160.59
1.38400,-2408.77,-3188.08,-1.2018,40.0019,70.282,143.705,0.25508,17.928,1160.98
1.38450,-2339.65,-3139.48,-1.1816,40.9980,70.312,143.349,0.26047,18.873,1161.38
1.38500,-2269.95,-3089.49,-1.1609,41.9317,70.343,142.984,0.26557,19.851,1161.79
1.38550,-2199.70,-3038.10,-1.1397,42.8031,70.376,142.611,0.27039,20.864,1162.21
1.38600,-2128.90,-2985.30,-1.1181,43.6127,70.411,142.229,0.27492,21.914,1162.64
1.38650,-2057.57,-2931.10,-1.0961,44.3615,70.448,141.839,0.27919,23.003,1163.07
1.38700,-1985.74,-2875.52,-1.0737,45.0510,70.488,141.442,0.28318,24.136,1163.52
1.38750,-1913.42,-2818.56,-1.0510,45.6831,70.529,141.037,0.28691,25.317,1163.97
1.38800,-1840.62,-2760.26,-1.0280,46.2598,70.574,140.625,0.29039,26.548,1164.43
1.38850,-1767.37,-2700.65,-1.0048,46.7836,70.621,140.207,0.29362,27.837,1164.90
1.38900,-1693.69,-2639.76,-0.9813,47.2571,70.671,139.782,0.29661,29.187,1165.37
1.38950,-1619.59,-2577.63,-0.9575,47.6830,70.723,139.352,0.29939,30.606,1165.85
1.39000,-1545.08,-2514.32,-0.9336,48.0644,70.778,138.916,0.30195,32.100,1166.33
1.39050,-1470.20,-2449.86,-0.9095,48.4043,70.836,138.475,0.30432,33.677,1166.82
1.39100,-1394.96,-2384.31,-0.8852,48.7057,70.896,138.030,0.30651,35.346,1167.32
1.39150,-1319.37,-2317.73,-0.8608,48.9717,70.959,137.580,0.30852,37.115,1167.82
1.39200,-1243.45,-2250.17,-0.8362,49.2055,71.025,137.126,0.31037,38.994,1168.32
1.39250,-1167.23,-2181.68,-0.8116,49.4100,71.093,136.669,0.31208,40.994,1168.83
1.39300,-1090.72,-2112.34,-0.7868,49.5884,71.163,136.209,0.31365,43.127,1169.34
1.39350,-1013.94,-2042.19,-0.7620,49.7433,71.236,135.745,0.31510,45.402,1169.85
1.39400,-936.91,-1971.29,-0.7371,49.8776,71.311,135.279,0.31645,47.831,1170.37
1.39450,-859.65,-1899.70,-0.7121,49.9939,71.388,134.811,0.31769,50.425,1170.89
1.39500,-782.17,-1827.48,-0.6871,50.0946,71.467,134.341,0.31885,53.194,1171.41
1.39550,-704.51,-1754.69,-0.6620,50.1820,71.548,133.869,0.31993,56.145,1171.94
1.39600,-626.67,-1681.37,-0.6369,50.2583,71.630,133.395,0.32093,59.283,1172.47
1.39650,-548.67,-1607.58,-0.6118,50.3253,71.715,132.921,0.32188,62.609,1173.00
1.39700,-470.54,-1533.38,-0.5866,50.3847,71.800,132.445,0.32278,66.120,1173.53
1.39750,-392.30,-1458.80,-0.5614,50.4382,71.887,131.969,0.32362,69.805,1174.06
1.39800,-313.95,-1383.90,-0.5361,50.4870,71.976,131.492,0.32443,73.647,1174.60
1.39850,-235.53,-1308.72,-0.5109,50.5324,72.065,131.014,0.32520,77.622,1175.13
1.39900,-157.05,-1233.30,-0.4856,50.5751,72.156,130.537,0.32593,81.698,1175.67
1.39950,-78.54,-1157.68,-0.4603,50.6162,72.247,130.059,0.32664,85.838,1176.21
1.40000,0.00,-1081.89,-0.4350,50.6561,72.339,129.581,0.32732,0.000,1176.75
1.40050,78.54,-1005.98,-0.4097,50.6952,72.432,129.104,0.32798,85.858,1177.29
1.40100,157.05,-929.96,-0.3843,50.7340,72.526,128.627,0.32861,81.779,1177.84
1.40150,235.53,-853.88,-0.3589,50.7724,72.620,128.150,0.32922,77.800,1178.38
1.40200,313.95,-777.75,-0.3335,50.8105,72.715,127.674,0.32981,73.956,1178.93
1.40250,392.30,-701.61,-0.3081,50.8482,72.811,127.198,0.33037,70.271,1179.47
1.40300,470.54,-625.47,-0.2827,50.8851,72.906,126.723,0.33091,66.765,1180.02
1.40350,548.67,-549.35,-0.2572,50.9211,73.002,126.249,0.33142,63.449,1180.57
1.40400,626.67,-473.28,-0.2318,50.9555,73.099,125.775,0.33191,60.329,1181.12
1.40450,704.51,-397.27,-0.2063,50.9880,73.195,125.303,0.33236,57.404,1181.67
1.40500,782.17,-321.33,-0.1808,51.0179,73.292,124.831,0.33278,54.671,1182.22
1.40550,859.65,-245.48,-0.1553,51.0445,73.389,124.361,0.33316,52.122,1182.78
1.40600,936.91,-169.73,-0.1297,51.0673,73.486,123.891,0.33351,49.748,1183.33
1.40650,1013.94,-94.10,-0.1042,51.0856,73.583,123.423,0.33381,47.539,1183.88
1.40700,1090.72,-18.59,-0.0786,51.0985,73.681,122.956,0.33406,45.484,1184.44
1.40750,1167.23,56.78,-0.0531,51.1054,73.778,122.490,0.33427,43.572,1184.99
1.40800,1243.45,132.01,-0.0275,51.1054,73.876,122.026,0.33442,41.791,1185.55
1.40850,1319.37,207.09,-0.0020,51.0980,73.973,121.563,0.33452,40.132,1186.11
1.40900,1394.96,282.01,0.0236,51.0824,74.071,121.101,0.33456,38.584,1186.66
1.40950,1470.20,356.75,0.0491,51.0579,74.169,120.641,0.33453,37.138,1187.22
1.41000,1545.08,431.32,0.0746,51.0237,74.266,120.183,0.33444,35.786,1187.78
1.41050,1619.59,505.71,0.1001,50.9794,74.364,119.726,0.33428,34.518,1188.33
1.41100,1693.69,579.90,0.1256,50.9242,74.462,119.271,0.33404,33.329,1188.89
1.41150,1767.37,653.90,0.1510,50.8577,74.560,118.818,0.33374,32.212,1189.45
1.41200,1840.62,727.68,0.1764,50.7793,74.658,118.366,0.33335,31.160,1190.00
1.41250,1913.42,801.24,0.2018,50.6885,74.756,117.916,0.33288,30.167,1190.56
1.41300,1985.74,874.58,0.2271,50.5850,74.854,117.469,0.33233,29.230,1191.11
1.41350,2057.57,947.68,0.2524,50.4684,74.952,117.023,0.33170,28.343,1191.67
1.41400,2128.90,1020.53,0.2776,50.3384,75.051,116.580,0.33098,27.503,1192.22
1.41450,2199.70,1093.12,0.3027,50.1946,75.149,116.139,0.33018,26.705,1192.78
1.41500,2269.95,1165.45,0.3278,50.0369,75.247,115.700,0.32928,25.946,1193.33
1.41550,2339.65,1237.49,0.3528,49.8651,75.346,115.264,0.32830,25.224,1193.88
1.41600,2408.77,1309.24,0.3777,49.6791,75.444,114.830,0.32723,24.535,1194.43
1.41650,2477.29,1380.69,0.4024,49.4788,75.543,114.399,0.32606,23.877,1194.98
1.41700,2545.21,1451.82,0.4271,49.2642,75.641,113.970,0.32480,23.248,1195.52
1.41750,2612.49,1522.61,0.4517,49.0352,75.739,113.544,0.32346,22.645,1196.07
1.41800,2679.13,1593.06,0.4762,48.7920,75.838,113.121,0.32202,22.067,1196.61
1.41850,2745.11,1663.14,0.5005,48.5345,75.936,112.701,0.32049,21.512,1197.15
1.41900,2810.42,1732.85,0.5247,48.2629,76.035,112.284,0.31886,20.978,1197.69
1.41950,2875.03,1802.17,0.5488,47.9773,76.133,111.870,0.31715,20.464,1198.23
1.42000,2938.93,1871.08,0.5727,47.6780,76.231,111.459,0.31535,19.968,1198.76
1.42050,3002.10,1939.56,0.5964,47.3650,76.329,111.052,0.31345,19.490,1199.29
1.42100,3064.54,2007.60,0.6200,47.0385,76.427,110.648,0.31147,19.029,1199.82
1.42150,3126.21,2075.19,0.6435,46.6989,76.524,110.247,0.30940,18.582,1200.35
1.42200,3187.12,2142.30,0.6667,46.3463,76.622,109.850,0.30724,18.150,1200.87
1.42250,3247.24,2208.92,0.6898,45.9810,76.719,109.457,0.30500,17.732,1201.39
1.42300,3306.56,2275.03,0.7127,45.6032,76.816,109.068,0.30267,17.326,1201.91
1.42350,3365.06,2340.61,0.7354,45.2132,76.912,108.682,0.30026,16.932,1202.42
1.42400,3422.74,2405.64,0.7579,44.8113,77.009,108.301,0.29776,16.550,1202.93
1.42450,3479.56,2470.12,0.7802,44.3976,77.104,107.923,0.29519,16.178,1203.43
1.42500,3535.53,2534.01,0.8023,43.9726,77.200,107.549,0.29253,15.816,1203.93
1.42550,3590.63,2597.31,0.8242,43.5364,77.295,107.180,0.28979,15.464,1204.43
1.42600,3644.84,2660.00,0.8459,43.0893,77.389,106.815,0.28698,15.120,1204.92
1.42650,3698.16,2722.05,0.8673,42.6316,77.483,106.454,0.28409,14.786,1205.41
1.42700,3750.56,2783.46,0.8885,42.1635,77.576,106.098,0.28112,14.459,1205.89
1.42750,3802.03,2844.20,0.9094,41.6853,77.669,105.746,0.27808,14.140,1206.37
1.42800,3852.57,2904.26,0.9302,41.1972,77.761,105.399,0.27497,13.828,1206.85
1.42850,3902.15,2963.62,0.9506,40.6994,77.852,105.056,0.27178,13.524,1207.31
1.42900,3950.78,3022.27,0.9709,40.1922,77.942,104.718,0.26853,13.226,1207.78
1.42950,3998.42,3080.19,0.9908,39.6757,78.032,104.385,0.26520,12.934,1208.24
1.43000,4045.08,3137.36,1.0105,39.1501,78.121,104.057,0.26181,12.648,1208.69
1.43050,4090.75,3193.77,1.0300,38.6157,78.209,103.734,0.25834,12.368,1209.14
1.43100,4135.40,3249.41,1.0492,38.0726,78.296,103.415,0.25482,12.093,1209.58
1.43150,4179.04,3304.26,1.0681,37.5211,78.382,103.102,0.25122,11.823,1210.02
1.43200,4221.64,3358.30,1.0867,36.9611,78.467,102.793,0.24756,11.558,1210.45
1.43250,4263.20,3411.52,1.1050,36.3931,78.552,102.490,0.24384,11.297,1210.88
1.43300,4303.71,3463.92,1.1231,35.8169,78.635,102.192,0.24005,11.041,1211.30
1.43350,4343.16,3515.47,1.1408,35.2329,78.717,101.899,0.23621,10.790,1211.71
1.43400,4381.53,3566.16,1.1583,34.6412,78.798,101.611,0.23230,10.542,1212.12
1.43450,4418.83,3615.98,1.1755,34.0418,78.877,101.329,0.22833,10.298,1212.52
1.43500,4455.03,3664.92,1.1923,33.4349,78.956,101.052,0.22430,10.057,1212.92
1.43550,4490.14,3712.96,1.2089,32.8206,79.033,100.781,0.22022,9.820,1213.30
1.43600,4524.14,3760.10,1.2252,32.1990,79.109,100.515,0.21607,9.586,1213.69
1.43650,4557.02,3806.32,1.2411,31.5703,79.184,100.254,0.21187,9.355,1214.06
1.43700,4588.77,3851.61,1.2567,30.9346,79.257,99.999,0.20762,9.126,1214.43
1.43750,4619.40,3895.96,1.2720,30.2919,79.330,99.750,0.20331,8.901,1214.79
1.43800,4648.88,3939.36,1.2870,29.6424,79.400,99.506,0.19894,8.678,1215.15
1.43850,4677.22,3981.80,1.3017,28.9861,79.470,99.268,0.19452,8.457,1215.49
1.43900,4704.40,4023.27,1.3160,28.3233,79.537,99.035,0.19005,8.238,1215.84
1.43950,4730.43,4063.76,1.3300,27.6539,79.604,98.808,0.18553,8.022,1216.17
1.44000,4755.28,4103.26,1.3437,26.9781,79.669,98.587,0.18096,7.807,1216.49
1.44050,4778.97,4141.76,1.3570,26.2961,79.732,98.372,0.17634,7.595,1216.81
1.44100,4801.47,4179.26,1.3699,25.6078,79.794,98.162,0.17167,7.384,1217.12
1.44150,4822.79,4215.74,1.3826,24.9136,79.854,97.959,0.16695,7.174,1217.43
1.44200,4842.92,4251.19,1.3949,24.2133,79.913,97.761,0.16219,6.966,1217.72
1.44250,4861.85,4285.61,1.4068,23.5073,79.970,97.569,0.15738,6.759,1218.01
1.44300,4879.58,4318.99,1.4184,22.7956,80.025,97.383,0.15253,6.554,1218.29
1.44350,4896.11,4351.33,1.4296,22.0783,80.079,97.203,0.14763,6.349,1218.56
1.44400,4911.44,4382.60,1.4404,21.3556,80.131,97.029,0.14270,6.146,1218.83
1.44450,4925.55,4412.81,1.4509,20.6277,80.181,96.861,0.13772,5.943,1219.09
1.44500,4938.44,4441.95,1.4611,19.8948,80.229,96.699,0.13270,5.741,1219.33
1.44550,4950.12,4470.02,1.4708,19.1569,80.276,96.543,0.12765,5.540,1219.57
1.44600,4960.57,4496.99,1.4802,18.4144,80.321,96.394,0.12255,5.339,1219.81
1.44650,4969.80,4522.88,1.4892,17.6674,80.364,96.250,0.11743,5.139,1220.03
1.44700,4977.81,4547.66,1.4979,16.9162,80.406,96.112,0.11227,4.939,1220.24
1.44750,4984.59,4571.33,1.5062,16.1611,80.445,95.981,0.10708,4.739,1220.45
1.44800,4990.13,4593.90,1.5141,15.4025,80.483,95.856,0.10186,4.540,1220.65
1.44850,4994.45,4615.33,1.5216,14.6408,80.519,95.737,0.09661,4.341,1220.84
1.44900,4997.53,4635.64,1.5287,13.8765,80.552,95.624,0.09134,4.142,1221.02
1.44950,4999.38,4654.81,1.5354,13.1104,80.584,95.517,0.08606,3.943,1221.19
1.45000,5000.00,4672.83,1.5418,12.3433,80.614,95.417,0.08075,3.744,1221.36
1.45050,4999.38,4689.68,1.5478,11.5764,80.642,95.323,0.07544,3.545,1221.51
1.45100,4997.53,4705.35,1.5534,10.8110,80.668,95.235,0.07013,3.346,1221.66
1.45150,4994.45,4719.83,1.5586,10.0490,80.692,95.154,0.06482,3.147,1221.79
1.45200,4990.13,4733.09,1.5634,9.2927,80.713,95.079,0.05953,2.949,1221.92
1.45250,4984.59,4745.11,1.5679,8.5451,80.732,95.011,0.05428,2.751,1222.04
1.45300,4977.81,4755.85,1.5720,7.8097,80.749,94.949,0.04908,2.553,1222.15
1.45350,4969.80,4765.26,1.5757,7.0908,80.763,94.894,0.04394,2.357,1222.26
1.45400,4960.57,4773.31,1.5791,6.3932,80.774,94.846,0.03890,2.162,1222.35
1.45450,4950.12,4779.93,1.5821,5.7220,80.782,94.804,0.03398,1.969,1222.43
1.45500,4938.44,4785.06,1.5848,5.0821,80.787,94.770,0.02921,1.779,1222.51
1.45550,4925.55,4788.63,1.5872,4.4777,80.789,94.743,0.02461,1.592,1222.58
1.45600,4911.44,4790.58,1.5893,3.9117,80.786,94.722,0.02019,1.410,1222.64
1.45650,4896.11,4790.86,1.5911,3.3851,80.780,94.710,0.01597,1.232,1222.69
1.45700,4879.58,4789.43,1.5927,2.8971,80.769,94.704,0.01195,1.058,1222.74
1.45750,4861.85,4786.26,1.5940,2.4447,80.755,94.706,0.00811,0.891,1222.77
1.45800,4842.92,4781.50,1.5951,2.0237,80.736,94.714,0.00426,0.727,1222.81
1.45850,4822.79,4777.51,1.5960,1.6342,80.720,94.721,-0.00256,0.538,1222.83
1.45900,4801.47,4775.03,1.5968,1.2835,80.709,94.724,-0.01091,0.315,1222.84
1.45950,4778.97,4773.89,1.5973,0.9763,80.703,94.723,-0.01984,0.061,1222.84
1.46000,4755.28,4773.91,1.5978,0.7141,80.702,94.720,-0.02929,-0.224,1222.85
1.46050,4730.43,4774.90,1.5981,0.4965,80.703,94.714,-0.03919,-0.539,1222.88
1.46100,4704.40,4776.69,1.5983,0.3213,80.707,94.706,-0.04949,-0.880,1222.91
1.46150,4677.22,4776.72,1.5984,0.1820,80.707,94.706,-0.05706,-1.219,1222.96
1.46200,4648.88,4771.01,1.5984,0.0537,80.692,94.728,-0.05926,-1.505,1223.02
1.46250,4619.40,4760.31,1.5984,-0.0896,80.664,94.770,-0.06106,-1.747,1223.09
1.46300,4588.77,4745.89,1.5983,-0.2637,80.626,94.827,-0.06334,-1.961,1223.17
1.46350,4557.02,4728.72,1.5982,-0.4764,80.581,94.896,-0.06609,-2.158,1223.26
1.46400,4524.14,4709.43,1.5979,-0.7303,80.532,94.974,-0.06919,-2.345,1223.35
1.46450,4490.14,4688.48,1.5974,-1.0253,80.479,95.060,-0.07255,-2.529,1223.45
1.46500,4455.03,4666.16,1.5968,-1.3600,80.423,95.153,-0.07612,-2.713,1223.55
1.46550,4418.83,4642.66,1.5961,-1.7330,80.365,95.252,-0.07986,-2.900,1223.67
1.46600,4381.53,4618.14,1.5951,-2.1429,80.305,95.357,-0.08376,-3.091,1223.78
1.46650,4343.16,4592.71,1.5939,-2.5896,80.245,95.468,-0.08781,-3.289,1223.91
1.46700,4303.71,4566.45,1.5925,-3.0735,80.183,95.585,-0.09202,-3.494,1224.04
1.46750,4263.20,4539.46,1.5908,-3.5965,80.121,95.706,-0.09639,-3.708,1224.18
1.46800,4221.64,4511.81,1.5889,-4.1610,80.059,95.833,-0.10096,-3.932,1224.32
1.46850,4179.04,4483.57,1.5867,-4.7705,79.997,95.966,-0.10573,-4.168,1224.48
1.46900,4135.40,4454.84,1.5841,-5.4288,79.936,96.103,-0.11073,-4.417,1224.64
1.46950,4090.75,4425.69,1.5812,-6.1399,79.876,96.246,-0.11599,-4.681,1224.80
1.47000,4045.08,4396.21,1.5780,-6.9073,79.817,96.393,-0.12152,-4.961,1224.98
1.47050,3998.42,4366.48,1.5743,-7.7342,79.760,96.546,-0.12735,-5.259,1225.16
1.47100,3950.78,4336.58,1.5702,-8.6223,79.705,96.703,-0.13349,-5.577,1225.36
1.47150,3902.15,4306.59,1.5657,-9.5721,79.652,96.865,-0.13996,-5.917,1225.56
1.47200,3852.57,4276.54,1.5606,-10.5823,79.602,97.033,-0.14674,-6.280,1225.77
1.47250,3802.03,4246.49,1.5551,-11.6500,79.556,97.206,-0.15382,-6.668,1225.99
1.47300,3750.56,4216.44,1.5490,-12.7706,79.513,97.384,-0.16119,-7.081,1226.23
1.47350,3698.16,4186.40,1.5423,-13.9384,79.473,97.568,-0.16883,-7.521,1226.47
1.47400,3644.84,4156.32,1.5350,-15.1466,79.436,97.758,-0.17668,-7.988,1226.73
1.47450,3590.63,4126.18,1.5271,-16.3874,79.403,97.954,-0.18473,-8.483,1226.99
1.47500,3535.53,4095.90,1.5186,-17.6531,79.374,98.157,-0.19293,-9.006,1227.27
1.47550,3479.56,4065.42,1.5095,-18.9354,79.347,98.367,-0.20124,-9.557,1227.57
1.47600,3422.74,4034.63,1.4997,-20.2263,79.324,98.584,-0.20961,-10.136,1227.87
1.47650,3365.06,4003.45,1.4893,-21.5182,79.303,98.810,-0.21801,-10.742,1228.19
1.47700,3306.56,3971.77,1.4782,-22.8037,79.285,99.043,-0.22639,-11.375,1228.52
1.47750,3247.24,3939.51,1.4665,-24.0759,79.268,99.285,-0.23473,-12.035,1228.87
1.47800,3187.12,3906.54,1.4541,-25.3286,79.254,99.535,-0.24298,-12.720,1229.23
1.47850,3126.21,3872.79,1.4411,-26.5563,79.240,99.794,-0.25112,-13.431,1229.60
1.47900,3064.54,3838.15,1.4276,-27.7539,79.228,100.063,-0.25912,-14.168,1229.99
1.47950,3002.10,3802.54,1.4134,-28.9171,79.217,100.340,-0.26696,-14.929,1230.39
1.48000,2938.93,3765.88,1.3987,-30.0424,79.206,100.627,-0.27460,-15.716,1230.80
1.48050,2875.03,3728.10,1.3834,-31.1269,79.194,100.923,-0.28204,-16.527,1231.23
1.48100,2810.42,3689.14,1.3675,-32.1681,79.183,101.228,-0.28926,-17.363,1231.67
1.48150,2745.11,3648.94,1.3512,-33.1645,79.170,101.543,-0.29625,-18.224,1232.12
1.48200,2679.13,3607.46,1.3344,-34.1149,79.157,101.866,-0.30300,-19.111,1232.59
1.48250,2612.49,3564.67,1.3171,-35.0187,79.143,102.199,-0.30951,-20.025,1233.06
1.48300,2545.21,3520.55,1.2994,-35.8758,79.127,102.540,-0.31576,-20.967,1233.55
1.48350,2477.29,3475.07,1.2812,-36.6867,79.109,102.890,-0.32177,-21.938,1234.05
1.48400,2408.77,3428.23,1.2627,-37.4520,79.090,103.248,-0.32753,-22.940,1234.56
1.48450,2339.65,3380.04,1.2438,-38.1730,79.068,103.614,-0.33304,-23.974,1235.08
1.48500,2269.95,3330.50,1.2245,-38.8510,79.045,103.987,-0.33832,-25.042,1235.61
1.48550,2199.70,3279.62,1.2049,-39.4876,79.019,104.368,-0.34336,-26.148,1236.15
1.48600,2128.90,3227.44,1.1850,-40.0849,78.991,104.757,-0.34818,-27.294,1236.70
1.48650,2057.57,3173.98,1.1649,-40.6448,78.961,105.151,-0.35279,-28.484,1237.26
1.48700,1985.74,3119.27,1.1444,-41.1695,78.928,105.553,-0.35719,-29.719,1237.82
1.48750,1913.42,3063.36,1.1237,-41.6613,78.893,105.960,-0.36139,-31.005,1238.40
1.48800,1840.62,3006.28,1.1027,-42.1224,78.855,106.373,-0.36541,-32.346,1238.98
1.48850,1767.37,2948.08,1.0816,-42.5552,78.815,106.792,-0.36926,-33.745,1239.57
1.48900,1693.69,2888.81,1.0602,-42.9619,78.773,107.215,-0.37295,-35.208,1240.17
1.48950,1619.59,2828.51,1.0386,-43.3447,78.729,107.643,-0.37648,-36.739,1240.77
1.49000,1545.08,2767.24,1.0169,-43.7059,78.682,108.076,-0.37988,-38.344,1241.38
1.49050,1470.20,2705.04,0.9949,-44.0475,78.633,108.513,-0.38314,-40.027,1242.00
1.49100,1394.96,2641.98,0.9728,-44.3713,78.582,108.953,-0.38629,-41.795,1242.62
1.49150,1319.37,2578.09,0.9505,-44.6793,78.529,109.397,-0.38933,-43.653,1243.25
1.49200,1243.45,2513.44,0.9281,-44.9732,78.473,109.844,-0.39226,-45.605,1243.89
1.49250,1167.23,2448.07,0.9056,-45.2544,78.416,110.294,-0.39510,-47.657,1244.53
1.49300,1090.72,2382.03,0.8829,-45.5243,78.358,110.746,-0.39786,-49.814,1245.18
1.49350,1013.94,2315.36,0.8600,-45.7842,78.297,111.201,-0.40054,-52.078,1245.83
1.49400,936.91,2248.11,0.8371,-46.0352,78.235,111.658,-0.40314,-54.453,1246.48
1.49450,859.65,2180.33,0.8140,-46.2781,78.172,112.117,-0.40568,-56.939,1247.14
1.49500,782.17,2112.04,0.7908,-46.5138,78.107,112.577,-0.40815,-59.538,1247.81
1.49550,704.51,2043.31,0.7675,-46.7428,78.040,113.040,-0.41057,-62.246,1248.48
1.49600,626.67,1974.15,0.7441,-46.9657,77.973,113.503,-0.41293,-65.059,1249.15
1.49650,548.67,1904.60,0.7205,-47.1828,77.904,113.968,-0.41523,-67.970,1249.83
1.49700,470.54,1834.70,0.6969,-47.3943,77.834,114.433,-0.41748,-70.969,1250.51
1.49750,392.30,1764.48,0.6731,-47.6004,77.762,114.900,-0.41968,-74.045,1251.20
1.49800,313.95,1693.96,0.6493,-47.8011,77.690,115.367,-0.42182,-77.183,1251.89
1.49850,235.53,1623.17,0.6253,-47.9962,77.617,115.835,-0.42392,-80.367,1252.58
1.49900,157.05,1552.13,0.6013,-48.1857,77.543,116.303,-0.42596,-83.577,1253.28
1.49950,78.54,1480.86,0.5772,-48.3693,77.467,116.772,-0.42795,-86.795,1253.98
1.50000,0.00,1409.39,0.5529,-48.5467,77.391,117.241,-0.42988,0.000,1254.68
1.50050,-78.54,1337.73,0.5286,-48.7176,77.314,117.710,-0.43176,-86.826,1255.39
1.50100,-157.05,1265.90,0.5042,-48.8816,77.237,118.179,-0.43357,-83.702,1256.10
1.50150,-235.53,1193.92,0.4797,-49.0382,77.158,118.647,-0.43533,-80.643,1256.82
1.50200,-313.95,1121.79,0.4552,-49.1872,77.079,119.116,-0.43702,-77.665,1257.54
1.50250,-392.30,1049.55,0.4305,-49.3279,76.998,119.584,-0.43865,-74.779,1258.26
1.50300,-470.54,977.19,0.4059,-49.4600,76.917,120.052,-0.44020,-71.995,1258.98
1.50350,-548.67,904.73,0.3811,-49.5830,76.835,120.520,-0.44169,-69.318,1259.71
1.50400,-626.67,832.18,0.3563,-49.6965,76.753,120.986,-0.44310,-66.753,1260.44
1.50450,-704.51,759.55,0.3314,-49.8001,76.669,121.452,-0.44443,-64.303,1261.17
1.50500,-782.17,686.86,0.3065,-49.8933,76.585,121.918,-0.44569,-61.967,1261.90
1.50550,-859.65,614.12,0.2815,-49.9758,76.500,122.382,-0.44686,-59.745,1262.64
1.50600,-936.91,541.33,0.2565,-50.0471,76.414,122.846,-0.44794,-57.634,1263.38
1.50650,-1013.94,468.51,0.2315,-50.1071,76.328,123.308,-0.44894,-55.629,1264.12
1.50700,-1090.72,395.67,0.2064,-50.1553,76.240,123.770,-0.44985,-53.729,1264.86
1.50750,-1167.23,322.82,0.1813,-50.1916,76.152,124.230,-0.45067,-51.927,1265.61
1.50800,-1243.45,249.97,0.1562,-50.2157,76.063,124.689,-0.45140,-50.218,1266.36
1.50850,-1319.37,177.13,0.1311,-50.2273,75.973,125.146,-0.45202,-48.599,1267.10
1.50900,-1394.96,104.31,0.1060,-50.2264,75.883,125.602,-0.45256,-47.064,1267.85
1.50950,-1470.20,31.53,0.0809,-50.2128,75.791,126.056,-0.45299,-45.608,1268.60
1.51000,-1545.08,-41.19,0.0558,-50.1864,75.699,126.509,-0.45332,-44.226,1269.36
1.51050,-1619.59,-113.86,0.0307,-50.1471,75.606,126.959,-0.45356,-42.914,1270.11
1.51100,-1693.69,-186.44,0.0056,-50.0950,75.513,127.408,-0.45369,-41.666,1270.86
1.51150,-1767.37,-258.94,-0.0194,-50.0299,75.418,127.855,-0.45372,-40.480,1271.62
1.51200,-1840.62,-331.33,-0.0444,-49.9520,75.323,128.300,-0.45365,-39.351,1272.37
1.51250,-1913.42,-403.60,-0.0694,-49.8612,75.227,128.742,-0.45347,-38.276,1273.13
1.51300,-1985.74,-475.74,-0.0943,-49.7577,75.131,129.183,-0.45319,-37.250,1273.88
1.51350,-2057.57,-547.72,-0.1191,-49.6414,75.034,129.621,-0.45280,-36.271,1274.64
1.51400,-2128.90,-619.54,-0.1439,-49.5125,74.936,130.056,-0.45231,-35.336,1275.39
1.51450,-2199.70,-691.18,-0.1686,-49.3711,74.837,130.489,-0.45172,-34.442,1276.15
1.51500,-2269.95,-762.61,-0.1933,-49.2174,74.738,130.919,-0.45102,-33.586,1276.90
1.51550,-2339.65,-833.83,-0.2178,-49.0515,74.639,131.346,-0.45022,-32.766,1277.65
1.51600,-2408.77,-904.82,-0.2423,-48.8734,74.539,131.771,-0.44931,-31.979,1278.40
1.51650,-2477.29,-975.56,-0.2667,-48.6834,74.438,132.193,-0.44831,-31.224,1279.15
1.51700,-2545.21,-1046.03,-0.2910,-48.4816,74.337,132.611,-0.44719,-30.499,1279.90
1.51750,-2612.49,-1116.22,-0.3152,-48.2682,74.235,133.027,-0.44598,-29.801,1280.65
1.51800,-2679.13,-1186.11,-0.3393,-48.0433,74.133,133.439,-0.44466,-29.130,1281.40
1.51850,-2745.11,-1255.68,-0.3632,-47.8071,74.030,133.848,-0.44324,-28.483,1282.14
1.51900,-2810.42,-1324.92,-0.3871,-47.5598,73.928,134.254,-0.44172,-27.860,1282.89
1.51950,-2875.03,-1393.80,-0.4108,-47.3014,73.824,134.656,-0.44009,-27.258,1283.63
1.52000,-2938.93,-1462.32,-0.4344,-47.0322,73.721,135.054,-0.43837,-26.676,1284.37
1.52050,-3002.10,-1530.45,-0.4578,-46.7523,73.617,135.449,-0.43654,-26.114,1285.10
1.52100,-3064.54,-1598.17,-0.4811,-46.4618,73.514,135.841,-0.43462,-25.571,1285.83
1.52150,-3126.21,-1665.48,-0.5043,-46.1608,73.410,136.228,-0.43259,-25.045,1286.56
1.52200,-3187.12,-1732.35,-0.5273,-45.8496,73.306,136.612,-0.43047,-24.534,1287.29
1.52250,-3247.24,-1798.77,-0.5501,-45.5283,73.201,136.992,-0.42824,-24.040,1288.02
1.52300,-3306.56,-1864.72,-0.5728,-45.1968,73.097,137.368,-0.42592,-23.560,1288.74
1.52350,-3365.06,-1930.18,-0.5953,-44.8555,72.993,137.740,-0.42350,-23.094,1289.45
1.52400,-3422.74,-1995.15,-0.6177,-44.5044,72.889,138.108,-0.42098,-22.641,1290.17
1.52450,-3479.56,-2059.60,-0.6398,-44.1435,72.785,138.471,-0.41837,-22.200,1290.88
1.52500,-3535.53,-2123.51,-0.6618,-43.7731,72.681,138.831,-0.41566,-21.771,1291.58
1.52550,-3590.63,-2186.89,-0.6836,-43.3931,72.577,139.186,-0.41285,-21.353,1292.29
1.52600,-3644.84,-2249.70,-0.7052,-43.0038,72.474,139.537,-0.40994,-20.945,1292.98
1.52650,-3698.16,-2311.93,-0.7266,-42.6051,72.371,139.884,-0.40694,-20.548,1293.68
1.52700,-3750.56,-2373.58,-0.7478,-42.1973,72.268,140.226,-0.40385,-20.160,1294.37
1.52750,-3802.03,-2434.62,-0.7688,-41.7803,72.165,140.564,-0.40065,-19.781,1295.05
1.52800,-3852.57,-2495.05,-0.7896,-41.3543,72.063,140.897,-0.39737,-19.411,1295.73
1.52850,-3902.15,-2554.84,-0.8102,-40.9193,71.961,141.225,-0.39399,-19.048,1296.40
1.52900,-3950.78,-2613.99,-0.8305,-40.4754,71.860,141.550,-0.39051,-18.694,1297.07
1.52950,-3998.42,-2672.48,-0.8506,-40.0228,71.759,141.869,-0.38694,-18.346,1297.73
1.53000,-4045.08,-2730.30,-0.8705,-39.5614,71.659,142.184,-0.38328,-18.006,1298.39
1.53050,-4090.75,-2787.43,-0.8902,-39.0914,71.559,142.494,-0.37952,-17.672,1299.04
1.53100,-4135.40,-2843.87,-0.9096,-38.6129,71.460,142.799,-0.37568,-17.344,1299.69
1.53150,-4179.04,-2899.60,-0.9288,-38.1260,71.362,143.100,-0.37174,-17.022,1300.33
1.53200,-4221.64,-2954.60,-0.9477,-37.6307,71.264,143.395,-0.36771,-16.706,1300.96
1.53250,-4263.20,-3008.88,-0.9664,-37.1271,71.167,143.686,-0.36359,-16.395,1301.59
1.53300,-4303.71,-3062.40,-0.9849,-36.6153,71.071,143.972,-0.35937,-16.089,1302.21
1.53350,-4343.16,-3115.17,-1.0030,-36.0955,70.976,144.253,-0.35507,-15.788,1302.82
1.53400,-4381.53,-3167.17,-1.0210,-35.5676,70.882,144.529,-0.35068,-15.491,1303.43
1.53450,-4418.83,-3218.39,-1.0386,-35.0319,70.788,144.800,-0.34621,-15.198,1304.03
1.53500,-4455.03,-3268.82,-1.0560,-34.4883,70.696,145.066,-0.34164,-14.910,1304.62
1.53550,-4490.14,-3318.45,-1.0731,-33.9371,70.604,145.327,-0.33699,-14.625,1305.21
1.53600,-4524.14,-3367.26,-1.0899,-33.3782,70.514,145.583,-0.33225,-14.344,1305.79
1.53650,-4557.02,-3415.25,-1.1065,-32.8119,70.424,145.834,-0.32743,-14.066,1306.36
1.53700,-4588.77,-3462.40,-1.1227,-32.2382,70.336,146.080,-0.32252,-13.791,1306.92
1.53750,-4619.40,-3508.70,-1.1387,-31.6572,70.249,146.321,-0.31753,-13.520,1307.48
1.53800,-4648.88,-3554.15,-1.1544,-31.0691,70.163,146.556,-0.31245,-13.251,1308.02
1.53850,-4677.22,-3598.73,-1.1698,-30.4739,70.078,146.786,-0.30730,-12.984,1308.56
1.53900,-4704.40,-3642.44,-1.1849,-29.8718,69.995,147.012,-0.30207,-12.721,1309.09
1.53950,-4730.43,-3685.26,-1.1996,-29.2629,69.913,147.231,-0.29675,-12.459,1309.62
1.54000,-4755.28,-3727.18,-1.2141,-28.6474,69.832,147.446,-0.29136,-12.200,1310.13
1.54050,-4778.97,-3768.20,-1.2283,-28.0252,69.752,147.656,-0.28589,-11.942,1310.64
1.54100,-4801.47,-3808.31,-1.2421,-27.3967,69.674,147.860,-0.28035,-11.687,1311.13
1.54150,-4822.79,-3847.48,-1.2557,-26.7618,69.598,148.058,-0.27473,-11.433,1311.62
1.54200,-4842.92,-3885.73,-1.2689,-26.1207,69.523,148.252,-0.26904,-11.180,1312.10
1.54250,-4861.85,-3923.03,-1.2818,-25.4736,69.449,148.440,-0.26328,-10.929,1312.57
1.54300,-4879.58,-3959.38,-1.2944,-24.8206,69.377,148.623,-0.25744,-10.680,1313.03
1.54350,-4896.11,-3994.77,-1.3066,-24.1618,69.306,148.800,-0.25154,-10.431,1313.48
1.54400,-4911.44,-4029.19,-1.3185,-23.4973,69.238,148.973,-0.24557,-10.183,1313.92
1.54450,-4925.55,-4062.64,-1.3301,-22.8274,69.170,149.139,-0.23954,-9.937,1314.35
1.54500,-4938.44,-4095.10,-1.3414,-22.1520,69.105,149.301,-0.23344,-9.691,1314.77
1.54550,-4950.12,-4126.57,-1.3523,-21.4715,69.041,149.457,-0.22727,-9.446,1315.19
1.54600,-4960.57,-4157.04,-1.3628,-20.7859,68.979,149.607,-0.22105,-9.201,1315.59
1.54650,-4969.80,-4186.49,-1.3731,-20.0953,68.919,149.752,-0.21477,-8.957,1315.98
1.54700,-4977.81,-4214.94,-1.3829,-19.4001,68.860,149.892,-0.20842,-8.713,1316.36
1.54750,-4984.59,-4242.35,-1.3925,-18.7003,68.804,150.026,-0.20203,-8.469,1316.73
1.54800,-4990.13,-4268.74,-1.4016,-17.9961,68.749,150.154,-0.19558,-8.226,1317.09
1.54850,-4994.45,-4294.09,-1.4105,-17.2878,68.696,150.278,-0.18907,-7.982,1317.44
1.54900,-4997.53,-4318.39,-1.4189,-16.5756,68.645,150.395,-0.18252,-7.739,1317.78
1.54950,-4999.38,-4341.64,-1.4270,-15.8598,68.596,150.507,-0.17592,-7.495,1318.11
1.55000,-5000.00,-4363.83,-1.4348,-15.1407,68.549,150.614,-0.16928,-7.251,1318.43
1.55050,-4999.38,-4384.95,-1.4422,-14.4188,68.504,150.715,-0.16260,-7.007,1318.74
1.55100,-4997.53,-4404.99,-1.4492,-13.6945,68.461,150.810,-0.15587,-6.762,1319.03
1.55150,-4994.45,-4423.94,-1.4559,-12.9686,68.421,150.900,-0.14912,-6.517,1319.32
1.55200,-4990.13,-4441.79,-1.4622,-12.2416,68.382,150.985,-0.14234,-6.271,1319.59
1.55250,-4984.59,-4458.53,-1.4681,-11.5148,68.345,151.063,-0.13553,-6.025,1319.85
1.55300,-4977.81,-4474.14,-1.4737,-10.7893,68.311,151.136,-0.12872,-5.778,1320.11
1.55350,-4969.80,-4488.60,-1.4789,-10.0667,68.279,151.204,-0.12189,-5.530,1320.35
1.55400,-4960.57,-4501.89,-1.4837,-9.3490,68.250,151.265,-0.11508,-5.283,1320.58
1.55450,-4950.12,-4513.99,-1.4882,-8.6389,68.223,151.321,-0.10829,-5.035,1320.79
1.55500,-4938.44,-4524.86,-1.4924,-7.9392,68.198,151.371,-0.10153,-4.787,1321.00
1.55550,-4925.55,-4534.46,-1.4962,-7.2536,68.177,151.415,-0.09484,-4.540,1321.20
1.55600,-4911.44,-4542.73,-1.4996,-6.5861,68.158,151.453,-0.08822,-4.293,1321.38
1.55650,-4896.11,-4549.63,-1.5028,-5.9410,68.143,151.485,-0.08172,-4.048,1321.55
1.55700,-4879.58,-4555.09,-1.5056,-5.3226,68.131,151.510,-0.07536,-3.805,1321.72
1.55750,-4861.85,-4559.04,-1.5081,-4.7346,68.122,151.529,-0.06916,-3.564,1321.87
1.55800,-4842.92,-4561.42,-1.5103,-4.1796,68.118,151.541,-0.06314,-3.327,1322.01
1.55850,-4822.79,-4562.16,-1.5123,-3.6592,68.117,151.547,-0.05732,-3.093,1322.14
1.55900,-4801.47,-4561.20,-1.5140,-3.1728,68.121,151.546,-0.05172,-2.865,1322.26
1.55950,-4778.97,-4558.52,-1.5155,-2.7185,68.130,151.538,-0.04631,-2.641,1322.37
1.56000,-4755.28,-4554.09,-1.5167,-2.2929,68.143,151.523,-0.04110,-2.423,1322.47
1.56050,-4730.43,-4547.92,-1.5178,-1.8915,68.161,151.501,-0.03607,-2.209,1322.56
1.56100,-4704.40,-4540.02,-1.5186,-1.5092,68.184,151.473,-0.03118,-2.001,1322.64
1.56150,-4677.22,-4530.45,-1.5193,-1.1410,68.211,151.439,-0.02642,-1.797,1322.72
1.56200,-4648.88,-4519.24,-1.5198,-0.7817,68.243,151.398,-0.02176,-1.597,1322.78
1.56250,-4619.40,-4506.47,-1.5201,-0.4267,68.279,151.352,-0.01716,-1.400,1322.84
1.56300,-4588.77,-4492.20,-1.5202,-0.0718,68.319,151.299,-0.01261,-1.206,1322.89
1.56350,-4557.02,-4476.51,-1.5201,0.2868,68.362,151.241,-0.00808,-1.012,1322.93
1.56400,-4524.14,-4459.47,-1.5199,0.6526,68.410,151.178,-0.00356,-0.819,1322.96
1.56450,-4490.14,-4442.62,-1.5195,1.0261,68.456,151.115,0.00288,-0.606,1322.98
1.56500,-4455.03,-4427.30,-1.5189,1.4000,68.497,151.055,0.01147,-0.357,1323.00
1.56550,-4418.83,-4413.52,-1.5181,1.7670,68.532,150.999,0.02083,-0.069,1323.00
1.56600,-4381.53,-4401.22,-1.5171,2.1215,68.563,150.948,0.03091,0.257,1323.01
1.56650,-4343.16,-4390.35,-1.5160,2.4592,68.588,150.900,0.04166,0.623,1323.03
1.56700,-4303.71,-4380.83,-1.5146,2.7770,68.609,150.855,0.05306,1.027,1323.07
1.56750,-4263.20,-4368.33,-1.5132,3.0789,68.637,150.798,0.05954,1.413,1323.12
1.56800,-4221.64,-4348.84,-1.5116,3.3948,68.684,150.714,0.06024,1.726,1323.19
1.56850,-4179.04,-4323.95,-1.5098,3.7530,68.745,150.608,0.06119,1.986,1323.26
1.56900,-4135.40,-4295.59,-1.5078,4.1704,68.815,150.488,0.06333,2.218,1323.34
1.56950,-4090.75,-4265.06,-1.5056,4.6554,68.889,150.357,0.06642,2.440,1323.43
1.57000,-4045.08,-4233.12,-1.5031,5.2128,68.966,150.219,0.07013,2.661,1323.52
1.57050,-3998.42,-4200.20,-1.5004,5.8459,69.043,150.074,0.07428,2.889,1323.62
1.57100,-3950.78,-4166.59,-1.4973,6.5574,69.121,149.924,0.07878,3.127,1323.73
1.57150,-3902.15,-4132.47,-1.4938,7.3502,69.199,149.768,0.08360,3.378,1323.85
1.57200,-3852.57,-4098.01,-1.4899,8.2262,69.275,149.608,0.08876,3.645,1323.97
1.57250,-3802.03,-4063.34,-1.4856,9.1865,69.349,149.442,0.09426,3.932,1324.10
1.57300,-3750.56,-4028.56,-1.4807,10.2306,69.420,149.272,0.10009,4.239,1324.24
1.57350,-3698.16,-3993.75,-1.4753,11.3563,69.489,149.096,0.10627,4.570,1324.39
1.57400,-3644.84,-3958.97,-1.4693,12.5591,69.554,148.915,0.11276,4.926,1324.54
1.57450,-3590.63,-3924.23,-1.4627,13.8331,69.616,148.729,0.11956,5.308,1324.71
1.57500,-3535.53,-3889.55,-1.4555,15.1708,69.675,148.537,0.12662,5.718,1324.89
1.57550,-3479.56,-3854.88,-1.4476,16.5634,69.729,148.339,0.13390,6.156,1325.07
1.57600,-3422.74,-3820.19,-1.4389,18.0014,69.780,148.135,0.14137,6.624,1325.27
1.57650,-3365.06,-3785.40,-1.4296,19.4751,69.827,147.924,0.14898,7.120,1325.48
1.57700,-3306.56,-3750.43,-1.4195,20.9742,69.871,147.705,0.15669,7.646,1325.70
1.57750,-3247.24,-3715.19,-1.4086,22.4890,69.911,147.479,0.16446,8.200,1325.94
1.57800,-3187.12,-3679.57,-1.3970,24.0098,69.949,147.245,0.17224,8.783,1326.19
1.57850,-3126.21,-3643.48,-1.3846,25.5274,69.984,147.002,0.18000,9.395,1326.44
1.57900,-3064.54,-3606.82,-1.3714,27.0330,70.016,146.750,0.18770,10.035,1326.71
1.57950,-3002.10,-3569.47,-1.3575,28.5186,70.046,146.489,0.19529,10.702,1327.00
1.58000,-2938.93,-3531.33,-1.3429,29.9768,70.075,146.219,0.20276,11.397,1327.29
1.58050,-2875.03,-3492.32,-1.3276,31.4009,70.102,145.940,0.21008,12.118,1327.60
1.58100,-2810.42,-3452.34,-1.3115,32.7848,70.129,145.651,0.21721,12.866,1327.92
1.58150,-2745.11,-3411.31,-1.2948,34.1233,70.154,145.352,0.22413,13.641,1328.26
1.58200,-2679.13,-3369.15,-1.2774,35.4119,70.180,145.043,0.23083,14.443,1328.60
1.58250,-2612.49,-3325.81,-1.2594,36.6467,70.206,144.725,0.23729,15.272,1328.96
1.58300,-2545.21,-3281.21,-1.2408,37.8248,70.232,144.397,0.24349,16.128,1329.33
1.58350,-2477.29,-3235.31,-1.2216,38.9438,70.259,144.060,0.24942,17.013,1329.71
1.58400,-2408.77,-3188.07,-1.2018,40.0018,70.287,143.713,0.25508,17.928,1330.10
1.58450,-2339.65,-3139.47,-1.1816,40.9980,70.317,143.357,0.26046,18.873,1330.50
1.58500,-2269.95,-3089.48,-1.1609,41.9317,70.348,142.992,0.26557,19.851,1330.91
1.58550,-2199.70,-3038.09,-1.1397,42.8031,70.381,142.619,0.27038,20.864,1331.32
1.58600,-2128.90,-2985.30,-1.1181,43.6126,70.416,142.237,0.27492,21.914,1331.75
1.58650,-2057.57,-2931.10,-1.0961,44.3615,70.453,141.847,0.27919,23.003,1332.19
1.58700,-1985.74,-2875.51,-1.0737,45.0511,70.492,141.450,0.28318,24.136,1332.63
1.58750,-1913.42,-2818.56,-1.0510,45.6831,70.534,141.045,0.28691,25.316,1333.09
1.58800,-1840.62,-2760.26,-1.0280,46.2599,70.579,140.633,0.29038,26.548,1333.55
1.58850,-1767.37,-2700.64,-1.0048,46.7837,70.626,140.215,0.29362,27.837,1334.01
1.58900,-1693.69,-2639.75,-0.9813,47.2571,70.676,139.790,0.29661,29.187,1334.49
1.58950,-1619.59,-2577.63,-0.9575,47.6831,70.728,139.360,0.29939,30.606,1334.97
1.59000,-1545.08,-2514.31,-0.9336,48.0645,70.783,138.924,0.30195,32.100,1335.45
1.59050,-1470.20,-2449.85,-0.9095,48.4043,70.841,138.483,0.30432,33.677,1335.94
1.59100,-1394.96,-2384.31,-0.8852,48.7057,70.901,138.038,0.30650,35.346,1336.43
1.59150,-1319.37,-2317.72,-0.8608,48.9718,70.964,137.588,0.30852,37.115,1336.93
1.59200,-1243.45,-2250.16,-0.8362,49.2056,71.030,137.134,0.31037,38.994,1337.44
1.59250,-1167.23,-2181.68,-0.8116,49.4101,71.098,136.677,0.31208,40.994,1337.94
1.59300,-1090.72,-2112.33,-0.7868,49.5884,71.168,136.216,0.31365,43.126,1338.46
1.59350,-1013.94,-2042.18,-0.7620,49.7434,71.241,135.753,0.31510,45.401,1338.97
1.59400,-936.91,-1971.29,-0.7371,49.8777,71.316,135.287,0.31645,47.831,1339.49
1.59450,-859.65,-1899.70,-0.7121,49.9939,71.393,134.819,0.31769,50.425,1340.01
1.59500,-782.17,-1827.48,-0.6871,50.0947,71.472,134.348,0.31885,53.194,1340.53
1.59550,-704.51,-1754.68,-0.6620,50.1821,71.552,133.877,0.31992,56.145,1341.05
1.59600,-626.67,-1681.37,-0.6369,50.2583,71.635,133.403,0.32093,59.283,1341.58
1.59650,-548.67,-1607.58,-0.6118,50.3253,71.719,132.928,0.32188,62.609,1342.11
1.59700,-470.54,-1533.37,-0.5866,50.3848,71.805,132.453,0.32277,66.120,1342.64
1.59750,-392.30,-1458.80,-0.5614,50.4383,71.892,131.976,0.32362,69.805,1343.18
1.59800,-313.95,-1383.90,-0.5361,50.4871,71.980,131.499,0.32443,73.647,1343.71
1.59850,-235.53,-1308.72,-0.5109,50.5324,72.070,131.022,0.32519,77.622,1344.25
1.59900,-157.05,-1233.30,-0.4856,50.5752,72.160,130.544,0.32593,81.698,1344.79
1.59950,-78.54,-1157.67,-0.4603,50.6162,72.252,130.067,0.32664,85.838,1345.33
1.60000,-0.00,-1081.89,-0.4350,50.6561,72.344,129.589,0.32732,0.000,1345.87
1.60050,78.54,-1005.97,-0.4097,50.6953,72.437,129.111,0.32797,85.858,1346.41
1.60100,157.05,-929.96,-0.3843,50.7340,72.531,128.634,0.32861,81.779,1346.95
1.60150,235.53,-853.88,-0.3589,50.7724,72.625,128.157,0.32922,77.800,1347.50
1.60200,313.95,-777.75,-0.3335,50.8105,72.720,127.681,0.32980,73.956,1348.04
1.60250,392.30,-701.60,-0.3081,50.8482,72.815,127.205,0.33037,70.271,1348.59
1.60300,470.54,-625.46,-0.2827,50.8852,72.911,126.730,0.33091,66.765,1349.14
1.60350,548.67,-549.35,-0.2572,50.9211,73.007,126.256,0.33142,63.449,1349.69
1.60400,626.67,-473.27,-0.2318,50.9555,73.103,125.782,0.33190,60.329,1350.24
1.60450,704.51,-397.26,-0.2063,50.9880,73.200,125.310,0.33236,57.404,1350.79
1.60500,782.17,-321.32,-0.1808,51.0179,73.296,124.838,0.33278,54.670,1351.34
1.60550,859.65,-245.48,-0.1553,51.0445,73.393,124.368,0.33316,52.122,1351.89
1.60600,936.91,-169.73,-0.1297,51.0673,73.490,123.898,0.33351,49.748,1352.44
1.60650,1013.94,-94.10,-0.1042,51.0856,73.588,123.430,0.33381,47.539,1353.00
1.60700,1090.72,-18.59,-0.0786,51.0985,73.685,122.963,0.33406,45.484,1353.55
1.60750,1167.23,56.79,-0.0531,51.1054,73.782,122.497,0.33427,43.572,1354.11
1.60800,1243.45,132.02,-0.0275,51.1054,73.880,122.033,0.33442,41.791,1354.66
1.60850,1319.37,207.09,-0.0020,51.0980,73.977,121.570,0.33452,40.132,1355.22
1.60900,1394.96,282.01,0.0236,51.0824,74.075,121.108,0.33456,38.584,1355.78
1.60950,1470.20,356.76,0.0491,51.0578,74.173,120.648,0.33453,37.138,1356.33
1.61000,1545.08,431.33,0.0746,51.0237,74.271,120.190,0.33444,35.785,1356.89
1.61050,1619.59,505.72,0.1001,50.9794,74.368,119.733,0.33428,34.518,1357.45
1.61100,1693.69,579.91,0.1256,50.9242,74.466,119.278,0.33404,33.329,1358.00
1.61150,1767.37,653.90,0.1510,50.8577,74.564,118.824,0.33373,32.212,1358.56
1.61200,1840.62,727.68,0.1765,50.7793,74.662,118.373,0.33335,31.159,1359.12
1.61250,1913.42,801.25,0.2018,50.6885,74.760,117.923,0.33288,30.167,1359.67
1.61300,1985.74,874.58,0.2271,50.5850,74.858,117.476,0.33233,29.230,1360.23
1.61350,2057.57,947.68,0.2524,50.4684,74.957,117.030,0.33170,28.343,1360.78
1.61400,2128.90,1020.54,0.2776,50.3384,75.055,116.587,0.33098,27.503,1361.34
1.61450,2199.70,1093.13,0.3027,50.1946,75.153,116.146,0.33018,26.705,1361.89
1.61500,2269.95,1165.45,0.3278,50.0369,75.251,115.707,0.32928,25.946,1362.44
1.61550,2339.65,1237.50,0.3528,49.8651,75.350,115.270,0.32830,25.224,1363.00
1.61600,2408.77,1309.25,0.3777,49.6791,75.448,114.837,0.32722,24.535,1363.54
1.61650,2477.29,1380.69,0.4024,49.4788,75.547,114.405,0.32606,23.877,1364.09
1.61700,2545.21,1451.82,0.4271,49.2642,75.645,113.977,0.32480,23.248,1364.64
1.61750,2612.49,1522.62,0.4517,49.0352,75.743,113.551,0.32345,22.645,1365.18
1.61800,2679.13,1593.06,0.4762,48.7920,75.842,113.128,0.32202,22.067,1365.73
1.61850,2745.11,1663.15,0.5005,48.5345,75.940,112.707,0.32048,21.511,1366.27
1.61900,2810.42,1732.86,0.5247,48.2629,76.038,112.290,0.31886,20.978,1366.81
1.61950,2875.03,1802.17,0.5488,47.9773,76.137,111.876,0.31715,20.464,1367.34
1.62000,2938.93,1871.08,0.5727,47.6780,76.235,111.466,0.31534,19.968,1367.88
1.62050,3002.10,1939.57,0.5964,47.3650,76.333,111.058,0.31345,19.490,1368.41
1.62100,3064.54,2007.61,0.6200,47.0386,76.431,110.654,0.31147,19.029,1368.94
1.62150,3126.21,2075.19,0.6435,46.6989,76.528,110.254,0.30940,18.582,1369.46
1.62200,3187.12,2142.30,0.6667,46.3463,76.626,109.857,0.30724,18.150,1369.99
1.62250,3247.24,2208.92,0.6898,45.9810,76.723,109.464,0.30500,17.732,1370.50
1.62300,3306.56,2275.03,0.7127,45.6032,76.820,109.074,0.30267,17.326,1371.02
1.62350,3365.06,2340.61,0.7354,45.2132,76.916,108.689,0.30026,16.932,1371.53
1.62400,3422.74,2405.65,0.7579,44.8113,77.012,108.307,0.29776,16.550,1372.04
1.62450,3479.56,2470.12,0.7802,44.3976,77.108,107.929,0.29519,16.178,1372.55
1.62500,3535.53,2534.02,0.8023,43.9726,77.203,107.556,0.29253,15.816,1373.05
1.62550,3590.63,2597.32,0.8242,43.5364,77.298,107.186,0.28979,15.464,1373.54
1.62600,3644.84,2660.00,0.8459,43.0893,77.393,106.821,0.28698,15.120,1374.04
1.62650,3698.16,2722.06,0.8673,42.6316,77.487,106.460,0.28409,14.786,1374.52
1.62700,3750.56,2783.46,0.8885,42.1635,77.580,106.104,0.28112,14.459,1375.01
1.62750,3802.03,2844.20,0.9094,41.6853,77.672,105.752,0.27808,14.140,1375.49
1.62800,3852.57,2904.26,0.9302,41.1972,77.764,105.405,0.27497,13.828,1375.96
1.62850,3902.15,2963.62,0.9506,40.6994,77.856,105.062,0.27178,13.524,1376.43
1.62900,3950.78,3022.27,0.9709,40.1921,77.946,104.725,0.26853,13.226,1376.89
1.62950,3998.42,3080.19,0.9908,39.6756,78.036,104.391,0.26520,12.934,1377.35
1.63000,4045.08,3137.36,1.0105,39.1501,78.125,104.063,0.26181,12.648,1377.81
1.63050,4090.75,3193.78,1.0300,38.6157,78.213,103.740,0.25834,12.367,1378.26
1.63100,4135.40,3249.41,1.0492,38.0726,78.300,103.421,0.25481,12.093,1378.70
1.63150,4179.04,3304.26,1.0681,37.5210,78.386,103.108,0.25122,11.823,1379.14
1.63200,4221.64,3358.30,1.0867,36.9611,78.471,102.799,0.24756,11.558,1379.57
1.63250,4263.20,3411.53,1.1050,36.3930,78.555,102.496,0.24384,11.297,1379.99
1.63300,4303.71,3463.92,1.1231,35.8169,78.638,102.198,0.24005,11.041,1380.41
1.63350,4343.16,3515.47,1.1408,35.2329,78.720,101.905,0.23620,10.790,1380.83
1.63400,4381.53,3566.16,1.1583,34.6411,78.801,101.617,0.23230,10.542,1381.23
1.63450,4418.83,3615.98,1.1755,34.0417,78.881,101.335,0.22833,10.298,1381.64
1.63500,4455.03,3664.92,1.1923,33.4348,78.959,101.058,0.22430,10.057,1382.03
1.63550,4490.14,3712.96,1.2089,32.8206,79.037,100.787,0.22021,9.820,1382.42
1.63600,4524.14,3760.10,1.2252,32.1990,79.113,100.521,0.21607,9.586,1382.80
1.63650,4557.02,3806.32,1.2411,31.5703,79.188,100.260,0.21187,9.355,1383.18
1.63700,4588.77,3851.61,1.2567,30.9346,79.261,100.005,0.20762,9.126,1383.55
1.63750,4619.40,3895.96,1.2720,30.2919,79.333,99.755,0.20331,8.901,1383.91
1.63800,4648.88,3939.36,1.2870,29.6424,79.404,99.512,0.19894,8.678,1384.26
1.63850,4677.22,3981.80,1.3017,28.9861,79.473,99.273,0.19452,8.457,1384.61
1.63900,4704.40,4023.27,1.3160,28.3233,79.541,99.041,0.19005,8.238,1384.95
1.63950,4730.43,4063.76,1.3300,27.6539,79.607,98.814,0.18553,8.022,1385.28
1.64000,4755.28,4103.26,1.3437,26.9781,79.672,98.593,0.18096,7.807,1385.61
1.64050,4778.97,4141.77,1.3570,26.2961,79.735,98.378,0.17634,7.595,1385.93
1.64100,4801.47,4179.26,1.3699,25.6078,79.797,98.168,0.17167,7.384,1386.24
1.64150,4822.79,4215.74,1.3826,24.9135,79.857,97.965,0.16695,7.174,1386.54
1.64200,4842.92,4251.19,1.3949,24.2133,79.916,97.767,0.16219,6.966,1386.84
1.64250,4861.85,4285.62,1.4068,23.5073,79.973,97.575,0.15738,6.759,1387.13
1.64300,4879.58,4319.00,1.4184,22.7955,80.028,97.389,0.15253,6.554,1387.41
1.64350,4896.11,4351.33,1.4296,22.0783,80.082,97.209,0.14763,6.349,1387.68
1.64400,4911.44,4382.61,1.4404,21.3556,80.134,97.035,0.14270,6.146,1387.94
1.64450,4925.55,4412.82,1.4509,20.6277,80.184,96.867,0.13772,5.943,1388.20
1.64500,4938.44,4441.96,1.4611,19.8947,80.233,96.705,0.13270,5.741,1388.45
1.64550,4950.12,4470.02,1.4708,19.1569,80.280,96.549,0.12764,5.540,1388.69
1.64600,4960.57,4497.00,1.4802,18.4143,80.325,96.399,0.12255,5.339,1388.92
1.64650,4969.80,4522.88,1.4892,17.6673,80.368,96.256,0.11743,5.139,1389.14
1.64700,4977.81,4547.66,1.4979,16.9161,80.409,96.118,0.11227,4.939,1389.36
1.64750,4984.59,4571.34,1.5062,16.1610,80.449,95.987,0.10708,4.739,1389.57
1.64800,4990.13,4593.90,1.5141,15.4024,80.486,95.861,0.10186,4.540,1389.76
1.64850,4994.45,4615.34,1.5216,14.6407,80.522,95.742,0.09661,4.341,1389.95
1.64900,4997.53,4635.65,1.5287,13.8765,80.556,95.629,0.09134,4.142,1390.13
1.64950,4999.38,4654.81,1.5354,13.1104,80.588,95.523,0.08605,3.943,1390.31
1.65000,5000.00,4672.83,1.5418,12.3433,80.618,95.422,0.08075,3.744,1390.47
1.65050,4999.38,4689.68,1.5478,11.5764,80.645,95.328,0.07544,3.545,1390.63
1.65100,4997.53,4705.36,1.5534,10.8110,80.671,95.241,0.07013,3.346,1390.77
1.65150,4994.45,4719.84,1.5586,10.0490,80.695,95.160,0.06482,3.147,1390.91
1.65200,4990.13,4733.10,1.5634,9.2927,80.716,95.085,0.05953,2.949,1391.04
1.65250,4984.59,4745.11,1.5679,8.5451,80.735,95.016,0.05428,2.751,1391.16
1.65300,4977.81,4755.85,1.5720,7.8097,80.752,94.955,0.04907,2.553,1391.27
1.65350,4969.80,4765.27,1.5757,7.0908,80.766,94.900,0.04394,2.357,1391.37
1.65400,4960.57,4773.31,1.5791,6.3932,80.777,94.851,0.03890,2.162,1391.46
1.65450,4950.12,4779.93,1.5821,5.7220,80.786,94.810,0.03398,1.969,1391.55
1.65500,4938.44,4785.06,1.5848,5.0820,80.791,94.775,0.02921,1.779,1391.63
1.65550,4925.55,4788.63,1.5872,4.4777,80.792,94.748,0.02461,1.592,1391.69
1.65600,4911.44,4790.58,1.5893,3.9117,80.790,94.728,0.02019,1.410,1391.75
1.65650,4896.11,4790.86,1.5911,3.3851,80.783,94.715,0.01597,1.231,1391.81
1.65700,4879.58,4789.43,1.5927,2.8971,80.773,94.709,0.01195,1.058,1391.85
1.65750,4861.85,4786.26,1.5940,2.4447,80.758,94.711,0.00811,0.891,1391.89
1.65800,4842.92,4781.50,1.5951,2.0237,80.739,94.719,0.00426,0.727,1391.92
1.65850,4822.79,4777.51,1.5960,1.6342,80.723,94.726,-0.00256,0.538,1391.94
1.65900,4801.47,4775.04,1.5968,1.2835,80.713,94.729,-0.01091,0.315,1391.96
1.65950,4778.97,4773.90,1.5973,0.9763,80.707,94.729,-0.01985,0.061,1391.96
1.66000,4755.28,4773.92,1.5978,0.7141,80.705,94.725,-0.02929,-0.225,1391.97
1.66050,4730.43,4774.91,1.5981,0.4965,80.706,94.719,-0.03919,-0.539,1391.99
1.66100,4704.40,4776.70,1.5983,0.3213,80.710,94.711,-0.04950,-0.880,1392.03
1.66150,4677.22,4776.72,1.5984,0.1821,80.710,94.711,-0.05706,-1.219,1392.08
1.66200,4648.88,4771.01,1.5984,0.0537,80.695,94.733,-0.05927,-1.505,1392.14
1.66250,4619.40,4760.32,1.5984,-0.0896,80.667,94.775,-0.06106,-1.747,1392.21
1.66300,4588.77,4745.90,1.5983,-0.2637,80.629,94.833,-0.06334,-1.961,1392.29
1.66350,4557.02,4728.72,1.5982,-0.4763,80.585,94.902,-0.06609,-2.158,1392.37
1.66400,4524.14,4709.44,1.5979,-0.7302,80.535,94.980,-0.06919,-2.345,1392.46
1.66450,4490.14,4688.49,1.5974,-1.0253,80.482,95.066,-0.07255,-2.529,1392.56
1.66500,4455.03,4666.16,1.5968,-1.3600,80.426,95.159,-0.07612,-2.713,1392.67
1.66550,4418.83,4642.67,1.5961,-1.7330,80.368,95.258,-0.07986,-2.900,1392.78
1.66600,4381.53,4618.15,1.5951,-2.1429,80.309,95.363,-0.08376,-3.091,1392.90
1.66650,4343.16,4592.71,1.5939,-2.5896,80.248,95.474,-0.08781,-3.289,1393.02
1.66700,4303.71,4566.46,1.5925,-3.0735,80.186,95.590,-0.09202,-3.494,1393.16
1.66750,4263.20,4539.46,1.5908,-3.5965,80.124,95.712,-0.09639,-3.708,1393.29
1.66800,4221.64,4511.81,1.5889,-4.1610,80.062,95.839,-0.10096,-3.932,1393.44
1.66850,4179.04,4483.58,1.5867,-4.7705,80.001,95.971,-0.10573,-4.168,1393.59
1.66900,4135.40,4454.84,1.5841,-5.4288,79.939,96.109,-0.11073,-4.417,1393.75
1.66950,4090.75,4425.69,1.5812,-6.1399,79.879,96.251,-0.11599,-4.681,1393.92
1.67000,4045.08,4396.21,1.5780,-6.9073,79.820,96.399,-0.12152,-4.961,1394.09
1.67050,3998.42,4366.48,1.5743,-7.7342,79.763,96.551,-0.12735,-5.259,1394.28
1.67100,3950.78,4336.59,1.5702,-8.6223,79.708,96.708,-0.13350,-5.578,1394.47
1.67150,3902.15,4306.59,1.5657,-9.5721,79.655,96.871,-0.13996,-5.917,1394.67
1.67200,3852.57,4276.55,1.5606,-10.5823,79.606,97.038,-0.14674,-6.280,1394.89
1.67250,3802.03,4246.49,1.5551,-11.6500,79.559,97.211,-0.15382,-6.668,1395.11
1.67300,3750.56,4216.45,1.5490,-12.7706,79.516,97.389,-0.16119,-7.081,1395.34
1.67350,3698.16,4186.40,1.5423,-13.9385,79.476,97.573,-0.16883,-7.521,1395.58
1.67400,3644.84,4156.33,1.5350,-15.1466,79.440,97.763,-0.17669,-7.988,1395.84
1.67450,3590.63,4126.18,1.5272,-16.3875,79.407,97.959,-0.18473,-8.483,1396.11
1.67500,3535.53,4095.91,1.5186,-17.6531,79.377,98.162,-0.19293,-9.006,1396.39
1.67550,3479.56,4065.42,1.5095,-18.9354,79.350,98.372,-0.20124,-9.557,1396.68
1.67600,3422.74,4034.63,1.4997,-20.2264,79.327,98.590,-0.20961,-10.136,1396.99
1.67650,3365.06,4003.45,1.4893,-21.5182,79.306,98.815,-0.21801,-10.742,1397.31
1.67700,3306.56,3971.78,1.4782,-22.8037,79.288,99.048,-0.22640,-11.375,1397.64
1.67750,3247.24,3939.51,1.4665,-24.0759,79.272,99.290,-0.23473,-12.035,1397.99
1.67800,3187.12,3906.55,1.4541,-25.3286,79.257,99.540,-0.24299,-12.720,1398.34
1.67850,3126.21,3872.79,1.4411,-26.5563,79.244,99.800,-0.25113,-13.431,1398.72
1.67900,3064.54,3838.15,1.4276,-27.7539,79.231,100.068,-0.25912,-14.168,1399.11
1.67950,3002.10,3802.54,1.4134,-28.9171,79.220,100.345,-0.26696,-14.929,1399.51
1.68000,2938.93,3765.88,1.3987,-30.0425,79.209,100.632,-0.27460,-15.716,1399.92
1.68050,2875.03,3728.10,1.3834,-31.1269,79.197,100.928,-0.28204,-16.527,1400.35
1.68100,2810.42,3689.14,1.3675,-32.1681,79.186,101.233,-0.28926,-17.363,1400.78
1.68150,2745.11,3648.94,1.3512,-33.1645,79.173,101.548,-0.29625,-18.224,1401.24
1.68200,2679.13,3607.47,1.3344,-34.1149,79.160,101.871,-0.30300,-19.111,1401.70
1.68250,2612.49,3564.68,1.3171,-35.0187,79.146,102.204,-0.30951,-20.025,1402.18
1.68300,2545.21,3520.55,1.2994,-35.8758,79.130,102.545,-0.31576,-20.967,1402.66
1.68350,2477.29,3475.07,1.2812,-36.6867,79.112,102.895,-0.32177,-21.938,1403.16
1.68400,2408.77,3428.24,1.2627,-37.4520,79.093,103.253,-0.32753,-22.940,1403.67
1.68450,2339.65,3380.04,1.2438,-38.1730,79.071,103.619,-0.33304,-23.974,1404.19
1.68500,2269.95,3330.50,1.2245,-38.8510,79.048,103.992,-0.33832,-25.043,1404.72
1.68550,2199.70,3279.63,1.2049,-39.4876,79.022,104.373,-0.34336,-26.149,1405.26
1.68600,2128.90,3227.45,1.1850,-40.0849,78.994,104.762,-0.34818,-27.295,1405.81
1.68650,2057.57,3173.98,1.1649,-40.6448,78.964,105.156,-0.35279,-28.484,1406.37
1.68700,1985.74,3119.28,1.1444,-41.1695,78.931,105.558,-0.35719,-29.719,1406.94
1.68750,1913.42,3063.36,1.1237,-41.6613,78.896,105.965,-0.36139,-31.005,1407.51
1.68800,1840.62,3006.28,1.1027,-42.1224,78.858,106.378,-0.36541,-32.346,1408.10
1.68850,1767.37,2948.08,1.0816,-42.5552,78.818,106.797,-0.36926,-33.745,1408.69
1.68900,1693.69,2888.81,1.0602,-42.9618,78.776,107.220,-0.37295,-35.208,1409.28
1.68950,1619.59,2828.51,1.0386,-43.3447,78.732,107.648,-0.37648,-36.739,1409.89
1.69000,1545.08,2767.24,1.0169,-43.7059,78.685,108.081,-0.37988,-38.344,1410.50
1.69050,1470.20,2705.05,0.9949,-44.0474,78.636,108.517,-0.38314,-40.027,1411.12
1.69100,1394.96,2641.98,0.9728,-44.3713,78.585,108.958,-0.38629,-41.795,1411.74
1.69150,1319.37,2578.10,0.9505,-44.6793,78.531,109.402,-0.38933,-43.653,1412.37
1.69200,1243.45,2513.45,0.9281,-44.9731,78.476,109.848,-0.39226,-45.605,1413.00
1.69250,1167.23,2448.07,0.9056,-45.2543,78.419,110.298,-0.39510,-47.657,1413.64
1.69300,1090.72,2382.03,0.8829,-45.5243,78.361,110.751,-0.39786,-49.814,1414.29
1.69350,1013.94,2315.36,0.8601,-45.7842,78.300,111.206,-0.40054,-52.078,1414.94
1.69400,936.91,2248.11,0.8371,-46.0352,78.238,111.662,-0.40314,-54.453,1415.60
1.69450,859.65,2180.33,0.8140,-46.2781,78.174,112.121,-0.40568,-56.940,1416.26
1.69500,782.17,2112.05,0.7908,-46.5138,78.109,112.582,-0.40816,-59.538,1416.92
1.69550,704.51,2043.31,0.7675,-46.7428,78.043,113.044,-0.41057,-62.246,1417.59
1.69600,626.67,1974.15,0.7441,-46.9657,77.975,113.508,-0.41293,-65.059,1418.27
1.69650,548.67,1904.61,0.7205,-47.1828,77.906,113.972,-0.41523,-67.970,1418.94
1.69700,470.54,1834.71,0.6969,-47.3943,77.836,114.438,-0.41748,-70.969,1419.63
1.69750,392.30,1764.48,0.6731,-47.6004,77.765,114.904,-0.41968,-74.045,1420.31
1.69800,313.95,1693.96,0.6493,-47.8011,77.693,115.372,-0.42182,-77.183,1421.00
1.69850,235.53,1623.17,0.6253,-47.9962,77.620,115.839,-0.42392,-80.367,1421.70
1.69900,157.05,1552.13,0.6013,-48.1857,77.545,116.308,-0.42596,-83.577,1422.39
1.69950,78.54,1480.86,0.5772,-48.3693,77.470,116.776,-0.42795,-86.795,1423.09
1.70000,0.00,1409.39,0.5529,-48.5467,77.394,117.245,-0.42988,0.000,1423.80
1.70050,-78.54,1337.73,0.5286,-48.7176,77.317,117.714,-0.43176,-86.826,1424.51
1.70100,-157.05,1265.90,0.5042,-48.8815,77.239,118.183,-0.43358,-83.702,1425.22
1.70150,-235.53,1193.92,0.4797,-49.0382,77.161,118.652,-0.43533,-80.643,1425.93
1.70200,-313.95,1121.80,0.4552,-49.1871,77.081,119.120,-0.43702,-77.665,1426.65
1.70250,-392.30,1049.55,0.4305,-49.3279,77.001,119.588,-0.43865,-74.779,1427.37
1.70300,-470.54,977.19,0.4059,-49.4600,76.920,120.056,-0.44021,-71.995,1428.10
1.70350,-548.67,904.73,0.3811,-49.5830,76.838,120.524,-0.44169,-69.318,1428.82
1.70400,-626.67,832.18,0.3563,-49.6965,76.755,120.991,-0.44310,-66.753,1429.55
1.70450,-704.51,759.56,0.3314,-49.8001,76.672,121.457,-0.44444,-64.303,1430.28
1.70500,-782.17,686.87,0.3065,-49.8933,76.588,121.922,-0.44569,-61.968,1431.02
1.70550,-859.65,614.13,0.2815,-49.9757,76.502,122.386,-0.44686,-59.745,1431.76
1.70600,-936.91,541.34,0.2565,-50.0471,76.417,122.850,-0.44795,-57.634,1432.49
1.70650,-1013.94,468.52,0.2315,-50.1071,76.330,123.312,-0.44895,-55.629,1433.24
1.70700,-1090.72,395.67,0.2064,-50.1553,76.243,123.774,-0.44985,-53.729,1433.98
1.70750,-1167.23,322.82,0.1813,-50.1916,76.154,124.234,-0.45067,-51.927,1434.72
1.70800,-1243.45,249.97,0.1562,-50.2157,76.065,124.693,-0.45140,-50.219,1435.47
1.70850,-1319.37,177.13,0.1311,-50.2273,75.976,125.150,-0.45203,-48.599,1436.22
1.70900,-1394.96,104.32,0.1060,-50.2264,75.885,125.606,-0.45256,-47.064,1436.97
1.70950,-1470.20,31.54,0.0809,-50.2128,75.794,126.060,-0.45299,-45.608,1437.72
1.71000,-1545.08,-41.19,0.0558,-50.1864,75.702,126.513,-0.45333,-44.226,1438.47
1.71050,-1619.59,-113.85,0.0307,-50.1471,75.609,126.963,-0.45356,-42.914,1439.22
1.71100,-1693.69,-186.44,0.0056,-50.0950,75.515,127.412,-0.45369,-41.667,1439.98
1.71150,-1767.37,-258.94,-0.0194,-50.0299,75.421,127.859,-0.45372,-40.480,1440.73
1.71200,-1840.62,-331.33,-0.0444,-49.9520,75.326,128.304,-0.45365,-39.351,1441.49
1.71250,-1913.42,-403.60,-0.0694,-49.8612,75.230,128.746,-0.45347,-38.276,1442.24
1.71300,-1985.74,-475.73,-0.0943,-49.7576,75.133,129.186,-0.45319,-37.250,1443.00
1.71350,-2057.57,-547.72,-0.1191,-49.6414,75.036,129.624,-0.45280,-36.271,1443.75
1.71400,-2128.90,-619.54,-0.1439,-49.5125,74.938,130.060,-0.45231,-35.336,1444.51
1.71450,-2199.70,-691.17,-0.1686,-49.3711,74.840,130.493,-0.45172,-34.442,1445.26
1.71500,-2269.95,-762.61,-0.1933,-49.2174,74.741,130.923,-0.45102,-33.586,1446.01
1.71550,-2339.65,-833.83,-0.2178,-49.0514,74.641,131.350,-0.45022,-32.766,1446.77
1.71600,-2408.77,-904.82,-0.2423,-48.8734,74.541,131.775,-0.44932,-31.979,1447.52
1.71650,-2477.29,-975.56,-0.2667,-48.6834,74.440,132.196,-0.44831,-31.224,1448.27
1.71700,-2545.21,-1046.03,-0.2910,-48.4816,74.339,132.615,-0.44719,-30.499,1449.02
1.71750,-2612.49,-1116.22,-0.3152,-48.2682,74.237,133.030,-0.44598,-29.801,1449.77
1.71800,-2679.13,-1186.11,-0.3393,-48.0433,74.135,133.442,-0.44466,-29.130,1450.51
1.71850,-2745.11,-1255.68,-0.3632,-47.8071,74.032,133.851,-0.44324,-28.483,1451.26
1.71900,-2810.42,-1324.91,-0.3871,-47.5598,73.930,134.257,-0.44172,-27.860,1452.00
1.71950,-2875.03,-1393.80,-0.4108,-47.3014,73.826,134.659,-0.44009,-27.258,1452.74
1.72000,-2938.93,-1462.31,-0.4344,-47.0322,73.723,135.058,-0.43837,-26.676,1453.48
1.72050,-3002.10,-1530.44,-0.4578,-46.7522,73.619,135.453,-0.43654,-26.115,1454.22
1.72100,-3064.54,-1598.17,-0.4811,-46.4618,73.516,135.844,-0.43462,-25.571,1454.95
1.72150,-3126.21,-1665.47,-0.5043,-46.1608,73.412,136.232,-0.43259,-25.045,1455.68
1.72200,-3187.12,-1732.34,-0.5273,-45.8496,73.308,136.615,-0.43047,-24.535,1456.41
1.72250,-3247.24,-1798.76,-0.5501,-45.5283,73.203,136.995,-0.42825,-24.040,1457.13
1.72300,-3306.56,-1864.71,-0.5728,-45.1968,73.099,137.371,-0.42592,-23.560,1457.85
1.72350,-3365.06,-1930.18,-0.5953,-44.8555,72.995,137.743,-0.42350,-23.094,1458.57
1.72400,-3422.74,-1995.14,-0.6177,-44.5044,72.891,138.111,-0.42099,-22.641,1459.28
1.72450,-3479.56,-2059.59,-0.6398,-44.1435,72.787,138.475,-0.41837,-22.200,1459.99
1.72500,-3535.53,-2123.51,-0.6618,-43.7731,72.683,138.834,-0.41566,-21.771,1460.70
1.72550,-3590.63,-2186.88,-0.6836,-43.3931,72.579,139.189,-0.41285,-21.353,1461.40
1.72600,-3644.84,-2249.69,-0.7052,-43.0038,72.476,139.540,-0.40995,-20.946,1462.10
1.72650,-3698.16,-2311.93,-0.7266,-42.6051,72.372,139.887,-0.40694,-20.548,1462.79
1.72700,-3750.56,-2373.58,-0.7478,-42.1973,72.270,140.229,-0.40385,-20.160,1463.48
1.72750,-3802.03,-2434.62,-0.7688,-41.7803,72.167,140.567,-0.40066,-19.781,1464.16
1.72800,-3852.57,-2495.04,-0.7896,-41.3543,72.065,140.900,-0.39737,-19.411,1464.84
1.72850,-3902.15,-2554.84,-0.8101,-40.9193,71.963,141.229,-0.39399,-19.049,1465.52
1.72900,-3950.78,-2613.98,-0.8305,-40.4754,71.862,141.553,-0.39051,-18.694,1466.19
1.72950,-3998.42,-2672.47,-0.8506,-40.0228,71.761,141.872,-0.38694,-18.346,1466.85
1.73000,-4045.08,-2730.29,-0.8705,-39.5614,71.661,142.187,-0.38328,-18.006,1467.51
1.73050,-4090.75,-2787.43,-0.8902,-39.0914,71.561,142.497,-0.37953,-17.672,1468.16
1.73100,-4135.40,-2843.86,-0.9096,-38.6129,71.462,142.802,-0.37568,-17.344,1468.80
1.73150,-4179.04,-2899.59,-0.9288,-38.1260,71.364,143.103,-0.37174,-17.022,1469.44
1.73200,-4221.64,-2954.60,-0.9477,-37.6307,71.266,143.398,-0.36771,-16.706,1470.08
1.73250,-4263.20,-3008.87,-0.9664,-37.1271,71.169,143.689,-0.36359,-16.395,1470.70
1.73300,-4303.71,-3062.40,-0.9849,-36.6153,71.073,143.975,-0.35938,-16.089,1471.32
1.73350,-4343.16,-3115.17,-1.0030,-36.0955,70.978,144.256,-0.35507,-15.788,1471.94
1.73400,-4381.53,-3167.17,-1.0210,-35.5676,70.883,144.532,-0.35068,-15.491,1472.55
1.73450,-4418.83,-3218.39,-1.0386,-35.0319,70.790,144.803,-0.34621,-15.198,1473.15
1.73500,-4455.03,-3268.82,-1.0560,-34.4883,70.697,145.069,-0.34164,-14.910,1473.74
1.73550,-4490.14,-3318.44,-1.0731,-33.9371,70.606,145.330,-0.33699,-14.625,1474.32
1.73600,-4524.14,-3367.25,-1.0899,-33.3782,70.515,145.586,-0.33225,-14.344,1474.90
1.73650,-4557.02,-3415.24,-1.1065,-32.8119,70.426,145.837,-0.32743,-14.066,1475.47
1.73700,-4588.77,-3462.39,-1.1227,-32.2382,70.338,146.083,-0.32252,-13.791,1476.04
1.73750,-4619.40,-3508.70,-1.1387,-31.6572,70.251,146.323,-0.31753,-13.520,1476.59
1.73800,-4648.88,-3554.15,-1.1544,-31.0691,70.165,146.559,-0.31246,-13.251,1477.14
1.73850,-4677.22,-3598.73,-1.1698,-30.4739,70.080,146.789,-0.30730,-12.985,1477.68
1.73900,-4704.40,-3642.44,-1.1849,-29.8718,69.996,147.014,-0.30207,-12.721,1478.21
1.73950,-4730.43,-3685.26,-1.1996,-29.2630,69.914,147.234,-0.29675,-12.459,1478.73
1.74000,-4755.28,-3727.18,-1.2141,-28.6474,69.833,147.449,-0.29136,-12.200,1479.25
1.74050,-4778.97,-3768.20,-1.2283,-28.0252,69.754,147.658,-0.28589,-11.942,1479.75
1.74100,-4801.47,-3808.30,-1.2421,-27.3967,69.676,147.862,-0.28035,-11.687,1480.25
1.74150,-4822.79,-3847.48,-1.2557,-26.7618,69.599,148.061,-0.27473,-11.433,1480.74
1.74200,-4842.92,-3885.72,-1.2689,-26.1207,69.524,148.255,-0.26904,-11.180,1481.21
1.74250,-4861.85,-3923.03,-1.2818,-25.4736,69.451,148.443,-0.26328,-10.929,1481.68
1.74300,-4879.58,-3959.38,-1.2944,-24.8206,69.378,148.626,-0.25745,-10.680,1482.14
1.74350,-4896.11,-3994.77,-1.3066,-24.1618,69.308,148.803,-0.25154,-10.431,1482.59
1.74400,-4911.44,-4029.19,-1.3185,-23.4973,69.239,148.975,-0.24557,-10.183,1483.04
1.74450,-4925.55,-4062.64,-1.3301,-22.8274,69.172,149.142,-0.23954,-9.937,1483.47
1.74500,-4938.44,-4095.10,-1.3414,-22.1521,69.106,149.303,-0.23344,-9.691,1483.89
1.74550,-4950.12,-4126.56,-1.3523,-21.4715,69.043,149.459,-0.22728,-9.446,1484.30
1.74600,-4960.57,-4157.03,-1.3628,-20.7859,68.981,149.610,-0.22105,-9.201,1484.70
1.74650,-4969.80,-4186.49,-1.3731,-20.0954,68.920,149.755,-0.21477,-8.957,1485.09
1.74700,-4977.81,-4214.93,-1.3829,-19.4001,68.862,149.894,-0.20843,-8.713,1485.48
1.74750,-4984.59,-4242.35,-1.3925,-18.7003,68.805,150.028,-0.20203,-8.469,1485.85
1.74800,-4990.13,-4268.74,-1.4016,-17.9961,68.750,150.157,-0.19558,-8.226,1486.21
1.74850,-4994.45,-4294.09,-1.4105,-17.2878,68.698,150.280,-0.18908,-7.982,1486.56
1.74900,-4997.53,-4318.39,-1.4189,-16.5756,68.647,150.398,-0.18252,-7.739,1486.90
1.74950,-4999.38,-4341.64,-1.4270,-15.8598,68.598,150.510,-0.17592,-7.495,1487.23
1.75000,-5000.00,-4363.83,-1.4348,-15.1408,68.551,150.616,-0.16928,-7.251,1487.54
1.75050,-4999.38,-4384.95,-1.4422,-14.4188,68.506,150.717,-0.16260,-7.007,1487.85
1.75100,-4997.53,-4404.99,-1.4492,-13.6946,68.463,150.813,-0.15587,-6.762,1488.15
1.75150,-4994.45,-4423.94,-1.4559,-12.9686,68.422,150.903,-0.14912,-6.517,1488.43
1.75200,-4990.13,-4441.79,-1.4622,-12.2417,68.383,150.987,-0.14234,-6.271,1488.71
1.75250,-4984.59,-4458.52,-1.4681,-11.5148,68.347,151.066,-0.13553,-6.025,1488.97
1.75300,-4977.81,-4474.13,-1.4737,-10.7893,68.313,151.139,-0.12872,-5.778,1489.22
1.75350,-4969.80,-4488.60,-1.4789,-10.0667,68.281,151.206,-0.12189,-5.531,1489.46
1.75400,-4960.57,-4501.89,-1.4837,-9.3491,68.251,151.268,-0.11508,-5.283,1489.69
1.75450,-4950.12,-4513.99,-1.4882,-8.6389,68.224,151.324,-0.10829,-5.035,1489.91
1.75500,-4938.44,-4524.86,-1.4924,-7.9392,68.200,151.374,-0.10153,-4.787,1490.12
1.75550,-4925.55,-4534.45,-1.4962,-7.2536,68.178,151.417,-0.09484,-4.540,1490.31
1.75600,-4911.44,-4542.73,-1.4996,-6.5861,68.160,151.455,-0.08823,-4.293,1490.50
1.75650,-4896.11,-4549.63,-1.5028,-5.9411,68.144,151.487,-0.08172,-4.048,1490.67
1.75700,-4879.58,-4555.09,-1.5056,-5.3227,68.132,151.512,-0.07536,-3.805,1490.83
1.75750,-4861.85,-4559.04,-1.5081,-4.7346,68.124,151.531,-0.06916,-3.564,1490.98
1.75800,-4842.92,-4561.42,-1.5103,-4.1797,68.119,151.544,-0.06314,-3.327,1491.12
1.75850,-4822.79,-4562.15,-1.5123,-3.6592,68.119,151.549,-0.05732,-3.093,1491.25
1.75900,-4801.47,-4561.20,-1.5140,-3.1728,68.123,151.548,-0.05172,-2.865,1491.37
1.75950,-4778.97,-4558.52,-1.5155,-2.7185,68.131,151.540,-0.04631,-2.641,1491.49
1.76000,-4755.28,-4554.09,-1.5167,-2.2929,68.145,151.525,-0.04110,-2.423,1491.59
1.76050,-4730.43,-4547.92,-1.5178,-1.8915,68.163,151.504,-0.03607,-2.210,1491.68
1.76100,-4704.40,-4540.02,-1.5186,-1.5093,68.185,151.476,-0.03119,-2.001,1491.76
1.76150,-4677.22,-4530.45,-1.5193,-1.1410,68.213,151.441,-0.02642,-1.797,1491.83
1.76200,-4648.88,-4519.24,-1.5198,-0.7818,68.244,151.401,-0.02176,-1.597,1491.90
1.76250,-4619.40,-4506.47,-1.5201,-0.4268,68.280,151.354,-0.01716,-1.400,1491.95
1.76300,-4588.77,-4492.20,-1.5202,-0.0718,68.320,151.302,-0.01261,-1.206,1492.00
1.76350,-4557.02,-4476.51,-1.5201,0.2868,68.364,151.244,-0.00809,-1.012,1492.04
1.76400,-4524.14,-4459.47,-1.5199,0.6525,68.411,151.181,-0.00356,-0.819,1492.07
1.76450,-4490.14,-4442.61,-1.5195,1.0261,68.457,151.117,0.00288,-0.606,1492.10
1.76500,-4455.03,-4427.30,-1.5189,1.4000,68.498,151.057,0.01147,-0.357,1492.11
1.76550,-4418.83,-4413.52,-1.5181,1.7670,68.534,151.002,0.02083,-0.069,1492.11
1.76600,-4381.53,-4401.22,-1.5171,2.1214,68.564,150.950,0.03091,0.257,1492.12
1.76650,-4343.16,-4390.35,-1.5160,2.4592,68.590,150.902,0.04166,0.623,1492.15
1.76700,-4303.71,-4380.83,-1.5146,2.7770,68.610,150.858,0.05306,1.027,1492.19
1.76750,-4263.20,-4368.32,-1.5132,3.0789,68.639,150.801,0.05954,1.413,1492.24
1.76800,-4221.64,-4348.84,-1.5116,3.3948,68.686,150.716,0.06024,1.726,1492.30
1.76850,-4179.04,-4323.95,-1.5098,3.7530,68.747,150.611,0.06119,1.986,1492.38
1.76900,-4135.40,-4295.59,-1.5078,4.1704,68.816,150.490,0.06333,2.218,1492.46
1.76950,-4090.75,-4265.06,-1.5056,4.6554,68.890,150.359,0.06642,2.440,1492.54
1.77000,-4045.08,-4233.12,-1.5031,5.2128,68.967,150.221,0.07013,2.661,1492.64
1.77050,-3998.42,-4200.20,-1.5004,5.8458,69.045,150.076,0.07428,2.889,1492.74
1.77100,-3950.78,-4166.59,-1.4973,6.5574,69.123,149.926,0.07878,3.127,1492.85
1.77150,-3902.15,-4132.47,-1.4938,7.3501,69.200,149.771,0.08360,3.378,1492.96
1.77200,-3852.57,-4098.01,-1.4899,8.2262,69.276,149.610,0.08876,3.645,1493.08
1.77250,-3802.03,-4063.34,-1.4856,9.1865,69.350,149.444,0.09426,3.932,1493.21
1.77300,-3750.56,-4028.56,-1.4807,10.2306,69.422,149.274,0.10009,4.239,1493.35
1.77350,-3698.16,-3993.75,-1.4753,11.3562,69.490,149.098,0.10627,4.570,1493.50
1.77400,-3644.84,-3958.96,-1.4693,12.5590,69.556,148.918,0.11276,4.926,1493.66
1.77450,-3590.63,-3924.23,-1.4627,13.8331,69.618,148.731,0.11956,5.308,1493.82
1.77500,-3535.53,-3889.54,-1.4555,15.1707,69.676,148.540,0.12661,5.718,1494.00
1.77550,-3479.56,-3854.88,-1.4476,16.5633,69.731,148.342,0.13390,6.156,1494.19
1.77600,-3422.74,-3820.18,-1.4389,18.0014,69.781,148.137,0.14137,6.624,1494.39
1.77650,-3365.06,-3785.39,-1.4296,19.4750,69.829,147.926,0.14898,7.120,1494.60
1.77700,-3306.56,-3750.42,-1.4194,20.9742,69.872,147.708,0.15669,7.646,1494.82
1.77750,-3247.24,-3715.18,-1.4086,22.4890,69.913,147.481,0.16446,8.200,1495.05
1.77800,-3187.12,-3679.57,-1.3970,24.0098,69.950,147.247,0.17224,8.783,1495.30
1.77850,-3126.21,-3643.48,-1.3846,25.5273,69.985,147.004,0.18000,9.395,1495.56
1.77900,-3064.54,-3606.82,-1.3714,27.0330,70.017,146.752,0.18770,10.035,1495.83
1.77950,-3002.10,-3569.47,-1.3575,28.5186,70.048,146.492,0.19529,10.702,1496.11
1.78000,-2938.93,-3531.33,-1.3429,29.9768,70.076,146.222,0.20276,11.397,1496.41
1.78050,-2875.03,-3492.32,-1.3276,31.4008,70.104,145.942,0.21008,12.118,1496.72
1.78100,-2810.42,-3452.34,-1.3115,32.7848,70.130,145.653,0.21721,12.866,1497.04
1.78150,-2745.11,-3411.31,-1.2948,34.1233,70.156,145.354,0.22413,13.641,1497.37
1.78200,-2679.13,-3369.15,-1.2774,35.4118,70.182,145.046,0.23083,14.443,1497.72
1.78250,-2612.49,-3325.80,-1.2594,36.6467,70.207,144.727,0.23729,15.272,1498.07
1.78300,-2545.21,-3281.20,-1.2408,37.8248,70.234,144.399,0.24349,16.128,1498.44
1.78350,-2477.29,-3235.31,-1.2216,38.9437,70.261,144.062,0.24942,17.013,1498.82
1.78400,-2408.77,-3188.07,-1.2018,40.0018,70.289,143.715,0.25508,17.928,1499.21
1.78450,-2339.65,-3139.47,-1.1816,40.9980,70.318,143.360,0.26046,18.873,1499.61
1.78500,-2269.95,-3089.48,-1.1609,41.9317,70.349,142.995,0.26556,19.851,1500.02
1.78550,-2199.70,-3038.09,-1.1397,42.8031,70.382,142.621,0.27038,20.864,1500.44
1.78600,-2128.90,-2985.29,-1.1181,43.6126,70.417,142.240,0.27492,21.914,1500.87
1.78650,-2057.57,-2931.10,-1.0961,44.3615,70.454,141.850,0.27919,23.003,1501.30
1.78700,-1985.74,-2875.51,-1.0737,45.0511,70.494,141.452,0.28318,24.136,1501.75
1.78750,-1913.42,-2818.56,-1.0510,45.6831,70.536,141.047,0.28691,25.316,1502.20
1.78800,-1840.62,-2760.26,-1.0280,46.2599,70.580,140.636,0.29038,26.548,1502.66
1.78850,-1767.37,-2700.64,-1.0048,46.7837,70.627,140.217,0.29362,27.836,1503.13
1.78900,-1693.69,-2639.75,-0.9813,47.2572,70.677,139.793,0.29661,29.187,1503.60
1.78950,-1619.59,-2577.63,-0.9575,47.6831,70.729,139.362,0.29939,30.606,1504.08
1.79000,-1545.08,-2514.31,-0.9336,48.0645,70.784,138.926,0.30195,32.100,1504.57
1.79050,-1470.20,-2449.85,-0.9095,48.4044,70.842,138.486,0.30432,33.677,1505.06
1.79100,-1394.96,-2384.31,-0.8852,48.7058,70.903,138.040,0.30650,35.346,1505.55
1.79150,-1319.37,-2317.72,-0.8608,48.9718,70.966,137.590,0.30852,37.115,1506.05
1.79200,-1243.45,-2250.16,-0.8362,49.2056,71.031,137.136,0.31037,38.994,1506.55
1.79250,-1167.23,-2181.68,-0.8116,49.4101,71.099,136.679,0.31208,40.994,1507.06
1.79300,-1090.72,-2112.33,-0.7868,49.5885,71.170,136.219,0.31365,43.126,1507.57
1.79350,-1013.94,-2042.18,-0.7620,49.7434,71.242,135.755,0.31510,45.401,1508.08
1.79400,-936.91,-1971.28,-0.7371,49.8777,71.317,135.289,0.31645,47.831,1508.60
1.79450,-859.65,-1899.70,-0.7121,49.9940,71.394,134.821,0.31769,50.425,1509.12
1.79500,-782.17,-1827.48,-0.6871,50.0947,71.473,134.351,0.31885,53.194,1509.64
1.79550,-704.51,-1754.68,-0.6620,50.1821,71.554,133.879,0.31992,56.145,1510.17
1.79600,-626.67,-1681.37,-0.6369,50.2584,71.636,133.405,0.32093,59.283,1510.70
1.79650,-548.67,-1607.58,-0.6118,50.3253,71.720,132.931,0.32188,62.609,1511.23
1.79700,-470.54,-1533.37,-0.5866,50.3848,71.806,132.455,0.32277,66.120,1511.76
1.79750,-392.30,-1458.80,-0.5614,50.4383,71.893,131.979,0.32362,69.805,1512.29
1.79800,-313.95,-1383.90,-0.5361,50.4871,71.981,131.502,0.32443,73.647,1512.83
1.79850,-235.53,-1308.71,-0.5109,50.5324,72.071,131.024,0.32519,77.622,1513.36
1.79900,-157.05,-1233.29,-0.4856,50.5752,72.161,130.546,0.32593,81.698,1513.90
1.79950,-78.54,-1157.67,-0.4603,50.6162,72.253,130.069,0.32664,85.838,1514.44
1.80000,-0.00,-1081.89,-0.4350,50.6561,72.345,129.591,0.32732,0.000,1514.98
1.80050,78.54,-1005.97,-0.4097,50.6953,72.438,129.113,0.32797,85.858,1515.52
1.80100,157.05,-929.96,-0.3843,50.7340,72.532,128.636,0.32861,81.779,1516.07
1.80150,235.53,-853.87,-0.3589,50.7724,72.626,128.159,0.32922,77.800,1516.61
1.80200,313.95,-777.75,-0.3335,50.8105,72.721,127.683,0.32980,73.956,1517.16
1.80250,392.30,-701.60,-0.3081,50.8482,72.816,127.207,0.33037,70.271,1517.70
1.80300,470.54,-625.46,-0.2827,50.8852,72.912,126.732,0.33091,66.765,1518.25
1.80350,548.67,-549.35,-0.2572,50.9211,73.008,126.258,0.33142,63.449,1518.80
1.80400,626.67,-473.27,-0.2318,50.9555,73.104,125.785,0.33190,60.329,1519.35
1.80450,704.51,-397.26,-0.2063,50.9880,73.201,125.312,0.33236,57.404,1519.90
1.80500,782.17,-321.32,-0.1808,51.0179,73.298,124.840,0.33278,54.670,1520.45
1.80550,859.65,-245.47,-0.1553,51.0445,73.395,124.370,0.33316,52.122,1521.01
1.80600,936.91,-169.73,-0.1297,51.0673,73.492,123.901,0.33350,49.748,1521.56
1.80650,1013.94,-94.09,-0.1042,51.0856,73.589,123.432,0.33381,47.539,1522.11
1.80700,1090.72,-18.59,-0.0786,51.0985,73.686,122.965,0.33406,45.484,1522.67
1.80750,1167.23,56.79,-0.0531,51.1054,73.784,122.499,0.33427,43.572,1523.22
1.80800,1243.45,132.02,-0.0275,51.1054,73.881,122.035,0.33442,41.791,1523.78
1.80850,1319.37,207.10,-0.0020,51.0980,73.979,121.572,0.33452,40.132,1524.34
1.80900,1394.96,282.01,0.0236,51.0824,74.076,121.110,0.33456,38.584,1524.89
1.80950,1470.20,356.76,0.0491,51.0578,74.174,120.650,0.33453,37.138,1525.45
1.81000,1545.08,431.33,0.0746,51.0237,74.272,120.192,0.33444,35.785,1526.01
1.81050,1619.59,505.72,0.1001,50.9794,74.370,119.735,0.33428,34.518,1526.56
1.81100,1693.69,579.91,0.1256,50.9242,74.467,119.280,0.33404,33.329,1527.12
1.81150,1767.37,653.90,0.1510,50.8577,74.565,118.826,0.33373,32.212,1527.68
1.81200,1840.62,727.69,0.1765,50.7793,74.663,118.375,0.33335,31.159,1528.23
1.81250,1913.42,801.25,0.2018,50.6885,74.761,117.925,0.33288,30.167,1528.79
1.81300,1985.74,874.59,0.2271,50.5850,74.860,117.478,0.33233,29.230,1529.34
1.81350,2057.57,947.69,0.2524,50.4684,74.958,117.032,0.33170,28.343,1529.90
1.81400,2128.90,1020.54,0.2776,50.3384,75.056,116.589,0.33098,27.503,1530.45
1.81450,2199.70,1093.13,0.3027,50.1946,75.154,116.148,0.33018,26.705,1531.01
1.81500,2269.95,1165.46,0.3278,50.0369,75.253,115.709,0.32928,25.946,1531.56
1.81550,2339.65,1237.50,0.3528,49.8651,75.351,115.272,0.32830,25.224,1532.11
1.81600,2408.77,1309.25,0.3777,49.6791,75.449,114.838,0.32722,24.535,1532.66
1.81650,2477.29,1380.70,0.4024,49.4788,75.548,114.407,0.32606,23.877,1533.21
1.81700,2545.21,1451.82,0.4271,49.2642,75.646,113.978,0.32480,23.248,1533.76
1.81750,2612.49,1522.62,0.4517,49.0352,75.745,113.552,0.32345,22.645,1534.30
1.81800,2679.13,1593.06,0.4762,48.7920,75.843,113.129,0.32201,22.067,1534.84
1.81850,2745.11,1663.15,0.5005,48.5345,75.941,112.709,0.32048,21.511,1535.38
1.81900,2810.42,1732.86,0.5247,48.2629,76.040,112.292,0.31886,20.978,1535.92
1.81950,2875.03,1802.18,0.5488,47.9773,76.138,111.878,0.31715,20.464,1536.46
1.82000,2938.93,1871.08,0.5727,47.6780,76.236,111.467,0.31534,19.968,1536.99
1.82050,3002.10,1939.57,0.5964,47.3650,76.334,111.060,0.31345,19.490,1537.52
1.82100,3064.54,2007.61,0.6200,47.0386,76.432,110.656,0.31147,19.029,1538.05
1.82150,3126.21,2075.20,0.6435,46.6989,76.529,110.256,0.30940,18.582,1538.58
1.82200,3187.12,2142.31,0.6667,46.3463,76.627,109.859,0.30724,18.150,1539.10
1.82250,3247.24,2208.92,0.6898,45.9810,76.724,109.465,0.30500,17.732,1539.62
1.82300,3306.56,2275.03,0.7127,45.6032,76.821,109.076,0.30267,17.326,1540.14
1.82350,3365.06,2340.61,0.7354,45.2132,76.917,108.690,0.30026,16.932,1540.65
1.82400,3422.74,2405.65,0.7579,44.8113,77.013,108.309,0.29776,16.550,1541.16
1.82450,3479.56,2470.13,0.7802,44.3976,77.109,107.931,0.29518,16.178,1541.66
1.82500,3535.53,2534.02,0.8023,43.9726,77.205,107.557,0.29253,15.816,1542.16
1.82550,3590.63,2597.32,0.8242,43.5364,77.299,107.188,0.28979,15.464,1542.66
1.82600,3644.84,2660.01,0.8459,43.0893,77.394,106.823,0.28698,15.120,1543.15
1.82650,3698.16,2722.06,0.8673,42.6316,77.488,106.462,0.28409,14.786,1543.64
1.82700,3750.56,2783.46,0.8885,42.1635,77.581,106.106,0.28112,14.459,1544.12
1.82750,3802.03,2844.21,0.9094,41.6853,77.673,105.754,0.27808,14.140,1544.60
1.82800,3852.57,2904.26,0.9302,41.1972,77.765,105.407,0.27497,13.828,1545.08
1.82850,3902.15,2963.63,0.9506,40.6994,77.857,105.064,0.27178,13.524,1545.54
1.82900,3950.78,3022.27,0.9709,40.1921,77.947,104.726,0.26853,13.225,1546.01
1.82950,3998.42,3080.19,0.9908,39.6756,78.037,104.393,0.26520,12.934,1546.47
1.83000,4045.08,3137.37,1.0105,39.1501,78.126,104.065,0.26180,12.648,1546.92
1.83050,4090.75,3193.78,1.0300,38.6157,78.214,103.741,0.25834,12.367,1547.37
1.83100,4135.40,3249.41,1.0492,38.0726,78.301,103.423,0.25481,12.093,1547.81
1.83150,4179.04,3304.26,1.0681,37.5210,78.387,103.109,0.25122,11.823,1548.25
1.83200,4221.64,3358.31,1.0867,36.9611,78.472,102.801,0.24756,11.558,1548.68
1.83250,4263.20,3411.53,1.1050,36.3930,78.556,102.498,0.24384,11.297,1549.11
1.83300,4303.71,3463.92,1.1231,35.8169,78.639,102.200,0.24005,11.041,1549.53
1.83350,4343.16,3515.47,1.1408,35.2329,78.721,101.907,0.23620,10.790,1549.94
1.83400,4381.53,3566.16,1.1583,34.6411,78.802,101.619,0.23230,10.542,1550.35
1.83450,4418.83,3615.98,1.1755,34.0417,78.882,101.337,0.22833,10.298,1550.75
1.83500,4455.03,3664.92,1.1923,33.4348,78.960,101.060,0.22430,10.057,1551.15
1.83550,4490.14,3712.97,1.2089,32.8206,79.038,100.788,0.22021,9.820,1551.54
1.83600,4524.14,3760.10,1.2252,32.1990,79.114,100.522,0.21607,9.586,1551.92
1.83650,4557.02,3806.32,1.2411,31.5703,79.189,100.262,0.21187,9.355,1552.29
1.83700,4588.77,3851.61,1.2567,30.9346,79.262,100.007,0.20762,9.126,1552.66
1.83750,4619.40,3895.96,1.2720,30.2919,79.334,99.757,0.20330,8.901,1553.02
1.83800,4648.88,3939.36,1.2870,29.6424,79.405,99.513,0.19894,8.678,1553.38
1.83850,4677.22,3981.80,1.3017,28.9861,79.474,99.275,0.19452,8.457,1553.73
1.83900,4704.40,4023.27,1.3160,28.3233,79.542,99.042,0.19005,8.238,1554.07
1.83950,4730.43,4063.76,1.3300,27.6539,79.608,98.816,0.18553,8.022,1554.40
1.84000,4755.28,4103.26,1.3437,26.9781,79.673,98.595,0.18096,7.807,1554.73
1.84050,4778.97,4141.77,1.3570,26.2961,79.736,98.379,0.17634,7.595,1555.04
1.84100,4801.47,4179.26,1.3700,25.6078,79.798,98.170,0.17167,7.384,1555.35
1.84150,4822.79,4215.74,1.3826,24.9135,79.858,97.966,0.16695,7.174,1555.66
1.84200,4842.92,4251.20,1.3949,24.2133,79.917,97.768,0.16219,6.966,1555.95
1.84250,4861.85,4285.62,1.4068,23.5072,79.974,97.576,0.15738,6.759,1556.24
1.84300,4879.58,4319.00,1.4184,22.7955,80.029,97.391,0.15253,6.554,1556.52
1.84350,4896.11,4351.33,1.4296,22.0783,80.083,97.211,0.14763,6.349,1556.79
1.84400,4911.44,4382.61,1.4404,21.3556,80.135,97.037,0.14270,6.146,1557.06
1.84450,4925.55,4412.82,1.4509,20.6277,80.185,96.869,0.13772,5.943,1557.32
1.84500,4938.44,4441.96,1.4611,19.8947,80.234,96.707,0.13270,5.741,1557.56
1.84550,4950.12,4470.02,1.4708,19.1569,80.281,96.551,0.12764,5.540,1557.80
1.84600,4960.57,4497.00,1.4802,18.4143,80.326,96.401,0.12255,5.339,1558.04
1.84650,4969.80,4522.88,1.4892,17.6673,80.369,96.257,0.11743,5.139,1558.26
1.84700,4977.81,4547.66,1.4979,16.9161,80.410,96.120,0.11227,4.939,1558.47
1.84750,4984.59,4571.34,1.5062,16.1610,80.450,95.988,0.10708,4.739,1558.68
1.84800,4990.13,4593.90,1.5141,15.4024,80.487,95.863,0.10186,4.540,1558.88
1.84850,4994.45,4615.34,1.5216,14.6407,80.523,95.744,0.09661,4.341,1559.07
1.84900,4997.53,4635.65,1.5287,13.8765,80.557,95.631,0.09134,4.142,1559.25
1.84950,4999.38,4654.81,1.5354,13.1104,80.589,95.524,0.08605,3.943,1559.42
1.85000,5000.00,4672.83,1.5418,12.3433,80.619,95.424,0.08075,3.744,1559.59
1.85050,4999.38,4689.68,1.5478,11.5764,80.646,95.330,0.07544,3.545,1559.74
1.85100,4997.53,4705.36,1.5534,10.8110,80.672,95.242,0.07013,3.346,1559.89
1.85150,4994.45,4719.84,1.5586,10.0490,80.696,95.161,0.06482,3.147,1560.02
1.85200,4990.13,4733.10,1.5634,9.2927,80.717,95.086,0.05953,2.949,1560.15
1.85250,4984.59,4745.11,1.5679,8.5450,80.736,95.018,0.05428,2.751,1560.27
1.85300,4977.81,4755.85,1.5720,7.8097,80.753,94.956,0.04907,2.553,1560.38
1.85350,4969.80,4765.27,1.5757,7.0908,80.767,94.901,0.04394,2.357,1560.49
1.85400,4960.57,4773.31,1.5791,6.3932,80.778,94.853,0.03890,2.162,1560.58
1.85450,4950.12,4779.93,1.5821,5.7219,80.786,94.811,0.03398,1.969,1560.66
1.85500,4938.44,4785.06,1.5848,5.0820,80.791,94.777,0.02921,1.779,1560.74
1.85550,4925.55,4788.63,1.5872,4.4777,80.793,94.750,0.02461,1.592,1560.81
1.85600,4911.44,4790.58,1.5893,3.9117,80.791,94.729,0.02019,1.410,1560.87
1.85650,4896.11,4790.86,1.5911,3.3851,80.784,94.717,0.01597,1.231,1560.92
1.85700,4879.58,4789.43,1.5927,2.8971,80.774,94.711,0.01195,1.058,1560.97
1.85750,4861.85,4786.26,1.5940,2.4447,80.759,94.713,0.00811,0.891,1561.00
1.85800,4842.92,4781.50,1.5951,2.0237,80.740,94.721,0.00426,0.727,1561.04
1.85850,4822.79,4777.51,1.5960,1.6342,80.724,94.728,-0.00256,0.538,1561.06
1.85900,4801.47,4775.04,1.5968,1.2835,80.714,94.731,-0.01091,0.315,1561.07
1.85950,4778.97,4773.90,1.5973,0.9763,80.708,94.730,-0.01985,0.061,1561.07
1.86000,4755.28,4773.92,1.5978,0.7141,80.706,94.727,-0.02929,-0.225,1561.08
1.86050,4730.43,4774.91,1.5981,0.4965,80.707,94.721,-0.03919,-0.539,1561.11
1.86100,4704.40,4776.70,1.5983,0.3213,80.711,94.713,-0.04950,-0.880,1561.14
1.86150,4677.22,4776.73,1.5984,0.1821,80.711,94.713,-0.05706,-1.219,1561.19
1.86200,4648.88,4771.01,1.5984,0.0538,80.696,94.735,-0.05927,-1.505,1561.25
1.86250,4619.40,4760.32,1.5984,-0.0896,80.668,94.777,-0.06106,-1.747,1561.32
1.86300,4588.77,4745.90,1.5983,-0.2637,80.630,94.834,-0.06334,-1.961,1561.40
1.86350,4557.02,4728.72,1.5982,-0.4763,80.586,94.903,-0.06609,-2.158,1561.49
1.86400,4524.14,4709.44,1.5979,-0.7302,80.536,94.981,-0.06919,-2.345,1561.58
1.86450,4490.14,4688.49,1.5974,-1.0253,80.483,95.067,-0.07255,-2.529,1561.68
1.86500,4455.03,4666.16,1.5968,-1.3600,80.427,95.160,-0.07612,-2.713,1561.78
1.86550,4418.83,4642.67,1.5961,-1.7330,80.369,95.259,-0.07986,-2.900,1561.90
1.86600,4381.53,4618.15,1.5951,-2.1429,80.309,95.365,-0.08376,-3.091,1562.02
1.86650,4343.16,4592.71,1.5939,-2.5896,80.249,95.475,-0.08781,-3.289,1562.14
1.86700,4303.71,4566.46,1.5925,-3.0735,80.187,95.592,-0.09202,-3.494,1562.27
1.86750,4263.20,4539.46,1.5908,-3.5965,80.125,95.713,-0.09639,-3.708,1562.41
1.86800,4221.64,4511.81,1.5889,-4.1610,80.063,95.841,-0.10096,-3.932,1562.55
1.86850,4179.04,4483.58,1.5867,-4.7705,80.002,95.973,-0.10573,-4.168,1562.71
1.86900,4135.40,4454.84,1.5841,-5.4288,79.940,96.110,-0.11073,-4.417,1562.87
1.86950,4090.75,4425.69,1.5812,-6.1399,79.880,96.253,-0.11599,-4.681,1563.03
1.87000,4045.08,4396.21,1.5780,-6.9073,79.821,96.400,-0.12152,-4.961,1563.21
1.87050,3998.42,4366.48,1.5743,-7.7342,79.764,96.553,-0.12735,-5.259,1563.39
1.87100,3950.78,4336.59,1.5702,-8.6223,79.709,96.710,-0.13350,-5.578,1563.59
1.87150,3902.15,4306.59,1.5657,-9.5721,79.656,96.872,-0.13996,-5.917,1563.79
1.87200,3852.57,4276.55,1.5606,-10.5823,79.607,97.040,-0.14674,-6.280,1564.00
1.87250,3802.03,4246.49,1.5551,-11.6500,79.560,97.213,-0.15382,-6.668,1564.22
1.87300,3750.56,4216.45,1.5490,-12.7707,79.517,97.391,-0.16119,-7.081,1564.46
1.87350,3698.16,4186.40,1.5423,-13.9385,79.477,97.575,-0.16883,-7.521,1564.70
1.87400,3644.84,4156.33,1.5350,-15.1466,79.440,97.765,-0.17669,-7.988,1564.96
1.87450,3590.63,4126.19,1.5272,-16.3875,79.407,97.961,-0.18473,-8.483,1565.22
1.87500,3535.53,4095.91,1.5186,-17.6531,79.378,98.164,-0.19293,-9.006,1565.50
1.87550,3479.56,4065.42,1.5095,-18.9354,79.351,98.374,-0.20124,-9.557,1565.80
1.87600,3422.74,4034.63,1.4997,-20.2264,79.328,98.591,-0.20961,-10.136,1566.10
1.87650,3365.06,4003.45,1.4893,-21.5182,79.307,98.816,-0.21801,-10.742,1566.42
1.87700,3306.56,3971.78,1.4782,-22.8037,79.289,99.050,-0.22640,-11.375,1566.75
1.87750,3247.24,3939.51,1.4665,-24.0759,79.272,99.291,-0.23473,-12.035,1567.10
1.87800,3187.12,3906.55,1.4541,-25.3287,79.258,99.542,-0.24299,-12.720,1567.46
1.87850,3126.21,3872.79,1.4411,-26.5563,79.245,99.801,-0.25113,-13.431,1567.83
1.87900,3064.54,3838.15,1.4276,-27.7539,79.232,100.069,-0.25912,-14.168,1568.22
1.87950,3002.10,3802.54,1.4134,-28.9171,79.221,100.347,-0.26696,-14.929,1568.62
1.88000,2938.93,3765.89,1.3987,-30.0425,79.210,100.634,-0.27460,-15.716,1569.03
1.88050,2875.03,3728.10,1.3834,-31.1269,79.198,100.930,-0.28204,-16.527,1569.46
1.88100,2810.42,3689.14,1.3675,-32.1681,79.187,101.235,-0.28926,-17.363,1569.90
1.88150,2745.11,3648.94,1.3512,-33.1645,79.174,101.549,-0.29625,-18.224,1570.35
1.88200,2679.13,3607.47,1.3344,-34.1149,79.161,101.873,-0.30300,-19.111,1570.82
1.88250,2612.49,3564.68,1.3171,-35.0187,79.147,102.205,-0.30951,-20.025,1571.29
1.88300,2545.21,3520.55,1.2994,-35.8758,79.131,102.546,-0.31576,-20.967,1571.78
1.88350,2477.29,3475.07,1.2812,-36.6867,79.113,102.896,-0.32177,-21.938,1572.28
1.88400,2408.77,3428.24,1.2627,-37.4520,79.094,103.254,-0.32753,-22.940,1572.79
1.88450,2339.65,3380.04,1.2438,-38.1730,79.072,103.620,-0.33304,-23.974,1573.31
1.88500,2269.95,3330.50,1.2245,-38.8509,79.049,103.994,-0.33832,-25.043,1573.84
1.88550,2199.70,3279.63,1.2049,-39.4876,79.023,104.375,-0.34336,-26.149,1574.38
1.88600,2128.90,3227.45,1.1850,-40.0849,78.995,104.763,-0.34818,-27.295,1574.93
1.88650,2057.57,3173.99,1.1649,-40.6448,78.965,105.158,-0.35279,-28.484,1575.49
1.88700,1985.74,3119.28,1.1444,-41.1695,78.932,105.559,-0.35719,-29.719,1576.05
1.88750,1913.42,3063.36,1.1237,-41.6613,78.897,105.967,-0.36139,-31.006,1576.63
1.88800,1840.62,3006.28,1.1027,-42.1224,78.859,106.380,-0.36541,-32.346,1577.21
1.88850,1767.37,2948.08,1.0816,-42.5551,78.819,106.798,-0.36926,-33.745,1577.80
1.88900,1693.69,2888.81,1.0602,-42.9618,78.777,107.222,-0.37295,-35.208,1578.40
1.88950,1619.59,2828.51,1.0386,-43.3447,78.732,107.650,-0.37648,-36.739,1579.00
1.89000,1545.08,2767.24,1.0169,-43.7059,78.686,108.082,-0.37988,-38.344,1579.61
1.89050,1470.20,2705.05,0.9949,-44.0474,78.637,108.519,-0.38314,-40.027,1580.23
1.89100,1394.96,2641.98,0.9728,-44.3713,78.585,108.959,-0.38629,-41.795,1580.86
1.89150,1319.37,2578.10,0.9505,-44.6793,78.532,109.403,-0.38933,-43.653,1581.48
1.89200,1243.45,2513.45,0.9281,-44.9731,78.477,109.850,-0.39226,-45.605,1582.12
1.89250,1167.23,2448.07,0.9056,-45.2543,78.420,110.300,-0.39510,-47.657,1582.76
1.89300,1090.72,2382.03,0.8829,-45.5243,78.361,110.752,-0.39786,-49.814,1583.41
1.89350,1013.94,2315.36,0.8601,-45.7842,78.301,111.207,-0.40054,-52.078,1584.06
1.89400,936.91,2248.11,0.8371,-46.0352,78.239,111.664,-0.40314,-54.453,1584.71
1.89450,859.65,2180.33,0.8140,-46.2781,78.175,112.123,-0.40568,-56.940,1585.37
1.89500,782.17,2112.05,0.7908,-46.5138,78.110,112.583,-0.40816,-59.538,1586.04
1.89550,704.51,2043.31,0.7675,-46.7428,78.044,113.045,-0.41057,-62.246,1586.71
1.89600,626.67,1974.15,0.7441,-46.9657,77.976,113.509,-0.41293,-65.059,1587.38
1.89650,548.67,1904.61,0.7205,-47.1828,77.907,113.974,-0.41523,-67.970,1588.06
1.89700,470.54,1834.71,0.6969,-47.3943,77.837,114.439,-0.41748,-70.969,1588.74
1.89750,392.30,1764.48,0.6731,-47.6004,77.766,114.906,-0.41968,-74.045,1589.43
1.89800,313.95,1693.96,0.6493,-47.8010,77.694,115.373,-0.42182,-77.183,1590.12
1.89850,235.53,1623.17,0.6253,-47.9962,77.620,115.841,-0.42392,-80.367,1590.81
1.89900,157.05,1552.13,0.6013,-48.1857,77.546,116.309,-0.42596,-83.577,1591.51
1.89950,78.54,1480.86,0.5772,-48.3693,77.471,116.778,-0.42795,-86.795,1592.21
1.90000,-0.00,1409.39,0.5529,-48.5467,77.395,117.246,-0.42988,0.000,1592.91
1.90050,-78.54,1337.73,0.5286,-48.7175,77.318,117.715,-0.43176,-86.826,1593.62
1.90100,-157.05,1265.90,0.5042,-48.8815,77.240,118.184,-0.43358,-83.702,1594.33
1.90150,-235.53,1193.92,0.4797,-49.0382,77.161,118.653,-0.43533,-80.643,1595.05
1.90200,-313.95,1121.80,0.4552,-49.1871,77.082,119.121,-0.43702,-77.665,1595.77
1.90250,-392.30,1049.55,0.4305,-49.3279,77.002,119.590,-0.43865,-74.779,1596.49
1.90300,-470.54,977.19,0.4059,-49.4600,76.920,120.058,-0.44021,-71.995,1597.21
1.90350,-548.67,904.73,0.3811,-49.5830,76.839,120.525,-0.44169,-69.318,1597.94
1.90400,-626.67,832.18,0.3563,-49.6965,76.756,120.992,-0.44310,-66.754,1598.67
1.90450,-704.51,759.56,0.3314,-49.8001,76.672,121.458,-0.44444,-64.303,1599.40
1.90500,-782.17,686.87,0.3065,-49.8933,76.588,121.923,-0.44569,-61.968,1600.13
1.90550,-859.65,614.13,0.2815,-49.9757,76.503,122.388,-0.44686,-59.745,1600.87
1.90600,-936.91,541.34,0.2565,-50.0471,76.417,122.851,-0.44795,-57.634,1601.61
1.90650,-1013.94,468.52,0.2315,-50.1071,76.331,123.314,-0.44895,-55.630,1602.35
1.90700,-1090.72,395.68,0.2064,-50.1553,76.243,123.775,-0.44985,-53.729,1603.09
1.90750,-1167.23,322.82,0.1813,-50.1916,76.155,124.235,-0.45067,-51.927,1603.84
1.90800,-1243.45,249.97,0.1562,-50.2156,76.066,124.694,-0.45140,-50.219,1604.59
1.90850,-1319.37,177.13,0.1311,-50.2273,75.976,125.151,-0.45203,-48.599,1605.33
1.90900,-1394.96,104.32,0.1060,-50.2264,75.886,125.607,-0.45256,-47.064,1606.08
1.90950,-1470.20,31.54,0.0809,-50.2128,75.794,126.061,-0.45299,-45.608,1606.83
1.91000,-1545.08,-41.19,0.0558,-50.1864,75.702,126.514,-0.45333,-44.226,1607.59
1.91050,-1619.59,-113.85,0.0307,-50.1471,75.609,126.964,-0.45356,-42.914,1608.34
1.91100,-1693.69,-186.44,0.0056,-50.0950,75.516,127.413,-0.45369,-41.667,1609.09
1.91150,-1767.37,-258.93,-0.0194,-50.0299,75.421,127.860,-0.45372,-40.481,1609.85
1.91200,-1840.62,-331.32,-0.0444,-49.9520,75.326,128.305,-0.45365,-39.352,1610.60
1.91250,-1913.42,-403.60,-0.0694,-49.8612,75.230,128.747,-0.45347,-38.276,1611.36
1.91300,-1985.74,-475.73,-0.0943,-49.7576,75.134,129.188,-0.45319,-37.250,1612.11
1.91350,-2057.57,-547.72,-0.1191,-49.6414,75.037,129.625,-0.45280,-36.271,1612.87
1.91400,-2128.90,-619.53,-0.1439,-49.5125,74.939,130.061,-0.45231,-35.336,1613.62
1.91450,-2199.70,-691.17,-0.1686,-49.3711,74.840,130.494,-0.45172,-34.442,1614.38
1.91500,-2269.95,-762.61,-0.1933,-49.2174,74.741,130.924,-0.45102,-33.586,1615.13
1.91550,-2339.65,-833.83,-0.2178,-49.0514,74.642,131.351,-0.45022,-32.766,1615.88
1.91600,-2408.77,-904.82,-0.2423,-48.8734,74.541,131.776,-0.44932,-31.979,1616.63
1.91650,-2477.29,-975.56,-0.2667,-48.6834,74.441,132.197,-0.44831,-31.224,1617.38
1.91700,-2545.21,-1046.03,-0.2910,-48.4816,74.339,132.616,-0.44719,-30.499,1618.13
1.91750,-2612.49,-1116.22,-0.3152,-48.2682,74.238,133.031,-0.44598,-29.801,1618.88
1.91800,-2679.13,-1186.11,-0.3393,-48.0433,74.136,133.443,-0.44466,-29.130,1619.63
1.91850,-2745.11,-1255.68,-0.3632,-47.8071,74.033,133.852,-0.44324,-28.483,1620.37
1.91900,-2810.42,-1324.91,-0.3871,-47.5598,73.930,134.258,-0.44172,-27.860,1621.12
1.91950,-2875.03,-1393.80,-0.4108,-47.3014,73.827,134.660,-0.44009,-27.258,1621.86
1.92000,-2938.93,-1462.31,-0.4344,-47.0322,73.724,135.059,-0.43837,-26.676,1622.60
1.92050,-3002.10,-1530.44,-0.4578,-46.7522,73.620,135.454,-0.43654,-26.115,1623.33
1.92100,-3064.54,-1598.17,-0.4811,-46.4617,73.516,135.845,-0.43462,-25.571,1624.06
1.92150,-3126.21,-1665.47,-0.5043,-46.1608,73.412,136.233,-0.43259,-25.045,1624.79
1.92200,-3187.12,-1732.34,-0.5273,-45.8496,73.308,136.616,-0.43047,-24.535,1625.52
1.92250,-3247.24,-1798.76,-0.5501,-45.5282,73.204,136.996,-0.42825,-24.040,1626.25
1.92300,-3306.56,-1864.71,-0.5728,-45.1968,73.100,137.372,-0.42592,-23.560,1626.97
1.92350,-3365.06,-1930.18,-0.5953,-44.8555,72.996,137.744,-0.42350,-23.094,1627.68
1.92400,-3422.74,-1995.14,-0.6177,-44.5044,72.891,138.112,-0.42099,-22.641,1628.40
1.92450,-3479.56,-2059.59,-0.6398,-44.1435,72.787,138.476,-0.41837,-22.200,1629.11
1.92500,-3535.53,-2123.51,-0.6618,-43.7731,72.683,138.835,-0.41566,-21.771,1629.81
1.92550,-3590.63,-2186.88,-0.6836,-43.3931,72.580,139.190,-0.41285,-21.353,1630.52
1.92600,-3644.84,-2249.69,-0.7052,-43.0038,72.476,139.541,-0.40995,-20.946,1631.21
1.92650,-3698.16,-2311.93,-0.7266,-42.6051,72.373,139.888,-0.40694,-20.548,1631.91
1.92700,-3750.56,-2373.57,-0.7478,-42.1973,72.270,140.230,-0.40385,-20.160,1632.60
1.92750,-3802.03,-2434.62,-0.7688,-41.7803,72.167,140.568,-0.40066,-19.781,1633.28
1.92800,-3852.57,-2495.04,-0.7896,-41.3543,72.065,140.901,-0.39737,-19.411,1633.96
1.92850,-3902.15,-2554.83,-0.8101,-40.9193,71.963,141.229,-0.39399,-19.049,1634.63
1.92900,-3950.78,-2613.98,-0.8305,-40.4754,71.862,141.553,-0.39051,-18.694,1635.30
1.92950,-3998.42,-2672.47,-0.8506,-40.0228,71.761,141.873,-0.38694,-18.346,1635.96
1.93000,-4045.08,-2730.29,-0.8705,-39.5614,71.661,142.188,-0.38328,-18.006,1636.62
1.93050,-4090.75,-2787.42,-0.8902,-39.0914,71.561,142.498,-0.37953,-17.672,1637.27
1.93100,-4135.40,-2843.86,-0.9096,-38.6129,71.462,142.803,-0.37568,-17.344,1637.92
1.93150,-4179.04,-2899.59,-0.9288,-38.1260,71.364,143.103,-0.37174,-17.022,1638.56
1.93200,-4221.64,-2954.60,-0.9477,-37.6307,71.266,143.399,-0.36771,-16.706,1639.19
1.93250,-4263.20,-3008.87,-0.9664,-37.1271,71.170,143.690,-0.36359,-16.395,1639.82
1.93300,-4303.71,-3062.40,-0.9849,-36.6153,71.073,143.976,-0.35938,-16.089,1640.44
1.93350,-4343.16,-3115.17,-1.0030,-36.0955,70.978,144.257,-0.35508,-15.788,1641.05
1.93400,-4381.53,-3167.17,-1.0210,-35.5676,70.884,144.533,-0.35069,-15.491,1641.66
1.93450,-4418.83,-3218.39,-1.0386,-35.0319,70.790,144.804,-0.34621,-15.198,1642.26
1.93500,-4455.03,-3268.82,-1.0560,-34.4883,70.698,145.070,-0.34164,-14.910,1642.85
1.93550,-4490.14,-3318.44,-1.0731,-33.9371,70.606,145.331,-0.33699,-14.625,1643.44
1.93600,-4524.14,-3367.25,-1.0899,-33.3782,70.516,145.587,-0.33225,-14.344,1644.02
1.93650,-4557.02,-3415.24,-1.1065,-32.8119,70.426,145.838,-0.32743,-14.066,1644.59
1.93700,-4588.77,-3462.39,-1.1227,-32.2382,70.338,146.084,-0.32252,-13.791,1645.15
1.93750,-4619.40,-3508.70,-1.1387,-31.6572,70.251,146.324,-0.31753,-13.520,1645.71
1.93800,-4648.88,-3554.15,-1.1544,-31.0691,70.165,146.560,-0.31246,-13.251,1646.25
1.93850,-4677.22,-3598.73,-1.1698,-30.4739,70.080,146.790,-0.30730,-12.985,1646.79
1.93900,-4704.40,-3642.43,-1.1849,-29.8719,69.997,147.015,-0.30207,-12.721,1647.33
1.93950,-4730.43,-3685.25,-1.1996,-29.2630,69.915,147.235,-0.29675,-12.459,1647.85
1.94000,-4755.28,-3727.18,-1.2141,-28.6474,69.834,147.450,-0.29136,-12.200,1648.36
1.94050,-4778.97,-3768.20,-1.2283,-28.0253,69.754,147.659,-0.28589,-11.942,1648.87
1.94100,-4801.47,-3808.30,-1.2421,-27.3967,69.676,147.863,-0.28035,-11.687,1649.36
1.94150,-4822.79,-3847.48,-1.2557,-26.7618,69.600,148.062,-0.27473,-11.433,1649.85
1.94200,-4842.92,-3885.72,-1.2689,-26.1207,69.525,148.255,-0.26904,-11.180,1650.33
1.94250,-4861.85,-3923.02,-1.2818,-25.4736,69.451,148.444,-0.26328,-10.929,1650.80
1.94300,-4879.58,-3959.38,-1.2944,-24.8206,69.379,148.626,-0.25745,-10.680,1651.26
1.94350,-4896.11,-3994.77,-1.3066,-24.1618,69.308,148.804,-0.25154,-10.431,1651.71
1.94400,-4911.44,-4029.19,-1.3185,-23.4974,69.240,148.976,-0.24557,-10.184,1652.15
1.94450,-4925.55,-4062.63,-1.3301,-22.8274,69.172,149.143,-0.23954,-9.937,1652.58
1.94500,-4938.44,-4095.09,-1.3414,-22.1521,69.107,149.304,-0.23344,-9.691,1653.00
1.94550,-4950.12,-4126.56,-1.3523,-21.4715,69.043,149.460,-0.22728,-9.446,1653.42
1.94600,-4960.57,-4157.03,-1.3628,-20.7859,68.981,149.610,-0.22105,-9.201,1653.82
1.94650,-4969.80,-4186.49,-1.3731,-20.0954,68.921,149.755,-0.21477,-8.957,1654.21
1.94700,-4977.81,-4214.93,-1.3829,-19.4001,68.862,149.895,-0.20843,-8.713,1654.59
1.94750,-4984.59,-4242.35,-1.3925,-18.7003,68.806,150.029,-0.20203,-8.469,1654.96
1.94800,-4990.13,-4268.74,-1.4016,-17.9961,68.751,150.158,-0.19558,-8.226,1655.32
1.94850,-4994.45,-4294.09,-1.4105,-17.2878,68.698,150.281,-0.18908,-7.982,1655.67
1.94900,-4997.53,-4318.39,-1.4189,-16.5756,68.647,150.398,-0.18252,-7.739,1656.01
1.94950,-4999.38,-4341.64,-1.4270,-15.8598,68.598,150.510,-0.17592,-7.495,1656.34
1.95000,-5000.00,-4363.83,-1.4348,-15.1408,68.551,150.617,-0.16928,-7.251,1656.66
1.95050,-4999.38,-4384.95,-1.4422,-14.4188,68.506,150.718,-0.16260,-7.007,1656.97
1.95100,-4997.53,-4404.98,-1.4492,-13.6946,68.463,150.814,-0.15588,-6.762,1657.26
1.95150,-4994.45,-4423.93,-1.4559,-12.9686,68.422,150.904,-0.14912,-6.517,1657.55
1.95200,-4990.13,-4441.78,-1.4622,-12.2417,68.384,150.988,-0.14234,-6.271,1657.82
1.95250,-4984.59,-4458.52,-1.4681,-11.5148,68.347,151.067,-0.13553,-6.025,1658.09
1.95300,-4977.81,-4474.13,-1.4737,-10.7893,68.313,151.140,-0.12872,-5.778,1658.34
1.95350,-4969.80,-4488.60,-1.4789,-10.0667,68.281,151.207,-0.12189,-5.531,1658.58
1.95400,-4960.57,-4501.89,-1.4837,-9.3491,68.252,151.269,-0.11508,-5.283,1658.81
1.95450,-4950.12,-4513.99,-1.4882,-8.6389,68.225,151.324,-0.10829,-5.035,1659.03
1.95500,-4938.44,-4524.85,-1.4924,-7.9392,68.200,151.374,-0.10153,-4.787,1659.23
1.95550,-4925.55,-4534.45,-1.4962,-7.2536,68.179,151.418,-0.09484,-4.540,1659.43
1.95600,-4911.44,-4542.73,-1.4996,-6.5862,68.160,151.456,-0.08823,-4.293,1659.61
1.95650,-4896.11,-4549.63,-1.5028,-5.9411,68.144,151.488,-0.08172,-4.048,1659.79
1.95700,-4879.58,-4555.09,-1.5056,-5.3227,68.132,151.513,-0.07536,-3.805,1659.95
1.95750,-4861.85,-4559.04,-1.5081,-4.7346,68.124,151.532,-0.06916,-3.564,1660.10
1.95800,-4842.92,-4561.41,-1.5103,-4.1797,68.119,151.544,-0.06314,-3.327,1660.24
1.95850,-4822.79,-4562.15,-1.5123,-3.6592,68.119,151.550,-0.05732,-3.093,1660.37
1.95900,-4801.47,-4561.20,-1.5140,-3.1728,68.123,151.549,-0.05172,-2.865,1660.49
1.95950,-4778.97,-4558.52,-1.5155,-2.7185,68.132,151.541,-0.04631,-2.641,1660.60
1.96000,-4755.28,-4554.09,-1.5167,-2.2929,68.145,151.526,-0.04110,-2.423,1660.70
1.96050,-4730.43,-4547.91,-1.5178,-1.8915,68.163,151.504,-0.03607,-2.210,1660.79
1.96100,-4704.40,-4540.02,-1.5186,-1.5093,68.186,151.476,-0.03119,-2.001,1660.87
1.96150,-4677.22,-4530.44,-1.5193,-1.1410,68.213,151.442,-0.02642,-1.797,1660.95
1.96200,-4648.88,-4519.24,-1.5198,-0.7818,68.245,151.401,-0.02176,-1.597,1661.01
1.96250,-4619.40,-4506.47,-1.5201,-0.4268,68.280,151.355,-0.01716,-1.400,1661.07
1.96300,-4588.77,-4492.20,-1.5202,-0.0718,68.320,151.302,-0.01261,-1.206,1661.12
1.96350,-4557.02,-4476.51,-1.5201,0.2868,68.364,151.244,-0.00809,-1.012,1661.16
1.96400,-4524.14,-4459.47,-1.5199,0.6525,68.411,151.181,-0.00356,-0.819,1661.19
1.96450,-4490.14,-4442.61,-1.5195,1.0261,68.458,151.118,0.00288,-0.606,1661.21
1.96500,-4455.03,-4427.30,-1.5189,1.4000,68.498,151.058,0.01147,-0.357,1661.23
1.96550,-4418.83,-4413.52,-1.5181,1.7670,68.534,151.003,0.02083,-0.069,1661.23
1.96600,-4381.53,-4401.22,-1.5171,2.1214,68.564,150.951,0.03090,0.257,1661.24
1.96650,-4343.16,-4390.35,-1.5160,2.4592,68.590,150.903,0.04166,0.623,1661.26
1.96700,-4303.71,-4380.83,-1.5146,2.7770,68.611,150.858,0.05306,1.027,1661.30
1.96750,-4263.20,-4368.32,-1.5132,3.0789,68.639,150.801,0.05954,1.413,1661.35
1.96800,-4221.64,-4348.84,-1.5116,3.3948,68.686,150.717,0.06024,1.726,1661.42
1.96850,-4179.04,-4323.95,-1.5098,3.7530,68.747,150.611,0.06119,1.986,1661.49
1.96900,-4135.40,-4295.59,-1.5078,4.1704,68.816,150.491,0.06333,2.218,1661.57
1.96950,-4090.75,-4265.06,-1.5056,4.6554,68.891,150.360,0.06642,2.440,1661.66
1.97000,-4045.08,-4233.12,-1.5031,5.2128,68.967,150.222,0.07013,2.661,1661.75
1.97050,-3998.42,-4200.20,-1.5004,5.8458,69.045,150.077,0.07428,2.889,1661.85
1.97100,-3950.78,-4166.59,-1.4973,6.5574,69.123,149.927,0.07878,3.127,1661.96
1.97150,-3902.15,-4132.47,-1.4938,7.3501,69.200,149.771,0.08360,3.378,1662.08
1.97200,-3852.57,-4098.01,-1.4899,8.2261,69.276,149.611,0.08876,3.645,1662.20
1.97250,-3802.03,-4063.34,-1.4856,9.1865,69.350,149.445,0.09426,3.932,1662.33
1.97300,-3750.56,-4028.56,-1.4807,10.2306,69.422,149.275,0.10009,4.239,1662.47
1.97350,-3698.16,-3993.75,-1.4753,11.3562,69.491,149.099,0.10627,4.570,1662.62
1.97400,-3644.84,-3958.96,-1.4693,12.5590,69.556,148.918,0.11276,4.926,1662.77
1.97450,-3590.63,-3924.23,-1.4627,13.8331,69.618,148.732,0.11956,5.308,1662.94
1.97500,-3535.53,-3889.54,-1.4555,15.1707,69.676,148.540,0.12661,5.718,1663.12
1.97550,-3479.56,-3854.88,-1.4476,16.5633,69.731,148.342,0.13390,6.156,1663.30
1.97600,-3422.74,-3820.18,-1.4389,18.0014,69.782,148.138,0.14137,6.624,1663.50
1.97650,-3365.06,-3785.39,-1.4296,19.4750,69.829,147.927,0.14898,7.120,1663.71
1.97700,-3306.56,-3750.42,-1.4194,20.9741,69.873,147.708,0.15669,7.646,1663.94
1.97750,-3247.24,-3715.18,-1.4086,22.4889,69.913,147.482,0.16446,8.200,1664.17
1.97800,-3187.12,-3679.57,-1.3970,24.0097,69.951,147.248,0.17224,8.783,1664.42
1.97850,-3126.21,-3643.48,-1.3846,25.5273,69.985,147.005,0.18000,9.395,1664.67
1.97900,-3064.54,-3606.82,-1.3714,27.0329,70.018,146.753,0.18769,10.035,1664.95
1.97950,-3002.10,-3569.47,-1.3575,28.5186,70.048,146.492,0.19529,10.702,1665.23
1.98000,-2938.93,-3531.33,-1.3429,29.9768,70.077,146.222,0.20276,11.397,1665.53
1.98050,-2875.03,-3492.32,-1.3276,31.4008,70.104,145.943,0.21008,12.118,1665.83
1.98100,-2810.42,-3452.34,-1.3115,32.7847,70.130,145.654,0.21721,12.866,1666.16
1.98150,-2745.11,-3411.31,-1.2948,34.1232,70.156,145.355,0.22413,13.641,1666.49
1.98200,-2679.13,-3369.15,-1.2774,35.4118,70.182,145.046,0.23083,14.443,1666.83
1.98250,-2612.49,-3325.80,-1.2594,36.6467,70.208,144.728,0.23728,15.272,1667.19
1.98300,-2545.21,-3281.20,-1.2408,37.8248,70.234,144.400,0.24349,16.128,1667.56
1.98350,-2477.29,-3235.31,-1.2216,38.9437,70.261,144.063,0.24942,17.013,1667.94
1.98400,-2408.77,-3188.07,-1.2018,40.0018,70.289,143.716,0.25508,17.928,1668.33
1.98450,-2339.65,-3139.47,-1.1816,40.9980,70.319,143.360,0.26046,18.873,1668.73
1.98500,-2269.95,-3089.48,-1.1609,41.9317,70.350,142.995,0.26556,19.851,1669.14
1.98550,-2199.70,-3038.09,-1.1397,42.8030,70.383,142.622,0.27038,20.864,1669.56
1.98600,-2128.90,-2985.29,-1.1181,43.6126,70.418,142.240,0.27492,21.914,1669.98
1.98650,-2057.57,-2931.10,-1.0961,44.3615,70.455,141.850,0.27919,23.003,1670.42
1.98700,-1985.74,-2875.51,-1.0737,45.0511,70.494,141.453,0.28318,24.136,1670.87
1.98750,-1913.42,-2818.56,-1.0510,45.6831,70.536,141.048,0.28691,25.316,1671.32
1.98800,-1840.62,-2760.26,-1.0280,46.2599,70.581,140.636,0.29038,26.548,1671.78
1.98850,-1767.37,-2700.64,-1.0048,46.7837,70.628,140.218,0.29362,27.836,1672.24
1.98900,-1693.69,-2639.75,-0.9813,47.2572,70.677,139.793,0.29661,29.187,1672.72
1.98950,-1619.59,-2577.63,-0.9575,47.6831,70.730,139.363,0.29939,30.606,1673.20
1.99000,-1545.08,-2514.31,-0.9336,48.0645,70.785,138.927,0.30195,32.100,1673.68
1.99050,-1470.20,-2449.85,-0.9095,48.4044,70.842,138.486,0.30432,33.677,1674.17
1.99100,-1394.96,-2384.31,-0.8852,48.7058,70.903,138.041,0.30650,35.346,1674.67
1.99150,-1319.37,-2317.72,-0.8608,48.9718,70.966,137.591,0.30852,37.115,1675.16
1.99200,-1243.45,-2250.16,-0.8362,49.2056,71.031,137.137,0.31037,38.994,1675.67
1.99250,-1167.23,-2181.68,-0.8116,49.4101,71.099,136.680,0.31208,40.994,1676.18
1.99300,-1090.72,-2112.33,-0.7868,49.5885,71.170,136.219,0.31365,43.126,1676.69
1.99350,-1013.94,-2042.18,-0.7620,49.7434,71.243,135.756,0.31510,45.401,1677.20
1.99400,-936.91,-1971.28,-0.7371,49.8777,71.317,135.290,0.31645,47.831,1677.72
1.99450,-859.65,-1899.70,-0.7121,49.9940,71.394,134.822,0.31769,50.425,1678.24
1.99500,-782.17,-1827.48,-0.6871,50.0947,71.473,134.351,0.31885,53.194,1678.76
1.99550,-704.51,-1754.68,-0.6620,50.1821,71.554,133.879,0.31992,56.144,1679.28
1.99600,-626.67,-1681.37,-0.6369,50.2584,71.637,133.406,0.32093,59.283,1679.81
1.99650,-548.67,-1607.58,-0.6118,50.3253,71.721,132.931,0.32188,62.609,1680.34
1.99700,-470.54,-1533.37,-0.5866,50.3848,71.806,132.456,0.32277,66.120,1680.87
1.99750,-392.30,-1458.80,-0.5614,50.4383,71.893,131.979,0.32362,69.805,1681.41
1.99800,-313.95,-1383.90,-0.5361,50.4871,71.982,131.502,0.32443,73.647,1681.94
1.99850,-235.53,-1308.71,-0.5109,50.5324,72.071,131.025,0.32519,77.621,1682.48
1.99900,-157.05,-1233.29,-0.4856,50.5752,72.162,130.547,0.32593,81.698,1683.02
1.99950,-78.54,-1157.67,-0.4603,50.6162,72.253,130.069,0.32664,85.838,1683.56
