t,F_ref,F,x_p,v_p,P_A_bar,P_B_bar,u_v,phase_error_deg,iae_cumulative
0.00000,0.00,0.00,0.0000,0.0000,30.000,50.000,-0.00000,0.000,0.00
0.00050,78.22,4.88,0.0000,0.0114,30.014,49.983,0.04103,43.156,0.04
0.00100,154.51,9.67,0.0000,0.0426,30.028,49.965,0.09934,43.151,0.11
0.00150,227.00,19.16,0.0000,0.0947,30.058,49.937,0.17074,42.477,0.21
0.00200,293.89,53.08,0.0001,0.2311,30.175,49.850,0.24106,39.331,0.33
0.00250,353.55,120.75,0.0003,0.5712,30.413,49.681,0.29668,33.363,0.45
0.00300,404.51,225.46,0.0007,1.2398,30.782,49.425,0.32471,23.875,0.54
0.00350,445.50,363.73,0.0016,2.3450,31.272,49.089,0.31498,10.401,0.58
0.00400,475.53,524.60,0.0032,3.9702,31.843,48.700,0.26220,-5.892,0.60
0.00450,493.84,690.14,0.0057,6.1781,32.433,48.303,0.16760,-21.677,0.70
0.00500,500.00,837.16,0.0095,8.9838,32.958,47.953,0.03982,-33.992,0.87
0.00550,493.84,940.24,0.0148,12.2855,33.328,47.712,-0.10542,-42.111,1.09
0.00600,475.53,975.81,0.0218,15.8228,33.459,47.634,-0.24696,-46.453,1.34
0.00650,445.50,928.99,0.0306,19.2027,33.298,47.756,-0.36242,-47.341,1.59
0.00700,404.51,823.65,0.0409,22.0509,32.971,48.088,-0.44708,-46.018,1.80
0.00750,353.55,643.68,0.0525,24.0155,32.487,48.780,-0.47951,-39.372,1.94
0.00800,293.89,401.36,0.0647,24.7355,31.875,49.781,-0.44974,-20.086,1.99
0.00850,227.00,119.51,0.0769,23.9492,31.191,50.989,-0.35632,25.338,2.05
0.00900,154.51,-171.58,0.0884,21.5407,30.501,52.264,-0.20722,64.648,2.21
0.00950,78.22,-437.80,0.0982,17.5693,29.880,53.448,-0.01961,81.381,2.47
0.01000,0.00,-645.59,0.1057,12.2806,29.400,54.380,0.18163,0.000,2.79
0.01050,-78.22,-766.61,0.1104,6.1310,29.120,54.922,0.36667,83.518,3.14
0.01100,-154.51,-788.30,0.1119,0.0371,29.067,55.014,0.50791,76.299,3.45
0.01150,-227.00,-705.96,0.1106,-4.9768,29.351,54.802,0.57946,64.642,3.69
0.01200,-293.89,-501.95,0.1071,-8.7921,30.062,54.286,0.54743,35.296,3.80
0.01250,-353.55,-207.96,0.1020,-11.1863,31.088,53.546,0.40151,-22.382,3.87
0.01300,-404.51,125.29,0.0962,-11.8858,32.254,52.712,0.15025,-52.638,4.13
0.01350,-445.50,434.25,0.0904,-10.8652,33.335,51.940,-0.17773,-63.143,4.57
0.01400,-475.53,652.15,0.0856,-8.4435,34.097,51.395,-0.53597,-67.135,5.14
0.01450,-493.84,725.80,0.0821,-5.3082,34.353,51.206,-0.86883,-67.957,5.75
0.01500,-500.00,655.24,0.0802,-2.3671,34.242,51.609,-1.00000,-66.596,6.33
0.01550,-493.84,428.47,0.0796,-0.5364,33.811,52.782,-1.00000,-61.833,6.79
0.01600,-475.53,83.38,0.0794,-0.3497,33.146,54.548,-1.00000,-49.608,7.07
0.01650,-445.50,-337.69,0.0789,-1.9522,32.339,56.713,-0.95726,-13.604,7.12
0.01700,-404.51,-797.98,0.0772,-5.3596,31.476,59.109,-0.70377,44.208,7.32
0.01750,-353.55,-1245.48,0.0732,-10.7023,30.667,61.491,-0.32678,68.377,7.76
0.01800,-293.89,-1612.46,0.0661,-17.9321,30.055,63.529,0.13444,77.435,8.42
0.01850,-227.00,-1833.20,0.0551,-26.5009,29.775,64.902,0.62437,81.956,9.23
0.01900,-154.51,-1853.23,0.0396,-35.4786,29.936,65.338,1.00000,84.803,10.07
0.01950,-78.22,-1649.41,0.0197,-43.7256,30.648,64.825,1.00000,87.150,10.86
0.02000,-0.00,-1203.20,-0.0038,-49.9993,32.174,63.650,1.00000,0.000,11.46
0.02050,78.22,-577.64,-0.0298,-53.1840,34.317,62.009,1.00000,83.199,11.79
0.02100,154.51,163.70,-0.0564,-52.5291,36.861,60.071,0.88414,-3.404,11.79
0.02150,227.00,954.67,-0.0816,-47.6257,39.581,58.013,0.47994,-72.675,12.16
0.02200,293.89,1695.95,-0.1033,-38.4970,42.136,56.095,-0.07887,-78.161,12.86
0.02250,353.55,2266.16,-0.1195,-25.7696,44.106,54.625,-0.71433,-79.527,13.82
0.02300,404.51,2555.21,-0.1287,-10.6859,45.104,53.881,-1.00000,-79.348,14.89
0.02350,445.50,2546.86,-0.1301,4.4720,45.122,53.979,-1.00000,-78.030,15.94
0.02400,475.53,2300.21,-0.1245,17.6357,44.539,55.063,-1.00000,-75.393,16.85
0.02450,493.84,1870.71,-0.1128,28.8803,43.503,56.916,-1.00000,-70.269,17.54
0.02500,500.00,1309.35,-0.0961,37.3983,42.138,59.319,-1.00000,-58.293,17.95
0.02550,493.84,658.71,-0.0760,42.5812,40.553,62.099,-0.99398,-18.462,18.03
0.02600,475.53,-44.46,-0.0542,44.0432,38.846,65.115,-0.65208,47.557,18.29
0.02650,445.50,-735.59,-0.0326,41.6544,37.175,68.089,-0.15257,69.334,18.88
0.02700,404.51,-1322.48,-0.0131,35.7281,35.750,70.604,0.44748,76.817,19.74
0.02750,353.55,-1717.78,0.0027,27.0570,34.766,72.258,1.00000,80.314,20.78
0.02800,293.89,-1862.52,0.0137,16.8384,34.354,72.778,1.00000,82.239,21.86
0.02850,227.00,-1745.36,0.0195,6.4691,34.736,72.438,1.00000,83.435,22.84
0.02900,154.51,-1397.50,0.0205,-2.0805,35.893,71.468,1.00000,84.315,23.62
0.02950,78.22,-887.10,0.0180,-7.4003,37.600,70.059,1.00000,85.368,24.10
0.03000,0.00,-268.42,0.0136,-9.6095,39.674,68.360,1.00000,0.000,24.24
0.03050,-78.22,415.62,0.0089,-8.4623,41.972,66.491,0.65899,-81.000,24.48
0.03100,-154.51,1088.11,0.0057,-3.9301,44.236,64.659,0.11692,-82.912,25.10
0.03150,-227.00,1631.98,0.0054,2.9740,46.069,63.182,-0.53794,-83.038,26.03
0.03200,-293.89,1932.93,0.0089,11.0578,47.082,62.362,-1.00000,-82.482,27.15
0.03250,-353.55,1932.52,0.0165,19.6377,47.081,62.364,-1.00000,-81.209,28.29
0.03300,-404.51,1697.77,0.0284,27.4333,46.449,63.267,-1.00000,-79.109,29.34
0.03350,-445.50,1285.61,0.0437,33.3710,45.395,64.945,-1.00000,-75.568,30.21
0.03400,-475.53,751.19,0.0613,36.6659,44.054,67.163,-1.00000,-68.812,30.82
0.03450,-493.84,139.73,0.0798,36.8034,42.540,69.736,-1.00000,-52.065,31.14
0.03500,-500.00,-511.45,0.0975,33.4986,40.955,72.520,-0.91252,1.312,31.14
0.03550,-493.84,-1162.77,0.1127,26.6777,39.402,75.360,-0.54196,53.563,31.48
0.03600,-475.53,-1748.36,0.1236,16.5448,38.040,77.970,-0.03729,69.514,32.11
0.03650,-445.50,-2184.59,0.1288,3.7914,37.063,79.977,0.54108,75.631,32.98
0.03700,-404.51,-2398.39,0.1274,-9.3321,36.631,81.039,1.00000,78.532,33.98
0.03750,-353.55,-2353.90,0.1195,-22.1646,36.831,81.001,1.00000,79.977,34.98
0.03800,-293.89,-2038.70,0.1054,-33.9083,37.878,80.119,1.00000,80.439,35.85
0.03850,-227.00,-1497.33,0.0860,-43.2107,39.675,78.602,1.00000,79.869,36.49
0.03900,-154.51,-797.57,0.0628,-49.0513,41.999,76.644,1.00000,76.490,36.81
0.03950,-78.22,4.75,0.0376,-50.7446,44.666,74.403,0.85939,-46.688,36.85
0.04000,-0.00,845.58,0.0128,-47.9217,47.465,72.061,0.41208,0.000,37.27
0.04050,78.22,1621.29,-0.0095,-40.6551,50.051,69.907,-0.18910,-87.098,38.05
0.04100,154.51,2204.86,-0.0272,-29.6494,52.000,68.293,-0.85793,-85.691,39.07
0.04150,227.00,2483.09,-0.0388,-16.2449,52.933,67.529,-1.00000,-84.255,40.20
0.04200,293.89,2468.60,-0.0434,-2.2489,52.948,67.674,-1.00000,-82.304,41.29
0.04250,353.55,2225.75,-0.0414,9.6918,52.376,68.745,-1.00000,-79.306,42.22
0.04300,404.51,1812.16,-0.0340,19.4064,51.364,70.505,-1.00000,-73.967,42.93
0.04350,445.50,1276.73,-0.0224,26.5639,50.036,72.754,-1.00000,-61.811,43.34
0.04400,475.53,659.71,-0.0080,30.6189,48.499,75.334,-1.00000,-21.173,43.43
0.04450,493.84,-4.91,0.0076,31.2258,46.847,78.120,-0.66703,45.284,43.68
0.04500,500.00,-655.31,0.0226,28.2782,45.238,80.857,-0.17538,66.598,44.26
0.04550,493.84,-1200.95,0.0353,22.0991,43.891,83.160,0.41463,73.754,45.11
0.04600,475.53,-1555.47,0.0443,13.4853,43.013,84.651,1.00000,76.822,46.12
0.04650,445.50,-1655.53,0.0486,3.7323,42.754,85.053,1.00000,78.028,47.17
0.04700,404.51,-1496.14,0.0483,-4.8640,43.265,84.576,1.00000,77.985,48.12
0.04750,353.55,-1110.39,0.0441,-11.2341,44.513,83.441,1.00000,76.423,48.86
0.04800,293.89,-566.16,0.0374,-15.0840,46.279,81.849,1.00000,71.134,49.29
0.04850,227.00,82.58,0.0296,-15.8099,48.387,79.957,0.97197,32.464,49.36
0.04900,154.51,788.29,0.0222,-13.0176,50.684,77.903,0.57269,-76.299,49.68
0.04950,78.22,1463.37,0.0172,-6.6717,52.881,75.940,-0.00578,-86.768,50.37
0.05000,-0.00,1982.09,0.0160,2.1571,54.567,74.428,-0.68536,0.000,51.36
0.05050,-78.22,2228.62,0.0194,11.7303,55.363,73.699,-1.00000,-88.058,52.51
0.05100,-154.51,2175.99,0.0277,21.4783,55.195,73.858,-1.00000,-86.207,53.68
0.05150,-227.00,1895.51,0.0407,30.1945,54.424,74.910,-1.00000,-83.896,54.74
0.05200,-293.89,1443.06,0.0576,36.8167,53.217,76.670,-1.00000,-80.396,55.61
0.05250,-353.55,872.42,0.0771,40.5788,51.713,78.919,-1.00000,-73.913,56.22
0.05300,-404.51,227.93,0.0976,40.9809,50.032,81.487,-1.00000,-57.397,56.54
0.05350,-445.50,-453.56,0.1174,37.7509,48.275,84.238,-0.91595,1.036,56.54
0.05400,-475.53,-1132.91,0.1347,30.8275,46.551,87.026,-0.55082,54.119,56.87
0.05450,-493.84,-1744.51,0.1477,20.4257,45.028,89.584,-0.05499,68.453,57.50
0.05500,-500.00,-2204.92,0.1547,7.1956,43.911,91.560,0.51111,73.655,58.35
0.05550,-493.84,-2440.59,0.1547,-6.8625,43.377,92.633,1.00000,75.766,59.32
0.05600,-475.53,-2412.57,0.1479,-20.3850,43.519,92.636,1.00000,76.207,60.29
0.05650,-445.50,-2108.72,0.1345,-32.8879,44.509,91.754,1.00000,75.005,61.12
0.05700,-404.51,-1570.94,0.1154,-42.9927,46.255,90.183,1.00000,70.874,61.70
0.05750,-353.55,-868.17,0.0921,-49.6372,48.536,88.129,1.00000,55.510,61.96
0.05800,-293.89,-57.31,0.0665,-52.0995,51.170,85.760,0.77918,-38.834,62.08
0.05850,-227.00,786.49,0.0408,-49.9972,53.912,83.300,0.28552,-77.375,62.59
0.05900,-154.51,1546.66,0.0172,-43.4633,56.387,81.090,-0.35210,-84.810,63.44
0.05950,-78.22,2091.93,-0.0021,-33.3016,58.169,79.515,-1.00000,-87.936,64.52
0.06000,-0.00,2316.83,-0.0157,-20.9517,58.915,78.884,-1.00000,0.000,65.68
0.06050,78.22,2270.34,-0.0230,-8.0769,58.866,79.191,-1.00000,-87.956,66.78
0.06100,154.51,2010.06,-0.0240,3.3543,58.250,80.333,-1.00000,-85.240,67.70
0.06150,227.00,1594.99,-0.0201,11.8680,57.220,82.075,-1.00000,-80.579,68.39
0.06200,293.89,1071.93,-0.0126,17.8042,55.900,84.235,-1.00000,-69.307,68.78
0.06250,353.55,478.03,-0.0028,20.7903,54.394,86.673,-0.97871,-19.395,68.84
0.06300,404.51,-153.36,0.0077,20.5431,52.794,89.268,-0.62818,54.054,69.12
0.06350,445.50,-759.81,0.0172,17.0161,51.264,91.772,-0.12690,69.715,69.72
0.06400,475.53,-1251.88,0.0242,10.5955,50.033,93.820,0.46584,74.609,70.59
0.06450,493.84,-1545.72,0.0275,2.2907,49.308,95.061,1.00000,76.389,71.61
0.06500,500.00,-1589.13,0.0266,-5.7613,49.219,95.275,1.00000,76.540,72.65
0.06550,493.84,-1378.64,0.0219,-12.7031,49.888,94.635,1.00000,75.225,73.59
0.06600,475.53,-950.22,0.0142,-17.8562,51.248,93.331,1.00000,71.555,74.30
0.06650,445.50,-370.87,0.0045,-20.3229,53.087,91.570,1.00000,61.378,74.71
0.06700,404.51,305.24,-0.0056,-19.4788,55.235,89.514,0.95010,13.788,74.76
0.06750,353.55,1027.58,-0.0144,-14.9785,57.528,87.316,0.54228,-62.321,75.09
0.06800,293.89,1705.59,-0.0200,-6.8567,59.677,85.248,-0.03858,-78.240,75.80
0.06850,227.00,2213.74,-0.0208,3.6022,61.281,83.688,-0.71255,-83.482,76.79
0.06900,154.51,2438.43,-0.0163,14.7387,61.979,82.979,-1.00000,-86.130,77.93
0.06950,78.22,2359.38,-0.0061,25.9832,61.722,83.208,-1.00000,-88.036,79.08
0.07000,-0.00,2048.92,0.0095,36.0236,60.835,84.318,-1.00000,0.000,80.10
0.07050,-78.22,1563.21,0.0296,43.7665,59.483,86.112,-1.00000,-87.272,80.92
0.07100,-154.51,956.64,0.0528,48.4224,57.812,88.381,-1.00000,-82.084,81.48
0.07150,-227.00,274.25,0.0774,49.4735,55.946,90.957,-1.00000,-65.636,81.73
0.07200,-293.89,-446.22,0.1016,46.6358,53.994,93.708,-0.84245,27.399,81.80
0.07250,-353.55,-1157.45,0.1234,39.8545,52.088,96.459,-0.44006,66.260,82.20
0.07300,-404.51,-1785.23,0.1408,29.4056,50.424,98.917,0.08311,73.671,82.90
0.07350,-445.50,-2244.33,0.1523,16.0050,49.222,100.739,0.66145,76.090,83.79
0.07400,-475.53,-2461.05,0.1565,0.9611,48.667,101.621,1.00000,76.531,84.79
0.07450,-493.84,-2411.98,0.1535,-12.9683,48.838,101.496,1.00000,75.562,85.75
0.07500,-500.00,-2086.02,0.1438,-25.5309,49.872,100.503,1.00000,72.502,86.54
0.07550,-493.84,-1539.28,0.1283,-35.6726,51.608,98.840,1.00000,64.715,87.06
0.07600,-475.53,-836.89,0.1087,-42.3888,53.840,96.707,1.00000,37.232,87.24
0.07650,-445.50,-32.70,0.0866,-44.9956,56.397,94.268,0.69142,-42.818,87.45
0.07700,-404.51,789.26,0.0644,-43.1542,59.014,91.780,0.15152,-71.281,88.05
0.07750,-353.55,1501.85,0.0442,-37.1041,61.288,89.631,-0.51652,-79.211,88.97
0.07800,-293.89,1973.29,0.0279,-27.7770,62.801,88.224,-1.00000,-82.614,90.11
0.07850,-227.00,2130.83,0.0167,-16.6864,63.324,87.783,-1.00000,-84.501,91.29
0.07900,-154.51,2037.19,0.0112,-5.4063,63.134,88.247,-1.00000,-85.967,92.38
0.07950,-78.22,1747.59,0.0110,4.0281,62.413,89.459,-1.00000,-87.547,93.30
0.08000,-0.00,1318.72,0.0148,10.6594,61.314,91.200,-1.00000,0.000,93.95
0.08050,78.22,794.94,0.0212,14.7010,59.957,93.304,-1.00000,-83.772,94.31
0.08100,154.51,211.71,0.0290,15.8406,58.443,95.642,-0.94556,-20.314,94.34
0.08150,227.00,-395.93,0.0366,13.8720,56.872,98.086,-0.57950,69.978,94.65
0.08200,293.89,-963.85,0.0424,8.8491,55.414,100.389,-0.06905,76.848,95.28
0.08250,353.55,-1404.63,0.0450,1.4602,54.299,102.204,0.52465,78.630,96.16
0.08300,404.51,-1639.79,0.0437,-6.5154,53.727,103.211,1.00000,78.807,97.18
0.08350,445.50,-1627.47,0.0385,-14.4336,53.808,103.242,1.00000,77.871,98.22
0.08400,475.53,-1360.64,0.0294,-21.4974,54.652,102.425,1.00000,75.481,99.14
0.08450,493.84,-880.68,0.0173,-26.4921,56.160,100.939,1.00000,70.237,99.82
0.08500,500.00,-254.71,0.0034,-28.4947,58.123,98.994,1.00000,56.475,100.20
0.08550,493.84,462.78,-0.0106,-26.9064,60.370,96.761,0.91644,3.600,100.22
0.08600,475.53,1216.59,-0.0228,-21.4207,62.727,94.407,0.49225,-57.312,100.59
0.08650,445.50,1911.20,-0.0313,-12.1179,64.894,92.229,-0.09805,-73.093,101.32
0.08700,404.51,2419.66,-0.0344,0.0450,66.472,90.622,-0.77118,-78.650,102.33
0.08750,353.55,2629.08,-0.0313,12.5725,67.109,89.939,-1.00000,-81.168,103.47
0.08800,293.89,2535.96,-0.0219,24.9691,66.812,90.220,-1.00000,-82.532,104.59
0.08850,227.00,2210.79,-0.0065,36.0955,65.873,91.365,-1.00000,-83.472,105.58
0.08900,154.51,1710.30,0.0138,44.8490,64.452,93.167,-1.00000,-84.328,106.36
0.08950,78.22,1088.06,0.0378,50.4301,62.696,95.426,-1.00000,-85.571,106.86
0.09000,0.00,388.68,0.0636,52.3086,60.733,97.983,-1.00000,0.000,107.06
0.09050,-78.22,-350.26,0.0894,50.1873,58.673,100.706,-0.78216,73.959,107.19
0.09100,-154.51,-1075.35,0.1132,44.0092,56.666,103.404,-0.35144,80.475,107.65
0.09150,-227.00,-1706.05,0.1328,34.0888,54.930,105.767,0.19051,81.275,108.39
0.09200,-293.89,-2156.49,0.1467,21.1950,53.694,107.461,0.77405,81.033,109.32
0.09250,-353.55,-2354.45,0.1537,6.5403,53.147,108.199,1.00000,79.979,110.32
0.09300,-404.51,-2285.90,0.1534,-7.4026,53.357,107.978,1.00000,77.866,111.26
0.09350,-445.50,-1944.36,0.1466,-19.3368,54.416,106.897,1.00000,73.447,112.01
0.09400,-475.53,-1395.30,0.1345,-28.8365,56.126,105.171,1.00000,62.661,112.47
0.09450,-493.84,-700.64,0.1184,-34.9774,58.293,102.994,0.99335,22.722,112.58
0.09500,-500.00,87.54,0.1002,-37.1249,60.755,100.530,0.60057,-49.602,112.87
0.09550,-493.84,876.18,0.0820,-34.9996,63.222,98.068,0.01621,-70.178,113.56
0.09600,-475.53,1528.60,0.0658,-28.9596,65.267,96.040,-0.68041,-76.652,114.56
0.09650,-445.50,1913.25,0.0535,-20.0716,66.482,94.860,-1.00000,-79.304,115.74
0.09700,-404.51,1993.47,0.0460,-9.9237,66.760,94.654,-1.00000,-80.425,116.94
0.09750,-353.55,1841.12,0.0435,-0.2453,66.387,95.302,-1.00000,-80.848,118.03
0.09800,-293.89,1512.01,0.0453,6.9780,65.529,96.615,-1.00000,-80.757,118.94
0.09850,-227.00,1059.73,0.0501,11.7720,64.333,98.390,-1.00000,-79.995,119.58
0.09900,-154.51,525.77,0.0566,13.9548,62.915,100.476,-1.00000,-77.204,119.92
0.09950,-78.22,-56.01,0.0635,13.2285,61.372,102.753,-0.92941,-15.849,119.93
0.10000,0.00,-650.37,0.0693,9.4648,59.805,105.095,-0.55884,0.000,120.26
0.10050,78.22,-1193.60,0.0725,2.9176,58.389,107.262,-0.04903,86.481,120.89
0.10100,154.51,-1602.23,0.0720,-5.0636,57.346,108.929,0.53949,84.974,121.77
0.10150,227.00,-1801.97,0.0673,-13.7813,56.870,109.799,1.00000,83.616,122.79
0.10200,293.89,-1751.57,0.0582,-22.6896,57.072,109.716,1.00000,81.824,123.81
0.10250,353.55,-1442.62,0.0448,-30.5183,58.049,108.770,1.00000,78.864,124.71
0.10300,404.51,-918.86,0.0281,-35.9961,59.687,107.135,1.00000,73.003,125.37
0.10350,445.50,-248.57,0.0094,-38.1894,61.775,105.030,1.00000,57.305,125.72
0.10400,475.53,512.64,-0.0095,-36.4986,64.141,102.630,0.88180,-4.462,125.73
0.10450,493.84,1304.04,-0.0264,-30.6319,66.594,100.124,0.44005,-58.636,126.14
0.10500,500.00,2024.28,-0.0394,-20.7172,68.821,97.833,-0.16161,-71.839,126.90
0.10550,493.84,2544.74,-0.0466,-7.5287,70.424,96.167,-0.83659,-76.461,127.93
0.10600,475.53,2750.83,-0.0468,6.6136,71.050,95.492,-1.00000,-78.195,129.06
0.10650,445.50,2656.90,-0.0401,19.9002,70.763,95.797,-1.00000,-78.610,130.17
0.10700,404.51,2332.18,-0.0271,31.9302,69.826,96.942,-1.00000,-78.149,131.13
0.10750,353.55,1833.34,-0.0086,41.6230,68.398,98.719,-1.00000,-76.563,131.87
0.10800,293.89,1212.36,0.0140,48.1741,66.624,100.938,-1.00000,-72.256,132.33
0.10850,227.00,512.74,0.0390,51.0409,64.631,103.445,-1.00000,-51.536,132.48
0.10900,154.51,-228.71,0.0644,49.9093,62.527,106.117,-0.72615,68.042,132.67
0.10950,78.22,-953.46,0.0882,44.7119,60.479,108.744,-0.26788,85.664,133.18
0.11000,-0.00,-1575.32,0.1085,35.7877,58.725,111.003,0.29358,0.000,133.97
0.11050,-78.22,-2007.88,0.1235,23.9426,57.501,112.567,0.88481,87.679,134.94
0.11100,-154.51,-2180.25,0.1321,10.4060,56.997,113.164,1.00000,85.638,135.95
0.11150,-227.00,-2086.07,0.1339,-2.8423,57.271,112.836,1.00000,83.039,136.88
0.11200,-293.89,-1728.15,0.1297,-13.5641,58.358,111.665,1.00000,78.420,137.60
0.11250,-353.55,-1178.56,0.1208,-21.7573,60.039,109.887,1.00000,66.803,138.01
0.11300,-404.51,-496.06,0.1085,-26.6748,62.133,107.688,0.93841,12.752,138.05
0.11350,-445.50,263.04,0.0948,-27.7614,64.464,105.248,0.51366,-57.840,138.41
0.11400,-475.53,1000.03,0.0814,-24.8481,66.730,102.883,-0.09225,-72.137,139.15
0.11450,-493.84,1578.96,0.0705,-18.4110,68.512,101.029,-0.79458,-76.599,140.18
0.11500,-500.00,1872.31,0.0634,-9.6298,69.421,100.099,-1.00000,-78.098,141.37
0.11550,-493.84,1873.76,0.0610,-0.4160,69.448,100.131,-1.00000,-78.218,142.55
0.11600,-475.53,1659.53,0.0627,7.0296,68.874,100.960,-1.00000,-77.444,143.62
0.11650,-445.50,1286.15,0.0677,12.5043,67.860,102.382,-1.00000,-75.572,144.49
0.11700,-404.51,802.98,0.0748,15.6830,66.543,104.213,-1.00000,-71.479,145.09
0.11750,-353.55,249.87,0.0829,16.1334,65.036,106.311,-1.00000,-59.633,145.39
0.11800,-293.89,-340.33,0.0904,13.5973,63.435,108.562,-0.89680,8.979,145.41
0.11850,-227.00,-930.09,0.0960,8.0230,61.850,110.833,-0.51801,72.107,145.77
0.11900,-154.51,-1454.54,0.0980,-0.0525,60.459,112.886,-0.00876,83.222,146.42
0.11950,-78.22,-1834.25,0.0958,-9.1702,59.478,114.415,0.57063,87.450,147.29
0.12000,-0.00,-1997.90,0.0887,-19.2347,59.097,115.144,1.00000,0.000,148.29
0.12050,78.22,-1909.57,0.0765,-29.3161,59.418,114.943,1.00000,87.747,149.29
0.12100,154.51,-1557.50,0.0596,-38.0653,60.530,113.862,1.00000,84.843,150.14
0.12150,227.00,-990.59,0.0389,-44.1902,62.297,112.083,1.00000,79.440,150.75
0.12200,293.89,-277.56,0.0160,-46.7537,64.509,109.828,1.00000,62.784,151.04
0.12250,353.55,525.38,-0.0072,-45.1572,66.992,107.275,0.81361,-25.920,151.12
0.12300,404.51,1348.16,-0.0284,-39.1302,69.530,104.648,0.33895,-66.797,151.59
0.12350,445.50,2079.67,-0.0456,-28.8839,71.781,102.305,-0.28283,-74.751,152.41
0.12400,475.53,2590.16,-0.0567,-15.2840,73.350,100.666,-0.95943,-77.326,153.47
0.12450,493.84,2767.43,-0.0606,-0.0566,73.895,100.096,-1.00000,-77.745,154.61
0.12500,500.00,2656.82,-0.0571,13.7356,73.578,100.490,-1.00000,-76.948,155.68
0.12550,493.84,2322.63,-0.0471,26.0248,72.624,101.685,-1.00000,-74.888,156.60
0.12600,475.53,1823.35,-0.0314,35.9959,71.194,103.462,-1.00000,-70.567,157.27
0.12650,445.50,1207.90,-0.0116,42.8808,69.427,105.646,-1.00000,-59.700,157.65
0.12700,404.51,517.36,0.0108,46.1581,67.445,108.098,-0.97206,-15.588,157.71
0.12750,353.55,-210.54,0.0339,45.5278,65.361,110.689,-0.62165,57.922,157.99
0.12800,293.89,-909.64,0.0557,40.9571,63.362,113.184,-0.12329,76.277,158.59
0.12850,227.00,-1488.33,0.0743,32.8584,61.706,115.245,0.46324,82.462,159.45
0.12900,154.51,-1861.45,0.0881,22.1168,60.627,116.557,1.00000,85.617,160.46
0.12950,78.22,-1972.88,0.0962,10.0140,60.283,116.912,1.00000,87.816,161.49
0.13000,-0.00,-1809.43,0.0982,-1.5606,60.758,116.342,1.00000,0.000,162.39
0.13050,-78.22,-1408.38,0.0951,-10.3536,61.959,115.001,1.00000,86.635,163.05
0.13100,-154.51,-839.64,0.0883,-16.4010,63.673,113.118,1.00000,77.291,163.40
0.13150,-227.00,-157.90,0.0793,-19.1647,65.732,110.870,0.86201,-16.929,163.43
0.13200,-293.89,574.30,0.0698,-18.2195,67.946,108.458,0.39773,-71.299,163.87
0.13250,-353.55,1251.01,0.0617,-13.5687,69.991,106.227,-0.23086,-77.574,164.67
0.13300,-404.51,1738.61,0.0567,-5.9103,71.463,104.616,-0.93256,-79.311,165.74
0.13350,-445.50,1917.72,0.0559,2.7825,71.999,104.017,-1.00000,-79.324,166.92
0.13400,-475.53,1825.99,0.0593,10.5347,71.733,104.339,-1.00000,-78.326,168.07
0.13450,-493.84,1534.09,0.0663,17.0576,70.909,105.398,-1.00000,-76.314,169.09
0.13500,-500.00,1097.89,0.0760,21.5944,69.681,106.987,-1.00000,-72.624,169.89
0.13550,-493.84,564.77,0.0874,23.5242,68.184,108.933,-1.00000,-64.991,170.41
0.13600,-475.53,-26.46,0.0990,22.4531,66.530,111.103,-1.00000,-43.361,170.64
0.13650,-445.50,-643.63,0.1093,18.1869,64.814,113.388,-0.82220,23.976,170.74
0.13700,-404.51,-1242.52,0.1167,10.7384,63.167,115.632,-0.41493,64.233,171.16
0.13750,-353.55,-1752.14,0.1196,0.6753,61.786,117.577,0.10765,75.813,171.86
0.13800,-293.89,-2095.12,0.1173,-10.1847,60.884,118.932,0.68179,80.733,172.76
0.13850,-227.00,-2205.59,0.1093,-21.7353,60.640,119.446,1.00000,83.455,173.75
0.13900,-154.51,-2061.55,0.0956,-33.0120,61.123,119.051,1.00000,85.368,174.70
0.13950,-78.22,-1651.15,0.0766,-42.6358,62.410,117.776,1.00000,87.153,175.49
0.14000,0.00,-1034.33,0.0534,-49.3305,64.323,115.824,1.00000,0.000,176.00
0.14050,78.22,-277.94,0.0279,-52.1922,66.659,113.414,1.00000,77.614,176.18
0.14100,154.51,562.96,0.0020,-50.6501,69.248,110.721,0.69493,-69.280,176.39
0.14150,227.00,1404.00,-0.0220,-44.4843,71.831,108.018,0.16305,-79.084,176.97
0.14200,293.89,2118.86,-0.0418,-34.0537,74.026,105.719,-0.49316,-80.852,177.89
0.14250,353.55,2577.52,-0.0555,-20.4027,75.439,104.252,-1.00000,-80.967,179.00
0.14300,404.51,2704.18,-0.0619,-5.1931,75.840,103.865,-1.00000,-80.024,180.15
0.14350,445.50,2561.75,-0.0609,8.7438,75.449,104.400,-1.00000,-78.112,181.21
0.14400,475.53,2211.76,-0.0535,20.6067,74.456,105.663,-1.00000,-74.683,182.07
0.14450,493.84,1709.91,-0.0407,30.1383,73.020,107.452,-1.00000,-67.898,182.68
0.14500,500.00,1101.72,-0.0239,36.6411,71.272,109.606,-1.00000,-50.275,182.98
0.14550,493.84,425.46,-0.0046,39.6383,69.326,111.997,-0.88121,7.884,183.02
0.14600,475.53,-274.29,0.0151,38.8769,67.313,114.473,-0.48307,57.617,183.39
0.14650,445.50,-923.65,0.0336,34.4192,65.444,116.771,0.05039,71.976,184.08
0.14700,404.51,-1431.59,0.0490,26.7839,63.978,118.560,0.65316,77.576,185.00
0.14750,353.55,-1716.63,0.0600,16.9496,63.142,119.542,1.00000,80.308,186.03
0.14800,293.89,-1747.83,0.0658,6.2522,63.030,119.616,1.00000,81.809,187.05
0.14850,227.00,-1512.23,0.0665,-3.1990,63.719,118.801,1.00000,82.564,187.92
0.14900,154.51,-1066.17,0.0631,-9.8420,65.044,117.292,1.00000,82.786,188.53
0.14950,78.22,-474.50,0.0571,-13.6469,66.810,115.303,1.00000,81.945,188.81
0.15000,-0.00,211.49,0.0500,-14.1237,68.859,113.002,0.79323,0.000,188.91
0.15050,-78.22,923.45,0.0436,-10.9731,70.983,110.610,0.29842,-85.535,189.41
0.15100,-154.51,1549.47,0.0396,-4.4387,72.847,108.499,-0.34443,-84.819,190.27
0.15150,-227.00,1960.54,0.0395,3.9136,74.061,107.097,-1.00000,-84.076,191.36
0.15200,-293.89,2054.16,0.0436,12.5728,74.321,106.750,-1.00000,-82.866,192.53
0.15250,-353.55,1889.77,0.0520,20.7943,73.825,107.294,-1.00000,-81.044,193.66
0.15300,-404.51,1531.27,0.0641,27.5122,72.780,108.540,-1.00000,-78.197,194.62
0.15350,-445.50,1036.18,0.0791,31.8611,71.348,110.279,-1.00000,-73.265,195.36
0.15400,-475.53,451.45,0.0955,33.2513,69.664,112.345,-1.00000,-62.843,195.83
0.15450,-493.84,-184.16,0.1118,31.3290,67.843,114.606,-1.00000,-32.091,195.98
0.15500,-500.00,-838.43,0.1262,25.9425,65.982,116.957,-0.75240,34.092,196.15
0.15550,-493.84,-1460.22,0.1371,17.1554,64.230,119.219,-0.31680,62.932,196.64
0.15600,-475.53,-1971.99,0.1429,5.4308,62.808,121.113,0.22077,72.371,197.38
0.15650,-445.50,-2295.76,0.1424,-7.3442,61.933,122.353,0.79202,76.462,198.31
0.15700,-404.51,-2370.69,0.1355,-20.2165,61.772,122.710,1.00000,78.375,199.29
0.15750,-353.55,-2186.44,0.1223,-32.6256,62.368,122.167,1.00000,79.082,200.21
0.15800,-293.89,-1734.96,0.1032,-43.1675,63.770,120.741,1.00000,78.473,200.93
0.15850,-227.00,-1084.98,0.0796,-50.5908,65.773,118.664,1.00000,75.181,201.36
0.15900,-154.51,-300.99,0.0533,-54.0196,68.182,116.145,0.96418,43.472,201.43
0.15950,-78.22,559.02,0.0264,-52.9105,70.818,113.371,0.56229,-83.002,201.75
0.16000,-0.00,1396.93,0.0012,-47.1122,73.383,110.664,-0.02173,0.000,202.45
0.16050,78.22,2076.13,-0.0201,-37.1248,75.467,108.477,-0.70654,-87.758,203.45
0.16100,154.51,2467.85,-0.0355,-24.1511,76.682,107.238,-1.00000,-86.179,204.60
0.16150,227.00,2542.88,-0.0440,-9.8900,76.942,107.046,-1.00000,-84.402,205.76
0.16200,293.89,2371.71,-0.0455,3.5420,76.482,107.706,-1.00000,-81.949,206.80
0.16250,353.55,2011.23,-0.0409,14.3010,75.469,109.021,-1.00000,-77.960,207.63
0.16300,404.51,1514.44,-0.0316,22.6851,74.054,110.803,-1.00000,-69.976,208.18
0.16350,445.50,923.39,-0.0187,28.1533,72.360,112.906,-1.00000,-47.009,208.42
0.16400,475.53,273.41,-0.0040,30.2904,70.494,115.212,-0.81487,23.028,208.52
0.16450,493.84,-386.90,0.0110,28.9002,68.598,117.554,-0.38494,60.720,208.96
0.16500,500.00,-979.25,0.0244,24.1302,66.897,119.656,0.16954,71.324,209.70
0.16550,493.84,-1414.39,0.0346,16.5863,65.646,121.197,0.77854,75.490,210.66
0.16600,475.53,-1614.77,0.0407,7.3401,65.063,121.895,1.00000,77.184,211.70
0.16650,445.50,-1565.64,0.0420,-1.7502,65.201,121.716,1.00000,77.510,212.71
0.16700,404.51,-1261.99,0.0393,-8.7704,66.099,120.681,1.00000,76.356,213.54
0.16750,353.55,-769.00,0.0336,-13.4703,67.562,119.012,1.00000,72.518,214.10
0.16800,293.89,-147.49,0.0263,-15.2385,69.410,116.912,1.00000,56.343,214.32
0.16850,227.00,553.32,0.0190,-13.5700,71.491,114.540,0.73767,-55.177,214.49
0.16900,154.51,1259.75,0.0133,-8.2689,73.582,112.140,0.22050,-82.042,215.04
0.16950,78.22,1855.20,0.0112,0.0359,75.336,110.101,-0.43110,-87.480,215.93
0.17000,-0.00,2215.31,0.0135,9.5035,76.382,108.843,-1.00000,0.000,217.04
0.17050,-78.22,2256.99,0.0208,19.5568,76.474,108.648,-1.00000,-88.082,218.20
0.17100,-154.51,2042.94,0.0330,28.9667,75.817,109.338,-1.00000,-85.978,219.30
0.17150,-227.00,1635.78,0.0495,36.5678,74.606,110.712,-1.00000,-83.052,220.23
0.17200,-293.89,1093.10,0.0691,41.4907,73.005,112.566,-1.00000,-78.036,220.93
0.17250,-353.55,462.23,0.0904,43.1476,71.152,114.735,-1.00000,-66.569,221.34
0.17300,-404.51,-217.53,0.1117,41.1919,69.166,117.089,-1.00000,-24.808,221.43
0.17350,-445.50,-913.23,0.1310,35.4840,67.147,119.522,-0.68702,46.394,221.66
0.17400,-475.53,-1566.74,0.1465,26.1164,65.265,121.832,-0.22165,66.453,222.21
0.17450,-493.84,-2093.62,0.1566,13.5864,63.763,123.718,0.33504,72.845,223.01
0.17500,-500.00,-2414.08,0.1598,-0.8723,62.866,124.894,0.90997,75.360,223.97
0.17550,-493.84,-2468.84,0.1558,-14.7516,62.739,125.139,1.00000,75.961,224.95
0.17600,-475.53,-2256.25,0.1451,-27.9239,63.404,124.476,1.00000,75.049,225.84
0.17650,-445.50,-1780.66,0.1283,-39.1163,64.863,122.943,1.00000,71.548,226.51
0.17700,-404.51,-1115.82,0.1065,-47.1236,66.894,120.789,1.00000,60.374,226.87
0.17750,-353.55,-323.10,0.0818,-51.1037,69.313,118.214,0.87773,-4.923,226.88
0.17800,-293.89,530.76,0.0562,-50.5527,71.915,115.435,0.42582,-70.385,227.29
0.17850,-227.00,1336.80,0.0320,-45.4227,74.373,112.814,-0.19347,-81.741,228.08
0.17900,-154.51,1957.52,0.0114,-36.3415,76.274,110.811,-0.89042,-85.816,229.13
0.17950,-78.22,2268.30,-0.0039,-24.6293,77.248,109.844,-1.00000,-88.091,230.30
0.18000,-0.00,2287.71,-0.0130,-11.9807,77.353,109.858,-1.00000,0.000,231.45
0.18050,78.22,2082.60,-0.0160,-0.0360,76.804,110.651,-1.00000,-87.765,232.45
0.18100,154.51,1708.77,-0.0136,9.0677,75.758,112.023,-1.00000,-84.323,233.23
0.18150,227.00,1216.50,-0.0073,15.5808,74.362,113.800,-1.00000,-77.080,233.72
0.18200,293.89,644.75,0.0015,19.2809,72.732,115.848,-1.00000,-50.049,233.90
0.18250,353.55,25.90,0.0114,19.8452,70.966,118.060,-0.75370,42.823,234.06
0.18300,404.51,-588.11,0.0208,17.1529,69.214,120.258,-0.30008,67.828,234.56
0.18350,445.50,-1115.98,0.0281,11.4543,67.713,122.155,0.26573,74.076,235.34
0.18400,475.53,-1471.78,0.0319,3.5564,66.707,123.443,0.87112,76.277,236.31
0.18450,493.84,-1584.90,0.0316,-4.5808,66.396,123.868,1.00000,76.636,237.35
0.18500,500.00,-1453.27,0.0275,-11.8153,66.796,123.437,1.00000,75.642,238.33
0.18550,493.84,-1079.24,0.0200,-17.5774,67.915,122.185,1.00000,72.571,239.12
0.18600,475.53,-531.06,0.0103,-20.8638,69.550,120.341,1.00000,64.713,239.62
0.18650,445.50,132.03,-0.0003,-20.9424,71.523,118.105,1.00000,35.132,239.78
0.18700,404.51,861.80,-0.0100,-17.3689,73.689,115.633,0.67348,-48.505,240.00
0.18750,353.55,1577.31,-0.0170,-10.0248,75.803,113.193,0.13058,-73.886,240.62
0.18800,293.89,2155.09,-0.0195,0.3321,77.497,111.203,-0.53140,-81.027,241.55
0.18850,227.00,2473.21,-0.0166,11.5812,78.412,110.076,-1.00000,-84.229,242.67
0.18900,154.51,2469.93,-0.0079,23.2335,78.365,110.026,-1.00000,-86.182,243.83
0.18950,78.22,2215.36,0.0065,34.0139,77.581,110.841,-1.00000,-87.904,244.90
0.19000,-0.00,1768.81,0.0258,42.7468,76.238,112.324,-1.00000,0.000,245.78
0.19050,-78.22,1187.33,0.0488,48.5583,74.502,114.275,-1.00000,-86.463,246.41
0.19100,-154.51,518.12,0.0738,50.8570,72.511,116.534,-1.00000,-77.063,246.75
0.19150,-227.00,-199.34,0.0990,49.2944,70.385,118.970,-0.93210,-6.947,246.76
0.19200,-293.89,-925.01,0.1224,43.7441,68.247,121.453,-0.57061,65.030,247.08
0.19250,-353.55,-1591.92,0.1421,34.3615,66.292,123.753,-0.07353,74.066,247.70
0.19300,-404.51,-2113.26,0.1562,21.7337,64.771,125.562,0.49852,76.682,248.55
0.19350,-445.50,-2410.52,0.1634,6.9084,63.908,126.602,1.00000,77.226,249.53
0.19400,-475.53,-2437.18,0.1632,-7.7067,63.838,126.707,1.00000,76.374,250.52
0.19450,-493.84,-2181.58,0.1560,-20.7677,64.611,125.865,1.00000,73.690,251.36
0.19500,-500.00,-1683.74,0.1427,-31.7242,66.114,124.221,1.00000,67.101,251.95
0.19550,-493.84,-1012.81,0.1248,-39.4826,68.141,122.008,1.00000,46.421,252.21
0.19600,-475.53,-225.68,0.1039,-43.2719,70.519,119.413,0.77061,-27.718,252.34
0.19650,-445.50,600.71,0.0823,-42.6621,73.017,116.689,0.26275,-66.935,252.86
0.19700,-404.51,1345.53,0.0620,-37.7530,75.272,114.241,-0.39208,-76.985,253.73
0.19750,-353.55,1872.28,0.0451,-29.3389,76.879,112.529,-1.00000,-80.974,254.85
0.19800,-293.89,2080.23,0.0330,-18.8603,77.537,111.892,-1.00000,-82.943,256.03
0.19850,-227.00,2025.70,0.0263,-7.9345,77.422,112.156,-1.00000,-84.246,257.16
0.19900,-154.51,1768.26,0.0249,1.6762,76.715,113.123,-1.00000,-85.406,258.12
0.19950,-78.22,1365.27,0.0275,8.4261,75.580,114.590,-1.00000,-86.898,258.84
0.20000,0.00,862.92,0.0329,12.5940,74.154,116.400,-1.00000,0.000,259.27
0.20050,78.22,297.40,0.0396,13.9606,72.544,118.429,-1.00000,-70.361,259.38
0.20100,154.51,-301.25,0.0463,12.3032,70.841,120.579,-0.69101,71.273,259.61
0.20150,227.00,-877.34,0.0514,7.6186,69.209,122.659,-0.21459,78.385,260.16
0.20200,293.89,-1346.88,0.0535,0.5679,67.888,124.371,0.36095,79.845,260.98
0.20250,353.55,-1630.22,0.0519,-7.2466,67.107,125.430,0.96217,79.895,261.98
0.20300,404.51,-1664.35,0.0462,-15.3514,67.043,125.608,1.00000,78.937,263.01
0.20350,445.50,-1447.76,0.0366,-22.8445,67.712,124.918,1.00000,76.759,263.96
0.20400,475.53,-996.62,0.0237,-28.4542,69.075,123.430,1.00000,72.099,264.69
0.20450,493.84,-382.69,0.0086,-31.1564,70.919,121.387,1.00000,60.603,265.13
0.20500,500.00,335.72,-0.0069,-30.2729,73.068,118.983,0.98033,18.189,265.21
0.20550,493.84,1108.34,-0.0210,-25.4216,75.370,116.380,0.58566,-51.213,265.52
0.20600,475.53,1844.63,-0.0316,-16.5677,77.552,113.881,0.01017,-70.846,266.21
0.20650,445.50,2413.71,-0.0370,-4.3500,79.227,111.931,-0.66665,-77.246,267.19
0.20700,404.51,2693.77,-0.0358,8.8162,80.035,110.944,-1.00000,-79.979,268.33
0.20750,353.55,2655.39,-0.0282,21.7780,79.891,111.024,-1.00000,-81.268,269.49
0.20800,293.89,2372.20,-0.0142,33.7216,79.027,111.944,-1.00000,-81.951,270.52
0.20850,227.00,1901.48,0.0052,43.4872,77.610,113.505,-1.00000,-82.280,271.36
0.20900,154.51,1298.40,0.0288,50.2107,75.802,115.517,-1.00000,-82.307,271.93
0.20950,78.22,608.88,0.0548,53.3035,73.740,117.826,-1.00000,-81.615,272.20
0.21000,-0.00,-128.41,0.0814,52.4154,71.541,120.305,-0.85344,0.000,272.26
0.21050,-78.22,-866.07,0.1065,47.4299,69.349,122.799,-0.45262,84.330,272.66
0.21100,-154.51,-1529.27,0.1282,38.5621,67.383,125.049,0.07219,83.587,273.35
0.21150,-227.00,-2030.62,0.1446,26.4762,65.897,126.750,0.65506,82.827,274.25
0.21200,-293.89,-2293.94,0.1543,12.2753,65.111,127.634,1.00000,81.641,275.25
0.21250,-353.55,-2290.48,0.1568,-2.2109,65.111,127.606,1.00000,79.656,276.22
0.21300,-404.51,-2006.61,0.1525,-14.5093,65.951,126.640,1.00000,75.830,277.02
0.21350,-445.50,-1499.51,0.1426,-24.5446,67.462,124.932,1.00000,67.087,277.54
0.21400,-475.53,-834.01,0.1285,-31.4277,69.451,122.701,1.00000,37.011,277.72
0.21450,-493.84,-63.45,0.1118,-34.4596,71.756,120.123,0.68106,-41.073,277.94
0.21500,-500.00,726.82,0.0947,-33.2833,74.123,117.481,0.12811,-67.826,278.55
0.21550,-493.84,1406.40,0.0792,-28.1313,76.162,115.217,-0.55478,-75.432,279.50
0.21600,-475.53,1840.13,0.0671,-19.9435,77.474,113.789,-1.00000,-78.395,280.66
0.21650,-445.50,1961.28,0.0595,-10.2488,77.860,113.422,-1.00000,-79.513,281.86
0.21700,-404.51,1841.19,0.0568,-0.8016,77.540,113.889,-1.00000,-79.789,282.99
0.21750,-353.55,1537.20,0.0583,6.3659,76.683,114.995,-1.00000,-79.409,283.93
0.21800,-293.89,1104.55,0.0628,11.1576,75.451,116.547,-1.00000,-78.132,284.63
0.21850,-227.00,585.97,0.0691,13.4195,73.968,118.397,-1.00000,-74.399,285.04
0.21900,-154.51,16.13,0.0757,12.8427,72.339,120.431,-1.00000,-47.839,285.12
0.21950,-78.22,-576.19,0.0814,9.2721,70.652,122.555,-0.67094,81.073,285.37
0.22000,0.00,-1134.83,0.0845,2.8896,69.071,124.575,-0.19055,0.000,285.94
0.22050,78.22,-1577.45,0.0840,-5.0560,67.833,126.201,0.38387,87.295,286.77
0.22100,154.51,-1827.85,0.0793,-13.9498,67.156,127.158,0.97967,85.543,287.76
0.22150,227.00,-1824.12,0.0700,-23.2930,67.216,127.227,1.00000,83.685,288.78
0.22200,293.89,-1562.95,0.0562,-31.7863,68.032,126.411,1.00000,81.006,289.71
0.22250,353.55,-1066.16,0.0386,-38.1028,69.545,124.792,1.00000,76.016,290.42
0.22300,404.51,-406.44,0.0186,-41.2099,71.539,122.618,1.00000,63.490,290.83
0.22350,445.50,357.04,-0.0020,-40.4283,73.836,120.085,0.94214,11.231,290.87
0.22400,475.53,1168.26,-0.0211,-35.3895,76.266,117.374,0.52719,-55.532,291.22
0.22450,493.84,1930.50,-0.0367,-26.1109,78.539,114.811,-0.06186,-71.030,291.94
0.22500,500.00,2511.57,-0.0466,-13.2435,80.265,112.844,-0.74200,-76.041,292.94
0.22550,493.84,2789.03,-0.0496,1.5416,81.080,111.892,-1.00000,-77.857,294.09
0.22600,475.53,2749.85,-0.0453,15.3557,80.950,112.002,-1.00000,-78.190,295.23
0.22650,445.50,2470.41,-0.0344,28.0694,80.110,112.929,-1.00000,-77.592,296.24
0.22700,404.51,2005.88,-0.0176,38.6713,78.719,114.483,-1.00000,-75.824,297.04
0.22750,353.55,1409.49,0.0038,46.2988,76.934,116.478,-1.00000,-71.488,297.57
0.22800,293.89,725.70,0.0281,50.3550,74.889,118.767,-1.00000,-55.760,297.78
0.22850,227.00,-7.88,0.0535,50.4749,72.698,121.228,-0.79996,45.977,297.90
0.22900,154.51,-739.26,0.0779,46.5315,70.517,123.690,-0.37288,80.192,298.35
0.22950,78.22,-1388.52,0.0994,38.7609,68.583,125.876,0.17056,86.947,299.08
0.23000,-0.00,-1868.04,0.1162,27.8586,67.149,127.483,0.76096,0.000,300.01
0.23050,-78.22,-2103.11,0.1269,14.9537,66.434,128.249,1.00000,87.788,301.03
0.23100,-154.51,-2076.15,0.1310,1.5967,66.493,128.122,1.00000,85.403,301.99
0.23150,-227.00,-1775.25,0.1289,-9.5243,67.369,127.076,1.00000,81.659,302.76
0.23200,-293.89,-1267.41,0.1219,-18.0804,68.866,125.338,1.00000,73.202,303.25
0.23250,-353.55,-614.61,0.1114,-23.5564,70.797,123.117,1.00000,36.442,303.38
0.23300,-404.51,132.56,0.0990,-25.3331,73.011,120.580,0.62864,-53.014,303.65
0.23350,-445.50,884.55,0.0867,-23.1215,75.239,118.028,0.05100,-71.482,304.31
0.23400,-475.53,1506.34,0.0765,-17.2526,77.084,115.920,-0.64556,-76.508,305.30
0.23450,-493.84,1864.69,0.0699,-8.7793,78.150,114.710,-1.00000,-78.174,306.48
0.23500,-500.00,1915.91,0.0678,0.3496,78.308,114.548,-1.00000,-78.307,307.69
0.23550,-493.84,1738.10,0.0699,7.9039,77.799,115.181,-1.00000,-77.524,308.81
0.23600,-475.53,1389.43,0.0754,13.7096,76.793,116.410,-1.00000,-75.695,309.74
0.23650,-445.50,921.58,0.0833,17.3198,75.440,118.053,-1.00000,-71.950,310.42
0.23700,-404.51,376.32,0.0923,18.2473,73.863,119.969,-1.00000,-62.614,310.81
0.23750,-353.55,-211.96,0.1010,16.1941,72.166,122.042,-0.99090,-21.825,310.88
0.23800,-293.89,-813.79,0.1080,11.0474,70.439,124.179,-0.65634,60.521,311.14
0.23850,-227.00,-1372.37,0.1116,3.0307,68.849,126.185,-0.17685,78.790,311.72
0.23900,-154.51,-1806.53,0.1108,-6.4042,67.632,127.774,0.39227,84.657,312.54
0.23950,-78.22,-2042.32,0.1050,-16.7668,66.997,128.682,0.97898,87.719,313.53
0.24000,-0.00,-2020.35,0.0939,-27.5037,67.116,128.697,1.00000,0.000,314.54
0.24050,78.22,-1735.33,0.0777,-37.2549,68.012,127.814,1.00000,87.530,315.44
0.24100,154.51,-1210.53,0.0571,-44.6566,69.617,126.116,1.00000,83.542,316.12
0.24150,227.00,-519.38,0.0336,-48.6495,71.714,123.852,1.00000,73.084,316.50
0.24200,293.89,278.10,0.0091,-48.5329,74.123,121.222,0.90501,3.077,316.51
0.24250,353.55,1120.23,-0.0142,-43.9313,76.657,118.426,0.47120,-65.243,316.89
0.24300,404.51,1904.29,-0.0341,-34.8925,79.008,115.811,-0.13025,-74.906,317.64
0.24350,445.50,2496.78,-0.0484,-22.1141,80.783,113.832,-0.81305,-77.747,318.66
0.24400,475.53,2775.96,-0.0558,-6.9860,81.622,112.903,-1.00000,-78.321,319.81
0.24450,493.84,2744.43,-0.0555,7.6916,81.532,113.017,-1.00000,-77.624,320.94
0.24500,500.00,2476.16,-0.0484,20.6127,80.740,113.932,-1.00000,-75.801,321.93
0.24550,493.84,2027.40,-0.0352,31.5300,79.409,115.453,-1.00000,-72.150,322.69
0.24600,475.53,1449.17,-0.0173,39.6113,77.687,117.403,-1.00000,-63.969,323.18
0.24650,445.50,784.09,0.0038,44.2635,75.704,119.640,-1.00000,-37.235,323.35
0.24700,404.51,68.35,0.0263,45.1159,73.571,122.049,-0.74901,39.727,323.52
0.24750,353.55,-642.15,0.0483,42.0372,71.455,124.442,-0.29629,70.451,324.02
0.24800,293.89,-1263.03,0.0677,35.2862,69.603,126.531,0.26601,79.310,324.80
0.24850,227.00,-1706.62,0.0831,25.5889,68.273,128.011,0.86515,83.304,325.76
0.24900,154.51,-1899.72,0.0930,14.1001,67.678,128.628,1.00000,85.699,326.79
0.24950,78.22,-1832.77,0.0971,2.3471,67.851,128.358,1.00000,87.656,327.74
0.25000,-0.00,-1504.87,0.0958,-7.1410,68.800,127.207,1.00000,0.000,328.50
0.25050,-78.22,-987.58,0.0904,-13.8579,70.313,125.418,1.00000,85.084,328.95
0.25100,-154.51,-340.30,0.0824,-17.4995,72.213,123.190,0.98570,50.252,329.04
0.25150,-227.00,387.05,0.0735,-17.5510,74.349,120.689,0.58461,-69.712,329.35
0.25200,-293.89,1102.45,0.0655,-13.8165,76.448,118.225,-0.00626,-78.114,330.05
0.25250,-353.55,1670.39,0.0603,-6.7589,78.110,116.263,-0.70582,-80.091,331.06
0.25300,-404.51,1961.80,0.0591,1.9479,78.956,115.245,-1.00000,-80.299,332.25
0.25350,-445.50,1951.80,0.0621,10.1374,78.915,115.260,-1.00000,-79.473,333.44
0.25400,-475.53,1721.40,0.0690,17.4125,78.231,116.040,-1.00000,-77.787,334.54
0.25450,-493.84,1325.36,0.0792,22.9486,77.065,117.397,-1.00000,-74.812,335.45
0.25500,-500.00,815.14,0.0916,26.0219,75.565,119.149,-1.00000,-69.184,336.11
0.25550,-493.84,232.85,0.1048,26.1523,73.858,121.157,-1.00000,-55.801,336.47
0.25600,-475.53,-386.74,0.1172,23.0729,72.049,123.305,-0.96502,-10.576,336.52
0.25650,-445.50,-1011.20,0.1273,16.7065,70.237,125.489,-0.62120,51.779,336.80
0.25700,-404.51,-1581.18,0.1334,7.2334,68.598,127.507,-0.13839,71.028,337.39
0.25750,-353.55,-2015.01,0.1342,-4.0742,67.369,129.074,0.42631,77.987,338.22
0.25800,-293.89,-2241.18,0.1292,-15.8589,66.755,129.936,1.00000,81.417,339.19
0.25850,-227.00,-2206.54,0.1183,-27.9213,66.909,129.903,1.00000,83.458,340.18
0.25900,-154.51,-1899.08,0.1015,-38.9074,67.870,128.943,1.00000,84.939,341.05
0.25950,-78.22,-1351.76,0.0798,-47.4179,69.544,127.171,1.00000,86.485,341.69
0.26000,0.00,-637.35,0.0547,-52.3832,71.714,124.834,1.00000,0.000,342.01
0.26050,78.22,184.45,0.0281,-53.0908,74.199,122.129,0.84374,-53.637,342.06
0.26100,154.51,1044.15,0.0024,-49.1673,76.791,119.285,0.37896,-80.147,342.51
0.26150,227.00,1830.51,-0.0203,-40.7156,79.159,116.678,-0.24243,-81.943,343.31
0.26200,293.89,2409.10,-0.0377,-28.5090,80.905,114.767,-0.92885,-82.090,344.37
0.26250,353.55,2660.81,-0.0484,-13.9913,81.679,113.959,-1.00000,-81.288,345.52
0.26300,404.51,2618.61,-0.0517,0.7840,81.577,114.140,-1.00000,-79.646,346.63
0.26350,445.50,2348.25,-0.0481,13.2354,80.795,115.089,-1.00000,-76.822,347.58
0.26400,475.53,1909.28,-0.0388,23.5709,79.507,116.601,-1.00000,-71.651,348.30
0.26450,493.84,1349.63,-0.0250,31.2009,77.855,118.511,-1.00000,-60.012,348.72
0.26500,500.00,709.26,-0.0081,35.5745,75.958,120.687,-1.00000,-22.710,348.83
0.26550,493.84,22.07,0.0100,36.3477,73.922,123.020,-0.68142,43.691,349.06
0.26600,475.53,-651.30,0.0276,33.4150,71.927,125.306,-0.19737,67.120,349.63
0.26650,445.50,-1221.37,0.0429,27.0941,70.235,127.237,0.38581,75.036,350.46
0.26700,404.51,-1601.59,0.0543,18.1738,69.101,128.514,0.99143,78.600,351.46
0.26750,353.55,-1724.14,0.0608,7.8751,68.721,128.902,1.00000,80.343,352.50
0.26800,293.89,-1581.92,0.0622,-1.8556,69.122,128.386,1.00000,81.096,353.44
0.26850,227.00,-1200.72,0.0594,-9.0401,70.229,127.054,1.00000,80.966,354.16
0.26900,154.51,-651.99,0.0536,-13.5846,71.831,125.152,1.00000,79.155,354.56
0.26950,78.22,8.37,0.0463,-14.9647,73.762,122.867,0.93179,41.765,354.59
0.27000,-0.00,726.07,0.0393,-12.7674,75.858,120.379,0.50396,0.000,354.96
0.27050,-78.22,1404.32,0.0342,-6.9731,77.833,118.019,-0.10042,-86.980,355.70
0.27100,-154.51,1910.76,0.0327,1.3688,79.297,116.239,-0.79638,-85.722,356.73
0.27150,-227.00,2125.38,0.0356,10.3340,79.902,115.459,-1.00000,-84.488,357.91
0.27200,-293.89,2047.79,0.0431,19.2651,79.646,115.679,-1.00000,-82.847,359.08
0.27250,-353.55,1754.81,0.0547,27.0872,78.761,116.644,-1.00000,-80.481,360.13
0.27300,-404.51,1301.98,0.0698,32.8089,77.406,118.160,-1.00000,-76.665,360.98
0.27350,-445.50,740.47,0.0871,35.7247,75.733,120.052,-1.00000,-69.412,361.58
0.27400,-475.53,112.37,0.1050,35.3827,73.869,122.179,-1.00000,-51.032,361.87
0.27450,-493.84,-547.32,0.1219,31.5477,71.920,124.427,-0.89408,6.180,361.90
0.27500,-500.00,-1198.97,0.1359,24.1893,70.007,126.669,-0.51978,54.422,362.25
0.27550,-493.84,-1776.31,0.1455,13.5596,68.325,128.678,-0.01907,68.940,362.89
0.27600,-475.53,-2197.38,0.1491,0.5366,67.115,130.170,0.54663,74.561,363.75
0.27650,-445.50,-2392.72,0.1461,-12.5607,66.577,130.901,1.00000,77.113,364.72
0.27700,-404.51,-2327.40,0.1365,-25.5704,66.811,130.746,1.00000,78.120,365.69
0.27750,-353.55,-1984.90,0.1207,-37.3528,67.868,129.653,1.00000,77.772,366.50
0.27800,-293.89,-1411.71,0.0996,-46.5194,69.611,127.783,1.00000,75.269,367.06
0.27850,-227.00,-677.77,0.0748,-52.0342,71.834,125.371,1.00000,63.272,367.29
0.27900,-154.51,159.29,0.0483,-53.2070,74.361,122.608,0.73986,-63.785,367.44
0.27950,-78.22,1018.17,0.0224,-49.7013,76.950,119.765,0.22374,-85.919,367.99
0.28000,0.00,1774.80,-0.0007,-41.7376,79.232,117.263,-0.42940,0.000,368.88
0.28050,78.22,2294.79,-0.0188,-30.2324,80.811,115.562,-1.00000,-87.979,369.99
0.28100,154.51,2486.99,-0.0306,-16.7259,81.419,114.973,-1.00000,-86.210,371.15
0.28150,227.00,2408.09,-0.0355,-2.9667,81.220,115.299,-1.00000,-84.058,372.24
0.28200,293.89,2118.54,-0.0339,8.5308,80.392,116.333,-1.00000,-80.850,373.16
0.28250,353.55,1676.81,-0.0273,17.5341,79.108,117.873,-1.00000,-75.041,373.82
0.28300,404.51,1127.90,-0.0168,23.8868,77.500,119.767,-1.00000,-60.787,374.18
0.28350,445.50,508.87,-0.0040,27.1205,75.680,121.893,-0.94793,-8.095,374.21
0.28400,475.53,-143.67,0.0097,26.9554,73.760,124.131,-0.58203,52.477,374.52
0.28450,493.84,-763.91,0.0224,23.3742,71.936,126.259,-0.07043,68.563,375.15
0.28500,500.00,-1262.06,0.0326,16.7946,70.470,127.967,0.52543,74.158,376.03
0.28550,493.84,-1555.06,0.0389,8.1118,69.606,128.968,1.00000,76.449,377.05
0.28600,475.53,-1596.35,0.0406,-0.9873,69.480,129.103,1.00000,77.074,378.09
0.28650,445.50,-1378.04,0.0382,-8.4269,70.117,128.345,1.00000,76.271,379.00
0.28700,404.51,-942.68,0.0325,-13.8463,71.391,126.840,1.00000,73.287,379.68
0.28750,353.55,-357.01,0.0248,-16.5587,73.106,124.818,1.00000,63.547,380.03
0.28800,293.89,325.26,0.0165,-15.9556,75.102,122.459,0.88332,-6.093,380.05
0.28850,227.00,1045.32,0.0094,-11.7099,77.202,119.958,0.43525,-74.496,380.46
0.28900,154.51,1702.05,0.0054,-3.9885,79.107,117.661,-0.17690,-84.298,381.23
0.28950,78.22,2166.75,0.0058,5.5945,80.441,116.012,-0.86573,-87.855,382.27
0.29000,-0.00,2325.58,0.0111,15.8863,80.873,115.408,-1.00000,0.000,383.44
0.29050,-78.22,2196.56,0.0216,26.0169,80.455,115.787,-1.00000,-88.031,384.57
0.29100,-154.51,1854.04,0.0369,34.7417,79.410,116.899,-1.00000,-85.601,385.58
0.29150,-227.00,1354.39,0.0560,41.0673,77.900,118.547,-1.00000,-81.831,386.37
0.29200,-293.89,748.59,0.0774,44.2968,76.078,120.559,-1.00000,-74.256,386.89
0.29250,-353.55,78.86,0.0997,43.9891,74.071,122.795,-1.00000,-50.730,387.11
0.29300,-404.51,-619.47,0.1208,39.9235,71.988,125.142,-0.81303,27.987,387.21
0.29350,-445.50,-1298.41,0.1390,32.1010,69.973,127.442,-0.40264,62.420,387.64
0.29400,-475.53,-1883.57,0.1523,20.8586,68.248,129.443,0.12063,71.339,388.34
0.29450,-493.84,-2292.79,0.1594,6.9820,67.052,130.860,0.69056,74.649,389.24
0.29500,-500.00,-2457.48,0.1592,-7.3640,66.585,131.455,1.00000,75.671,390.22
0.29550,-493.84,-2360.09,0.1521,-20.8599,66.898,131.165,1.00000,75.178,391.16
0.29600,-475.53,-1985.47,0.1386,-32.9774,68.036,129.939,1.00000,72.519,391.91
0.29650,-445.50,-1393.61,0.1196,-42.3863,69.822,127.984,1.00000,64.832,392.38
0.29700,-404.51,-650.62,0.0968,-48.1062,72.060,125.523,1.00000,31.318,392.51
0.29750,-353.55,188.82,0.0722,-49.4857,74.585,122.734,0.62559,-56.901,392.78
0.29800,-293.89,1031.10,0.0481,-46.2392,77.116,119.934,0.05241,-77.494,393.44
0.29850,-227.00,1738.55,0.0267,-38.7233,79.248,117.592,-0.63659,-83.412,394.42
0.29900,-154.51,2177.12,0.0099,-28.0152,80.587,116.168,-1.00000,-86.209,395.59
0.29950,-78.22,2299.86,-0.0010,-15.7350,80.991,115.819,-1.00000,-88.116,396.78
0.30000,0.00,2176.41,-0.0058,-3.4710,80.665,116.305,-1.00000,0.000,397.87
0.30050,78.22,1862.06,-0.0049,6.5059,79.769,117.432,-1.00000,-87.489,398.76
0.30100,154.51,1411.96,0.0003,13.8050,78.467,119.012,-1.00000,-82.995,399.39
0.30150,227.00,868.65,0.0084,18.4540,76.884,120.902,-1.00000,-70.518,399.71
0.30200,293.89,266.83,0.0182,20.0833,75.127,122.988,-0.90326,5.261,399.72
0.30250,353.55,-354.60,0.0280,18.4870,73.312,125.142,-0.51563,63.469,400.08
0.30300,404.51,-927.39,0.0362,13.7390,71.642,127.132,0.00988,73.106,400.74
0.30350,445.50,-1363.70,0.0413,6.3820,70.375,128.656,0.60914,76.167,401.65
0.30400,475.53,-1584.83,0.0424,-2.0654,69.740,129.440,1.00000,77.004,402.68
0.30450,493.84,-1560.97,0.0393,-9.8542,69.823,129.379,1.00000,76.486,403.70
0.30500,500.00,-1281.16,0.0327,-16.5981,70.655,128.435,1.00000,74.320,404.59
0.30550,493.84,-795.35,0.0231,-21.2541,72.091,126.780,1.00000,69.040,405.24
0.30600,475.53,-169.00,0.0119,-22.9420,73.937,124.637,1.00000,53.580,405.56
0.30650,445.50,544.81,0.0008,-21.0898,76.035,122.185,0.85070,-12.566,405.61
0.30700,404.51,1283.54,-0.0085,-15.4260,78.197,119.632,0.38972,-65.289,406.05
0.30750,353.55,1942.63,-0.0141,-6.1496,80.114,117.335,-0.22685,-77.457,406.85
0.30800,293.89,2394.21,-0.0143,5.1042,81.412,115.734,-0.90941,-82.034,407.90
0.30850,227.00,2528.31,-0.0089,16.7797,81.771,115.216,-1.00000,-84.367,409.05
0.30900,154.51,2376.84,0.0024,28.1637,81.286,115.670,-1.00000,-86.023,410.16
0.30950,78.22,2009.55,0.0190,38.0031,80.162,116.857,-1.00000,-87.681,411.12
0.31000,-0.00,1484.44,0.0400,45.2919,78.569,118.579,-1.00000,0.000,411.87
0.31050,-78.22,852.27,0.0638,49.3221,76.659,120.662,-1.00000,-85.195,412.33
0.31100,-154.51,155.33,0.0887,49.6426,74.558,122.969,-1.00000,-63.496,412.49
0.31150,-227.00,-570.79,0.1127,46.0243,72.378,125.387,-0.74811,56.565,412.66
0.31200,-293.89,-1271.35,0.1340,38.4743,70.284,127.735,-0.30796,73.265,413.15
0.31250,-353.55,-1865.13,0.1506,27.3799,68.516,129.736,0.23463,76.835,413.90
0.31300,-404.51,-2269.46,0.1610,13.5743,67.316,131.106,0.80941,77.762,414.83
0.31350,-445.50,-2416.52,0.1640,-1.3747,66.883,131.610,1.00000,77.264,415.82
0.31400,-475.53,-2297.66,0.1599,-14.8661,67.243,131.219,1.00000,75.374,416.73
0.31450,-493.84,-1906.74,0.1494,-26.7733,68.413,129.911,1.00000,70.734,417.44
0.31500,-500.00,-1311.56,0.1336,-35.9705,70.193,127.918,1.00000,58.363,417.84
0.31550,-493.84,-574.64,0.1140,-41.5351,72.398,125.451,0.93013,9.291,417.88
0.31600,-475.53,243.21,0.0927,-42.8720,74.844,122.713,0.50300,-56.511,418.24
0.31650,-445.50,1038.97,0.0719,-39.8005,77.225,120.051,-0.10474,-73.295,418.99
0.31700,-404.51,1673.53,0.0536,-32.8064,79.133,117.942,-0.80725,-78.985,420.02
0.31750,-353.55,2017.04,0.0395,-23.0855,80.185,116.833,-1.00000,-81.517,421.21
0.31800,-293.89,2065.57,0.0307,-12.2770,80.367,116.733,-1.00000,-82.900,422.39
0.31850,-227.00,1890.41,0.0272,-1.9093,79.888,117.393,-1.00000,-83.881,423.45
0.31900,-154.51,1546.02,0.0283,5.9589,78.905,118.626,-1.00000,-84.808,424.30
0.31950,-78.22,1083.94,0.0327,11.1745,77.572,120.254,-1.00000,-86.150,424.88
0.32000,-0.00,544.02,0.0391,13.7269,76.007,122.145,-1.00000,0.000,425.15
0.32050,78.22,-41.32,0.0460,13.3461,74.309,124.192,-0.85889,56.802,425.21
0.32100,154.51,-630.92,0.0519,9.9218,72.602,126.260,-0.45669,78.871,425.60
0.32150,227.00,-1155.08,0.0554,3.7329,71.091,128.111,0.07295,80.673,426.29
0.32200,293.89,-1530.95,0.0554,-3.8891,70.020,129.457,0.66540,80.851,427.21
0.32250,353.55,-1687.68,0.0514,-11.9489,69.592,130.050,1.00000,80.174,428.23
0.32300,404.51,-1600.96,0.0434,-19.9682,69.878,129.805,1.00000,78.596,429.23
0.32350,445.50,-1259.19,0.0317,-26.7497,70.911,128.679,1.00000,75.354,430.08
0.32400,475.53,-718.24,0.0171,-31.0865,72.528,126.865,1.00000,68.281,430.68
0.32450,493.84,-43.45,0.0011,-32.1243,74.534,124.586,1.00000,47.413,430.95
0.32500,500.00,711.99,-0.0144,-29.3292,76.770,122.017,0.79475,-22.976,431.05
0.32550,493.84,1478.28,-0.0275,-22.4828,79.027,119.393,0.30971,-63.359,431.55
0.32600,475.53,2143.78,-0.0362,-11.8527,80.976,117.095,-0.31850,-74.090,432.38
0.32650,445.50,2580.39,-0.0389,1.2915,82.241,115.564,-0.99586,-78.213,433.45
0.32700,404.51,2682.86,-0.0350,14.3319,82.516,115.170,-1.00000,-79.932,434.59
0.32750,353.55,2506.85,-0.0247,26.8343,81.965,115.718,-1.00000,-80.676,435.66
0.32800,293.89,2117.11,-0.0084,37.6765,80.778,116.988,-1.00000,-80.843,436.58
0.32850,227.00,1572.89,0.0126,45.8660,79.129,118.774,-1.00000,-80.427,437.25
0.32900,154.51,923.41,0.0369,50.7009,77.164,120.911,-1.00000,-78.638,437.63
0.32950,78.22,209.88,0.0626,51.7302,75.009,123.266,-0.98341,-59.287,437.70
0.33000,0.00,-531.07,0.0879,48.7246,72.778,125.722,-0.64564,0.000,437.96
0.33050,-78.22,-1235.74,0.1107,41.7128,70.662,128.067,-0.16279,86.134,438.54
0.33100,-154.51,-1815.24,0.1290,31.1562,68.922,129.997,0.40745,84.685,439.37
0.33150,-227.00,-2187.06,0.1414,17.9757,67.803,131.231,0.98923,83.394,440.35
0.33200,-293.89,-2289.88,0.1468,3.5542,67.484,131.556,1.00000,81.624,441.35
0.33250,-353.55,-2112.31,0.1452,-9.3629,68.000,130.935,1.00000,78.634,442.23
0.33300,-404.51,-1683.89,0.1378,-20.0592,69.261,129.468,1.00000,72.454,442.87
0.33350,-445.50,-1075.13,0.1256,-27.9636,71.062,127.397,1.00000,54.718,443.19
0.33400,-475.53,-343.21,0.1104,-32.2778,73.231,124.913,0.82821,-15.549,443.25
0.33450,-493.84,442.28,0.0941,-32.5202,75.561,122.249,0.34551,-62.187,443.72
0.33500,-500.00,1167.70,0.0786,-28.6890,77.714,119.793,-0.29736,-73.310,444.55
0.33550,-493.84,1695.64,0.0659,-21.4634,79.289,118.018,-1.00000,-77.289,445.65
0.33600,-475.53,1905.86,0.0575,-12.2066,79.932,117.338,-1.00000,-78.707,446.84
0.33650,-445.50,1848.46,0.0538,-2.6945,79.788,117.576,-1.00000,-79.010,447.99
0.33700,-404.51,1590.56,0.0544,4.9396,79.053,118.500,-1.00000,-78.538,448.98
0.33750,-353.55,1190.74,0.0583,10.1883,77.899,119.908,-1.00000,-77.105,449.76
0.33800,-293.89,694.64,0.0642,13.0172,76.460,121.645,-1.00000,-73.443,450.25
0.33850,-227.00,138.83,0.0709,13.0957,74.847,123.589,-1.00000,-58.181,450.43
0.33900,-154.51,-446.44,0.0768,10.2238,73.153,125.642,-0.77470,62.109,450.58
0.33950,-78.22,-1013.94,0.0806,4.4683,71.518,127.646,-0.34185,85.222,451.05
0.34000,0.00,-1489.86,0.0810,-3.1853,70.159,129.348,0.20152,0.000,451.79
0.34050,78.22,-1797.43,0.0773,-11.8110,69.299,130.478,0.78900,87.612,452.73
0.34100,154.51,-1869.69,0.0690,-21.1717,69.133,130.802,1.00000,85.635,453.74
0.34150,227.00,-1695.20,0.0562,-30.0980,69.693,130.282,1.00000,83.265,454.70
0.34200,293.89,-1266.81,0.0392,-37.2650,70.998,128.887,1.00000,79.336,455.48
0.34250,353.55,-651.83,0.0194,-41.5080,72.851,126.850,1.00000,70.625,455.99
0.34300,404.51,86.01,-0.0017,-42.0323,75.061,124.386,1.00000,38.216,456.14
0.34350,445.50,894.52,-0.0219,-38.3608,77.471,121.664,0.67640,-45.225,456.37
0.34400,475.53,1689.51,-0.0393,-30.3559,79.829,118.969,0.13640,-68.609,456.98
0.34450,493.84,2344.65,-0.0516,-18.4597,81.764,116.734,-0.52280,-75.060,457.90
0.34500,500.00,2732.16,-0.0573,-3.8537,82.901,115.400,-1.00000,-77.374,459.02
0.34550,493.84,2786.16,-0.0556,10.5056,83.048,115.195,-1.00000,-77.842,460.16
0.34600,475.53,2578.18,-0.0469,23.7711,82.414,115.872,-1.00000,-77.257,461.22
0.34650,445.50,2166.57,-0.0321,35.2607,81.170,117.229,-1.00000,-75.487,462.08
0.34700,404.51,1607.55,-0.0121,44.0244,79.482,119.074,-1.00000,-71.415,462.68
0.34750,353.55,947.87,0.0114,49.3847,77.489,121.250,-1.00000,-59.252,462.97
0.34800,293.89,226.99,0.0366,50.9053,75.313,123.631,-0.88297,12.825,463.01
0.34850,227.00,-509.80,0.0616,48.3812,73.093,126.069,-0.49165,72.877,463.38
0.34900,154.51,-1189.08,0.0843,41.9254,71.046,128.319,0.03154,83.440,464.05
0.34950,78.22,-1721.28,0.1030,32.1044,69.438,130.074,0.62176,87.511,464.95
0.35000,-0.00,-2026.75,0.1160,19.9366,68.503,131.061,1.00000,0.000,465.96
0.35050,-78.22,-2071.72,0.1227,6.7876,68.343,131.169,1.00000,87.753,466.96
0.35100,-154.51,-1837.94,0.1230,-5.0298,69.010,130.332,1.00000,84.756,467.80
0.35150,-227.00,-1380.58,0.1182,-14.0177,70.341,128.740,1.00000,78.868,468.38
0.35200,-293.89,-765.59,0.1095,-20.1249,72.143,126.618,1.00000,58.075,468.61
0.35250,-353.55,-45.61,0.0986,-22.7174,74.256,124.141,0.74278,-41.056,468.77
0.35300,-404.51,702.72,0.0874,-21.4276,76.454,121.567,0.21879,-69.931,469.32
0.35350,-445.50,1357.88,0.0778,-16.4189,78.378,119.314,-0.44697,-76.124,470.22
0.35400,-475.53,1785.45,0.0715,-8.5548,79.635,117.845,-1.00000,-78.123,471.35
0.35450,-493.84,1898.36,0.0695,0.3249,79.968,117.461,-1.00000,-78.336,472.55
0.35500,-500.00,1763.96,0.0716,7.8858,79.576,117.928,-1.00000,-77.546,473.68
0.35550,-493.84,1445.93,0.0771,13.8770,78.646,119.028,-1.00000,-75.717,474.65
0.35600,-475.53,998.67,0.0851,17.7980,77.337,120.572,-1.00000,-72.122,475.39
0.35650,-445.50,466.07,0.0945,19.1146,75.777,122.412,-1.00000,-63.954,475.84
0.35700,-404.51,-115.87,0.1037,17.4900,74.077,124.427,-1.00000,-35.510,475.99
0.35750,-353.55,-717.28,0.1114,12.7749,72.328,126.524,-0.73963,45.812,476.17
0.35800,-293.89,-1287.97,0.1160,5.0815,70.680,128.533,-0.29637,73.530,476.67
0.35850,-227.00,-1752.10,0.1162,-4.3900,69.355,130.193,0.24863,81.534,477.43
0.35900,-154.51,-2035.37,0.1115,-14.7258,68.570,131.244,0.82811,85.304,478.37
0.35950,-78.22,-2073.89,0.1014,-25.6861,68.508,131.463,1.00000,87.756,479.37
0.36000,-0.00,-1859.20,0.0859,-35.9960,69.196,130.820,1.00000,0.000,480.30
0.36050,78.22,-1388.12,0.0657,-44.2886,70.639,129.299,1.00000,86.947,481.03
0.36100,154.51,-730.94,0.0421,-49.3910,72.630,127.141,1.00000,80.102,481.47
0.36150,227.00,48.62,0.0170,-50.5048,74.979,124.560,0.98216,38.161,481.56
0.36200,293.89,895.77,-0.0076,-47.1558,77.519,121.734,0.59017,-63.974,481.86
0.36250,353.55,1715.96,-0.0294,-39.2414,79.970,118.984,0.01450,-75.452,482.54
0.36300,404.51,2374.21,-0.0462,-27.2970,81.935,116.773,-0.66523,-78.395,483.53
0.36350,445.50,2742.54,-0.0562,-12.5559,83.037,115.541,-1.00000,-79.024,484.68
0.36400,475.53,2784.13,-0.0586,2.7886,83.168,115.412,-1.00000,-78.361,485.83
0.36450,493.84,2573.66,-0.0538,16.2150,82.545,116.128,-1.00000,-76.643,486.87
0.36500,500.00,2168.74,-0.0427,27.8385,81.338,117.491,-1.00000,-73.320,487.71
0.36550,493.84,1622.49,-0.0264,36.8406,79.703,119.317,-1.00000,-66.368,488.27
0.36600,475.53,979.15,-0.0064,42.5664,77.772,121.460,-1.00000,-46.644,488.52
0.36650,445.50,276.14,0.0155,44.5893,75.661,123.800,-0.83157,20.815,488.61
0.36700,404.51,-437.75,0.0375,42.7123,73.517,126.177,-0.41301,64.347,489.03
0.36750,353.55,-1084.87,0.0576,37.0824,71.573,128.328,0.13055,76.191,489.75
0.36800,293.89,-1575.80,0.0741,28.3059,70.091,129.950,0.73064,81.067,490.68
0.36850,227.00,-1832.65,0.0856,17.4353,69.302,130.775,1.00000,83.711,491.71
0.36900,154.51,-1833.35,0.0914,5.8484,69.272,130.731,1.00000,85.556,492.71
0.36950,78.22,-1565.30,0.0917,-4.2113,70.037,129.772,1.00000,87.275,493.53
0.37000,0.00,-1091.68,0.0877,-11.3662,71.410,128.114,1.00000,0.000,494.07
0.37050,-78.22,-475.74,0.0808,-15.5877,73.204,125.972,1.00000,78.869,494.27
0.37100,-154.51,232.17,0.0727,-16.3559,75.269,123.514,0.70488,-68.219,494.47
0.37150,-227.00,952.82,0.0651,-13.3906,77.369,121.008,0.16468,-79.109,495.06
0.37200,-293.89,1562.14,0.0599,-6.9865,79.140,118.883,-0.50803,-81.002,495.98
0.37250,-353.55,1928.94,0.0584,1.4252,80.199,117.590,-1.00000,-81.195,497.12
0.37300,-404.51,1983.48,0.0612,9.6849,80.342,117.374,-1.00000,-80.386,498.32
0.37350,-445.50,1798.58,0.0680,17.2555,79.784,117.984,-1.00000,-78.771,499.44
0.37400,-475.53,1433.46,0.0782,23.2754,78.696,119.215,-1.00000,-76.012,500.39
0.37450,-493.84,942.51,0.0909,26.9537,77.239,120.877,-1.00000,-71.026,501.11
0.37500,-500.00,370.11,0.1047,27.7531,75.544,122.822,-1.00000,-60.117,501.55
0.37550,-493.84,-247.15,0.1181,25.3595,73.722,124.930,-1.00000,-26.544,501.67
0.37600,-475.53,-878.82,0.1295,19.6502,71.868,127.104,-0.72017,40.301,501.87
0.37650,-445.50,-1472.34,0.1372,10.7193,70.139,129.168,-0.27085,66.546,502.39
0.37700,-404.51,-1949.03,0.1398,-0.6413,68.767,130.854,0.27486,75.324,503.16
0.37750,-353.55,-2234.60,0.1365,-12.5048,67.968,131.901,0.84843,79.355,504.10
0.37800,-293.89,-2268.66,0.1272,-24.8389,67.915,132.097,1.00000,81.535,505.09
0.37850,-227.00,-2044.30,0.1118,-36.4929,68.630,131.419,1.00000,82.880,506.00
0.37900,-154.51,-1559.02,0.0911,-46.0603,70.116,129.852,1.00000,83.722,506.70
0.37950,-78.22,-884.89,0.0663,-52.3445,72.161,127.643,1.00000,84.462,507.10
0.38000,0.00,-85.51,0.0394,-54.5246,74.575,125.005,0.93518,0.000,507.14
0.38050,78.22,778.18,0.0126,-52.1145,77.174,122.138,0.51709,-83.624,507.49
0.38100,154.51,1604.57,-0.0119,-45.0425,79.655,119.387,-0.07723,-83.918,508.22
0.38150,227.00,2257.20,-0.0318,-33.8942,81.617,117.219,-0.76365,-83.620,509.23
0.38200,293.89,2609.35,-0.0453,-19.9520,82.690,116.072,-1.00000,-82.766,510.39
0.38250,353.55,2647.27,-0.0516,-4.9899,82.829,115.987,-1.00000,-81.237,511.54
0.38300,404.51,2442.54,-0.0506,8.3435,82.241,116.714,-1.00000,-78.774,512.56
0.38350,445.50,2053.16,-0.0436,19.3557,81.097,118.052,-1.00000,-74.511,513.36
0.38400,475.53,1530.16,-0.0317,27.8949,79.548,119.829,-1.00000,-65.730,513.89
0.38450,493.84,915.31,-0.0162,33.3554,77.719,121.904,-1.00000,-40.479,514.10
0.38500,500.00,243.91,0.0011,35.3332,75.719,124.165,-0.78853,27.121,514.23
0.38550,493.84,-432.81,0.0185,33.6497,73.702,126.443,-0.34963,61.945,514.69
0.38600,475.53,-1034.41,0.0342,28.4873,71.907,128.464,0.20778,72.519,515.45
0.38650,445.50,-1472.54,0.0465,20.4884,70.594,129.928,0.81276,76.924,516.40
0.38700,404.51,-1671.54,0.0544,10.7363,69.987,130.575,1.00000,78.974,517.44
0.38750,353.55,-1618.21,0.0572,0.8239,70.126,130.361,1.00000,79.834,518.43
0.38800,293.89,-1308.49,0.0556,-6.9251,71.018,129.267,1.00000,79.607,519.23
0.38850,227.00,-810.23,0.0507,-12.1195,72.465,127.526,1.00000,77.656,519.75
0.38900,154.51,-183.78,0.0439,-14.3472,74.287,125.344,1.00000,65.452,519.92
0.38950,78.22,522.16,0.0369,-13.1175,76.340,122.882,0.67790,-80.008,520.14
0.39000,-0.00,1226.55,0.0314,-8.2445,78.382,120.415,0.12930,0.000,520.75
0.39050,-78.22,1804.43,0.0292,-0.3846,80.048,118.376,-0.54383,-87.621,521.69
0.39100,-154.51,2129.92,0.0312,8.5458,80.971,117.202,-1.00000,-86.131,522.84
0.39150,-227.00,2141.78,0.0378,17.8316,80.974,117.108,-1.00000,-84.526,524.02
0.39200,-293.89,1913.64,0.0489,26.3809,80.271,117.838,-1.00000,-82.417,525.12
0.39250,-353.55,1503.95,0.0639,33.1015,79.033,119.188,-1.00000,-79.223,526.05
0.39300,-404.51,967.97,0.0816,37.1823,77.422,120.969,-1.00000,-73.578,526.74
0.39350,-445.50,351.05,0.1005,38.0831,75.574,123.031,-1.00000,-60.782,527.14
0.39400,-475.53,-309.21,0.1191,35.4945,73.604,125.249,-1.00000,-19.278,527.22
0.39450,-493.84,-981.35,0.1354,29.3055,71.609,127.527,-0.67756,44.630,527.46
0.39500,-500.00,-1607.80,0.1478,19.6301,69.763,129.671,-0.20905,65.708,528.02
0.39550,-493.84,-2104.79,0.1546,7.0044,68.313,131.394,0.34874,72.957,528.82
0.39600,-475.53,-2395.05,0.1546,-6.6842,67.484,132.432,0.92325,76.086,529.78
0.39650,-445.50,-2422.05,0.1479,-20.1270,67.439,132.582,1.00000,77.298,530.77
0.39700,-404.51,-2181.94,0.1346,-32.8484,68.189,131.831,1.00000,77.179,531.66
0.39750,-353.55,-1682.12,0.1154,-43.4245,69.709,130.199,1.00000,75.098,532.33
0.39800,-293.89,-996.98,0.0917,-50.6729,71.780,127.942,1.00000,67.315,532.68
0.39850,-227.00,-188.17,0.0654,-53.7778,74.219,125.266,0.87412,-9.707,532.70
0.39900,-154.51,676.90,0.0387,-52.2642,76.821,122.393,0.42103,-79.472,533.11
0.39950,-78.22,1488.68,0.0140,-46.1179,79.262,119.697,-0.19791,-87.142,533.90
0.40000,0.00,2109.75,-0.0067,-36.0015,81.138,117.649,-0.89263,0.000,534.95
0.40050,78.22,2416.03,-0.0216,-23.2690,82.086,116.676,-1.00000,-88.084,536.12
0.40100,154.51,2427.43,-0.0298,-9.6474,82.158,116.702,-1.00000,-86.111,537.26
0.40150,227.00,2211.09,-0.0314,2.9110,81.550,117.490,-1.00000,-83.473,538.25
0.40200,293.89,1824.38,-0.0274,12.6231,80.428,118.843,-1.00000,-79.130,539.01
0.40250,353.55,1316.75,-0.0192,19.8511,78.940,120.594,-1.00000,-69.844,539.49
0.40300,404.51,727.32,-0.0081,24.1622,77.204,122.612,-1.00000,-38.591,539.66
0.40350,445.50,88.95,0.0044,25.2078,75.320,124.792,-0.73912,38.672,539.83
0.40400,475.53,-544.47,0.0166,22.8570,73.451,126.955,-0.27914,65.005,540.34
0.40450,493.84,-1089.80,0.0267,17.3589,71.842,128.818,0.29059,72.680,541.14
0.40500,500.00,-1460.72,0.0335,9.4297,70.747,130.085,0.89660,75.694,542.12
0.40550,493.84,-1585.40,0.0360,0.4908,70.378,130.509,1.00000,76.639,543.16
0.40600,475.53,-1462.20,0.0342,-7.2314,70.738,130.082,1.00000,76.212,544.12
0.40650,445.50,-1095.91,0.0290,-13.2139,71.809,128.814,1.00000,73.880,544.90
0.40700,404.51,-556.64,0.0214,-16.7672,73.385,126.947,1.00000,67.176,545.38
0.40750,353.55,97.31,0.0128,-17.1858,75.294,124.680,1.00000,35.933,545.50
0.40800,293.89,818.47,0.0048,-14.0258,77.394,122.169,0.63920,-60.741,545.77
0.40850,227.00,1522.06,-0.0006,-7.1882,79.432,119.704,0.07727,-80.058,546.41
0.40900,154.51,2080.36,-0.0019,2.3147,81.037,117.725,-0.59879,-85.413,547.38
0.40950,78.22,2371.08,0.0018,12.7334,81.852,116.660,-1.00000,-88.046,548.52
0.41000,-0.00,2345.67,0.0109,23.5294,81.736,116.679,-1.00000,0.000,549.70
0.41050,-78.22,2078.92,0.0252,33.3727,80.907,117.521,-1.00000,-87.923,550.77
0.41100,-154.51,1629.09,0.0439,41.1365,79.535,118.983,-1.00000,-85.049,551.67
0.41150,-227.00,1051.82,0.0659,45.9954,77.785,120.877,-1.00000,-79.935,552.31
0.41200,-293.89,393.07,0.0894,47.3993,75.795,123.050,-1.00000,-66.838,552.65
0.41250,-353.55,-308.79,0.1126,45.0346,73.683,125.378,-0.94151,-7.216,552.67
0.41300,-404.51,-1015.73,0.1338,38.8022,71.565,127.740,-0.58584,56.503,552.98
0.41350,-445.50,-1663.01,0.1508,28.8719,69.636,129.919,-0.09428,69.902,553.59
0.41400,-475.53,-2165.33,0.1621,15.8360,68.148,131.625,0.47363,74.283,554.43
0.41450,-493.84,-2445.38,0.1663,0.8929,67.328,132.592,1.00000,75.799,555.41
0.41500,-500.00,-2456.51,0.1632,-13.2485,67.312,132.657,1.00000,75.664,556.39
0.41550,-493.84,-2185.87,0.1532,-26.3264,68.133,131.770,1.00000,73.729,557.23
0.41600,-475.53,-1670.34,0.1372,-37.1904,69.683,130.057,1.00000,68.298,557.83
0.41650,-445.50,-980.46,0.1166,-44.7236,71.754,127.760,1.00000,50.213,558.10
0.41700,-404.51,-174.30,0.0932,-48.1535,74.171,125.071,0.78036,-29.645,558.21
0.41750,-353.55,671.44,0.0692,-47.0530,76.706,122.247,0.27827,-70.969,558.72
0.41800,-293.89,1436.45,0.0469,-41.5223,79.002,119.699,-0.37212,-80.361,559.59
0.41850,-227.00,1983.83,0.0283,-32.3571,80.658,117.898,-1.00000,-84.138,560.69
0.41900,-154.51,2208.32,0.0149,-21.0086,81.364,117.205,-1.00000,-86.259,561.88
0.41950,-78.22,2164.84,0.0074,-9.1237,81.277,117.422,-1.00000,-88.003,563.00
0.42000,0.00,1913.15,0.0056,1.5531,80.569,118.339,-1.00000,0.000,563.95
0.42050,78.22,1510.82,0.0084,9.3011,79.409,119.758,-1.00000,-86.875,564.67
0.42100,154.51,1004.52,0.0145,14.4570,77.936,121.522,-1.00000,-79.698,565.09
0.42150,227.00,430.75,0.0224,16.7715,76.260,123.511,-1.00000,-41.912,565.20
0.42200,293.89,-180.04,0.0307,15.9870,74.475,125.626,-0.68156,58.196,565.43
0.42250,353.55,-770.70,0.0378,12.0547,72.752,127.676,-0.19962,72.543,566.00
0.42300,404.51,-1255.27,0.0423,5.3813,71.344,129.368,0.38038,76.303,566.83
0.42350,445.50,-1551.50,0.0430,-2.6042,70.492,130.416,0.98310,77.424,567.82
0.42400,475.53,-1597.59,0.0397,-10.3868,70.376,130.606,1.00000,77.081,568.86
0.42450,493.84,-1391.67,0.0327,-17.5098,70.997,129.926,1.00000,75.323,569.80
0.42500,500.00,-954.83,0.0225,-22.8442,72.293,128.445,1.00000,71.033,570.53
0.42550,493.84,-357.82,0.0103,-25.3914,74.055,126.408,1.00000,59.892,570.96
0.42600,475.53,342.13,-0.0023,-24.4851,76.115,124.007,0.96516,15.671,571.02
0.42650,445.50,1093.81,-0.0135,-19.7519,78.317,121.413,0.56114,-55.504,571.35
0.42700,404.51,1805.15,-0.0214,-11.1775,80.389,118.938,-0.02152,-73.891,572.05
0.42750,353.55,2345.50,-0.0242,0.3379,81.948,117.034,-0.70184,-79.935,573.04
0.42800,293.89,2595.43,-0.0210,12.4274,82.648,116.119,-1.00000,-82.723,574.19
0.42850,227.00,2532.31,-0.0117,24.5830,82.424,116.271,-1.00000,-84.376,575.35
0.42900,154.51,2232.22,0.0034,35.6063,81.496,117.225,-1.00000,-85.747,576.39
0.42950,78.22,1751.85,0.0235,44.3728,80.030,118.784,-1.00000,-87.324,577.22
0.43000,0.00,1145.68,0.0473,50.0606,78.188,120.765,-1.00000,0.000,577.80
0.43050,-78.22,458.98,0.0730,52.1200,76.106,123.018,-1.00000,-81.716,578.06
0.43100,-154.51,-270.18,0.0987,50.2366,73.902,125.422,-0.86077,36.820,578.12
0.43150,-227.00,-995.86,0.1225,44.3246,71.717,127.828,-0.46663,73.552,578.51
0.43200,-293.89,-1645.15,0.1424,34.6203,69.768,129.990,0.05091,77.730,579.18
0.43250,-353.55,-2132.31,0.1566,21.7996,68.309,131.617,0.62714,78.758,580.07
0.43300,-404.51,-2382.43,0.1639,6.9858,67.559,132.452,1.00000,78.442,581.06
0.43350,-445.50,-2365.93,0.1637,-7.4066,67.607,132.395,1.00000,76.939,582.02
0.43400,-475.53,-2067.89,0.1567,-20.0109,68.492,131.386,1.00000,73.373,582.82
0.43450,-493.84,-1542.46,0.1440,-30.3411,70.055,129.612,1.00000,64.782,583.34
0.43500,-500.00,-855.83,0.1270,-37.3775,72.100,127.298,1.00000,35.438,583.52
0.43550,-493.84,-62.57,0.1073,-40.4080,74.463,124.626,0.68027,-41.131,583.74
0.43600,-475.53,750.70,0.0873,-39.0711,76.886,121.888,0.12792,-68.804,584.35
0.43650,-445.50,1452.52,0.0690,-33.6021,78.983,119.534,-0.55392,-76.791,585.30
0.43700,-404.51,1907.11,0.0542,-24.9489,80.355,118.033,-1.00000,-80.074,586.45
0.43750,-353.55,2047.19,0.0443,-14.6457,80.804,117.613,-1.00000,-81.622,587.65
0.43800,-293.89,1943.17,0.0396,-4.2675,80.531,118.025,-1.00000,-82.516,588.77
0.43850,-227.00,1650.51,0.0397,4.1586,79.697,119.074,-1.00000,-83.106,589.71
0.43900,-154.51,1224.82,0.0433,9.8887,78.467,120.571,-1.00000,-83.609,590.40
0.43950,-78.22,709.46,0.0491,13.0648,76.969,122.370,-1.00000,-84.329,590.79
0.44000,0.00,139.12,0.0559,13.4041,75.310,124.357,-0.98806,0.000,590.86
0.44050,78.22,-456.15,0.0620,10.7266,73.580,126.435,-0.64616,81.673,591.13
0.44100,154.51,-1018.00,0.0661,5.1227,71.954,128.407,-0.15597,82.493,591.72
0.44150,227.00,-1461.92,0.0668,-2.3875,70.680,129.983,0.42538,82.345,592.56
0.44200,293.89,-1711.20,0.0636,-10.5826,69.982,130.896,1.00000,81.661,593.56
0.44250,353.55,-1709.86,0.0562,-19.1329,70.021,130.950,1.00000,80.277,594.60
0.44300,404.51,-1449.87,0.0446,-26.8706,70.818,130.113,1.00000,77.694,595.52
0.44350,445.50,-962.05,0.0297,-32.4954,72.282,128.488,1.00000,72.437,596.23
0.44400,475.53,-317.33,0.0127,-35.0143,74.205,126.319,1.00000,59.046,596.62
0.44450,493.84,426.68,-0.0047,-33.7785,76.413,123.799,0.93250,7.745,596.66
0.44500,500.00,1214.12,-0.0204,-28.4435,78.738,121.112,0.51218,-55.002,597.01
0.44550,493.84,1948.07,-0.0325,-19.0516,80.894,118.589,-0.08006,-71.243,597.74
0.44600,475.53,2497.15,-0.0389,-6.3013,82.495,116.682,-0.76039,-76.763,598.75
0.44650,445.50,2741.47,-0.0386,7.4475,83.193,115.809,-1.00000,-79.019,599.90
0.44700,404.51,2674.70,-0.0316,20.6253,82.969,115.992,-1.00000,-79.897,601.03
0.44750,353.55,2371.82,-0.0182,32.6695,82.040,116.969,-1.00000,-80.064,602.04
0.44800,293.89,1888.80,0.0007,42.4645,80.572,118.547,-1.00000,-79.559,602.84
0.44850,227.00,1278.90,0.0238,49.1779,78.721,120.545,-1.00000,-77.823,603.37
0.44900,154.51,586.57,0.0493,52.2449,76.623,122.818,-1.00000,-70.323,603.58
0.44950,78.22,-150.61,0.0754,51.3327,74.394,125.245,-0.80371,71.129,603.70
0.45000,0.00,-881.31,0.1000,46.3454,72.190,127.660,-0.38173,0.000,604.14
0.45050,-78.22,-1526.76,0.1211,37.5456,70.244,129.797,0.15539,86.909,604.86
0.45100,-154.51,-2000.64,0.1370,25.6490,68.814,131.361,0.73917,85.216,605.79
0.45150,-227.00,-2229.45,0.1464,11.8000,68.114,132.103,1.00000,83.533,606.79
0.45200,-293.89,-2193.86,0.1487,-2.1552,68.205,131.957,1.00000,81.207,607.74
0.45250,-353.55,-1881.85,0.1447,-13.7854,69.116,130.875,1.00000,76.974,608.50
0.45300,-404.51,-1358.09,0.1353,-23.0393,70.657,129.079,1.00000,67.013,608.98
0.45350,-445.50,-685.36,0.1222,-29.0940,72.644,126.784,1.00000,28.298,609.10
0.45400,-475.53,84.70,0.1069,-31.3001,74.919,124.160,0.61643,-49.675,609.38
0.45450,-493.84,859.88,0.0916,-29.3559,77.211,121.520,0.03271,-69.958,610.05
0.45500,-500.00,1502.45,0.0782,-23.5963,79.115,119.338,-0.66803,-75.980,611.06
0.45550,-493.84,1878.07,0.0684,-15.0753,80.237,118.079,-1.00000,-78.239,612.24
0.45600,-475.53,1946.78,0.0633,-5.4263,80.459,117.875,-1.00000,-78.893,613.45
0.45650,-445.50,1785.12,0.0628,3.1951,80.001,118.460,-1.00000,-78.705,614.57
0.45700,-404.51,1451.00,0.0661,9.5391,79.035,119.633,-1.00000,-77.702,615.50
0.45750,-353.55,996.68,0.0720,13.6680,77.712,121.214,-1.00000,-75.327,616.17
0.45800,-293.89,463.35,0.0793,15.1932,76.157,123.066,-1.00000,-68.788,616.55
0.45850,-227.00,-115.16,0.0867,13.8135,74.471,125.078,-0.97553,-26.228,616.61
0.45900,-154.51,-708.29,0.0926,9.4088,72.749,127.151,-0.63123,74.411,616.88
0.45950,-78.22,-1257.85,0.0956,2.2433,71.164,129.089,-0.14308,86.206,617.47
0.46000,0.00,-1682.45,0.0947,-6.2945,69.954,130.611,0.43244,0.000,618.31
0.46050,78.22,-1907.85,0.0892,-15.7764,69.335,131.457,1.00000,87.745,619.31
0.46100,154.51,-1879.32,0.0788,-25.5888,69.465,131.437,1.00000,85.656,620.32
0.46150,227.00,-1587.07,0.0638,-34.3978,70.372,130.512,1.00000,82.868,621.23
0.46200,293.89,-1063.87,0.0448,-40.8670,71.956,128.793,1.00000,77.787,621.91
0.46250,353.55,-381.57,0.0235,-43.9837,74.007,126.525,1.00000,64.315,622.28
0.46300,404.51,401.22,0.0015,-43.0866,76.348,123.903,0.89998,0.465,622.28
0.46350,445.50,1223.46,-0.0189,-37.8328,78.795,121.129,0.46374,-60.202,622.67
0.46400,475.53,1982.91,-0.0356,-28.2999,81.045,118.551,-0.13847,-72.491,623.42
0.46450,493.84,2547.16,-0.0466,-15.2107,82.712,116.626,-0.82005,-76.477,624.45
0.46500,500.00,2795.95,-0.0505,-0.1694,83.442,115.770,-1.00000,-77.714,625.60
0.46550,493.84,2736.87,-0.0470,13.7481,83.257,115.954,-1.00000,-77.583,626.72
0.46600,475.53,2443.64,-0.0369,26.3944,82.372,116.922,-1.00000,-76.417,627.70
0.46650,445.50,1972.21,-0.0210,36.8899,80.950,118.481,-1.00000,-73.732,628.47
0.46700,404.51,1374.08,-0.0005,44.4036,79.144,120.457,-1.00000,-67.354,628.95
0.46750,353.55,692.30,0.0228,48.3615,77.086,122.707,-1.00000,-43.775,629.12
0.46800,293.89,-36.58,0.0472,48.4154,74.887,125.116,-0.75244,48.353,629.28
0.46850,227.00,-756.85,0.0706,44.4577,72.716,127.500,-0.30460,77.008,629.78
0.46900,154.51,-1384.84,0.0910,36.7692,70.822,129.577,0.25155,84.268,630.55
0.46950,78.22,-1833.82,0.1068,26.0939,69.462,131.052,0.84406,87.657,631.50
0.47000,-0.00,-2031.48,0.1168,13.6004,68.849,131.677,1.00000,0.000,632.52
0.47050,-78.22,-1966.23,0.1204,0.9026,69.018,131.415,1.00000,87.628,633.46
0.47100,-154.51,-1635.45,0.1182,-9.3821,69.973,130.251,1.00000,84.044,634.20
0.47150,-227.00,-1109.67,0.1114,-17.0325,71.508,128.427,1.00000,75.578,634.64
0.47200,-293.89,-448.83,0.1016,-21.5466,73.443,126.146,0.96897,27.798,634.72
0.47250,-353.55,294.14,0.0905,-22.3655,75.622,123.585,0.55861,-61.371,635.05
0.47300,-404.51,1023.88,0.0799,-19.2838,77.760,121.068,-0.03977,-74.188,635.76
0.47350,-445.50,1603.38,0.0718,-12.7392,79.459,119.069,-0.74335,-77.733,636.78
0.47400,-475.53,1902.27,0.0676,-3.9614,80.335,118.039,-1.00000,-78.691,637.97
0.47450,-493.84,1901.40,0.0678,4.5646,80.332,118.041,-1.00000,-78.350,639.17
0.47500,-500.00,1684.63,0.0719,11.6485,79.695,118.786,-1.00000,-77.109,640.26
0.47550,-493.84,1306.05,0.0792,17.0374,78.582,120.086,-1.00000,-74.657,641.16
0.47600,-475.53,815.71,0.0885,20.0963,77.140,121.769,-1.00000,-69.783,641.81
0.47650,-445.50,254.42,0.0988,20.3587,75.491,123.698,-1.00000,-57.523,642.16
0.47700,-404.51,-344.14,0.1084,17.5603,73.738,125.764,-0.95095,-8.488,642.19
0.47750,-353.55,-947.14,0.1158,11.6259,71.981,127.860,-0.60033,59.221,642.49
0.47800,-293.89,-1494.74,0.1195,2.8444,70.398,129.786,-0.11264,76.248,643.09
0.47850,-227.00,-1907.14,0.1185,-7.2031,69.224,131.266,0.45502,82.306,643.93
0.47900,-154.51,-2113.18,0.1122,-18.0962,68.664,132.049,1.00000,85.490,644.90
0.47950,-78.22,-2062.66,0.1003,-29.2093,68.864,131.963,1.00000,87.743,645.90
0.48000,-0.00,-1742.98,0.0832,-39.1684,69.860,130.958,1.00000,0.000,646.77
0.48050,78.22,-1190.59,0.0616,-46.6087,71.540,129.155,1.00000,86.472,647.40
0.48100,154.51,-477.54,0.0371,-50.5024,73.693,126.802,1.00000,76.263,647.72
0.48150,227.00,337.18,0.0118,-50.1755,76.142,124.093,0.84245,-25.892,647.77
0.48200,293.89,1184.61,-0.0123,-45.2895,78.678,121.259,0.37829,-71.740,648.22
0.48250,353.55,1954.30,-0.0328,-35.9783,80.976,118.675,-0.24121,-77.545,649.02
0.48300,404.51,2512.93,-0.0476,-23.0411,82.645,116.800,-0.92470,-79.140,650.07
0.48350,445.50,2742.62,-0.0554,-7.9520,83.339,116.043,-1.00000,-79.024,651.22
0.48400,475.53,2677.06,-0.0557,6.5990,83.153,116.280,-1.00000,-77.811,652.32
0.48450,493.84,2384.16,-0.0492,19.1347,82.286,117.275,-1.00000,-75.359,653.27
0.48500,500.00,1922.03,-0.0369,29.5752,80.908,118.829,-1.00000,-70.628,653.98
0.48550,493.84,1339.24,-0.0201,37.1511,79.162,120.777,-1.00000,-59.708,654.40
0.48600,475.53,676.46,-0.0003,41.3121,77.174,122.985,-1.00000,-22.907,654.50
0.48650,445.50,-31.69,0.0206,41.7215,75.049,125.345,-0.67893,46.967,654.74
0.48700,404.51,-723.82,0.0408,38.2858,72.972,127.652,-0.19572,70.277,655.31
0.48750,353.55,-1310.08,0.0583,31.3389,71.210,129.601,0.38518,78.002,656.14
0.48800,293.89,-1704.16,0.0717,21.6867,70.018,130.898,0.98731,81.632,657.14
0.48850,227.00,-1838.65,0.0798,10.5533,69.594,131.312,1.00000,83.729,658.17
0.48900,154.51,-1705.03,0.0822,-0.2992,69.963,130.814,1.00000,85.250,659.10
0.48950,78.22,-1327.20,0.0799,-8.5221,71.053,129.481,1.00000,86.815,659.80
0.49000,-0.00,-777.45,0.0742,-14.0087,72.650,127.563,1.00000,0.000,660.19
0.49050,-78.22,-111.98,0.0664,-16.3075,74.589,125.248,0.91288,23.348,660.21
0.49100,-154.51,612.19,0.0585,-14.9845,76.697,122.727,0.47350,-78.606,660.59
0.49150,-227.00,1294.93,0.0521,-9.9943,78.681,120.344,-0.14032,-81.517,661.35
0.49200,-293.89,1802.06,0.0490,-2.1011,80.148,118.562,-0.84124,-82.018,662.40
0.49250,-353.55,2011.91,0.0501,6.4899,80.743,117.806,-1.00000,-81.499,663.58
0.49300,-404.51,1936.64,0.0554,14.6936,80.503,118.033,-1.00000,-80.197,664.75
0.49350,-445.50,1653.08,0.0646,21.8223,79.651,118.977,-1.00000,-78.015,665.80
0.49400,-475.53,1215.94,0.0769,26.9530,78.347,120.445,-1.00000,-74.298,666.65
0.49450,-493.84,674.74,0.0911,29.4130,76.736,122.271,-1.00000,-67.091,667.23
0.49500,-500.00,70.13,0.1058,28.7730,74.942,124.318,-1.00000,-48.749,667.52
0.49550,-493.84,-564.19,0.1193,24.8127,73.067,126.480,-0.88614,8.107,667.55
0.49600,-475.53,-1188.98,0.1300,17.5101,71.232,128.628,-0.50896,56.316,667.91
0.49650,-445.50,-1738.34,0.1363,7.1460,69.632,130.539,-0.00694,70.986,668.56
0.49700,-404.51,-2132.26,0.1369,-4.8292,68.503,131.940,0.55885,76.823,669.42
0.49750,-353.55,-2303.68,0.1314,-17.0831,68.038,132.594,1.00000,79.724,670.39
0.49800,-293.89,-2217.71,0.1198,-29.3509,68.339,132.379,1.00000,81.314,671.36
0.49850,-227.00,-1857.73,0.1023,-40.2703,69.451,131.233,1.00000,82.075,672.17
0.49900,-154.51,-1272.16,0.0800,-48.4789,71.230,129.318,1.00000,82.129,672.73
0.49950,-78.22,-530.89,0.0545,-52.9732,73.469,126.873,1.00000,80.197,672.96
0.50000,0.00,308.54,0.0278,-53.0959,75.995,124.088,0.74306,0.000,673.11
0.50050,78.22,1165.46,0.0021,-48.5418,78.567,121.232,0.23043,-85.885,673.65
0.50100,154.51,1916.83,-0.0200,-39.5586,80.821,118.728,-0.41856,-84.990,674.54
0.50150,227.00,2429.26,-0.0368,-27.0841,82.367,117.034,-1.00000,-84.115,675.64
0.50200,293.89,2609.99,-0.0468,-12.6801,82.931,116.469,-1.00000,-82.768,676.80
0.50250,353.55,2515.45,-0.0495,1.5914,82.675,116.829,-1.00000,-80.712,677.88
0.50300,404.51,2208.56,-0.0457,13.3556,81.780,117.896,-1.00000,-77.362,678.78
0.50350,445.50,1747.11,-0.0365,22.8964,80.418,119.471,-1.00000,-71.105,679.43
0.50400,475.53,1176.38,-0.0232,29.6550,78.724,121.404,-1.00000,-55.843,679.78
0.50450,493.84,534.18,-0.0074,33.1386,76.812,123.569,-0.93621,-4.670,679.80
0.50500,500.00,-140.91,0.0093,33.0628,74.801,125.842,-0.56531,52.041,680.12
0.50550,493.84,-781.25,0.0251,29.4179,72.892,127.997,-0.05072,68.829,680.76
0.50600,475.53,-1296.60,0.0382,22.6358,71.353,129.727,0.54540,74.979,681.64
0.50650,445.50,-1603.97,0.0473,13.6108,70.429,130.748,1.00000,77.736,682.67
0.50700,404.51,-1658.51,0.0516,3.6908,70.252,130.907,1.00000,78.906,683.70
0.50750,353.55,-1448.98,0.0513,-4.8319,70.851,130.160,1.00000,78.903,684.60
0.50800,293.89,-1020.85,0.0472,-10.9066,72.092,128.661,1.00000,77.400,685.26
0.50850,227.00,-441.05,0.0408,-14.2682,73.778,126.639,1.00000,71.233,685.59
0.50900,154.51,237.19,0.0335,-14.3503,75.750,124.274,0.85711,-28.152,685.63
0.50950,78.22,952.06,0.0271,-10.8228,77.824,121.773,0.39388,-84.885,686.07
0.51000,0.00,1598.83,0.0233,-3.8720,79.692,119.497,-0.22976,0.000,686.87
0.51050,-78.22,2047.88,0.0235,4.9310,80.976,117.895,-0.92371,-87.893,687.93
0.51100,-154.51,2185.82,0.0283,14.3364,81.349,117.366,-1.00000,-86.223,689.10
0.51150,-227.00,2047.35,0.0378,23.4976,80.908,117.786,-1.00000,-84.300,690.24
0.51200,-293.89,1703.28,0.0515,31.2412,79.861,118.908,-1.00000,-81.629,691.24
0.51250,-353.55,1210.80,0.0686,36.6281,78.375,120.536,-1.00000,-77.265,692.02
0.51300,-404.51,619.15,0.0877,39.0073,76.597,122.502,-1.00000,-68.438,692.53
0.51350,-445.50,-30.95,0.1071,37.9753,74.650,124.674,-1.00000,-42.939,692.74
0.51400,-475.53,-705.56,0.1250,33.3402,72.638,126.944,-0.80631,25.814,692.86
0.51450,-493.84,-1357.32,0.1398,25.1255,70.707,129.156,-0.39468,60.234,693.29
0.51500,-500.00,-1912.62,0.1496,13.6883,69.073,131.060,0.12787,70.508,693.99
0.51550,-493.84,-2290.90,0.1531,0.0463,67.975,132.382,0.69532,74.634,694.89
0.51600,-475.53,-2427.38,0.1498,-13.3879,67.600,132.895,1.00000,76.308,695.87
0.51650,-445.50,-2304.33,0.1398,-26.4791,68.000,132.535,1.00000,76.522,696.80
0.51700,-404.51,-1906.14,0.1235,-38.0435,69.215,131.242,1.00000,74.924,697.55
0.51750,-353.55,-1293.99,0.1022,-46.7525,71.065,129.225,1.00000,69.396,698.02
0.51800,-293.89,-534.42,0.0774,-51.6487,73.354,126.710,1.00000,39.297,698.14
0.51850,-227.00,317.58,0.0513,-52.1063,75.914,123.877,0.62492,-67.372,698.41
0.51900,-154.51,1168.11,0.0261,-47.8677,78.466,121.042,0.05375,-83.337,699.07
0.51950,-78.22,1879.73,0.0041,-39.3182,80.606,118.679,-0.63174,-87.712,700.05
0.52000,0.00,2319.16,-0.0127,-27.5614,81.944,117.246,-1.00000,0.000,701.21
0.52050,78.22,2438.82,-0.0232,-14.2426,82.336,116.903,-1.00000,-88.102,702.39
0.52100,154.51,2307.74,-0.0269,-1.0820,81.981,117.403,-1.00000,-85.896,703.47
0.52150,227.00,1982.55,-0.0247,9.5035,81.042,118.549,-1.00000,-82.632,704.35
0.52200,293.89,1518.37,-0.0178,17.6198,79.684,120.153,-1.00000,-76.503,704.96
0.52250,353.55,957.74,-0.0075,23.0059,78.033,122.073,-1.00000,-59.665,705.26
0.52300,404.51,335.92,0.0047,25.2456,76.196,124.194,-0.88196,9.623,705.29
0.52350,445.50,-305.39,0.0171,24.1186,74.302,126.381,-0.48329,59.320,705.67
0.52400,475.53,-895.03,0.0282,19.7025,72.560,128.392,0.05061,70.865,706.35
0.52450,493.84,-1344.23,0.0364,12.5194,71.234,129.925,0.65404,74.961,707.27
0.52500,500.00,-1573.41,0.0405,3.6378,70.557,130.708,1.00000,76.442,708.31
0.52550,493.84,-1555.03,0.0401,-4.7766,70.611,130.644,1.00000,76.448,709.34
0.52600,475.53,-1280.36,0.0359,-11.6163,71.415,129.694,1.00000,74.847,710.21
0.52650,445.50,-803.56,0.0288,-16.3712,72.809,128.045,1.00000,70.370,710.84
0.52700,404.51,-188.60,0.0200,-18.2407,74.607,125.916,1.00000,55.706,711.13
0.52750,353.55,512.68,0.0112,-16.6652,76.652,123.481,0.82071,-24.232,711.21
0.52800,293.89,1234.99,0.0040,-11.3853,78.750,120.959,0.34354,-72.657,711.68
0.52850,227.00,1870.45,0.0004,-2.7266,80.585,118.721,-0.28422,-82.136,712.51
0.52900,154.51,2292.28,0.0015,7.4427,81.786,117.208,-0.97087,-85.866,713.57
0.52950,78.22,2391.95,0.0079,18.2456,82.041,116.803,-1.00000,-88.064,714.73
0.53000,0.00,2217.48,0.0197,28.6325,81.487,117.333,-1.00000,0.000,715.84
0.53050,-78.22,1835.78,0.0363,37.3749,80.319,118.567,-1.00000,-87.660,716.80
0.53100,-154.51,1306.02,0.0566,43.5261,78.711,120.301,-1.00000,-83.961,717.53
0.53150,-227.00,677.51,0.0793,46.4317,76.810,122.370,-1.00000,-75.912,717.98
0.53200,-293.89,-8.75,0.1024,45.6872,74.741,124.641,-1.00000,-44.134,718.12
0.53250,-353.55,-718.36,0.1243,41.1037,72.610,127.004,-0.73852,45.897,718.30
0.53300,-404.51,-1396.80,0.1429,32.7228,70.584,129.280,-0.29658,67.822,718.80
0.53350,-445.50,-1963.44,0.1565,20.9656,68.900,131.195,0.24497,73.643,719.56
0.53400,-475.53,-2337.21,0.1635,6.7117,67.798,132.473,0.81595,75.671,720.49
0.53450,-493.84,-2453.33,0.1631,-7.7555,67.467,132.890,1.00000,75.854,721.47
0.53500,-500.00,-2305.29,0.1559,-21.1653,67.925,132.419,1.00000,74.519,722.37
0.53550,-493.84,-1885.94,0.1422,-32.9450,69.188,131.030,1.00000,70.468,723.07
0.53600,-475.53,-1264.19,0.1234,-41.8320,71.055,128.960,1.00000,58.912,723.46
0.53650,-445.50,-503.10,0.1010,-46.9161,73.337,126.421,0.91880,7.367,723.49
0.53700,-404.51,334.52,0.0772,-47.6219,75.846,123.622,0.48750,-61.306,723.86
0.53750,-353.55,1143.93,0.0542,-43.8010,78.271,120.919,-0.12123,-76.716,724.61
0.53800,-293.89,1786.15,0.0341,-35.9757,80.205,118.790,-0.82083,-81.958,725.65
0.53850,-227.00,2132.31,0.0187,-25.3760,81.269,117.679,-1.00000,-84.504,726.83
0.53900,-154.51,2182.28,0.0089,-13.6620,81.459,117.579,-1.00000,-86.217,728.00
0.53950,-78.22,2006.05,0.0050,-2.3418,80.976,118.242,-1.00000,-87.851,729.04
0.54000,0.00,1657.80,0.0061,6.4368,79.977,119.480,-1.00000,0.000,729.87
0.54050,78.22,1189.10,0.0109,12.5076,78.616,121.117,-1.00000,-85.972,730.43
0.54100,154.51,639.78,0.0182,15.8750,77.012,123.022,-1.00000,-72.339,730.67
0.54150,227.00,42.40,0.0263,16.2394,75.265,125.089,-0.82573,39.119,730.76
0.54200,293.89,-558.35,0.0339,13.4686,73.510,127.170,-0.40632,70.973,731.19
0.54250,353.55,-1088.75,0.0393,7.7675,71.965,129.015,0.13631,76.227,731.91
0.54300,404.51,-1463.93,0.0413,0.0922,70.880,130.333,0.73449,77.784,732.84
0.54350,445.50,-1612.64,0.0394,-7.7338,70.463,130.876,1.00000,77.786,733.87
0.54400,475.53,-1519.50,0.0336,-15.2287,70.756,130.589,1.00000,76.593,734.87
0.54450,493.84,-1175.23,0.0244,-21.4725,71.782,129.431,1.00000,73.518,735.70
0.54500,500.00,-640.61,0.0125,-25.3212,73.364,127.612,1.00000,66.329,736.27
0.54550,493.84,21.29,-0.0004,-25.9636,75.316,125.349,1.00000,43.738,736.51
0.54600,475.53,759.18,-0.0128,-22.8966,77.482,122.810,0.75943,-30.816,736.65
0.54650,445.50,1500.39,-0.0227,-15.9313,79.647,120.241,0.25719,-67.105,737.18
0.54700,404.51,2129.99,-0.0281,-5.4261,81.473,118.038,-0.38120,-76.806,738.04
0.54750,353.55,2522.10,-0.0278,6.6667,82.593,116.637,-1.00000,-80.740,739.13
0.54800,293.89,2584.95,-0.0214,18.9650,82.742,116.362,-1.00000,-82.690,740.27
0.54850,227.00,2378.53,-0.0090,30.6713,82.093,117.001,-1.00000,-83.977,741.35
0.54900,154.51,1966.37,0.0089,40.5586,80.831,118.333,-1.00000,-85.126,742.25
0.54950,78.22,1407.26,0.0311,47.6803,79.130,120.156,-1.00000,-86.632,742.92
0.55000,-0.00,749.85,0.0561,51.3786,77.134,122.308,-1.00000,0.000,743.29
0.55050,-78.22,34.85,0.0819,51.2447,74.969,124.658,-0.97464,-55.327,743.35
0.55100,-154.51,-700.79,0.1066,47.0904,72.750,127.090,-0.63413,74.207,743.62
0.55150,-227.00,-1393.32,0.1283,38.9878,70.667,129.390,-0.15107,78.987,744.21
0.55200,-293.89,-1955.02,0.1450,27.4378,68.982,131.261,0.41667,79.967,745.04
0.55250,-353.55,-2304.88,0.1553,13.3945,67.932,132.427,0.99343,79.730,746.01
0.55300,-404.51,-2384.05,0.1583,-1.4625,67.691,132.686,1.00000,78.451,747.00
0.55350,-445.50,-2181.41,0.1542,-14.4995,68.290,131.994,1.00000,75.606,747.87
0.55400,-475.53,-1727.67,0.1441,-25.5762,69.634,130.454,1.00000,69.205,748.50
0.55450,-493.84,-1093.32,0.1291,-33.7005,71.519,128.309,1.00000,50.518,748.79
0.55500,-500.00,-336.06,0.1110,-38.0640,73.770,125.751,0.81250,-18.153,748.88
0.55550,-493.84,471.94,0.0918,-38.1911,76.173,123.022,0.32301,-62.918,749.36
0.55600,-475.53,1214.49,0.0735,-34.1029,78.385,120.521,-0.32316,-74.285,750.20
0.55650,-445.50,1753.94,0.0583,-26.5088,80.002,118.720,-1.00000,-78.550,751.30
0.55700,-404.51,1974.23,0.0474,-16.7930,80.684,118.022,-1.00000,-80.349,752.49
0.55750,-353.55,1928.62,0.0415,-6.6145,80.583,118.233,-1.00000,-81.194,753.63
0.55800,-293.89,1679.78,0.0405,2.1811,79.879,119.134,-1.00000,-81.531,754.62
0.55850,-227.00,1285.90,0.0433,8.2531,78.743,120.523,-1.00000,-81.467,755.38
0.55900,-154.51,793.34,0.0484,11.8191,77.313,122.244,-1.00000,-80.742,755.85
0.55950,-78.22,238.55,0.0546,12.6409,75.699,124.178,-1.00000,-76.130,756.01
0.56000,0.00,-348.36,0.0605,10.5094,73.994,126.226,-0.74572,0.000,756.18
0.56050,78.22,-917.27,0.0646,5.4538,72.347,128.222,-0.29691,85.507,756.68
0.56100,154.51,-1390.72,0.0656,-1.6866,70.987,129.900,0.25891,84.290,757.46
0.56150,227.00,-1690.78,0.0628,-9.6866,70.140,130.989,0.85281,83.250,758.41
0.56200,293.89,-1751.42,0.0558,-18.2893,69.999,131.260,1.00000,81.823,759.44
0.56250,353.55,-1565.81,0.0446,-26.4178,70.582,130.686,1.00000,79.563,760.40
0.56300,404.51,-1133.60,0.0297,-32.7715,71.887,129.258,1.00000,75.265,761.17
0.56350,445.50,-524.28,0.0123,-36.2415,73.709,127.218,1.00000,65.327,761.65
0.56400,475.53,200.54,-0.0059,-36.0809,75.865,124.771,1.00000,30.040,761.79
0.56450,493.84,990.43,-0.0231,-31.8498,78.203,122.085,0.65337,-45.159,762.04
0.56500,500.00,1759.92,-0.0371,-23.4434,80.469,119.448,0.10241,-68.354,762.67
0.56550,493.84,2381.06,-0.0459,-11.3506,82.286,117.302,-0.56293,-75.336,763.61
0.56600,475.53,2727.65,-0.0480,2.7870,83.288,116.083,-1.00000,-78.077,764.74
0.56650,445.50,2744.99,-0.0432,16.3757,83.314,115.983,-1.00000,-79.035,765.89
0.56700,404.51,2506.35,-0.0318,29.1370,82.579,116.745,-1.00000,-79.106,766.94
0.56750,353.55,2069.25,-0.0144,39.9475,81.248,118.169,-1.00000,-78.356,767.79
0.56800,293.89,1489.91,0.0077,47.8838,79.488,120.064,-1.00000,-76.195,768.39
0.56850,227.00,815.14,0.0329,52.3007,77.440,122.275,-1.00000,-68.896,768.69
0.56900,154.51,84.35,0.0593,52.7950,75.226,124.674,-0.88191,24.423,768.72
0.56950,78.22,-657.16,0.0850,49.1955,72.985,127.117,-0.49239,83.929,769.09
0.57000,-0.00,-1336.38,0.1078,41.6485,70.933,129.359,0.02720,0.000,769.76
0.57050,-78.22,-1864.70,0.1261,30.7503,69.335,131.098,0.61237,87.493,770.65
0.57100,-154.51,-2163.60,0.1382,17.5438,68.422,132.067,1.00000,85.602,771.65
0.57150,-227.00,-2198.97,0.1435,3.4704,68.296,132.151,1.00000,83.434,772.64
0.57200,-293.89,-1952.57,0.1420,-8.7758,69.006,131.282,1.00000,79.952,773.47
0.57250,-353.55,-1479.31,0.1351,-18.5125,70.391,129.646,1.00000,72.565,774.03
0.57300,-404.51,-844.93,0.1240,-25.2927,72.257,127.470,1.00000,47.434,774.25
0.57350,-445.50,-102.85,0.1104,-28.4163,74.444,124.931,0.72485,-37.565,774.42
0.57400,-475.53,667.18,0.0962,-27.5028,76.715,122.298,0.19176,-67.406,775.00
0.57450,-493.84,1340.39,0.0835,-22.7235,78.702,120.001,-0.48026,-74.931,775.91
0.57500,-500.00,1781.33,0.0740,-14.9468,80.010,118.506,-1.00000,-77.638,777.05
0.57550,-493.84,1908.38,0.0688,-5.6956,80.399,118.095,-1.00000,-78.383,778.25
0.57600,-475.53,1788.79,0.0682,2.8185,80.062,118.530,-1.00000,-78.140,779.39
0.57650,-445.50,1484.98,0.0713,9.2051,79.182,119.595,-1.00000,-77.005,780.35
0.57700,-404.51,1051.92,0.0771,13.4862,77.920,121.101,-1.00000,-74.478,781.08
0.57750,-353.55,532.80,0.0844,15.2504,76.405,122.902,-1.00000,-68.254,781.52
0.57800,-293.89,-37.07,0.0918,14.1647,74.743,124.881,-1.00000,-41.149,781.65
0.57850,-227.00,-628.41,0.0980,10.0751,73.025,126.945,-0.72022,60.512,781.85
0.57900,-154.51,-1189.64,0.1014,3.1493,71.404,128.921,-0.26568,81.510,782.37
0.57950,-78.22,-1643.58,0.1009,-5.3492,70.108,130.543,0.28912,87.139,783.15
0.58000,0.00,-1915.11,0.0959,-14.8621,69.354,131.549,0.87528,0.000,784.11
0.58050,78.22,-1939.86,0.0860,-24.9551,69.330,131.715,1.00000,87.780,785.12
0.58100,154.51,-1713.44,0.0711,-34.3431,70.048,131.025,1.00000,85.272,786.05
0.58150,227.00,-1236.79,0.0520,-41.6774,71.500,129.473,1.00000,81.185,786.79
0.58200,293.89,-582.47,0.0299,-45.8364,73.473,127.309,1.00000,71.461,787.22
0.58250,353.55,187.31,0.0068,-46.0671,75.782,124.742,0.97783,25.184,787.31
0.58300,404.51,1018.52,-0.0154,-41.9338,78.262,121.949,0.58280,-56.623,787.61
0.58350,445.50,1817.18,-0.0344,-33.3692,80.635,119.248,0.00571,-72.007,788.30
0.58400,475.53,2449.41,-0.0481,-20.9390,82.508,117.101,-0.67348,-76.455,789.29
0.58450,493.84,2788.64,-0.0549,-5.9251,83.510,115.945,-1.00000,-77.855,790.43
0.58500,500.00,2802.08,-0.0541,8.7922,83.545,115.891,-1.00000,-77.746,791.59
0.58550,493.84,2566.09,-0.0463,22.0547,82.834,116.673,-1.00000,-76.596,792.62
0.58600,475.53,2137.04,-0.0324,33.4366,81.542,118.095,-1.00000,-74.029,793.45
0.58650,445.50,1568.59,-0.0134,42.0403,79.828,119.975,-1.00000,-68.363,794.01
0.58700,404.51,905.51,0.0091,47.2244,77.826,122.164,-1.00000,-51.083,794.26
0.58750,353.55,185.71,0.0332,48.5801,75.653,124.541,-0.83279,25.396,794.35
0.58800,293.89,-541.81,0.0570,45.9311,73.459,126.947,-0.41742,70.625,794.77
0.58850,227.00,-1199.60,0.0785,39.4457,71.474,129.121,0.12155,80.959,795.48
0.58900,154.51,-1698.83,0.0959,29.7503,69.962,130.761,0.71616,85.234,796.41
0.58950,78.22,-1962.29,0.1079,17.9143,69.151,131.604,1.00000,87.805,797.43
0.59000,0.00,-1966.37,0.1137,5.3395,69.111,131.571,1.00000,0.000,798.41
0.59050,-78.22,-1697.49,0.1135,-5.5736,69.879,130.612,1.00000,87.235,799.22
0.59100,-154.51,-1218.15,0.1086,-13.6486,71.272,128.938,1.00000,81.735,799.75
0.59150,-227.00,-591.85,0.1004,-18.7724,73.101,126.767,1.00000,58.112,799.93
0.59200,-293.89,130.52,0.0904,-20.3591,75.213,124.268,0.68518,-55.299,800.15
0.59250,-353.55,866.49,0.0806,-18.1028,77.365,121.722,0.13417,-73.839,800.76
0.59300,-404.51,1488.38,0.0729,-12.2709,79.182,119.567,-0.54670,-77.937,801.70
0.59350,-445.50,1863.12,0.0688,-3.9146,80.275,118.266,-1.00000,-79.078,802.86
0.59400,-475.53,1925.69,0.0690,4.5764,80.453,118.041,-1.00000,-78.798,804.06
0.59450,-493.84,1753.63,0.0732,11.8794,79.943,118.625,-1.00000,-77.607,805.18
0.59500,-500.00,1405.02,0.0806,17.6715,78.915,119.816,-1.00000,-75.294,806.13
0.59550,-493.84,933.00,0.0905,21.2484,77.522,121.429,-1.00000,-70.909,806.85
0.59600,-475.53,380.78,0.1014,22.0869,75.895,123.319,-1.00000,-60.956,807.27
0.59650,-445.50,-216.06,0.1121,19.8766,74.142,125.370,-1.00000,-27.249,807.39
0.59700,-404.51,-827.98,0.1208,14.4937,72.353,127.489,-0.70989,46.312,807.60
0.59750,-353.55,-1402.18,0.1260,6.0605,70.687,129.497,-0.25463,71.368,808.13
0.59800,-293.89,-1860.27,0.1265,-4.2080,69.375,131.127,0.29655,79.373,808.91
0.59850,-227.00,-2128.78,0.1217,-15.2059,68.629,132.121,0.87494,83.193,809.86
0.59900,-154.51,-2145.79,0.1112,-26.7315,68.630,132.265,1.00000,85.563,810.86
0.59950,-78.22,-1906.87,0.0951,-37.4880,69.389,131.540,1.00000,87.551,811.77
0.60000,0.00,-1412.12,0.0741,-46.0877,70.903,129.939,1.00000,0.000,812.48
0.60050,78.22,-735.14,0.0496,-51.3751,72.953,127.714,1.00000,84.507,812.88
0.60100,154.51,61.21,0.0234,-52.5678,75.352,125.077,0.94033,31.125,812.93
0.60150,227.00,917.34,-0.0022,-49.2138,77.920,122.223,0.52520,-71.798,813.27
0.60200,293.89,1733.16,-0.0250,-41.2667,80.361,119.492,-0.06606,-78.459,813.99
0.60250,353.55,2373.25,-0.0428,-29.3310,82.276,117.349,-0.74994,-80.071,815.00
0.60300,404.51,2711.73,-0.0539,-14.7033,83.297,116.230,-1.00000,-80.056,816.16
0.60350,445.50,2731.92,-0.0574,0.5969,83.371,116.186,-1.00000,-78.974,817.30
0.60400,475.53,2508.59,-0.0537,13.8272,82.716,116.955,-1.00000,-76.835,818.32
0.60450,493.84,2098.74,-0.0439,25.1229,81.498,118.341,-1.00000,-72.896,819.12
0.60500,500.00,1553.71,-0.0290,33.8087,79.870,120.169,-1.00000,-64.615,819.65
0.60550,493.84,916.21,-0.0106,39.2595,77.960,122.298,-1.00000,-40.539,819.86
0.60600,475.53,222.38,0.0096,41.0704,75.878,124.611,-0.79006,28.029,819.98
0.60650,445.50,-475.93,0.0298,39.0673,73.784,126.939,-0.35317,64.197,820.44
0.60700,404.51,-1097.96,0.0481,33.4403,71.915,129.009,0.20168,74.932,821.20
0.60750,353.55,-1555.22,0.0628,24.8414,70.535,130.519,0.80379,79.506,822.15
0.60800,293.89,-1772.04,0.0726,14.3602,69.867,131.212,1.00000,81.904,823.18
0.60850,227.00,-1733.90,0.0770,3.4440,69.955,131.040,1.00000,83.397,824.16
0.60900,154.51,-1433.79,0.0764,-5.5189,70.814,129.972,1.00000,84.444,824.96
0.60950,78.22,-939.86,0.0720,-11.6946,72.245,128.241,1.00000,85.607,825.47
0.61000,0.00,-313.12,0.0652,-14.8913,74.067,126.055,1.00000,0.000,825.62
0.61050,-78.22,397.48,0.0577,-14.6100,76.134,123.578,0.66115,-80.663,825.86
0.61100,-154.51,1108.35,0.0512,-10.6296,78.198,121.093,0.10208,-83.025,826.49
0.61150,-227.00,1691.20,0.0476,-3.4141,79.883,119.045,-0.57968,-83.251,827.45
0.61200,-293.89,2017.53,0.0480,5.1375,80.815,117.879,-1.00000,-82.754,828.61
0.61250,-353.55,2033.91,0.0527,13.6857,80.840,117.784,-1.00000,-81.576,829.80
0.61300,-404.51,1816.74,0.0616,21.5220,80.178,118.491,-1.00000,-79.679,830.91
0.61350,-445.50,1423.22,0.0740,27.6336,78.998,119.803,-1.00000,-76.591,831.85
0.61400,-475.53,907.28,0.0888,31.2380,77.456,121.532,-1.00000,-71.023,832.54
0.61450,-493.84,313.08,0.1047,31.8149,75.685,123.533,-1.00000,-58.533,832.94
0.61500,-500.00,-322.86,0.1201,29.0677,73.797,125.686,-1.00000,-19.508,833.03
0.61550,-493.84,-970.11,0.1332,22.8918,71.887,127.895,-0.68340,43.962,833.27
0.61600,-475.53,-1572.53,0.1424,13.4024,70.122,129.974,-0.21744,66.564,833.82
0.61650,-445.50,-2047.84,0.1461,1.2842,68.745,131.640,0.33887,74.462,834.62
0.61700,-404.51,-2321.19,0.1436,-11.2953,67.974,132.634,0.91446,78.083,835.58
0.61750,-353.55,-2334.85,0.1348,-24.1267,67.977,132.752,1.00000,79.882,836.57
0.61800,-293.89,-2084.95,0.1196,-36.1698,68.763,131.980,1.00000,80.681,837.46
0.61850,-227.00,-1577.28,0.0990,-46.0001,70.312,130.331,1.00000,80.457,838.14
0.61900,-154.51,-886.57,0.0742,-52.4508,72.403,128.060,1.00000,78.082,838.50
0.61950,-78.22,-74.90,0.0472,-54.7248,74.851,125.375,0.89217,-2.426,838.50
0.62000,0.00,792.36,0.0203,-52.3635,77.458,122.493,0.44991,0.000,838.90
0.62050,78.22,1608.32,-0.0044,-45.3547,79.908,119.777,-0.16054,-87.074,839.67
0.62100,154.51,2236.29,-0.0244,-34.3553,81.799,117.696,-0.85101,-85.755,840.71
0.62150,227.00,2552.00,-0.0383,-20.7124,82.768,116.680,-1.00000,-84.424,841.87
0.62200,293.89,2564.45,-0.0450,-6.1922,82.836,116.690,-1.00000,-82.625,843.00
0.62250,353.55,2343.15,-0.0447,6.7643,82.203,117.479,-1.00000,-79.924,844.00
0.62300,404.51,1946.09,-0.0386,17.1917,81.040,118.850,-1.00000,-75.297,844.77
0.62350,445.50,1422.81,-0.0279,25.1304,79.494,120.633,-1.00000,-65.494,845.26
0.62400,475.53,813.57,-0.0140,30.0256,77.685,122.696,-1.00000,-35.408,845.43
0.62450,493.84,152.36,0.0015,31.5038,75.719,124.929,-0.74628,34.663,845.60
0.62500,500.00,-506.53,0.0169,29.4173,73.759,127.154,-0.28916,63.584,846.10
0.62550,493.84,-1079.66,0.0304,24.0000,72.053,129.086,0.27907,72.576,846.89
0.62600,475.53,-1479.79,0.0404,15.9476,70.858,130.428,0.88521,76.331,847.87
0.62650,445.50,-1633.77,0.0461,6.4144,70.390,130.931,1.00000,77.907,848.91
0.62700,404.51,-1535.83,0.0469,-2.6005,70.665,130.573,1.00000,78.224,849.88
0.62750,353.55,-1189.87,0.0439,-9.3729,71.666,129.360,1.00000,77.098,850.65
0.62800,293.89,-666.49,0.0380,-13.6936,73.188,127.534,1.00000,72.985,851.13
0.62850,227.00,-24.12,0.0307,-14.9587,75.057,125.296,1.00000,47.888,851.25
0.62900,154.51,689.78,0.0236,-12.7074,77.130,122.802,0.63306,-73.899,851.52
0.62950,78.22,1389.57,0.0186,-6.8203,79.155,120.345,0.06532,-86.587,852.18
0.63000,-0.00,1946.07,0.0172,1.7557,80.753,118.371,-0.61700,0.000,853.15
0.63050,-78.22,2235.59,0.0205,11.2668,81.566,117.314,-1.00000,-88.064,854.31
0.63100,-154.51,2213.29,0.0286,21.1225,81.464,117.329,-1.00000,-86.267,855.49
0.63150,-227.00,1954.95,0.0414,30.0722,80.666,118.151,-1.00000,-84.061,856.58
0.63200,-293.89,1518.42,0.0583,37.0232,79.340,119.580,-1.00000,-80.789,857.49
0.63250,-353.55,958.45,0.0780,41.1780,77.649,121.428,-1.00000,-74.918,858.14
0.63300,-404.51,320.13,0.0989,42.0094,75.728,123.545,-1.00000,-60.829,858.51
0.63350,-445.50,-359.03,0.1194,39.2216,73.692,125.811,-0.96303,-10.985,858.55
0.63400,-475.53,-1043.95,0.1375,32.7238,71.649,128.115,-0.61838,50.085,858.83
0.63450,-493.84,-1672.93,0.1515,22.6754,69.786,130.250,-0.13506,67.274,859.42
0.63500,-500.00,-2161.63,0.1597,9.6547,68.349,131.929,0.42899,73.253,860.25
0.63550,-493.84,-2433.44,0.1609,-4.6527,67.566,132.889,0.99902,75.715,861.22
0.63600,-475.53,-2438.28,0.1552,-18.3592,67.580,132.952,1.00000,76.381,862.21
0.63650,-445.50,-2162.93,0.1427,-31.1879,68.426,132.067,1.00000,75.458,863.06
0.63700,-404.51,-1639.45,0.1244,-41.7359,70.009,130.343,1.00000,71.864,863.68
0.63750,-353.55,-939.93,0.1016,-48.8751,72.116,128.026,1.00000,58.912,863.97
0.63800,-293.89,-123.74,0.0762,-51.8308,74.570,125.314,0.81045,-30.069,864.06
0.63850,-227.00,735.32,0.0505,-50.1738,77.149,122.453,0.32481,-76.727,864.54
0.63900,-154.51,1520.49,0.0268,-43.9808,79.507,119.841,-0.31404,-84.730,865.38
0.63950,-78.22,2094.98,0.0072,-34.0176,81.244,117.949,-1.00000,-87.939,866.46
0.64000,-0.00,2341.74,-0.0068,-21.7246,82.017,117.181,-1.00000,0.000,867.64
0.64050,78.22,2310.70,-0.0145,-8.8108,81.966,117.353,-1.00000,-87.993,868.75
0.64100,154.51,2063.46,-0.0159,2.8152,81.267,118.249,-1.00000,-85.373,869.71
0.64150,227.00,1659.04,-0.0122,11.5262,80.095,119.666,-1.00000,-80.993,870.42
0.64200,293.89,1144.60,-0.0047,17.6880,78.590,121.445,-1.00000,-70.942,870.85
0.64250,353.55,557.42,0.0050,20.9378,76.864,123.462,-1.00000,-29.969,870.95
0.64300,404.51,-71.21,0.0157,20.9781,75.015,125.619,-0.68030,49.625,871.19
0.64350,445.50,-683.05,0.0255,17.7299,73.216,127.719,-0.19651,68.458,871.75
0.64400,475.53,-1190.89,0.0329,11.5271,71.726,129.467,0.38588,74.073,872.59
0.64450,493.84,-1510.33,0.0366,3.2767,70.792,130.572,0.99056,76.158,873.59
0.64500,500.00,-1577.03,0.0362,-4.9504,70.602,130.812,1.00000,76.465,874.63
0.64550,493.84,-1389.78,0.0319,-12.0645,71.157,130.176,1.00000,75.309,875.57
0.64600,475.53,-972.43,0.0244,-17.4593,72.383,128.742,1.00000,71.819,876.29
0.64650,445.50,-394.95,0.0149,-20.2004,74.077,126.752,1.00000,62.073,876.71
0.64700,404.51,286.26,0.0048,-19.6221,76.070,124.397,0.95746,16.295,876.77
0.64750,353.55,1019.67,-0.0041,-15.3456,78.207,121.848,0.54817,-62.042,877.10
0.64800,293.89,1712.55,-0.0100,-7.3725,80.215,119.421,-0.03905,-78.296,877.81
0.64850,227.00,2234.72,-0.0111,3.0842,81.714,117.567,-0.72261,-83.549,878.82
0.64900,154.51,2467.65,-0.0068,14.2252,82.360,116.703,-1.00000,-86.179,879.97
0.64950,78.22,2392.20,0.0032,25.4854,82.097,116.893,-1.00000,-88.064,881.13
0.65000,-0.00,2086.05,0.0185,35.5642,81.150,117.866,-1.00000,0.000,882.17
0.65050,-78.22,1605.39,0.0383,43.3725,79.684,119.428,-1.00000,-87.340,883.02
0.65100,-154.51,1004.13,0.0614,48.1227,77.858,121.395,-1.00000,-82.404,883.59
0.65150,-227.00,326.95,0.0859,49.2967,75.808,123.622,-1.00000,-67.717,883.87
0.65200,-293.89,-388.70,0.1100,46.6080,73.649,125.988,-0.87186,17.879,883.92
0.65250,-353.55,-1098.64,0.1318,39.9934,71.518,128.351,-0.48456,64.615,884.29
0.65300,-404.51,-1731.94,0.1494,29.6998,69.624,130.473,0.02702,73.052,884.96
0.65350,-445.50,-2203.98,0.1610,16.4059,68.219,132.064,0.59929,75.783,885.83
0.65400,-475.53,-2440.55,0.1655,1.3623,67.521,132.872,1.00000,76.396,886.82
0.65450,-493.84,-2412.00,0.1626,-12.6827,67.616,132.793,1.00000,75.562,887.78
0.65500,-500.00,-2101.22,0.1530,-25.4263,68.550,131.759,1.00000,72.658,888.58
0.65550,-493.84,-1560.00,0.1376,-35.7998,70.170,129.949,1.00000,65.146,889.11
0.65600,-475.53,-855.84,0.1178,-42.7551,72.277,127.593,1.00000,38.652,889.30
0.65650,-445.50,-44.43,0.0955,-45.5748,74.703,124.875,0.69545,-41.996,889.50
0.65700,-404.51,788.61,0.0730,-43.8951,77.193,122.083,0.15226,-71.271,890.10
0.65750,-353.55,1513.33,0.0523,-37.9415,79.365,119.663,-0.52241,-79.276,891.03
0.65800,-293.89,1993.93,0.0356,-28.6496,80.820,118.084,-1.00000,-82.680,892.17
0.65850,-227.00,2156.71,0.0240,-17.5528,81.341,117.596,-1.00000,-84.560,893.37
0.65900,-154.51,2068.53,0.0181,-6.2215,81.119,117.960,-1.00000,-86.024,894.48
0.65950,-78.22,1785.02,0.0175,3.3972,80.313,118.980,-1.00000,-87.596,895.41
0.66000,-0.00,1362.33,0.0210,10.1646,79.091,120.465,-1.00000,0.000,896.09
0.66050,78.22,844.69,0.0272,14.3514,77.583,122.266,-1.00000,-84.173,896.47
0.66100,154.51,267.25,0.0349,15.6666,75.896,124.267,-0.97406,-36.117,896.53
0.66150,227.00,-338.03,0.0424,13.8969,74.129,126.366,-0.62319,68.113,896.81
0.66200,293.89,-910.44,0.0482,9.0662,72.463,128.358,-0.12469,76.286,897.41
0.66250,353.55,-1363.37,0.0510,1.8018,71.152,129.948,0.46247,78.364,898.27
0.66300,404.51,-1618.00,0.0499,-6.1571,70.427,130.861,1.00000,78.690,899.28
0.66350,445.50,-1624.92,0.0449,-14.1175,70.430,130.925,1.00000,77.857,900.32
0.66400,475.53,-1374.70,0.0359,-21.3117,71.187,130.101,1.00000,75.586,901.24
0.66450,493.84,-902.21,0.0239,-26.4969,72.593,128.506,1.00000,70.519,901.94
0.66500,500.00,-276.79,0.0099,-28.7089,74.444,126.380,1.00000,57.232,902.33
0.66550,493.84,445.35,-0.0042,-27.3170,76.574,123.912,0.92358,5.608,902.36
0.66600,475.53,1208.42,-0.0167,-21.9898,78.813,121.285,0.49855,-57.023,902.72
0.66650,445.50,1915.33,-0.0256,-12.7851,80.875,118.831,-0.09660,-73.138,903.46
0.66700,404.51,2435.64,-0.0290,-0.6045,82.380,117.002,-0.77741,-78.737,904.47
0.66750,353.55,2652.55,-0.0261,11.9972,82.987,116.206,-1.00000,-81.257,905.62
0.66800,293.89,2563.68,-0.0170,24.4483,82.689,116.451,-1.00000,-82.622,906.76
0.66850,227.00,2243.32,-0.0019,35.6546,81.703,117.477,-1.00000,-83.577,907.77
0.66900,154.51,1748.11,0.0183,44.5166,80.193,119.087,-1.00000,-84.462,908.56
0.66950,78.22,1131.20,0.0421,50.2352,78.318,121.103,-1.00000,-85.752,909.09
0.67000,-0.00,436.88,0.0679,52.2785,76.212,123.380,-1.00000,0.000,909.31
0.67050,-78.22,-297.53,0.0937,50.3460,73.991,125.799,-0.80911,70.372,909.42
0.67100,-154.51,-1021.56,0.1176,44.3714,71.809,128.194,-0.39215,79.896,909.85
0.67150,-227.00,-1657.78,0.1374,34.6409,69.895,130.307,0.13946,80.985,910.57
0.67200,-293.89,-2120.99,0.1517,21.8868,68.502,131.846,0.71809,80.862,911.48
0.67250,-353.55,-2338.60,0.1590,7.2793,67.845,132.563,1.00000,79.901,912.47
0.67300,-404.51,-2290.36,0.1590,-6.8017,67.982,132.390,1.00000,77.894,913.41
0.67350,-445.50,-1964.52,0.1525,-18.8938,68.944,131.278,1.00000,73.654,914.17
0.67400,-475.53,-1423.01,0.1405,-28.6068,70.549,129.440,1.00000,63.349,914.65
0.67450,-493.84,-729.67,0.1245,-34.9837,72.607,127.093,1.00000,25.526,914.77
0.67500,-500.00,62.80,0.1062,-37.3595,74.961,124.411,0.61489,-48.381,915.05
0.67550,-493.84,861.00,0.0879,-35.4255,77.332,121.711,0.03134,-69.973,915.72
0.67600,-475.53,1526.28,0.0715,-29.5161,79.314,119.471,-0.66870,-76.637,916.73
0.67650,-445.50,1923.83,0.0588,-20.6885,80.513,118.156,-1.00000,-79.351,917.91
0.67700,-404.51,2013.40,0.0510,-10.5379,80.806,117.899,-1.00000,-80.503,919.12
0.67750,-353.55,1869.44,0.0482,-0.7599,80.410,118.438,-1.00000,-80.963,920.23
0.67800,-293.89,1548.00,0.0498,6.6135,79.487,119.578,-1.00000,-80.934,921.15
0.67850,-227.00,1102.68,0.0545,11.5449,78.195,121.135,-1.00000,-80.312,921.82
0.67900,-154.51,574.94,0.0609,13.8941,76.658,122.972,-1.00000,-78.041,922.18
0.67950,-78.22,-1.49,0.0679,13.3624,74.978,124.976,-0.95720,-44.450,922.22
0.68000,0.00,-594.22,0.0738,9.8096,73.256,127.045,-0.60115,0.000,922.52
0.68050,78.22,-1142.69,0.0772,3.4369,71.670,128.973,-0.10243,86.334,923.13
0.68100,154.51,-1563.94,0.0770,-4.4820,70.465,130.474,0.48043,84.862,923.99
0.68150,227.00,-1783.44,0.0726,-13.1498,69.856,131.289,1.00000,83.558,924.99
0.68200,293.89,-1752.95,0.0638,-22.0997,69.985,131.250,1.00000,81.829,926.01
0.68250,353.55,-1461.85,0.0507,-30.0703,70.879,130.313,1.00000,78.979,926.92
0.68300,404.51,-947.70,0.0341,-35.7607,72.425,128.606,1.00000,73.346,927.60
0.68350,445.50,-280.66,0.0154,-38.1995,74.418,126.369,1.00000,58.471,927.96
0.68400,475.53,482.18,-0.0035,-36.7573,76.687,123.793,0.89583,-0.801,927.96
0.68450,493.84,1280.57,-0.0206,-31.1161,79.049,121.077,0.45776,-57.883,928.36
0.68500,500.00,2013.02,-0.0339,-21.3742,81.206,118.568,-0.14488,-71.713,929.11
0.68550,493.84,2548.29,-0.0414,-8.2803,82.772,116.718,-0.82534,-76.484,930.14
0.68600,475.53,2768.34,-0.0420,5.9323,83.404,115.937,-1.00000,-78.283,931.29
0.68650,445.50,2684.43,-0.0356,19.2709,83.134,116.187,-1.00000,-78.746,932.41
0.68700,404.51,2368.99,-0.0229,31.3982,82.173,117.213,-1.00000,-78.365,933.39
0.68750,353.55,1878.43,-0.0046,41.2360,80.685,118.822,-1.00000,-76.946,934.15
0.68800,293.89,1264.65,0.0178,47.9734,78.825,120.836,-1.00000,-73.157,934.64
0.68850,227.00,571.06,0.0427,51.0609,76.725,123.116,-1.00000,-56.585,934.81
0.68900,154.51,-165.59,0.0682,50.1764,74.498,125.543,-0.75819,64.234,934.97
0.68950,78.22,-890.08,0.0922,45.2391,72.312,127.938,-0.31582,85.382,935.45
0.69000,-0.00,-1519.75,0.1128,36.5523,70.413,130.019,0.23418,0.000,936.21
0.69050,-78.22,-1968.76,0.1283,24.8778,69.054,131.497,0.82074,87.631,937.16
0.69100,-154.51,-2165.55,0.1374,11.4003,68.448,132.126,1.00000,85.607,938.16
0.69150,-227.00,-2097.19,0.1397,-2.0170,68.632,131.863,1.00000,83.080,939.10
0.69200,-293.89,-1759.44,0.1358,-12.9749,69.615,130.686,1.00000,78.661,939.83
0.69250,-353.55,-1221.33,0.1271,-21.4508,71.194,128.834,1.00000,67.833,940.27
0.69300,-404.51,-543.56,0.1149,-26.6922,73.189,126.511,0.95993,18.971,940.34
0.69350,-445.50,218.79,0.1011,-28.1074,75.435,123.902,0.54521,-56.153,940.67
0.69400,-475.53,968.16,0.0875,-25.4799,77.644,121.339,-0.05659,-71.769,941.39
0.69450,-493.84,1566.45,0.0762,-19.2429,79.411,119.297,-0.76181,-76.521,942.42
0.69500,-500.00,1882.66,0.0687,-10.5450,80.352,118.231,-1.00000,-78.148,943.61
0.69550,-493.84,1900.69,0.0657,-1.2335,80.418,118.191,-1.00000,-78.347,944.81
0.69600,-475.53,1700.78,0.0671,6.4133,79.842,118.897,-1.00000,-77.674,945.90
0.69650,-445.50,1339.01,0.0718,12.0712,78.789,120.156,-1.00000,-75.983,946.79
0.69700,-404.51,865.14,0.0788,15.4786,77.404,121.798,-1.00000,-72.328,947.42
0.69750,-353.55,319.22,0.0869,16.1991,75.809,123.687,-1.00000,-62.278,947.76
0.69800,-293.89,-265.73,0.0945,13.9627,74.102,125.718,-0.93446,-5.474,947.77
0.69850,-227.00,-855.81,0.1003,8.6946,72.388,127.779,-0.57411,70.151,948.09
0.69900,-154.51,-1389.90,0.1028,0.8164,70.849,129.664,-0.07801,82.871,948.71
0.69950,-78.22,-1788.64,0.1010,-8.1996,69.716,131.099,0.49588,87.382,949.56
0.70000,0.00,-1980.16,0.0944,-18.1916,69.198,131.832,1.00000,0.000,950.55
0.70050,78.22,-1918.72,0.0827,-28.3444,69.429,131.704,1.00000,87.757,951.55
0.70100,154.51,-1592.26,0.0663,-37.3058,70.440,130.669,1.00000,84.945,952.42
0.70150,227.00,-1041.19,0.0459,-43.7509,72.111,128.861,1.00000,79.852,953.06
0.70200,293.89,-336.28,0.0231,-46.6965,74.232,126.522,1.00000,64.997,953.37
0.70250,353.55,464.63,-0.0001,-45.5066,76.630,123.844,0.84289,-17.442,953.43
0.70300,404.51,1293.77,-0.0217,-39.8745,79.101,121.054,0.37982,-65.540,953.87
0.70350,445.50,2041.92,-0.0393,-29.9589,81.323,118.523,-0.23770,-74.407,954.67
0.70400,475.53,2577.08,-0.0511,-16.5765,82.909,116.707,-0.91868,-77.250,955.72
0.70450,493.84,2782.72,-0.0556,-1.3470,83.519,116.009,-1.00000,-77.825,956.87
0.70500,500.00,2693.68,-0.0527,12.6030,83.251,116.304,-1.00000,-77.160,957.96
0.70550,493.84,2378.18,-0.0432,25.0653,82.305,117.356,-1.00000,-75.314,958.91
0.70600,475.53,1893.70,-0.0280,35.2989,80.848,118.966,-1.00000,-71.463,959.61
0.70650,445.50,1289.60,-0.0084,42.5163,79.028,120.967,-1.00000,-62.176,960.04
0.70700,404.51,607.33,0.0139,46.1770,76.971,123.225,-1.00000,-26.629,960.14
0.70750,353.55,-117.92,0.0371,45.9589,74.787,125.627,-0.68210,53.134,960.37
0.70800,293.89,-824.58,0.0592,41.7860,72.659,127.970,-0.20263,75.278,960.93
0.70850,227.00,-1423.13,0.0783,34.0098,70.855,129.950,0.37378,82.167,961.76
0.70900,154.51,-1827.67,0.0928,23.4530,69.627,131.276,0.97121,85.543,962.75
0.70950,78.22,-1970.44,0.1015,11.3532,69.177,131.715,1.00000,87.814,963.77
0.71000,-0.00,-1843.66,0.1042,-0.5152,69.526,131.240,1.00000,0.000,964.70
0.71050,-78.22,-1466.56,0.1015,-9.7110,70.615,129.913,1.00000,86.775,965.39
0.71100,-154.51,-912.04,0.0949,-16.1892,72.230,127.984,1.00000,78.472,965.77
0.71150,-227.00,-236.84,0.0858,-19.4332,74.202,125.644,0.89984,2.482,965.77
0.71200,-293.89,499.71,0.0761,-18.9739,76.355,123.094,0.45282,-69.679,966.17
0.71250,-353.55,1194.80,0.0675,-14.7448,78.384,120.684,-0.16745,-77.138,966.94
0.71300,-404.51,1712.76,0.0619,-7.3549,79.894,118.883,-0.87210,-79.184,968.00
0.71350,-445.50,1929.58,0.0604,1.4367,80.522,118.123,-1.00000,-79.376,969.19
0.71400,-475.53,1864.57,0.0631,9.3438,80.323,118.334,-1.00000,-78.513,970.36
0.71450,-493.84,1595.82,0.0695,16.0740,79.527,119.246,-1.00000,-76.703,971.41
0.71500,-500.00,1177.28,0.0789,20.9215,78.289,120.672,-1.00000,-73.401,972.24
0.71550,-493.84,657.12,0.0900,23.2422,76.753,122.445,-1.00000,-66.777,972.82
0.71600,-475.53,74.80,0.1016,22.6180,75.036,124.437,-1.00000,-49.170,973.09
0.71650,-445.50,-537.05,0.1121,18.8320,73.239,126.541,-0.87566,11.612,973.14
0.71700,-404.51,-1139.05,0.1199,11.8651,71.482,128.629,-0.49325,61.159,973.51
0.71750,-353.55,-1665.17,0.1235,2.1332,69.960,130.477,0.01273,74.914,974.16
0.71800,-293.89,-2037.43,0.1219,-8.5967,68.902,131.816,0.58154,80.432,975.04
0.71850,-227.00,-2188.62,0.1148,-20.0413,68.503,132.410,1.00000,83.399,976.02
0.71900,-154.51,-2085.97,0.1019,-31.4265,68.858,132.146,1.00000,85.426,976.98
0.71950,-78.22,-1712.94,0.0836,-41.3741,70.010,130.959,1.00000,87.261,977.80
0.72000,-0.00,-1120.79,0.0610,-48.5553,71.809,129.022,1.00000,0.000,978.36
0.72050,78.22,-378.90,0.0357,-52.0055,74.049,126.572,1.00000,80.290,978.59
0.72100,154.51,455.74,0.0097,-51.1035,76.556,123.796,0.74745,-62.845,978.74
0.72150,227.00,1303.61,-0.0147,-45.5765,79.095,120.962,0.23849,-78.094,979.28
0.72200,293.89,2043.17,-0.0351,-35.6965,81.307,118.485,-0.40649,-80.463,980.15
0.72250,353.55,2542.21,-0.0498,-22.4190,82.803,116.821,-1.00000,-80.824,981.25
0.72300,404.51,2706.27,-0.0572,-7.3353,83.308,116.295,-1.00000,-80.033,982.40
0.72350,445.50,2592.37,-0.0573,6.8770,82.983,116.702,-1.00000,-78.277,983.47
0.72400,475.53,2265.17,-0.0507,18.9190,82.017,117.819,-1.00000,-75.120,984.37
0.72450,493.84,1781.59,-0.0387,28.7318,80.578,119.451,-1.00000,-69.018,985.01
0.72500,500.00,1187.68,-0.0225,35.6070,78.803,121.441,-1.00000,-53.980,985.35
0.72550,493.84,522.11,-0.0037,39.0460,76.810,123.665,-0.93014,-3.276,985.37
0.72600,475.53,-175.15,0.0159,38.7668,74.721,125.994,-0.55751,53.840,985.69
0.72650,445.50,-835.31,0.0345,34.7711,72.742,128.197,-0.04276,70.821,986.33
0.72700,404.51,-1367.81,0.0502,27.5062,71.141,129.968,0.55171,77.143,987.22
0.72750,353.55,-1689.83,0.0616,17.8816,70.164,131.022,1.00000,80.184,988.24
0.72800,293.89,-1757.22,0.0679,7.1876,69.941,131.212,1.00000,81.846,989.27
0.72850,227.00,-1556.12,0.0689,-2.5541,70.510,130.483,1.00000,82.745,990.16
0.72900,154.51,-1132.55,0.0658,-9.5486,71.733,128.993,1.00000,83.155,990.80
0.72950,78.22,-554.17,0.0598,-13.7640,73.413,126.973,1.00000,82.949,991.12
0.73000,-0.00,125.82,0.0526,-14.6953,75.390,124.602,0.83487,0.000,991.18
0.73050,-78.22,842.75,0.0457,-11.9975,77.472,122.097,0.35865,-85.146,991.64
0.73100,-154.51,1488.37,0.0412,-5.8109,79.340,119.831,-0.27503,-84.627,992.46
0.73150,-227.00,1931.32,0.0403,2.5197,80.612,118.259,-0.97336,-83.996,993.54
0.73200,-293.89,2058.63,0.0437,11.1835,80.960,117.779,-1.00000,-82.879,994.72
0.73250,-353.55,1919.16,0.0514,19.4977,80.526,118.217,-1.00000,-81.158,995.85
0.73300,-404.51,1580.88,0.0630,26.4297,79.506,119.336,-1.00000,-78.484,996.85
0.73350,-445.50,1101.29,0.0775,31.0894,78.069,120.938,-1.00000,-73.933,997.62
0.73400,-475.53,527.99,0.0936,32.8626,76.357,122.862,-1.00000,-64.646,998.12
0.73450,-493.84,-99.80,0.1098,31.3736,74.488,124.979,-1.00000,-38.587,998.32
0.73500,-500.00,-749.44,0.1244,26.4503,72.564,127.185,-0.79716,26.514,998.44
0.73550,-493.84,-1373.90,0.1357,18.1299,70.726,129.326,-0.38227,60.701,998.88
0.73600,-475.53,-1899.85,0.1420,6.8055,69.192,131.152,0.14168,71.538,999.60
0.73650,-445.50,-2248.86,0.1422,-5.8549,68.192,132.395,0.70903,76.123,1000.50
0.73700,-404.51,-2358.56,0.1361,-18.5978,67.907,132.833,1.00000,78.304,1001.47
0.73750,-353.55,-2211.11,0.1237,-31.0518,68.388,132.406,1.00000,79.224,1002.40
0.73800,-293.89,-1791.82,0.1054,-41.8317,69.673,131.054,1.00000,78.900,1003.15
0.73850,-227.00,-1163.65,0.0824,-49.6364,71.577,128.992,1.00000,76.377,1003.62
0.73900,-154.51,-393.13,0.0564,-53.5406,73.902,126.446,1.00000,57.077,1003.74
0.73950,-78.22,464.75,0.0296,-52.9517,76.481,123.596,0.62632,-81.803,1004.01
0.74000,-0.00,1316.51,0.0042,-47.6442,79.037,120.757,0.05807,0.000,1004.67
0.74050,78.22,2025.54,-0.0173,-38.0329,81.167,118.398,-0.62336,-87.700,1005.64
0.74100,154.51,2459.61,-0.0333,-25.2459,82.484,116.977,-1.00000,-86.165,1006.80
0.74150,227.00,2569.87,-0.0423,-10.9541,82.843,116.656,-1.00000,-84.466,1007.97
0.74200,293.89,2425.15,-0.0443,2.7669,82.439,117.189,-1.00000,-82.149,1009.03
0.74250,353.55,2083.98,-0.0400,13.8561,81.445,118.375,-1.00000,-78.452,1009.90
0.74300,404.51,1600.80,-0.0308,22.6289,80.020,120.027,-1.00000,-71.318,1010.50
0.74350,445.50,1018.58,-0.0179,28.5411,78.294,122.002,-1.00000,-52.139,1010.78
0.74400,475.53,373.36,-0.0028,31.1524,76.376,124.183,-0.86477,12.126,1010.83
0.74450,493.84,-290.68,0.0127,30.2354,74.402,126.425,-0.45769,57.810,1011.23
0.74500,500.00,-899.85,0.0268,25.8770,72.589,128.481,0.08217,70.344,1011.93
0.74550,493.84,-1364.62,0.0381,18.6140,71.204,130.044,0.68794,75.119,1012.86
0.74600,475.53,-1605.33,0.0451,9.4427,70.480,130.844,1.00000,77.127,1013.90
0.74650,445.50,-1595.77,0.0474,-0.0057,70.495,130.790,1.00000,77.688,1014.92
0.74700,404.51,-1327.05,0.0455,-7.5136,71.271,129.844,1.00000,76.851,1015.78
0.74750,353.55,-857.37,0.0403,-12.7128,72.636,128.205,1.00000,73.724,1016.39
0.74800,293.89,-249.92,0.0332,-15.0659,74.404,126.089,1.00000,61.612,1016.66
0.74850,227.00,444.36,0.0258,-14.0318,76.422,123.668,0.79126,-43.758,1016.77
0.74900,154.51,1157.10,0.0198,-9.3585,78.488,121.171,0.29774,-81.239,1017.27
0.74950,78.22,1776.84,0.0170,-1.4712,80.274,118.983,-0.34183,-87.364,1018.12
0.75000,0.00,2176.80,0.0185,7.8025,81.411,117.545,-1.00000,0.000,1019.21
0.75050,-78.22,2254.23,0.0249,17.7115,81.602,117.218,-1.00000,-88.079,1020.37
0.75100,-154.51,2068.07,0.0362,27.1281,81.017,117.795,-1.00000,-86.023,1021.48
0.75150,-227.00,1683.32,0.0518,34.8748,79.845,119.048,-1.00000,-83.224,1022.44
0.75200,-293.89,1158.40,0.0706,40.0556,78.258,120.777,-1.00000,-78.560,1023.17
0.75250,-353.55,541.25,0.0913,42.0593,76.399,122.821,-1.00000,-68.440,1023.61
0.75300,-404.51,-128.38,0.1121,40.5173,74.389,125.051,-1.00000,-34.319,1023.75
0.75350,-445.50,-817.20,0.1312,35.2700,72.331,127.361,-0.73566,39.840,1023.94
0.75400,-475.53,-1471.57,0.1467,26.3824,70.387,129.575,-0.29377,64.479,1024.44
0.75450,-493.84,-2011.76,0.1570,14.2944,68.794,131.422,0.24661,71.978,1025.19
0.75500,-500.00,-2358.08,0.1607,0.1047,67.786,132.628,0.81558,74.939,1026.12
0.75550,-493.84,-2449.10,0.1573,-13.6664,67.542,132.979,1.00000,75.825,1027.10
0.75600,-475.53,-2277.54,0.1471,-26.8627,68.081,132.448,1.00000,75.217,1028.00
0.75650,-445.50,-1835.96,0.1307,-38.2863,69.421,131.001,1.00000,72.234,1028.70
0.75700,-404.51,-1193.92,0.1093,-46.6714,71.357,128.877,1.00000,62.868,1029.09
0.75750,-353.55,-415.08,0.0847,-51.1230,73.700,126.292,0.92108,9.872,1029.12
0.75800,-293.89,437.57,0.0589,-51.0838,76.260,123.454,0.49280,-68.110,1029.49
0.75850,-227.00,1259.53,0.0344,-46.4245,78.728,120.717,-0.11215,-81.318,1030.23
0.75900,-154.51,1912.25,0.0132,-37.6851,80.696,118.558,-0.80771,-85.725,1031.27
0.75950,-78.22,2267.37,-0.0028,-26.1115,81.788,117.419,-1.00000,-88.090,1032.44
0.76000,0.00,2321.70,-0.0127,-13.3845,81.991,117.305,-1.00000,0.000,1033.60
0.76050,78.22,2144.37,-0.0163,-1.1057,81.503,117.968,-1.00000,-87.832,1034.63
0.76100,154.51,1790.47,-0.0143,8.4659,80.483,119.218,-1.00000,-84.605,1035.45
0.76150,227.00,1311.87,-0.0082,15.4409,79.087,120.880,-1.00000,-78.182,1035.99
0.76200,293.89,748.62,0.0007,19.6547,77.435,122.820,-1.00000,-57.125,1036.22
0.76250,353.55,133.84,0.0109,20.7599,75.627,124.930,-0.80753,31.859,1036.33
0.76300,404.51,-485.26,0.0209,18.6021,73.807,127.056,-0.37800,65.553,1036.77
0.76350,445.50,-1032.22,0.0290,13.3630,72.202,128.938,0.17281,73.223,1037.51
0.76400,475.53,-1420.58,0.0338,5.7155,71.065,130.280,0.77550,75.921,1038.46
0.76450,493.84,-1576.60,0.0346,-2.6448,70.613,130.827,1.00000,76.584,1039.50
0.76500,500.00,-1489.89,0.0313,-10.0885,70.876,130.543,1.00000,75.895,1040.49
0.76550,493.84,-1153.30,0.0247,-16.2053,71.868,129.391,1.00000,73.310,1041.31
0.76600,475.53,-630.62,0.0155,-20.0069,73.403,127.594,1.00000,66.737,1041.87
0.76650,445.50,16.65,0.0052,-20.7081,75.300,125.361,1.00000,43.909,1042.08
0.76700,404.51,738.52,-0.0046,-17.8165,77.408,122.859,0.73427,-39.548,1042.25
0.76750,353.55,1460.23,-0.0120,-11.1564,79.505,120.340,0.21867,-72.283,1042.80
0.76800,293.89,2064.40,-0.0152,-1.2708,81.248,118.210,-0.42886,-80.575,1043.69
0.76850,227.00,2426.83,-0.0131,9.7335,82.275,116.901,-1.00000,-84.109,1044.79
0.76900,154.51,2465.08,-0.0053,21.2317,82.347,116.703,-1.00000,-86.174,1045.94
0.76950,78.22,2241.76,0.0080,32.0418,81.646,117.395,-1.00000,-87.930,1047.03
0.77000,0.00,1819.85,0.0264,40.9581,80.354,118.758,-1.00000,0.000,1047.93
0.77050,-78.22,1257.47,0.0485,47.0750,78.644,120.594,-1.00000,-86.649,1048.60
0.77100,-154.51,602.59,0.0729,49.7729,76.658,122.742,-1.00000,-78.466,1048.98
0.77150,-227.00,-104.70,0.0977,48.6779,74.520,125.073,-0.97984,-28.314,1049.04
0.77200,-293.89,-828.63,0.1209,43.6325,72.342,127.475,-0.64293,61.207,1049.31
0.77250,-353.55,-1506.82,0.1406,34.7314,70.310,129.740,-0.16360,72.956,1049.89
0.77300,-404.51,-2052.63,0.1551,22.4920,68.680,131.573,0.40090,76.210,1050.71
0.77350,-445.50,-2385.95,0.1627,7.8906,67.690,132.700,0.97561,77.070,1051.68
0.77400,-475.53,-2448.31,0.1629,-6.8076,67.511,132.921,1.00000,76.448,1052.67
0.77450,-493.84,-2232.58,0.1562,-20.0375,68.160,132.204,1.00000,74.144,1053.54
0.77500,-500.00,-1762.11,0.1432,-31.3280,69.566,130.627,1.00000,68.388,1054.17
0.77550,-493.84,-1108.60,0.1254,-39.5338,71.518,128.435,1.00000,51.224,1054.48
0.77600,-475.53,-330.94,0.1043,-43.8358,73.842,125.827,0.82181,-16.912,1054.55
0.77650,-445.50,498.88,0.0823,-43.7533,76.320,123.043,0.33830,-64.745,1055.02
0.77700,-404.51,1265.24,0.0613,-39.3003,78.612,120.477,-0.30317,-76.382,1055.85
0.77750,-353.55,1830.24,0.0436,-31.1795,80.314,118.605,-1.00000,-80.804,1056.95
0.77800,-293.89,2074.11,0.0305,-20.7766,81.074,117.839,-1.00000,-82.925,1058.13
0.77850,-227.00,2046.29,0.0229,-9.7558,81.032,118.001,-1.00000,-84.298,1059.27
0.77900,-154.51,1809.80,0.0206,0.2635,80.369,118.867,-1.00000,-85.502,1060.25
0.77950,-78.22,1422.12,0.0227,7.4542,79.253,120.238,-1.00000,-87.016,1061.00
0.78000,0.00,930.72,0.0276,12.0238,77.827,121.955,-1.00000,0.000,1061.46
0.78050,78.22,372.49,0.0342,13.8309,76.200,123.897,-1.00000,-75.115,1061.61
0.78100,154.51,-222.14,0.0410,12.6405,74.468,125.964,-0.73088,67.695,1061.80
0.78150,227.00,-801.04,0.0464,8.4178,72.785,127.984,-0.27263,77.549,1062.31
0.78200,293.89,-1283.81,0.0490,1.6896,71.390,129.681,0.29127,79.448,1063.10
0.78250,353.55,-1590.13,0.0479,-5.9673,70.516,130.778,0.88960,79.691,1064.07
0.78300,404.51,-1654.92,0.0429,-13.9162,70.354,131.047,1.00000,78.888,1065.10
0.78350,445.50,-1475.20,0.0341,-21.4125,70.909,130.475,1.00000,76.941,1066.06
0.78400,475.53,-1052.94,0.0218,-27.2045,72.172,129.062,1.00000,72.718,1066.83
0.78450,493.84,-459.17,0.0073,-30.2196,73.936,127.053,1.00000,62.607,1067.31
0.78500,500.00,246.09,-0.0078,-29.7382,76.021,124.651,1.00000,26.922,1067.43
0.78550,493.84,1013.81,-0.0218,-25.3390,78.280,122.019,0.64212,-46.476,1067.69
0.78600,475.53,1758.32,-0.0325,-16.9311,80.458,119.445,0.08562,-69.660,1068.33
0.78650,445.50,2351.24,-0.0381,-5.0626,82.180,117.373,-0.58299,-76.842,1069.29
0.78700,404.51,2668.54,-0.0374,7.9980,83.084,116.236,-1.00000,-79.870,1070.42
0.78750,353.55,2661.00,-0.0301,20.9521,83.028,116.205,-1.00000,-81.289,1071.57
0.78800,293.89,2401.61,-0.0166,33.0197,82.223,117.025,-1.00000,-82.062,1072.63
0.78850,227.00,1948.37,0.0026,43.0168,80.838,118.493,-1.00000,-82.488,1073.49
0.78900,154.51,1357.58,0.0260,50.0489,79.039,120.419,-1.00000,-82.682,1074.09
0.78950,78.22,676.03,0.0520,53.5013,76.969,122.648,-1.00000,-82.546,1074.39
0.79000,-0.00,-56.90,0.0788,53.0014,74.747,125.053,-0.88906,0.000,1074.42
0.79050,-78.22,-796.83,0.1043,48.4069,72.511,127.492,-0.50482,83.788,1074.78
0.79100,-154.51,-1471.99,0.1266,39.8867,70.475,129.725,0.00940,83.311,1075.43
0.79150,-227.00,-1994.69,0.1437,28.0545,68.898,131.453,0.58991,82.683,1076.32
0.79200,-293.89,-2287.10,0.1542,13.9671,68.011,132.412,1.00000,81.612,1077.31
0.79250,-353.55,-2313.11,0.1575,-0.7075,67.921,132.478,1.00000,79.772,1078.29
0.79300,-404.51,-2055.88,0.1539,-13.2859,68.673,131.587,1.00000,76.236,1079.12
0.79350,-445.50,-1567.39,0.1446,-23.6449,70.113,129.917,1.00000,68.342,1079.68
0.79400,-475.53,-914.02,0.1308,-30.9335,72.047,127.694,1.00000,42.679,1079.90
0.79450,-493.84,-150.22,0.1143,-34.4207,74.309,125.101,0.72403,-34.831,1080.07
0.79500,-500.00,643.13,0.0971,-33.7124,76.661,122.409,0.19101,-66.376,1080.64
0.79550,-493.84,1340.27,0.0812,-28.9732,78.732,120.051,-0.48082,-74.930,1081.56
0.79600,-475.53,1805.09,0.0686,-21.0687,80.123,118.496,-1.00000,-78.222,1082.70
0.79650,-445.50,1955.48,0.0605,-11.4818,80.592,118.025,-1.00000,-79.488,1083.90
0.79700,-404.51,1856.81,0.0571,-1.9246,80.328,118.406,-1.00000,-79.858,1085.03
0.79750,-353.55,1568.98,0.0582,5.5098,79.503,119.430,-1.00000,-79.580,1085.99
0.79800,-293.89,1148.33,0.0623,10.5199,78.284,120.905,-1.00000,-78.482,1086.71
0.79850,-227.00,638.45,0.0683,13.0379,76.801,122.682,-1.00000,-75.303,1087.15
0.79900,-154.51,74.52,0.0748,12.7537,75.160,124.646,-1.00000,-55.995,1087.26
0.79950,-78.22,-514.33,0.0805,9.4973,73.450,126.703,-0.70211,79.832,1087.48
0.80000,0.00,-1074.70,0.0839,3.4088,71.832,128.675,-0.23619,0.000,1088.02
0.80050,78.22,-1526.89,0.0837,-4.3503,70.538,130.287,0.32858,87.210,1088.82
0.80100,154.51,-1794.70,0.0793,-13.0526,69.791,131.274,0.92150,85.468,1089.79
0.80150,227.00,-1814.00,0.0705,-22.2942,69.777,131.412,1.00000,83.654,1090.81
0.80200,293.89,-1582.71,0.0572,-30.8257,70.501,130.692,1.00000,81.099,1091.75
0.80250,353.55,-1108.09,0.0400,-37.3193,71.938,129.131,1.00000,76.402,1092.48
0.80300,404.51,-463.52,0.0204,-40.7017,73.872,126.982,1.00000,65.014,1092.92
0.80350,445.50,290.45,-0.0000,-40.2598,76.122,124.450,0.97393,19.190,1093.00
0.80400,475.53,1100.81,-0.0192,-35.5902,78.528,121.706,0.57608,-52.747,1093.31
0.80450,493.84,1874.28,-0.0349,-26.6530,80.813,119.070,-0.00242,-70.316,1094.00
0.80500,500.00,2478.12,-0.0452,-14.0364,82.589,116.997,-0.68127,-75.815,1094.99
0.80550,493.84,2787.30,-0.0486,0.7109,83.489,115.920,-1.00000,-77.848,1096.13
0.80600,475.53,2773.83,-0.0447,14.6198,83.432,115.938,-1.00000,-78.310,1097.28
0.80650,445.50,2513.67,-0.0341,27.4991,82.639,116.784,-1.00000,-77.844,1098.32
0.80700,404.51,2062.99,-0.0175,38.3527,81.273,118.263,-1.00000,-76.293,1099.15
0.80750,353.55,1475.95,0.0037,46.2914,79.494,120.191,-1.00000,-72.516,1099.71
0.80800,293.89,797.75,0.0282,50.6955,77.440,122.419,-1.00000,-59.746,1099.96
0.80850,227.00,66.62,0.0538,51.1801,75.229,124.826,-0.83703,35.243,1100.04
0.80900,154.51,-668.69,0.0787,47.5944,73.008,127.252,-0.42635,79.370,1100.45
0.80950,78.22,-1331.42,0.1007,40.1298,71.007,129.440,0.10701,86.824,1101.16
0.81000,-0.00,-1833.53,0.1182,29.4323,69.486,131.090,0.69580,0.000,1102.07
0.81050,-78.22,-2098.54,0.1298,16.5875,68.673,131.942,1.00000,87.783,1103.08
0.81100,-154.51,-2100.82,0.1347,3.0670,68.642,131.911,1.00000,85.461,1104.06
0.81150,-227.00,-1826.67,0.1332,-8.4644,69.432,130.943,1.00000,81.924,1104.86
0.81200,-293.89,-1337.13,0.1267,-17.4012,70.862,129.246,1.00000,74.267,1105.38
0.81250,-353.55,-695.92,0.1163,-23.3313,72.744,127.039,1.00000,44.079,1105.55
0.81300,-404.51,45.21,0.1039,-25.6066,74.922,124.493,0.67183,-48.029,1105.77
0.81350,-445.50,801.18,0.0914,-23.8999,77.145,121.898,0.11375,-70.336,1106.40
0.81400,-475.53,1441.56,0.0807,-18.4727,79.029,119.702,-0.57240,-76.069,1107.36
0.81450,-493.84,1832.08,0.0734,-10.2970,80.182,118.369,-1.00000,-78.013,1108.52
0.81500,-500.00,1911.13,0.0705,-1.1479,80.422,118.110,-1.00000,-78.285,1109.72
0.81550,-493.84,1755.23,0.0720,6.5815,79.971,118.658,-1.00000,-77.616,1110.85
0.81600,-475.53,1423.52,0.0768,12.5129,79.003,119.809,-1.00000,-75.942,1111.80
0.81650,-445.50,968.74,0.0841,16.3150,77.672,121.380,-1.00000,-72.515,1112.51
0.81700,-404.51,433.27,0.0927,17.4967,76.104,123.229,-1.00000,-64.227,1112.92
0.81750,-353.55,-148.07,0.1011,15.7445,74.405,125.242,-1.00000,-30.165,1113.03
0.81800,-293.89,-746.37,0.1079,10.9287,72.663,127.325,-0.69491,56.995,1113.25
0.81850,-227.00,-1307.94,0.1116,3.2400,71.041,129.301,-0.23056,78.140,1113.79
0.81900,-154.51,-1753.83,0.1109,-5.9485,69.768,130.895,0.32903,84.482,1114.59
0.81950,-78.22,-2009.82,0.1055,-16.1077,69.060,131.849,0.91389,87.681,1115.56
0.82000,0.00,-2013.30,0.0947,-26.7576,69.101,131.946,1.00000,0.000,1116.57
0.82050,78.22,-1761.88,0.0788,-36.5752,69.895,131.174,1.00000,87.566,1117.49
0.82100,154.51,-1261.57,0.0585,-44.1953,71.421,129.547,1.00000,83.773,1118.19
0.82150,227.00,-586.76,0.0352,-48.5108,73.459,127.321,1.00000,74.414,1118.60
0.82200,293.89,200.91,0.0107,-48.7821,75.825,124.701,0.94177,17.556,1118.65
0.82250,353.55,1043.18,-0.0128,-44.5933,78.343,121.879,0.52714,-62.857,1118.99
0.82300,404.51,1841.22,-0.0331,-35.9266,80.721,119.191,-0.06290,-74.275,1119.71
0.82350,445.50,2460.80,-0.0481,-23.4087,82.563,117.099,-0.74512,-77.535,1120.72
0.82400,475.53,2777.15,-0.0561,-8.3611,83.506,116.034,-1.00000,-78.327,1121.87
0.82450,493.84,2773.92,-0.0565,6.5626,83.499,116.048,-1.00000,-77.779,1123.01
0.82500,500.00,2528.25,-0.0499,19.7195,82.765,116.874,-1.00000,-76.152,1124.02
0.82550,493.84,2095.68,-0.0371,30.9665,81.469,118.318,-1.00000,-72.865,1124.82
0.82600,475.53,1528.29,-0.0193,39.4482,79.763,120.203,-1.00000,-65.691,1125.35
0.82650,445.50,869.56,0.0018,44.5441,77.779,122.386,-1.00000,-43.587,1125.56
0.82700,404.51,156.36,0.0246,45.8594,75.631,124.749,-0.79282,31.527,1125.69
0.82750,353.55,-559.19,0.0470,43.2342,73.477,127.121,-0.35924,68.826,1126.14
0.82800,293.89,-1196.44,0.0672,36.8737,71.556,129.231,0.19151,78.844,1126.89
0.82850,227.00,-1667.13,0.0834,27.4453,70.131,130.778,0.78919,83.166,1127.84
0.82900,154.51,-1895.92,0.0943,16.0524,69.424,131.506,1.00000,85.691,1128.86
0.82950,78.22,-1866.97,0.0993,4.1311,69.482,131.362,1.00000,87.697,1129.83
0.83000,-0.00,-1570.74,0.0988,-5.8760,70.330,130.307,1.00000,0.000,1130.62
0.83050,-78.22,-1075.19,0.0939,-13.0501,71.768,128.574,1.00000,85.514,1131.12
0.83100,-154.51,-441.84,0.0862,-17.2242,73.614,126.373,1.00000,61.732,1131.26
0.83150,-227.00,279.85,0.0773,-17.8582,75.720,123.868,0.64473,-65.875,1131.51
0.83200,-293.89,1003.57,0.0690,-14.6992,77.830,121.353,0.07595,-77.237,1132.16
0.83250,-353.55,1597.76,0.0632,-8.1089,79.558,119.282,-0.61362,-79.730,1133.14
0.83300,-404.51,1931.21,0.0612,0.4893,80.522,118.110,-1.00000,-80.175,1134.31
0.83350,-445.50,1956.92,0.0636,8.7233,80.585,118.000,-1.00000,-79.494,1135.51
0.83400,-475.53,1753.62,0.0698,16.0882,79.975,118.679,-1.00000,-77.958,1136.62
0.83450,-493.84,1377.95,0.0794,21.8344,78.859,119.949,-1.00000,-75.220,1137.56
0.83500,-500.00,882.57,0.0912,25.2129,77.390,121.629,-1.00000,-70.118,1138.25
0.83550,-493.84,310.48,0.1041,25.7162,75.697,123.575,-1.00000,-58.451,1138.65
0.83600,-475.53,-302.83,0.1164,23.0534,73.888,125.671,-1.00000,-19.959,1138.74
0.83650,-445.50,-927.85,0.1266,17.1196,72.055,127.824,-0.68031,47.274,1138.98
0.83700,-404.51,-1508.96,0.1330,8.0407,70.364,129.847,-0.21207,69.885,1139.53
0.83750,-353.55,-1964.66,0.1343,-3.0825,69.054,131.462,0.34684,77.623,1140.34
0.83800,-293.89,-2221.73,0.1299,-14.7306,68.339,132.413,0.92594,81.332,1141.30
0.83850,-227.00,-2220.68,0.1195,-26.8010,68.391,132.491,1.00000,83.504,1142.30
0.83900,-154.51,-1957.98,0.1032,-37.9978,69.219,131.682,1.00000,85.103,1143.20
0.83950,-78.22,-1442.43,0.0819,-46.9173,70.794,130.009,1.00000,86.719,1143.88
0.84000,0.00,-748.76,0.0569,-52.4248,72.894,127.729,1.00000,0.000,1144.26
0.84050,78.22,61.21,0.0301,-53.7540,75.335,125.048,0.90318,12.268,1144.26
0.84100,154.51,923.89,0.0039,-50.4737,77.925,122.176,0.46749,-78.645,1144.65
0.84150,227.00,1734.45,-0.0196,-42.5868,80.353,119.469,-0.13742,-81.437,1145.40
0.84200,293.89,2357.20,-0.0380,-30.7582,82.222,117.394,-0.82458,-81.893,1146.43
0.84250,353.55,2668.29,-0.0499,-16.3393,83.168,116.378,-1.00000,-81.316,1147.59
0.84300,404.51,2670.67,-0.0543,-1.2426,83.196,116.405,-1.00000,-79.879,1148.72
0.84350,445.50,2435.88,-0.0515,11.7557,82.513,117.222,-1.00000,-77.383,1149.72
0.84400,475.53,2021.87,-0.0428,22.6558,81.289,118.632,-1.00000,-72.906,1150.49
0.84450,493.84,1478.50,-0.0293,30.9571,79.671,120.464,-1.00000,-63.364,1150.99
0.84500,500.00,847.10,-0.0124,36.0654,77.785,122.583,-1.00000,-34.769,1151.16
0.84550,493.84,162.71,0.0062,37.5975,75.738,124.875,-0.75133,33.843,1151.32
0.84600,475.53,-520.00,0.0246,35.4018,73.696,127.160,-0.29716,64.468,1151.82
0.84650,445.50,-1117.36,0.0410,29.7104,71.907,129.156,0.26852,74.089,1152.60
0.84700,404.51,-1541.65,0.0538,21.2199,70.630,130.563,0.87283,78.258,1153.58
0.84750,353.55,-1719.25,0.0619,11.0594,70.082,131.130,1.00000,80.320,1154.61
0.84800,293.89,-1641.81,0.0648,0.8407,70.289,130.829,1.00000,81.367,1155.58
0.84850,227.00,-1310.37,0.0632,-7.0764,71.242,129.657,1.00000,81.601,1156.35
0.84900,154.51,-796.10,0.0582,-12.3480,72.734,127.857,1.00000,80.768,1156.82
0.84950,78.22,-157.96,0.0513,-14.5849,74.589,125.631,1.00000,71.676,1156.94
0.85000,0.00,556.37,0.0442,-13.3130,76.664,123.137,0.62163,0.000,1157.22
0.85050,-78.22,1259.44,0.0386,-8.3723,78.701,120.673,0.04571,-86.654,1157.89
0.85100,-154.51,1819.39,0.0363,-0.4826,80.314,118.695,-0.64403,-85.524,1158.88
0.85150,-227.00,2110.38,0.0383,8.3498,81.138,117.643,-1.00000,-84.453,1160.05
0.85200,-293.89,2094.08,0.0447,17.3529,81.061,117.650,-1.00000,-82.984,1161.24
0.85250,-353.55,1847.33,0.0555,25.5129,80.305,118.448,-1.00000,-80.874,1162.34
0.85300,-404.51,1427.30,0.0699,31.7797,79.039,119.838,-1.00000,-77.548,1163.26
0.85350,-445.50,887.60,0.0868,35.3828,77.419,121.635,-1.00000,-71.521,1163.92
0.85400,-475.53,272.25,0.1048,35.8152,75.578,123.695,-1.00000,-57.547,1164.30
0.85450,-493.84,-382.27,0.1221,32.7945,73.628,125.898,-0.97607,-12.731,1164.35
0.85500,-500.00,-1043.10,0.1370,26.2355,71.670,128.142,-0.63782,47.366,1164.62
0.85550,-493.84,-1650.71,0.1477,16.2891,69.882,130.226,-0.15908,66.883,1165.20
0.85600,-475.53,-2121.63,0.1528,3.5877,68.511,131.866,0.40316,73.887,1166.03
0.85650,-445.50,-2381.05,0.1513,-9.6625,67.776,132.802,0.97574,77.038,1166.99
0.85700,-404.51,-2376.34,0.1431,-22.8703,67.828,132.850,1.00000,78.407,1167.98
0.85750,-353.55,-2098.08,0.1285,-35.1793,68.693,131.972,1.00000,78.543,1168.85
0.85800,-293.89,-1569.98,0.1083,-45.1593,70.298,130.246,1.00000,77.031,1169.49
0.85850,-227.00,-865.50,0.0840,-51.6812,72.427,127.923,1.00000,70.429,1169.81
0.85900,-154.51,-44.99,0.0574,-53.9762,74.898,125.205,0.84055,-35.330,1169.86
0.85950,-78.22,820.91,0.0308,-51.6181,77.500,122.325,0.37148,-85.028,1170.31
0.86000,-0.00,1619.21,0.0065,-44.6651,79.898,119.670,-0.25574,0.000,1171.12
0.86050,78.22,2213.53,-0.0133,-33.8553,81.692,117.707,-0.94855,-87.902,1172.19
0.86100,154.51,2482.99,-0.0269,-20.6072,82.528,116.855,-1.00000,-86.204,1173.35
0.86150,227.00,2464.83,-0.0337,-6.6720,82.509,116.975,-1.00000,-84.208,1174.47
0.86200,293.89,2221.36,-0.0339,5.6663,81.815,117.847,-1.00000,-81.331,1175.44
0.86250,353.55,1812.85,-0.0285,15.3147,80.623,119.264,-1.00000,-76.381,1176.17
0.86300,404.51,1287.09,-0.0190,22.4383,79.075,121.065,-1.00000,-65.377,1176.61
0.86350,445.50,682.64,-0.0066,26.5455,77.287,123.123,-1.00000,-28.026,1176.73
0.86400,475.53,32.08,0.0070,27.3019,75.361,125.334,-0.69589,43.001,1176.95
0.86450,493.84,-606.63,0.0201,24.5998,73.469,127.503,-0.21781,65.832,1177.50
0.86500,500.00,-1146.50,0.0311,18.7379,71.870,129.337,0.36214,73.108,1178.32
0.86550,493.84,-1501.70,0.0385,10.4841,70.816,130.541,0.96817,76.100,1179.32
0.86600,475.53,-1603.38,0.0414,1.2437,70.510,130.878,1.00000,77.116,1180.36
0.86650,445.50,-1450.13,0.0400,-6.6652,70.954,130.341,1.00000,76.775,1181.31
0.86700,404.51,-1061.02,0.0350,-12.6248,72.088,128.988,1.00000,74.570,1182.04
0.86750,353.55,-506.65,0.0278,-16.0578,73.704,127.063,1.00000,67.657,1182.47
0.86800,293.89,156.45,0.0195,-16.3010,75.637,124.758,0.96601,25.064,1182.54
0.86850,227.00,877.81,0.0121,-12.9474,77.733,122.240,0.55933,-70.772,1182.86
0.86900,154.51,1565.53,0.0072,-5.9784,79.722,119.824,-0.02836,-83.751,1183.57
0.86950,78.22,2088.92,0.0065,3.3732,81.222,117.963,-0.71596,-87.772,1184.57
0.87000,-0.00,2327.89,0.0107,13.5341,81.886,117.078,-1.00000,0.000,1185.74
0.87050,-78.22,2260.83,0.0200,23.8600,81.650,117.243,-1.00000,-88.085,1186.91
0.87100,-154.51,1966.09,0.0344,33.0663,80.741,118.184,-1.00000,-85.833,1187.97
0.87150,-227.00,1499.77,0.0527,40.0865,79.323,119.707,-1.00000,-82.511,1188.83
0.87200,-293.89,915.42,0.0739,44.1525,77.554,121.629,-1.00000,-76.340,1189.44
0.87250,-353.55,257.28,0.0963,44.7631,75.569,123.805,-1.00000,-59.938,1189.74
0.87300,-404.51,-437.71,0.1181,41.6452,73.482,126.117,-0.90321,4.692,1189.76
0.87350,-445.50,-1129.02,0.1373,34.7398,71.415,128.434,-0.53127,56.904,1190.10
0.87400,-475.53,-1749.46,0.1522,24.2745,69.571,130.531,-0.03054,69.531,1190.74
0.87450,-493.84,-2215.16,0.1611,10.9017,68.197,132.122,0.53751,73.992,1191.60
0.87500,-500.00,-2451.92,0.1629,-3.7358,67.511,132.952,1.00000,75.632,1192.57
0.87550,-493.84,-2423.43,0.1576,-17.5019,67.618,132.892,1.00000,75.644,1193.54
0.87600,-475.53,-2114.31,0.1456,-30.2068,68.559,131.883,1.00000,73.819,1194.36
0.87650,-445.50,-1568.85,0.1278,-40.5005,70.202,130.077,1.00000,68.367,1194.92
0.87700,-404.51,-856.56,0.1056,-47.3093,72.343,127.709,1.00000,48.177,1195.15
0.87750,-353.55,-34.73,0.0812,-49.9016,74.809,124.970,0.73655,-42.044,1195.30
0.87800,-293.89,815.01,0.0565,-47.8985,77.356,122.135,0.21498,-75.156,1195.86
0.87850,-227.00,1567.42,0.0340,-41.4816,79.615,119.630,-0.44525,-82.790,1196.76
0.87900,-154.51,2086.58,0.0156,-31.5346,81.188,117.926,-1.00000,-86.056,1197.88
0.87950,-78.22,2283.34,0.0028,-19.5671,81.813,117.326,-1.00000,-88.103,1199.06
0.88000,0.00,2216.93,-0.0039,-7.2044,81.656,117.618,-1.00000,0.000,1200.17
0.88050,78.22,1945.53,-0.0047,3.5706,80.885,118.596,-1.00000,-87.601,1201.10
0.88100,154.51,1526.62,-0.0008,11.4577,79.671,120.063,-1.00000,-83.575,1201.79
0.88150,227.00,1005.52,0.0064,16.7704,78.148,121.868,-1.00000,-73.745,1202.18
0.88200,293.89,418.31,0.0155,19.1625,76.426,123.891,-0.97931,-22.946,1202.24
0.88250,353.55,-202.64,0.0250,18.3776,74.604,126.029,-0.62975,57.557,1202.52
0.88300,404.51,-796.03,0.0333,14.3903,72.865,128.076,-0.13063,71.379,1203.12
0.88350,445.50,-1273.67,0.0389,7.6175,71.470,129.730,0.45896,75.472,1203.98
0.88400,475.53,-1553.31,0.0407,-0.6800,70.659,130.709,1.00000,76.809,1204.99
0.88450,493.84,-1583.93,0.0383,-8.5508,70.582,130.836,1.00000,76.630,1206.03
0.88500,500.00,-1358.11,0.0323,-15.5513,71.255,130.076,1.00000,74.939,1206.96
0.88550,493.84,-910.07,0.0231,-20.6914,72.577,128.546,1.00000,70.620,1207.66
0.88600,475.53,-308.52,0.0120,-23.0215,74.347,126.482,1.00000,58.763,1208.05
0.88650,445.50,390.98,0.0007,-21.9065,76.398,124.072,0.92639,6.978,1208.08
0.88700,404.51,1133.56,-0.0092,-17.0051,78.566,121.497,0.50164,-60.977,1208.44
0.88750,353.55,1822.87,-0.0157,-8.3720,80.567,119.088,-0.09442,-76.470,1209.18
0.88800,293.89,2329.02,-0.0172,2.7677,82.022,117.294,-0.77761,-81.783,1210.20
0.88850,227.00,2535.90,-0.0129,14.4180,82.593,116.523,-1.00000,-84.385,1211.35
0.88900,154.51,2439.66,-0.0027,26.0543,82.270,116.786,-1.00000,-86.132,1212.49
0.88950,78.22,2115.61,0.0129,36.4093,81.270,117.820,-1.00000,-87.801,1213.51
0.89000,-0.00,1620.42,0.0333,44.4063,79.760,119.430,-1.00000,0.000,1214.32
0.89050,-78.22,1007.17,0.0568,49.2714,77.897,121.436,-1.00000,-85.878,1214.86
0.89100,-154.51,319.97,0.0819,50.4966,75.816,123.693,-1.00000,-71.963,1215.10
0.89150,-227.00,-404.13,0.1067,47.8043,73.630,126.084,-0.83074,37.967,1215.19
0.89200,-293.89,-1117.17,0.1291,41.1451,71.486,128.452,-0.42521,70.355,1215.60
0.89250,-353.55,-1744.47,0.1472,30.8053,69.606,130.547,0.09766,75.738,1216.30
0.89300,-404.51,-2201.67,0.1594,17.5094,68.241,132.082,0.67190,77.315,1217.20
0.89350,-445.50,-2416.28,0.1644,2.5011,67.603,132.807,1.00000,77.262,1218.18
0.89400,-475.53,-2365.11,0.1621,-11.4643,67.760,132.642,1.00000,75.874,1219.13
0.89450,-493.84,-2034.79,0.1532,-23.9213,68.746,131.533,1.00000,72.230,1219.90
0.89500,-500.00,-1482.83,0.1386,-33.9438,70.393,129.678,1.00000,63.036,1220.39
0.89550,-493.84,-774.78,0.1198,-40.5266,72.506,127.300,1.00000,29.635,1220.53
0.89600,-475.53,35.18,0.0987,-42.9855,74.922,124.577,0.64082,-47.043,1220.78
0.89650,-445.50,855.73,0.0776,-40.9949,77.371,121.820,0.07112,-71.100,1221.43
0.89700,-404.51,1550.78,0.0584,-34.8573,79.451,119.495,-0.61950,-78.312,1222.41
0.89750,-353.55,1985.15,0.0432,-25.5952,80.766,118.068,-1.00000,-81.403,1223.58
0.89800,-293.89,2107.34,0.0331,-14.7863,81.165,117.713,-1.00000,-83.022,1224.78
0.89850,-227.00,1988.41,0.0285,-3.9842,80.848,118.177,-1.00000,-84.150,1225.89
0.89900,-154.51,1683.49,0.0288,4.7316,79.978,119.267,-1.00000,-85.195,1226.81
0.89950,-78.22,1247.43,0.0327,10.7328,78.715,120.796,-1.00000,-86.623,1227.47
0.90000,-0.00,722.87,0.0391,14.1460,77.187,122.621,-1.00000,0.000,1227.83
0.90050,78.22,144.06,0.0464,14.6725,75.498,124.630,-0.95093,-40.091,1227.87
0.90100,154.51,-455.46,0.0532,12.1351,73.751,126.714,-0.58945,75.786,1228.17
0.90150,227.00,-1013.50,0.0580,6.6268,72.131,128.664,-0.08465,79.630,1228.79
0.90200,293.89,-1444.69,0.0595,-0.9417,70.888,130.186,0.50342,80.405,1229.66
0.90250,353.55,-1673.02,0.0570,-9.0150,70.245,131.017,1.00000,80.104,1230.67
0.90300,404.51,-1653.85,0.0505,-17.2417,70.331,131.000,1.00000,78.882,1231.70
0.90350,445.50,-1376.94,0.0399,-24.5777,71.171,130.093,1.00000,76.263,1232.61
0.90400,475.53,-881.50,0.0262,-29.7578,72.651,128.430,1.00000,70.689,1233.29
0.90450,493.84,-236.40,0.0107,-31.8340,74.566,126.247,1.00000,55.930,1233.66
0.90500,500.00,502.43,-0.0050,-30.1926,76.750,123.730,0.89840,-0.279,1233.66
0.90550,493.84,1276.14,-0.0188,-24.5239,79.026,121.076,0.46150,-57.737,1234.05
0.90600,475.53,1984.52,-0.0288,-14.9271,81.099,118.627,-0.14025,-72.509,1234.80
0.90650,445.50,2497.21,-0.0332,-2.2569,82.586,116.833,-0.82043,-77.749,1235.83
0.90700,404.51,2698.53,-0.0311,10.8306,83.151,116.097,-1.00000,-80.000,1236.98
0.90750,353.55,2598.33,-0.0224,23.5627,82.824,116.387,-1.00000,-81.049,1238.10
0.90800,293.89,2268.98,-0.0077,35.0042,81.813,117.447,-1.00000,-81.537,1239.09
0.90850,227.00,1767.34,0.0122,44.0678,80.286,119.083,-1.00000,-81.617,1239.86
0.90900,154.51,1145.72,0.0358,49.9636,78.399,121.117,-1.00000,-81.140,1240.35
0.90950,78.22,447.80,0.0615,52.1653,76.283,123.406,-1.00000,-78.050,1240.54
0.91000,0.00,-289.55,0.0873,50.3757,74.053,125.835,-0.77396,0.000,1240.68
0.91050,-78.22,-1012.70,0.1112,44.5358,71.872,128.227,-0.34105,85.215,1241.15
0.91100,-154.51,-1641.01,0.1312,34.9603,69.980,130.309,0.20083,84.066,1241.89
0.91150,-227.00,-2089.44,0.1457,22.4155,68.629,131.793,0.78198,83.051,1242.82
0.91200,-293.89,-2286.73,0.1533,8.0969,68.028,132.435,1.00000,81.611,1243.82
0.91250,-353.55,-2218.27,0.1538,-5.7177,68.221,132.187,1.00000,79.264,1244.75
0.91300,-404.51,-1876.07,0.1480,-17.3473,69.226,131.011,1.00000,74.630,1245.49
0.91350,-445.50,-1326.82,0.1369,-26.5366,70.848,129.137,1.00000,63.184,1245.93
0.91400,-475.53,-632.60,0.1220,-32.3850,72.904,126.778,0.96774,18.279,1246.01
0.91450,-493.84,151.15,0.1052,-34.2696,75.225,124.116,0.55823,-52.560,1246.33
0.91500,-500.00,926.87,0.0885,-31.9451,77.525,121.484,-0.04014,-70.689,1247.04
0.91550,-493.84,1555.59,0.0739,-25.8199,79.394,119.360,-0.74450,-76.452,1248.07
0.91600,-475.53,1905.03,0.0631,-17.0178,80.446,118.201,-1.00000,-78.704,1249.26
0.91650,-445.50,1953.43,0.0570,-7.1747,80.613,118.077,-1.00000,-79.479,1250.46
0.91700,-404.51,1778.59,0.0558,1.7840,80.122,118.715,-1.00000,-79.503,1251.55
0.91750,-353.55,1435.95,0.0584,8.2813,79.133,119.922,-1.00000,-78.824,1252.45
0.91800,-293.89,976.91,0.0637,12.4565,77.799,121.523,-1.00000,-76.978,1253.08
0.91850,-227.00,441.70,0.0704,14.0119,76.239,123.384,-1.00000,-71.250,1253.41
0.91900,-154.51,-136.72,0.0772,12.6669,74.555,125.397,-0.92847,-6.569,1253.42
0.91950,-78.22,-723.81,0.0826,8.3249,72.851,127.450,-0.56195,83.092,1253.75
0.92000,0.00,-1257.32,0.0851,1.3530,71.313,129.332,-0.05878,0.000,1254.38
0.92050,78.22,-1656.50,0.0837,-6.8502,70.176,130.764,0.52191,87.418,1255.24
0.92100,154.51,-1848.67,0.0781,-15.9491,69.651,131.491,1.00000,85.589,1256.24
0.92150,227.00,-1790.88,0.0677,-25.2205,69.866,131.367,1.00000,83.582,1257.25
0.92200,293.89,-1471.71,0.0530,-33.3516,70.847,130.343,1.00000,80.550,1258.14
0.92250,353.55,-933.55,0.0348,-39.0480,72.470,128.563,1.00000,74.640,1258.78
0.92300,404.51,-246.00,0.0145,-41.3573,74.530,126.266,1.00000,58.125,1259.10
0.92350,445.50,534.17,-0.0059,-39.6677,76.855,123.640,0.85485,-11.257,1259.15
0.92400,475.53,1341.73,-0.0244,-33.6875,79.250,120.902,0.39774,-61.234,1259.58
0.92450,493.84,2070.03,-0.0389,-23.5749,81.400,118.417,-0.21561,-72.603,1260.37
0.92500,500.00,2588.08,-0.0474,-10.1415,82.922,116.636,-0.89532,-76.534,1261.41
0.92550,493.84,2780.17,-0.0488,4.4966,83.478,115.962,-1.00000,-77.811,1262.56
0.92600,475.53,2676.41,-0.0431,17.9762,83.155,116.288,-1.00000,-77.808,1263.66
0.92650,445.50,2346.54,-0.0310,30.1438,82.155,117.371,-1.00000,-76.811,1264.61
0.92700,404.51,1847.31,-0.0134,39.9741,80.645,119.014,-1.00000,-74.338,1265.33
0.92750,353.55,1229.16,0.0084,46.6815,78.775,121.049,-1.00000,-68.012,1265.77
0.92800,293.89,534.32,0.0327,49.7350,76.674,123.337,-1.00000,-39.286,1265.89
0.92850,227.00,-201.34,0.0575,48.8263,74.452,125.765,-0.70406,62.079,1266.10
0.92900,154.51,-918.01,0.0808,43.8930,72.291,128.135,-0.23693,81.802,1266.64
0.92950,78.22,-1528.32,0.1008,35.2878,70.450,130.152,0.32933,87.213,1267.44
0.93000,-0.00,-1946.84,0.1156,23.8295,69.181,131.525,0.92049,0.000,1268.41
0.93050,-78.22,-2104.57,0.1243,10.7526,68.688,132.018,1.00000,87.789,1269.43
0.93100,-154.51,-1994.74,0.1264,-2.0391,68.991,131.608,1.00000,85.201,1270.35
0.93150,-227.00,-1624.98,0.1228,-12.2103,70.064,130.315,1.00000,80.777,1271.05
0.93200,-293.89,-1068.54,0.1146,-19.7742,71.693,128.392,1.00000,69.224,1271.43
0.93250,-353.55,-383.58,0.1035,-24.0535,73.703,126.035,0.90809,4.855,1271.45
0.93300,-404.51,370.18,0.0912,-24.5267,75.917,123.444,0.46540,-62.428,1271.84
0.93350,-445.50,1089.73,0.0797,-21.0811,78.031,120.971,-0.15339,-73.818,1272.60
0.93400,-475.53,1637.97,0.0707,-14.2624,79.643,119.089,-0.86001,-77.320,1273.66
0.93450,-493.84,1888.29,0.0658,-5.3620,80.384,118.237,-1.00000,-78.288,1274.85
0.93500,-500.00,1853.20,0.0653,3.2535,80.286,118.367,-1.00000,-78.004,1276.03
0.93550,-493.84,1611.72,0.0687,10.1345,79.582,119.206,-1.00000,-76.800,1277.08
0.93600,-475.53,1218.76,0.0751,15.1819,78.431,120.563,-1.00000,-74.322,1277.93
0.93650,-445.50,722.17,0.0835,17.8581,76.975,122.274,-1.00000,-69.117,1278.51
0.93700,-404.51,160.89,0.0925,17.7396,75.331,124.211,-1.00000,-54.418,1278.80
0.93750,-353.55,-432.87,0.1007,14.5941,73.596,126.268,-0.88140,12.645,1278.83
0.93800,-293.89,-1020.70,0.1066,8.3951,71.888,128.320,-0.49954,67.984,1279.20
0.93850,-227.00,-1537.41,0.1087,-0.2740,70.400,130.146,0.00818,80.173,1279.85
0.93900,-154.51,-1905.46,0.1062,-9.8971,69.358,131.476,0.58150,84.957,1280.73
0.93950,-78.22,-2055.76,0.0986,-20.4327,68.963,132.070,1.00000,87.735,1281.72
0.94000,0.00,-1954.81,0.0858,-30.9139,69.313,131.812,1.00000,0.000,1282.70
0.94050,78.22,-1587.36,0.0680,-39.9810,70.447,130.640,1.00000,87.311,1283.53
0.94100,154.51,-1004.17,0.0463,-46.3297,72.216,128.728,1.00000,82.404,1284.11
0.94150,227.00,-274.35,0.0222,-49.0178,74.414,126.310,1.00000,65.640,1284.36
0.94200,293.89,545.46,-0.0021,-47.4447,76.872,123.574,0.77290,-40.563,1284.48
0.94250,353.55,1379.46,-0.0244,-41.3494,79.361,120.773,0.27693,-70.985,1285.00
0.94300,404.51,2110.08,-0.0427,-30.9913,81.536,118.309,-0.35932,-76.658,1285.85
0.94350,445.50,2606.00,-0.0549,-17.3020,83.012,116.637,-1.00000,-78.349,1286.93
0.94400,475.53,2763.35,-0.0597,-1.9646,83.485,116.114,-1.00000,-78.258,1288.07
0.94450,493.84,2639.03,-0.0571,11.9209,83.118,116.538,-1.00000,-77.036,1289.15
0.94500,500.00,2298.36,-0.0480,24.1141,82.101,117.682,-1.00000,-74.462,1290.05
0.94550,493.84,1798.70,-0.0334,33.9857,80.604,119.351,-1.00000,-69.270,1290.70
0.94600,475.53,1187.28,-0.0146,40.7960,78.766,121.383,-1.00000,-56.253,1291.05
0.94650,445.50,503.79,0.0068,44.0424,76.710,123.652,-0.94541,-7.454,1291.08
0.94700,404.51,-212.45,0.0288,43.4424,74.556,126.030,-0.58234,56.749,1291.39
0.94750,353.55,-893.68,0.0496,38.9914,72.506,128.292,-0.07592,74.174,1292.02
0.94800,293.89,-1449.37,0.0673,31.1296,70.831,130.129,0.51270,80.431,1292.89
0.94850,227.00,-1796.29,0.0803,20.7613,69.775,131.260,1.00000,83.599,1293.90
0.94900,154.51,-1885.19,0.0878,9.1702,69.484,131.517,1.00000,85.668,1294.92
0.94950,78.22,-1701.27,0.0896,-1.7347,70.000,130.845,1.00000,87.483,1295.81
0.95000,0.00,-1286.40,0.0866,-9.8237,71.199,129.385,1.00000,0.000,1296.45
0.95050,-78.22,-709.58,0.0802,-15.1188,72.877,127.374,1.00000,82.938,1296.77
0.95100,-154.51,-24.87,0.0720,-17.1112,74.872,124.994,0.83194,-39.999,1296.83
0.95150,-227.00,701.89,0.0637,-15.4147,76.989,122.467,0.35247,-76.268,1297.30
0.95200,-293.89,1360.88,0.0572,-10.1000,78.906,120.169,-0.28540,-79.929,1298.12
0.95250,-353.55,1818.46,0.0541,-2.0681,80.230,118.563,-0.98771,-80.755,1299.21
0.95300,-404.51,1959.05,0.0552,6.3611,80.628,118.054,-1.00000,-80.288,1300.39
0.95350,-445.50,1835.80,0.0603,14.1105,80.252,118.454,-1.00000,-78.950,1301.53
0.95400,-475.53,1517.28,0.0691,20.5717,79.302,119.526,-1.00000,-76.579,1302.53
0.95450,-493.84,1060.09,0.0805,24.9089,77.944,121.072,-1.00000,-72.370,1303.31
0.95500,-500.00,510.77,0.0935,26.5225,76.315,122.936,-1.00000,-63.680,1303.81
0.95550,-493.84,-92.46,0.1066,25.0431,74.532,124.990,-1.00000,-39.104,1304.01
0.95600,-475.53,-717.85,0.1180,20.2992,72.691,127.134,-0.80087,27.003,1304.13
0.95650,-445.50,-1319.55,0.1263,12.3255,70.932,129.217,-0.38714,62.992,1304.57
0.95700,-404.51,-1825.32,0.1299,1.6518,69.469,130.992,0.13671,74.108,1305.28
0.95750,-353.55,-2158.80,0.1279,-9.7923,68.524,132.196,0.70621,78.919,1306.18
0.95800,-293.89,-2256.64,0.1200,-21.7914,68.281,132.607,1.00000,81.484,1307.16
0.95850,-227.00,-2099.83,0.1061,-33.4529,68.795,132.157,1.00000,83.089,1308.10
0.95900,-154.51,-1674.74,0.0868,-43.3862,70.101,130.792,1.00000,84.197,1308.86
0.95950,-78.22,-1044.03,0.0632,-50.3130,72.015,128.725,1.00000,85.370,1309.34
0.96000,-0.00,-274.40,0.0372,-53.3314,74.337,126.182,1.00000,0.000,1309.48
0.96050,78.22,579.18,0.0107,-51.8726,76.902,123.344,0.64795,-81.126,1309.73
0.96100,154.51,1426.13,-0.0139,-45.7296,79.440,120.515,0.09180,-83.072,1310.37
0.96150,227.00,2133.23,-0.0343,-35.3159,81.558,118.154,-0.58056,-83.209,1311.32
0.96200,293.89,2569.23,-0.0487,-21.7482,82.874,116.713,-1.00000,-82.640,1312.46
0.96250,353.55,2676.00,-0.0558,-6.7167,83.213,116.389,-1.00000,-81.344,1313.62
0.96300,404.51,2522.53,-0.0556,7.1567,82.774,116.935,-1.00000,-79.188,1314.68
0.96350,445.50,2168.64,-0.0491,18.7511,81.732,118.148,-1.00000,-75.504,1315.54
0.96400,475.53,1668.61,-0.0373,28.0134,80.247,119.839,-1.00000,-68.269,1316.14
0.96450,493.84,1066.51,-0.0215,34.2834,78.450,121.863,-1.00000,-49.227,1316.42
0.96500,500.00,399.44,-0.0036,37.1043,76.456,124.098,-0.86543,11.372,1316.47
0.96550,493.84,-287.49,0.0149,36.2402,74.402,126.398,-0.45963,57.705,1316.86
0.96600,475.53,-919.89,0.0321,31.7741,72.509,128.513,0.07875,71.182,1317.56
0.96650,445.50,-1407.68,0.0462,24.2435,71.043,130.136,0.68293,76.483,1318.49
0.96700,404.51,-1670.81,0.0560,14.6394,70.243,130.994,1.00000,78.971,1319.53
0.96750,353.55,-1681.71,0.0607,4.3357,70.188,130.995,1.00000,80.145,1320.54
0.96800,293.89,-1428.43,0.0606,-4.4090,70.911,130.089,1.00000,80.316,1321.40
0.96850,227.00,-969.56,0.0568,-10.4573,72.239,128.478,1.00000,79.258,1322.00
0.96900,154.51,-369.10,0.0506,-13.6557,73.983,126.381,1.00000,73.560,1322.26
0.96950,78.22,321.99,0.0437,-13.4957,75.990,123.967,0.77731,-72.211,1322.39
0.97000,0.00,1033.52,0.0377,-9.7062,78.053,121.475,0.27468,0.000,1322.90
0.97050,-78.22,1651.55,0.0345,-2.6397,79.836,119.297,-0.37273,-87.411,1323.77
0.97100,-154.51,2047.67,0.0353,5.9482,80.966,117.879,-1.00000,-85.987,1324.87
0.97150,-227.00,2125.21,0.0405,14.9922,81.163,117.561,-1.00000,-84.488,1326.04
0.97200,-293.89,1945.62,0.0502,23.5601,80.604,118.127,-1.00000,-82.524,1327.16
0.97250,-353.55,1572.99,0.0638,30.5323,79.477,119.353,-1.00000,-79.601,1328.13
0.97300,-404.51,1064.65,0.0804,35.0443,77.948,121.042,-1.00000,-74.606,1328.86
0.97350,-445.50,467.50,0.0984,36.5095,76.159,123.036,-1.00000,-63.990,1329.32
0.97400,-475.53,-179.68,0.1163,34.5777,74.227,125.209,-1.00000,-31.887,1329.47
0.97450,-493.84,-844.55,0.1324,29.1020,72.252,127.458,-0.74646,35.380,1329.64
0.97500,-500.00,-1475.37,0.1448,20.1524,70.391,129.612,-0.30962,62.859,1330.13
0.97550,-493.84,-1994.30,0.1520,8.1746,68.873,131.407,0.22739,71.782,1330.88
0.97600,-475.53,-2323.14,0.1527,-5.1958,67.929,132.574,0.79591,75.567,1331.80
0.97650,-445.50,-2401.88,0.1468,-18.4047,67.731,132.901,1.00000,77.171,1332.78
0.97700,-404.51,-2220.58,0.1344,-31.1570,68.309,132.353,1.00000,77.443,1333.69
0.97750,-353.55,-1770.08,0.1160,-42.0618,69.683,130.890,1.00000,75.986,1334.40
0.97800,-293.89,-1119.48,0.0929,-49.8566,71.652,128.749,1.00000,70.405,1334.81
0.97850,-227.00,-333.29,0.0668,-53.6549,74.023,126.149,0.94351,25.093,1334.86
0.97900,-154.51,527.76,0.0400,-52.9072,76.612,123.288,0.52887,-77.240,1335.21
0.97950,-78.22,1362.12,0.0147,-47.4753,79.118,120.512,-0.06548,-86.892,1335.93
0.98000,0.00,2031.85,-0.0068,-37.8831,81.135,118.294,-0.75584,0.000,1336.94
0.98050,78.22,2407.98,-0.0227,-25.3611,82.287,117.079,-1.00000,-88.077,1338.11
0.98100,154.51,2473.60,-0.0320,-11.6078,82.519,116.919,-1.00000,-86.188,1339.27
0.98150,227.00,2299.53,-0.0344,1.5157,82.034,117.561,-1.00000,-83.750,1340.30
0.98200,293.89,1941.76,-0.0310,11.8636,80.996,118.813,-1.00000,-79.888,1341.13
0.98250,353.55,1452.67,-0.0229,19.7851,79.561,120.495,-1.00000,-72.169,1341.68
0.98300,404.51,873.23,-0.0116,24.8589,77.850,122.473,-1.00000,-49.206,1341.91
0.98350,445.50,237.73,0.0014,26.6923,75.970,124.635,-0.81284,25.004,1342.01
0.98400,475.53,-406.02,0.0145,25.1036,74.064,126.824,-0.38421,61.656,1342.45
0.98450,493.84,-980.79,0.0259,20.2498,72.363,128.778,0.16743,71.485,1343.19
0.98500,500.00,-1398.78,0.0343,12.7412,71.125,130.198,0.77258,75.247,1344.14
0.98550,493.84,-1583.87,0.0384,3.7191,70.574,130.822,1.00000,76.630,1345.18
0.98600,475.53,-1522.29,0.0381,-4.6301,70.751,130.604,1.00000,76.611,1346.18
0.98650,445.50,-1207.99,0.0341,-11.1798,71.667,129.511,1.00000,74.921,1347.01
0.98700,404.51,-705.18,0.0273,-15.4804,73.134,127.766,1.00000,69.972,1347.56
0.98750,353.55,-75.01,0.0191,-16.8001,74.972,125.578,1.00000,50.478,1347.78
0.98800,293.89,632.91,0.0111,-14.6333,77.032,123.112,0.73122,-49.078,1347.94
0.98850,227.00,1343.69,0.0051,-8.7930,79.092,120.622,0.21157,-78.510,1348.50
0.98900,154.51,1939.53,0.0028,0.0757,80.806,118.514,-0.44098,-85.053,1349.40
0.98950,78.22,2295.88,0.0053,10.0611,81.814,117.224,-1.00000,-87.980,1350.50
0.99000,-0.00,2331.75,0.0130,20.6190,81.880,117.036,-1.00000,0.000,1351.67
0.99050,-78.22,2110.97,0.0258,30.4967,81.189,117.723,-1.00000,-87.954,1352.76
0.99100,-154.51,1696.36,0.0432,38.5183,79.923,119.069,-1.00000,-85.228,1353.69
0.99150,-227.00,1145.47,0.0639,43.8073,78.253,120.875,-1.00000,-80.609,1354.38
0.99200,-293.89,505.67,0.0864,45.7696,76.319,122.985,-1.00000,-69.818,1354.78
0.99250,-353.55,-183.60,0.1090,44.0531,74.244,125.270,-1.00000,-25.673,1354.86
0.99300,-404.51,-889.23,0.1298,38.5140,72.130,127.626,-0.67851,50.154,1355.10
0.99350,-445.50,-1552.11,0.1469,29.2434,70.154,129.858,-0.20979,68.071,1355.66
0.99400,-475.53,-2087.06,0.1585,16.7421,68.570,131.675,0.34870,73.560,1356.46
0.99450,-493.84,-2414.22,0.1633,2.0711,67.611,132.804,0.92352,75.578,1357.42
0.99500,-500.00,-2473.93,0.1607,-12.1073,67.452,133.037,1.00000,75.786,1358.41
0.99550,-493.84,-2264.19,0.1513,-25.4015,68.097,132.363,1.00000,74.413,1359.29
0.99600,-475.53,-1791.88,0.1357,-36.7474,69.521,130.800,1.00000,70.138,1359.95
0.99650,-445.50,-1130.57,0.1151,-44.9429,71.508,128.602,1.00000,56.964,1360.30
0.99700,-404.51,-341.19,0.0914,-49.1447,73.877,125.972,0.86122,-8.896,1360.33
0.99750,-353.55,507.67,0.0667,-48.8488,76.422,123.140,0.39904,-67.681,1360.76
0.99800,-293.89,1304.62,0.0433,-44.0211,78.813,120.484,-0.22834,-79.582,1361.56
0.99850,-227.00,1911.32,0.0233,-35.3097,80.644,118.479,-0.92924,-83.940,1362.63
0.99900,-154.51,2203.34,0.0084,-24.0566,81.551,117.557,-1.00000,-86.251,1363.81
0.99950,-78.22,2211.32,-0.0006,-11.9467,81.617,117.601,-1.00000,-88.043,1364.95
