t,F_ref,F,x_p,v_p,P_A_bar,P_B_bar,u_v,phase_error_deg,iae_cumulative
0.00000,0.00,0.00,0.0000,0.0000,30.000,50.000,-0.00000,0.000,0.00
0.00050,78.54,4.88,0.0000,0.0114,30.014,49.983,0.30000,43.163,0.04
0.00100,157.05,31.56,0.0000,0.0711,30.105,49.913,0.30000,38.628,0.10
0.00150,235.53,114.41,0.0001,0.3762,30.397,49.708,0.30000,27.215,0.16
0.00200,313.95,236.91,0.0005,1.0977,30.829,49.408,0.30000,13.788,0.20
0.00250,392.30,385.08,0.0013,2.3104,31.354,49.048,0.30000,1.054,0.20
0.00300,470.54,548.15,0.0029,4.0522,31.934,48.655,-0.30000,-9.366,0.24
0.00350,548.67,645.67,0.0054,6.2563,32.281,48.421,-0.30000,-10.026,0.29
0.00400,626.67,635.48,0.0091,8.4706,32.245,48.446,-0.30000,-0.805,0.29
0.00450,704.51,572.87,0.0138,10.3766,32.070,48.677,0.30000,10.583,0.36
0.00500,782.17,514.74,0.0194,11.8322,31.894,48.867,0.30000,18.876,0.49
0.00550,859.65,497.86,0.0256,12.9971,31.837,48.912,0.30000,22.824,0.67
0.00600,936.91,531.91,0.0324,14.1079,31.961,48.836,0.30000,23.377,0.88
0.00650,1013.94,600.95,0.0398,15.3713,32.211,48.677,0.30000,22.162,1.08
0.00700,1090.72,692.60,0.0478,16.9210,32.542,48.465,0.30000,20.052,1.28
0.00750,1167.23,797.30,0.0567,18.8338,32.920,48.223,0.30000,17.585,1.47
0.00800,1243.45,907.63,0.0667,21.1413,33.321,47.971,0.30000,15.113,1.64
0.00850,1319.37,1017.78,0.0780,23.8391,33.722,47.721,0.30000,12.876,1.79
0.00900,1394.96,1123.25,0.0906,26.8941,34.108,47.486,0.30000,11.022,1.92
0.00950,1470.20,1220.58,0.1049,30.2505,34.467,47.273,0.30000,9.636,2.05
0.01000,1545.08,1307.21,0.1209,33.8356,34.790,47.090,0.30000,8.752,2.17
0.01050,1619.59,1381.35,0.1388,37.5637,35.070,46.939,0.30000,8.368,2.28
0.01100,1693.69,1441.87,0.1585,41.3415,35.304,46.824,0.30000,8.457,2.41
0.01150,1767.37,1488.28,0.1801,45.0710,35.489,46.747,0.30000,8.974,2.55
0.01200,1840.62,1520.66,0.2035,48.6538,35.627,46.706,0.30000,9.862,2.71
0.01250,1913.42,1539.56,0.2287,51.9946,35.718,46.700,0.30000,11.056,2.90
0.01300,1985.74,1546.02,0.2555,55.0038,35.765,46.726,0.30000,12.486,3.12
0.01350,2057.57,1541.46,0.2836,57.6005,35.775,46.780,0.30000,14.081,3.38
0.01400,2128.90,1527.65,0.3130,59.7153,35.753,46.858,0.30000,15.771,3.68
0.01450,2199.70,1506.62,0.3433,61.2918,35.706,46.955,0.30000,17.488,4.02
0.01500,2269.95,1480.64,0.3742,62.2885,35.641,47.064,0.30000,19.174,4.42
0.01550,2339.65,1452.07,0.4055,62.6801,35.568,47.179,0.30000,20.775,4.86
0.01600,2408.77,1423.40,0.4368,62.4576,35.494,47.294,0.30000,22.248,5.35
0.01650,2477.29,1397.07,0.4678,61.6294,35.427,47.403,0.30000,23.560,5.89
0.01700,2545.21,1375.47,0.4983,60.2202,35.377,47.499,0.30000,24.683,6.48
0.01750,2612.49,1360.84,0.5279,58.2707,35.350,47.577,0.30000,25.599,7.10
0.01800,2679.13,1355.21,0.5565,55.8364,35.355,47.631,0.30000,26.297,7.77
0.01850,2745.11,1360.38,0.5837,52.9856,35.396,47.658,0.30000,26.768,8.46
0.01900,2810.42,1377.80,0.6094,49.7982,35.480,47.652,0.30000,27.010,9.17
0.01950,2875.03,1408.61,0.6335,46.3626,35.610,47.612,0.30000,27.024,9.91
0.02000,2938.93,1453.55,0.6558,42.7738,35.789,47.535,0.30000,26.813,10.65
0.02050,3002.10,1512.97,0.6762,39.1305,36.017,47.421,0.30000,26.383,11.40
0.02100,3064.54,1586.82,0.6949,35.5324,36.296,47.270,0.30000,25.743,12.13
0.02150,3126.21,1674.65,0.7118,32.0775,36.623,47.083,0.30000,24.906,12.86
0.02200,3187.12,1775.61,0.7270,28.8593,36.996,46.863,0.30000,23.888,13.57
0.02250,3247.24,1888.50,0.7407,25.9643,37.410,46.613,0.30000,22.706,14.25
0.02300,3306.56,2011.80,0.7530,23.4696,37.860,46.336,0.30000,21.384,14.89
0.02350,3365.06,2143.69,0.7642,21.4409,38.341,46.037,0.30000,19.949,15.50
0.02400,3422.74,2282.14,0.7746,19.9308,38.845,45.723,0.30000,18.430,16.07
0.02450,3479.56,2424.92,0.7843,18.9770,39.364,45.398,0.30000,16.862,16.60
0.02500,3535.53,2569.72,0.7936,18.6017,39.890,45.069,0.30000,15.279,17.08
0.02550,3590.63,2714.16,0.8030,18.8109,40.416,44.742,0.30000,13.718,17.52
0.02600,3644.84,2855.89,0.8125,19.5940,40.933,44.422,0.30000,12.214,17.92
0.02650,3698.16,2992.65,0.8227,20.9250,41.433,44.116,0.30000,10.801,18.27
0.02700,3750.56,3122.31,0.8336,22.7630,41.909,43.829,0.30000,9.509,18.58
0.02750,3802.03,3242.98,0.8455,25.0533,42.355,43.566,0.30000,8.365,18.86
0.02800,3852.57,3352.99,0.8587,27.7289,42.764,43.332,0.30000,7.389,19.11
0.02850,3902.15,3450.98,0.8733,30.7126,43.132,43.129,0.30000,6.595,19.34
0.02900,3950.78,3535.95,0.8894,33.9189,43.456,42.960,0.30000,5.994,19.55
0.02950,3998.42,3607.23,0.9072,37.2566,43.732,42.827,0.30000,5.588,19.74
0.03000,4045.08,3664.56,0.9267,40.6313,43.961,42.730,0.30000,5.374,19.93
0.03050,4090.75,3708.04,0.9478,43.9483,44.142,42.669,0.30000,5.345,20.12
0.03100,4135.40,3738.18,0.9706,47.1146,44.276,42.643,0.30000,5.487,20.32
0.03150,4179.04,3755.82,0.9949,50.0421,44.368,42.648,0.30000,5.783,20.53
0.03200,4221.64,3762.16,1.0206,52.6498,44.421,42.683,0.30000,6.212,20.76
0.03250,4263.20,3758.72,1.0475,54.8657,44.440,42.743,0.30000,6.749,21.01
0.03300,4303.71,3747.23,1.0754,56.6294,44.430,42.824,0.30000,7.368,21.29
0.03350,4343.16,3729.69,1.1040,57.8930,44.400,42.920,0.30000,8.040,21.60
0.03400,4381.53,3708.22,1.1332,58.6227,44.356,43.025,0.30000,8.736,21.94
0.03450,4418.83,3685.04,1.1626,58.7999,44.306,43.135,0.30000,9.428,22.30
0.03500,4455.03,3662.42,1.1919,58.4211,44.257,43.242,0.30000,10.088,22.70
0.03550,4490.14,3642.57,1.2209,57.4984,44.218,43.342,0.30000,10.689,23.12
0.03600,4524.14,3627.65,1.2493,56.0588,44.196,43.429,0.30000,11.208,23.57
0.03650,4557.02,3619.63,1.2769,54.1434,44.197,43.498,0.30000,11.624,24.04
0.03700,4588.77,3620.31,1.3034,51.8063,44.228,43.544,0.30000,11.917,24.52
0.03750,4619.40,3631.22,1.3286,49.1131,44.294,43.564,0.30000,12.075,25.02
0.03800,4648.88,3653.60,1.3524,46.1388,44.400,43.553,0.30000,12.084,25.52
0.03850,4677.22,3688.38,1.3747,42.9658,44.548,43.511,0.30000,11.938,26.01
0.03900,4704.40,3736.11,1.3954,39.6815,44.742,43.435,0.30000,11.631,26.50
0.03950,4730.43,3796.99,1.4144,36.3761,44.980,43.325,0.30000,11.163,26.96
0.04000,4755.28,3870.88,1.4318,33.1399,45.264,43.182,0.30000,10.536,27.40
0.04050,4778.97,3957.23,1.4476,30.0606,45.590,43.007,0.30000,9.756,27.81
0.04100,4801.47,4055.19,1.4619,27.2214,45.958,42.803,0.30000,8.835,28.19
0.04150,4822.79,4163.56,1.4748,24.6983,46.361,42.572,0.30000,7.784,28.52
0.04200,4842.92,4280.87,1.4866,22.5582,46.795,42.318,0.30000,6.620,28.80
0.04250,4861.85,4405.41,1.4975,20.8571,47.255,42.047,0.30000,5.363,29.03
0.04300,4879.58,4535.27,1.5076,19.6386,47.734,41.763,0.30000,4.036,29.20
0.04350,4896.11,4668.41,1.5172,18.9326,48.224,41.470,0.30000,2.663,29.31
0.04400,4911.44,4802.69,1.5266,18.7545,48.719,41.176,0.30000,1.268,29.37
0.04450,4925.55,4935.97,1.5360,19.1050,49.211,40.885,-0.30000,-0.121,29.37
0.04500,4938.44,4998.56,1.5458,19.8546,49.449,40.761,-0.30000,-0.697,29.40
0.04550,4950.12,4949.28,1.5559,20.4708,49.286,40.899,0.30000,0.010,29.40
0.04600,4960.57,4888.16,1.5662,20.5939,49.080,41.065,0.30000,0.836,29.44
0.04650,4969.80,4880.20,1.5764,20.3961,49.065,41.106,0.30000,1.033,29.48
0.04700,4977.81,4911.42,1.5865,20.1091,49.190,41.055,0.30000,0.764,29.52
0.04750,4984.59,4970.86,1.5965,19.9023,49.417,40.938,0.30000,0.158,29.52
0.04800,4990.13,5050.06,1.6065,19.8961,49.715,40.775,-0.30000,-0.688,29.55
0.04850,4994.45,5074.89,1.6165,20.0559,49.818,40.739,-0.30000,-0.923,29.59
0.04900,4997.53,5006.63,1.6265,19.9312,49.586,40.922,-0.30000,-0.104,29.60
0.04950,4999.38,4894.18,1.6363,19.2059,49.240,41.282,0.30000,1.206,29.65
0.05000,5000.00,4798.46,1.6456,17.7673,48.936,41.572,0.30000,2.308,29.75
0.05050,4999.38,4756.25,1.6540,15.8549,48.795,41.690,0.30000,2.784,29.87
0.05100,4997.53,4774.42,1.6614,13.7763,48.870,41.663,0.30000,2.556,29.99
0.05150,4994.45,4838.27,1.6678,11.8146,49.107,41.527,0.30000,1.791,30.06
0.05200,4990.13,4936.02,1.6733,10.1880,49.466,41.310,0.30000,0.621,30.09
0.05250,4984.59,5058.19,1.6781,9.0579,49.912,41.035,-0.30000,-0.846,30.13
0.05300,4977.81,5129.43,1.6824,8.4171,50.174,40.879,-0.30000,-1.745,30.20
0.05350,4969.80,5109.68,1.6865,7.8328,50.110,40.936,-0.30000,-1.612,30.27
0.05400,4960.57,5046.75,1.6902,7.0068,49.934,41.167,-0.30000,-0.995,30.32
0.05450,4950.12,4938.85,1.6934,5.7420,49.668,41.622,0.30000,0.130,30.32
0.05500,4938.44,4867.51,1.6959,4.0370,49.488,41.917,0.30000,0.823,30.36
0.05550,4925.55,4862.25,1.6975,2.3300,49.472,41.935,0.30000,0.736,30.39
0.05600,4911.44,4915.13,1.6983,0.9699,49.664,41.814,-0.30000,-0.043,30.39
0.05650,4896.11,4947.48,1.6985,0.0862,49.782,41.740,-0.30000,-0.601,30.42
0.05700,4879.58,4931.20,1.6984,-0.6204,49.747,41.818,-0.30000,-0.606,30.44
0.05750,4861.85,4866.73,1.6979,-1.3840,49.613,42.132,-0.30000,-0.058,30.44
0.05800,4842.92,4767.08,1.6969,-2.3917,49.408,42.621,0.30000,0.897,30.48
0.05850,4822.79,4709.81,1.6954,-3.6458,49.301,42.919,0.30000,1.342,30.54
0.05900,4801.47,4726.89,1.6933,-4.7910,49.364,42.883,0.30000,0.890,30.58
0.05950,4778.97,4798.03,1.6907,-5.5955,49.617,42.711,-0.30000,-0.229,30.59
0.06000,4755.28,4850.10,1.6878,-5.9502,49.801,42.585,-0.30000,-1.142,30.63
0.06050,4730.43,4854.00,1.6848,-6.1176,49.840,42.617,-0.30000,-1.496,30.69
0.06100,4704.40,4807.45,1.6817,-6.3389,49.772,42.892,-0.30000,-1.255,30.75
0.06150,4677.22,4724.52,1.6784,-6.8235,49.628,43.343,-0.30000,-0.579,30.77
0.06200,4648.88,4617.53,1.6748,-7.7048,49.436,43.914,0.30000,0.386,30.79
0.06250,4619.40,4561.04,1.6706,-8.9542,49.358,44.255,0.30000,0.724,30.81
0.06300,4588.77,4590.57,1.6658,-10.1464,49.472,44.199,-0.30000,-0.022,30.82
0.06350,4557.02,4625.28,1.6605,-11.0555,49.602,44.127,-0.30000,-0.858,30.85
0.06400,4524.14,4614.28,1.6548,-11.8065,49.638,44.278,-0.30000,-1.142,30.90
0.06450,4490.14,4564.76,1.6487,-12.6195,49.595,44.619,-0.30000,-0.952,30.93
0.06500,4455.03,4489.28,1.6422,-13.6490,49.502,45.092,-0.30000,-0.440,30.95
0.06550,4418.83,4397.56,1.6350,-14.9917,49.379,45.652,0.30000,0.276,30.96
0.06600,4381.53,4361.85,1.6271,-16.5888,49.385,45.959,0.30000,0.257,30.97
0.06650,4343.16,4418.77,1.6185,-17.9788,49.598,45.840,-0.30000,-0.997,31.01
0.06700,4303.71,4482.91,1.6092,-18.8920,49.833,45.697,-0.30000,-2.384,31.10
0.06750,4263.20,4500.02,1.5996,-19.4547,49.970,45.783,-0.30000,-3.180,31.22
0.06800,4221.64,4478.50,1.5898,-19.8871,50.026,46.055,-0.30000,-3.482,31.34
0.06850,4179.04,4429.78,1.5797,-20.3494,50.025,46.460,-0.30000,-3.434,31.47
0.06900,4135.40,4362.61,1.5694,-20.9508,49.987,46.956,-0.30000,-3.145,31.58
0.06950,4090.75,4283.71,1.5588,-21.7615,49.927,47.514,-0.30000,-2.701,31.68
0.07000,4045.08,4198.32,1.5476,-22.8200,49.858,48.111,-0.30000,-2.169,31.76
0.07050,3998.42,4110.53,1.5359,-24.1397,49.790,48.728,-0.30000,-1.606,31.81
0.07100,3950.78,4023.61,1.5234,-25.7139,49.731,49.354,-0.30000,-1.056,31.85
0.07150,3902.15,3940.07,1.5101,-27.5197,49.687,49.978,-0.30000,-0.557,31.87
0.07200,3852.57,3861.90,1.4959,-29.5210,49.665,50.593,-0.30000,-0.139,31.87
0.07250,3802.03,3790.55,1.4806,-31.6720,49.669,51.193,0.30000,0.173,31.88
0.07300,3750.56,3791.19,1.4642,-33.8097,49.839,51.472,-0.30000,-0.621,31.90
0.07350,3698.16,3837.89,1.4469,-35.5071,50.120,51.551,-0.30000,-2.164,31.97
0.07400,3644.84,3860.28,1.4288,-36.7669,50.355,51.756,-0.30000,-3.383,32.08
0.07450,3590.63,3865.36,1.4101,-37.6834,50.557,52.050,-0.30000,-4.375,32.21
0.07500,3535.53,3858.09,1.3911,-38.3235,50.735,52.407,-0.30000,-5.213,32.37
0.07550,3479.56,3841.88,1.3719,-38.7353,50.896,52.810,-0.30000,-5.945,32.56
0.07600,3422.74,3819.06,1.3524,-38.9547,51.043,53.246,-0.30000,-6.605,32.75
0.07650,3365.06,3791.21,1.3329,-39.0090,51.179,53.705,-0.30000,-7.217,32.97
0.07700,3306.56,3759.34,1.3134,-38.9205,51.306,54.182,-0.30000,-7.797,33.19
0.07750,3247.24,3724.10,1.2940,-38.7083,51.424,54.672,-0.30000,-8.354,33.43
0.07800,3187.12,3685.86,1.2748,-38.3902,51.533,55.173,-0.30000,-8.894,33.68
0.07850,3126.21,3644.84,1.2557,-37.9829,51.633,55.682,-0.30000,-9.419,33.94
0.07900,3064.54,3601.15,1.2368,-37.5033,51.725,56.199,-0.30000,-9.932,34.21
0.07950,3002.10,3554.87,1.2182,-36.9681,51.808,56.723,-0.30000,-10.433,34.49
0.08000,2938.93,3506.02,1.1998,-36.3944,51.882,57.254,-0.30000,-10.921,34.77
0.08050,2875.03,3454.65,1.1818,-35.7992,51.947,57.790,-0.30000,-11.398,35.06
0.08100,2810.42,3400.85,1.1640,-35.1994,52.003,58.332,-0.30000,-11.865,35.35
0.08150,2745.11,3344.72,1.1466,-34.6113,52.051,58.878,-0.30000,-12.321,35.65
0.08200,2679.13,3286.40,1.1294,-34.0507,52.090,59.430,-0.30000,-12.771,35.96
0.08250,2612.49,3226.10,1.1125,-33.5321,52.121,59.985,-0.30000,-13.218,36.26
0.08300,2545.21,3164.05,1.0959,-33.0687,52.146,60.543,-0.30000,-13.666,36.57
0.08350,2477.29,3100.54,1.0794,-32.6720,52.165,61.104,-0.30000,-14.122,36.89
0.08400,2408.77,3035.86,1.0632,-32.3513,52.179,61.666,-0.30000,-14.592,37.20
0.08450,2339.65,2970.37,1.0471,-32.1139,52.189,62.229,-0.30000,-15.087,37.51
0.08500,2269.95,2904.43,1.0311,-31.9646,52.197,62.792,-0.30000,-15.616,37.83
0.08550,2199.70,2838.40,1.0151,-31.9058,52.204,63.354,-0.30000,-16.191,38.15
0.08600,2128.90,2772.66,0.9991,-31.9372,52.211,63.913,-0.30000,-16.825,38.47
0.08650,2057.57,2707.57,0.9831,-32.0561,52.220,64.470,-0.30000,-17.532,38.80
0.08700,1985.74,2643.47,0.9671,-32.2574,52.231,65.022,-0.30000,-18.326,39.13
0.08750,1913.42,2580.69,0.9509,-32.5338,52.245,65.570,-0.30000,-19.225,39.46
0.08800,1840.62,2519.49,0.9345,-32.8756,52.264,66.112,-0.30000,-20.245,39.80
0.08850,1767.37,2460.12,0.9180,-33.2719,52.289,66.648,-0.30000,-21.403,40.15
0.08900,1693.69,2402.76,0.9012,-33.7098,52.320,67.177,-0.30000,-22.717,40.50
0.08950,1619.59,2347.54,0.8843,-34.1757,52.357,67.699,-0.30000,-24.202,40.86
0.09000,1545.08,2294.53,0.8671,-34.6552,52.402,68.215,-0.30000,-25.876,41.24
0.09050,1470.20,2243.76,0.8496,-35.1335,52.452,68.723,-0.30000,-27.751,41.63
0.09100,1394.96,2195.17,0.8319,-35.5959,52.510,69.224,-0.30000,-29.841,42.03
0.09150,1319.37,2148.65,0.8140,-36.0285,52.574,69.718,-0.30000,-32.151,42.44
0.09200,1243.45,2104.06,0.7959,-36.4179,52.644,70.206,-0.30000,-34.688,42.87
0.09250,1167.23,2061.17,0.7776,-36.7523,52.719,70.688,-0.30000,-37.447,43.32
0.09300,1090.72,2019.74,0.7592,-37.0213,52.798,71.165,-0.30000,-40.423,43.78
0.09350,1013.94,1979.48,0.7406,-37.2164,52.880,71.638,-0.30000,-43.600,44.27
0.09400,936.91,1940.07,0.7220,-37.3313,52.964,72.107,-0.30000,-46.956,44.77
0.09450,859.65,1901.17,0.7033,-37.3618,53.050,72.573,-0.30000,-50.465,45.29
0.09500,782.17,1862.43,0.6846,-37.3061,53.134,73.037,-0.30000,-54.093,45.83
0.09550,704.51,1823.50,0.6660,-37.1649,53.218,73.501,-0.30000,-57.806,46.39
0.09600,626.67,1784.04,0.6475,-36.9410,53.299,73.964,-0.30000,-61.566,46.97
0.09650,548.67,1743.73,0.6291,-36.6399,53.376,74.429,-0.30000,-65.339,47.56
0.09700,470.54,1702.28,0.6108,-36.2687,53.448,74.895,-0.30000,-69.092,48.18
0.09750,392.30,1659.43,0.5928,-35.8368,53.515,75.363,-0.30000,-72.798,48.81
0.09800,313.95,1614.97,0.5750,-35.3551,53.575,75.834,-0.30000,-76.433,49.46
0.09850,235.53,1568.72,0.5575,-34.8357,53.629,76.308,-0.30000,-79.981,50.13
0.09900,157.05,1520.56,0.5402,-34.2919,53.674,76.786,-0.30000,-83.429,50.81
0.09950,78.54,1470.45,0.5232,-33.7373,53.713,77.268,-0.30000,-86.771,51.51
0.10000,0.00,1418.36,0.5064,-33.1861,53.744,77.753,-0.30000,0.000,52.22
0.10050,-78.54,1364.37,0.4900,-32.6520,53.767,78.242,-0.30000,-86.884,52.94
0.10100,-157.05,1308.57,0.4738,-32.1483,53.783,78.734,-0.30000,-83.884,53.67
0.10150,-235.53,1251.12,0.4578,-31.6874,53.793,79.229,-0.30000,-80.997,54.41
0.10200,-313.95,1192.23,0.4421,-31.2804,53.797,79.727,-0.30000,-78.226,55.17
0.10250,-392.30,1132.15,0.4265,-30.9369,53.796,80.226,-0.30000,-75.569,55.93
0.10300,-470.54,1071.15,0.4111,-30.6646,53.792,80.727,-0.30000,-73.027,56.70
0.10350,-548.67,1009.54,0.3959,-30.4692,53.784,81.227,-0.30000,-70.602,57.48
0.10400,-626.67,947.65,0.3807,-30.3544,53.774,81.727,-0.30000,-68.295,58.27
0.10450,-704.51,885.80,0.3655,-30.3215,53.764,82.226,-0.30000,-66.107,59.06
0.10500,-782.17,824.34,0.3503,-30.3695,53.755,82.722,-0.30000,-64.040,59.87
0.10550,-859.65,763.57,0.3351,-30.4953,53.747,83.215,-0.30000,-62.095,60.68
0.10600,-936.91,703.80,0.3198,-30.6936,53.741,83.704,-0.30000,-60.272,61.50
0.10650,-1013.94,645.30,0.3044,-30.9571,53.740,84.189,-0.30000,-58.571,62.33
0.10700,-1090.72,588.31,0.2888,-31.2767,53.742,84.668,-0.30000,-56.992,63.17
0.10750,-1167.23,533.04,0.2731,-31.6419,53.750,85.142,-0.30000,-55.531,64.02
0.10800,-1243.45,479.63,0.2572,-32.0409,53.764,85.609,-0.30000,-54.184,64.88
0.10850,-1319.37,428.18,0.2411,-32.4612,53.783,86.070,-0.30000,-52.948,65.75
0.10900,-1394.96,378.75,0.2247,-32.8896,53.809,86.525,-0.30000,-51.816,66.64
0.10950,-1470.20,331.33,0.2082,-33.3128,53.840,86.973,-0.30000,-50.783,67.54
0.11000,-1545.08,285.86,0.1914,-33.7178,53.878,87.415,-0.30000,-49.840,68.45
0.11050,-1619.59,242.23,0.1745,-34.0920,53.921,87.850,-0.30000,-48.980,69.39
0.11100,-1693.69,200.29,0.1573,-34.4238,53.970,88.281,-0.30000,-48.195,70.33
0.11150,-1767.37,159.82,0.1401,-34.7030,54.022,88.706,-0.30000,-47.477,71.30
0.11200,-1840.62,120.60,0.1227,-34.9206,54.079,89.126,-0.30000,-46.817,72.28
0.11250,-1913.42,82.35,0.1052,-35.0697,54.137,89.543,-0.30000,-46.207,73.27
0.11300,-1985.74,44.77,0.0876,-35.1451,54.198,89.956,-0.30000,-45.639,74.29
0.11350,-2057.57,7.57,0.0700,-35.1438,54.259,90.368,-0.30000,-45.105,75.32
0.11400,-2128.90,-29.58,0.0525,-35.0647,54.319,90.778,-0.30000,-44.599,76.37
0.11450,-2199.70,-66.99,0.0350,-34.9091,54.377,91.187,-0.30000,-44.114,77.44
0.11500,-2269.95,-104.97,0.0176,-34.6804,54.433,91.597,-0.30000,-43.644,78.52
0.11550,-2339.65,-143.78,0.0003,-34.3838,54.486,92.008,-0.30000,-43.184,79.62
0.11600,-2408.77,-183.70,-0.0168,-34.0267,54.533,92.420,-0.30000,-42.730,80.73
0.11650,-2477.29,-224.93,-0.0337,-33.6177,54.576,92.834,-0.30000,-42.277,81.86
0.11700,-2545.21,-267.67,-0.0504,-33.1671,54.612,93.251,-0.30000,-41.823,83.00
0.11750,-2612.49,-312.05,-0.0669,-32.6863,54.642,93.671,-0.30000,-41.366,84.15
0.11800,-2679.13,-358.16,-0.0831,-32.1872,54.666,94.094,-0.30000,-40.903,85.31
0.11850,-2745.11,-406.03,-0.0991,-31.6825,54.682,94.521,-0.30000,-40.434,86.48
0.11900,-2810.42,-455.66,-0.1148,-31.1846,54.692,94.950,-0.30000,-39.959,87.65
0.11950,-2875.03,-506.98,-0.1303,-30.7061,54.695,95.383,-0.30000,-39.477,88.84
0.12000,-2938.93,-559.88,-0.1455,-30.2585,54.692,95.819,-0.30000,-38.990,90.03
0.12050,-3002.10,-614.21,-0.1605,-29.8527,54.683,96.257,-0.30000,-38.499,91.22
0.12100,-3064.54,-669.76,-0.1754,-29.4984,54.670,96.698,-0.30000,-38.006,92.42
0.12150,-3126.21,-726.31,-0.1900,-29.2036,54.652,97.139,-0.30000,-37.512,93.62
0.12200,-3187.12,-783.58,-0.2046,-28.9748,54.631,97.581,-0.30000,-37.021,94.82
0.12250,-3247.24,-841.31,-0.2190,-28.8166,54.607,98.023,-0.30000,-36.535,96.02
0.12300,-3306.56,-899.20,-0.2334,-28.7316,54.583,98.465,-0.30000,-36.057,97.23
0.12350,-3365.06,-956.94,-0.2478,-28.7203,54.558,98.904,-0.30000,-35.588,98.43
0.12400,-3422.74,-1014.24,-0.2621,-28.7812,54.534,99.342,-0.30000,-35.133,99.64
0.12450,-3479.56,-1070.82,-0.2766,-28.9109,54.511,99.776,-0.30000,-34.693,100.84
0.12500,-3535.53,-1126.42,-0.2911,-29.1041,54.492,100.206,-0.30000,-34.271,102.04
0.12550,-3590.63,-1180.79,-0.3057,-29.3536,54.475,100.632,-0.30000,-33.867,103.25
0.12600,-3644.84,-1233.73,-0.3204,-29.6508,54.463,101.054,-0.30000,-33.485,104.46
0.12650,-3698.16,-1285.07,-0.3353,-29.9860,54.456,101.469,-0.30000,-33.125,105.66
0.12700,-3750.56,-1334.69,-0.3504,-30.3481,54.454,101.880,-0.30000,-32.787,106.87
0.12750,-3802.03,-1382.52,-0.3657,-30.7258,54.458,102.284,-0.30000,-32.472,108.08
0.12800,-3852.57,-1428.53,-0.3811,-31.1070,54.467,102.682,-0.30000,-32.178,109.29
0.12850,-3902.15,-1472.73,-0.3968,-31.4798,54.481,103.075,-0.30000,-31.906,110.51
0.12900,-3950.78,-1515.19,-0.4126,-31.8326,54.501,103.462,-0.30000,-31.653,111.72
0.12950,-3998.42,-1556.02,-0.4286,-32.1544,54.526,103.843,-0.30000,-31.418,112.95
0.13000,-4045.08,-1595.39,-0.4448,-32.4350,54.555,104.220,-0.30000,-31.199,114.17
0.13050,-4090.75,-1633.48,-0.4610,-32.6655,54.588,104.592,-0.30000,-30.993,115.40
0.13100,-4135.40,-1670.52,-0.4774,-32.8386,54.623,104.960,-0.30000,-30.797,116.63
0.13150,-4179.04,-1706.76,-0.4939,-32.9482,54.661,105.325,-0.30000,-30.608,117.87
0.13200,-4221.64,-1742.47,-0.5103,-32.9904,54.700,105.687,-0.30000,-30.424,119.11
0.13250,-4263.20,-1777.93,-0.5268,-32.9630,54.739,106.048,-0.30000,-30.240,120.35
0.13300,-4303.71,-1813.42,-0.5433,-32.8658,54.777,106.408,-0.30000,-30.055,121.59
0.13350,-4343.16,-1849.23,-0.5597,-32.7005,54.814,106.767,-0.30000,-29.865,122.84
0.13400,-4381.53,-1885.61,-0.5760,-32.4706,54.848,107.126,-0.30000,-29.668,124.09
0.13450,-4418.83,-1922.83,-0.5922,-32.1816,54.878,107.487,-0.30000,-29.460,125.34
0.13500,-4455.03,-1961.10,-0.6082,-31.8403,54.904,107.849,-0.30000,-29.240,126.58
0.13550,-4490.14,-2000.60,-0.6240,-31.4552,54.925,108.213,-0.30000,-29.006,127.83
0.13600,-4524.14,-2041.49,-0.6396,-31.0356,54.940,108.580,-0.30000,-28.756,129.07
0.13650,-4557.02,-2083.89,-0.6550,-30.5922,54.950,108.949,-0.30000,-28.489,130.31
0.13700,-4588.77,-2127.85,-0.6702,-30.1359,54.954,109.322,-0.30000,-28.204,131.54
0.13750,-4619.40,-2173.39,-0.6852,-29.6780,54.951,109.697,-0.30000,-27.902,132.76
0.13800,-4648.88,-2220.50,-0.6999,-29.2299,54.942,110.075,-0.30000,-27.581,133.97
0.13850,-4677.22,-2269.10,-0.7144,-28.8025,54.928,110.456,-0.30000,-27.242,135.18
0.13900,-4704.40,-2319.07,-0.7287,-28.4061,54.908,110.839,-0.30000,-26.887,136.37
0.13950,-4730.43,-2370.26,-0.7428,-28.0502,54.883,111.224,-0.30000,-26.516,137.55
0.14000,-4755.28,-2422.49,-0.7567,-27.7431,54.854,111.611,-0.30000,-26.131,138.72
0.14050,-4778.97,-2475.53,-0.7706,-27.4915,54.822,111.999,-0.30000,-25.734,139.87
0.14100,-4801.47,-2529.15,-0.7843,-27.3009,54.787,112.387,-0.30000,-25.326,141.01
0.14150,-4822.79,-2583.09,-0.7979,-27.1746,54.750,112.775,-0.30000,-24.910,142.13
0.14200,-4842.92,-2637.08,-0.8114,-27.1146,54.712,113.162,-0.30000,-24.488,143.23
0.14250,-4861.85,-2690.85,-0.8250,-27.1207,54.674,113.547,-0.30000,-24.063,144.31
0.14300,-4879.58,-2744.13,-0.8386,-27.1911,54.637,113.930,-0.30000,-23.636,145.38
0.14350,-4896.11,-2796.68,-0.8522,-27.3220,54.602,114.310,-0.30000,-23.209,146.43
0.14400,-4911.44,-2848.27,-0.8659,-27.5082,54.570,114.686,-0.30000,-22.786,147.46
0.14450,-4925.55,-2898.69,-0.8797,-27.7428,54.541,115.058,-0.30000,-22.367,148.48
0.14500,-4938.44,-2947.76,-0.8936,-28.0177,54.516,115.425,-0.30000,-21.954,149.47
0.14550,-4950.12,-2995.35,-0.9077,-28.3237,54.496,115.788,-0.30000,-21.549,150.45
0.14600,-4960.57,-3041.37,-0.9220,-28.6509,54.480,116.145,-0.30000,-21.151,151.41
0.14650,-4969.80,-3085.75,-0.9364,-28.9887,54.470,116.497,-0.30000,-20.762,152.35
0.14700,-4977.81,-3128.48,-0.9510,-29.3263,54.464,116.844,-0.30000,-20.381,153.28
0.14750,-4984.59,-3169.59,-0.9657,-29.6531,54.463,117.185,-0.30000,-20.008,154.18
0.14800,-4990.13,-3209.17,-0.9806,-29.9587,54.467,117.521,-0.30000,-19.641,155.07
0.14850,-4994.45,-3247.32,-0.9957,-30.2334,54.475,117.853,-0.30000,-19.281,155.95
0.14900,-4997.53,-3284.19,-1.0108,-30.4685,54.487,118.180,-0.30000,-18.924,156.80
0.14950,-4999.38,-3319.97,-1.0261,-30.6563,54.502,118.503,-0.30000,-18.568,157.64
0.15000,-5000.00,-3354.86,-1.0415,-30.7907,54.520,118.823,-0.30000,-18.213,158.47
0.15050,-4999.38,-3389.11,-1.0569,-30.8667,54.539,119.141,-0.30000,-17.853,159.27
0.15100,-4997.53,-3422.95,-1.0723,-30.8813,54.559,119.456,-0.30000,-17.488,160.06
0.15150,-4994.45,-3456.64,-1.0878,-30.8330,54.578,119.769,-0.30000,-17.114,160.83
0.15200,-4990.13,-3490.43,-1.1032,-30.7223,54.597,120.082,-0.30000,-16.727,161.58
0.15250,-4984.59,-3524.58,-1.1185,-30.5512,54.614,120.395,-0.30000,-16.325,162.31
0.15300,-4977.81,-3559.32,-1.1337,-30.3234,54.628,120.708,-0.30000,-15.906,163.02
0.15350,-4969.80,-3594.86,-1.1488,-30.0442,54.639,121.023,-0.30000,-15.465,163.70
0.15400,-4960.57,-3631.40,-1.1637,-29.7203,54.646,121.338,-0.30000,-15.000,164.37
0.15450,-4950.12,-3669.09,-1.1785,-29.3595,54.648,121.656,-0.30000,-14.509,165.01
0.15500,-4938.44,-3708.06,-1.1931,-28.9707,54.645,121.976,-0.30000,-13.990,165.62
0.15550,-4925.55,-3748.39,-1.2075,-28.5635,54.637,122.299,-0.30000,-13.441,166.21
0.15600,-4911.44,-3790.14,-1.2217,-28.1478,54.624,122.624,-0.30000,-12.860,166.77
0.15650,-4896.11,-3833.30,-1.2356,-27.7340,54.604,122.952,-0.30000,-12.247,167.30
0.15700,-4879.58,-3877.85,-1.2494,-27.3320,54.580,123.282,-0.30000,-11.601,167.81
0.15750,-4861.85,-3923.69,-1.2630,-26.9517,54.550,123.615,-0.30000,-10.922,168.27
0.15800,-4842.92,-3970.73,-1.2764,-26.6021,54.516,123.949,-0.30000,-10.209,168.71
0.15850,-4822.79,-4018.82,-1.2896,-26.2912,54.477,124.286,-0.30000,-9.464,169.11
0.15900,-4801.47,-4067.76,-1.3027,-26.0263,54.435,124.623,-0.30000,-8.688,169.48
0.15950,-4778.97,-4117.37,-1.3156,-25.8130,54.390,124.961,-0.30000,-7.882,169.81
0.16000,-4755.28,-4167.42,-1.3285,-25.6555,54.343,125.300,-0.30000,-7.047,170.10
0.16050,-4730.43,-4217.67,-1.3413,-25.5567,54.294,125.637,-0.30000,-6.186,170.36
0.16100,-4704.40,-4267.88,-1.3540,-25.5175,54.245,125.974,-0.30000,-5.301,170.58
0.16150,-4677.22,-4317.82,-1.3668,-25.5374,54.196,126.309,-0.30000,-4.394,170.76
0.16200,-4648.88,-4367.25,-1.3796,-25.6141,54.149,126.642,-0.30000,-3.467,170.90
0.16250,-4619.40,-4415.94,-1.3924,-25.7439,54.103,126.971,-0.30000,-2.522,171.00
0.16300,-4588.77,-4463.69,-1.4053,-25.9216,54.060,127.297,-0.30000,-1.561,171.06
0.16350,-4557.02,-4510.34,-1.4184,-26.1406,54.020,127.620,-0.30000,-0.587,171.09
0.16400,-4524.14,-4555.74,-1.4315,-26.3934,53.984,127.938,0.30000,0.400,171.10
0.16450,-4490.14,-4545.48,-1.4447,-26.5784,54.097,128.041,0.30000,0.706,171.13
0.16500,-4455.03,-4447.90,-1.4580,-26.2810,54.445,127.807,-0.30000,-0.092,171.13
0.16550,-4418.83,-4344.86,-1.4709,-25.2349,54.804,127.548,-0.30000,-0.959,171.17
0.16600,-4381.53,-4290.14,-1.4831,-23.6119,55.030,127.468,-0.30000,-1.195,171.22
0.16650,-4343.16,-4273.72,-1.4944,-21.6406,55.147,127.526,-0.30000,-0.916,171.25
0.16700,-4303.71,-4287.75,-1.5047,-19.5074,55.176,127.691,-0.30000,-0.212,171.26
0.16750,-4263.20,-4326.20,-1.5140,-17.3653,55.132,127.938,0.30000,0.847,171.29
0.16800,-4221.64,-4329.61,-1.5221,-15.2472,55.176,128.040,0.30000,1.465,171.35
0.16850,-4179.04,-4266.96,-1.5292,-12.8538,55.391,127.876,0.30000,1.205,171.39
0.16900,-4135.40,-4164.53,-1.5349,-9.9795,55.714,127.561,0.30000,0.404,171.40
0.16950,-4090.75,-4014.20,-1.5390,-6.4486,56.171,127.069,-0.30000,-1.072,171.44
0.17000,-4045.08,-3917.27,-1.5412,-2.4188,56.463,126.749,-0.30000,-1.810,171.51
0.17050,-3998.42,-3905.49,-1.5415,1.2668,56.499,126.711,-0.30000,-1.331,171.55
0.17100,-3950.78,-3949.50,-1.5401,4.2608,56.375,126.870,-0.30000,-0.018,171.55
0.17150,-3902.15,-4038.90,-1.5374,6.5862,56.120,127.190,0.30000,2.007,171.62
0.17200,-3852.57,-4105.86,-1.5336,8.3114,55.919,127.414,0.30000,3.762,171.75
0.17250,-3802.03,-4120.79,-1.5291,9.7434,55.855,127.432,0.30000,4.792,171.91
0.17300,-3750.56,-4081.67,-1.5239,11.1266,55.947,127.259,0.30000,5.045,172.07
0.17350,-3698.16,-3994.94,-1.5179,12.7329,56.175,126.916,0.30000,4.588,172.22
0.17400,-3644.84,-3877.35,-1.5111,14.7490,56.490,126.461,0.30000,3.650,172.34
0.17450,-3590.63,-3741.89,-1.5031,17.2831,56.853,125.937,0.30000,2.412,172.41
0.17500,-3535.53,-3598.68,-1.4937,20.3811,57.233,125.377,0.30000,1.023,172.44
0.17550,-3479.56,-3455.70,-1.4826,24.0384,57.606,124.807,-0.30000,-0.393,172.46
0.17600,-3422.74,-3399.54,-1.4696,28.0723,57.715,124.522,-0.30000,-0.388,172.47
0.17650,-3365.06,-3478.30,-1.4546,31.8080,57.420,124.686,0.30000,1.927,172.52
0.17700,-3306.56,-3577.85,-1.4379,34.7932,57.057,124.911,0.30000,4.690,172.66
0.17750,-3247.24,-3624.83,-1.4199,37.1480,56.844,124.946,0.30000,6.633,172.85
0.17800,-3187.12,-3632.34,-1.4008,39.0910,56.741,124.839,0.30000,7.952,173.07
0.17850,-3126.21,-3612.74,-1.3809,40.7729,56.716,124.632,0.30000,8.846,173.32
0.17900,-3064.54,-3575.07,-1.3601,42.2931,56.740,124.358,0.30000,9.458,173.57
0.17950,-3002.10,-3525.87,-1.3386,43.7134,56.795,124.041,0.30000,9.897,173.83
0.18000,-2938.93,-3469.88,-1.3164,45.0685,56.868,123.695,0.30000,10.241,174.10
0.18050,-2875.03,-3410.50,-1.2935,46.3732,56.948,123.335,0.30000,10.550,174.37
0.18100,-2810.42,-3350.12,-1.2700,47.6284,57.029,122.967,0.30000,10.870,174.64
0.18150,-2745.11,-3290.36,-1.2459,48.8256,57.106,122.597,0.30000,11.234,174.91
0.18200,-2679.13,-3232.29,-1.2212,49.9497,57.177,122.230,0.30000,11.666,175.18
0.18250,-2612.49,-3176.51,-1.1960,50.9825,57.238,121.868,0.30000,12.183,175.47
0.18300,-2545.21,-3123.28,-1.1702,51.9040,57.291,121.512,0.30000,12.796,175.76
0.18350,-2477.29,-3072.58,-1.1441,52.6949,57.334,121.162,0.30000,13.512,176.05
0.18400,-2408.77,-3024.18,-1.1176,53.3371,57.370,120.819,0.30000,14.332,176.36
0.18450,-2339.65,-2977.68,-1.0908,53.8157,57.400,120.480,0.30000,15.254,176.68
0.18500,-2269.95,-2932.58,-1.0638,54.1189,57.425,120.146,0.30000,16.273,177.01
0.18550,-2199.70,-2888.25,-1.0367,54.2394,57.448,119.815,0.30000,17.381,177.36
0.18600,-2128.90,-2844.04,-1.0096,54.1742,57.470,119.484,0.30000,18.568,177.71
0.18650,-2057.57,-2799.27,-0.9825,53.9252,57.495,119.153,0.30000,19.823,178.08
0.18700,-1985.74,-2753.25,-0.9557,53.4991,57.525,118.819,0.30000,21.132,178.47
0.18750,-1913.42,-2705.32,-0.9291,52.9072,57.562,118.481,0.30000,22.483,178.86
0.18800,-1840.62,-2654.89,-0.9028,52.1652,57.608,118.138,0.30000,23.864,179.27
0.18850,-1767.37,-2601.39,-0.8769,51.2929,57.665,117.787,0.30000,25.262,179.69
0.18900,-1693.69,-2544.39,-0.8515,50.3135,57.735,117.428,0.30000,26.669,180.11
0.18950,-1619.59,-2483.51,-0.8266,49.2529,57.819,117.060,0.30000,28.077,180.55
0.19000,-1545.08,-2418.52,-0.8023,48.1391,57.917,116.682,0.30000,29.480,180.98
0.19050,-1470.20,-2349.28,-0.7785,47.0015,58.030,116.295,0.30000,30.876,181.42
0.19100,-1394.96,-2275.77,-0.7553,45.8701,58.159,115.897,0.30000,32.269,181.86
0.19150,-1319.37,-2198.10,-0.7326,44.7743,58.303,115.489,0.30000,33.665,182.30
0.19200,-1243.45,-2116.49,-0.7105,43.7425,58.461,115.072,0.30000,35.073,182.74
0.19250,-1167.23,-2031.28,-0.6889,42.8014,58.632,114.647,0.30000,36.511,183.17
0.19300,-1090.72,-1942.89,-0.6677,41.9746,58.814,114.214,0.30000,38.000,183.60
0.19350,-1013.94,-1851.86,-0.6469,41.2829,59.006,113.776,0.30000,39.570,184.01
0.19400,-936.91,-1758.77,-0.6264,40.7430,59.206,113.333,0.30000,41.257,184.43
0.19450,-859.65,-1664.27,-0.6061,40.3674,59.411,112.888,0.30000,43.106,184.83
0.19500,-782.17,-1569.06,-0.5860,40.1638,59.620,112.441,0.30000,45.172,185.22
0.19550,-704.51,-1473.84,-0.5659,40.1355,59.829,111.996,0.30000,47.519,185.61
0.19600,-626.67,-1379.33,-0.5458,40.2806,60.036,111.554,0.30000,50.219,185.98
0.19650,-548.67,-1286.20,-0.5256,40.5925,60.239,111.116,0.30000,53.353,186.35
0.19700,-470.54,-1195.12,-0.5052,41.0600,60.435,110.684,0.30000,57.000,186.71
0.19750,-392.30,-1106.66,-0.4845,41.6678,60.623,110.261,0.30000,61.227,187.07
0.19800,-313.95,-1021.36,-0.4635,42.3966,60.801,109.846,0.30000,66.068,187.42
0.19850,-235.53,-939.63,-0.4421,43.2240,60.967,109.441,0.30000,71.504,187.78
0.19900,-157.05,-861.82,-0.4203,44.1247,61.120,109.048,0.30000,77.437,188.13
0.19950,-78.54,-788.16,-0.3980,45.0719,61.259,108.666,0.30000,83.685,188.48
0.20000,-0.00,-718.74,-0.3752,46.0373,61.384,108.296,0.30000,0.000,188.84
0.20050,78.54,-653.58,-0.3519,46.9924,61.495,107.938,0.30000,83.877,189.21
0.20100,157.05,-592.55,-0.3282,47.9091,61.592,107.592,0.30000,78.167,189.58
0.20150,235.53,-535.42,-0.3040,48.7605,61.677,107.256,0.30000,73.012,189.97
0.20200,313.95,-481.87,-0.2795,49.5215,61.749,106.931,0.30000,68.471,190.37
0.20250,392.30,-431.46,-0.2545,50.1699,61.811,106.615,0.30000,64.535,190.78
0.20300,470.54,-383.68,-0.2293,50.6865,61.865,106.306,0.30000,61.152,191.21
0.20350,548.67,-337.95,-0.2039,51.0558,61.912,106.003,0.30000,58.249,191.65
0.20400,626.67,-293.65,-0.1783,51.2667,61.955,105.705,0.30000,55.748,192.11
0.20450,704.51,-250.11,-0.1526,51.3123,61.995,105.409,0.30000,53.573,192.59
0.20500,782.17,-206.65,-0.1270,51.1904,62.036,105.115,0.30000,51.656,193.08
0.20550,859.65,-162.60,-0.1015,50.9035,62.079,104.820,0.30000,49.938,193.59
0.20600,936.91,-117.30,-0.0761,50.4586,62.127,104.522,0.30000,48.372,194.12
0.20650,1013.94,-70.15,-0.0510,49.8670,62.182,104.221,0.30000,46.915,194.66
0.20700,1090.72,-20.57,-0.0263,49.1441,62.245,103.913,0.30000,45.535,195.22
0.20750,1167.23,31.90,-0.0019,48.3088,62.319,103.600,0.30000,44.206,195.79
0.20800,1243.45,87.67,0.0220,47.3830,62.405,103.278,0.30000,42.907,196.36
0.20850,1319.37,147.04,0.0455,46.3910,62.504,102.948,0.30000,41.623,196.95
0.20900,1394.96,210.21,0.0684,45.3590,62.617,102.609,0.30000,40.341,197.54
0.20950,1470.20,277.28,0.0908,44.3139,62.743,102.261,0.30000,39.056,198.14
0.21000,1545.08,348.21,0.1127,43.2831,62.883,101.904,0.30000,37.763,198.74
0.21050,1619.59,422.89,0.1341,42.2932,63.037,101.538,0.30000,36.460,199.33
0.21100,1693.69,501.07,0.1550,41.3698,63.204,101.164,0.30000,35.151,199.93
0.21150,1767.37,582.43,0.1755,40.5365,63.381,100.782,0.30000,33.840,200.52
0.21200,1840.62,666.54,0.1956,39.8140,63.569,100.394,0.30000,32.533,201.11
0.21250,1913.42,752.90,0.2153,39.2202,63.765,100.002,0.30000,31.237,201.69
0.21300,1985.74,840.95,0.2348,38.7693,63.968,99.605,0.30000,29.964,202.26
0.21350,2057.57,930.08,0.2541,38.4712,64.175,99.207,0.30000,28.722,202.83
0.21400,2128.90,1019.65,0.2733,38.3319,64.384,98.809,0.30000,27.521,203.38
0.21450,2199.70,1109.02,0.2925,38.3527,64.593,98.412,0.30000,26.374,203.93
0.21500,2269.95,1197.54,0.3117,38.5307,64.799,98.019,0.30000,25.288,204.46
0.21550,2339.65,1284.60,0.3310,38.8583,65.001,97.630,0.30000,24.273,204.99
0.21600,2408.77,1369.60,0.3506,39.3242,65.196,97.247,0.30000,23.336,205.51
0.21650,2477.29,1452.04,0.3704,39.9131,65.383,96.872,0.30000,22.483,206.02
0.21700,2545.21,1531.46,0.3905,40.6065,65.561,96.505,0.30000,21.717,206.53
0.21750,2612.49,1607.50,0.4110,41.3829,65.727,96.149,0.30000,21.041,207.03
0.21800,2679.13,1679.87,0.4319,42.2188,65.881,95.802,0.30000,20.454,207.53
0.21850,2745.11,1748.42,0.4532,43.0892,66.022,95.466,0.30000,19.955,208.03
0.21900,2810.42,1813.06,0.4750,43.9680,66.150,95.141,0.30000,19.539,208.53
0.21950,2875.03,1873.83,0.4972,44.8292,66.266,94.827,0.30000,19.200,209.03
0.22000,2938.93,1930.88,0.5198,45.6475,66.369,94.524,0.30000,18.932,209.53
0.22050,3002.10,1984.44,0.5428,46.3987,66.460,94.230,0.30000,18.726,210.04
0.22100,3064.54,2034.85,0.5662,47.0606,66.541,93.945,0.30000,18.572,210.56
0.22150,3126.21,2082.52,0.5899,47.6138,66.613,93.668,0.30000,18.462,211.08
0.22200,3187.12,2127.95,0.6138,48.0417,66.678,93.398,0.30000,18.383,211.61
0.22250,3247.24,2171.67,0.6379,48.3315,66.738,93.132,0.30000,18.326,212.15
0.22300,3306.56,2214.27,0.6621,48.4742,66.794,92.870,0.30000,18.280,212.69
0.22350,3365.06,2256.38,0.6863,48.4648,66.848,92.611,0.30000,18.236,213.25
0.22400,3422.74,2298.59,0.7105,48.3026,66.904,92.351,0.30000,18.182,213.81
0.22450,3479.56,2341.54,0.7346,47.9913,66.962,92.091,0.30000,18.111,214.38
0.22500,3535.53,2385.80,0.7585,47.5385,67.026,91.828,0.30000,18.014,214.95
0.22550,3590.63,2431.93,0.7821,46.9558,67.096,91.561,0.30000,17.885,215.53
0.22600,3644.84,2480.40,0.8054,46.2583,67.175,91.288,0.30000,17.718,216.11
0.22650,3698.16,2531.64,0.8284,45.4641,67.264,91.009,0.30000,17.507,216.70
0.22700,3750.56,2585.98,0.8509,44.5941,67.364,90.723,0.30000,17.250,217.28
0.22750,3802.03,2643.68,0.8730,43.6710,67.476,90.429,0.30000,16.944,217.86
0.22800,3852.57,2704.88,0.8946,42.7190,67.600,90.126,0.30000,16.589,218.43
0.22850,3902.15,2769.64,0.9157,41.7630,67.737,89.815,0.30000,16.184,219.00
0.22900,3950.78,2837.90,0.9363,40.8277,67.887,89.496,0.30000,15.732,219.56
0.22950,3998.42,2909.51,0.9565,39.9373,68.049,89.169,0.30000,15.234,220.10
0.23000,4045.08,2984.23,0.9763,39.1146,68.222,88.835,0.30000,14.695,220.63
0.23050,4090.75,3061.73,0.9957,38.3803,68.405,88.494,0.30000,14.120,221.15
0.23100,4135.40,3141.60,1.0147,37.7528,68.597,88.148,0.30000,13.513,221.64
0.23150,4179.04,3223.36,1.0334,37.2472,68.796,87.798,0.30000,12.881,222.12
0.23200,4221.64,3306.49,1.0519,36.8752,69.000,87.446,0.30000,12.231,222.58
0.23250,4263.20,3390.42,1.0703,36.6450,69.207,87.092,0.30000,11.570,223.01
0.23300,4303.71,3474.56,1.0886,36.5604,69.416,86.739,0.30000,10.905,223.43
0.23350,4343.16,3558.32,1.1069,36.6217,69.624,86.387,0.30000,10.243,223.82
0.23400,4381.53,3641.12,1.1253,36.8246,69.829,86.039,0.30000,9.591,224.19
0.23450,4418.83,3722.41,1.1438,37.1612,70.029,85.695,0.30000,8.956,224.54
0.23500,4455.03,3801.66,1.1624,37.6200,70.223,85.358,0.30000,8.343,224.87
0.23550,4490.14,3878.43,1.1814,38.1861,70.409,85.027,0.30000,7.758,225.17
0.23600,4524.14,3952.32,1.2006,38.8416,70.585,84.705,0.30000,7.203,225.46
0.23650,4557.02,4023.04,1.2202,39.5664,70.751,84.392,0.30000,6.683,225.72
0.23700,4588.77,4090.35,1.2402,40.3383,70.905,84.089,0.30000,6.199,225.97
0.23750,4619.40,4154.12,1.2606,41.1343,71.048,83.796,0.30000,5.752,226.21
0.23800,4648.88,4214.33,1.2814,41.9305,71.179,83.512,0.30000,5.340,226.42
0.23850,4677.22,4271.04,1.3025,42.7034,71.298,83.238,0.30000,4.963,226.63
0.23900,4704.40,4324.40,1.3241,43.4299,71.406,82.974,0.30000,4.618,226.82
0.23950,4730.43,4374.67,1.3459,44.0887,71.504,82.719,0.30000,4.301,226.99
0.24000,4755.28,4422.17,1.3681,44.6602,71.593,82.471,0.30000,4.007,227.16
0.24050,4778.97,4467.30,1.3906,45.1275,71.674,82.230,0.30000,3.731,227.32
0.24100,4801.47,4510.53,1.4132,45.4764,71.749,81.994,0.30000,3.468,227.46
0.24150,4822.79,4552.37,1.4360,45.6964,71.820,81.763,0.30000,3.209,227.60
0.24200,4842.92,4593.36,1.4589,45.7803,71.888,81.535,0.30000,2.950,227.72
0.24250,4861.85,4634.06,1.4818,45.7250,71.955,81.308,0.30000,2.682,227.84
0.24300,4879.58,4675.05,1.5046,45.5310,72.024,81.081,0.30000,2.400,227.94
0.24350,4896.11,4716.87,1.5273,45.2028,72.096,80.853,0.30000,2.097,228.03
0.24400,4911.44,4760.04,1.5498,44.7485,72.173,80.621,0.30000,1.766,228.10
0.24450,4925.55,4805.06,1.5720,44.1797,72.257,80.386,0.30000,1.401,228.16
0.24500,4938.44,4852.34,1.5940,43.5111,72.349,80.145,0.30000,0.999,228.21
0.24550,4950.12,4902.25,1.6155,42.7602,72.450,79.899,0.30000,0.554,228.23
0.24600,4960.57,4955.07,1.6367,41.9465,72.562,79.645,0.30000,0.064,228.23
0.24650,4969.80,5010.99,1.6575,41.0912,72.685,79.384,-0.30000,-0.475,228.25
0.24700,4977.81,4998.98,1.6778,40.0949,72.596,79.336,-0.30000,-0.244,228.27
0.24750,4984.59,4877.65,1.6974,38.4487,72.166,79.629,0.30000,1.229,228.32
0.24800,4990.13,4754.20,1.7161,35.8386,71.731,79.933,0.30000,2.707,228.44
0.24850,4994.45,4698.85,1.7332,32.5232,71.514,80.033,0.30000,3.387,228.58
0.24900,4997.53,4698.16,1.7485,28.8344,71.473,79.970,0.30000,3.428,228.73
0.24950,4999.38,4741.51,1.7620,25.0456,71.575,79.779,0.30000,2.953,228.86
0.25000,5000.00,4820.47,1.7736,21.3836,71.794,79.486,0.30000,2.056,228.95
0.25050,4999.38,4928.09,1.7834,18.0359,72.107,79.112,0.30000,0.817,228.99
0.25100,4997.53,5058.45,1.7917,15.1567,72.497,78.674,-0.30000,-0.698,229.02
0.25150,4994.45,5135.26,1.7987,12.7483,72.721,78.408,-0.30000,-1.615,229.09
0.25200,4990.13,5114.94,1.8045,10.3801,72.642,78.446,-0.30000,-1.433,229.15
0.25250,4984.59,5056.27,1.8090,7.7652,72.460,78.632,-0.30000,-0.824,229.19
0.25300,4977.81,4957.18,1.8122,4.7972,72.186,79.000,0.30000,0.237,229.20
0.25350,4969.80,4899.87,1.8138,1.6406,72.029,79.217,0.30000,0.806,229.23
0.25400,4960.57,4912.47,1.8139,-1.1032,72.068,79.177,0.30000,0.556,229.26
0.25450,4950.12,4989.78,1.8128,-3.1624,72.314,78.941,-0.30000,-0.459,229.28
0.25500,4938.44,5046.95,1.8108,-4.5547,72.498,78.772,-0.30000,-1.259,229.33
0.25550,4925.55,5054.32,1.8083,-5.6497,72.536,78.774,-0.30000,-1.498,229.40
0.25600,4911.44,5013.97,1.8052,-6.7105,72.457,78.978,-0.30000,-1.196,229.45
0.25650,4896.11,4938.52,1.8015,-7.9604,72.293,79.334,-0.30000,-0.496,229.47
0.25700,4879.58,4840.54,1.7972,-9.5439,72.077,79.790,0.30000,0.458,229.49
0.25750,4861.85,4795.98,1.7919,-11.4351,72.003,80.038,0.30000,0.776,229.52
0.25800,4842.92,4840.62,1.7858,-13.1926,72.163,79.933,0.30000,0.027,229.52
0.25850,4822.79,4941.79,1.7788,-14.4857,72.497,79.647,-0.30000,-1.413,229.58
0.25900,4801.47,5029.07,1.7714,-15.1368,72.789,79.407,-0.30000,-2.714,229.69
0.25950,4778.97,5069.44,1.7637,-15.3616,72.949,79.336,-0.30000,-3.478,229.84
0.26000,4755.28,5058.29,1.7560,-15.4036,72.977,79.476,-0.30000,-3.646,229.99
0.26050,4730.43,5009.81,1.7483,-15.4843,72.911,79.769,-0.30000,-3.380,230.13
0.26100,4704.40,4935.31,1.7405,-15.7598,72.778,80.170,-0.30000,-2.810,230.25
0.26150,4677.22,4843.58,1.7325,-16.3345,72.604,80.643,-0.30000,-2.037,230.33
0.26200,4648.88,4741.56,1.7241,-17.2714,72.406,81.163,-0.30000,-1.142,230.38
0.26250,4619.40,4634.76,1.7152,-18.6001,72.199,81.709,-0.30000,-0.191,230.38
0.26300,4588.77,4527.64,1.7055,-20.3225,71.997,82.265,0.30000,0.763,230.41
0.26350,4557.02,4489.55,1.6948,-22.3051,71.978,82.551,0.30000,0.848,230.45
0.26400,4524.14,4560.02,1.6832,-24.0177,72.243,82.405,-0.30000,-0.454,230.47
0.26450,4490.14,4643.62,1.6709,-25.1079,72.547,82.215,-0.30000,-1.958,230.54
0.26500,4455.03,4678.64,1.6582,-25.7149,72.729,82.227,-0.30000,-2.873,230.65
0.26550,4418.83,4676.93,1.6452,-26.0501,72.819,82.390,-0.30000,-3.343,230.78
0.26600,4381.53,4648.76,1.6322,-26.2680,72.842,82.663,-0.30000,-3.490,230.92
0.26650,4343.16,4601.83,1.6190,-26.4790,72.817,83.013,-0.30000,-3.408,231.05
0.26700,4303.71,4541.97,1.6057,-26.7602,72.760,83.417,-0.30000,-3.169,231.17
0.26750,4263.20,4473.67,1.5922,-27.1622,72.682,83.856,-0.30000,-2.826,231.27
0.26800,4221.64,4400.40,1.5785,-27.7148,72.593,84.318,-0.30000,-2.425,231.36
0.26850,4179.04,4324.90,1.5644,-28.4314,72.500,84.792,-0.30000,-1.999,231.43
0.26900,4135.40,4249.33,1.5500,-29.3120,72.409,85.271,-0.30000,-1.578,231.49
0.26950,4090.75,4175.39,1.5351,-30.3456,72.326,85.748,-0.30000,-1.185,231.53
0.27000,4045.08,4104.41,1.5196,-31.5126,72.254,86.219,-0.30000,-0.840,231.56
0.27050,3998.42,4037.41,1.5036,-32.7867,72.196,86.681,-0.30000,-0.559,231.58
0.27100,3950.78,3975.14,1.4869,-34.1363,72.154,87.131,-0.30000,-0.353,231.59
0.27150,3902.15,3918.07,1.4694,-35.5262,72.131,87.567,-0.30000,-0.234,231.60
0.27200,3852.57,3866.47,1.4513,-36.9194,72.126,87.989,-0.30000,-0.207,231.61
0.27250,3802.03,3820.39,1.4325,-38.2779,72.139,88.395,-0.30000,-0.277,231.62
0.27300,3750.56,3779.69,1.4131,-39.5641,72.171,88.787,-0.30000,-0.445,231.63
0.27350,3698.16,3744.04,1.3930,-40.7426,72.219,89.165,-0.30000,-0.711,231.66
0.27400,3644.84,3712.97,1.3723,-41.7804,72.283,89.531,-0.30000,-1.071,231.69
0.27450,3590.63,3685.86,1.3512,-42.6488,72.360,89.885,-0.30000,-1.519,231.74
0.27500,3535.53,3661.99,1.3297,-43.3233,72.448,90.229,-0.30000,-2.048,231.80
0.27550,3479.56,3640.53,1.3079,-43.7852,72.543,90.567,-0.30000,-2.649,231.88
0.27600,3422.74,3620.58,1.2860,-44.0215,72.643,90.899,-0.30000,-3.308,231.98
0.27650,3365.06,3601.23,1.2640,-44.0254,72.744,91.229,-0.30000,-4.015,232.10
0.27700,3306.56,3581.54,1.2420,-43.7966,72.843,91.559,-0.30000,-4.754,232.24
0.27750,3247.24,3560.58,1.2202,-43.3413,72.937,91.891,-0.30000,-5.512,232.39
0.27800,3187.12,3537.46,1.1987,-42.6717,73.024,92.227,-0.30000,-6.273,232.57
0.27850,3126.21,3511.37,1.1776,-41.8061,73.099,92.570,-0.30000,-7.024,232.76
0.27900,3064.54,3481.57,1.1569,-40.7679,73.161,92.922,-0.30000,-7.750,232.97
0.27950,3002.10,3447.45,1.1368,-39.5853,73.207,93.283,-0.30000,-8.438,233.19
0.28000,2938.93,3408.50,1.1173,-38.2902,73.236,93.656,-0.30000,-9.078,233.43
0.28050,2875.03,3364.37,1.0985,-36.9176,73.247,94.042,-0.30000,-9.659,233.67
0.28100,2810.42,3314.84,1.0804,-35.5043,73.238,94.440,-0.30000,-10.175,233.92
0.28150,2745.11,3259.85,1.0630,-34.0882,73.210,94.851,-0.30000,-10.620,234.18
0.28200,2679.13,3199.50,1.0463,-32.7068,73.162,95.275,-0.30000,-10.992,234.44
0.28250,2612.49,3134.03,1.0303,-31.3969,73.097,95.711,-0.30000,-11.290,234.70
0.28300,2545.21,3063.83,1.0149,-30.1927,73.014,96.158,-0.30000,-11.517,234.96
0.28350,2477.29,2989.41,1.0001,-29.1255,72.916,96.615,-0.30000,-11.680,235.22
0.28400,2408.77,2911.40,0.9858,-28.2225,72.805,97.080,-0.30000,-11.787,235.47
0.28450,2339.65,2830.55,0.9718,-27.5065,72.683,97.551,-0.30000,-11.850,235.71
0.28500,2269.95,2747.65,0.9582,-26.9947,72.554,98.026,-0.30000,-11.884,235.95
0.28550,2199.70,2663.58,0.9448,-26.6987,72.420,98.503,-0.30000,-11.908,236.18
0.28600,2128.90,2579.22,0.9315,-26.6241,72.284,98.980,-0.30000,-11.944,236.41
0.28650,2057.57,2495.47,0.9182,-26.7703,72.150,99.454,-0.30000,-12.015,236.63
0.28700,1985.74,2413.22,0.9047,-27.1305,72.020,99.923,-0.30000,-12.149,236.84
0.28750,1913.42,2333.30,0.8910,-27.6921,71.898,100.385,-0.30000,-12.377,237.05
0.28800,1840.62,2256.48,0.8770,-28.4371,71.785,100.838,-0.30000,-12.731,237.26
0.28850,1767.37,2183.44,0.8625,-29.3424,71.685,101.279,-0.30000,-13.247,237.47
0.28900,1693.69,2114.76,0.8476,-30.3806,71.599,101.709,-0.30000,-13.961,237.68
0.28950,1619.59,2050.89,0.8321,-31.5208,71.529,102.125,-0.30000,-14.912,237.89
0.29000,1545.08,1992.15,0.8161,-32.7294,71.476,102.526,-0.30000,-16.137,238.12
0.29050,1470.20,1938.72,0.7994,-33.9712,71.441,102.913,-0.30000,-17.676,238.35
0.29100,1394.96,1890.63,0.7821,-35.2100,71.424,103.284,-0.30000,-19.562,238.60
0.29150,1319.37,1847.78,0.7642,-36.4103,71.424,103.642,-0.30000,-21.827,238.86
0.29200,1243.45,1809.91,0.7457,-37.5374,71.440,103.985,-0.30000,-24.492,239.15
0.29250,1167.23,1776.63,0.7267,-38.5591,71.472,104.315,-0.30000,-27.569,239.45
0.29300,1090.72,1747.43,0.7072,-39.4462,71.517,104.634,-0.30000,-31.052,239.78
0.29350,1013.94,1721.70,0.6872,-40.1735,71.574,104.943,-0.30000,-34.916,240.13
0.29400,936.91,1698.71,0.6670,-40.7201,71.639,105.243,-0.30000,-39.115,240.51
0.29450,859.65,1677.70,0.6466,-41.0704,71.711,105.538,-0.30000,-43.580,240.92
0.29500,782.17,1657.83,0.6260,-41.2143,71.786,105.828,-0.30000,-48.227,241.36
0.29550,704.51,1638.25,0.6054,-41.1474,71.861,106.117,-0.30000,-52.966,241.83
0.29600,626.67,1618.11,0.5849,-40.8712,71.934,106.406,-0.30000,-57.704,242.32
0.29650,548.67,1596.58,0.5645,-40.3930,72.002,106.698,-0.30000,-62.364,242.85
0.29700,470.54,1572.88,0.5445,-39.7256,72.061,106.995,-0.30000,-66.884,243.40
0.29750,392.30,1546.27,0.5248,-38.8871,72.110,107.298,-0.30000,-71.224,243.98
0.29800,313.95,1516.13,0.5056,-37.8999,72.146,107.609,-0.30000,-75.364,244.58
0.29850,235.53,1481.92,0.4870,-36.7909,72.167,107.930,-0.30000,-79.299,245.20
0.29900,157.05,1443.24,0.4689,-35.5897,72.173,108.261,-0.30000,-83.038,245.84
0.29950,78.54,1399.80,0.4514,-34.3288,72.161,108.603,-0.30000,-86.598,246.50
0.30000,0.00,1351.46,0.4345,-33.0417,72.132,108.958,-0.30000,0.000,247.18
0.30050,-78.54,1298.19,0.4183,-31.7628,72.085,109.323,-0.30000,-86.735,247.87
0.30100,-157.05,1240.13,0.4028,-30.5260,72.021,109.701,-0.30000,-83.586,248.57
0.30150,-235.53,1177.54,0.3878,-29.3637,71.941,110.089,-0.30000,-80.537,249.27
0.30200,-313.95,1110.81,0.3734,-28.3063,71.846,110.486,-0.30000,-77.573,249.99
0.30250,-392.30,1040.44,0.3595,-27.3811,71.737,110.892,-0.30000,-74.687,250.70
0.30300,-470.54,967.03,0.3460,-26.6113,71.618,111.305,-0.30000,-71.876,251.42
0.30350,-548.67,891.28,0.3328,-26.0161,71.490,111.723,-0.30000,-69.141,252.14
0.30400,-626.67,813.93,0.3199,-25.6095,71.356,112.143,-0.30000,-66.491,252.86
0.30450,-704.51,735.77,0.3072,-25.4003,71.218,112.565,-0.30000,-63.935,253.58
0.30500,-782.17,657.62,0.2945,-25.3917,71.080,112.986,-0.30000,-61.487,254.30
0.30550,-859.65,580.28,0.2818,-25.5815,70.943,113.403,-0.30000,-59.163,255.02
0.30600,-936.91,504.55,0.2689,-25.9618,70.812,113.815,-0.30000,-56.977,255.74
0.30650,-1013.94,431.16,0.2558,-26.5198,70.688,114.221,-0.30000,-54.945,256.46
0.30700,-1090.72,360.78,0.2423,-27.2374,70.574,114.617,-0.30000,-53.077,257.19
0.30750,-1167.23,293.99,0.2285,-28.0927,70.472,115.003,-0.30000,-51.382,257.92
0.30800,-1243.45,231.30,0.2142,-29.0596,70.383,115.377,-0.30000,-49.864,258.66
0.30850,-1319.37,173.07,0.1994,-30.1095,70.309,115.739,-0.30000,-48.522,259.40
0.30900,-1394.96,119.55,0.1841,-31.2114,70.250,116.088,-0.30000,-47.353,260.16
0.30950,-1470.20,70.86,0.1682,-32.3330,70.208,116.423,-0.30000,-46.348,260.93
0.31000,-1545.08,26.99,0.1518,-33.4419,70.182,116.744,-0.30000,-45.496,261.72
0.31050,-1619.59,-12.21,0.1348,-34.5059,70.171,117.053,-0.30000,-44.783,262.52
0.31100,-1693.69,-46.99,0.1173,-35.4944,70.175,117.349,-0.30000,-44.194,263.35
0.31150,-1767.37,-77.75,0.0993,-36.3790,70.192,117.634,-0.30000,-43.712,264.19
0.31200,-1840.62,-104.99,0.0809,-37.1345,70.220,117.909,-0.30000,-43.318,265.06
0.31250,-1913.42,-129.29,0.0622,-37.7390,70.259,118.175,-0.30000,-42.997,265.95
0.31300,-1985.74,-151.31,0.0432,-38.1754,70.304,118.435,-0.30000,-42.732,266.87
0.31350,-2057.57,-171.78,0.0241,-38.4309,70.355,118.690,-0.30000,-42.506,267.81
0.31400,-2128.90,-191.44,0.0048,-38.4981,70.407,118.941,-0.30000,-42.304,268.78
0.31450,-2199.70,-211.09,-0.0144,-38.3747,70.460,119.192,-0.30000,-42.115,269.77
0.31500,-2269.95,-231.47,-0.0335,-38.0636,70.509,119.444,-0.30000,-41.925,270.79
0.31550,-2339.65,-253.34,-0.0524,-37.5732,70.552,119.698,-0.30000,-41.724,271.84
0.31600,-2408.77,-277.39,-0.0711,-36.9164,70.588,119.958,-0.30000,-41.504,272.90
0.31650,-2477.29,-304.24,-0.0893,-36.1109,70.613,120.223,-0.30000,-41.257,273.99
0.31700,-2545.21,-334.43,-0.1072,-35.1784,70.626,120.497,-0.30000,-40.978,275.09
0.31750,-2612.49,-368.43,-0.1245,-34.1439,70.625,120.779,-0.30000,-40.662,276.22
0.31800,-2679.13,-406.55,-0.1413,-33.0352,70.610,121.072,-0.30000,-40.306,277.35
0.31850,-2745.11,-449.03,-0.1575,-31.8819,70.579,121.374,-0.30000,-39.910,278.50
0.31900,-2810.42,-495.96,-0.1732,-30.7147,70.533,121.687,-0.30000,-39.472,279.66
0.31950,-2875.03,-547.30,-0.1882,-29.5646,70.470,122.011,-0.30000,-38.995,280.82
0.32000,-2938.93,-602.90,-0.2027,-28.4618,70.392,122.344,-0.30000,-38.480,281.99
0.32050,-3002.10,-662.48,-0.2167,-27.4353,70.300,122.687,-0.30000,-37.930,283.16
0.32100,-3064.54,-725.67,-0.2302,-26.5115,70.195,123.039,-0.30000,-37.351,284.33
0.32150,-3126.21,-791.98,-0.2432,-25.7141,70.078,123.397,-0.30000,-36.747,285.50
0.32200,-3187.12,-860.83,-0.2559,-25.0630,69.952,123.761,-0.30000,-36.126,286.66
0.32250,-3247.24,-931.59,-0.2683,-24.5740,69.819,124.129,-0.30000,-35.493,287.82
0.32300,-3306.56,-1003.56,-0.2805,-24.2583,69.682,124.499,-0.30000,-34.857,288.97
0.32350,-3365.06,-1076.03,-0.2926,-24.1224,69.541,124.869,-0.30000,-34.225,290.11
0.32400,-3422.74,-1148.25,-0.3047,-24.1675,69.402,125.238,-0.30000,-33.605,291.25
0.32450,-3479.56,-1219.50,-0.3168,-24.3900,69.264,125.603,-0.30000,-33.005,292.38
0.32500,-3535.53,-1289.09,-0.3291,-24.7814,69.132,125.963,-0.30000,-32.432,293.50
0.32550,-3590.63,-1356.35,-0.3416,-25.3285,69.008,126.316,-0.30000,-31.892,294.62
0.32600,-3644.84,-1420.72,-0.3545,-26.0139,68.893,126.661,-0.30000,-31.392,295.73
0.32650,-3698.16,-1481.68,-0.3677,-26.8165,68.789,126.995,-0.30000,-30.936,296.84
0.32700,-3750.56,-1538.83,-0.3813,-27.7120,68.697,127.319,-0.30000,-30.528,297.95
0.32750,-3802.03,-1591.86,-0.3954,-28.6738,68.620,127.632,-0.30000,-30.170,299.05
0.32800,-3852.57,-1640.59,-0.4100,-29.6735,68.556,127.932,-0.30000,-29.863,300.16
0.32850,-3902.15,-1684.94,-0.4251,-30.6819,68.507,128.220,-0.30000,-29.605,301.27
0.32900,-3950.78,-1724.97,-0.4406,-31.6695,68.473,128.496,-0.30000,-29.396,302.38
0.32950,-3998.42,-1760.83,-0.4567,-32.6078,68.452,128.760,-0.30000,-29.232,303.50
0.33000,-4045.08,-1792.81,-0.4732,-33.4698,68.444,129.014,-0.30000,-29.109,304.62
0.33050,-4090.75,-1821.29,-0.4902,-34.2305,68.448,129.257,-0.30000,-29.021,305.76
0.33100,-4135.40,-1846.74,-0.5075,-34.8681,68.462,129.492,-0.30000,-28.961,306.90
0.33150,-4179.04,-1869.72,-0.5250,-35.3643,68.483,129.720,-0.30000,-28.925,308.06
0.33200,-4221.64,-1890.84,-0.5428,-35.7048,68.511,129.942,-0.30000,-28.903,309.22
0.33250,-4263.20,-1910.77,-0.5607,-35.8794,68.542,130.160,-0.30000,-28.890,310.40
0.33300,-4303.71,-1930.19,-0.5786,-35.8831,68.575,130.376,-0.30000,-28.877,311.59
0.33350,-4343.16,-1949.80,-0.5965,-35.7151,68.606,130.592,-0.30000,-28.858,312.78
0.33400,-4381.53,-1970.30,-0.6143,-35.3797,68.634,130.809,-0.30000,-28.825,313.99
0.33450,-4418.83,-1992.33,-0.6319,-34.8858,68.656,131.030,-0.30000,-28.772,315.20
0.33500,-4455.03,-2016.50,-0.6492,-34.2464,68.670,131.255,-0.30000,-28.695,316.42
0.33550,-4490.14,-2043.37,-0.6661,-33.4787,68.675,131.486,-0.30000,-28.587,317.64
0.33600,-4524.14,-2073.38,-0.6826,-32.6033,68.668,131.725,-0.30000,-28.445,318.87
0.33650,-4557.02,-2106.92,-0.6987,-31.6435,68.648,131.972,-0.30000,-28.265,320.09
0.33700,-4588.77,-2144.26,-0.7143,-30.6250,68.615,132.228,-0.30000,-28.045,321.32
0.33750,-4619.40,-2185.55,-0.7293,-29.5750,68.568,132.493,-0.30000,-27.784,322.53
0.33800,-4648.88,-2230.85,-0.7439,-28.5212,68.506,132.768,-0.30000,-27.480,323.74
0.33850,-4677.22,-2280.10,-0.7579,-27.4914,68.431,133.052,-0.30000,-27.136,324.94
0.33900,-4704.40,-2333.11,-0.7714,-26.5128,68.341,133.345,-0.30000,-26.751,326.13
0.33950,-4730.43,-2389.62,-0.7844,-25.6105,68.240,133.646,-0.30000,-26.328,327.30
0.34000,-4755.28,-2449.23,-0.7970,-24.8080,68.127,133.955,-0.30000,-25.871,328.45
0.34050,-4778.97,-2511.50,-0.8092,-24.1253,68.004,134.269,-0.30000,-25.383,329.58
0.34100,-4801.47,-2575.87,-0.8211,-23.5794,67.873,134.588,-0.30000,-24.869,330.70
0.34150,-4822.79,-2641.77,-0.8328,-23.1833,67.737,134.910,-0.30000,-24.334,331.79
0.34200,-4842.92,-2708.56,-0.8443,-22.9457,67.597,135.233,-0.30000,-23.784,332.85
0.34250,-4861.85,-2775.57,-0.8558,-22.8708,67.456,135.556,-0.30000,-23.225,333.90
0.34300,-4879.58,-2842.15,-0.8672,-22.9586,67.315,135.877,-0.30000,-22.663,334.92
0.34350,-4896.11,-2907.64,-0.8788,-23.2043,67.178,136.194,-0.30000,-22.104,335.91
0.34400,-4911.44,-2971.44,-0.8905,-23.5989,67.046,136.506,-0.30000,-21.554,336.88
0.34450,-4925.55,-3032.97,-0.9024,-24.1292,66.922,136.811,-0.30000,-21.019,337.83
0.34500,-4938.44,-3091.74,-0.9146,-24.7785,66.806,137.108,-0.30000,-20.503,338.75
0.34550,-4950.12,-3147.30,-0.9272,-25.5267,66.701,137.396,-0.30000,-20.012,339.65
0.34600,-4960.57,-3199.32,-0.9402,-26.3513,66.608,137.674,-0.30000,-19.547,340.53
0.34650,-4969.80,-3247.57,-0.9536,-27.2278,66.527,137.942,-0.30000,-19.113,341.39
0.34700,-4977.81,-3291.91,-0.9674,-28.1302,66.459,138.198,-0.30000,-18.710,342.24
0.34750,-4984.59,-3332.30,-0.9817,-29.0320,66.405,138.444,-0.30000,-18.339,343.06
0.34800,-4990.13,-3368.83,-0.9964,-29.9070,66.363,138.678,-0.30000,-17.999,343.87
0.34850,-4994.45,-3401.67,-1.0116,-30.7298,66.333,138.903,-0.30000,-17.688,344.67
0.34900,-4997.53,-3431.12,-1.0271,-31.4766,66.315,139.117,-0.30000,-17.403,345.45
0.34950,-4999.38,-3457.53,-1.0430,-32.1257,66.307,139.324,-0.30000,-17.140,346.22
0.35000,-5000.00,-3481.36,-1.0592,-32.6585,66.307,139.522,-0.30000,-16.895,346.98
0.35050,-4999.38,-3503.13,-1.0757,-33.0596,66.313,139.715,-0.30000,-16.662,347.73
0.35100,-4997.53,-3523.41,-1.0923,-33.3171,66.325,139.903,-0.30000,-16.435,348.47
0.35150,-4994.45,-3542.80,-1.1090,-33.4235,66.339,140.088,-0.30000,-16.207,349.19
0.35200,-4990.13,-3561.93,-1.1257,-33.3754,66.354,140.272,-0.30000,-15.971,349.91
0.35250,-4984.59,-3581.44,-1.1423,-33.1735,66.367,140.456,-0.30000,-15.722,350.61
0.35300,-4977.81,-3601.91,-1.1588,-32.8231,66.376,140.642,-0.30000,-15.451,351.30
0.35350,-4969.80,-3623.95,-1.1751,-32.3332,66.379,140.831,-0.30000,-15.153,351.97
0.35400,-4960.57,-3648.07,-1.1911,-31.7170,66.375,141.025,-0.30000,-14.820,352.63
0.35450,-4950.12,-3674.75,-1.2068,-30.9908,66.361,141.225,-0.30000,-14.448,353.26
0.35500,-4938.44,-3704.38,-1.2221,-30.1740,66.337,141.432,-0.30000,-14.030,353.88
0.35550,-4925.55,-3737.26,-1.2370,-29.2883,66.301,141.646,-0.30000,-13.563,354.48
0.35600,-4911.44,-3773.61,-1.2514,-28.3574,66.253,141.868,-0.30000,-13.044,355.04
0.35650,-4896.11,-3813.53,-1.2653,-27.4059,66.192,142.100,-0.30000,-12.468,355.59
0.35700,-4879.58,-3857.06,-1.2788,-26.4590,66.118,142.339,-0.30000,-11.835,356.10
0.35750,-4861.85,-3904.08,-1.2918,-25.5414,66.032,142.587,-0.30000,-11.144,356.58
0.35800,-4842.92,-3954.42,-1.3043,-24.6772,65.934,142.843,-0.30000,-10.396,357.02
0.35850,-4822.79,-4007.80,-1.3165,-23.8885,65.824,143.105,-0.30000,-9.592,357.43
0.35900,-4801.47,-4063.84,-1.3283,-23.1954,65.705,143.374,-0.30000,-8.734,357.80
0.35950,-4778.97,-4122.12,-1.3397,-22.6153,65.578,143.648,-0.30000,-7.826,358.12
0.36000,-4755.28,-4182.13,-1.3509,-22.1623,65.445,143.925,-0.30000,-6.873,358.41
0.36050,-4730.43,-4243.32,-1.3619,-21.8469,65.306,144.205,-0.30000,-5.879,358.65
0.36100,-4704.40,-4305.12,-1.3728,-21.6756,65.166,144.485,-0.30000,-4.851,358.85
0.36150,-4677.22,-4366.93,-1.3836,-21.6510,65.024,144.765,-0.30000,-3.796,359.01
0.36200,-4648.88,-4428.15,-1.3944,-21.7718,64.885,145.042,-0.30000,-2.718,359.12
0.36250,-4619.40,-4488.22,-1.4054,-22.0324,64.748,145.316,-0.30000,-1.627,359.19
0.36300,-4588.77,-4546.60,-1.4165,-22.4234,64.617,145.584,-0.30000,-0.527,359.21
0.36350,-4557.02,-4602.77,-1.4278,-22.9320,64.494,145.846,0.30000,0.575,359.23
0.36400,-4524.14,-4602.70,-1.4394,-23.4503,64.537,145.918,0.30000,0.995,359.27
0.36450,-4490.14,-4514.85,-1.4512,-23.5592,64.842,145.694,0.30000,0.315,359.28
0.36500,-4455.03,-4380.30,-1.4629,-22.9310,65.281,145.305,-0.30000,-0.961,359.32
0.36550,-4418.83,-4257.22,-1.4740,-21.4389,65.686,144.953,-0.30000,-2.095,359.40
0.36600,-4381.53,-4184.61,-1.4842,-19.3027,65.939,144.770,-0.30000,-2.573,359.50
0.36650,-4343.16,-4161.35,-1.4932,-16.7915,66.041,144.747,-0.30000,-2.397,359.59
0.36700,-4303.71,-4177.10,-1.5010,-14.1462,66.023,144.847,-0.30000,-1.685,359.65
0.36750,-4263.20,-4223.76,-1.5074,-11.5656,65.907,145.044,-0.30000,-0.530,359.67
0.36800,-4221.64,-4294.78,-1.5126,-9.2186,65.715,145.314,0.30000,0.992,359.71
0.36850,-4179.04,-4330.60,-1.5167,-7.1600,65.622,145.458,0.30000,2.077,359.78
0.36900,-4135.40,-4299.12,-1.5197,-5.1279,65.725,145.368,0.30000,2.267,359.87
0.36950,-4090.75,-4226.16,-1.5218,-2.9829,65.942,145.121,0.30000,1.896,359.93
0.37000,-4045.08,-4100.62,-1.5227,-0.6352,66.300,144.672,0.30000,0.787,359.96
0.37050,-3998.42,-3941.20,-1.5224,1.9632,66.747,144.088,-0.30000,-0.820,359.99
0.37100,-3950.78,-3843.21,-1.5207,4.8017,67.014,143.717,-0.30000,-1.559,360.04
0.37150,-3902.15,-3846.71,-1.5176,7.5367,66.989,143.704,-0.30000,-0.814,360.07
0.37200,-3852.57,-3902.21,-1.5132,9.9658,66.805,143.861,0.30000,0.738,360.10
0.37250,-3802.03,-3950.65,-1.5077,11.9760,66.638,143.986,0.30000,2.239,360.17
0.37300,-3750.56,-3958.82,-1.5013,13.7376,66.583,143.961,0.30000,3.178,360.27
0.37350,-3698.16,-3910.28,-1.4939,15.4940,66.682,143.723,0.30000,3.283,360.38
0.37400,-3644.84,-3822.51,-1.4857,17.4759,66.887,143.333,0.30000,2.791,360.47
0.37450,-3590.63,-3710.23,-1.4764,19.8272,67.156,142.845,0.30000,1.908,360.53
0.37500,-3535.53,-3584.77,-1.4658,22.6233,67.455,142.298,0.30000,0.798,360.55
0.37550,-3479.56,-3454.91,-1.4537,25.8861,67.759,141.722,-0.30000,-0.406,360.57
0.37600,-3422.74,-3408.33,-1.4399,29.4564,67.820,141.435,-0.30000,-0.241,360.57
0.37650,-3365.06,-3492.76,-1.4243,32.6790,67.503,141.611,0.30000,2.173,360.64
0.37700,-3306.56,-3594.88,-1.4073,35.1279,67.129,141.838,0.30000,4.983,360.78
0.37750,-3247.24,-3641.97,-1.3893,36.9365,66.904,141.857,0.30000,6.931,360.98
0.37800,-3187.12,-3646.51,-1.3705,38.3430,66.796,141.714,0.30000,8.202,361.21
0.37850,-3126.21,-3621.24,-1.3510,39.5165,66.768,141.458,0.30000,8.998,361.46
0.37900,-3064.54,-3575.49,-1.3310,40.5730,66.796,141.123,0.30000,9.466,361.71
0.37950,-3002.10,-3516.17,-1.3104,41.5887,66.860,140.734,0.30000,9.717,361.97
0.38000,-2938.93,-3448.37,-1.2894,42.6106,66.945,140.312,0.30000,9.834,362.22
0.38050,-2875.03,-3375.89,-1.2678,43.6635,67.041,139.868,0.30000,9.882,362.47
0.38100,-2810.42,-3301.50,-1.2457,44.7553,67.141,139.414,0.30000,9.912,362.72
0.38150,-2745.11,-3227.24,-1.2230,45.8822,67.237,138.956,0.30000,9.961,362.96
0.38200,-2679.13,-3154.59,-1.1998,47.0310,67.327,138.499,0.30000,10.063,363.20
0.38250,-2612.49,-3084.54,-1.1760,48.1824,67.406,138.048,0.30000,10.242,363.43
0.38300,-2545.21,-3017.73,-1.1516,49.3131,67.474,137.605,0.30000,10.517,363.67
0.38350,-2477.29,-2954.52,-1.1267,50.3975,67.530,137.170,0.30000,10.904,363.91
0.38400,-2408.77,-2894.99,-1.1013,51.4092,67.572,136.746,0.30000,11.412,364.15
0.38450,-2339.65,-2839.04,-1.0753,52.3225,67.603,136.331,0.30000,12.049,364.40
0.38500,-2269.95,-2786.39,-1.0489,53.1136,67.623,135.924,0.30000,12.817,364.66
0.38550,-2199.70,-2736.60,-1.0222,53.7612,67.633,135.526,0.30000,13.717,364.93
0.38600,-2128.90,-2689.15,-0.9952,54.2477,67.635,135.135,0.30000,14.744,365.21
0.38650,-2057.57,-2643.41,-0.9680,54.5596,67.633,134.749,0.30000,15.893,365.50
0.38700,-1985.74,-2598.68,-0.9407,54.6880,67.627,134.367,0.30000,17.154,365.81
0.38750,-1913.42,-2554.25,-0.9133,54.6288,67.620,133.986,0.30000,18.517,366.13
0.38800,-1840.62,-2509.39,-0.8861,54.3832,67.616,133.605,0.30000,19.968,366.46
0.38850,-1767.37,-2463.35,-0.8590,53.9573,67.616,133.222,0.30000,21.494,366.81
0.38900,-1693.69,-2415.46,-0.8322,53.3621,67.624,132.835,0.30000,23.082,367.17
0.38950,-1619.59,-2365.08,-0.8057,52.6132,67.640,132.442,0.30000,24.717,367.54
0.39000,-1545.08,-2311.63,-0.7796,51.7304,67.668,132.043,0.30000,26.387,367.93
0.39050,-1470.20,-2254.65,-0.7539,50.7371,67.708,131.635,0.30000,28.083,368.32
0.39100,-1394.96,-2193.74,-0.7288,49.6593,67.763,131.219,0.30000,29.797,368.72
0.39150,-1319.37,-2128.66,-0.7043,48.5258,67.832,130.792,0.30000,31.525,369.12
0.39200,-1243.45,-2059.25,-0.6803,47.3662,67.917,130.355,0.30000,33.268,369.53
0.39250,-1167.23,-1985.48,-0.6569,46.2111,68.018,129.909,0.30000,35.031,369.94
0.39300,-1090.72,-1907.47,-0.6341,45.0906,68.134,129.452,0.30000,36.827,370.35
0.39350,-1013.94,-1825.42,-0.6118,44.0337,68.264,128.985,0.30000,38.671,370.76
0.39400,-936.91,-1739.67,-0.5901,43.0678,68.408,128.511,0.30000,40.591,371.16
0.39450,-859.65,-1650.65,-0.5687,42.2173,68.564,128.029,0.30000,42.619,371.55
0.39500,-782.17,-1558.90,-0.5478,41.5033,68.730,127.540,0.30000,44.800,371.94
0.39550,-704.51,-1465.01,-0.5272,40.9433,68.904,127.048,0.30000,47.189,372.32
0.39600,-626.67,-1369.65,-0.5068,40.5503,69.083,126.553,0.30000,49.854,372.69
0.39650,-548.67,-1273.52,-0.4866,40.3325,69.266,126.056,0.30000,52.876,373.05
0.39700,-470.54,-1177.33,-0.4665,40.2935,69.450,125.561,0.30000,56.346,373.41
0.39750,-392.30,-1081.82,-0.4463,40.4315,69.632,125.069,0.30000,60.363,373.75
0.39800,-313.95,-987.68,-0.4260,40.7404,69.810,124.581,0.30000,65.015,374.09
0.39850,-235.53,-895.58,-0.4055,41.2088,69.982,124.099,0.30000,70.362,374.42
0.39900,-157.05,-806.13,-0.3848,41.8214,70.145,123.626,0.30000,76.398,374.74
0.39950,-78.54,-719.87,-0.3637,42.5587,70.298,123.162,0.30000,83.018,375.06
0.40000,-0.00,-637.23,-0.3422,43.3980,70.438,122.708,0.30000,0.000,375.38
0.40050,78.54,-558.57,-0.3203,44.3137,70.566,122.265,0.30000,82.973,375.70
0.40100,157.05,-484.13,-0.2979,45.2786,70.680,121.835,0.30000,76.237,376.02
0.40150,235.53,-414.02,-0.2750,46.2638,70.780,121.416,0.30000,70.069,376.35
0.40200,313.95,-348.24,-0.2516,47.2402,70.865,121.010,0.30000,64.634,376.68
0.40250,392.30,-286.70,-0.2278,48.1791,70.936,120.616,0.30000,59.982,377.02
0.40300,470.54,-229.15,-0.2035,49.0530,70.994,120.233,0.30000,56.079,377.37
0.40350,548.67,-175.27,-0.1787,49.8361,71.040,119.860,0.30000,52.842,377.73
0.40400,626.67,-124.63,-0.1536,50.5056,71.075,119.497,0.30000,50.168,378.11
0.40450,704.51,-76.70,-0.1283,51.0417,71.102,119.142,0.30000,47.955,378.50
0.40500,782.17,-30.91,-0.1026,51.4284,71.121,118.793,0.30000,46.110,378.90
0.40550,859.65,13.39,-0.0769,51.6540,71.136,118.449,0.30000,44.550,379.33
0.40600,936.91,56.88,-0.0510,51.7113,71.149,118.108,0.30000,43.207,379.77
0.40650,1013.94,100.24,-0.0252,51.5977,71.162,117.768,0.30000,42.023,380.22
0.40700,1090.72,144.16,0.0006,51.3155,71.178,117.428,0.30000,40.952,380.70
0.40750,1167.23,189.32,0.0261,50.8715,71.198,117.085,0.30000,39.956,381.18
0.40800,1243.45,236.34,0.0514,50.2770,71.225,116.739,0.30000,39.005,381.69
0.40850,1319.37,285.80,0.0764,49.5475,71.261,116.387,0.30000,38.075,382.21
0.40900,1394.96,338.18,0.1009,48.7020,71.308,116.028,0.30000,37.146,382.73
0.40950,1470.20,393.91,0.1251,47.7628,71.367,115.662,0.30000,36.207,383.27
0.41000,1545.08,453.30,0.1487,46.7546,71.439,115.287,0.30000,35.246,383.82
0.41050,1619.59,516.56,0.1718,45.7039,71.525,114.903,0.30000,34.257,384.37
0.41100,1693.69,583.78,0.1944,44.6381,71.625,114.510,0.30000,33.238,384.92
0.41150,1767.37,654.97,0.2164,43.5852,71.739,114.107,0.30000,32.187,385.48
0.41200,1840.62,729.98,0.2380,42.5725,71.868,113.696,0.30000,31.107,386.04
0.41250,1913.42,808.58,0.2590,41.6261,72.009,113.276,0.30000,30.003,386.59
0.41300,1985.74,890.45,0.2796,40.7702,72.162,112.849,0.30000,28.880,387.14
0.41350,2057.57,975.15,0.2998,40.0262,72.325,112.416,0.30000,27.747,387.68
0.41400,2128.90,1062.18,0.3197,39.4125,72.497,111.977,0.30000,26.614,388.21
0.41450,2199.70,1150.98,0.3393,38.9437,72.676,111.535,0.30000,25.490,388.73
0.41500,2269.95,1240.91,0.3586,38.6305,72.859,111.091,0.30000,24.386,389.25
0.41550,2339.65,1331.34,0.3779,38.4790,73.045,110.647,0.30000,23.314,389.75
0.41600,2408.77,1421.60,0.3972,38.4908,73.230,110.204,0.30000,22.285,390.25
0.41650,2477.29,1511.04,0.4164,38.6633,73.414,109.764,0.30000,21.308,390.73
0.41700,2545.21,1599.01,0.4358,38.9891,73.593,109.329,0.30000,20.393,391.20
0.41750,2612.49,1684.93,0.4554,39.4568,73.765,108.901,0.30000,19.547,391.67
0.41800,2679.13,1768.26,0.4753,40.0510,73.929,108.480,0.30000,18.777,392.12
0.41850,2745.11,1848.54,0.4955,40.7529,74.083,108.068,0.30000,18.087,392.57
0.41900,2810.42,1925.39,0.5161,41.5410,74.226,107.666,0.30000,17.480,393.01
0.41950,2875.03,1998.51,0.5371,42.3914,74.357,107.274,0.30000,16.955,393.45
0.42000,2938.93,2067.74,0.5585,43.2783,74.475,106.894,0.30000,16.511,393.89
0.42050,3002.10,2132.98,0.5803,44.1756,74.579,106.524,0.30000,16.146,394.32
0.42100,3064.54,2194.28,0.6027,45.0565,74.671,106.166,0.30000,15.853,394.76
0.42150,3126.21,2251.76,0.6254,45.8950,74.750,105.819,0.30000,15.627,395.19
0.42200,3187.12,2305.67,0.6485,46.6666,74.817,105.481,0.30000,15.460,395.63
0.42250,3247.24,2356.34,0.6720,47.3484,74.874,105.153,0.30000,15.342,396.08
0.42300,3306.56,2404.19,0.6959,47.9203,74.921,104.833,0.30000,15.265,396.53
0.42350,3365.06,2449.71,0.7199,48.3653,74.961,104.520,0.30000,15.217,396.99
0.42400,3422.74,2493.47,0.7442,48.6701,74.995,104.212,0.30000,15.190,397.45
0.42450,3479.56,2536.04,0.7686,48.8252,75.025,103.909,0.30000,15.172,397.93
0.42500,3535.53,2578.07,0.7930,48.8253,75.055,103.607,0.30000,15.153,398.40
0.42550,3590.63,2620.17,0.8174,48.6695,75.085,103.306,0.30000,15.124,398.89
0.42600,3644.84,2662.99,0.8417,48.3612,75.118,103.004,0.30000,15.077,399.38
0.42650,3698.16,2707.11,0.8657,47.9079,75.156,102.700,0.30000,15.002,399.88
0.42700,3750.56,2753.10,0.8895,47.3212,75.200,102.392,0.30000,14.893,400.37
0.42750,3802.03,2801.46,0.9130,46.6163,75.254,102.078,0.30000,14.744,400.87
0.42800,3852.57,2852.62,0.9361,45.8117,75.318,101.758,0.30000,14.550,401.37
0.42850,3902.15,2906.93,0.9588,44.9283,75.393,101.430,0.30000,14.308,401.87
0.42900,3950.78,2964.65,0.9811,43.9894,75.480,101.095,0.30000,14.015,402.37
0.42950,3998.42,3025.93,1.0028,43.0194,75.580,100.751,0.30000,13.670,402.85
0.43000,4045.08,3090.84,1.0241,42.0438,75.694,100.399,0.30000,13.273,403.33
0.43050,4090.75,3159.34,1.0449,41.0878,75.820,100.038,0.30000,12.827,403.79
0.43100,4135.40,3231.27,1.0652,40.1762,75.958,99.670,0.30000,12.333,404.25
0.43150,4179.04,3306.39,1.0850,39.3322,76.108,99.294,0.30000,11.795,404.68
0.43200,4221.64,3384.36,1.1045,38.5774,76.269,98.911,0.30000,11.218,405.10
0.43250,4263.20,3464.79,1.1236,37.9303,76.438,98.524,0.30000,10.608,405.50
0.43300,4303.71,3547.17,1.1425,37.4069,76.615,98.132,0.30000,9.970,405.88
0.43350,4343.16,3630.98,1.1611,37.0192,76.797,97.737,0.30000,9.312,406.24
0.43400,4381.53,3715.65,1.1795,36.7757,76.983,97.341,0.30000,8.641,406.57
0.43450,4418.83,3800.57,1.1979,36.6807,77.170,96.945,0.30000,7.965,406.88
0.43500,4455.03,3885.14,1.2162,36.7346,77.357,96.552,0.30000,7.290,407.16
0.43550,4490.14,3968.77,1.2346,36.9334,77.541,96.161,0.30000,6.623,407.42
0.43600,4524.14,4050.88,1.2532,37.2693,77.720,95.776,0.30000,5.972,407.66
0.43650,4557.02,4130.95,1.2719,37.7306,77.892,95.396,0.30000,5.342,407.87
0.43700,4588.77,4208.51,1.2909,38.3024,78.057,95.024,0.30000,4.737,408.06
0.43750,4619.40,4283.16,1.3102,38.9666,78.212,94.661,0.30000,4.163,408.23
0.43800,4648.88,4354.58,1.3299,39.7027,78.357,94.306,0.30000,3.622,408.38
0.43850,4677.22,4422.53,1.3499,40.4884,78.490,93.962,0.30000,3.117,408.51
0.43900,4704.40,4486.89,1.3704,41.3001,78.611,93.628,0.30000,2.647,408.61
0.43950,4730.43,4547.61,1.3912,42.1135,78.720,93.304,0.30000,2.213,408.71
0.44000,4755.28,4604.75,1.4125,42.9044,78.818,92.990,0.30000,1.813,408.78
0.44050,4778.97,4658.46,1.4341,43.6495,78.904,92.685,0.30000,1.444,408.84
0.44100,4801.47,4709.00,1.4561,44.3266,78.979,92.390,0.30000,1.103,408.89
0.44150,4822.79,4756.69,1.4785,44.9159,79.045,92.103,0.30000,0.785,408.92
0.44200,4842.92,4801.94,1.5010,45.3997,79.104,91.823,0.30000,0.485,408.94
0.44250,4861.85,4845.22,1.5238,45.7636,79.156,91.549,0.30000,0.196,408.95
0.44300,4879.58,4887.05,1.5468,45.9964,79.203,91.279,-0.30000,-0.088,408.95
0.44350,4896.11,4856.07,1.5698,45.9676,79.030,91.249,0.30000,0.469,408.97
0.44400,4911.44,4782.59,1.5926,45.2596,78.729,91.360,0.30000,1.503,409.04
0.44450,4925.55,4746.45,1.6150,43.9437,78.543,91.351,0.30000,2.082,409.13
0.44500,4938.44,4740.29,1.6365,42.1976,78.451,91.249,0.30000,2.298,409.23
0.44550,4950.12,4758.73,1.6571,40.1707,78.436,91.071,0.30000,2.214,409.32
0.44600,4960.57,4797.74,1.6766,37.9908,78.488,90.832,0.30000,1.880,409.40
0.44650,4969.80,4854.17,1.6951,35.7692,78.597,90.543,0.30000,1.333,409.46
0.44700,4977.81,4925.45,1.7124,33.6028,78.754,90.212,0.30000,0.603,409.49
0.44750,4984.59,5009.34,1.7287,31.5763,78.954,89.846,-0.30000,-0.285,409.50
0.44800,4990.13,5032.10,1.7440,29.6396,78.972,89.685,-0.30000,-0.482,409.52
0.44850,4994.45,4951.02,1.7583,27.3189,78.677,89.871,0.30000,0.498,409.54
0.44900,4997.53,4871.50,1.7712,24.3328,78.392,90.058,0.30000,1.445,409.60
0.44950,4999.38,4861.43,1.7826,20.9499,78.324,90.027,0.30000,1.581,409.67
0.45000,5000.00,4906.60,1.7922,17.5093,78.428,89.826,0.30000,1.070,409.72
0.45050,4999.38,4994.75,1.8001,14.2829,78.670,89.493,0.30000,0.053,409.72
0.45100,4997.53,5115.95,1.8065,11.4893,79.017,89.061,-0.30000,-1.357,409.78
0.45150,4994.45,5190.36,1.8117,9.1821,79.226,88.790,-0.30000,-2.246,409.88
0.45200,4990.13,5175.71,1.8157,6.9770,79.167,88.815,-0.30000,-2.130,409.97
0.45250,4984.59,5122.75,1.8186,4.6575,79.009,88.992,-0.30000,-1.588,410.04
0.45300,4977.81,5029.73,1.8203,2.1659,78.752,89.339,-0.30000,-0.598,410.07
0.45350,4969.80,4911.67,1.8208,-0.4516,78.437,89.798,0.30000,0.670,410.10
0.45400,4960.57,4845.56,1.8199,-3.0762,78.269,90.068,0.30000,1.328,410.15
0.45450,4950.12,4864.35,1.8178,-5.4099,78.334,90.020,0.30000,0.993,410.20
0.45500,4938.44,4943.62,1.8146,-7.2974,78.585,89.778,-0.30000,-0.060,410.20
0.45550,4925.55,5008.44,1.8106,-8.6401,78.795,89.588,-0.30000,-0.964,410.24
0.45600,4911.44,5027.73,1.8060,-9.6890,78.876,89.563,-0.30000,-1.356,410.30
0.45650,4896.11,4999.05,1.8009,-10.6754,78.834,89.731,-0.30000,-1.204,410.35
0.45700,4879.58,4936.47,1.7953,-11.8025,78.705,90.037,-0.30000,-0.668,410.38
0.45750,4861.85,4851.87,1.7890,-13.2026,78.522,90.437,0.30000,0.118,410.38
0.45800,4842.92,4820.59,1.7820,-14.8399,78.485,90.636,0.30000,0.264,410.40
0.45850,4822.79,4878.37,1.7742,-16.2650,78.689,90.495,-0.30000,-0.660,410.42
0.45900,4801.47,4942.02,1.7658,-17.2299,78.913,90.338,-0.30000,-1.677,410.49
0.45950,4778.97,4958.69,1.7571,-17.8558,79.014,90.368,-0.30000,-2.154,410.58
0.46000,4755.28,4935.08,1.7480,-18.3698,79.010,90.558,-0.30000,-2.165,410.67
0.46050,4730.43,4883.30,1.7387,-18.9377,78.933,90.861,-0.30000,-1.851,410.75
0.46100,4704.40,4812.58,1.7290,-19.6719,78.808,91.242,-0.30000,-1.317,410.80
0.46150,4677.22,4730.03,1.7190,-20.6427,78.654,91.673,-0.30000,-0.647,410.83
0.46200,4648.88,4641.22,1.7083,-21.8870,78.486,92.133,0.30000,0.094,410.83
0.46250,4619.40,4616.38,1.6970,-23.3023,78.493,92.352,0.30000,0.037,410.84
0.46300,4588.77,4694.56,1.6851,-24.3870,78.778,92.175,-0.30000,-1.321,410.89
0.46350,4557.02,4781.77,1.6728,-24.8235,79.089,91.967,-0.30000,-2.824,411.00
0.46400,4524.14,4817.67,1.6604,-24.7667,79.265,91.960,-0.30000,-3.712,411.15
0.46450,4490.14,4813.33,1.6480,-24.4507,79.332,92.108,-0.30000,-4.117,411.31
0.46500,4455.03,4779.36,1.6359,-24.0517,79.319,92.370,-0.30000,-4.164,411.47
0.46550,4418.83,4723.81,1.6240,-23.6995,79.246,92.712,-0.30000,-3.948,411.62
0.46600,4381.53,4652.93,1.6122,-23.4883,79.132,93.112,-0.30000,-3.544,411.76
0.46650,4343.16,4571.61,1.6005,-23.4833,78.989,93.552,-0.30000,-3.011,411.87
0.46700,4303.71,4483.78,1.5887,-23.7262,78.829,94.018,-0.30000,-2.396,411.96
0.46750,4263.20,4392.63,1.5767,-24.2391,78.661,94.497,-0.30000,-1.739,412.03
0.46800,4221.64,4300.82,1.5644,-25.0274,78.494,94.982,-0.30000,-1.075,412.07
0.46850,4179.04,4210.52,1.5516,-26.0825,78.332,95.466,-0.30000,-0.432,412.08
0.46900,4135.40,4123.55,1.5383,-27.3838,78.183,95.943,0.30000,0.164,412.09
0.46950,4090.75,4106.66,1.5242,-28.7892,78.226,96.155,-0.30000,-0.223,412.10
0.47000,4045.08,4133.94,1.5095,-29.8842,78.392,96.203,-0.30000,-1.258,412.14
0.47050,3998.42,4134.36,1.4944,-30.6884,78.487,96.359,-0.30000,-1.947,412.21
0.47100,3950.78,4115.73,1.4789,-31.3097,78.534,96.592,-0.30000,-2.391,412.29
0.47150,3902.15,4083.79,1.4631,-31.8239,78.546,96.879,-0.30000,-2.665,412.38
0.47200,3852.57,4042.74,1.4471,-32.2827,78.535,97.203,-0.30000,-2.826,412.48
0.47250,3802.03,3995.67,1.4308,-32.7201,78.509,97.551,-0.30000,-2.916,412.58
0.47300,3750.56,3944.86,1.4143,-33.1570,78.474,97.916,-0.30000,-2.966,412.67
0.47350,3698.16,3891.99,1.3976,-33.6043,78.434,98.290,-0.30000,-3.000,412.77
0.47400,3644.84,3838.31,1.3807,-34.0658,78.393,98.669,-0.30000,-3.038,412.87
0.47450,3590.63,3784.70,1.3636,-34.5395,78.354,99.050,-0.30000,-3.094,412.96
0.47500,3535.53,3731.82,1.3462,-35.0200,78.317,99.430,-0.30000,-3.178,413.06
0.47550,3479.56,3680.10,1.3286,-35.4987,78.284,99.806,-0.30000,-3.299,413.16
0.47600,3422.74,3629.82,1.3107,-35.9655,78.257,100.180,-0.30000,-3.462,413.27
0.47650,3365.06,3581.13,1.2926,-36.4095,78.235,100.548,-0.30000,-3.674,413.37
0.47700,3306.56,3534.05,1.2743,-36.8191,78.217,100.912,-0.30000,-3.936,413.49
0.47750,3247.24,3488.52,1.2558,-37.1836,78.205,101.271,-0.30000,-4.250,413.61
0.47800,3187.12,3444.43,1.2371,-37.4926,78.198,101.626,-0.30000,-4.616,413.74
0.47850,3126.21,3401.58,1.2183,-37.7374,78.194,101.977,-0.30000,-5.034,413.87
0.47900,3064.54,3359.72,1.1994,-37.9105,78.193,102.324,-0.30000,-5.502,414.02
0.47950,3002.10,3318.59,1.1804,-38.0065,78.194,102.668,-0.30000,-6.018,414.18
0.48000,2938.93,3277.87,1.1614,-38.0219,78.196,103.011,-0.30000,-6.579,414.35
0.48050,2875.03,3237.25,1.1424,-37.9555,78.197,103.352,-0.30000,-7.181,414.53
0.48100,2810.42,3196.41,1.1235,-37.8081,78.198,103.693,-0.30000,-7.820,414.72
0.48150,2745.11,3155.04,1.1046,-37.5828,78.195,104.034,-0.30000,-8.493,414.93
0.48200,2679.13,3112.85,1.0859,-37.2850,78.190,104.376,-0.30000,-9.196,415.15
0.48250,2612.49,3069.55,1.0673,-36.9216,78.180,104.720,-0.30000,-9.923,415.37
0.48300,2545.21,3024.91,1.0490,-36.5017,78.165,105.067,-0.30000,-10.674,415.61
0.48350,2477.29,2978.74,1.0308,-36.0357,78.143,105.416,-0.30000,-11.443,415.86
0.48400,2408.77,2930.87,1.0129,-35.5352,78.116,105.769,-0.30000,-12.230,416.13
0.48450,2339.65,2881.20,0.9953,-35.0128,78.081,106.126,-0.30000,-13.033,416.40
0.48500,2269.95,2829.69,0.9779,-34.4816,78.040,106.486,-0.30000,-13.852,416.68
0.48550,2199.70,2776.32,0.9608,-33.9547,77.992,106.850,-0.30000,-14.689,416.96
0.48600,2128.90,2721.16,0.9440,-33.4453,77.937,107.218,-0.30000,-15.547,417.26
0.48650,2057.57,2664.32,0.9274,-32.9659,77.875,107.589,-0.30000,-16.430,417.56
0.48700,1985.74,2605.94,0.9110,-32.5280,77.808,107.963,-0.30000,-17.345,417.87
0.48750,1913.42,2546.22,0.8948,-32.1420,77.735,108.340,-0.30000,-18.300,418.19
0.48800,1840.62,2485.41,0.8788,-31.8169,77.658,108.718,-0.30000,-19.306,418.51
0.48850,1767.37,2423.76,0.8630,-31.5599,77.577,109.097,-0.30000,-20.375,418.84
0.48900,1693.69,2361.57,0.8473,-31.3762,77.494,109.477,-0.30000,-21.521,419.17
0.48950,1619.59,2299.15,0.8316,-31.2689,77.410,109.856,-0.30000,-22.762,419.51
0.49000,1545.08,2236.81,0.8160,-31.2393,77.325,110.234,-0.30000,-24.118,419.86
0.49050,1470.20,2174.86,0.8004,-31.2861,77.241,110.611,-0.30000,-25.608,420.21
0.49100,1394.96,2113.61,0.7847,-31.4062,77.158,110.984,-0.30000,-27.257,420.57
0.49150,1319.37,2053.34,0.7689,-31.5945,77.079,111.354,-0.30000,-29.088,420.94
0.49200,1243.45,1994.30,0.7531,-31.8438,77.003,111.719,-0.30000,-31.126,421.31
0.49250,1167.23,1936.73,0.7371,-32.1454,76.932,112.080,-0.30000,-33.395,421.70
0.49300,1090.72,1880.80,0.7209,-32.4892,76.865,112.435,-0.30000,-35.918,422.09
0.49350,1013.94,1826.65,0.7046,-32.8641,76.804,112.785,-0.30000,-38.714,422.50
0.49400,936.91,1774.38,0.6881,-33.2579,76.749,113.129,-0.30000,-41.793,422.92
0.49450,859.65,1724.03,0.6713,-33.6583,76.701,113.467,-0.30000,-45.158,423.35
0.49500,782.17,1675.60,0.6544,-34.0526,76.658,113.799,-0.30000,-48.799,423.80
0.49550,704.51,1629.01,0.6373,-34.4284,76.621,114.126,-0.30000,-52.691,424.26
0.49600,626.67,1584.16,0.6200,-34.7741,76.589,114.447,-0.30000,-56.796,424.74
0.49650,548.67,1540.91,0.6025,-35.0786,76.562,114.763,-0.30000,-61.059,425.24
0.49700,470.54,1499.05,0.5849,-35.3324,76.540,115.074,-0.30000,-65.416,425.75
0.49750,392.30,1458.35,0.5672,-35.5271,76.521,115.382,-0.30000,-69.797,426.28
0.49800,313.95,1418.56,0.5494,-35.6564,76.504,115.686,-0.30000,-74.134,426.84
0.49850,235.53,1379.40,0.5316,-35.7153,76.489,115.987,-0.30000,-78.365,427.41
0.49900,157.05,1340.57,0.5137,-35.7013,76.475,116.287,-0.30000,-82.441,428.00
0.49950,78.54,1301.77,0.4959,-35.6136,76.460,116.586,-0.30000,-86.326,428.61
0.50000,0.00,1262.70,0.4781,-35.4535,76.444,116.884,-0.30000,0.000,429.24
0.50050,-78.54,1223.09,0.4604,-35.2245,76.425,117.183,-0.30000,-86.547,429.89
0.50100,-157.05,1182.66,0.4429,-34.9317,76.403,117.484,-0.30000,-83.314,430.56
0.50150,-235.53,1141.17,0.4255,-34.5822,76.377,117.786,-0.30000,-80.292,431.25
0.50200,-313.95,1098.43,0.4083,-34.1843,76.346,118.090,-0.30000,-77.468,431.96
0.50250,-392.30,1054.25,0.3913,-33.7480,76.310,118.397,-0.30000,-74.827,432.68
0.50300,-470.54,1008.51,0.3746,-33.2841,76.267,118.708,-0.30000,-72.352,433.42
0.50350,-548.67,961.13,0.3580,-32.8040,76.218,119.021,-0.30000,-70.028,434.17
0.50400,-626.67,912.07,0.3418,-32.3197,76.163,119.338,-0.30000,-67.841,434.94
0.50450,-704.51,861.37,0.3257,-31.8431,76.102,119.659,-0.30000,-65.776,435.73
0.50500,-782.17,809.07,0.3099,-31.3859,76.035,119.982,-0.30000,-63.824,436.52
0.50550,-859.65,755.29,0.2943,-30.9593,75.962,120.308,-0.30000,-61.973,437.33
0.50600,-936.91,700.17,0.2789,-30.5733,75.883,120.637,-0.30000,-60.217,438.15
0.50650,-1013.94,643.92,0.2637,-30.2371,75.801,120.968,-0.30000,-58.550,438.98
0.50700,-1090.72,586.76,0.2487,-29.9581,75.714,121.301,-0.30000,-56.968,439.82
0.50750,-1167.23,528.93,0.2338,-29.7424,75.625,121.634,-0.30000,-55.466,440.66
0.50800,-1243.45,470.70,0.2189,-29.5941,75.534,121.967,-0.30000,-54.043,441.52
0.50850,-1319.37,412.35,0.2042,-29.5155,75.442,122.300,-0.30000,-52.697,442.39
0.50900,-1394.96,354.18,0.1894,-29.5070,75.349,122.631,-0.30000,-51.427,443.26
0.50950,-1470.20,296.45,0.1747,-29.5670,75.258,122.960,-0.30000,-50.233,444.15
0.51000,-1545.08,239.44,0.1598,-29.6921,75.169,123.286,-0.30000,-49.113,445.04
0.51050,-1619.59,183.40,0.1450,-29.8768,75.082,123.609,-0.30000,-48.067,445.94
0.51100,-1693.69,128.55,0.1300,-30.1145,75.000,123.928,-0.30000,-47.094,446.85
0.51150,-1767.37,75.08,0.1148,-30.3968,74.921,124.242,-0.30000,-46.191,447.77
0.51200,-1840.62,23.15,0.0996,-30.7142,74.847,124.552,-0.30000,-45.358,448.70
0.51250,-1913.42,-27.14,0.0841,-31.0563,74.778,124.856,-0.30000,-44.591,449.65
0.51300,-1985.74,-75.70,0.0685,-31.4120,74.715,125.155,-0.30000,-43.887,450.60
0.51350,-2057.57,-122.52,0.0527,-31.7701,74.657,125.449,-0.30000,-43.242,451.57
0.51400,-2128.90,-167.61,0.0367,-32.1192,74.604,125.737,-0.30000,-42.653,452.55
0.51450,-2199.70,-211.06,0.0206,-32.4482,74.557,126.020,-0.30000,-42.115,453.54
0.51500,-2269.95,-252.97,0.0043,-32.7466,74.514,126.299,-0.30000,-41.623,454.55
0.51550,-2339.65,-293.48,-0.0122,-33.0051,74.476,126.572,-0.30000,-41.172,455.58
0.51600,-2408.77,-332.79,-0.0287,-33.2152,74.441,126.842,-0.30000,-40.756,456.61
0.51650,-2477.29,-371.12,-0.0454,-33.3700,74.410,127.109,-0.30000,-40.371,457.67
0.51700,-2545.21,-408.70,-0.0621,-33.4640,74.380,127.372,-0.30000,-40.011,458.73
0.51750,-2612.49,-445.80,-0.0788,-33.4935,74.351,127.634,-0.30000,-39.671,459.82
0.51800,-2679.13,-482.67,-0.0956,-33.4567,74.323,127.894,-0.30000,-39.346,460.92
0.51850,-2745.11,-519.60,-0.1123,-33.3535,74.294,128.154,-0.30000,-39.032,462.03
0.51900,-2810.42,-556.84,-0.1289,-33.1857,74.264,128.413,-0.30000,-38.725,463.16
0.51950,-2875.03,-594.65,-0.1454,-32.9569,74.231,128.673,-0.30000,-38.420,464.30
0.52000,-2938.93,-633.27,-0.1618,-32.6723,74.194,128.935,-0.30000,-38.115,465.45
0.52050,-3002.10,-672.89,-0.1781,-32.3387,74.154,129.198,-0.30000,-37.806,466.61
0.52100,-3064.54,-713.71,-0.1942,-31.9642,74.109,129.463,-0.30000,-37.492,467.79
0.52150,-3126.21,-755.86,-0.2101,-31.5578,74.059,129.731,-0.30000,-37.170,468.97
0.52200,-3187.12,-799.43,-0.2257,-31.1297,74.004,130.002,-0.30000,-36.839,470.17
0.52250,-3247.24,-844.50,-0.2412,-30.6904,73.943,130.276,-0.30000,-36.499,471.37
0.52300,-3306.56,-891.08,-0.2564,-30.2507,73.876,130.553,-0.30000,-36.149,472.58
0.52350,-3365.06,-939.13,-0.2714,-29.8214,73.804,130.833,-0.30000,-35.789,473.79
0.52400,-3422.74,-988.58,-0.2862,-29.4128,73.726,131.115,-0.30000,-35.419,475.01
0.52450,-3479.56,-1039.33,-0.3009,-29.0347,73.644,131.400,-0.30000,-35.042,476.23
0.52500,-3535.53,-1091.23,-0.3153,-28.6961,73.557,131.688,-0.30000,-34.658,477.45
0.52550,-3590.63,-1144.08,-0.3296,-28.4047,73.466,131.977,-0.30000,-34.269,478.67
0.52600,-3644.84,-1197.69,-0.3437,-28.1668,73.372,132.267,-0.30000,-33.877,479.90
0.52650,-3698.16,-1251.82,-0.3577,-27.9875,73.275,132.557,-0.30000,-33.485,481.12
0.52700,-3750.56,-1306.23,-0.3717,-27.8698,73.177,132.847,-0.30000,-33.093,482.34
0.52750,-3802.03,-1360.65,-0.3856,-27.8155,73.079,133.137,-0.30000,-32.706,483.56
0.52800,-3852.57,-1414.84,-0.3995,-27.8241,72.981,133.425,-0.30000,-32.324,484.78
0.52850,-3902.15,-1468.53,-0.4135,-27.8937,72.884,133.711,-0.30000,-31.950,486.00
0.52900,-3950.78,-1521.51,-0.4274,-28.0207,72.789,133.994,-0.30000,-31.587,487.21
0.52950,-3998.42,-1573.53,-0.4415,-28.1999,72.697,134.274,-0.30000,-31.235,488.42
0.53000,-4045.08,-1624.42,-0.4556,-28.4246,72.608,134.550,-0.30000,-30.897,489.64
0.53050,-4090.75,-1674.01,-0.4699,-28.6870,72.523,134.822,-0.30000,-30.574,490.84
0.53100,-4135.40,-1722.17,-0.4843,-28.9782,72.443,135.090,-0.30000,-30.266,492.05
0.53150,-4179.04,-1768.81,-0.4989,-29.2887,72.367,135.352,-0.30000,-29.974,493.26
0.53200,-4221.64,-1813.88,-0.5136,-29.6083,72.297,135.610,-0.30000,-29.698,494.46
0.53250,-4263.20,-1857.38,-0.5285,-29.9267,72.231,135.863,-0.30000,-29.437,495.66
0.53300,-4303.71,-1899.33,-0.5435,-30.2339,72.170,136.112,-0.30000,-29.191,496.86
0.53350,-4343.16,-1939.82,-0.5587,-30.5199,72.114,136.355,-0.30000,-28.958,498.07
0.53400,-4381.53,-1978.95,-0.5741,-30.7756,72.062,136.594,-0.30000,-28.738,499.27
0.53450,-4418.83,-2016.88,-0.5895,-30.9928,72.014,136.830,-0.30000,-28.527,500.47
0.53500,-4455.03,-2053.77,-0.6050,-31.1642,71.968,137.062,-0.30000,-28.325,501.67
0.53550,-4490.14,-2089.84,-0.6207,-31.2840,71.925,137.291,-0.30000,-28.128,502.87
0.53600,-4524.14,-2125.30,-0.6363,-31.3478,71.884,137.518,-0.30000,-27.934,504.07
0.53650,-4557.02,-2160.39,-0.6520,-31.3528,71.844,137.743,-0.30000,-27.741,505.27
0.53700,-4588.77,-2195.36,-0.6677,-31.2977,71.803,137.967,-0.30000,-27.546,506.46
0.53750,-4619.40,-2230.44,-0.6833,-31.1831,71.762,138.190,-0.30000,-27.346,507.66
0.53800,-4648.88,-2265.89,-0.6988,-31.0111,71.719,138.414,-0.30000,-27.139,508.85
0.53850,-4677.22,-2301.91,-0.7143,-30.7854,71.674,138.639,-0.30000,-26.924,510.04
0.53900,-4704.40,-2338.71,-0.7296,-30.5112,71.625,138.864,-0.30000,-26.696,511.22
0.53950,-4730.43,-2376.47,-0.7448,-30.1950,71.573,139.092,-0.30000,-26.456,512.40
0.54000,-4755.28,-2415.34,-0.7598,-29.8444,71.516,139.322,-0.30000,-26.200,513.57
0.54050,-4778.97,-2455.44,-0.7746,-29.4679,71.455,139.554,-0.30000,-25.929,514.73
0.54100,-4801.47,-2496.85,-0.7893,-29.0747,71.389,139.788,-0.30000,-25.640,515.88
0.54150,-4822.79,-2539.61,-0.8037,-28.6745,71.317,140.026,-0.30000,-25.334,517.02
0.54200,-4842.92,-2583.71,-0.8179,-28.2770,71.241,140.266,-0.30000,-25.009,518.15
0.54250,-4861.85,-2629.12,-0.8320,-27.8918,71.160,140.509,-0.30000,-24.666,519.27
0.54300,-4879.58,-2675.77,-0.8458,-27.5281,71.073,140.754,-0.30000,-24.306,520.37
0.54350,-4896.11,-2723.54,-0.8595,-27.1946,70.983,141.001,-0.30000,-23.928,521.46
0.54400,-4911.44,-2772.29,-0.8730,-26.8990,70.889,141.250,-0.30000,-23.535,522.53
0.54450,-4925.55,-2821.85,-0.8864,-26.6478,70.791,141.501,-0.30000,-23.127,523.58
0.54500,-4938.44,-2872.01,-0.8997,-26.4465,70.691,141.752,-0.30000,-22.706,524.61
0.54550,-4950.12,-2922.57,-0.9129,-26.2990,70.589,142.003,-0.30000,-22.274,525.63
0.54600,-4960.57,-2973.29,-0.9260,-26.2076,70.486,142.255,-0.30000,-21.832,526.62
0.54650,-4969.80,-3023.96,-0.9391,-26.1734,70.383,142.505,-0.30000,-21.382,527.59
0.54700,-4977.81,-3074.34,-0.9522,-26.1955,70.280,142.753,-0.30000,-20.926,528.54
0.54750,-4984.59,-3124.20,-0.9653,-26.2717,70.179,143.000,-0.30000,-20.467,529.47
0.54800,-4990.13,-3173.33,-0.9785,-26.3983,70.080,143.244,-0.30000,-20.005,530.38
0.54850,-4994.45,-3221.56,-0.9917,-26.5701,69.983,143.485,-0.30000,-19.543,531.27
0.54900,-4997.53,-3268.71,-1.0050,-26.7809,69.890,143.722,-0.30000,-19.082,532.13
0.54950,-4999.38,-3314.64,-1.0185,-27.0231,69.800,143.956,-0.30000,-18.623,532.98
0.55000,-5000.00,-3359.24,-1.0321,-27.2887,69.715,144.185,-0.30000,-18.167,533.80
0.55050,-4999.38,-3402.46,-1.0458,-27.5687,69.634,144.410,-0.30000,-17.715,534.59
0.55100,-4997.53,-3444.26,-1.0596,-27.8541,69.557,144.630,-0.30000,-17.266,535.37
0.55150,-4994.45,-3484.64,-1.0736,-28.1356,69.485,144.846,-0.30000,-16.820,536.13
0.55200,-4990.13,-3523.65,-1.0878,-28.4041,69.417,145.058,-0.30000,-16.377,536.86
0.55250,-4984.59,-3561.35,-1.1020,-28.6510,69.353,145.266,-0.30000,-15.935,537.57
0.55300,-4977.81,-3597.87,-1.1164,-28.8681,69.293,145.470,-0.30000,-15.494,538.26
0.55350,-4969.80,-3633.35,-1.1309,-29.0484,69.236,145.671,-0.30000,-15.052,538.93
0.55400,-4960.57,-3667.95,-1.1455,-29.1858,69.182,145.869,-0.30000,-14.605,539.58
0.55450,-4950.12,-3701.87,-1.1601,-29.2753,69.129,146.064,-0.30000,-14.153,540.20
0.55500,-4938.44,-3735.30,-1.1747,-29.3135,69.078,146.258,-0.30000,-13.692,540.80
0.55550,-4925.55,-3768.47,-1.1894,-29.2982,69.027,146.450,-0.30000,-13.220,541.38
0.55600,-4911.44,-3801.59,-1.2040,-29.2289,68.977,146.641,-0.30000,-12.733,541.93
0.55650,-4896.11,-3834.87,-1.2186,-29.1065,68.925,146.832,-0.30000,-12.230,542.46
0.55700,-4879.58,-3868.54,-1.2331,-28.9334,68.871,147.023,-0.30000,-11.706,542.97
0.55750,-4861.85,-3902.79,-1.2475,-28.7133,68.815,147.216,-0.30000,-11.159,543.45
0.55800,-4842.92,-3937.79,-1.2618,-28.4513,68.757,147.409,-0.30000,-10.586,543.90
0.55850,-4822.79,-3973.69,-1.2760,-28.1536,68.694,147.604,-0.30000,-9.985,544.33
0.55900,-4801.47,-4010.63,-1.2900,-27.8272,68.628,147.802,-0.30000,-9.353,544.72
0.55950,-4778.97,-4048.69,-1.3038,-27.4801,68.557,148.001,-0.30000,-8.688,545.09
0.56000,-4755.28,-4087.94,-1.3174,-27.1208,68.482,148.203,-0.30000,-7.989,545.42
0.56050,-4730.43,-4128.40,-1.3309,-26.7578,68.402,148.407,-0.30000,-7.253,545.72
0.56100,-4704.40,-4170.06,-1.3442,-26.4000,68.318,148.614,-0.30000,-6.480,545.99
0.56150,-4677.22,-4212.87,-1.3573,-26.0560,68.229,148.823,-0.30000,-5.670,546.22
0.56200,-4648.88,-4256.77,-1.3703,-25.7338,68.137,149.034,-0.30000,-4.821,546.42
0.56250,-4619.40,-4301.63,-1.3831,-25.4410,68.040,149.247,-0.30000,-3.935,546.58
0.56300,-4588.77,-4347.31,-1.3957,-25.1843,67.940,149.461,-0.30000,-3.012,546.70
0.56350,-4557.02,-4393.67,-1.4082,-24.9691,67.838,149.677,-0.30000,-2.053,546.78
0.56400,-4524.14,-4440.50,-1.4207,-24.8000,67.733,149.893,-0.30000,-1.059,546.82
0.56450,-4490.14,-4487.63,-1.4331,-24.6801,67.627,150.109,-0.30000,-0.032,546.82
0.56500,-4455.03,-4534.83,-1.4454,-24.6112,67.521,150.325,0.30000,1.026,546.86
0.56550,-4418.83,-4528.47,-1.4577,-24.5019,67.577,150.365,0.30000,1.421,546.92
0.56600,-4381.53,-4437.25,-1.4698,-23.9521,67.890,150.128,0.30000,0.728,546.94
0.56650,-4343.16,-4302.11,-1.4815,-22.6537,68.331,149.736,-0.30000,-0.541,546.97
0.56700,-4303.71,-4181.17,-1.4923,-20.4984,68.727,149.389,-0.30000,-1.631,547.03
0.56750,-4263.20,-4113.24,-1.5019,-17.7244,68.962,149.214,-0.30000,-2.015,547.10
0.56800,-4221.64,-4097.03,-1.5100,-14.6190,69.034,149.199,-0.30000,-1.691,547.16
0.56850,-4179.04,-4121.99,-1.5165,-11.4427,68.976,149.310,-0.30000,-0.782,547.19
0.56900,-4135.40,-4179.73,-1.5214,-8.4230,68.813,149.519,0.30000,0.614,547.21
0.56950,-4090.75,-4209.32,-1.5250,-5.6861,68.731,149.629,0.30000,1.660,547.27
0.57000,-4045.08,-4180.09,-1.5272,-3.0756,68.823,149.539,0.30000,1.912,547.34
0.57050,-3998.42,-4108.00,-1.5281,-0.5611,69.030,149.283,0.30000,1.570,547.40
0.57100,-3950.78,-3986.68,-1.5277,1.9692,69.366,148.833,0.30000,0.521,547.41
0.57150,-3902.15,-3833.75,-1.5261,4.7364,69.784,148.254,-0.30000,-1.004,547.45
0.57200,-3852.57,-3744.34,-1.5229,7.8675,70.016,147.897,-0.30000,-1.609,547.50
0.57250,-3802.03,-3759.66,-1.5182,10.9716,69.949,147.912,-0.30000,-0.638,547.52
0.57300,-3750.56,-3828.39,-1.5120,13.7487,69.716,148.097,0.30000,1.189,547.56
0.57350,-3698.16,-3891.78,-1.5045,16.0336,69.495,148.257,0.30000,2.997,547.66
0.57400,-3644.84,-3915.85,-1.4960,17.9712,69.384,148.272,0.30000,4.252,547.79
0.57450,-3590.63,-3883.67,-1.4866,19.7959,69.423,148.070,0.30000,4.666,547.94
0.57500,-3535.53,-3812.39,-1.4762,21.7341,69.567,147.715,0.30000,4.477,548.08
0.57550,-3479.56,-3716.22,-1.4648,23.9296,69.774,147.258,0.30000,3.891,548.20
0.57600,-3422.74,-3606.03,-1.4522,26.4615,70.014,146.740,0.30000,3.065,548.29
0.57650,-3365.06,-3490.13,-1.4383,29.3589,70.262,146.189,0.30000,2.129,548.35
0.57700,-3306.56,-3374.93,-1.4228,32.6113,70.501,145.626,0.30000,1.185,548.39
0.57750,-3247.24,-3265.30,-1.4056,36.1776,70.715,145.070,0.30000,0.319,548.40
0.57800,-3187.12,-3164.85,-1.3866,39.9934,70.894,144.531,-0.30000,-0.400,548.41
0.57850,-3126.21,-3156.90,-1.3656,43.8387,70.805,144.317,0.30000,0.562,548.42
0.57900,-3064.54,-3209.79,-1.3428,47.1553,70.537,144.311,0.30000,2.714,548.49
0.57950,-3002.10,-3235.58,-1.3185,49.9219,70.337,144.191,0.30000,4.447,548.61
0.58000,-2938.93,-3243.43,-1.2930,52.2297,70.180,143.996,0.30000,5.915,548.76
0.58050,-2875.03,-3239.66,-1.2664,54.1348,70.051,143.748,0.30000,7.228,548.95
0.58100,-2810.42,-3228.46,-1.2389,55.6703,69.937,143.466,0.30000,8.461,549.15
0.58150,-2745.11,-3212.51,-1.2108,56.8552,69.835,143.162,0.30000,9.663,549.39
0.58200,-2679.13,-3193.37,-1.1821,57.7006,69.738,142.842,0.30000,10.865,549.65
0.58250,-2612.49,-3171.79,-1.1531,58.2144,69.647,142.511,0.30000,12.084,549.93
0.58300,-2545.21,-3147.97,-1.1240,58.4047,69.562,142.170,0.30000,13.324,550.23
0.58350,-2477.29,-3121.71,-1.0948,58.2822,69.485,141.822,0.30000,14.581,550.55
0.58400,-2408.77,-3092.54,-1.0657,57.8616,69.416,141.465,0.30000,15.848,550.89
0.58450,-2339.65,-3059.88,-1.0370,57.1623,69.359,141.098,0.30000,17.110,551.25
0.58500,-2269.95,-3023.04,-1.0086,56.2091,69.317,140.720,0.30000,18.354,551.63
0.58550,-2199.70,-2981.37,-0.9808,55.0321,69.291,140.330,0.30000,19.563,552.02
0.58600,-2128.90,-2934.25,-0.9536,53.6662,69.285,139.927,0.30000,20.721,552.42
0.58650,-2057.57,-2881.16,-0.9271,52.1504,69.299,139.508,0.30000,21.815,552.83
0.58700,-1985.74,-2821.71,-0.9015,50.5271,69.336,139.074,0.30000,22.830,553.25
0.58750,-1913.42,-2755.66,-0.8766,48.8410,69.396,138.624,0.30000,23.758,553.67
0.58800,-1840.62,-2682.92,-0.8526,47.1382,69.480,138.157,0.30000,24.590,554.09
0.58850,-1767.37,-2603.60,-0.8295,45.4645,69.587,137.675,0.30000,25.321,554.51
0.58900,-1693.69,-2517.96,-0.8072,43.8648,69.716,137.177,0.30000,25.951,554.92
0.58950,-1619.59,-2426.43,-0.7856,42.3816,69.867,136.664,0.30000,26.482,555.33
0.59000,-1545.08,-2329.61,-0.7647,41.0536,70.036,136.140,0.30000,26.919,555.72
0.59050,-1470.20,-2228.22,-0.7445,39.9153,70.221,135.604,0.30000,27.275,556.10
0.59100,-1394.96,-2123.13,-0.7248,38.9957,70.421,135.060,0.30000,27.565,556.46
0.59150,-1319.37,-2015.29,-0.7055,38.3173,70.630,134.510,0.30000,27.810,556.81
0.59200,-1243.45,-1905.73,-0.6864,37.8962,70.846,133.957,0.30000,28.041,557.14
0.59250,-1167.23,-1795.53,-0.6675,37.7410,71.064,133.403,0.30000,28.293,557.46
0.59300,-1090.72,-1685.76,-0.6486,37.8530,71.282,132.852,0.30000,28.615,557.75
0.59350,-1013.94,-1577.50,-0.6296,38.2261,71.496,132.306,0.30000,29.066,558.03
0.59400,-936.91,-1471.78,-0.6104,38.8470,71.701,131.767,0.30000,29.722,558.30
0.59450,-859.65,-1369.56,-0.5908,39.6955,71.895,131.238,0.30000,30.675,558.56
0.59500,-782.17,-1271.68,-0.5707,40.7453,72.075,130.722,0.30000,32.040,558.80
0.59550,-704.51,-1178.89,-0.5500,41.9646,72.238,130.220,0.30000,33.955,559.04
0.59600,-626.67,-1091.78,-0.5287,43.3171,72.382,129.734,0.30000,36.583,559.27
0.59650,-548.67,-1010.78,-0.5066,44.7631,72.505,129.265,0.30000,40.105,559.50
0.59700,-470.54,-936.16,-0.4839,46.2601,72.607,128.813,0.30000,44.699,559.74
0.59750,-392.30,-868.01,-0.4604,47.7649,72.688,128.380,0.30000,50.490,559.97
0.59800,-313.95,-806.25,-0.4361,49.2340,72.747,127.963,0.30000,57.473,560.22
0.59850,-235.53,-750.61,-0.4112,50.6250,72.785,127.564,0.30000,65.427,560.48
0.59900,-157.05,-700.67,-0.3855,51.8982,72.805,127.180,0.30000,73.886,560.75
0.59950,-78.54,-655.86,-0.3593,53.0171,72.807,126.810,0.30000,82.253,561.04
0.60000,-0.00,-615.46,-0.3325,53.9496,72.795,126.453,0.30000,0.000,561.34
0.60050,78.54,-578.63,-0.3054,54.6690,72.771,126.106,0.30000,83.185,561.67
0.60100,157.05,-544.46,-0.2779,55.1548,72.738,125.767,0.30000,77.381,562.02
0.60150,235.53,-511.96,-0.2503,55.3928,72.700,125.433,0.30000,72.510,562.40
0.60200,313.95,-480.09,-0.2226,55.3759,72.661,125.102,0.30000,68.427,562.80
0.60250,392.30,-447.83,-0.1949,55.1039,72.623,124.770,0.30000,64.970,563.22
0.60300,470.54,-414.14,-0.1675,54.5838,72.591,124.436,0.30000,61.993,563.66
0.60350,548.67,-378.06,-0.1404,53.8295,72.568,124.096,0.30000,59.372,564.12
0.60400,626.67,-338.70,-0.1137,52.8611,72.556,123.749,0.30000,57.010,564.60
0.60450,704.51,-295.23,-0.0876,51.7048,72.559,123.393,0.30000,54.828,565.10
0.60500,782.17,-247.00,-0.0620,50.3916,72.580,123.024,0.30000,52.765,565.62
0.60550,859.65,-193.44,-0.0372,48.9569,72.619,122.643,0.30000,50.775,566.14
0.60600,936.91,-134.18,-0.0131,47.4392,72.678,122.249,0.30000,48.823,566.68
0.60650,1013.94,-68.97,0.0102,45.8791,72.759,121.840,0.30000,46.884,567.22
0.60700,1090.72,2.23,0.0328,44.3184,72.861,121.416,0.30000,44.941,567.77
0.60750,1167.23,79.32,0.0546,42.7984,72.983,120.978,0.30000,42.985,568.31
0.60800,1243.45,162.04,0.0756,41.3592,73.126,120.527,0.30000,41.013,568.85
0.60850,1319.37,249.94,0.0959,40.0386,73.287,120.063,0.30000,39.027,569.39
0.60900,1394.96,342.45,0.1157,38.8707,73.465,119.588,0.30000,37.035,569.91
0.60950,1470.20,438.88,0.1348,37.8855,73.657,119.105,0.30000,35.049,570.43
0.61000,1545.08,538.40,0.1536,37.1076,73.860,118.614,0.30000,33.086,570.93
0.61050,1619.59,640.14,0.1720,36.5558,74.072,118.119,0.30000,31.164,571.42
0.61100,1693.69,743.13,0.1902,36.2425,74.288,117.621,0.30000,29.303,571.90
0.61150,1767.37,846.38,0.2083,36.1736,74.507,117.124,0.30000,27.524,572.36
0.61200,1840.62,948.92,0.2264,36.3480,74.723,116.630,0.30000,25.848,572.80
0.61250,1913.42,1049.76,0.2447,36.7581,74.934,116.142,0.30000,24.293,573.23
0.61300,1985.74,1147.98,0.2632,37.3896,75.137,115.661,0.30000,22.874,573.65
0.61350,2057.57,1242.75,0.2821,38.2222,75.328,115.190,0.30000,21.604,574.06
0.61400,2128.90,1333.31,0.3014,39.2303,75.505,114.732,0.30000,20.491,574.46
0.61450,2199.70,1419.02,0.3213,40.3834,75.667,114.286,0.30000,19.540,574.85
0.61500,2269.95,1499.40,0.3418,41.6471,75.811,113.856,0.30000,18.750,575.23
0.61550,2339.65,1574.09,0.3630,42.9843,75.935,113.441,0.30000,18.119,575.62
0.61600,2408.77,1642.90,0.3848,44.3558,76.040,113.043,0.30000,17.638,576.00
0.61650,2477.29,1705.80,0.4074,45.7218,76.125,112.660,0.30000,17.298,576.38
0.61700,2545.21,1762.91,0.4306,47.0429,76.191,112.294,0.30000,17.085,576.78
0.61750,2612.49,1814.52,0.4544,48.2809,76.238,111.943,0.30000,16.985,577.17
0.61800,2679.13,1861.07,0.4788,49.4003,76.269,111.605,0.30000,16.980,577.58
0.61850,2745.11,1903.13,0.5038,50.3690,76.284,111.281,0.30000,17.052,578.00
0.61900,2810.42,1941.38,0.5292,51.1592,76.287,110.967,0.30000,17.183,578.44
0.61950,2875.03,1976.62,0.5549,51.7482,76.280,110.661,0.30000,17.353,578.89
0.62000,2938.93,2009.70,0.5809,52.1188,76.266,110.363,0.30000,17.546,579.35
0.62050,3002.10,2041.55,0.6070,52.2603,76.248,110.068,0.30000,17.743,579.83
0.62100,3064.54,2073.11,0.6331,52.1680,76.230,109.774,0.30000,17.927,580.33
0.62150,3126.21,2105.33,0.6591,51.8441,76.215,109.480,0.30000,18.085,580.84
0.62200,3187.12,2139.13,0.6849,51.2967,76.205,109.183,0.30000,18.202,581.36
0.62250,3247.24,2175.38,0.7104,50.5405,76.205,108.880,0.30000,18.267,581.90
0.62300,3306.56,2214.87,0.7354,49.5957,76.216,108.569,0.30000,18.271,582.45
0.62350,3365.06,2258.31,0.7599,48.4876,76.241,108.250,0.30000,18.206,583.00
0.62400,3422.74,2306.27,0.7839,47.2460,76.283,107.919,0.30000,18.066,583.56
0.62450,3479.56,2359.22,0.8072,45.9042,76.342,107.576,0.30000,17.847,584.12
0.62500,3535.53,2417.47,0.8298,44.4981,76.420,107.221,0.30000,17.549,584.68
0.62550,3590.63,2481.16,0.8517,43.0653,76.517,106.852,0.30000,17.171,585.23
0.62600,3644.84,2550.32,0.8728,41.6437,76.634,106.471,0.30000,16.715,585.78
0.62650,3698.16,2624.79,0.8933,40.2711,76.770,106.076,0.30000,16.185,586.31
0.62700,3750.56,2704.28,0.9131,38.9834,76.923,105.669,0.30000,15.587,586.84
0.62750,3802.03,2788.35,0.9323,37.8143,77.093,105.252,0.30000,14.929,587.34
0.62800,3852.57,2876.44,0.9510,36.7937,77.277,104.825,0.30000,14.218,587.83
0.62850,3902.15,2967.87,0.9691,35.9476,77.474,104.391,0.30000,13.465,588.30
0.62900,3950.78,3061.87,0.9869,35.2968,77.680,103.950,0.30000,12.680,588.74
0.62950,3998.42,3157.62,1.0045,34.8567,77.892,103.507,0.30000,11.875,589.16
0.63000,4045.08,3254.22,1.0218,34.6367,78.108,103.062,0.30000,11.062,589.56
0.63050,4090.75,3350.78,1.0391,34.6403,78.325,102.618,0.30000,10.253,589.93
0.63100,4135.40,3446.39,1.0565,34.8646,78.539,102.178,0.30000,9.459,590.27
0.63150,4179.04,3540.17,1.0740,35.3006,78.747,101.743,0.30000,8.692,590.59
0.63200,4221.64,3631.31,1.0918,35.9335,78.947,101.317,0.30000,7.960,590.89
0.63250,4263.20,3719.05,1.1100,36.7432,79.135,100.900,0.30000,7.274,591.16
0.63300,4303.71,3802.76,1.1286,37.7048,79.310,100.494,0.30000,6.639,591.41
0.63350,4343.16,3881.88,1.1477,38.7893,79.470,100.102,0.30000,6.063,591.64
0.63400,4381.53,3956.00,1.1674,39.9643,79.614,99.723,0.30000,5.547,591.86
0.63450,4418.83,4024.86,1.1877,41.1953,79.739,99.359,0.30000,5.095,592.05
0.63500,4455.03,4088.32,1.2086,42.4463,79.847,99.009,0.30000,4.706,592.24
0.63550,4490.14,4146.39,1.2301,43.6808,79.937,98.674,0.30000,4.378,592.41
0.63600,4524.14,4199.25,1.2523,44.8633,80.009,98.354,0.30000,4.107,592.57
0.63650,4557.02,4247.20,1.2750,45.9594,80.064,98.047,0.30000,3.889,592.73
0.63700,4588.77,4290.67,1.2982,46.9377,80.105,97.753,0.30000,3.717,592.87
0.63750,4619.40,4330.22,1.3219,47.7700,80.133,97.470,0.30000,3.582,593.02
0.63800,4648.88,4366.52,1.3460,48.4323,80.150,97.196,0.30000,3.476,593.16
0.63850,4677.22,4400.30,1.3703,48.9055,80.159,96.929,0.30000,3.388,593.30
0.63900,4704.40,4432.37,1.3948,49.1757,80.162,96.667,0.30000,3.309,593.43
0.63950,4730.43,4463.58,1.4194,49.2349,80.163,96.408,0.30000,3.229,593.57
0.64000,4755.28,4494.80,1.4440,49.0808,80.164,96.150,0.30000,3.135,593.70
0.64050,4778.97,4526.89,1.4685,48.7170,80.169,95.891,0.30000,3.019,593.82
0.64100,4801.47,4560.67,1.4927,48.1530,80.180,95.628,0.30000,2.871,593.94
0.64150,4822.79,4596.92,1.5166,47.4036,80.200,95.359,0.30000,2.681,594.06
0.64200,4842.92,4636.33,1.5401,46.4890,80.231,95.083,0.30000,2.443,594.16
0.64250,4861.85,4679.52,1.5631,45.4336,80.276,94.798,0.30000,2.148,594.25
0.64300,4879.58,4726.99,1.5855,44.2656,80.337,94.503,0.30000,1.791,594.33
0.64350,4896.11,4779.10,1.6073,43.0163,80.413,94.196,0.30000,1.369,594.39
0.64400,4911.44,4836.09,1.6285,41.7191,80.507,93.878,0.30000,0.879,594.42
0.64450,4925.55,4898.07,1.6490,40.4083,80.619,93.547,0.30000,0.320,594.44
0.64500,4938.44,4965.00,1.6689,39.1187,80.748,93.205,-0.30000,-0.308,594.45
0.64550,4950.12,4964.80,1.6882,37.7611,80.678,93.090,-0.30000,-0.170,594.46
0.64600,4960.57,4855.31,1.7066,35.8307,80.282,93.343,0.30000,1.216,594.51
0.64650,4969.80,4744.56,1.7238,33.0171,79.887,93.607,0.30000,2.595,594.62
0.64700,4977.81,4703.10,1.7395,29.5863,79.706,93.651,0.30000,3.159,594.76
0.64750,4984.59,4716.94,1.7534,25.8754,79.698,93.522,0.30000,3.074,594.90
0.64800,4990.13,4774.95,1.7654,22.1599,79.829,93.257,0.30000,2.469,595.00
0.64850,4994.45,4868.20,1.7756,18.6654,80.073,92.887,0.30000,1.448,595.07
0.64900,4997.53,4989.35,1.7841,15.5761,80.408,92.435,0.30000,0.094,595.07
0.64950,4999.38,5132.05,1.7912,13.0407,80.812,91.920,-0.30000,-1.520,595.14
0.65000,5000.00,5219.02,1.7972,11.0528,81.053,91.596,-0.30000,-2.508,595.25
0.65050,4999.38,5206.03,1.8023,9.1671,80.995,91.609,-0.30000,-2.367,595.35
0.65100,4997.53,5152.38,1.8064,7.0812,80.827,91.775,-0.30000,-1.775,595.43
0.65150,4994.45,5056.02,1.8093,4.6655,80.551,92.118,-0.30000,-0.706,595.46
0.65200,4990.13,4932.92,1.8110,1.9165,80.211,92.578,0.30000,0.657,595.49
0.65250,4984.59,4861.20,1.8112,-0.9098,80.018,92.854,0.30000,1.418,595.55
0.65300,4977.81,4873.15,1.8102,-3.3487,80.059,92.822,0.30000,1.204,595.60
0.65350,4969.80,4946.33,1.8080,-5.2602,80.287,92.592,0.30000,0.271,595.61
0.65400,4960.57,5074.62,1.8050,-6.4876,80.683,92.184,-0.30000,-1.317,595.67
0.65450,4950.12,5169.02,1.8016,-6.9988,80.979,91.890,-0.30000,-2.532,595.78
0.65500,4938.44,5194.93,1.7981,-7.1729,81.072,91.828,-0.30000,-2.973,595.91
0.65550,4925.55,5171.35,1.7944,-7.2748,81.031,91.958,-0.30000,-2.857,596.03
0.65600,4911.44,5105.32,1.7908,-7.5457,80.878,92.252,-0.30000,-2.261,596.13
0.65650,4896.11,5010.34,1.7868,-8.1518,80.648,92.661,-0.30000,-1.337,596.18
0.65700,4879.58,4896.96,1.7825,-9.1975,80.372,93.145,-0.30000,-0.204,596.19
0.65750,4861.85,4773.50,1.7776,-10.7430,80.072,93.675,0.30000,1.041,596.24
0.65800,4842.92,4712.64,1.7717,-12.7014,79.946,93.971,0.30000,1.541,596.30
0.65850,4822.79,4753.80,1.7649,-14.5779,80.099,93.884,0.30000,0.820,596.34
0.65900,4801.47,4850.11,1.7572,-15.9951,80.416,93.609,-0.30000,-0.580,596.36
0.65950,4778.97,4938.73,1.7490,-16.7719,80.711,93.363,-0.30000,-1.915,596.44
0.66000,4755.28,4981.89,1.7405,-17.0947,80.880,93.285,-0.30000,-2.728,596.55
0.66050,4730.43,4975.23,1.7319,-17.2042,80.916,93.400,-0.30000,-2.962,596.68
0.66100,4704.40,4932.72,1.7233,-17.3124,80.856,93.653,-0.30000,-2.779,596.79
0.66150,4677.22,4865.14,1.7146,-17.5695,80.728,94.004,-0.30000,-2.301,596.88
0.66200,4648.88,4780.80,1.7057,-18.0766,80.557,94.421,-0.30000,-1.625,596.95
0.66250,4619.40,4686.23,1.6965,-18.8963,80.360,94.881,-0.30000,-0.829,596.98
0.66300,4588.77,4586.63,1.6867,-20.0595,80.152,95.364,0.30000,0.027,596.98
0.66350,4557.02,4551.95,1.6764,-21.4588,80.123,95.605,0.30000,0.064,596.99
0.66400,4524.14,4621.58,1.6653,-22.5879,80.378,95.451,-0.30000,-1.234,597.04
0.66450,4490.14,4701.09,1.6539,-23.1210,80.663,95.263,-0.30000,-2.690,597.14
0.66500,4455.03,4729.84,1.6423,-23.2115,80.812,95.272,-0.30000,-3.530,597.28
0.66550,4418.83,4719.44,1.6307,-23.0872,80.855,95.430,-0.30000,-3.892,597.43
0.66600,4381.53,4680.57,1.6192,-22.9171,80.821,95.697,-0.30000,-3.904,597.58
0.66650,4343.16,4621.34,1.6078,-22.8235,80.731,96.040,-0.30000,-3.665,597.72
0.66700,4303.71,4548.03,1.5964,-22.8923,80.603,96.438,-0.30000,-3.249,597.84
0.66750,4263.20,4465.56,1.5848,-23.1803,80.450,96.870,-0.30000,-2.718,597.94
0.66800,4221.64,4377.85,1.5731,-23.7206,80.284,97.325,-0.30000,-2.119,598.02
0.66850,4179.04,4288.10,1.5611,-24.5265,80.115,97.790,-0.30000,-1.495,598.07
0.66900,4135.40,4198.86,1.5486,-25.5954,79.949,98.258,-0.30000,-0.879,598.11
0.66950,4090.75,4112.26,1.5354,-26.9106,79.794,98.721,-0.30000,-0.301,598.12
0.67000,4045.08,4029.98,1.5216,-28.4446,79.654,99.174,0.30000,0.214,598.12
0.67050,3998.42,4018.51,1.5070,-30.0488,79.711,99.364,-0.30000,-0.288,598.13
0.67100,3950.78,4051.85,1.4916,-31.3044,79.894,99.391,-0.30000,-1.465,598.18
0.67150,3902.15,4058.93,1.4757,-32.2265,80.008,99.523,-0.30000,-2.301,598.26
0.67200,3852.57,4047.38,1.4594,-32.9196,80.074,99.729,-0.30000,-2.895,598.36
0.67250,3802.03,4022.71,1.4428,-33.4575,80.106,99.987,-0.30000,-3.322,598.47
0.67300,3750.56,3988.92,1.4260,-33.8914,80.114,100.283,-0.30000,-3.636,598.59
0.67350,3698.16,3948.88,1.4090,-34.2561,80.106,100.603,-0.30000,-3.879,598.71
0.67400,3644.84,3904.70,1.3918,-34.5747,80.087,100.940,-0.30000,-4.078,598.84
0.67450,3590.63,3857.87,1.3744,-34.8617,80.062,101.288,-0.30000,-4.256,598.98
0.67500,3535.53,3809.47,1.3569,-35.1252,80.033,101.642,-0.30000,-4.430,599.12
0.67550,3479.56,3760.26,1.3393,-35.3692,80.002,102.001,-0.30000,-4.612,599.26
0.67600,3422.74,3710.77,1.3215,-35.5945,79.970,102.360,-0.30000,-4.810,599.40
0.67650,3365.06,3661.35,1.3037,-35.7999,79.939,102.720,-0.30000,-5.032,599.55
0.67700,3306.56,3612.24,1.2857,-35.9830,79.909,103.079,-0.30000,-5.282,599.70
0.67750,3247.24,3563.54,1.2677,-36.1405,79.880,103.437,-0.30000,-5.563,599.86
0.67800,3187.12,3515.31,1.2496,-36.2691,79.852,103.793,-0.30000,-5.879,600.02
0.67850,3126.21,3467.53,1.2314,-36.3655,79.826,104.147,-0.30000,-6.231,600.19
0.67900,3064.54,3420.15,1.2132,-36.4270,79.800,104.499,-0.30000,-6.619,600.37
0.67950,3002.10,3373.07,1.1950,-36.4513,79.775,104.850,-0.30000,-7.044,600.56
0.68000,2938.93,3326.18,1.1768,-36.4372,79.750,105.199,-0.30000,-7.507,600.75
0.68050,2875.03,3279.36,1.1586,-36.3840,79.725,105.547,-0.30000,-8.005,600.95
0.68100,2810.42,3232.47,1.1404,-36.2923,79.699,105.895,-0.30000,-8.541,601.16
0.68150,2745.11,3185.36,1.1223,-36.1635,79.672,106.242,-0.30000,-9.111,601.38
0.68200,2679.13,3137.92,1.1043,-36.0001,79.643,106.589,-0.30000,-9.717,601.61
0.68250,2612.49,3090.00,1.0863,-35.8053,79.611,106.936,-0.30000,-10.358,601.85
0.68300,2545.21,3041.51,1.0685,-35.5833,79.578,107.284,-0.30000,-11.034,602.10
0.68350,2477.29,2992.34,1.0507,-35.3390,79.541,107.632,-0.30000,-11.745,602.36
0.68400,2408.77,2942.43,1.0331,-35.0776,79.501,107.981,-0.30000,-12.492,602.62
0.68450,2339.65,2891.72,1.0156,-34.8051,79.458,108.332,-0.30000,-13.277,602.90
0.68500,2269.95,2840.19,0.9983,-34.5275,79.411,108.683,-0.30000,-14.101,603.19
0.68550,2199.70,2787.83,0.9811,-34.2512,79.361,109.036,-0.30000,-14.969,603.48
0.68600,2128.90,2734.67,0.9641,-33.9822,79.307,109.390,-0.30000,-15.884,603.78
0.68650,2057.57,2680.75,0.9471,-33.7264,79.251,109.745,-0.30000,-16.850,604.09
0.68700,1985.74,2626.14,0.9303,-33.4894,79.191,110.100,-0.30000,-17.875,604.41
0.68750,1913.42,2570.94,0.9136,-33.2761,79.129,110.456,-0.30000,-18.965,604.74
0.68800,1840.62,2515.25,0.8971,-33.0908,79.064,110.813,-0.30000,-20.129,605.08
0.68850,1767.37,2459.19,0.8805,-32.9370,78.997,111.169,-0.30000,-21.377,605.43
0.68900,1693.69,2402.90,0.8641,-32.8172,78.930,111.525,-0.30000,-22.721,605.78
0.68950,1619.59,2346.53,0.8477,-32.7332,78.861,111.880,-0.30000,-24.173,606.14
0.69000,1545.08,2290.21,0.8314,-32.6856,78.792,112.234,-0.30000,-25.746,606.52
0.69050,1470.20,2234.11,0.8150,-32.6739,78.723,112.587,-0.30000,-27.456,606.90
0.69100,1394.96,2178.35,0.7987,-32.6969,78.654,112.938,-0.30000,-29.318,607.29
0.69150,1319.37,2123.08,0.7823,-32.7522,78.587,113.286,-0.30000,-31.348,607.69
0.69200,1243.45,2068.41,0.7659,-32.8366,78.521,113.632,-0.30000,-33.562,608.10
0.69250,1167.23,2014.45,0.7495,-32.9462,78.457,113.975,-0.30000,-35.974,608.53
0.69300,1090.72,1961.30,0.7330,-33.0763,78.395,114.315,-0.30000,-38.596,608.96
0.69350,1013.94,1909.02,0.7164,-33.2217,78.336,114.652,-0.30000,-41.437,609.41
0.69400,936.91,1857.66,0.6998,-33.3769,78.279,114.985,-0.30000,-44.502,609.87
0.69450,859.65,1807.23,0.6830,-33.5360,78.225,115.315,-0.30000,-47.786,610.35
0.69500,782.17,1757.75,0.6662,-33.6930,78.174,115.642,-0.30000,-51.279,610.83
0.69550,704.51,1709.18,0.6493,-33.8423,78.125,115.965,-0.30000,-54.961,611.34
0.69600,626.67,1661.48,0.6324,-33.9782,78.079,116.286,-0.30000,-58.802,611.85
0.69650,548.67,1614.58,0.6154,-34.0955,78.035,116.603,-0.30000,-62.763,612.39
0.69700,470.54,1568.39,0.5983,-34.1896,77.992,116.917,-0.30000,-66.800,612.93
0.69750,392.30,1522.80,0.5812,-34.2567,77.952,117.229,-0.30000,-70.863,613.50
0.69800,313.95,1477.70,0.5640,-34.2934,77.912,117.539,-0.30000,-74.902,614.08
0.69850,235.53,1432.95,0.5469,-34.2975,77.873,117.847,-0.30000,-78.872,614.68
0.69900,157.05,1388.42,0.5298,-34.2675,77.834,118.153,-0.30000,-82.731,615.30
0.69950,78.54,1343.97,0.5126,-34.2030,77.795,118.459,-0.30000,-86.449,615.93
0.70000,-0.00,1299.45,0.4956,-34.1045,77.755,118.763,-0.30000,0.000,616.58
0.70050,-78.54,1254.74,0.4785,-33.9734,77.714,119.067,-0.30000,-86.629,617.25
0.70100,-157.05,1209.70,0.4616,-33.8121,77.671,119.372,-0.30000,-83.445,617.93
0.70150,-235.53,1164.23,0.4447,-33.6237,77.627,119.676,-0.30000,-80.449,618.63
0.70200,-313.95,1118.22,0.4280,-33.4122,77.579,119.981,-0.30000,-77.636,619.34
0.70250,-392.30,1071.59,0.4113,-33.1819,77.530,120.286,-0.30000,-74.998,620.08
0.70300,-470.54,1024.28,0.3948,-32.9380,77.477,120.593,-0.30000,-72.527,620.82
0.70350,-548.67,976.24,0.3784,-32.6857,77.421,120.900,-0.30000,-70.211,621.59
0.70400,-626.67,927.47,0.3621,-32.4308,77.362,121.208,-0.30000,-68.039,622.36
0.70450,-704.51,877.96,0.3459,-32.1787,77.300,121.517,-0.30000,-66.002,623.15
0.70500,-782.17,827.74,0.3299,-31.9349,77.235,121.828,-0.30000,-64.087,623.96
0.70550,-859.65,776.86,0.3140,-31.7048,77.168,122.139,-0.30000,-62.287,624.78
0.70600,-936.91,725.38,0.2982,-31.4932,77.097,122.450,-0.30000,-60.593,625.61
0.70650,-1013.94,673.40,0.2825,-31.3043,77.024,122.762,-0.30000,-58.998,626.45
0.70700,-1090.72,621.02,0.2669,-31.1418,76.950,123.075,-0.30000,-57.495,627.31
0.70750,-1167.23,568.35,0.2514,-31.0086,76.874,123.387,-0.30000,-56.078,628.18
0.70800,-1243.45,515.52,0.2359,-30.9069,76.797,123.698,-0.30000,-54.743,629.06
0.70850,-1319.37,462.65,0.2205,-30.8377,76.719,124.009,-0.30000,-53.485,629.95
0.70900,-1394.96,409.89,0.2050,-30.8015,76.641,124.319,-0.30000,-52.300,630.85
0.70950,-1470.20,357.36,0.1896,-30.7975,76.563,124.627,-0.30000,-51.185,631.76
0.71000,-1545.08,305.20,0.1742,-30.8243,76.486,124.933,-0.30000,-50.136,632.69
0.71050,-1619.59,253.51,0.1588,-30.8795,76.410,125.237,-0.30000,-49.151,633.62
0.71100,-1693.69,202.41,0.1434,-30.9600,76.335,125.539,-0.30000,-48.227,634.57
0.71150,-1767.37,151.98,0.1279,-31.0620,76.263,125.838,-0.30000,-47.361,635.53
0.71200,-1840.62,102.31,0.1123,-31.1812,76.192,126.134,-0.30000,-46.549,636.50
0.71250,-1913.42,53.44,0.0967,-31.3126,76.124,126.427,-0.30000,-45.789,637.49
0.71300,-1985.74,5.42,0.0810,-31.4513,76.058,126.717,-0.30000,-45.078,638.48
0.71350,-2057.57,-41.74,0.0652,-31.5917,75.994,127.005,-0.30000,-44.413,639.49
0.71400,-2128.90,-88.05,0.0494,-31.7288,75.933,127.289,-0.30000,-43.790,640.51
0.71450,-2199.70,-133.54,0.0335,-31.8571,75.874,127.570,-0.30000,-43.207,641.54
0.71500,-2269.95,-178.26,0.0175,-31.9719,75.817,127.848,-0.30000,-42.660,642.59
0.71550,-2339.65,-222.28,0.0015,-32.0685,75.763,128.123,-0.30000,-42.145,643.65
0.71600,-2408.77,-265.68,-0.0145,-32.1430,75.710,128.397,-0.30000,-41.660,644.72
0.71650,-2477.29,-308.56,-0.0306,-32.1921,75.658,128.668,-0.30000,-41.200,645.80
0.71700,-2545.21,-351.03,-0.0467,-32.2129,75.607,128.937,-0.30000,-40.764,646.90
0.71750,-2612.49,-393.22,-0.0628,-32.2038,75.556,129.204,-0.30000,-40.347,648.01
0.71800,-2679.13,-435.25,-0.0789,-32.1637,75.506,129.470,-0.30000,-39.948,649.13
0.71850,-2745.11,-477.24,-0.0950,-32.0925,75.455,129.736,-0.30000,-39.562,650.27
0.71900,-2810.42,-519.32,-0.1110,-31.9908,75.404,130.000,-0.30000,-39.187,651.41
0.71950,-2875.03,-561.62,-0.1270,-31.8603,75.351,130.265,-0.30000,-38.822,652.57
0.72000,-2938.93,-604.23,-0.1429,-31.7034,75.296,130.529,-0.30000,-38.464,653.74
0.72050,-3002.10,-647.26,-0.1587,-31.5229,75.240,130.794,-0.30000,-38.111,654.91
0.72100,-3064.54,-690.80,-0.1744,-31.3228,75.181,131.059,-0.30000,-37.761,656.10
0.72150,-3126.21,-734.92,-0.1900,-31.1072,75.120,131.325,-0.30000,-37.413,657.30
0.72200,-3187.12,-779.66,-0.2055,-30.8807,75.057,131.592,-0.30000,-37.066,658.50
0.72250,-3247.24,-825.05,-0.2209,-30.6483,74.990,131.859,-0.30000,-36.720,659.71
0.72300,-3306.56,-871.11,-0.2361,-30.4150,74.921,132.128,-0.30000,-36.374,660.93
0.72350,-3365.06,-917.82,-0.2513,-30.1859,74.849,132.397,-0.30000,-36.026,662.15
0.72400,-3422.74,-965.16,-0.2663,-29.9659,74.774,132.667,-0.30000,-35.679,663.38
0.72450,-3479.56,-1013.08,-0.2812,-29.7596,74.697,132.938,-0.30000,-35.331,664.62
0.72500,-3535.53,-1061.50,-0.2961,-29.5713,74.618,133.209,-0.30000,-34.983,665.85
0.72550,-3590.63,-1110.34,-0.3108,-29.4046,74.537,133.481,-0.30000,-34.635,667.09
0.72600,-3644.84,-1159.51,-0.3255,-29.2627,74.454,133.752,-0.30000,-34.289,668.34
0.72650,-3698.16,-1208.90,-0.3401,-29.1479,74.369,134.023,-0.30000,-33.945,669.58
0.72700,-3750.56,-1258.40,-0.3546,-29.0619,74.284,134.294,-0.30000,-33.603,670.83
0.72750,-3802.03,-1307.88,-0.3692,-29.0056,74.199,134.564,-0.30000,-33.265,672.07
0.72800,-3852.57,-1357.22,-0.3837,-28.9788,74.113,134.833,-0.30000,-32.932,673.32
0.72850,-3902.15,-1406.32,-0.3981,-28.9809,74.028,135.100,-0.30000,-32.603,674.57
0.72900,-3950.78,-1455.04,-0.4126,-29.0102,73.944,135.365,-0.30000,-32.281,675.82
0.72950,-3998.42,-1503.30,-0.4272,-29.0643,73.861,135.629,-0.30000,-31.965,677.06
0.73000,-4045.08,-1551.00,-0.4417,-29.1403,73.779,135.890,-0.30000,-31.657,678.31
0.73050,-4090.75,-1598.06,-0.4563,-29.2345,73.699,136.149,-0.30000,-31.356,679.56
0.73100,-4135.40,-1644.42,-0.4709,-29.3428,73.621,136.405,-0.30000,-31.063,680.80
0.73150,-4179.04,-1690.03,-0.4856,-29.4608,73.545,136.658,-0.30000,-30.778,682.05
0.73200,-4221.64,-1734.86,-0.5004,-29.5838,73.471,136.909,-0.30000,-30.500,683.29
0.73250,-4263.20,-1778.92,-0.5152,-29.7070,73.400,137.157,-0.30000,-30.230,684.53
0.73300,-4303.71,-1822.22,-0.5301,-29.8255,73.330,137.402,-0.30000,-29.967,685.77
0.73350,-4343.16,-1864.78,-0.5451,-29.9349,73.263,137.644,-0.30000,-29.711,687.01
0.73400,-4381.53,-1906.66,-0.5600,-30.0306,73.197,137.884,-0.30000,-29.460,688.25
0.73450,-4418.83,-1947.92,-0.5751,-30.1088,73.134,138.122,-0.30000,-29.213,689.49
0.73500,-4455.03,-1988.64,-0.5901,-30.1660,73.071,138.357,-0.30000,-28.970,690.72
0.73550,-4490.14,-2028.93,-0.6052,-30.1994,73.010,138.591,-0.30000,-28.729,691.95
0.73600,-4524.14,-2068.88,-0.6203,-30.2069,72.949,138.823,-0.30000,-28.489,693.18
0.73650,-4557.02,-2108.59,-0.6354,-30.1869,72.889,139.053,-0.30000,-28.249,694.40
0.73700,-4588.77,-2148.20,-0.6505,-30.1389,72.829,139.283,-0.30000,-28.007,695.62
0.73750,-4619.40,-2187.81,-0.6656,-30.0629,72.768,139.512,-0.30000,-27.762,696.84
0.73800,-4648.88,-2227.53,-0.6806,-29.9599,72.706,139.740,-0.30000,-27.513,698.05
0.73850,-4677.22,-2267.46,-0.6955,-29.8314,72.644,139.968,-0.30000,-27.258,699.25
0.73900,-4704.40,-2307.71,-0.7104,-29.6799,72.579,140.196,-0.30000,-26.997,700.45
0.73950,-4730.43,-2348.36,-0.7252,-29.5083,72.513,140.425,-0.30000,-26.728,701.64
0.74000,-4755.28,-2389.49,-0.7399,-29.3200,72.445,140.654,-0.30000,-26.451,702.83
0.74050,-4778.97,-2431.14,-0.7545,-29.1190,72.374,140.883,-0.30000,-26.164,704.00
0.74100,-4801.47,-2473.36,-0.7690,-28.9097,72.301,141.114,-0.30000,-25.868,705.16
0.74150,-4822.79,-2516.17,-0.7834,-28.6964,72.226,141.345,-0.30000,-25.561,706.32
0.74200,-4842.92,-2559.58,-0.7977,-28.4838,72.148,141.577,-0.30000,-25.243,707.46
0.74250,-4861.85,-2603.57,-0.8119,-28.2764,72.068,141.810,-0.30000,-24.914,708.59
0.74300,-4879.58,-2648.10,-0.8260,-28.0785,71.985,142.043,-0.30000,-24.575,709.70
0.74350,-4896.11,-2693.13,-0.8400,-27.8942,71.901,142.277,-0.30000,-24.225,710.80
0.74400,-4911.44,-2738.59,-0.8539,-27.7272,71.814,142.511,-0.30000,-23.865,711.89
0.74450,-4925.55,-2784.39,-0.8677,-27.5807,71.725,142.746,-0.30000,-23.495,712.96
0.74500,-4938.44,-2830.46,-0.8815,-27.4572,71.636,142.980,-0.30000,-23.115,714.02
0.74550,-4950.12,-2876.69,-0.8952,-27.3588,71.545,143.214,-0.30000,-22.727,715.05
0.74600,-4960.57,-2922.98,-0.9089,-27.2866,71.454,143.448,-0.30000,-22.331,716.07
0.74650,-4969.80,-2969.21,-0.9225,-27.2412,71.362,143.680,-0.30000,-21.927,717.07
0.74700,-4977.81,-3015.29,-0.9361,-27.2223,71.271,143.912,-0.30000,-21.517,718.05
0.74750,-4984.59,-3061.10,-0.9497,-27.2290,71.180,144.142,-0.30000,-21.101,719.01
0.74800,-4990.13,-3106.54,-0.9633,-27.2596,71.090,144.370,-0.30000,-20.680,719.96
0.74850,-4994.45,-3151.53,-0.9770,-27.3118,71.001,144.597,-0.30000,-20.254,720.88
0.74900,-4997.53,-3195.99,-0.9906,-27.3828,70.913,144.821,-0.30000,-19.824,721.78
0.74950,-4999.38,-3239.85,-1.0044,-27.4690,70.827,145.044,-0.30000,-19.390,722.66
0.75000,-5000.00,-3283.05,-1.0181,-27.5667,70.743,145.263,-0.30000,-18.952,723.52
0.75050,-4999.38,-3325.57,-1.0319,-27.6719,70.661,145.481,-0.30000,-18.511,724.35
0.75100,-4997.53,-3367.39,-1.0458,-27.7802,70.580,145.695,-0.30000,-18.066,725.17
0.75150,-4994.45,-3408.50,-1.0597,-27.8873,70.502,145.908,-0.30000,-17.617,725.96
0.75200,-4990.13,-3448.93,-1.0737,-27.9890,70.426,146.117,-0.30000,-17.163,726.73
0.75250,-4984.59,-3488.70,-1.0877,-28.0810,70.351,146.325,-0.30000,-16.705,727.48
0.75300,-4977.81,-3527.88,-1.1018,-28.1597,70.279,146.530,-0.30000,-16.240,728.21
0.75350,-4969.80,-3566.51,-1.1159,-28.2216,70.207,146.733,-0.30000,-15.768,728.91
0.75400,-4960.57,-3604.69,-1.1300,-28.2638,70.137,146.934,-0.30000,-15.287,729.58
0.75450,-4950.12,-3642.49,-1.1441,-28.2838,70.068,147.134,-0.30000,-14.797,730.24
0.75500,-4938.44,-3680.02,-1.1583,-28.2800,69.999,147.332,-0.30000,-14.296,730.87
0.75550,-4925.55,-3717.37,-1.1724,-28.2513,69.931,147.530,-0.30000,-13.782,731.47
0.75600,-4911.44,-3754.64,-1.1865,-28.1973,69.862,147.726,-0.30000,-13.253,732.05
0.75650,-4896.11,-3791.95,-1.2006,-28.1184,69.793,147.922,-0.30000,-12.709,732.60
0.75700,-4879.58,-3829.38,-1.2146,-28.0155,69.723,148.117,-0.30000,-12.146,733.13
0.75750,-4861.85,-3867.03,-1.2286,-27.8904,69.652,148.312,-0.30000,-11.564,733.62
0.75800,-4842.92,-3904.98,-1.2425,-27.7452,69.580,148.508,-0.30000,-10.961,734.09
0.75850,-4822.79,-3943.32,-1.2563,-27.5829,69.505,148.703,-0.30000,-10.335,734.53
0.75900,-4801.47,-3982.09,-1.2701,-27.4068,69.429,148.900,-0.30000,-9.684,734.94
0.75950,-4778.97,-4021.35,-1.2837,-27.2204,69.351,149.096,-0.30000,-9.008,735.32
0.76000,-4755.28,-4061.12,-1.2973,-27.0278,69.271,149.294,-0.30000,-8.305,735.67
0.76050,-4730.43,-4101.42,-1.3108,-26.8329,69.188,149.492,-0.30000,-7.574,735.98
0.76100,-4704.40,-4142.25,-1.3241,-26.6399,69.103,149.691,-0.30000,-6.814,736.26
0.76150,-4677.22,-4183.59,-1.3374,-26.4528,69.017,149.891,-0.30000,-6.025,736.51
0.76200,-4648.88,-4225.40,-1.3506,-26.2754,68.928,150.091,-0.30000,-5.205,736.72
0.76250,-4619.40,-4267.64,-1.3637,-26.1114,68.837,150.292,-0.30000,-4.355,736.90
0.76300,-4588.77,-4310.23,-1.3767,-25.9640,68.744,150.493,-0.30000,-3.474,737.04
0.76350,-4557.02,-4353.11,-1.3897,-25.8357,68.651,150.693,-0.30000,-2.562,737.14
0.76400,-4524.14,-4396.20,-1.4025,-25.7287,68.556,150.894,-0.30000,-1.620,737.20
0.76450,-4490.14,-4439.40,-1.4154,-25.6447,68.460,151.095,-0.30000,-0.647,737.23
0.76500,-4455.03,-4482.61,-1.4282,-25.5845,68.364,151.295,0.30000,0.355,737.24
0.76550,-4418.83,-4472.29,-1.4410,-25.4568,68.431,151.321,0.30000,0.693,737.27
0.76600,-4381.53,-4377.25,-1.4536,-24.8620,68.758,151.073,-0.30000,-0.056,737.27
0.76650,-4343.16,-4278.03,-1.4657,-23.5464,69.095,150.809,-0.30000,-0.859,737.30
0.76700,-4303.71,-4227.49,-1.4770,-21.6868,69.282,150.698,-0.30000,-1.015,737.34
0.76750,-4263.20,-4215.63,-1.4873,-19.5158,69.346,150.707,-0.30000,-0.639,737.37
0.76800,-4221.64,-4234.60,-1.4965,-17.2233,69.313,150.809,0.30000,0.176,737.37
0.76850,-4179.04,-4224.47,-1.5046,-14.8738,69.364,150.811,0.30000,0.623,737.40
0.76900,-4135.40,-4156.64,-1.5113,-12.2042,69.589,150.621,0.30000,0.294,737.41
0.76950,-4090.75,-4046.44,-1.5167,-9.0366,69.925,150.263,-0.30000,-0.621,737.43
0.77000,-4045.08,-3969.64,-1.5203,-5.3575,70.160,150.013,-0.30000,-1.068,737.47
0.77050,-3998.42,-3955.33,-1.5220,-1.7292,70.205,149.970,-0.30000,-0.618,737.49
0.77100,-3950.78,-3996.90,-1.5221,1.2746,70.074,150.098,0.30000,0.669,737.51
0.77150,-3902.15,-4025.20,-1.5209,3.5615,69.980,150.176,0.30000,1.806,737.57
0.77200,-3852.57,-4010.85,-1.5186,5.5275,70.008,150.104,0.30000,2.353,737.65
0.77250,-3802.03,-3941.59,-1.5154,7.5122,70.184,149.820,0.30000,2.102,737.72
0.77300,-3750.56,-3830.49,-1.5110,9.8183,70.470,149.370,0.30000,1.221,737.76
0.77350,-3698.16,-3693.85,-1.5055,12.6322,70.819,148.814,-0.30000,-0.067,737.76
0.77400,-3644.84,-3625.60,-1.4983,15.9106,70.970,148.497,-0.30000,-0.302,737.77
0.77450,-3590.63,-3669.27,-1.4896,19.0840,70.803,148.582,0.30000,1.255,737.81
0.77500,-3535.53,-3725.47,-1.4793,21.8241,70.592,148.699,0.30000,3.075,737.91
0.77550,-3479.56,-3731.28,-1.4678,24.2311,70.514,148.618,0.30000,4.138,738.03
0.77600,-3422.74,-3694.00,-1.4551,26.5386,70.550,148.366,0.30000,4.531,738.17
0.77650,-3365.06,-3628.62,-1.4413,28.9056,70.657,148.000,0.30000,4.478,738.30
0.77700,-3306.56,-3546.43,-1.4262,31.4249,70.804,147.560,0.30000,4.149,738.42
0.77750,-3247.24,-3455.87,-1.4098,34.1395,70.967,147.078,0.30000,3.676,738.53
0.77800,-3187.12,-3363.30,-1.3920,37.0537,71.129,146.576,0.30000,3.164,738.61
0.77850,-3126.21,-3273.43,-1.3727,40.1432,71.275,146.071,0.30000,2.696,738.69
0.77900,-3064.54,-3189.69,-1.3518,43.3621,71.396,145.575,0.30000,2.339,738.75
0.77950,-3002.10,-3114.49,-1.3293,46.6489,71.485,145.096,0.30000,2.144,738.81
0.78000,-2938.93,-3049.36,-1.3052,49.9322,71.537,144.640,0.30000,2.152,738.86
0.78050,-2875.03,-2995.12,-1.2794,53.1349,71.551,144.211,0.30000,2.392,738.92
0.78100,-2810.42,-2951.98,-1.2521,56.1779,71.526,143.809,0.30000,2.884,738.99
0.78150,-2745.11,-2919.61,-1.2233,58.9838,71.463,143.435,0.30000,3.637,739.08
0.78200,-2679.13,-2897.24,-1.1931,61.4800,71.365,143.086,0.30000,4.654,739.19
0.78250,-2612.49,-2883.70,-1.1619,63.6011,71.238,142.761,0.30000,5.927,739.32
0.78300,-2545.21,-2877.51,-1.1296,65.2913,71.085,142.455,0.30000,7.439,739.49
0.78350,-2477.29,-2876.94,-1.0966,66.5059,70.913,142.164,0.30000,9.164,739.69
0.78400,-2408.77,-2880.07,-1.0632,67.2134,70.729,141.883,0.30000,11.071,739.93
0.78450,-2339.65,-2884.86,-1.0295,67.3959,70.540,141.607,0.30000,13.118,740.20
0.78500,-2269.95,-2889.22,-0.9959,67.0495,70.352,141.331,0.30000,15.259,740.51
0.78550,-2199.70,-2891.05,-0.9626,66.1852,70.174,141.049,0.30000,17.448,740.85
0.78600,-2128.90,-2888.33,-0.9298,64.8279,70.012,140.756,0.30000,19.633,741.23
0.78650,-2057.57,-2879.20,-0.8978,63.0159,69.873,140.448,0.30000,21.768,741.64
0.78700,-1985.74,-2861.94,-0.8668,60.7999,69.762,140.119,0.30000,23.809,742.08
0.78750,-1913.42,-2835.08,-0.8371,58.2415,69.685,139.767,0.30000,25.719,742.54
0.78800,-1840.62,-2797.43,-0.8086,55.4113,69.645,139.387,0.30000,27.467,743.02
0.78850,-1767.37,-2748.09,-0.7817,52.3872,69.647,138.978,0.30000,29.026,743.51
0.78900,-1693.69,-2686.50,-0.7563,49.2521,69.691,138.539,0.30000,30.378,744.01
0.78950,-1619.59,-2612.43,-0.7324,46.0914,69.779,138.068,0.30000,31.509,744.50
0.79000,-1545.08,-2526.02,-0.7102,42.9910,69.910,137.567,0.30000,32.411,744.99
0.79050,-1470.20,-2427.74,-0.6894,40.0347,70.083,137.036,0.30000,33.076,745.47
0.79100,-1394.96,-2318.38,-0.6701,37.3018,70.295,136.478,0.30000,33.503,745.93
0.79150,-1319.37,-2199.05,-0.6521,34.8650,70.541,135.895,0.30000,33.693,746.37
0.79200,-1243.45,-2071.12,-0.6352,32.7887,70.819,135.290,0.30000,33.649,746.79
0.79250,-1167.23,-1936.22,-0.6192,31.1268,71.121,134.669,0.30000,33.378,747.17
0.79300,-1090.72,-1796.13,-0.6040,29.9216,71.441,134.036,0.30000,32.892,747.53
0.79350,-1013.94,-1652.80,-0.5892,29.2025,71.774,133.396,0.30000,32.214,747.85
0.79400,-936.91,-1508.24,-0.5747,28.9854,72.111,132.754,0.30000,31.375,748.13
0.79450,-859.65,-1364.52,-0.5601,29.2721,72.446,132.115,0.30000,30.426,748.38
0.79500,-782.17,-1223.63,-0.5453,30.0504,72.773,131.485,0.30000,29.440,748.60
0.79550,-704.51,-1087.52,-0.5300,31.2948,73.083,130.868,0.30000,28.531,748.80
0.79600,-626.67,-957.98,-0.5140,32.9669,73.372,130.270,0.30000,27.865,748.96
0.79650,-548.67,-836.62,-0.4970,35.0166,73.633,129.694,0.30000,27.691,749.11
0.79700,-470.54,-724.81,-0.4789,37.3835,73.862,129.143,0.30000,28.386,749.23
0.79750,-392.30,-623.66,-0.4596,39.9990,74.055,128.622,0.30000,30.531,749.35
0.79800,-313.95,-533.97,-0.4389,42.7878,74.209,128.131,0.30000,35.023,749.46
0.79850,-235.53,-456.24,-0.4168,45.6699,74.322,127.672,0.30000,43.139,749.57
0.79900,-157.05,-390.63,-0.3932,48.5635,74.394,127.246,0.30000,56.084,749.69
0.79950,-78.54,-336.96,-0.3682,51.3867,74.426,126.852,0.30000,73.096,749.81
0.80000,-0.00,-294.74,-0.3418,54.0600,74.419,126.488,0.30000,0.000,749.96
0.80050,78.54,-263.14,-0.3142,56.5082,74.376,126.152,0.30000,77.055,750.13
0.80100,157.05,-241.08,-0.2854,58.6629,74.300,125.842,0.30000,68.472,750.33
0.80150,235.53,-227.19,-0.2556,60.4642,74.197,125.554,0.30000,63.023,750.56
0.80200,313.95,-219.90,-0.2250,61.8621,74.071,125.284,0.30000,59.541,750.83
0.80250,392.30,-217.47,-0.1938,62.8181,73.929,125.028,0.30000,57.245,751.13
0.80300,470.54,-218.03,-0.1622,63.3061,73.778,124.780,0.30000,55.653,751.48
0.80350,548.67,-219.63,-0.1306,63.3130,73.623,124.535,0.30000,54.468,751.86
0.80400,626.67,-220.32,-0.0990,62.8391,73.472,124.290,0.30000,53.503,752.29
0.80450,704.51,-218.18,-0.0678,61.8982,73.331,124.037,0.30000,52.637,752.75
0.80500,782.17,-211.38,-0.0372,60.5166,73.207,123.773,0.30000,51.788,753.24
0.80550,859.65,-198.23,-0.0074,58.7330,73.105,123.494,0.30000,50.902,753.77
0.80600,936.91,-177.22,0.0215,56.5969,73.031,123.195,0.30000,49.939,754.33
0.80650,1013.94,-147.09,0.0492,54.1673,72.989,122.874,0.30000,48.869,754.91
0.80700,1090.72,-106.81,0.0756,51.5111,72.982,122.527,0.30000,47.672,755.51
0.80750,1167.23,-55.65,0.1007,48.7011,73.014,122.153,0.30000,46.334,756.12
0.80800,1243.45,6.79,0.1243,45.8141,73.085,121.751,0.30000,44.843,756.74
0.80850,1319.37,80.64,0.1465,42.9285,73.196,121.321,0.30000,43.195,757.36
0.80900,1394.96,165.66,0.1673,40.1225,73.346,120.862,0.30000,41.388,757.97
0.80950,1470.20,261.33,0.1866,37.4717,73.533,120.377,0.30000,39.429,758.58
0.81000,1545.08,366.84,0.2048,35.0468,73.755,119.868,0.30000,37.328,759.17
0.81050,1619.59,481.08,0.2217,32.9122,74.008,119.337,0.30000,35.106,759.74
0.81100,1693.69,602.73,0.2377,31.1238,74.287,118.788,0.30000,32.787,760.28
0.81150,1767.37,730.25,0.2529,29.7278,74.586,118.225,0.30000,30.405,760.80
0.81200,1840.62,861.96,0.2675,28.7591,74.901,117.653,0.30000,28.000,761.29
0.81250,1913.42,996.05,0.2818,28.2409,75.225,117.075,0.30000,25.615,761.75
0.81300,1985.74,1130.65,0.2958,28.1834,75.552,116.498,0.30000,23.297,762.18
0.81350,2057.57,1263.91,0.3100,28.5845,75.874,115.925,0.30000,21.093,762.57
0.81400,2128.90,1393.99,0.3245,29.4291,76.187,115.361,0.30000,19.045,762.94
0.81450,2199.70,1519.16,0.3395,30.6899,76.483,114.811,0.30000,17.191,763.28
0.81500,2269.95,1637.84,0.3553,32.3284,76.757,114.279,0.30000,15.561,763.60
0.81550,2339.65,1748.62,0.3719,34.2957,77.005,113.769,0.30000,14.177,763.89
0.81600,2408.77,1850.31,0.3896,36.5340,77.222,113.283,0.30000,13.053,764.17
0.81650,2477.29,1941.98,0.4085,38.9784,77.405,112.825,0.30000,12.193,764.44
0.81700,2545.21,2023.00,0.4286,41.5586,77.552,112.395,0.30000,11.595,764.70
0.81750,2612.49,2093.01,0.4500,44.2008,77.661,111.994,0.30000,11.246,764.96
0.81800,2679.13,2151.95,0.4728,46.8298,77.733,111.623,0.30000,11.132,765.22
0.81850,2745.11,2200.08,0.4969,49.3712,77.769,111.281,0.30000,11.230,765.50
0.81900,2810.42,2237.95,0.5221,51.7535,77.769,110.966,0.30000,11.513,765.78
0.81950,2875.03,2266.40,0.5486,53.9098,77.738,110.676,0.30000,11.953,766.09
0.82000,2938.93,2286.49,0.5760,55.7798,77.678,110.409,0.30000,12.517,766.41
0.82050,3002.10,2299.55,0.6043,57.3114,77.594,110.161,0.30000,13.171,766.76
0.82100,3064.54,2307.06,0.6333,58.4621,77.492,109.928,0.30000,13.884,767.14
0.82150,3126.21,2310.66,0.6627,59.2003,77.377,109.706,0.30000,14.621,767.55
0.82200,3187.12,2312.08,0.6924,59.5057,77.254,109.490,0.30000,15.353,767.99
0.82250,3247.24,2313.11,0.7221,59.3704,77.131,109.276,0.30000,16.049,768.46
0.82300,3306.56,2315.52,0.7517,58.7985,77.013,109.059,0.30000,16.684,768.95
0.82350,3365.06,2321.06,0.7808,57.8062,76.906,108.835,0.30000,17.236,769.47
0.82400,3422.74,2331.35,0.8094,56.4213,76.816,108.599,0.30000,17.686,770.02
0.82450,3479.56,2347.90,0.8372,54.6823,76.748,108.348,0.30000,18.016,770.58
0.82500,3535.53,2372.01,0.8641,52.6374,76.707,108.079,0.30000,18.216,771.17
0.82550,3590.63,2404.77,0.8898,50.3429,76.696,107.787,0.30000,18.277,771.76
0.82600,3644.84,2447.04,0.9144,47.8618,76.718,107.472,0.30000,18.192,772.36
0.82650,3698.16,2499.39,0.9376,45.2620,76.776,107.132,0.30000,17.960,772.96
0.82700,3750.56,2562.10,0.9596,42.6143,76.870,106.765,0.30000,17.582,773.55
0.82750,3802.03,2635.19,0.9803,39.9905,77.000,106.373,0.30000,17.061,774.14
0.82800,3852.57,2718.36,0.9996,37.4615,77.165,105.956,0.30000,16.405,774.70
0.82850,3902.15,2811.05,1.0178,35.0950,77.364,105.515,0.30000,15.622,775.25
0.82900,3950.78,2912.42,1.0348,32.9541,77.594,105.053,0.30000,14.726,775.77
0.82950,3998.42,3021.40,1.0508,31.0952,77.850,104.572,0.30000,13.731,776.26
0.83000,4045.08,3136.72,1.0659,29.5667,78.129,104.076,0.30000,12.656,776.71
0.83050,4090.75,3256.91,1.0804,28.4078,78.425,103.568,0.30000,11.521,777.13
0.83100,4135.40,3380.41,1.0944,27.6469,78.734,103.053,0.30000,10.346,777.50
0.83150,4179.04,3505.55,1.1081,27.3015,79.048,102.535,0.30000,9.155,777.84
0.83200,4221.64,3630.61,1.1218,27.3775,79.364,102.018,0.30000,7.970,778.14
0.83250,4263.20,3753.89,1.1355,27.8690,79.673,101.506,0.30000,6.813,778.39
0.83300,4303.71,3873.77,1.1497,28.7588,79.972,101.005,0.30000,5.705,778.61
0.83350,4343.16,3988.68,1.1644,30.0186,80.254,100.517,0.30000,4.666,778.78
0.83400,4381.53,4097.23,1.1798,31.6101,80.515,100.047,0.30000,3.713,778.93
0.83450,4418.83,4198.19,1.1960,33.4860,80.750,99.598,0.30000,2.858,779.04
0.83500,4455.03,4290.56,1.2133,35.5913,80.956,99.172,0.30000,2.114,779.12
0.83550,4490.14,4373.57,1.2316,37.8650,81.131,98.771,0.30000,1.487,779.18
0.83600,4524.14,4446.72,1.2512,40.2417,81.272,98.397,0.30000,0.980,779.21
0.83650,4557.02,4509.76,1.2719,42.6535,81.378,98.049,0.30000,0.594,779.24
0.83700,4588.77,4562.74,1.2938,45.0317,81.451,97.729,0.30000,0.325,779.25
0.83750,4619.40,4605.98,1.3169,47.3092,81.490,97.434,0.30000,0.166,779.26
0.83800,4648.88,4640.07,1.3411,49.4217,81.499,97.164,0.30000,0.109,779.26
0.83850,4677.22,4665.84,1.3663,51.3099,81.479,96.916,0.30000,0.139,779.27
0.83900,4704.40,4684.35,1.3924,52.9211,81.435,96.688,0.30000,0.244,779.28
0.83950,4730.43,4696.84,1.4192,54.2103,81.370,96.476,0.30000,0.407,779.30
0.84000,4755.28,4704.72,1.4465,55.1417,81.290,96.277,0.30000,0.609,779.32
0.84050,4778.97,4709.52,1.4742,55.6898,81.199,96.086,0.30000,0.832,779.36
0.84100,4801.47,4712.85,1.5021,55.8396,81.104,95.900,0.30000,1.057,779.40
0.84150,4822.79,4716.32,1.5300,55.5873,81.010,95.714,0.30000,1.265,779.45
0.84200,4842.92,4721.57,1.5577,54.9401,80.922,95.524,0.30000,1.435,779.51
0.84250,4861.85,4730.14,1.5849,53.9163,80.847,95.327,0.30000,1.552,779.58
0.84300,4879.58,4743.50,1.6115,52.5443,80.788,95.117,0.30000,1.597,779.65
0.84350,4896.11,4762.95,1.6374,50.8623,80.750,94.893,0.30000,1.558,779.71
0.84400,4911.44,4789.64,1.6623,48.9166,80.738,94.650,0.30000,1.421,779.77
0.84450,4925.55,4824.49,1.6863,46.7608,80.755,94.387,0.30000,1.175,779.83
0.84500,4938.44,4868.19,1.7091,44.4538,80.802,94.102,0.30000,0.815,779.86
0.84550,4950.12,4921.20,1.7307,42.0587,80.883,93.794,0.30000,0.335,779.87
0.84600,4960.57,4983.68,1.7511,39.6405,80.996,93.462,-0.30000,-0.267,779.89
0.84650,4969.80,4983.67,1.7703,37.1414,80.926,93.346,-0.30000,-0.160,779.89
0.84700,4977.81,4878.99,1.7882,34.0884,80.547,93.586,0.30000,1.137,779.94
0.84750,4984.59,4777.50,1.8043,30.2021,80.183,93.827,0.30000,2.379,780.05
0.84800,4990.13,4749.45,1.8183,25.7781,80.048,93.835,0.30000,2.761,780.17
0.84850,4994.45,4780.47,1.8300,21.1807,80.099,93.661,0.30000,2.453,780.27
0.84900,4997.53,4858.91,1.8395,16.7101,80.300,93.343,0.30000,1.589,780.34
0.84950,4999.38,4975.25,1.8468,12.6162,80.624,92.913,0.30000,0.277,780.36
0.85000,5000.00,5121.44,1.8522,9.1144,81.044,92.395,-0.30000,-1.391,780.42
0.85050,4999.38,5218.59,1.8560,6.2814,81.323,92.049,-0.30000,-2.511,780.53
0.85100,4997.53,5222.30,1.8585,3.7842,81.324,92.022,-0.30000,-2.575,780.64
0.85150,4994.45,5187.85,1.8598,1.4643,81.224,92.142,-0.30000,-2.218,780.73
0.85200,4990.13,5111.35,1.8600,-0.7442,81.019,92.436,-0.30000,-1.391,780.80
0.85250,4984.59,5007.19,1.8591,-2.9814,80.746,92.849,-0.30000,-0.260,780.81
0.85300,4977.81,4886.50,1.8570,-5.4317,80.435,93.338,0.30000,1.051,780.85
0.85350,4969.80,4824.29,1.8536,-8.1558,80.290,93.614,0.30000,1.677,780.92
0.85400,4960.57,4856.78,1.8489,-10.7767,80.407,93.539,0.30000,1.199,780.98
0.85450,4950.12,4949.52,1.8429,-12.9793,80.707,93.266,0.30000,0.007,780.98
0.85500,4938.44,5101.67,1.8360,-14.4522,81.189,92.801,-0.30000,-1.893,781.06
0.85550,4925.55,5222.90,1.8286,-15.0661,81.579,92.442,-0.30000,-3.455,781.21
0.85600,4911.44,5279.17,1.8210,-15.1508,81.778,92.304,-0.30000,-4.282,781.39
0.85650,4896.11,5284.54,1.8135,-14.9614,81.839,92.361,-0.30000,-4.536,781.59
0.85700,4879.58,5246.50,1.8061,-14.7482,81.783,92.585,-0.30000,-4.300,781.77
0.85750,4861.85,5177.59,1.7987,-14.6967,81.644,92.927,-0.30000,-3.716,781.93
0.85800,4842.92,5087.53,1.7913,-14.9355,81.448,93.350,-0.30000,-2.892,782.05
0.85850,4822.79,4984.01,1.7837,-15.5474,81.216,93.827,-0.30000,-1.915,782.13
0.85900,4801.47,4873.15,1.7757,-16.5783,80.967,94.336,-0.30000,-0.855,782.17
0.85950,4778.97,4759.91,1.7671,-18.0434,80.716,94.861,0.30000,0.228,782.17
0.86000,4755.28,4714.34,1.7576,-19.8200,80.652,95.133,0.30000,0.493,782.20
0.86050,4730.43,4776.25,1.7473,-21.3850,80.882,95.002,-0.30000,-0.555,782.22
0.86100,4704.40,4850.54,1.7363,-22.3928,81.150,94.829,-0.30000,-1.779,782.29
0.86150,4677.22,4875.90,1.7250,-22.9848,81.288,94.848,-0.30000,-2.432,782.39
0.86200,4648.88,4864.38,1.7134,-23.3744,81.328,95.010,-0.30000,-2.654,782.50
0.86250,4619.40,4826.61,1.7016,-23.7151,81.298,95.275,-0.30000,-2.568,782.60
0.86300,4588.77,4770.63,1.6896,-24.1147,81.220,95.611,-0.30000,-2.269,782.69
0.86350,4557.02,4702.56,1.6775,-24.6449,81.110,95.996,-0.30000,-1.829,782.77
0.86400,4524.14,4627.14,1.6650,-25.3498,80.982,96.411,-0.30000,-1.304,782.82
0.86450,4490.14,4548.07,1.6521,-26.2507,80.847,96.844,-0.30000,-0.739,782.85
0.86500,4455.03,4468.26,1.6387,-27.3514,80.712,97.284,-0.30000,-0.170,782.85
0.86550,4418.83,4389.98,1.6247,-28.6411,80.584,97.724,0.30000,0.374,782.87
0.86600,4381.53,4380.59,1.6100,-29.9852,80.647,97.907,0.30000,0.012,782.87
0.86650,4343.16,4478.82,1.5948,-30.8633,81.005,97.685,-0.30000,-1.789,782.94
0.86700,4303.71,4587.48,1.5793,-30.9337,81.393,97.426,-0.30000,-3.772,783.08
0.86750,4263.20,4643.31,1.5640,-30.3653,81.636,97.366,-0.30000,-5.095,783.27
0.86800,4221.64,4658.03,1.5490,-29.3988,81.766,97.459,-0.30000,-5.902,783.49
0.86850,4179.04,4641.24,1.5346,-28.2223,81.806,97.667,-0.30000,-6.311,783.72
0.86900,4135.40,4600.22,1.5208,-26.9831,81.777,97.959,-0.30000,-6.413,783.95
0.86950,4090.75,4540.58,1.5076,-25.7971,81.693,98.316,-0.30000,-6.275,784.17
0.87000,4045.08,4466.77,1.4950,-24.7545,81.567,98.721,-0.30000,-5.951,784.39
0.87050,3998.42,4382.41,1.4828,-23.9244,81.409,99.161,-0.30000,-5.486,784.58
0.87100,3950.78,4290.56,1.4710,-23.3575,81.228,99.626,-0.30000,-4.916,784.75
0.87150,3902.15,4193.85,1.4594,-23.0883,81.033,100.106,-0.30000,-4.275,784.89
0.87200,3852.57,4094.60,1.4479,-23.1367,80.830,100.596,-0.30000,-3.595,785.01
0.87250,3802.03,3994.86,1.4362,-23.5093,80.626,101.087,-0.30000,-2.903,785.11
0.87300,3750.56,3896.48,1.4243,-24.2006,80.428,101.575,-0.30000,-2.228,785.18
0.87350,3698.16,3801.10,1.4120,-25.1940,80.239,102.056,-0.30000,-1.595,785.23
0.87400,3644.84,3710.15,1.3991,-26.4628,80.066,102.525,-0.30000,-1.026,785.27
0.87450,3590.63,3624.84,1.3855,-27.9721,79.912,102.979,-0.30000,-0.546,785.28
0.87500,3535.53,3546.18,1.3711,-29.6792,79.780,103.415,-0.30000,-0.173,785.29
0.87550,3479.56,3474.94,1.3558,-31.5361,79.673,103.831,0.30000,0.076,785.29
0.87600,3422.74,3476.10,1.3395,-33.3796,79.770,103.983,-0.30000,-0.893,785.32
0.87650,3365.06,3523.25,1.3225,-34.7835,79.998,103.969,-0.30000,-2.691,785.40
0.87700,3306.56,3545.42,1.3048,-35.7552,80.160,104.055,-0.30000,-4.132,785.52
0.87750,3247.24,3549.53,1.2868,-36.3945,80.275,104.212,-0.30000,-5.318,785.67
0.87800,3187.12,3540.50,1.2685,-36.7742,80.354,104.420,-0.30000,-6.327,785.85
0.87850,3126.21,3521.75,1.2500,-36.9484,80.408,104.665,-0.30000,-7.211,786.04
0.87900,3064.54,3495.68,1.2315,-36.9584,80.441,104.938,-0.30000,-8.008,786.26
0.87950,3002.10,3463.94,1.2131,-36.8365,80.458,105.230,-0.30000,-8.746,786.49
0.88000,2938.93,3427.68,1.1947,-36.6090,80.462,105.539,-0.30000,-9.442,786.73
0.88050,2875.03,3387.67,1.1765,-36.2984,80.454,105.859,-0.30000,-10.110,786.99
0.88100,2810.42,3344.45,1.1584,-35.9243,80.436,106.189,-0.30000,-10.759,787.26
0.88150,2745.11,3298.40,1.1406,-35.5047,80.408,106.527,-0.30000,-11.395,787.53
0.88200,2679.13,3249.80,1.1229,-35.0562,80.372,106.872,-0.30000,-12.025,787.82
0.88250,2612.49,3198.89,1.1055,-34.5944,80.328,107.223,-0.30000,-12.651,788.11
0.88300,2545.21,3145.86,1.0883,-34.1337,80.277,107.579,-0.30000,-13.278,788.41
0.88350,2477.29,3090.91,1.0714,-33.6878,80.218,107.939,-0.30000,-13.912,788.72
0.88400,2408.77,3034.24,1.0546,-33.2689,80.153,108.304,-0.30000,-14.556,789.03
0.88450,2339.65,2976.08,1.0381,-32.8883,80.083,108.671,-0.30000,-15.217,789.35
0.88500,2269.95,2916.67,1.0217,-32.5555,80.008,109.040,-0.30000,-15.902,789.67
0.88550,2199.70,2856.26,1.0055,-32.2787,79.928,109.412,-0.30000,-16.619,790.00
0.88600,2128.90,2795.12,0.9895,-32.0641,79.846,109.784,-0.30000,-17.377,790.34
0.88650,2057.57,2733.54,0.9735,-31.9162,79.761,110.156,-0.30000,-18.187,790.67
0.88700,1985.74,2671.83,0.9575,-31.8374,79.676,110.528,-0.30000,-19.060,791.02
0.88750,1913.42,2610.26,0.9416,-31.8282,79.590,110.898,-0.30000,-20.011,791.36
0.88800,1840.62,2549.12,0.9257,-31.8870,79.506,111.267,-0.30000,-21.053,791.72
0.88850,1767.37,2488.69,0.9097,-32.0105,79.423,111.632,-0.30000,-22.202,792.08
0.88900,1693.69,2429.23,0.8937,-32.1936,79.343,111.994,-0.30000,-23.474,792.45
0.88950,1619.59,2370.95,0.8775,-32.4293,79.266,112.352,-0.30000,-24.888,792.82
0.89000,1545.08,2314.04,0.8612,-32.7093,79.194,112.706,-0.30000,-26.459,793.21
0.89050,1470.20,2258.68,0.8448,-33.0243,79.126,113.054,-0.30000,-28.205,793.60
0.89100,1394.96,2204.96,0.8282,-33.3639,79.063,113.398,-0.30000,-30.142,794.01
0.89150,1319.37,2152.96,0.8114,-33.7171,79.006,113.736,-0.30000,-32.285,794.42
0.89200,1243.45,2102.70,0.7945,-34.0724,78.954,114.068,-0.30000,-34.645,794.85
0.89250,1167.23,2054.16,0.7774,-34.4187,78.908,114.395,-0.30000,-37.230,795.30
0.89300,1090.72,2007.27,0.7601,-34.7449,78.866,114.717,-0.30000,-40.041,795.75
0.89350,1013.94,1961.93,0.7426,-35.0406,78.830,115.034,-0.30000,-43.075,796.23
0.89400,936.91,1917.97,0.7250,-35.2962,78.798,115.346,-0.30000,-46.319,796.72
0.89450,859.65,1875.22,0.7073,-35.5035,78.769,115.654,-0.30000,-49.753,797.23
0.89500,782.17,1833.45,0.6895,-35.6555,78.743,115.959,-0.30000,-53.350,797.75
0.89550,704.51,1792.44,0.6717,-35.7468,78.719,116.261,-0.30000,-57.074,798.30
0.89600,626.67,1751.91,0.6538,-35.7737,78.696,116.561,-0.30000,-60.886,798.86
0.89650,548.67,1711.60,0.6359,-35.7343,78.674,116.859,-0.30000,-64.742,799.44
0.89700,470.54,1671.24,0.6181,-35.6286,78.650,117.157,-0.30000,-68.600,800.04
0.89750,392.30,1630.57,0.6003,-35.4584,78.625,117.454,-0.30000,-72.421,800.66
0.89800,313.95,1589.34,0.5826,-35.2273,78.598,117.752,-0.30000,-76.171,801.30
0.89850,235.53,1547.30,0.5651,-34.9404,78.567,118.052,-0.30000,-79.821,801.95
0.89900,157.05,1504.26,0.5477,-34.6047,78.533,118.352,-0.30000,-83.351,802.63
0.89950,78.54,1460.03,0.5305,-34.2280,78.493,118.655,-0.30000,-86.746,803.32
0.90000,0.00,1414.47,0.5135,-33.8197,78.449,118.961,-0.30000,0.000,804.03
0.90050,-78.54,1367.49,0.4967,-33.3897,78.399,119.269,-0.30000,-86.891,804.75
0.90100,-157.05,1319.03,0.4801,-32.9485,78.343,119.580,-0.30000,-83.927,805.49
0.90150,-235.53,1269.06,0.4637,-32.5070,78.282,119.895,-0.30000,-81.103,806.24
0.90200,-313.95,1217.61,0.4476,-32.0759,78.215,120.212,-0.30000,-78.416,807.00
0.90250,-392.30,1164.77,0.4316,-31.6656,78.143,120.532,-0.30000,-75.859,807.78
0.90300,-470.54,1110.63,0.4159,-31.2858,78.065,120.854,-0.30000,-73.428,808.57
0.90350,-548.67,1055.36,0.4004,-30.9456,77.984,121.178,-0.30000,-71.116,809.38
0.90400,-626.67,999.12,0.3850,-30.6525,77.898,121.504,-0.30000,-68.921,810.19
0.90450,-704.51,942.14,0.3697,-30.4131,77.809,121.831,-0.30000,-66.837,811.01
0.90500,-782.17,884.64,0.3545,-30.2321,77.718,122.158,-0.30000,-64.861,811.85
0.90550,-859.65,826.87,0.3395,-30.1129,77.625,122.485,-0.30000,-62.991,812.69
0.90600,-936.91,769.08,0.3244,-30.0569,77.532,122.811,-0.30000,-61.225,813.54
0.90650,-1013.94,711.54,0.3094,-30.0640,77.439,123.136,-0.30000,-59.560,814.40
0.90700,-1090.72,654.49,0.2943,-30.1320,77.347,123.458,-0.30000,-57.995,815.28
0.90750,-1167.23,598.16,0.2792,-30.2574,77.257,123.778,-0.30000,-56.528,816.16
0.90800,-1243.45,542.79,0.2641,-30.4350,77.170,124.094,-0.30000,-55.157,817.05
0.90850,-1319.37,488.55,0.2488,-30.6580,77.087,124.406,-0.30000,-53.879,817.96
0.90900,-1394.96,435.63,0.2334,-30.9187,77.007,124.714,-0.30000,-52.692,818.87
0.90950,-1470.20,384.13,0.2179,-31.2082,76.931,125.018,-0.30000,-51.591,819.80
0.91000,-1545.08,334.16,0.2022,-31.5169,76.861,125.317,-0.30000,-50.573,820.74
0.91050,-1619.59,285.76,0.1864,-31.8346,76.795,125.610,-0.30000,-49.635,821.69
0.91100,-1693.69,238.93,0.1704,-32.1512,76.734,125.899,-0.30000,-48.770,822.66
0.91150,-1767.37,193.66,0.1542,-32.4564,76.678,126.183,-0.30000,-47.973,823.64
0.91200,-1840.62,149.85,0.1379,-32.7404,76.627,126.462,-0.30000,-47.240,824.63
0.91250,-1913.42,107.41,0.1215,-32.9940,76.579,126.737,-0.30000,-46.564,825.64
0.91300,-1985.74,66.18,0.1049,-33.2090,76.536,127.008,-0.30000,-45.939,826.67
0.91350,-2057.57,25.98,0.0883,-33.3781,76.495,127.275,-0.30000,-45.359,827.71
0.91400,-2128.90,-13.39,0.0716,-33.4955,76.457,127.540,-0.30000,-44.819,828.77
0.91450,-2199.70,-52.15,0.0548,-33.5569,76.420,127.802,-0.30000,-44.313,829.84
0.91500,-2269.95,-90.53,0.0380,-33.5593,76.385,128.062,-0.30000,-43.834,830.93
0.91550,-2339.65,-128.79,0.0212,-33.5016,76.349,128.321,-0.30000,-43.379,832.04
0.91600,-2408.77,-167.17,0.0045,-33.3843,76.312,128.580,-0.30000,-42.941,833.16
0.91650,-2477.29,-205.90,-0.0121,-33.2096,76.273,128.838,-0.30000,-42.517,834.29
0.91700,-2545.21,-245.20,-0.0287,-32.9811,76.233,129.098,-0.30000,-42.103,835.44
0.91750,-2612.49,-285.28,-0.0451,-32.7040,76.188,129.358,-0.30000,-41.695,836.61
0.91800,-2679.13,-326.33,-0.0614,-32.3849,76.140,129.620,-0.30000,-41.289,837.78
0.91850,-2745.11,-368.48,-0.0775,-32.0314,76.088,129.884,-0.30000,-40.885,838.97
0.91900,-2810.42,-411.86,-0.0934,-31.6520,76.031,130.151,-0.30000,-40.479,840.17
0.91950,-2875.03,-456.55,-0.1091,-31.2559,75.969,130.420,-0.30000,-40.071,841.38
0.92000,-2938.93,-502.59,-0.1247,-30.8529,75.902,130.692,-0.30000,-39.658,842.60
0.92050,-3002.10,-549.97,-0.1400,-30.4526,75.830,130.966,-0.30000,-39.242,843.83
0.92100,-3064.54,-598.66,-0.1551,-30.0647,75.753,131.243,-0.30000,-38.822,845.06
0.92150,-3126.21,-648.58,-0.1701,-29.6984,75.671,131.523,-0.30000,-38.398,846.30
0.92200,-3187.12,-699.63,-0.1848,-29.3624,75.584,131.804,-0.30000,-37.971,847.54
0.92250,-3247.24,-751.66,-0.1994,-29.0644,75.494,132.087,-0.30000,-37.543,848.79
0.92300,-3306.56,-804.48,-0.2139,-28.8110,75.400,132.371,-0.30000,-37.115,850.04
0.92350,-3365.06,-857.92,-0.2282,-28.6075,75.304,132.656,-0.30000,-36.688,851.29
0.92400,-3422.74,-911.75,-0.2425,-28.4580,75.206,132.942,-0.30000,-36.265,852.55
0.92450,-3479.56,-965.74,-0.2567,-28.3649,75.107,133.226,-0.30000,-35.846,853.81
0.92500,-3535.53,-1019.67,-0.2709,-28.3290,75.008,133.510,-0.30000,-35.435,855.06
0.92550,-3590.63,-1073.30,-0.2851,-28.3496,74.909,133.792,-0.30000,-35.034,856.32
0.92600,-3644.84,-1126.42,-0.2992,-28.4244,74.811,134.072,-0.30000,-34.643,857.58
0.92650,-3698.16,-1178.81,-0.3135,-28.5497,74.716,134.350,-0.30000,-34.264,858.84
0.92700,-3750.56,-1230.27,-0.3278,-28.7204,74.623,134.624,-0.30000,-33.900,860.10
0.92750,-3802.03,-1280.66,-0.3422,-28.9300,74.533,134.894,-0.30000,-33.551,861.36
0.92800,-3852.57,-1329.82,-0.3567,-29.1712,74.447,135.161,-0.30000,-33.218,862.62
0.92850,-3902.15,-1377.65,-0.3714,-29.4357,74.366,135.423,-0.30000,-32.901,863.89
0.92900,-3950.78,-1424.08,-0.3862,-29.7148,74.288,135.681,-0.30000,-32.601,865.15
0.92950,-3998.42,-1469.09,-0.4011,-29.9991,74.215,135.934,-0.30000,-32.317,866.41
0.93000,-4045.08,-1512.67,-0.4162,-30.2795,74.147,136.183,-0.30000,-32.049,867.68
0.93050,-4090.75,-1554.86,-0.4314,-30.5468,74.082,136.428,-0.30000,-31.795,868.95
0.93100,-4135.40,-1595.75,-0.4467,-30.7923,74.022,136.668,-0.30000,-31.555,870.22
0.93150,-4179.04,-1635.45,-0.4622,-31.0079,73.966,136.905,-0.30000,-31.327,871.49
0.93200,-4221.64,-1674.10,-0.4777,-31.1865,73.912,137.138,-0.30000,-31.109,872.76
0.93250,-4263.20,-1711.87,-0.4933,-31.3220,73.861,137.368,-0.30000,-30.899,874.04
0.93300,-4303.71,-1748.94,-0.5090,-31.4094,73.813,137.596,-0.30000,-30.694,875.32
0.93350,-4343.16,-1785.53,-0.5247,-31.4453,73.765,137.821,-0.30000,-30.493,876.60
0.93400,-4381.53,-1821.85,-0.5405,-31.4275,73.718,138.045,-0.30000,-30.293,877.88
0.93450,-4418.83,-1858.11,-0.5562,-31.3555,73.670,138.268,-0.30000,-30.092,879.16
0.93500,-4455.03,-1894.55,-0.5718,-31.2301,73.622,138.491,-0.30000,-29.888,880.44
0.93550,-4490.14,-1931.36,-0.5874,-31.0539,73.572,138.714,-0.30000,-29.677,881.72
0.93600,-4524.14,-1968.75,-0.6029,-30.8305,73.519,138.938,-0.30000,-29.459,882.99
0.93650,-4557.02,-2006.89,-0.6182,-30.5650,73.464,139.163,-0.30000,-29.232,884.27
0.93700,-4588.77,-2045.94,-0.6334,-30.2636,73.404,139.390,-0.30000,-28.993,885.54
0.93750,-4619.40,-2086.03,-0.6485,-29.9336,73.341,139.619,-0.30000,-28.741,886.81
0.93800,-4648.88,-2127.24,-0.6634,-29.5828,73.274,139.850,-0.30000,-28.476,888.07
0.93850,-4677.22,-2169.64,-0.6781,-29.2196,73.202,140.083,-0.30000,-28.197,889.32
0.93900,-4704.40,-2213.26,-0.6926,-28.8530,73.125,140.318,-0.30000,-27.903,890.57
0.93950,-4730.43,-2258.07,-0.7069,-28.4915,73.043,140.556,-0.30000,-27.594,891.80
0.94000,-4755.28,-2304.05,-0.7211,-28.1439,72.958,140.797,-0.30000,-27.270,893.03
0.94050,-4778.97,-2351.11,-0.7351,-27.8184,72.868,141.039,-0.30000,-26.932,894.24
0.94100,-4801.47,-2399.13,-0.7489,-27.5224,72.774,141.283,-0.30000,-26.580,895.44
0.94150,-4822.79,-2447.98,-0.7626,-27.2627,72.677,141.528,-0.30000,-26.216,896.63
0.94200,-4842.92,-2497.50,-0.7762,-27.0448,72.577,141.775,-0.30000,-25.841,897.80
0.94250,-4861.85,-2547.50,-0.7896,-26.8732,72.475,142.021,-0.30000,-25.455,898.96
0.94300,-4879.58,-2597.79,-0.8030,-26.7511,72.372,142.268,-0.30000,-25.062,900.10
0.94350,-4896.11,-2648.16,-0.8164,-26.6802,72.268,142.514,-0.30000,-24.661,901.23
0.94400,-4911.44,-2698.40,-0.8297,-26.6608,72.164,142.760,-0.30000,-24.256,902.33
0.94450,-4925.55,-2748.30,-0.8431,-26.6919,72.060,143.003,-0.30000,-23.847,903.42
0.94500,-4938.44,-2797.67,-0.8564,-26.7710,71.958,143.245,-0.30000,-23.436,904.49
0.94550,-4950.12,-2846.32,-0.8698,-26.8941,71.858,143.483,-0.30000,-23.025,905.54
0.94600,-4960.57,-2894.09,-0.8833,-27.0565,71.761,143.719,-0.30000,-22.616,906.58
0.94650,-4969.80,-2940.84,-0.8969,-27.2520,71.667,143.952,-0.30000,-22.208,907.59
0.94700,-4977.81,-2986.44,-0.9106,-27.4737,71.576,144.180,-0.30000,-21.804,908.59
0.94750,-4984.59,-3030.82,-0.9244,-27.7139,71.489,144.405,-0.30000,-21.403,909.56
0.94800,-4990.13,-3073.93,-0.9383,-27.9647,71.406,144.626,-0.30000,-21.007,910.52
0.94850,-4994.45,-3115.74,-0.9523,-28.2176,71.327,144.843,-0.30000,-20.614,911.46
0.94900,-4997.53,-3156.27,-0.9665,-28.4643,71.252,145.056,-0.30000,-20.226,912.38
0.94950,-4999.38,-3195.57,-0.9808,-28.6968,71.181,145.265,-0.30000,-19.840,913.28
0.95000,-5000.00,-3233.71,-0.9952,-28.9073,71.113,145.470,-0.30000,-19.456,914.17
0.95050,-4999.38,-3270.82,-1.0097,-29.0888,71.049,145.672,-0.30000,-19.073,915.03
0.95100,-4997.53,-3307.03,-1.0243,-29.2351,70.987,145.871,-0.30000,-18.689,915.88
0.95150,-4994.45,-3342.48,-1.0389,-29.3411,70.928,146.067,-0.30000,-18.302,916.70
0.95200,-4990.13,-3377.37,-1.0536,-29.4027,70.870,146.261,-0.30000,-17.910,917.51
0.95250,-4984.59,-3411.88,-1.0683,-29.4172,70.813,146.454,-0.30000,-17.511,918.29
0.95300,-4977.81,-3446.20,-1.0830,-29.3830,70.756,146.645,-0.30000,-17.103,919.06
0.95350,-4969.80,-3480.53,-1.0977,-29.3002,70.699,146.836,-0.30000,-16.682,919.81
0.95400,-4960.57,-3515.07,-1.1123,-29.1699,70.641,147.027,-0.30000,-16.246,920.53
0.95450,-4950.12,-3550.01,-1.1269,-28.9947,70.580,147.218,-0.30000,-15.793,921.23
0.95500,-4938.44,-3585.51,-1.1413,-28.7784,70.518,147.409,-0.30000,-15.321,921.90
0.95550,-4925.55,-3621.74,-1.1556,-28.5259,70.453,147.602,-0.30000,-14.826,922.56
0.95600,-4911.44,-3658.81,-1.1698,-28.2431,70.384,147.797,-0.30000,-14.308,923.18
0.95650,-4896.11,-3696.84,-1.1839,-27.9367,70.312,147.994,-0.30000,-13.763,923.78
0.95700,-4879.58,-3735.90,-1.1978,-27.6139,70.236,148.192,-0.30000,-13.191,924.35
0.95750,-4861.85,-3776.04,-1.2115,-27.2825,70.155,148.393,-0.30000,-12.589,924.90
0.95800,-4842.92,-3817.27,-1.2251,-26.9504,70.071,148.595,-0.30000,-11.958,925.41
0.95850,-4822.79,-3859.56,-1.2384,-26.6254,69.982,148.800,-0.30000,-11.295,925.89
0.95900,-4801.47,-3902.88,-1.2517,-26.3153,69.890,149.007,-0.30000,-10.600,926.34
0.95950,-4778.97,-3947.13,-1.2648,-26.0273,69.794,149.215,-0.30000,-9.874,926.76
0.96000,-4755.28,-3992.21,-1.2777,-25.7678,69.694,149.425,-0.30000,-9.116,927.14
0.96050,-4730.43,-4037.98,-1.2905,-25.5426,69.592,149.637,-0.30000,-8.328,927.48
0.96100,-4704.40,-4084.30,-1.3033,-25.3564,69.488,149.848,-0.30000,-7.509,927.79
0.96150,-4677.22,-4131.00,-1.3159,-25.2129,69.381,150.061,-0.30000,-6.661,928.07
0.96200,-4648.88,-4177.89,-1.3285,-25.1145,69.274,150.273,-0.30000,-5.785,928.30
0.96250,-4619.40,-4224.79,-1.3410,-25.0624,69.166,150.484,-0.30000,-4.883,928.50
0.96300,-4588.77,-4271.51,-1.3536,-25.0564,69.059,150.694,-0.30000,-3.955,928.66
0.96350,-4557.02,-4317.86,-1.3661,-25.0953,68.952,150.903,-0.30000,-3.004,928.78
0.96400,-4524.14,-4363.68,-1.3787,-25.1763,68.847,151.109,-0.30000,-2.031,928.86
0.96450,-4490.14,-4408.80,-1.3913,-25.2957,68.744,151.314,-0.30000,-1.038,928.90
0.96500,-4455.03,-4453.08,-1.4040,-25.4487,68.644,151.515,-0.30000,-0.025,928.90
0.96550,-4418.83,-4496.39,-1.4167,-25.6295,68.546,151.713,0.30000,1.006,928.94
0.96600,-4381.53,-4485.25,-1.4296,-25.7404,68.615,151.736,0.30000,1.356,928.99
0.96650,-4343.16,-4388.52,-1.4424,-25.3755,68.947,151.483,0.30000,0.598,929.01
0.96700,-4303.71,-4247.23,-1.4548,-24.2216,69.409,151.075,-0.30000,-0.752,929.04
0.96750,-4263.20,-4119.65,-1.4664,-22.1669,69.828,150.710,-0.30000,-1.929,929.11
0.96800,-4221.64,-4044.77,-1.4769,-19.4466,70.086,150.516,-0.30000,-2.399,929.20
0.96850,-4179.04,-4021.50,-1.4858,-16.3456,70.181,150.480,-0.30000,-2.159,929.28
0.96900,-4135.40,-4039.51,-1.4932,-13.1217,70.144,150.569,-0.30000,-1.328,929.33
0.96950,-4090.75,-4090.65,-1.4990,-9.9951,70.001,150.757,-0.30000,-0.001,929.33
0.97000,-4045.08,-4168.17,-1.5032,-7.1677,69.772,151.021,0.30000,1.743,929.39
0.97050,-3998.42,-4212.36,-1.5062,-4.7483,69.641,151.171,0.30000,3.063,929.50
0.97100,-3950.78,-4190.62,-1.5080,-2.5429,69.709,151.103,0.30000,3.474,929.62
0.97150,-3902.15,-4127.67,-1.5088,-0.4497,69.889,150.879,0.30000,3.308,929.73
0.97200,-3852.57,-4011.55,-1.5085,1.6946,70.210,150.447,0.30000,2.363,929.81
0.97250,-3802.03,-3860.65,-1.5070,4.1055,70.621,149.875,0.30000,0.883,929.84
0.97300,-3750.56,-3689.29,-1.5043,7.0101,71.082,149.214,-0.30000,-0.936,929.87
0.97350,-3698.16,-3590.22,-1.4999,10.4583,71.334,148.808,-0.30000,-1.672,929.92
0.97400,-3644.84,-3608.81,-1.4938,13.9411,71.250,148.824,-0.30000,-0.566,929.94
0.97450,-3590.63,-3683.68,-1.4860,17.0664,70.993,149.019,0.30000,1.484,929.99
0.97500,-3535.53,-3757.45,-1.4768,19.6408,70.734,149.203,0.30000,3.592,930.10
0.97550,-3479.56,-3792.66,-1.4665,21.7847,70.581,149.241,0.30000,5.142,930.26
0.97600,-3422.74,-3772.65,-1.4551,23.7315,70.576,149.065,0.30000,5.837,930.43
0.97650,-3365.06,-3714.92,-1.4427,25.6980,70.669,148.740,0.30000,5.936,930.61
0.97700,-3306.56,-3632.95,-1.4294,27.8227,70.825,148.316,0.30000,5.637,930.77
0.97750,-3247.24,-3536.98,-1.4149,30.1837,71.013,147.830,0.30000,5.099,930.91
0.97800,-3187.12,-3434.76,-1.3991,32.8127,71.212,147.310,0.30000,4.443,931.04
0.97850,-3126.21,-3332.19,-1.3820,35.7054,71.405,146.776,0.30000,3.770,931.14
0.97900,-3064.54,-3233.71,-1.3634,38.8298,71.578,146.244,0.30000,3.160,931.22
0.97950,-3002.10,-3142.58,-1.3432,42.1333,71.722,145.725,0.30000,2.679,931.30
0.98000,-2938.93,-3061.11,-1.3212,45.5480,71.831,145.228,0.30000,2.381,931.36
0.98050,-2875.03,-2990.82,-1.2976,48.9957,71.900,144.757,0.30000,2.306,931.41
0.98100,-2810.42,-2932.52,-1.2723,52.3925,71.927,144.315,0.30000,2.488,931.48
0.98150,-2745.11,-2886.41,-1.2452,55.6525,71.911,143.905,0.30000,2.947,931.55
0.98200,-2679.13,-2852.18,-1.2166,58.6911,71.854,143.524,0.30000,3.696,931.63
0.98250,-2612.49,-2829.04,-1.1866,61.4283,71.758,143.173,0.30000,4.738,931.74
0.98300,-2545.21,-2815.81,-1.1553,63.7916,71.629,142.847,0.30000,6.069,931.88
0.98350,-2477.29,-2810.97,-1.1229,65.7180,71.471,142.544,0.30000,7.671,932.04
0.98400,-2408.77,-2812.72,-1.0896,67.1562,71.291,142.258,0.30000,9.520,932.24
0.98450,-2339.65,-2819.06,-1.0558,68.0682,71.095,141.985,0.30000,11.580,932.48
0.98500,-2269.95,-2827.85,-1.0217,68.4304,70.892,141.718,0.30000,13.808,932.76
0.98550,-2199.70,-2836.87,-0.9875,68.2340,70.688,141.454,0.30000,16.155,933.08
0.98600,-2128.90,-2843.90,-0.9535,67.4860,70.491,141.184,0.30000,18.565,933.44
0.98650,-2057.57,-2846.78,-0.9201,66.2080,70.309,140.905,0.30000,20.985,933.83
0.98700,-1985.74,-2843.45,-0.8874,64.4363,70.149,140.611,0.30000,23.361,934.26
0.98750,-1913.42,-2832.06,-0.8557,62.2207,70.018,140.297,0.30000,25.646,934.72
0.98800,-1840.62,-2810.97,-0.8252,59.6229,69.920,139.959,0.30000,27.798,935.21
0.98850,-1767.37,-2778.83,-0.7961,56.7148,69.861,139.593,0.30000,29.782,935.71
0.98900,-1693.69,-2734.59,-0.7686,53.5767,69.845,139.196,0.30000,31.574,936.23
0.98950,-1619.59,-2677.54,-0.7426,50.2946,69.873,138.768,0.30000,33.154,936.76
0.99000,-1545.08,-2607.35,-0.7183,46.9584,69.947,138.307,0.30000,34.509,937.29
0.99050,-1470.20,-2524.03,-0.6956,43.6588,70.067,137.812,0.30000,35.633,937.82
0.99100,-1394.96,-2427.98,-0.6746,40.4852,70.232,137.286,0.30000,36.522,938.34
0.99150,-1319.37,-2319.94,-0.6551,37.5231,70.439,136.731,0.30000,37.176,938.84
0.99200,-1243.45,-2200.98,-0.6370,34.8516,70.684,136.148,0.30000,37.598,939.32
0.99250,-1167.23,-2072.48,-0.6202,32.5415,70.962,135.541,0.30000,37.796,939.77
0.99300,-1090.72,-1936.06,-0.6044,30.6533,71.269,134.915,0.30000,37.777,940.19
0.99350,-1013.94,-1793.57,-0.5895,29.2354,71.597,134.275,0.30000,37.557,940.58
0.99400,-936.91,-1647.03,-0.5751,28.3232,71.940,133.626,0.30000,37.160,940.94
0.99450,-859.65,-1498.55,-0.5611,27.9376,72.291,132.973,0.30000,36.620,941.26
0.99500,-782.17,-1350.29,-0.5471,28.0851,72.642,132.322,0.30000,35.992,941.54
0.99550,-704.51,-1204.39,-0.5329,28.7574,72.985,131.678,0.30000,35.358,941.79
0.99600,-626.67,-1062.93,-0.5182,29.9314,73.313,131.046,0.30000,34.844,942.01
0.99650,-548.67,-927.86,-0.5029,31.5707,73.620,130.433,0.30000,34.648,942.20
0.99700,-470.54,-800.93,-0.4866,33.6259,73.900,129.842,0.30000,35.074,942.36
0.99750,-392.30,-683.67,-0.4692,36.0363,74.148,129.277,0.30000,36.603,942.51
0.99800,-313.95,-577.35,-0.4505,38.7318,74.358,128.741,0.30000,39.996,942.64
0.99850,-235.53,-482.92,-0.4304,41.6347,74.528,128.237,0.30000,46.406,942.76
0.99900,-157.05,-400.99,-0.4088,44.6619,74.655,127.767,0.30000,57.225,942.89
0.99950,-78.54,-331.83,-0.3858,47.7273,74.739,127.331,0.30000,72.774,943.01
1.00000,-0.00,-275.38,-0.3611,50.7441,74.780,126.929,0.30000,0.000,943.15
1.00050,78.54,-231.21,-0.3350,53.6273,74.779,126.559,0.30000,75.772,943.30
1.00100,157.05,-198.55,-0.3075,56.2960,74.739,126.220,0.30000,66.171,943.48
1.00150,235.53,-176.32,-0.2788,58.6755,74.664,125.909,0.30000,60.236,943.69
1.00200,313.95,-163.18,-0.2489,60.6996,74.558,125.623,0.30000,56.655,943.93
1.00250,392.30,-157.53,-0.2182,62.3123,74.426,125.356,0.30000,54.493,944.20
1.00300,470.54,-157.57,-0.1867,63.4691,74.276,125.106,0.30000,53.162,944.52
1.00350,548.67,-161.36,-0.1548,64.1385,74.112,124.865,0.30000,52.305,944.87
1.00400,626.67,-166.87,-0.1226,64.3023,73.944,124.631,0.30000,51.702,945.27
1.00450,704.51,-172.04,-0.0905,63.9568,73.777,124.396,0.30000,51.210,945.71
1.00500,782.17,-174.80,-0.0588,63.1122,73.619,124.155,0.30000,50.740,946.18
1.00550,859.65,-173.21,-0.0275,61.7924,73.476,123.904,0.30000,50.229,946.70
1.00600,936.91,-165.42,0.0030,60.0345,73.356,123.638,0.30000,49.638,947.25
1.00650,1013.94,-149.78,0.0325,57.8874,73.263,123.353,0.30000,48.935,947.83
1.00700,1090.72,-124.87,0.0608,55.4107,73.202,123.044,0.30000,48.099,948.44
1.00750,1167.23,-89.52,0.0878,52.6728,73.178,122.709,0.30000,47.115,949.07
1.00800,1243.45,-42.89,0.1134,49.7488,73.193,122.346,0.30000,45.971,949.71
1.00850,1319.37,15.58,0.1376,46.7188,73.250,121.954,0.30000,44.660,950.37
1.00900,1394.96,86.09,0.1602,43.6655,73.349,121.531,0.30000,43.176,951.02
1.00950,1470.20,168.52,0.1812,40.6716,73.490,121.079,0.30000,41.521,951.67
1.01000,1545.08,262.41,0.2008,37.8181,73.671,120.597,0.30000,39.698,952.31
1.01050,1619.59,366.97,0.2191,35.1815,73.889,120.090,0.30000,37.719,952.94
1.01100,1693.69,481.15,0.2361,32.8319,74.141,119.558,0.30000,35.599,953.54
1.01150,1767.37,603.60,0.2520,30.8313,74.422,119.007,0.30000,33.364,954.13
1.01200,1840.62,732.76,0.2670,29.2317,74.727,118.439,0.30000,31.043,954.68
1.01250,1913.42,866.90,0.2813,28.0736,75.050,117.859,0.30000,28.676,955.20
1.01300,1985.74,1004.14,0.2951,27.3853,75.385,117.273,0.30000,26.304,955.69
1.01350,2057.57,1142.52,0.3087,27.1819,75.724,116.685,0.30000,23.976,956.15
1.01400,2128.90,1280.07,0.3224,27.4649,76.060,116.100,0.30000,21.738,956.58
1.01450,2199.70,1414.84,0.3363,28.2224,76.388,115.524,0.30000,19.636,956.97
1.01500,2269.95,1544.97,0.3507,29.4295,76.701,114.960,0.30000,17.712,957.33
1.01550,2339.65,1668.73,0.3658,31.0489,76.993,114.415,0.30000,16.001,957.67
1.01600,2408.77,1784.57,0.3818,33.0321,77.257,113.891,0.30000,14.528,957.98
1.01650,2477.29,1891.17,0.3989,35.3208,77.491,113.392,0.30000,13.311,958.27
1.01700,2545.21,1987.46,0.4172,37.8484,77.690,112.920,0.30000,12.360,958.55
1.01750,2612.49,2072.67,0.4367,40.5421,77.851,112.479,0.30000,11.675,958.82
1.01800,2679.13,2146.34,0.4577,43.3248,77.973,112.068,0.30000,11.248,959.09
1.01850,2745.11,2208.30,0.4801,46.1175,78.055,111.689,0.30000,11.065,959.36
1.01900,2810.42,2258.74,0.5038,48.8411,78.098,111.340,0.30000,11.106,959.63
1.01950,2875.03,2298.14,0.5289,51.4188,78.103,111.020,0.30000,11.346,959.92
1.02000,2938.93,2327.30,0.5552,53.7784,78.074,110.729,0.30000,11.756,960.23
1.02050,3002.10,2347.28,0.5826,55.8538,78.013,110.461,0.30000,12.305,960.55
1.02100,3064.54,2359.40,0.6110,57.5872,77.926,110.215,0.30000,12.958,960.91
1.02150,3126.21,2365.17,0.6401,58.9308,77.817,109.986,0.30000,13.682,961.29
1.02200,3187.12,2366.28,0.6699,59.8473,77.693,109.770,0.30000,14.443,961.70
1.02250,3247.24,2364.54,0.6999,60.3120,77.560,109.561,0.30000,15.207,962.14
1.02300,3306.56,2361.82,0.7301,60.3123,77.423,109.357,0.30000,15.946,962.61
1.02350,3365.06,2360.01,0.7602,59.8488,77.290,109.150,0.30000,16.630,963.11
1.02400,3422.74,2360.96,0.7899,58.9348,77.167,108.937,0.30000,17.235,963.64
1.02450,3479.56,2366.44,0.8190,57.5961,77.060,108.713,0.30000,17.740,964.20
1.02500,3535.53,2378.07,0.8474,55.8702,76.975,108.474,0.30000,18.127,964.78
1.02550,3590.63,2397.30,0.8748,53.8049,76.916,108.217,0.30000,18.384,965.38
1.02600,3644.84,2425.36,0.9012,51.4573,76.889,107.937,0.30000,18.499,965.99
1.02650,3698.16,2463.23,0.9263,48.8921,76.895,107.632,0.30000,18.466,966.60
1.02700,3750.56,2511.59,0.9500,46.1796,76.939,107.302,0.30000,18.281,967.22
1.02750,3802.03,2570.85,0.9724,43.3939,77.020,106.944,0.30000,17.943,967.84
1.02800,3852.57,2641.10,0.9934,40.6107,77.140,106.558,0.30000,17.456,968.44
1.02850,3902.15,2722.13,1.0130,37.9053,77.298,106.146,0.30000,16.826,969.03
1.02900,3950.78,2813.42,1.0313,35.3506,77.492,105.708,0.30000,16.060,969.60
1.02950,3998.42,2914.18,1.0484,33.0148,77.719,105.246,0.30000,15.172,970.14
1.03000,4045.08,3023.34,1.0644,30.9599,77.975,104.764,0.30000,14.176,970.66
1.03050,4090.75,3139.63,1.0794,29.2396,78.257,104.265,0.30000,13.089,971.13
1.03100,4135.40,3261.56,1.0937,27.8982,78.559,103.752,0.30000,11.932,971.57
1.03150,4179.04,3387.49,1.1074,26.9694,78.875,103.230,0.30000,10.725,971.96
1.03200,4221.64,3515.68,1.1208,26.4753,79.200,102.703,0.30000,9.493,972.32
1.03250,4263.20,3644.35,1.1340,26.4256,79.527,102.176,0.30000,8.259,972.63
1.03300,4303.71,3771.68,1.1473,26.8179,79.851,101.654,0.30000,7.047,972.89
1.03350,4343.16,3895.92,1.1608,27.6375,80.164,101.140,0.30000,5.879,973.12
1.03400,4381.53,4015.41,1.1750,28.8581,80.461,100.640,0.30000,4.777,973.30
1.03450,4418.83,4128.60,1.1898,30.4421,80.738,100.158,0.30000,3.758,973.44
1.03500,4455.03,4234.15,1.2055,32.3424,80.988,99.696,0.30000,2.838,973.55
1.03550,4490.14,4330.93,1.2222,34.5032,81.209,99.258,0.30000,2.031,973.63
1.03600,4524.14,4418.04,1.2400,36.8617,81.398,98.846,0.30000,1.343,973.69
1.03650,4557.02,4494.87,1.2590,39.3501,81.551,98.461,0.30000,0.781,973.72
1.03700,4588.77,4561.07,1.2793,41.8972,81.668,98.105,0.30000,0.346,973.73
1.03750,4619.40,4616.62,1.3009,44.4305,81.750,97.777,0.30000,0.035,973.73
1.03800,4648.88,4661.75,1.3238,46.8785,81.795,97.478,-0.30000,-0.159,973.74
1.03850,4677.22,4624.61,1.3478,49.0481,81.592,97.448,0.30000,0.644,973.77
1.03900,4704.40,4535.94,1.3727,50.4583,81.232,97.587,0.30000,2.051,973.85
1.03950,4730.43,4476.55,1.3981,51.1222,80.958,97.625,0.30000,3.072,973.98
1.04000,4755.28,4439.74,1.4237,51.1643,80.750,97.585,0.30000,3.796,974.13
1.04050,4778.97,4421.01,1.4492,50.6860,80.597,97.486,0.30000,4.284,974.31
1.04100,4801.47,4417.38,1.4743,49.7740,80.490,97.338,0.30000,4.574,974.51
1.04150,4822.79,4426.93,1.4989,48.5060,80.425,97.150,0.30000,4.692,974.70
1.04200,4842.92,4448.40,1.5228,46.9544,80.398,96.927,0.30000,4.657,974.90
1.04250,4861.85,4480.98,1.5458,45.1888,80.409,96.673,0.30000,4.479,975.09
1.04300,4879.58,4524.05,1.5679,43.2764,80.454,96.389,0.30000,4.167,975.27
1.04350,4896.11,4577.13,1.5891,41.2830,80.533,96.079,0.30000,3.728,975.43
1.04400,4911.44,4639.70,1.6092,39.2723,80.645,95.744,0.30000,3.167,975.56
1.04450,4925.55,4711.19,1.6284,37.3055,80.787,95.385,0.30000,2.492,975.67
1.04500,4938.44,4790.95,1.6465,35.4401,80.958,95.006,0.30000,1.711,975.75
1.04550,4950.12,4878.15,1.6638,33.7293,81.155,94.607,0.30000,0.833,975.78
1.04600,4960.57,4971.88,1.6803,32.2206,81.375,94.193,-0.30000,-0.131,975.79
1.04650,4969.80,4999.15,1.6961,30.8317,81.399,94.005,-0.30000,-0.338,975.80
1.04700,4977.81,4917.03,1.7111,29.0591,81.097,94.187,0.30000,0.700,975.83
1.04750,4984.59,4832.79,1.7250,26.5890,80.793,94.382,0.30000,1.744,975.91
1.04800,4990.13,4816.02,1.7376,23.6772,80.697,94.361,0.30000,1.998,976.00
1.04850,4994.45,4852.09,1.7487,20.6464,80.764,94.173,0.30000,1.633,976.07
1.04900,4997.53,4929.21,1.7583,17.7532,80.960,93.857,0.30000,0.783,976.10
1.04950,4999.38,5037.95,1.7665,15.2009,81.256,93.444,-0.30000,-0.442,976.12
1.05000,5000.00,5098.67,1.7735,13.0253,81.413,93.199,-0.30000,-1.131,976.17
1.05050,4999.38,5069.30,1.7795,10.8167,81.303,93.260,-0.30000,-0.801,976.20
1.05100,4997.53,5002.05,1.7843,8.3147,81.093,93.471,-0.30000,-0.052,976.21
1.05150,4994.45,4896.02,1.7877,5.3950,80.787,93.845,0.30000,1.129,976.26
1.05200,4990.13,4833.47,1.7896,2.2074,80.608,94.067,0.30000,1.798,976.33
1.05250,4984.59,4843.70,1.7900,-0.6158,80.636,94.030,0.30000,1.619,976.40
1.05300,4977.81,4919.02,1.7891,-2.7460,80.865,93.784,0.30000,0.677,976.43
1.05350,4969.80,5046.54,1.7874,-4.0704,81.254,93.369,-0.30000,-0.885,976.47
1.05400,4960.57,5137.89,1.7852,-4.6465,81.536,93.077,-0.30000,-2.047,976.56
1.05450,4950.12,5157.43,1.7828,-4.9049,81.604,93.029,-0.30000,-2.398,976.66
1.05500,4938.44,5128.14,1.7803,-5.1236,81.541,93.168,-0.30000,-2.200,976.76
1.05550,4925.55,5056.11,1.7776,-5.5391,81.364,93.473,-0.30000,-1.518,976.82
1.05600,4911.44,4955.20,1.7747,-6.3092,81.111,93.892,-0.30000,-0.511,976.85
1.05650,4896.11,4836.18,1.7713,-7.5312,80.813,94.386,0.30000,0.701,976.88
1.05700,4879.58,4773.61,1.7671,-9.1526,80.670,94.671,0.30000,1.244,976.93
1.05750,4861.85,4805.26,1.7621,-10.7206,80.787,94.601,0.30000,0.667,976.96
1.05800,4842.92,4892.05,1.7564,-11.8995,81.067,94.345,-0.30000,-0.581,976.98
1.05850,4822.79,4967.33,1.7503,-12.5191,81.315,94.130,-0.30000,-1.717,977.05
1.05900,4801.47,4996.17,1.7440,-12.7871,81.432,94.085,-0.30000,-2.322,977.15
1.05950,4778.97,4974.46,1.7375,-12.9465,81.413,94.235,-0.30000,-2.343,977.25
1.06000,4755.28,4916.73,1.7310,-13.2116,81.298,94.524,-0.30000,-1.945,977.33
1.06050,4730.43,4834.36,1.7243,-13.7298,81.117,94.909,-0.30000,-1.259,977.38
1.06100,4704.40,4736.24,1.7172,-14.5961,80.896,95.358,-0.30000,-0.388,977.40
1.06150,4677.22,4629.36,1.7096,-15.8637,80.655,95.846,0.30000,0.586,977.42
1.06200,4648.88,4585.15,1.7013,-17.4395,80.586,96.101,0.30000,0.785,977.45
1.06250,4619.40,4642.82,1.6922,-18.8257,80.798,95.973,-0.30000,-0.291,977.47
1.06300,4588.77,4710.28,1.6826,-19.7081,81.039,95.813,-0.30000,-1.517,977.53
1.06350,4557.02,4728.74,1.6726,-20.2266,81.150,95.844,-0.30000,-2.158,977.61
1.06400,4524.14,4709.22,1.6624,-20.6006,81.160,96.023,-0.30000,-2.343,977.71
1.06450,4490.14,4662.86,1.6520,-20.9883,81.098,96.306,-0.30000,-2.203,977.79
1.06500,4455.03,4598.15,1.6414,-21.4985,80.987,96.661,-0.30000,-1.840,977.86
1.06550,4418.83,4521.62,1.6304,-22.2018,80.846,97.063,-0.30000,-1.333,977.91
1.06600,4381.53,4438.37,1.6191,-23.1384,80.689,97.496,-0.30000,-0.743,977.94
1.06650,4343.16,4352.37,1.6073,-24.3243,80.528,97.943,-0.30000,-0.122,977.95
1.06700,4303.71,4266.79,1.5948,-25.7557,80.371,98.395,0.30000,0.492,977.97
1.06750,4263.20,4249.52,1.5815,-27.3010,80.404,98.594,0.30000,0.184,977.97
1.06800,4221.64,4339.38,1.5675,-28.4399,80.732,98.392,-0.30000,-1.598,978.03
1.06850,4179.04,4440.29,1.5532,-28.8311,81.092,98.151,-0.30000,-3.577,978.16
1.06900,4135.40,4489.85,1.5388,-28.6332,81.312,98.105,-0.30000,-4.899,978.34
1.06950,4090.75,4499.69,1.5246,-28.0775,81.424,98.209,-0.30000,-5.709,978.54
1.07000,4045.08,4479.64,1.5107,-27.3414,81.452,98.423,-0.30000,-6.132,978.76
1.07050,3998.42,4437.10,1.4973,-26.5606,81.416,98.718,-0.30000,-6.261,978.98
1.07100,3950.78,4377.74,1.4842,-25.8385,81.332,99.072,-0.30000,-6.168,979.19
1.07150,3902.15,4306.02,1.4714,-25.2529,81.212,99.470,-0.30000,-5.909,979.40
1.07200,3852.57,4225.53,1.4589,-24.8605,81.067,99.898,-0.30000,-5.530,979.58
1.07250,3802.03,4139.22,1.4465,-24.6999,80.904,100.347,-0.30000,-5.068,979.75
1.07300,3750.56,4049.56,1.4341,-24.7950,80.732,100.808,-0.30000,-4.558,979.90
1.07350,3698.16,3958.68,1.4217,-25.1556,80.557,101.273,-0.30000,-4.030,980.03
1.07400,3644.84,3868.42,1.4089,-25.7803,80.385,101.739,-0.30000,-3.510,980.14
1.07450,3590.63,3780.35,1.3958,-26.6568,80.221,102.199,-0.30000,-3.024,980.24
1.07500,3535.53,3695.82,1.3822,-27.7637,80.069,102.650,-0.30000,-2.596,980.32
1.07550,3479.56,3615.97,1.3680,-29.0717,79.933,103.089,-0.30000,-2.245,980.39
1.07600,3422.74,3541.72,1.3531,-30.5452,79.816,103.513,-0.30000,-1.991,980.45
1.07650,3365.06,3473.76,1.3375,-32.1429,79.721,103.920,-0.30000,-1.850,980.50
1.07700,3306.56,3412.57,1.3210,-33.8201,79.648,104.308,-0.30000,-1.836,980.55
1.07750,3247.24,3358.43,1.3037,-35.5294,79.599,104.678,-0.30000,-1.961,980.61
1.07800,3187.12,3311.37,1.2855,-37.2227,79.574,105.028,-0.30000,-2.233,980.67
1.07850,3126.21,3271.24,1.2664,-38.8522,79.572,105.360,-0.30000,-2.656,980.74
1.07900,3064.54,3237.68,1.2466,-40.3720,79.593,105.674,-0.30000,-3.234,980.83
1.07950,3002.10,3210.14,1.2261,-41.7395,79.633,105.971,-0.30000,-3.964,980.93
1.08000,2938.93,3187.91,1.2049,-42.9162,79.692,106.253,-0.30000,-4.842,981.06
1.08050,2875.03,3170.12,1.1832,-43.8693,79.765,106.524,-0.30000,-5.860,981.21
1.08100,2810.42,3155.80,1.1611,-44.5721,79.849,106.784,-0.30000,-7.006,981.38
1.08150,2745.11,3143.88,1.1387,-45.0051,79.942,107.037,-0.30000,-8.265,981.58
1.08200,2679.13,3133.24,1.1161,-45.1562,80.038,107.286,-0.30000,-9.620,981.80
1.08250,2612.49,3122.71,1.0936,-45.0212,80.134,107.534,-0.30000,-11.051,982.06
1.08300,2545.21,3111.15,1.0712,-44.6039,80.226,107.784,-0.30000,-12.536,982.34
1.08350,2477.29,3097.44,1.0490,-43.9158,80.310,108.038,-0.30000,-14.054,982.65
1.08400,2408.77,3080.52,1.0273,-42.9759,80.382,108.300,-0.30000,-15.583,982.99
1.08450,2339.65,3059.46,1.0061,-41.8100,80.440,108.571,-0.30000,-17.101,983.35
1.08500,2269.95,3033.40,0.9855,-40.4500,80.480,108.855,-0.30000,-18.589,983.73
1.08550,2199.70,3001.68,0.9657,-38.9330,80.500,109.152,-0.30000,-20.031,984.13
1.08600,2128.90,2963.77,0.9466,-37.3004,80.497,109.464,-0.30000,-21.413,984.55
1.08650,2057.57,2919.31,0.9284,-35.5964,80.472,109.793,-0.30000,-22.725,984.98
1.08700,1985.74,2868.15,0.9110,-33.8671,80.423,110.137,-0.30000,-23.959,985.42
1.08750,1913.42,2810.32,0.8945,-32.1588,80.350,110.498,-0.30000,-25.114,985.87
1.08800,1840.62,2746.01,0.8788,-30.5174,80.255,110.875,-0.30000,-26.192,986.32
1.08850,1767.37,2675.64,0.8640,-28.9863,80.138,111.266,-0.30000,-27.199,986.78
1.08900,1693.69,2599.75,0.8498,-27.6057,80.001,111.671,-0.30000,-28.145,987.23
1.08950,1619.59,2519.07,0.8363,-26.4118,79.847,112.087,-0.30000,-29.047,987.68
1.09000,1545.08,2434.44,0.8234,-25.4349,79.679,112.512,-0.30000,-29.925,988.12
1.09050,1470.20,2346.80,0.8109,-24.6995,79.500,112.943,-0.30000,-30.805,988.56
1.09100,1394.96,2257.19,0.7986,-24.2232,79.314,113.379,-0.30000,-31.721,988.99
1.09150,1319.37,2166.70,0.7866,-24.0163,79.123,113.816,-0.30000,-32.710,989.42
1.09200,1243.45,2076.42,0.7746,-24.0816,78.933,114.252,-0.30000,-33.818,989.83
1.09250,1167.23,1987.46,0.7625,-24.4144,78.747,114.683,-0.30000,-35.096,990.24
1.09300,1090.72,1900.86,0.7501,-25.0025,78.568,115.107,-0.30000,-36.604,990.65
1.09350,1013.94,1817.62,0.7374,-25.8268,78.400,115.521,-0.30000,-38.402,991.05
1.09400,936.91,1738.62,0.7243,-26.8619,78.247,115.923,-0.30000,-40.554,991.45
1.09450,859.65,1664.63,0.7105,-28.0764,78.110,116.311,-0.30000,-43.119,991.85
1.09500,782.17,1596.29,0.6962,-29.4344,77.991,116.683,-0.30000,-46.146,992.26
1.09550,704.51,1534.06,0.6811,-30.8960,77.894,117.039,-0.30000,-49.660,992.68
1.09600,626.67,1478.24,0.6652,-32.4188,77.818,117.377,-0.30000,-53.651,993.10
1.09650,548.67,1428.97,0.6486,-33.9589,77.763,117.697,-0.30000,-58.066,993.54
1.09700,470.54,1386.19,0.6313,-35.4720,77.731,118.000,-0.30000,-62.802,994.00
1.09750,392.30,1349.67,0.6132,-36.9151,77.720,118.285,-0.30000,-67.718,994.48
1.09800,313.95,1319.01,0.5944,-38.2470,77.728,118.555,-0.30000,-72.653,994.98
1.09850,235.53,1293.65,0.5750,-39.4301,77.754,118.810,-0.30000,-77.451,995.51
1.09900,157.05,1272.89,0.5550,-40.4309,77.796,119.052,-0.30000,-81.988,996.07
1.09950,78.54,1255.91,0.5346,-41.2213,77.850,119.283,-0.30000,-86.184,996.66
1.10000,-0.00,1241.79,0.5138,-41.7790,77.913,119.507,-0.30000,0.000,997.28
1.10050,-78.54,1229.53,0.4928,-42.0883,77.982,119.724,-0.30000,-86.564,997.93
1.10100,-157.05,1218.11,0.4718,-42.1407,78.054,119.939,-0.30000,-83.485,998.62
1.10150,-235.53,1206.48,0.4507,-41.9344,78.124,120.153,-0.30000,-80.723,999.34
1.10200,-313.95,1193.59,0.4299,-41.4752,78.190,120.370,-0.30000,-78.236,1000.09
1.10250,-392.30,1178.45,0.4093,-40.7756,78.248,120.592,-0.30000,-75.977,1000.88
1.10300,-470.54,1160.14,0.3891,-39.8548,78.294,120.821,-0.30000,-73.904,1001.69
1.10350,-548.67,1137.83,0.3695,-38.7380,78.325,121.060,-0.30000,-71.979,1002.54
1.10400,-626.67,1110.80,0.3504,-37.4557,78.340,121.310,-0.30000,-70.167,1003.41
1.10450,-704.51,1078.48,0.3320,-36.0427,78.336,121.573,-0.30000,-68.440,1004.30
1.10500,-782.17,1040.44,0.3144,-34.5374,78.312,121.850,-0.30000,-66.773,1005.21
1.10550,-859.65,996.42,0.2975,-32.9805,78.267,122.142,-0.30000,-65.149,1006.14
1.10600,-936.91,946.33,0.2814,-31.4138,78.201,122.448,-0.30000,-63.550,1007.08
1.10650,-1013.94,890.25,0.2661,-29.8794,78.113,122.769,-0.30000,-61.966,1008.03
1.10700,-1090.72,828.42,0.2515,-28.4179,78.005,123.104,-0.30000,-60.389,1008.99
1.10750,-1167.23,761.24,0.2377,-27.0682,77.877,123.452,-0.30000,-58.815,1009.95
1.10800,-1243.45,689.28,0.2244,-25.8653,77.733,123.811,-0.30000,-57.244,1010.92
1.10850,-1319.37,613.21,0.2118,-24.8405,77.574,124.180,-0.30000,-55.679,1011.89
1.10900,-1394.96,533.83,0.1996,-24.0196,77.403,124.556,-0.30000,-54.124,1012.85
1.10950,-1470.20,452.04,0.1877,-23.4229,77.223,124.938,-0.30000,-52.590,1013.81
1.11000,-1545.08,368.77,0.1761,-23.0641,77.037,125.323,-0.30000,-51.086,1014.77
1.11050,-1619.59,285.02,0.1646,-22.9505,76.850,125.707,-0.30000,-49.624,1015.72
1.11100,-1693.69,201.79,0.1531,-23.0825,76.663,126.090,-0.30000,-48.218,1016.67
1.11150,-1767.37,120.06,0.1415,-23.4537,76.481,126.468,-0.30000,-46.882,1017.61
1.11200,-1840.62,40.77,0.1296,-24.0509,76.307,126.838,-0.30000,-45.628,1018.55
1.11250,-1913.42,-35.22,0.1174,-24.8552,76.143,127.199,-0.30000,-44.468,1019.49
1.11300,-1985.74,-107.14,0.1047,-25.8415,75.993,127.548,-0.30000,-43.412,1020.43
1.11350,-2057.57,-174.33,0.0915,-26.9804,75.859,127.884,-0.30000,-42.467,1021.37
1.11400,-2128.90,-236.25,0.0777,-28.2380,75.742,128.206,-0.30000,-41.638,1022.32
1.11450,-2199.70,-292.54,0.0633,-29.5774,75.645,128.512,-0.30000,-40.926,1023.27
1.11500,-2269.95,-342.97,0.0481,-30.9598,75.566,128.802,-0.30000,-40.328,1024.24
1.11550,-2339.65,-387.48,0.0323,-32.3452,75.508,129.076,-0.30000,-39.841,1025.21
1.11600,-2408.77,-426.17,0.0158,-33.6940,75.470,129.334,-0.30000,-39.457,1026.20
1.11650,-2477.29,-459.29,-0.0014,-34.9675,75.450,129.577,-0.30000,-39.166,1027.21
1.11700,-2545.21,-487.26,-0.0191,-36.1295,75.447,129.806,-0.30000,-38.958,1028.24
1.11750,-2612.49,-510.62,-0.0375,-37.1470,75.460,130.022,-0.30000,-38.818,1029.29
1.11800,-2679.13,-530.04,-0.0563,-37.9913,75.486,130.227,-0.30000,-38.735,1030.37
1.11850,-2745.11,-546.30,-0.0754,-38.6386,75.523,130.424,-0.30000,-38.694,1031.47
1.11900,-2810.42,-560.25,-0.0949,-39.0705,75.567,130.613,-0.30000,-38.683,1032.59
1.11950,-2875.03,-572.79,-0.1145,-39.2749,75.615,130.798,-0.30000,-38.687,1033.74
1.12000,-2938.93,-584.88,-0.1341,-39.2459,75.665,130.982,-0.30000,-38.694,1034.92
1.12050,-3002.10,-597.46,-0.1537,-38.9842,75.712,131.165,-0.30000,-38.694,1036.12
1.12100,-3064.54,-611.45,-0.1730,-38.4968,75.754,131.352,-0.30000,-38.676,1037.35
1.12150,-3126.21,-627.75,-0.1921,-37.7972,75.788,131.544,-0.30000,-38.632,1038.60
1.12200,-3187.12,-647.15,-0.2108,-36.9043,75.810,131.744,-0.30000,-38.553,1039.87
1.12250,-3247.24,-670.38,-0.2290,-35.8425,75.819,131.952,-0.30000,-38.434,1041.16
1.12300,-3306.56,-698.05,-0.2466,-34.6407,75.813,132.171,-0.30000,-38.270,1042.46
1.12350,-3365.06,-730.63,-0.2636,-33.3315,75.788,132.403,-0.30000,-38.057,1043.78
1.12400,-3422.74,-768.45,-0.2800,-31.9503,75.746,132.647,-0.30000,-37.793,1045.11
1.12450,-3479.56,-811.72,-0.2956,-30.5343,75.684,132.904,-0.30000,-37.478,1046.44
1.12500,-3535.53,-860.46,-0.3105,-29.1214,75.602,133.174,-0.30000,-37.112,1047.78
1.12550,-3590.63,-914.55,-0.3247,-27.7493,75.502,133.458,-0.30000,-36.697,1049.12
1.12600,-3644.84,-973.72,-0.3382,-26.4544,75.384,133.754,-0.30000,-36.236,1050.45
1.12650,-3698.16,-1037.57,-0.3512,-25.2707,75.249,134.061,-0.30000,-35.733,1051.78
1.12700,-3750.56,-1105.56,-0.3635,-24.2289,75.099,134.378,-0.30000,-35.193,1053.10
1.12750,-3802.03,-1177.03,-0.3754,-23.3557,74.937,134.703,-0.30000,-34.622,1054.42
1.12800,-3852.57,-1251.23,-0.3869,-22.6730,74.764,135.034,-0.30000,-34.028,1055.72
1.12850,-3902.15,-1327.35,-0.3981,-22.1971,74.585,135.370,-0.30000,-33.418,1057.00
1.12900,-3950.78,-1404.51,-0.4092,-21.9388,74.402,135.707,-0.30000,-32.802,1058.28
1.12950,-3998.42,-1481.81,-0.4201,-21.9026,74.217,136.043,-0.30000,-32.186,1059.54
1.13000,-4045.08,-1558.35,-0.4311,-22.0868,74.034,136.377,-0.30000,-31.581,1060.78
1.13050,-4090.75,-1633.27,-0.4422,-22.4838,73.857,136.706,-0.30000,-30.995,1062.01
1.13100,-4135.40,-1705.72,-0.4536,-23.0799,73.688,137.027,-0.30000,-30.436,1063.22
1.13150,-4179.04,-1774.96,-0.4653,-23.8563,73.529,137.339,-0.30000,-29.911,1064.42
1.13200,-4221.64,-1840.31,-0.4775,-24.7891,73.383,137.640,-0.30000,-29.426,1065.62
1.13250,-4263.20,-1901.23,-0.4902,-25.8503,73.251,137.929,-0.30000,-28.988,1066.80
1.13300,-4303.71,-1957.28,-0.5034,-27.0084,73.137,138.205,-0.30000,-28.600,1067.97
1.13350,-4343.16,-2008.16,-0.5172,-28.2294,73.039,138.466,-0.30000,-28.264,1069.14
1.13400,-4381.53,-2053.71,-0.5316,-29.4780,72.959,138.713,-0.30000,-27.981,1070.30
1.13450,-4418.83,-2093.93,-0.5467,-30.7180,72.897,138.945,-0.30000,-27.750,1071.46
1.13500,-4455.03,-2128.95,-0.5623,-31.9139,72.853,139.163,-0.30000,-27.570,1072.63
1.13550,-4490.14,-2159.06,-0.5786,-33.0314,72.825,139.368,-0.30000,-27.436,1073.79
1.13600,-4524.14,-2184.65,-0.5953,-34.0386,72.813,139.560,-0.30000,-27.344,1074.96
1.13650,-4557.02,-2206.26,-0.6126,-34.9070,72.814,139.741,-0.30000,-27.287,1076.14
1.13700,-4588.77,-2224.53,-0.6302,-35.6120,72.825,139.913,-0.30000,-27.259,1077.32
1.13750,-4619.40,-2240.18,-0.6482,-36.1335,72.846,140.078,-0.30000,-27.251,1078.51
1.13800,-4648.88,-2253.99,-0.6663,-36.4568,72.872,140.237,-0.30000,-27.255,1079.71
1.13850,-4677.22,-2266.81,-0.6846,-36.5727,72.902,140.393,-0.30000,-27.264,1080.91
1.13900,-4704.40,-2279.48,-0.7028,-36.4778,72.931,140.548,-0.30000,-27.269,1082.12
1.13950,-4730.43,-2292.85,-0.7210,-36.1745,72.958,140.704,-0.30000,-27.262,1083.34
1.14000,-4755.28,-2307.76,-0.7390,-35.6710,72.979,140.864,-0.30000,-27.235,1084.57
1.14050,-4778.97,-2324.97,-0.7567,-34.9810,72.992,141.029,-0.30000,-27.180,1085.79
1.14100,-4801.47,-2345.20,-0.7739,-34.1232,72.994,141.200,-0.30000,-27.093,1087.02
1.14150,-4822.79,-2369.06,-0.7908,-33.1210,72.983,141.381,-0.30000,-26.966,1088.25
1.14200,-4842.92,-2397.06,-0.8070,-32.0015,72.958,141.572,-0.30000,-26.796,1089.47
1.14250,-4861.85,-2429.59,-0.8227,-30.7949,72.916,141.774,-0.30000,-26.578,1090.69
1.14300,-4879.58,-2466.92,-0.8378,-29.5339,72.858,141.987,-0.30000,-26.310,1091.89
1.14350,-4896.11,-2509.17,-0.8523,-28.2522,72.782,142.213,-0.30000,-25.990,1093.09
1.14400,-4911.44,-2556.32,-0.8661,-26.9840,72.689,142.450,-0.30000,-25.619,1094.26
1.14450,-4925.55,-2608.23,-0.8793,-25.7631,72.579,142.699,-0.30000,-25.196,1095.42
1.14500,-4938.44,-2664.61,-0.8919,-24.6216,72.452,142.959,-0.30000,-24.723,1096.56
1.14550,-4950.12,-2725.06,-0.9039,-23.5894,72.312,143.229,-0.30000,-24.204,1097.67
1.14600,-4960.57,-2789.05,-0.9155,-22.6930,72.159,143.507,-0.30000,-23.642,1098.76
1.14650,-4969.80,-2855.97,-0.9266,-21.9551,71.995,143.792,-0.30000,-23.042,1099.82
1.14700,-4977.81,-2925.12,-0.9375,-21.3940,71.823,144.081,-0.30000,-22.410,1100.84
1.14750,-4984.59,-2995.74,-0.9480,-21.0228,71.646,144.374,-0.30000,-21.752,1101.84
1.14800,-4990.13,-3067.04,-0.9585,-20.8495,71.465,144.667,-0.30000,-21.076,1102.80
1.14850,-4994.45,-3138.21,-0.9689,-20.8762,71.285,144.960,-0.30000,-20.388,1103.73
1.14900,-4997.53,-3208.43,-0.9794,-21.0999,71.107,145.249,-0.30000,-19.697,1104.62
1.14950,-4999.38,-3276.94,-0.9901,-21.5118,70.935,145.533,-0.30000,-19.010,1105.48
1.15000,-5000.00,-3343.01,-1.0010,-22.0982,70.771,145.810,-0.30000,-18.335,1106.31
1.15050,-4999.38,-3405.97,-1.0122,-22.8405,70.617,146.078,-0.30000,-17.678,1107.11
1.15100,-4997.53,-3465.27,-1.0238,-23.7160,70.475,146.335,-0.30000,-17.046,1107.87
1.15150,-4994.45,-3520.43,-1.0359,-24.6984,70.347,146.582,-0.30000,-16.443,1108.61
1.15200,-4990.13,-3571.11,-1.0485,-25.7587,70.234,146.816,-0.30000,-15.874,1109.32
1.15250,-4984.59,-3617.07,-1.0617,-26.8658,70.137,147.037,-0.30000,-15.342,1110.00
1.15300,-4977.81,-3658.22,-1.0754,-27.9874,70.056,147.244,-0.30000,-14.847,1110.66
1.15350,-4969.80,-3694.59,-1.0897,-29.0913,69.991,147.439,-0.30000,-14.391,1111.30
1.15400,-4960.57,-3726.34,-1.1045,-30.1455,69.941,147.622,-0.30000,-13.972,1111.92
1.15450,-4950.12,-3753.77,-1.1198,-31.1200,69.906,147.792,-0.30000,-13.587,1112.52
1.15500,-4938.44,-3777.28,-1.1356,-31.9870,69.885,147.952,-0.30000,-13.231,1113.10
1.15550,-4925.55,-3797.37,-1.1518,-32.7216,69.874,148.102,-0.30000,-12.901,1113.66
1.15600,-4911.44,-3814.65,-1.1683,-33.3032,69.873,148.245,-0.30000,-12.588,1114.21
1.15650,-4896.11,-3829.79,-1.1850,-33.7150,69.880,148.381,-0.30000,-12.287,1114.74
1.15700,-4879.58,-3843.51,-1.2020,-33.9455,69.890,148.513,-0.30000,-11.987,1115.26
1.15750,-4861.85,-3856.57,-1.2190,-33.9880,69.903,148.643,-0.30000,-11.682,1115.76
1.15800,-4842.92,-3869.74,-1.2359,-33.8409,69.915,148.773,-0.30000,-11.362,1116.25
1.15850,-4822.79,-3883.78,-1.2528,-33.5083,69.924,148.904,-0.30000,-11.018,1116.72
1.15900,-4801.47,-3899.41,-1.2694,-32.9989,69.926,149.039,-0.30000,-10.640,1117.17
1.15950,-4778.97,-3917.33,-1.2857,-32.3267,69.921,149.179,-0.30000,-10.220,1117.60
1.16000,-4755.28,-3938.14,-1.3017,-31.5098,69.905,149.326,-0.30000,-9.750,1118.01
1.16050,-4730.43,-3962.36,-1.3172,-30.5704,69.877,149.482,-0.30000,-9.222,1118.39
1.16100,-4704.40,-3990.43,-1.3323,-29.5338,69.836,149.647,-0.30000,-8.630,1118.75
1.16150,-4677.22,-4022.66,-1.3468,-28.4280,69.780,149.822,-0.30000,-7.967,1119.08
1.16200,-4648.88,-4059.24,-1.3607,-27.2827,69.708,150.008,-0.30000,-7.229,1119.37
1.16250,-4619.40,-4100.24,-1.3740,-26.1285,69.621,150.204,-0.30000,-6.412,1119.63
1.16300,-4588.77,-4145.63,-1.3868,-24.9961,69.519,150.411,-0.30000,-5.516,1119.85
1.16350,-4557.02,-4195.21,-1.3990,-23.9153,69.401,150.628,-0.30000,-4.539,1120.03
1.16400,-4524.14,-4248.71,-1.4107,-22.9147,69.270,150.855,-0.30000,-3.484,1120.17
1.16450,-4490.14,-4305.71,-1.4220,-22.0200,69.126,151.090,-0.30000,-2.352,1120.26
1.16500,-4455.03,-4365.73,-1.4328,-21.2543,68.971,151.333,-0.30000,-1.148,1120.31
1.16550,-4418.83,-4428.18,-1.4432,-20.6366,68.807,151.580,0.30000,0.121,1120.31
1.16600,-4381.53,-4438.94,-1.4534,-20.0903,68.801,151.660,0.30000,0.751,1120.34
1.16650,-4343.16,-4366.28,-1.4633,-19.2267,69.050,151.470,0.30000,0.305,1120.35
1.16700,-4303.71,-4250.70,-1.4726,-17.7461,69.423,151.128,-0.30000,-0.706,1120.38
1.16750,-4263.20,-4149.73,-1.4809,-15.5457,69.751,150.832,-0.30000,-1.525,1120.44
1.16800,-4221.64,-4101.61,-1.4880,-12.8672,69.916,150.707,-0.30000,-1.629,1120.50
1.16850,-4179.04,-4104.40,-1.4937,-10.0028,69.921,150.738,-0.30000,-1.023,1120.53
1.16900,-4135.40,-4146.95,-1.4980,-7.2287,69.799,150.890,0.30000,0.160,1120.54
1.16950,-4090.75,-4166.26,-1.5010,-4.7142,69.745,150.961,0.30000,1.058,1120.58
1.17000,-4045.08,-4133.09,-1.5028,-2.3373,69.847,150.854,0.30000,1.246,1120.62
1.17050,-3998.42,-4052.19,-1.5034,-0.0451,70.076,150.562,0.30000,0.770,1120.65
1.17100,-3950.78,-3924.52,-1.5028,2.3262,70.428,150.084,-0.30000,-0.381,1120.66
1.17150,-3902.15,-3848.52,-1.5010,4.8652,70.630,149.788,-0.30000,-0.787,1120.69
1.17200,-3852.57,-3858.67,-1.4980,7.2638,70.585,149.798,0.30000,0.091,1120.69
1.17250,-3802.03,-3874.69,-1.4938,9.4180,70.518,149.819,0.30000,1.095,1120.73
1.17300,-3750.56,-3842.30,-1.4886,11.4857,70.581,149.654,0.30000,1.401,1120.77
1.17350,-3698.16,-3762.24,-1.4823,13.7356,70.769,149.301,0.30000,0.993,1120.81
1.17400,-3644.84,-3651.87,-1.4748,16.3529,71.035,148.824,0.30000,0.110,1120.81
1.17450,-3590.63,-3524.53,-1.4658,19.4386,71.340,148.272,-0.30000,-1.055,1120.84
1.17500,-3535.53,-3471.60,-1.4553,22.8902,71.430,147.981,-0.30000,-1.036,1120.88
1.17550,-3479.56,-3538.39,-1.4430,26.0965,71.179,148.119,0.30000,0.968,1120.90
1.17600,-3422.74,-3619.53,-1.4293,28.6898,70.881,148.297,0.30000,3.291,1121.00
1.17650,-3365.06,-3648.01,-1.4144,30.7836,70.722,148.269,0.30000,4.806,1121.14
1.17700,-3306.56,-3633.16,-1.3985,32.6163,70.677,148.072,0.30000,5.641,1121.31
1.17750,-3247.24,-3588.93,-1.3818,34.3545,70.710,147.758,0.30000,6.007,1121.48
1.17800,-3187.12,-3525.68,-1.3642,36.1049,70.791,147.366,0.30000,6.064,1121.65
1.17850,-3126.21,-3451.14,-1.3457,37.9289,70.899,146.924,0.30000,5.934,1121.81
1.17900,-3064.54,-3371.08,-1.3262,39.8542,71.017,146.454,0.30000,5.712,1121.96
1.17950,-3002.10,-3289.76,-1.3058,41.8825,71.133,145.970,0.30000,5.473,1122.11
1.18000,-2938.93,-3210.33,-1.2843,43.9965,71.239,145.485,0.30000,5.276,1122.24
1.18050,-2875.03,-3135.03,-1.2618,46.1649,71.329,145.006,0.30000,5.168,1122.37
1.18100,-2810.42,-3065.39,-1.2382,48.3466,71.396,144.539,0.30000,5.184,1122.50
1.18150,-2745.11,-3002.35,-1.2135,50.4945,71.440,144.087,0.30000,5.353,1122.63
1.18200,-2679.13,-2946.36,-1.1877,52.5582,71.460,143.652,0.30000,5.696,1122.76
1.18250,-2612.49,-2897.47,-1.1609,54.4869,71.454,143.236,0.30000,6.225,1122.91
1.18300,-2545.21,-2855.37,-1.1332,56.2317,71.425,142.837,0.30000,6.948,1123.06
1.18350,-2477.29,-2819.45,-1.1047,57.7471,71.375,142.454,0.30000,7.864,1123.23
1.18400,-2408.77,-2788.86,-1.0755,58.9934,71.307,142.085,0.30000,8.967,1123.42
1.18450,-2339.65,-2762.55,-1.0458,59.9376,71.224,141.728,0.30000,10.246,1123.63
1.18500,-2269.95,-2739.33,-1.0156,60.5546,71.131,141.380,0.30000,11.683,1123.87
1.18550,-2199.70,-2717.89,-0.9853,60.8280,71.033,141.037,0.30000,13.256,1124.13
1.18600,-2128.90,-2696.87,-0.9549,60.7509,70.933,140.696,0.30000,14.938,1124.41
1.18650,-2057.57,-2674.87,-0.9246,60.3257,70.838,140.354,0.30000,16.700,1124.72
1.18700,-1985.74,-2650.54,-0.8946,59.5645,70.751,140.006,0.30000,18.510,1125.05
1.18750,-1913.42,-2622.58,-0.8651,58.4883,70.677,139.650,0.30000,20.336,1125.41
1.18800,-1840.62,-2589.81,-0.8362,57.1268,70.620,139.282,0.30000,22.148,1125.78
1.18850,-1767.37,-2551.18,-0.8080,55.5173,70.584,138.900,0.30000,23.917,1126.17
1.18900,-1693.69,-2505.79,-0.7807,53.7039,70.572,138.502,0.30000,25.617,1126.58
1.18950,-1619.59,-2452.96,-0.7543,51.7360,70.586,138.085,0.30000,27.229,1127.00
1.19000,-1545.08,-2392.21,-0.7290,49.6669,70.629,137.649,0.30000,28.735,1127.42
1.19050,-1470.20,-2323.26,-0.7047,47.5527,70.700,137.193,0.30000,30.124,1127.85
1.19100,-1394.96,-2246.10,-0.6814,45.4503,70.800,136.717,0.30000,31.390,1128.27
1.19150,-1319.37,-2160.92,-0.6592,43.4161,70.928,136.221,0.30000,32.532,1128.69
1.19200,-1243.45,-2068.15,-0.6380,41.5042,71.083,135.706,0.30000,33.554,1129.10
1.19250,-1167.23,-1968.42,-0.6177,39.7652,71.263,135.175,0.30000,34.466,1129.50
1.19300,-1090.72,-1862.56,-0.5982,38.2447,71.465,134.629,0.30000,35.285,1129.89
1.19350,-1013.94,-1751.55,-0.5794,36.9819,71.685,134.071,0.30000,36.035,1130.26
1.19400,-936.91,-1636.55,-0.5611,36.0088,71.919,133.503,0.30000,36.751,1130.61
1.19450,-859.65,-1518.78,-0.5433,35.3491,72.164,132.930,0.30000,37.479,1130.94
1.19500,-782.17,-1399.56,-0.5257,35.0179,72.414,132.354,0.30000,38.285,1131.25
1.19550,-704.51,-1280.25,-0.5082,35.0209,72.666,131.779,0.30000,39.257,1131.54
1.19600,-626.67,-1162.20,-0.4907,35.3548,72.914,131.208,0.30000,40.516,1131.80
1.19650,-548.67,-1046.72,-0.4728,36.0069,73.154,130.645,0.30000,42.231,1132.05
1.19700,-470.54,-935.04,-0.4546,36.9560,73.381,130.094,0.30000,44.630,1132.28
1.19750,-392.30,-828.31,-0.4358,38.1726,73.592,129.556,0.30000,48.021,1132.50
1.19800,-313.95,-727.50,-0.4164,39.6200,73.783,129.034,0.30000,52.795,1132.71
1.19850,-235.53,-633.44,-0.3962,41.2553,73.952,128.532,0.30000,59.378,1132.91
1.19900,-157.05,-546.78,-0.3751,43.0305,74.096,128.049,0.30000,68.051,1133.10
1.19950,-78.54,-467.93,-0.3531,44.8941,74.213,127.588,0.30000,78.597,1133.30
1.20000,-0.00,-397.11,-0.3302,46.7924,74.303,127.148,0.30000,0.000,1133.50
1.20050,78.54,-334.32,-0.3063,48.6709,74.367,126.731,0.30000,79.230,1133.70
1.20100,157.05,-279.34,-0.2816,50.4759,74.404,126.334,0.30000,70.207,1133.92
1.20150,235.53,-231.72,-0.2559,52.1561,74.416,125.958,0.30000,63.248,1134.15
1.20200,313.95,-190.83,-0.2294,53.6638,74.405,125.599,0.30000,58.120,1134.41
1.20250,392.30,-155.85,-0.2023,54.9563,74.375,125.258,0.30000,54.410,1134.68
1.20300,470.54,-125.81,-0.1745,55.9972,74.329,124.929,0.30000,51.726,1134.98
1.20350,548.67,-99.61,-0.1463,56.7571,74.269,124.612,0.30000,49.757,1135.30
1.20400,626.67,-76.04,-0.1178,57.2144,74.201,124.302,0.30000,48.274,1135.65
1.20450,704.51,-53.83,-0.0891,57.3563,74.129,123.997,0.30000,47.108,1136.03
1.20500,782.17,-31.70,-0.0605,57.1786,74.057,123.693,0.30000,46.138,1136.44
1.20550,859.65,-8.35,-0.0320,56.6859,73.990,123.387,0.30000,45.277,1136.87
1.20600,936.91,17.47,-0.0039,55.8916,73.932,123.075,0.30000,44.461,1137.33
1.20650,1013.94,46.91,0.0238,54.8174,73.887,122.754,0.30000,43.643,1137.82
1.20700,1090.72,81.06,0.0509,53.4926,73.859,122.423,0.30000,42.790,1138.32
1.20750,1167.23,120.82,0.0773,51.9533,73.851,122.078,0.30000,41.876,1138.85
1.20800,1243.45,166.95,0.1028,50.2414,73.865,121.717,0.30000,40.884,1139.38
1.20850,1319.37,220.05,0.1275,48.4033,73.904,121.339,0.30000,39.802,1139.93
1.20900,1394.96,280.48,0.1512,46.4887,73.968,120.943,0.30000,38.623,1140.49
1.20950,1470.20,348.41,0.1740,44.5492,74.059,120.529,0.30000,37.344,1141.05
1.21000,1545.08,423.82,0.1958,42.6369,74.177,120.096,0.30000,35.968,1141.61
1.21050,1619.59,506.45,0.2166,40.8029,74.320,119.646,0.30000,34.501,1142.17
1.21100,1693.69,595.86,0.2366,39.0958,74.487,119.179,0.30000,32.951,1142.72
1.21150,1767.37,691.40,0.2558,37.5604,74.676,118.698,0.30000,31.333,1143.26
1.21200,1840.62,792.27,0.2742,36.2367,74.884,118.204,0.30000,29.664,1143.78
1.21250,1913.42,897.52,0.2920,35.1586,75.107,117.699,0.30000,27.965,1144.29
1.21300,1985.74,1006.07,0.3094,34.3531,75.343,117.187,0.30000,26.259,1144.78
1.21350,2057.57,1116.77,0.3264,33.8393,75.587,116.671,0.30000,24.572,1145.25
1.21400,2128.90,1228.40,0.3433,33.6285,75.834,116.154,0.30000,22.928,1145.70
1.21450,2199.70,1339.71,0.3601,33.7231,76.081,115.638,0.30000,21.353,1146.13
1.21500,2269.95,1449.48,0.3771,34.1176,76.324,115.127,0.30000,19.872,1146.54
1.21550,2339.65,1556.53,0.3943,34.7976,76.558,114.625,0.30000,18.506,1146.93
1.21600,2408.77,1659.75,0.4119,35.7415,76.779,114.133,0.30000,17.273,1147.31
1.21650,2477.29,1758.16,0.4301,36.9199,76.984,113.655,0.30000,16.188,1147.66
1.21700,2545.21,1850.88,0.4489,38.2976,77.170,113.193,0.30000,15.259,1148.01
1.21750,2612.49,1937.22,0.4684,39.8337,77.335,112.749,0.30000,14.492,1148.35
1.21800,2679.13,2016.66,0.4887,41.4832,77.477,112.323,0.30000,13.889,1148.68
1.21850,2745.11,2088.87,0.5099,43.1982,77.594,111.917,0.30000,13.445,1149.01
1.21900,2810.42,2153.70,0.5319,44.9292,77.687,111.531,0.30000,13.152,1149.34
1.21950,2875.03,2211.24,0.5548,46.6266,77.755,111.164,0.30000,13.001,1149.67
1.22000,2938.93,2261.75,0.5785,48.2418,77.799,110.817,0.30000,12.975,1150.01
1.22050,3002.10,2305.69,0.6030,49.7288,77.821,110.488,0.30000,13.060,1150.36
1.22100,3064.54,2343.69,0.6282,51.0454,77.823,110.175,0.30000,13.237,1150.72
1.22150,3126.21,2376.55,0.6540,52.1543,77.808,109.876,0.30000,13.485,1151.09
1.22200,3187.12,2405.20,0.6803,53.0240,77.779,109.589,0.30000,13.785,1151.48
1.22250,3247.24,2430.68,0.7070,53.6300,77.740,109.311,0.30000,14.115,1151.89
1.22300,3306.56,2454.12,0.7339,53.9550,77.694,109.039,0.30000,14.456,1152.32
1.22350,3365.06,2476.67,0.7609,53.9898,77.645,108.770,0.30000,14.789,1152.76
1.22400,3422.74,2499.53,0.7879,53.7330,77.598,108.501,0.30000,15.095,1153.22
1.22450,3479.56,2523.86,0.8146,53.1915,77.557,108.229,0.30000,15.358,1153.70
1.22500,3535.53,2550.78,0.8410,52.3800,77.525,107.952,0.30000,15.564,1154.19
1.22550,3590.63,2581.34,0.8669,51.3204,77.506,107.665,0.30000,15.700,1154.70
1.22600,3644.84,2616.46,0.8923,50.0417,77.503,107.368,0.30000,15.756,1155.21
1.22650,3698.16,2656.94,0.9170,48.5785,77.519,107.058,0.30000,15.725,1155.73
1.22700,3750.56,2703.43,0.9408,46.9706,77.557,106.733,0.30000,15.599,1156.26
1.22750,3802.03,2756.40,0.9639,45.2614,77.617,106.392,0.30000,15.377,1156.78
1.22800,3852.57,2816.13,0.9861,43.4971,77.701,106.035,0.30000,15.057,1157.30
1.22850,3902.15,2882.73,1.0074,41.7251,77.810,105.660,0.30000,14.641,1157.81
1.22900,3950.78,2956.09,1.0278,39.9927,77.942,105.269,0.30000,14.132,1158.30
1.22950,3998.42,3035.94,1.0474,38.3460,78.097,104.863,0.30000,13.535,1158.79
1.23000,4045.08,3121.79,1.0662,36.8286,78.274,104.442,0.30000,12.858,1159.25
1.23050,4090.75,3213.03,1.0843,35.4800,78.470,104.007,0.30000,12.110,1159.69
1.23100,4135.40,3308.87,1.1017,34.3350,78.682,103.562,0.30000,11.303,1160.10
1.23150,4179.04,3408.40,1.1186,33.4228,78.907,103.109,0.30000,10.448,1160.48
1.23200,4221.64,3510.61,1.1352,32.7658,79.143,102.649,0.30000,9.560,1160.84
1.23250,4263.20,3614.43,1.1515,32.3791,79.384,102.187,0.30000,8.653,1161.16
1.23300,4303.71,3718.74,1.1676,32.2706,79.628,101.724,0.30000,7.740,1161.46
1.23350,4343.16,3822.39,1.1838,32.4402,79.870,101.264,0.30000,6.837,1161.72
1.23400,4381.53,3924.29,1.2001,32.8802,80.107,100.810,0.30000,5.958,1161.95
1.23450,4418.83,4023.36,1.2167,33.5755,80.335,100.363,0.30000,5.114,1162.14
1.23500,4455.03,4118.64,1.2337,34.5038,80.550,99.928,0.30000,4.318,1162.31
1.23550,4490.14,4209.26,1.2512,35.6368,80.750,99.506,0.30000,3.579,1162.45
1.23600,4524.14,4294.46,1.2694,36.9403,80.931,99.099,0.30000,2.906,1162.57
1.23650,4557.02,4373.66,1.2882,38.3759,81.093,98.708,0.30000,2.304,1162.66
1.23700,4588.77,4446.45,1.3078,39.9015,81.233,98.334,0.30000,1.777,1162.73
1.23750,4619.40,4512.57,1.3281,41.4728,81.350,97.979,0.30000,1.325,1162.78
1.23800,4648.88,4571.95,1.3492,43.0445,81.445,97.642,0.30000,0.948,1162.82
1.23850,4677.22,4624.73,1.3711,44.5713,81.518,97.324,0.30000,0.643,1162.85
1.23900,4704.40,4671.21,1.3938,46.0097,81.569,97.022,0.30000,0.404,1162.86
1.23950,4730.43,4711.85,1.4171,47.3185,81.601,96.736,0.30000,0.225,1162.87
1.24000,4755.28,4747.28,1.4411,48.4606,81.615,96.464,0.30000,0.096,1162.88
1.24050,4778.97,4778.28,1.4656,49.4036,81.614,96.205,0.30000,0.008,1162.88
1.24100,4801.47,4805.72,1.4904,50.1206,81.602,95.956,-0.30000,-0.051,1162.88
1.24150,4822.79,4758.38,1.5156,50.4677,81.366,95.956,0.30000,0.765,1162.91
1.24200,4842.92,4667.14,1.5408,50.0157,80.998,96.104,0.30000,2.079,1163.00
1.24250,4861.85,4612.64,1.5655,48.8293,80.742,96.132,0.30000,2.934,1163.12
1.24300,4879.58,4588.04,1.5895,47.0839,80.579,96.064,0.30000,3.419,1163.27
1.24350,4896.11,4588.45,1.6125,44.9298,80.494,95.919,0.30000,3.596,1163.42
1.24400,4911.44,4610.34,1.6344,42.4994,80.478,95.710,0.30000,3.508,1163.57
1.24450,4925.55,4651.02,1.6550,39.9115,80.523,95.446,0.30000,3.190,1163.71
1.24500,4938.44,4708.36,1.6743,37.2741,80.623,95.135,0.30000,2.668,1163.83
1.24550,4950.12,4780.48,1.6923,34.6854,80.772,94.783,0.30000,1.963,1163.91
1.24600,4960.57,4865.68,1.7090,32.2344,80.966,94.396,0.30000,1.096,1163.96
1.24650,4969.80,4962.26,1.7246,30.0001,81.198,93.978,0.30000,0.087,1163.96
1.24700,4977.81,5068.48,1.7391,28.0515,81.464,93.535,-0.30000,-1.044,1164.01
1.24750,4984.59,5110.76,1.7526,26.3235,81.541,93.312,-0.30000,-1.450,1164.07
1.24800,4990.13,5045.80,1.7653,24.3263,81.299,93.451,-0.30000,-0.639,1164.10
1.24850,4994.45,4937.88,1.7769,21.7000,80.939,93.749,0.30000,0.649,1164.13
1.24900,4997.53,4848.29,1.7869,18.3805,80.636,93.991,0.30000,1.711,1164.20
1.24950,4999.38,4823.10,1.7952,14.6368,80.530,94.025,0.30000,2.019,1164.29
1.25000,5000.00,4866.29,1.8015,10.8518,80.636,93.842,0.30000,1.532,1164.36
1.25050,4999.38,4962.04,1.8061,7.3861,80.907,93.495,0.30000,0.428,1164.38
1.25100,4997.53,5097.38,1.8090,4.5752,81.303,93.026,-0.30000,-1.145,1164.43
1.25150,4994.45,5189.39,1.8108,2.5814,81.572,92.709,-0.30000,-2.235,1164.52
1.25200,4990.13,5195.99,1.8117,1.0484,81.589,92.681,-0.30000,-2.362,1164.63
1.25250,4984.59,5160.46,1.8119,-0.2910,81.493,92.817,-0.30000,-2.021,1164.71
1.25300,4977.81,5081.92,1.8114,-1.6553,81.285,93.126,-0.30000,-1.198,1164.77
1.25350,4969.80,4974.82,1.8102,-3.2178,81.005,93.551,-0.30000,-0.058,1164.77
1.25400,4960.57,4850.29,1.8081,-5.1080,80.683,94.053,0.30000,1.274,1164.82
1.25450,4950.12,4783.14,1.8050,-7.3235,80.523,94.345,0.30000,1.932,1164.91
1.25500,4938.44,4810.31,1.8008,-9.4631,80.622,94.284,0.30000,1.486,1164.97
1.25550,4925.55,4895.43,1.7956,-11.2178,80.896,94.031,0.30000,0.350,1164.99
1.25600,4911.44,5038.75,1.7897,-12.2931,81.347,93.589,-0.30000,-1.485,1165.05
1.25650,4896.11,5149.97,1.7835,-12.5718,81.703,93.255,-0.30000,-2.968,1165.18
1.25700,4879.58,5195.46,1.7772,-12.3928,81.865,93.145,-0.30000,-3.704,1165.34
1.25750,4861.85,5189.14,1.7711,-12.0189,81.885,93.233,-0.30000,-3.851,1165.50
1.25800,4842.92,5139.05,1.7652,-11.7047,81.787,93.487,-0.30000,-3.499,1165.65
1.25850,4822.79,5058.02,1.7594,-11.6368,81.605,93.858,-0.30000,-2.792,1165.76
1.25900,4801.47,4956.10,1.7535,-11.9415,81.367,94.310,-0.30000,-1.845,1165.84
1.25950,4778.97,4841.27,1.7473,-12.6971,81.095,94.815,-0.30000,-0.747,1165.87
1.26000,4755.28,4719.93,1.7407,-13.9438,80.809,95.349,0.30000,0.426,1165.89
1.26050,4730.43,4663.25,1.7333,-15.5779,80.702,95.642,0.30000,0.814,1165.92
1.26100,4704.40,4711.08,1.7252,-17.0918,80.881,95.543,-0.30000,-0.081,1165.93
1.26150,4677.22,4770.18,1.7163,-18.1566,81.095,95.406,-0.30000,-1.139,1165.97
1.26200,4648.88,4780.99,1.7070,-18.9098,81.181,95.460,-0.30000,-1.628,1166.04
1.26250,4619.40,4755.31,1.6974,-19.5625,81.170,95.656,-0.30000,-1.685,1166.11
1.26300,4588.77,4704.32,1.6875,-20.2629,81.093,95.953,-0.30000,-1.442,1166.17
1.26350,4557.02,4636.55,1.6771,-21.1099,80.973,96.317,-0.30000,-1.000,1166.21
1.26400,4524.14,4558.52,1.6663,-22.1637,80.828,96.725,-0.30000,-0.436,1166.22
1.26450,4490.14,4475.32,1.6549,-23.4542,80.672,97.159,0.30000,0.189,1166.23
1.26500,4455.03,4456.55,1.6429,-24.8745,80.694,97.352,-0.30000,-0.019,1166.23
1.26550,4418.83,4478.04,1.6301,-26.0332,80.829,97.399,-0.30000,-0.768,1166.26
1.26600,4381.53,4469.84,1.6169,-26.9663,80.887,97.563,-0.30000,-1.155,1166.30
1.26650,4343.16,4440.97,1.6032,-27.7918,80.891,97.811,-0.30000,-1.290,1166.35
1.26700,4303.71,4398.17,1.5891,-28.5893,80.860,98.115,-0.30000,-1.257,1166.40
1.26750,4263.20,4346.41,1.5746,-29.4093,80.806,98.457,-0.30000,-1.118,1166.44
1.26800,4221.64,4289.45,1.5596,-30.2806,80.741,98.822,-0.30000,-0.920,1166.48
1.26850,4179.04,4230.08,1.5443,-31.2152,80.671,99.201,-0.30000,-0.700,1166.50
1.26900,4135.40,4170.38,1.5284,-32.2126,80.603,99.585,-0.30000,-0.485,1166.52
1.26950,4090.75,4111.90,1.5121,-33.2628,80.541,99.968,-0.30000,-0.296,1166.53
1.27000,4045.08,4055.74,1.4952,-34.3489,80.487,100.348,-0.30000,-0.151,1166.54
1.27050,3998.42,4002.66,1.4777,-35.4491,80.446,100.721,-0.30000,-0.061,1166.54
1.27100,3950.78,3953.13,1.4597,-36.5384,80.416,101.084,-0.30000,-0.034,1166.54
1.27150,3902.15,3907.37,1.4412,-37.5905,80.400,101.439,-0.30000,-0.077,1166.54
1.27200,3852.57,3865.40,1.4221,-38.5784,80.397,101.783,-0.30000,-0.191,1166.55
1.27250,3802.03,3827.06,1.4026,-39.4762,80.406,102.117,-0.30000,-0.377,1166.56
1.27300,3750.56,3792.06,1.3827,-40.2600,80.426,102.442,-0.30000,-0.634,1166.58
1.27350,3698.16,3759.95,1.3624,-40.9084,80.455,102.759,-0.30000,-0.957,1166.61
1.27400,3644.84,3730.19,1.3418,-41.4037,80.492,103.069,-0.30000,-1.341,1166.65
1.27450,3590.63,3702.18,1.3210,-41.7321,80.535,103.373,-0.30000,-1.779,1166.71
1.27500,3535.53,3675.24,1.3001,-41.8843,80.581,103.674,-0.30000,-2.263,1166.78
1.27550,3479.56,3648.67,1.2791,-41.8559,80.627,103.973,-0.30000,-2.782,1166.86
1.27600,3422.74,3621.74,1.2583,-41.6474,80.672,104.273,-0.30000,-3.327,1166.96
1.27650,3365.06,3593.75,1.2375,-41.2640,80.713,104.574,-0.30000,-3.888,1167.08
1.27700,3306.56,3564.03,1.2170,-40.7160,80.747,104.878,-0.30000,-4.452,1167.21
1.27750,3247.24,3531.95,1.1968,-40.0178,80.772,105.188,-0.30000,-5.011,1167.35
1.27800,3187.12,3496.96,1.1770,-39.1882,80.787,105.504,-0.30000,-5.553,1167.50
1.27850,3126.21,3458.59,1.1577,-38.2494,80.790,105.828,-0.30000,-6.069,1167.67
1.27900,3064.54,3416.46,1.1388,-37.2263,80.779,106.161,-0.30000,-6.551,1167.85
1.27950,3002.10,3370.31,1.1204,-36.1462,80.753,106.503,-0.30000,-6.992,1168.03
1.28000,2938.93,3319.99,1.1027,-35.0379,80.713,106.855,-0.30000,-7.388,1168.22
1.28050,2875.03,3265.46,1.0854,-33.9306,80.657,107.217,-0.30000,-7.734,1168.42
1.28100,2810.42,3206.81,1.0687,-32.8534,80.587,107.588,-0.30000,-8.028,1168.61
1.28150,2745.11,3144.24,1.0525,-31.8345,80.503,107.969,-0.30000,-8.273,1168.81
1.28200,2679.13,3078.07,1.0369,-30.9003,80.405,108.358,-0.30000,-8.469,1169.01
1.28250,2612.49,3008.69,1.0216,-30.0746,80.296,108.754,-0.30000,-8.624,1169.21
1.28300,2545.21,2936.62,1.0068,-29.3783,80.177,109.156,-0.30000,-8.743,1169.41
1.28350,2477.29,2862.43,0.9922,-28.8284,80.050,109.563,-0.30000,-8.837,1169.60
1.28400,2408.77,2786.75,0.9779,-28.4379,79.917,109.972,-0.30000,-8.918,1169.79
1.28450,2339.65,2710.24,0.9638,-28.2152,79.781,110.383,-0.30000,-9.001,1169.97
1.28500,2269.95,2633.61,0.9497,-28.1641,79.643,110.792,-0.30000,-9.102,1170.16
1.28550,2199.70,2557.55,0.9356,-28.2837,79.507,111.199,-0.30000,-9.240,1170.34
1.28600,2128.90,2482.74,0.9214,-28.5681,79.375,111.602,-0.30000,-9.437,1170.51
1.28650,2057.57,2409.82,0.9070,-29.0072,79.249,111.999,-0.30000,-9.715,1170.69
1.28700,1985.74,2339.38,0.8923,-29.5866,79.130,112.389,-0.30000,-10.098,1170.87
1.28750,1913.42,2271.94,0.8774,-30.2879,79.022,112.770,-0.30000,-10.613,1171.04
1.28800,1840.62,2207.93,0.8620,-31.0897,78.924,113.141,-0.30000,-11.285,1171.23
1.28850,1767.37,2147.70,0.8463,-31.9677,78.839,113.501,-0.30000,-12.144,1171.42
1.28900,1693.69,2091.48,0.8300,-32.8957,78.767,113.850,-0.30000,-13.217,1171.62
1.28950,1619.59,2039.41,0.8134,-33.8463,78.709,114.187,-0.30000,-14.532,1171.83
1.29000,1545.08,1991.49,0.7962,-34.7917,78.665,114.512,-0.30000,-16.115,1172.05
1.29050,1470.20,1947.62,0.7786,-35.7041,78.634,114.826,-0.30000,-17.990,1172.29
1.29100,1394.96,1907.60,0.7605,-36.5571,78.616,115.130,-0.30000,-20.178,1172.55
1.29150,1319.37,1871.11,0.7420,-37.3258,78.609,115.423,-0.30000,-22.694,1172.82
1.29200,1243.45,1837.76,0.7232,-37.9880,78.613,115.707,-0.30000,-25.546,1173.12
1.29250,1167.23,1807.04,0.7041,-38.5245,78.625,115.983,-0.30000,-28.729,1173.44
1.29300,1090.72,1778.42,0.6847,-38.9195,78.644,116.253,-0.30000,-32.232,1173.78
1.29350,1013.94,1751.27,0.6652,-39.1614,78.667,116.518,-0.30000,-36.024,1174.15
1.29400,936.91,1724.95,0.6456,-39.2428,78.693,116.781,-0.30000,-40.068,1174.54
1.29450,859.65,1698.80,0.6260,-39.1609,78.719,117.042,-0.30000,-44.309,1174.96
1.29500,782.17,1672.17,0.6064,-38.9173,78.743,117.303,-0.30000,-48.689,1175.41
1.29550,704.51,1644.41,0.5871,-38.5182,78.762,117.567,-0.30000,-53.146,1175.88
1.29600,626.67,1614.91,0.5679,-37.9738,78.775,117.834,-0.30000,-57.620,1176.37
1.29650,548.67,1583.13,0.5491,-37.2987,78.779,118.106,-0.30000,-62.059,1176.89
1.29700,470.54,1548.58,0.5307,-36.5106,78.774,118.384,-0.30000,-66.420,1177.43
1.29750,392.30,1510.86,0.5126,-35.6305,78.756,118.670,-0.30000,-70.674,1177.99
1.29800,313.95,1469.66,0.4950,-34.6818,78.727,118.964,-0.30000,-74.802,1178.57
1.29850,235.53,1424.78,0.4779,-33.6896,78.684,119.266,-0.30000,-78.797,1179.16
1.29900,157.05,1376.10,0.4614,-32.6801,78.627,119.578,-0.30000,-82.659,1179.77
1.29950,78.54,1323.64,0.4453,-31.6800,78.557,119.898,-0.30000,-86.391,1180.39
1.30000,-0.00,1267.50,0.4297,-30.7152,78.474,120.227,-0.30000,0.000,1181.03
1.30050,-78.54,1207.89,0.4145,-29.8109,78.378,120.564,-0.30000,-86.506,1181.67
1.30100,-157.05,1145.14,0.3998,-28.9904,78.270,120.908,-0.30000,-83.123,1182.32
1.30150,-235.53,1079.63,0.3855,-28.2743,78.153,121.258,-0.30000,-79.847,1182.98
1.30200,-313.95,1011.85,0.3715,-27.6805,78.027,121.613,-0.30000,-76.678,1183.64
1.30250,-392.30,942.32,0.3578,-27.2234,77.895,121.972,-0.30000,-73.620,1184.31
1.30300,-470.54,871.64,0.3443,-26.9134,77.758,122.332,-0.30000,-70.680,1184.98
1.30350,-548.67,800.42,0.3309,-26.7567,77.618,122.693,-0.30000,-67.869,1185.65
1.30400,-626.67,729.29,0.3175,-26.7556,77.479,123.053,-0.30000,-65.196,1186.33
1.30450,-704.51,658.88,0.3041,-26.9077,77.341,123.411,-0.30000,-62.673,1187.01
1.30500,-782.17,589.79,0.2906,-27.2065,77.207,123.763,-0.30000,-60.312,1187.70
1.30550,-859.65,522.59,0.2769,-27.6416,77.079,124.110,-0.30000,-58.122,1188.39
1.30600,-936.91,457.80,0.2629,-28.1987,76.959,124.450,-0.30000,-56.108,1189.09
1.30650,-1013.94,395.86,0.2487,-28.8603,76.848,124.781,-0.30000,-54.276,1189.79
1.30700,-1090.72,337.14,0.2340,-29.6062,76.748,125.104,-0.30000,-52.624,1190.51
1.30750,-1167.23,281.92,0.2190,-30.4137,76.659,125.416,-0.30000,-51.150,1191.23
1.30800,-1243.45,230.38,0.2036,-31.2589,76.583,125.718,-0.30000,-49.846,1191.97
1.30850,-1319.37,182.61,0.1878,-32.1165,76.518,126.009,-0.30000,-48.703,1192.72
1.30900,-1394.96,138.58,0.1715,-32.9615,76.467,126.290,-0.30000,-47.709,1193.49
1.30950,-1470.20,98.18,0.1548,-33.7691,76.427,126.560,-0.30000,-46.851,1194.27
1.31000,-1545.08,61.18,0.1378,-34.5157,76.398,126.821,-0.30000,-46.112,1195.07
1.31050,-1619.59,27.27,0.1203,-35.1795,76.380,127.073,-0.30000,-45.478,1195.90
1.31100,-1693.69,-3.93,0.1026,-35.7412,76.371,127.317,-0.30000,-44.933,1196.74
1.31150,-1767.37,-32.89,0.0846,-36.1844,76.368,127.555,-0.30000,-44.462,1197.61
1.31200,-1840.62,-60.13,0.0664,-36.4960,76.371,127.787,-0.30000,-44.049,1198.50
1.31250,-1913.42,-86.22,0.0481,-36.6667,76.378,128.015,-0.30000,-43.680,1199.41
1.31300,-1985.74,-111.73,0.0298,-36.6910,76.386,128.242,-0.30000,-43.342,1200.35
1.31350,-2057.57,-137.27,0.0115,-36.5678,76.394,128.467,-0.30000,-43.024,1201.31
1.31400,-2128.90,-163.44,-0.0068,-36.2996,76.399,128.694,-0.30000,-42.714,1202.29
1.31450,-2199.70,-190.79,-0.0248,-35.8934,76.399,128.922,-0.30000,-42.404,1203.30
1.31500,-2269.95,-219.88,-0.0426,-35.3597,76.393,129.155,-0.30000,-42.086,1204.32
1.31550,-2339.65,-251.17,-0.0602,-34.7125,76.379,129.392,-0.30000,-41.754,1205.37
1.31600,-2408.77,-285.08,-0.0773,-33.9689,76.356,129.635,-0.30000,-41.401,1206.43
1.31650,-2477.29,-321.95,-0.0941,-33.1486,76.322,129.886,-0.30000,-41.025,1207.51
1.31700,-2545.21,-362.02,-0.1105,-32.2732,76.276,130.143,-0.30000,-40.622,1208.60
1.31750,-2612.49,-405.47,-0.1264,-31.3659,76.218,130.409,-0.30000,-40.191,1209.70
1.31800,-2679.13,-452.34,-0.1418,-30.4506,76.148,130.682,-0.30000,-39.732,1210.82
1.31850,-2745.11,-502.61,-0.1568,-29.5511,76.065,130.964,-0.30000,-39.246,1211.94
1.31900,-2810.42,-556.15,-0.1714,-28.6908,75.971,131.253,-0.30000,-38.733,1213.06
1.31950,-2875.03,-612.73,-0.1855,-27.8921,75.866,131.549,-0.30000,-38.198,1214.19
1.32000,-2938.93,-672.05,-0.1993,-27.1751,75.751,131.851,-0.30000,-37.644,1215.33
1.32050,-3002.10,-733.72,-0.2127,-26.5579,75.627,132.159,-0.30000,-37.075,1216.46
1.32100,-3064.54,-797.29,-0.2259,-26.0556,75.496,132.471,-0.30000,-36.495,1217.60
1.32150,-3126.21,-862.27,-0.2388,-25.6801,75.360,132.785,-0.30000,-35.911,1218.73
1.32200,-3187.12,-928.11,-0.2516,-25.4396,75.220,133.101,-0.30000,-35.329,1219.86
1.32250,-3247.24,-994.26,-0.2643,-25.3387,75.079,133.416,-0.30000,-34.753,1220.98
1.32300,-3306.56,-1060.13,-0.2769,-25.3781,74.938,133.730,-0.30000,-34.192,1222.11
1.32350,-3365.06,-1125.18,-0.2897,-25.5543,74.799,134.042,-0.30000,-33.649,1223.23
1.32400,-3422.74,-1188.86,-0.3025,-25.8605,74.665,134.348,-0.30000,-33.131,1224.34
1.32450,-3479.56,-1250.68,-0.3155,-26.2861,74.536,134.649,-0.30000,-32.642,1225.46
1.32500,-3535.53,-1310.18,-0.3288,-26.8172,74.415,134.943,-0.30000,-32.187,1226.57
1.32550,-3590.63,-1366.99,-0.3424,-27.4372,74.303,135.230,-0.30000,-31.769,1227.68
1.32600,-3644.84,-1420.80,-0.3563,-28.1270,74.200,135.507,-0.30000,-31.391,1228.80
1.32650,-3698.16,-1471.39,-0.3705,-28.8658,74.109,135.776,-0.30000,-31.053,1229.91
1.32700,-3750.56,-1518.61,-0.3851,-29.6315,74.028,136.035,-0.30000,-30.757,1231.02
1.32750,-3802.03,-1562.42,-0.4001,-30.4014,73.958,136.284,-0.30000,-30.500,1232.14
1.32800,-3852.57,-1602.87,-0.4155,-31.1527,73.900,136.524,-0.30000,-30.283,1233.27
1.32850,-3902.15,-1640.10,-0.4313,-31.8635,73.853,136.755,-0.30000,-30.101,1234.40
1.32900,-3950.78,-1674.34,-0.4474,-32.5129,73.815,136.978,-0.30000,-29.951,1235.54
1.32950,-3998.42,-1705.88,-0.4638,-33.0819,73.786,137.192,-0.30000,-29.828,1236.68
1.33000,-4045.08,-1735.11,-0.4805,-33.5537,73.765,137.400,-0.30000,-29.729,1237.84
1.33050,-4090.75,-1762.45,-0.4973,-33.9146,73.749,137.603,-0.30000,-29.647,1239.00
1.33100,-4135.40,-1788.39,-0.5143,-34.1538,73.739,137.801,-0.30000,-29.577,1240.18
1.33150,-4179.04,-1813.44,-0.5315,-34.2638,73.730,137.996,-0.30000,-29.513,1241.36
1.33200,-4221.64,-1838.15,-0.5486,-34.2411,73.723,138.189,-0.30000,-29.449,1242.55
1.33250,-4263.20,-1863.05,-0.5657,-34.0857,73.714,138.383,-0.30000,-29.379,1243.75
1.33300,-4303.71,-1888.68,-0.5827,-33.8010,73.703,138.577,-0.30000,-29.299,1244.96
1.33350,-4343.16,-1915.53,-0.5995,-33.3945,73.687,138.774,-0.30000,-29.203,1246.17
1.33400,-4381.53,-1944.08,-0.6160,-32.8766,73.664,138.975,-0.30000,-29.087,1247.39
1.33450,-4418.83,-1974.75,-0.6323,-32.2609,73.634,139.180,-0.30000,-28.947,1248.61
1.33500,-4455.03,-2007.87,-0.6483,-31.5637,73.595,139.391,-0.30000,-28.780,1249.84
1.33550,-4490.14,-2043.73,-0.6639,-30.8032,73.547,139.609,-0.30000,-28.583,1251.06
1.33600,-4524.14,-2082.54,-0.6791,-29.9995,73.487,139.833,-0.30000,-28.355,1252.28
1.33650,-4557.02,-2124.41,-0.6939,-29.1737,73.417,140.065,-0.30000,-28.094,1253.50
1.33700,-4588.77,-2169.37,-0.7082,-28.3475,73.335,140.303,-0.30000,-27.800,1254.71
1.33750,-4619.40,-2217.36,-0.7222,-27.5422,73.243,140.549,-0.30000,-27.474,1255.91
1.33800,-4648.88,-2268.23,-0.7358,-26.7788,73.140,140.802,-0.30000,-27.117,1257.10
1.33850,-4677.22,-2321.77,-0.7490,-26.0768,73.027,141.060,-0.30000,-26.730,1258.28
1.33900,-4704.40,-2377.66,-0.7619,-25.4538,72.906,141.324,-0.30000,-26.316,1259.44
1.33950,-4730.43,-2435.55,-0.7745,-24.9254,72.778,141.593,-0.30000,-25.880,1260.59
1.34000,-4755.28,-2495.01,-0.7868,-24.5043,72.644,141.864,-0.30000,-25.423,1261.72
1.34050,-4778.97,-2555.57,-0.7990,-24.2001,72.505,142.138,-0.30000,-24.950,1262.83
1.34100,-4801.47,-2616.76,-0.8110,-24.0193,72.364,142.413,-0.30000,-24.466,1263.92
1.34150,-4822.79,-2678.05,-0.8230,-23.9649,72.222,142.687,-0.30000,-23.975,1264.99
1.34200,-4842.92,-2738.93,-0.8350,-24.0363,72.081,142.959,-0.30000,-23.482,1266.05
1.34250,-4861.85,-2798.90,-0.8471,-24.2294,71.942,143.228,-0.30000,-22.992,1267.08
1.34300,-4879.58,-2857.49,-0.8593,-24.5370,71.808,143.492,-0.30000,-22.509,1268.09
1.34350,-4896.11,-2914.26,-0.8716,-24.9485,71.680,143.751,-0.30000,-22.037,1269.08
1.34400,-4911.44,-2968.83,-0.8842,-25.4506,71.558,144.004,-0.30000,-21.580,1270.05
1.34450,-4925.55,-3020.87,-0.8971,-26.0276,71.445,144.249,-0.30000,-21.141,1271.00
1.34500,-4938.44,-3070.13,-0.9103,-26.6618,71.341,144.487,-0.30000,-20.723,1271.94
1.34550,-4950.12,-3116.43,-0.9238,-27.3340,71.247,144.716,-0.30000,-20.326,1272.85
1.34600,-4960.57,-3159.68,-0.9376,-28.0240,71.163,144.936,-0.30000,-19.953,1273.75
1.34650,-4969.80,-3199.86,-0.9518,-28.7114,71.090,145.148,-0.30000,-19.603,1274.64
1.34700,-4977.81,-3237.04,-0.9663,-29.3758,71.026,145.351,-0.30000,-19.275,1275.51
1.34750,-4984.59,-3271.37,-0.9812,-29.9976,70.971,145.547,-0.30000,-18.968,1276.37
1.34800,-4990.13,-3303.08,-0.9963,-30.5585,70.925,145.735,-0.30000,-18.679,1277.21
1.34850,-4994.45,-3332.46,-1.0117,-31.0421,70.887,145.916,-0.30000,-18.406,1278.04
1.34900,-4997.53,-3359.86,-1.0273,-31.4341,70.856,146.091,-0.30000,-18.144,1278.86
1.34950,-4999.38,-3385.70,-1.0431,-31.7228,70.829,146.262,-0.30000,-17.889,1279.67
1.35000,-5000.00,-3410.42,-1.0590,-31.8995,70.806,146.429,-0.30000,-17.636,1280.46
1.35050,-4999.38,-3434.49,-1.0750,-31.9587,70.784,146.594,-0.30000,-17.381,1281.24
1.35100,-4997.53,-3458.40,-1.0910,-31.8980,70.763,146.758,-0.30000,-17.118,1282.01
1.35150,-4994.45,-3482.64,-1.1069,-31.7184,70.740,146.923,-0.30000,-16.841,1282.77
1.35200,-4990.13,-3507.66,-1.1227,-31.4244,70.715,147.088,-0.30000,-16.546,1283.51
1.35250,-4984.59,-3533.93,-1.1383,-31.0233,70.684,147.257,-0.30000,-16.227,1284.24
1.35300,-4977.81,-3561.84,-1.1537,-30.5255,70.648,147.428,-0.30000,-15.879,1284.94
1.35350,-4969.80,-3591.75,-1.1688,-29.9441,70.604,147.605,-0.30000,-15.498,1285.63
1.35400,-4960.57,-3623.96,-1.1836,-29.2943,70.552,147.787,-0.30000,-15.080,1286.30
1.35450,-4950.12,-3658.70,-1.1981,-28.5932,70.491,147.974,-0.30000,-14.622,1286.95
1.35500,-4938.44,-3696.13,-1.2122,-27.8590,70.420,148.168,-0.30000,-14.120,1287.57
1.35550,-4925.55,-3736.32,-1.2260,-27.1111,70.340,148.369,-0.30000,-13.574,1288.16
1.35600,-4911.44,-3779.28,-1.2393,-26.3689,70.249,148.576,-0.30000,-12.981,1288.73
1.35650,-4896.11,-3824.92,-1.2523,-25.6515,70.149,148.789,-0.30000,-12.341,1289.26
1.35700,-4879.58,-3873.10,-1.2650,-24.9775,70.039,149.008,-0.30000,-11.655,1289.77
1.35750,-4861.85,-3923.59,-1.2773,-24.3638,69.922,149.233,-0.30000,-10.923,1290.24
1.35800,-4842.92,-3976.09,-1.2894,-23.8258,69.797,149.462,-0.30000,-10.148,1290.67
1.35850,-4822.79,-4030.27,-1.3012,-23.3768,69.665,149.694,-0.30000,-9.332,1291.07
1.35900,-4801.47,-4085.74,-1.3128,-23.0273,69.529,149.929,-0.30000,-8.478,1291.42
1.35950,-4778.97,-4142.05,-1.3242,-22.7851,69.389,150.166,-0.30000,-7.591,1291.74
1.36000,-4755.28,-4198.77,-1.3356,-22.6550,69.248,150.403,-0.30000,-6.675,1292.02
1.36050,-4730.43,-4255.43,-1.3469,-22.6386,69.106,150.639,-0.30000,-5.734,1292.26
1.36100,-4704.40,-4311.58,-1.3582,-22.7346,68.966,150.873,-0.30000,-4.773,1292.46
1.36150,-4677.22,-4366.77,-1.3696,-22.9383,68.829,151.104,-0.30000,-3.797,1292.61
1.36200,-4648.88,-4420.58,-1.3812,-23.2421,68.695,151.331,-0.30000,-2.812,1292.72
1.36250,-4619.40,-4472.63,-1.3929,-23.6358,68.568,151.552,-0.30000,-1.820,1292.80
1.36300,-4588.77,-4522.61,-1.4048,-24.1068,68.447,151.767,-0.30000,-0.826,1292.83
1.36350,-4557.02,-4570.23,-1.4170,-24.6402,68.334,151.976,0.30000,0.166,1292.84
1.36400,-4524.14,-4562.00,-1.4295,-25.1284,68.393,152.006,0.30000,0.480,1292.86
1.36450,-4490.14,-4466.77,-1.4421,-25.1558,68.720,151.757,-0.30000,-0.298,1292.87
1.36500,-4455.03,-4364.88,-1.4545,-24.4522,69.067,151.485,-0.30000,-1.159,1292.91
1.36550,-4418.83,-4309.13,-1.4664,-23.1771,69.270,151.360,-0.30000,-1.422,1292.97
1.36600,-4381.53,-4289.71,-1.4776,-21.5464,69.360,151.348,-0.30000,-1.201,1293.01
1.36650,-4343.16,-4299.02,-1.4879,-19.7346,69.359,151.423,-0.30000,-0.582,1293.04
1.36700,-4303.71,-4331.24,-1.4973,-17.8841,69.284,151.567,0.30000,0.367,1293.05
1.36750,-4263.20,-4328.14,-1.5058,-16.0200,69.315,151.593,0.30000,0.873,1293.08
1.36800,-4221.64,-4259.38,-1.5133,-13.8418,69.545,151.403,0.30000,0.512,1293.10
1.36850,-4179.04,-4150.01,-1.5196,-11.1376,69.884,151.056,-0.30000,-0.398,1293.12
1.36900,-4135.40,-4068.24,-1.5243,-7.8455,70.138,150.799,-0.30000,-0.930,1293.15
1.36950,-4090.75,-4045.93,-1.5274,-4.3759,70.212,150.736,-0.30000,-0.628,1293.17
1.37000,-4045.08,-4078.70,-1.5288,-1.2502,70.111,150.841,0.30000,0.476,1293.19
1.37050,-3998.42,-4098.37,-1.5287,1.2065,70.047,150.897,0.30000,1.432,1293.24
1.37100,-3950.78,-4075.37,-1.5276,3.2589,70.106,150.804,0.30000,1.806,1293.30
1.37150,-3902.15,-3997.93,-1.5255,5.2613,70.310,150.499,0.30000,1.406,1293.35
1.37200,-3852.57,-3878.30,-1.5223,7.5563,70.625,150.027,0.30000,0.383,1293.36
1.37250,-3802.03,-3732.84,-1.5179,10.3680,71.004,149.448,-0.30000,-1.043,1293.40
1.37300,-3750.56,-3655.73,-1.5119,13.6817,71.186,149.108,-0.30000,-1.448,1293.44
1.37350,-3698.16,-3690.61,-1.5042,16.9436,71.049,149.170,-0.30000,-0.117,1293.45
1.37400,-3644.84,-3779.86,-1.4950,19.7604,70.743,149.403,0.30000,2.121,1293.51
1.37450,-3590.63,-3865.18,-1.4845,21.9430,70.445,149.618,0.30000,4.373,1293.65
1.37500,-3535.53,-3910.44,-1.4731,23.6266,70.258,149.684,0.30000,6.053,1293.84
1.37550,-3479.56,-3898.21,-1.4609,25.0548,70.227,149.530,0.30000,6.861,1294.05
1.37600,-3422.74,-3845.50,-1.4481,26.4618,70.304,149.218,0.30000,7.041,1294.26
1.37650,-3365.06,-3765.84,-1.4345,28.0037,70.451,148.801,0.30000,6.792,1294.46
1.37700,-3306.56,-3669.50,-1.4200,29.7768,70.641,148.314,0.30000,6.264,1294.64
1.37750,-3247.24,-3564.37,-1.4046,31.8300,70.850,147.786,0.30000,5.578,1294.80
1.37800,-3187.12,-3456.46,-1.3882,34.1757,71.060,147.238,0.30000,4.831,1294.94
1.37850,-3126.21,-3350.44,-1.3704,36.7978,71.259,146.686,0.30000,4.102,1295.05
1.37900,-3064.54,-3249.80,-1.3513,39.6575,71.436,146.142,0.30000,3.460,1295.14
1.37950,-3002.10,-3157.16,-1.3307,42.6994,71.583,145.615,0.30000,2.957,1295.22
1.38000,-2938.93,-3074.36,-1.3086,45.8555,71.695,145.111,0.30000,2.639,1295.29
1.38050,-2875.03,-3002.57,-1.2849,49.0497,71.768,144.635,0.30000,2.540,1295.35
1.38100,-2810.42,-2942.39,-1.2596,52.2013,71.800,144.187,0.30000,2.689,1295.42
1.38150,-2745.11,-2893.89,-1.2327,55.2286,71.792,143.769,0.30000,3.102,1295.49
1.38200,-2679.13,-2856.68,-1.2044,58.0513,71.745,143.381,0.30000,3.792,1295.58
1.38250,-2612.49,-2829.98,-1.1747,60.5942,71.662,143.020,0.30000,4.759,1295.69
1.38300,-2545.21,-2812.63,-1.1438,62.7889,71.547,142.684,0.30000,5.998,1295.82
1.38350,-2477.29,-2803.17,-1.1120,64.5763,71.405,142.368,0.30000,7.494,1295.98
1.38400,-2408.77,-2799.92,-1.0793,65.9083,71.242,142.070,0.30000,9.224,1296.18
1.38450,-2339.65,-2800.98,-1.0461,66.7493,71.065,141.783,0.30000,11.154,1296.41
1.38500,-2269.95,-2804.34,-1.0127,67.0773,70.880,141.504,0.30000,13.247,1296.68
1.38550,-2199.70,-2807.92,-0.9791,66.8842,70.695,141.225,0.30000,15.456,1296.98
1.38600,-2128.90,-2809.65,-0.9459,66.1763,70.517,140.943,0.30000,17.733,1297.32
1.38650,-2057.57,-2807.49,-0.9131,64.9741,70.353,140.651,0.30000,20.025,1297.70
1.38700,-1985.74,-2799.54,-0.8810,63.3115,70.210,140.346,0.30000,22.285,1298.10
1.38750,-1913.42,-2784.07,-0.8498,61.2351,70.093,140.021,0.30000,24.467,1298.54
1.38800,-1840.62,-2759.53,-0.8198,58.8024,70.007,139.675,0.30000,26.530,1299.00
1.38850,-1767.37,-2724.67,-0.7911,56.0808,69.958,139.302,0.30000,28.442,1299.48
1.38900,-1693.69,-2678.52,-0.7637,53.1452,69.948,138.902,0.30000,30.177,1299.97
1.38950,-1619.59,-2620.42,-0.7379,50.0759,69.981,138.471,0.30000,31.714,1300.47
1.39000,-1545.08,-2550.05,-0.7137,46.9570,70.056,138.010,0.30000,33.041,1300.97
1.39050,-1470.20,-2467.44,-0.6910,43.8730,70.174,137.518,0.30000,34.149,1301.47
1.39100,-1394.96,-2372.95,-0.6698,40.9074,70.333,136.997,0.30000,35.034,1301.96
1.39150,-1319.37,-2267.29,-0.6500,38.1399,70.532,136.448,0.30000,35.696,1302.43
1.39200,-1243.45,-2151.44,-0.6316,35.6444,70.767,135.874,0.30000,36.138,1302.89
1.39250,-1167.23,-2026.71,-0.6143,33.4869,71.033,135.277,0.30000,36.366,1303.32
1.39300,-1090.72,-1894.61,-0.5980,31.7237,71.325,134.664,0.30000,36.391,1303.72
1.39350,-1013.94,-1756.87,-0.5825,30.4000,71.637,134.036,0.30000,36.231,1304.09
1.39400,-936.91,-1615.37,-0.5676,29.5486,71.963,133.400,0.30000,35.910,1304.43
1.39450,-859.65,-1472.08,-0.5529,29.1889,72.296,132.761,0.30000,35.467,1304.74
1.39500,-782.17,-1329.02,-0.5383,29.3269,72.629,132.124,0.30000,34.959,1305.01
1.39550,-704.51,-1188.19,-0.5235,29.9547,72.955,131.494,0.30000,34.472,1305.25
1.39600,-626.67,-1051.53,-0.5083,31.0506,73.268,130.875,0.30000,34.136,1305.46
1.39650,-548.67,-920.85,-0.4924,32.5806,73.560,130.274,0.30000,34.150,1305.65
1.39700,-470.54,-797.80,-0.4756,34.4982,73.827,129.693,0.30000,34.818,1305.81
1.39750,-392.30,-683.80,-0.4578,36.7470,74.063,129.137,0.30000,36.615,1305.96
1.39800,-313.95,-580.02,-0.4388,39.2613,74.265,128.608,0.30000,40.280,1306.09
1.39850,-235.53,-487.35,-0.4185,41.9686,74.429,128.110,0.30000,46.914,1306.22
1.39900,-157.05,-406.36,-0.3968,44.7911,74.554,127.642,0.30000,57.791,1306.34
1.39950,-78.54,-337.31,-0.3737,47.6486,74.638,127.207,0.30000,73.117,1306.47
1.40000,0.00,-280.13,-0.3492,50.4599,74.681,126.803,0.30000,0.000,1306.61
1.40050,78.54,-234.40,-0.3233,53.1458,74.686,126.430,0.30000,75.912,1306.77
1.40100,157.05,-199.42,-0.2961,55.6308,74.654,126.086,0.30000,66.223,1306.95
1.40150,235.53,-174.18,-0.2677,57.8452,74.589,125.767,0.30000,60.107,1307.15
1.40200,313.95,-157.41,-0.2383,59.7274,74.496,125.472,0.30000,56.335,1307.39
1.40250,392.30,-147.63,-0.2080,61.2250,74.379,125.195,0.30000,53.999,1307.66
1.40300,470.54,-143.15,-0.1771,62.2967,74.244,124.933,0.30000,52.521,1307.96
1.40350,548.67,-142.16,-0.1458,62.9130,74.098,124.681,0.30000,51.543,1308.31
1.40400,626.67,-142.77,-0.1143,63.0574,73.947,124.434,0.30000,50.839,1308.69
1.40450,704.51,-143.04,-0.0828,62.7263,73.797,124.187,0.30000,50.266,1309.12
1.40500,782.17,-141.06,-0.0517,61.9294,73.656,123.935,0.30000,49.728,1309.58
1.40550,859.65,-135.00,-0.0210,60.6892,73.529,123.673,0.30000,49.164,1310.08
1.40600,936.91,-123.15,0.0090,59.0403,73.422,123.397,0.30000,48.529,1310.61
1.40650,1013.94,-103.96,0.0380,57.0287,73.342,123.103,0.30000,47.792,1311.17
1.40700,1090.72,-76.11,0.0659,54.7098,73.292,122.787,0.30000,46.931,1311.75
1.40750,1167.23,-38.52,0.0927,52.1477,73.276,122.447,0.30000,45.930,1312.35
1.40800,1243.45,9.61,0.1181,49.4125,73.297,122.081,0.30000,44.778,1312.97
1.40850,1319.37,68.79,0.1421,46.5792,73.356,121.687,0.30000,43.467,1313.59
1.40900,1394.96,139.20,0.1646,43.7247,73.455,121.265,0.30000,41.994,1314.22
1.40950,1470.20,220.73,0.1858,40.9265,73.593,120.816,0.30000,40.360,1314.85
1.41000,1545.08,312.95,0.2056,38.2600,73.768,120.339,0.30000,38.571,1315.46
1.41050,1619.59,415.12,0.2241,35.7965,73.979,119.839,0.30000,36.638,1316.07
1.41100,1693.69,526.24,0.2414,33.6017,74.221,119.316,0.30000,34.578,1316.65
1.41150,1767.37,645.07,0.2577,31.7331,74.490,118.774,0.30000,32.416,1317.21
1.41200,1840.62,770.15,0.2732,30.2392,74.781,118.217,0.30000,30.182,1317.75
1.41250,1913.42,899.84,0.2881,29.1579,75.089,117.650,0.30000,27.911,1318.25
1.41300,1985.74,1032.41,0.3025,28.5153,75.408,117.076,0.30000,25.645,1318.73
1.41350,2057.57,1166.03,0.3166,28.3255,75.730,116.501,0.30000,23.427,1319.18
1.41400,2128.90,1298.84,0.3309,28.5897,76.051,115.928,0.30000,21.301,1319.59
1.41450,2199.70,1429.04,0.3453,29.2967,76.364,115.364,0.30000,19.308,1319.98
1.41500,2269.95,1554.89,0.3602,30.4232,76.662,114.813,0.30000,17.485,1320.33
1.41550,2339.65,1674.76,0.3758,31.9342,76.940,114.277,0.30000,15.864,1320.67
1.41600,2408.77,1787.23,0.3922,33.7844,77.194,113.763,0.30000,14.469,1320.98
1.41650,2477.29,1891.05,0.4096,35.9192,77.418,113.271,0.30000,13.314,1321.27
1.41700,2545.21,1985.23,0.4282,38.2765,77.610,112.806,0.30000,12.408,1321.55
1.41750,2612.49,2069.06,0.4479,40.7882,77.766,112.368,0.30000,11.751,1321.82
1.41800,2679.13,2142.10,0.4690,43.3824,77.886,111.959,0.30000,11.335,1322.09
1.41850,2745.11,2204.21,0.4913,45.9852,77.969,111.580,0.30000,11.147,1322.36
1.41900,2810.42,2255.56,0.5149,48.5228,78.015,111.229,0.30000,11.168,1322.64
1.41950,2875.03,2296.61,0.5398,50.9236,78.027,110.906,0.30000,11.375,1322.93
1.42000,2938.93,2328.09,0.5658,53.1201,78.006,110.609,0.30000,11.741,1323.23
1.42050,3002.10,2351.01,0.5929,55.0508,77.955,110.334,0.30000,12.237,1323.56
1.42100,3064.54,2366.59,0.6208,56.6618,77.880,110.079,0.30000,12.830,1323.91
1.42150,3126.21,2376.26,0.6495,57.9085,77.786,109.840,0.30000,13.490,1324.28
1.42200,3187.12,2381.59,0.6787,58.7563,77.676,109.614,0.30000,14.184,1324.68
1.42250,3247.24,2384.26,0.7082,59.1820,77.558,109.395,0.30000,14.883,1325.12
1.42300,3306.56,2386.03,0.7378,59.1742,77.437,109.179,0.30000,15.557,1325.58
1.42350,3365.06,2388.66,0.7673,58.7335,77.320,108.961,0.30000,16.181,1326.06
1.42400,3422.74,2393.88,0.7964,57.8725,77.212,108.738,0.30000,16.730,1326.58
1.42450,3479.56,2403.33,0.8251,56.6152,77.119,108.504,0.30000,17.187,1327.12
1.42500,3535.53,2418.54,0.8530,54.9968,77.047,108.256,0.30000,17.533,1327.68
1.42550,3590.63,2440.84,0.8800,53.0620,76.999,107.991,0.30000,17.756,1328.25
1.42600,3644.84,2471.39,0.9060,50.8642,76.980,107.705,0.30000,17.846,1328.84
1.42650,3698.16,2511.10,0.9309,48.4639,76.994,107.397,0.30000,17.796,1329.43
1.42700,3750.56,2560.60,0.9545,45.9266,77.041,107.064,0.30000,17.603,1330.03
1.42750,3802.03,2620.27,0.9768,43.3217,77.124,106.705,0.30000,17.266,1330.62
1.42800,3852.57,2690.20,0.9978,40.7197,77.244,106.321,0.30000,16.789,1331.20
1.42850,3902.15,2770.17,1.0175,38.1911,77.398,105.912,0.30000,16.177,1331.76
1.42900,3950.78,2859.72,1.0360,35.8038,77.586,105.479,0.30000,15.438,1332.31
1.42950,3998.42,2958.10,1.0533,33.6214,77.805,105.024,0.30000,14.584,1332.83
1.43000,4045.08,3064.30,1.0697,31.7016,78.052,104.551,0.30000,13.629,1333.32
1.43050,4090.75,3177.14,1.0851,30.0947,78.322,104.061,0.30000,12.590,1333.78
1.43100,4135.40,3295.21,1.0998,28.8419,78.611,103.558,0.30000,11.484,1334.20
1.43150,4179.04,3417.01,1.1140,27.9745,78.913,103.047,0.30000,10.334,1334.58
1.43200,4221.64,3540.90,1.1279,27.5129,79.224,102.532,0.30000,9.160,1334.92
1.43250,4263.20,3665.21,1.1416,27.4664,79.536,102.017,0.30000,7.985,1335.22
1.43300,4303.71,3788.25,1.1554,27.8323,79.845,101.506,0.30000,6.830,1335.47
1.43350,4343.16,3908.38,1.1695,28.5971,80.144,101.003,0.30000,5.717,1335.69
1.43400,4381.53,4024.06,1.1841,29.7358,80.429,100.514,0.30000,4.664,1335.87
1.43450,4418.83,4133.84,1.1993,31.2136,80.693,100.040,0.30000,3.690,1336.01
1.43500,4455.03,4236.47,1.2153,32.9861,80.934,99.587,0.30000,2.809,1336.12
1.43550,4490.14,4330.90,1.2323,35.0013,81.147,99.155,0.30000,2.031,1336.20
1.43600,4524.14,4416.29,1.2503,37.2005,81.330,98.748,0.30000,1.366,1336.26
1.43650,4557.02,4492.07,1.2695,39.5203,81.480,98.366,0.30000,0.817,1336.29
1.43700,4588.77,4557.92,1.2899,41.8944,81.596,98.011,0.30000,0.385,1336.30
1.43750,4619.40,4613.82,1.3114,44.2550,81.679,97.683,0.30000,0.069,1336.31
1.43800,4648.88,4659.99,1.3341,46.5353,81.729,97.381,-0.30000,-0.137,1336.31
1.43850,4677.22,4624.56,1.3579,48.5469,81.531,97.348,0.30000,0.645,1336.34
1.43900,4704.40,4538.20,1.3825,49.8132,81.180,97.481,0.30000,2.023,1336.42
1.43950,4730.43,4481.66,1.4076,50.3511,80.915,97.511,0.30000,3.010,1336.55
1.44000,4755.28,4448.16,1.4328,50.2886,80.719,97.463,0.30000,3.695,1336.70
1.44050,4778.97,4433.09,1.4578,49.7299,80.578,97.355,0.30000,4.139,1336.87
1.44100,4801.47,4433.39,1.4824,48.7637,80.485,97.197,0.30000,4.384,1337.06
1.44150,4822.79,4447.00,1.5065,47.4692,80.435,96.999,0.30000,4.455,1337.24
1.44200,4842.92,4472.57,1.5299,45.9193,80.422,96.766,0.30000,4.373,1337.43
1.44250,4861.85,4509.15,1.5524,44.1834,80.447,96.502,0.30000,4.149,1337.61
1.44300,4879.58,4556.04,1.5740,42.3278,80.505,96.209,0.30000,3.793,1337.77
1.44350,4896.11,4612.63,1.5947,40.4166,80.597,95.890,0.30000,3.314,1337.91
1.44400,4911.44,4678.32,1.6145,38.5111,80.720,95.547,0.30000,2.717,1338.03
1.44450,4925.55,4752.46,1.6332,36.6693,80.872,95.182,0.30000,2.013,1338.11
1.44500,4938.44,4834.29,1.6511,34.9454,81.050,94.798,0.30000,1.208,1338.16
1.44550,4950.12,4922.97,1.6682,33.3885,81.253,94.396,0.30000,0.314,1338.18
1.44600,4960.57,5017.52,1.6846,32.0416,81.476,93.980,-0.30000,-0.658,1338.21
1.44650,4969.80,5045.00,1.7003,30.8183,81.500,93.792,-0.30000,-0.867,1338.24
1.44700,4977.81,4962.49,1.7153,29.2107,81.197,93.975,0.30000,0.176,1338.25
1.44750,4984.59,4877.21,1.7294,26.9006,80.890,94.173,0.30000,1.234,1338.31
1.44800,4990.13,4858.74,1.7421,24.1394,80.788,94.157,0.30000,1.508,1338.37
1.44850,4994.45,4892.50,1.7535,21.2455,80.847,93.975,0.30000,1.169,1338.42
1.44900,4997.53,4966.79,1.7634,18.4714,81.034,93.666,0.30000,0.352,1338.44
1.44950,4999.38,5072.24,1.7720,16.0167,81.319,93.263,-0.30000,-0.835,1338.47
1.45000,5000.00,5129.38,1.7795,13.9139,81.463,93.027,-0.30000,-1.482,1338.54
1.45050,4999.38,5096.24,1.7859,11.7499,81.340,93.098,-0.30000,-1.110,1338.59
1.45100,4997.53,5025.10,1.7912,9.2580,81.117,93.319,-0.30000,-0.316,1338.60
1.45150,4994.45,4915.23,1.7951,6.2987,80.798,93.703,0.30000,0.909,1338.64
1.45200,4990.13,4849.17,1.7974,2.9931,80.606,93.934,0.30000,1.618,1338.71
1.45250,4984.59,4856.54,1.7981,-0.0088,80.625,93.905,0.30000,1.472,1338.78
1.45300,4977.81,4929.69,1.7975,-2.3007,80.847,93.664,0.30000,0.554,1338.80
1.45350,4969.80,5055.63,1.7960,-3.7549,81.230,93.254,-0.30000,-0.989,1338.84
1.45400,4960.57,5145.90,1.7939,-4.4457,81.508,92.965,-0.30000,-2.140,1338.93
1.45450,4950.12,5164.82,1.7916,-4.8109,81.575,92.918,-0.30000,-2.484,1339.04
1.45500,4938.44,5135.33,1.7891,-5.1292,81.511,93.058,-0.30000,-2.283,1339.14
1.45550,4925.55,5063.48,1.7864,-5.6366,81.335,93.363,-0.30000,-1.604,1339.21
1.45600,4911.44,4963.10,1.7834,-6.4912,81.084,93.781,-0.30000,-0.603,1339.24
1.45650,4896.11,4844.93,1.7799,-7.7918,80.788,94.273,0.30000,0.599,1339.26
1.45700,4879.58,4783.53,1.7756,-9.4866,80.650,94.554,0.30000,1.128,1339.31
1.45750,4861.85,4816.65,1.7704,-11.1215,80.772,94.481,0.30000,0.533,1339.33
1.45800,4842.92,4905.16,1.7645,-12.3578,81.058,94.221,-0.30000,-0.736,1339.36
1.45850,4822.79,4982.36,1.7581,-13.0230,81.312,94.001,-0.30000,-1.895,1339.44
1.45900,4801.47,5013.27,1.7515,-13.3229,81.437,93.950,-0.30000,-2.526,1339.55
1.45950,4778.97,4993.72,1.7448,-13.4997,81.425,94.095,-0.30000,-2.573,1339.66
1.46000,4755.28,4938.16,1.7380,-13.7673,81.318,94.378,-0.30000,-2.202,1339.75
1.46050,4730.43,4857.93,1.7310,-14.2734,81.145,94.759,-0.30000,-1.544,1339.81
1.46100,4704.40,4761.85,1.7237,-15.1134,80.931,95.203,-0.30000,-0.700,1339.84
1.46150,4677.22,4656.87,1.7158,-16.3417,80.696,95.686,0.30000,0.249,1339.85
1.46200,4648.88,4614.39,1.7073,-17.8660,80.634,95.937,0.30000,0.425,1339.87
1.46250,4619.40,4673.60,1.6980,-19.1895,80.851,95.805,-0.30000,-0.672,1339.89
1.46300,4588.77,4742.33,1.6882,-19.9997,81.097,95.642,-0.30000,-1.917,1339.97
1.46350,4557.02,4761.72,1.6781,-20.4384,81.211,95.670,-0.30000,-2.572,1340.07
1.46400,4524.14,4742.76,1.6678,-20.7275,81.222,95.848,-0.30000,-2.767,1340.18
1.46450,4490.14,4696.60,1.6573,-21.0275,81.161,96.130,-0.30000,-2.633,1340.29
1.46500,4455.03,4631.72,1.6467,-21.4498,81.050,96.486,-0.30000,-2.271,1340.37
1.46550,4418.83,4554.67,1.6359,-22.0675,80.908,96.890,-0.30000,-1.761,1340.44
1.46600,4381.53,4470.54,1.6246,-22.9232,80.748,97.325,-0.30000,-1.164,1340.49
1.46650,4343.16,4383.35,1.6129,-24.0350,80.583,97.776,-0.30000,-0.530,1340.51
1.46700,4303.71,4296.31,1.6005,-25.4012,80.421,98.233,0.30000,0.099,1340.51
1.46750,4263.20,4277.36,1.5875,-26.8920,80.449,98.436,-0.30000,-0.190,1340.52
1.46800,4221.64,4301.35,1.5737,-28.0999,80.596,98.483,-0.30000,-1.082,1340.56
1.46850,4179.04,4297.69,1.5594,-29.0489,80.672,98.639,-0.30000,-1.626,1340.62
1.46900,4135.40,4274.71,1.5447,-29.8483,80.698,98.873,-0.30000,-1.929,1340.69
1.46950,4090.75,4238.55,1.5296,-30.5729,80.689,99.161,-0.30000,-2.069,1340.76
1.47000,4045.08,4193.72,1.5141,-31.2711,80.659,99.485,-0.30000,-2.104,1340.83
1.47050,3998.42,4143.57,1.4983,-31.9724,80.617,99.831,-0.30000,-2.079,1340.91
1.47100,3950.78,4090.55,1.4821,-32.6917,80.568,100.192,-0.30000,-2.026,1340.98
1.47150,3902.15,4036.48,1.4656,-33.4330,80.518,100.560,-0.30000,-1.972,1341.04
1.47200,3852.57,3982.67,1.4487,-34.1926,80.471,100.929,-0.30000,-1.934,1341.11
1.47250,3802.03,3930.06,1.4314,-34.9609,80.429,101.297,-0.30000,-1.929,1341.17
1.47300,3750.56,3879.27,1.4137,-35.7246,80.393,101.662,-0.30000,-1.966,1341.24
1.47350,3698.16,3830.70,1.3957,-36.4678,80.366,102.021,-0.30000,-2.053,1341.30
1.47400,3644.84,3784.54,1.3773,-37.1733,80.347,102.373,-0.30000,-2.195,1341.37
1.47450,3590.63,3740.82,1.3585,-37.8236,80.336,102.719,-0.30000,-2.395,1341.45
1.47500,3535.53,3699.44,1.3395,-38.4021,80.333,103.059,-0.30000,-2.654,1341.53
1.47550,3479.56,3660.18,1.3201,-38.8933,80.336,103.392,-0.30000,-2.971,1341.62
1.47600,3422.74,3622.73,1.3006,-39.2839,80.346,103.720,-0.30000,-3.344,1341.72
1.47650,3365.06,3586.71,1.2809,-39.5629,80.360,104.044,-0.30000,-3.768,1341.83
1.47700,3306.56,3551.69,1.2611,-39.7223,80.377,104.364,-0.30000,-4.240,1341.95
1.47750,3247.24,3517.20,1.2412,-39.7573,80.395,104.682,-0.30000,-4.752,1342.09
1.47800,3187.12,3482.76,1.2213,-39.6664,80.413,104.999,-0.30000,-5.300,1342.24
1.47850,3126.21,3447.86,1.2015,-39.4514,80.429,105.316,-0.30000,-5.874,1342.40
1.47900,3064.54,3412.04,1.1819,-39.1177,80.441,105.634,-0.30000,-6.469,1342.57
1.47950,3002.10,3374.83,1.1624,-38.6736,80.447,105.955,-0.30000,-7.077,1342.76
1.48000,2938.93,3335.83,1.1432,-38.1306,80.447,106.280,-0.30000,-7.691,1342.96
1.48050,2875.03,3294.69,1.1243,-37.5028,80.439,106.609,-0.30000,-8.305,1343.17
1.48100,2810.42,3251.09,1.1057,-36.8065,80.422,106.944,-0.30000,-8.911,1343.39
1.48150,2745.11,3204.82,1.0875,-36.0598,80.395,107.285,-0.30000,-9.507,1343.62
1.48200,2679.13,3155.72,1.0697,-35.2823,80.358,107.632,-0.30000,-10.087,1343.86
1.48250,2612.49,3103.73,1.0522,-34.4940,80.310,107.985,-0.30000,-10.649,1344.10
1.48300,2545.21,3048.86,1.0352,-33.7154,80.251,108.345,-0.30000,-11.193,1344.35
1.48350,2477.29,2991.21,1.0185,-32.9664,80.183,108.711,-0.30000,-11.720,1344.61
1.48400,2408.77,2930.94,1.0022,-32.2661,80.105,109.083,-0.30000,-12.231,1344.87
1.48450,2339.65,2868.32,0.9862,-31.6321,80.018,109.460,-0.30000,-12.733,1345.13
1.48500,2269.95,2803.64,0.9706,-31.0801,79.923,109.842,-0.30000,-13.230,1345.40
1.48550,2199.70,2737.28,0.9551,-30.6234,79.822,110.226,-0.30000,-13.733,1345.67
1.48600,2128.90,2669.67,0.9399,-30.2728,79.716,110.613,-0.30000,-14.253,1345.94
1.48650,2057.57,2601.24,0.9249,-30.0357,79.607,111.001,-0.30000,-14.801,1346.21
1.48700,1985.74,2532.48,0.9099,-29.9168,79.496,111.389,-0.30000,-15.394,1346.49
1.48750,1913.42,2463.87,0.8949,-29.9171,79.384,111.775,-0.30000,-16.050,1346.76
1.48800,1840.62,2395.89,0.8799,-30.0345,79.275,112.159,-0.30000,-16.787,1347.04
1.48850,1767.37,2329.00,0.8649,-30.2637,79.168,112.539,-0.30000,-17.629,1347.32
1.48900,1693.69,2263.64,0.8497,-30.5963,79.066,112.914,-0.30000,-18.599,1347.60
1.48950,1619.59,2200.18,0.8343,-31.0209,78.970,113.283,-0.30000,-19.722,1347.90
1.49000,1545.08,2138.97,0.8186,-31.5240,78.882,113.645,-0.30000,-21.025,1348.19
1.49050,1470.20,2080.28,0.8027,-32.0896,78.801,114.000,-0.30000,-22.537,1348.50
1.49100,1394.96,2024.33,0.7865,-32.7003,78.729,114.346,-0.30000,-24.284,1348.81
1.49150,1319.37,1971.23,0.7700,-33.3375,78.667,114.684,-0.30000,-26.293,1349.14
1.49200,1243.45,1921.04,0.7532,-33.9819,78.614,115.014,-0.30000,-28.587,1349.48
1.49250,1167.23,1873.74,0.7360,-34.6142,78.570,115.336,-0.30000,-31.186,1349.83
1.49300,1090.72,1829.23,0.7186,-35.2155,78.535,115.649,-0.30000,-34.101,1350.20
1.49350,1013.94,1787.32,0.7008,-35.7677,78.509,115.955,-0.30000,-37.335,1350.59
1.49400,936.91,1747.78,0.6828,-36.2545,78.491,116.253,-0.30000,-40.875,1350.99
1.49450,859.65,1710.29,0.6646,-36.6611,78.479,116.545,-0.30000,-44.698,1351.42
1.49500,782.17,1674.50,0.6462,-36.9754,78.472,116.832,-0.30000,-48.764,1351.86
1.49550,704.51,1639.99,0.6276,-37.1876,78.469,117.115,-0.30000,-53.017,1352.33
1.49600,626.67,1606.35,0.6090,-37.2909,78.469,117.395,-0.30000,-57.394,1352.82
1.49650,548.67,1573.10,0.5904,-37.2815,78.469,117.673,-0.30000,-61.827,1353.33
1.49700,470.54,1539.80,0.5717,-37.1589,78.469,117.950,-0.30000,-66.247,1353.87
1.49750,392.30,1505.98,0.5532,-36.9256,78.466,118.227,-0.30000,-70.595,1354.42
1.49800,313.95,1471.22,0.5348,-36.5870,78.460,118.506,-0.30000,-74.822,1355.00
1.49850,235.53,1435.10,0.5166,-36.1518,78.448,118.788,-0.30000,-78.891,1355.60
1.49900,157.05,1397.27,0.4987,-35.6309,78.430,119.073,-0.30000,-82.783,1356.22
1.49950,78.54,1357.41,0.4810,-35.0378,78.405,119.363,-0.30000,-86.486,1356.86
1.50000,0.00,1315.27,0.4637,-34.3877,78.371,119.657,-0.30000,0.000,1357.52
1.50050,-78.54,1270.67,0.4466,-33.6976,78.328,119.957,-0.30000,-86.669,1358.19
1.50100,-157.05,1223.50,0.4300,-32.9852,78.275,120.263,-0.30000,-83.510,1358.88
1.50150,-235.53,1173.70,0.4137,-32.2689,78.213,120.575,-0.30000,-80.512,1359.59
1.50200,-313.95,1121.33,0.3977,-31.5671,78.142,120.892,-0.30000,-77.662,1360.31
1.50250,-392.30,1066.49,0.3821,-30.8977,78.062,121.215,-0.30000,-74.948,1361.04
1.50300,-470.54,1009.35,0.3668,-30.2775,77.973,121.543,-0.30000,-72.362,1361.78
1.50350,-548.67,950.16,0.3518,-29.7221,77.876,121.875,-0.30000,-69.894,1362.53
1.50400,-626.67,889.22,0.3371,-29.2449,77.773,122.211,-0.30000,-67.540,1363.28
1.50450,-704.51,826.89,0.3225,-28.8572,77.664,122.550,-0.30000,-65.296,1364.05
1.50500,-782.17,763.55,0.3082,-28.5680,77.552,122.890,-0.30000,-63.159,1364.82
1.50550,-859.65,699.61,0.2940,-28.3832,77.437,123.231,-0.30000,-61.131,1365.60
1.50600,-936.91,635.52,0.2798,-28.3058,77.320,123.571,-0.30000,-59.212,1366.39
1.50650,-1013.94,571.70,0.2656,-28.3362,77.204,123.910,-0.30000,-57.403,1367.18
1.50700,-1090.72,508.60,0.2514,-28.4712,77.090,124.246,-0.30000,-55.706,1367.98
1.50750,-1167.23,446.61,0.2371,-28.7053,76.980,124.578,-0.30000,-54.123,1368.79
1.50800,-1243.45,386.12,0.2227,-29.0300,76.874,124.905,-0.30000,-52.654,1369.60
1.50850,-1319.37,327.47,0.2081,-29.4343,76.773,125.226,-0.30000,-51.300,1370.43
1.50900,-1394.96,270.94,0.1933,-29.9052,76.680,125.542,-0.30000,-50.058,1371.26
1.50950,-1470.20,216.76,0.1782,-30.4279,76.594,125.850,-0.30000,-48.928,1372.10
1.51000,-1545.08,165.10,0.1628,-30.9862,76.516,126.151,-0.30000,-47.903,1372.96
1.51050,-1619.59,116.05,0.1472,-31.5631,76.447,126.444,-0.30000,-46.981,1373.82
1.51100,-1693.69,69.65,0.1313,-32.1410,76.386,126.729,-0.30000,-46.154,1374.71
1.51150,-1767.37,25.84,0.1151,-32.7024,76.333,127.007,-0.30000,-45.416,1375.60
1.51200,-1840.62,-15.50,0.0986,-33.2306,76.289,127.278,-0.30000,-44.758,1376.52
1.51250,-1913.42,-54.53,0.0818,-33.7097,76.252,127.542,-0.30000,-44.172,1377.44
1.51300,-1985.74,-91.50,0.0649,-34.1252,76.222,127.799,-0.30000,-43.649,1378.39
1.51350,-2057.57,-126.71,0.0477,-34.4646,76.197,128.052,-0.30000,-43.180,1379.36
1.51400,-2128.90,-160.50,0.0304,-34.7175,76.177,128.300,-0.30000,-42.757,1380.34
1.51450,-2199.70,-193.23,0.0130,-34.8758,76.160,128.544,-0.30000,-42.370,1381.34
1.51500,-2269.95,-225.31,-0.0044,-34.9344,76.145,128.786,-0.30000,-42.011,1382.37
1.51550,-2339.65,-257.16,-0.0219,-34.8906,76.130,129.026,-0.30000,-41.672,1383.41
1.51600,-2408.77,-289.19,-0.0393,-34.7449,76.114,129.266,-0.30000,-41.346,1384.47
1.51650,-2477.29,-321.80,-0.0566,-34.5004,76.095,129.507,-0.30000,-41.027,1385.55
1.51700,-2545.21,-355.38,-0.0738,-34.1630,76.073,129.749,-0.30000,-40.708,1386.64
1.51750,-2612.49,-390.29,-0.0908,-33.7410,76.045,129.995,-0.30000,-40.385,1387.75
1.51800,-2679.13,-426.84,-0.1075,-33.2453,76.012,130.243,-0.30000,-40.053,1388.88
1.51850,-2745.11,-465.30,-0.1240,-32.6885,75.971,130.496,-0.30000,-39.710,1390.02
1.51900,-2810.42,-505.87,-0.1402,-32.0848,75.923,130.753,-0.30000,-39.352,1391.17
1.51950,-2875.03,-548.69,-0.1561,-31.4500,75.866,131.016,-0.30000,-38.978,1392.33
1.52000,-2938.93,-593.86,-0.1717,-30.8002,75.801,131.283,-0.30000,-38.587,1393.51
1.52050,-3002.10,-641.39,-0.1869,-30.1522,75.727,131.556,-0.30000,-38.180,1394.69
1.52100,-3064.54,-691.22,-0.2018,-29.5224,75.644,131.834,-0.30000,-37.756,1395.87
1.52150,-3126.21,-743.23,-0.2164,-28.9267,75.554,132.117,-0.30000,-37.317,1397.06
1.52200,-3187.12,-797.25,-0.2307,-28.3801,75.456,132.404,-0.30000,-36.865,1398.26
1.52250,-3247.24,-853.03,-0.2448,-27.8960,75.352,132.695,-0.30000,-36.402,1399.46
1.52300,-3306.56,-910.29,-0.2587,-27.4860,75.242,132.989,-0.30000,-35.931,1400.65
1.52350,-3365.06,-968.70,-0.2723,-27.1596,75.128,133.285,-0.30000,-35.456,1401.85
1.52400,-3422.74,-1027.89,-0.2858,-26.9242,75.010,133.582,-0.30000,-34.980,1403.05
1.52450,-3479.56,-1087.50,-0.2993,-26.7842,74.890,133.880,-0.30000,-34.507,1404.25
1.52500,-3535.53,-1147.12,-0.3126,-26.7416,74.770,134.176,-0.30000,-34.041,1405.44
1.52550,-3590.63,-1206.35,-0.3260,-26.7957,74.651,134.471,-0.30000,-33.585,1406.63
1.52600,-3644.84,-1264.83,-0.3394,-26.9430,74.534,134.763,-0.30000,-33.144,1407.82
1.52650,-3698.16,-1322.17,-0.3530,-27.1776,74.420,135.051,-0.30000,-32.720,1409.01
1.52700,-3750.56,-1378.06,-0.3666,-27.4911,74.310,135.335,-0.30000,-32.316,1410.20
1.52750,-3802.03,-1432.20,-0.3805,-27.8731,74.207,135.613,-0.30000,-31.936,1411.38
1.52800,-3852.57,-1484.34,-0.3945,-28.3111,74.109,135.885,-0.30000,-31.580,1412.57
1.52850,-3902.15,-1534.30,-0.4088,-28.7914,74.019,136.151,-0.30000,-31.250,1413.75
1.52900,-3950.78,-1581.95,-0.4233,-29.2991,73.936,136.410,-0.30000,-30.946,1414.93
1.52950,-3998.42,-1627.23,-0.4381,-29.8185,73.861,136.662,-0.30000,-30.669,1416.12
1.53000,-4045.08,-1670.12,-0.4531,-30.3340,73.793,136.907,-0.30000,-30.418,1417.31
1.53050,-4090.75,-1710.69,-0.4684,-30.8298,73.734,137.145,-0.30000,-30.192,1418.50
1.53100,-4135.40,-1749.06,-0.4840,-31.2910,73.681,137.377,-0.30000,-29.987,1419.69
1.53150,-4179.04,-1785.42,-0.4997,-31.7036,73.635,137.603,-0.30000,-29.803,1420.89
1.53200,-4221.64,-1819.99,-0.5156,-32.0551,73.594,137.823,-0.30000,-29.635,1422.09
1.53250,-4263.20,-1853.06,-0.5317,-32.3348,73.558,138.039,-0.30000,-29.481,1423.29
1.53300,-4303.71,-1884.95,-0.5480,-32.5339,73.526,138.252,-0.30000,-29.337,1424.50
1.53350,-4343.16,-1915.99,-0.5643,-32.6460,73.497,138.461,-0.30000,-29.199,1425.72
1.53400,-4381.53,-1946.56,-0.5806,-32.6671,73.468,138.668,-0.30000,-29.062,1426.93
1.53450,-4418.83,-1977.04,-0.5969,-32.5957,73.440,138.875,-0.30000,-28.925,1428.15
1.53500,-4455.03,-2007.78,-0.6132,-32.4330,73.410,139.081,-0.30000,-28.781,1429.38
1.53550,-4490.14,-2039.17,-0.6293,-32.1826,73.377,139.288,-0.30000,-28.628,1430.60
1.53600,-4524.14,-2071.53,-0.6453,-31.8505,73.341,139.497,-0.30000,-28.463,1431.83
1.53650,-4557.02,-2105.17,-0.6612,-31.4450,73.300,139.709,-0.30000,-28.282,1433.06
1.53700,-4588.77,-2140.37,-0.6768,-30.9765,73.253,139.924,-0.30000,-28.083,1434.28
1.53750,-4619.40,-2177.35,-0.6921,-30.4567,73.199,140.143,-0.30000,-27.863,1435.50
1.53800,-4648.88,-2216.28,-0.7072,-29.8991,73.138,140.366,-0.30000,-27.622,1436.72
1.53850,-4677.22,-2257.27,-0.7220,-29.3178,73.070,140.594,-0.30000,-27.357,1437.93
1.53900,-4704.40,-2300.38,-0.7365,-28.7278,72.994,140.827,-0.30000,-27.068,1439.13
1.53950,-4730.43,-2345.60,-0.7508,-28.1441,72.910,141.064,-0.30000,-26.755,1440.32
1.54000,-4755.28,-2392.87,-0.7647,-27.5814,72.819,141.306,-0.30000,-26.418,1441.50
1.54050,-4778.97,-2442.05,-0.7784,-27.0538,72.721,141.552,-0.30000,-26.059,1442.67
1.54100,-4801.47,-2492.97,-0.7918,-26.5744,72.616,141.802,-0.30000,-25.678,1443.83
1.54150,-4822.79,-2545.40,-0.8049,-26.1548,72.506,142.055,-0.30000,-25.277,1444.96
1.54200,-4842.92,-2599.07,-0.8179,-25.8050,72.391,142.310,-0.30000,-24.860,1446.09
1.54250,-4861.85,-2653.66,-0.8308,-25.5328,72.272,142.567,-0.30000,-24.427,1447.19
1.54300,-4879.58,-2708.86,-0.8435,-25.3441,72.151,142.825,-0.30000,-23.982,1448.28
1.54350,-4896.11,-2764.31,-0.8561,-25.2422,72.028,143.083,-0.30000,-23.529,1449.34
1.54400,-4911.44,-2819.65,-0.8687,-25.2282,71.905,143.339,-0.30000,-23.069,1450.39
1.54450,-4925.55,-2874.53,-0.8814,-25.3006,71.784,143.594,-0.30000,-22.607,1451.41
1.54500,-4938.44,-2928.62,-0.8940,-25.4555,71.664,143.846,-0.30000,-22.145,1452.42
1.54550,-4950.12,-2981.58,-0.9068,-25.6869,71.548,144.094,-0.30000,-21.686,1453.40
1.54600,-4960.57,-3033.14,-0.9197,-25.9866,71.437,144.338,-0.30000,-21.234,1454.37
1.54650,-4969.80,-3083.04,-0.9328,-26.3447,71.331,144.576,-0.30000,-20.789,1455.31
1.54700,-4977.81,-3131.09,-0.9461,-26.7495,71.230,144.810,-0.30000,-20.354,1456.23
1.54750,-4984.59,-3177.12,-0.9596,-27.1882,71.137,145.037,-0.30000,-19.931,1457.14
1.54800,-4990.13,-3221.04,-0.9733,-27.6473,71.050,145.258,-0.30000,-19.520,1458.02
1.54850,-4994.45,-3262.81,-0.9872,-28.1125,70.970,145.473,-0.30000,-19.122,1458.89
1.54900,-4997.53,-3302.44,-1.0014,-28.5697,70.897,145.682,-0.30000,-18.736,1459.73
1.54950,-4999.38,-3340.00,-1.0158,-29.0048,70.831,145.884,-0.30000,-18.362,1460.56
1.55000,-5000.00,-3375.63,-1.0304,-29.4048,70.771,146.081,-0.30000,-17.998,1461.38
1.55050,-4999.38,-3409.50,-1.0452,-29.7573,70.716,146.273,-0.30000,-17.641,1462.17
1.55100,-4997.53,-3441.84,-1.0601,-30.0517,70.667,146.460,-0.30000,-17.291,1462.95
1.55150,-4994.45,-3472.91,-1.0752,-30.2786,70.621,146.643,-0.30000,-16.943,1463.71
1.55200,-4990.13,-3503.00,-1.0904,-30.4311,70.579,146.823,-0.30000,-16.595,1464.45
1.55250,-4984.59,-3532.43,-1.1056,-30.5038,70.538,147.001,-0.30000,-16.242,1465.18
1.55300,-4977.81,-3561.54,-1.1209,-30.4940,70.499,147.177,-0.30000,-15.882,1465.89
1.55350,-4969.80,-3590.67,-1.1361,-30.4011,70.458,147.353,-0.30000,-15.510,1466.58
1.55400,-4960.57,-3620.14,-1.1513,-30.2267,70.417,147.529,-0.30000,-15.121,1467.25
1.55450,-4950.12,-3650.28,-1.1663,-29.9749,70.372,147.706,-0.30000,-14.713,1467.90
1.55500,-4938.44,-3681.38,-1.1812,-29.6518,70.324,147.885,-0.30000,-14.281,1468.53
1.55550,-4925.55,-3713.72,-1.1960,-29.2654,70.271,148.066,-0.30000,-13.822,1469.13
1.55600,-4911.44,-3747.53,-1.2105,-28.8254,70.213,148.251,-0.30000,-13.332,1469.71
1.55650,-4896.11,-3782.98,-1.2248,-28.3431,70.149,148.439,-0.30000,-12.809,1470.27
1.55700,-4879.58,-3820.22,-1.2388,-27.8306,70.078,148.631,-0.30000,-12.249,1470.80
1.55750,-4861.85,-3859.33,-1.2526,-27.3010,70.000,148.828,-0.30000,-11.651,1471.30
1.55800,-4842.92,-3900.35,-1.2661,-26.7678,69.915,149.029,-0.30000,-11.014,1471.77
1.55850,-4822.79,-3943.25,-1.2794,-26.2445,69.824,149.234,-0.30000,-10.336,1472.21
1.55900,-4801.47,-3987.95,-1.2924,-25.7441,69.726,149.442,-0.30000,-9.616,1472.62
1.55950,-4778.97,-4034.33,-1.3051,-25.2792,69.621,149.655,-0.30000,-8.856,1472.99
1.56000,-4755.28,-4082.20,-1.3177,-24.8610,69.512,149.871,-0.30000,-8.056,1473.33
1.56050,-4730.43,-4131.35,-1.3300,-24.4995,69.397,150.089,-0.30000,-7.218,1473.63
1.56100,-4704.40,-4181.53,-1.3422,-24.2033,69.278,150.310,-0.30000,-6.342,1473.89
1.56150,-4677.22,-4232.45,-1.3542,-23.9787,69.156,150.531,-0.30000,-5.432,1474.11
1.56200,-4648.88,-4283.80,-1.3662,-23.8303,69.033,150.753,-0.30000,-4.490,1474.29
1.56250,-4619.40,-4335.27,-1.3781,-23.7605,68.909,150.975,-0.30000,-3.520,1474.44
1.56300,-4588.77,-4386.54,-1.3900,-23.7695,68.784,151.195,-0.30000,-2.523,1474.54
1.56350,-4557.02,-4437.30,-1.4019,-23.8553,68.662,151.414,-0.30000,-1.505,1474.60
1.56400,-4524.14,-4487.23,-1.4138,-24.0138,68.541,151.629,-0.30000,-0.467,1474.62
1.56450,-4490.14,-4536.08,-1.4259,-24.2389,68.424,151.841,0.30000,0.586,1474.64
1.56500,-4455.03,-4530.24,-1.4381,-24.4314,68.476,151.878,0.30000,0.967,1474.68
1.56550,-4418.83,-4438.48,-1.4502,-24.1834,68.790,151.638,0.30000,0.255,1474.69
1.56600,-4381.53,-4301.66,-1.4621,-23.1791,69.236,151.241,-0.30000,-1.044,1474.73
1.56650,-4343.16,-4177.86,-1.4733,-21.3020,69.642,150.886,-0.30000,-2.180,1474.81
1.56700,-4303.71,-4105.95,-1.4833,-18.7826,69.890,150.699,-0.30000,-2.631,1474.91
1.56750,-4263.20,-4084.73,-1.4920,-15.9000,69.978,150.669,-0.30000,-2.397,1475.00
1.56800,-4221.64,-4103.84,-1.4992,-12.9057,69.937,150.760,-0.30000,-1.598,1475.06
1.56850,-4179.04,-4155.08,-1.5049,-10.0129,69.793,150.948,-0.30000,-0.328,1475.07
1.56900,-4135.40,-4231.75,-1.5093,-7.4125,69.567,151.209,0.30000,1.335,1475.12
1.56950,-4090.75,-4274.28,-1.5124,-5.1936,69.441,151.355,0.30000,2.569,1475.21
1.57000,-4045.08,-4250.31,-1.5145,-3.1357,69.517,151.281,0.30000,2.904,1475.31
1.57050,-3998.42,-4184.65,-1.5155,-1.1229,69.707,151.050,0.30000,2.667,1475.40
1.57100,-3950.78,-4065.57,-1.5156,0.9849,70.038,150.610,0.30000,1.664,1475.46
1.57150,-3902.15,-3911.55,-1.5145,3.3570,70.460,150.029,0.30000,0.138,1475.47
1.57200,-3852.57,-3736.85,-1.5121,6.1957,70.932,149.360,-0.30000,-1.720,1475.52
1.57250,-3802.03,-3634.18,-1.5082,9.5618,71.196,148.945,-0.30000,-2.528,1475.61
1.57300,-3750.56,-3648.91,-1.5026,12.9707,71.126,148.951,-0.30000,-1.552,1475.66
1.57350,-3698.16,-3719.64,-1.4953,16.0444,70.883,149.135,0.30000,0.333,1475.67
1.57400,-3644.84,-3789.13,-1.4866,18.5947,70.639,149.307,0.30000,2.267,1475.74
1.57450,-3590.63,-3820.03,-1.4768,20.7433,70.501,149.335,0.30000,3.656,1475.86
1.57500,-3535.53,-3795.79,-1.4659,22.7238,70.510,149.148,0.30000,4.210,1475.99
1.57550,-3479.56,-3734.01,-1.4540,24.7523,70.617,148.812,0.30000,4.182,1476.11
1.57600,-3422.74,-3648.32,-1.4411,26.9653,70.785,148.378,0.30000,3.771,1476.23
1.57650,-3365.06,-3549.03,-1.4270,29.4385,70.985,147.883,0.30000,3.129,1476.32
1.57700,-3306.56,-3444.01,-1.4116,32.2005,71.193,147.356,0.30000,2.380,1476.39
1.57750,-3247.24,-3339.22,-1.3948,35.2431,71.394,146.816,0.30000,1.622,1476.43
1.57800,-3187.12,-3239.15,-1.3764,38.5302,71.572,146.280,0.30000,0.935,1476.46
1.57850,-3126.21,-3147.13,-1.3562,42.0045,71.720,145.759,0.30000,0.383,1476.47
1.57900,-3064.54,-3065.47,-1.3343,45.5934,71.829,145.261,0.30000,0.017,1476.47
1.57950,-3002.10,-2995.69,-1.3106,49.2140,71.896,144.791,-0.30000,-0.122,1476.47
1.58000,-2938.93,-3019.16,-1.2851,52.6395,71.695,144.651,0.30000,1.564,1476.51
1.58050,-2875.03,-3102.74,-1.2581,55.3156,71.317,144.719,0.30000,4.529,1476.63
1.58100,-2810.42,-3157.30,-1.2300,57.2326,71.015,144.670,0.30000,7.036,1476.80
1.58150,-2745.11,-3190.83,-1.2010,58.5008,70.768,144.536,0.30000,9.223,1477.02
1.58200,-2679.13,-3208.69,-1.1715,59.2024,70.562,144.342,0.30000,11.181,1477.29
1.58250,-2612.49,-3214.31,-1.1419,59.4021,70.389,144.100,0.30000,12.972,1477.59
1.58300,-2545.21,-3209.79,-1.1122,59.1546,70.245,143.823,0.30000,14.634,1477.92
1.58350,-2477.29,-3196.31,-1.0828,58.5096,70.127,143.515,0.30000,16.185,1478.28
1.58400,-2408.77,-3174.45,-1.0538,57.5157,70.036,143.180,0.30000,17.634,1478.66
1.58450,-2339.65,-3144.38,-1.0253,56.2222,69.971,142.822,0.30000,18.981,1479.07
1.58500,-2269.95,-3106.07,-0.9976,54.6803,69.934,142.440,0.30000,20.221,1479.48
1.58550,-2199.70,-3059.42,-0.9707,52.9432,69.924,142.035,0.30000,21.348,1479.91
1.58600,-2128.90,-3004.33,-0.9447,51.0662,69.943,141.608,0.30000,22.353,1480.35
1.58650,-2057.57,-2940.75,-0.9196,49.1057,69.992,141.160,0.30000,23.231,1480.79
1.58700,-1985.74,-2868.78,-0.8956,47.1189,70.070,140.689,0.30000,23.974,1481.23
1.58750,-1913.42,-2788.67,-0.8725,45.1620,70.176,140.199,0.30000,24.581,1481.67
1.58800,-1840.62,-2700.83,-0.8504,43.2893,70.309,139.689,0.30000,25.049,1482.10
1.58850,-1767.37,-2605.82,-0.8292,41.5520,70.468,139.161,0.30000,25.380,1482.52
1.58900,-1693.69,-2504.42,-0.8088,39.9967,70.649,138.618,0.30000,25.579,1482.93
1.58950,-1619.59,-2397.51,-0.7892,38.6647,70.849,138.062,0.30000,25.656,1483.32
1.59000,-1545.08,-2286.13,-0.7701,37.5905,71.066,137.495,0.30000,25.623,1483.69
1.59050,-1470.20,-2171.44,-0.7515,36.8013,71.295,136.920,0.30000,25.500,1484.04
1.59100,-1394.96,-2054.67,-0.7332,36.3160,71.532,136.342,0.30000,25.311,1484.37
1.59150,-1319.37,-1937.09,-0.7151,36.1451,71.772,135.762,0.30000,25.089,1484.68
1.59200,-1243.45,-1819.99,-0.6970,36.2902,72.011,135.185,0.30000,24.875,1484.96
1.59250,-1167.23,-1704.66,-0.6788,36.7440,72.245,134.613,0.30000,24.723,1485.23
1.59300,-1090.72,-1592.30,-0.6603,37.4909,72.469,134.051,0.30000,24.696,1485.48
1.59350,-1013.94,-1484.06,-0.6413,38.5070,72.680,133.500,0.30000,24.875,1485.72
1.59400,-936.91,-1380.94,-0.6217,39.7613,72.873,132.964,0.30000,25.358,1485.94
1.59450,-859.65,-1283.82,-0.6015,41.2161,73.047,132.444,0.30000,26.263,1486.15
1.59500,-782.17,-1193.40,-0.5805,42.8285,73.199,131.943,0.30000,27.733,1486.36
1.59550,-704.51,-1110.20,-0.5586,44.5514,73.326,131.461,0.30000,29.936,1486.56
1.59600,-626.67,-1034.52,-0.5359,46.3347,73.427,131.000,0.30000,33.058,1486.76
1.59650,-548.67,-966.49,-0.5123,48.1271,73.503,130.560,0.30000,37.290,1486.97
1.59700,-470.54,-905.99,-0.4878,49.8771,73.554,130.140,0.30000,42.782,1487.19
1.59750,-392.30,-852.73,-0.4624,51.5348,73.580,129.740,0.30000,49.568,1487.42
1.59800,-313.95,-806.19,-0.4363,53.0529,73.584,129.359,0.30000,57.470,1487.67
1.59850,-235.53,-765.70,-0.4094,54.3884,73.568,128.994,0.30000,66.046,1487.93
1.59900,-157.05,-730.41,-0.3819,55.5033,73.534,128.643,0.30000,74.681,1488.22
1.59950,-78.54,-699.33,-0.3539,56.3661,73.486,128.304,0.30000,82.790,1488.53
1.60000,-0.00,-671.38,-0.3256,56.9523,73.428,127.975,0.30000,0.000,1488.87
1.60050,78.54,-645.38,-0.2970,57.2453,73.364,127.651,0.30000,83.808,1489.23
1.60100,157.05,-620.13,-0.2684,57.2366,73.297,127.330,0.30000,78.575,1489.62
1.60150,235.53,-594.38,-0.2399,56.9260,73.233,127.009,0.30000,74.156,1490.03
1.60200,313.95,-566.93,-0.2115,56.3218,73.176,126.684,0.30000,70.384,1490.47
1.60250,392.30,-536.63,-0.1836,55.4404,73.129,126.353,0.30000,67.105,1490.94
1.60300,470.54,-502.42,-0.1561,54.3057,73.095,126.013,0.30000,64.191,1491.42
1.60350,548.67,-463.35,-0.1293,52.9486,73.080,125.661,0.30000,61.536,1491.93
1.60400,626.67,-418.61,-0.1032,51.4058,73.084,125.295,0.30000,59.056,1492.45
1.60450,704.51,-367.56,-0.0779,49.7193,73.111,124.914,0.30000,56.689,1492.99
1.60500,782.17,-309.74,-0.0535,47.9346,73.161,124.516,0.30000,54.385,1493.53
1.60550,859.65,-244.87,-0.0300,46.0998,73.237,124.101,0.30000,52.106,1494.09
1.60600,936.91,-172.88,-0.0074,44.2642,73.337,123.669,0.30000,49.828,1494.64
1.60650,1013.94,-93.90,0.0143,42.4768,73.462,123.220,0.30000,47.534,1495.19
1.60700,1090.72,-8.26,0.0351,40.7851,73.611,122.755,0.30000,45.216,1495.74
1.60750,1167.23,83.54,0.0551,39.2337,73.782,122.274,0.30000,42.875,1496.29
1.60800,1243.45,180.81,0.0743,37.8632,73.973,121.781,0.30000,40.517,1496.82
1.60850,1319.37,282.73,0.0930,36.7088,74.180,121.276,0.30000,38.157,1497.33
1.60900,1394.96,388.34,0.1111,35.7997,74.400,120.764,0.30000,35.815,1497.84
1.60950,1470.20,496.58,0.1288,35.1582,74.630,120.245,0.30000,33.514,1498.32
1.61000,1545.08,606.32,0.1463,34.7990,74.866,119.724,0.30000,31.282,1498.79
1.61050,1619.59,716.39,0.1637,34.7289,75.104,119.203,0.30000,29.147,1499.25
1.61100,1693.69,825.62,0.1811,34.9469,75.339,118.685,0.30000,27.137,1499.68
1.61150,1767.37,932.86,0.1987,35.4437,75.569,118.174,0.30000,25.275,1500.10
1.61200,1840.62,1037.03,0.2166,36.2025,75.788,117.672,0.30000,23.585,1500.50
1.61250,1913.42,1137.12,0.2349,37.1994,75.994,117.181,0.30000,22.083,1500.89
1.61300,1985.74,1232.25,0.2538,38.4038,76.184,116.704,0.30000,20.779,1501.26
1.61350,2057.57,1321.66,0.2733,39.7798,76.354,116.243,0.30000,19.680,1501.63
1.61400,2128.90,1404.77,0.2936,41.2867,76.504,115.799,0.30000,18.785,1501.99
1.61450,2199.70,1481.16,0.3146,42.8805,76.630,115.374,0.30000,18.090,1502.35
1.61500,2269.95,1550.61,0.3365,44.5149,76.734,114.968,0.30000,17.583,1502.71
1.61550,2339.65,1613.08,0.3592,46.1428,76.814,114.581,0.30000,17.252,1503.08
1.61600,2408.77,1668.73,0.3826,47.7174,76.871,114.212,0.30000,17.078,1503.45
1.61650,2477.29,1717.88,0.4069,49.1937,76.906,113.861,0.30000,17.043,1503.83
1.61700,2545.21,1761.06,0.4318,50.5296,76.921,113.526,0.30000,17.124,1504.22
1.61750,2612.49,1798.93,0.4574,51.6871,76.919,113.206,0.30000,17.297,1504.62
1.61800,2679.13,1832.32,0.4834,52.6332,76.901,112.899,0.30000,17.541,1505.05
1.61850,2745.11,1862.16,0.5099,53.3412,76.872,112.601,0.30000,17.830,1505.49
1.61900,2810.42,1889.46,0.5367,53.7908,76.834,112.311,0.30000,18.144,1505.95
1.61950,2875.03,1915.33,0.5637,53.9692,76.792,112.026,0.30000,18.459,1506.43
1.62000,2938.93,1940.87,0.5907,53.8710,76.750,111.742,0.30000,18.757,1506.93
1.62050,3002.10,1967.21,0.6175,53.4985,76.710,111.457,0.30000,19.020,1507.45
1.62100,3064.54,1995.43,0.6441,52.8616,76.678,111.168,0.30000,19.232,1507.98
1.62150,3126.21,2026.57,0.6703,51.9776,76.656,110.872,0.30000,19.379,1508.53
1.62200,3187.12,2061.57,0.6961,50.8703,76.648,110.567,0.30000,19.451,1509.09
1.62250,3247.24,2101.25,0.7212,49.5698,76.657,110.251,0.30000,19.439,1509.67
1.62300,3306.56,2146.31,0.7456,48.1114,76.685,109.922,0.30000,19.336,1510.25
1.62350,3365.06,2197.29,0.7693,46.5343,76.733,109.578,0.30000,19.138,1510.83
1.62400,3422.74,2254.54,0.7921,44.8812,76.804,109.219,0.30000,18.845,1511.41
1.62450,3479.56,2318.27,0.8141,43.1964,76.898,108.845,0.30000,18.456,1512.00
1.62500,3535.53,2388.48,0.8353,41.5250,77.015,108.454,0.30000,17.975,1512.57
1.62550,3590.63,2464.99,0.8557,39.9115,77.154,108.048,0.30000,17.406,1513.13
1.62600,3644.84,2547.45,0.8753,38.3986,77.314,107.628,0.30000,16.756,1513.68
1.62650,3698.16,2635.36,0.8941,37.0260,77.493,107.195,0.30000,16.034,1514.21
1.62700,3750.56,2728.03,0.9123,35.8292,77.690,106.750,0.30000,15.250,1514.72
1.62750,3802.03,2824.68,0.9300,34.8389,77.901,106.296,0.30000,14.416,1515.21
1.62800,3852.57,2924.39,0.9472,34.0798,78.123,105.835,0.30000,13.546,1515.68
1.62850,3902.15,3026.18,0.9641,33.5701,78.353,105.370,0.30000,12.652,1516.11
1.62900,3950.78,3129.00,0.9808,33.3209,78.587,104.903,0.30000,11.750,1516.52
1.62950,3998.42,3231.78,0.9974,33.3363,78.821,104.437,0.30000,10.854,1516.91
1.63000,4045.08,3333.45,1.0142,33.6129,79.053,103.976,0.30000,9.978,1517.26
1.63050,4090.75,3432.98,1.0311,34.1400,79.277,103.520,0.30000,9.135,1517.59
1.63100,4135.40,3529.39,1.0484,34.9001,79.492,103.074,0.30000,8.337,1517.90
1.63150,4179.04,3621.80,1.0660,35.8695,79.693,102.640,0.30000,7.595,1518.17
1.63200,4221.64,3709.45,1.0843,37.0187,79.878,102.218,0.30000,6.918,1518.43
1.63250,4263.20,3791.69,1.1031,38.3132,80.046,101.812,0.30000,6.311,1518.67
1.63300,4303.71,3868.03,1.1226,39.7148,80.193,101.422,0.30000,5.781,1518.88
1.63350,4343.16,3938.15,1.1428,41.1827,80.320,101.048,0.30000,5.328,1519.09
1.63400,4381.53,4001.90,1.1638,42.6742,80.425,100.693,0.30000,4.952,1519.28
1.63450,4418.83,4059.29,1.1855,44.1462,80.509,100.354,0.30000,4.652,1519.46
1.63500,4455.03,4110.53,1.2079,45.5564,80.572,100.032,0.30000,4.422,1519.63
1.63550,4490.14,4155.97,1.2310,46.8645,80.616,99.727,0.30000,4.256,1519.80
1.63600,4524.14,4196.12,1.2547,48.0331,80.642,99.435,0.30000,4.147,1519.96
1.63650,4557.02,4231.66,1.2790,49.0288,80.652,99.157,0.30000,4.084,1520.12
1.63700,4588.77,4263.36,1.3037,49.8234,80.650,98.889,0.30000,4.056,1520.28
1.63750,4619.40,4292.10,1.3288,50.3940,80.638,98.629,0.30000,4.053,1520.45
1.63800,4648.88,4318.83,1.3541,50.7245,80.620,98.376,0.30000,4.061,1520.61
1.63850,4677.22,4344.56,1.3795,50.8051,80.598,98.126,0.30000,4.068,1520.78
1.63900,4704.40,4370.32,1.4049,50.6332,80.577,97.876,0.30000,4.062,1520.95
1.63950,4730.43,4397.12,1.4301,50.2132,80.561,97.625,0.30000,4.030,1521.11
1.64000,4755.28,4425.94,1.4550,49.5561,80.551,97.369,0.30000,3.962,1521.28
1.64050,4778.97,4457.70,1.4796,48.6798,80.552,97.106,0.30000,3.846,1521.44
1.64100,4801.47,4493.22,1.5037,47.6078,80.567,96.835,0.30000,3.673,1521.59
1.64150,4822.79,4533.23,1.5272,46.3692,80.598,96.552,0.30000,3.436,1521.74
1.64200,4842.92,4578.31,1.5500,44.9973,80.646,96.258,0.30000,3.127,1521.87
1.64250,4861.85,4628.91,1.5722,43.5292,80.714,95.949,0.30000,2.743,1521.99
1.64300,4879.58,4685.30,1.5935,42.0043,80.803,95.627,0.30000,2.280,1522.08
1.64350,4896.11,4747.62,1.6142,40.4635,80.912,95.290,0.30000,1.737,1522.16
1.64400,4911.44,4815.80,1.6340,38.9477,81.043,94.939,0.30000,1.116,1522.21
1.64450,4925.55,4889.65,1.6531,37.4973,81.193,94.574,0.30000,0.418,1522.22
1.64500,4938.44,4968.79,1.6715,36.1503,81.362,94.197,-0.30000,-0.352,1522.24
1.64550,4950.12,4980.77,1.6893,34.8187,81.333,94.048,-0.30000,-0.355,1522.25
1.64600,4960.57,4883.12,1.7063,32.9964,80.977,94.269,0.30000,0.895,1522.29
1.64650,4969.80,4783.58,1.7221,30.3696,80.620,94.504,0.30000,2.146,1522.39
1.64700,4977.81,4752.39,1.7365,27.1989,80.474,94.520,0.30000,2.593,1522.50
1.64750,4984.59,4775.29,1.7493,23.8139,80.495,94.365,0.30000,2.404,1522.60
1.64800,4990.13,4840.86,1.7604,20.4810,80.652,94.079,0.30000,1.713,1522.68
1.64850,4994.45,4940.01,1.7698,17.4152,80.914,93.691,0.30000,0.624,1522.71
1.64900,4997.53,5065.21,1.7779,14.7889,81.261,93.225,-0.30000,-0.776,1522.74
1.64950,4999.38,5138.24,1.7847,12.6146,81.455,92.940,-0.30000,-1.591,1522.81
1.65000,5000.00,5115.66,1.7905,10.4629,81.366,92.980,-0.30000,-1.325,1522.87
1.65050,4999.38,5054.42,1.7951,8.0506,81.173,93.169,-0.30000,-0.631,1522.89
1.65100,4997.53,4952.69,1.7985,5.2524,80.880,93.527,0.30000,0.514,1522.92
1.65150,4994.45,4892.91,1.8003,2.2030,80.708,93.740,0.30000,1.165,1522.97
1.65200,4990.13,4903.89,1.8007,-0.4942,80.739,93.700,0.30000,0.990,1523.01
1.65250,4984.59,4979.77,1.7999,-2.5144,80.970,93.451,0.30000,0.055,1523.01
1.65300,4977.81,5106.97,1.7983,-3.7361,81.357,93.037,-0.30000,-1.486,1523.08
1.65350,4969.80,5197.34,1.7963,-4.2187,81.636,92.748,-0.30000,-2.621,1523.19
1.65400,4960.57,5215.20,1.7942,-4.3983,81.698,92.703,-0.30000,-2.938,1523.32
1.65450,4950.12,5183.92,1.7919,-4.5553,81.628,92.848,-0.30000,-2.704,1523.44
1.65500,4938.44,5109.56,1.7896,-4.9250,81.443,93.159,-0.30000,-1.984,1523.52
1.65550,4925.55,5006.05,1.7870,-5.6610,81.181,93.585,-0.30000,-0.936,1523.56
1.65600,4911.44,4884.25,1.7838,-6.8567,80.873,94.087,0.30000,0.317,1523.57
1.65650,4896.11,4818.82,1.7800,-8.4583,80.721,94.379,0.30000,0.904,1523.61
1.65700,4879.58,4847.58,1.7754,-10.0167,80.828,94.317,0.30000,0.376,1523.63
1.65750,4861.85,4931.47,1.7701,-11.2009,81.098,94.068,-0.30000,-0.820,1523.66
1.65800,4842.92,5003.89,1.7643,-11.8434,81.336,93.861,-0.30000,-1.904,1523.74
1.65850,4822.79,5030.00,1.7583,-12.1523,81.444,93.823,-0.30000,-2.460,1523.85
1.65900,4801.47,5005.74,1.7522,-12.3699,81.417,93.980,-0.30000,-2.436,1523.95
1.65950,4778.97,4945.70,1.7459,-12.7091,81.294,94.275,-0.30000,-1.998,1524.03
1.66000,4755.28,4861.34,1.7394,-13.3150,81.106,94.666,-0.30000,-1.278,1524.09
1.66050,4730.43,4761.61,1.7325,-14.2803,80.880,95.120,-0.30000,-0.378,1524.10
1.66100,4704.40,4653.54,1.7250,-15.6556,80.635,95.612,0.30000,0.619,1524.13
1.66150,4677.22,4608.61,1.7168,-17.3448,80.564,95.869,0.30000,0.840,1524.16
1.66200,4648.88,4666.07,1.7077,-18.8472,80.775,95.741,-0.30000,-0.212,1524.17
1.66250,4619.40,4733.80,1.6980,-19.8453,81.017,95.581,-0.30000,-1.419,1524.23
1.66300,4588.77,4752.96,1.6880,-20.4757,81.131,95.610,-0.30000,-2.049,1524.31
1.66350,4557.02,4734.56,1.6776,-20.9551,81.145,95.786,-0.30000,-2.231,1524.40
1.66400,4524.14,4689.72,1.6670,-21.4386,81.088,96.066,-0.30000,-2.096,1524.48
1.66450,4490.14,4626.88,1.6561,-22.0327,80.984,96.416,-0.30000,-1.744,1524.55
1.66500,4455.03,4552.51,1.6449,-22.8057,80.851,96.814,-0.30000,-1.254,1524.60
1.66550,4418.83,4471.65,1.6333,-23.7961,80.703,97.241,-0.30000,-0.685,1524.62
1.66600,4381.53,4388.22,1.6211,-25.0183,80.551,97.682,-0.30000,-0.087,1524.63
1.66650,4343.16,4305.30,1.6082,-26.4676,80.404,98.128,0.30000,0.499,1524.65
1.66700,4303.71,4290.75,1.5946,-28.0121,80.446,98.321,0.30000,0.173,1524.65
1.66750,4263.20,4383.37,1.5803,-29.1312,80.784,98.111,-0.30000,-1.615,1524.71
1.66800,4221.64,4486.91,1.5656,-29.4838,81.153,97.864,-0.30000,-3.596,1524.85
1.66850,4179.04,4538.86,1.5509,-29.2300,81.382,97.812,-0.30000,-4.921,1525.03
1.66900,4135.40,4550.80,1.5364,-28.6028,81.501,97.911,-0.30000,-5.736,1525.23
1.66950,4090.75,4532.50,1.5223,-27.7818,81.535,98.121,-0.30000,-6.163,1525.45
1.67000,4045.08,4491.30,1.5087,-26.9051,81.504,98.413,-0.30000,-6.295,1525.68
1.67050,3998.42,4432.87,1.4954,-26.0791,81.424,98.766,-0.30000,-6.201,1525.90
1.67100,3950.78,4361.63,1.4826,-25.3843,81.306,99.163,-0.30000,-5.937,1526.10
1.67150,3902.15,4281.16,1.4700,-24.8806,81.161,99.592,-0.30000,-5.548,1526.29
1.67200,3852.57,4194.41,1.4577,-24.6100,80.997,100.042,-0.30000,-5.071,1526.46
1.67250,3802.03,4103.88,1.4454,-24.5990,80.823,100.506,-0.30000,-4.539,1526.61
1.67300,3750.56,4011.71,1.4330,-24.8607,80.644,100.976,-0.30000,-3.983,1526.74
1.67350,3698.16,3919.78,1.4205,-25.3961,80.467,101.446,-0.30000,-3.430,1526.85
1.67400,3644.84,3829.71,1.4076,-26.1955,80.296,101.912,-0.30000,-2.904,1526.95
1.67450,3590.63,3742.91,1.3942,-27.2396,80.137,102.370,-0.30000,-2.428,1527.02
1.67500,3535.53,3660.58,1.3803,-28.5008,79.992,102.816,-0.30000,-2.026,1527.08
1.67550,3479.56,3583.69,1.3657,-29.9445,79.867,103.247,-0.30000,-1.714,1527.14
1.67600,3422.74,3513.03,1.3503,-31.5304,79.762,103.662,-0.30000,-1.511,1527.18
1.67650,3365.06,3449.15,1.3341,-33.2138,79.681,104.058,-0.30000,-1.431,1527.22
1.67700,3306.56,3392.39,1.3171,-34.9472,79.623,104.435,-0.30000,-1.487,1527.27
1.67750,3247.24,3342.85,1.2992,-36.6817,79.590,104.793,-0.30000,-1.687,1527.31
1.67800,3187.12,3300.46,1.2804,-38.3682,79.581,105.131,-0.30000,-2.037,1527.37
1.67850,3126.21,3264.91,1.2608,-39.9593,79.595,105.450,-0.30000,-2.540,1527.44
1.67900,3064.54,3235.70,1.2405,-41.4101,79.630,105.753,-0.30000,-3.197,1527.53
1.67950,3002.10,3212.16,1.2195,-42.6800,79.684,106.039,-0.30000,-4.002,1527.63
1.68000,2938.93,3193.47,1.1978,-43.7334,79.755,106.312,-0.30000,-4.950,1527.76
1.68050,2875.03,3178.67,1.1758,-44.5408,79.838,106.575,-0.30000,-6.029,1527.91
1.68100,2810.42,3166.70,1.1534,-45.0798,79.931,106.829,-0.30000,-7.225,1528.09
1.68150,2745.11,3156.43,1.1307,-45.3354,80.029,107.077,-0.30000,-8.522,1528.29
1.68200,2679.13,3146.69,1.1081,-45.3006,80.128,107.324,-0.30000,-9.899,1528.53
1.68250,2612.49,3136.30,1.0855,-44.9762,80.224,107.571,-0.30000,-11.338,1528.79
1.68300,2545.21,3124.12,1.0631,-44.3714,80.314,107.822,-0.30000,-12.814,1529.08
1.68350,2477.29,3109.03,1.0412,-43.5028,80.393,108.080,-0.30000,-14.306,1529.39
1.68400,2408.77,3090.05,1.0197,-42.3943,80.458,108.346,-0.30000,-15.793,1529.74
1.68450,2339.65,3066.28,0.9988,-41.0764,80.506,108.625,-0.30000,-17.253,1530.10
1.68500,2269.95,3036.96,0.9786,-39.5850,80.535,108.916,-0.30000,-18.670,1530.48
1.68550,2199.70,3001.50,0.9592,-37.9609,80.541,109.223,-0.30000,-20.027,1530.88
1.68600,2128.90,2959.49,0.9407,-36.2483,80.525,109.546,-0.30000,-21.313,1531.30
1.68650,2057.57,2910.69,0.9230,-34.4933,80.484,109.885,-0.30000,-22.520,1531.73
1.68700,1985.74,2855.07,0.9062,-32.7434,80.420,110.241,-0.30000,-23.643,1532.16
1.68750,1913.42,2792.77,0.8902,-31.0453,80.332,110.613,-0.30000,-24.682,1532.60
1.68800,1840.62,2724.13,0.8751,-29.4444,80.221,111.000,-0.30000,-25.641,1533.04
1.68850,1767.37,2649.67,0.8608,-27.9828,80.090,111.402,-0.30000,-26.529,1533.48
1.68900,1693.69,2570.05,0.8471,-26.6989,79.940,111.816,-0.30000,-27.358,1533.92
1.68950,1619.59,2486.10,0.8340,-25.6256,79.774,112.240,-0.30000,-28.148,1534.35
1.69000,1545.08,2398.74,0.8214,-24.7902,79.597,112.672,-0.30000,-28.921,1534.78
1.69050,1470.20,2309.01,0.8092,-24.2130,79.410,113.108,-0.30000,-29.706,1535.20
1.69100,1394.96,2217.98,0.7972,-23.9070,79.218,113.548,-0.30000,-30.541,1535.61
1.69150,1319.37,2126.78,0.7853,-23.8779,79.026,113.986,-0.30000,-31.465,1536.02
1.69200,1243.45,2036.53,0.7733,-24.1234,78.835,114.421,-0.30000,-32.530,1536.41
1.69250,1167.23,1948.31,0.7611,-24.6339,78.651,114.850,-0.30000,-33.790,1536.80
1.69300,1090.72,1863.17,0.7486,-25.3923,78.477,115.269,-0.30000,-35.306,1537.19
1.69350,1013.94,1782.04,0.7357,-26.3748,78.317,115.678,-0.30000,-37.145,1537.57
1.69400,936.91,1705.74,0.7222,-27.5517,78.172,116.072,-0.30000,-39.373,1537.96
1.69450,859.65,1634.99,0.7081,-28.8877,78.046,116.452,-0.30000,-42.048,1538.34
1.69500,782.17,1570.30,0.6933,-30.3438,77.940,116.814,-0.30000,-45.217,1538.74
1.69550,704.51,1512.05,0.6777,-31.8774,77.856,117.160,-0.30000,-48.898,1539.14
1.69600,626.67,1460.44,0.6614,-33.4442,77.794,117.487,-0.30000,-53.071,1539.56
1.69650,548.67,1415.47,0.6443,-34.9993,77.755,117.795,-0.30000,-57.667,1539.99
1.69700,470.54,1376.97,0.6264,-36.4982,77.737,118.087,-0.30000,-62.565,1540.45
1.69750,392.30,1344.58,0.6078,-37.8983,77.740,118.361,-0.30000,-67.611,1540.92
1.69800,313.95,1317.81,0.5885,-39.1599,77.761,118.620,-0.30000,-72.633,1541.42
1.69850,235.53,1295.97,0.5687,-40.2474,77.799,118.866,-0.30000,-77.477,1541.95
1.69900,157.05,1278.29,0.5483,-41.1301,77.851,119.100,-0.30000,-82.026,1542.52
1.69950,78.54,1263.85,0.5276,-41.7832,77.914,119.324,-0.30000,-86.209,1543.11
1.70000,0.00,1251.67,0.5066,-42.1884,77.984,119.542,-0.30000,0.000,1543.73
1.70050,-78.54,1240.71,0.4854,-42.3344,78.057,119.756,-0.30000,-86.593,1544.39
1.70100,-157.05,1229.90,0.4643,-42.2170,78.131,119.969,-0.30000,-83.540,1545.09
1.70150,-235.53,1218.17,0.4433,-41.8394,78.201,120.184,-0.30000,-80.797,1545.81
1.70200,-313.95,1204.51,0.4225,-41.2120,78.264,120.402,-0.30000,-78.318,1546.57
1.70250,-392.30,1187.93,0.4021,-40.3520,78.316,120.628,-0.30000,-76.058,1547.36
1.70300,-470.54,1167.56,0.3822,-39.2829,78.355,120.862,-0.30000,-73.973,1548.18
1.70350,-548.67,1142.63,0.3628,-38.0340,78.378,121.108,-0.30000,-72.027,1549.03
1.70400,-626.67,1112.50,0.3442,-36.6394,78.382,121.365,-0.30000,-70.185,1549.90
1.70450,-704.51,1076.69,0.3262,-35.1369,78.366,121.637,-0.30000,-68.420,1550.79
1.70500,-782.17,1034.86,0.3090,-33.5672,78.329,121.924,-0.30000,-66.710,1551.70
1.70550,-859.65,986.87,0.2926,-31.9727,78.270,122.225,-0.30000,-65.036,1552.62
1.70600,-936.91,932.73,0.2771,-30.3961,78.189,122.542,-0.30000,-63.384,1553.55
1.70650,-1013.94,872.64,0.2622,-28.8795,78.087,122.873,-0.30000,-61.744,1554.50
1.70700,-1090.72,806.95,0.2482,-27.4631,77.965,123.217,-0.30000,-60.111,1555.45
1.70750,-1167.23,736.17,0.2348,-26.1842,77.825,123.574,-0.30000,-58.482,1556.40
1.70800,-1243.45,660.95,0.2219,-25.0759,77.670,123.941,-0.30000,-56.858,1557.35
1.70850,-1319.37,582.07,0.2096,-24.1665,77.501,124.317,-0.30000,-55.244,1558.30
1.70900,-1394.96,500.41,0.1977,-23.4787,77.322,124.699,-0.30000,-53.648,1559.25
1.70950,-1470.20,416.90,0.1861,-23.0289,77.136,125.085,-0.30000,-52.079,1560.19
1.71000,-1545.08,332.55,0.1747,-22.8268,76.946,125.472,-0.30000,-50.549,1561.13
1.71050,-1619.59,248.38,0.1633,-22.8751,76.756,125.858,-0.30000,-49.074,1562.07
1.71100,-1693.69,165.38,0.1518,-23.1699,76.570,126.239,-0.30000,-47.665,1562.99
1.71150,-1767.37,84.53,0.1400,-23.7001,76.391,126.614,-0.30000,-46.338,1563.92
1.71200,-1840.62,6.74,0.1280,-24.4484,76.222,126.980,-0.30000,-45.105,1564.84
1.71250,-1913.42,-67.16,0.1156,-25.3914,76.065,127.335,-0.30000,-43.977,1565.77
1.71300,-1985.74,-136.47,0.1026,-26.5006,75.924,127.678,-0.30000,-42.962,1566.69
1.71350,-2057.57,-200.60,0.0890,-27.7429,75.800,128.005,-0.30000,-42.066,1567.62
1.71400,-2128.90,-259.11,0.0748,-29.0820,75.695,128.318,-0.30000,-41.292,1568.56
1.71450,-2199.70,-311.73,0.0600,-30.4787,75.610,128.614,-0.30000,-40.639,1569.50
1.71500,-2269.95,-358.32,0.0444,-31.8928,75.545,128.894,-0.30000,-40.102,1570.46
1.71550,-2339.65,-398.94,0.0281,-33.2836,75.500,129.158,-0.30000,-39.675,1571.43
1.71600,-2408.77,-433.79,0.0111,-34.6112,75.475,129.406,-0.30000,-39.349,1572.41
1.71650,-2477.29,-463.23,-0.0065,-35.8380,75.467,129.639,-0.30000,-39.111,1573.42
1.71700,-2545.21,-487.78,-0.0247,-36.9290,75.476,129.859,-0.30000,-38.950,1574.45
1.71750,-2612.49,-508.07,-0.0434,-37.8535,75.500,130.067,-0.30000,-38.852,1575.50
1.71800,-2679.13,-524.86,-0.0626,-38.5853,75.535,130.265,-0.30000,-38.803,1576.58
1.71850,-2745.11,-538.98,-0.0820,-39.1039,75.578,130.455,-0.30000,-38.787,1577.68
1.71900,-2810.42,-551.35,-0.1016,-39.3945,75.628,130.641,-0.30000,-38.793,1578.81
1.71950,-2875.03,-562.92,-0.1213,-39.4490,75.679,130.823,-0.30000,-38.806,1579.97
1.72000,-2938.93,-574.66,-0.1410,-39.2657,75.730,131.005,-0.30000,-38.816,1581.15
1.72050,-3002.10,-587.51,-0.1606,-38.8497,75.776,131.190,-0.30000,-38.810,1582.36
1.72100,-3064.54,-602.40,-0.1798,-38.2121,75.815,131.379,-0.30000,-38.779,1583.59
1.72150,-3126.21,-620.17,-0.1987,-37.3706,75.844,131.574,-0.30000,-38.716,1584.84
1.72200,-3187.12,-641.60,-0.2172,-36.3480,75.859,131.779,-0.30000,-38.614,1586.11
1.72250,-3247.24,-667.34,-0.2351,-35.1722,75.859,131.994,-0.30000,-38.467,1587.40
1.72300,-3306.56,-697.93,-0.2523,-33.8751,75.842,132.220,-0.30000,-38.271,1588.71
1.72350,-3365.06,-733.75,-0.2689,-32.4920,75.807,132.459,-0.30000,-38.024,1590.02
1.72400,-3422.74,-775.06,-0.2848,-31.0601,75.752,132.712,-0.30000,-37.724,1591.35
1.72450,-3479.56,-821.94,-0.3000,-29.6179,75.677,132.979,-0.30000,-37.372,1592.68
1.72500,-3535.53,-874.34,-0.3144,-28.2039,75.583,133.258,-0.30000,-36.969,1594.01
1.72550,-3590.63,-932.02,-0.3282,-26.8558,75.471,133.551,-0.30000,-36.517,1595.34
1.72600,-3644.84,-994.61,-0.3413,-25.6090,75.340,133.855,-0.30000,-36.022,1596.66
1.72650,-3698.16,-1061.63,-0.3538,-24.4961,75.194,134.170,-0.30000,-35.486,1597.98
1.72700,-3750.56,-1132.43,-0.3658,-23.5459,75.035,134.494,-0.30000,-34.917,1599.29
1.72750,-3802.03,-1206.29,-0.3774,-22.7822,74.864,134.825,-0.30000,-34.322,1600.59
1.72800,-3852.57,-1282.40,-0.3887,-22.2239,74.685,135.161,-0.30000,-33.708,1601.87
1.72850,-3902.15,-1359.88,-0.3997,-21.8839,74.500,135.500,-0.30000,-33.084,1603.14
1.72900,-3950.78,-1437.83,-0.4106,-21.7689,74.314,135.839,-0.30000,-32.459,1604.40
1.72950,-3998.42,-1515.33,-0.4215,-21.8795,74.129,136.175,-0.30000,-31.841,1605.64
1.73000,-4045.08,-1591.48,-0.4325,-22.2100,73.947,136.508,-0.30000,-31.240,1606.87
1.73050,-4090.75,-1665.41,-0.4437,-22.7486,73.773,136.833,-0.30000,-30.663,1608.08
1.73100,-4135.40,-1736.33,-0.4553,-23.4780,73.609,137.151,-0.30000,-30.119,1609.28
1.73150,-4179.04,-1803.53,-0.4672,-24.3754,73.457,137.457,-0.30000,-29.615,1610.47
1.73200,-4221.64,-1866.40,-0.4797,-25.4139,73.319,137.752,-0.30000,-29.157,1611.64
1.73250,-4263.20,-1924.45,-0.4927,-26.5624,73.197,138.033,-0.30000,-28.749,1612.81
1.73300,-4303.71,-1977.33,-0.5062,-27.7874,73.093,138.300,-0.30000,-28.394,1613.98
1.73350,-4343.16,-2024.83,-0.5205,-29.0530,73.007,138.552,-0.30000,-28.093,1615.14
1.73400,-4381.53,-2066.90,-0.5353,-30.3228,72.939,138.790,-0.30000,-27.846,1616.29
1.73450,-4418.83,-2103.61,-0.5508,-31.5601,72.890,139.013,-0.30000,-27.652,1617.45
1.73500,-4455.03,-2135.21,-0.5668,-32.7296,72.857,139.222,-0.30000,-27.507,1618.61
1.73550,-4490.14,-2162.05,-0.5835,-33.7979,72.840,139.418,-0.30000,-27.406,1619.78
1.73600,-4524.14,-2184.65,-0.6006,-34.7347,72.838,139.602,-0.30000,-27.344,1620.94
1.73650,-4557.02,-2203.61,-0.6182,-35.5135,72.848,139.776,-0.30000,-27.313,1622.12
1.73700,-4588.77,-2219.64,-0.6361,-36.1121,72.867,139.942,-0.30000,-27.307,1623.31
1.73750,-4619.40,-2233.52,-0.6543,-36.5136,72.894,140.102,-0.30000,-27.316,1624.50
1.73800,-4648.88,-2246.08,-0.6726,-36.7068,72.924,140.258,-0.30000,-27.332,1625.70
1.73850,-4677.22,-2258.19,-0.6909,-36.6859,72.956,140.412,-0.30000,-27.348,1626.91
1.73900,-4704.40,-2270.72,-0.7092,-36.4515,72.986,140.566,-0.30000,-27.353,1628.13
1.73950,-4730.43,-2284.52,-0.7274,-36.0098,73.011,140.723,-0.30000,-27.342,1629.35
1.74000,-4755.28,-2300.41,-0.7452,-35.3729,73.029,140.885,-0.30000,-27.305,1630.58
1.74050,-4778.97,-2319.11,-0.7627,-34.5580,73.037,141.054,-0.30000,-27.236,1631.81
1.74100,-4801.47,-2341.31,-0.7797,-33.5874,73.032,141.230,-0.30000,-27.130,1633.04
1.74150,-4822.79,-2367.55,-0.7963,-32.4875,73.013,141.417,-0.30000,-26.980,1634.26
1.74200,-4842.92,-2398.28,-0.8122,-31.2879,72.978,141.615,-0.30000,-26.784,1635.49
1.74250,-4861.85,-2433.81,-0.8275,-30.0211,72.925,141.824,-0.30000,-26.538,1636.70
1.74300,-4879.58,-2474.33,-0.8422,-28.7212,72.856,142.046,-0.30000,-26.240,1637.90
1.74350,-4896.11,-2519.85,-0.8563,-27.4230,72.768,142.280,-0.30000,-25.889,1639.09
1.74400,-4911.44,-2570.29,-0.8697,-26.1609,72.664,142.525,-0.30000,-25.486,1640.26
1.74450,-4925.55,-2625.39,-0.8824,-24.9685,72.542,142.782,-0.30000,-25.032,1641.41
1.74500,-4938.44,-2684.79,-0.8946,-23.8770,72.406,143.050,-0.30000,-24.530,1642.54
1.74550,-4950.12,-2748.00,-0.9063,-22.9146,72.256,143.326,-0.30000,-23.982,1643.64
1.74600,-4960.57,-2814.41,-0.9176,-22.1060,72.094,143.610,-0.30000,-23.395,1644.71
1.74650,-4969.80,-2883.35,-0.9285,-21.4714,71.923,143.900,-0.30000,-22.774,1645.76
1.74700,-4977.81,-2954.06,-0.9391,-21.0259,71.746,144.193,-0.30000,-22.124,1646.77
1.74750,-4984.59,-3025.75,-0.9495,-20.7796,71.564,144.488,-0.30000,-21.454,1647.75
1.74800,-4990.13,-3097.59,-0.9599,-20.7367,71.382,144.783,-0.30000,-20.770,1648.69
1.74850,-4994.45,-3168.76,-0.9703,-20.8959,71.201,145.075,-0.30000,-20.080,1649.61
1.74900,-4997.53,-3238.46,-0.9808,-21.2503,71.025,145.363,-0.30000,-19.391,1650.49
1.74950,-4999.38,-3305.93,-0.9916,-21.7877,70.856,145.643,-0.30000,-18.713,1651.33
1.75000,-5000.00,-3370.46,-1.0026,-22.4909,70.697,145.916,-0.30000,-18.051,1652.15
1.75050,-4999.38,-3431.46,-1.0141,-23.3381,70.550,146.179,-0.30000,-17.413,1652.93
1.75100,-4997.53,-3488.40,-1.0260,-24.3038,70.416,146.430,-0.30000,-16.803,1653.69
1.75150,-4994.45,-3540.89,-1.0384,-25.3593,70.297,146.669,-0.30000,-16.227,1654.41
1.75200,-4990.13,-3588.64,-1.0514,-26.4736,70.194,146.895,-0.30000,-15.688,1655.11
1.75250,-4984.59,-3631.53,-1.0649,-27.6143,70.107,147.108,-0.30000,-15.187,1655.79
1.75300,-4977.81,-3669.52,-1.0790,-28.7483,70.037,147.307,-0.30000,-14.726,1656.44
1.75350,-4969.80,-3702.75,-1.0936,-29.8430,69.983,147.494,-0.30000,-14.303,1657.08
1.75400,-4960.57,-3731.45,-1.1088,-30.8670,69.944,147.668,-0.30000,-13.916,1657.69
1.75450,-4950.12,-3756.02,-1.1245,-31.7911,69.919,147.831,-0.30000,-13.562,1658.29
1.75500,-4938.44,-3776.92,-1.1406,-32.5891,69.906,147.984,-0.30000,-13.235,1658.87
1.75550,-4925.55,-3794.74,-1.1570,-33.2381,69.903,148.128,-0.30000,-12.930,1659.44
1.75600,-4911.44,-3810.13,-1.1738,-33.7198,69.909,148.266,-0.30000,-12.639,1659.99
1.75650,-4896.11,-3823.82,-1.1907,-34.0206,69.920,148.398,-0.30000,-12.353,1660.52
1.75700,-4879.58,-3836.57,-1.2078,-34.1318,69.934,148.528,-0.30000,-12.065,1661.04
1.75750,-4861.85,-3849.15,-1.2248,-34.0501,69.948,148.656,-0.30000,-11.766,1661.55
1.75800,-4842.92,-3862.35,-1.2418,-33.7776,69.960,148.786,-0.30000,-11.446,1662.04
1.75850,-4822.79,-3876.93,-1.2586,-33.3215,69.966,148.918,-0.30000,-11.096,1662.51
1.75900,-4801.47,-3893.60,-1.2751,-32.6943,69.966,149.056,-0.30000,-10.707,1662.97
1.75950,-4778.97,-3913.00,-1.2913,-31.9129,69.955,149.200,-0.30000,-10.271,1663.40
1.76000,-4755.28,-3935.70,-1.3070,-30.9986,69.933,149.352,-0.30000,-9.779,1663.81
1.76050,-4730.43,-3962.17,-1.3222,-29.9760,69.897,149.513,-0.30000,-9.225,1664.19
1.76100,-4704.40,-3992.78,-1.3370,-28.8729,69.847,149.684,-0.30000,-8.602,1664.55
1.76150,-4677.22,-4027.76,-1.3511,-27.7189,69.781,149.866,-0.30000,-7.905,1664.88
1.76200,-4648.88,-4067.23,-1.3647,-26.5448,69.699,150.059,-0.30000,-7.132,1665.17
1.76250,-4619.40,-4111.20,-1.3776,-25.3821,69.602,150.263,-0.30000,-6.278,1665.42
1.76300,-4588.77,-4159.51,-1.3901,-24.2615,69.489,150.478,-0.30000,-5.344,1665.64
1.76350,-4557.02,-4211.92,-1.4019,-23.2126,69.362,150.702,-0.30000,-4.331,1665.81
1.76400,-4524.14,-4268.06,-1.4133,-22.2626,69.221,150.935,-0.30000,-3.240,1665.94
1.76450,-4490.14,-4327.45,-1.4242,-21.4360,69.069,151.177,-0.30000,-2.075,1666.02
1.76500,-4455.03,-4389.53,-1.4347,-20.7538,68.907,151.424,-0.30000,-0.842,1666.05
1.76550,-4418.83,-4453.67,-1.4450,-20.2326,68.737,151.676,0.30000,0.452,1666.07
1.76600,-4381.53,-4465.74,-1.4550,-19.7932,68.726,151.758,0.30000,1.101,1666.11
1.76650,-4343.16,-4394.00,-1.4647,-19.0441,68.972,151.570,0.30000,0.671,1666.13
1.76700,-4303.71,-4278.86,-1.4739,-17.6825,69.344,151.230,-0.30000,-0.331,1666.15
1.76750,-4263.20,-4177.86,-1.4823,-15.6025,69.671,150.934,-0.30000,-1.147,1666.19
1.76800,-4221.64,-4129.20,-1.4895,-13.0420,69.838,150.807,-0.30000,-1.254,1666.24
1.76850,-4179.04,-4130.96,-1.4953,-10.2886,69.847,150.836,-0.30000,-0.659,1666.26
1.76900,-4135.40,-4172.03,-1.4998,-7.6108,69.730,150.984,0.30000,0.508,1666.28
1.76950,-4090.75,-4189.57,-1.5029,-5.1643,69.682,151.049,0.30000,1.384,1666.33
1.77000,-4045.08,-4154.46,-1.5049,-2.8118,69.791,150.938,0.30000,1.549,1666.38
1.77050,-3998.42,-4071.61,-1.5058,-0.5015,70.026,150.640,0.30000,1.049,1666.42
1.77100,-3950.78,-3942.10,-1.5054,1.8995,70.384,150.158,-0.30000,-0.126,1666.42
1.77150,-3902.15,-3864.36,-1.5038,4.4511,70.592,149.857,-0.30000,-0.555,1666.44
1.77200,-3852.57,-3872.80,-1.5010,6.8462,70.553,149.862,0.30000,0.301,1666.45
1.77250,-3802.03,-3887.08,-1.4970,8.9940,70.492,149.880,0.30000,1.281,1666.49
1.77300,-3750.56,-3852.94,-1.4920,11.0606,70.561,149.709,0.30000,1.564,1666.55
1.77350,-3698.16,-3771.14,-1.4859,13.3182,70.756,149.352,0.30000,1.131,1666.58
1.77400,-3644.84,-3659.08,-1.4786,15.9533,71.027,148.871,0.30000,0.224,1666.59
1.77450,-3590.63,-3530.14,-1.4699,19.0674,71.338,148.314,-0.30000,-0.965,1666.62
1.77500,-3535.53,-3475.76,-1.4595,22.5575,71.433,148.019,-0.30000,-0.969,1666.65
1.77550,-3479.56,-3541.28,-1.4474,25.8115,71.186,148.154,0.30000,1.016,1666.68
1.77600,-3422.74,-3621.37,-1.4338,28.4604,70.891,148.330,0.30000,3.321,1666.78
1.77650,-3365.06,-3649.04,-1.4190,30.6160,70.735,148.300,0.30000,4.824,1666.92
1.77700,-3306.56,-3633.64,-1.4032,32.5152,70.693,148.101,0.30000,5.649,1667.09
1.77750,-3247.24,-3589.13,-1.3865,34.3225,70.726,147.786,0.30000,6.010,1667.26
1.77800,-3187.12,-3525.89,-1.3689,36.1428,70.807,147.394,0.30000,6.067,1667.43
1.77850,-3126.21,-3451.64,-1.3504,38.0357,70.914,146.953,0.30000,5.943,1667.59
1.77900,-3064.54,-3372.14,-1.3308,40.0268,71.030,146.484,0.30000,5.732,1667.74
1.77950,-3002.10,-3291.64,-1.3103,42.1160,71.143,146.003,0.30000,5.509,1667.89
1.78000,-2938.93,-3213.25,-1.2887,44.2845,71.246,145.520,0.30000,5.333,1668.02
1.78050,-2875.03,-3139.20,-1.2660,46.4994,71.331,145.044,0.30000,5.250,1668.16
1.78100,-2810.42,-3070.97,-1.2422,48.7183,71.393,144.581,0.30000,5.297,1668.29
1.78150,-2745.11,-3009.47,-1.2173,50.8932,71.432,144.133,0.30000,5.501,1668.42
1.78200,-2679.13,-2955.10,-1.1913,52.9731,71.446,143.702,0.30000,5.881,1668.56
1.78250,-2612.49,-2907.86,-1.1644,54.9066,71.434,143.289,0.30000,6.451,1668.70
1.78300,-2545.21,-2867.40,-1.1365,56.6447,71.400,142.894,0.30000,7.215,1668.87
1.78350,-2477.29,-2833.06,-1.1078,58.1424,71.344,142.516,0.30000,8.173,1669.04
1.78400,-2408.77,-2803.96,-1.0784,59.3604,71.271,142.151,0.30000,9.317,1669.24
1.78450,-2339.65,-2779.00,-1.0484,60.2664,71.183,141.797,0.30000,10.635,1669.46
1.78500,-2269.95,-2756.94,-1.0182,60.8366,71.086,141.452,0.30000,12.109,1669.70
1.78550,-2199.70,-2736.45,-0.9877,61.0558,70.985,141.111,0.30000,13.713,1669.97
1.78600,-2128.90,-2716.15,-0.9572,60.9187,70.883,140.772,0.30000,15.421,1670.27
1.78650,-2057.57,-2694.61,-0.9268,60.4295,70.785,140.431,0.30000,17.203,1670.58
1.78700,-1985.74,-2670.47,-0.8968,59.6018,70.698,140.083,0.30000,19.026,1670.93
1.78750,-1913.42,-2642.44,-0.8673,58.4587,70.624,139.727,0.30000,20.857,1671.29
1.78800,-1840.62,-2609.33,-0.8384,57.0317,70.568,139.358,0.30000,22.667,1671.68
1.78850,-1767.37,-2570.09,-0.8103,55.3599,70.534,138.975,0.30000,24.427,1672.08
1.78900,-1693.69,-2523.86,-0.7831,53.4890,70.525,138.574,0.30000,26.112,1672.49
1.78950,-1619.59,-2469.97,-0.7568,51.4700,70.543,138.155,0.30000,27.702,1672.92
1.79000,-1545.08,-2407.97,-0.7316,49.3578,70.589,137.715,0.30000,29.182,1673.35
1.79050,-1470.20,-2337.63,-0.7075,47.2094,70.665,137.255,0.30000,30.541,1673.78
1.79100,-1394.96,-2258.96,-0.6844,45.0828,70.770,136.775,0.30000,31.773,1674.21
1.79150,-1319.37,-2172.20,-0.6624,43.0348,70.904,136.275,0.30000,32.879,1674.64
1.79200,-1243.45,-2077.82,-0.6413,41.1200,71.064,135.756,0.30000,33.862,1675.06
1.79250,-1167.23,-1976.50,-0.6212,39.3891,71.250,135.220,0.30000,34.735,1675.46
1.79300,-1090.72,-1869.11,-0.6019,37.8872,71.457,134.670,0.30000,35.514,1675.85
1.79350,-1013.94,-1756.68,-0.5833,36.6530,71.681,134.108,0.30000,36.224,1676.22
1.79400,-936.91,-1640.38,-0.5652,35.7178,71.920,133.537,0.30000,36.901,1676.58
1.79450,-859.65,-1521.50,-0.5475,35.1040,72.169,132.961,0.30000,37.593,1676.91
1.79500,-782.17,-1401.38,-0.5300,34.8256,72.423,132.383,0.30000,38.367,1677.22
1.79550,-704.51,-1281.40,-0.5126,34.8867,72.676,131.806,0.30000,39.313,1677.50
1.79600,-626.67,-1162.92,-0.4951,35.2824,72.926,131.234,0.30000,40.554,1677.77
1.79650,-548.67,-1047.26,-0.4773,35.9982,73.166,130.671,0.30000,42.262,1678.02
1.79700,-470.54,-935.68,-0.4590,37.0112,73.393,130.119,0.30000,44.669,1678.25
1.79750,-392.30,-829.29,-0.4402,38.2901,73.603,129.582,0.30000,48.085,1678.47
1.79800,-313.95,-729.07,-0.4207,39.7965,73.792,129.062,0.30000,52.900,1678.68
1.79850,-235.53,-635.83,-0.4004,41.4858,73.958,128.561,0.30000,59.528,1678.88
1.79900,-157.05,-550.18,-0.3792,43.3087,74.098,128.081,0.30000,68.223,1679.08
1.79950,-78.54,-472.52,-0.3571,45.2124,74.211,127.623,0.30000,78.726,1679.27
1.80000,-0.00,-403.04,-0.3340,47.1419,74.297,127.187,0.30000,0.000,1679.48
1.80050,78.54,-341.68,-0.3099,49.0420,74.355,126.773,0.30000,79.414,1679.69
1.80100,157.05,-288.19,-0.2850,50.8586,74.387,126.380,0.30000,70.570,1679.91
1.80150,235.53,-242.08,-0.2591,52.5399,74.394,126.007,0.30000,63.750,1680.15
1.80200,313.95,-202.68,-0.2325,54.0383,74.378,125.653,0.30000,58.713,1680.41
1.80250,392.30,-169.13,-0.2051,55.3115,74.343,125.315,0.30000,55.056,1680.69
1.80300,470.54,-140.41,-0.1772,56.3235,74.292,124.990,0.30000,52.397,1680.99
1.80350,548.67,-115.39,-0.1488,57.0459,74.228,124.675,0.30000,50.435,1681.32
1.80400,626.67,-92.82,-0.1202,57.4581,74.157,124.368,0.30000,48.944,1681.68
1.80450,704.51,-71.42,-0.0914,57.5487,74.082,124.065,0.30000,47.762,1682.07
1.80500,782.17,-49.87,-0.0627,57.3147,74.008,123.762,0.30000,46.770,1682.49
1.80550,859.65,-26.87,-0.0342,56.7625,73.940,123.456,0.30000,45.882,1682.93
1.80600,936.91,-1.15,-0.0060,55.9072,73.881,123.145,0.30000,45.035,1683.40
1.80650,1013.94,28.44,0.0217,54.7720,73.837,122.824,0.30000,44.185,1683.89
1.80700,1090.72,62.98,0.0487,53.3880,73.810,122.491,0.30000,43.297,1684.41
1.80750,1167.23,103.36,0.0750,51.7929,73.803,122.144,0.30000,42.348,1684.94
1.80800,1243.45,150.33,0.1005,50.0301,73.820,121.781,0.30000,41.319,1685.48
1.80850,1319.37,204.45,0.1251,48.1474,73.863,121.400,0.30000,40.199,1686.04
1.80900,1394.96,266.07,0.1486,46.1958,73.931,121.001,0.30000,38.982,1686.61
1.80950,1470.20,335.32,0.1712,44.2279,74.027,120.584,0.30000,37.665,1687.17
1.81000,1545.08,412.14,0.1929,42.2964,74.149,120.147,0.30000,36.251,1687.74
1.81050,1619.59,496.23,0.2136,40.4528,74.297,119.693,0.30000,34.746,1688.30
1.81100,1693.69,587.10,0.2334,38.7462,74.469,119.223,0.30000,33.159,1688.86
1.81150,1767.37,684.08,0.2523,37.2212,74.663,118.737,0.30000,31.506,1689.40
1.81200,1840.62,786.33,0.2706,35.9174,74.875,118.240,0.30000,29.804,1689.92
1.81250,1913.42,892.85,0.2883,34.8683,75.103,117.732,0.30000,28.074,1690.43
1.81300,1985.74,1002.53,0.3055,34.0998,75.343,117.217,0.30000,26.342,1690.93
1.81350,2057.57,1114.18,0.3224,33.6302,75.590,116.698,0.30000,24.631,1691.40
1.81400,2128.90,1226.57,0.3392,33.4692,75.840,116.178,0.30000,22.969,1691.85
1.81450,2199.70,1338.43,0.3560,33.6182,76.089,115.661,0.30000,21.382,1692.28
1.81500,2269.95,1448.53,0.3729,34.0698,76.332,115.150,0.30000,19.894,1692.69
1.81550,2339.65,1555.66,0.3901,34.8084,76.567,114.647,0.30000,18.525,1693.08
1.81600,2408.77,1658.73,0.4077,35.8103,76.787,114.156,0.30000,17.296,1693.46
1.81650,2477.29,1756.75,0.4259,37.0450,76.991,113.679,0.30000,16.218,1693.82
1.81700,2545.21,1848.86,0.4448,38.4753,77.175,113.218,0.30000,15.301,1694.17
1.81750,2612.49,1934.40,0.4644,40.0591,77.337,112.776,0.30000,14.550,1694.50
1.81800,2679.13,2012.86,0.4849,41.7501,77.476,112.352,0.30000,13.966,1694.84
1.81850,2745.11,2083.93,0.5062,43.4993,77.589,111.949,0.30000,13.542,1695.17
1.81900,2810.42,2147.52,0.5284,45.2562,77.677,111.566,0.30000,13.272,1695.50
1.81950,2875.03,2203.73,0.5514,46.9705,77.741,111.203,0.30000,13.143,1695.84
1.82000,2938.93,2252.86,0.5753,48.5933,77.780,110.860,0.30000,13.140,1696.18
1.82050,3002.10,2295.42,0.6000,50.0784,77.797,110.534,0.30000,13.246,1696.53
1.82100,3064.54,2332.08,0.6254,51.3836,77.795,110.224,0.30000,13.442,1696.90
1.82150,3126.21,2363.66,0.6514,52.4720,77.775,109.929,0.30000,13.708,1697.28
1.82200,3187.12,2391.15,0.6778,53.3128,77.742,109.644,0.30000,14.023,1697.68
1.82250,3247.24,2415.60,0.7046,53.8822,77.699,109.369,0.30000,14.365,1698.09
1.82300,3306.56,2438.17,0.7317,54.1642,77.650,109.099,0.30000,14.715,1698.53
1.82350,3365.06,2460.04,0.7587,54.1505,77.599,108.832,0.30000,15.053,1698.98
1.82400,3422.74,2482.44,0.7858,53.8412,77.551,108.564,0.30000,15.361,1699.45
1.82450,3479.56,2506.52,0.8125,53.2448,77.508,108.293,0.30000,15.623,1699.94
1.82500,3535.53,2533.42,0.8390,52.3773,77.476,108.015,0.30000,15.825,1700.44
1.82550,3590.63,2564.19,0.8649,51.2623,77.458,107.728,0.30000,15.953,1700.95
1.82600,3644.84,2599.73,0.8902,49.9303,77.456,107.429,0.30000,16.000,1701.47
1.82650,3698.16,2640.85,0.9148,48.4174,77.475,107.117,0.30000,15.955,1702.00
1.82700,3750.56,2688.16,0.9386,46.7647,77.515,106.790,0.30000,15.815,1702.53
1.82750,3802.03,2742.12,0.9615,45.0169,77.578,106.446,0.30000,15.577,1703.06
1.82800,3852.57,2802.98,0.9836,43.2212,77.667,106.086,0.30000,15.240,1703.59
1.82850,3902.15,2870.81,1.0047,41.4257,77.779,105.708,0.30000,14.805,1704.10
1.82900,3950.78,2945.48,1.0250,39.6785,77.916,105.314,0.30000,14.276,1704.61
1.82950,3998.42,3026.66,1.0444,38.0260,78.076,104.904,0.30000,13.660,1705.09
1.83000,4045.08,3113.85,1.0631,36.5118,78.257,104.479,0.30000,12.964,1705.56
1.83050,4090.75,3206.39,1.0810,35.1754,78.457,104.042,0.30000,12.199,1706.00
1.83100,4135.40,3303.46,1.0983,34.0513,78.673,103.593,0.30000,11.375,1706.42
1.83150,4179.04,3404.11,1.1151,33.1679,78.903,103.137,0.30000,10.505,1706.80
1.83200,4221.64,3507.31,1.1315,32.5468,79.141,102.675,0.30000,9.604,1707.16
1.83250,4263.20,3611.95,1.1477,32.2022,79.386,102.210,0.30000,8.685,1707.49
1.83300,4303.71,3716.90,1.1637,32.1407,79.632,101.746,0.30000,7.764,1707.78
1.83350,4343.16,3820.99,1.1799,32.3609,79.876,101.284,0.30000,6.856,1708.04
1.83400,4381.53,3923.11,1.1961,32.8536,80.113,100.829,0.30000,5.973,1708.27
1.83450,4418.83,4022.19,1.2127,33.6023,80.341,100.383,0.30000,5.129,1708.47
1.83500,4455.03,4117.27,1.2298,34.5833,80.555,99.948,0.30000,4.336,1708.64
1.83550,4490.14,4207.46,1.2474,35.7667,80.753,99.527,0.30000,3.602,1708.78
1.83600,4524.14,4292.05,1.2656,37.1171,80.933,99.121,0.30000,2.937,1708.89
1.83650,4557.02,4370.47,1.2845,38.5946,81.092,98.732,0.30000,2.344,1708.99
1.83700,4588.77,4442.31,1.3042,40.1561,81.228,98.361,0.30000,1.828,1709.06
1.83750,4619.40,4507.36,1.3247,41.7563,81.342,98.009,0.30000,1.389,1709.12
1.83800,4648.88,4565.58,1.3459,43.3491,81.433,97.675,0.30000,1.027,1709.16
1.83850,4677.22,4617.13,1.3680,44.8888,81.501,97.359,0.30000,0.736,1709.19
1.83900,4704.40,4662.35,1.3908,46.3313,81.548,97.060,0.30000,0.512,1709.21
1.83950,4730.43,4701.74,1.4143,47.6357,81.575,96.778,0.30000,0.347,1709.22
1.84000,4755.28,4735.96,1.4384,48.7648,81.585,96.509,0.30000,0.233,1709.23
1.84050,4778.97,4765.82,1.4630,49.6866,81.581,96.253,0.30000,0.158,1709.24
1.84100,4801.47,4792.23,1.4881,50.3749,81.565,96.006,0.30000,0.110,1709.25
1.84150,4822.79,4816.20,1.5134,50.8103,81.541,95.766,0.30000,0.078,1709.25
1.84200,4842.92,4838.79,1.5388,50.9802,81.512,95.531,0.30000,0.049,1709.25
1.84250,4861.85,4861.08,1.5643,50.8797,81.484,95.297,0.30000,0.009,1709.25
1.84300,4879.58,4884.19,1.5897,50.5111,81.458,95.061,-0.30000,-0.054,1709.25
1.84350,4896.11,4837.08,1.6148,49.7610,81.223,95.063,0.30000,0.691,1709.28
1.84400,4911.44,4750.55,1.6393,48.2312,80.873,95.201,0.30000,1.876,1709.36
1.84450,4925.55,4704.98,1.6629,46.0161,80.649,95.207,0.30000,2.564,1709.47
1.84500,4938.44,4693.25,1.6852,43.3192,80.531,95.109,0.30000,2.842,1709.60
1.84550,4950.12,4710.11,1.7062,40.3166,80.505,94.923,0.30000,2.776,1709.72
1.84600,4960.57,4751.53,1.7255,37.1635,80.557,94.666,0.30000,2.413,1709.82
1.84650,4969.80,4814.29,1.7433,33.9982,80.680,94.348,0.30000,1.792,1709.90
1.84700,4977.81,4895.61,1.7595,30.9437,80.865,93.978,0.30000,0.946,1709.94
1.84750,4984.59,4992.94,1.7743,28.1092,81.103,93.564,-0.30000,-0.096,1709.94
1.84800,4990.13,5031.98,1.7877,25.4662,81.171,93.352,-0.30000,-0.480,1709.96
1.84850,4994.45,4969.50,1.7997,22.5588,80.940,93.487,0.30000,0.286,1709.98
1.84900,4997.53,4910.63,1.8102,19.1210,80.725,93.619,0.30000,0.996,1710.02
1.84950,4999.38,4922.80,1.8188,15.4349,80.730,93.526,0.30000,0.878,1710.06
1.85000,5000.00,4991.12,1.8256,11.8529,80.910,93.257,0.30000,0.102,1710.06
1.85050,4999.38,5102.59,1.8307,8.6671,81.226,92.856,-0.30000,-1.183,1710.11
1.85100,4997.53,5174.70,1.8344,6.0108,81.430,92.593,-0.30000,-2.030,1710.20
1.85150,4994.45,5167.29,1.8368,3.6002,81.398,92.603,-0.30000,-1.982,1710.29
1.85200,4990.13,5121.21,1.8380,1.3266,81.268,92.769,-0.30000,-1.505,1710.36
1.85250,4984.59,5036.43,1.8381,-0.8822,81.040,93.096,-0.30000,-0.596,1710.38
1.85300,4977.81,4926.73,1.8371,-3.1533,80.752,93.530,0.30000,0.588,1710.41
1.85350,4969.80,4868.79,1.8349,-5.5527,80.610,93.777,0.30000,1.164,1710.46
1.85400,4960.57,4896.57,1.8316,-7.7798,80.707,93.706,0.30000,0.739,1710.49
1.85450,4950.12,4984.25,1.8272,-9.5942,80.985,93.440,-0.30000,-0.395,1710.51
1.85500,4938.44,5057.71,1.8221,-10.8442,81.224,93.226,-0.30000,-1.383,1710.57
1.85550,4925.55,5085.44,1.8164,-11.7582,81.334,93.178,-0.30000,-1.859,1710.65
1.85600,4911.44,5064.55,1.8103,-12.5643,81.316,93.322,-0.30000,-1.786,1710.72
1.85650,4896.11,5009.03,1.8038,-13.4670,81.207,93.603,-0.30000,-1.321,1710.78
1.85700,4879.58,4930.57,1.7968,-14.6026,81.039,93.978,-0.30000,-0.599,1710.80
1.85750,4861.85,4838.15,1.7892,-16.0541,80.838,94.412,0.30000,0.279,1710.82
1.85800,4842.92,4804.89,1.7807,-17.7493,80.801,94.628,0.30000,0.450,1710.84
1.85850,4822.79,4868.78,1.7715,-19.2061,81.030,94.477,-0.30000,-0.546,1710.86
1.85900,4801.47,4940.77,1.7616,-20.1366,81.285,94.302,-0.30000,-1.662,1710.93
1.85950,4778.97,4964.28,1.7514,-20.6727,81.412,94.317,-0.30000,-2.221,1711.02
1.86000,4755.28,4948.51,1.7410,-21.0392,81.433,94.484,-0.30000,-2.327,1711.12
1.86050,4730.43,4904.89,1.7304,-21.3999,81.381,94.760,-0.30000,-2.112,1711.20
1.86100,4704.40,4842.11,1.7196,-21.8686,81.277,95.112,-0.30000,-1.677,1711.27
1.86150,4677.22,4766.83,1.7085,-22.5198,81.142,95.513,-0.30000,-1.098,1711.32
1.86200,4648.88,4684.24,1.6970,-23.3973,80.989,95.946,-0.30000,-0.436,1711.34
1.86250,4619.40,4598.42,1.6850,-24.5202,80.830,96.396,0.30000,0.260,1711.35
1.86300,4588.77,4578.38,1.6725,-25.7747,80.852,96.601,0.30000,0.130,1711.35
1.86350,4557.02,4663.22,1.6593,-26.6532,81.162,96.409,-0.30000,-1.335,1711.40
1.86400,4524.14,4757.39,1.6459,-26.8291,81.498,96.185,-0.30000,-2.951,1711.52
1.86450,4490.14,4799.04,1.6326,-26.4669,81.691,96.160,-0.30000,-3.936,1711.68
1.86500,4455.03,4799.81,1.6195,-25.8061,81.772,96.289,-0.30000,-4.425,1711.85
1.86550,4418.83,4769.96,1.6068,-25.0294,81.768,96.530,-0.30000,-4.543,1712.02
1.86600,4381.53,4717.29,1.5945,-24.2752,81.699,96.854,-0.30000,-4.382,1712.19
1.86650,4343.16,4647.85,1.5825,-23.6475,81.583,97.239,-0.30000,-4.013,1712.34
1.86700,4303.71,4566.46,1.5708,-23.2220,81.432,97.666,-0.30000,-3.494,1712.48
1.86750,4263.20,4476.99,1.5592,-23.0512,81.258,98.122,-0.30000,-2.871,1712.58
1.86800,4221.64,4382.67,1.5477,-23.1682,81.070,98.595,-0.30000,-2.184,1712.66
1.86850,4179.04,4286.21,1.5360,-23.5887,80.878,99.078,-0.30000,-1.469,1712.72
1.86900,4135.40,4189.92,1.5240,-24.3141,80.687,99.562,-0.30000,-0.755,1712.74
1.86950,4090.75,4095.78,1.5116,-25.3323,80.504,100.042,-0.30000,-0.070,1712.75
1.87000,4045.08,4005.46,1.4987,-26.6205,80.335,100.513,0.30000,0.561,1712.77
1.87050,3998.42,3985.45,1.4850,-28.0342,80.361,100.724,0.30000,0.186,1712.77
1.87100,3950.78,4074.51,1.4707,-29.0469,80.689,100.527,-0.30000,-1.794,1712.83
1.87150,3902.15,4175.44,1.4561,-29.3059,81.050,100.288,-0.30000,-4.006,1712.97
1.87200,3852.57,4224.90,1.4415,-28.9742,81.271,100.244,-0.30000,-5.520,1713.16
1.87250,3802.03,4235.04,1.4272,-28.2818,81.382,100.345,-0.30000,-6.497,1713.37
1.87300,3750.56,4215.39,1.4132,-27.4058,81.410,100.555,-0.30000,-7.065,1713.61
1.87350,3698.16,4173.15,1.3998,-26.4829,81.373,100.846,-0.30000,-7.319,1713.84
1.87400,3644.84,4113.87,1.3868,-25.6187,81.287,101.196,-0.30000,-7.333,1714.08
1.87450,3590.63,4041.90,1.3741,-24.8931,81.163,101.590,-0.30000,-7.163,1714.30
1.87500,3535.53,3960.78,1.3618,-24.3658,81.013,102.014,-0.30000,-6.859,1714.52
1.87550,3479.56,3873.44,1.3497,-24.0784,80.843,102.460,-0.30000,-6.458,1714.71
1.87600,3422.74,3782.36,1.3377,-24.0576,80.663,102.919,-0.30000,-5.998,1714.89
1.87650,3365.06,3689.69,1.3256,-24.3162,80.479,103.384,-0.30000,-5.510,1715.06
1.87700,3306.56,3597.31,1.3133,-24.8550,80.296,103.849,-0.30000,-5.025,1715.20
1.87750,3247.24,3506.85,1.3007,-25.6639,80.120,104.309,-0.30000,-4.571,1715.33
1.87800,3187.12,3419.75,1.2876,-26.7232,79.955,104.761,-0.30000,-4.175,1715.45
1.87850,3126.21,3337.20,1.2740,-28.0047,79.806,105.201,-0.30000,-3.861,1715.55
1.87900,3064.54,3260.21,1.2596,-29.4732,79.676,105.626,-0.30000,-3.653,1715.65
1.87950,3002.10,3189.57,1.2445,-31.0876,79.568,106.033,-0.30000,-3.573,1715.74
1.88000,2938.93,3125.83,1.2285,-32.8024,79.483,106.423,-0.30000,-3.639,1715.84
1.88050,2875.03,3069.34,1.2117,-34.5693,79.422,106.792,-0.30000,-3.867,1715.93
1.88100,2810.42,3020.23,1.1939,-36.3381,79.386,107.142,-0.30000,-4.270,1716.04
1.88150,2745.11,2978.40,1.1753,-38.0592,79.375,107.472,-0.30000,-4.857,1716.16
1.88200,2679.13,2943.54,1.1559,-39.6838,79.387,107.783,-0.30000,-5.636,1716.29
1.88250,2612.49,2915.16,1.1357,-41.1665,79.422,108.076,-0.30000,-6.609,1716.44
1.88300,2545.21,2892.58,1.1147,-42.4655,79.475,108.354,-0.30000,-7.772,1716.61
1.88350,2477.29,2874.94,1.0932,-43.5445,79.545,108.618,-0.30000,-9.119,1716.81
1.88400,2408.77,2861.29,1.0712,-44.3735,79.629,108.870,-0.30000,-10.640,1717.04
1.88450,2339.65,2850.55,1.0489,-44.9293,79.721,109.114,-0.30000,-12.318,1717.29
1.88500,2269.95,2841.55,1.0264,-45.1966,79.820,109.353,-0.30000,-14.134,1717.58
1.88550,2199.70,2833.12,1.0038,-45.1679,79.919,109.590,-0.30000,-16.064,1717.90
1.88600,2128.90,2824.04,0.9812,-44.8443,80.017,109.827,-0.30000,-18.083,1718.24
1.88650,2057.57,2813.16,0.9590,-44.2346,80.107,110.068,-0.30000,-20.164,1718.62
1.88700,1985.74,2799.33,0.9371,-43.3557,80.186,110.316,-0.30000,-22.280,1719.03
1.88750,1913.42,2781.56,0.9156,-42.2320,80.252,110.573,-0.30000,-24.404,1719.46
1.88800,1840.62,2758.91,0.8949,-40.8942,80.300,110.842,-0.30000,-26.515,1719.92
1.88850,1767.37,2730.62,0.8748,-39.3790,80.328,111.125,-0.30000,-28.591,1720.40
1.88900,1693.69,2696.09,0.8555,-37.7277,80.334,111.423,-0.30000,-30.619,1720.90
1.88950,1619.59,2654.88,0.8371,-35.9853,80.316,111.737,-0.30000,-32.588,1721.42
1.89000,1545.08,2606.76,0.8195,-34.1990,80.274,112.068,-0.30000,-34.494,1721.95
1.89050,1470.20,2551.68,0.8029,-32.4169,80.208,112.416,-0.30000,-36.338,1722.49
1.89100,1394.96,2489.80,0.7871,-30.6867,80.117,112.781,-0.30000,-38.127,1723.04
1.89150,1319.37,2421.45,0.7722,-29.0547,80.004,113.161,-0.30000,-39.872,1723.59
1.89200,1243.45,2347.14,0.7580,-27.5639,79.869,113.556,-0.30000,-41.592,1724.14
1.89250,1167.23,2267.58,0.7446,-26.2534,79.716,113.963,-0.30000,-43.311,1724.69
1.89300,1090.72,2183.57,0.7317,-25.1570,79.546,114.381,-0.30000,-45.056,1725.24
1.89350,1013.94,2096.08,0.7194,-24.3024,79.365,114.807,-0.30000,-46.864,1725.78
1.89400,936.91,2006.15,0.7074,-23.7105,79.173,115.238,-0.30000,-48.774,1726.32
1.89450,859.65,1914.87,0.6956,-23.3948,78.977,115.671,-0.30000,-50.832,1726.84
1.89500,782.17,1823.40,0.6839,-23.3611,78.780,116.104,-0.30000,-53.086,1727.36
1.89550,704.51,1732.87,0.6722,-23.6073,78.585,116.534,-0.30000,-55.586,1727.88
1.89600,626.67,1644.39,0.6603,-24.1237,78.396,116.957,-0.30000,-58.377,1728.39
1.89650,548.67,1559.02,0.6480,-24.8931,78.218,117.371,-0.30000,-61.496,1728.89
1.89700,470.54,1477.72,0.6354,-25.8912,78.053,117.773,-0.30000,-64.959,1729.40
1.89750,392.30,1401.34,0.6221,-27.0880,77.904,118.162,-0.30000,-68.755,1729.90
1.89800,313.95,1330.58,0.6082,-28.4476,77.774,118.535,-0.30000,-72.838,1730.41
1.89850,235.53,1265.99,0.5937,-29.9302,77.665,118.892,-0.30000,-77.125,1730.92
1.89900,157.05,1207.96,0.5783,-31.4927,77.578,119.230,-0.30000,-81.500,1731.45
1.89950,78.54,1156.68,0.5622,-33.0898,77.513,119.550,-0.30000,-85.834,1731.99
1.90000,-0.00,1112.17,0.5452,-34.6759,77.472,119.851,-0.30000,0.000,1732.55
1.90050,-78.54,1074.25,0.5275,-36.2056,77.452,120.135,-0.30000,-86.103,1733.12
1.90100,-157.05,1042.57,0.5090,-37.6354,77.454,120.401,-0.30000,-82.541,1733.72
1.90150,-235.53,1016.61,0.4899,-38.9248,77.474,120.652,-0.30000,-79.347,1734.35
1.90200,-313.95,995.69,0.4701,-40.0374,77.512,120.889,-0.30000,-76.519,1735.00
1.90250,-392.30,979.02,0.4499,-40.9420,77.564,121.115,-0.30000,-74.036,1735.69
1.90300,-470.54,965.66,0.4292,-41.6132,77.627,121.330,-0.30000,-71.860,1736.41
1.90350,-548.67,954.63,0.4083,-42.0322,77.697,121.539,-0.30000,-69.949,1737.16
1.90400,-626.67,944.85,0.3872,-42.1872,77.771,121.745,-0.30000,-68.260,1737.94
1.90450,-704.51,935.25,0.3662,-42.0739,77.845,121.948,-0.30000,-66.750,1738.76
1.90500,-782.17,924.73,0.3452,-41.6955,77.916,122.154,-0.30000,-65.381,1739.62
1.90550,-859.65,912.25,0.3245,-41.0624,77.979,122.363,-0.30000,-64.119,1740.50
1.90600,-936.91,896.82,0.3042,-40.1920,78.032,122.580,-0.30000,-62.936,1741.42
1.90650,-1013.94,877.54,0.2843,-39.1081,78.071,122.805,-0.30000,-61.806,1742.37
1.90700,-1090.72,853.63,0.2651,-37.8405,78.094,123.042,-0.30000,-60.709,1743.34
1.90750,-1167.23,824.43,0.2465,-36.4237,78.097,123.292,-0.30000,-59.627,1744.33
1.90800,-1243.45,789.45,0.2287,-34.8963,78.081,123.556,-0.30000,-58.547,1745.35
1.90850,-1319.37,748.34,0.2116,-33.2997,78.042,123.835,-0.30000,-57.459,1746.38
1.90900,-1394.96,700.96,0.1954,-31.6770,77.982,124.129,-0.30000,-56.354,1747.43
1.90950,-1470.20,647.31,0.1800,-30.0717,77.899,124.438,-0.30000,-55.227,1748.49
1.91000,-1545.08,587.59,0.1653,-28.5268,77.795,124.762,-0.30000,-54.077,1749.56
1.91050,-1619.59,522.15,0.1514,-27.0833,77.671,125.101,-0.30000,-52.903,1750.63
1.91100,-1693.69,451.52,0.1382,-25.7790,77.528,125.451,-0.30000,-51.708,1751.70
1.91150,-1767.37,376.36,0.1256,-24.6479,77.369,125.813,-0.30000,-50.497,1752.77
1.91200,-1840.62,297.45,0.1135,-23.7189,77.197,126.183,-0.30000,-49.276,1753.84
1.91250,-1913.42,215.69,0.1019,-23.0153,77.014,126.559,-0.30000,-48.054,1754.91
1.91300,-1985.74,132.03,0.0905,-22.5537,76.824,126.940,-0.30000,-46.843,1755.96
1.91350,-2057.57,47.49,0.0793,-22.3444,76.630,127.321,-0.30000,-45.654,1757.02
1.91400,-2128.90,-36.90,0.0681,-22.3901,76.437,127.702,-0.30000,-44.499,1758.06
1.91450,-2199.70,-120.11,0.0568,-22.6870,76.246,128.078,-0.30000,-43.392,1759.10
1.91500,-2269.95,-201.14,0.0454,-23.2238,76.063,128.448,-0.30000,-42.346,1760.14
1.91550,-2339.65,-279.07,0.0336,-23.9831,75.890,128.809,-0.30000,-41.371,1761.17
1.91600,-2408.77,-353.07,0.0213,-24.9412,75.730,129.158,-0.30000,-40.478,1762.20
1.91650,-2477.29,-422.40,0.0086,-26.0691,75.585,129.495,-0.30000,-39.675,1763.22
1.91700,-2545.21,-486.47,-0.0047,-27.3334,75.458,129.817,-0.30000,-38.968,1764.25
1.91750,-2612.49,-544.83,-0.0187,-28.6968,75.350,130.124,-0.30000,-38.360,1765.29
1.91800,-2679.13,-597.18,-0.0334,-30.1196,75.262,130.414,-0.30000,-37.851,1766.33
1.91850,-2745.11,-643.41,-0.0489,-31.5609,75.195,130.687,-0.30000,-37.438,1767.38
1.91900,-2810.42,-683.55,-0.0650,-32.9793,75.149,130.944,-0.30000,-37.118,1768.44
1.91950,-2875.03,-717.81,-0.0818,-34.3341,75.122,131.185,-0.30000,-36.882,1769.52
1.92000,-2938.93,-746.56,-0.0993,-35.5868,75.114,131.411,-0.30000,-36.722,1770.62
1.92050,-3002.10,-770.32,-0.1174,-36.7020,75.122,131.623,-0.30000,-36.627,1771.73
1.92100,-3064.54,-789.73,-0.1360,-37.6481,75.145,131.823,-0.30000,-36.586,1772.87
1.92150,-3126.21,-805.56,-0.1550,-38.3985,75.180,132.013,-0.30000,-36.587,1774.03
1.92200,-3187.12,-818.67,-0.1744,-38.9320,75.224,132.196,-0.30000,-36.617,1775.21
1.92250,-3247.24,-829.98,-0.1939,-39.2337,75.274,132.373,-0.30000,-36.664,1776.42
1.92300,-3306.56,-840.45,-0.2136,-39.2950,75.326,132.547,-0.30000,-36.716,1777.66
1.92350,-3365.06,-851.08,-0.2332,-39.1142,75.377,132.721,-0.30000,-36.763,1778.91
1.92400,-3422.74,-862.83,-0.2526,-38.6962,75.424,132.897,-0.30000,-36.793,1780.19
1.92450,-3479.56,-876.63,-0.2718,-38.0524,75.464,133.078,-0.30000,-36.799,1781.49
1.92500,-3535.53,-893.37,-0.2906,-37.2005,75.492,133.265,-0.30000,-36.771,1782.81
1.92550,-3590.63,-913.81,-0.3090,-36.1638,75.508,133.462,-0.30000,-36.705,1784.15
1.92600,-3644.84,-938.63,-0.3268,-34.9705,75.508,133.669,-0.30000,-36.593,1785.51
1.92650,-3698.16,-968.38,-0.3439,-33.6532,75.491,133.888,-0.30000,-36.433,1786.87
1.92700,-3750.56,-1003.46,-0.3604,-32.2474,75.455,134.120,-0.30000,-36.221,1788.24
1.92750,-3802.03,-1044.12,-0.3762,-30.7913,75.399,134.366,-0.30000,-35.956,1789.62
1.92800,-3852.57,-1090.47,-0.3912,-29.3240,75.323,134.626,-0.30000,-35.639,1791.00
1.92850,-3902.15,-1142.42,-0.4055,-27.8847,75.227,134.899,-0.30000,-35.269,1792.38
1.92900,-3950.78,-1199.76,-0.4191,-26.5117,75.113,135.186,-0.30000,-34.850,1793.76
1.92950,-3998.42,-1262.12,-0.4320,-25.2413,74.980,135.484,-0.30000,-34.386,1795.13
1.93000,-4045.08,-1328.99,-0.4444,-24.1067,74.831,135.794,-0.30000,-33.880,1796.49
1.93050,-4090.75,-1399.73,-0.4562,-23.1371,74.669,136.113,-0.30000,-33.338,1797.83
1.93100,-4135.40,-1473.61,-0.4675,-22.3571,74.495,136.438,-0.30000,-32.768,1799.16
1.93150,-4179.04,-1549.78,-0.4786,-21.7858,74.313,136.769,-0.30000,-32.176,1800.48
1.93200,-4221.64,-1627.38,-0.4894,-21.4366,74.125,137.103,-0.30000,-31.571,1801.77
1.93250,-4263.20,-1705.46,-0.5000,-21.3164,73.935,137.437,-0.30000,-30.962,1803.05
1.93300,-4303.71,-1783.11,-0.5107,-21.4260,73.746,137.769,-0.30000,-30.357,1804.31
1.93350,-4343.16,-1859.40,-0.5215,-21.7596,73.561,138.097,-0.30000,-29.764,1805.56
1.93400,-4381.53,-1933.45,-0.5325,-22.3053,73.383,138.418,-0.30000,-29.193,1806.78
1.93450,-4418.83,-2004.45,-0.5438,-23.0455,73.216,138.730,-0.30000,-28.651,1807.99
1.93500,-4455.03,-2071.68,-0.5556,-23.9574,73.060,139.031,-0.30000,-28.146,1809.18
1.93550,-4490.14,-2134.51,-0.5678,-25.0133,72.920,139.321,-0.30000,-27.683,1810.36
1.93600,-4524.14,-2192.44,-0.5806,-26.1819,72.796,139.596,-0.30000,-27.266,1811.52
1.93650,-4557.02,-2245.12,-0.5940,-27.4289,72.689,139.858,-0.30000,-26.900,1812.68
1.93700,-4588.77,-2292.33,-0.6081,-28.7180,72.601,140.104,-0.30000,-26.586,1813.83
1.93750,-4619.40,-2334.01,-0.6227,-30.0120,72.531,140.336,-0.30000,-26.323,1814.97
1.93800,-4648.88,-2370.24,-0.6381,-31.2737,72.480,140.553,-0.30000,-26.112,1816.11
1.93850,-4677.22,-2401.25,-0.6540,-32.4670,72.447,140.755,-0.30000,-25.948,1817.25
1.93900,-4704.40,-2427.42,-0.6705,-33.5579,72.429,140.944,-0.30000,-25.827,1818.38
1.93950,-4730.43,-2449.26,-0.6875,-34.5155,72.427,141.122,-0.30000,-25.745,1819.53
1.94000,-4755.28,-2467.39,-0.7050,-35.3126,72.436,141.289,-0.30000,-25.693,1820.67
1.94050,-4778.97,-2482.52,-0.7228,-35.9268,72.456,141.448,-0.30000,-25.666,1821.82
1.94100,-4801.47,-2495.45,-0.7409,-36.3407,72.483,141.600,-0.30000,-25.654,1822.97
1.94150,-4822.79,-2507.03,-0.7591,-36.5426,72.514,141.748,-0.30000,-25.649,1824.13
1.94200,-4842.92,-2518.13,-0.7774,-36.5267,72.546,141.895,-0.30000,-25.643,1825.29
1.94250,-4861.85,-2529.65,-0.7956,-36.2934,72.577,142.042,-0.30000,-25.627,1826.46
1.94300,-4879.58,-2542.44,-0.8137,-35.8490,72.603,142.191,-0.30000,-25.593,1827.63
1.94350,-4896.11,-2557.34,-0.8314,-35.2056,72.621,142.346,-0.30000,-25.533,1828.79
1.94400,-4911.44,-2575.11,-0.8488,-34.3807,72.629,142.507,-0.30000,-25.440,1829.96
1.94450,-4925.55,-2596.41,-0.8658,-33.3968,72.624,142.677,-0.30000,-25.308,1831.13
1.94500,-4938.44,-2621.83,-0.8822,-32.2807,72.605,142.857,-0.30000,-25.131,1832.29
1.94550,-4950.12,-2651.81,-0.8980,-31.0626,72.570,143.048,-0.30000,-24.905,1833.44
1.94600,-4960.57,-2686.68,-0.9133,-29.7755,72.517,143.251,-0.30000,-24.626,1834.57
1.94650,-4969.80,-2726.61,-0.9278,-28.4541,72.447,143.466,-0.30000,-24.293,1835.69
1.94700,-4977.81,-2771.65,-0.9417,-27.1336,72.358,143.694,-0.30000,-23.903,1836.80
1.94750,-4984.59,-2821.69,-0.9550,-25.8494,72.252,143.934,-0.30000,-23.457,1837.88
1.94800,-4990.13,-2876.49,-0.9676,-24.6355,72.129,144.186,-0.30000,-22.956,1838.94
1.94850,-4994.45,-2935.67,-0.9796,-23.5236,71.990,144.448,-0.30000,-22.402,1839.96
1.94900,-4997.53,-2998.73,-0.9911,-22.5427,71.838,144.719,-0.30000,-21.799,1840.96
1.94950,-4999.38,-3065.07,-1.0022,-21.7178,71.674,144.999,-0.30000,-21.152,1841.93
1.95000,-5000.00,-3134.00,-1.0129,-21.0697,71.500,145.284,-0.30000,-20.466,1842.86
1.95050,-4999.38,-3204.75,-1.0233,-20.6138,71.320,145.572,-0.30000,-19.747,1843.76
1.95100,-4997.53,-3276.51,-1.0335,-20.3604,71.135,145.863,-0.30000,-19.002,1844.62
1.95150,-4994.45,-3348.44,-1.0437,-20.3141,70.950,146.153,-0.30000,-18.241,1845.44
1.95200,-4990.13,-3419.70,-1.0539,-20.4735,70.766,146.441,-0.30000,-17.469,1846.23
1.95250,-4984.59,-3489.49,-1.0642,-20.8317,70.587,146.724,-0.30000,-16.696,1846.98
1.95300,-4977.81,-3557.01,-1.0747,-21.3764,70.416,147.001,-0.30000,-15.930,1847.69
1.95350,-4969.80,-3621.57,-1.0856,-22.0901,70.254,147.269,-0.30000,-15.178,1848.36
1.95400,-4960.57,-3682.53,-1.0968,-22.9508,70.104,147.527,-0.30000,-14.447,1849.00
1.95450,-4950.12,-3739.39,-1.1086,-23.9325,69.967,147.774,-0.30000,-13.744,1849.61
1.95500,-4938.44,-3791.72,-1.1208,-25.0062,69.846,148.008,-0.30000,-13.073,1850.18
1.95550,-4925.55,-3839.24,-1.1336,-26.1404,69.741,148.229,-0.30000,-12.437,1850.72
1.95600,-4911.44,-3881.80,-1.1469,-27.3020,69.653,148.436,-0.30000,-11.840,1851.24
1.95650,-4896.11,-3919.39,-1.1609,-28.4574,69.581,148.630,-0.30000,-11.282,1851.73
1.95700,-4879.58,-3952.13,-1.1754,-29.5734,69.526,148.811,-0.30000,-10.762,1852.19
1.95750,-4861.85,-3980.27,-1.1904,-30.6182,69.486,148.979,-0.30000,-10.278,1852.63
1.95800,-4842.92,-4004.19,-1.2060,-31.5618,69.461,149.136,-0.30000,-9.825,1853.05
1.95850,-4822.79,-4024.37,-1.2220,-32.3774,69.448,149.283,-0.30000,-9.400,1853.45
1.95900,-4801.47,-4041.40,-1.2383,-33.0420,69.445,149.421,-0.30000,-8.995,1853.83
1.95950,-4778.97,-4055.96,-1.2550,-33.5367,69.451,149.552,-0.30000,-8.603,1854.19
1.96000,-4755.28,-4068.77,-1.2718,-33.8474,69.463,149.677,-0.30000,-8.215,1854.53
1.96050,-4730.43,-4080.61,-1.2888,-33.9654,69.477,149.800,-0.30000,-7.822,1854.86
1.96100,-4704.40,-4092.27,-1.3058,-33.8872,69.492,149.922,-0.30000,-7.414,1855.17
1.96150,-4677.22,-4104.55,-1.3227,-33.6148,69.504,150.045,-0.30000,-6.980,1855.45
1.96200,-4648.88,-4118.22,-1.3394,-33.1554,69.512,150.171,-0.30000,-6.512,1855.72
1.96250,-4619.40,-4133.99,-1.3558,-32.5217,69.511,150.302,-0.30000,-5.999,1855.96
1.96300,-4588.77,-4152.54,-1.3719,-31.7307,69.501,150.440,-0.30000,-5.430,1856.18
1.96350,-4557.02,-4174.45,-1.3875,-30.8041,69.479,150.585,-0.30000,-4.799,1856.37
1.96400,-4524.14,-4200.18,-1.4026,-29.7669,69.443,150.740,-0.30000,-4.096,1856.53
1.96450,-4490.14,-4230.11,-1.4172,-28.6471,69.393,150.906,-0.30000,-3.314,1856.66
1.96500,-4455.03,-4264.49,-1.4313,-27.4750,69.327,151.082,-0.30000,-2.449,1856.76
1.96550,-4418.83,-4303.45,-1.4447,-26.2819,69.244,151.270,-0.30000,-1.496,1856.81
1.96600,-4381.53,-4346.97,-1.4576,-25.0998,69.146,151.468,-0.30000,-0.452,1856.83
1.96650,-4343.16,-4394.93,-1.4698,-23.9600,69.032,151.678,0.30000,0.683,1856.86
1.96700,-4303.71,-4393.55,-1.4815,-22.8008,69.067,151.725,0.30000,1.196,1856.90
1.96750,-4263.20,-4311.34,-1.4926,-21.2505,69.349,151.510,0.30000,0.647,1856.93
1.96800,-4221.64,-4189.11,-1.5027,-19.0284,69.745,151.151,-0.30000,-0.441,1856.94
1.96850,-4179.04,-4084.59,-1.5115,-16.0524,70.085,150.846,-0.30000,-1.295,1856.99
1.96900,-4135.40,-4036.13,-1.5186,-12.5865,70.251,150.720,-0.30000,-1.375,1857.04
1.96950,-4090.75,-4041.81,-1.5240,-8.9519,70.246,150.759,-0.30000,-0.685,1857.06
1.97000,-4045.08,-4090.27,-1.5276,-5.4804,70.104,150.926,0.30000,0.640,1857.09
1.97050,-3998.42,-4117.95,-1.5296,-2.4502,70.021,151.018,0.30000,1.712,1857.15
1.97100,-3950.78,-4094.61,-1.5301,0.1739,70.089,150.937,0.30000,2.085,1857.22
1.97150,-3902.15,-4024.12,-1.5294,2.5380,70.282,150.671,0.30000,1.790,1857.28
1.97200,-3852.57,-3907.12,-1.5276,4.9912,70.597,150.221,0.30000,0.811,1857.31
1.97250,-3802.03,-3760.84,-1.5244,7.8453,70.986,149.650,-0.30000,-0.621,1857.33
1.97300,-3750.56,-3680.27,-1.5196,11.1676,71.184,149.309,-0.30000,-1.074,1857.36
1.97350,-3698.16,-3707.95,-1.5132,14.4606,71.073,149.355,0.30000,0.152,1857.37
1.97400,-3644.84,-3747.85,-1.5052,17.4311,70.920,149.432,0.30000,1.619,1857.42
1.97450,-3590.63,-3739.05,-1.4958,20.1750,70.894,149.315,0.30000,2.367,1857.49
1.97500,-3535.53,-3687.99,-1.4851,22.9199,70.978,149.029,0.30000,2.469,1857.57
1.97550,-3479.56,-3610.29,-1.4729,25.8159,71.127,148.631,0.30000,2.152,1857.63
1.97600,-3422.74,-3517.74,-1.4592,28.9433,71.310,148.164,0.30000,1.590,1857.68
1.97650,-3365.06,-3419.18,-1.4439,32.3296,71.500,147.661,0.30000,0.921,1857.71
1.97700,-3306.56,-3321.27,-1.4268,35.9615,71.680,147.144,0.30000,0.255,1857.72
1.97750,-3247.24,-3228.91,-1.4079,39.7954,71.834,146.631,-0.30000,-0.323,1857.73
1.97800,-3187.12,-3226.43,-1.3870,43.6268,71.728,146.434,0.30000,0.707,1857.74
1.97850,-3126.21,-3282.80,-1.3644,46.9090,71.449,146.439,0.30000,2.868,1857.82
1.97900,-3064.54,-3310.48,-1.3402,49.6298,71.243,146.325,0.30000,4.588,1857.95
1.97950,-3002.10,-3319.00,-1.3148,51.8877,71.082,146.129,0.30000,6.026,1858.10
1.98000,-2938.93,-3314.96,-1.2884,53.7447,70.952,145.878,0.30000,7.291,1858.29
1.98050,-2875.03,-3302.79,-1.2611,55.2384,70.840,145.589,0.30000,8.463,1858.51
1.98100,-2810.42,-3285.34,-1.2332,56.3909,70.739,145.276,0.30000,9.592,1858.74
1.98150,-2745.11,-3264.33,-1.2048,57.2159,70.646,144.946,0.30000,10.711,1859.00
1.98200,-2679.13,-3240.65,-1.1761,57.7230,70.559,144.604,0.30000,11.837,1859.28
1.98250,-2612.49,-3214.59,-1.1471,57.9212,70.479,144.253,0.30000,12.978,1859.59
1.98300,-2545.21,-3186.06,-1.1182,57.8215,70.405,143.892,0.30000,14.133,1859.91
1.98350,-2477.29,-3154.69,-1.0894,57.4382,70.341,143.524,0.30000,15.293,1860.24
1.98400,-2408.77,-3119.96,-1.0608,56.7900,70.288,143.146,0.30000,16.449,1860.60
1.98450,-2339.65,-3081.27,-1.0326,55.9006,70.248,142.757,0.30000,17.588,1860.97
1.98500,-2269.95,-3038.00,-1.0049,54.7981,70.224,142.357,0.30000,18.693,1861.35
1.98550,-2199.70,-2989.59,-0.9778,53.5156,70.219,141.944,0.30000,19.753,1861.75
1.98600,-2128.90,-2935.56,-0.9514,52.0898,70.233,141.517,0.30000,20.752,1862.15
1.98650,-2057.57,-2875.53,-0.9258,50.5605,70.268,141.076,0.30000,21.680,1862.56
1.98700,-1985.74,-2809.29,-0.9009,48.9701,70.325,140.619,0.30000,22.525,1862.97
1.98750,-1913.42,-2736.74,-0.8768,47.3618,70.404,140.147,0.30000,23.282,1863.39
1.98800,-1840.62,-2657.98,-0.8535,45.7790,70.506,139.659,0.30000,23.944,1863.79
1.98850,-1767.37,-2573.25,-0.8310,44.2640,70.628,139.158,0.30000,24.512,1864.20
1.98900,-1693.69,-2482.95,-0.8092,42.8569,70.771,138.643,0.30000,24.986,1864.59
1.98950,-1619.59,-2387.64,-0.7881,41.5946,70.931,138.116,0.30000,25.372,1864.98
1.99000,-1545.08,-2288.00,-0.7676,40.5097,71.107,137.579,0.30000,25.679,1865.35
1.99050,-1470.20,-2184.84,-0.7476,39.6297,71.296,137.034,0.30000,25.924,1865.70
1.99100,-1394.96,-2079.05,-0.7279,38.9762,71.495,136.483,0.30000,26.124,1866.05
1.99150,-1319.37,-1971.60,-0.7086,38.5646,71.700,135.929,0.30000,26.306,1866.37
1.99200,-1243.45,-1863.49,-0.6893,38.4033,71.908,135.375,0.30000,26.503,1866.68
1.99250,-1167.23,-1755.76,-0.6701,38.4939,72.115,134.823,0.30000,26.758,1866.98
1.99300,-1090.72,-1649.42,-0.6508,38.8309,72.318,134.275,0.30000,27.123,1867.26
1.99350,-1013.94,-1545.43,-0.6313,39.4021,72.514,133.735,0.30000,27.663,1867.52
1.99400,-936.91,-1444.71,-0.6114,40.1888,72.699,133.205,0.30000,28.457,1867.78
1.99450,-859.65,-1348.05,-0.5910,41.1663,72.871,132.686,0.30000,29.603,1868.02
1.99500,-782.17,-1256.16,-0.5702,42.3051,73.027,132.180,0.30000,31.216,1868.26
1.99550,-704.51,-1169.61,-0.5487,43.5710,73.166,131.689,0.30000,33.432,1868.49
1.99600,-626.67,-1088.81,-0.5266,44.9266,73.285,131.215,0.30000,36.407,1868.72
1.99650,-548.67,-1014.01,-0.5038,46.3322,73.384,130.757,0.30000,40.302,1868.95
1.99700,-470.54,-945.32,-0.4803,47.7469,73.463,130.316,0.30000,45.257,1869.19
1.99750,-392.30,-882.66,-0.4560,49.1297,73.521,129.891,0.30000,51.340,1869.44
1.99800,-313.95,-825.79,-0.4311,50.4408,73.560,129.482,0.30000,58.476,1869.69
1.99850,-235.53,-774.32,-0.4056,51.6424,73.582,129.089,0.30000,66.387,1869.96
1.99900,-157.05,-727.71,-0.3795,52.7001,73.587,128.709,0.30000,74.612,1870.25
1.99950,-78.54,-685.29,-0.3529,53.5834,73.578,128.340,0.30000,82.625,1870.55
