t,v_in,v_ref,v_out,i_L,d,mode,error
0.00000000,10.00000000,15.00000000,0.00000000,0.00000000,0.33333333,1,15.00000000
0.00002000,10.00000000,15.00000000,0.01478498,3.99868496,0.33333333,1,14.98521502
0.00004000,10.00000000,15.00000000,0.05900154,7.98949811,0.33333333,1,14.94099846
0.00006000,10.00000000,15.00000000,0.13239954,11.96462314,0.33333333,1,14.86760046
0.00008000,10.00000000,15.00000000,0.23467276,15.91631793,0.33333333,1,14.76532724
0.00010000,10.00000000,15.00000000,0.36545979,19.83692937,0.33333333,1,14.63454021
0.00012000,10.00000000,15.00000000,0.52434508,23.71890802,0.33333333,1,14.47565492
0.00014000,10.00000000,15.00000000,0.71086002,27.55482231,0.33333333,1,14.28913998
0.00016000,10.00000000,15.00000000,0.92448422,31.33737258,0.33333333,1,14.07551578
0.00018000,10.00000000,15.00000000,1.16464674,35.05940472,0.33333333,1,13.83535326
0.00020000,10.00000000,15.00000000,1.43072755,38.71392345,0.33333333,1,13.56927245
0.00022000,10.00000000,15.00000000,1.72205902,42.29410518,0.33333333,1,13.27794098
0.00024000,10.00000000,15.00000000,2.03792747,45.79331057,0.33333333,1,12.96207253
0.00026000,10.00000000,15.00000000,2.37757486,49.20509652,0.33333333,1,12.62242514
0.00028000,10.00000000,15.00000000,2.74020052,52.52322782,0.33333333,1,12.25979948
0.00030000,10.00000000,15.00000000,3.12496294,55.74168824,0.33333333,1,11.87503706
0.00032000,10.00000000,15.00000000,3.53098169,58.85469119,0.33333333,1,11.46901831
0.00034000,10.00000000,15.00000000,3.95733935,61.85668984,0.33333333,1,11.04266065
0.00036000,10.00000000,15.00000000,4.40308353,64.74238670,0.33333333,1,10.59691647
0.00038000,10.00000000,15.00000000,4.86722893,67.50674272,0.33333333,1,10.13277107
0.00040000,10.00000000,15.00000000,5.34875946,70.14498571,0.33333333,1,9.65124054
0.00042000,10.00000000,15.00000000,5.84663043,72.65261832,0.33333333,1,9.15336957
0.00044000,10.00000000,15.00000000,6.35977074,75.02542535,0.33333333,1,8.64022926
0.00046000,10.00000000,15.00000000,6.88708518,77.25948050,0.33333333,1,8.11291482
0.00048000,10.00000000,15.00000000,7.42745666,79.35115248,0.33333333,1,7.57254334
0.00050000,10.00000000,15.00000000,7.97974859,81.29711055,0.33333333,1,7.02025141
0.00052000,10.00000000,15.00000000,8.54280717,83.09432941,0.33333333,1,6.45719283
0.00054000,10.00000000,15.00000000,9.11546381,84.74009346,0.33333333,1,5.88453619
0.00056000,10.00000000,15.00000000,9.69653748,86.23200045,0.33333333,1,5.30346252
0.00058000,10.00000000,15.00000000,10.28483713,87.56796443,0.33333333,1,4.71516287
0.00060000,10.00000000,15.00000000,10.87916405,88.74621818,0.33333333,1,4.12083595
0.00062000,10.00000000,15.00000000,11.47831433,89.76531483,0.33333333,1,3.52168567
0.00064000,10.00000000,15.00000000,12.08108122,90.62412904,0.33333333,1,2.91891878
0.00066000,10.00000000,15.00000000,12.68625752,91.32185735,0.33333333,1,2.31374248
0.00068000,10.00000000,15.00000000,13.29263798,91.85801802,0.33333333,1,1.70736202
0.00070000,10.00000000,15.00000000,13.89902166,92.23245019,0.33333333,1,1.10097834
0.00072000,10.00000000,15.00000000,14.50421428,92.44531240,0.33333333,1,0.49578572
0.00074000,10.00000000,15.00000000,15.10703049,92.49708055,0.33333333,1,-0.10703049
0.00076000,10.00000000,15.00000000,15.70629620,92.38854516,0.33333333,1,-0.70629620
0.00078000,10.00000000,15.00000000,16.30085084,92.12080811,0.33333333,1,-1.30085084
0.00080000,10.00000000,15.00000000,16.88954953,91.69527870,0.33333333,1,-1.88954953
0.00082000,10.00000000,15.00000000,17.47126525,91.11366921,0.33333333,1,-2.47126525
0.00084000,10.00000000,15.00000000,18.04489100,90.37798983,0.33333333,1,-3.04489100
0.00086000,10.00000000,15.00000000,18.60934184,89.49054306,0.33333333,1,-3.60934184
0.00088000,10.00000000,15.00000000,19.16355691,88.45391755,0.33333333,1,-4.16355691
0.00090000,10.00000000,15.00000000,19.70650140,87.27098141,0.33333333,1,-4.70650140
0.00092000,10.00000000,15.00000000,20.23716839,85.94487502,0.33333333,1,-5.23716839
0.00094000,10.00000000,15.00000000,20.75458077,84.47900335,0.33333333,1,-5.75458077
0.00096000,10.00000000,15.00000000,21.25779292,82.87702776,0.33333333,1,-6.25779292
0.00098000,10.00000000,15.00000000,21.74589243,81.14285739,0.33333333,1,-6.74589243
0.00100000,10.00000000,15.00000000,22.21800170,79.28064008,0.33333333,1,-7.21800170
0.00102000,10.00000000,15.00000000,22.67327951,77.29475288,0.33333333,1,-7.67327951
0.00104000,10.00000000,15.00000000,23.11092244,75.18979217,0.33333333,1,-8.11092244
0.00106000,10.00000000,15.00000000,23.53016623,72.97056336,0.33333333,1,-8.53016623
0.00108000,10.00000000,15.00000000,23.93028712,70.64207030,0.33333333,1,-8.93028712
0.00110000,10.00000000,15.00000000,24.31060301,68.20950432,0.33333333,1,-9.31060301
0.00112000,10.00000000,15.00000000,24.67047460,65.67823295,0.33333333,1,-9.67047460
0.00114000,10.00000000,15.00000000,25.00930637,63.05378840,0.33333333,1,-10.00930637
0.00116000,10.00000000,15.00000000,25.32654755,60.34185572,0.33333333,1,-10.32654755
0.00118000,10.00000000,15.00000000,25.62169296,57.54826078,0.33333333,1,-10.62169296
0.00120000,10.00000000,15.00000000,25.89428372,54.67895801,0.33333333,1,-10.89428372
0.00122000,10.00000000,15.00000000,26.14390791,51.74001795,0.33333333,1,-11.14390791
0.00124000,10.00000000,15.00000000,26.37020113,48.73761468,0.33333333,1,-11.37020113
0.00126000,10.00000000,15.00000000,26.57284696,45.67801303,0.33333333,1,-11.57284696
0.00128000,10.00000000,15.00000000,26.75157729,42.56755581,0.33333333,1,-11.75157729
0.00130000,10.00000000,15.00000000,26.90617261,39.41265084,0.33333333,1,-11.90617261
0.00132000,10.00000000,15.00000000,27.03646215,36.21975796,0.33333333,1,-12.03646215
0.00134000,10.00000000,15.00000000,27.14232397,32.99537607,0.33333333,1,-12.14232397
0.00136000,10.00000000,15.00000000,27.22368490,29.74603006,0.33333333,1,-12.22368490
0.00138000,10.00000000,15.00000000,27.28052044,26.47825785,0.33333333,1,-12.28052044
0.00140000,10.00000000,15.00000000,27.31285452,23.19859743,0.33333333,1,-12.31285452
0.00142000,10.00000000,15.00000000,27.32075921,19.91357396,0.33333333,1,-12.32075921
0.00144000,10.00000000,15.00000000,27.30435428,16.62968705,0.33333333,1,-12.30435428
0.00146000,10.00000000,15.00000000,27.26380671,13.35339804,0.33333333,1,-12.26380671
0.00148000,10.00000000,15.00000000,27.19933013,10.09111751,0.33333333,1,-12.19933013
0.00150000,10.00000000,15.00000000,27.11118409,6.84919293,0.33333333,1,-12.11118409
0.00152000,10.00000000,15.00000000,26.99967332,3.63389652,0.33333333,1,-11.99967332
0.00154000,10.00000000,15.00000000,26.86514689,0.45141332,0.33333333,1,-11.86514689
0.00156000,10.00000000,15.00000000,26.70799726,0.00000000,0.33333333,1,-11.70799726
0.00158000,10.00000000,15.00000000,26.54853944,0.00000000,0.33333333,1,-11.54853944
0.00160000,10.00000000,15.00000000,26.39012193,0.00000000,0.33333333,1,-11.39012193
0.00162000,10.00000000,15.00000000,26.23273793,0.00000000,0.33333333,1,-11.23273793
0.00164000,10.00000000,15.00000000,26.07638070,0.00000000,0.33333333,1,-11.07638070
0.00166000,10.00000000,15.00000000,25.92104354,0.00000000,0.33333333,1,-10.92104354
0.00168000,10.00000000,15.00000000,25.76671980,0.00000000,0.33333333,1,-10.76671980
0.00170000,10.00000000,15.00000000,25.61340287,0.00000000,0.33333333,1,-10.61340287
0.00172000,10.00000000,15.00000000,25.46108618,0.00000000,0.33333333,1,-10.46108618
0.00174000,10.00000000,15.00000000,25.30976320,0.00000000,0.33333333,1,-10.30976320
0.00176000,10.00000000,15.00000000,25.15942746,0.00000000,0.33333333,1,-10.15942746
0.00178000,10.00000000,15.00000000,25.01007250,0.00000000,0.33333333,1,-10.01007250
0.00180000,10.00000000,15.00000000,24.86169193,0.00000000,0.33333333,1,-9.86169193
0.00182000,10.00000000,15.00000000,24.71427939,0.00000000,0.33333333,1,-9.71427939
0.00184000,10.00000000,15.00000000,24.56782858,0.00000000,0.33333333,1,-9.56782858
0.00186000,10.00000000,15.00000000,24.42233321,0.00000000,0.33333333,1,-9.42233321
0.00188000,10.00000000,15.00000000,24.27778705,0.00000000,0.33333333,1,-9.27778705
0.00190000,10.00000000,15.00000000,24.13418390,0.00000000,0.33333333,1,-9.13418390
0.00192000,10.00000000,15.00000000,23.99151763,0.00000000,0.33333333,1,-8.99151763
0.00194000,10.00000000,15.00000000,23.84978210,0.00000000,0.33333333,1,-8.84978210
0.00196000,10.00000000,15.00000000,23.70897126,0.00000000,0.33333333,1,-8.70897126
0.00198000,10.00000000,15.00000000,23.56907907,0.00000000,0.33333333,1,-8.56907907
0.00200000,10.00000000,15.00000000,23.43009953,0.00000000,0.33333333,1,-8.43009953
0.00202000,10.00000000,15.00000000,23.29202670,0.00000000,0.33333333,1,-8.29202670
0.00204000,10.00000000,15.00000000,23.15485465,0.00000000,0.33333333,1,-8.15485465
0.00206000,10.00000000,15.00000000,23.01857751,0.00000000,0.33333333,1,-8.01857751
0.00208000,10.00000000,15.00000000,22.88318944,0.00000000,0.33333333,1,-7.88318944
0.00210000,10.00000000,15.00000000,22.74868465,0.00000000,0.33333333,1,-7.74868465
0.00212000,10.00000000,15.00000000,22.61505736,0.00000000,0.33333333,1,-7.61505736
0.00214000,10.00000000,15.00000000,22.48230185,0.00000000,0.33333333,1,-7.48230185
0.00216000,10.00000000,15.00000000,22.35041244,0.00000000,0.33333333,1,-7.35041244
0.00218000,10.00000000,15.00000000,22.21938348,0.00000000,0.33333333,1,-7.21938348
0.00220000,10.00000000,15.00000000,22.08920935,0.00000000,0.33333333,1,-7.08920935
0.00222000,10.00000000,15.00000000,21.95988447,0.00000000,0.33333333,1,-6.95988447
0.00224000,10.00000000,15.00000000,21.83140331,0.00000000,0.33333333,1,-6.83140331
0.00226000,10.00000000,15.00000000,21.70376036,0.00000000,0.33333333,1,-6.70376036
0.00228000,10.00000000,15.00000000,21.57695015,0.00000000,0.33333333,1,-6.57695015
0.00230000,10.00000000,15.00000000,21.45096725,0.00000000,0.33333333,1,-6.45096725
0.00232000,10.00000000,15.00000000,21.32580626,0.00000000,0.33333333,1,-6.32580626
0.00234000,10.00000000,15.00000000,21.20146182,0.00000000,0.33333333,1,-6.20146182
0.00236000,10.00000000,15.00000000,21.07792860,0.00000000,0.33333333,1,-6.07792860
0.00238000,10.00000000,15.00000000,20.95520132,0.00000000,0.33333333,1,-5.95520132
0.00240000,10.00000000,15.00000000,20.83327470,0.00000000,0.33333333,1,-5.83327470
0.00242000,10.00000000,15.00000000,20.71214354,0.00000000,0.33333333,1,-5.71214354
0.00244000,10.00000000,15.00000000,20.59180263,0.00000000,0.33333333,1,-5.59180263
0.00246000,10.00000000,15.00000000,20.47224682,0.00000000,0.33333333,1,-5.47224682
0.00248000,10.00000000,15.00000000,20.35347100,0.00000000,0.33333333,1,-5.35347100
0.00250000,10.00000000,15.00000000,20.23547007,0.00000000,0.33333333,1,-5.23547007
0.00252000,10.00000000,15.00000000,20.11823898,0.00000000,0.33333333,1,-5.11823898
0.00254000,10.00000000,15.00000000,20.00177270,0.00000000,0.33333333,1,-5.00177270
0.00256000,10.00000000,15.00000000,19.88606624,0.00000000,0.33333333,1,-4.88606624
0.00258000,10.00000000,15.00000000,19.77111466,0.00000000,0.33333333,1,-4.77111466
0.00260000,10.00000000,15.00000000,19.65691302,0.00000000,0.33333333,1,-4.65691302
0.00262000,10.00000000,15.00000000,19.54345643,0.00000000,0.33333333,1,-4.54345643
0.00264000,10.00000000,15.00000000,19.43074003,0.00000000,0.33333333,1,-4.43074003
0.00266000,10.00000000,15.00000000,19.31875899,0.00000000,0.33333333,1,-4.31875899
0.00268000,10.00000000,15.00000000,19.20750851,0.00000000,0.33333333,1,-4.20750851
0.00270000,10.00000000,15.00000000,19.09698383,0.00000000,0.33333333,1,-4.09698383
0.00272000,10.00000000,15.00000000,18.98718021,0.00000000,0.33333333,1,-3.98718021
0.00274000,10.00000000,15.00000000,18.87809295,0.00000000,0.33333333,1,-3.87809295
0.00276000,10.00000000,15.00000000,18.76971738,0.00000000,0.33333333,1,-3.76971738
0.00278000,10.00000000,15.00000000,18.66204885,0.00000000,0.33333333,1,-3.66204885
0.00280000,10.00000000,15.00000000,18.55508274,0.00000000,0.33333333,1,-3.55508274
0.00282000,10.00000000,15.00000000,18.44881449,0.00000000,0.33333333,1,-3.44881449
0.00284000,10.00000000,15.00000000,18.34323952,0.00000000,0.33333333,1,-3.34323952
0.00286000,10.00000000,15.00000000,18.23835333,0.00000000,0.33333333,1,-3.23835333
0.00288000,10.00000000,15.00000000,18.13415141,0.00000000,0.33333333,1,-3.13415141
0.00290000,10.00000000,15.00000000,18.03062931,0.00000000,0.33333333,1,-3.03062931
0.00292000,10.00000000,15.00000000,17.92778258,0.00000000,0.33333333,1,-2.92778258
0.00294000,10.00000000,15.00000000,17.82560683,0.00000000,0.33333333,1,-2.82560683
0.00296000,10.00000000,15.00000000,17.72409766,0.00000000,0.33333333,1,-2.72409766
0.00298000,10.00000000,15.00000000,17.62325075,0.00000000,0.33333333,1,-2.62325075
0.00300000,10.00000000,15.00000000,17.52306176,0.00000000,0.33333333,1,-2.52306176
0.00302000,10.00000000,15.00000000,17.42352640,0.00000000,0.33333333,1,-2.42352640
0.00304000,10.00000000,15.00000000,17.32464040,0.00000000,0.33333333,1,-2.32464040
0.00306000,10.00000000,15.00000000,17.22639954,0.00000000,0.33333333,1,-2.22639954
0.00308000,10.00000000,15.00000000,17.12879961,0.00000000,0.33333333,1,-2.12879961
0.00310000,10.00000000,15.00000000,17.03183641,0.00000000,0.33333333,1,-2.03183641
0.00312000,10.00000000,15.00000000,16.93550580,0.00000000,0.33333333,1,-1.93550580
0.00314000,10.00000000,15.00000000,16.83980365,0.00000000,0.33333333,1,-1.83980365
0.00316000,10.00000000,15.00000000,16.74472587,0.00000000,0.33333333,1,-1.74472587
0.00318000,10.00000000,15.00000000,16.65026837,0.00000000,0.33333333,1,-1.65026837
0.00320000,10.00000000,15.00000000,16.55642710,0.00000000,0.33333333,1,-1.55642710
0.00322000,10.00000000,15.00000000,16.46319806,0.00000000,0.33333333,1,-1.46319806
0.00324000,10.00000000,15.00000000,16.37057725,0.00000000,0.33333333,1,-1.37057725
0.00326000,10.00000000,15.00000000,16.27856069,0.00000000,0.33333333,1,-1.27856069
0.00328000,10.00000000,15.00000000,16.18714445,0.00000000,0.33333333,1,-1.18714445
0.00330000,10.00000000,15.00000000,16.09632460,0.00000000,0.33333333,1,-1.09632460
0.00332000,10.00000000,15.00000000,16.00609727,0.00000000,0.33333333,1,-1.00609727
0.00334000,10.00000000,15.00000000,15.91645857,0.00000000,0.33333333,1,-0.91645857
0.00336000,10.00000000,15.00000000,15.82740468,0.00000000,0.33333333,1,-0.82740468
0.00338000,10.00000000,15.00000000,15.73893178,0.00000000,0.33333333,1,-0.73893178
0.00340000,10.00000000,15.00000000,15.65103607,0.00000000,0.33333333,1,-0.65103607
0.00342000,10.00000000,15.00000000,15.56371379,0.00000000,0.33333333,1,-0.56371379
0.00344000,10.00000000,15.00000000,15.47696121,0.00000000,0.33333333,1,-0.47696121
0.00346000,10.00000000,15.00000000,15.39077460,0.00000000,0.33333333,1,-0.39077460
0.00348000,10.00000000,15.00000000,15.30515026,0.00000000,0.33333333,1,-0.30515026
0.00350000,10.00000000,15.00000000,15.22008454,0.00000000,0.33333333,1,-0.22008454
0.00352000,10.00000000,15.00000000,15.13557379,0.00000000,0.33333333,1,-0.13557379
0.00354000,10.00000000,15.00000000,15.05161439,0.00000000,0.33333333,1,-0.05161439
0.00356000,10.00000000,15.00000000,14.96820273,0.00000000,0.33333333,1,0.03179727
0.00358000,10.00000000,15.00000000,14.88533526,0.01954171,0.33333333,1,0.11466474
0.00360000,10.00000000,15.00000000,14.80315271,0.06109363,0.33333333,1,0.19684729
0.00362000,10.00000000,15.00000000,14.72181317,0.12445198,0.33333333,1,0.27818683
0.00364000,10.00000000,15.00000000,14.64147214,0.20937116,0.33333333,1,0.35852786
0.00366000,10.00000000,15.00000000,14.56228234,0.31556449,0.33333333,1,0.43771766
0.00368000,10.00000000,15.00000000,14.48439335,0.44270493,0.33333333,1,0.51560665
0.00370000,10.00000000,15.00000000,14.40795137,0.59042605,0.33333333,1,0.59204863
0.00372000,10.00000000,15.00000000,14.33309894,0.75832288,0.33333333,1,0.66690106
0.00374000,10.00000000,15.00000000,14.25997466,0.94595297,0.33333333,1,0.74002534
0.00376000,10.00000000,15.00000000,14.18871299,1.15283746,0.33333333,1,0.81128701
0.00378000,10.00000000,15.00000000,14.11944396,1.37846222,0.33333333,1,0.88055604
0.00380000,10.00000000,15.00000000,14.05229295,1.62227905,0.33333333,1,0.94770705
0.00382000,10.00000000,15.00000000,13.98738048,1.88370696,0.33333333,1,1.01261952
0.00384000,10.00000000,15.00000000,13.92482200,2.16213351,0.33333333,1,1.07517800
0.00386000,10.00000000,15.00000000,13.86472767,2.45691615,0.33333333,1,1.13527233
0.00388000,10.00000000,15.00000000,13.80720220,2.76738370,0.33333333,1,1.19279780
0.00390000,10.00000000,15.00000000,13.75234466,3.09283779,0.33333333,1,1.24765534
0.00392000,10.00000000,15.00000000,13.70024830,3.43255440,0.33333333,1,1.29975170
0.00394000,10.00000000,15.00000000,13.65100043,3.78578546,0.33333333,1,1.34899957
0.00396000,10.00000000,15.00000000,13.60468227,4.15176038,0.33333333,1,1.39531773
0.00398000,10.00000000,15.00000000,13.56136881,4.52968778,0.33333333,1,1.43863119
0.00400000,10.00000000,15.00000000,13.52112870,4.91875711,0.33333333,1,1.47887130
0.00402000,10.00000000,15.00000000,13.48402418,5.31814037,0.33333333,1,1.51597582
0.00404000,10.00000000,15.00000000,13.45011095,5.72699383,0.33333333,1,1.54988905
0.00406000,10.00000000,15.00000000,13.41943812,6.14445978,0.33333333,1,1.58056188
0.00408000,10.00000000,15.00000000,13.39204816,6.56966831,0.33333333,1,1.60795184
0.00410000,10.00000000,15.00000000,13.36797681,7.00173906,0.33333333,1,1.63202319
0.00412000,10.00000000,15.00000000,13.34725310,7.43978306,0.33333333,1,1.65274690
0.00414000,10.00000000,15.00000000,13.32989930,7.88290448,0.33333333,1,1.67010070
0.00416000,10.00000000,15.00000000,13.31593092,8.33020246,0.33333333,1,1.68406908
0.00418000,10.00000000,15.00000000,13.30535671,8.78077290,0.33333333,1,1.69464329
0.00420000,10.00000000,15.00000000,13.29817870,9.23371028,0.33333333,1,1.70182130
0.00422000,10.00000000,15.00000000,13.29439221,9.68810941,0.33333333,1,1.70560779
0.00424000,10.00000000,15.00000000,13.29398590,10.14306726,0.33333333,1,1.70601410
0.00426000,10.00000000,15.00000000,13.29694185,10.59768468,0.33333333,1,1.70305815
0.00428000,10.00000000,15.00000000,13.30323560,11.05106820,0.33333333,1,1.69676440
0.00430000,10.00000000,15.00000000,13.31283628,11.50233170,0.33333333,1,1.68716372
0.00432000,10.00000000,15.00000000,13.32570666,11.95059816,0.33333333,1,1.67429334
0.00434000,10.00000000,15.00000000,13.34180326,12.39500133,0.33333333,1,1.65819674
0.00436000,10.00000000,15.00000000,13.36107651,12.83468734,0.33333333,1,1.63892349
0.00438000,10.00000000,15.00000000,13.38347086,13.26881638,0.33333333,1,1.61652914
0.00440000,10.00000000,15.00000000,13.40892491,13.69656420,0.33333333,1,1.59107509
0.00442000,10.00000000,15.00000000,13.43737158,14.11712371,0.33333333,1,1.56262842
0.00444000,10.00000000,15.00000000,13.46873825,14.52970643,0.33333333,1,1.53126175
0.00446000,10.00000000,15.00000000,13.50294698,14.93354397,0.33333333,1,1.49705302
0.00448000,10.00000000,15.00000000,13.53991464,15.32788943,0.33333333,1,1.46008536
0.00450000,10.00000000,15.00000000,13.57955315,15.71201872,0.33333333,1,1.42044685
0.00452000,10.00000000,15.00000000,13.62176963,16.08523190,0.33333333,1,1.37823037
0.00454000,10.00000000,15.00000000,13.66646667,16.44685439,0.33333333,1,1.33353333
0.00456000,10.00000000,15.00000000,13.71354248,16.79623820,0.33333333,1,1.28645752
0.00458000,10.00000000,15.00000000,13.76289116,17.13276301,0.33333333,1,1.23710884
0.00460000,10.00000000,15.00000000,13.81440295,17.45583727,0.33333333,1,1.18559705
0.00462000,10.00000000,15.00000000,13.86796439,17.76489921,0.33333333,1,1.13203561
0.00464000,10.00000000,15.00000000,13.92345865,18.05941776,0.33333333,1,1.07654135
0.00466000,10.00000000,15.00000000,13.98076572,18.33889344,0.33333333,1,1.01923428
0.00468000,10.00000000,15.00000000,14.03976269,18.60285915,0.33333333,1,0.96023731
0.00470000,10.00000000,15.00000000,14.10032400,18.85088093,0.33333333,1,0.89967600
0.00472000,10.00000000,15.00000000,14.16232171,19.08255865,0.33333333,1,0.83767829
0.00474000,10.00000000,15.00000000,14.22562576,19.29752655,0.33333333,1,0.77437424
0.00476000,10.00000000,15.00000000,14.29010422,19.49545384,0.33333333,1,0.70989578
0.00478000,10.00000000,15.00000000,14.35562362,19.67604510,0.33333333,1,0.64437638
0.00480000,10.00000000,15.00000000,14.42204913,19.83904069,0.33333333,1,0.57795087
0.00482000,10.00000000,15.00000000,14.48924491,19.98421709,0.33333333,1,0.51075509
0.00484000,10.00000000,15.00000000,14.55707435,20.11138708,0.33333333,1,0.44292565
0.00486000,10.00000000,15.00000000,14.62540036,20.22039996,0.33333333,1,0.37459964
0.00488000,10.00000000,15.00000000,14.69408560,20.31114162,0.33333333,1,0.30591440
0.00490000,10.00000000,15.00000000,14.76299282,20.38353458,0.33333333,1,0.23700718
0.00492000,10.00000000,15.00000000,14.83198506,20.43753790,0.33333333,1,0.16801494
0.00494000,10.00000000,15.00000000,14.90092599,20.47314711,0.33333333,1,0.09907401
0.00496000,10.00000000,15.00000000,14.96968010,20.49039398,0.33333333,1,0.03031990
0.00498000,10.00000000,15.00000000,15.03811302,20.48934628,0.33333333,1,-0.03811302
0.00500000,10.00000000,15.00000000,15.10609175,20.47010742,0.33333333,1,-0.10609175
0.00502000,10.00000000,15.00000000,15.17348491,20.43281608,0.33333333,1,-0.17348491
0.00504000,10.00000000,15.00000000,15.24016303,20.37764571,0.33333333,1,-0.24016303
0.00506000,10.00000000,15.00000000,15.30599873,20.30480403,0.33333333,1,-0.30599873
0.00508000,10.00000000,15.00000000,15.37086703,20.21453240,0.33333333,1,-0.37086703
0.00510000,10.00000000,15.00000000,15.43464553,20.10710517,0.33333333,1,-0.43464553
0.00512000,10.00000000,15.00000000,15.49721464,19.98282897,0.33333333,1,-0.49721464
0.00514000,10.00000000,15.00000000,15.55845785,19.84204191,0.33333333,1,-0.55845785
0.00516000,10.00000000,15.00000000,15.61826187,19.68511274,0.33333333,1,-0.61826187
0.00518000,10.00000000,15.00000000,15.67651689,19.51243996,0.33333333,1,-0.67651689
0.00520000,10.00000000,15.00000000,15.73311677,19.32445088,0.33333333,1,-0.73311677
0.00522000,10.00000000,15.00000000,15.78795920,19.12160060,0.33333333,1,-0.78795920
0.00524000,10.00000000,15.00000000,15.84094590,18.90437096,0.33333333,1,-0.84094590
0.00526000,10.00000000,15.00000000,15.89198280,18.67326946,0.33333333,1,-0.89198280
0.00528000,10.00000000,15.00000000,15.94098018,18.42882812,0.33333333,1,-0.94098018
0.00530000,10.00000000,15.00000000,15.98785284,18.17160226,0.33333333,1,-0.98785284
0.00532000,10.00000000,15.00000000,16.03252023,17.90216933,0.33333333,1,-1.03252023
0.00534000,10.00000000,15.00000000,16.07490661,17.62112760,0.33333333,1,-1.07490661
0.00536000,10.00000000,15.00000000,16.11494112,17.32909490,0.33333333,1,-1.11494112
0.00538000,10.00000000,15.00000000,16.15255794,17.02670728,0.33333333,1,-1.15255794
0.00540000,10.00000000,15.00000000,16.18769640,16.71461767,0.33333333,1,-1.18769640
0.00542000,10.00000000,15.00000000,16.22030100,16.39349447,0.33333333,1,-1.22030100
0.00544000,10.00000000,15.00000000,16.25032158,16.06402020,0.33333333,1,-1.25032158
0.00546000,10.00000000,15.00000000,16.27771332,15.72689001,0.33333333,1,-1.27771332
0.00548000,10.00000000,15.00000000,16.30243684,15.38281031,0.33333333,1,-1.30243684
0.00550000,10.00000000,15.00000000,16.32445823,15.03249726,0.33333333,1,-1.32445823
0.00552000,10.00000000,15.00000000,16.34374909,14.67667534,0.33333333,1,-1.34374909
0.00554000,10.00000000,15.00000000,16.36028655,14.31607587,0.33333333,1,-1.36028655
0.00556000,10.00000000,15.00000000,16.37405329,13.95143551,0.33333333,1,-1.37405329
0.00558000,10.00000000,15.00000000,16.38503756,13.58349482,0.33333333,1,-1.38503756
0.00560000,10.00000000,15.00000000,16.39323313,13.21299674,0.33333333,1,-1.39323313
0.00562000,10.00000000,15.00000000,16.39863931,12.84068514,0.33333333,1,-1.39863931
0.00564000,10.00000000,15.00000000,16.40126091,12.46730333,0.33333333,1,-1.40126091
0.00566000,10.00000000,15.00000000,16.40110820,12.09359263,0.33333333,1,-1.40110820
0.00568000,10.00000000,15.00000000,16.39819683,11.72029088,0.33333333,1,-1.39819683
0.00570000,10.00000000,15.00000000,16.39254784,11.34813103,0.33333333,1,-1.39254784
0.00572000,10.00000000,15.00000000,16.38418751,10.97783974,0.33333333,1,-1.38418751
0.00574000,10.00000000,15.00000000,16.37314733,10.61013594,0.33333333,1,-1.37314733
0.00576000,10.00000000,15.00000000,16.35946389,10.24572949,0.33333333,1,-1.35946389
0.00578000,10.00000000,15.00000000,16.34317878,9.88531983,0.33333333,1,-1.34317878
0.00580000,10.00000000,15.00000000,16.32433850,9.52959464,0.33333333,1,-1.32433850
0.00582000,10.00000000,15.00000000,16.30299430,9.17922857,0.33333333,1,-1.30299430
0.00584000,10.00000000,15.00000000,16.27920209,8.83488198,0.33333333,1,-1.27920209
0.00586000,10.00000000,15.00000000,16.25302229,8.49719972,0.33333333,1,-1.25302229
0.00588000,10.00000000,15.00000000,16.22451970,8.16680993,0.33333333,1,-1.22451970
0.00590000,10.00000000,15.00000000,16.19376332,7.84432291,0.33333333,1,-1.19376332
0.00592000,10.00000000,15.00000000,16.16082621,7.53033003,0.33333333,1,-1.16082621
0.00594000,10.00000000,15.00000000,16.12578532,7.22540263,0.33333333,1,-1.12578532
0.00596000,10.00000000,15.00000000,16.08872131,6.93009105,0.33333333,1,-1.08872131
0.00598000,10.00000000,15.00000000,16.04971840,6.64492364,0.33333333,1,-1.04971840
0.00600000,10.00000000,15.00000000,16.00886415,6.37040582,0.33333333,1,-1.00886415
0.00602000,10.00000000,15.00000000,15.96624927,6.10701928,0.33333333,1,-0.96624927
0.00604000,10.00000000,15.00000000,15.92196745,5.85522108,0.33333333,1,-0.92196745
0.00606000,10.00000000,15.00000000,15.87611513,5.61544293,0.33333333,1,-0.87611513
0.00608000,10.00000000,15.00000000,15.82879132,5.38809049,0.33333333,1,-0.82879132
0.00610000,10.00000000,15.00000000,15.78009739,5.17354269,0.33333333,1,-0.78009739
0.00612000,10.00000000,15.00000000,15.73013682,4.97215115,0.33333333,1,-0.73013682
0.00614000,10.00000000,15.00000000,15.67901503,4.78423962,0.33333333,1,-0.67901503
0.00616000,10.00000000,15.00000000,15.62683914,4.61010351,0.33333333,1,-0.62683914
0.00618000,10.00000000,15.00000000,15.57371775,4.45000947,0.33333333,1,-0.57371775
0.00620000,10.00000000,15.00000000,15.51976071,4.30419500,0.33333333,1,-0.51976071
0.00622000,10.00000000,15.00000000,15.46507893,4.17286819,0.33333333,1,-0.46507893
0.00624000,10.00000000,15.00000000,15.40978412,4.05620740,0.33333333,1,-0.40978412
0.00626000,10.00000000,15.00000000,15.35398858,3.95436117,0.33333333,1,-0.35398858
0.00628000,10.00000000,15.00000000,15.29780497,3.86744799,0.33333333,1,-0.29780497
0.00630000,10.00000000,15.00000000,15.24134610,3.79555632,0.33333333,1,-0.24134610
0.00632000,10.00000000,15.00000000,15.18472469,3.73874451,0.33333333,1,-0.18472469
0.00634000,10.00000000,15.00000000,15.12805315,3.69704093,0.33333333,1,-0.12805315
0.00636000,10.00000000,15.00000000,15.07144338,3.67044401,0.33333333,1,-0.07144338
0.00638000,10.00000000,15.00000000,15.01500653,3.65892242,0.33333333,1,-0.01500653
0.00640000,10.00000000,15.00000000,14.95885279,3.66241535,0.33333333,1,0.04114721
0.00642000,10.00000000,15.00000000,14.90309119,3.68083274,0.33333333,1,0.09690881
0.00644000,10.00000000,15.00000000,14.84782938,3.71405562,0.33333333,1,0.15217062
0.00646000,10.00000000,15.00000000,14.79317343,3.76193653,0.33333333,1,0.20682657
0.00648000,10.00000000,15.00000000,14.73922763,3.82429998,0.33333333,1,0.26077237
0.00650000,10.00000000,15.00000000,14.68609429,3.90094290,0.33333333,1,0.31390571
0.00652000,10.00000000,15.00000000,14.63387355,3.99163523,0.33333333,1,0.36612645
0.00654000,10.00000000,15.00000000,14.58266322,4.09612051,0.33333333,1,0.41733678
0.00656000,10.00000000,15.00000000,14.53255854,4.21411654,0.33333333,1,0.46744146
0.00658000,10.00000000,15.00000000,14.48365209,4.34531609,0.33333333,1,0.51634791
0.00660000,10.00000000,15.00000000,14.43603353,4.48938760,0.33333333,1,0.56396647
0.00662000,10.00000000,15.00000000,14.38978953,4.64597600,0.33333333,1,0.61021047
0.00664000,10.00000000,15.00000000,14.34500353,4.81470356,0.33333333,1,0.65499647
0.00666000,10.00000000,15.00000000,14.30175568,4.99517070,0.33333333,1,0.69824432
0.00668000,10.00000000,15.00000000,14.26012263,5.18695696,0.33333333,1,0.73987737
0.00670000,10.00000000,15.00000000,14.22017742,5.38962191,0.33333333,1,0.77982258
0.00672000,10.00000000,15.00000000,14.18198938,5.60270612,0.33333333,1,0.81801062
0.00674000,10.00000000,15.00000000,14.14562399,5.82573220,0.33333333,1,0.85437601
0.00676000,10.00000000,15.00000000,14.11114277,6.05820581,0.33333333,1,0.88885723
0.00678000,10.00000000,15.00000000,14.07860319,6.29961677,0.33333333,1,0.92139681
0.00680000,10.00000000,15.00000000,14.04805858,6.54944008,0.33333333,1,0.95194142
0.00682000,10.00000000,15.00000000,14.01955805,6.80713713,0.33333333,1,0.98044195
0.00684000,10.00000000,15.00000000,13.99314640,7.07215675,0.33333333,1,1.00685360
0.00686000,10.00000000,15.00000000,13.96886408,7.34393641,0.33333333,1,1.03113592
0.00688000,10.00000000,15.00000000,13.94674713,7.62190339,0.33333333,1,1.05325287
0.00690000,10.00000000,15.00000000,13.92682709,7.90547596,0.33333333,1,1.07317291
0.00692000,10.00000000,15.00000000,13.90913103,8.19406456,0.33333333,1,1.09086897
0.00694000,10.00000000,15.00000000,13.89368149,8.48707302,0.33333333,1,1.10631851
0.00696000,10.00000000,15.00000000,13.88049644,8.78389978,0.33333333,1,1.11950356
0.00698000,10.00000000,15.00000000,13.86958931,9.08393907,0.33333333,1,1.13041069
0.00700000,10.00000000,15.00000000,13.86096896,9.38658217,0.33333333,1,1.13903104
0.00702000,10.00000000,15.00000000,13.85463970,9.69121860,0.33333333,1,1.14536030
0.00704000,10.00000000,15.00000000,13.85060130,9.99723733,0.33333333,1,1.14939870
0.00706000,10.00000000,15.00000000,13.84884902,10.30402800,0.33333333,1,1.15115098
0.00708000,10.00000000,15.00000000,13.84937365,10.61098209,0.33333333,1,1.15062635
0.00710000,10.00000000,15.00000000,13.85216155,10.91749417,0.33333333,1,1.14783845
0.00712000,10.00000000,15.00000000,13.85719467,11.22296299,0.33333333,1,1.14280533
0.00714000,10.00000000,15.00000000,13.86445067,11.52679273,0.33333333,1,1.13554933
0.00716000,10.00000000,15.00000000,13.87390294,11.82839405,0.33333333,1,1.12609706
0.00718000,10.00000000,15.00000000,13.88552071,12.12718530,0.33333333,1,1.11447929
0.00720000,10.00000000,15.00000000,13.89926908,12.42259359,0.33333333,1,1.10073092
0.00722000,10.00000000,15.00000000,13.91510919,12.71405583,0.33333333,1,1.08489081
0.00724000,10.00000000,15.00000000,13.93299824,13.00101986,0.33333333,1,1.06700176
0.00726000,10.00000000,15.00000000,13.95288965,13.28294542,0.33333333,1,1.04711035
0.00728000,10.00000000,15.00000000,13.97473315,13.55930517,0.33333333,1,1.02526685
0.00730000,10.00000000,15.00000000,13.99847490,13.82958565,0.33333333,1,1.00152510
0.00732000,10.00000000,15.00000000,14.02405763,14.09328822,0.33333333,1,0.97594237
0.00734000,10.00000000,15.00000000,14.05142076,14.34992997,0.33333333,1,0.94857924
0.00736000,10.00000000,15.00000000,14.08050052,14.59904454,0.33333333,1,0.91949948
0.00738000,10.00000000,15.00000000,14.11123014,14.84018301,0.33333333,1,0.88876986
0.00740000,10.00000000,15.00000000,14.14353995,15.07291465,0.33333333,1,0.85646005
0.00742000,10.00000000,15.00000000,14.17735756,15.29682766,0.33333333,1,0.82264244
0.00744000,10.00000000,15.00000000,14.21260802,15.51152990,0.33333333,1,0.78739198
0.00746000,10.00000000,15.00000000,14.24921396,15.71664954,0.33333333,1,0.75078604
0.00748000,10.00000000,15.00000000,14.28709578,15.91183569,0.33333333,1,0.71290422
0.00750000,10.00000000,15.00000000,14.32617180,16.09675896,0.33333333,1,0.67382820
0.00752000,10.00000000,15.00000000,14.36635844,16.27111200,0.33333333,1,0.63364156
0.00754000,10.00000000,15.00000000,14.40757040,16.43460997,0.33333333,1,0.59242960
0.00756000,10.00000000,15.00000000,14.44972083,16.58699102,0.33333333,1,0.55027917
0.00758000,10.00000000,15.00000000,14.49272153,16.72801661,0.33333333,1,0.50727847
0.00760000,10.00000000,15.00000000,14.53648308,16.85747190,0.33333333,1,0.46351692
0.00762000,10.00000000,15.00000000,14.58091509,16.97516603,0.33333333,1,0.41908491
0.00764000,10.00000000,15.00000000,14.62592632,17.08093236,0.33333333,1,0.37407368
0.00766000,10.00000000,15.00000000,14.67142493,17.17462866,0.33333333,1,0.32857507
0.00768000,10.00000000,15.00000000,14.71731860,17.25613728,0.33333333,1,0.28268140
0.00770000,10.00000000,15.00000000,14.76351476,17.32536519,0.33333333,1,0.23648524
0.00772000,10.00000000,15.00000000,14.80992074,17.38224408,0.33333333,1,0.19007926
0.00774000,10.00000000,15.00000000,14.85644399,17.42673037,0.33333333,1,0.14355601
0.00776000,10.00000000,15.00000000,14.90299223,17.45880507,0.33333333,1,0.09700777
0.00778000,10.00000000,15.00000000,14.94947364,17.47847379,0.33333333,1,0.05052636
0.00780000,10.00000000,15.00000000,14.99579705,17.48576651,0.33333333,1,0.00420295
0.00782000,10.00000000,15.00000000,15.04187210,17.48073744,0.33333333,1,-0.04187210
0.00784000,10.00000000,15.00000000,15.08760941,17.46346476,0.33333333,1,-0.08760941
0.00786000,10.00000000,15.00000000,15.13292079,17.43405029,0.33333333,1,-0.13292079
0.00788000,10.00000000,15.00000000,15.17771935,17.39261926,0.33333333,1,-0.17771935
0.00790000,10.00000000,15.00000000,15.22191970,17.33931983,0.33333333,1,-0.22191970
0.00792000,10.00000000,15.00000000,15.26543810,17.27432272,0.33333333,1,-0.26543810
0.00794000,10.00000000,15.00000000,15.30819262,17.19782075,0.33333333,1,-0.30819262
0.00796000,10.00000000,15.00000000,15.35010328,17.11002835,0.33333333,1,-0.35010328
0.00798000,10.00000000,15.00000000,15.39109222,17.01118095,0.33333333,1,-0.39109222
0.00800000,10.00000000,15.00000000,15.43108382,16.90153450,0.33333333,1,-0.43108382
0.00802000,10.00000000,15.00000000,15.47000483,16.78136476,0.33333333,1,-0.47000483
0.00804000,10.00000000,15.00000000,15.50778454,16.65096672,0.33333333,1,-0.50778454
0.00806000,10.00000000,15.00000000,15.54435486,16.51065386,0.33333333,1,-0.54435486
0.00808000,10.00000000,15.00000000,15.57965046,16.36075746,0.33333333,1,-0.57965046
0.00810000,10.00000000,15.00000000,15.61360889,16.20162583,0.33333333,1,-0.61360889
0.00812000,10.00000000,15.00000000,15.64617069,16.03362355,0.33333333,1,-0.64617069
0.00814000,10.00000000,15.00000000,15.67727944,15.85713065,0.33333333,1,-0.67727944
0.00816000,10.00000000,15.00000000,15.70688194,15.67254176,0.33333333,1,-0.70688194
0.00818000,10.00000000,15.00000000,15.73492823,15.48026530,0.33333333,1,-0.73492823
0.00820000,10.00000000,15.00000000,15.76137170,15.28072254,0.33333333,1,-0.76137170
0.00822000,10.00000000,15.00000000,15.78616913,15.07434673,0.33333333,1,-0.78616913
0.00824000,10.00000000,15.00000000,15.80928082,14.86158220,0.33333333,1,-0.80928082
0.00826000,10.00000000,15.00000000,15.83067058,14.64288338,0.33333333,1,-0.83067058
0.00828000,10.00000000,15.00000000,15.85030582,14.41871388,0.33333333,1,-0.85030582
0.00830000,10.00000000,15.00000000,15.86815760,14.18954550,0.33333333,1,-0.86815760
0.00832000,10.00000000,15.00000000,15.88420064,13.95585730,0.33333333,1,-0.88420064
0.00834000,10.00000000,15.00000000,15.89841335,13.71813455,0.33333333,1,-0.89841335
0.00836000,10.00000000,15.00000000,15.91077790,13.47686782,0.33333333,1,-0.91077790
0.00838000,10.00000000,15.00000000,15.92128015,13.23255191,0.33333333,1,-0.92128015
0.00840000,10.00000000,15.00000000,15.92990976,12.98568489,0.33333333,1,-0.92990976
0.00842000,10.00000000,15.00000000,15.93666009,12.73676711,0.33333333,1,-0.93666009
0.00844000,10.00000000,15.00000000,15.94152826,12.48630017,0.33333333,1,-0.94152826
0.00846000,10.00000000,15.00000000,15.94451512,12.23478596,0.33333333,1,-0.94451512
0.00848000,10.00000000,15.00000000,15.94562520,11.98272563,0.33333333,1,-0.94562520
0.00850000,10.00000000,15.00000000,15.94486671,11.73061864,0.33333333,1,-0.94486671
0.00852000,10.00000000,15.00000000,15.94225151,11.47896178,0.33333333,1,-0.94225151
0.00854000,10.00000000,15.00000000,15.93779502,11.22824820,0.33333333,1,-0.93779502
0.00856000,10.00000000,15.00000000,15.93151623,10.97896645,0.33333333,1,-0.93151623
0.00858000,10.00000000,15.00000000,15.92343759,10.73159956,0.33333333,1,-0.92343759
0.00860000,10.00000000,15.00000000,15.91358499,10.48662411,0.33333333,1,-0.91358499
0.00862000,10.00000000,15.00000000,15.90198767,10.24450934,0.33333333,1,-0.90198767
0.00864000,10.00000000,15.00000000,15.88867813,10.00571624,0.33333333,1,-0.88867813
0.00866000,10.00000000,15.00000000,15.87369206,9.77069672,0.33333333,1,-0.87369206
0.00868000,10.00000000,15.00000000,15.85706828,9.53989274,0.33333333,1,-0.85706828
0.00870000,10.00000000,15.00000000,15.83884859,9.31373552,0.33333333,1,-0.83884859
0.00872000,10.00000000,15.00000000,15.81907772,9.09264473,0.33333333,1,-0.81907772
0.00874000,10.00000000,15.00000000,15.79780321,8.87702774,0.33333333,1,-0.79780321
0.00876000,10.00000000,15.00000000,15.77507528,8.66727889,0.33333333,1,-0.77507528
0.00878000,10.00000000,15.00000000,15.75094675,8.46377878,0.33333333,1,-0.75094675
0.00880000,10.00000000,15.00000000,15.72547290,8.26689356,0.33333333,1,-0.72547290
0.00882000,10.00000000,15.00000000,15.69871136,8.07697437,0.33333333,1,-0.69871136
0.00884000,10.00000000,15.00000000,15.67072196,7.89435666,0.33333333,1,-0.67072196
0.00886000,10.00000000,15.00000000,15.64156664,7.71935964,0.33333333,1,-0.64156664
0.00888000,10.00000000,15.00000000,15.61130927,7.55228576,0.33333333,1,-0.61130927
0.00890000,10.00000000,15.00000000,15.58001555,7.39342017,0.33333333,1,-0.58001555
0.00892000,10.00000000,15.00000000,15.54775286,7.24303028,0.33333333,1,-0.54775286
0.00894000,10.00000000,15.00000000,15.51459011,7.10136532,0.33333333,1,-0.51459011
0.00896000,10.00000000,15.00000000,15.48059759,6.96865598,0.33333333,1,-0.48059759
0.00898000,10.00000000,15.00000000,15.44584686,6.84511401,0.33333333,1,-0.44584686
0.00900000,10.00000000,15.00000000,15.41041055,6.73093194,0.33333333,1,-0.41041055
0.00902000,10.00000000,15.00000000,15.37436226,6.62628279,0.33333333,1,-0.37436226
0.00904000,10.00000000,15.00000000,15.33777638,6.53131986,0.33333333,1,-0.33777638
0.00906000,10.00000000,15.00000000,15.30072793,6.44617651,0.33333333,1,-0.30072793
0.00908000,10.00000000,15.00000000,15.26329245,6.37096603,0.33333333,1,-0.26329245
0.00910000,10.00000000,15.00000000,15.22554581,6.30578153,0.33333333,1,-0.22554581
0.00912000,10.00000000,15.00000000,15.18756407,6.25069584,0.33333333,1,-0.18756407
0.00914000,10.00000000,15.00000000,15.14942336,6.20576149,0.33333333,1,-0.14942336
0.00916000,10.00000000,15.00000000,15.11119966,6.17101075,0.33333333,1,-0.11119966
0.00918000,10.00000000,15.00000000,15.07296871,6.14645565,0.33333333,1,-0.07296871
0.00920000,10.00000000,15.00000000,15.03480586,6.13208805,0.33333333,1,-0.03480586
0.00922000,10.00000000,15.00000000,14.99678589,6.12787982,0.33333333,1,0.00321411
0.00924000,10.00000000,15.00000000,14.95898288,6.13378295,0.33333333,1,0.04101712
0.00926000,10.00000000,15.00000000,14.92147009,6.14972981,0.33333333,1,0.07852991
0.00928000,10.00000000,15.00000000,14.88431979,6.17563334,0.33333333,1,0.11568021
0.00930000,10.00000000,15.00000000,14.84760315,6.21138736,0.33333333,1,0.15239685
0.00932000,10.00000000,15.00000000,14.81139006,6.25686689,0.33333333,1,0.18860994
0.00934000,10.00000000,15.00000000,14.77574908,6.31192847,0.33333333,1,0.22425092
0.00936000,10.00000000,15.00000000,14.74074721,6.37641056,0.33333333,1,0.25925279
0.00938000,10.00000000,15.00000000,14.70644985,6.45013399,0.33333333,1,0.29355015
0.00940000,10.00000000,15.00000000,14.67292066,6.53290234,0.33333333,1,0.32707934
0.00942000,10.00000000,15.00000000,14.64022141,6.62450251,0.33333333,1,0.35977859
0.00944000,10.00000000,15.00000000,14.60841191,6.72470515,0.33333333,1,0.39158809
0.00946000,10.00000000,15.00000000,14.57754987,6.83326526,0.33333333,1,0.42245013
0.00948000,10.00000000,15.00000000,14.54769083,6.94992272,0.33333333,1,0.45230917
0.00950000,10.00000000,15.00000000,14.51888804,7.07440291,0.33333333,1,0.48111196
0.00952000,10.00000000,15.00000000,14.49119238,7.20641733,0.33333333,1,0.50880762
0.00954000,10.00000000,15.00000000,14.46465225,7.34566424,0.33333333,1,0.53534775
0.00956000,10.00000000,15.00000000,14.43931353,7.49182932,0.33333333,1,0.56068647
0.00958000,10.00000000,15.00000000,14.41521947,7.64458637,0.33333333,1,0.58478053
0.00960000,10.00000000,15.00000000,14.39241062,7.80359801,0.33333333,1,0.60758938
0.00962000,10.00000000,15.00000000,14.37092479,7.96851641,0.33333333,1,0.62907521
0.00964000,10.00000000,15.00000000,14.35079697,8.13898405,0.33333333,1,0.64920303
0.00966000,10.00000000,15.00000000,14.33205926,8.31463444,0.33333333,1,0.66794074
0.00968000,10.00000000,15.00000000,14.31474088,8.49509293,0.33333333,1,0.68525912
0.00970000,10.00000000,15.00000000,14.29886806,8.67997746,0.33333333,1,0.70113194
0.00972000,10.00000000,15.00000000,14.28446407,8.86889938,0.33333333,1,0.71553593
0.00974000,10.00000000,15.00000000,14.27154914,9.06146424,0.33333333,1,0.72845086
0.00976000,10.00000000,15.00000000,14.26014044,9.25727259,0.33333333,1,0.73985956
0.00978000,10.00000000,15.00000000,14.25025211,9.45592083,0.33333333,1,0.74974789
0.00980000,10.00000000,15.00000000,14.24189519,9.65700199,0.33333333,1,0.75810481
0.00982000,10.00000000,15.00000000,14.23507767,9.86010654,0.33333333,1,0.76492233
0.00984000,10.00000000,15.00000000,14.22980444,10.06482327,0.33333333,1,0.77019556
0.00986000,10.00000000,15.00000000,14.22607732,10.27074005,0.33333333,1,0.77392268
0.00988000,10.00000000,15.00000000,14.22389511,10.47744468,0.33333333,1,0.77610489
0.00990000,10.00000000,15.00000000,14.22325352,10.68452569,0.33333333,1,0.77674648
0.00992000,10.00000000,15.00000000,14.22414530,10.89157315,0.33333333,1,0.77585470
0.00994000,10.00000000,15.00000000,14.22656019,11.09817946,0.33333333,1,0.77343981
0.00996000,10.00000000,15.00000000,14.23048500,11.30394014,0.33333333,1,0.76951500
0.00998000,10.00000000,15.00000000,14.23590363,11.50845465,0.33333333,1,0.76409637
0.01000000,10.00000000,15.00000000,14.24279713,11.71132709,0.33333333,1,0.75720287
0.01002000,10.00000000,15.00000000,14.25114376,11.91216700,0.33333333,1,0.74885624
0.01004000,10.00000000,15.00000000,14.26091902,12.11059008,0.33333333,1,0.73908098
0.01006000,10.00000000,15.00000000,14.27209575,12.30621892,0.33333333,1,0.72790425
0.01008000,10.00000000,15.00000000,14.28464418,12.49868373,0.33333333,1,0.71535582
0.01010000,10.00000000,15.00000000,14.29853198,12.68762295,0.33333333,1,0.70146802
0.01012000,10.00000000,15.00000000,14.31372439,12.87268402,0.33333333,1,0.68627561
0.01014000,10.00000000,15.00000000,14.33018426,13.05352393,0.33333333,1,0.66981574
0.01016000,10.00000000,15.00000000,14.34787214,13.22980991,0.33333333,1,0.65212786
0.01018000,10.00000000,15.00000000,14.36674640,13.40121998,0.33333333,1,0.63325360
0.01020000,10.00000000,15.00000000,14.38676329,13.56744358,0.33333333,1,0.61323671
0.01022000,10.00000000,15.00000000,14.40787706,13.72818204,0.33333333,1,0.59212294
0.01024000,10.00000000,15.00000000,14.43004005,13.88314920,0.33333333,1,0.56995995
0.01026000,10.00000000,15.00000000,14.45320279,14.03207181,0.33333333,1,0.54679721
0.01028000,10.00000000,15.00000000,14.47731413,14.17469005,0.33333333,1,0.52268587
0.01030000,10.00000000,15.00000000,14.50232132,14.31075796,0.33333333,1,0.49767868
0.01032000,10.00000000,15.00000000,14.52817014,14.44004385,0.33333333,1,0.47182986
0.01034000,10.00000000,15.00000000,14.55480504,14.56233067,0.33333333,1,0.44519496
0.01036000,10.00000000,15.00000000,14.58216919,14.67741634,0.33333333,1,0.41783081
0.01038000,10.00000000,15.00000000,14.61020465,14.78511409,0.33333333,1,0.38979535
0.01040000,10.00000000,15.00000000,14.63885250,14.88525275,0.33333333,1,0.36114750
0.01042000,10.00000000,15.00000000,14.66805292,14.97767696,0.33333333,1,0.33194708
0.01044000,10.00000000,15.00000000,14.69774534,15.06224745,0.33333333,1,0.30225466
0.01046000,10.00000000,15.00000000,14.72786855,15.13884115,0.33333333,1,0.27213145
0.01048000,10.00000000,15.00000000,14.75836084,15.20735141,0.33333333,1,0.24163916
0.01050000,10.00000000,15.00000000,14.78916011,15.26768808,0.33333333,1,0.21083989
0.01052000,10.00000000,15.00000000,14.82020399,15.31977761,0.33333333,1,0.17979601
0.01054000,10.00000000,15.00000000,14.85143000,15.36356310,0.33333333,1,0.14857000
0.01056000,10.00000000,15.00000000,14.88277562,15.39900431,0.33333333,1,0.11722438
0.01058000,10.00000000,15.00000000,14.91417845,15.42607768,0.33333333,1,0.08582155
0.01060000,10.00000000,15.00000000,14.94557633,15.44477625,0.33333333,1,0.05442367
0.01062000,10.00000000,15.00000000,14.97690746,15.45510957,0.33333333,1,0.02309254
0.01064000,10.00000000,15.00000000,15.00811048,15.45710366,0.33333333,1,-0.00811048
0.01066000,10.00000000,15.00000000,15.03912466,15.45080078,0.33333333,1,-0.03912466
0.01068000,10.00000000,15.00000000,15.06988996,15.43625930,0.33333333,1,-0.06988996
0.01070000,10.00000000,15.00000000,15.10034717,15.41355352,0.33333333,1,-0.10034717
0.01072000,10.00000000,15.00000000,15.13043801,15.38277338,0.33333333,1,-0.13043801
0.01074000,10.00000000,15.00000000,15.16010524,15.34402425,0.33333333,1,-0.16010524
0.01076000,10.00000000,15.00000000,15.18929278,15.29742657,0.33333333,1,-0.18929278
0.01078000,10.00000000,15.00000000,15.21794580,15.24311562,0.33333333,1,-0.21794580
0.01080000,10.00000000,15.00000000,15.24601084,15.18124109,0.33333333,1,-0.24601084
0.01082000,10.00000000,15.00000000,15.27343587,15.11196674,0.33333333,1,-0.27343587
0.01084000,10.00000000,15.00000000,15.30017043,15.03547001,0.33333333,1,-0.30017043
0.01086000,10.00000000,15.00000000,15.32616568,14.95194157,0.33333333,1,-0.32616568
0.01088000,10.00000000,15.00000000,15.35137454,14.86158490,0.33333333,1,-0.35137454
0.01090000,10.00000000,15.00000000,15.37575169,14.76461576,0.33333333,1,-0.37575169
0.01092000,10.00000000,15.00000000,15.39925375,14.66126179,0.33333333,1,-0.39925375
0.01094000,10.00000000,15.00000000,15.42183927,14.55176191,0.33333333,1,-0.42183927
0.01096000,10.00000000,15.00000000,15.44346885,14.43636584,0.33333333,1,-0.44346885
0.01098000,10.00000000,15.00000000,15.46410518,14.31533350,0.33333333,1,-0.46410518
0.01100000,10.00000000,15.00000000,15.48371313,14.18893450,0.33333333,1,-0.48371313
0.01102000,10.00000000,15.00000000,15.50225976,14.05744752,0.33333333,1,-0.50225976
0.01104000,10.00000000,15.00000000,15.51971444,13.92115971,0.33333333,1,-0.51971444
0.01106000,10.00000000,15.00000000,15.53604884,13.78036608,0.33333333,1,-0.53604884
0.01108000,10.00000000,15.00000000,15.55123699,13.63536890,0.33333333,1,-0.55123699
0.01110000,10.00000000,15.00000000,15.56525533,13.48647702,0.33333333,1,-0.56525533
0.01112000,10.00000000,15.00000000,15.57808274,13.33400526,0.33333333,1,-0.57808274
0.01114000,10.00000000,15.00000000,15.58970054,13.17827376,0.33333333,1,-0.58970054
0.01116000,10.00000000,15.00000000,15.60009255,13.01960729,0.33333333,1,-0.60009255
0.01118000,10.00000000,15.00000000,15.60924510,12.85833460,0.33333333,1,-0.60924510
0.01120000,10.00000000,15.00000000,15.61714704,12.69478775,0.33333333,1,-0.61714704
0.01122000,10.00000000,15.00000000,15.62378972,12.52930146,0.33333333,1,-0.62378972
0.01124000,10.00000000,15.00000000,15.62916704,12.36221240,0.33333333,1,-0.62916704
0.01126000,10.00000000,15.00000000,15.63327542,12.19385852,0.33333333,1,-0.63327542
0.01128000,10.00000000,15.00000000,15.63611380,12.02457841,0.33333333,1,-0.63611380
0.01130000,10.00000000,15.00000000,15.63768363,11.85471060,0.33333333,1,-0.63768363
0.01132000,10.00000000,15.00000000,15.63798883,11.68459291,0.33333333,1,-0.63798883
0.01134000,10.00000000,15.00000000,15.63703582,11.51456175,0.33333333,1,-0.63703582
0.01136000,10.00000000,15.00000000,15.63483344,11.34495154,0.33333333,1,-0.63483344
0.01138000,10.00000000,15.00000000,15.63139296,11.17609399,0.33333333,1,-0.63139296
0.01140000,10.00000000,15.00000000,15.62672800,11.00831749,0.33333333,1,-0.62672800
0.01142000,10.00000000,15.00000000,15.62085454,10.84194649,0.33333333,1,-0.62085454
0.01144000,10.00000000,15.00000000,15.61379084,10.67730088,0.33333333,1,-0.61379084
0.01146000,10.00000000,15.00000000,15.60555742,10.51469537,0.33333333,1,-0.60555742
0.01148000,10.00000000,15.00000000,15.59617695,10.35443890,0.33333333,1,-0.59617695
0.01150000,10.00000000,15.00000000,15.58567428,10.19683410,0.33333333,1,-0.58567428
0.01152000,10.00000000,15.00000000,15.57407631,10.04217666,0.33333333,1,-0.57407631
0.01154000,10.00000000,15.00000000,15.56141194,9.89075487,0.33333333,1,-0.56141194
0.01156000,10.00000000,15.00000000,15.54771204,9.74284902,0.33333333,1,-0.54771204
0.01158000,10.00000000,15.00000000,15.53300930,9.59873094,0.33333333,1,-0.53300930
0.01160000,10.00000000,15.00000000,15.51733826,9.45866348,0.33333333,1,-0.51733826
0.01162000,10.00000000,15.00000000,15.50073514,9.32290006,0.33333333,1,-0.50073514
0.01164000,10.00000000,15.00000000,15.48323780,9.19168423,0.33333333,1,-0.48323780
0.01166000,10.00000000,15.00000000,15.46488565,9.06524923,0.33333333,1,-0.46488565
0.01168000,10.00000000,15.00000000,15.44571959,8.94381758,0.33333333,1,-0.44571959
0.01170000,10.00000000,15.00000000,15.42578185,8.82760072,0.33333333,1,-0.42578185
0.01172000,10.00000000,15.00000000,15.40511600,8.71679866,0.33333333,1,-0.40511600
0.01174000,10.00000000,15.00000000,15.38376676,8.61159961,0.33333333,1,-0.38376676
0.01176000,10.00000000,15.00000000,15.36177996,8.51217973,0.33333333,1,-0.36177996
0.01178000,10.00000000,15.00000000,15.33920245,8.41870281,0.33333333,1,-0.33920245
0.01180000,10.00000000,15.00000000,15.31608196,8.33132003,0.33333333,1,-0.31608196
0.01182000,10.00000000,15.00000000,15.29246703,8.25016972,0.33333333,1,-0.29246703
0.01184000,10.00000000,15.00000000,15.26840692,8.17537719,0.33333333,1,-0.26840692
0.01186000,10.00000000,15.00000000,15.24395148,8.10705451,0.33333333,1,-0.24395148
0.01188000,10.00000000,15.00000000,15.21915105,8.04530040,0.33333333,1,-0.21915105
0.01190000,10.00000000,15.00000000,15.19405641,7.99020010,0.33333333,1,-0.19405641
0.01192000,10.00000000,15.00000000,15.16871860,7.94182526,0.33333333,1,-0.16871860
0.01194000,10.00000000,15.00000000,15.14318887,7.90023391,0.33333333,1,-0.14318887
0.01196000,10.00000000,15.00000000,15.11751857,7.86547036,0.33333333,1,-0.11751857
0.01198000,10.00000000,15.00000000,15.09175903,7.83756527,0.33333333,1,-0.09175903
0.01200000,10.00000000,15.00000000,15.06596149,7.81653559,0.33333333,1,-0.06596149
0.01202000,10.00000000,15.00000000,15.04017695,7.80238465,0.33333333,1,-0.04017695
0.01204000,10.00000000,15.00000000,15.01445614,7.79510221,0.33333333,1,-0.01445614
0.01206000,10.00000000,15.00000000,14.98884935,7.79466457,0.33333333,1,0.01115065
0.01208000,10.00000000,15.00000000,14.96340639,7.80103466,0.33333333,1,0.03659361
0.01210000,10.00000000,15.00000000,14.93817645,7.81416222,0.33333333,1,0.06182355
0.01212000,10.00000000,15.00000000,14.91320806,7.83398397,0.33333333,1,0.08679194
0.01214000,10.00000000,15.00000000,14.88854893,7.86042376,0.33333333,1,0.11145107
0.01216000,10.00000000,15.00000000,14.86424593,7.89339287,0.33333333,1,0.13575407
0.01218000,10.00000000,15.00000000,14.84034493,7.93279019,0.33333333,1,0.15965507
0.01220000,10.00000000,15.00000000,14.81689079,7.97850251,0.33333333,1,0.18310921
0.01222000,10.00000000,15.00000000,14.79392723,8.03040482,0.33333333,1,0.20607277
0.01224000,10.00000000,15.00000000,14.77149674,8.08836060,0.33333333,1,0.22850326
0.01226000,10.00000000,15.00000000,14.74964057,8.15222217,0.33333333,1,0.25035943
0.01228000,10.00000000,15.00000000,14.72839857,8.22183103,0.33333333,1,0.27160143
0.01230000,10.00000000,15.00000000,14.70780917,8.29701824,0.33333333,1,0.29219083
0.01232000,10.00000000,15.00000000,14.68790931,8.37760483,0.33333333,1,0.31209069
0.01234000,10.00000000,15.00000000,14.66873436,8.46340216,0.33333333,1,0.33126564
0.01236000,10.00000000,15.00000000,14.65031808,8.55421239,0.33333333,1,0.34968192
0.01238000,10.00000000,15.00000000,14.63269253,8.64982889,0.33333333,1,0.36730747
0.01240000,10.00000000,15.00000000,14.61588804,8.75003671,0.33333333,1,0.38411196
0.01242000,10.00000000,15.00000000,14.59993316,8.85461306,0.33333333,1,0.40006684
0.01244000,10.00000000,15.00000000,14.58485461,8.96332778,0.33333333,1,0.41514539
0.01246000,10.00000000,15.00000000,14.57067723,9.07594382,0.33333333,1,0.42932277
0.01248000,10.00000000,15.00000000,14.55742394,9.19221777,0.33333333,1,0.44257606
0.01250000,10.00000000,15.00000000,14.54511574,9.31190036,0.33333333,1,0.45488426
0.01252000,10.00000000,15.00000000,14.53377163,9.43473700,0.33333333,1,0.46622837
0.01254000,10.00000000,15.00000000,14.52340860,9.56046827,0.33333333,1,0.47659140
0.01256000,10.00000000,15.00000000,14.51404164,9.68883052,0.33333333,1,0.48595836
0.01258000,10.00000000,15.00000000,14.50568367,9.81955636,0.33333333,1,0.49431633
0.01260000,10.00000000,15.00000000,14.49834557,9.95237522,0.33333333,1,0.50165443
0.01262000,10.00000000,15.00000000,14.49203613,10.08701394,0.33333333,1,0.50796387
0.01264000,10.00000000,15.00000000,14.48676208,10.22319724,0.33333333,1,0.51323792
0.01266000,10.00000000,15.00000000,14.48252808,10.36064836,0.33333333,1,0.51747192
0.01268000,10.00000000,15.00000000,14.47933671,10.49908957,0.33333333,1,0.52066329
0.01270000,10.00000000,15.00000000,14.47718846,10.63824271,0.33333333,1,0.52281154
0.01272000,10.00000000,15.00000000,14.47608179,10.77782979,0.33333333,1,0.52391821
0.01274000,10.00000000,15.00000000,14.47601312,10.91757347,0.33333333,1,0.52398688
0.01276000,10.00000000,15.00000000,14.47697683,11.05719767,0.33333333,1,0.52302317
0.01278000,10.00000000,15.00000000,14.47896529,11.19642806,0.33333333,1,0.52103471
0.01280000,10.00000000,15.00000000,14.48196892,11.33499260,0.33333333,1,0.51803108
0.01282000,10.00000000,15.00000000,14.48597617,11.47262208,0.33333333,1,0.51402383
0.01284000,10.00000000,15.00000000,14.49097360,11.60905062,0.33333333,1,0.50902640
0.01286000,10.00000000,15.00000000,14.49694587,11.74401616,0.33333333,1,0.50305413
0.01288000,10.00000000,15.00000000,14.50387582,11.87726101,0.33333333,1,0.49612418
0.01290000,10.00000000,15.00000000,14.51174450,12.00853227,0.33333333,1,0.48825550
0.01292000,10.00000000,15.00000000,14.52053121,12.13758233,0.33333333,1,0.47946879
0.01294000,10.00000000,15.00000000,14.53021356,12.26416933,0.33333333,1,0.46978644
0.01296000,10.00000000,15.00000000,14.54076751,12.38805761,0.33333333,1,0.45923249
0.01298000,10.00000000,15.00000000,14.55216746,12.50901811,0.33333333,1,0.44783254
0.01300000,10.00000000,15.00000000,14.56438626,12.62682883,0.33333333,1,0.43561374
0.01302000,10.00000000,15.00000000,14.57739530,12.74127519,0.33333333,1,0.42260470
0.01304000,10.00000000,15.00000000,14.59116460,12.85215041,0.33333333,1,0.40883540
0.01306000,10.00000000,15.00000000,14.60566282,12.95925593,0.33333333,1,0.39433718
0.01308000,10.00000000,15.00000000,14.62085737,13.06240167,0.33333333,1,0.37914263
0.01310000,10.00000000,15.00000000,14.63671446,13.16140643,0.33333333,1,0.36328554
0.01312000,10.00000000,15.00000000,14.65319919,13.25609816,0.33333333,1,0.34680081
0.01314000,10.00000000,15.00000000,14.67027562,13.34631426,0.33333333,1,0.32972438
0.01316000,10.00000000,15.00000000,14.68790685,13.43190184,0.33333333,1,0.31209315
0.01318000,10.00000000,15.00000000,14.70605506,13.51271798,0.33333333,1,0.29394494
0.01320000,10.00000000,15.00000000,14.72468165,13.58862995,0.33333333,1,0.27531835
0.01322000,10.00000000,15.00000000,14.74374729,13.65951540,0.33333333,1,0.25625271
0.01324000,10.00000000,15.00000000,14.76321200,13.72526258,0.33333333,1,0.23678800
0.01326000,10.00000000,15.00000000,14.78303523,13.78577046,0.33333333,1,0.21696477
0.01328000,10.00000000,15.00000000,14.80317594,13.84094890,0.33333333,1,0.19682406
0.01330000,10.00000000,15.00000000,14.82359272,13.89071875,0.33333333,1,0.17640728
0.01332000,10.00000000,15.00000000,14.84424382,13.93501195,0.33333333,1,0.15575618
0.01334000,10.00000000,15.00000000,14.86508728,13.97377161,0.33333333,1,0.13491272
0.01336000,10.00000000,15.00000000,14.88608097,14.00695205,0.33333333,1,0.11391903
0.01338000,10.00000000,15.00000000,14.90718271,14.03451883,0.33333333,1,0.09281729
0.01340000,10.00000000,15.00000000,14.92835036,14.05644875,0.33333333,1,0.07164964
0.01342000,10.00000000,15.00000000,14.94954185,14.07272985,0.33333333,1,0.05045815
0.01344000,10.00000000,15.00000000,14.97071531,14.08336137,0.33333333,1,0.02928469
0.01346000,10.00000000,15.00000000,14.99182914,14.08835366,0.33333333,1,0.00817086
0.01348000,10.00000000,15.00000000,15.01284209,14.08772813,0.33333333,1,-0.01284209
0.01350000,10.00000000,15.00000000,15.03371334,14.08151714,0.33333333,1,-0.03371334
0.01352000,10.00000000,15.00000000,15.05440255,14.06976387,0.33333333,1,-0.05440255
0.01354000,10.00000000,15.00000000,15.07487000,14.05252216,0.33333333,1,-0.07487000
0.01356000,10.00000000,15.00000000,15.09507660,14.02985639,0.33333333,1,-0.09507660
0.01358000,10.00000000,15.00000000,15.11498399,14.00184125,0.33333333,1,-0.11498399
0.01360000,10.00000000,15.00000000,15.13455464,13.96856154,0.33333333,1,-0.13455464
0.01362000,10.00000000,15.00000000,15.15375185,13.93011197,0.33333333,1,-0.15375185
0.01364000,10.00000000,15.00000000,15.17253990,13.88659693,0.33333333,1,-0.17253990
0.01366000,10.00000000,15.00000000,15.19088403,13.83813016,0.33333333,1,-0.19088403
0.01368000,10.00000000,15.00000000,15.20875059,13.78483457,0.33333333,1,-0.20875059
0.01370000,10.00000000,15.00000000,15.22610703,13.72684187,0.33333333,1,-0.22610703
0.01372000,10.00000000,15.00000000,15.24292199,13.66429229,0.33333333,1,-0.24292199
0.01374000,10.00000000,15.00000000,15.25916536,13.59733429,0.33333333,1,-0.25916536
0.01376000,10.00000000,15.00000000,15.27480831,13.52612415,0.33333333,1,-0.27480831
0.01378000,10.00000000,15.00000000,15.28982336,13.45082568,0.33333333,1,-0.28982336
0.01380000,10.00000000,15.00000000,15.30418442,13.37160983,0.33333333,1,-0.30418442
0.01382000,10.00000000,15.00000000,15.31786681,13.28865432,0.33333333,1,-0.31786681
0.01384000,10.00000000,15.00000000,15.33084737,13.20214326,0.33333333,1,-0.33084737
0.01386000,10.00000000,15.00000000,15.34310440,13.11226672,0.33333333,1,-0.34310440
0.01388000,10.00000000,15.00000000,15.35461778,13.01922036,0.33333333,1,-0.35461778
0.01390000,10.00000000,15.00000000,15.36536896,12.92320500,0.33333333,1,-0.36536896
0.01392000,10.00000000,15.00000000,15.37534097,12.82442619,0.33333333,1,-0.37534097
0.01394000,10.00000000,15.00000000,15.38451850,12.72309378,0.33333333,1,-0.38451850
0.01396000,10.00000000,15.00000000,15.39288787,12.61942150,0.33333333,1,-0.39288787
0.01398000,10.00000000,15.00000000,15.40043708,12.51362650,0.33333333,1,-0.40043708
0.01400000,10.00000000,15.00000000,15.40715580,12.40592889,0.33333333,1,-0.40715580
0.01402000,10.00000000,15.00000000,15.41303541,12.29655134,0.33333333,1,-0.41303541
0.01404000,10.00000000,15.00000000,15.41806896,12.18571856,0.33333333,1,-0.41806896
0.01406000,10.00000000,15.00000000,15.42225123,12.07365691,0.33333333,1,-0.42225123
0.01408000,10.00000000,15.00000000,15.42557871,11.96059390,0.33333333,1,-0.42557871
0.01410000,10.00000000,15.00000000,15.42804958,11.84675775,0.33333333,1,-0.42804958
0.01412000,10.00000000,15.00000000,15.42966370,11.73237696,0.33333333,1,-0.42966370
0.01414000,10.00000000,15.00000000,15.43042266,11.61767980,0.33333333,1,-0.43042266
0.01416000,10.00000000,15.00000000,15.43032970,11.50289394,0.33333333,1,-0.43032970
0.01418000,10.00000000,15.00000000,15.42938971,11.38824594,0.33333333,1,-0.42938971
0.01420000,10.00000000,15.00000000,15.42760924,11.27396082,0.33333333,1,-0.42760924
0.01422000,10.00000000,15.00000000,15.42499646,11.16026167,0.33333333,1,-0.42499646
0.01424000,10.00000000,15.00000000,15.42156112,11.04736917,0.33333333,1,-0.42156112
0.01426000,10.00000000,15.00000000,15.41731454,10.93550119,0.33333333,1,-0.41731454
0.01428000,10.00000000,15.00000000,15.41226959,10.82487239,0.33333333,1,-0.41226959
0.01430000,10.00000000,15.00000000,15.40644061,10.71569378,0.33333333,1,-0.40644061
0.01432000,10.00000000,15.00000000,15.39984345,10.60817236,0.33333333,1,-0.39984345
0.01434000,10.00000000,15.00000000,15.39249534,10.50251070,0.33333333,1,-0.39249534
0.01436000,10.00000000,15.00000000,15.38441491,10.39890662,0.33333333,1,-0.38441491
0.01438000,10.00000000,15.00000000,15.37562214,10.29755275,0.33333333,1,-0.37562214
0.01440000,10.00000000,15.00000000,15.36613830,10.19863625,0.33333333,1,-0.36613830
0.01442000,10.00000000,15.00000000,15.35598589,10.10233842,0.33333333,1,-0.35598589
0.01444000,10.00000000,15.00000000,15.34518860,10.00883444,0.33333333,1,-0.34518860
0.01446000,10.00000000,15.00000000,15.33377129,9.91829296,0.33333333,1,-0.33377129
0.01448000,10.00000000,15.00000000,15.32175986,9.83087590,0.33333333,1,-0.32175986
0.01450000,10.00000000,15.00000000,15.30918126,9.74673812,0.33333333,1,-0.30918126
0.01452000,10.00000000,15.00000000,15.29606342,9.66602717,0.33333333,1,-0.29606342
0.01454000,10.00000000,15.00000000,15.28243516,9.58888301,0.33333333,1,-0.28243516
0.01456000,10.00000000,15.00000000,15.26832614,9.51543782,0.33333333,1,-0.26832614
0.01458000,10.00000000,15.00000000,15.25376682,9.44581577,0.33333333,1,-0.25376682
0.01460000,10.00000000,15.00000000,15.23878836,9.38013278,0.33333333,1,-0.23878836
0.01462000,10.00000000,15.00000000,15.22342259,9.31849641,0.33333333,1,-0.22342259
0.01464000,10.00000000,15.00000000,15.20770191,9.26100562,0.33333333,1,-0.20770191
0.01466000,10.00000000,15.00000000,15.19165926,9.20775068,0.33333333,1,-0.19165926
0.01468000,10.00000000,15.00000000,15.17532802,9.15881300,0.33333333,1,-0.17532802
0.01470000,10.00000000,15.00000000,15.15874194,9.11426506,0.33333333,1,-0.15874194
0.01472000,10.00000000,15.00000000,15.14193510,9.07417026,0.33333333,1,-0.14193510
0.01474000,10.00000000,15.00000000,15.12494184,9.03858291,0.33333333,1,-0.12494184
0.01476000,10.00000000,15.00000000,15.10779665,9.00754812,0.33333333,1,-0.10779665
0.01478000,10.00000000,15.00000000,15.09053414,8.98110179,0.33333333,1,-0.09053414
0.01480000,10.00000000,15.00000000,15.07318896,8.95927059,0.33333333,1,-0.07318896
0.01482000,10.00000000,15.00000000,15.05579573,8.94207195,0.33333333,1,-0.05579573
0.01484000,10.00000000,15.00000000,15.03838897,8.92951407,0.33333333,1,-0.03838897
0.01486000,10.00000000,15.00000000,15.02100303,8.92159598,0.33333333,1,-0.02100303
0.01488000,10.00000000,15.00000000,15.00367206,8.91830757,0.33333333,1,-0.00367206
0.01490000,10.00000000,15.00000000,14.98642986,8.91962966,0.33333333,1,0.01357014
0.01492000,10.00000000,15.00000000,14.96930992,8.92553410,0.33333333,1,0.03069008
0.01494000,10.00000000,15.00000000,14.95234527,8.93598389,0.33333333,1,0.04765473
0.01496000,10.00000000,15.00000000,14.93556846,8.95093326,0.33333333,1,0.06443154
0.01498000,10.00000000,15.00000000,14.91901150,8.97032783,0.33333333,1,0.08098850
0.01500000,10.00000000,15.00000000,14.90270577,8.99410479,0.33333333,1,0.09729423
0.01502000,10.00000000,15.00000000,14.88668200,9.02219302,0.33333333,1,0.11331800
0.01504000,10.00000000,15.00000000,14.87097018,9.05451332,0.33333333,1,0.12902982
0.01506000,10.00000000,15.00000000,14.85559954,9.09097859,0.33333333,1,0.14440046
0.01508000,10.00000000,15.00000000,14.84059845,9.13149405,0.33333333,1,0.15940155
0.01510000,10.00000000,15.00000000,14.82599441,9.17595745,0.33333333,1,0.17400559
0.01512000,10.00000000,15.00000000,14.81181398,9.22425937,0.33333333,1,0.18818602
0.01514000,10.00000000,15.00000000,14.79808275,9.27628339,0.33333333,1,0.20191725
0.01516000,10.00000000,15.00000000,14.78482527,9.33190645,0.33333333,1,0.21517473
0.01518000,10.00000000,15.00000000,14.77206503,9.39099904,0.33333333,1,0.22793497
0.01520000,10.00000000,15.00000000,14.75982440,9.45342557,0.33333333,1,0.24017560
0.01522000,10.00000000,15.00000000,14.74812461,9.51904461,0.33333333,1,0.25187539
0.01524000,10.00000000,15.00000000,14.73698571,9.58770924,0.33333333,1,0.26301429
0.01526000,10.00000000,15.00000000,14.72642653,9.65926736,0.33333333,1,0.27357347
0.01528000,10.00000000,15.00000000,14.71646466,9.73356199,0.33333333,1,0.28353534
0.01530000,10.00000000,15.00000000,14.70711640,9.81043165,0.33333333,1,0.29288360
0.01532000,10.00000000,15.00000000,14.69839677,9.88971069,0.33333333,1,0.30160323
0.01534000,10.00000000,15.00000000,14.69031946,9.97122961,0.33333333,1,0.30968054
0.01536000,10.00000000,15.00000000,14.68289681,10.05481544,0.33333333,1,0.31710319
0.01538000,10.00000000,15.00000000,14.67613982,10.14029213,0.33333333,1,0.32386018
0.01540000,10.00000000,15.00000000,14.67005812,10.22748084,0.33333333,1,0.32994188
0.01542000,10.00000000,15.00000000,14.66465993,10.31620036,0.33333333,1,0.33534007
0.01544000,10.00000000,15.00000000,14.65995210,10.40626750,0.33333333,1,0.34004790
0.01546000,10.00000000,15.00000000,14.65594008,10.49749739,0.33333333,1,0.34405992
0.01548000,10.00000000,15.00000000,14.65262791,10.58970391,0.33333333,1,0.34737209
0.01550000,10.00000000,15.00000000,14.65001825,10.68270004,0.33333333,1,0.34998175
0.01552000,10.00000000,15.00000000,14.64811234,10.77629827,0.33333333,1,0.35188766
0.01554000,10.00000000,15.00000000,14.64691003,10.87031091,0.33333333,1,0.35308997
0.01556000,10.00000000,15.00000000,14.64640980,10.96455051,0.33333333,1,0.35359020
0.01558000,10.00000000,15.00000000,14.64660873,11.05883019,0.33333333,1,0.35339127
0.01560000,10.00000000,15.00000000,14.64750257,11.15296407,0.33333333,1,0.35249743
0.01562000,10.00000000,15.00000000,14.64908571,11.24676754,0.33333333,1,0.35091429
0.01564000,10.00000000,15.00000000,14.65135120,11.34005769,0.33333333,1,0.34864880
0.01566000,10.00000000,15.00000000,14.65429081,11.43265363,0.33333333,1,0.34570919
0.01568000,10.00000000,15.00000000,14.65789501,11.52437684,0.33333333,1,0.34210499
0.01570000,10.00000000,15.00000000,14.66215302,11.61505150,0.33333333,1,0.33784698
0.01572000,10.00000000,15.00000000,14.66705283,11.70450484,0.33333333,1,0.33294717
0.01574000,10.00000000,15.00000000,14.67258124,11.79256744,0.33333333,1,0.32741876
0.01576000,10.00000000,15.00000000,14.67872387,11.87907358,0.33333333,1,0.32127613
0.01578000,10.00000000,15.00000000,14.68546523,11.96386149,0.33333333,1,0.31453477
0.01580000,10.00000000,15.00000000,14.69278872,12.04677370,0.33333333,1,0.30721128
0.01582000,10.00000000,15.00000000,14.70067669,12.12765732,0.33333333,1,0.29932331
0.01584000,10.00000000,15.00000000,14.70911048,12.20636428,0.33333333,1,0.29088952
0.01586000,10.00000000,15.00000000,14.71807045,12.28275162,0.33333333,1,0.28192955
0.01588000,10.00000000,15.00000000,14.72753605,12.35668175,0.33333333,1,0.27246395
0.01590000,10.00000000,15.00000000,14.73748582,12.42802268,0.33333333,1,0.26251418
0.01592000,10.00000000,15.00000000,14.74789750,12.49664825,0.33333333,1,0.25210250
0.01594000,10.00000000,15.00000000,14.75874801,12.56243834,0.33333333,1,0.24125199
0.01596000,10.00000000,15.00000000,14.77001355,12.62527908,0.33333333,1,0.22998645
0.01598000,10.00000000,15.00000000,14.78166964,12.68506306,0.33333333,1,0.21833036
0.01600000,10.00000000,15.00000000,14.79369116,12.74168945,0.33333333,1,0.20630884
0.01602000,10.00000000,15.00000000,14.80605241,12.79506424,0.33333333,1,0.19394759
0.01604000,10.00000000,15.00000000,14.81872715,12.84510030,0.33333333,1,0.18127285
0.01606000,10.00000000,15.00000000,14.83168869,12.89171759,0.33333333,1,0.16831131
0.01608000,10.00000000,15.00000000,14.84490992,12.93484324,0.33333333,1,0.15509008
0.01610000,10.00000000,15.00000000,14.85836334,12.97441166,0.33333333,1,0.14163666
0.01612000,10.00000000,15.00000000,14.87202119,13.01036462,0.33333333,1,0.12797881
0.01614000,10.00000000,15.00000000,14.88585542,13.04265135,0.33333333,1,0.11414458
0.01616000,10.00000000,15.00000000,14.89983782,13.07122856,0.33333333,1,0.10016218
0.01618000,10.00000000,15.00000000,14.91394003,13.09606052,0.33333333,1,0.08605997
0.01620000,10.00000000,15.00000000,14.92813360,13.11711909,0.33333333,1,0.07186640
0.01622000,10.00000000,15.00000000,14.94239008,13.13438368,0.33333333,1,0.05760992
0.01624000,10.00000000,15.00000000,14.95668104,13.14784131,0.33333333,1,0.04331896
0.01626000,10.00000000,15.00000000,14.97097815,13.15748658,0.33333333,1,0.02902185
0.01628000,10.00000000,15.00000000,14.98525320,13.16332159,0.33333333,1,0.01474680
0.01630000,10.00000000,15.00000000,14.99947821,13.16535598,0.33333333,1,0.00052179
0.01632000,10.00000000,15.00000000,15.01362544,13.16360680,0.33333333,1,-0.01362544
0.01634000,10.00000000,15.00000000,15.02766746,13.15809844,0.33333333,1,-0.02766746
0.01636000,10.00000000,15.00000000,15.04157719,13.14886258,0.33333333,1,-0.04157719
0.01638000,10.00000000,15.00000000,15.05532797,13.13593807,0.33333333,1,-0.05532797
0.01640000,10.00000000,15.00000000,15.06889361,13.11937079,0.33333333,1,-0.06889361
0.01642000,10.00000000,15.00000000,15.08224840,13.09921356,0.33333333,1,-0.08224840
0.01644000,10.00000000,15.00000000,15.09536721,13.07552596,0.33333333,1,-0.09536721
0.01646000,10.00000000,15.00000000,15.10822552,13.04837421,0.33333333,1,-0.10822552
0.01648000,10.00000000,15.00000000,15.12079944,13.01783097,0.33333333,1,-0.12079944
0.01650000,10.00000000,15.00000000,15.13306578,12.98397518,0.33333333,1,-0.13306578
0.01652000,10.00000000,15.00000000,15.14500209,12.94689189,0.33333333,1,-0.14500209
0.01654000,10.00000000,15.00000000,15.15658669,12.90667201,0.33333333,1,-0.15658669
0.01656000,10.00000000,15.00000000,15.16779871,12.86341212,0.33333333,1,-0.16779871
0.01658000,10.00000000,15.00000000,15.17861813,12.81721426,0.33333333,1,-0.17861813
0.01660000,10.00000000,15.00000000,15.18902582,12.76818572,0.33333333,1,-0.18902582
0.01662000,10.00000000,15.00000000,15.19900357,12.71643872,0.33333333,1,-0.19900357
0.01664000,10.00000000,15.00000000,15.20853410,12.66209024,0.33333333,1,-0.20853410
0.01666000,10.00000000,15.00000000,15.21760111,12.60526174,0.33333333,1,-0.21760111
0.01668000,10.00000000,15.00000000,15.22618933,12.54607888,0.33333333,1,-0.22618933
0.01670000,10.00000000,15.00000000,15.23428449,12.48467127,0.33333333,1,-0.23428449
0.01672000,10.00000000,15.00000000,15.24187337,12.42117216,0.33333333,1,-0.24187337
0.01674000,10.00000000,15.00000000,15.24894384,12.35571822,0.33333333,1,-0.24894384
0.01676000,10.00000000,15.00000000,15.25548483,12.28844919,0.33333333,1,-0.25548483
0.01678000,10.00000000,15.00000000,15.26148642,12.21950760,0.33333333,1,-0.26148642
0.01680000,10.00000000,15.00000000,15.26693975,12.14903851,0.33333333,1,-0.26693975
0.01682000,10.00000000,15.00000000,15.27183713,12.07718916,0.33333333,1,-0.27183713
0.01684000,10.00000000,15.00000000,15.27617199,12.00410872,0.33333333,1,-0.27617199
0.01686000,10.00000000,15.00000000,15.27993892,11.92994793,0.33333333,1,-0.27993892
0.01688000,10.00000000,15.00000000,15.28313363,11.85485883,0.33333333,1,-0.28313363
0.01690000,10.00000000,15.00000000,15.28575301,11.77899447,0.33333333,1,-0.28575301
0.01692000,10.00000000,15.00000000,15.28779509,11.70250855,0.33333333,1,-0.28779509
0.01694000,10.00000000,15.00000000,15.28925903,11.62555516,0.33333333,1,-0.28925903
0.01696000,10.00000000,15.00000000,15.29014517,11.54828844,0.33333333,1,-0.29014517
0.01698000,10.00000000,15.00000000,15.29045496,11.47086230,0.33333333,1,-0.29045496
0.01700000,10.00000000,15.00000000,15.29019098,11.39343013,0.33333333,1,-0.29019098
0.01702000,10.00000000,15.00000000,15.28935693,11.31614446,0.33333333,1,-0.28935693
0.01704000,10.00000000,15.00000000,15.28795760,11.23915669,0.33333333,1,-0.28795760
0.01706000,10.00000000,15.00000000,15.28599890,11.16261681,0.33333333,1,-0.28599890
0.01708000,10.00000000,15.00000000,15.28348777,11.08667306,0.33333333,1,-0.28348777
0.01710000,10.00000000,15.00000000,15.28043222,11.01147173,0.33333333,1,-0.28043222
0.01712000,10.00000000,15.00000000,15.27684128,10.93715681,0.33333333,1,-0.27684128
0.01714000,10.00000000,15.00000000,15.27272500,10.86386975,0.33333333,1,-0.27272500
0.01716000,10.00000000,15.00000000,15.26809439,10.79174920,0.33333333,1,-0.26809439
0.01718000,10.00000000,15.00000000,15.26296142,10.72093074,0.33333333,1,-0.26296142
0.01720000,10.00000000,15.00000000,15.25733898,10.65154663,0.33333333,1,-0.25733898
0.01722000,10.00000000,15.00000000,15.25124086,10.58372557,0.33333333,1,-0.25124086
0.01724000,10.00000000,15.00000000,15.24468171,10.51759249,0.33333333,1,-0.24468171
0.01726000,10.00000000,15.00000000,15.23767699,10.45326827,0.33333333,1,-0.23767699
0.01728000,10.00000000,15.00000000,15.23024297,10.39086959,0.33333333,1,-0.23024297
0.01730000,10.00000000,15.00000000,15.22239667,10.33050868,0.33333333,1,-0.22239667
0.01732000,10.00000000,15.00000000,15.21415583,10.27229311,0.33333333,1,-0.21415583
0.01734000,10.00000000,15.00000000,15.20553886,10.21632567,0.33333333,1,-0.20553886
0.01736000,10.00000000,15.00000000,15.19656483,10.16270413,0.33333333,1,-0.19656483
0.01738000,10.00000000,15.00000000,15.18725337,10.11152109,0.33333333,1,-0.18725337
0.01740000,10.00000000,15.00000000,15.17762470,10.06286387,0.33333333,1,-0.17762470
0.01742000,10.00000000,15.00000000,15.16769955,10.01681428,0.33333333,1,-0.16769955
0.01744000,10.00000000,15.00000000,15.15749910,9.97344858,0.33333333,1,-0.15749910
0.01746000,10.00000000,15.00000000,15.14704496,9.93283731,0.33333333,1,-0.14704496
0.01748000,10.00000000,15.00000000,15.13635913,9.89504520,0.33333333,1,-0.13635913
0.01750000,10.00000000,15.00000000,15.12546395,9.86013105,0.33333333,1,-0.12546395
0.01752000,10.00000000,15.00000000,15.11438202,9.82814770,0.33333333,1,-0.11438202
0.01754000,10.00000000,15.00000000,15.10313621,9.79914188,0.33333333,1,-0.10313621
0.01756000,10.00000000,15.00000000,15.09174958,9.77315423,0.33333333,1,-0.09174958
0.01758000,10.00000000,15.00000000,15.08024533,9.75021922,0.33333333,1,-0.08024533
0.01760000,10.00000000,15.00000000,15.06864678,9.73036511,0.33333333,1,-0.06864678
0.01762000,10.00000000,15.00000000,15.05697728,9.71361392,0.33333333,1,-0.05697728
0.01764000,10.00000000,15.00000000,15.04526021,9.69998145,0.33333333,1,-0.04526021
0.01766000,10.00000000,15.00000000,15.03351892,9.68947729,0.33333333,1,-0.03351892
0.01768000,10.00000000,15.00000000,15.02177666,9.68210478,0.33333333,1,-0.02177666
0.01770000,10.00000000,15.00000000,15.01005656,9.67786110,0.33333333,1,-0.01005656
0.01772000,10.00000000,15.00000000,14.99838159,9.67673727,0.33333333,1,0.00161841
0.01774000,10.00000000,15.00000000,14.98677449,9.67871822,0.33333333,1,0.01322551
0.01776000,10.00000000,15.00000000,14.97525774,9.68378284,0.33333333,1,0.02474226
0.01778000,10.00000000,15.00000000,14.96385353,9.69190408,0.33333333,1,0.03614647
0.01780000,10.00000000,15.00000000,14.95258369,9.70304901,0.33333333,1,0.04741631
0.01782000,10.00000000,15.00000000,14.94146967,9.71717893,0.33333333,1,0.05853033
0.01784000,10.00000000,15.00000000,14.93053250,9.73424947,0.33333333,1,0.06946750
0.01786000,10.00000000,15.00000000,14.91979274,9.75421071,0.33333333,1,0.08020726
0.01788000,10.00000000,15.00000000,14.90927045,9.77700734,0.33333333,1,0.09072955
0.01790000,10.00000000,15.00000000,14.89898514,9.80257874,0.33333333,1,0.10101486
0.01792000,10.00000000,15.00000000,14.88895577,9.83085917,0.33333333,1,0.11104423
0.01794000,10.00000000,15.00000000,14.87920067,9.86177794,0.33333333,1,0.12079933
0.01796000,10.00000000,15.00000000,14.86973752,9.89525953,0.33333333,1,0.13026248
0.01798000,10.00000000,15.00000000,14.86058336,9.93122379,0.33333333,1,0.13941664
0.01800000,10.00000000,15.00000000,14.85175449,9.96958615,0.33333333,1,0.14824551
0.01802000,10.00000000,15.00000000,14.84326651,10.01025776,0.33333333,1,0.15673349
0.01804000,10.00000000,15.00000000,14.83513424,10.05314572,0.33333333,1,0.16486576
0.01806000,10.00000000,15.00000000,14.82737172,10.09815329,0.33333333,1,0.17262828
0.01808000,10.00000000,15.00000000,14.81999221,10.14518009,0.33333333,1,0.18000779
0.01810000,10.00000000,15.00000000,14.81300811,10.19412229,0.33333333,1,0.18699189
0.01812000,10.00000000,15.00000000,14.80643098,10.24487291,0.33333333,1,0.19356902
0.01814000,10.00000000,15.00000000,14.80027152,10.29732197,0.33333333,1,0.19972848
0.01816000,10.00000000,15.00000000,14.79453956,10.35135676,0.33333333,1,0.20546044
0.01818000,10.00000000,15.00000000,14.78924401,10.40686208,0.33333333,1,0.21075599
0.01820000,10.00000000,15.00000000,14.78439288,10.46372045,0.33333333,1,0.21560712
0.01822000,10.00000000,15.00000000,14.77999326,10.52181240,0.33333333,1,0.22000674
0.01824000,10.00000000,15.00000000,14.77605133,10.58101669,0.33333333,1,0.22394867
0.01826000,10.00000000,15.00000000,14.77257231,10.64121054,0.33333333,1,0.22742769
0.01828000,10.00000000,15.00000000,14.76956047,10.70226992,0.33333333,1,0.23043953
0.01830000,10.00000000,15.00000000,14.76701918,10.76406979,0.33333333,1,0.23298082
0.01832000,10.00000000,15.00000000,14.76495083,10.82648431,0.33333333,1,0.23504917
0.01834000,10.00000000,15.00000000,14.76335686,10.88938717,0.33333333,1,0.23664314
0.01836000,10.00000000,15.00000000,14.76223780,10.95265177,0.33333333,1,0.23776220
0.01838000,10.00000000,15.00000000,14.76159320,11.01615150,0.33333333,1,0.23840680
0.01840000,10.00000000,15.00000000,14.76142173,11.07976000,0.33333333,1,0.23857827
0.01842000,10.00000000,15.00000000,14.76172109,11.14335138,0.33333333,1,0.23827891
0.01844000,10.00000000,15.00000000,14.76248808,11.20680051,0.33333333,1,0.23751192
0.01846000,10.00000000,15.00000000,14.76371860,11.26998320,0.33333333,1,0.23628140
0.01848000,10.00000000,15.00000000,14.76540766,11.33277649,0.33333333,1,0.23459234
0.01850000,10.00000000,15.00000000,14.76754940,11.39505887,0.33333333,1,0.23245060
0.01852000,10.00000000,15.00000000,14.77013708,11.45671050,0.33333333,1,0.22986292
0.01854000,10.00000000,15.00000000,14.77316315,11.51761345,0.33333333,1,0.22683685
0.01856000,10.00000000,15.00000000,14.77661920,11.57765193,0.33333333,1,0.22338080
0.01858000,10.00000000,15.00000000,14.78049606,11.63671247,0.33333333,1,0.21950394
0.01860000,10.00000000,15.00000000,14.78478376,11.69468417,0.33333333,1,0.21521624
0.01862000,10.00000000,15.00000000,14.78947157,11.75145889,0.33333333,1,0.21052843
0.01864000,10.00000000,15.00000000,14.79454805,11.80693144,0.33333333,1,0.20545195
0.01866000,10.00000000,15.00000000,14.80000104,11.86099979,0.33333333,1,0.19999896
0.01868000,10.00000000,15.00000000,14.80581772,11.91356522,0.33333333,1,0.19418228
0.01870000,10.00000000,15.00000000,14.81198462,11.96453253,0.33333333,1,0.18801538
0.01872000,10.00000000,15.00000000,14.81848766,12.01381020,0.33333333,1,0.18151234
0.01874000,10.00000000,15.00000000,14.82531215,12.06131054,0.33333333,1,0.17468785
0.01876000,10.00000000,15.00000000,14.83244288,12.10694983,0.33333333,1,0.16755712
0.01878000,10.00000000,15.00000000,14.83986412,12.15064851,0.33333333,1,0.16013588
0.01880000,10.00000000,15.00000000,14.84755963,12.19233125,0.33333333,1,0.15244037
0.01882000,10.00000000,15.00000000,14.85551273,12.23192714,0.33333333,1,0.14448727
0.01884000,10.00000000,15.00000000,14.86370635,12.26936975,0.33333333,1,0.13629365
0.01886000,10.00000000,15.00000000,14.87212300,12.30459726,0.33333333,1,0.12787700
0.01888000,10.00000000,15.00000000,14.88074487,12.33755257,0.33333333,1,0.11925513
0.01890000,10.00000000,15.00000000,14.88955386,12.36818336,0.33333333,1,0.11044614
0.01892000,10.00000000,15.00000000,14.89853156,12.39644218,0.33333333,1,0.10146844
0.01894000,10.00000000,15.00000000,14.90765937,12.42228652,0.33333333,1,0.09234063
0.01896000,10.00000000,15.00000000,14.91691848,12.44567885,0.33333333,1,0.08308152
0.01898000,10.00000000,15.00000000,14.92628992,12.46658668,0.33333333,1,0.07371008
0.01900000,10.00000000,15.00000000,14.93575461,12.48498260,0.33333333,1,0.06424539
0.01902000,10.00000000,15.00000000,14.94529340,12.50084430,0.33333333,1,0.05470660
0.01904000,10.00000000,15.00000000,14.95488708,12.51415457,0.33333333,1,0.04511292
0.01906000,10.00000000,15.00000000,14.96451647,12.52490135,0.33333333,1,0.03548353
0.01908000,10.00000000,15.00000000,14.97416239,12.53307765,0.33333333,1,0.02583761
0.01910000,10.00000000,15.00000000,14.98380577,12.53868163,0.33333333,1,0.01619423
0.01912000,10.00000000,15.00000000,14.99342761,12.54171649,0.33333333,1,0.00657239
0.01914000,10.00000000,15.00000000,15.00300908,12.54219050,0.33333333,1,-0.00300908
0.01916000,10.00000000,15.00000000,15.01253155,12.54011690,0.33333333,1,-0.01253155
0.01918000,10.00000000,15.00000000,15.02197658,12.53551389,0.33333333,1,-0.02197658
0.01920000,10.00000000,15.00000000,15.03132601,12.52840455,0.33333333,1,-0.03132601
0.01922000,10.00000000,15.00000000,15.04056193,12.51881678,0.33333333,1,-0.04056193
0.01924000,10.00000000,15.00000000,15.04966681,12.50678317,0.33333333,1,-0.04966681
0.01926000,10.00000000,15.00000000,15.05862342,12.49234099,0.33333333,1,-0.05862342
0.01928000,10.00000000,15.00000000,15.06741495,12.47553203,0.33333333,1,-0.06741495
0.01930000,10.00000000,15.00000000,15.07602500,12.45640249,0.33333333,1,-0.07602500
0.01932000,10.00000000,15.00000000,15.08443761,12.43500292,0.33333333,1,-0.08443761
0.01934000,10.00000000,15.00000000,15.09263732,12.41138802,0.33333333,1,-0.09263732
0.01936000,10.00000000,15.00000000,15.10060916,12.38561660,0.33333333,1,-0.10060916
0.01938000,10.00000000,15.00000000,15.10833867,12.35775135,0.33333333,1,-0.10833867
0.01940000,10.00000000,15.00000000,15.11581199,12.32785875,0.33333333,1,-0.11581199
0.01942000,10.00000000,15.00000000,15.12301582,12.29600892,0.33333333,1,-0.12301582
0.01944000,10.00000000,15.00000000,15.12993745,12.26227541,0.33333333,1,-0.12993745
0.01946000,10.00000000,15.00000000,15.13656482,12.22673510,0.33333333,1,-0.13656482
0.01948000,10.00000000,15.00000000,15.14288651,12.18946801,0.33333333,1,-0.14288651
0.01950000,10.00000000,15.00000000,15.14889177,12.15055710,0.33333333,1,-0.14889177
0.01952000,10.00000000,15.00000000,15.15457050,12.11008810,0.33333333,1,-0.15457050
0.01954000,10.00000000,15.00000000,15.15991335,12.06814936,0.33333333,1,-0.15991335
0.01956000,10.00000000,15.00000000,15.16491165,12.02483161,0.33333333,1,-0.16491165
0.01958000,10.00000000,15.00000000,15.16955747,11.98022781,0.33333333,1,-0.16955747
0.01960000,10.00000000,15.00000000,15.17384360,11.93443294,0.33333333,1,-0.17384360
0.01962000,10.00000000,15.00000000,15.17776359,11.88754378,0.33333333,1,-0.17776359
0.01964000,10.00000000,15.00000000,15.18131177,11.83965875,0.33333333,1,-0.18131177
0.01966000,10.00000000,15.00000000,15.18448319,11.79087766,0.33333333,1,-0.18448319
0.01968000,10.00000000,15.00000000,15.18727370,11.74130158,0.33333333,1,-0.18727370
0.01970000,10.00000000,15.00000000,15.18967991,11.69103252,0.33333333,1,-0.18967991
0.01972000,10.00000000,15.00000000,15.19169922,11.64017335,0.33333333,1,-0.19169922
0.01974000,10.00000000,15.00000000,15.19332979,11.58882750,0.33333333,1,-0.19332979
0.01976000,10.00000000,15.00000000,15.19457055,11.53709879,0.33333333,1,-0.19457055
0.01978000,10.00000000,15.00000000,15.19542124,11.48509122,0.33333333,1,-0.19542124
0.01980000,10.00000000,15.00000000,15.19588233,11.43290876,0.33333333,1,-0.19588233
0.01982000,10.00000000,15.00000000,15.19595507,11.38065517,0.33333333,1,-0.19595507
0.01984000,10.00000000,15.00000000,15.19564148,11.32843374,0.33333333,1,-0.19564148
0.01986000,10.00000000,15.00000000,15.19494430,11.27634715,0.33333333,1,-0.19494430
0.01988000,10.00000000,15.00000000,15.19386705,11.22449724,0.33333333,1,-0.19386705
0.01990000,10.00000000,15.00000000,15.19241394,11.17298481,0.33333333,1,-0.19241394
0.01992000,10.00000000,15.00000000,15.19058991,11.12190944,0.33333333,1,-0.19058991
0.01994000,10.00000000,15.00000000,15.18840063,11.07136932,0.33333333,1,-0.18840063
0.01996000,10.00000000,15.00000000,15.18585242,11.02146102,0.33333333,1,-0.18585242
0.01998000,10.00000000,15.00000000,15.18295229,10.97227932,0.33333333,1,-0.18295229
0.02000000,10.00000000,15.00000000,15.17970790,10.92391707,0.33333333,1,-0.17970790
0.02002000,10.00000000,15.00000000,15.17612754,10.87646498,0.33333333,1,-0.17612754
0.02004000,10.00000000,15.00000000,15.17222014,10.83001146,0.33333333,1,-0.17222014
0.02006000,10.00000000,15.00000000,15.16799520,10.78464246,0.33333333,1,-0.16799520
0.02008000,10.00000000,15.00000000,15.16346280,10.74044135,0.33333333,1,-0.16346280
0.02010000,10.00000000,15.00000000,15.15863356,10.69748869,0.33333333,1,-0.15863356
0.02012000,10.00000000,15.00000000,15.15351865,10.65586218,0.33333333,1,-0.15351865
0.02014000,10.00000000,15.00000000,15.14812973,10.61563644,0.33333333,1,-0.14812973
0.02016000,10.00000000,15.00000000,15.14247891,10.57688294,0.33333333,1,-0.14247891
0.02018000,10.00000000,15.00000000,15.13657879,10.53966985,0.33333333,1,-0.13657879
0.02020000,10.00000000,15.00000000,15.13044236,10.50406193,0.33333333,1,-0.13044236
0.02022000,10.00000000,15.00000000,15.12408302,10.47012041,0.33333333,1,-0.12408302
0.02024000,10.00000000,15.00000000,15.11751453,10.43790291,0.33333333,1,-0.11751453
0.02026000,10.00000000,15.00000000,15.11075099,10.40746333,0.33333333,1,-0.11075099
0.02028000,10.00000000,15.00000000,15.10380679,10.37885178,0.33333333,1,-0.10380679
0.02030000,10.00000000,15.00000000,15.09669662,10.35211446,0.33333333,1,-0.09669662
0.02032000,10.00000000,15.00000000,15.08943539,10.32729368,0.33333333,1,-0.08943539
0.02034000,10.00000000,15.00000000,15.08203825,10.30442767,0.33333333,1,-0.08203825
0.02036000,10.00000000,15.00000000,15.07452051,10.28355066,0.33333333,1,-0.07452051
0.02038000,10.00000000,15.00000000,15.06689765,10.26469275,0.33333333,1,-0.06689765
0.02040000,10.00000000,15.00000000,15.05918527,10.24787987,0.33333333,1,-0.05918527
0.02042000,10.00000000,15.00000000,15.05139906,10.23313383,0.33333333,1,-0.05139906
0.02044000,10.00000000,15.00000000,15.04355474,10.22047221,0.33333333,1,-0.04355474
0.02046000,10.00000000,15.00000000,15.03566811,10.20990840,0.33333333,1,-0.03566811
0.02048000,10.00000000,15.00000000,15.02775492,10.20145158,0.33333333,1,-0.02775492
0.02050000,10.00000000,15.00000000,15.01983091,10.19510673,0.33333333,1,-0.01983091
0.02052000,10.00000000,15.00000000,15.01191174,10.19087466,0.33333333,1,-0.01191174
0.02054000,10.00000000,15.00000000,15.00401298,10.18875199,0.33333333,1,-0.00401298
0.02056000,10.00000000,15.00000000,14.99615008,10.18873122,0.33333333,1,0.00384992
0.02058000,10.00000000,15.00000000,14.98833832,10.19080073,0.33333333,1,0.01166168
0.02060000,10.00000000,15.00000000,14.98059281,10.19494489,0.33333333,1,0.01940719
0.02062000,10.00000000,15.00000000,14.97292844,10.20114402,0.33333333,1,0.02707156
0.02064000,10.00000000,15.00000000,14.96535984,10.20937454,0.33333333,1,0.03464016
0.02066000,10.00000000,15.00000000,14.95790140,10.21960898,0.33333333,1,0.04209860
0.02068000,10.00000000,15.00000000,14.95056719,10.23181608,0.33333333,1,0.04943281
0.02070000,10.00000000,15.00000000,14.94337098,10.24596087,0.33333333,1,0.05662902
0.02072000,10.00000000,15.00000000,14.93632616,10.26200477,0.33333333,1,0.06367384
0.02074000,10.00000000,15.00000000,14.92944578,10.27990564,0.33333333,1,0.07055422
0.02076000,10.00000000,15.00000000,14.92274247,10.29961794,0.33333333,1,0.07725753
0.02078000,10.00000000,15.00000000,14.91622846,10.32109282,0.33333333,1,0.08377154
0.02080000,10.00000000,15.00000000,14.90991553,10.34427822,0.33333333,1,0.09008447
0.02082000,10.00000000,15.00000000,14.90381500,10.36911899,0.33333333,1,0.09618500
0.02084000,10.00000000,15.00000000,14.89793770,10.39555704,0.33333333,1,0.10206230
0.02086000,10.00000000,15.00000000,14.89229397,10.42353145,0.33333333,1,0.10770603
0.02088000,10.00000000,15.00000000,14.88689364,10.45297862,0.33333333,1,0.11310636
0.02090000,10.00000000,15.00000000,14.88174599,10.48383238,0.33333333,1,0.11825401
0.02092000,10.00000000,15.00000000,14.87685976,10.51602418,0.33333333,1,0.12314024
0.02094000,10.00000000,15.00000000,14.87224313,10.54948321,0.33333333,1,0.12775687
0.02096000,10.00000000,15.00000000,14.86790369,10.58413654,0.33333333,1,0.13209631
0.02098000,10.00000000,15.00000000,14.86384846,10.61990931,0.33333333,1,0.13615154
0.02100000,10.00000000,15.00000000,14.86008384,10.65672486,0.33333333,1,0.13991616
0.02102000,10.00000000,15.00000000,14.85661565,10.69450490,0.33333333,1,0.14338435
0.02104000,10.00000000,15.00000000,14.85344907,10.73316969,0.33333333,1,0.14655093
0.02106000,10.00000000,15.00000000,14.85058867,10.77263818,0.33333333,1,0.14941133
0.02108000,10.00000000,15.00000000,14.84803838,10.81282817,0.33333333,1,0.15196162
0.02110000,10.00000000,15.00000000,14.84580151,10.85365651,0.33333333,1,0.15419849
0.02112000,10.00000000,15.00000000,14.84388072,10.89503926,0.33333333,1,0.15611928
0.02114000,10.00000000,15.00000000,14.84227806,10.93689184,0.33333333,1,0.15772194
0.02116000,10.00000000,15.00000000,14.84099491,10.97912922,0.33333333,1,0.15900509
0.02118000,10.00000000,15.00000000,14.84003203,11.02166608,0.33333333,1,0.15996797
0.02120000,10.00000000,15.00000000,14.83938954,11.06441699,0.33333333,1,0.16061046
0.02122000,10.00000000,15.00000000,14.83906694,11.10729656,0.33333333,1,0.16093306
0.02124000,10.00000000,15.00000000,14.83906308,11.15021962,0.33333333,1,0.16093692
0.02126000,10.00000000,15.00000000,14.83937621,11.19310140,0.33333333,1,0.16062379
0.02128000,10.00000000,15.00000000,14.84000395,11.23585767,0.33333333,1,0.15999605
0.02130000,10.00000000,15.00000000,14.84094333,11.27840492,0.33333333,1,0.15905667
0.02132000,10.00000000,15.00000000,14.84219077,11.32066051,0.33333333,1,0.15780923
0.02134000,10.00000000,15.00000000,14.84374211,11.36254283,0.33333333,1,0.15625789
0.02136000,10.00000000,15.00000000,14.84559260,11.40397146,0.33333333,1,0.15440740
0.02138000,10.00000000,15.00000000,14.84773694,11.44486732,0.33333333,1,0.15226306
0.02140000,10.00000000,15.00000000,14.85016929,11.48515282,0.33333333,1,0.14983071
0.02142000,10.00000000,15.00000000,14.85288326,11.52475199,0.33333333,1,0.14711674
0.02144000,10.00000000,15.00000000,14.85587193,11.56359066,0.33333333,1,0.14412807
0.02146000,10.00000000,15.00000000,14.85912791,11.60159653,0.33333333,1,0.14087209
0.02148000,10.00000000,15.00000000,14.86264331,11.63869937,0.33333333,1,0.13735669
0.02150000,10.00000000,15.00000000,14.86640975,11.67483112,0.33333333,1,0.13359025
0.02152000,10.00000000,15.00000000,14.87041843,11.70992597,0.33333333,1,0.12958157
0.02154000,10.00000000,15.00000000,14.87466011,11.74392057,0.33333333,1,0.12533989
0.02156000,10.00000000,15.00000000,14.87912515,11.77675406,0.33333333,1,0.12087485
0.02158000,10.00000000,15.00000000,14.88380352,11.80836819,0.33333333,1,0.11619648
0.02160000,10.00000000,15.00000000,14.88868482,11.83870747,0.33333333,1,0.11131518
0.02162000,10.00000000,15.00000000,14.89375832,11.86771920,0.33333333,1,0.10624168
0.02164000,10.00000000,15.00000000,14.89901294,11.89535360,0.33333333,1,0.10098706
0.02166000,10.00000000,15.00000000,14.90443736,11.92156387,0.33333333,1,0.09556264
0.02168000,10.00000000,15.00000000,14.91001993,11.94630628,0.33333333,1,0.08998007
0.02170000,10.00000000,15.00000000,14.91574879,11.96954024,0.33333333,1,0.08425121
0.02172000,10.00000000,15.00000000,14.92161184,11.99122833,0.33333333,1,0.07838816
0.02174000,10.00000000,15.00000000,14.92759680,12.01133642,0.33333333,1,0.07240320
0.02176000,10.00000000,15.00000000,14.93369120,12.02983364,0.33333333,1,0.06630880
0.02178000,10.00000000,15.00000000,14.93988243,12.04669250,0.33333333,1,0.06011757
0.02180000,10.00000000,15.00000000,14.94615776,12.06188887,0.33333333,1,0.05384224
0.02182000,10.00000000,15.00000000,14.95250437,12.07540203,0.33333333,1,0.04749563
0.02184000,10.00000000,15.00000000,14.95890936,12.08721468,0.33333333,1,0.04109064
0.02186000,10.00000000,15.00000000,14.96535980,12.09731299,0.33333333,1,0.03464020
0.02188000,10.00000000,15.00000000,14.97184272,12.10568657,0.33333333,1,0.02815728
0.02190000,10.00000000,15.00000000,14.97834518,12.11232847,0.33333333,1,0.02165482
0.02192000,10.00000000,15.00000000,14.98485427,12.11723522,0.33333333,1,0.01514573
0.02194000,10.00000000,15.00000000,14.99135712,12.12040675,0.33333333,1,0.00864288
0.02196000,10.00000000,15.00000000,14.99784097,12.12184644,0.33333333,1,0.00215903
0.02198000,10.00000000,15.00000000,15.00429315,12.12156105,0.33333333,1,-0.00429315
0.02200000,10.00000000,15.00000000,15.01070113,12.11956069,0.33333333,1,-0.01070113
0.02202000,10.00000000,15.00000000,15.01705254,12.11585881,0.33333333,1,-0.01705254
0.02204000,10.00000000,15.00000000,15.02333517,12.11047212,0.33333333,1,-0.02333517
0.02206000,10.00000000,15.00000000,15.02953703,12.10342057,0.33333333,1,-0.02953703
0.02208000,10.00000000,15.00000000,15.03564636,12.09472726,0.33333333,1,-0.03564636
0.02210000,10.00000000,15.00000000,15.04165164,12.08441843,0.33333333,1,-0.04165164
0.02212000,10.00000000,15.00000000,15.04754162,12.07252331,0.33333333,1,-0.04754162
0.02214000,10.00000000,15.00000000,15.05330533,12.05907412,0.33333333,1,-0.05330533
0.02216000,10.00000000,15.00000000,15.05893212,12.04410597,0.33333333,1,-0.05893212
0.02218000,10.00000000,15.00000000,15.06441167,12.02765675,0.33333333,1,-0.06441167
0.02220000,10.00000000,15.00000000,15.06973401,12.00976706,0.33333333,1,-0.06973401
0.02222000,10.00000000,15.00000000,15.07488952,11.99048011,0.33333333,1,-0.07488952
0.02224000,10.00000000,15.00000000,15.07986897,11.96984164,0.33333333,1,-0.07986897
0.02226000,10.00000000,15.00000000,15.08466353,11.94789977,0.33333333,1,-0.08466353
0.02228000,10.00000000,15.00000000,15.08926478,11.92470494,0.33333333,1,-0.08926478
0.02230000,10.00000000,15.00000000,15.09366473,11.90030978,0.33333333,1,-0.09366473
0.02232000,10.00000000,15.00000000,15.09785584,11.87476898,0.33333333,1,-0.09785584
0.02234000,10.00000000,15.00000000,15.10183100,11.84813920,0.33333333,1,-0.10183100
0.02236000,10.00000000,15.00000000,15.10558357,11.82047891,0.33333333,1,-0.10558357
0.02238000,10.00000000,15.00000000,15.10910741,11.79184829,0.33333333,1,-0.10910741
0.02240000,10.00000000,15.00000000,15.11239684,11.76230913,0.33333333,1,-0.11239684
0.02242000,10.00000000,15.00000000,15.11544668,11.73192461,0.33333333,1,-0.11544668
0.02244000,10.00000000,15.00000000,15.11825225,11.70075928,0.33333333,1,-0.11825225
0.02246000,10.00000000,15.00000000,15.12080937,11.66887884,0.33333333,1,-0.12080937
0.02248000,10.00000000,15.00000000,15.12311440,11.63635003,0.33333333,1,-0.12311440
0.02250000,10.00000000,15.00000000,15.12516418,11.60324052,0.33333333,1,-0.12516418
0.02252000,10.00000000,15.00000000,15.12695609,11.56961872,0.33333333,1,-0.12695609
0.02254000,10.00000000,15.00000000,15.12848804,11.53555371,0.33333333,1,-0.12848804
0.02256000,10.00000000,15.00000000,15.12975843,11.50111502,0.33333333,1,-0.12975843
0.02258000,10.00000000,15.00000000,15.13076623,11.46637256,0.33333333,1,-0.13076623
0.02260000,10.00000000,15.00000000,15.13151091,11.43139643,0.33333333,1,-0.13151091
0.02262000,10.00000000,15.00000000,15.13199244,11.39625680,0.33333333,1,-0.13199244
0.02264000,10.00000000,15.00000000,15.13221135,11.36102381,0.33333333,1,-0.13221135
0.02266000,10.00000000,15.00000000,15.13216865,11.32576734,0.33333333,1,-0.13216865
0.02268000,10.00000000,15.00000000,15.13186588,11.29055698,0.33333333,1,-0.13186588
0.02270000,10.00000000,15.00000000,15.13130508,11.25546181,0.33333333,1,-0.13130508
0.02272000,10.00000000,15.00000000,15.13048878,11.22055032,0.33333333,1,-0.13048878
0.02274000,10.00000000,15.00000000,15.12942000,11.18589025,0.33333333,1,-0.12942000
0.02276000,10.00000000,15.00000000,15.12810225,11.15154846,0.33333333,1,-0.12810225
0.02278000,10.00000000,15.00000000,15.12653950,11.11759083,0.33333333,1,-0.12653950
0.02280000,10.00000000,15.00000000,15.12473619,11.08408211,0.33333333,1,-0.12473619
0.02282000,10.00000000,15.00000000,15.12269720,11.05108581,0.33333333,1,-0.12269720
0.02284000,10.00000000,15.00000000,15.12042786,11.01866408,0.33333333,1,-0.12042786
0.02286000,10.00000000,15.00000000,15.11793390,10.98687759,0.33333333,1,-0.11793390
0.02288000,10.00000000,15.00000000,15.11522149,10.95578542,0.33333333,1,-0.11522149
0.02290000,10.00000000,15.00000000,15.11229718,10.92544496,0.33333333,1,-0.11229718
0.02292000,10.00000000,15.00000000,15.10916790,10.89591181,0.33333333,1,-0.10916790
0.02294000,10.00000000,15.00000000,15.10584094,10.86723966,0.33333333,1,-0.10584094
0.02296000,10.00000000,15.00000000,15.10232397,10.83948020,0.33333333,1,-0.10232397
0.02298000,10.00000000,15.00000000,15.09862495,10.81268306,0.33333333,1,-0.09862495
0.02300000,10.00000000,15.00000000,15.09475218,10.78689567,0.33333333,1,-0.09475218
0.02302000,10.00000000,15.00000000,15.09071425,10.76216324,0.33333333,1,-0.09071425
0.02304000,10.00000000,15.00000000,15.08652003,10.73852863,0.33333333,1,-0.08652003
0.02306000,10.00000000,15.00000000,15.08217865,10.71603231,0.33333333,1,-0.08217865
0.02308000,10.00000000,15.00000000,15.07769947,10.69471227,0.33333333,1,-0.07769947
0.02310000,10.00000000,15.00000000,15.07309207,10.67460399,0.33333333,1,-0.07309207
0.02312000,10.00000000,15.00000000,15.06836624,10.65574036,0.33333333,1,-0.06836624
0.02314000,10.00000000,15.00000000,15.06353195,10.63815164,0.33333333,1,-0.06353195
0.02316000,10.00000000,15.00000000,15.05859931,10.62186540,0.33333333,1,-0.05859931
0.02318000,10.00000000,15.00000000,15.05357859,10.60690651,0.33333333,1,-0.05357859
0.02320000,10.00000000,15.00000000,15.04848016,10.59329706,0.33333333,1,-0.04848016
0.02322000,10.00000000,15.00000000,15.04331449,10.58105640,0.33333333,1,-0.04331449
0.02324000,10.00000000,15.00000000,15.03809213,10.57020104,0.33333333,1,-0.03809213
0.02326000,10.00000000,15.00000000,15.03282369,10.56074469,0.33333333,1,-0.03282369
0.02328000,10.00000000,15.00000000,15.02751978,10.55269823,0.33333333,1,-0.02751978
0.02330000,10.00000000,15.00000000,15.02219106,10.54606968,0.33333333,1,-0.02219106
0.02332000,10.00000000,15.00000000,15.01684816,10.54086425,0.33333333,1,-0.01684816
0.02334000,10.00000000,15.00000000,15.01150167,10.53708431,0.33333333,1,-0.01150167
0.02336000,10.00000000,15.00000000,15.00616216,10.53472941,0.33333333,1,-0.00616216
0.02338000,10.00000000,15.00000000,15.00084008,10.53379628,0.33333333,1,-0.00084008
0.02340000,10.00000000,15.00000000,14.99554584,10.53427889,0.33333333,1,0.00445416
0.02342000,10.00000000,15.00000000,14.99028970,10.53616844,0.33333333,1,0.00971030
0.02344000,10.00000000,15.00000000,14.98508181,10.53945342,0.33333333,1,0.01491819
0.02346000,10.00000000,15.00000000,14.97993215,10.54411963,0.33333333,1,0.02006785
0.02348000,10.00000000,15.00000000,14.97485054,10.55015023,0.33333333,1,0.02514946
0.02350000,10.00000000,15.00000000,14.96984662,10.55752577,0.33333333,1,0.03015338
0.02352000,10.00000000,15.00000000,14.96492981,10.56622429,0.33333333,1,0.03507019
0.02354000,10.00000000,15.00000000,14.96010930,10.57622131,0.33333333,1,0.03989070
0.02356000,10.00000000,15.00000000,14.95539407,10.58748996,0.33333333,1,0.04460593
0.02358000,10.00000000,15.00000000,14.95079282,10.60000101,0.33333333,1,0.04920718
0.02360000,10.00000000,15.00000000,14.94631397,10.61372291,0.33333333,1,0.05368603
0.02362000,10.00000000,15.00000000,14.94196567,10.62862195,0.33333333,1,0.05803433
0.02364000,10.00000000,15.00000000,14.93775576,10.64466225,0.33333333,1,0.06224424
0.02366000,10.00000000,15.00000000,14.93369176,10.66180590,0.33333333,1,0.06630824
0.02368000,10.00000000,15.00000000,14.92978087,10.68001303,0.33333333,1,0.07021913
0.02370000,10.00000000,15.00000000,14.92602995,10.69924188,0.33333333,1,0.07397005
0.02372000,10.00000000,15.00000000,14.92244549,10.71944893,0.33333333,1,0.07755451
0.02374000,10.00000000,15.00000000,14.91903363,10.74058895,0.33333333,1,0.08096637
0.02376000,10.00000000,15.00000000,14.91580014,10.76261513,0.33333333,1,0.08419986
0.02378000,10.00000000,15.00000000,14.91275040,10.78547920,0.33333333,1,0.08724960
0.02380000,10.00000000,15.00000000,14.90988939,10.80913147,0.33333333,1,0.09011061
0.02382000,10.00000000,15.00000000,14.90722171,10.83352100,0.33333333,1,0.09277829
0.02384000,10.00000000,15.00000000,14.90475153,10.85859567,0.33333333,1,0.09524847
0.02386000,10.00000000,15.00000000,14.90248263,10.88430230,0.33333333,1,0.09751737
0.02388000,10.00000000,15.00000000,14.90041836,10.91058675,0.33333333,1,0.09958164
0.02390000,10.00000000,15.00000000,14.89856165,10.93739405,0.33333333,1,0.10143835
0.02392000,10.00000000,15.00000000,14.89691502,10.96466852,0.33333333,1,0.10308498
0.02394000,10.00000000,15.00000000,14.89548053,10.99235385,0.33333333,1,0.10451947
0.02396000,10.00000000,15.00000000,14.89425984,11.02039323,0.33333333,1,0.10574016
0.02398000,10.00000000,15.00000000,14.89325417,11.04872948,0.33333333,1,0.10674583
0.02400000,10.00000000,15.00000000,14.89246431,11.07730515,0.33333333,1,0.10753569
0.02402000,10.00000000,15.00000000,14.89189062,11.10606263,0.33333333,1,0.10810938
0.02404000,10.00000000,15.00000000,14.89153303,11.13494428,0.33333333,1,0.10846697
0.02406000,10.00000000,15.00000000,14.89139104,11.16389252,0.33333333,1,0.10860896
0.02408000,10.00000000,15.00000000,14.89146375,11.19284997,0.33333333,1,0.10853625
0.02410000,10.00000000,15.00000000,14.89174982,11.22175955,0.33333333,1,0.10825018
0.02412000,10.00000000,15.00000000,14.89224751,11.25056458,0.33333333,1,0.10775249
0.02414000,10.00000000,15.00000000,14.89295465,11.27920892,0.33333333,1,0.10704535
0.02416000,10.00000000,15.00000000,14.89386871,11.30763704,0.33333333,1,0.10613129
0.02418000,10.00000000,15.00000000,14.89498672,11.33579415,0.33333333,1,0.10501328
0.02420000,10.00000000,15.00000000,14.89630537,11.36362628,0.33333333,1,0.10369463
0.02422000,10.00000000,15.00000000,14.89782094,11.39108044,0.33333333,1,0.10217906
0.02424000,10.00000000,15.00000000,14.89952935,11.41810464,0.33333333,1,0.10047065
0.02426000,10.00000000,15.00000000,14.90142618,11.44464803,0.33333333,1,0.09857382
0.02428000,10.00000000,15.00000000,14.90350664,11.47066102,0.33333333,1,0.09649336
0.02430000,10.00000000,15.00000000,14.90576562,11.49609529,0.33333333,1,0.09423438
0.02432000,10.00000000,15.00000000,14.90819768,11.52090396,0.33333333,1,0.09180232
0.02434000,10.00000000,15.00000000,14.91079707,11.54504165,0.33333333,1,0.08920293
0.02436000,10.00000000,15.00000000,14.91355775,11.56846452,0.33333333,1,0.08644225
0.02438000,10.00000000,15.00000000,14.91647338,11.59113040,0.33333333,1,0.08352662
0.02440000,10.00000000,15.00000000,14.91953736,11.61299886,0.33333333,1,0.08046264
0.02442000,10.00000000,15.00000000,14.92274284,11.63403123,0.33333333,1,0.07725716
0.02444000,10.00000000,15.00000000,14.92608272,11.65419073,0.33333333,1,0.07391728
0.02446000,10.00000000,15.00000000,14.92954968,11.67344248,0.33333333,1,0.07045032
0.02448000,10.00000000,15.00000000,14.93313618,11.69175360,0.33333333,1,0.06686382
0.02450000,10.00000000,15.00000000,14.93683450,11.70909324,0.33333333,1,0.06316550
0.02452000,10.00000000,15.00000000,14.94063674,11.72543263,0.33333333,1,0.05936326
0.02454000,10.00000000,15.00000000,14.94453483,11.74074513,0.33333333,1,0.05546517
0.02456000,10.00000000,15.00000000,14.94852056,11.75500626,0.33333333,1,0.05147944
0.02458000,10.00000000,15.00000000,14.95258560,11.76819378,0.33333333,1,0.04741440
0.02460000,10.00000000,15.00000000,14.95672150,11.78028765,0.33333333,1,0.04327850
0.02462000,10.00000000,15.00000000,14.96091972,11.79127011,0.33333333,1,0.03908028
0.02464000,10.00000000,15.00000000,14.96517166,11.80112569,0.33333333,1,0.03482834
0.02466000,10.00000000,15.00000000,14.96946863,11.80984122,0.33333333,1,0.03053137
0.02468000,10.00000000,15.00000000,14.97380193,11.81740585,0.33333333,1,0.02619807
0.02470000,10.00000000,15.00000000,14.97816282,11.82381107,0.33333333,1,0.02183718
0.02472000,10.00000000,15.00000000,14.98254256,11.82905067,0.33333333,1,0.01745744
0.02474000,10.00000000,15.00000000,14.98693241,11.83312081,0.33333333,1,0.01306759
0.02476000,10.00000000,15.00000000,14.99132368,11.83601993,0.33333333,1,0.00867632
0.02478000,10.00000000,15.00000000,14.99570772,11.83774882,0.33333333,1,0.00429228
0.02480000,10.00000000,15.00000000,15.00007591,11.83831056,0.33333333,1,-0.00007591
0.02482000,10.00000000,15.00000000,15.00441976,11.83771050,0.33333333,1,-0.00441976
0.02484000,10.00000000,15.00000000,15.00873084,11.83595626,0.33333333,1,-0.00873084
0.02486000,10.00000000,15.00000000,15.01300083,11.83305770,0.33333333,1,-0.01300083
0.02488000,10.00000000,15.00000000,15.01722157,11.82902687,0.33333333,1,-0.01722157
0.02490000,10.00000000,15.00000000,15.02138500,11.82387796,0.33333333,1,-0.02138500
0.02492000,10.00000000,15.00000000,15.02548325,11.81762732,0.33333333,1,-0.02548325
0.02494000,10.00000000,15.00000000,15.02950861,11.81029337,0.33333333,1,-0.02950861
0.02496000,10.00000000,15.00000000,15.03345355,11.80189655,0.33333333,1,-0.03345355
0.02498000,10.00000000,15.00000000,15.03731074,11.79245928,0.33333333,1,-0.03731074
0.02500000,10.00000000,15.00000000,15.04107308,11.78200592,0.33333333,1,-0.04107308
0.02502000,10.00000000,15.00000000,15.04473369,11.77056268,0.33333333,1,-0.04473369
0.02504000,10.00000000,15.00000000,15.04828591,11.75815759,0.33333333,1,-0.04828591
0.02506000,10.00000000,15.00000000,15.05172335,11.74482040,0.33333333,1,-0.05172335
0.02508000,10.00000000,15.00000000,15.05503988,11.73058255,0.33333333,1,-0.05503988
0.02510000,10.00000000,15.00000000,15.05822963,11.71547707,0.33333333,1,-0.05822963
0.02512000,10.00000000,15.00000000,15.06128703,11.69953852,0.33333333,1,-0.06128703
0.02514000,10.00000000,15.00000000,15.06420678,11.68280289,0.33333333,1,-0.06420678
0.02516000,10.00000000,15.00000000,15.06698390,11.66530758,0.33333333,1,-0.06698390
0.02518000,10.00000000,15.00000000,15.06961371,11.64709124,0.33333333,1,-0.06961371
0.02520000,10.00000000,15.00000000,15.07209185,11.62819375,0.33333333,1,-0.07209185
0.02522000,10.00000000,15.00000000,15.07441427,11.60865610,0.33333333,1,-0.07441427
0.02524000,10.00000000,15.00000000,15.07657726,11.58852032,0.33333333,1,-0.07657726
0.02526000,10.00000000,15.00000000,15.07857746,11.56782937,0.33333333,1,-0.07857746
0.02528000,10.00000000,15.00000000,15.08041181,11.54662709,0.33333333,1,-0.08041181
0.02530000,10.00000000,15.00000000,15.08207763,11.52495806,0.33333333,1,-0.08207763
0.02532000,10.00000000,15.00000000,15.08357256,11.50286754,0.33333333,1,-0.08357256
0.02534000,10.00000000,15.00000000,15.08489462,11.48040139,0.33333333,1,-0.08489462
0.02536000,10.00000000,15.00000000,15.08604215,11.45760593,0.33333333,1,-0.08604215
0.02538000,10.00000000,15.00000000,15.08701387,11.43452787,0.33333333,1,-0.08701387
0.02540000,10.00000000,15.00000000,15.08780882,11.41121425,0.33333333,1,-0.08780882
0.02542000,10.00000000,15.00000000,15.08842644,11.38771227,0.33333333,1,-0.08842644
0.02544000,10.00000000,15.00000000,15.08886647,11.36406927,0.33333333,1,-0.08886647
0.02546000,10.00000000,15.00000000,15.08912904,11.34033259,0.33333333,1,-0.08912904
0.02548000,10.00000000,15.00000000,15.08921462,11.31654951,0.33333333,1,-0.08921462
0.02550000,10.00000000,15.00000000,15.08912402,11.29276712,0.33333333,1,-0.08912402
0.02552000,10.00000000,15.00000000,15.08885838,11.26903226,0.33333333,1,-0.08885838
0.02554000,10.00000000,15.00000000,15.08841921,11.24539141,0.33333333,1,-0.08841921
0.02556000,10.00000000,15.00000000,15.08780834,11.22189062,0.33333333,1,-0.08780834
0.02558000,10.00000000,15.00000000,15.08702790,11.19857538,0.33333333,1,-0.08702790
0.02560000,10.00000000,15.00000000,15.08608039,11.17549059,0.33333333,1,-0.08608039
0.02562000,10.00000000,15.00000000,15.08496859,11.15268044,0.33333333,1,-0.08496859
0.02564000,10.00000000,15.00000000,15.08369561,11.13018833,0.33333333,1,-0.08369561
0.02566000,10.00000000,15.00000000,15.08226484,11.10805681,0.33333333,1,-0.08226484
0.02568000,10.00000000,15.00000000,15.08067997,11.08632745,0.33333333,1,-0.08067997
0.02570000,10.00000000,15.00000000,15.07894499,11.06504084,0.33333333,1,-0.07894499
0.02572000,10.00000000,15.00000000,15.07706413,11.04423643,0.33333333,1,-0.07706413
0.02574000,10.00000000,15.00000000,15.07504192,11.02395253,0.33333333,1,-0.07504192
0.02576000,10.00000000,15.00000000,15.07288311,11.00422622,0.33333333,1,-0.07288311
0.02578000,10.00000000,15.00000000,15.07059272,10.98509324,0.33333333,1,-0.07059272
0.02580000,10.00000000,15.00000000,15.06817599,10.96658800,0.33333333,1,-0.06817599
0.02582000,10.00000000,15.00000000,15.06563837,10.94874346,0.33333333,1,-0.06563837
0.02584000,10.00000000,15.00000000,15.06298553,10.93159111,0.33333333,1,-0.06298553
0.02586000,10.00000000,15.00000000,15.06022335,10.91516090,0.33333333,1,-0.06022335
0.02588000,10.00000000,15.00000000,15.05735785,10.89948118,0.33333333,1,-0.05735785
0.02590000,10.00000000,15.00000000,15.05439526,10.88457867,0.33333333,1,-0.05439526
0.02592000,10.00000000,15.00000000,15.05134196,10.87047843,0.33333333,1,-0.05134196
0.02594000,10.00000000,15.00000000,15.04820445,10.85720378,0.33333333,1,-0.04820445
0.02596000,10.00000000,15.00000000,15.04498939,10.84477629,0.33333333,1,-0.04498939
0.02598000,10.00000000,15.00000000,15.04170353,10.83321573,0.33333333,1,-0.04170353
0.02600000,10.00000000,15.00000000,15.03835374,10.82254009,0.33333333,1,-0.03835374
0.02602000,10.00000000,15.00000000,15.03494697,10.81276547,0.33333333,1,-0.03494697
0.02604000,10.00000000,15.00000000,15.03149024,10.80390615,0.33333333,1,-0.03149024
0.02606000,10.00000000,15.00000000,15.02799065,10.79597449,0.33333333,1,-0.02799065
0.02608000,10.00000000,15.00000000,15.02445531,10.78898098,0.33333333,1,-0.02445531
0.02610000,10.00000000,15.00000000,15.02089140,10.78293420,0.33333333,1,-0.02089140
0.02612000,10.00000000,15.00000000,15.01730609,10.77784080,0.33333333,1,-0.01730609
0.02614000,10.00000000,15.00000000,15.01370655,10.77370555,0.33333333,1,-0.01370655
0.02616000,10.00000000,15.00000000,15.01009996,10.77053127,0.33333333,1,-0.01009996
0.02618000,10.00000000,15.00000000,15.00649347,10.76831889,0.33333333,1,-0.00649347
0.02620000,10.00000000,15.00000000,15.00289416,10.76706745,0.33333333,1,-0.00289416
0.02622000,10.00000000,15.00000000,14.99930909,10.76677407,0.33333333,1,0.00069091
0.02624000,10.00000000,15.00000000,14.99574525,10.76743404,0.33333333,1,0.00425475
0.02626000,10.00000000,15.00000000,14.99220953,10.76904077,0.33333333,1,0.00779047
0.02628000,10.00000000,15.00000000,14.98870874,10.77158586,0.33333333,1,0.01129126
0.02630000,10.00000000,15.00000000,14.98524958,10.77505908,0.33333333,1,0.01475042
0.02632000,10.00000000,15.00000000,14.98183864,10.77944846,0.33333333,1,0.01816136
0.02634000,10.00000000,15.00000000,14.97848237,10.78474028,0.33333333,1,0.02151763
0.02636000,10.00000000,15.00000000,14.97518707,10.79091911,0.33333333,1,0.02481293
0.02638000,10.00000000,15.00000000,14.97195889,10.79796787,0.33333333,1,0.02804111
0.02640000,10.00000000,15.00000000,14.96880383,10.80586786,0.33333333,1,0.03119617
0.02642000,10.00000000,15.00000000,14.96572769,10.81459881,0.33333333,1,0.03427231
0.02644000,10.00000000,15.00000000,14.96273609,10.82413891,0.33333333,1,0.03726391
0.02646000,10.00000000,15.00000000,14.95983445,10.83446490,0.33333333,1,0.04016555
0.02648000,10.00000000,15.00000000,14.95702800,10.84555208,0.33333333,1,0.04297200
0.02650000,10.00000000,15.00000000,14.95432173,10.85737439,0.33333333,1,0.04567827
0.02652000,10.00000000,15.00000000,14.95172041,10.86990449,0.33333333,1,0.04827959
0.02654000,10.00000000,15.00000000,14.94922860,10.88311377,0.33333333,1,0.05077140
0.02656000,10.00000000,15.00000000,14.94685058,10.89697245,0.33333333,1,0.05314942
0.02658000,10.00000000,15.00000000,14.94459042,10.91144965,0.33333333,1,0.05540958
0.02660000,10.00000000,15.00000000,14.94245191,10.92651341,0.33333333,1,0.05754809
0.02662000,10.00000000,15.00000000,14.94043858,10.94213083,0.33333333,1,0.05956142
0.02664000,10.00000000,15.00000000,14.93855372,10.95826808,0.33333333,1,0.06144628
0.02666000,10.00000000,15.00000000,14.93680032,10.97489049,0.33333333,1,0.06319968
0.02668000,10.00000000,15.00000000,14.93518111,10.99196265,0.33333333,1,0.06481889
0.02670000,10.00000000,15.00000000,14.93369852,11.00944842,0.33333333,1,0.06630148
0.02672000,10.00000000,15.00000000,14.93235474,11.02731110,0.33333333,1,0.06764526
0.02674000,10.00000000,15.00000000,14.93115162,11.04551339,0.33333333,1,0.06884838
0.02676000,10.00000000,15.00000000,14.93009077,11.06401758,0.33333333,1,0.06990923
0.02678000,10.00000000,15.00000000,14.92917348,11.08278555,0.33333333,1,0.07082652
0.02680000,10.00000000,15.00000000,14.92840077,11.10177887,0.33333333,1,0.07159923
0.02682000,10.00000000,15.00000000,14.92777335,11.12095889,0.33333333,1,0.07222665
0.02684000,10.00000000,15.00000000,14.92729166,11.14028680,0.33333333,1,0.07270834
0.02686000,10.00000000,15.00000000,14.92695584,11.15972370,0.33333333,1,0.07304416
0.02688000,10.00000000,15.00000000,14.92676574,11.17923073,0.33333333,1,0.07323426
0.02690000,10.00000000,15.00000000,14.92672093,11.19876906,0.33333333,1,0.07327907
0.02692000,10.00000000,15.00000000,14.92682069,11.21830005,0.33333333,1,0.07317931
0.02694000,10.00000000,15.00000000,14.92706402,11.23778526,0.33333333,1,0.07293598
0.02696000,10.00000000,15.00000000,14.92744966,11.25718658,0.33333333,1,0.07255034
0.02698000,10.00000000,15.00000000,14.92797605,11.27646626,0.33333333,1,0.07202395
0.02700000,10.00000000,15.00000000,14.92864137,11.29558701,0.33333333,1,0.07135863
0.02702000,10.00000000,15.00000000,14.92944354,11.31451204,0.33333333,1,0.07055646
0.02704000,10.00000000,15.00000000,14.93038024,11.33320516,0.33333333,1,0.06961976
0.02706000,10.00000000,15.00000000,14.93144886,11.35163085,0.33333333,1,0.06855114
0.02708000,10.00000000,15.00000000,14.93264658,11.36975429,0.33333333,1,0.06735342
0.02710000,10.00000000,15.00000000,14.93397031,11.38754147,0.33333333,1,0.06602969
0.02712000,10.00000000,15.00000000,14.93541675,11.40495922,0.33333333,1,0.06458325
0.02714000,10.00000000,15.00000000,14.93698238,11.42197527,0.33333333,1,0.06301762
0.02716000,10.00000000,15.00000000,14.93866345,11.43855835,0.33333333,1,0.06133655
0.02718000,10.00000000,15.00000000,14.94045600,11.45467819,0.33333333,1,0.05954400
0.02720000,10.00000000,15.00000000,14.94235590,11.47030561,0.33333333,1,0.05764410
0.02722000,10.00000000,15.00000000,14.94435880,11.48541255,0.33333333,1,0.05564120
0.02724000,10.00000000,15.00000000,14.94646019,11.49997216,0.33333333,1,0.05353981
0.02726000,10.00000000,15.00000000,14.94865539,11.51395878,0.33333333,1,0.05134461
0.02728000,10.00000000,15.00000000,14.95093955,11.52734804,0.33333333,1,0.04906045
0.02730000,10.00000000,15.00000000,14.95330768,11.54011688,0.33333333,1,0.04669232
0.02732000,10.00000000,15.00000000,14.95575465,11.55224360,0.33333333,1,0.04424535
0.02734000,10.00000000,15.00000000,14.95827521,11.56370786,0.33333333,1,0.04172479
0.02736000,10.00000000,15.00000000,14.96086397,11.57449076,0.33333333,1,0.03913603
0.02738000,10.00000000,15.00000000,14.96351548,11.58457483,0.33333333,1,0.03648452
0.02740000,10.00000000,15.00000000,14.96622415,11.59394409,0.33333333,1,0.03377585
0.02742000,10.00000000,15.00000000,14.96898434,11.60258404,0.33333333,1,0.03101566
0.02744000,10.00000000,15.00000000,14.97179032,11.61048170,0.33333333,1,0.02820968
0.02746000,10.00000000,15.00000000,14.97463631,11.61762564,0.33333333,1,0.02536369
0.02748000,10.00000000,15.00000000,14.97751649,11.62400596,0.33333333,1,0.02248351
0.02750000,10.00000000,15.00000000,14.98042500,11.62961433,0.33333333,1,0.01957500
0.02752000,10.00000000,15.00000000,14.98335595,11.63444397,0.33333333,1,0.01664405
0.02754000,10.00000000,15.00000000,14.98630343,11.63848969,0.33333333,1,0.01369657
0.02756000,10.00000000,15.00000000,14.98926157,11.64174786,0.33333333,1,0.01073843
0.02758000,10.00000000,15.00000000,14.99222446,11.64421643,0.33333333,1,0.00777554
0.02760000,10.00000000,15.00000000,14.99518626,11.64589491,0.33333333,1,0.00481374
0.02762000,10.00000000,15.00000000,14.99814112,11.64678438,0.33333333,1,0.00185888
0.02764000,10.00000000,15.00000000,15.00108328,11.64688744,0.33333333,1,-0.00108328
0.02766000,10.00000000,15.00000000,15.00400700,11.64620827,0.33333333,1,-0.00400700
0.02768000,10.00000000,15.00000000,15.00690664,11.64475252,0.33333333,1,-0.00690664
0.02770000,10.00000000,15.00000000,15.00977660,11.64252736,0.33333333,1,-0.00977660
0.02772000,10.00000000,15.00000000,15.01261141,11.63954145,0.33333333,1,-0.01261141
0.02774000,10.00000000,15.00000000,15.01540568,11.63580488,0.33333333,1,-0.01540568
0.02776000,10.00000000,15.00000000,15.01815413,11.63132916,0.33333333,1,-0.01815413
0.02778000,10.00000000,15.00000000,15.02085159,11.62612721,0.33333333,1,-0.02085159
0.02780000,10.00000000,15.00000000,15.02349304,11.62021330,0.33333333,1,-0.02349304
0.02782000,10.00000000,15.00000000,15.02607359,11.61360300,0.33333333,1,-0.02607359
0.02784000,10.00000000,15.00000000,15.02858849,11.60631322,0.33333333,1,-0.02858849
0.02786000,10.00000000,15.00000000,15.03103315,11.59836205,0.33333333,1,-0.03103315
0.02788000,10.00000000,15.00000000,15.03340315,11.58976884,0.33333333,1,-0.03340315
0.02790000,10.00000000,15.00000000,15.03569423,11.58055406,0.33333333,1,-0.03569423
0.02792000,10.00000000,15.00000000,15.03790232,11.57073930,0.33333333,1,-0.03790232
0.02794000,10.00000000,15.00000000,15.04002352,11.56034721,0.33333333,1,-0.04002352
0.02796000,10.00000000,15.00000000,15.04205415,11.54940147,0.33333333,1,-0.04205415
0.02798000,10.00000000,15.00000000,15.04399070,11.53792670,0.33333333,1,-0.04399070
0.02800000,10.00000000,15.00000000,15.04582988,11.52594842,0.33333333,1,-0.04582988
0.02802000,10.00000000,15.00000000,15.04756861,11.51349302,0.33333333,1,-0.04756861
0.02804000,10.00000000,15.00000000,15.04920402,11.50058768,0.33333333,1,-0.04920402
0.02806000,10.00000000,15.00000000,15.05073346,11.48726030,0.33333333,1,-0.05073346
0.02808000,10.00000000,15.00000000,15.05215451,11.47353947,0.33333333,1,-0.05215451
0.02810000,10.00000000,15.00000000,15.05346497,11.45945439,0.33333333,1,-0.05346497
0.02812000,10.00000000,15.00000000,15.05466287,11.44503483,0.33333333,1,-0.05466287
0.02814000,10.00000000,15.00000000,15.05574647,11.43031102,0.33333333,1,-0.05574647
0.02816000,10.00000000,15.00000000,15.05671428,11.41531367,0.33333333,1,-0.05671428
0.02818000,10.00000000,15.00000000,15.05756502,11.40007382,0.33333333,1,-0.05756502
0.02820000,10.00000000,15.00000000,15.05829768,11.38462282,0.33333333,1,-0.05829768
0.02822000,10.00000000,15.00000000,15.05891146,11.36899229,0.33333333,1,-0.05891146
0.02824000,10.00000000,15.00000000,15.05940581,11.35321400,0.33333333,1,-0.05940581
0.02826000,10.00000000,15.00000000,15.05978043,11.33731984,0.33333333,1,-0.05978043
0.02828000,10.00000000,15.00000000,15.06003523,11.32134176,0.33333333,1,-0.06003523
0.02830000,10.00000000,15.00000000,15.06017038,11.30531169,0.33333333,1,-0.06017038
0.02832000,10.00000000,15.00000000,15.06018627,11.28926149,0.33333333,1,-0.06018627
0.02834000,10.00000000,15.00000000,15.06008354,11.27322289,0.33333333,1,-0.06008354
0.02836000,10.00000000,15.00000000,15.05986304,11.25722741,0.33333333,1,-0.05986304
0.02838000,10.00000000,15.00000000,15.05952587,11.24130631,0.33333333,1,-0.05952587
0.02840000,10.00000000,15.00000000,15.05907332,11.22549054,0.33333333,1,-0.05907332
0.02842000,10.00000000,15.00000000,15.05850694,11.20981066,0.33333333,1,-0.05850694
0.02844000,10.00000000,15.00000000,15.05782847,11.19429680,0.33333333,1,-0.05782847
0.02846000,10.00000000,15.00000000,15.05703986,11.17897860,0.33333333,1,-0.05703986
0.02848000,10.00000000,15.00000000,15.05614327,11.16388514,0.33333333,1,-0.05614327
0.02850000,10.00000000,15.00000000,15.05514109,11.14904491,0.33333333,1,-0.05514109
0.02852000,10.00000000,15.00000000,15.05403585,11.13448572,0.33333333,1,-0.05403585
0.02854000,10.00000000,15.00000000,15.05283031,11.12023471,0.33333333,1,-0.05283031
0.02856000,10.00000000,15.00000000,15.05152740,11.10631821,0.33333333,1,-0.05152740
0.02858000,10.00000000,15.00000000,15.05013023,11.09276180,0.33333333,1,-0.05013023
0.02860000,10.00000000,15.00000000,15.04864207,11.07959018,0.33333333,1,-0.04864207
0.02862000,10.00000000,15.00000000,15.04706634,11.06682715,0.33333333,1,-0.04706634
0.02864000,10.00000000,15.00000000,15.04540666,11.05449559,0.33333333,1,-0.04540666
0.02866000,10.00000000,15.00000000,15.04366673,11.04261740,0.33333333,1,-0.04366673
0.02868000,10.00000000,15.00000000,15.04185045,11.03121346,0.33333333,1,-0.04185045
0.02870000,10.00000000,15.00000000,15.03996180,11.02030360,0.33333333,1,-0.03996180
0.02872000,10.00000000,15.00000000,15.03800491,11.00990657,0.33333333,1,-0.03800491
0.02874000,10.00000000,15.00000000,15.03598401,11.00004000,0.33333333,1,-0.03598401
0.02876000,10.00000000,15.00000000,15.03390344,10.99072040,0.33333333,1,-0.03390344
0.02878000,10.00000000,15.00000000,15.03176762,10.98196308,0.33333333,1,-0.03176762
0.02880000,10.00000000,15.00000000,15.02958107,10.97378218,0.33333333,1,-0.02958107
0.02882000,10.00000000,15.00000000,15.02734837,10.96619061,0.33333333,1,-0.02734837
0.02884000,10.00000000,15.00000000,15.02507417,10.95920007,0.33333333,1,-0.02507417
0.02886000,10.00000000,15.00000000,15.02276319,10.95282099,0.33333333,1,-0.02276319
0.02888000,10.00000000,15.00000000,15.02042019,10.94706255,0.33333333,1,-0.02042019
0.02890000,10.00000000,15.00000000,15.01804994,10.94193265,0.33333333,1,-0.01804994
0.02892000,10.00000000,15.00000000,15.01565728,10.93743790,0.33333333,1,-0.01565728
0.02894000,10.00000000,15.00000000,15.01324704,10.93358366,0.33333333,1,-0.01324704
0.02896000,10.00000000,15.00000000,15.01082406,10.93037395,0.33333333,1,-0.01082406
0.02898000,10.00000000,15.00000000,15.00839318,10.92781153,0.33333333,1,-0.00839318
0.02900000,10.00000000,15.00000000,15.00595925,10.92589786,0.33333333,1,-0.00595925
0.02902000,10.00000000,15.00000000,15.00352706,10.92463311,0.33333333,1,-0.00352706
0.02904000,10.00000000,15.00000000,15.00110139,10.92401618,0.33333333,1,-0.00110139
0.02906000,10.00000000,15.00000000,14.99868700,10.92404470,0.33333333,1,0.00131300
0.02908000,10.00000000,15.00000000,14.99628857,10.92471503,0.33333333,1,0.00371143
0.02910000,10.00000000,15.00000000,14.99391074,10.92602229,0.33333333,1,0.00608926
0.02912000,10.00000000,15.00000000,14.99155807,10.92796040,0.33333333,1,0.00844193
0.02914000,10.00000000,15.00000000,14.98923506,10.93052202,0.33333333,1,0.01076494
0.02916000,10.00000000,15.00000000,14.98694613,10.93369866,0.33333333,1,0.01305387
0.02918000,10.00000000,15.00000000,14.98469559,10.93748067,0.33333333,1,0.01530441
0.02920000,10.00000000,15.00000000,14.98248765,10.94185723,0.33333333,1,0.01751235
0.02922000,10.00000000,15.00000000,14.98032644,10.94681643,0.33333333,1,0.01967356
0.02924000,10.00000000,15.00000000,14.97821595,10.95234529,0.33333333,1,0.02178405
0.02926000,10.00000000,15.00000000,14.97616006,10.95842974,0.33333333,1,0.02383994
0.02928000,10.00000000,15.00000000,14.97416251,10.96505473,0.33333333,1,0.02583749
0.02930000,10.00000000,15.00000000,14.97222691,10.97220423,0.33333333,1,0.02777309
0.02932000,10.00000000,15.00000000,14.97035674,10.97986123,0.33333333,1,0.02964326
0.02934000,10.00000000,15.00000000,14.96855531,10.98800786,0.33333333,1,0.03144469
0.02936000,10.00000000,15.00000000,14.96682579,10.99662534,0.33333333,1,0.03317421
0.02938000,10.00000000,15.00000000,14.96517119,11.00569411,0.33333333,1,0.03482881
0.02940000,10.00000000,15.00000000,14.96359435,11.01519380,0.33333333,1,0.03640565
0.02942000,10.00000000,15.00000000,14.96209795,11.02510331,0.33333333,1,0.03790205
0.02944000,10.00000000,15.00000000,14.96068448,11.03540085,0.33333333,1,0.03931552
0.02946000,10.00000000,15.00000000,14.95935628,11.04606400,0.33333333,1,0.04064372
0.02948000,10.00000000,15.00000000,14.95811549,11.05706973,0.33333333,1,0.04188451
0.02950000,10.00000000,15.00000000,14.95696406,11.06839446,0.33333333,1,0.04303594
0.02952000,10.00000000,15.00000000,14.95590377,11.08001413,0.33333333,1,0.04409623
0.02954000,10.00000000,15.00000000,14.95493621,11.09190421,0.33333333,1,0.04506379
0.02956000,10.00000000,15.00000000,14.95406275,11.10403978,0.33333333,1,0.04593725
0.02958000,10.00000000,15.00000000,14.95328461,11.11639560,0.33333333,1,0.04671539
0.02960000,10.00000000,15.00000000,14.95260279,11.12894609,0.33333333,1,0.04739721
0.02962000,10.00000000,15.00000000,14.95201810,11.14166547,0.33333333,1,0.04798190
0.02964000,10.00000000,15.00000000,14.95153114,11.15452775,0.33333333,1,0.04846886
0.02966000,10.00000000,15.00000000,14.95114234,11.16750680,0.33333333,1,0.04885766
0.02968000,10.00000000,15.00000000,14.95085192,11.18057642,0.33333333,1,0.04914808
0.02970000,10.00000000,15.00000000,14.95065991,11.19371036,0.33333333,1,0.04934009
0.02972000,10.00000000,15.00000000,14.95056614,11.20688240,0.33333333,1,0.04943386
0.02974000,10.00000000,15.00000000,14.95057025,11.22006639,0.33333333,1,0.04942975
0.02976000,10.00000000,15.00000000,14.95067168,11.23323629,0.33333333,1,0.04932832
0.02978000,10.00000000,15.00000000,14.95086971,11.24636624,0.33333333,1,0.04913029
0.02980000,10.00000000,15.00000000,14.95116340,11.25943060,0.33333333,1,0.04883660
0.02982000,10.00000000,15.00000000,14.95155165,11.27240402,0.33333333,1,0.04844835
0.02984000,10.00000000,15.00000000,14.95203317,11.28526143,0.33333333,1,0.04796683
0.02986000,10.00000000,15.00000000,14.95260649,11.29797817,0.33333333,1,0.04739351
0.02988000,10.00000000,15.00000000,14.95326998,11.31052995,0.33333333,1,0.04673002
0.02990000,10.00000000,15.00000000,14.95402182,11.32289299,0.33333333,1,0.04597818
0.02992000,10.00000000,15.00000000,14.95486006,11.33504397,0.33333333,1,0.04513994
0.02994000,10.00000000,15.00000000,14.95578255,11.34696013,0.33333333,1,0.04421745
0.02996000,10.00000000,15.00000000,14.95678702,11.35861932,0.33333333,1,0.04321298
0.02998000,10.00000000,15.00000000,14.95787104,11.36999998,0.33333333,1,0.04212896
0.03000000,10.00000000,15.00000000,14.95903202,11.38108126,0.33333333,1,0.04096798
0.03002000,10.00000000,15.00000000,14.96026725,11.39184297,0.33333333,1,0.03973275
0.03004000,10.00000000,15.00000000,14.96157390,11.40226571,0.33333333,1,0.03842610
0.03006000,10.00000000,15.00000000,14.96294899,11.41233081,0.33333333,1,0.03705101
0.03008000,10.00000000,15.00000000,14.96438943,11.42202044,0.33333333,1,0.03561057
0.03010000,10.00000000,15.00000000,14.96589203,11.43131759,0.33333333,1,0.03410797
0.03012000,10.00000000,15.00000000,14.96745348,11.44020612,0.33333333,1,0.03254652
0.03014000,10.00000000,15.00000000,14.96907038,11.44867080,0.33333333,1,0.03092962
0.03016000,10.00000000,15.00000000,14.97073923,11.45669730,0.33333333,1,0.02926077
0.03018000,10.00000000,15.00000000,14.97245647,11.46427225,0.33333333,1,0.02754353
0.03020000,10.00000000,15.00000000,14.97421845,11.47138321,0.33333333,1,0.02578155
0.03022000,10.00000000,15.00000000,14.97602144,11.47801876,0.33333333,1,0.02397856
0.03024000,10.00000000,15.00000000,14.97786166,11.48416847,0.33333333,1,0.02213834
0.03026000,10.00000000,15.00000000,14.97973529,11.48982291,0.33333333,1,0.02026471
0.03028000,10.00000000,15.00000000,14.98163846,11.49497368,0.33333333,1,0.01836154
0.03030000,10.00000000,15.00000000,14.98356724,11.49961345,0.33333333,1,0.01643276
0.03032000,10.00000000,15.00000000,14.98551770,11.50373590,0.33333333,1,0.01448230
0.03034000,10.00000000,15.00000000,14.98748588,11.50733577,0.33333333,1,0.01251412
0.03036000,10.00000000,15.00000000,14.98946780,11.51040887,0.33333333,1,0.01053220
0.03038000,10.00000000,15.00000000,14.99145949,11.51295207,0.33333333,1,0.00854051
0.03040000,10.00000000,15.00000000,14.99345696,11.51496329,0.33333333,1,0.00654304
0.03042000,10.00000000,15.00000000,14.99545625,11.51644153,0.33333333,1,0.00454375
0.03044000,10.00000000,15.00000000,14.99745342,11.51738681,0.33333333,1,0.00254658
0.03046000,10.00000000,15.00000000,14.99944453,11.51780024,0.33333333,1,0.00055547
0.03048000,10.00000000,15.00000000,15.00142571,11.51768395,0.33333333,1,-0.00142571
0.03050000,10.00000000,15.00000000,15.00339310,11.51704109,0.33333333,1,-0.00339310
0.03052000,10.00000000,15.00000000,15.00534292,11.51587586,0.33333333,1,-0.00534292
0.03054000,10.00000000,15.00000000,15.00727140,11.51419343,0.33333333,1,-0.00727140
0.03056000,10.00000000,15.00000000,15.00917488,11.51200000,0.33333333,1,-0.00917488
0.03058000,10.00000000,15.00000000,15.01104975,11.50930270,0.33333333,1,-0.01104975
0.03060000,10.00000000,15.00000000,15.01289247,11.50610966,0.33333333,1,-0.01289247
0.03062000,10.00000000,15.00000000,15.01469958,11.50242989,0.33333333,1,-0.01469958
0.03064000,10.00000000,15.00000000,15.01646773,11.49827334,0.33333333,1,-0.01646773
0.03066000,10.00000000,15.00000000,15.01819366,11.49365085,0.33333333,1,-0.01819366
0.03068000,10.00000000,15.00000000,15.01987419,11.48857410,0.33333333,1,-0.01987419
0.03070000,10.00000000,15.00000000,15.02150626,11.48305559,0.33333333,1,-0.02150626
0.03072000,10.00000000,15.00000000,15.02308694,11.47710866,0.33333333,1,-0.02308694
0.03074000,10.00000000,15.00000000,15.02461339,11.47074738,0.33333333,1,-0.02461339
0.03076000,10.00000000,15.00000000,15.02608291,11.46398658,0.33333333,1,-0.02608291
0.03078000,10.00000000,15.00000000,15.02749291,11.45684179,0.33333333,1,-0.02749291
0.03080000,10.00000000,15.00000000,15.02884096,11.44932920,0.33333333,1,-0.02884096
0.03082000,10.00000000,15.00000000,15.03012474,11.44146565,0.33333333,1,-0.03012474
0.03084000,10.00000000,15.00000000,15.03134207,11.43326858,0.33333333,1,-0.03134207
0.03086000,10.00000000,15.00000000,15.03249093,11.42475597,0.33333333,1,-0.03249093
0.03088000,10.00000000,15.00000000,15.03356943,11.41594634,0.33333333,1,-0.03356943
0.03090000,10.00000000,15.00000000,15.03457585,11.40685868,0.33333333,1,-0.03457585
0.03092000,10.00000000,15.00000000,15.03550859,11.39751244,0.33333333,1,-0.03550859
0.03094000,10.00000000,15.00000000,15.03636623,11.38792745,0.33333333,1,-0.03636623
0.03096000,10.00000000,15.00000000,15.03714749,11.37812391,0.33333333,1,-0.03714749
0.03098000,10.00000000,15.00000000,15.03785126,11.36812234,0.33333333,1,-0.03785126
0.03100000,10.00000000,15.00000000,15.03847659,11.35794354,0.33333333,1,-0.03847659
0.03102000,10.00000000,15.00000000,15.03902267,11.34760854,0.33333333,1,-0.03902267
0.03104000,10.00000000,15.00000000,15.03948887,11.33713855,0.33333333,1,-0.03948887
0.03106000,10.00000000,15.00000000,15.03987471,11.32655495,0.33333333,1,-0.03987471
0.03108000,10.00000000,15.00000000,15.04017989,11.31587921,0.33333333,1,-0.04017989
0.03110000,10.00000000,15.00000000,15.04040423,11.30513286,0.33333333,1,-0.04040423
0.03112000,10.00000000,15.00000000,15.04054776,11.29433747,0.33333333,1,-0.04054776
0.03114000,10.00000000,15.00000000,15.04061064,11.28351456,0.33333333,1,-0.04061064
0.03116000,10.00000000,15.00000000,15.04059318,11.27268561,0.33333333,1,-0.04059318
0.03118000,10.00000000,15.00000000,15.04049587,11.26187196,0.33333333,1,-0.04049587
0.03120000,10.00000000,15.00000000,15.04031934,11.25109485,0.33333333,1,-0.04031934
0.03122000,10.00000000,15.00000000,15.04006438,11.24037529,0.33333333,1,-0.04006438
0.03124000,10.00000000,15.00000000,15.03973193,11.22973407,0.33333333,1,-0.03973193
0.03126000,10.00000000,15.00000000,15.03932307,11.21919172,0.33333333,1,-0.03932307
0.03128000,10.00000000,15.00000000,15.03883902,11.20876845,0.33333333,1,-0.03883902
0.03130000,10.00000000,15.00000000,15.03828117,11.19848413,0.33333333,1,-0.03828117
0.03132000,10.00000000,15.00000000,15.03765100,11.18835826,0.33333333,1,-0.03765100
0.03134000,10.00000000,15.00000000,15.03695018,11.17840988,0.33333333,1,-0.03695018
0.03136000,10.00000000,15.00000000,15.03618046,11.16865762,0.33333333,1,-0.03618046
0.03138000,10.00000000,15.00000000,15.03534376,11.15911959,0.33333333,1,-0.03534376
0.03140000,10.00000000,15.00000000,15.03444207,11.14981339,0.33333333,1,-0.03444207
0.03142000,10.00000000,15.00000000,15.03347755,11.14075607,0.33333333,1,-0.03347755
0.03144000,10.00000000,15.00000000,15.03245244,11.13196408,0.33333333,1,-0.03245244
0.03146000,10.00000000,15.00000000,15.03136909,11.12345328,0.33333333,1,-0.03136909
0.03148000,10.00000000,15.00000000,15.03022996,11.11523886,0.33333333,1,-0.03022996
0.03150000,10.00000000,15.00000000,15.02903761,11.10733537,0.33333333,1,-0.02903761
0.03152000,10.00000000,15.00000000,15.02779467,11.09975663,0.33333333,1,-0.02779467
0.03154000,10.00000000,15.00000000,15.02650387,11.09251580,0.33333333,1,-0.02650387
0.03156000,10.00000000,15.00000000,15.02516803,11.08562524,0.33333333,1,-0.02516803
0.03158000,10.00000000,15.00000000,15.02379002,11.07909660,0.33333333,1,-0.02379002
0.03160000,10.00000000,15.00000000,15.02237279,11.07294072,0.33333333,1,-0.02237279
0.03162000,10.00000000,15.00000000,15.02091934,11.06716766,0.33333333,1,-0.02091934
0.03164000,10.00000000,15.00000000,15.01943275,11.06178668,0.33333333,1,-0.01943275
0.03166000,10.00000000,15.00000000,15.01791612,11.05680620,0.33333333,1,-0.01791612
0.03168000,10.00000000,15.00000000,15.01637261,11.05223381,0.33333333,1,-0.01637261
0.03170000,10.00000000,15.00000000,15.01480540,11.04807625,0.33333333,1,-0.01480540
0.03172000,10.00000000,15.00000000,15.01321772,11.04433941,0.33333333,1,-0.01321772
0.03174000,10.00000000,15.00000000,15.01161280,11.04102833,0.33333333,1,-0.01161280
0.03176000,10.00000000,15.00000000,15.00999390,11.03814716,0.33333333,1,-0.00999390
0.03178000,10.00000000,15.00000000,15.00836429,11.03569920,0.33333333,1,-0.00836429
0.03180000,10.00000000,15.00000000,15.00672723,11.03368687,0.33333333,1,-0.00672723
0.03182000,10.00000000,15.00000000,15.00508599,11.03211172,0.33333333,1,-0.00508599
0.03184000,10.00000000,15.00000000,15.00344382,11.03097442,0.33333333,1,-0.00344382
0.03186000,10.00000000,15.00000000,15.00180398,11.03027480,0.33333333,1,-0.00180398
0.03188000,10.00000000,15.00000000,15.00016966,11.03001181,0.33333333,1,-0.00016966
0.03190000,10.00000000,15.00000000,14.99854406,11.03018354,0.33333333,1,0.00145594
0.03192000,10.00000000,15.00000000,14.99693034,11.03078726,0.33333333,1,0.00306966
0.03194000,10.00000000,15.00000000,14.99533161,11.03181936,0.33333333,1,0.00466839
0.03196000,10.00000000,15.00000000,14.99375092,11.03327546,0.33333333,1,0.00624908
0.03198000,10.00000000,15.00000000,14.99219130,11.03515033,0.33333333,1,0.00780870
0.03200000,10.00000000,15.00000000,14.99065570,11.03743796,0.33333333,1,0.00934430
0.03202000,10.00000000,15.00000000,14.98914701,11.04013157,0.33333333,1,0.01085299
0.03204000,10.00000000,15.00000000,14.98766806,11.04322358,0.33333333,1,0.01233194
0.03206000,10.00000000,15.00000000,14.98622158,11.04670571,0.33333333,1,0.01377842
0.03208000,10.00000000,15.00000000,14.98481026,11.05056895,0.33333333,1,0.01518974
0.03210000,10.00000000,15.00000000,14.98343667,11.05480356,0.33333333,1,0.01656333
0.03212000,10.00000000,15.00000000,14.98210331,11.05939914,0.33333333,1,0.01789669
0.03214000,10.00000000,15.00000000,14.98081259,11.06434466,0.33333333,1,0.01918741
0.03216000,10.00000000,15.00000000,14.97956681,11.06962843,0.33333333,1,0.02043319
0.03218000,10.00000000,15.00000000,14.97836817,11.07523817,0.33333333,1,0.02163183
0.03220000,10.00000000,15.00000000,14.97721878,11.08116103,0.33333333,1,0.02278122
0.03222000,10.00000000,15.00000000,14.97612062,11.08738360,0.33333333,1,0.02387938
0.03224000,10.00000000,15.00000000,14.97507558,11.09389197,0.33333333,1,0.02492442
0.03226000,10.00000000,15.00000000,14.97408542,11.10067175,0.33333333,1,0.02591458
0.03228000,10.00000000,15.00000000,14.97315178,11.10770806,0.33333333,1,0.02684822
0.03230000,10.00000000,15.00000000,14.97227619,11.11498563,0.33333333,1,0.02772381
0.03232000,10.00000000,15.00000000,14.97146006,11.12248880,0.33333333,1,0.02853994
0.03234000,10.00000000,15.00000000,14.97070465,11.13020154,0.33333333,1,0.02929535
0.03236000,10.00000000,15.00000000,14.97001113,11.13810749,0.33333333,1,0.02998887
0.03238000,10.00000000,15.00000000,14.96938052,11.14619001,0.33333333,1,0.03061948
0.03240000,10.00000000,15.00000000,14.96881370,11.15443221,0.33333333,1,0.03118630
0.03242000,10.00000000,15.00000000,14.96831144,11.16281696,0.33333333,1,0.03168856
0.03244000,10.00000000,15.00000000,14.96787438,11.17132697,0.33333333,1,0.03212562
0.03246000,10.00000000,15.00000000,14.96750301,11.17994478,0.33333333,1,0.03249699
0.03248000,10.00000000,15.00000000,14.96719771,11.18865283,0.33333333,1,0.03280229
0.03250000,10.00000000,15.00000000,14.96695869,11.19743345,0.33333333,1,0.03304131
0.03252000,10.00000000,15.00000000,14.96678608,11.20626895,0.33333333,1,0.03321392
0.03254000,10.00000000,15.00000000,14.96667984,11.21514164,0.33333333,1,0.03332016
0.03256000,10.00000000,15.00000000,14.96663981,11.22403382,0.33333333,1,0.03336019
0.03258000,10.00000000,15.00000000,14.96666570,11.23292788,0.33333333,1,0.03333430
0.03260000,10.00000000,15.00000000,14.96675711,11.24180629,0.33333333,1,0.03324289
0.03262000,10.00000000,15.00000000,14.96691348,11.25065165,0.33333333,1,0.03308652
0.03264000,10.00000000,15.00000000,14.96713415,11.25944672,0.33333333,1,0.03286585
0.03266000,10.00000000,15.00000000,14.96741832,11.26817445,0.33333333,1,0.03258168
0.03268000,10.00000000,15.00000000,14.96776509,11.27681804,0.33333333,1,0.03223491
0.03270000,10.00000000,15.00000000,14.96817343,11.28536093,0.33333333,1,0.03182657
0.03272000,10.00000000,15.00000000,14.96864219,11.29378684,0.33333333,1,0.03135781
0.03274000,10.00000000,15.00000000,14.96917011,11.30207984,0.33333333,1,0.03082989
0.03276000,10.00000000,15.00000000,14.96975582,11.31022431,0.33333333,1,0.03024418
0.03278000,10.00000000,15.00000000,14.97039786,11.31820506,0.33333333,1,0.02960214
0.03280000,10.00000000,15.00000000,14.97109464,11.32600726,0.33333333,1,0.02890536
0.03282000,10.00000000,15.00000000,14.97184449,11.33361653,0.33333333,1,0.02815551
0.03284000,10.00000000,15.00000000,14.97264563,11.34101897,0.33333333,1,0.02735437
0.03286000,10.00000000,15.00000000,14.97349622,11.34820113,0.33333333,1,0.02650378
0.03288000,10.00000000,15.00000000,14.97439429,11.35515010,0.33333333,1,0.02560571
0.03290000,10.00000000,15.00000000,14.97533781,11.36185347,0.33333333,1,0.02466219
0.03292000,10.00000000,15.00000000,14.97632468,11.36829941,0.33333333,1,0.02367532
0.03294000,10.00000000,15.00000000,14.97735272,11.37447665,0.33333333,1,0.02264728
0.03296000,10.00000000,15.00000000,14.97841966,11.38037450,0.33333333,1,0.02158034
0.03298000,10.00000000,15.00000000,14.97952319,11.38598291,0.33333333,1,0.02047681
0.03300000,10.00000000,15.00000000,14.98066094,11.39129243,0.33333333,1,0.01933906
0.03302000,10.00000000,15.00000000,14.98183047,11.39629425,0.33333333,1,0.01816953
0.03304000,10.00000000,15.00000000,14.98302931,11.40098024,0.33333333,1,0.01697069
0.03306000,10.00000000,15.00000000,14.98425493,11.40534291,0.33333333,1,0.01574507
0.03308000,10.00000000,15.00000000,14.98550477,11.40937545,0.33333333,1,0.01449523
0.03310000,10.00000000,15.00000000,14.98677624,11.41307177,0.33333333,1,0.01322376
0.03312000,10.00000000,15.00000000,14.98806670,11.41642644,0.33333333,1,0.01193330
0.03314000,10.00000000,15.00000000,14.98937352,11.41943474,0.33333333,1,0.01062648
0.03316000,10.00000000,15.00000000,14.99069403,11.42209268,0.33333333,1,0.00930597
0.03318000,10.00000000,15.00000000,14.99202555,11.42439695,0.33333333,1,0.00797445
0.03320000,10.00000000,15.00000000,14.99336540,11.42634498,0.33333333,1,0.00663460
0.03322000,10.00000000,15.00000000,14.99471089,11.42793491,0.33333333,1,0.00528911
0.03324000,10.00000000,15.00000000,14.99605934,11.42916558,0.33333333,1,0.00394066
0.03326000,10.00000000,15.00000000,14.99740809,11.43003656,0.33333333,1,0.00259191
0.03328000,10.00000000,15.00000000,14.99875447,11.43054814,0.33333333,1,0.00124553
0.03330000,10.00000000,15.00000000,15.00009584,11.43070129,0.33333333,1,-0.00009584
0.03332000,10.00000000,15.00000000,15.00142959,11.43049770,0.33333333,1,-0.00142959
0.03334000,10.00000000,15.00000000,15.00275314,11.42993975,0.33333333,1,-0.00275314
0.03336000,10.00000000,15.00000000,15.00406393,11.42903050,0.33333333,1,-0.00406393
0.03338000,10.00000000,15.00000000,15.00535946,11.42777368,0.33333333,1,-0.00535946
0.03340000,10.00000000,15.00000000,15.00663725,11.42617370,0.33333333,1,-0.00663725
0.03342000,10.00000000,15.00000000,15.00789489,11.42423560,0.33333333,1,-0.00789489
0.03344000,10.00000000,15.00000000,15.00913002,11.42196509,0.33333333,1,-0.00913002
0.03346000,10.00000000,15.00000000,15.01034032,11.41936847,0.33333333,1,-0.01034032
0.03348000,10.00000000,15.00000000,15.01152355,11.41645266,0.33333333,1,-0.01152355
0.03350000,10.00000000,15.00000000,15.01267753,11.41322517,0.33333333,1,-0.01267753
0.03352000,10.00000000,15.00000000,15.01380015,11.40969410,0.33333333,1,-0.01380015
0.03354000,10.00000000,15.00000000,15.01488937,11.40586806,0.33333333,1,-0.01488937
0.03356000,10.00000000,15.00000000,15.01594323,11.40175624,0.33333333,1,-0.01594323
0.03358000,10.00000000,15.00000000,15.01695985,11.39736832,0.33333333,1,-0.01695985
0.03360000,10.00000000,15.00000000,15.01793743,11.39271446,0.33333333,1,-0.01793743
0.03362000,10.00000000,15.00000000,15.01887428,11.38780531,0.33333333,1,-0.01887428
0.03364000,10.00000000,15.00000000,15.01976876,11.38265195,0.33333333,1,-0.01976876
0.03366000,10.00000000,15.00000000,15.02061934,11.37726587,0.33333333,1,-0.02061934
0.03368000,10.00000000,15.00000000,15.02142461,11.37165899,0.33333333,1,-0.02142461
0.03370000,10.00000000,15.00000000,15.02218322,11.36584356,0.33333333,1,-0.02218322
0.03372000,10.00000000,15.00000000,15.02289394,11.35983220,0.33333333,1,-0.02289394
0.03374000,10.00000000,15.00000000,15.02355563,11.35363782,0.33333333,1,-0.02355563
0.03376000,10.00000000,15.00000000,15.02416726,11.34727365,0.33333333,1,-0.02416726
0.03378000,10.00000000,15.00000000,15.02472790,11.34075315,0.33333333,1,-0.02472790
0.03380000,10.00000000,15.00000000,15.02523674,11.33409004,0.33333333,1,-0.02523674
0.03382000,10.00000000,15.00000000,15.02569305,11.32729823,0.33333333,1,-0.02569305
0.03384000,10.00000000,15.00000000,15.02609623,11.32039180,0.33333333,1,-0.02609623
0.03386000,10.00000000,15.00000000,15.02644578,11.31338501,0.33333333,1,-0.02644578
0.03388000,10.00000000,15.00000000,15.02674132,11.30629219,0.33333333,1,-0.02674132
0.03390000,10.00000000,15.00000000,15.02698254,11.29912780,0.33333333,1,-0.02698254
0.03392000,10.00000000,15.00000000,15.02716929,11.29190634,0.33333333,1,-0.02716929
0.03394000,10.00000000,15.00000000,15.02730149,11.28464236,0.33333333,1,-0.02730149
0.03396000,10.00000000,15.00000000,15.02737919,11.27735039,0.33333333,1,-0.02737919
0.03398000,10.00000000,15.00000000,15.02740254,11.27004496,0.33333333,1,-0.02740254
0.03400000,10.00000000,15.00000000,15.02737178,11.26274052,0.33333333,1,-0.02737178
0.03402000,10.00000000,15.00000000,15.02728729,11.25545145,0.33333333,1,-0.02728729
0.03404000,10.00000000,15.00000000,15.02714953,11.24819203,0.33333333,1,-0.02714953
0.03406000,10.00000000,15.00000000,15.02695905,11.24097639,0.33333333,1,-0.02695905
0.03408000,10.00000000,15.00000000,15.02671654,11.23381850,0.33333333,1,-0.02671654
0.03410000,10.00000000,15.00000000,15.02642275,11.22673213,0.33333333,1,-0.02642275
0.03412000,10.00000000,15.00000000,15.02607854,11.21973085,0.33333333,1,-0.02607854
0.03414000,10.00000000,15.00000000,15.02568489,11.21282797,0.33333333,1,-0.02568489
0.03416000,10.00000000,15.00000000,15.02524282,11.20603654,0.33333333,1,-0.02524282
0.03418000,10.00000000,15.00000000,15.02475350,11.19936933,0.33333333,1,-0.02475350
0.03420000,10.00000000,15.00000000,15.02421812,11.19283877,0.33333333,1,-0.02421812
0.03422000,10.00000000,15.00000000,15.02363802,11.18645698,0.33333333,1,-0.02363802
0.03424000,10.00000000,15.00000000,15.02301458,11.18023568,0.33333333,1,-0.02301458
0.03426000,10.00000000,15.00000000,15.02234926,11.17418626,0.33333333,1,-0.02234926
0.03428000,10.00000000,15.00000000,15.02164361,11.16831966,0.33333333,1,-0.02164361
0.03430000,10.00000000,15.00000000,15.02089925,11.16264644,0.33333333,1,-0.02089925
0.03432000,10.00000000,15.00000000,15.02011784,11.15717669,0.33333333,1,-0.02011784
0.03434000,10.00000000,15.00000000,15.01930115,11.15192006,0.33333333,1,-0.01930115
0.03436000,10.00000000,15.00000000,15.01845096,11.14688572,0.33333333,1,-0.01845096
0.03438000,10.00000000,15.00000000,15.01756915,11.14208236,0.33333333,1,-0.01756915
0.03440000,10.00000000,15.00000000,15.01665761,11.13751815,0.33333333,1,-0.01665761
0.03442000,10.00000000,15.00000000,15.01571832,11.13320076,0.33333333,1,-0.01571832
0.03444000,10.00000000,15.00000000,15.01475328,11.12913733,0.33333333,1,-0.01475328
0.03446000,10.00000000,15.00000000,15.01376453,11.12533446,0.33333333,1,-0.01376453
0.03448000,10.00000000,15.00000000,15.01275414,11.12179818,0.33333333,1,-0.01275414
0.03450000,10.00000000,15.00000000,15.01172424,11.11853398,0.33333333,1,-0.01172424
0.03452000,10.00000000,15.00000000,15.01067695,11.11554679,0.33333333,1,-0.01067695
0.03454000,10.00000000,15.00000000,15.00961443,11.11284096,0.33333333,1,-0.00961443
0.03456000,10.00000000,15.00000000,15.00853886,11.11042026,0.33333333,1,-0.00853886
0.03458000,10.00000000,15.00000000,15.00745244,11.10828787,0.33333333,1,-0.00745244
0.03460000,10.00000000,15.00000000,15.00635735,11.10644640,0.33333333,1,-0.00635735
0.03462000,10.00000000,15.00000000,15.00525581,11.10489785,0.33333333,1,-0.00525581
0.03464000,10.00000000,15.00000000,15.00415003,11.10364367,0.33333333,1,-0.00415003
0.03466000,10.00000000,15.00000000,15.00304219,11.10268469,0.33333333,1,-0.00304219
0.03468000,10.00000000,15.00000000,15.00193451,11.10202116,0.33333333,1,-0.00193451
0.03470000,10.00000000,15.00000000,15.00082914,11.10165274,0.33333333,1,-0.00082914
0.03472000,10.00000000,15.00000000,14.99972827,11.10157855,0.33333333,1,0.00027173
0.03474000,10.00000000,15.00000000,14.99863404,11.10179707,0.33333333,1,0.00136596
0.03476000,10.00000000,15.00000000,14.99754855,11.10230628,0.33333333,1,0.00245145
0.03478000,10.00000000,15.00000000,14.99647391,11.10310355,0.33333333,1,0.00352609
0.03480000,10.00000000,15.00000000,14.99541217,11.10418571,0.33333333,1,0.00458783
0.03482000,10.00000000,15.00000000,14.99436534,11.10554907,0.33333333,1,0.00563466
0.03484000,10.00000000,15.00000000,14.99333542,11.10718936,0.33333333,1,0.00666458
0.03486000,10.00000000,15.00000000,14.99232432,11.10910184,0.33333333,1,0.00767568
0.03488000,10.00000000,15.00000000,14.99133394,11.11128122,0.33333333,1,0.00866606
0.03490000,10.00000000,15.00000000,14.99036612,11.11372173,0.33333333,1,0.00963388
0.03492000,10.00000000,15.00000000,14.98942263,11.11641712,0.33333333,1,0.01057737
0.03494000,10.00000000,15.00000000,14.98850520,11.11936068,0.33333333,1,0.01149480
0.03496000,10.00000000,15.00000000,14.98761550,11.12254522,0.33333333,1,0.01238450
0.03498000,10.00000000,15.00000000,14.98675511,11.12596314,0.33333333,1,0.01324489
0.03500000,10.00000000,15.00000000,14.98592558,11.12960641,0.33333333,1,0.01407442
0.03502000,10.00000000,15.00000000,14.98512836,11.13346662,0.33333333,1,0.01487164
0.03504000,10.00000000,15.00000000,14.98436485,11.13753496,0.33333333,1,0.01563515
0.03506000,10.00000000,15.00000000,14.98363636,11.14180225,0.33333333,1,0.01636364
0.03508000,10.00000000,15.00000000,14.98294414,11.14625901,0.33333333,1,0.01705586
0.03510000,10.00000000,15.00000000,14.98228934,11.15089538,0.33333333,1,0.01771066
0.03512000,10.00000000,15.00000000,14.98167306,11.15570126,0.33333333,1,0.01832694
0.03514000,10.00000000,15.00000000,14.98109628,11.16066624,0.33333333,1,0.01890372
0.03516000,10.00000000,15.00000000,14.98055993,11.16577966,0.33333333,1,0.01944007
0.03518000,10.00000000,15.00000000,14.98006483,11.17103061,0.33333333,1,0.01993517
0.03520000,10.00000000,15.00000000,14.97961175,11.17640801,0.33333333,1,0.02038825
0.03522000,10.00000000,15.00000000,14.97920132,11.18190056,0.33333333,1,0.02079868
0.03524000,10.00000000,15.00000000,14.97883414,11.18749679,0.33333333,1,0.02116586
0.03526000,10.00000000,15.00000000,14.97851067,11.19318513,0.33333333,1,0.02148933
0.03528000,10.00000000,15.00000000,14.97823132,11.19895385,0.33333333,1,0.02176868
0.03530000,10.00000000,15.00000000,14.97799639,11.20479114,0.33333333,1,0.02200361
0.03532000,10.00000000,15.00000000,14.97780610,11.21068514,0.33333333,1,0.02219390
0.03534000,10.00000000,15.00000000,14.97766058,11.21662391,0.33333333,1,0.02233942
0.03536000,10.00000000,15.00000000,14.97755986,11.22259551,0.33333333,1,0.02244014
0.03538000,10.00000000,15.00000000,14.97750389,11.22858800,0.33333333,1,0.02249611
0.03540000,10.00000000,15.00000000,14.97749254,11.23458947,0.33333333,1,0.02250746
0.03542000,10.00000000,15.00000000,14.97752558,11.24058804,0.33333333,1,0.02247442
0.03544000,10.00000000,15.00000000,14.97760270,11.24657191,0.33333333,1,0.02239730
0.03546000,10.00000000,15.00000000,14.97772350,11.25252938,0.33333333,1,0.02227650
0.03548000,10.00000000,15.00000000,14.97788751,11.25844887,0.33333333,1,0.02211249
0.03550000,10.00000000,15.00000000,14.97809417,11.26431891,0.33333333,1,0.02190583
0.03552000,10.00000000,15.00000000,14.97834282,11.27012824,0.33333333,1,0.02165718
0.03554000,10.00000000,15.00000000,14.97863274,11.27586574,0.33333333,1,0.02136726
0.03556000,10.00000000,15.00000000,14.97896315,11.28152051,0.33333333,1,0.02103685
0.03558000,10.00000000,15.00000000,14.97933315,11.28708188,0.33333333,1,0.02066685
0.03560000,10.00000000,15.00000000,14.97974181,11.29253940,0.33333333,1,0.02025819
0.03562000,10.00000000,15.00000000,14.98018811,11.29788290,0.33333333,1,0.01981189
0.03564000,10.00000000,15.00000000,14.98067095,11.30310249,0.33333333,1,0.01932905
0.03566000,10.00000000,15.00000000,14.98118918,11.30818858,0.33333333,1,0.01881082
0.03568000,10.00000000,15.00000000,14.98174159,11.31313189,0.33333333,1,0.01825841
0.03570000,10.00000000,15.00000000,14.98232690,11.31792347,0.33333333,1,0.01767310
0.03572000,10.00000000,15.00000000,14.98294378,11.32255473,0.33333333,1,0.01705622
0.03574000,10.00000000,15.00000000,14.98359083,11.32701744,0.33333333,1,0.01640917
0.03576000,10.00000000,15.00000000,14.98426661,11.33130373,0.33333333,1,0.01573339
0.03578000,10.00000000,15.00000000,14.98496964,11.33540616,0.33333333,1,0.01503036
0.03580000,10.00000000,15.00000000,14.98569838,11.33931764,0.33333333,1,0.01430162
0.03582000,10.00000000,15.00000000,14.98645124,11.34303154,0.33333333,1,0.01354876
0.03584000,10.00000000,15.00000000,14.98722662,11.34654164,0.33333333,1,0.01277338
0.03586000,10.00000000,15.00000000,14.98802286,11.34984216,0.33333333,1,0.01197714
0.03588000,10.00000000,15.00000000,14.98883827,11.35292775,0.33333333,1,0.01116173
0.03590000,10.00000000,15.00000000,14.98967116,11.35579353,0.33333333,1,0.01032884
0.03592000,10.00000000,15.00000000,14.99051977,11.35843507,0.33333333,1,0.00948023
0.03594000,10.00000000,15.00000000,14.99138235,11.36084841,0.33333333,1,0.00861765
0.03596000,10.00000000,15.00000000,14.99225712,11.36303006,0.33333333,1,0.00774288
0.03598000,10.00000000,15.00000000,14.99314230,11.36497702,0.33333333,1,0.00685770
0.03600000,10.00000000,15.00000000,14.99403608,11.36668674,0.33333333,1,0.00596392
0.03602000,10.00000000,15.00000000,14.99493666,11.36815717,0.33333333,1,0.00506334
0.03604000,10.00000000,15.00000000,14.99584221,11.36938675,0.33333333,1,0.00415779
0.03606000,10.00000000,15.00000000,14.99675094,11.37037437,0.33333333,1,0.00324906
0.03608000,10.00000000,15.00000000,14.99766104,11.37111945,0.33333333,1,0.00233896
0.03610000,10.00000000,15.00000000,14.99857069,11.37162186,0.33333333,1,0.00142931
0.03612000,10.00000000,15.00000000,14.99947813,11.37188195,0.33333333,1,0.00052187
0.03614000,10.00000000,15.00000000,15.00038156,11.37190055,0.33333333,1,-0.00038156
0.03616000,10.00000000,15.00000000,15.00127924,11.37167896,0.33333333,1,-0.00127924
0.03618000,10.00000000,15.00000000,15.00216943,11.37121895,0.33333333,1,-0.00216943
0.03620000,10.00000000,15.00000000,15.00305041,11.37052275,0.33333333,1,-0.00305041
0.03622000,10.00000000,15.00000000,15.00392050,11.36959304,0.33333333,1,-0.00392050
0.03624000,10.00000000,15.00000000,15.00477805,11.36843293,0.33333333,1,-0.00477805
0.03626000,10.00000000,15.00000000,15.00562144,11.36704600,0.33333333,1,-0.00562144
0.03628000,10.00000000,15.00000000,15.00644908,11.36543623,0.33333333,1,-0.00644908
0.03630000,10.00000000,15.00000000,15.00725944,11.36360803,0.33333333,1,-0.00725944
0.03632000,10.00000000,15.00000000,15.00805101,11.36156620,0.33333333,1,-0.00805101
0.03634000,10.00000000,15.00000000,15.00882234,11.35931596,0.33333333,1,-0.00882234
0.03636000,10.00000000,15.00000000,15.00957202,11.35686288,0.33333333,1,-0.00957202
0.03638000,10.00000000,15.00000000,15.01029869,11.35421293,0.33333333,1,-0.01029869
0.03640000,10.00000000,15.00000000,15.01100106,11.35137241,0.33333333,1,-0.01100106
0.03642000,10.00000000,15.00000000,15.01167787,11.34834797,0.33333333,1,-0.01167787
0.03644000,10.00000000,15.00000000,15.01232792,11.34514659,0.33333333,1,-0.01232792
0.03646000,10.00000000,15.00000000,15.01295010,11.34177555,0.33333333,1,-0.01295010
0.03648000,10.00000000,15.00000000,15.01354333,11.33824244,0.33333333,1,-0.01354333
0.03650000,10.00000000,15.00000000,15.01410659,11.33455511,0.33333333,1,-0.01410659
0.03652000,10.00000000,15.00000000,15.01463895,11.33072168,0.33333333,1,-0.01463895
0.03654000,10.00000000,15.00000000,15.01513953,11.32675050,0.33333333,1,-0.01513953
0.03656000,10.00000000,15.00000000,15.01560752,11.32265016,0.33333333,1,-0.01560752
0.03658000,10.00000000,15.00000000,15.01604218,11.31842945,0.33333333,1,-0.01604218
0.03660000,10.00000000,15.00000000,15.01644283,11.31409735,0.33333333,1,-0.01644283
0.03662000,10.00000000,15.00000000,15.01680888,11.30966302,0.33333333,1,-0.01680888
0.03664000,10.00000000,15.00000000,15.01713980,11.30513574,0.33333333,1,-0.01713980
0.03666000,10.00000000,15.00000000,15.01743512,11.30052496,0.33333333,1,-0.01743512
0.03668000,10.00000000,15.00000000,15.01769448,11.29584021,0.33333333,1,-0.01769448
0.03670000,10.00000000,15.00000000,15.01791754,11.29109113,0.33333333,1,-0.01791754
0.03672000,10.00000000,15.00000000,15.01810408,11.28628743,0.33333333,1,-0.01810408
0.03674000,10.00000000,15.00000000,15.01825393,11.28143888,0.33333333,1,-0.01825393
0.03676000,10.00000000,15.00000000,15.01836700,11.27655527,0.33333333,1,-0.01836700
0.03678000,10.00000000,15.00000000,15.01844327,11.27164642,0.33333333,1,-0.01844327
0.03680000,10.00000000,15.00000000,15.01848280,11.26672213,0.33333333,1,-0.01848280
0.03682000,10.00000000,15.00000000,15.01848570,11.26179218,0.33333333,1,-0.01848570
0.03684000,10.00000000,15.00000000,15.01845218,11.25686633,0.33333333,1,-0.01845218
0.03686000,10.00000000,15.00000000,15.01838250,11.25195424,0.33333333,1,-0.01838250
0.03688000,10.00000000,15.00000000,15.01827700,11.24706551,0.33333333,1,-0.01827700
0.03690000,10.00000000,15.00000000,15.01813609,11.24220965,0.33333333,1,-0.01813609
0.03692000,10.00000000,15.00000000,15.01796025,11.23739604,0.33333333,1,-0.01796025
0.03694000,10.00000000,15.00000000,15.01775000,11.23263391,0.33333333,1,-0.01775000
0.03696000,10.00000000,15.00000000,15.01750596,11.22793237,0.33333333,1,-0.01750596
0.03698000,10.00000000,15.00000000,15.01722879,11.22330034,0.33333333,1,-0.01722879
0.03700000,10.00000000,15.00000000,15.01691923,11.21874656,0.33333333,1,-0.01691923
0.03702000,10.00000000,15.00000000,15.01657806,11.21427956,0.33333333,1,-0.01657806
0.03704000,10.00000000,15.00000000,15.01620613,11.20990767,0.33333333,1,-0.01620613
0.03706000,10.00000000,15.00000000,15.01580434,11.20563895,0.33333333,1,-0.01580434
0.03708000,10.00000000,15.00000000,15.01537365,11.20148125,0.33333333,1,-0.01537365
0.03710000,10.00000000,15.00000000,15.01491507,11.19744215,0.33333333,1,-0.01491507
0.03712000,10.00000000,15.00000000,15.01442966,11.19352893,0.33333333,1,-0.01442966
0.03714000,10.00000000,15.00000000,15.01391851,11.18974862,0.33333333,1,-0.01391851
0.03716000,10.00000000,15.00000000,15.01338278,11.18610791,0.33333333,1,-0.01338278
0.03718000,10.00000000,15.00000000,15.01282367,11.18261321,0.33333333,1,-0.01282367
0.03720000,10.00000000,15.00000000,15.01224239,11.17927059,0.33333333,1,-0.01224239
0.03722000,10.00000000,15.00000000,15.01164023,11.17608579,0.33333333,1,-0.01164023
0.03724000,10.00000000,15.00000000,15.01101847,11.17306421,0.33333333,1,-0.01101847
0.03726000,10.00000000,15.00000000,15.01037846,11.17021090,0.33333333,1,-0.01037846
0.03728000,10.00000000,15.00000000,15.00972155,11.16753054,0.33333333,1,-0.00972155
0.03730000,10.00000000,15.00000000,15.00904914,11.16502745,0.33333333,1,-0.00904914
0.03732000,10.00000000,15.00000000,15.00836263,11.16270558,0.33333333,1,-0.00836263
0.03734000,10.00000000,15.00000000,15.00766345,11.16056851,0.33333333,1,-0.00766345
0.03736000,10.00000000,15.00000000,15.00695305,11.15861941,0.33333333,1,-0.00695305
0.03738000,10.00000000,15.00000000,15.00623290,11.15686108,0.33333333,1,-0.00623290
0.03740000,10.00000000,15.00000000,15.00550445,11.15529593,0.33333333,1,-0.00550445
0.03742000,10.00000000,15.00000000,15.00476921,11.15392598,0.33333333,1,-0.00476921
0.03744000,10.00000000,15.00000000,15.00402864,11.15275283,0.33333333,1,-0.00402864
0.03746000,10.00000000,15.00000000,15.00328424,11.15177771,0.33333333,1,-0.00328424
0.03748000,10.00000000,15.00000000,15.00253750,11.15100144,0.33333333,1,-0.00253750
0.03750000,10.00000000,15.00000000,15.00178990,11.15042445,0.33333333,1,-0.00178990
0.03752000,10.00000000,15.00000000,15.00104291,11.15004678,0.33333333,1,-0.00104291
0.03754000,10.00000000,15.00000000,15.00029801,11.14986805,0.33333333,1,-0.00029801
0.03756000,10.00000000,15.00000000,14.99955664,11.14988752,0.33333333,1,0.00044336
0.03758000,10.00000000,15.00000000,14.99882026,11.15010406,0.33333333,1,0.00117974
0.03760000,10.00000000,15.00000000,14.99809028,11.15051615,0.33333333,1,0.00190972
0.03762000,10.00000000,15.00000000,14.99736811,11.15112188,0.33333333,1,0.00263189
0.03764000,10.00000000,15.00000000,14.99665512,11.15191901,0.33333333,1,0.00334488
0.03766000,10.00000000,15.00000000,14.99595267,11.15290488,0.33333333,1,0.00404733
0.03768000,10.00000000,15.00000000,14.99526208,11.15407653,0.33333333,1,0.00473792
0.03770000,10.00000000,15.00000000,14.99458465,11.15543060,0.33333333,1,0.00541535
0.03772000,10.00000000,15.00000000,14.99392164,11.15696343,0.33333333,1,0.00607836
0.03774000,10.00000000,15.00000000,14.99327427,11.15867100,0.33333333,1,0.00672573
0.03776000,10.00000000,15.00000000,14.99264374,11.16054899,0.33333333,1,0.00735626
0.03778000,10.00000000,15.00000000,14.99203118,11.16259275,0.33333333,1,0.00796882
0.03780000,10.00000000,15.00000000,14.99143772,11.16479733,0.33333333,1,0.00856228
0.03782000,10.00000000,15.00000000,14.99086441,11.16715750,0.33333333,1,0.00913559
0.03784000,10.00000000,15.00000000,14.99031226,11.16966776,0.33333333,1,0.00968774
0.03786000,10.00000000,15.00000000,14.98978226,11.17232233,0.33333333,1,0.01021774
0.03788000,10.00000000,15.00000000,14.98927531,11.17511518,0.33333333,1,0.01072469
0.03790000,10.00000000,15.00000000,14.98879230,11.17804004,0.33333333,1,0.01120770
0.03792000,10.00000000,15.00000000,14.98833403,11.18109042,0.33333333,1,0.01166597
0.03794000,10.00000000,15.00000000,14.98790128,11.18425962,0.33333333,1,0.01209872
0.03796000,10.00000000,15.00000000,14.98749476,11.18754074,0.33333333,1,0.01250524
0.03798000,10.00000000,15.00000000,14.98711511,11.19092669,0.33333333,1,0.01288489
0.03800000,10.00000000,15.00000000,14.98676295,11.19441023,0.33333333,1,0.01323705
0.03802000,10.00000000,15.00000000,14.98643881,11.19798396,0.33333333,1,0.01356119
0.03804000,10.00000000,15.00000000,14.98614318,11.20164033,0.33333333,1,0.01385682
0.03806000,10.00000000,15.00000000,14.98587647,11.20537169,0.33333333,1,0.01412353
0.03808000,10.00000000,15.00000000,14.98563906,11.20917028,0.33333333,1,0.01436094
0.03810000,10.00000000,15.00000000,14.98543124,11.21302823,0.33333333,1,0.01456876
0.03812000,10.00000000,15.00000000,14.98525327,11.21693763,0.33333333,1,0.01474673
0.03814000,10.00000000,15.00000000,14.98510533,11.22089048,0.33333333,1,0.01489467
0.03816000,10.00000000,15.00000000,14.98498755,11.22487877,0.33333333,1,0.01501245
0.03818000,10.00000000,15.00000000,14.98489998,11.22889444,0.33333333,1,0.01510002
0.03820000,10.00000000,15.00000000,14.98484264,11.23292943,0.33333333,1,0.01515736
0.03822000,10.00000000,15.00000000,14.98481547,11.23697568,0.33333333,1,0.01518453
0.03824000,10.00000000,15.00000000,14.98481836,11.24102517,0.33333333,1,0.01518164
0.03826000,10.00000000,15.00000000,14.98485113,11.24506990,0.33333333,1,0.01514887
0.03828000,10.00000000,15.00000000,14.98491356,11.24910193,0.33333333,1,0.01508644
0.03830000,10.00000000,15.00000000,14.98500535,11.25311339,0.33333333,1,0.01499465
0.03832000,10.00000000,15.00000000,14.98512616,11.25709650,0.33333333,1,0.01487384
0.03834000,10.00000000,15.00000000,14.98527560,11.26104356,0.33333333,1,0.01472440
0.03836000,10.00000000,15.00000000,14.98545322,11.26494700,0.33333333,1,0.01454678
0.03838000,10.00000000,15.00000000,14.98565849,11.26879938,0.33333333,1,0.01434151
0.03840000,10.00000000,15.00000000,14.98589088,11.27259340,0.33333333,1,0.01410912
0.03842000,10.00000000,15.00000000,14.98614977,11.27632189,0.33333333,1,0.01385023
0.03844000,10.00000000,15.00000000,14.98643450,11.27997789,0.33333333,1,0.01356550
0.03846000,10.00000000,15.00000000,14.98674437,11.28355459,0.33333333,1,0.01325563
0.03848000,10.00000000,15.00000000,14.98707863,11.28704539,0.33333333,1,0.01292137
0.03850000,10.00000000,15.00000000,14.98743649,11.29044389,0.33333333,1,0.01256351
0.03852000,10.00000000,15.00000000,14.98781711,11.29374391,0.33333333,1,0.01218289
0.03854000,10.00000000,15.00000000,14.98821962,11.29693949,0.33333333,1,0.01178038
0.03856000,10.00000000,15.00000000,14.98864309,11.30002491,0.33333333,1,0.01135691
0.03858000,10.00000000,15.00000000,14.98908659,11.30299472,0.33333333,1,0.01091341
0.03860000,10.00000000,15.00000000,14.98954913,11.30584371,0.33333333,1,0.01045087
0.03862000,10.00000000,15.00000000,14.99002968,11.30856692,0.33333333,1,0.00997032
0.03864000,10.00000000,15.00000000,14.99052721,11.31115970,0.33333333,1,0.00947279
0.03866000,10.00000000,15.00000000,14.99104064,11.31361766,0.33333333,1,0.00895936
0.03868000,10.00000000,15.00000000,14.99156887,11.31593671,0.33333333,1,0.00843113
0.03870000,10.00000000,15.00000000,14.99211078,11.31811305,0.33333333,1,0.00788922
0.03872000,10.00000000,15.00000000,14.99266523,11.32014318,0.33333333,1,0.00733477
0.03874000,10.00000000,15.00000000,14.99323105,11.32202391,0.33333333,1,0.00676895
0.03876000,10.00000000,15.00000000,14.99380707,11.32375238,0.33333333,1,0.00619293
0.03878000,10.00000000,15.00000000,14.99439209,11.32532601,0.33333333,1,0.00560791
0.03880000,10.00000000,15.00000000,14.99498491,11.32674257,0.33333333,1,0.00501509
0.03882000,10.00000000,15.00000000,14.99558433,11.32800014,0.33333333,1,0.00441567
0.03884000,10.00000000,15.00000000,14.99618913,11.32909711,0.33333333,1,0.00381087
0.03886000,10.00000000,15.00000000,14.99679808,11.33003223,0.33333333,1,0.00320192
0.03888000,10.00000000,15.00000000,14.99740996,11.33080455,0.33333333,1,0.00259004
0.03890000,10.00000000,15.00000000,14.99802355,11.33141344,0.33333333,1,0.00197645
0.03892000,10.00000000,15.00000000,14.99863764,11.33185861,0.33333333,1,0.00136236
0.03894000,10.00000000,15.00000000,14.99925101,11.33214009,0.33333333,1,0.00074899
0.03896000,10.00000000,15.00000000,14.99986245,11.33225824,0.33333333,1,0.00013755
0.03898000,10.00000000,15.00000000,15.00047078,11.33221373,0.33333333,1,-0.00047078
0.03900000,10.00000000,15.00000000,15.00107481,11.33200754,0.33333333,1,-0.00107481
0.03902000,10.00000000,15.00000000,15.00167338,11.33164098,0.33333333,1,-0.00167338
0.03904000,10.00000000,15.00000000,15.00226534,11.33111566,0.33333333,1,-0.00226534
0.03906000,10.00000000,15.00000000,15.00284955,11.33043349,0.33333333,1,-0.00284955
0.03908000,10.00000000,15.00000000,15.00342492,11.32959668,0.33333333,1,-0.00342492
0.03910000,10.00000000,15.00000000,15.00399035,11.32860775,0.33333333,1,-0.00399035
0.03912000,10.00000000,15.00000000,15.00454479,11.32746948,0.33333333,1,-0.00454479
0.03914000,10.00000000,15.00000000,15.00508721,11.32618493,0.33333333,1,-0.00508721
0.03916000,10.00000000,15.00000000,15.00561660,11.32475746,0.33333333,1,-0.00561660
0.03918000,10.00000000,15.00000000,15.00613200,11.32319066,0.33333333,1,-0.00613200
0.03920000,10.00000000,15.00000000,15.00663247,11.32148838,0.33333333,1,-0.00663247
0.03922000,10.00000000,15.00000000,15.00711710,11.31965475,0.33333333,1,-0.00711710
0.03924000,10.00000000,15.00000000,15.00758503,11.31769408,0.33333333,1,-0.00758503
0.03926000,10.00000000,15.00000000,15.00803543,11.31561096,0.33333333,1,-0.00803543
0.03928000,10.00000000,15.00000000,15.00846750,11.31341015,0.33333333,1,-0.00846750
0.03930000,10.00000000,15.00000000,15.00888051,11.31109665,0.33333333,1,-0.00888051
0.03932000,10.00000000,15.00000000,15.00927374,11.30867564,0.33333333,1,-0.00927374
0.03934000,10.00000000,15.00000000,15.00964652,11.30615248,0.33333333,1,-0.00964652
0.03936000,10.00000000,15.00000000,15.00999824,11.30353270,0.33333333,1,-0.00999824
0.03938000,10.00000000,15.00000000,15.01032832,11.30082200,0.33333333,1,-0.01032832
0.03940000,10.00000000,15.00000000,15.01063623,11.29802623,0.33333333,1,-0.01063623
0.03942000,10.00000000,15.00000000,15.01092149,11.29515136,0.33333333,1,-0.01092149
0.03944000,10.00000000,15.00000000,15.01118365,11.29220349,0.33333333,1,-0.01118365
0.03946000,10.00000000,15.00000000,15.01142234,11.28918883,0.33333333,1,-0.01142234
0.03948000,10.00000000,15.00000000,15.01163721,11.28611369,0.33333333,1,-0.01163721
0.03950000,10.00000000,15.00000000,15.01182797,11.28298446,0.33333333,1,-0.01182797
0.03952000,10.00000000,15.00000000,15.01199437,11.27980761,0.33333333,1,-0.01199437
0.03954000,10.00000000,15.00000000,15.01213624,11.27658965,0.33333333,1,-0.01213624
0.03956000,10.00000000,15.00000000,15.01225341,11.27333715,0.33333333,1,-0.01225341
0.03958000,10.00000000,15.00000000,15.01234580,11.27005670,0.33333333,1,-0.01234580
0.03960000,10.00000000,15.00000000,15.01241336,11.26675493,0.33333333,1,-0.01241336
0.03962000,10.00000000,15.00000000,15.01245610,11.26343845,0.33333333,1,-0.01245610
0.03964000,10.00000000,15.00000000,15.01247407,11.26011387,0.33333333,1,-0.01247407
0.03966000,10.00000000,15.00000000,15.01246738,11.25678780,0.33333333,1,-0.01246738
0.03968000,10.00000000,15.00000000,15.01243617,11.25346678,0.33333333,1,-0.01243617
0.03970000,10.00000000,15.00000000,15.01238063,11.25015734,0.33333333,1,-0.01238063
0.03972000,10.00000000,15.00000000,15.01230102,11.24686592,0.33333333,1,-0.01230102
0.03974000,10.00000000,15.00000000,15.01219763,11.24359891,0.33333333,1,-0.01219763
0.03976000,10.00000000,15.00000000,15.01207078,11.24036260,0.33333333,1,-0.01207078
0.03978000,10.00000000,15.00000000,15.01192087,11.23716321,0.33333333,1,-0.01192087
0.03980000,10.00000000,15.00000000,15.01174830,11.23400682,0.33333333,1,-0.01174830
0.03982000,10.00000000,15.00000000,15.01155356,11.23089942,0.33333333,1,-0.01155356
0.03984000,10.00000000,15.00000000,15.01133713,11.22784685,0.33333333,1,-0.01133713
0.03986000,10.00000000,15.00000000,15.01109958,11.22485483,0.33333333,1,-0.01109958
0.03988000,10.00000000,15.00000000,15.01084149,11.22192890,0.33333333,1,-0.01084149
0.03990000,10.00000000,15.00000000,15.01056347,11.21907447,0.33333333,1,-0.01056347
0.03992000,10.00000000,15.00000000,15.01026618,11.21629677,0.33333333,1,-0.01026618
0.03994000,10.00000000,15.00000000,15.00995033,11.21360083,0.33333333,1,-0.00995033
0.03996000,10.00000000,15.00000000,15.00961662,11.21099151,0.33333333,1,-0.00961662
0.03998000,10.00000000,15.00000000,15.00926583,11.20847348,0.33333333,1,-0.00926583
0.04000000,10.00000000,15.00000000,15.00889873,11.20605119,0.33333333,1,-0.00889873
0.04002000,10.00000000,15.00000000,15.00851614,11.20372887,0.33333333,1,-0.00851614
0.04004000,10.00000000,15.00000000,15.00811889,11.20151055,0.33333333,1,-0.00811889
0.04006000,10.00000000,15.00000000,15.00770786,11.19940002,0.33333333,1,-0.00770786
0.04008000,10.00000000,15.00000000,15.00728392,11.19740084,0.33333333,1,-0.00728392
0.04010000,10.00000000,15.00000000,15.00684798,11.19551633,0.33333333,1,-0.00684798
0.04012000,10.00000000,15.00000000,15.00640097,11.19374957,0.33333333,1,-0.00640097
0.04014000,10.00000000,15.00000000,15.00594384,11.19210338,0.33333333,1,-0.00594384
0.04016000,10.00000000,15.00000000,15.00547753,11.19058034,0.33333333,1,-0.00547753
0.04018000,10.00000000,15.00000000,15.00500301,11.18918276,0.33333333,1,-0.00500301
0.04020000,10.00000000,15.00000000,15.00452127,11.18791271,0.33333333,1,-0.00452127
0.04022000,10.00000000,15.00000000,15.00403329,11.18677197,0.33333333,1,-0.00403329
0.04024000,10.00000000,15.00000000,15.00354008,11.18576208,0.33333333,1,-0.00354008
0.04026000,10.00000000,15.00000000,15.00304262,11.18488431,0.33333333,1,-0.00304262
0.04028000,10.00000000,15.00000000,15.00254193,11.18413964,0.33333333,1,-0.00254193
0.04030000,10.00000000,15.00000000,15.00203900,11.18352881,0.33333333,1,-0.00203900
0.04032000,10.00000000,15.00000000,15.00153485,11.18305228,0.33333333,1,-0.00153485
0.04034000,10.00000000,15.00000000,15.00103046,11.18271025,0.33333333,1,-0.00103046
0.04036000,10.00000000,15.00000000,15.00052684,11.18250264,0.33333333,1,-0.00052684
0.04038000,10.00000000,15.00000000,15.00002497,11.18242911,0.33333333,1,-0.00002497
0.04040000,10.00000000,15.00000000,14.99952584,11.18248907,0.33333333,1,0.00047416
0.04042000,10.00000000,15.00000000,14.99903040,11.18268167,0.33333333,1,0.00096960
0.04044000,10.00000000,15.00000000,14.99853962,11.18300578,0.33333333,1,0.00146038
0.04046000,10.00000000,15.00000000,14.99805443,11.18346004,0.33333333,1,0.00194557
0.04048000,10.00000000,15.00000000,14.99757577,11.18404284,0.33333333,1,0.00242423
0.04050000,10.00000000,15.00000000,14.99710452,11.18475231,0.33333333,1,0.00289548
0.04052000,10.00000000,15.00000000,14.99664160,11.18558635,0.33333333,1,0.00335840
0.04054000,10.00000000,15.00000000,14.99618785,11.18654264,0.33333333,1,0.00381215
0.04056000,10.00000000,15.00000000,14.99574412,11.18761861,0.33333333,1,0.00425588
0.04058000,10.00000000,15.00000000,14.99531124,11.18881148,0.33333333,1,0.00468876
0.04060000,10.00000000,15.00000000,14.99488998,11.19011825,0.33333333,1,0.00511002
0.04062000,10.00000000,15.00000000,14.99448113,11.19153572,0.33333333,1,0.00551887
0.04064000,10.00000000,15.00000000,14.99408541,11.19306048,0.33333333,1,0.00591459
0.04066000,10.00000000,15.00000000,14.99370353,11.19468893,0.33333333,1,0.00629647
0.04068000,10.00000000,15.00000000,14.99333616,11.19641731,0.33333333,1,0.00666384
0.04070000,10.00000000,15.00000000,14.99298396,11.19824163,0.33333333,1,0.00701604
0.04072000,10.00000000,15.00000000,14.99264753,11.20015779,0.33333333,1,0.00735247
0.04074000,10.00000000,15.00000000,14.99232744,11.20216150,0.33333333,1,0.00767256
0.04076000,10.00000000,15.00000000,14.99202423,11.20424832,0.33333333,1,0.00797577
0.04078000,10.00000000,15.00000000,14.99173842,11.20641370,0.33333333,1,0.00826158
0.04080000,10.00000000,15.00000000,14.99147045,11.20865291,0.33333333,1,0.00852955
0.04082000,10.00000000,15.00000000,14.99122078,11.21096116,0.33333333,1,0.00877922
0.04084000,10.00000000,15.00000000,14.99098977,11.21333351,0.33333333,1,0.00901023
0.04086000,10.00000000,15.00000000,14.99077779,11.21576492,0.33333333,1,0.00922221
0.04088000,10.00000000,15.00000000,14.99058515,11.21825030,0.33333333,1,0.00941485
0.04090000,10.00000000,15.00000000,14.99041212,11.22078443,0.33333333,1,0.00958788
0.04092000,10.00000000,15.00000000,14.99025893,11.22336207,0.33333333,1,0.00974107
0.04094000,10.00000000,15.00000000,14.99012578,11.22597789,0.33333333,1,0.00987422
0.04096000,10.00000000,15.00000000,14.99001281,11.22862653,0.33333333,1,0.00998719
0.04098000,10.00000000,15.00000000,14.98992013,11.23130259,0.33333333,1,0.01007987
0.04100000,10.00000000,15.00000000,14.98984782,11.23400065,0.33333333,1,0.01015218
0.04102000,10.00000000,15.00000000,14.98979591,11.23671527,0.33333333,1,0.01020409
0.04104000,10.00000000,15.00000000,14.98976438,11.23944102,0.33333333,1,0.01023562
0.04106000,10.00000000,15.00000000,14.98975318,11.24217246,0.33333333,1,0.01024682
0.04108000,10.00000000,15.00000000,14.98976223,11.24490418,0.33333333,1,0.01023777
0.04110000,10.00000000,15.00000000,14.98979139,11.24763081,0.33333333,1,0.01020861
0.04112000,10.00000000,15.00000000,14.98984050,11.25034700,0.33333333,1,0.01015950
0.04114000,10.00000000,15.00000000,14.98990934,11.25304746,0.33333333,1,0.01009066
0.04116000,10.00000000,15.00000000,14.98999768,11.25572695,0.33333333,1,0.01000232
0.04118000,10.00000000,15.00000000,14.99010522,11.25838032,0.33333333,1,0.00989478
0.04120000,10.00000000,15.00000000,14.99023166,11.26100249,0.33333333,1,0.00976834
0.04122000,10.00000000,15.00000000,14.99037664,11.26358845,0.33333333,1,0.00962336
0.04124000,10.00000000,15.00000000,14.99053976,11.26613333,0.33333333,1,0.00946024
0.04126000,10.00000000,15.00000000,14.99072062,11.26863234,0.33333333,1,0.00927938
0.04128000,10.00000000,15.00000000,14.99091874,11.27108080,0.33333333,1,0.00908126
0.04130000,10.00000000,15.00000000,14.99113366,11.27347418,0.33333333,1,0.00886634
0.04132000,10.00000000,15.00000000,14.99136485,11.27580807,0.33333333,1,0.00863515
0.04134000,10.00000000,15.00000000,14.99161176,11.27807820,0.33333333,1,0.00838824
0.04136000,10.00000000,15.00000000,14.99187383,11.28028045,0.33333333,1,0.00812617
0.04138000,10.00000000,15.00000000,14.99215045,11.28241086,0.33333333,1,0.00784955
0.04140000,10.00000000,15.00000000,14.99244099,11.28446564,0.33333333,1,0.00755901
0.04142000,10.00000000,15.00000000,14.99274482,11.28644115,0.33333333,1,0.00725518
0.04144000,10.00000000,15.00000000,14.99306125,11.28833395,0.33333333,1,0.00693875
0.04146000,10.00000000,15.00000000,14.99338959,11.29014076,0.33333333,1,0.00661041
0.04148000,10.00000000,15.00000000,14.99372913,11.29185850,0.33333333,1,0.00627087
0.04150000,10.00000000,15.00000000,14.99407915,11.29348429,0.33333333,1,0.00592085
0.04152000,10.00000000,15.00000000,14.99443888,11.29501543,0.33333333,1,0.00556112
0.04154000,10.00000000,15.00000000,14.99480758,11.29644942,0.33333333,1,0.00519242
0.04156000,10.00000000,15.00000000,14.99518445,11.29778399,0.33333333,1,0.00481555
0.04158000,10.00000000,15.00000000,14.99556873,11.29901706,0.33333333,1,0.00443127
0.04160000,10.00000000,15.00000000,14.99595960,11.30014675,0.33333333,1,0.00404040
0.04162000,10.00000000,15.00000000,14.99635627,11.30117142,0.33333333,1,0.00364373
0.04164000,10.00000000,15.00000000,14.99675791,11.30208963,0.33333333,1,0.00324209
0.04166000,10.00000000,15.00000000,14.99716371,11.30290017,0.33333333,1,0.00283629
0.04168000,10.00000000,15.00000000,14.99757286,11.30360202,0.33333333,1,0.00242714
0.04170000,10.00000000,15.00000000,14.99798451,11.30419442,0.33333333,1,0.00201549
0.04172000,10.00000000,15.00000000,14.99839786,11.30467680,0.33333333,1,0.00160214
0.04174000,10.00000000,15.00000000,14.99881207,11.30504882,0.33333333,1,0.00118793
0.04176000,10.00000000,15.00000000,14.99922632,11.30531036,0.33333333,1,0.00077368
0.04178000,10.00000000,15.00000000,14.99963980,11.30546152,0.33333333,1,0.00036020
0.04180000,10.00000000,15.00000000,15.00005171,11.30550260,0.33333333,1,-0.00005171
0.04182000,10.00000000,15.00000000,15.00046122,11.30543415,0.33333333,1,-0.00046122
0.04184000,10.00000000,15.00000000,15.00086757,11.30525690,0.33333333,1,-0.00086757
0.04186000,10.00000000,15.00000000,15.00126995,11.30497180,0.33333333,1,-0.00126995
0.04188000,10.00000000,15.00000000,15.00166760,11.30458002,0.33333333,1,-0.00166760
0.04190000,10.00000000,15.00000000,15.00205976,11.30408290,0.33333333,1,-0.00205976
0.04192000,10.00000000,15.00000000,15.00244569,11.30348203,0.33333333,1,-0.00244569
0.04194000,10.00000000,15.00000000,15.00282467,11.30277915,0.33333333,1,-0.00282467
0.04196000,10.00000000,15.00000000,15.00319599,11.30197622,0.33333333,1,-0.00319599
0.04198000,10.00000000,15.00000000,15.00355895,11.30107537,0.33333333,1,-0.00355895
0.04200000,10.00000000,15.00000000,15.00391290,11.30007891,0.33333333,1,-0.00391290
0.04202000,10.00000000,15.00000000,15.00425718,11.29898935,0.33333333,1,-0.00425718
0.04204000,10.00000000,15.00000000,15.00459116,11.29780933,0.33333333,1,-0.00459116
0.04206000,10.00000000,15.00000000,15.00491425,11.29654170,0.33333333,1,-0.00491425
0.04208000,10.00000000,15.00000000,15.00522588,11.29518942,0.33333333,1,-0.00522588
0.04210000,10.00000000,15.00000000,15.00552548,11.29375563,0.33333333,1,-0.00552548
0.04212000,10.00000000,15.00000000,15.00581254,11.29224361,0.33333333,1,-0.00581254
0.04214000,10.00000000,15.00000000,15.00608657,11.29065677,0.33333333,1,-0.00608657
0.04216000,10.00000000,15.00000000,15.00634709,11.28899864,0.33333333,1,-0.00634709
0.04218000,10.00000000,15.00000000,15.00659366,11.28727289,0.33333333,1,-0.00659366
0.04220000,10.00000000,15.00000000,15.00682588,11.28548330,0.33333333,1,-0.00682588
0.04222000,10.00000000,15.00000000,15.00704338,11.28363373,0.33333333,1,-0.00704338
0.04224000,10.00000000,15.00000000,15.00724579,11.28172817,0.33333333,1,-0.00724579
0.04226000,10.00000000,15.00000000,15.00743281,11.27977068,0.33333333,1,-0.00743281
0.04228000,10.00000000,15.00000000,15.00760416,11.27776540,0.33333333,1,-0.00760416
0.04230000,10.00000000,15.00000000,15.00775958,11.27571654,0.33333333,1,-0.00775958
0.04232000,10.00000000,15.00000000,15.00789886,11.27362839,0.33333333,1,-0.00789886
0.04234000,10.00000000,15.00000000,15.00802181,11.27150527,0.33333333,1,-0.00802181
0.04236000,10.00000000,15.00000000,15.00812828,11.26935155,0.33333333,1,-0.00812828
0.04238000,10.00000000,15.00000000,15.00821816,11.26717166,0.33333333,1,-0.00821816
0.04240000,10.00000000,15.00000000,15.00829134,11.26497002,0.33333333,1,-0.00829134
0.04242000,10.00000000,15.00000000,15.00834780,11.26275109,0.33333333,1,-0.00834780
0.04244000,10.00000000,15.00000000,15.00838749,11.26051935,0.33333333,1,-0.00838749
0.04246000,10.00000000,15.00000000,15.00841045,11.25827925,0.33333333,1,-0.00841045
0.04248000,10.00000000,15.00000000,15.00841672,11.25603526,0.33333333,1,-0.00841672
0.04250000,10.00000000,15.00000000,15.00840638,11.25379181,0.33333333,1,-0.00840638
0.04252000,10.00000000,15.00000000,15.00837954,11.25155332,0.33333333,1,-0.00837954
0.04254000,10.00000000,15.00000000,15.00833634,11.24932418,0.33333333,1,-0.00833634
0.04256000,10.00000000,15.00000000,15.00827696,11.24710872,0.33333333,1,-0.00827696
0.04258000,10.00000000,15.00000000,15.00820161,11.24491122,0.33333333,1,-0.00820161
0.04260000,10.00000000,15.00000000,15.00811053,11.24273592,0.33333333,1,-0.00811053
0.04262000,10.00000000,15.00000000,15.00800397,11.24058698,0.33333333,1,-0.00800397
0.04264000,10.00000000,15.00000000,15.00788224,11.23846849,0.33333333,1,-0.00788224
0.04266000,10.00000000,15.00000000,15.00774567,11.23638444,0.33333333,1,-0.00774567
0.04268000,10.00000000,15.00000000,15.00759459,11.23433875,0.33333333,1,-0.00759459
0.04270000,10.00000000,15.00000000,15.00742939,11.23233524,0.33333333,1,-0.00742939
0.04272000,10.00000000,15.00000000,15.00725048,11.23037763,0.33333333,1,-0.00725048
0.04274000,10.00000000,15.00000000,15.00705828,11.22846950,0.33333333,1,-0.00705828
0.04276000,10.00000000,15.00000000,15.00685324,11.22661435,0.33333333,1,-0.00685324
0.04278000,10.00000000,15.00000000,15.00663584,11.22481554,0.33333333,1,-0.00663584
0.04280000,10.00000000,15.00000000,15.00640657,11.22307629,0.33333333,1,-0.00640657
0.04282000,10.00000000,15.00000000,15.00616596,11.22139971,0.33333333,1,-0.00616596
0.04284000,10.00000000,15.00000000,15.00591454,11.21978874,0.33333333,1,-0.00591454
0.04286000,10.00000000,15.00000000,15.00565286,11.21824620,0.33333333,1,-0.00565286
0.04288000,10.00000000,15.00000000,15.00538150,11.21677475,0.33333333,1,-0.00538150
0.04290000,10.00000000,15.00000000,15.00510104,11.21537688,0.33333333,1,-0.00510104
0.04292000,10.00000000,15.00000000,15.00481209,11.21405495,0.33333333,1,-0.00481209
0.04294000,10.00000000,15.00000000,15.00451526,11.21281113,0.33333333,1,-0.00451526
0.04296000,10.00000000,15.00000000,15.00421118,11.21164745,0.33333333,1,-0.00421118
0.04298000,10.00000000,15.00000000,15.00390050,11.21056576,0.33333333,1,-0.00390050
0.04300000,10.00000000,15.00000000,15.00358385,11.20956772,0.33333333,1,-0.00358385
0.04302000,10.00000000,15.00000000,15.00326190,11.20865484,0.33333333,1,-0.00326190
0.04304000,10.00000000,15.00000000,15.00293531,11.20782845,0.33333333,1,-0.00293531
0.04306000,10.00000000,15.00000000,15.00260474,11.20708970,0.33333333,1,-0.00260474
0.04308000,10.00000000,15.00000000,15.00227088,11.20643955,0.33333333,1,-0.00227088
0.04310000,10.00000000,15.00000000,15.00193440,11.20587880,0.33333333,1,-0.00193440
0.04312000,10.00000000,15.00000000,15.00159597,11.20540805,0.33333333,1,-0.00159597
0.04314000,10.00000000,15.00000000,15.00125627,11.20502773,0.33333333,1,-0.00125627
0.04316000,10.00000000,15.00000000,15.00091598,11.20473809,0.33333333,1,-0.00091598
0.04318000,10.00000000,15.00000000,15.00057577,11.20453920,0.33333333,1,-0.00057577
0.04320000,10.00000000,15.00000000,15.00023631,11.20443095,0.33333333,1,-0.00023631
0.04322000,10.00000000,15.00000000,14.99989827,11.20441304,0.33333333,1,0.00010173
0.04324000,10.00000000,15.00000000,14.99956230,11.20448502,0.33333333,1,0.00043770
0.04326000,10.00000000,15.00000000,14.99922905,11.20464624,0.33333333,1,0.00077095
0.04328000,10.00000000,15.00000000,14.99889917,11.20489589,0.33333333,1,0.00110083
0.04330000,10.00000000,15.00000000,14.99857328,11.20523300,0.33333333,1,0.00142672
0.04332000,10.00000000,15.00000000,14.99825201,11.20565640,0.33333333,1,0.00174799
0.04334000,10.00000000,15.00000000,14.99793596,11.20616480,0.33333333,1,0.00206404
0.04336000,10.00000000,15.00000000,14.99762573,11.20675671,0.33333333,1,0.00237427
0.04338000,10.00000000,15.00000000,14.99732189,11.20743051,0.33333333,1,0.00267811
0.04340000,10.00000000,15.00000000,14.99702501,11.20818441,0.33333333,1,0.00297499
0.04342000,10.00000000,15.00000000,14.99673563,11.20901650,0.33333333,1,0.00326437
0.04344000,10.00000000,15.00000000,14.99645429,11.20992469,0.33333333,1,0.00354571
0.04346000,10.00000000,15.00000000,14.99618149,11.21090679,0.33333333,1,0.00381851
0.04348000,10.00000000,15.00000000,14.99591772,11.21196043,0.33333333,1,0.00408228
0.04350000,10.00000000,15.00000000,14.99566345,11.21308316,0.33333333,1,0.00433655
0.04352000,10.00000000,15.00000000,14.99541913,11.21427237,0.33333333,1,0.00458087
0.04354000,10.00000000,15.00000000,14.99518519,11.21552536,0.33333333,1,0.00481481
0.04356000,10.00000000,15.00000000,14.99496203,11.21683931,0.33333333,1,0.00503797
0.04358000,10.00000000,15.00000000,14.99475002,11.21821129,0.33333333,1,0.00524998
0.04360000,10.00000000,15.00000000,14.99454953,11.21963828,0.33333333,1,0.00545047
0.04362000,10.00000000,15.00000000,14.99436088,11.22111716,0.33333333,1,0.00563912
0.04364000,10.00000000,15.00000000,14.99418439,11.22264473,0.33333333,1,0.00581561
0.04366000,10.00000000,15.00000000,14.99402033,11.22421771,0.33333333,1,0.00597967
0.04368000,10.00000000,15.00000000,14.99386895,11.22583276,0.33333333,1,0.00613105
0.04370000,10.00000000,15.00000000,14.99373049,11.22748645,0.33333333,1,0.00626951
0.04372000,10.00000000,15.00000000,14.99360514,11.22917533,0.33333333,1,0.00639486
0.04374000,10.00000000,15.00000000,14.99349308,11.23089586,0.33333333,1,0.00650692
0.04376000,10.00000000,15.00000000,14.99339446,11.23264449,0.33333333,1,0.00660554
0.04378000,10.00000000,15.00000000,14.99330939,11.23441761,0.33333333,1,0.00669061
0.04380000,10.00000000,15.00000000,14.99323798,11.23621160,0.33333333,1,0.00676202
0.04382000,10.00000000,15.00000000,14.99318027,11.23802280,0.33333333,1,0.00681973
0.04384000,10.00000000,15.00000000,14.99313632,11.23984756,0.33333333,1,0.00686368
0.04386000,10.00000000,15.00000000,14.99310613,11.24168221,0.33333333,1,0.00689387
0.04388000,10.00000000,15.00000000,14.99308968,11.24352307,0.33333333,1,0.00691032
0.04390000,10.00000000,15.00000000,14.99308694,11.24536650,0.33333333,1,0.00691306
0.04392000,10.00000000,15.00000000,14.99309782,11.24720883,0.33333333,1,0.00690218
0.04394000,10.00000000,15.00000000,14.99312224,11.24904645,0.33333333,1,0.00687776
0.04396000,10.00000000,15.00000000,14.99316007,11.25087578,0.33333333,1,0.00683993
0.04398000,10.00000000,15.00000000,14.99321116,11.25269324,0.33333333,1,0.00678884
0.04400000,10.00000000,15.00000000,14.99327534,11.25449533,0.33333333,1,0.00672466
0.04402000,10.00000000,15.00000000,14.99335241,11.25627858,0.33333333,1,0.00664759
0.04404000,10.00000000,15.00000000,14.99344214,11.25803959,0.33333333,1,0.00655786
0.04406000,10.00000000,15.00000000,14.99354429,11.25977500,0.33333333,1,0.00645571
0.04408000,10.00000000,15.00000000,14.99365859,11.26148155,0.33333333,1,0.00634141
0.04410000,10.00000000,15.00000000,14.99378475,11.26315603,0.33333333,1,0.00621525
0.04412000,10.00000000,15.00000000,14.99392244,11.26479533,0.33333333,1,0.00607756
0.04414000,10.00000000,15.00000000,14.99407135,11.26639640,0.33333333,1,0.00592865
0.04416000,10.00000000,15.00000000,14.99423111,11.26795631,0.33333333,1,0.00576889
0.04418000,10.00000000,15.00000000,14.99440134,11.26947221,0.33333333,1,0.00559866
0.04420000,10.00000000,15.00000000,14.99458166,11.27094137,0.33333333,1,0.00541834
0.04422000,10.00000000,15.00000000,14.99477164,11.27236114,0.33333333,1,0.00522836
0.04424000,10.00000000,15.00000000,14.99497088,11.27372900,0.33333333,1,0.00502912
0.04426000,10.00000000,15.00000000,14.99517891,11.27504255,0.33333333,1,0.00482109
0.04428000,10.00000000,15.00000000,14.99539529,11.27629951,0.33333333,1,0.00460471
0.04430000,10.00000000,15.00000000,14.99561954,11.27749770,0.33333333,1,0.00438046
0.04432000,10.00000000,15.00000000,14.99585117,11.27863509,0.33333333,1,0.00414883
0.04434000,10.00000000,15.00000000,14.99608969,11.27970979,0.33333333,1,0.00391031
0.04436000,10.00000000,15.00000000,14.99633460,11.28072002,0.33333333,1,0.00366540
0.04438000,10.00000000,15.00000000,14.99658536,11.28166415,0.33333333,1,0.00341464
0.04440000,10.00000000,15.00000000,14.99684146,11.28254069,0.33333333,1,0.00315854
0.04442000,10.00000000,15.00000000,14.99710236,11.28334828,0.33333333,1,0.00289764
0.04444000,10.00000000,15.00000000,14.99736752,11.28408572,0.33333333,1,0.00263248
0.04446000,10.00000000,15.00000000,14.99763640,11.28475194,0.33333333,1,0.00236360
0.04448000,10.00000000,15.00000000,14.99790844,11.28534603,0.33333333,1,0.00209156
0.04450000,10.00000000,15.00000000,14.99818310,11.28586721,0.33333333,1,0.00181690
0.04452000,10.00000000,15.00000000,14.99845981,11.28631486,0.33333333,1,0.00154019
0.04454000,10.00000000,15.00000000,14.99873802,11.28668851,0.33333333,1,0.00126198
0.04456000,10.00000000,15.00000000,14.99901718,11.28698783,0.33333333,1,0.00098282
0.04458000,10.00000000,15.00000000,14.99929673,11.28721264,0.33333333,1,0.00070327
0.04460000,10.00000000,15.00000000,14.99957611,11.28736292,0.33333333,1,0.00042389
0.04462000,10.00000000,15.00000000,14.99985478,11.28743878,0.33333333,1,0.00014522
0.04464000,10.00000000,15.00000000,15.00013219,11.28744048,0.33333333,1,-0.00013219
0.04466000,10.00000000,15.00000000,15.00040781,11.28736844,0.33333333,1,-0.00040781
0.04468000,10.00000000,15.00000000,15.00068109,11.28722319,0.33333333,1,-0.00068109
0.04470000,10.00000000,15.00000000,15.00095152,11.28700544,0.33333333,1,-0.00095152
0.04472000,10.00000000,15.00000000,15.00121858,11.28671602,0.33333333,1,-0.00121858
0.04474000,10.00000000,15.00000000,15.00148175,11.28635588,0.33333333,1,-0.00148175
0.04476000,10.00000000,15.00000000,15.00174055,11.28592614,0.33333333,1,-0.00174055
0.04478000,10.00000000,15.00000000,15.00199449,11.28542802,0.33333333,1,-0.00199449
0.04480000,10.00000000,15.00000000,15.00224310,11.28486288,0.33333333,1,-0.00224310
0.04482000,10.00000000,15.00000000,15.00248591,11.28423221,0.33333333,1,-0.00248591
0.04484000,10.00000000,15.00000000,15.00272247,11.28353762,0.33333333,1,-0.00272247
0.04486000,10.00000000,15.00000000,15.00295237,11.28278082,0.33333333,1,-0.00295237
0.04488000,10.00000000,15.00000000,15.00317517,11.28196365,0.33333333,1,-0.00317517
0.04490000,10.00000000,15.00000000,15.00339049,11.28108806,0.33333333,1,-0.00339049
0.04492000,10.00000000,15.00000000,15.00359794,11.28015609,0.33333333,1,-0.00359794
0.04494000,10.00000000,15.00000000,15.00379715,11.27916989,0.33333333,1,-0.00379715
0.04496000,10.00000000,15.00000000,15.00398779,11.27813170,0.33333333,1,-0.00398779
0.04498000,10.00000000,15.00000000,15.00416951,11.27704386,0.33333333,1,-0.00416951
0.04500000,10.00000000,15.00000000,15.00434201,11.27590879,0.33333333,1,-0.00434201
0.04502000,10.00000000,15.00000000,15.00450500,11.27472897,0.33333333,1,-0.00450500
0.04504000,10.00000000,15.00000000,15.00465822,11.27350699,0.33333333,1,-0.00465822
0.04506000,10.00000000,15.00000000,15.00480142,11.27224548,0.33333333,1,-0.00480142
0.04508000,10.00000000,15.00000000,15.00493436,11.27094714,0.33333333,1,-0.00493436
0.04510000,10.00000000,15.00000000,15.00505685,11.26961475,0.33333333,1,-0.00505685
0.04512000,10.00000000,15.00000000,15.00516871,11.26825110,0.33333333,1,-0.00516871
0.04514000,10.00000000,15.00000000,15.00526976,11.26685906,0.33333333,1,-0.00526976
0.04516000,10.00000000,15.00000000,15.00535988,11.26544153,0.33333333,1,-0.00535988
0.04518000,10.00000000,15.00000000,15.00543893,11.26400145,0.33333333,1,-0.00543893
0.04520000,10.00000000,15.00000000,15.00550684,11.26254176,0.33333333,1,-0.00550684
0.04522000,10.00000000,15.00000000,15.00556353,11.26106546,0.33333333,1,-0.00556353
0.04524000,10.00000000,15.00000000,15.00560895,11.25957555,0.33333333,1,-0.00560895
0.04526000,10.00000000,15.00000000,15.00564306,11.25807503,0.33333333,1,-0.00564306
0.04528000,10.00000000,15.00000000,15.00566588,11.25656692,0.33333333,1,-0.00566588
0.04530000,10.00000000,15.00000000,15.00567741,11.25505423,0.33333333,1,-0.00567741
0.04532000,10.00000000,15.00000000,15.00567769,11.25353997,0.33333333,1,-0.00567769
0.04534000,10.00000000,15.00000000,15.00566679,11.25202712,0.33333333,1,-0.00566679
0.04536000,10.00000000,15.00000000,15.00564479,11.25051866,0.33333333,1,-0.00564479
0.04538000,10.00000000,15.00000000,15.00561179,11.24901754,0.33333333,1,-0.00561179
0.04540000,10.00000000,15.00000000,15.00556793,11.24752667,0.33333333,1,-0.00556793
0.04542000,10.00000000,15.00000000,15.00551334,11.24604894,0.33333333,1,-0.00551334
0.04544000,10.00000000,15.00000000,15.00544819,11.24458717,0.33333333,1,-0.00544819
0.04546000,10.00000000,15.00000000,15.00537268,11.24314416,0.33333333,1,-0.00537268
0.04548000,10.00000000,15.00000000,15.00528700,11.24172264,0.33333333,1,-0.00528700
0.04550000,10.00000000,15.00000000,15.00519138,11.24032531,0.33333333,1,-0.00519138
0.04552000,10.00000000,15.00000000,15.00508607,11.23895477,0.33333333,1,-0.00508607
0.04554000,10.00000000,15.00000000,15.00497133,11.23761357,0.33333333,1,-0.00497133
0.04556000,10.00000000,15.00000000,15.00484743,11.23630421,0.33333333,1,-0.00484743
0.04558000,10.00000000,15.00000000,15.00471467,11.23502907,0.33333333,1,-0.00471467
0.04560000,10.00000000,15.00000000,15.00457336,11.23379048,0.33333333,1,-0.00457336
0.04562000,10.00000000,15.00000000,15.00442382,11.23259067,0.33333333,1,-0.00442382
0.04564000,10.00000000,15.00000000,15.00426640,11.23143180,0.33333333,1,-0.00426640
0.04566000,10.00000000,15.00000000,15.00410145,11.23031593,0.33333333,1,-0.00410145
0.04568000,10.00000000,15.00000000,15.00392934,11.22924500,0.33333333,1,-0.00392934
0.04570000,10.00000000,15.00000000,15.00375044,11.22822088,0.33333333,1,-0.00375044
0.04572000,10.00000000,15.00000000,15.00356515,11.22724533,0.33333333,1,-0.00356515
0.04574000,10.00000000,15.00000000,15.00337386,11.22632000,0.33333333,1,-0.00337386
0.04576000,10.00000000,15.00000000,15.00317698,11.22544644,0.33333333,1,-0.00317698
0.04578000,10.00000000,15.00000000,15.00297494,11.22462607,0.33333333,1,-0.00297494
0.04580000,10.00000000,15.00000000,15.00276816,11.22386022,0.33333333,1,-0.00276816
0.04582000,10.00000000,15.00000000,15.00255707,11.22315010,0.33333333,1,-0.00255707
0.04584000,10.00000000,15.00000000,15.00234212,11.22249679,0.33333333,1,-0.00234212
0.04586000,10.00000000,15.00000000,15.00212375,11.22190127,0.33333333,1,-0.00212375
0.04588000,10.00000000,15.00000000,15.00190240,11.22136439,0.33333333,1,-0.00190240
0.04590000,10.00000000,15.00000000,15.00167853,11.22088689,0.33333333,1,-0.00167853
0.04592000,10.00000000,15.00000000,15.00145259,11.22046936,0.33333333,1,-0.00145259
0.04594000,10.00000000,15.00000000,15.00122505,11.22011231,0.33333333,1,-0.00122505
0.04596000,10.00000000,15.00000000,15.00099635,11.21981611,0.33333333,1,-0.00099635
0.04598000,10.00000000,15.00000000,15.00076696,11.21958099,0.33333333,1,-0.00076696
0.04600000,10.00000000,15.00000000,15.00053733,11.21940708,0.33333333,1,-0.00053733
0.04602000,10.00000000,15.00000000,15.00030791,11.21929439,0.33333333,1,-0.00030791
0.04604000,10.00000000,15.00000000,15.00007916,11.21924280,0.33333333,1,-0.00007916
0.04606000,10.00000000,15.00000000,14.99985152,11.21925207,0.33333333,1,0.00014848
0.04608000,10.00000000,15.00000000,14.99962543,11.21932185,0.33333333,1,0.00037457
0.04610000,10.00000000,15.00000000,14.99940134,11.21945167,0.33333333,1,0.00059866
0.04612000,10.00000000,15.00000000,14.99917966,11.21964092,0.33333333,1,0.00082034
0.04614000,10.00000000,15.00000000,14.99896083,11.21988893,0.33333333,1,0.00103917
0.04616000,10.00000000,15.00000000,14.99874525,11.22019486,0.33333333,1,0.00125475
0.04618000,10.00000000,15.00000000,14.99853334,11.22055780,0.33333333,1,0.00146666
0.04620000,10.00000000,15.00000000,14.99832550,11.22097672,0.33333333,1,0.00167450
0.04622000,10.00000000,15.00000000,14.99812210,11.22145047,0.33333333,1,0.00187790
0.04624000,10.00000000,15.00000000,14.99792353,11.22197783,0.33333333,1,0.00207647
0.04626000,10.00000000,15.00000000,14.99773015,11.22255746,0.33333333,1,0.00226985
0.04628000,10.00000000,15.00000000,14.99754231,11.22318793,0.33333333,1,0.00245769
0.04630000,10.00000000,15.00000000,14.99736035,11.22386770,0.33333333,1,0.00263965
0.04632000,10.00000000,15.00000000,14.99718460,11.22459519,0.33333333,1,0.00281540
0.04634000,10.00000000,15.00000000,14.99701537,11.22536867,0.33333333,1,0.00298463
0.04636000,10.00000000,15.00000000,14.99685295,11.22618638,0.33333333,1,0.00314705
0.04638000,10.00000000,15.00000000,14.99669763,11.22704647,0.33333333,1,0.00330237
0.04640000,10.00000000,15.00000000,14.99654968,11.22794699,0.33333333,1,0.00345032
0.04642000,10.00000000,15.00000000,14.99640934,11.22888596,0.33333333,1,0.00359066
0.04644000,10.00000000,15.00000000,14.99627685,11.22986131,0.33333333,1,0.00372315
0.04646000,10.00000000,15.00000000,14.99615243,11.23087092,0.33333333,1,0.00384757
0.04648000,10.00000000,15.00000000,14.99603627,11.23191261,0.33333333,1,0.00396373
0.04650000,10.00000000,15.00000000,14.99592857,11.23298416,0.33333333,1,0.00407143
0.04652000,10.00000000,15.00000000,14.99582948,11.23408328,0.33333333,1,0.00417052
0.04654000,10.00000000,15.00000000,14.99573915,11.23520766,0.33333333,1,0.00426085
0.04656000,10.00000000,15.00000000,14.99565771,11.23635494,0.33333333,1,0.00434229
0.04658000,10.00000000,15.00000000,14.99558528,11.23752275,0.33333333,1,0.00441472
0.04660000,10.00000000,15.00000000,14.99552194,11.23870865,0.33333333,1,0.00447806
0.04662000,10.00000000,15.00000000,14.99546778,11.23991023,0.33333333,1,0.00453222
0.04664000,10.00000000,15.00000000,14.99542284,11.24112502,0.33333333,1,0.00457716
0.04666000,10.00000000,15.00000000,14.99538716,11.24235056,0.33333333,1,0.00461284
0.04668000,10.00000000,15.00000000,14.99536077,11.24358437,0.33333333,1,0.00463923
0.04670000,10.00000000,15.00000000,14.99534366,11.24482399,0.33333333,1,0.00465634
0.04672000,10.00000000,15.00000000,14.99533582,11.24606693,0.33333333,1,0.00466418
0.04674000,10.00000000,15.00000000,14.99533720,11.24731073,0.33333333,1,0.00466280
0.04676000,10.00000000,15.00000000,14.99534776,11.24855294,0.33333333,1,0.00465224
0.04678000,10.00000000,15.00000000,14.99536743,11.24979111,0.33333333,1,0.00463257
0.04680000,10.00000000,15.00000000,14.99539611,11.25102284,0.33333333,1,0.00460389
0.04682000,10.00000000,15.00000000,14.99543370,11.25224573,0.33333333,1,0.00456630
0.04684000,10.00000000,15.00000000,14.99548007,11.25345742,0.33333333,1,0.00451993
0.04686000,10.00000000,15.00000000,14.99553509,11.25465559,0.33333333,1,0.00446491
0.04688000,10.00000000,15.00000000,14.99559860,11.25583795,0.33333333,1,0.00440140
0.04690000,10.00000000,15.00000000,14.99567043,11.25700226,0.33333333,1,0.00432957
0.04692000,10.00000000,15.00000000,14.99575038,11.25814633,0.33333333,1,0.00424962
0.04694000,10.00000000,15.00000000,14.99583826,11.25926802,0.33333333,1,0.00416174
0.04696000,10.00000000,15.00000000,14.99593385,11.26036524,0.33333333,1,0.00406615
0.04698000,10.00000000,15.00000000,14.99603692,11.26143597,0.33333333,1,0.00396308
0.04700000,10.00000000,15.00000000,14.99614722,11.26247824,0.33333333,1,0.00385278
0.04702000,10.00000000,15.00000000,14.99626450,11.26349016,0.33333333,1,0.00373550
0.04704000,10.00000000,15.00000000,14.99638849,11.26446991,0.33333333,1,0.00361151
0.04706000,10.00000000,15.00000000,14.99651890,11.26541573,0.33333333,1,0.00348110
0.04708000,10.00000000,15.00000000,14.99665545,11.26632595,0.33333333,1,0.00334455
0.04710000,10.00000000,15.00000000,14.99679783,11.26719897,0.33333333,1,0.00320217
0.04712000,10.00000000,15.00000000,14.99694572,11.26803328,0.33333333,1,0.00305428
0.04714000,10.00000000,15.00000000,14.99709882,11.26882746,0.33333333,1,0.00290118
0.04716000,10.00000000,15.00000000,14.99725677,11.26958015,0.33333333,1,0.00274323
0.04718000,10.00000000,15.00000000,14.99741926,11.27029011,0.33333333,1,0.00258074
0.04720000,10.00000000,15.00000000,14.99758593,11.27095617,0.33333333,1,0.00241407
0.04722000,10.00000000,15.00000000,14.99775643,11.27157727,0.33333333,1,0.00224357
0.04724000,10.00000000,15.00000000,14.99793040,11.27215244,0.33333333,1,0.00206960
0.04726000,10.00000000,15.00000000,14.99810748,11.27268078,0.33333333,1,0.00189252
0.04728000,10.00000000,15.00000000,14.99828732,11.27316153,0.33333333,1,0.00171268
0.04730000,10.00000000,15.00000000,14.99846952,11.27359401,0.33333333,1,0.00153048
0.04732000,10.00000000,15.00000000,14.99865374,11.27397761,0.33333333,1,0.00134626
0.04734000,10.00000000,15.00000000,14.99883958,11.27431187,0.33333333,1,0.00116042
0.04736000,10.00000000,15.00000000,14.99902668,11.27459639,0.33333333,1,0.00097332
0.04738000,10.00000000,15.00000000,14.99921466,11.27483089,0.33333333,1,0.00078534
0.04740000,10.00000000,15.00000000,14.99940315,11.27501519,0.33333333,1,0.00059685
0.04742000,10.00000000,15.00000000,14.99959176,11.27514920,0.33333333,1,0.00040824
0.04744000,10.00000000,15.00000000,14.99978014,11.27523294,0.33333333,1,0.00021986
0.04746000,10.00000000,15.00000000,14.99996791,11.27526651,0.33333333,1,0.00003209
0.04748000,10.00000000,15.00000000,15.00015469,11.27525014,0.33333333,1,-0.00015469
0.04750000,10.00000000,15.00000000,15.00034014,11.27518413,0.33333333,1,-0.00034014
0.04752000,10.00000000,15.00000000,15.00052389,11.27506888,0.33333333,1,-0.00052389
0.04754000,10.00000000,15.00000000,15.00070560,11.27490490,0.33333333,1,-0.00070560
0.04756000,10.00000000,15.00000000,15.00088490,11.27469278,0.33333333,1,-0.00088490
0.04758000,10.00000000,15.00000000,15.00106147,11.27443320,0.33333333,1,-0.00106147
0.04760000,10.00000000,15.00000000,15.00123497,11.27412693,0.33333333,1,-0.00123497
0.04762000,10.00000000,15.00000000,15.00140508,11.27377485,0.33333333,1,-0.00140508
0.04764000,10.00000000,15.00000000,15.00157148,11.27337789,0.33333333,1,-0.00157148
0.04766000,10.00000000,15.00000000,15.00173386,11.27293708,0.33333333,1,-0.00173386
0.04768000,10.00000000,15.00000000,15.00189192,11.27245355,0.33333333,1,-0.00189192
0.04770000,10.00000000,15.00000000,15.00204539,11.27192847,0.33333333,1,-0.00204539
0.04772000,10.00000000,15.00000000,15.00219397,11.27136311,0.33333333,1,-0.00219397
0.04774000,10.00000000,15.00000000,15.00233741,11.27075881,0.33333333,1,-0.00233741
0.04776000,10.00000000,15.00000000,15.00247545,11.27011697,0.33333333,1,-0.00247545
0.04778000,10.00000000,15.00000000,15.00260786,11.26943907,0.33333333,1,-0.00260786
0.04780000,10.00000000,15.00000000,15.00273439,11.26872663,0.33333333,1,-0.00273439
0.04782000,10.00000000,15.00000000,15.00285484,11.26798127,0.33333333,1,-0.00285484
0.04784000,10.00000000,15.00000000,15.00296899,11.26720461,0.33333333,1,-0.00296899
0.04786000,10.00000000,15.00000000,15.00307667,11.26639838,0.33333333,1,-0.00307667
0.04788000,10.00000000,15.00000000,15.00317769,11.26556432,0.33333333,1,-0.00317769
0.04790000,10.00000000,15.00000000,15.00327189,11.26470422,0.33333333,1,-0.00327189
0.04792000,10.00000000,15.00000000,15.00335913,11.26381993,0.33333333,1,-0.00335913
0.04794000,10.00000000,15.00000000,15.00343927,11.26291331,0.33333333,1,-0.00343927
0.04796000,10.00000000,15.00000000,15.00351219,11.26198629,0.33333333,1,-0.00351219
0.04798000,10.00000000,15.00000000,15.00357779,11.26104080,0.33333333,1,-0.00357779
0.04800000,10.00000000,15.00000000,15.00363597,11.26007880,0.33333333,1,-0.00363597
0.04802000,10.00000000,15.00000000,15.00368668,11.25910228,0.33333333,1,-0.00368668
0.04804000,10.00000000,15.00000000,15.00372984,11.25811324,0.33333333,1,-0.00372984
0.04806000,10.00000000,15.00000000,15.00376542,11.25711370,0.33333333,1,-0.00376542
0.04808000,10.00000000,15.00000000,15.00379339,11.25610569,0.33333333,1,-0.00379339
0.04810000,10.00000000,15.00000000,15.00381373,11.25509124,0.33333333,1,-0.00381373
0.04812000,10.00000000,15.00000000,15.00382644,11.25407238,0.33333333,1,-0.00382644
0.04814000,10.00000000,15.00000000,15.00383155,11.25305115,0.33333333,1,-0.00383155
0.04816000,10.00000000,15.00000000,15.00382908,11.25202956,0.33333333,1,-0.00382908
0.04818000,10.00000000,15.00000000,15.00381909,11.25100964,0.33333333,1,-0.00381909
0.04820000,10.00000000,15.00000000,15.00380163,11.24999338,0.33333333,1,-0.00380163
0.04822000,10.00000000,15.00000000,15.00377678,11.24898276,0.33333333,1,-0.00377678
0.04824000,10.00000000,15.00000000,15.00374463,11.24797975,0.33333333,1,-0.00374463
0.04826000,10.00000000,15.00000000,15.00370528,11.24698627,0.33333333,1,-0.00370528
0.04828000,10.00000000,15.00000000,15.00365885,11.24600423,0.33333333,1,-0.00365885
0.04830000,10.00000000,15.00000000,15.00360547,11.24503550,0.33333333,1,-0.00360547
0.04832000,10.00000000,15.00000000,15.00354529,11.24408191,0.33333333,1,-0.00354529
0.04834000,10.00000000,15.00000000,15.00347846,11.24314527,0.33333333,1,-0.00347846
0.04836000,10.00000000,15.00000000,15.00340515,11.24222731,0.33333333,1,-0.00340515
0.04838000,10.00000000,15.00000000,15.00332554,11.24132975,0.33333333,1,-0.00332554
0.04840000,10.00000000,15.00000000,15.00323982,11.24045423,0.33333333,1,-0.00323982
0.04842000,10.00000000,15.00000000,15.00314819,11.23960237,0.33333333,1,-0.00314819
0.04844000,10.00000000,15.00000000,15.00305087,11.23877571,0.33333333,1,-0.00305087
0.04846000,10.00000000,15.00000000,15.00294808,11.23797573,0.33333333,1,-0.00294808
0.04848000,10.00000000,15.00000000,15.00284006,11.23720386,0.33333333,1,-0.00284006
0.04850000,10.00000000,15.00000000,15.00272703,11.23646147,0.33333333,1,-0.00272703
0.04852000,10.00000000,15.00000000,15.00260927,11.23574986,0.33333333,1,-0.00260927
0.04854000,10.00000000,15.00000000,15.00248702,11.23507026,0.33333333,1,-0.00248702
0.04856000,10.00000000,15.00000000,15.00236054,11.23442383,0.33333333,1,-0.00236054
0.04858000,10.00000000,15.00000000,15.00223012,11.23381166,0.33333333,1,-0.00223012
0.04860000,10.00000000,15.00000000,15.00209603,11.23323476,0.33333333,1,-0.00209603
0.04862000,10.00000000,15.00000000,15.00195855,11.23269408,0.33333333,1,-0.00195855
0.04864000,10.00000000,15.00000000,15.00181798,11.23219047,0.33333333,1,-0.00181798
0.04866000,10.00000000,15.00000000,15.00167461,11.23172473,0.33333333,1,-0.00167461
0.04868000,10.00000000,15.00000000,15.00152873,11.23129757,0.33333333,1,-0.00152873
0.04870000,10.00000000,15.00000000,15.00138065,11.23090961,0.33333333,1,-0.00138065
0.04872000,10.00000000,15.00000000,15.00123067,11.23056139,0.33333333,1,-0.00123067
0.04874000,10.00000000,15.00000000,15.00107910,11.23025339,0.33333333,1,-0.00107910
0.04876000,10.00000000,15.00000000,15.00092624,11.22998599,0.33333333,1,-0.00092624
0.04878000,10.00000000,15.00000000,15.00077241,11.22975948,0.33333333,1,-0.00077241
0.04880000,10.00000000,15.00000000,15.00061790,11.22957409,0.33333333,1,-0.00061790
0.04882000,10.00000000,15.00000000,15.00046304,11.22942996,0.33333333,1,-0.00046304
0.04884000,10.00000000,15.00000000,15.00030812,11.22932715,0.33333333,1,-0.00030812
0.04886000,10.00000000,15.00000000,15.00015345,11.22926561,0.33333333,1,-0.00015345
0.04888000,10.00000000,15.00000000,14.99999934,11.22924526,0.33333333,1,0.00000066
0.04890000,10.00000000,15.00000000,14.99984608,11.22926589,0.33333333,1,0.00015392
0.04892000,10.00000000,15.00000000,14.99969397,11.22932724,0.33333333,1,0.00030603
0.04894000,10.00000000,15.00000000,14.99954331,11.22942897,0.33333333,1,0.00045669
0.04896000,10.00000000,15.00000000,14.99939439,11.22957066,0.33333333,1,0.00060561
0.04898000,10.00000000,15.00000000,14.99924748,11.22975179,0.33333333,1,0.00075252
0.04900000,10.00000000,15.00000000,14.99910287,11.22997179,0.33333333,1,0.00089713
0.04902000,10.00000000,15.00000000,14.99896082,11.23023003,0.33333333,1,0.00103918
0.04904000,10.00000000,15.00000000,14.99882161,11.23052577,0.33333333,1,0.00117839
0.04906000,10.00000000,15.00000000,14.99868550,11.23085823,0.33333333,1,0.00131450
0.04908000,10.00000000,15.00000000,14.99855272,11.23122654,0.33333333,1,0.00144728
0.04910000,10.00000000,15.00000000,14.99842353,11.23162979,0.33333333,1,0.00157647
0.04912000,10.00000000,15.00000000,14.99829816,11.23206699,0.33333333,1,0.00170184
0.04914000,10.00000000,15.00000000,14.99817684,11.23253708,0.33333333,1,0.00182316
0.04916000,10.00000000,15.00000000,14.99805978,11.23303896,0.33333333,1,0.00194022
0.04918000,10.00000000,15.00000000,14.99794719,11.23357147,0.33333333,1,0.00205281
0.04920000,10.00000000,15.00000000,14.99783927,11.23413338,0.33333333,1,0.00216073
0.04922000,10.00000000,15.00000000,14.99773620,11.23472342,0.33333333,1,0.00226380
0.04924000,10.00000000,15.00000000,14.99763816,11.23534029,0.33333333,1,0.00236184
0.04926000,10.00000000,15.00000000,14.99754531,11.23598261,0.33333333,1,0.00245469
0.04928000,10.00000000,15.00000000,14.99745782,11.23664898,0.33333333,1,0.00254218
0.04930000,10.00000000,15.00000000,14.99737581,11.23733796,0.33333333,1,0.00262419
0.04932000,10.00000000,15.00000000,14.99729943,11.23804805,0.33333333,1,0.00270057
0.04934000,10.00000000,15.00000000,14.99722879,11.23877775,0.33333333,1,0.00277121
0.04936000,10.00000000,15.00000000,14.99716400,11.23952551,0.33333333,1,0.00283600
0.04938000,10.00000000,15.00000000,14.99710515,11.24028975,0.33333333,1,0.00289485
0.04940000,10.00000000,15.00000000,14.99705233,11.24106889,0.33333333,1,0.00294767
0.04942000,10.00000000,15.00000000,14.99700561,11.24186130,0.33333333,1,0.00299439
0.04944000,10.00000000,15.00000000,14.99696505,11.24266535,0.33333333,1,0.00303495
0.04946000,10.00000000,15.00000000,14.99693069,11.24347939,0.33333333,1,0.00306931
0.04948000,10.00000000,15.00000000,14.99690256,11.24430176,0.33333333,1,0.00309744
0.04950000,10.00000000,15.00000000,14.99688069,11.24513080,0.33333333,1,0.00311931
0.04952000,10.00000000,15.00000000,14.99686508,11.24596484,0.33333333,1,0.00313492
0.04954000,10.00000000,15.00000000,14.99685574,11.24680220,0.33333333,1,0.00314426
0.04956000,10.00000000,15.00000000,14.99685264,11.24764122,0.33333333,1,0.00314736
0.04958000,10.00000000,15.00000000,14.99685575,11.24848024,0.33333333,1,0.00314425
0.04960000,10.00000000,15.00000000,14.99686504,11.24931760,0.33333333,1,0.00313496
0.04962000,10.00000000,15.00000000,14.99688046,11.25015167,0.33333333,1,0.00311954
0.04964000,10.00000000,15.00000000,14.99690193,11.25098082,0.33333333,1,0.00309807
0.04966000,10.00000000,15.00000000,14.99692938,11.25180345,0.33333333,1,0.00307062
0.04968000,10.00000000,15.00000000,14.99696273,11.25261796,0.33333333,1,0.00303727
0.04970000,10.00000000,15.00000000,14.99700188,11.25342281,0.33333333,1,0.00299812
0.04972000,10.00000000,15.00000000,14.99704672,11.25421645,0.33333333,1,0.00295328
0.04974000,10.00000000,15.00000000,14.99709712,11.25499740,0.33333333,1,0.00290288
0.04976000,10.00000000,15.00000000,14.99715296,11.25576417,0.33333333,1,0.00284704
0.04978000,10.00000000,15.00000000,14.99721410,11.25651535,0.33333333,1,0.00278590
0.04980000,10.00000000,15.00000000,14.99728039,11.25724953,0.33333333,1,0.00271961
0.04982000,10.00000000,15.00000000,14.99735166,11.25796536,0.33333333,1,0.00264834
0.04984000,10.00000000,15.00000000,14.99742776,11.25866155,0.33333333,1,0.00257224
0.04986000,10.00000000,15.00000000,14.99750850,11.25933681,0.33333333,1,0.00249150
0.04988000,10.00000000,15.00000000,14.99759370,11.25998995,0.33333333,1,0.00240630
0.04990000,10.00000000,15.00000000,14.99768317,11.26061979,0.33333333,1,0.00231683
0.04992000,10.00000000,15.00000000,14.99777671,11.26122523,0.33333333,1,0.00222329
0.04994000,10.00000000,15.00000000,14.99787411,11.26180520,0.33333333,1,0.00212589
0.04996000,10.00000000,15.00000000,14.99797515,11.26235871,0.33333333,1,0.00202485
0.04998000,10.00000000,15.00000000,14.99807962,11.26288482,0.33333333,1,0.00192038
0.05000000,10.00000000,15.00000000,14.99818730,11.26338263,0.33333333,1,0.00181270
0.05002000,10.00000000,15.00000000,14.99829795,11.26385133,0.33333333,1,0.00170205
0.05004000,10.00000000,15.00000000,14.99841134,11.26429015,0.33333333,1,0.00158866
0.05006000,10.00000000,15.00000000,14.99852722,11.26469839,0.33333333,1,0.00147278
0.05008000,10.00000000,15.00000000,14.99864537,11.26507543,0.33333333,1,0.00135463
0.05010000,10.00000000,15.00000000,14.99876553,11.26542068,0.33333333,1,0.00123447
0.05012000,10.00000000,15.00000000,14.99888746,11.26573365,0.33333333,1,0.00111254
0.05014000,10.00000000,15.00000000,14.99901090,11.26601390,0.33333333,1,0.00098910
0.05016000,10.00000000,15.00000000,14.99913561,11.26626106,0.33333333,1,0.00086439
0.05018000,10.00000000,15.00000000,14.99926133,11.26647482,0.33333333,1,0.00073867
0.05020000,10.00000000,15.00000000,14.99938780,11.26665495,0.33333333,1,0.00061220
0.05022000,10.00000000,15.00000000,14.99951479,11.26680128,0.33333333,1,0.00048521
0.05024000,10.00000000,15.00000000,14.99964202,11.26691371,0.33333333,1,0.00035798
0.05026000,10.00000000,15.00000000,14.99976925,11.26699220,0.33333333,1,0.00023075
0.05028000,10.00000000,15.00000000,14.99989624,11.26703680,0.33333333,1,0.00010376
0.05030000,10.00000000,15.00000000,15.00002272,11.26704759,0.33333333,1,-0.00002272
0.05032000,10.00000000,15.00000000,15.00014846,11.26702474,0.33333333,1,-0.00014846
0.05034000,10.00000000,15.00000000,15.00027321,11.26696850,0.33333333,1,-0.00027321
0.05036000,10.00000000,15.00000000,15.00039673,11.26687914,0.33333333,1,-0.00039673
0.05038000,10.00000000,15.00000000,15.00051878,11.26675704,0.33333333,1,-0.00051878
0.05040000,10.00000000,15.00000000,15.00063914,11.26660261,0.33333333,1,-0.00063914
0.05042000,10.00000000,15.00000000,15.00075757,11.26641634,0.33333333,1,-0.00075757
0.05044000,10.00000000,15.00000000,15.00087385,11.26619876,0.33333333,1,-0.00087385
0.05046000,10.00000000,15.00000000,15.00098777,11.26595049,0.33333333,1,-0.00098777
0.05048000,10.00000000,15.00000000,15.00109911,11.26567218,0.33333333,1,-0.00109911
0.05050000,10.00000000,15.00000000,15.00120767,11.26536455,0.33333333,1,-0.00120767
0.05052000,10.00000000,15.00000000,15.00131325,11.26502835,0.33333333,1,-0.00131325
0.05054000,10.00000000,15.00000000,15.00141566,11.26466443,0.33333333,1,-0.00141566
0.05056000,10.00000000,15.00000000,15.00151471,11.26427363,0.33333333,1,-0.00151471
0.05058000,10.00000000,15.00000000,15.00161023,11.26385689,0.33333333,1,-0.00161023
0.05060000,10.00000000,15.00000000,15.00170205,11.26341517,0.33333333,1,-0.00170205
0.05062000,10.00000000,15.00000000,15.00179001,11.26294947,0.33333333,1,-0.00179001
0.05064000,10.00000000,15.00000000,15.00187396,11.26246085,0.33333333,1,-0.00187396
0.05066000,10.00000000,15.00000000,15.00195375,11.26195040,0.33333333,1,-0.00195375
0.05068000,10.00000000,15.00000000,15.00202925,11.26141923,0.33333333,1,-0.00202925
0.05070000,10.00000000,15.00000000,15.00210034,11.26086852,0.33333333,1,-0.00210034
0.05072000,10.00000000,15.00000000,15.00216689,11.26029946,0.33333333,1,-0.00216689
0.05074000,10.00000000,15.00000000,15.00222881,11.25971326,0.33333333,1,-0.00222881
0.05076000,10.00000000,15.00000000,15.00228600,11.25911118,0.33333333,1,-0.00228600
0.05078000,10.00000000,15.00000000,15.00233836,11.25849449,0.33333333,1,-0.00233836
0.05080000,10.00000000,15.00000000,15.00238584,11.25786449,0.33333333,1,-0.00238584
0.05082000,10.00000000,15.00000000,15.00242835,11.25722248,0.33333333,1,-0.00242835
0.05084000,10.00000000,15.00000000,15.00246584,11.25656981,0.33333333,1,-0.00246584
0.05086000,10.00000000,15.00000000,15.00249826,11.25590782,0.33333333,1,-0.00249826
0.05088000,10.00000000,15.00000000,15.00252559,11.25523786,0.33333333,1,-0.00252559
0.05090000,10.00000000,15.00000000,15.00254779,11.25456129,0.33333333,1,-0.00254779
0.05092000,10.00000000,15.00000000,15.00256485,11.25387949,0.33333333,1,-0.00256485
0.05094000,10.00000000,15.00000000,15.00257677,11.25319383,0.33333333,1,-0.00257677
0.05096000,10.00000000,15.00000000,15.00258354,11.25250567,0.33333333,1,-0.00258354
0.05098000,10.00000000,15.00000000,15.00258519,11.25181640,0.33333333,1,-0.00258519
0.05100000,10.00000000,15.00000000,15.00258174,11.25112736,0.33333333,1,-0.00258174
0.05102000,10.00000000,15.00000000,15.00257322,11.25043992,0.33333333,1,-0.00257322
0.05104000,10.00000000,15.00000000,15.00255968,11.24975542,0.33333333,1,-0.00255968
0.05106000,10.00000000,15.00000000,15.00254118,11.24907520,0.33333333,1,-0.00254118
0.05108000,10.00000000,15.00000000,15.00251777,11.24840056,0.33333333,1,-0.00251777
0.05110000,10.00000000,15.00000000,15.00248953,11.24773282,0.33333333,1,-0.00248953
0.05112000,10.00000000,15.00000000,15.00245655,11.24707324,0.33333333,1,-0.00245655
0.05114000,10.00000000,15.00000000,15.00241891,11.24642307,0.33333333,1,-0.00241891
0.05116000,10.00000000,15.00000000,15.00237671,11.24578356,0.33333333,1,-0.00237671
0.05118000,10.00000000,15.00000000,15.00233007,11.24515589,0.33333333,1,-0.00233007
0.05120000,10.00000000,15.00000000,15.00227910,11.24454124,0.33333333,1,-0.00227910
0.05122000,10.00000000,15.00000000,15.00222392,11.24394074,0.33333333,1,-0.00222392
0.05124000,10.00000000,15.00000000,15.00216467,11.24335551,0.33333333,1,-0.00216467
0.05126000,10.00000000,15.00000000,15.00210148,11.24278660,0.33333333,1,-0.00210148
0.05128000,10.00000000,15.00000000,15.00203450,11.24223505,0.33333333,1,-0.00203450
0.05130000,10.00000000,15.00000000,15.00196389,11.24170186,0.33333333,1,-0.00196389
0.05132000,10.00000000,15.00000000,15.00188980,11.24118796,0.33333333,1,-0.00188980
0.05134000,10.00000000,15.00000000,15.00181240,11.24069426,0.33333333,1,-0.00181240
0.05136000,10.00000000,15.00000000,15.00173186,11.24022162,0.33333333,1,-0.00173186
0.05138000,10.00000000,15.00000000,15.00164835,11.23977086,0.33333333,1,-0.00164835
0.05140000,10.00000000,15.00000000,15.00156206,11.23934275,0.33333333,1,-0.00156206
0.05142000,10.00000000,15.00000000,15.00147317,11.23893800,0.33333333,1,-0.00147317
0.05144000,10.00000000,15.00000000,15.00138187,11.23855727,0.33333333,1,-0.00138187
0.05146000,10.00000000,15.00000000,15.00128836,11.23820119,0.33333333,1,-0.00128836
0.05148000,10.00000000,15.00000000,15.00119283,11.23787032,0.33333333,1,-0.00119283
0.05150000,10.00000000,15.00000000,15.00109548,11.23756518,0.33333333,1,-0.00109548
0.05152000,10.00000000,15.00000000,15.00099650,11.23728621,0.33333333,1,-0.00099650
0.05154000,10.00000000,15.00000000,15.00089612,11.23703384,0.33333333,1,-0.00089612
0.05156000,10.00000000,15.00000000,15.00079452,11.23680839,0.33333333,1,-0.00079452
0.05158000,10.00000000,15.00000000,15.00069193,11.23661018,0.33333333,1,-0.00069193
0.05160000,10.00000000,15.00000000,15.00058854,11.23643943,0.33333333,1,-0.00058854
0.05162000,10.00000000,15.00000000,15.00048456,11.23629634,0.33333333,1,-0.00048456
0.05164000,10.00000000,15.00000000,15.00038021,11.23618103,0.33333333,1,-0.00038021
0.05166000,10.00000000,15.00000000,15.00027568,11.23609358,0.33333333,1,-0.00027568
0.05168000,10.00000000,15.00000000,15.00017119,11.23603400,0.33333333,1,-0.00017119
0.05170000,10.00000000,15.00000000,15.00006694,11.23600226,0.33333333,1,-0.00006694
0.05172000,10.00000000,15.00000000,14.99996314,11.23599826,0.33333333,1,0.00003686
0.05174000,10.00000000,15.00000000,14.99985999,11.23602186,0.33333333,1,0.00014001
0.05176000,10.00000000,15.00000000,14.99975768,11.23607286,0.33333333,1,0.00024232
0.05178000,10.00000000,15.00000000,14.99965642,11.23615100,0.33333333,1,0.00034358
0.05180000,10.00000000,15.00000000,14.99955639,11.23625599,0.33333333,1,0.00044361
0.05182000,10.00000000,15.00000000,14.99945779,11.23638747,0.33333333,1,0.00054221
0.05184000,10.00000000,15.00000000,14.99936081,11.23654503,0.33333333,1,0.00063919
0.05186000,10.00000000,15.00000000,14.99926562,11.23672821,0.33333333,1,0.00073438
0.05188000,10.00000000,15.00000000,14.99917241,11.23693652,0.33333333,1,0.00082759
0.05190000,10.00000000,15.00000000,14.99908134,11.23716940,0.33333333,1,0.00091866
0.05192000,10.00000000,15.00000000,14.99899259,11.23742626,0.33333333,1,0.00100741
0.05194000,10.00000000,15.00000000,14.99890631,11.23770647,0.33333333,1,0.00109369
0.05196000,10.00000000,15.00000000,14.99882266,11.23800933,0.33333333,1,0.00117734
0.05198000,10.00000000,15.00000000,14.99874180,11.23833413,0.33333333,1,0.00125820
0.05200000,10.00000000,15.00000000,14.99866386,11.23868011,0.33333333,1,0.00133614
0.05202000,10.00000000,15.00000000,14.99858899,11.23904647,0.33333333,1,0.00141101
0.05204000,10.00000000,15.00000000,14.99851731,11.23943237,0.33333333,1,0.00148269
0.05206000,10.00000000,15.00000000,14.99844895,11.23983694,0.33333333,1,0.00155105
0.05208000,10.00000000,15.00000000,14.99838402,11.24025929,0.33333333,1,0.00161598
0.05210000,10.00000000,15.00000000,14.99832263,11.24069848,0.33333333,1,0.00167737
0.05212000,10.00000000,15.00000000,14.99826489,11.24115356,0.33333333,1,0.00173511
0.05214000,10.00000000,15.00000000,14.99821088,11.24162354,0.33333333,1,0.00178912
0.05216000,10.00000000,15.00000000,14.99816070,11.24210742,0.33333333,1,0.00183930
0.05218000,10.00000000,15.00000000,14.99811441,11.24260416,0.33333333,1,0.00188559
0.05220000,10.00000000,15.00000000,14.99807210,11.24311271,0.33333333,1,0.00192790
0.05222000,10.00000000,15.00000000,14.99803382,11.24363201,0.33333333,1,0.00196618
0.05224000,10.00000000,15.00000000,14.99799962,11.24416098,0.33333333,1,0.00200038
0.05226000,10.00000000,15.00000000,14.99796956,11.24469851,0.33333333,1,0.00203044
0.05228000,10.00000000,15.00000000,14.99794365,11.24524351,0.33333333,1,0.00205635
0.05230000,10.00000000,15.00000000,14.99792195,11.24579486,0.33333333,1,0.00207805
0.05232000,10.00000000,15.00000000,14.99790445,11.24635143,0.33333333,1,0.00209555
0.05234000,10.00000000,15.00000000,14.99789118,11.24691211,0.33333333,1,0.00210882
0.05236000,10.00000000,15.00000000,14.99788214,11.24747576,0.33333333,1,0.00211786
0.05238000,10.00000000,15.00000000,14.99787731,11.24804126,0.33333333,1,0.00212269
0.05240000,10.00000000,15.00000000,14.99787670,11.24860748,0.33333333,1,0.00212330
0.05242000,10.00000000,15.00000000,14.99788027,11.24917332,0.33333333,1,0.00211973
0.05244000,10.00000000,15.00000000,14.99788799,11.24973764,0.33333333,1,0.00211201
0.05246000,10.00000000,15.00000000,14.99789983,11.25029936,0.33333333,1,0.00210017
0.05248000,10.00000000,15.00000000,14.99791574,11.25085737,0.33333333,1,0.00208426
0.05250000,10.00000000,15.00000000,14.99793567,11.25141060,0.33333333,1,0.00206433
0.05252000,10.00000000,15.00000000,14.99795956,11.25195799,0.33333333,1,0.00204044
0.05254000,10.00000000,15.00000000,14.99798733,11.25249849,0.33333333,1,0.00201267
0.05256000,10.00000000,15.00000000,14.99801891,11.25303108,0.33333333,1,0.00198109
0.05258000,10.00000000,15.00000000,14.99805422,11.25355474,0.33333333,1,0.00194578
0.05260000,10.00000000,15.00000000,14.99809316,11.25406851,0.33333333,1,0.00190684
0.05262000,10.00000000,15.00000000,14.99813564,11.25457141,0.33333333,1,0.00186436
0.05264000,10.00000000,15.00000000,14.99818156,11.25506252,0.33333333,1,0.00181844
0.05266000,10.00000000,15.00000000,14.99823081,11.25554095,0.33333333,1,0.00176919
0.05268000,10.00000000,15.00000000,14.99828327,11.25600581,0.33333333,1,0.00171673
0.05270000,10.00000000,15.00000000,14.99833882,11.25645626,0.33333333,1,0.00166118
0.05272000,10.00000000,15.00000000,14.99839733,11.25689151,0.33333333,1,0.00160267
0.05274000,10.00000000,15.00000000,14.99845868,11.25731077,0.33333333,1,0.00154132
0.05276000,10.00000000,15.00000000,14.99852272,11.25771330,0.33333333,1,0.00147728
0.05278000,10.00000000,15.00000000,14.99858932,11.25809842,0.33333333,1,0.00141068
0.05280000,10.00000000,15.00000000,14.99865832,11.25846545,0.33333333,1,0.00134168
0.05282000,10.00000000,15.00000000,14.99872959,11.25881378,0.33333333,1,0.00127041
0.05284000,10.00000000,15.00000000,14.99880296,11.25914282,0.33333333,1,0.00119704
0.05286000,10.00000000,15.00000000,14.99887828,11.25945203,0.33333333,1,0.00112172
0.05288000,10.00000000,15.00000000,14.99895540,11.25974091,0.33333333,1,0.00104460
0.05290000,10.00000000,15.00000000,14.99903415,11.26000900,0.33333333,1,0.00096585
0.05292000,10.00000000,15.00000000,14.99911436,11.26025590,0.33333333,1,0.00088564
0.05294000,10.00000000,15.00000000,14.99919587,11.26048123,0.33333333,1,0.00080413
0.05296000,10.00000000,15.00000000,14.99927851,11.26068467,0.33333333,1,0.00072149
0.05298000,10.00000000,15.00000000,14.99936212,11.26086594,0.33333333,1,0.00063788
0.05300000,10.00000000,15.00000000,14.99944652,11.26102480,0.33333333,1,0.00055348
0.05302000,10.00000000,15.00000000,14.99953155,11.26116107,0.33333333,1,0.00046845
0.05304000,10.00000000,15.00000000,14.99961702,11.26127460,0.33333333,1,0.00038298
0.05306000,10.00000000,15.00000000,14.99970277,11.26136530,0.33333333,1,0.00029723
0.05308000,10.00000000,15.00000000,14.99978864,11.26143311,0.33333333,1,0.00021136
0.05310000,10.00000000,15.00000000,14.99987445,11.26147803,0.33333333,1,0.00012555
0.05312000,10.00000000,15.00000000,14.99996002,11.26150010,0.33333333,1,0.00003998
0.05314000,10.00000000,15.00000000,15.00004521,11.26149939,0.33333333,1,-0.00004521
0.05316000,10.00000000,15.00000000,15.00012983,11.26147604,0.33333333,1,-0.00012983
0.05318000,10.00000000,15.00000000,15.00021373,11.26143021,0.33333333,1,-0.00021373
0.05320000,10.00000000,15.00000000,15.00029674,11.26136213,0.33333333,1,-0.00029674
0.05322000,10.00000000,15.00000000,15.00037870,11.26127204,0.33333333,1,-0.00037870
0.05324000,10.00000000,15.00000000,15.00045947,11.26116026,0.33333333,1,-0.00045947
0.05326000,10.00000000,15.00000000,15.00053889,11.26102711,0.33333333,1,-0.00053889
0.05328000,10.00000000,15.00000000,15.00061680,11.26087299,0.33333333,1,-0.00061680
0.05330000,10.00000000,15.00000000,15.00069307,11.26069830,0.33333333,1,-0.00069307
0.05332000,10.00000000,15.00000000,15.00076754,11.26050351,0.33333333,1,-0.00076754
0.05334000,10.00000000,15.00000000,15.00084010,11.26028911,0.33333333,1,-0.00084010
0.05336000,10.00000000,15.00000000,15.00091060,11.26005564,0.33333333,1,-0.00091060
0.05338000,10.00000000,15.00000000,15.00097891,11.25980366,0.33333333,1,-0.00097891
0.05340000,10.00000000,15.00000000,15.00104492,11.25953376,0.33333333,1,-0.00104492
0.05342000,10.00000000,15.00000000,15.00110851,11.25924658,0.33333333,1,-0.00110851
0.05344000,10.00000000,15.00000000,15.00116955,11.25894278,0.33333333,1,-0.00116955
0.05346000,10.00000000,15.00000000,15.00122796,11.25862305,0.33333333,1,-0.00122796
0.05348000,10.00000000,15.00000000,15.00128363,11.25828811,0.33333333,1,-0.00128363
0.05350000,10.00000000,15.00000000,15.00133646,11.25793870,0.33333333,1,-0.00133646
0.05352000,10.00000000,15.00000000,15.00138636,11.25757560,0.33333333,1,-0.00138636
0.05354000,10.00000000,15.00000000,15.00143326,11.25719958,0.33333333,1,-0.00143326
0.05356000,10.00000000,15.00000000,15.00147707,11.25681147,0.33333333,1,-0.00147707
0.05358000,10.00000000,15.00000000,15.00151773,11.25641209,0.33333333,1,-0.00151773
0.05360000,10.00000000,15.00000000,15.00155518,11.25600229,0.33333333,1,-0.00155518
0.05362000,10.00000000,15.00000000,15.00158936,11.25558295,0.33333333,1,-0.00158936
0.05364000,10.00000000,15.00000000,15.00162022,11.25515493,0.33333333,1,-0.00162022
0.05366000,10.00000000,15.00000000,15.00164771,11.25471913,0.33333333,1,-0.00164771
0.05368000,10.00000000,15.00000000,15.00167181,11.25427645,0.33333333,1,-0.00167181
0.05370000,10.00000000,15.00000000,15.00169248,11.25382780,0.33333333,1,-0.00169248
0.05372000,10.00000000,15.00000000,15.00170971,11.25337410,0.33333333,1,-0.00170971
0.05374000,10.00000000,15.00000000,15.00172347,11.25291627,0.33333333,1,-0.00172347
0.05376000,10.00000000,15.00000000,15.00173376,11.25245523,0.33333333,1,-0.00173376
0.05378000,10.00000000,15.00000000,15.00174058,11.25199190,0.33333333,1,-0.00174058
0.05380000,10.00000000,15.00000000,15.00174393,11.25152723,0.33333333,1,-0.00174393
0.05382000,10.00000000,15.00000000,15.00174383,11.25106211,0.33333333,1,-0.00174383
0.05384000,10.00000000,15.00000000,15.00174030,11.25059749,0.33333333,1,-0.00174030
0.05386000,10.00000000,15.00000000,15.00173336,11.25013426,0.33333333,1,-0.00173336
0.05388000,10.00000000,15.00000000,15.00172304,11.24967333,0.33333333,1,-0.00172304
0.05390000,10.00000000,15.00000000,15.00170939,11.24921560,0.33333333,1,-0.00170939
0.05392000,10.00000000,15.00000000,15.00169244,11.24876195,0.33333333,1,-0.00169244
0.05394000,10.00000000,15.00000000,15.00167226,11.24831325,0.33333333,1,-0.00167226
0.05396000,10.00000000,15.00000000,15.00164889,11.24787036,0.33333333,1,-0.00164889
0.05398000,10.00000000,15.00000000,15.00162241,11.24743412,0.33333333,1,-0.00162241
0.05400000,10.00000000,15.00000000,15.00159288,11.24700534,0.33333333,1,-0.00159288
0.05402000,10.00000000,15.00000000,15.00156037,11.24658485,0.33333333,1,-0.00156037
0.05404000,10.00000000,15.00000000,15.00152497,11.24617340,0.33333333,1,-0.00152497
0.05406000,10.00000000,15.00000000,15.00148677,11.24577178,0.33333333,1,-0.00148677
0.05408000,10.00000000,15.00000000,15.00144585,11.24538070,0.33333333,1,-0.00144585
0.05410000,10.00000000,15.00000000,15.00140230,11.24500089,0.33333333,1,-0.00140230
0.05412000,10.00000000,15.00000000,15.00135624,11.24463303,0.33333333,1,-0.00135624
0.05414000,10.00000000,15.00000000,15.00130776,11.24427778,0.33333333,1,-0.00130776
0.05416000,10.00000000,15.00000000,15.00125697,11.24393577,0.33333333,1,-0.00125697
0.05418000,10.00000000,15.00000000,15.00120399,11.24360759,0.33333333,1,-0.00120399
0.05420000,10.00000000,15.00000000,15.00114893,11.24329382,0.33333333,1,-0.00114893
0.05422000,10.00000000,15.00000000,15.00109191,11.24299500,0.33333333,1,-0.00109191
0.05424000,10.00000000,15.00000000,15.00103306,11.24271163,0.33333333,1,-0.00103306
0.05426000,10.00000000,15.00000000,15.00097250,11.24244419,0.33333333,1,-0.00097250
0.05428000,10.00000000,15.00000000,15.00091036,11.24219311,0.33333333,1,-0.00091036
0.05430000,10.00000000,15.00000000,15.00084677,11.24195879,0.33333333,1,-0.00084677
0.05432000,10.00000000,15.00000000,15.00078187,11.24174161,0.33333333,1,-0.00078187
0.05434000,10.00000000,15.00000000,15.00071578,11.24154190,0.33333333,1,-0.00071578
0.05436000,10.00000000,15.00000000,15.00064866,11.24135995,0.33333333,1,-0.00064866
0.05438000,10.00000000,15.00000000,15.00058062,11.24119603,0.33333333,1,-0.00058062
0.05440000,10.00000000,15.00000000,15.00051182,11.24105036,0.33333333,1,-0.00051182
0.05442000,10.00000000,15.00000000,15.00044239,11.24092312,0.33333333,1,-0.00044239
0.05444000,10.00000000,15.00000000,15.00037248,11.24081446,0.33333333,1,-0.00037248
0.05446000,10.00000000,15.00000000,15.00030222,11.24072449,0.33333333,1,-0.00030222
0.05448000,10.00000000,15.00000000,15.00023175,11.24065329,0.33333333,1,-0.00023175
0.05450000,10.00000000,15.00000000,15.00016122,11.24060089,0.33333333,1,-0.00016122
0.05452000,10.00000000,15.00000000,15.00009076,11.24056730,0.33333333,1,-0.00009076
0.05454000,10.00000000,15.00000000,15.00002052,11.24055247,0.33333333,1,-0.00002052
0.05456000,10.00000000,15.00000000,14.99995062,11.24055633,0.33333333,1,0.00004938
0.05458000,10.00000000,15.00000000,14.99988120,11.24057876,0.33333333,1,0.00011880
0.05460000,10.00000000,15.00000000,14.99981241,11.24061963,0.33333333,1,0.00018759
0.05462000,10.00000000,15.00000000,14.99974436,11.24067875,0.33333333,1,0.00025564
0.05464000,10.00000000,15.00000000,14.99967720,11.24075589,0.33333333,1,0.00032280
0.05466000,10.00000000,15.00000000,14.99961104,11.24085082,0.33333333,1,0.00038896
0.05468000,10.00000000,15.00000000,14.99954602,11.24096324,0.33333333,1,0.00045398
0.05470000,10.00000000,15.00000000,14.99948225,11.24109283,0.33333333,1,0.00051775
0.05472000,10.00000000,15.00000000,14.99941985,11.24123925,0.33333333,1,0.00058015
0.05474000,10.00000000,15.00000000,14.99935894,11.24140211,0.33333333,1,0.00064106
0.05476000,10.00000000,15.00000000,14.99929963,11.24158100,0.33333333,1,0.00070037
0.05478000,10.00000000,15.00000000,14.99924203,11.24177549,0.33333333,1,0.00075797
0.05480000,10.00000000,15.00000000,14.99918625,11.24198509,0.33333333,1,0.00081375
0.05482000,10.00000000,15.00000000,14.99913237,11.24220932,0.33333333,1,0.00086763
0.05484000,10.00000000,15.00000000,14.99908050,11.24244765,0.33333333,1,0.00091950
0.05486000,10.00000000,15.00000000,14.99903073,11.24269953,0.33333333,1,0.00096927
0.05488000,10.00000000,15.00000000,14.99898314,11.24296440,0.33333333,1,0.00101686
0.05490000,10.00000000,15.00000000,14.99893782,11.24324165,0.33333333,1,0.00106218
0.05492000,10.00000000,15.00000000,14.99889485,11.24353069,0.33333333,1,0.00110515
0.05494000,10.00000000,15.00000000,14.99885428,11.24383086,0.33333333,1,0.00114572
0.05496000,10.00000000,15.00000000,14.99881620,11.24414151,0.33333333,1,0.00118380
0.05498000,10.00000000,15.00000000,14.99878066,11.24446199,0.33333333,1,0.00121934
0.05500000,10.00000000,15.00000000,14.99874772,11.24479160,0.33333333,1,0.00125228
0.05502000,10.00000000,15.00000000,14.99871743,11.24512963,0.33333333,1,0.00128257
0.05504000,10.00000000,15.00000000,14.99868983,11.24547539,0.33333333,1,0.00131017
0.05506000,10.00000000,15.00000000,14.99866497,11.24582815,0.33333333,1,0.00133503
0.05508000,10.00000000,15.00000000,14.99864287,11.24618716,0.33333333,1,0.00135713
0.05510000,10.00000000,15.00000000,14.99862357,11.24655170,0.33333333,1,0.00137643
0.05512000,10.00000000,15.00000000,14.99860709,11.24692101,0.33333333,1,0.00139291
0.05514000,10.00000000,15.00000000,14.99859344,11.24729433,0.33333333,1,0.00140656
0.05516000,10.00000000,15.00000000,14.99858263,11.24767092,0.33333333,1,0.00141737
0.05518000,10.00000000,15.00000000,14.99857468,11.24805001,0.33333333,1,0.00142532
0.05520000,10.00000000,15.00000000,14.99856958,11.24843084,0.33333333,1,0.00143042
0.05522000,10.00000000,15.00000000,14.99856733,11.24881264,0.33333333,1,0.00143267
0.05524000,10.00000000,15.00000000,14.99856791,11.24919468,0.33333333,1,0.00143209
0.05526000,10.00000000,15.00000000,14.99857130,11.24957618,0.33333333,1,0.00142870
0.05528000,10.00000000,15.00000000,14.99857749,11.24995640,0.33333333,1,0.00142251
0.05530000,10.00000000,15.00000000,14.99858645,11.25033460,0.33333333,1,0.00141355
0.05532000,10.00000000,15.00000000,14.99859814,11.25071005,0.33333333,1,0.00140186
0.05534000,10.00000000,15.00000000,14.99861253,11.25108202,0.33333333,1,0.00138747
0.05536000,10.00000000,15.00000000,14.99862957,11.25144980,0.33333333,1,0.00137043
0.05538000,10.00000000,15.00000000,14.99864922,11.25181268,0.33333333,1,0.00135078
0.05540000,10.00000000,15.00000000,14.99867142,11.25216998,0.33333333,1,0.00132858
0.05542000,10.00000000,15.00000000,14.99869611,11.25252103,0.33333333,1,0.00130389
0.05544000,10.00000000,15.00000000,14.99872323,11.25286518,0.33333333,1,0.00127677
0.05546000,10.00000000,15.00000000,14.99875272,11.25320177,0.33333333,1,0.00124728
0.05548000,10.00000000,15.00000000,14.99878450,11.25353019,0.33333333,1,0.00121550
0.05550000,10.00000000,15.00000000,14.99881850,11.25384983,0.33333333,1,0.00118150
0.05552000,10.00000000,15.00000000,14.99885464,11.25416013,0.33333333,1,0.00114536
0.05554000,10.00000000,15.00000000,14.99889283,11.25446051,0.33333333,1,0.00110717
0.05556000,10.00000000,15.00000000,14.99893299,11.25475045,0.33333333,1,0.00106701
0.05558000,10.00000000,15.00000000,14.99897503,11.25502942,0.33333333,1,0.00102497
0.05560000,10.00000000,15.00000000,14.99901886,11.25529694,0.33333333,1,0.00098114
0.05562000,10.00000000,15.00000000,14.99906437,11.25555254,0.33333333,1,0.00093563
0.05564000,10.00000000,15.00000000,14.99911148,11.25579579,0.33333333,1,0.00088852
0.05566000,10.00000000,15.00000000,14.99916008,11.25602629,0.33333333,1,0.00083992
0.05568000,10.00000000,15.00000000,14.99921006,11.25624363,0.33333333,1,0.00078994
0.05570000,10.00000000,15.00000000,14.99926132,11.25644748,0.33333333,1,0.00073868
0.05572000,10.00000000,15.00000000,14.99931375,11.25663749,0.33333333,1,0.00068625
0.05574000,10.00000000,15.00000000,14.99936724,11.25681338,0.33333333,1,0.00063276
0.05576000,10.00000000,15.00000000,14.99942168,11.25697488,0.33333333,1,0.00057832
0.05578000,10.00000000,15.00000000,14.99947696,11.25712175,0.33333333,1,0.00052304
0.05580000,10.00000000,15.00000000,14.99953296,11.25725377,0.33333333,1,0.00046704
0.05582000,10.00000000,15.00000000,14.99958957,11.25737078,0.33333333,1,0.00041043
0.05584000,10.00000000,15.00000000,14.99964668,11.25747262,0.33333333,1,0.00035332
0.05586000,10.00000000,15.00000000,14.99970416,11.25755919,0.33333333,1,0.00029584
0.05588000,10.00000000,15.00000000,14.99976191,11.25763038,0.33333333,1,0.00023809
0.05590000,10.00000000,15.00000000,14.99981981,11.25768615,0.33333333,1,0.00018019
0.05592000,10.00000000,15.00000000,14.99987775,11.25772648,0.33333333,1,0.00012225
0.05594000,10.00000000,15.00000000,14.99993560,11.25775136,0.33333333,1,0.00006440
0.05596000,10.00000000,15.00000000,14.99999326,11.25776084,0.33333333,1,0.00000674
0.05598000,10.00000000,15.00000000,15.00005061,11.25775498,0.33333333,1,-0.00005061
0.05600000,10.00000000,15.00000000,15.00010755,11.25773388,0.33333333,1,-0.00010755
0.05602000,10.00000000,15.00000000,15.00016396,11.25769767,0.33333333,1,-0.00016396
0.05604000,10.00000000,15.00000000,15.00021973,11.25764650,0.33333333,1,-0.00021973
0.05606000,10.00000000,15.00000000,15.00027476,11.25758055,0.33333333,1,-0.00027476
0.05608000,10.00000000,15.00000000,15.00032895,11.25750003,0.33333333,1,-0.00032895
0.05610000,10.00000000,15.00000000,15.00038219,11.25740519,0.33333333,1,-0.00038219
0.05612000,10.00000000,15.00000000,15.00043438,11.25729629,0.33333333,1,-0.00043438
0.05614000,10.00000000,15.00000000,15.00048542,11.25717362,0.33333333,1,-0.00048542
0.05616000,10.00000000,15.00000000,15.00053523,11.25703751,0.33333333,1,-0.00053523
0.05618000,10.00000000,15.00000000,15.00058370,11.25688829,0.33333333,1,-0.00058370
0.05620000,10.00000000,15.00000000,15.00063076,11.25672633,0.33333333,1,-0.00063076
0.05622000,10.00000000,15.00000000,15.00067632,11.25655202,0.33333333,1,-0.00067632
0.05624000,10.00000000,15.00000000,15.00072029,11.25636577,0.33333333,1,-0.00072029
0.05626000,10.00000000,15.00000000,15.00076260,11.25616801,0.33333333,1,-0.00076260
0.05628000,10.00000000,15.00000000,15.00080317,11.25595920,0.33333333,1,-0.00080317
0.05630000,10.00000000,15.00000000,15.00084193,11.25573982,0.33333333,1,-0.00084193
0.05632000,10.00000000,15.00000000,15.00087883,11.25551034,0.33333333,1,-0.00087883
0.05634000,10.00000000,15.00000000,15.00091378,11.25527128,0.33333333,1,-0.00091378
0.05636000,10.00000000,15.00000000,15.00094675,11.25502316,0.33333333,1,-0.00094675
0.05638000,10.00000000,15.00000000,15.00097766,11.25476653,0.33333333,1,-0.00097766
0.05640000,10.00000000,15.00000000,15.00100648,11.25450193,0.33333333,1,-0.00100648
0.05642000,10.00000000,15.00000000,15.00103316,11.25422993,0.33333333,1,-0.00103316
0.05644000,10.00000000,15.00000000,15.00105766,11.25395110,0.33333333,1,-0.00105766
0.05646000,10.00000000,15.00000000,15.00107993,11.25366604,0.33333333,1,-0.00107993
0.05648000,10.00000000,15.00000000,15.00109996,11.25337534,0.33333333,1,-0.00109996
0.05650000,10.00000000,15.00000000,15.00111771,11.25307960,0.33333333,1,-0.00111771
0.05652000,10.00000000,15.00000000,15.00113316,11.25277943,0.33333333,1,-0.00113316
0.05654000,10.00000000,15.00000000,15.00114629,11.25247546,0.33333333,1,-0.00114629
0.05656000,10.00000000,15.00000000,15.00115709,11.25216829,0.33333333,1,-0.00115709
0.05658000,10.00000000,15.00000000,15.00116555,11.25185855,0.33333333,1,-0.00116555
0.05660000,10.00000000,15.00000000,15.00117167,11.25154687,0.33333333,1,-0.00117167
0.05662000,10.00000000,15.00000000,15.00117545,11.25123386,0.33333333,1,-0.00117545
0.05664000,10.00000000,15.00000000,15.00117690,11.25092017,0.33333333,1,-0.00117690
0.05666000,10.00000000,15.00000000,15.00117601,11.25060639,0.33333333,1,-0.00117601
0.05668000,10.00000000,15.00000000,15.00117282,11.25029316,0.33333333,1,-0.00117282
0.05670000,10.00000000,15.00000000,15.00116733,11.24998109,0.33333333,1,-0.00116733
0.05672000,10.00000000,15.00000000,15.00115958,11.24967079,0.33333333,1,-0.00115958
0.05674000,10.00000000,15.00000000,15.00114958,11.24936285,0.33333333,1,-0.00114958
0.05676000,10.00000000,15.00000000,15.00113738,11.24905788,0.33333333,1,-0.00113738
0.05678000,10.00000000,15.00000000,15.00112300,11.24875645,0.33333333,1,-0.00112300
0.05680000,10.00000000,15.00000000,15.00110649,11.24845913,0.33333333,1,-0.00110649
0.05682000,10.00000000,15.00000000,15.00108789,11.24816650,0.33333333,1,-0.00108789
0.05684000,10.00000000,15.00000000,15.00106725,11.24787911,0.33333333,1,-0.00106725
0.05686000,10.00000000,15.00000000,15.00104463,11.24759748,0.33333333,1,-0.00104463
0.05688000,10.00000000,15.00000000,15.00102007,11.24732214,0.33333333,1,-0.00102007
0.05690000,10.00000000,15.00000000,15.00099364,11.24705361,0.33333333,1,-0.00099364
0.05692000,10.00000000,15.00000000,15.00096540,11.24679236,0.33333333,1,-0.00096540
0.05694000,10.00000000,15.00000000,15.00093542,11.24653888,0.33333333,1,-0.00093542
0.05696000,10.00000000,15.00000000,15.00090376,11.24629362,0.33333333,1,-0.00090376
0.05698000,10.00000000,15.00000000,15.00087049,11.24605702,0.33333333,1,-0.00087049
0.05700000,10.00000000,15.00000000,15.00083570,11.24582949,0.33333333,1,-0.00083570
0.05702000,10.00000000,15.00000000,15.00079945,11.24561144,0.33333333,1,-0.00079945
0.05704000,10.00000000,15.00000000,15.00076183,11.24540324,0.33333333,1,-0.00076183
0.05706000,10.00000000,15.00000000,15.00072291,11.24520525,0.33333333,1,-0.00072291
0.05708000,10.00000000,15.00000000,15.00068279,11.24501780,0.33333333,1,-0.00068279
0.05710000,10.00000000,15.00000000,15.00064154,11.24484120,0.33333333,1,-0.00064154
0.05712000,10.00000000,15.00000000,15.00059926,11.24467573,0.33333333,1,-0.00059926
0.05714000,10.00000000,15.00000000,15.00055604,11.24452167,0.33333333,1,-0.00055604
0.05716000,10.00000000,15.00000000,15.00051195,11.24437926,0.33333333,1,-0.00051195
0.05718000,10.00000000,15.00000000,15.00046711,11.24424870,0.33333333,1,-0.00046711
0.05720000,10.00000000,15.00000000,15.00042159,11.24413019,0.33333333,1,-0.00042159
0.05722000,10.00000000,15.00000000,15.00037549,11.24402390,0.33333333,1,-0.00037549
0.05724000,10.00000000,15.00000000,15.00032891,11.24392997,0.33333333,1,-0.00032891
0.05726000,10.00000000,15.00000000,15.00028195,11.24384852,0.33333333,1,-0.00028195
0.05728000,10.00000000,15.00000000,15.00023468,11.24377963,0.33333333,1,-0.00023468
0.05730000,10.00000000,15.00000000,15.00018722,11.24372337,0.33333333,1,-0.00018722
0.05732000,10.00000000,15.00000000,15.00013964,11.24367979,0.33333333,1,-0.00013964
0.05734000,10.00000000,15.00000000,15.00009206,11.24364889,0.33333333,1,-0.00009206
0.05736000,10.00000000,15.00000000,15.00004456,11.24363068,0.33333333,1,-0.00004456
0.05738000,10.00000000,15.00000000,14.99999724,11.24362511,0.33333333,1,0.00000276
0.05740000,10.00000000,15.00000000,14.99995018,11.24363213,0.33333333,1,0.00004982
0.05742000,10.00000000,15.00000000,14.99990348,11.24365165,0.33333333,1,0.00009652
0.05744000,10.00000000,15.00000000,14.99985723,11.24368356,0.33333333,1,0.00014277
0.05746000,10.00000000,15.00000000,14.99981152,11.24372774,0.33333333,1,0.00018848
0.05748000,10.00000000,15.00000000,14.99976643,11.24378403,0.33333333,1,0.00023357
0.05750000,10.00000000,15.00000000,14.99972206,11.24385225,0.33333333,1,0.00027794
0.05752000,10.00000000,15.00000000,14.99967847,11.24393220,0.33333333,1,0.00032153
0.05754000,10.00000000,15.00000000,14.99963576,11.24402365,0.33333333,1,0.00036424
0.05756000,10.00000000,15.00000000,14.99959401,11.24412637,0.33333333,1,0.00040599
0.05758000,10.00000000,15.00000000,14.99955328,11.24424009,0.33333333,1,0.00044672
0.05760000,10.00000000,15.00000000,14.99951366,11.24436452,0.33333333,1,0.00048634
0.05762000,10.00000000,15.00000000,14.99947522,11.24449937,0.33333333,1,0.00052478
0.05764000,10.00000000,15.00000000,14.99943803,11.24464429,0.33333333,1,0.00056197
0.05766000,10.00000000,15.00000000,14.99940214,11.24479897,0.33333333,1,0.00059786
0.05768000,10.00000000,15.00000000,14.99936764,11.24496303,0.33333333,1,0.00063236
0.05770000,10.00000000,15.00000000,14.99933457,11.24513610,0.33333333,1,0.00066543
0.05772000,10.00000000,15.00000000,14.99930299,11.24531779,0.33333333,1,0.00069701
0.05774000,10.00000000,15.00000000,14.99927296,11.24550770,0.33333333,1,0.00072704
0.05776000,10.00000000,15.00000000,14.99924453,11.24570541,0.33333333,1,0.00075547
0.05778000,10.00000000,15.00000000,14.99921775,11.24591047,0.33333333,1,0.00078225
0.05780000,10.00000000,15.00000000,14.99919265,11.24612246,0.33333333,1,0.00080735
0.05782000,10.00000000,15.00000000,14.99916929,11.24634090,0.33333333,1,0.00083071
0.05784000,10.00000000,15.00000000,14.99914769,11.24656535,0.33333333,1,0.00085231
0.05786000,10.00000000,15.00000000,14.99912788,11.24679531,0.33333333,1,0.00087212
0.05788000,10.00000000,15.00000000,14.99910991,11.24703031,0.33333333,1,0.00089009
0.05790000,10.00000000,15.00000000,14.99909379,11.24726986,0.33333333,1,0.00090621
0.05792000,10.00000000,15.00000000,14.99907954,11.24751346,0.33333333,1,0.00092046
0.05794000,10.00000000,15.00000000,14.99906718,11.24776061,0.33333333,1,0.00093282
0.05796000,10.00000000,15.00000000,14.99905673,11.24801079,0.33333333,1,0.00094327
0.05798000,10.00000000,15.00000000,14.99904819,11.24826351,0.33333333,1,0.00095181
0.05800000,10.00000000,15.00000000,14.99904158,11.24851825,0.33333333,1,0.00095842
0.05802000,10.00000000,15.00000000,14.99903689,11.24877450,0.33333333,1,0.00096311
0.05804000,10.00000000,15.00000000,14.99903413,11.24903174,0.33333333,1,0.00096587
0.05806000,10.00000000,15.00000000,14.99903328,11.24928946,0.33333333,1,0.00096672
0.05808000,10.00000000,15.00000000,14.99903434,11.24954716,0.33333333,1,0.00096566
0.05810000,10.00000000,15.00000000,14.99903729,11.24980431,0.33333333,1,0.00096271
0.05812000,10.00000000,15.00000000,14.99904213,11.25006043,0.33333333,1,0.00095787
0.05814000,10.00000000,15.00000000,14.99904882,11.25031501,0.33333333,1,0.00095118
0.05816000,10.00000000,15.00000000,14.99905736,11.25056756,0.33333333,1,0.00094264
0.05818000,10.00000000,15.00000000,14.99906770,11.25081760,0.33333333,1,0.00093230
0.05820000,10.00000000,15.00000000,14.99907982,11.25106463,0.33333333,1,0.00092018
0.05822000,10.00000000,15.00000000,14.99909368,11.25130821,0.33333333,1,0.00090632
0.05824000,10.00000000,15.00000000,14.99910925,11.25154785,0.33333333,1,0.00089075
0.05826000,10.00000000,15.00000000,14.99912650,11.25178312,0.33333333,1,0.00087350
0.05828000,10.00000000,15.00000000,14.99914536,11.25201358,0.33333333,1,0.00085464
0.05830000,10.00000000,15.00000000,14.99916581,11.25223879,0.33333333,1,0.00083419
0.05832000,10.00000000,15.00000000,14.99918778,11.25245834,0.33333333,1,0.00081222
0.05834000,10.00000000,15.00000000,14.99921123,11.25267184,0.33333333,1,0.00078877
0.05836000,10.00000000,15.00000000,14.99923611,11.25287889,0.33333333,1,0.00076389
0.05838000,10.00000000,15.00000000,14.99926235,11.25307913,0.33333333,1,0.00073765
0.05840000,10.00000000,15.00000000,14.99928990,11.25327219,0.33333333,1,0.00071010
0.05842000,10.00000000,15.00000000,14.99931870,11.25345773,0.33333333,1,0.00068130
0.05844000,10.00000000,15.00000000,14.99934868,11.25363544,0.33333333,1,0.00065132
0.05846000,10.00000000,15.00000000,14.99937977,11.25380501,0.33333333,1,0.00062023
0.05848000,10.00000000,15.00000000,14.99941192,11.25396614,0.33333333,1,0.00058808
0.05850000,10.00000000,15.00000000,14.99944504,11.25411857,0.33333333,1,0.00055496
0.05852000,10.00000000,15.00000000,14.99947907,11.25426204,0.33333333,1,0.00052093
0.05854000,10.00000000,15.00000000,14.99951394,11.25439632,0.33333333,1,0.00048606
0.05856000,10.00000000,15.00000000,14.99954958,11.25452120,0.33333333,1,0.00045042
0.05858000,10.00000000,15.00000000,14.99958591,11.25463648,0.33333333,1,0.00041409
0.05860000,10.00000000,15.00000000,14.99962284,11.25474199,0.33333333,1,0.00037716
0.05862000,10.00000000,15.00000000,14.99966032,11.25483758,0.33333333,1,0.00033968
0.05864000,10.00000000,15.00000000,14.99969826,11.25492312,0.33333333,1,0.00030174
0.05866000,10.00000000,15.00000000,14.99973658,11.25499848,0.33333333,1,0.00026342
0.05868000,10.00000000,15.00000000,14.99977521,11.25506358,0.33333333,1,0.00022479
0.05870000,10.00000000,15.00000000,14.99981407,11.25511834,0.33333333,1,0.00018593
0.05872000,10.00000000,15.00000000,14.99985308,11.25516272,0.33333333,1,0.00014692
0.05874000,10.00000000,15.00000000,14.99989216,11.25519669,0.33333333,1,0.00010784
0.05876000,10.00000000,15.00000000,14.99993124,11.25522024,0.33333333,1,0.00006876
0.05878000,10.00000000,15.00000000,14.99997024,11.25523337,0.33333333,1,0.00002976
0.05880000,10.00000000,15.00000000,15.00000908,11.25523612,0.33333333,1,-0.00000908
0.05882000,10.00000000,15.00000000,15.00004768,11.25522855,0.33333333,1,-0.00004768
0.05884000,10.00000000,15.00000000,15.00008598,11.25521072,0.33333333,1,-0.00008598
0.05886000,10.00000000,15.00000000,15.00012390,11.25518273,0.33333333,1,-0.00012390
0.05888000,10.00000000,15.00000000,15.00016136,11.25514468,0.33333333,1,-0.00016136
0.05890000,10.00000000,15.00000000,15.00019830,11.25509671,0.33333333,1,-0.00019830
0.05892000,10.00000000,15.00000000,15.00023464,11.25503897,0.33333333,1,-0.00023464
0.05894000,10.00000000,15.00000000,15.00027032,11.25497163,0.33333333,1,-0.00027032
0.05896000,10.00000000,15.00000000,15.00030527,11.25489486,0.33333333,1,-0.00030527
0.05898000,10.00000000,15.00000000,15.00033943,11.25480889,0.33333333,1,-0.00033943
0.05900000,10.00000000,15.00000000,15.00037272,11.25471391,0.33333333,1,-0.00037272
0.05902000,10.00000000,15.00000000,15.00040510,11.25461018,0.33333333,1,-0.00040510
0.05904000,10.00000000,15.00000000,15.00043650,11.25449795,0.33333333,1,-0.00043650
0.05906000,10.00000000,15.00000000,15.00046687,11.25437747,0.33333333,1,-0.00046687
0.05908000,10.00000000,15.00000000,15.00049615,11.25424905,0.33333333,1,-0.00049615
0.05910000,10.00000000,15.00000000,15.00052429,11.25411296,0.33333333,1,-0.00052429
0.05912000,10.00000000,15.00000000,15.00055124,11.25396953,0.33333333,1,-0.00055124
0.05914000,10.00000000,15.00000000,15.00057696,11.25381908,0.33333333,1,-0.00057696
0.05916000,10.00000000,15.00000000,15.00060139,11.25366194,0.33333333,1,-0.00060139
0.05918000,10.00000000,15.00000000,15.00062451,11.25349845,0.33333333,1,-0.00062451
0.05920000,10.00000000,15.00000000,15.00064627,11.25332898,0.33333333,1,-0.00064627
0.05922000,10.00000000,15.00000000,15.00066664,11.25315390,0.33333333,1,-0.00066664
0.05924000,10.00000000,15.00000000,15.00068558,11.25297357,0.33333333,1,-0.00068558
0.05926000,10.00000000,15.00000000,15.00070306,11.25278838,0.33333333,1,-0.00070306
0.05928000,10.00000000,15.00000000,15.00071907,11.25259873,0.33333333,1,-0.00071907
0.05930000,10.00000000,15.00000000,15.00073357,11.25240502,0.33333333,1,-0.00073357
0.05932000,10.00000000,15.00000000,15.00074654,11.25220763,0.33333333,1,-0.00074654
0.05934000,10.00000000,15.00000000,15.00075797,11.25200700,0.33333333,1,-0.00075797
0.05936000,10.00000000,15.00000000,15.00076785,11.25180352,0.33333333,1,-0.00076785
0.05938000,10.00000000,15.00000000,15.00077616,11.25159762,0.33333333,1,-0.00077616
0.05940000,10.00000000,15.00000000,15.00078289,11.25138971,0.33333333,1,-0.00078289
0.05942000,10.00000000,15.00000000,15.00078805,11.25118022,0.33333333,1,-0.00078805
0.05944000,10.00000000,15.00000000,15.00079162,11.25096956,0.33333333,1,-0.00079162
0.05946000,10.00000000,15.00000000,15.00079361,11.25075816,0.33333333,1,-0.00079361
0.05948000,10.00000000,15.00000000,15.00079404,11.25054644,0.33333333,1,-0.00079404
0.05950000,10.00000000,15.00000000,15.00079289,11.25033481,0.33333333,1,-0.00079289
0.05952000,10.00000000,15.00000000,15.00079019,11.25012370,0.33333333,1,-0.00079019
0.05954000,10.00000000,15.00000000,15.00078595,11.24991352,0.33333333,1,-0.00078595
0.05956000,10.00000000,15.00000000,15.00078018,11.24970467,0.33333333,1,-0.00078018
0.05958000,10.00000000,15.00000000,15.00077291,11.24949755,0.33333333,1,-0.00077291
0.05960000,10.00000000,15.00000000,15.00076416,11.24929258,0.33333333,1,-0.00076416
0.05962000,10.00000000,15.00000000,15.00075395,11.24909013,0.33333333,1,-0.00075395
0.05964000,10.00000000,15.00000000,15.00074231,11.24889060,0.33333333,1,-0.00074231
0.05966000,10.00000000,15.00000000,15.00072928,11.24869436,0.33333333,1,-0.00072928
0.05968000,10.00000000,15.00000000,15.00071488,11.24850177,0.33333333,1,-0.00071488
0.05970000,10.00000000,15.00000000,15.00069915,11.24831321,0.33333333,1,-0.00069915
0.05972000,10.00000000,15.00000000,15.00068213,11.24812901,0.33333333,1,-0.00068213
0.05974000,10.00000000,15.00000000,15.00066387,11.24794951,0.33333333,1,-0.00066387
0.05976000,10.00000000,15.00000000,15.00064439,11.24777505,0.33333333,1,-0.00064439
0.05978000,10.00000000,15.00000000,15.00062376,11.24760594,0.33333333,1,-0.00062376
0.05980000,10.00000000,15.00000000,15.00060201,11.24744248,0.33333333,1,-0.00060201
0.05982000,10.00000000,15.00000000,15.00057920,11.24728496,0.33333333,1,-0.00057920
0.05984000,10.00000000,15.00000000,15.00055537,11.24713366,0.33333333,1,-0.00055537
0.05986000,10.00000000,15.00000000,15.00053058,11.24698885,0.33333333,1,-0.00053058
0.05988000,10.00000000,15.00000000,15.00050488,11.24685077,0.33333333,1,-0.00050488
0.05990000,10.00000000,15.00000000,15.00047833,11.24671966,0.33333333,1,-0.00047833
0.05992000,10.00000000,15.00000000,15.00045099,11.24659573,0.33333333,1,-0.00045099
0.05994000,10.00000000,15.00000000,15.00042291,11.24647919,0.33333333,1,-0.00042291
0.05996000,10.00000000,15.00000000,15.00039415,11.24637024,0.33333333,1,-0.00039415
0.05998000,10.00000000,15.00000000,15.00036478,11.24626903,0.33333333,1,-0.00036478
