t,v_in,v_ref,v_out,i_L,d,mode,error
0.00000000,10.00000000,8.00000000,0.00000000,0.00000000,0.14151574,0,8.00000000
0.00002000,10.00000000,8.00000000,0.00313781,0.56564424,0.09099679,0,7.99686219
0.00004000,10.00000000,8.00000000,0.01139402,0.92685724,0.09518446,0,7.98860598
0.00006000,10.00000000,8.00000000,0.02367844,1.30071671,0.09948562,0,7.97632156
0.00008000,10.00000000,8.00000000,0.04010240,1.68604265,0.10376179,0,7.95989760
0.00010000,10.00000000,8.00000000,0.06076020,2.08105973,0.10801173,0,7.93923980
0.00012000,10.00000000,8.00000000,0.08572573,2.48395400,0.11223447,0,7.91427427
0.00014000,10.00000000,8.00000000,0.11505221,2.89288227,0.11642904,0,7.88494779
0.00016000,10.00000000,8.00000000,0.14877201,3.30598030,0.12059446,0,7.85122799
0.00018000,10.00000000,8.00000000,0.18689660,3.72137115,0.12472974,0,7.81310340
0.00020000,10.00000000,8.00000000,0.22941652,4.13717355,0.12885448,0,7.77058348
0.00022000,10.00000000,8.00000000,0.27630204,4.55159252,0.13296035,0,7.72369796
0.00024000,10.00000000,8.00000000,0.32750356,4.96281559,0.13703489,0,7.67249644
0.00026000,10.00000000,8.00000000,0.38295155,5.36900423,0.14107718,0,7.61704845
0.00028000,10.00000000,8.00000000,0.44255662,5.76834814,0.14508645,0,7.55744338
0.00030000,10.00000000,8.00000000,0.50621002,6.15907348,0.14906458,0,7.49378998
0.00032000,10.00000000,8.00000000,0.57378426,6.53946128,0.15303371,0,7.42621574
0.00034000,10.00000000,8.00000000,0.64513426,6.90793562,0.15696307,0,7.35486574
0.00036000,10.00000000,8.00000000,0.72009797,7.26285897,0.16085488,0,7.27990203
0.00038000,10.00000000,8.00000000,0.79849650,7.60267089,0.16471062,0,7.20150350
0.00040000,10.00000000,8.00000000,0.88013510,7.92589162,0.16852424,0,7.11986490
0.00042000,10.00000000,8.00000000,0.96480402,8.23109809,0.17229721,0,7.03519598
0.00044000,10.00000000,8.00000000,1.05227941,8.51695989,0.17603617,0,6.94772059
0.00046000,10.00000000,8.00000000,1.14232457,8.78226535,0.17973266,0,6.85767543
0.00048000,10.00000000,8.00000000,1.23469102,9.02586597,0.18284572,0,6.76530898
0.00050000,10.00000000,8.00000000,1.32910752,9.24455263,0.18546095,0,6.67089248
0.00052000,10.00000000,8.00000000,1.42527129,9.43557358,0.18800641,0,6.57472871
0.00054000,10.00000000,8.00000000,1.52286090,9.59801485,0.19049763,0,6.47713910
0.00056000,10.00000000,8.00000000,1.62154768,9.73115467,0.19296210,0,6.37845232
0.00058000,10.00000000,8.00000000,1.72099808,9.83451379,0.19537176,0,6.27900192
0.00060000,10.00000000,8.00000000,1.82087525,9.90763474,0.19773030,0,6.17912475
0.00062000,10.00000000,8.00000000,1.92083993,9.95021017,0.20008230,0,6.07916007
0.00064000,10.00000000,8.00000000,2.02055310,9.96224677,0.20240308,0,5.97944690
0.00066000,10.00000000,8.00000000,2.11967788,9.94378773,0.20468152,0,5.88032212
0.00068000,10.00000000,8.00000000,2.21788026,9.89496592,0.20695618,0,5.78211974
0.00070000,10.00000000,8.00000000,2.31483112,9.81620127,0.20922864,0,5.68516888
0.00072000,10.00000000,8.00000000,2.41020859,9.70805018,0.21147717,0,5.58979141
0.00074000,10.00000000,8.00000000,2.50369895,9.57110936,0.21371473,0,5.49630105
0.00076000,10.00000000,8.00000000,2.59499785,9.40615095,0.21597452,0,5.40500215
0.00078000,10.00000000,8.00000000,2.68381255,9.21419943,0.21823355,0,5.31618745
0.00080000,10.00000000,8.00000000,2.76986342,8.99630184,0.22049026,0,5.23013658
0.00082000,10.00000000,8.00000000,2.85288456,8.75360807,0.22276347,0,5.14711544
0.00084000,10.00000000,8.00000000,2.93262528,8.48744668,0.22505610,0,5.06737472
0.00086000,10.00000000,8.00000000,3.00885162,8.19925490,0.22736204,0,4.99114838
0.00088000,10.00000000,8.00000000,3.08134719,7.89053560,0.22968436,0,4.91865281
0.00090000,10.00000000,8.00000000,3.14991401,7.56288679,0.23205067,0,4.85008599
0.00092000,10.00000000,8.00000000,3.21437391,7.21809230,0.23443256,0,4.78562609
0.00094000,10.00000000,8.00000000,3.27456924,6.85788940,0.23683291,0,4.72543076
0.00096000,10.00000000,8.00000000,3.33036288,6.48408589,0.23925918,0,4.66963712
0.00098000,10.00000000,8.00000000,3.38163895,6.09857001,0.24172539,0,4.61836105
0.00100000,10.00000000,8.00000000,3.42830367,5.70332807,0.24422947,0,4.57169633
0.00102000,10.00000000,8.00000000,3.47028594,5.30037105,0.24676281,0,4.52971406
0.00104000,10.00000000,8.00000000,3.50753731,4.89169942,0.24932652,0,4.49246269
0.00106000,10.00000000,8.00000000,3.54003185,4.47933300,0.25192153,0,4.45996815
0.00108000,10.00000000,8.00000000,3.56776622,4.06530108,0.25454855,0,4.43223378
0.00110000,10.00000000,8.00000000,3.59075961,3.65163269,0.25721505,0,4.40924039
0.00112000,10.00000000,8.00000000,3.60905367,3.24037460,0.25991891,0,4.39094633
0.00114000,10.00000000,8.00000000,3.62271235,2.83354390,0.26265414,0,4.37728765
0.00116000,10.00000000,8.00000000,3.63182131,2.43310378,0.26542074,0,4.36817869
0.00118000,10.00000000,8.00000000,3.63648728,2.04097897,0.26821856,0,4.36351272
0.00120000,10.00000000,8.00000000,3.63683746,1.65904678,0.27104732,0,4.36316254
0.00122000,10.00000000,8.00000000,3.63301886,1.28912856,0.27373023,0,4.36698114
0.00124000,10.00000000,8.00000000,3.62519359,0.93227633,0.27643605,0,4.37480641
0.00126000,10.00000000,8.00000000,3.61353788,0.59014973,0.27918157,0,4.38646212
0.00128000,10.00000000,8.00000000,3.59824536,0.26440160,0.28196711,0,4.40175464
0.00130000,10.00000000,8.00000000,3.57952645,0.00000000,0.28479272,0,4.42047355
0.00132000,10.00000000,8.00000000,3.55808786,0.00000000,0.28765346,0,4.44191214
0.00134000,10.00000000,8.00000000,3.53687891,0.00000000,0.29051164,0,4.46312109
0.00136000,10.00000000,8.00000000,3.51589778,0.00000000,0.29338044,0,4.48410222
0.00138000,10.00000000,8.00000000,3.49514293,0.00000000,0.29625972,0,4.50485707
0.00140000,10.00000000,8.00000000,3.47461284,0.00000000,0.29914936,0,4.52538716
0.00142000,10.00000000,8.00000000,3.45430600,0.00000000,0.30204924,0,4.54569400
0.00144000,10.00000000,8.00000000,3.43422090,0.00000000,0.30495923,0,4.56577910
0.00146000,10.00000000,8.00000000,3.41435606,0.00000000,0.30787921,0,4.58564394
0.00148000,10.00000000,8.00000000,3.39470998,0.00000000,0.31080478,0,4.60529002
0.00150000,10.00000000,8.00000000,3.37528109,0.00000000,0.31373864,0,4.62471891
0.00152000,10.00000000,8.00000000,3.35606789,0.00000000,0.31668224,0,4.64393211
0.00154000,10.00000000,8.00000000,3.33706892,0.00000000,0.31963547,0,4.66293108
0.00156000,10.00000000,8.00000000,3.31828274,0.00000000,0.32259821,0,4.68171726
0.00158000,10.00000000,8.00000000,3.29970791,0.00000000,0.32557033,0,4.70029209
0.00160000,10.00000000,8.00000000,3.28134300,0.00000000,0.32855172,0,4.71865700
0.00162000,10.00000000,8.00000000,3.26318658,0.00530631,0.33154227,0,4.73681342
0.00164000,10.00000000,8.00000000,3.24529600,0.02979125,0.33454220,0,4.75470400
0.00166000,10.00000000,8.00000000,3.22788174,0.07334384,0.33755107,0,4.77211826
0.00168000,10.00000000,8.00000000,3.21115144,0.13576771,0.34056194,0,4.78884856
0.00170000,10.00000000,8.00000000,3.19530877,0.21675633,0.34357238,0,4.80469123
0.00172000,10.00000000,8.00000000,3.18055241,0.31591307,0.34657995,0,4.81944759
0.00174000,10.00000000,8.00000000,3.16707501,0.43275315,0.34958211,0,4.83292499
0.00176000,10.00000000,8.00000000,3.15506234,0.56670592,0.35257628,0,4.84493766
0.00178000,10.00000000,8.00000000,3.14469234,0.71711771,0.35555852,0,4.85530766
0.00180000,10.00000000,8.00000000,3.13613423,0.88324955,0.35852422,0,4.86386577
0.00182000,10.00000000,8.00000000,3.12954767,1.06427829,0.36147440,0,4.87045233
0.00184000,10.00000000,8.00000000,3.12508196,1.25932300,0.36440648,0,4.87491804
0.00186000,10.00000000,8.00000000,3.12287543,1.46743489,0.36731790,0,4.87712457
0.00188000,10.00000000,8.00000000,3.12305481,1.68760191,0.37020035,0,4.87694519
0.00190000,10.00000000,8.00000000,3.12573441,1.91873056,0.37298204,0,4.87426559
0.00192000,10.00000000,8.00000000,3.13101400,2.15939715,0.37573198,0,4.86898600
0.00194000,10.00000000,8.00000000,3.13897831,2.40841731,0.37844817,0,4.86102169
0.00196000,10.00000000,8.00000000,3.14969827,2.66456754,0.38112819,0,4.85030173
0.00198000,10.00000000,8.00000000,3.16323066,2.92658903,0.38376365,0,4.83676934
0.00200000,10.00000000,8.00000000,3.17961769,3.19316963,0.38635890,0,4.82038231
0.00202000,10.00000000,8.00000000,3.19888682,3.46300065,0.38891235,0,4.80111318
0.00204000,10.00000000,8.00000000,3.22105076,3.73475903,0.39142259,0,4.77894924
0.00206000,10.00000000,8.00000000,3.24610745,4.00711395,0.39388840,0,4.75389255
0.00208000,10.00000000,8.00000000,3.27404008,4.27873345,0.39630874,0,4.72595992
0.00210000,10.00000000,8.00000000,3.30481720,4.54829106,0.39868936,0,4.69518280
0.00212000,10.00000000,8.00000000,3.33839306,4.81449881,0.40102523,0,4.66160694
0.00214000,10.00000000,8.00000000,3.37470785,5.07606967,0.40330169,0,4.62529215
0.00216000,10.00000000,8.00000000,3.41368770,5.33168476,0.40552898,0,4.58631230
0.00218000,10.00000000,8.00000000,3.45524491,5.58009843,0.40770866,0,4.54475509
0.00220000,10.00000000,8.00000000,3.49927870,5.82010908,0.40984100,0,4.50072130
0.00222000,10.00000000,8.00000000,3.54567578,6.05055893,0.41192649,0,4.45432422
0.00224000,10.00000000,8.00000000,3.59431093,6.27033991,0.41396301,0,4.40568907
0.00226000,10.00000000,8.00000000,3.64504759,6.47838787,0.41593789,0,4.35495241
0.00228000,10.00000000,8.00000000,3.69773819,6.67364481,0.41787820,0,4.30226181
0.00230000,10.00000000,8.00000000,3.75222518,6.85522208,0.41978079,0,4.24777482
0.00232000,10.00000000,8.00000000,3.80834235,7.02228318,0.42164197,0,4.19165765
0.00234000,10.00000000,8.00000000,3.86591540,7.17404505,0.42346205,0,4.13408460
0.00236000,10.00000000,8.00000000,3.92476275,7.30979697,0.42522367,0,4.07523725
0.00238000,10.00000000,8.00000000,3.98469596,7.42883289,0.42694877,0,4.01530404
0.00240000,10.00000000,8.00000000,4.04552071,7.53061104,0.42865025,0,3.95447929
0.00242000,10.00000000,8.00000000,4.10703849,7.61471994,0.43032885,0,3.89296151
0.00244000,10.00000000,8.00000000,4.16904778,7.68083106,0.43197575,0,3.83095222
0.00246000,10.00000000,8.00000000,4.23134480,7.72866170,0.43357516,0,3.76865520
0.00248000,10.00000000,8.00000000,4.29372386,7.75794790,0.43515334,0,3.70627614
0.00250000,10.00000000,8.00000000,4.35597853,7.76861320,0.43671711,0,3.64402147
0.00252000,10.00000000,8.00000000,4.41790327,7.76069089,0.43827602,0,3.58209673
0.00254000,10.00000000,8.00000000,4.47929474,7.73433426,0.43981901,0,3.52070526
0.00256000,10.00000000,8.00000000,4.53995261,7.68973307,0.44133086,0,3.46004739
0.00258000,10.00000000,8.00000000,4.59967987,7.62709576,0.44283077,0,3.40032013
0.00260000,10.00000000,8.00000000,4.65828378,7.54678553,0.44432710,0,3.34171622
0.00262000,10.00000000,8.00000000,4.71557729,7.44927501,0.44583065,0,3.28442271
0.00264000,10.00000000,8.00000000,4.77138027,7.33515350,0.44733061,0,3.22861973
0.00266000,10.00000000,8.00000000,4.82552029,7.20503764,0.44882926,0,3.17447971
0.00268000,10.00000000,8.00000000,4.87783312,7.05962048,0.45031418,0,3.12216688
0.00270000,10.00000000,8.00000000,4.92816320,6.89960939,0.45180337,0,3.07183680
0.00272000,10.00000000,8.00000000,4.97636442,6.72584409,0.45331163,0,3.02363558
0.00274000,10.00000000,8.00000000,5.02230141,6.53927987,0.45482694,0,2.97769859
0.00276000,10.00000000,8.00000000,5.06585017,6.34087582,0.45635106,0,2.93414983
0.00278000,10.00000000,8.00000000,5.10689834,6.13164530,0.45788562,0,2.89310166
0.00280000,10.00000000,8.00000000,5.14534565,5.91265079,0.45943212,0,2.85465435
0.00282000,10.00000000,8.00000000,5.18110443,5.68499835,0.46099543,0,2.81889557
0.00284000,10.00000000,8.00000000,5.21410003,5.44984602,0.46257906,0,2.78589997
0.00286000,10.00000000,8.00000000,5.24427129,5.20839302,0.46417215,0,2.75572871
0.00288000,10.00000000,8.00000000,5.27157055,4.96181691,0.46578203,0,2.72842945
0.00290000,10.00000000,8.00000000,5.29596373,4.71134090,0.46740947,0,2.70403627
0.00292000,10.00000000,8.00000000,5.31743058,4.45820221,0.46905507,0,2.68256942
0.00294000,10.00000000,8.00000000,5.33596470,4.20364576,0.47071929,0,2.66403530
0.00296000,10.00000000,8.00000000,5.35157354,3.94891808,0.47240242,0,2.64842646
0.00298000,10.00000000,8.00000000,5.36427832,3.69526112,0.47410524,0,2.63572168
0.00300000,10.00000000,8.00000000,5.37411383,3.44390876,0.47583263,0,2.62588617
0.00302000,10.00000000,8.00000000,5.38112839,3.19609779,0.47757820,0,2.61887161
0.00304000,10.00000000,8.00000000,5.38538347,2.95301744,0.47934164,0,2.61461653
0.00306000,10.00000000,8.00000000,5.38695326,2.71582856,0.48112254,0,2.61304674
0.00308000,10.00000000,8.00000000,5.38592419,2.48565821,0.48282468,0,2.61407581
0.00310000,10.00000000,8.00000000,5.38239237,2.26321192,0.48440646,0,2.61760763
0.00312000,10.00000000,8.00000000,5.37646006,2.04898905,0.48601430,0,2.62353994
0.00314000,10.00000000,8.00000000,5.36823750,1.84403239,0.48764856,0,2.63176250
0.00316000,10.00000000,8.00000000,5.35784562,1.64933985,0.48930941,0,2.64215438
0.00318000,10.00000000,8.00000000,5.34541549,1.46585965,0.49100089,0,2.65458451
0.00320000,10.00000000,8.00000000,5.33108773,1.29450177,0.49272117,0,2.66891227
0.00322000,10.00000000,8.00000000,5.31501191,1.13611086,0.49446790,0,2.68498809
0.00324000,10.00000000,8.00000000,5.29734574,0.99146064,0.49624054,0,2.70265426
0.00326000,10.00000000,8.00000000,5.27825427,0.86125814,0.49803840,0,2.72174573
0.00328000,10.00000000,8.00000000,5.25790907,0.74614022,0.49986063,0,2.74209093
0.00330000,10.00000000,8.00000000,5.23648742,0.64667058,0.50170467,0,2.76351258
0.00332000,10.00000000,8.00000000,5.21417141,0.56333077,0.50356554,0,2.78582859
0.00334000,10.00000000,8.00000000,5.19114693,0.49650879,0.50544691,0,2.80885307
0.00336000,10.00000000,8.00000000,5.16760283,0.44653233,0.50734741,0,2.83239717
0.00338000,10.00000000,8.00000000,5.14373007,0.41364764,0.50926556,0,2.85626993
0.00340000,10.00000000,8.00000000,5.11972083,0.39801834,0.51119974,0,2.88027917
0.00342000,10.00000000,8.00000000,5.09576758,0.39972469,0.51315241,0,2.90423242
0.00344000,10.00000000,8.00000000,5.07206224,0.41877980,0.51511987,0,2.92793776
0.00346000,10.00000000,8.00000000,5.04879530,0.45510552,0.51709758,0,2.95120470
0.00348000,10.00000000,8.00000000,5.02615481,0.50852979,0.51908348,0,2.97384519
0.00350000,10.00000000,8.00000000,5.00432541,0.57879771,0.52107540,0,2.99567459
0.00352000,10.00000000,8.00000000,4.98348744,0.66557272,0.52307113,0,3.01651256
0.00354000,10.00000000,8.00000000,4.96381606,0.76843825,0.52506837,0,3.03618394
0.00356000,10.00000000,8.00000000,4.94548043,0.88689970,0.52706480,0,3.05451957
0.00358000,10.00000000,8.00000000,4.92864284,1.02038680,0.52905108,0,3.07135716
0.00360000,10.00000000,8.00000000,4.91345782,1.16822852,0.53103164,0,3.08654218
0.00362000,10.00000000,8.00000000,4.90007137,1.32971150,0.53300465,0,3.09992863
0.00364000,10.00000000,8.00000000,4.88862041,1.50405841,0.53496774,0,3.11137959
0.00366000,10.00000000,8.00000000,4.87923215,1.69042961,0.53691855,0,3.12076785
0.00368000,10.00000000,8.00000000,4.87202346,1.88792714,0.53885471,0,3.12797654
0.00370000,10.00000000,8.00000000,4.86710029,2.09559902,0.54077389,0,3.13289971
0.00372000,10.00000000,8.00000000,4.86455722,2.31244382,0.54267379,0,3.13544278
0.00374000,10.00000000,8.00000000,4.86447691,2.53741546,0.54455215,0,3.13552309
0.00376000,10.00000000,8.00000000,4.86692979,2.76942818,0.54621307,0,3.13307021
0.00378000,10.00000000,8.00000000,4.87196934,3.00658749,0.54783710,0,3.12803066
0.00380000,10.00000000,8.00000000,4.87963168,3.24770353,0.54942977,0,3.12036832
0.00382000,10.00000000,8.00000000,4.88993958,3.49159676,0.55099007,0,3.11006042
0.00384000,10.00000000,8.00000000,4.90290257,3.73707709,0.55251707,0,3.09709743
0.00386000,10.00000000,8.00000000,4.91851689,3.98294963,0.55401000,0,3.08148311
0.00388000,10.00000000,8.00000000,4.93676557,4.22802048,0.55546820,0,3.06323443
0.00390000,10.00000000,8.00000000,4.95761855,4.47110261,0.55688377,0,3.04238145
0.00392000,10.00000000,8.00000000,4.98103267,4.71099194,0.55826040,0,3.01896733
0.00394000,10.00000000,8.00000000,5.00695184,4.94651903,0.55960053,0,2.99304816
0.00396000,10.00000000,8.00000000,5.03530755,5.17654920,0.56090421,0,2.96469245
0.00398000,10.00000000,8.00000000,5.06601924,5.39997771,0.56217163,0,2.93398076
0.00400000,10.00000000,8.00000000,5.09899472,5.61573521,0.56340316,0,2.90100528
0.00402000,10.00000000,8.00000000,5.13413074,5.82279293,0.56459935,0,2.86586926
0.00404000,10.00000000,8.00000000,5.17131341,6.02016770,0.56576091,0,2.82868659
0.00406000,10.00000000,8.00000000,5.21041891,6.20692679,0.56688842,0,2.78958109
0.00408000,10.00000000,8.00000000,5.25131402,6.38219121,0.56797532,0,2.74868598
0.00410000,10.00000000,8.00000000,5.29385670,6.54511080,0.56903055,0,2.70614330
0.00412000,10.00000000,8.00000000,5.33789680,6.69492963,0.57005546,0,2.66210320
0.00414000,10.00000000,8.00000000,5.38327697,6.83095867,0.57105153,0,2.61672303
0.00416000,10.00000000,8.00000000,5.42983350,6.95257912,0.57202038,0,2.57016650
0.00418000,10.00000000,8.00000000,5.47739714,7.05924521,0.57296374,0,2.52260286
0.00420000,10.00000000,8.00000000,5.52579394,7.15048677,0.57386714,0,2.47420606
0.00422000,10.00000000,8.00000000,5.57484577,7.22584623,0.57475343,0,2.42515423
0.00424000,10.00000000,8.00000000,5.62437132,7.28502926,0.57562375,0,2.37562868
0.00426000,10.00000000,8.00000000,5.67418746,7.32781912,0.57647637,0,2.32581254
0.00428000,10.00000000,8.00000000,5.72411004,7.35406556,0.57731343,0,2.27588996
0.00430000,10.00000000,8.00000000,5.77395472,7.36370067,0.57813714,0,2.22604528
0.00432000,10.00000000,8.00000000,5.82353787,7.35673896,0.57893839,0,2.17646213
0.00434000,10.00000000,8.00000000,5.87267728,7.33323169,0.57972725,0,2.12732272
0.00436000,10.00000000,8.00000000,5.92119291,7.29334289,0.58051737,0,2.07880709
0.00438000,10.00000000,8.00000000,5.96890825,7.23736257,0.58130322,0,2.03109175
0.00440000,10.00000000,8.00000000,6.01565124,7.16562833,0.58208703,0,1.98434876
0.00442000,10.00000000,8.00000000,6.06125494,7.07855454,0.58287105,0,1.93874506
0.00444000,10.00000000,8.00000000,6.10555836,6.97663016,0.58365746,0,1.89444164
0.00446000,10.00000000,8.00000000,6.14840721,6.86041593,0.58443933,0,1.85159279
0.00448000,10.00000000,8.00000000,6.18965443,6.73050520,0.58523160,0,1.81034557
0.00450000,10.00000000,8.00000000,6.22916103,6.58760827,0.58603270,0,1.77083897
0.00452000,10.00000000,8.00000000,6.26679691,6.43248308,0.58684455,0,1.73320309
0.00454000,10.00000000,8.00000000,6.30244144,6.26594535,0.58766896,0,1.69755856
0.00456000,10.00000000,8.00000000,6.33598395,6.08886436,0.58850763,0,1.66401605
0.00458000,10.00000000,8.00000000,6.36732434,5.90215829,0.58936211,0,1.63267566
0.00460000,10.00000000,8.00000000,6.39637345,5.70678944,0.59023786,0,1.60362655
0.00462000,10.00000000,8.00000000,6.42305362,5.50377537,0.59113449,0,1.57694638
0.00464000,10.00000000,8.00000000,6.44729901,5.29416072,0.59205043,0,1.55270099
0.00466000,10.00000000,8.00000000,6.46905585,5.07900777,0.59298574,0,1.53094415
0.00468000,10.00000000,8.00000000,6.48828255,4.85939818,0.59393739,0,1.51171745
0.00470000,10.00000000,8.00000000,6.50494974,4.63641563,0.59491161,0,1.49505026
0.00472000,10.00000000,8.00000000,6.51904042,4.41117805,0.59590888,0,1.48095958
0.00474000,10.00000000,8.00000000,6.53055011,4.18480950,0.59692944,0,1.46944989
0.00476000,10.00000000,8.00000000,6.53948682,3.95843441,0.59797339,0,1.46051318
0.00478000,10.00000000,8.00000000,6.54587094,3.73317182,0.59904186,0,1.45412906
0.00480000,10.00000000,8.00000000,6.54973512,3.51013475,0.60013541,0,1.45026488
0.00482000,10.00000000,8.00000000,6.55112410,3.29042295,0.60125114,0,1.44887590
0.00484000,10.00000000,8.00000000,6.55009438,3.07510429,0.60226836,0,1.44990562
0.00486000,10.00000000,8.00000000,6.54671117,2.86473937,0.60315213,0,1.45328883
0.00488000,10.00000000,8.00000000,6.54104461,2.65972187,0.60406479,0,1.45895539
0.00490000,10.00000000,8.00000000,6.53317224,2.46106555,0.60500930,0,1.46682776
0.00492000,10.00000000,8.00000000,6.52318232,2.26976287,0.60598489,0,1.47681768
0.00494000,10.00000000,8.00000000,6.51117335,2.08676579,0.60699042,0,1.48882665
0.00496000,10.00000000,8.00000000,6.49725363,1.91298030,0.60802577,0,1.50274637
0.00498000,10.00000000,8.00000000,6.48154063,1.74926682,0.60909065,0,1.51845937
0.00500000,10.00000000,8.00000000,6.46416041,1.59643586,0.61018119,0,1.53583959
0.00502000,10.00000000,8.00000000,6.44524696,1.45523037,0.61129756,0,1.55475304
0.00504000,10.00000000,8.00000000,6.42494148,1.32633898,0.61244111,0,1.57505852
0.00506000,10.00000000,8.00000000,6.40339168,1.21039784,0.61361097,0,1.59660832
0.00508000,10.00000000,8.00000000,6.38075119,1.10797943,0.61480618,0,1.61924881
0.00510000,10.00000000,8.00000000,6.35717876,1.01958980,0.61602561,0,1.64282124
0.00512000,10.00000000,8.00000000,6.33283748,0.94566614,0.61726982,0,1.66716252
0.00514000,10.00000000,8.00000000,6.30789402,0.88658188,0.61853940,0,1.69210598
0.00516000,10.00000000,8.00000000,6.28251791,0.84264553,0.61982914,0,1.71748209
0.00518000,10.00000000,8.00000000,6.25688069,0.81407655,0.62113745,0,1.74311931
0.00520000,10.00000000,8.00000000,6.23115493,0.80101915,0.62246260,0,1.76884507
0.00522000,10.00000000,8.00000000,6.20551344,0.80354157,0.62380281,0,1.79448656
0.00524000,10.00000000,8.00000000,6.18012840,0.82163583,0.62515617,0,1.81987160
0.00526000,10.00000000,8.00000000,6.15517053,0.85521779,0.62652074,0,1.84482947
0.00528000,10.00000000,8.00000000,6.13080825,0.90412761,0.62788569,0,1.86919175
0.00530000,10.00000000,8.00000000,6.10720665,0.96809545,0.62925744,0,1.89279335
0.00532000,10.00000000,8.00000000,6.08452672,1.04681189,0.63063435,0,1.91547328
0.00534000,10.00000000,8.00000000,6.06292473,1.13989746,0.63201428,0,1.93707527
0.00536000,10.00000000,8.00000000,6.04255146,1.24690272,0.63339505,0,1.95744854
0.00538000,10.00000000,8.00000000,6.02355155,1.36731041,0.63477445,0,1.97644845
0.00540000,10.00000000,8.00000000,6.00606270,1.50053793,0.63615026,0,1.99393730
0.00542000,10.00000000,8.00000000,5.99021506,1.64594019,0.63752022,0,2.00978494
0.00544000,10.00000000,8.00000000,5.97613058,1.80281264,0.63888231,0,2.02386942
0.00546000,10.00000000,8.00000000,5.96392241,1.97039558,0.64023423,0,2.03607759
0.00548000,10.00000000,8.00000000,5.95369436,2.14787673,0.64157300,0,2.04630564
0.00550000,10.00000000,8.00000000,5.94554038,2.33439233,0.64289664,0,2.05445962
0.00552000,10.00000000,8.00000000,5.93954410,2.52903517,0.64420377,0,2.06045590
0.00554000,10.00000000,8.00000000,5.93577839,2.73086116,0.64549175,0,2.06422161
0.00556000,10.00000000,8.00000000,5.93430508,2.93888875,0.64675849,0,2.06569492
0.00558000,10.00000000,8.00000000,5.93517457,3.15210556,0.64791006,0,2.06482543
0.00560000,10.00000000,8.00000000,5.93842362,3.36910590,0.64887679,0,2.06157638
0.00562000,10.00000000,8.00000000,5.94407156,3.58819409,0.64981429,0,2.05592844
0.00564000,10.00000000,8.00000000,5.95212226,3.80829247,0.65072237,0,2.04787774
0.00566000,10.00000000,8.00000000,5.96256762,4.02832349,0.65160061,0,2.03743238
0.00568000,10.00000000,8.00000000,5.97538768,4.24721353,0.65244871,0,2.02461232
0.00570000,10.00000000,8.00000000,5.99055072,4.46389810,0.65326648,0,2.00944928
0.00572000,10.00000000,8.00000000,6.00801347,4.67732697,0.65405387,0,1.99198653
0.00574000,10.00000000,8.00000000,6.02772140,4.88646924,0.65481093,0,1.97227860
0.00576000,10.00000000,8.00000000,6.04960895,5.09031833,0.65553789,0,1.95039105
0.00578000,10.00000000,8.00000000,6.07359996,5.28789683,0.65623508,0,1.92640004
0.00580000,10.00000000,8.00000000,6.09960802,5.47826121,0.65690297,0,1.90039198
0.00582000,10.00000000,8.00000000,6.12753698,5.66050639,0.65754218,0,1.87246302
0.00584000,10.00000000,8.00000000,6.15728140,5.83377008,0.65814904,0,1.84271860
0.00586000,10.00000000,8.00000000,6.18872705,5.99721923,0.65872098,0,1.81127295
0.00588000,10.00000000,8.00000000,6.22175130,6.15005794,0.65926645,0,1.77824870
0.00590000,10.00000000,8.00000000,6.25622385,6.29157473,0.65978668,0,1.74377615
0.00592000,10.00000000,8.00000000,6.29200753,6.42111649,0.66028297,0,1.70799247
0.00594000,10.00000000,8.00000000,6.32895908,6.53809151,0.66075677,0,1.67104092
0.00596000,10.00000000,8.00000000,6.36692979,6.64197225,0.66120962,0,1.63307021
0.00598000,10.00000000,8.00000000,6.40576632,6.73229778,0.66164318,0,1.59423368
0.00600000,10.00000000,8.00000000,6.44531145,6.80867590,0.66205816,0,1.55468855
0.00602000,10.00000000,8.00000000,6.48540483,6.87078085,0.66244879,0,1.51459517
0.00604000,10.00000000,8.00000000,6.52588366,6.91832843,0.66282540,0,1.47411634
0.00606000,10.00000000,8.00000000,6.56658343,6.95114124,0.66319000,0,1.43341657
0.00608000,10.00000000,8.00000000,6.60733904,6.96911587,0.66354464,0,1.39266096
0.00610000,10.00000000,8.00000000,6.64798554,6.97222314,0.66389140,0,1.35201446
0.00612000,10.00000000,8.00000000,6.68835898,6.96050804,0.66423242,0,1.31164102
0.00614000,10.00000000,8.00000000,6.72829725,6.93408930,0.66456982,0,1.27170275
0.00616000,10.00000000,8.00000000,6.76764083,6.89315854,0.66490211,0,1.23235917
0.00618000,10.00000000,8.00000000,6.80623355,6.83796453,0.66522966,0,1.19376645
0.00620000,10.00000000,8.00000000,6.84392319,6.76881924,0.66556013,0,1.15607681
0.00622000,10.00000000,8.00000000,6.88056236,6.68612524,0.66589568,0,1.11943764
0.00624000,10.00000000,8.00000000,6.91600929,6.59035161,0.66623844,0,1.08399071
0.00626000,10.00000000,8.00000000,6.95012858,6.48203137,0.66659047,0,1.04987142
0.00628000,10.00000000,8.00000000,6.98279180,6.36175858,0.66695375,0,1.01720820
0.00630000,10.00000000,8.00000000,7.01387816,6.23018512,0.66733131,0,0.98612184
0.00632000,10.00000000,8.00000000,7.04327507,6.08802165,0.66772652,0,0.95672493
0.00634000,10.00000000,8.00000000,7.07087877,5.93603558,0.66813823,0,0.92912123
0.00636000,10.00000000,8.00000000,7.09659478,5.77502941,0.66856033,0,0.90340522
0.00638000,10.00000000,8.00000000,7.12033808,5.60581710,0.66900136,0,0.87966192
0.00640000,10.00000000,8.00000000,7.14203354,5.42927882,0.66946405,0,0.85796646
0.00642000,10.00000000,8.00000000,7.16161640,5.24633367,0.66994962,0,0.83838360
0.00644000,10.00000000,8.00000000,7.17903260,5.05792937,0.67045909,0,0.82096740
0.00646000,10.00000000,8.00000000,7.19423904,4.86503718,0.67099333,0,0.80576096
0.00648000,10.00000000,8.00000000,7.20720370,4.66864683,0.67155493,0,0.79279630
0.00650000,10.00000000,8.00000000,7.21790584,4.46976904,0.67214304,0,0.78209416
0.00652000,10.00000000,8.00000000,7.22633605,4.26941707,0.67275720,0,0.77366395
0.00654000,10.00000000,8.00000000,7.23249620,4.06860393,0.67339751,0,0.76750380
0.00656000,10.00000000,8.00000000,7.23639936,3.86834001,0.67406386,0,0.76360064
0.00658000,10.00000000,8.00000000,7.23806969,3.66962777,0.67475593,0,0.76193031
0.00660000,10.00000000,8.00000000,7.23754226,3.47345659,0.67540812,0,0.76245774
0.00662000,10.00000000,8.00000000,7.23486135,3.28053743,0.67588392,0,0.76513865
0.00664000,10.00000000,8.00000000,7.23007575,3.09101639,0.67638976,0,0.76992425
0.00666000,10.00000000,8.00000000,7.22324009,2.90584499,0.67692606,0,0.77675991
0.00668000,10.00000000,8.00000000,7.21441907,2.72595245,0.67749305,0,0.78558093
0.00670000,10.00000000,8.00000000,7.20368723,2.55224107,0.67809079,0,0.79631277
0.00672000,10.00000000,8.00000000,7.19112851,2.38558171,0.67871916,0,0.80887149
0.00674000,10.00000000,8.00000000,7.17683582,2.22680936,0.67938000,0,0.82316418
0.00676000,10.00000000,8.00000000,7.16091066,2.07672744,0.68007172,0,0.83908934
0.00678000,10.00000000,8.00000000,7.14346259,1.93609085,0.68079294,0,0.85653741
0.00680000,10.00000000,8.00000000,7.12460864,1.80560354,0.68154289,0,0.87539136
0.00682000,10.00000000,8.00000000,7.10447274,1.68591825,0.68232070,0,0.89552726
0.00684000,10.00000000,8.00000000,7.08318504,1.57763333,0.68312532,0,0.91681496
0.00686000,10.00000000,8.00000000,7.06088129,1.48128982,0.68394845,0,0.93911871
0.00688000,10.00000000,8.00000000,7.03770199,1.39734018,0.68479458,0,0.96229801
0.00690000,10.00000000,8.00000000,7.01379168,1.32619785,0.68566346,0,0.98620832
0.00692000,10.00000000,8.00000000,6.98929831,1.26821674,0.68655367,0,1.01070169
0.00694000,10.00000000,8.00000000,6.96437262,1.22368536,0.68746371,0,1.03562738
0.00696000,10.00000000,8.00000000,6.93916731,1.19282545,0.68839520,0,1.06083269
0.00698000,10.00000000,8.00000000,6.91383640,1.17580388,0.68934370,0,1.08616360
0.00700000,10.00000000,8.00000000,6.88853445,1.17270805,0.69030700,0,1.11146555
0.00702000,10.00000000,8.00000000,6.86341576,1.18355467,0.69128325,0,1.13658424
0.00704000,10.00000000,8.00000000,6.83863356,1.20829155,0.69227054,0,1.16136644
0.00706000,10.00000000,8.00000000,6.81433929,1.24679790,0.69326692,0,1.18566071
0.00708000,10.00000000,8.00000000,6.79068182,1.29888501,0.69427036,0,1.20931818
0.00710000,10.00000000,8.00000000,6.76780673,1.36429721,0.69527728,0,1.23219327
0.00712000,10.00000000,8.00000000,6.74585558,1.44270697,0.69627999,0,1.25414442
0.00714000,10.00000000,8.00000000,6.72496502,1.53370035,0.69728386,0,1.27503498
0.00716000,10.00000000,8.00000000,6.70526617,1.63683138,0.69828683,0,1.29473383
0.00718000,10.00000000,8.00000000,6.68688417,1.75159451,0.69928679,0,1.31311583
0.00720000,10.00000000,8.00000000,6.66993754,1.87742703,0.70028163,0,1.33006246
0.00722000,10.00000000,8.00000000,6.65453758,2.01371185,0.70126927,0,1.34546242
0.00724000,10.00000000,8.00000000,6.64078789,2.15978046,0.70224759,0,1.35921211
0.00726000,10.00000000,8.00000000,6.62878378,2.31491613,0.70321451,0,1.37121622
0.00728000,10.00000000,8.00000000,6.61861185,2.47835744,0.70416797,0,1.38138815
0.00730000,10.00000000,8.00000000,6.61034958,2.64930187,0.70510595,0,1.38965042
0.00732000,10.00000000,8.00000000,6.60406487,2.82690970,0.70602645,0,1.39593513
0.00734000,10.00000000,8.00000000,6.59981579,3.01030805,0.70692753,0,1.40018421
0.00736000,10.00000000,8.00000000,6.59765024,3.19859506,0.70780730,0,1.40234976
0.00738000,10.00000000,8.00000000,6.59760572,3.39084425,0.70866395,0,1.40239428
0.00740000,10.00000000,8.00000000,6.59970914,3.58610897,0.70925021,0,1.40029086
0.00742000,10.00000000,8.00000000,6.60397124,3.78244564,0.70980375,0,1.39602876
0.00744000,10.00000000,8.00000000,6.61038643,3.97886064,0.71033012,0,1.38961357
0.00746000,10.00000000,8.00000000,6.61893828,4.17438698,0.71082920,0,1.38106172
0.00748000,10.00000000,8.00000000,6.62959977,4.36806591,0.71130096,0,1.37040023
0.00750000,10.00000000,8.00000000,6.64233349,4.55895141,0.71174548,0,1.35766651
0.00752000,10.00000000,8.00000000,6.65709184,4.74611483,0.71216294,0,1.34290816
0.00754000,10.00000000,8.00000000,6.67381732,4.92864925,0.71255365,0,1.32618268
0.00756000,10.00000000,8.00000000,6.69244282,5.10567393,0.71291803,0,1.30755718
0.00758000,10.00000000,8.00000000,6.71289202,5.27633849,0.71325661,0,1.28710798
0.00760000,10.00000000,8.00000000,6.73507979,5.43982700,0.71357005,0,1.26492021
0.00762000,10.00000000,8.00000000,6.75891265,5.59536187,0.71385911,0,1.24108735
0.00764000,10.00000000,8.00000000,6.78428922,5.74220759,0.71411893,0,1.21571078
0.00766000,10.00000000,8.00000000,6.81110070,5.87965126,0.71435144,0,1.18889930
0.00768000,10.00000000,8.00000000,6.83923124,6.00703261,0.71456218,0,1.16076876
0.00770000,10.00000000,8.00000000,6.86855873,6.12376113,0.71475243,0,1.13144127
0.00772000,10.00000000,8.00000000,6.89895547,6.22930145,0.71492355,0,1.10104453
0.00774000,10.00000000,8.00000000,6.93028889,6.32317573,0.71507702,0,1.06971111
0.00776000,10.00000000,8.00000000,6.96242216,6.40496593,0.71521440,0,1.03757784
0.00778000,10.00000000,8.00000000,6.99521493,6.47431571,0.71533734,0,1.00478507
0.00780000,10.00000000,8.00000000,7.02852401,6.53093206,0.71544859,0,0.97147599
0.00782000,10.00000000,8.00000000,7.06220417,6.57459072,0.71555053,0,0.93779583
0.00784000,10.00000000,8.00000000,7.09610884,6.60513527,0.71563290,0,0.90389116
0.00786000,10.00000000,8.00000000,7.13009066,6.62242708,0.71570553,0,0.86990934
0.00788000,10.00000000,8.00000000,7.16400207,6.62642584,0.71577284,0,0.83599793
0.00790000,10.00000000,8.00000000,7.19769633,6.61716784,0.71583686,0,0.80230367
0.00792000,10.00000000,8.00000000,7.23102825,6.59475590,0.71589965,0,0.76897175
0.00794000,10.00000000,8.00000000,7.26385499,6.55935868,0.71596328,0,0.73614501
0.00796000,10.00000000,8.00000000,7.29603670,6.51120968,0.71602981,0,0.70396330
0.00798000,10.00000000,8.00000000,7.32743726,6.45060586,0.71610208,0,0.67256274
0.00800000,10.00000000,8.00000000,7.35792495,6.37790918,0.71618258,0,0.64207505
0.00802000,10.00000000,8.00000000,7.38737314,6.29354318,0.71626972,0,0.61262686
0.00804000,10.00000000,8.00000000,7.41566083,6.19797463,0.71635909,0,0.58433917
0.00806000,10.00000000,8.00000000,7.44267304,6.09169987,0.71646159,0,0.55732696
0.00808000,10.00000000,8.00000000,7.46830139,5.97530351,0.71657912,0,0.53169861
0.00810000,10.00000000,8.00000000,7.49244490,5.84941963,0.71671346,0,0.50755510
0.00812000,10.00000000,8.00000000,7.51501040,5.71472836,0.71686630,0,0.48498960
0.00814000,10.00000000,8.00000000,7.53591301,5.57195217,0.71703922,0,0.46408699
0.00816000,10.00000000,8.00000000,7.55507656,5.42185203,0.71723454,0,0.44492344
0.00818000,10.00000000,8.00000000,7.57243393,5.26522689,0.71745308,0,0.42756607
0.00820000,10.00000000,8.00000000,7.58792740,5.10290399,0.71769552,0,0.41207260
0.00822000,10.00000000,8.00000000,7.60150887,4.93573440,0.71796284,0,0.39849113
0.00824000,10.00000000,8.00000000,7.61314005,4.76459045,0.71825586,0,0.38685995
0.00826000,10.00000000,8.00000000,7.62279262,4.59036106,0.71857521,0,0.37720738
0.00828000,10.00000000,8.00000000,7.63044835,4.41394699,0.71892134,0,0.36955165
0.00830000,10.00000000,8.00000000,7.63609912,4.23625602,0.71929449,0,0.36390088
0.00832000,10.00000000,8.00000000,7.63974694,4.05819816,0.71969469,0,0.36025306
0.00834000,10.00000000,8.00000000,7.64140388,3.88068073,0.72012180,0,0.35859612
0.00836000,10.00000000,8.00000000,7.64109195,3.70460362,0.72053688,0,0.35890805
0.00838000,10.00000000,8.00000000,7.63884210,3.53070038,0.72077659,0,0.36115790
0.00840000,10.00000000,8.00000000,7.63468954,3.35903763,0.72104600,0,0.36531046
0.00842000,10.00000000,8.00000000,7.62867447,3.19048755,0.72134549,0,0.37132553
0.00844000,10.00000000,8.00000000,7.62084649,3.02590585,0.72167527,0,0.37915351
0.00846000,10.00000000,8.00000000,7.61126424,2.86612740,0.72203537,0,0.38873576
0.00848000,10.00000000,8.00000000,7.59999519,2.71196198,0.72242564,0,0.40000481
0.00850000,10.00000000,8.00000000,7.58711524,2.56419013,0.72284579,0,0.41288476
0.00852000,10.00000000,8.00000000,7.57270832,2.42355918,0.72329536,0,0.42729168
0.00854000,10.00000000,8.00000000,7.55686598,2.29077952,0.72377373,0,0.44313402
0.00856000,10.00000000,8.00000000,7.53968694,2.16652102,0.72428015,0,0.46031306
0.00858000,10.00000000,8.00000000,7.52127652,2.05140973,0.72481432,0,0.47872348
0.00860000,10.00000000,8.00000000,7.50174616,1.94602708,0.72537611,0,0.49825384
0.00862000,10.00000000,8.00000000,7.48121288,1.85090832,0.72596311,0,0.51878712
0.00864000,10.00000000,8.00000000,7.45979865,1.76653118,0.72657408,0,0.54020135
0.00866000,10.00000000,8.00000000,7.43762976,1.69331882,0.72720770,0,0.56237024
0.00868000,10.00000000,8.00000000,7.41483620,1.63163779,0.72786254,0,0.58516380
0.00870000,10.00000000,8.00000000,7.39155094,1.58179637,0.72853710,0,0.60844906
0.00872000,10.00000000,8.00000000,7.36790932,1.54404310,0.72922283,0,0.63209068
0.00874000,10.00000000,8.00000000,7.34404821,1.51853787,0.72992264,0,0.65595179
0.00876000,10.00000000,8.00000000,7.32010522,1.50539730,0.73063719,0,0.67989478
0.00878000,10.00000000,8.00000000,7.29621822,1.50468553,0.73136477,0,0.70378178
0.00880000,10.00000000,8.00000000,7.27252467,1.51640476,0.73210360,0,0.72747533
0.00882000,10.00000000,8.00000000,7.24916097,1.54049529,0.73285278,0,0.75083903
0.00884000,10.00000000,8.00000000,7.22626176,1.57683954,0.73361073,0,0.77373824
0.00886000,10.00000000,8.00000000,7.20395930,1.62526032,0.73437433,0,0.79604070
0.00888000,10.00000000,8.00000000,7.18238282,1.68551553,0.73514163,0,0.81761718
0.00890000,10.00000000,8.00000000,7.16165778,1.75730433,0.73591065,0,0.83834222
0.00892000,10.00000000,8.00000000,7.14190535,1.84026868,0.73667942,0,0.85809465
0.00894000,10.00000000,8.00000000,7.12324169,1.93399511,0.73744595,0,0.87675831
0.00896000,10.00000000,8.00000000,7.10577748,2.03801682,0.73820824,0,0.89422252
0.00898000,10.00000000,8.00000000,7.08961732,2.15181596,0.73896431,0,0.91038268
0.00900000,10.00000000,8.00000000,7.07485922,2.27482616,0.73970764,0,0.92514078
0.00902000,10.00000000,8.00000000,7.06159400,2.40641726,0.74043965,0,0.93840600
0.00904000,10.00000000,8.00000000,7.04990485,2.54592989,0.74116013,0,0.95009515
0.00906000,10.00000000,8.00000000,7.03986701,2.69267221,0.74186721,0,0.96013299
0.00908000,10.00000000,8.00000000,7.03154741,2.84591645,0.74255906,0,0.96845259
0.00910000,10.00000000,8.00000000,7.02500439,3.00490241,0.74323389,0,0.97499561
0.00912000,10.00000000,8.00000000,7.02028738,3.16884116,0.74388994,0,0.97971262
0.00914000,10.00000000,8.00000000,7.01743663,3.33691888,0.74452554,0,0.98256337
0.00916000,10.00000000,8.00000000,7.01648305,3.50830074,0.74513908,0,0.98351695
0.00918000,10.00000000,8.00000000,7.01744802,3.68213502,0.74561230,0,0.98255198
0.00920000,10.00000000,8.00000000,7.02034071,3.85709072,0.74594432,0,0.97965929
0.00922000,10.00000000,8.00000000,7.02515546,4.03183256,0.74625103,0,0.97484454
0.00924000,10.00000000,8.00000000,7.03187445,4.20549375,0.74653273,0,0.96812555
0.00926000,10.00000000,8.00000000,7.04047037,4.37721771,0.74678954,0,0.95952963
0.00928000,10.00000000,8.00000000,7.05090669,4.54616109,0.74702166,0,0.94909331
0.00930000,10.00000000,8.00000000,7.06313780,4.71149780,0.74722940,0,0.93686220
0.00932000,10.00000000,8.00000000,7.07710930,4.87242297,0.74741316,0,0.92289070
0.00934000,10.00000000,8.00000000,7.09275833,5.02815683,0.74757073,0,0.90724167
0.00936000,10.00000000,8.00000000,7.11001383,5.17793757,0.74770098,0,0.88998617
0.00938000,10.00000000,8.00000000,7.12879681,5.32102884,0.74780856,0,0.87120319
0.00940000,10.00000000,8.00000000,7.14902086,5.45674605,0.74789435,0,0.85097914
0.00942000,10.00000000,8.00000000,7.17059269,5.58444403,0.74795931,0,0.82940731
0.00944000,10.00000000,8.00000000,7.19341259,5.70352006,0.74800449,0,0.80658741
0.00946000,10.00000000,8.00000000,7.21737498,5.81341675,0.74803105,0,0.78262502
0.00948000,10.00000000,8.00000000,7.24236896,5.91362464,0.74804025,0,0.75763104
0.00950000,10.00000000,8.00000000,7.26827887,6.00368463,0.74803343,0,0.73172113
0.00952000,10.00000000,8.00000000,7.29498489,6.08319010,0.74801296,0,0.70501511
0.00954000,10.00000000,8.00000000,7.32236369,6.15179257,0.74797986,0,0.67763631
0.00956000,10.00000000,8.00000000,7.35028905,6.20919753,0.74793515,0,0.64971095
0.00958000,10.00000000,8.00000000,7.37863250,6.25516558,0.74788046,0,0.62136750
0.00960000,10.00000000,8.00000000,7.40726394,6.28951556,0.74780785,0,0.59273606
0.00962000,10.00000000,8.00000000,7.43605211,6.31208678,0.74772716,0,0.56394789
0.00964000,10.00000000,8.00000000,7.46486520,6.32281060,0.74764176,0,0.53513480
0.00966000,10.00000000,8.00000000,7.49357173,6.32168455,0.74755355,0,0.50642827
0.00968000,10.00000000,8.00000000,7.52204126,6.30876609,0.74746442,0,0.47795874
0.00970000,10.00000000,8.00000000,7.55014505,6.28417222,0.74737633,0,0.44985495
0.00972000,10.00000000,8.00000000,7.57775668,6.24807871,0.74729120,0,0.42224332
0.00974000,10.00000000,8.00000000,7.60475272,6.20071912,0.74721136,0,0.39524728
0.00976000,10.00000000,8.00000000,7.63101330,6.14238488,0.74713872,0,0.36898670
0.00978000,10.00000000,8.00000000,7.65642278,6.07342231,0.74707465,0,0.34357722
0.00980000,10.00000000,8.00000000,7.68087028,5.99422845,0.74702102,0,0.31912972
0.00982000,10.00000000,8.00000000,7.70425019,5.90525117,0.74697507,0,0.29574981
0.00984000,10.00000000,8.00000000,7.72646265,5.80696837,0.74693892,0,0.27353735
0.00986000,10.00000000,8.00000000,7.74741388,5.69990521,0.74691897,0,0.25258612
0.00988000,10.00000000,8.00000000,7.76701682,5.58464867,0.74691689,0,0.23298318
0.00990000,10.00000000,8.00000000,7.78519160,5.46182572,0.74693422,0,0.21480840
0.00992000,10.00000000,8.00000000,7.80186593,5.33209998,0.74697237,0,0.19813407
0.00994000,10.00000000,8.00000000,7.81697550,5.19616806,0.74703272,0,0.18302450
0.00996000,10.00000000,8.00000000,7.83046420,5.05475615,0.74711655,0,0.16953580
0.00998000,10.00000000,8.00000000,7.84228445,4.90861632,0.74722465,0,0.15771555
0.01000000,10.00000000,8.00000000,7.85239737,4.75852109,0.74735787,0,0.14760263
0.01002000,10.00000000,8.00000000,7.86077298,4.60526022,0.74751691,0,0.13922702
0.01004000,10.00000000,8.00000000,7.86739025,4.44963638,0.74770227,0,0.13260975
0.01006000,10.00000000,8.00000000,7.87223724,4.29246086,0.74791426,0,0.12776276
0.01008000,10.00000000,8.00000000,7.87531109,4.13454919,0.74815300,0,0.12468891
0.01010000,10.00000000,8.00000000,7.87661799,3.97671670,0.74841843,0,0.12338201
0.01012000,10.00000000,8.00000000,7.87617311,3.81977418,0.74865587,0,0.12382689
0.01014000,10.00000000,8.00000000,7.87399925,3.66430602,0.74876190,0,0.12600075
0.01016000,10.00000000,8.00000000,7.87012325,3.51047288,0.74889657,0,0.12987675
0.01018000,10.00000000,8.00000000,7.86457702,3.35906408,0.74906021,0,0.13542298
0.01020000,10.00000000,8.00000000,7.85740101,3.21085579,0.74925298,0,0.14259899
0.01022000,10.00000000,8.00000000,7.84864394,3.06660692,0.74947484,0,0.15135606
0.01024000,10.00000000,8.00000000,7.83836255,2.92705523,0.74972563,0,0.16163745
0.01026000,10.00000000,8.00000000,7.82662130,2.79291350,0.75000501,0,0.17337870
0.01028000,10.00000000,8.00000000,7.81349206,2.66486591,0.75031250,0,0.18650794
0.01030000,10.00000000,8.00000000,7.79905367,2.54356451,0.75064766,0,0.20094633
0.01032000,10.00000000,8.00000000,7.78339159,2.42962682,0.75101020,0,0.21660841
0.01034000,10.00000000,8.00000000,7.76659746,2.32363368,0.75139872,0,0.23340254
0.01036000,10.00000000,8.00000000,7.74876859,2.22612253,0.75181222,0,0.25123141
0.01038000,10.00000000,8.00000000,7.73000747,2.13758689,0.75224961,0,0.26999253
0.01040000,10.00000000,8.00000000,7.71042123,2.05847393,0.75270970,0,0.28957877
0.01042000,10.00000000,8.00000000,7.69012110,1.98918235,0.75318968,0,0.30987890
0.01044000,10.00000000,8.00000000,7.66922181,1.93005445,0.75368271,0,0.33077819
0.01046000,10.00000000,8.00000000,7.64784082,1.88135871,0.75419417,0,0.35215918
0.01048000,10.00000000,8.00000000,7.62609778,1.84333761,0.75472258,0,0.37390222
0.01050000,10.00000000,8.00000000,7.60411407,1.81617956,0.75526641,0,0.39588593
0.01052000,10.00000000,8.00000000,7.58201216,1.80001807,0.75582409,0,0.41798784
0.01054000,10.00000000,8.00000000,7.55991504,1.79493120,0.75639399,0,0.44008496
0.01056000,10.00000000,8.00000000,7.53794556,1.80094132,0.75697558,0,0.46205444
0.01058000,10.00000000,8.00000000,7.51622586,1.81801970,0.75756630,0,0.48377414
0.01060000,10.00000000,8.00000000,7.49487675,1.84607872,0.75816413,0,0.50512325
0.01062000,10.00000000,8.00000000,7.47401710,1.88497474,0.75876727,0,0.52598290
0.01064000,10.00000000,8.00000000,7.45376321,1.93450985,0.75937391,0,0.54623679
0.01066000,10.00000000,8.00000000,7.43422826,1.99443302,0.75998223,0,0.56577174
0.01068000,10.00000000,8.00000000,7.41552174,2.06444130,0.76059037,0,0.58447826
0.01070000,10.00000000,8.00000000,7.39774888,2.14418147,0.76119650,0,0.60225112
0.01072000,10.00000000,8.00000000,7.38101015,2.23325173,0.76179527,0,0.61898985
0.01074000,10.00000000,8.00000000,7.36540067,2.33118978,0.76238534,0,0.63459933
0.01076000,10.00000000,8.00000000,7.35100968,2.43749110,0.76296837,0,0.64899032
0.01078000,10.00000000,8.00000000,7.33792017,2.55162329,0.76354258,0,0.66207983
0.01080000,10.00000000,8.00000000,7.32620857,2.67301500,0.76410624,0,0.67379143
0.01082000,10.00000000,8.00000000,7.31594432,2.80105867,0.76465761,0,0.68405568
0.01084000,10.00000000,8.00000000,7.30718960,2.93511357,0.76519502,0,0.69281040
0.01086000,10.00000000,8.00000000,7.29999894,3.07450888,0.76571683,0,0.70000106
0.01088000,10.00000000,8.00000000,7.29441900,3.21854698,0.76622146,0,0.70558100
0.01090000,10.00000000,8.00000000,7.29048832,3.36650687,0.76670737,0,0.70951168
0.01092000,10.00000000,8.00000000,7.28823711,3.51764764,0.76717309,0,0.71176289
0.01094000,10.00000000,8.00000000,7.28768713,3.67121212,0.76761723,0,0.71231287
0.01096000,10.00000000,8.00000000,7.28885154,3.82643057,0.76789493,0,0.71114846
0.01098000,10.00000000,8.00000000,7.29173168,3.98195071,0.76808092,0,0.70826832
0.01100000,10.00000000,8.00000000,7.29631554,4.13672138,0.76824363,0,0.70368446
0.01102000,10.00000000,8.00000000,7.30258110,4.28997214,0.76838339,0,0.69741890
0.01104000,10.00000000,8.00000000,7.31049800,4.44094430,0.76850044,0,0.68950200
0.01106000,10.00000000,8.00000000,7.32002768,4.58889394,0.76859510,0,0.67997232
0.01108000,10.00000000,8.00000000,7.33112369,4.73309540,0.76866778,0,0.66887631
0.01110000,10.00000000,8.00000000,7.34373189,4.87284482,0.76871900,0,0.65626811
0.01112000,10.00000000,8.00000000,7.35779079,5.00746352,0.76874934,0,0.64220921
0.01114000,10.00000000,8.00000000,7.37323187,5.13630121,0.76875951,0,0.62676813
0.01116000,10.00000000,8.00000000,7.38997996,5.25873912,0.76875020,0,0.61002004
0.01118000,10.00000000,8.00000000,7.40795363,5.37419264,0.76871508,0,0.59204637
0.01120000,10.00000000,8.00000000,7.42706548,5.48208554,0.76866199,0,0.57293452
0.01122000,10.00000000,8.00000000,7.44722258,5.58190912,0.76859204,0,0.55277742
0.01124000,10.00000000,8.00000000,7.46832709,5.67319724,0.76850640,0,0.53167291
0.01126000,10.00000000,8.00000000,7.49027683,5.75552848,0.76840633,0,0.50972317
0.01128000,10.00000000,8.00000000,7.51296574,5.82852810,0.76829315,0,0.48703426
0.01130000,10.00000000,8.00000000,7.53628449,5.89186981,0.76816828,0,0.46371551
0.01132000,10.00000000,8.00000000,7.56012100,5.94527721,0.76803319,0,0.43987900
0.01134000,10.00000000,8.00000000,7.58436103,5.98852508,0.76788984,0,0.41563897
0.01136000,10.00000000,8.00000000,7.60888878,6.02144211,0.76773958,0,0.39111122
0.01138000,10.00000000,8.00000000,7.63358750,6.04390890,0.76758371,0,0.36641250
0.01140000,10.00000000,8.00000000,7.65834001,6.05585810,0.76742392,0,0.34165999
0.01142000,10.00000000,8.00000000,7.68302937,6.05727587,0.76726191,0,0.31697063
0.01144000,10.00000000,8.00000000,7.70753941,6.04820187,0.76709337,0,0.29246059
0.01146000,10.00000000,8.00000000,7.73175521,6.02870474,0.76692245,0,0.26824479
0.01148000,10.00000000,8.00000000,7.75556359,5.99891535,0.76675472,0,0.24443641
0.01150000,10.00000000,8.00000000,7.77885383,5.95903169,0.76659202,0,0.22114617
0.01152000,10.00000000,8.00000000,7.80151828,5.90930274,0.76643613,0,0.19848172
0.01154000,10.00000000,8.00000000,7.82345295,5.85002702,0.76628884,0,0.17654705
0.01156000,10.00000000,8.00000000,7.84455799,5.78155095,0.76615189,0,0.15544201
0.01158000,10.00000000,8.00000000,7.86473817,5.70426694,0.76602693,0,0.13526183
0.01160000,10.00000000,8.00000000,7.88390343,5.61861110,0.76591554,0,0.11609657
0.01162000,10.00000000,8.00000000,7.90196923,5.52506075,0.76581931,0,0.09803077
0.01164000,10.00000000,8.00000000,7.91885703,5.42413226,0.76573975,0,0.08114297
0.01166000,10.00000000,8.00000000,7.93449464,5.31637815,0.76567828,0,0.06550536
0.01168000,10.00000000,8.00000000,7.94881658,5.20238418,0.76563621,0,0.05118342
0.01170000,10.00000000,8.00000000,7.96176439,5.08276616,0.76561474,0,0.03823561
0.01172000,10.00000000,8.00000000,7.97328692,4.95816660,0.76561492,0,0.02671308
0.01174000,10.00000000,8.00000000,7.98334053,4.82925121,0.76563770,0,0.01665947
0.01176000,10.00000000,8.00000000,7.99188933,4.69670537,0.76568383,0,0.00811067
0.01178000,10.00000000,8.00000000,7.99890532,4.56123032,0.76575396,0,0.00109468
0.01180000,10.00000000,8.00000000,8.00436847,4.42353942,0.76591918,0,-0.00436847
0.01182000,10.00000000,8.00000000,8.00826840,4.28463660,0.76610123,0,-0.00826840
0.01184000,10.00000000,8.00000000,8.01060418,4.14521497,0.76628234,0,-0.01060418
0.01186000,10.00000000,8.00000000,8.01138218,4.00589532,0.76637363,0,-0.01138218
0.01188000,10.00000000,8.00000000,8.01061361,3.86693938,0.76647213,0,-0.01061361
0.01190000,10.00000000,8.00000000,8.00831465,3.72899158,0.76668810,0,-0.00831465
0.01192000,10.00000000,8.00000000,8.00451093,3.59312927,0.76692693,0,-0.00451093
0.01194000,10.00000000,8.00000000,7.99923771,3.46003894,0.76717554,0,0.00076229
0.01196000,10.00000000,8.00000000,7.99253731,3.33033933,0.76734952,0,0.00746269
0.01198000,10.00000000,8.00000000,7.98445667,3.20429345,0.76752187,0,0.01554333
0.01200000,10.00000000,8.00000000,7.97504691,3.08243685,0.76769287,0,0.02495309
0.01202000,10.00000000,8.00000000,7.96436469,2.96528463,0.76786265,0,0.03563531
0.01204000,10.00000000,8.00000000,7.95247193,2.85332864,0.76803131,0,0.04752807
0.01206000,10.00000000,8.00000000,7.93943554,2.74703546,0.76819901,0,0.06056446
0.01208000,10.00000000,8.00000000,7.92532705,2.64684452,0.76836590,0,0.07467295
0.01210000,10.00000000,8.00000000,7.91022233,2.55316634,0.76853212,0,0.08977767
0.01212000,10.00000000,8.00000000,7.89420119,2.46638094,0.76869785,0,0.10579881
0.01214000,10.00000000,8.00000000,7.87734705,2.38683636,0.76886326,0,0.12265295
0.01216000,10.00000000,8.00000000,7.85974652,2.31484727,0.76915676,0,0.14025348
0.01218000,10.00000000,8.00000000,7.84149190,2.25120644,0.76952830,0,0.15850810
0.01220000,10.00000000,8.00000000,7.82268241,2.19646798,0.76991856,0,0.17731759
0.01222000,10.00000000,8.00000000,7.80342134,2.15090818,0.77032613,0,0.19657866
0.01224000,10.00000000,8.00000000,7.78381420,2.11475583,0.77074942,0,0.21618580
0.01226000,10.00000000,8.00000000,7.76396819,2.08819085,0.77118699,0,0.23603181
0.01228000,10.00000000,8.00000000,7.74399162,2.07134430,0.77163735,0,0.25600838
0.01230000,10.00000000,8.00000000,7.72399339,2.06429778,0.77209896,0,0.27600661
0.01232000,10.00000000,8.00000000,7.70408244,2.06708316,0.77257024,0,0.29591756
0.01234000,10.00000000,8.00000000,7.68436715,2.07968253,0.77304565,0,0.31563285
0.01236000,10.00000000,8.00000000,7.66495476,2.10201260,0.77352344,0,0.33504524
0.01238000,10.00000000,8.00000000,7.64595072,2.13394058,0.77400618,0,0.35404928
0.01240000,10.00000000,8.00000000,7.62745823,2.17530224,0.77449224,0,0.37254177
0.01242000,10.00000000,8.00000000,7.60957786,2.22588601,0.77497998,0,0.39042214
0.01244000,10.00000000,8.00000000,7.59240701,2.28543417,0.77546774,0,0.40759299
0.01246000,10.00000000,8.00000000,7.57603943,2.35364412,0.77595387,0,0.42396057
0.01248000,10.00000000,8.00000000,7.56056475,2.43016995,0.77643671,0,0.43943525
0.01250000,10.00000000,8.00000000,7.54606807,2.51462419,0.77691463,0,0.45393193
0.01252000,10.00000000,8.00000000,7.53262946,2.60657973,0.77738598,0,0.46737054
0.01254000,10.00000000,8.00000000,7.52032364,2.70557197,0.77784917,0,0.47967636
0.01256000,10.00000000,8.00000000,7.50921955,2.81110112,0.77830258,0,0.49078045
0.01258000,10.00000000,8.00000000,7.49938004,2.92263466,0.77874468,0,0.50061996
0.01260000,10.00000000,8.00000000,7.49086153,3.03960996,0.77917394,0,0.50913847
0.01262000,10.00000000,8.00000000,7.48371375,3.16143709,0.77958887,0,0.51628625
0.01264000,10.00000000,8.00000000,7.47797947,3.28750165,0.77998804,0,0.52202053
0.01266000,10.00000000,8.00000000,7.47369430,3.41716785,0.78037007,0,0.52630570
0.01268000,10.00000000,8.00000000,7.47088650,3.54978159,0.78073364,0,0.52911350
0.01270000,10.00000000,8.00000000,7.46957684,3.68467367,0.78107750,0,0.53042316
0.01272000,10.00000000,8.00000000,7.46977850,3.82116311,0.78137535,0,0.53022150
0.01274000,10.00000000,8.00000000,7.47149642,3.95846005,0.78148772,0,0.52850358
0.01276000,10.00000000,8.00000000,7.47472369,4.09521694,0.78157842,0,0.52527631
0.01278000,10.00000000,8.00000000,7.47944212,4.23074674,0.78164805,0,0.52055788
0.01280000,10.00000000,8.00000000,7.48562612,4.36437362,0.78169686,0,0.51437388
0.01282000,10.00000000,8.00000000,7.49324278,4.49543440,0.78172519,0,0.50675722
0.01284000,10.00000000,8.00000000,7.50225213,4.62328185,0.78173344,0,0.49774787
0.01286000,10.00000000,8.00000000,7.51260735,4.74728773,0.78172211,0,0.48739265
0.01288000,10.00000000,8.00000000,7.52425504,4.86684581,0.78169178,0,0.47574496
0.01290000,10.00000000,8.00000000,7.53713551,4.98137485,0.78164311,0,0.46286449
0.01292000,10.00000000,8.00000000,7.55118310,5.09032128,0.78157683,0,0.44881690
0.01294000,10.00000000,8.00000000,7.56632658,5.19316193,0.78149377,0,0.43367342
0.01296000,10.00000000,8.00000000,7.58248946,5.28940646,0.78139484,0,0.41751054
0.01298000,10.00000000,8.00000000,7.59959046,5.37859970,0.78128102,0,0.40040954
0.01300000,10.00000000,8.00000000,7.61754391,5.46032383,0.78115335,0,0.38245609
0.01302000,10.00000000,8.00000000,7.63626018,5.53420031,0.78101297,0,0.36373982
0.01304000,10.00000000,8.00000000,7.65564620,5.59989166,0.78086108,0,0.34435380
0.01306000,10.00000000,8.00000000,7.67560588,5.65710304,0.78069892,0,0.32439412
0.01308000,10.00000000,8.00000000,7.69604066,5.70558359,0.78052690,0,0.30395934
0.01310000,10.00000000,8.00000000,7.71684997,5.74512385,0.78033979,0,0.28315003
0.01312000,10.00000000,8.00000000,7.73793158,5.77553407,0.78014644,0,0.26206842
0.01314000,10.00000000,8.00000000,7.75918216,5.79670100,0.77994839,0,0.24081784
0.01316000,10.00000000,8.00000000,7.78049795,5.80855898,0.77974718,0,0.21950205
0.01318000,10.00000000,8.00000000,7.80177530,5.81109003,0.77954438,0,0.19822470
0.01320000,10.00000000,8.00000000,7.82291120,5.80432384,0.77934160,0,0.17708880
0.01322000,10.00000000,8.00000000,7.84380382,5.78833746,0.77914046,0,0.15619618
0.01324000,10.00000000,8.00000000,7.86435299,5.76325485,0.77894253,0,0.13564701
0.01326000,10.00000000,8.00000000,7.88446073,5.72924591,0.77874935,0,0.11553927
0.01328000,10.00000000,8.00000000,7.90403174,5.68652536,0.77856252,0,0.09596826
0.01330000,10.00000000,8.00000000,7.92297385,5.63535186,0.77838364,0,0.07702615
0.01332000,10.00000000,8.00000000,7.94119854,5.57602661,0.77821428,0,0.05880146
0.01334000,10.00000000,8.00000000,7.95862131,5.50889167,0.77805595,0,0.04137869
0.01336000,10.00000000,8.00000000,7.97516216,5.43432812,0.77791014,0,0.02483784
0.01338000,10.00000000,8.00000000,7.99074596,5.35275395,0.77777823,0,0.00925404
0.01340000,10.00000000,8.00000000,8.00530281,5.26462180,0.77774796,0,-0.00530281
0.01342000,10.00000000,8.00000000,8.01877032,5.17076178,0.77786718,0,-0.01877032
0.01344000,10.00000000,8.00000000,8.03109683,5.07221830,0.77798476,0,-0.03109683
0.01346000,10.00000000,8.00000000,8.04223929,4.96945000,0.77810045,0,-0.04223929
0.01348000,10.00000000,8.00000000,8.05216006,4.86293064,0.77821441,0,-0.05216006
0.01350000,10.00000000,8.00000000,8.06082705,4.75314859,0.77832681,0,-0.06082705
0.01352000,10.00000000,8.00000000,8.06821381,4.64060461,0.77823495,0,-0.06821381
0.01354000,10.00000000,8.00000000,8.07429517,4.52499868,0.77809378,0,-0.07429517
0.01356000,10.00000000,8.00000000,8.07904624,4.40666083,0.77797054,0,-0.07904624
0.01358000,10.00000000,8.00000000,8.08244750,4.28619903,0.77786636,0,-0.08244750
0.01360000,10.00000000,8.00000000,8.08448631,4.16423216,0.77778226,0,-0.08448631
0.01362000,10.00000000,8.00000000,8.08515703,4.04138691,0.77771920,0,-0.08515703
0.01364000,10.00000000,8.00000000,8.08446098,3.91829468,0.77776278,0,-0.08446098
0.01366000,10.00000000,8.00000000,8.08240842,3.79592698,0.77790903,0,-0.08240842
0.01368000,10.00000000,8.00000000,8.07902014,3.67523333,0.77807548,0,-0.07902014
0.01370000,10.00000000,8.00000000,8.07432549,3.55682316,0.77826150,0,-0.07432549
0.01372000,10.00000000,8.00000000,8.06836032,3.44129033,0.77846660,0,-0.06836032
0.01374000,10.00000000,8.00000000,8.06116675,3.32921115,0.77869022,0,-0.06116675
0.01376000,10.00000000,8.00000000,8.05279297,3.22114164,0.77893172,0,-0.05279297
0.01378000,10.00000000,8.00000000,8.04329291,3.11761479,0.77919039,0,-0.04329291
0.01380000,10.00000000,8.00000000,8.03272598,3.01913805,0.77946541,0,-0.03272598
0.01382000,10.00000000,8.00000000,8.02115673,2.92619090,0.77975594,0,-0.02115673
0.01384000,10.00000000,8.00000000,8.00865451,2.83922252,0.78006101,0,-0.00865451
0.01386000,10.00000000,8.00000000,7.99529306,2.75864969,0.78030302,0,0.00470694
0.01388000,10.00000000,8.00000000,7.98114847,2.68454866,0.78040341,0,0.01885153
0.01390000,10.00000000,8.00000000,7.96629531,2.61665115,0.78050336,0,0.03370469
0.01392000,10.00000000,8.00000000,7.95080777,2.55522412,0.78060339,0,0.04919223
0.01394000,10.00000000,8.00000000,7.93476240,2.50050637,0.78070363,0,0.06523760
0.01396000,10.00000000,8.00000000,7.91823781,2.45270620,0.78080421,0,0.08176219
0.01398000,10.00000000,8.00000000,7.90131433,2.41200067,0.78090526,0,0.09868567
0.01400000,10.00000000,8.00000000,7.88407361,2.37853492,0.78100691,0,0.11592639
0.01402000,10.00000000,8.00000000,7.86659827,2.35242174,0.78114563,0,0.13340173
0.01404000,10.00000000,8.00000000,7.84897238,2.33388653,0.78150475,0,0.15102762
0.01406000,10.00000000,8.00000000,7.83128589,2.32385346,0.78187433,0,0.16871411
0.01408000,10.00000000,8.00000000,7.81363363,2.32236960,0.78225344,0,0.18636637
0.01410000,10.00000000,8.00000000,7.79611021,2.32944046,0.78264032,0,0.20388979
0.01412000,10.00000000,8.00000000,7.77880953,2.34502675,0.78303345,0,0.22119047
0.01414000,10.00000000,8.00000000,7.76182427,2.36904583,0.78343136,0,0.23817573
0.01416000,10.00000000,8.00000000,7.74524547,2.40137238,0.78383257,0,0.25475453
0.01418000,10.00000000,8.00000000,7.72916203,2.44183910,0.78423555,0,0.27083797
0.01420000,10.00000000,8.00000000,7.71366028,2.49023760,0.78463879,0,0.28633972
0.01422000,10.00000000,8.00000000,7.69882353,2.54631952,0.78504079,0,0.30117647
0.01424000,10.00000000,8.00000000,7.68473167,2.60979776,0.78543550,0,0.31526833
0.01426000,10.00000000,8.00000000,7.67146066,2.68032986,0.78582491,0,0.32853934
0.01428000,10.00000000,8.00000000,7.65908212,2.75755182,0.78620894,0,0.34091788
0.01430000,10.00000000,8.00000000,7.64766308,2.84107159,0.78658616,0,0.35233692
0.01432000,10.00000000,8.00000000,7.63726568,2.93046551,0.78695515,0,0.36273432
0.01434000,10.00000000,8.00000000,7.62794685,3.02528042,0.78731451,0,0.37205315
0.01436000,10.00000000,8.00000000,7.61975804,3.12503595,0.78766290,0,0.38024196
0.01438000,10.00000000,8.00000000,7.61274495,3.22922685,0.78799900,0,0.38725505
0.01440000,10.00000000,8.00000000,7.60694730,3.33732549,0.78832153,0,0.39305270
0.01442000,10.00000000,8.00000000,7.60239862,3.44878453,0.78862926,0,0.39760138
0.01444000,10.00000000,8.00000000,7.59912613,3.56303954,0.78892104,0,0.40087387
0.01446000,10.00000000,8.00000000,7.59715052,3.67951184,0.78919574,0,0.40284948
0.01448000,10.00000000,8.00000000,7.59648591,3.79761137,0.78945233,0,0.40351409
0.01450000,10.00000000,8.00000000,7.59713975,3.91673954,0.78960886,0,0.40286025
0.01452000,10.00000000,8.00000000,7.59911099,4.03596860,0.78966350,0,0.40088901
0.01454000,10.00000000,8.00000000,7.60238828,4.15436597,0.78969920,0,0.39761172
0.01456000,10.00000000,8.00000000,7.60695185,4.27133721,0.78971640,0,0.39304815
0.01458000,10.00000000,8.00000000,7.61277554,4.38629883,0.78971540,0,0.38722446
0.01460000,10.00000000,8.00000000,7.61982692,4.49868023,0.78969655,0,0.38017308
0.01462000,10.00000000,8.00000000,7.62806751,4.60792647,0.78966031,0,0.37193249
0.01464000,10.00000000,8.00000000,7.63745299,4.71350095,0.78960717,0,0.36254701
0.01466000,10.00000000,8.00000000,7.64793345,4.81488795,0.78953775,0,0.35206655
0.01468000,10.00000000,8.00000000,7.65945368,4.91159519,0.78945269,0,0.34054632
0.01470000,10.00000000,8.00000000,7.67195346,5.00315609,0.78935272,0,0.32804654
0.01472000,10.00000000,8.00000000,7.68536787,5.08913205,0.78923865,0,0.31463213
0.01474000,10.00000000,8.00000000,7.69962769,5.16911452,0.78910973,0,0.30037231
0.01476000,10.00000000,8.00000000,7.71465966,5.24272046,0.78896391,0,0.28534034
0.01478000,10.00000000,8.00000000,7.73038681,5.30958863,0.78880652,0,0.26961319
0.01480000,10.00000000,8.00000000,7.74672892,5.36941070,0.78863868,0,0.25327108
0.01482000,10.00000000,8.00000000,7.76360295,5.42191538,0.78846154,0,0.23639705
0.01484000,10.00000000,8.00000000,7.78092356,5.46686967,0.78827629,0,0.21907644
0.01486000,10.00000000,8.00000000,7.79860350,5.50407991,0.78808417,0,0.20139650
0.01488000,10.00000000,8.00000000,7.81655411,5.53339261,0.78788650,0,0.18344589
0.01490000,10.00000000,8.00000000,7.83468571,5.55469517,0.78768459,0,0.16531429
0.01492000,10.00000000,8.00000000,7.85290811,5.56791629,0.78747982,0,0.14709189
0.01494000,10.00000000,8.00000000,7.87113107,5.57302626,0.78727346,0,0.12886893
0.01496000,10.00000000,8.00000000,7.88926475,5.57003647,0.78706691,0,0.11073525
0.01498000,10.00000000,8.00000000,7.90722015,5.55899972,0.78686159,0,0.09277985
0.01500000,10.00000000,8.00000000,7.92490958,5.54000983,0.78665893,0,0.07509042
0.01502000,10.00000000,8.00000000,7.94224711,5.51320106,0.78646034,0,0.05775289
0.01504000,10.00000000,8.00000000,7.95914898,5.47874732,0.78626725,0,0.04085102
0.01506000,10.00000000,8.00000000,7.97553405,5.43686116,0.78608104,0,0.02446595
0.01508000,10.00000000,8.00000000,7.99132419,5.38779257,0.78590309,0,0.00867581
0.01510000,10.00000000,8.00000000,8.00644466,5.33182763,0.78583976,0,-0.00644466
0.01512000,10.00000000,8.00000000,8.02082684,5.26970671,0.78591677,0,-0.02082684
0.01514000,10.00000000,8.00000000,8.03441141,5.20229868,0.78599229,0,-0.03441141
0.01516000,10.00000000,8.00000000,8.04714598,5.12992720,0.78606602,0,-0.04714598
0.01518000,10.00000000,8.00000000,8.05898215,5.05293496,0.78613806,0,-0.05898215
0.01520000,10.00000000,8.00000000,8.06987568,4.97168353,0.78620851,0,-0.06987568
0.01522000,10.00000000,8.00000000,8.07978669,4.88655173,0.78619145,0,-0.07978669
0.01524000,10.00000000,8.00000000,8.08867789,4.79759005,0.78599848,0,-0.08867789
0.01526000,10.00000000,8.00000000,8.09651088,4.70451029,0.78581731,0,-0.09651088
0.01528000,10.00000000,8.00000000,8.10324853,4.60779061,0.78564914,0,-0.10324853
0.01530000,10.00000000,8.00000000,8.10885932,4.50792759,0.78549507,0,-0.10885932
0.01532000,10.00000000,8.00000000,8.11331751,4.40543374,0.78535619,0,-0.11331751
0.01534000,10.00000000,8.00000000,8.11660323,4.30083503,0.78523350,0,-0.11660323
0.01536000,10.00000000,8.00000000,8.11870262,4.19466818,0.78512795,0,-0.11870262
0.01538000,10.00000000,8.00000000,8.11960791,4.08747801,0.78504040,0,-0.11960791
0.01540000,10.00000000,8.00000000,8.11931741,3.97981474,0.78500715,0,-0.11931741
0.01542000,10.00000000,8.00000000,8.11783638,3.87237309,0.78510316,0,-0.11783638
0.01544000,10.00000000,8.00000000,8.11517935,3.76614376,0.78521709,0,-0.11517935
0.01546000,10.00000000,8.00000000,8.11136927,3.66166441,0.78534830,0,-0.11136927
0.01548000,10.00000000,8.00000000,8.10643483,3.55945987,0.78549641,0,-0.10643483
0.01550000,10.00000000,8.00000000,8.10041031,3.46004080,0.78566095,0,-0.10041031
0.01552000,10.00000000,8.00000000,8.09333538,3.36390119,0.78584139,0,-0.09333538
0.01554000,10.00000000,8.00000000,8.08525483,3.27151600,0.78603712,0,-0.08525483
0.01556000,10.00000000,8.00000000,8.07621838,3.18333886,0.78624747,0,-0.07621838
0.01558000,10.00000000,8.00000000,8.06628035,3.09979991,0.78647170,0,-0.06628035
0.01560000,10.00000000,8.00000000,8.05549939,3.02130372,0.78670902,0,-0.05549939
0.01562000,10.00000000,8.00000000,8.04393817,2.94822735,0.78695853,0,-0.04393817
0.01564000,10.00000000,8.00000000,8.03166300,2.88091861,0.78721934,0,-0.03166300
0.01566000,10.00000000,8.00000000,8.01874355,2.81969436,0.78749043,0,-0.01874355
0.01568000,10.00000000,8.00000000,8.00525239,2.76483908,0.78777077,0,-0.00525239
0.01570000,10.00000000,8.00000000,7.99126469,2.71660347,0.78791697,0,0.00873531
0.01572000,10.00000000,8.00000000,7.97685461,2.67463463,0.78797739,0,0.02314539
0.01574000,10.00000000,8.00000000,7.96209292,2.63874412,0.78803807,0,0.03790708
0.01576000,10.00000000,8.00000000,7.94704964,2.60905970,0.78809936,0,0.05295036
0.01578000,10.00000000,8.00000000,7.93179568,2.58568224,0.78816133,0,0.06820432
0.01580000,10.00000000,8.00000000,7.91640253,2.56868447,0.78822407,0,0.08359747
0.01582000,10.00000000,8.00000000,7.90094192,2.55811082,0.78828767,0,0.09905808
0.01584000,10.00000000,8.00000000,7.88548552,2.55397734,0.78835219,0,0.11451448
0.01586000,10.00000000,8.00000000,7.87010462,2.55627175,0.78864444,0,0.12989538
0.01588000,10.00000000,8.00000000,7.85487486,2.56585998,0.78896477,0,0.14512514
0.01590000,10.00000000,8.00000000,7.83987645,2.58277783,0.78928989,0,0.16012355
0.01592000,10.00000000,8.00000000,7.82518884,2.60693599,0.78961850,0,0.17481116
0.01594000,10.00000000,8.00000000,7.81088989,2.63820848,0.78994929,0,0.18911011
0.01596000,10.00000000,8.00000000,7.79705538,2.67643329,0.79028105,0,0.20294462
0.01598000,10.00000000,8.00000000,7.78375872,2.72141377,0.79061253,0,0.21624128
0.01600000,10.00000000,8.00000000,7.77107054,2.77291945,0.79094220,0,0.22892946
0.01602000,10.00000000,8.00000000,7.75905831,2.83068609,0.79126874,0,0.24094169
0.01604000,10.00000000,8.00000000,7.74778606,2.89441784,0.79159082,0,0.25221394
0.01606000,10.00000000,8.00000000,7.73731399,2.96378871,0.79190714,0,0.26268601
0.01608000,10.00000000,8.00000000,7.72769821,3.03844425,0.79221643,0,0.27230179
0.01610000,10.00000000,8.00000000,7.71899044,3.11800332,0.79251743,0,0.28100956
0.01612000,10.00000000,8.00000000,7.71123774,3.20205998,0.79280892,0,0.28876226
0.01614000,10.00000000,8.00000000,7.70448229,3.29018555,0.79308972,0,0.29551771
0.01616000,10.00000000,8.00000000,7.69876119,3.38193074,0.79335866,0,0.30123881
0.01618000,10.00000000,8.00000000,7.69410621,3.47682791,0.79361279,0,0.30589379
0.01620000,10.00000000,8.00000000,7.69054368,3.57438589,0.79385317,0,0.30945632
0.01622000,10.00000000,8.00000000,7.68809426,3.67410837,0.79407903,0,0.31190574
0.01624000,10.00000000,8.00000000,7.68677299,3.77548880,0.79428942,0,0.31322701
0.01626000,10.00000000,8.00000000,7.68658911,3.87801206,0.79448350,0,0.31341089
0.01628000,10.00000000,8.00000000,7.68754611,3.98115702,0.79454254,0,0.31245389
0.01630000,10.00000000,8.00000000,7.68963903,4.08392783,0.79456199,0,0.31036097
0.01632000,10.00000000,8.00000000,7.69285405,4.18571427,0.79456506,0,0.30714595
0.01634000,10.00000000,8.00000000,7.69717119,4.28600580,0.79455207,0,0.30282881
0.01636000,10.00000000,8.00000000,7.70256501,4.38430222,0.79452157,0,0.29743499
0.01638000,10.00000000,8.00000000,7.70900469,4.48010884,0.79447464,0,0.29099531
0.01640000,10.00000000,8.00000000,7.71645417,4.57294861,0.79441237,0,0.28354583
0.01642000,10.00000000,8.00000000,7.72487244,4.66236433,0.79433530,0,0.27512756
0.01644000,10.00000000,8.00000000,7.73421376,4.74791824,0.79424402,0,0.26578624
0.01646000,10.00000000,8.00000000,7.74442789,4.82919419,0.79413919,0,0.25557211
0.01648000,10.00000000,8.00000000,7.75546039,4.90579960,0.79402152,0,0.24453961
0.01650000,10.00000000,8.00000000,7.76725293,4.97736733,0.79389180,0,0.23274707
0.01652000,10.00000000,8.00000000,7.77974356,5.04355744,0.79375088,0,0.22025644
0.01654000,10.00000000,8.00000000,7.79286709,5.10405879,0.79359963,0,0.20713291
0.01656000,10.00000000,8.00000000,7.80655540,5.15859048,0.79343912,0,0.19344460
0.01658000,10.00000000,8.00000000,7.82073779,5.20690358,0.79327024,0,0.17926221
0.01660000,10.00000000,8.00000000,7.83534140,5.24878150,0.79309398,0,0.16465860
0.01662000,10.00000000,8.00000000,7.85029156,5.28404113,0.79291142,0,0.14970844
0.01664000,10.00000000,8.00000000,7.86551215,5.31253381,0.79272368,0,0.13448785
0.01666000,10.00000000,8.00000000,7.88092605,5.33414603,0.79253190,0,0.11907395
0.01668000,10.00000000,8.00000000,7.89645547,5.34879987,0.79233726,0,0.10354453
0.01670000,10.00000000,8.00000000,7.91202242,5.35645328,0.79214096,0,0.08797758
0.01672000,10.00000000,8.00000000,7.92754907,5.35710019,0.79194423,0,0.07245093
0.01674000,10.00000000,8.00000000,7.94295813,5.35077048,0.79174829,0,0.05704187
0.01676000,10.00000000,8.00000000,7.95817329,5.33752964,0.79155438,0,0.04182671
0.01678000,10.00000000,8.00000000,7.97311958,5.31747841,0.79136374,0,0.02688042
0.01680000,10.00000000,8.00000000,7.98772375,5.29075211,0.79117759,0,0.01227625
0.01682000,10.00000000,8.00000000,8.00191465,5.25751987,0.79102831,0,-0.00191465
0.01684000,10.00000000,8.00000000,8.01562425,5.21810821,0.79107816,0,-0.01562425
0.01686000,10.00000000,8.00000000,8.02879230,5.17351861,0.79112699,0,-0.02879230
0.01688000,10.00000000,8.00000000,8.04136564,5.12397430,0.79117429,0,-0.04136564
0.01690000,10.00000000,8.00000000,8.05329398,5.06971723,0.79122012,0,-0.05329398
0.01692000,10.00000000,8.00000000,8.06453011,5.01100908,0.79126454,0,-0.06453011
0.01694000,10.00000000,8.00000000,8.07503008,4.94812997,0.79130761,0,-0.07503008
0.01696000,10.00000000,8.00000000,8.08475340,4.88137721,0.79116293,0,-0.08475340
0.01698000,10.00000000,8.00000000,8.09365903,4.81031849,0.79096710,0,-0.09365903
0.01700000,10.00000000,8.00000000,8.10170450,4.73508486,0.79077990,0,-0.10170450
0.01702000,10.00000000,8.00000000,8.10885044,4.65606290,0.79060241,0,-0.10885044
0.01704000,10.00000000,8.00000000,8.11506211,4.57365837,0.79043569,0,-0.11506211
0.01706000,10.00000000,8.00000000,8.12030952,4.48829422,0.79028074,0,-0.12030952
0.01708000,10.00000000,8.00000000,8.12456766,4.40040841,0.79013853,0,-0.12456766
0.01710000,10.00000000,8.00000000,8.12781655,4.31045177,0.79000996,0,-0.12781655
0.01712000,10.00000000,8.00000000,8.13004139,4.21888572,0.78989589,0,-0.13004139
0.01714000,10.00000000,8.00000000,8.13123262,4.12617995,0.78979711,0,-0.13123262
0.01716000,10.00000000,8.00000000,8.13138598,4.03281009,0.78971434,0,-0.13138598
0.01718000,10.00000000,8.00000000,8.13050251,3.93925530,0.78975626,0,-0.13050251
0.01720000,10.00000000,8.00000000,8.12859098,3.84642761,0.78983280,0,-0.12859098
0.01722000,10.00000000,8.00000000,8.12566816,3.75487363,0.78992462,0,-0.12566816
0.01724000,10.00000000,8.00000000,8.12175635,3.66505469,0.79003136,0,-0.12175635
0.01726000,10.00000000,8.00000000,8.11688275,3.57742075,0.79015262,0,-0.11688275
0.01728000,10.00000000,8.00000000,8.11107934,3.49240842,0.79028798,0,-0.11107934
0.01730000,10.00000000,8.00000000,8.10438266,3.41043883,0.79043693,0,-0.10438266
0.01732000,10.00000000,8.00000000,8.09683362,3.33191563,0.79059891,0,-0.09683362
0.01734000,10.00000000,8.00000000,8.08847730,3.25722300,0.79077330,0,-0.08847730
0.01736000,10.00000000,8.00000000,8.07936262,3.18672381,0.79095942,0,-0.07936262
0.01738000,10.00000000,8.00000000,8.06954217,3.12075792,0.79115653,0,-0.06954217
0.01740000,10.00000000,8.00000000,8.05907184,3.05964055,0.79136384,0,-0.05907184
0.01742000,10.00000000,8.00000000,8.04801060,3.00366074,0.79158051,0,-0.04801060
0.01744000,10.00000000,8.00000000,8.03642011,2.95308007,0.79180566,0,-0.03642011
0.01746000,10.00000000,8.00000000,8.02436444,2.90813140,0.79203834,0,-0.02436444
0.01748000,10.00000000,8.00000000,8.01190973,2.86901777,0.79227759,0,-0.01190973
0.01750000,10.00000000,8.00000000,7.99912382,2.83591151,0.79250812,0,0.00087618
0.01752000,10.00000000,8.00000000,7.98607559,2.80889654,0.79254489,0,0.01392441
0.01754000,10.00000000,8.00000000,7.97283024,2.78728938,0.79258177,0,0.02716976
0.01756000,10.00000000,8.00000000,7.95944916,2.77115709,0.79261935,0,0.04055084
0.01758000,10.00000000,8.00000000,7.94599405,2.76054442,0.79265770,0,0.05400595
0.01760000,10.00000000,8.00000000,7.93252660,2.75547169,0.79269686,0,0.06747340
0.01762000,10.00000000,8.00000000,7.91910828,2.75593479,0.79273688,0,0.08089172
0.01764000,10.00000000,8.00000000,7.90580001,2.76190531,0.79277780,0,0.09419999
0.01766000,10.00000000,8.00000000,7.89266193,2.77333077,0.79295760,0,0.10733807
0.01768000,10.00000000,8.00000000,7.87975621,2.79068637,0.79322912,0,0.12024379
0.01770000,10.00000000,8.00000000,7.86714873,2.81423291,0.79350314,0,0.13285127
0.01772000,10.00000000,8.00000000,7.85490579,2.84384780,0.79377852,0,0.14509421
0.01774000,10.00000000,8.00000000,7.84309178,2.87937769,0.79405408,0,0.15690822
0.01776000,10.00000000,8.00000000,7.83176886,2.92063924,0.79432866,0,0.16823114
0.01778000,10.00000000,8.00000000,7.82099668,2.96742008,0.79460110,0,0.17900332
0.01780000,10.00000000,8.00000000,7.81083202,3.01947990,0.79487025,0,0.18916798
0.01782000,10.00000000,8.00000000,7.80132855,3.07655168,0.79513497,0,0.19867145
0.01784000,10.00000000,8.00000000,7.79253653,3.13834305,0.79539414,0,0.20746347
0.01786000,10.00000000,8.00000000,7.78450259,3.20453778,0.79564665,0,0.21549741
0.01788000,10.00000000,8.00000000,7.77726946,3.27479732,0.79589143,0,0.22273054
0.01790000,10.00000000,8.00000000,7.77087575,3.34876259,0.79612744,0,0.22912425
0.01792000,10.00000000,8.00000000,7.76535580,3.42605568,0.79635366,0,0.23464420
0.01794000,10.00000000,8.00000000,7.76073946,3.50628184,0.79656912,0,0.23926054
0.01796000,10.00000000,8.00000000,7.75705196,3.58903137,0.79677289,0,0.24294804
0.01798000,10.00000000,8.00000000,7.75431378,3.67388171,0.79696409,0,0.24568622
0.01800000,10.00000000,8.00000000,7.75254054,3.76039955,0.79714188,0,0.24745946
0.01802000,10.00000000,8.00000000,7.75174292,3.84814300,0.79730548,0,0.24825708
0.01804000,10.00000000,8.00000000,7.75192662,3.93666376,0.79743148,0,0.24807338
0.01806000,10.00000000,8.00000000,7.75309180,4.02541862,0.79744342,0,0.24690820
0.01808000,10.00000000,8.00000000,7.75523092,4.11356000,0.79744046,0,0.24476908
0.01810000,10.00000000,8.00000000,7.75832929,4.20064145,0.79742304,0,0.24167071
0.01812000,10.00000000,8.00000000,7.76236743,4.28622521,0.79739144,0,0.23763257
0.01814000,10.00000000,8.00000000,7.76732115,4.36988331,0.79734598,0,0.23267885
0.01816000,10.00000000,8.00000000,7.77316172,4.45119967,0.79728703,0,0.22683828
0.01818000,10.00000000,8.00000000,7.77985605,4.52977209,0.79721504,0,0.22014395
0.01820000,10.00000000,8.00000000,7.78736683,4.60521420,0.79713049,0,0.21263317
0.01822000,10.00000000,8.00000000,7.79565281,4.67715735,0.79703396,0,0.20434719
0.01824000,10.00000000,8.00000000,7.80466897,4.74525236,0.79692603,0,0.19533103
0.01826000,10.00000000,8.00000000,7.81436679,4.80917118,0.79680737,0,0.18563321
0.01828000,10.00000000,8.00000000,7.82469450,4.86860849,0.79667869,0,0.17530550
0.01830000,10.00000000,8.00000000,7.83559737,4.92328311,0.79654076,0,0.16440263
0.01832000,10.00000000,8.00000000,7.84701802,4.97293933,0.79639437,0,0.15298198
0.01834000,10.00000000,8.00000000,7.85889667,5.01734813,0.79624039,0,0.14110333
0.01836000,10.00000000,8.00000000,7.87117151,5.05630819,0.79607969,0,0.12882849
0.01838000,10.00000000,8.00000000,7.88377898,5.08964686,0.79591322,0,0.11622102
0.01840000,10.00000000,8.00000000,7.89665414,5.11722093,0.79574192,0,0.10334586
0.01842000,10.00000000,8.00000000,7.90973098,5.13891719,0.79556680,0,0.09026902
0.01844000,10.00000000,8.00000000,7.92294277,5.15465300,0.79538886,0,0.07705723
0.01846000,10.00000000,8.00000000,7.93622241,5.16437654,0.79520915,0,0.06377759
0.01848000,10.00000000,8.00000000,7.94950276,5.16806700,0.79502871,0,0.05049724
0.01850000,10.00000000,8.00000000,7.96271700,5.16573458,0.79484861,0,0.03728300
0.01852000,10.00000000,8.00000000,7.97579898,5.15742033,0.79466992,0,0.02420102
0.01854000,10.00000000,8.00000000,7.98868350,5.14319586,0.79449370,0,0.01131650
0.01856000,10.00000000,8.00000000,8.00130673,5.12316285,0.79434225,0,-0.00130673
0.01858000,10.00000000,8.00000000,8.01360691,5.09753735,0.79437432,0,-0.01360691
0.01860000,10.00000000,8.00000000,8.02552872,5.06719407,0.79440562,0,-0.02552872
0.01862000,10.00000000,8.00000000,8.03702282,5.03229121,0.79443570,0,-0.03702282
0.01864000,10.00000000,8.00000000,8.04804202,4.99300444,0.79446456,0,-0.04804202
0.01866000,10.00000000,8.00000000,8.05854143,4.94952793,0.79449224,0,-0.05854143
0.01868000,10.00000000,8.00000000,8.06847868,4.90207347,0.79451880,0,-0.06847868
0.01870000,10.00000000,8.00000000,8.07781406,4.85086942,0.79442116,0,-0.07781406
0.01872000,10.00000000,8.00000000,8.08650795,4.79566762,0.79423292,0,-0.08650795
0.01874000,10.00000000,8.00000000,8.09451906,4.73637045,0.79405061,0,-0.09451906
0.01876000,10.00000000,8.00000000,8.10180747,4.67328290,0.79387525,0,-0.10180747
0.01878000,10.00000000,8.00000000,8.10833697,4.60672917,0.79370780,0,-0.10833697
0.01880000,10.00000000,8.00000000,8.11407524,4.53705108,0.79354920,0,-0.11407524
0.01882000,10.00000000,8.00000000,8.11899403,4.46460629,0.79340035,0,-0.11899403
0.01884000,10.00000000,8.00000000,8.12306926,4.38976656,0.79326210,0,-0.12306926
0.01886000,10.00000000,8.00000000,8.12628120,4.31291582,0.79313528,0,-0.12628120
0.01888000,10.00000000,8.00000000,8.12861452,4.23444832,0.79302065,0,-0.12861452
0.01890000,10.00000000,8.00000000,8.13005841,4.15476656,0.79291892,0,-0.13005841
0.01892000,10.00000000,8.00000000,8.13060661,4.07427934,0.79283076,0,-0.13060661
0.01894000,10.00000000,8.00000000,8.13025743,3.99339968,0.79279946,0,-0.13025743
0.01896000,10.00000000,8.00000000,8.12901477,3.91271344,0.79284928,0,-0.12901477
0.01898000,10.00000000,8.00000000,8.12688947,3.83290054,0.79291264,0,-0.12688947
0.01900000,10.00000000,8.00000000,8.12389837,3.75436503,0.79298913,0,-0.12389837
0.01902000,10.00000000,8.00000000,8.12006260,3.67750159,0.79307842,0,-0.12006260
0.01904000,10.00000000,8.00000000,8.11540751,3.60269443,0.79318018,0,-0.11540751
0.01906000,10.00000000,8.00000000,8.10996249,3.53031537,0.79329398,0,-0.10996249
0.01908000,10.00000000,8.00000000,8.10376083,3.46072202,0.79341937,0,-0.10376083
0.01910000,10.00000000,8.00000000,8.09683949,3.39425609,0.79355581,0,-0.09683949
0.01912000,10.00000000,8.00000000,8.08923892,3.33124172,0.79370274,0,-0.08923892
0.01914000,10.00000000,8.00000000,8.08100283,3.27198391,0.79385954,0,-0.08100283
0.01916000,10.00000000,8.00000000,8.07217798,3.21676709,0.79402554,0,-0.07217798
0.01918000,10.00000000,8.00000000,8.06281385,3.16585377,0.79420003,0,-0.06281385
0.01920000,10.00000000,8.00000000,8.05296249,3.11948330,0.79438226,0,-0.05296249
0.01922000,10.00000000,8.00000000,8.04267812,3.07787072,0.79457143,0,-0.04267812
0.01924000,10.00000000,8.00000000,8.03201695,3.04120580,0.79476669,0,-0.03201695
0.01926000,10.00000000,8.00000000,8.02103682,3.00965217,0.79496720,0,-0.02103682
0.01928000,10.00000000,8.00000000,8.00979689,2.98334658,0.79517205,0,-0.00979689
0.01930000,10.00000000,8.00000000,7.99835740,2.96239829,0.79535363,0,0.00164260
0.01932000,10.00000000,8.00000000,7.98677869,2.94678196,0.79537604,0,0.01322131
0.01934000,10.00000000,8.00000000,7.97511734,2.93590506,0.79539870,0,0.02488266
0.01936000,10.00000000,8.00000000,7.96342648,2.92979099,0.79542206,0,0.03657352
0.01938000,10.00000000,8.00000000,7.95175908,2.92844379,0.79544618,0,0.04824092
0.01940000,10.00000000,8.00000000,7.94016776,2.93184654,0.79547107,0,0.05983224
0.01942000,10.00000000,8.00000000,7.92870454,2.93996147,0.79549676,0,0.07129546
0.01944000,10.00000000,8.00000000,7.91742062,2.95273031,0.79552328,0,0.08257938
0.01946000,10.00000000,8.00000000,7.90636616,2.97007454,0.79571932,0,0.09363384
0.01948000,10.00000000,8.00000000,7.89559378,2.99257017,0.79594938,0,0.10440622
0.01950000,10.00000000,8.00000000,7.88515910,3.02022929,0.79618017,0,0.11484090
0.01952000,10.00000000,8.00000000,7.87511669,3.05290878,0.79641067,0,0.12488331
0.01954000,10.00000000,8.00000000,7.86551908,3.09043998,0.79663987,0,0.13448092
0.01956000,10.00000000,8.00000000,7.85641652,3.13262964,0.79686675,0,0.14358348
0.01958000,10.00000000,8.00000000,7.84785669,3.17926083,0.79709031,0,0.15214331
0.01960000,10.00000000,8.00000000,7.83988449,3.23009414,0.79730957,0,0.16011551
0.01962000,10.00000000,8.00000000,7.83254179,3.28486881,0.79752356,0,0.16745821
0.01964000,10.00000000,8.00000000,7.82586724,3.34330409,0.79773132,0,0.17413276
0.01966000,10.00000000,8.00000000,7.81989605,3.40510069,0.79793193,0,0.18010395
0.01968000,10.00000000,8.00000000,7.81465982,3.46994221,0.79812450,0,0.18534018
0.01970000,10.00000000,8.00000000,7.81018638,3.53749682,0.79830817,0,0.18981362
0.01972000,10.00000000,8.00000000,7.80649968,3.60741886,0.79848211,0,0.19350032
0.01974000,10.00000000,8.00000000,7.80361960,3.67935061,0.79864554,0,0.19638040
0.01976000,10.00000000,8.00000000,7.80156191,3.75292407,0.79879771,0,0.19843809
0.01978000,10.00000000,8.00000000,7.80033816,3.82776282,0.79893794,0,0.19966184
0.01980000,10.00000000,8.00000000,7.79995563,3.90348391,0.79906558,0,0.20004437
0.01982000,10.00000000,8.00000000,7.80041729,3.97969976,0.79912321,0,0.19958271
0.01984000,10.00000000,8.00000000,7.80172052,4.05579298,0.79912053,0,0.19827948
0.01986000,10.00000000,8.00000000,7.80385609,4.13118731,0.79910509,0,0.19614391
0.01988000,10.00000000,8.00000000,7.80680953,4.20550150,0.79907720,0,0.19319047
0.01990000,10.00000000,8.00000000,7.81056228,4.27836221,0.79903713,0,0.18943772
0.01992000,10.00000000,8.00000000,7.81509175,4.34940541,0.79898520,0,0.18490825
0.01994000,10.00000000,8.00000000,7.82037156,4.41827808,0.79892177,0,0.17962844
0.01996000,10.00000000,8.00000000,7.82637159,4.48463999,0.79884725,0,0.17362841
0.01998000,10.00000000,8.00000000,7.83305821,4.54816532,0.79876211,0,0.16694179
0.02000000,10.00000000,8.00000000,7.84039446,4.60854423,0.79866686,0,0.15960554
0.02002000,10.00000000,8.00000000,7.84834023,4.66548435,0.79856207,0,0.15165977
0.02004000,10.00000000,8.00000000,7.85685253,4.71871220,0.79844833,0,0.14314747
0.02006000,10.00000000,8.00000000,7.86588564,4.76797444,0.79832629,0,0.13411436
0.02008000,10.00000000,8.00000000,7.87539145,4.81303913,0.79819666,0,0.12460855
0.02010000,10.00000000,8.00000000,7.88531965,4.85369674,0.79806014,0,0.11468035
0.02012000,10.00000000,8.00000000,7.89561800,4.88976122,0.79791751,0,0.10438200
0.02014000,10.00000000,8.00000000,7.90623266,4.92107074,0.79776956,0,0.09376734
0.02016000,10.00000000,8.00000000,7.91710840,4.94748852,0.79761711,0,0.08289160
0.02018000,10.00000000,8.00000000,7.92818893,4.96890337,0.79746102,0,0.07181107
0.02020000,10.00000000,8.00000000,7.93941720,4.98523017,0.79730215,0,0.06058280
0.02022000,10.00000000,8.00000000,7.95073567,4.99641025,0.79714140,0,0.04926433
0.02024000,10.00000000,8.00000000,7.96208660,5.00241153,0.79697968,0,0.03791340
0.02026000,10.00000000,8.00000000,7.97341238,5.00322864,0.79681788,0,0.02658762
0.02028000,10.00000000,8.00000000,7.98465581,4.99888285,0.79665695,0,0.01534419
0.02030000,10.00000000,8.00000000,7.99576038,4.98942183,0.79649778,0,0.00423962
0.02032000,10.00000000,8.00000000,8.00667057,4.97491937,0.79644967,0,-0.00667057
0.02034000,10.00000000,8.00000000,8.01733453,4.95590800,0.79647001,0,-0.01733453
0.02036000,10.00000000,8.00000000,8.02770577,4.93276949,0.79648953,0,-0.02770577
0.02038000,10.00000000,8.00000000,8.03774083,4.90562640,0.79650807,0,-0.03774083
0.02040000,10.00000000,8.00000000,8.04739797,4.87461766,0.79652564,0,-0.04739797
0.02042000,10.00000000,8.00000000,8.05663729,4.83989858,0.79654225,0,-0.05663729
0.02044000,10.00000000,8.00000000,8.06542093,4.80164015,0.79655795,0,-0.06542093
0.02046000,10.00000000,8.00000000,8.07371322,4.76002818,0.79639064,0,-0.07371322
0.02048000,10.00000000,8.00000000,8.08147677,4.71453444,0.79621985,0,-0.08147677
0.02050000,10.00000000,8.00000000,8.08867263,4.66536442,0.79605371,0,-0.08867263
0.02052000,10.00000000,8.00000000,8.09526460,4.61277111,0.79589309,0,-0.09526460
0.02054000,10.00000000,8.00000000,8.10121958,4.55702490,0.79573886,0,-0.10121958
0.02056000,10.00000000,8.00000000,8.10650774,4.49841221,0.79559185,0,-0.10650774
0.02058000,10.00000000,8.00000000,8.11110268,4.43723404,0.79545286,0,-0.11110268
0.02060000,10.00000000,8.00000000,8.11498154,4.37380445,0.79532266,0,-0.11498154
0.02062000,10.00000000,8.00000000,8.11812513,4.30844898,0.79520197,0,-0.11812513
0.02064000,10.00000000,8.00000000,8.12051806,4.24150301,0.79509149,0,-0.12051806
0.02066000,10.00000000,8.00000000,8.12214875,4.17331006,0.79499185,0,-0.12214875
0.02068000,10.00000000,8.00000000,8.12300955,4.10422007,0.79490365,0,-0.12300955
0.02070000,10.00000000,8.00000000,8.12309675,4.03458762,0.79482744,0,-0.12309675
0.02072000,10.00000000,8.00000000,8.12241061,3.96477017,0.79484753,0,-0.12241061
0.02074000,10.00000000,8.00000000,8.12095720,3.89546133,0.79489025,0,-0.12095720
0.02076000,10.00000000,8.00000000,8.11874862,3.82705626,0.79494452,0,-0.11874862
0.02078000,10.00000000,8.00000000,8.11580098,3.75990010,0.79501005,0,-0.11580098
0.02080000,10.00000000,8.00000000,8.11213408,3.69432969,0.79508657,0,-0.11213408
0.02082000,10.00000000,8.00000000,8.10777131,3.63067212,0.79517373,0,-0.10777131
0.02084000,10.00000000,8.00000000,8.10273948,3.56924305,0.79527115,0,-0.10273948
0.02086000,10.00000000,8.00000000,8.09706867,3.51034525,0.79537840,0,-0.09706867
0.02088000,10.00000000,8.00000000,8.09079209,3.45426710,0.79549501,0,-0.09079209
0.02090000,10.00000000,8.00000000,8.08394585,3.40128119,0.79562045,0,-0.08394585
0.02092000,10.00000000,8.00000000,8.07656881,3.35164304,0.79575416,0,-0.07656881
0.02094000,10.00000000,8.00000000,8.06870233,3.30558988,0.79589555,0,-0.06870233
0.02096000,10.00000000,8.00000000,8.06039008,3.26333950,0.79604397,0,-0.06039008
0.02098000,10.00000000,8.00000000,8.05167776,3.22508926,0.79619874,0,-0.05167776
0.02100000,10.00000000,8.00000000,8.04261291,3.19101516,0.79635917,0,-0.04261291
0.02102000,10.00000000,8.00000000,8.03324463,3.16127104,0.79652450,0,-0.03324463
0.02104000,10.00000000,8.00000000,8.02362333,3.13598785,0.79669397,0,-0.02362333
0.02106000,10.00000000,8.00000000,8.01380044,3.11527315,0.79686681,0,-0.01380044
0.02108000,10.00000000,8.00000000,8.00382819,3.09921055,0.79704219,0,-0.00382819
0.02110000,10.00000000,8.00000000,7.99375929,3.08785946,0.79711797,0,0.00624071
0.02112000,10.00000000,8.00000000,7.98364447,3.08084987,0.79713171,0,0.01635553
0.02114000,10.00000000,8.00000000,7.97353076,3.07794245,0.79714592,0,0.02646924
0.02116000,10.00000000,8.00000000,7.96346359,3.07912957,0.79716080,0,0.03653641
0.02118000,10.00000000,8.00000000,7.95348795,3.08438626,0.79717637,0,0.04651205
0.02120000,10.00000000,8.00000000,7.94364821,3.09366978,0.79719265,0,0.05635179
0.02122000,10.00000000,8.00000000,7.93398790,3.10691983,0.79720963,0,0.06601210
0.02124000,10.00000000,8.00000000,7.92454957,3.12405895,0.79730095,0,0.07545043
0.02126000,10.00000000,8.00000000,7.91537621,3.14528715,0.79749515,0,0.08462379
0.02128000,10.00000000,8.00000000,7.90651333,3.17090096,0.79768961,0,0.09348667
0.02130000,10.00000000,8.00000000,7.89800707,3.20076794,0.79788343,0,0.10199293
0.02132000,10.00000000,8.00000000,7.88990175,3.23473397,0.79807574,0,0.11009825
0.02134000,10.00000000,8.00000000,7.88223961,3.27262411,0.79826566,0,0.11776039
0.02136000,10.00000000,8.00000000,7.87506062,3.31424346,0.79845233,0,0.12493938
0.02138000,10.00000000,8.00000000,7.86840224,3.35937815,0.79863489,0,0.13159776
0.02140000,10.00000000,8.00000000,7.86229926,3.40779645,0.79881250,0,0.13770074
0.02142000,10.00000000,8.00000000,7.85678364,3.45924994,0.79898435,0,0.14321636
0.02144000,10.00000000,8.00000000,7.85188429,3.51347476,0.79914966,0,0.14811571
0.02146000,10.00000000,8.00000000,7.84762697,3.57019294,0.79930766,0,0.15237303
0.02148000,10.00000000,8.00000000,7.84403415,3.62911383,0.79945761,0,0.15596585
0.02150000,10.00000000,8.00000000,7.84112489,3.68993553,0.79959883,0,0.15887511
0.02152000,10.00000000,8.00000000,7.83891475,3.75234645,0.79973065,0,0.16108525
0.02154000,10.00000000,8.00000000,7.83741568,3.81602683,0.79985246,0,0.16258432
0.02156000,10.00000000,8.00000000,7.83663601,3.88065041,0.79996368,0,0.16336399
0.02158000,10.00000000,8.00000000,7.83658037,3.94588603,0.80006379,0,0.16341963
0.02160000,10.00000000,8.00000000,7.83724968,4.01139930,0.80007020,0,0.16275032
0.02162000,10.00000000,8.00000000,7.83863931,4.07652617,0.80005850,0,0.16136069
0.02164000,10.00000000,8.00000000,7.84073899,4.14090796,0.80003591,0,0.15926101
0.02166000,10.00000000,8.00000000,7.84353474,4.20421978,0.80000265,0,0.15646526
0.02168000,10.00000000,8.00000000,7.84700907,4.26614392,0.79995898,0,0.15299093
0.02170000,10.00000000,8.00000000,7.85114112,4.32637133,0.79990519,0,0.14885888
0.02172000,10.00000000,8.00000000,7.85590679,4.38460319,0.79984163,0,0.14409321
0.02174000,10.00000000,8.00000000,7.86127884,4.44055229,0.79976868,0,0.13872116
0.02176000,10.00000000,8.00000000,7.86722710,4.49394448,0.79968677,0,0.13277290
0.02178000,10.00000000,8.00000000,7.87371859,4.54451995,0.79959638,0,0.12628141
0.02180000,10.00000000,8.00000000,7.88071772,4.59203449,0.79949801,0,0.11928228
0.02182000,10.00000000,8.00000000,7.88818649,4.63626070,0.79939222,0,0.11181351
0.02184000,10.00000000,8.00000000,7.89608468,4.67698897,0.79927959,0,0.10391532
0.02186000,10.00000000,8.00000000,7.90437009,4.71402857,0.79916074,0,0.09562991
0.02188000,10.00000000,8.00000000,7.91299872,4.74720848,0.79903632,0,0.08700128
0.02190000,10.00000000,8.00000000,7.92192507,4.77637816,0.79890701,0,0.07807493
0.02192000,10.00000000,8.00000000,7.93110231,4.80140829,0.79877351,0,0.06889769
0.02194000,10.00000000,8.00000000,7.94048257,4.82219131,0.79863655,0,0.05951743
0.02196000,10.00000000,8.00000000,7.95001718,4.83864189,0.79849687,0,0.04998282
0.02198000,10.00000000,8.00000000,7.95965691,4.85069725,0.79835525,0,0.04034309
0.02200000,10.00000000,8.00000000,7.96935223,4.85831744,0.79821245,0,0.03064777
0.02202000,10.00000000,8.00000000,7.97905360,4.86148545,0.79806926,0,0.02094640
0.02204000,10.00000000,8.00000000,7.98871164,4.86020717,0.79792646,0,0.01128836
0.02206000,10.00000000,8.00000000,7.99827748,4.85451131,0.79778485,0,0.00172252
0.02208000,10.00000000,8.00000000,8.00770295,4.84444917,0.79777023,0,-0.00770295
0.02210000,10.00000000,8.00000000,8.01694361,4.83059394,0.79778321,0,-0.01694361
0.02212000,10.00000000,8.00000000,8.02595951,4.81313803,0.79779546,0,-0.02595951
0.02214000,10.00000000,8.00000000,8.03471249,4.79217610,0.79780691,0,-0.03471249
0.02216000,10.00000000,8.00000000,8.04316578,4.76781751,0.79781757,0,-0.04316578
0.02218000,10.00000000,8.00000000,8.05128406,4.74018609,0.79782746,0,-0.05128406
0.02220000,10.00000000,8.00000000,8.05903368,4.70941956,0.79782215,0,-0.05903368
0.02222000,10.00000000,8.00000000,8.06638244,4.67561107,0.79766662,0,-0.06638244
0.02224000,10.00000000,8.00000000,8.07329645,4.63832669,0.79751387,0,-0.07329645
0.02226000,10.00000000,8.00000000,8.07974065,4.59775854,0.79736470,0,-0.07974065
0.02228000,10.00000000,8.00000000,8.08568240,4.55411548,0.79721988,0,-0.08568240
0.02230000,10.00000000,8.00000000,8.09109165,4.50762199,0.79708018,0,-0.09109165
0.02232000,10.00000000,8.00000000,8.09594109,4.45851709,0.79694633,0,-0.09594109
0.02234000,10.00000000,8.00000000,8.10020626,4.40705309,0.79681903,0,-0.10020626
0.02236000,10.00000000,8.00000000,8.10386573,4.35349433,0.79669898,0,-0.10386573
0.02238000,10.00000000,8.00000000,8.10690115,4.29811582,0.79658682,0,-0.10690115
0.02240000,10.00000000,8.00000000,8.10929740,4.24120188,0.79648317,0,-0.10929740
0.02242000,10.00000000,8.00000000,8.11104261,4.18304469,0.79638859,0,-0.11104261
0.02244000,10.00000000,8.00000000,8.11212827,4.12394280,0.79630364,0,-0.11212827
0.02246000,10.00000000,8.00000000,8.11254925,4.06419965,0.79622879,0,-0.11254925
0.02248000,10.00000000,8.00000000,8.11230382,4.00412199,0.79619446,0,-0.11230382
0.02250000,10.00000000,8.00000000,8.11139435,3.94413818,0.79622212,0,-0.11139435
0.02252000,10.00000000,8.00000000,8.10982840,3.88476041,0.79625998,0,-0.10982840
0.02254000,10.00000000,8.00000000,8.10761799,3.82628980,0.79630771,0,-0.10761799
0.02256000,10.00000000,8.00000000,8.10477839,3.76902069,0.79636510,0,-0.10477839
0.02258000,10.00000000,8.00000000,8.10132799,3.71323979,0.79643186,0,-0.10132799
0.02260000,10.00000000,8.00000000,8.09728820,3.65922476,0.79650770,0,-0.09728820
0.02262000,10.00000000,8.00000000,8.09268336,3.60724283,0.79659224,0,-0.09268336
0.02264000,10.00000000,8.00000000,8.08754055,3.55754956,0.79668510,0,-0.08754055
0.02266000,10.00000000,8.00000000,8.08188947,3.51038753,0.79678584,0,-0.08188947
0.02268000,10.00000000,8.00000000,8.07576225,3.46598523,0.79689399,0,-0.07576225
0.02270000,10.00000000,8.00000000,8.06919330,3.42455596,0.79700905,0,-0.06919330
0.02272000,10.00000000,8.00000000,8.06221914,3.38629679,0.79713047,0,-0.06221914
0.02274000,10.00000000,8.00000000,8.05487812,3.35138764,0.79725768,0,-0.05487812
0.02276000,10.00000000,8.00000000,8.04721033,3.31999046,0.79739009,0,-0.04721033
0.02278000,10.00000000,8.00000000,8.03925729,3.29224848,0.79752706,0,-0.03925729
0.02280000,10.00000000,8.00000000,8.03106179,3.26828553,0.79766794,0,-0.03106179
0.02282000,10.00000000,8.00000000,8.02266764,3.24820552,0.79781206,0,-0.02266764
0.02284000,10.00000000,8.00000000,8.01411943,3.23209197,0.79795874,0,-0.01411943
0.02286000,10.00000000,8.00000000,8.00546235,3.22000768,0.79810725,0,-0.00546235
0.02288000,10.00000000,8.00000000,7.99674188,3.21199450,0.79820408,0,0.00325812
0.02290000,10.00000000,8.00000000,7.98800245,3.20786205,0.79821240,0,0.01199755
0.02292000,10.00000000,8.00000000,7.97928520,3.20725552,0.79822106,0,0.02071480
0.02294000,10.00000000,8.00000000,7.97062903,3.21015957,0.79823030,0,0.02937097
0.02296000,10.00000000,8.00000000,7.96207232,3.21654443,0.79824013,0,0.03792768
0.02298000,10.00000000,8.00000000,7.95365287,3.22636512,0.79825058,0,0.04634713
0.02300000,10.00000000,8.00000000,7.94540766,3.23956175,0.79826164,0,0.05459234
0.02302000,10.00000000,8.00000000,7.93737275,3.25605981,0.79831075,0,0.06262725
0.02304000,10.00000000,8.00000000,7.92958388,3.27592029,0.79847533,0,0.07041612
0.02306000,10.00000000,8.00000000,7.92207896,3.29949917,0.79863980,0,0.07792104
0.02308000,10.00000000,8.00000000,7.91489693,3.32667459,0.79880340,0,0.08510307
0.02310000,10.00000000,8.00000000,7.90807511,3.35730638,0.79896535,0,0.09192489
0.02312000,10.00000000,8.00000000,7.90164893,3.39123674,0.79912491,0,0.09835107
0.02314000,10.00000000,8.00000000,7.89565179,3.42829107,0.79928133,0,0.10434821
0.02316000,10.00000000,8.00000000,7.89011488,3.46827887,0.79943386,0,0.10988512
0.02318000,10.00000000,8.00000000,7.88506704,3.51099469,0.79958181,0,0.11493296
0.02320000,10.00000000,8.00000000,7.88053457,3.55621918,0.79972447,0,0.11946543
0.02322000,10.00000000,8.00000000,7.87654113,3.60372023,0.79986116,0,0.12345887
0.02324000,10.00000000,8.00000000,7.87310762,3.65325410,0.79999125,0,0.12689238
0.02326000,10.00000000,8.00000000,7.87025206,3.70456668,0.80011411,0,0.12974794
0.02328000,10.00000000,8.00000000,7.86798951,3.75739479,0.80022916,0,0.13201049
0.02330000,10.00000000,8.00000000,7.86633196,3.81146746,0.80033585,0,0.13366804
0.02332000,10.00000000,8.00000000,7.86528833,3.86650737,0.80043366,0,0.13471167
0.02334000,10.00000000,8.00000000,7.86486437,3.92223219,0.80052213,0,0.13513563
0.02336000,10.00000000,8.00000000,7.86506265,3.97835603,0.80057655,0,0.13493735
0.02338000,10.00000000,8.00000000,7.86588200,4.03449392,0.80056913,0,0.13411800
0.02340000,10.00000000,8.00000000,7.86731640,4.09015109,0.80055209,0,0.13268360
0.02342000,10.00000000,8.00000000,7.86935554,4.14504502,0.80052574,0,0.13064446
0.02344000,10.00000000,8.00000000,7.87198609,4.19889910,0.80049027,0,0.12801391
0.02346000,10.00000000,8.00000000,7.87519172,4.25144348,0.80044592,0,0.12480828
0.02348000,10.00000000,8.00000000,7.87895330,4.30241633,0.80039297,0,0.12104670
0.02350000,10.00000000,8.00000000,7.88324891,4.35156519,0.80033175,0,0.11675109
0.02352000,10.00000000,8.00000000,7.88805404,4.39864813,0.80026260,0,0.11194596
0.02354000,10.00000000,8.00000000,7.89334169,4.44343500,0.80018593,0,0.10665831
0.02356000,10.00000000,8.00000000,7.89908252,4.48570847,0.80010216,0,0.10091748
0.02358000,10.00000000,8.00000000,7.90524505,4.52526511,0.80001176,0,0.09475495
0.02360000,10.00000000,8.00000000,7.91179576,4.56191633,0.79991521,0,0.08820424
0.02362000,10.00000000,8.00000000,7.91869935,4.59548931,0.79981305,0,0.08130065
0.02364000,10.00000000,8.00000000,7.92591887,4.62582778,0.79970583,0,0.07408113
0.02366000,10.00000000,8.00000000,7.93341595,4.65279272,0.79959412,0,0.06658405
0.02368000,10.00000000,8.00000000,7.94115098,4.67626307,0.79947852,0,0.05884902
0.02370000,10.00000000,8.00000000,7.94908334,4.69613617,0.79935966,0,0.05091666
0.02372000,10.00000000,8.00000000,7.95717161,4.71232830,0.79923816,0,0.04282839
0.02374000,10.00000000,8.00000000,7.96537375,4.72477498,0.79911470,0,0.03462625
0.02376000,10.00000000,8.00000000,7.97364736,4.73343122,0.79898992,0,0.02635264
0.02378000,10.00000000,8.00000000,7.98194991,4.73827169,0.79886450,0,0.01805009
0.02380000,10.00000000,8.00000000,7.99023890,4.73929077,0.79873912,0,0.00976110
0.02382000,10.00000000,8.00000000,7.99847212,4.73650247,0.79861445,0,0.00152788
0.02384000,10.00000000,8.00000000,8.00660787,4.72994034,0.79859829,0,-0.00660787
0.02386000,10.00000000,8.00000000,8.01460753,4.72008527,0.79860663,0,-0.01460753
0.02388000,10.00000000,8.00000000,8.02243623,4.70709679,0.79861439,0,-0.02243623
0.02390000,10.00000000,8.00000000,8.03006059,4.69104763,0.79862149,0,-0.03006059
0.02392000,10.00000000,8.00000000,8.03744830,4.67202340,0.79862795,0,-0.03744830
0.02394000,10.00000000,8.00000000,8.04456824,4.65012246,0.79863377,0,-0.04456824
0.02396000,10.00000000,8.00000000,8.05139061,4.62545539,0.79863544,0,-0.05139061
0.02398000,10.00000000,8.00000000,8.05788701,4.59813033,0.79849820,0,-0.05788701
0.02400000,10.00000000,8.00000000,8.06402745,4.56772783,0.79836297,0,-0.06402745
0.02402000,10.00000000,8.00000000,8.06978066,4.53440467,0.79823044,0,-0.06978066
0.02404000,10.00000000,8.00000000,8.07511737,4.49833249,0.79810131,0,-0.07511737
0.02406000,10.00000000,8.00000000,8.08001045,4.45969694,0.79797623,0,-0.08001045
0.02408000,10.00000000,8.00000000,8.08443504,4.41869676,0.79785586,0,-0.08443504
0.02410000,10.00000000,8.00000000,8.08836869,4.37554273,0.79774082,0,-0.08836869
0.02412000,10.00000000,8.00000000,8.09179149,4.33045665,0.79763172,0,-0.09179149
0.02414000,10.00000000,8.00000000,8.09468614,4.28367016,0.79752914,0,-0.09468614
0.02416000,10.00000000,8.00000000,8.09703804,4.23542359,0.79743362,0,-0.09703804
0.02418000,10.00000000,8.00000000,8.09883540,4.18596474,0.79734568,0,-0.09883540
0.02420000,10.00000000,8.00000000,8.10006926,4.13554764,0.79726580,0,-0.10006926
0.02422000,10.00000000,8.00000000,8.10073356,4.08443124,0.79719443,0,-0.10073356
0.02424000,10.00000000,8.00000000,8.10082517,4.03287810,0.79713196,0,-0.10082517
0.02426000,10.00000000,8.00000000,8.10034387,3.98115306,0.79713745,0,-0.10034387
0.02428000,10.00000000,8.00000000,8.09929372,3.92975649,0.79716310,0,-0.09929372
0.02430000,10.00000000,8.00000000,8.09768322,3.87899500,0.79719742,0,-0.09768322
0.02432000,10.00000000,8.00000000,8.09552393,3.82912517,0.79724019,0,-0.09552393
0.02434000,10.00000000,8.00000000,8.09283017,3.78039758,0.79729121,0,-0.09283017
0.02436000,10.00000000,8.00000000,8.08961890,3.73305567,0.79735021,0,-0.08961890
0.02438000,10.00000000,8.00000000,8.08590967,3.68733457,0.79741691,0,-0.08590967
0.02440000,10.00000000,8.00000000,8.08172445,3.64345994,0.79749099,0,-0.08172445
0.02442000,10.00000000,8.00000000,8.07708753,3.60164686,0.79757207,0,-0.07708753
0.02444000,10.00000000,8.00000000,8.07202541,3.56209884,0.79765976,0,-0.07202541
0.02446000,10.00000000,8.00000000,8.06656659,3.52500678,0.79775365,0,-0.06656659
0.02448000,10.00000000,8.00000000,8.06074150,3.49054810,0.79785328,0,-0.06074150
0.02450000,10.00000000,8.00000000,8.05458225,3.45888588,0.79795816,0,-0.05458225
0.02452000,10.00000000,8.00000000,8.04812252,3.43016813,0.79806779,0,-0.04812252
0.02454000,10.00000000,8.00000000,8.04139733,3.40452705,0.79818163,0,-0.04139733
0.02456000,10.00000000,8.00000000,8.03444291,3.38207848,0.79829912,0,-0.03444291
0.02458000,10.00000000,8.00000000,8.02729646,3.36292134,0.79841971,0,-0.02729646
0.02460000,10.00000000,8.00000000,8.01999599,3.34713720,0.79854280,0,-0.01999599
0.02462000,10.00000000,8.00000000,8.01258008,3.33478997,0.79866778,0,-0.01258008
0.02464000,10.00000000,8.00000000,8.00508774,3.32592563,0.79879404,0,-0.00508774
0.02466000,10.00000000,8.00000000,7.99755813,3.32057203,0.79888143,0,0.00244187
0.02468000,10.00000000,8.00000000,7.99002957,3.31858085,0.79888644,0,0.00997043
0.02470000,10.00000000,8.00000000,7.98253745,3.31961498,0.79889174,0,0.01746255
0.02472000,10.00000000,8.00000000,7.97511498,3.32365431,0.79889754,0,0.02488502
0.02474000,10.00000000,8.00000000,7.96779491,3.33066645,0.79890386,0,0.03220509
0.02476000,10.00000000,8.00000000,7.96060938,3.34060605,0.79891070,0,0.03939062
0.02478000,10.00000000,8.00000000,7.95358976,3.35341507,0.79891806,0,0.04641024
0.02480000,10.00000000,8.00000000,7.94676655,3.36902308,0.79895861,0,0.05323345
0.02482000,10.00000000,8.00000000,7.94016996,3.38747829,0.79909847,0,0.05983004
0.02484000,10.00000000,8.00000000,7.93383196,3.40908097,0.79923795,0,0.06616804
0.02486000,10.00000000,8.00000000,7.92778537,3.43371956,0.79937639,0,0.07221463
0.02488000,10.00000000,8.00000000,7.92206154,3.46126699,0.79951312,0,0.07793846
0.02490000,10.00000000,8.00000000,7.91669012,3.49158134,0.79964749,0,0.08330988
0.02492000,10.00000000,8.00000000,7.91169897,3.52450659,0.79977886,0,0.08830103
0.02494000,10.00000000,8.00000000,7.90711399,3.55987340,0.79990661,0,0.09288601
0.02496000,10.00000000,8.00000000,7.90295897,3.59749995,0.80003012,0,0.09704103
0.02498000,10.00000000,8.00000000,7.89925551,3.63719293,0.80014880,0,0.10074449
0.02500000,10.00000000,8.00000000,7.89602288,3.67874844,0.80026208,0,0.10397712
0.02502000,10.00000000,8.00000000,7.89327793,3.72195309,0.80036941,0,0.10672207
0.02504000,10.00000000,8.00000000,7.89103502,3.76658507,0.80047027,0,0.10896498
0.02506000,10.00000000,8.00000000,7.88930589,3.81241526,0.80056417,0,0.11069411
0.02508000,10.00000000,8.00000000,7.88809969,3.85920837,0.80065066,0,0.11190031
0.02510000,10.00000000,8.00000000,7.88742286,3.90672420,0.80072930,0,0.11257714
0.02512000,10.00000000,8.00000000,7.88727912,3.95471879,0.80079971,0,0.11272088
0.02514000,10.00000000,8.00000000,7.88766946,4.00294570,0.80081389,0,0.11233054
0.02516000,10.00000000,8.00000000,7.88859106,4.05096676,0.80080205,0,0.11140894
0.02518000,10.00000000,8.00000000,7.89003694,4.09846667,0.80078205,0,0.10996306
0.02520000,10.00000000,8.00000000,7.89199710,4.14520499,0.80075408,0,0.10800290
0.02522000,10.00000000,8.00000000,7.89445892,4.19094657,0.80071834,0,0.10554108
0.02524000,10.00000000,8.00000000,7.89740732,4.23546260,0.80067505,0,0.10259268
0.02526000,10.00000000,8.00000000,7.90082479,4.27853168,0.80062447,0,0.09917521
0.02528000,10.00000000,8.00000000,7.90469151,4.31994093,0.80056691,0,0.09530849
0.02530000,10.00000000,8.00000000,7.90898545,4.35948703,0.80050268,0,0.09101455
0.02532000,10.00000000,8.00000000,7.91368254,4.39697717,0.80043215,0,0.08631746
0.02534000,10.00000000,8.00000000,7.91875674,4.43223005,0.80035571,0,0.08124326
0.02536000,10.00000000,8.00000000,7.92418023,4.46507664,0.80027376,0,0.07581977
0.02538000,10.00000000,8.00000000,7.92992353,4.49536108,0.80018676,0,0.07007647
0.02540000,10.00000000,8.00000000,7.93595568,4.52294136,0.80009516,0,0.06404432
0.02542000,10.00000000,8.00000000,7.94224440,4.54768999,0.79999947,0,0.05775560
0.02544000,10.00000000,8.00000000,7.94875627,4.56949460,0.79990018,0,0.05124373
0.02546000,10.00000000,8.00000000,7.95545686,4.58825841,0.79979784,0,0.04454314
0.02548000,10.00000000,8.00000000,7.96231099,4.60390070,0.79969297,0,0.03768901
0.02550000,10.00000000,8.00000000,7.96928285,4.61635714,0.79958614,0,0.03071715
0.02552000,10.00000000,8.00000000,7.97633620,4.62558002,0.79947792,0,0.02366380
0.02554000,10.00000000,8.00000000,7.98343458,4.63153845,0.79936889,0,0.01656542
0.02556000,10.00000000,8.00000000,7.99054148,4.63421847,0.79925961,0,0.00945852
0.02558000,10.00000000,8.00000000,7.99762052,4.63362298,0.79915068,0,0.00237948
0.02560000,10.00000000,8.00000000,8.00463567,4.62977175,0.79911773,0,-0.00463567
0.02562000,10.00000000,8.00000000,8.01155306,4.62300115,0.79912315,0,-0.01155306
0.02564000,10.00000000,8.00000000,8.01834197,4.61350998,0.79912813,0,-0.01834197
0.02566000,10.00000000,8.00000000,8.02497327,4.60135374,0.79913258,0,-0.02497327
0.02568000,10.00000000,8.00000000,8.03141866,4.58659902,0.79913650,0,-0.03141866
0.02570000,10.00000000,8.00000000,8.03765080,4.56932357,0.79913989,0,-0.03765080
0.02572000,10.00000000,8.00000000,8.04364341,4.54961587,0.79914277,0,-0.04364341
0.02574000,10.00000000,8.00000000,8.04937142,4.52757475,0.79904324,0,-0.04937142
0.02576000,10.00000000,8.00000000,8.05480877,4.50290153,0.79892443,0,-0.05480877
0.02578000,10.00000000,8.00000000,8.05992815,4.47564083,0.79880762,0,-0.05992815
0.02580000,10.00000000,8.00000000,8.06470341,4.44593313,0.79869342,0,-0.06470341
0.02582000,10.00000000,8.00000000,8.06911018,4.41393143,0.79858241,0,-0.06911018
0.02584000,10.00000000,8.00000000,8.07312600,4.37980043,0.79847515,0,-0.07312600
0.02586000,10.00000000,8.00000000,8.07673041,4.34371572,0.79837220,0,-0.07673041
0.02588000,10.00000000,8.00000000,8.07990505,4.30586285,0.79827411,0,-0.07990505
0.02590000,10.00000000,8.00000000,8.08263380,4.26643640,0.79818137,0,-0.08263380
0.02592000,10.00000000,8.00000000,8.08490280,4.22563903,0.79809447,0,-0.08490280
0.02594000,10.00000000,8.00000000,8.08670056,4.18368037,0.79801388,0,-0.08670056
0.02596000,10.00000000,8.00000000,8.08801803,4.14077605,0.79794002,0,-0.08801803
0.02598000,10.00000000,8.00000000,8.08884861,4.09714651,0.79787330,0,-0.08884861
0.02600000,10.00000000,8.00000000,8.08918820,4.05301596,0.79781408,0,-0.08918820
0.02602000,10.00000000,8.00000000,8.08903522,4.00861119,0.79778132,0,-0.08903522
0.02604000,10.00000000,8.00000000,8.08839105,3.96423492,0.79779785,0,-0.08839105
0.02606000,10.00000000,8.00000000,8.08726090,3.92027986,0.79782201,0,-0.08726090
0.02608000,10.00000000,8.00000000,8.08565338,3.87696930,0.79785356,0,-0.08565338
0.02610000,10.00000000,8.00000000,8.08357948,3.83452166,0.79789234,0,-0.08357948
0.02612000,10.00000000,8.00000000,8.08105253,3.79314976,0.79793813,0,-0.08105253
0.02614000,10.00000000,8.00000000,8.07808812,3.75305986,0.79799071,0,-0.07808812
0.02616000,10.00000000,8.00000000,8.07470398,3.71445060,0.79804979,0,-0.07470398
0.02618000,10.00000000,8.00000000,8.07091990,3.67751201,0.79811509,0,-0.07091990
0.02620000,10.00000000,8.00000000,8.06675762,3.64242467,0.79818629,0,-0.06675762
0.02622000,10.00000000,8.00000000,8.06224071,3.60935874,0.79826301,0,-0.06224071
0.02624000,10.00000000,8.00000000,8.05739440,3.57847321,0.79834488,0,-0.05739440
0.02626000,10.00000000,8.00000000,8.05224552,3.54991514,0.79843150,0,-0.05224552
0.02628000,10.00000000,8.00000000,8.04682228,3.52381893,0.79852244,0,-0.04682228
0.02630000,10.00000000,8.00000000,8.04115417,3.50030573,0.79861724,0,-0.04115417
0.02632000,10.00000000,8.00000000,8.03527176,3.47948286,0.79871543,0,-0.03527176
0.02634000,10.00000000,8.00000000,8.02920659,3.46144336,0.79881653,0,-0.02920659
0.02636000,10.00000000,8.00000000,8.02299095,3.44626551,0.79892004,0,-0.02299095
0.02638000,10.00000000,8.00000000,8.01665774,3.43401258,0.79902545,0,-0.01665774
0.02640000,10.00000000,8.00000000,8.01024032,3.42473250,0.79913222,0,-0.01024032
0.02642000,10.00000000,8.00000000,8.00377226,3.41845772,0.79923982,0,-0.00377226
0.02644000,10.00000000,8.00000000,7.99728726,3.41520511,0.79930384,0,0.00271274
0.02646000,10.00000000,8.00000000,7.99081796,3.41480048,0.79930685,0,0.00918204
0.02648000,10.00000000,8.00000000,7.98439439,3.41698742,0.79931014,0,0.01560561
0.02650000,10.00000000,8.00000000,7.97804492,3.42174303,0.79931385,0,0.02195508
0.02652000,10.00000000,8.00000000,7.97179742,3.42903384,0.79931802,0,0.02820258
0.02654000,10.00000000,8.00000000,7.96567917,3.43881534,0.79932262,0,0.03432083
0.02656000,10.00000000,8.00000000,7.95971676,3.45103225,0.79932766,0,0.04028324
0.02658000,10.00000000,8.00000000,7.95393595,3.46561881,0.79937619,0,0.04606405
0.02660000,10.00000000,8.00000000,7.94836255,3.48267120,0.79949525,0,0.05163745
0.02662000,10.00000000,8.00000000,7.94302381,3.50238321,0.79961372,0,0.05697619
0.02664000,10.00000000,8.00000000,7.93794734,3.52465306,0.79973105,0,0.06205266
0.02666000,10.00000000,8.00000000,7.93315940,3.54936593,0.79984664,0,0.06684060
0.02668000,10.00000000,8.00000000,7.92868478,3.57639450,0.79995996,0,0.07131522
0.02670000,10.00000000,8.00000000,7.92454662,3.60559964,0.80007044,0,0.07545338
0.02672000,10.00000000,8.00000000,7.92076636,3.63683109,0.80017756,0,0.07923364
0.02674000,10.00000000,8.00000000,7.91736358,3.66992822,0.80028078,0,0.08263642
0.02676000,10.00000000,8.00000000,7.91435593,3.70472089,0.80037962,0,0.08564407
0.02678000,10.00000000,8.00000000,7.91175901,3.74103029,0.80047357,0,0.08824099
0.02680000,10.00000000,8.00000000,7.90958634,3.77866984,0.80056219,0,0.09041366
0.02682000,10.00000000,8.00000000,7.90784922,3.81744617,0.80064504,0,0.09215078
0.02684000,10.00000000,8.00000000,7.90655675,3.85716008,0.80072170,0,0.09344325
0.02686000,10.00000000,8.00000000,7.90571571,3.89760753,0.80079181,0,0.09428429
0.02688000,10.00000000,8.00000000,7.90533058,3.93858075,0.80085500,0,0.09466942
0.02690000,10.00000000,8.00000000,7.90540351,3.97986920,0.80090208,0,0.09459649
0.02692000,10.00000000,8.00000000,7.90593406,4.02122521,0.80089478,0,0.09406594
0.02694000,10.00000000,8.00000000,7.90691823,4.06224887,0.80088029,0,0.09308177
0.02696000,10.00000000,8.00000000,7.90834867,4.10273139,0.80085887,0,0.09165133
0.02698000,10.00000000,8.00000000,7.91021577,4.14246835,0.80083066,0,0.08978423
0.02700000,10.00000000,8.00000000,7.91250773,4.18126021,0.80079583,0,0.08749227
0.02702000,10.00000000,8.00000000,7.91521067,4.21891330,0.80075461,0,0.08478933
0.02704000,10.00000000,8.00000000,7.91830863,4.25524076,0.80070723,0,0.08169137
0.02706000,10.00000000,8.00000000,7.92178374,4.29006347,0.80065397,0,0.07821626
0.02708000,10.00000000,8.00000000,7.92561629,4.32321092,0.80059512,0,0.07438371
0.02710000,10.00000000,8.00000000,7.92978483,4.35452201,0.80053101,0,0.07021517
0.02712000,10.00000000,8.00000000,7.93426631,4.38384586,0.80046199,0,0.06573369
0.02714000,10.00000000,8.00000000,7.93903619,4.41104249,0.80038842,0,0.06096381
0.02716000,10.00000000,8.00000000,7.94406857,4.43598350,0.80031070,0,0.05593143
0.02718000,10.00000000,8.00000000,7.94933637,4.45855270,0.80022925,0,0.05066363
0.02720000,10.00000000,8.00000000,7.95481140,4.47864658,0.80014450,0,0.04518860
0.02722000,10.00000000,8.00000000,7.96046459,4.49617483,0.80005690,0,0.03953541
0.02724000,10.00000000,8.00000000,7.96626608,4.51106075,0.79996691,0,0.03373392
0.02726000,10.00000000,8.00000000,7.97218541,4.52324151,0.79987501,0,0.02781459
0.02728000,10.00000000,8.00000000,7.97819168,4.53266851,0.79978168,0,0.02180832
0.02730000,10.00000000,8.00000000,7.98425368,4.53930749,0.79968741,0,0.01574632
0.02732000,10.00000000,8.00000000,7.99034010,4.54313868,0.79959271,0,0.00965990
0.02734000,10.00000000,8.00000000,7.99641965,4.54415680,0.79949806,0,0.00358035
0.02736000,10.00000000,8.00000000,8.00246124,4.54237108,0.79944378,0,-0.00246124
0.02738000,10.00000000,8.00000000,8.00843501,4.53796422,0.79944734,0,-0.00843501
0.02740000,10.00000000,8.00000000,8.01431374,4.53120025,0.79945061,0,-0.01431374
0.02742000,10.00000000,8.00000000,8.02007208,4.52212111,0.79945344,0,-0.02007208
0.02744000,10.00000000,8.00000000,8.02568531,4.51077816,0.79945583,0,-0.02568531
0.02746000,10.00000000,8.00000000,8.03112949,4.49723249,0.79945778,0,-0.03112949
0.02748000,10.00000000,8.00000000,8.03638151,4.48155464,0.79945931,0,-0.03638151
0.02750000,10.00000000,8.00000000,8.04141926,4.46382421,0.79940253,0,-0.04141926
0.02752000,10.00000000,8.00000000,8.04622039,4.44389812,0.79929875,0,-0.04622039
0.02754000,10.00000000,8.00000000,8.05076136,4.42168772,0.79919643,0,-0.05076136
0.02756000,10.00000000,8.00000000,8.05501894,4.39730755,0.79909606,0,-0.05501894
0.02758000,10.00000000,8.00000000,8.05897134,4.37088323,0.79899818,0,-0.05897134
0.02760000,10.00000000,8.00000000,8.06259836,4.34255084,0.79890327,0,-0.06259836
0.02762000,10.00000000,8.00000000,8.06588145,4.31245621,0.79881183,0,-0.06588145
0.02764000,10.00000000,8.00000000,8.06880385,4.28075417,0.79872432,0,-0.06880385
0.02766000,10.00000000,8.00000000,8.07135064,4.24760779,0.79864119,0,-0.07135064
0.02768000,10.00000000,8.00000000,8.07350884,4.21318752,0.79856289,0,-0.07350884
0.02770000,10.00000000,8.00000000,8.07526747,4.17767032,0.79848981,0,-0.07526747
0.02772000,10.00000000,8.00000000,8.07661760,4.14123880,0.79842234,0,-0.07661760
0.02774000,10.00000000,8.00000000,8.07755238,4.10408023,0.79836084,0,-0.07755238
0.02776000,10.00000000,8.00000000,8.07806713,4.06638564,0.79830564,0,-0.07806713
0.02778000,10.00000000,8.00000000,8.07815931,4.02834882,0.79825704,0,-0.07815931
0.02780000,10.00000000,8.00000000,8.07782855,3.99016534,0.79825555,0,-0.07782855
0.02782000,10.00000000,8.00000000,8.07707755,3.95219238,0.79827198,0,-0.07707755
0.02784000,10.00000000,8.00000000,8.07591230,3.91466865,0.79829489,0,-0.07591230
0.02786000,10.00000000,8.00000000,8.07434112,3.87778416,0.79832411,0,-0.07434112
0.02788000,10.00000000,8.00000000,8.07237438,3.84172451,0.79835948,0,-0.07237438
0.02790000,10.00000000,8.00000000,8.07002442,3.80667011,0.79840080,0,-0.07002442
0.02792000,10.00000000,8.00000000,8.06730547,3.77279530,0.79844787,0,-0.06730547
0.02794000,10.00000000,8.00000000,8.06423358,3.74026749,0.79850043,0,-0.06423358
0.02796000,10.00000000,8.00000000,8.06082653,3.70924633,0.79855821,0,-0.06082653
0.02798000,10.00000000,8.00000000,8.05710370,3.67988296,0.79862093,0,-0.05710370
0.02800000,10.00000000,8.00000000,8.05308601,3.65231927,0.79868825,0,-0.05308601
0.02802000,10.00000000,8.00000000,8.04879577,3.62668721,0.79875984,0,-0.04879577
0.02804000,10.00000000,8.00000000,8.04425659,3.60310820,0.79883533,0,-0.04425659
0.02806000,10.00000000,8.00000000,8.03949321,3.58169252,0.79891435,0,-0.03949321
0.02808000,10.00000000,8.00000000,8.03453139,3.56253884,0.79899650,0,-0.03453139
0.02810000,10.00000000,8.00000000,8.02939779,3.54573372,0.79908136,0,-0.02939779
0.02812000,10.00000000,8.00000000,8.02411981,3.53135128,0.79916851,0,-0.02411981
0.02814000,10.00000000,8.00000000,8.01872544,3.51945285,0.79925750,0,-0.01872544
0.02816000,10.00000000,8.00000000,8.01324313,3.51008669,0.79934790,0,-0.01324313
0.02818000,10.00000000,8.00000000,8.00770163,3.50328785,0.79943925,0,-0.00770163
0.02820000,10.00000000,8.00000000,8.00212983,3.49907802,0.79953108,0,-0.00212983
0.02822000,10.00000000,8.00000000,7.99655667,3.49746547,0.79956726,0,0.00344333
0.02824000,10.00000000,8.00000000,7.99100966,3.49822257,0.79956907,0,0.00899034
0.02826000,10.00000000,8.00000000,7.98551408,3.50119622,0.79957115,0,0.01448592
0.02828000,10.00000000,8.00000000,7.98009408,3.50636212,0.79957361,0,0.01990592
0.02830000,10.00000000,8.00000000,7.97477336,3.51368677,0.79957644,0,0.02522664
0.02832000,10.00000000,8.00000000,7.96957505,3.52312733,0.79957965,0,0.03042495
0.02834000,10.00000000,8.00000000,7.96452165,3.53463179,0.79958323,0,0.03547835
0.02836000,10.00000000,8.00000000,7.95963488,3.54813929,0.79964632,0,0.04036512
0.02838000,10.00000000,8.00000000,7.95493696,3.56381687,0.79974776,0,0.04506304
0.02840000,10.00000000,8.00000000,7.95045129,3.58173772,0.79984848,0,0.04954871
0.02842000,10.00000000,8.00000000,7.94620106,3.60180938,0.79994798,0,0.05379894
0.02844000,10.00000000,8.00000000,7.94220822,3.62392836,0.80004577,0,0.05779178
0.02846000,10.00000000,8.00000000,7.93849341,3.64798072,0.80014138,0,0.06150659
0.02848000,10.00000000,8.00000000,7.93507584,3.67384260,0.80023434,0,0.06492416
0.02850000,10.00000000,8.00000000,7.93197317,3.70138092,0.80032418,0,0.06802683
0.02852000,10.00000000,8.00000000,7.92920145,3.73045399,0.80041047,0,0.07079855
0.02854000,10.00000000,8.00000000,7.92677504,3.76091230,0.80049278,0,0.07322496
0.02856000,10.00000000,8.00000000,7.92470650,3.79259924,0.80057071,0,0.07529350
0.02858000,10.00000000,8.00000000,7.92300657,3.82535189,0.80064386,0,0.07699343
0.02860000,10.00000000,8.00000000,7.92168408,3.85900189,0.80071187,0,0.07831592
0.02862000,10.00000000,8.00000000,7.92074593,3.89337627,0.80077441,0,0.07925407
0.02864000,10.00000000,8.00000000,7.92019704,3.92829833,0.80083115,0,0.07980296
0.02866000,10.00000000,8.00000000,7.92004032,3.96358856,0.80088182,0,0.07995968
0.02868000,10.00000000,8.00000000,7.92027667,3.99906553,0.80089739,0,0.07972333
0.02870000,10.00000000,8.00000000,7.92090435,4.03443187,0.80088759,0,0.07909565
0.02872000,10.00000000,8.00000000,7.92191851,4.06943041,0.80087169,0,0.07808149
0.02874000,10.00000000,8.00000000,7.92331197,4.10388359,0.80084988,0,0.07668803
0.02876000,10.00000000,8.00000000,7.92507562,4.13761777,0.80082230,0,0.07492438
0.02878000,10.00000000,8.00000000,7.92719848,4.17046391,0.80078911,0,0.07280152
0.02880000,10.00000000,8.00000000,7.92966783,4.20225839,0.80075050,0,0.07033217
0.02882000,10.00000000,8.00000000,7.93246920,4.23284381,0.80070672,0,0.06753080
0.02884000,10.00000000,8.00000000,7.93558653,4.26206977,0.80065799,0,0.06441347
0.02886000,10.00000000,8.00000000,7.93900220,4.28979360,0.80060459,0,0.06099780
0.02888000,10.00000000,8.00000000,7.94269716,4.31588105,0.80054681,0,0.05730284
0.02890000,10.00000000,8.00000000,7.94665104,4.34020691,0.80048496,0,0.05334896
0.02892000,10.00000000,8.00000000,7.95084223,4.36265563,0.80041938,0,0.04915777
0.02894000,10.00000000,8.00000000,7.95524802,4.38312184,0.80035041,0,0.04475198
0.02896000,10.00000000,8.00000000,7.95984473,4.40151088,0.80027842,0,0.04015527
0.02898000,10.00000000,8.00000000,7.96460781,4.41773918,0.80020379,0,0.03539219
0.02900000,10.00000000,8.00000000,7.96951199,4.43173467,0.80012692,0,0.03048801
0.02902000,10.00000000,8.00000000,7.97453139,4.44343708,0.80004821,0,0.02546861
0.02904000,10.00000000,8.00000000,7.97963970,4.45279822,0.79996807,0,0.02036030
0.02906000,10.00000000,8.00000000,7.98481028,4.45978214,0.79988693,0,0.01518972
0.02908000,10.00000000,8.00000000,7.99001630,4.46436526,0.79980520,0,0.00998370
0.02910000,10.00000000,8.00000000,7.99523088,4.46653647,0.79972332,0,0.00476912
0.02912000,10.00000000,8.00000000,8.00042726,4.46629708,0.79964863,0,-0.00042726
0.02914000,10.00000000,8.00000000,8.00557904,4.46368841,0.79965100,0,-0.00557904
0.02916000,10.00000000,8.00000000,8.01066205,4.45904154,0.79965322,0,-0.01066205
0.02918000,10.00000000,8.00000000,8.01565425,4.45238777,0.79965506,0,-0.01565425
0.02920000,10.00000000,8.00000000,8.02053411,4.44376625,0.79965654,0,-0.02053411
0.02922000,10.00000000,8.00000000,8.02528071,4.43322468,0.79965766,0,-0.02528071
0.02924000,10.00000000,8.00000000,8.02987381,4.42081896,0.79965842,0,-0.02987381
0.02926000,10.00000000,8.00000000,8.03429397,4.40661298,0.79964060,0,-0.03429397
0.02928000,10.00000000,8.00000000,8.03852216,4.39060546,0.79955039,0,-0.03852216
0.02930000,10.00000000,8.00000000,8.04253834,4.37258749,0.79946117,0,-0.04253834
0.02932000,10.00000000,8.00000000,8.04632190,4.35265204,0.79937340,0,-0.04632190
0.02934000,10.00000000,8.00000000,8.04985346,4.33090187,0.79928754,0,-0.04985346
0.02936000,10.00000000,8.00000000,8.05311491,4.30744906,0.79920400,0,-0.05311491
0.02938000,10.00000000,8.00000000,8.05608954,4.28241437,0.79912324,0,-0.05608954
0.02940000,10.00000000,8.00000000,8.05876214,4.25592667,0.79904564,0,-0.05876214
0.02942000,10.00000000,8.00000000,8.06111902,4.22812228,0.79897163,0,-0.06111902
0.02944000,10.00000000,8.00000000,8.06314814,4.19914425,0.79890156,0,-0.06314814
0.02946000,10.00000000,8.00000000,8.06483912,4.16914163,0.79883582,0,-0.06483912
0.02948000,10.00000000,8.00000000,8.06618334,4.13826874,0.79877474,0,-0.06618334
0.02950000,10.00000000,8.00000000,8.06717395,4.10668436,0.79871864,0,-0.06717395
0.02952000,10.00000000,8.00000000,8.06780594,4.07455092,0.79866781,0,-0.06780594
0.02954000,10.00000000,8.00000000,8.06807611,4.04203367,0.79862254,0,-0.06807611
0.02956000,10.00000000,8.00000000,8.06798315,4.00929987,0.79859435,0,-0.06798315
0.02958000,10.00000000,8.00000000,8.06752786,3.97656304,0.79860490,0,-0.06752786
0.02960000,10.00000000,8.00000000,8.06671386,3.94412242,0.79862113,0,-0.06671386
0.02962000,10.00000000,8.00000000,8.06554735,3.91214307,0.79864286,0,-0.06554735
0.02964000,10.00000000,8.00000000,8.06403629,3.88078647,0.79866997,0,-0.06403629
0.02966000,10.00000000,8.00000000,8.06219036,3.85021006,0.79870231,0,-0.06219036
0.02968000,10.00000000,8.00000000,8.06002091,3.82056645,0.79873968,0,-0.06002091
0.02970000,10.00000000,8.00000000,8.05754090,3.79200271,0.79878191,0,-0.05754090
0.02972000,10.00000000,8.00000000,8.05476479,3.76465960,0.79882875,0,-0.05476479
0.02974000,10.00000000,8.00000000,8.05170850,3.73867089,0.79887997,0,-0.05170850
0.02976000,10.00000000,8.00000000,8.04838929,3.71416277,0.79893530,0,-0.04838929
0.02978000,10.00000000,8.00000000,8.04482569,3.69125316,0.79899446,0,-0.04482569
0.02980000,10.00000000,8.00000000,8.04103737,3.67005124,0.79905713,0,-0.04103737
0.02982000,10.00000000,8.00000000,8.03704506,3.65065685,0.79912301,0,-0.03704506
0.02984000,10.00000000,8.00000000,8.03287043,3.63316008,0.79919175,0,-0.03287043
0.02986000,10.00000000,8.00000000,8.02853597,3.61764084,0.79926300,0,-0.02853597
0.02988000,10.00000000,8.00000000,8.02406486,3.60416850,0.79933640,0,-0.02406486
0.02990000,10.00000000,8.00000000,8.01948088,3.59280158,0.79941158,0,-0.01948088
0.02992000,10.00000000,8.00000000,8.01480825,3.58358751,0.79948815,0,-0.01480825
0.02994000,10.00000000,8.00000000,8.01007153,3.57656244,0.79956573,0,-0.01007153
0.02996000,10.00000000,8.00000000,8.00529547,3.57175108,0.79964393,0,-0.00529547
0.02998000,10.00000000,8.00000000,8.00050491,3.56916665,0.79972235,0,-0.00050491
0.03000000,10.00000000,15.00000000,7.99572461,3.56881090,0.94007854,1,7.00427539
0.03002000,10.00000000,15.00000000,7.95506214,7.37765754,0.88253118,1,7.04493786
0.03004000,10.00000000,15.00000000,7.92295502,11.00464237,0.88712952,1,7.07704498
0.03006000,10.00000000,15.00000000,7.89510346,14.64758178,0.89172631,1,7.10489654
0.03008000,10.00000000,15.00000000,7.87113272,18.30618444,0.89628776,1,7.12886728
0.03010000,10.00000000,15.00000000,7.85067507,21.98009069,0.90081842,1,7.14932493
0.03012000,10.00000000,15.00000000,7.83336522,25.66899086,0.90532026,1,7.16663478
0.03014000,10.00000000,15.00000000,7.81884047,29.37261406,0.90979574,1,7.18115953
0.03016000,10.00000000,15.00000000,7.80674035,33.09072668,0.91424775,1,7.19325965
0.03018000,10.00000000,15.00000000,7.79670614,36.82313088,0.91868221,1,7.20329386
0.03020000,10.00000000,15.00000000,7.78837921,40.56967123,0.92310081,1,7.21162079
0.03022000,10.00000000,15.00000000,7.78140204,44.33021886,0.92750646,1,7.21859796
0.03024000,10.00000000,15.00000000,7.77541747,48.10467251,0.93190366,1,7.22458253
0.03026000,10.00000000,15.00000000,7.77006730,51.89296097,0.93629723,1,7.22993270
0.03028000,10.00000000,15.00000000,7.76499146,55.69504150,0.94069231,1,7.23500854
0.03030000,10.00000000,15.00000000,7.75982701,59.51089831,0.94509423,1,7.24017299
0.03032000,10.00000000,15.00000000,7.75420719,63.34054066,0.94950889,1,7.24579281
0.03034000,10.00000000,15.00000000,7.74776012,67.18400203,0.95394240,1,7.25223988
0.03036000,10.00000000,15.00000000,7.74010768,71.04133830,0.95840114,1,7.25989232
0.03038000,10.00000000,15.00000000,7.73086426,74.91262591,0.96289186,1,7.26913574
0.03040000,10.00000000,15.00000000,7.71963538,78.79796011,0.96742160,1,7.28036462
0.03042000,10.00000000,15.00000000,7.70601626,82.69745312,0.97199783,1,7.29398374
0.03044000,10.00000000,15.00000000,7.68959024,86.61123228,0.97662858,1,7.31040976
0.03046000,10.00000000,15.00000000,7.66992689,90.53943843,0.98132230,1,7.33007311
0.03048000,10.00000000,15.00000000,7.64658025,94.48222358,0.98608793,1,7.35341975
0.03050000,10.00000000,15.00000000,7.61908677,98.43974853,0.99093504,1,7.38091323
0.03052000,10.00000000,15.00000000,7.58696309,102.41218024,0.99587381,1,7.41303691
0.03054000,10.00000000,15.00000000,7.54970363,106.39968894,1.00000000,1,7.45029637
0.03056000,10.00000000,15.00000000,7.50787713,110.39968894,1.00000000,1,7.49212287
0.03058000,10.00000000,15.00000000,7.46628234,114.39968894,1.00000000,1,7.53371766
0.03060000,10.00000000,15.00000000,7.42491801,118.39968894,1.00000000,1,7.57508199
0.03062000,10.00000000,15.00000000,7.38378283,122.39968894,1.00000000,1,7.61621717
0.03064000,10.00000000,15.00000000,7.34287555,126.39968894,1.00000000,1,7.65712445
0.03066000,10.00000000,15.00000000,7.30219491,130.39968894,1.00000000,1,7.69780509
0.03068000,10.00000000,15.00000000,7.26173964,134.39968894,1.00000000,1,7.73826036
0.03070000,10.00000000,15.00000000,7.22150849,138.39968894,1.00000000,1,7.77849151
0.03072000,10.00000000,15.00000000,7.18150024,142.39968894,1.00000000,1,7.81849976
0.03074000,10.00000000,15.00000000,7.14171364,146.39968894,1.00000000,1,7.85828636
0.03076000,10.00000000,15.00000000,7.10214746,150.39968894,1.00000000,1,7.89785254
0.03078000,10.00000000,15.00000000,7.06280048,154.39968894,1.00000000,1,7.93719952
0.03080000,10.00000000,15.00000000,7.02367149,158.39968894,1.00000000,1,7.97632851
0.03082000,10.00000000,15.00000000,6.98475929,162.39968894,1.00000000,1,8.01524071
0.03084000,10.00000000,15.00000000,6.94606266,166.39968894,1.00000000,1,8.05393734
0.03086000,10.00000000,15.00000000,6.90758041,170.39968894,1.00000000,1,8.09241959
0.03088000,10.00000000,15.00000000,6.86931137,174.39968894,1.00000000,1,8.13068863
0.03090000,10.00000000,15.00000000,6.83125434,178.39968894,1.00000000,1,8.16874566
0.03092000,10.00000000,15.00000000,6.79340815,182.39968894,1.00000000,1,8.20659185
0.03094000,10.00000000,15.00000000,6.75577164,186.39968894,1.00000000,1,8.24422836
0.03096000,10.00000000,15.00000000,6.71834364,190.39968894,1.00000000,1,8.28165636
0.03098000,10.00000000,15.00000000,6.68112299,194.39968894,1.00000000,1,8.31887701
0.03100000,10.00000000,15.00000000,6.64410856,198.39968894,1.00000000,1,8.35589144
0.03102000,10.00000000,15.00000000,6.60729918,202.39968894,1.00000000,1,8.39270082
0.03104000,10.00000000,15.00000000,6.57069374,206.39968894,1.00000000,1,8.42930626
0.03106000,10.00000000,15.00000000,6.53429110,210.39968894,1.00000000,1,8.46570890
0.03108000,10.00000000,15.00000000,6.49809013,214.39968894,1.00000000,1,8.50190987
0.03110000,10.00000000,15.00000000,6.46208973,218.39968894,1.00000000,1,8.53791027
0.03112000,10.00000000,15.00000000,6.42628877,222.39968894,1.00000000,1,8.57371123
0.03114000,10.00000000,15.00000000,6.39068615,226.39968894,1.00000000,1,8.60931385
0.03116000,10.00000000,15.00000000,6.35528078,230.39968894,1.00000000,1,8.64471922
0.03118000,10.00000000,15.00000000,6.32007156,234.39968894,1.00000000,1,8.67992844
0.03120000,10.00000000,15.00000000,6.28505740,238.39968894,1.00000000,1,8.71494260
0.03122000,10.00000000,15.00000000,6.25023723,242.39968894,1.00000000,1,8.74976277
0.03124000,10.00000000,15.00000000,6.21560996,246.39968894,1.00000000,1,8.78439004
0.03126000,10.00000000,15.00000000,6.18117454,250.39968894,1.00000000,1,8.81882546
0.03128000,10.00000000,15.00000000,6.14692989,254.39968894,1.00000000,1,8.85307011
0.03130000,10.00000000,15.00000000,6.11287497,258.39968894,1.00000000,1,8.88712503
0.03132000,10.00000000,15.00000000,6.07900871,262.39968894,1.00000000,1,8.92099129
0.03134000,10.00000000,15.00000000,6.04533008,266.39968894,1.00000000,1,8.95466992
0.03136000,10.00000000,15.00000000,6.01183803,270.39968894,1.00000000,1,8.98816197
0.03138000,10.00000000,15.00000000,5.97853153,274.39968894,1.00000000,1,9.02146847
0.03140000,10.00000000,15.00000000,5.94540956,278.39968894,1.00000000,1,9.05459044
0.03142000,10.00000000,15.00000000,5.91247109,282.39968894,1.00000000,1,9.08752891
0.03144000,10.00000000,15.00000000,5.87971510,286.39968894,1.00000000,1,9.12028490
0.03146000,10.00000000,15.00000000,5.84714058,290.39968894,1.00000000,1,9.15285942
0.03148000,10.00000000,15.00000000,5.81474654,294.39968894,1.00000000,1,9.18525346
0.03150000,10.00000000,15.00000000,5.78253196,298.39968894,1.00000000,1,9.21746804
0.03152000,10.00000000,15.00000000,5.75049585,302.39968894,1.00000000,1,9.24950415
0.03154000,10.00000000,15.00000000,5.71863723,306.39968894,1.00000000,1,9.28136277
0.03156000,10.00000000,15.00000000,5.68695511,310.39968894,1.00000000,1,9.31304489
0.03158000,10.00000000,15.00000000,5.65544852,314.39968894,1.00000000,1,9.34455148
0.03160000,10.00000000,15.00000000,5.62411647,318.39968894,1.00000000,1,9.37588353
0.03162000,10.00000000,15.00000000,5.59295801,322.39968894,1.00000000,1,9.40704199
0.03164000,10.00000000,15.00000000,5.56197217,326.39968894,1.00000000,1,9.43802783
0.03166000,10.00000000,15.00000000,5.53115800,330.39968894,1.00000000,1,9.46884200
0.03168000,10.00000000,15.00000000,5.50051455,334.39968894,1.00000000,1,9.49948545
0.03170000,10.00000000,15.00000000,5.47004086,338.39968894,1.00000000,1,9.52995914
0.03172000,10.00000000,15.00000000,5.43973600,342.39968894,1.00000000,1,9.56026400
0.03174000,10.00000000,15.00000000,5.40959904,346.39968894,1.00000000,1,9.59040096
0.03176000,10.00000000,15.00000000,5.37962904,350.39968894,1.00000000,1,9.62037096
0.03178000,10.00000000,15.00000000,5.34982507,354.39968894,1.00000000,1,9.65017493
0.03180000,10.00000000,15.00000000,5.32018623,358.39968894,1.00000000,1,9.67981377
0.03182000,10.00000000,15.00000000,5.29071159,362.39968894,1.00000000,1,9.70928841
0.03184000,10.00000000,15.00000000,5.26140024,366.39968894,1.00000000,1,9.73859976
0.03186000,10.00000000,15.00000000,5.23225129,370.39968894,1.00000000,1,9.76774871
0.03188000,10.00000000,15.00000000,5.20326382,374.39968894,1.00000000,1,9.79673618
0.03190000,10.00000000,15.00000000,5.17443695,378.39968894,1.00000000,1,9.82556305
0.03192000,10.00000000,15.00000000,5.14576978,382.39968894,1.00000000,1,9.85423022
0.03194000,10.00000000,15.00000000,5.11726143,386.39968894,1.00000000,1,9.88273857
0.03196000,10.00000000,15.00000000,5.08891103,390.39968894,1.00000000,1,9.91108897
0.03198000,10.00000000,15.00000000,5.06071769,394.39968894,1.00000000,1,9.93928231
0.03200000,10.00000000,15.00000000,5.03268054,398.39968894,1.00000000,1,9.96731946
0.03202000,10.00000000,15.00000000,5.00479873,402.39968894,1.00000000,1,9.99520127
0.03204000,10.00000000,15.00000000,4.97707138,406.39968894,1.00000000,1,10.02292862
0.03206000,10.00000000,15.00000000,4.94949765,410.39968894,1.00000000,1,10.05050235
0.03208000,10.00000000,15.00000000,4.92207668,414.39968894,1.00000000,1,10.07792332
0.03210000,10.00000000,15.00000000,4.89480763,418.39968894,1.00000000,1,10.10519237
0.03212000,10.00000000,15.00000000,4.86768965,422.39968894,1.00000000,1,10.13231035
0.03214000,10.00000000,15.00000000,4.84072191,426.39968894,1.00000000,1,10.15927809
0.03216000,10.00000000,15.00000000,4.81390357,430.39968894,1.00000000,1,10.18609643
0.03218000,10.00000000,15.00000000,4.78723381,434.39968894,1.00000000,1,10.21276619
0.03220000,10.00000000,15.00000000,4.76071181,438.39968894,1.00000000,1,10.23928819
0.03222000,10.00000000,15.00000000,4.73433674,442.39968894,1.00000000,1,10.26566326
0.03224000,10.00000000,15.00000000,4.70810780,446.39968894,1.00000000,1,10.29189220
0.03226000,10.00000000,15.00000000,4.68202417,450.39968894,1.00000000,1,10.31797583
0.03228000,10.00000000,15.00000000,4.65608504,454.39968894,1.00000000,1,10.34391496
0.03230000,10.00000000,15.00000000,4.63028962,458.39968894,1.00000000,1,10.36971038
0.03232000,10.00000000,15.00000000,4.60463711,462.39968894,1.00000000,1,10.39536289
0.03234000,10.00000000,15.00000000,4.57912672,466.39968894,1.00000000,1,10.42087328
0.03236000,10.00000000,15.00000000,4.55375767,470.39968894,1.00000000,1,10.44624233
0.03238000,10.00000000,15.00000000,4.52852916,474.39968894,1.00000000,1,10.47147084
0.03240000,10.00000000,15.00000000,4.50344042,478.39968894,1.00000000,1,10.49655958
0.03242000,10.00000000,15.00000000,4.47849067,482.39968894,1.00000000,1,10.52150933
0.03244000,10.00000000,15.00000000,4.45367915,486.39968894,1.00000000,1,10.54632085
0.03246000,10.00000000,15.00000000,4.42900509,490.39968894,1.00000000,1,10.57099491
0.03248000,10.00000000,15.00000000,4.40446773,494.39968894,1.00000000,1,10.59553227
0.03250000,10.00000000,15.00000000,4.38006631,498.39968894,1.00000000,1,10.61993369
0.03252000,10.00000000,15.00000000,4.35580008,502.39968894,1.00000000,1,10.64419992
0.03254000,10.00000000,15.00000000,4.33166828,506.39968894,1.00000000,1,10.66833172
0.03256000,10.00000000,15.00000000,4.30767018,510.39968894,1.00000000,1,10.69232982
0.03258000,10.00000000,15.00000000,4.28380504,514.39968894,1.00000000,1,10.71619496
0.03260000,10.00000000,15.00000000,4.26007210,518.39968894,1.00000000,1,10.73992790
0.03262000,10.00000000,15.00000000,4.23647066,522.39968894,1.00000000,1,10.76352934
0.03264000,10.00000000,15.00000000,4.21299997,526.39968894,1.00000000,1,10.78700003
0.03266000,10.00000000,15.00000000,4.18965931,530.39968894,1.00000000,1,10.81034069
0.03268000,10.00000000,15.00000000,4.16644796,534.39968894,1.00000000,1,10.83355204
0.03270000,10.00000000,15.00000000,4.14336520,538.39968894,1.00000000,1,10.85663480
0.03272000,10.00000000,15.00000000,4.12041033,542.39968894,1.00000000,1,10.87958967
0.03274000,10.00000000,15.00000000,4.09758263,546.39968894,1.00000000,1,10.90241737
0.03276000,10.00000000,15.00000000,4.07488140,550.39968894,1.00000000,1,10.92511860
0.03278000,10.00000000,15.00000000,4.05230594,554.39968894,1.00000000,1,10.94769406
0.03280000,10.00000000,15.00000000,4.02985555,558.39968894,1.00000000,1,10.97014445
0.03282000,10.00000000,15.00000000,4.00752953,562.39968894,1.00000000,1,10.99247047
0.03284000,10.00000000,15.00000000,3.98532721,566.39968894,1.00000000,1,11.01467279
0.03286000,10.00000000,15.00000000,3.96324789,570.39968894,1.00000000,1,11.03675211
0.03288000,10.00000000,15.00000000,3.94129090,574.39968894,1.00000000,1,11.05870910
0.03290000,10.00000000,15.00000000,3.91945555,578.39968894,1.00000000,1,11.08054445
0.03292000,10.00000000,15.00000000,3.89774117,582.39968894,1.00000000,1,11.10225883
0.03294000,10.00000000,15.00000000,3.87614709,586.39968894,1.00000000,1,11.12385291
0.03296000,10.00000000,15.00000000,3.85467264,590.39968894,1.00000000,1,11.14532736
0.03298000,10.00000000,15.00000000,3.83331717,594.39968894,1.00000000,1,11.16668283
0.03300000,10.00000000,15.00000000,3.81208001,598.39968894,1.00000000,1,11.18791999
0.03302000,10.00000000,15.00000000,3.79096051,602.39968894,1.00000000,1,11.20903949
0.03304000,10.00000000,15.00000000,3.76995801,606.39968894,1.00000000,1,11.23004199
0.03306000,10.00000000,15.00000000,3.74907187,610.39968894,1.00000000,1,11.25092813
0.03308000,10.00000000,15.00000000,3.72830144,614.39968894,1.00000000,1,11.27169856
0.03310000,10.00000000,15.00000000,3.70764609,618.39968894,1.00000000,1,11.29235391
0.03312000,10.00000000,15.00000000,3.68710516,622.39968894,1.00000000,1,11.31289484
0.03314000,10.00000000,15.00000000,3.66667804,626.39968894,1.00000000,1,11.33332196
0.03316000,10.00000000,15.00000000,3.64636409,630.39968894,1.00000000,1,11.35363591
0.03318000,10.00000000,15.00000000,3.62616268,634.39968894,1.00000000,1,11.37383732
0.03320000,10.00000000,15.00000000,3.60607318,638.39968894,1.00000000,1,11.39392682
0.03322000,10.00000000,15.00000000,3.58609499,642.39968894,1.00000000,1,11.41390501
0.03324000,10.00000000,15.00000000,3.56622748,646.39968894,1.00000000,1,11.43377252
0.03326000,10.00000000,15.00000000,3.54647004,650.39968894,1.00000000,1,11.45352996
0.03328000,10.00000000,15.00000000,3.52682205,654.39968894,1.00000000,1,11.47317795
0.03330000,10.00000000,15.00000000,3.50728292,658.39968894,1.00000000,1,11.49271708
0.03332000,10.00000000,15.00000000,3.48785204,662.39968894,1.00000000,1,11.51214796
0.03334000,10.00000000,15.00000000,3.46852881,666.39968894,1.00000000,1,11.53147119
0.03336000,10.00000000,15.00000000,3.44931264,670.39968894,1.00000000,1,11.55068736
0.03338000,10.00000000,15.00000000,3.43020292,674.39968894,1.00000000,1,11.56979708
0.03340000,10.00000000,15.00000000,3.41119907,678.39968894,1.00000000,1,11.58880093
0.03342000,10.00000000,15.00000000,3.39230051,682.39968894,1.00000000,1,11.60769949
0.03344000,10.00000000,15.00000000,3.37350665,686.39968894,1.00000000,1,11.62649335
0.03346000,10.00000000,15.00000000,3.35481691,690.39968894,1.00000000,1,11.64518309
0.03348000,10.00000000,15.00000000,3.33623072,694.39968894,1.00000000,1,11.66376928
0.03350000,10.00000000,15.00000000,3.31774749,698.39968894,1.00000000,1,11.68225251
0.03352000,10.00000000,15.00000000,3.29936667,702.39968894,1.00000000,1,11.70063333
0.03354000,10.00000000,15.00000000,3.28108767,706.39968894,1.00000000,1,11.71891233
0.03356000,10.00000000,15.00000000,3.26290995,710.39968894,1.00000000,1,11.73709005
0.03358000,10.00000000,15.00000000,3.24483293,714.39968894,1.00000000,1,11.75516707
0.03360000,10.00000000,15.00000000,3.22685606,718.39968894,1.00000000,1,11.77314394
0.03362000,10.00000000,15.00000000,3.20897879,722.39968894,1.00000000,1,11.79102121
0.03364000,10.00000000,15.00000000,3.19120056,726.39968894,1.00000000,1,11.80879944
0.03366000,10.00000000,15.00000000,3.17352082,730.39968894,1.00000000,1,11.82647918
0.03368000,10.00000000,15.00000000,3.15593904,734.39968894,1.00000000,1,11.84406096
0.03370000,10.00000000,15.00000000,3.13845465,738.39968894,1.00000000,1,11.86154535
0.03372000,10.00000000,15.00000000,3.12106714,742.39968894,1.00000000,1,11.87893286
0.03374000,10.00000000,15.00000000,3.10377595,746.39968894,1.00000000,1,11.89622405
0.03376000,10.00000000,15.00000000,3.08658056,750.39968894,1.00000000,1,11.91341944
0.03378000,10.00000000,15.00000000,3.06948044,754.39968894,1.00000000,1,11.93051956
0.03380000,10.00000000,15.00000000,3.05247505,758.39968894,1.00000000,1,11.94752495
0.03382000,10.00000000,15.00000000,3.03556387,762.39968894,1.00000000,1,11.96443613
0.03384000,10.00000000,15.00000000,3.01874639,766.39968894,1.00000000,1,11.98125361
0.03386000,10.00000000,15.00000000,3.00202207,770.39968894,1.00000000,1,11.99797793
0.03388000,10.00000000,15.00000000,2.98539041,774.39968894,1.00000000,1,12.01460959
0.03390000,10.00000000,15.00000000,2.96885090,778.39968894,1.00000000,1,12.03114910
0.03392000,10.00000000,15.00000000,2.95240301,782.39968894,1.00000000,1,12.04759699
0.03394000,10.00000000,15.00000000,2.93604625,786.39968894,1.00000000,1,12.06395375
0.03396000,10.00000000,15.00000000,2.91978011,790.39968894,1.00000000,1,12.08021989
0.03398000,10.00000000,15.00000000,2.90360408,794.39968894,1.00000000,1,12.09639592
0.03400000,10.00000000,15.00000000,2.88751768,798.39968894,1.00000000,1,12.11248232
0.03402000,10.00000000,15.00000000,2.87152039,802.39968894,1.00000000,1,12.12847961
0.03404000,10.00000000,15.00000000,2.85561173,806.39968894,1.00000000,1,12.14438827
0.03406000,10.00000000,15.00000000,2.83979121,810.39968894,1.00000000,1,12.16020879
0.03408000,10.00000000,15.00000000,2.82405833,814.39968894,1.00000000,1,12.17594167
0.03410000,10.00000000,15.00000000,2.80841262,818.39968894,1.00000000,1,12.19158738
0.03412000,10.00000000,15.00000000,2.79285359,822.39968894,1.00000000,1,12.20714641
0.03414000,10.00000000,15.00000000,2.77738075,826.39968894,1.00000000,1,12.22261925
0.03416000,10.00000000,15.00000000,2.76199364,830.39968894,1.00000000,1,12.23800636
0.03418000,10.00000000,15.00000000,2.74669178,834.39968894,1.00000000,1,12.25330822
0.03420000,10.00000000,15.00000000,2.73147469,838.39968894,1.00000000,1,12.26852531
0.03422000,10.00000000,15.00000000,2.71634190,842.39968894,1.00000000,1,12.28365810
0.03424000,10.00000000,15.00000000,2.70129295,846.39968894,1.00000000,1,12.29870705
0.03426000,10.00000000,15.00000000,2.68632738,850.39968894,1.00000000,1,12.31367262
0.03428000,10.00000000,15.00000000,2.67144472,854.39968894,1.00000000,1,12.32855528
0.03430000,10.00000000,15.00000000,2.65664451,858.39968894,1.00000000,1,12.34335549
0.03432000,10.00000000,15.00000000,2.64192630,862.39968894,1.00000000,1,12.35807370
0.03434000,10.00000000,15.00000000,2.62728962,866.39968894,1.00000000,1,12.37271038
0.03436000,10.00000000,15.00000000,2.61273404,870.39968894,1.00000000,1,12.38726596
0.03438000,10.00000000,15.00000000,2.59825909,874.39968894,1.00000000,1,12.40174091
0.03440000,10.00000000,15.00000000,2.58386434,878.39968894,1.00000000,1,12.41613566
0.03442000,10.00000000,15.00000000,2.56954934,882.39968894,1.00000000,1,12.43045066
0.03444000,10.00000000,15.00000000,2.55531365,886.39968894,1.00000000,1,12.44468635
0.03446000,10.00000000,15.00000000,2.54115682,890.39968894,1.00000000,1,12.45884318
0.03448000,10.00000000,15.00000000,2.52707843,894.39968894,1.00000000,1,12.47292157
0.03450000,10.00000000,15.00000000,2.51307803,898.39968894,1.00000000,1,12.48692197
0.03452000,10.00000000,15.00000000,2.49915520,902.39968894,1.00000000,1,12.50084480
0.03454000,10.00000000,15.00000000,2.48530950,906.39968894,1.00000000,1,12.51469050
0.03456000,10.00000000,15.00000000,2.47154050,910.39968894,1.00000000,1,12.52845950
0.03458000,10.00000000,15.00000000,2.45784779,914.39968894,1.00000000,1,12.54215221
0.03460000,10.00000000,15.00000000,2.44423094,918.39968894,1.00000000,1,12.55576906
0.03462000,10.00000000,15.00000000,2.43068953,922.39968894,1.00000000,1,12.56931047
0.03464000,10.00000000,15.00000000,2.41722314,926.39968894,1.00000000,1,12.58277686
0.03466000,10.00000000,15.00000000,2.40383136,930.39968894,1.00000000,1,12.59616864
0.03468000,10.00000000,15.00000000,2.39051377,934.39968894,1.00000000,1,12.60948623
0.03470000,10.00000000,15.00000000,2.37726996,938.39968894,1.00000000,1,12.62273004
0.03472000,10.00000000,15.00000000,2.36409952,942.39968894,1.00000000,1,12.63590048
0.03474000,10.00000000,15.00000000,2.35100205,946.39968894,1.00000000,1,12.64899795
0.03476000,10.00000000,15.00000000,2.33797714,950.39968894,1.00000000,1,12.66202286
0.03478000,10.00000000,15.00000000,2.32502439,954.39968894,1.00000000,1,12.67497561
0.03480000,10.00000000,15.00000000,2.31214340,958.39968894,1.00000000,1,12.68785660
0.03482000,10.00000000,15.00000000,2.29933378,962.39968894,1.00000000,1,12.70066622
0.03484000,10.00000000,15.00000000,2.28659512,966.39968894,1.00000000,1,12.71340488
0.03486000,10.00000000,15.00000000,2.27392704,970.39968894,1.00000000,1,12.72607296
0.03488000,10.00000000,15.00000000,2.26132913,974.39968894,1.00000000,1,12.73867087
0.03490000,10.00000000,15.00000000,2.24880103,978.39968894,1.00000000,1,12.75119897
0.03492000,10.00000000,15.00000000,2.23634233,982.39968894,1.00000000,1,12.76365767
0.03494000,10.00000000,15.00000000,2.22395265,986.39968894,1.00000000,1,12.77604735
0.03496000,10.00000000,15.00000000,2.21163162,990.39968894,1.00000000,1,12.78836838
0.03498000,10.00000000,15.00000000,2.19937884,994.39968894,1.00000000,1,12.80062116
0.03500000,10.00000000,15.00000000,2.18719395,998.39968894,1.00000000,1,12.81280605
0.03502000,10.00000000,15.00000000,2.17507656,1002.39968894,1.00000000,1,12.82492344
0.03504000,10.00000000,15.00000000,2.16302631,1006.39968894,1.00000000,1,12.83697369
0.03506000,10.00000000,15.00000000,2.15104281,1010.39968894,1.00000000,1,12.84895719
0.03508000,10.00000000,15.00000000,2.13912571,1014.39968894,1.00000000,1,12.86087429
0.03510000,10.00000000,15.00000000,2.12727463,1018.39968894,1.00000000,1,12.87272537
0.03512000,10.00000000,15.00000000,2.11548920,1022.39968894,1.00000000,1,12.88451080
0.03514000,10.00000000,15.00000000,2.10376907,1026.39968894,1.00000000,1,12.89623093
0.03516000,10.00000000,15.00000000,2.09211387,1030.39968894,1.00000000,1,12.90788613
0.03518000,10.00000000,15.00000000,2.08052324,1034.39968894,1.00000000,1,12.91947676
0.03520000,10.00000000,15.00000000,2.06899682,1038.39968894,1.00000000,1,12.93100318
0.03522000,10.00000000,15.00000000,2.05753427,1042.39968894,1.00000000,1,12.94246573
0.03524000,10.00000000,15.00000000,2.04613521,1046.39968894,1.00000000,1,12.95386479
0.03526000,10.00000000,15.00000000,2.03479931,1050.39968894,1.00000000,1,12.96520069
0.03528000,10.00000000,15.00000000,2.02352622,1054.39968894,1.00000000,1,12.97647378
0.03530000,10.00000000,15.00000000,2.01231557,1058.39968894,1.00000000,1,12.98768443
0.03532000,10.00000000,15.00000000,2.00116704,1062.39968894,1.00000000,1,12.99883296
0.03534000,10.00000000,15.00000000,1.99008027,1066.39968894,1.00000000,1,13.00991973
0.03536000,10.00000000,15.00000000,1.97905492,1070.39968894,1.00000000,1,13.02094508
0.03538000,10.00000000,15.00000000,1.96809066,1074.39968894,1.00000000,1,13.03190934
0.03540000,10.00000000,15.00000000,1.95718714,1078.39968894,1.00000000,1,13.04281286
0.03542000,10.00000000,15.00000000,1.94634402,1082.39968894,1.00000000,1,13.05365598
0.03544000,10.00000000,15.00000000,1.93556098,1086.39968894,1.00000000,1,13.06443902
0.03546000,10.00000000,15.00000000,1.92483768,1090.39968894,1.00000000,1,13.07516232
0.03548000,10.00000000,15.00000000,1.91417379,1094.39968894,1.00000000,1,13.08582621
0.03550000,10.00000000,15.00000000,1.90356897,1098.39968894,1.00000000,1,13.09643103
0.03552000,10.00000000,15.00000000,1.89302291,1102.39968894,1.00000000,1,13.10697709
0.03554000,10.00000000,15.00000000,1.88253528,1106.39968894,1.00000000,1,13.11746472
0.03556000,10.00000000,15.00000000,1.87210574,1110.39968894,1.00000000,1,13.12789426
0.03558000,10.00000000,15.00000000,1.86173399,1114.39968894,1.00000000,1,13.13826601
0.03560000,10.00000000,15.00000000,1.85141970,1118.39968894,1.00000000,1,13.14858030
0.03562000,10.00000000,15.00000000,1.84116256,1122.39968894,1.00000000,1,13.15883744
0.03564000,10.00000000,15.00000000,1.83096224,1126.39968894,1.00000000,1,13.16903776
0.03566000,10.00000000,15.00000000,1.82081843,1130.39968894,1.00000000,1,13.17918157
0.03568000,10.00000000,15.00000000,1.81073082,1134.39968894,1.00000000,1,13.18926918
0.03570000,10.00000000,15.00000000,1.80069909,1138.39968894,1.00000000,1,13.19930091
0.03572000,10.00000000,15.00000000,1.79072295,1142.39968894,1.00000000,1,13.20927705
0.03574000,10.00000000,15.00000000,1.78080207,1146.39968894,1.00000000,1,13.21919793
0.03576000,10.00000000,15.00000000,1.77093616,1150.39968894,1.00000000,1,13.22906384
0.03578000,10.00000000,15.00000000,1.76112490,1154.39968894,1.00000000,1,13.23887510
0.03580000,10.00000000,15.00000000,1.75136800,1158.39968894,1.00000000,1,13.24863200
0.03582000,10.00000000,15.00000000,1.74166516,1162.39968894,1.00000000,1,13.25833484
0.03584000,10.00000000,15.00000000,1.73201607,1166.39968894,1.00000000,1,13.26798393
0.03586000,10.00000000,15.00000000,1.72242043,1170.39968894,1.00000000,1,13.27757957
0.03588000,10.00000000,15.00000000,1.71287796,1174.39968894,1.00000000,1,13.28712204
0.03590000,10.00000000,15.00000000,1.70338836,1178.39968894,1.00000000,1,13.29661164
0.03592000,10.00000000,15.00000000,1.69395133,1182.39968894,1.00000000,1,13.30604867
0.03594000,10.00000000,15.00000000,1.68456658,1186.39968894,1.00000000,1,13.31543342
0.03596000,10.00000000,15.00000000,1.67523383,1190.39968894,1.00000000,1,13.32476617
0.03598000,10.00000000,15.00000000,1.66595278,1194.39968894,1.00000000,1,13.33404722
0.03600000,10.00000000,15.00000000,1.65672314,1198.39968894,1.00000000,1,13.34327686
0.03602000,10.00000000,15.00000000,1.64754465,1202.39968894,1.00000000,1,13.35245535
0.03604000,10.00000000,15.00000000,1.63841700,1206.39968894,1.00000000,1,13.36158300
0.03606000,10.00000000,15.00000000,1.62933992,1210.39968894,1.00000000,1,13.37066008
0.03608000,10.00000000,15.00000000,1.62031313,1214.39968894,1.00000000,1,13.37968687
0.03610000,10.00000000,15.00000000,1.61133635,1218.39968894,1.00000000,1,13.38866365
0.03612000,10.00000000,15.00000000,1.60240930,1222.39968894,1.00000000,1,13.39759070
0.03614000,10.00000000,15.00000000,1.59353171,1226.39968894,1.00000000,1,13.40646829
0.03616000,10.00000000,15.00000000,1.58470330,1230.39968894,1.00000000,1,13.41529670
0.03618000,10.00000000,15.00000000,1.57592380,1234.39968894,1.00000000,1,13.42407620
0.03620000,10.00000000,15.00000000,1.56719295,1238.39968894,1.00000000,1,13.43280705
0.03622000,10.00000000,15.00000000,1.55851046,1242.39968894,1.00000000,1,13.44148954
0.03624000,10.00000000,15.00000000,1.54987607,1246.39968894,1.00000000,1,13.45012393
0.03626000,10.00000000,15.00000000,1.54128952,1250.39968894,1.00000000,1,13.45871048
0.03628000,10.00000000,15.00000000,1.53275055,1254.39968894,1.00000000,1,13.46724945
0.03630000,10.00000000,15.00000000,1.52425888,1258.39968894,1.00000000,1,13.47574112
0.03632000,10.00000000,15.00000000,1.51581425,1262.39968894,1.00000000,1,13.48418575
0.03634000,10.00000000,15.00000000,1.50741641,1266.39968894,1.00000000,1,13.49258359
0.03636000,10.00000000,15.00000000,1.49906509,1270.39968894,1.00000000,1,13.50093491
0.03638000,10.00000000,15.00000000,1.49076004,1274.39968894,1.00000000,1,13.50923996
0.03640000,10.00000000,15.00000000,1.48250101,1278.39968894,1.00000000,1,13.51749899
0.03642000,10.00000000,15.00000000,1.47428773,1282.39968894,1.00000000,1,13.52571227
0.03644000,10.00000000,15.00000000,1.46611995,1286.39968894,1.00000000,1,13.53388005
0.03646000,10.00000000,15.00000000,1.45799742,1290.39968894,1.00000000,1,13.54200258
0.03648000,10.00000000,15.00000000,1.44991989,1294.39968894,1.00000000,1,13.55008011
0.03650000,10.00000000,15.00000000,1.44188712,1298.39968894,1.00000000,1,13.55811288
0.03652000,10.00000000,15.00000000,1.43389884,1302.39968894,1.00000000,1,13.56610116
0.03654000,10.00000000,15.00000000,1.42595482,1306.39968894,1.00000000,1,13.57404518
0.03656000,10.00000000,15.00000000,1.41805482,1310.39968894,1.00000000,1,13.58194518
0.03658000,10.00000000,15.00000000,1.41019858,1314.39968894,1.00000000,1,13.58980142
0.03660000,10.00000000,15.00000000,1.40238586,1318.39968894,1.00000000,1,13.59761414
0.03662000,10.00000000,15.00000000,1.39461643,1322.39968894,1.00000000,1,13.60538357
0.03664000,10.00000000,15.00000000,1.38689005,1326.39968894,1.00000000,1,13.61310995
0.03666000,10.00000000,15.00000000,1.37920646,1330.39968894,1.00000000,1,13.62079354
0.03668000,10.00000000,15.00000000,1.37156545,1334.39968894,1.00000000,1,13.62843455
0.03670000,10.00000000,15.00000000,1.36396677,1338.39968894,1.00000000,1,13.63603323
0.03672000,10.00000000,15.00000000,1.35641019,1342.39968894,1.00000000,1,13.64358981
0.03674000,10.00000000,15.00000000,1.34889547,1346.39968894,1.00000000,1,13.65110453
0.03676000,10.00000000,15.00000000,1.34142238,1350.39968894,1.00000000,1,13.65857762
0.03678000,10.00000000,15.00000000,1.33399070,1354.39968894,1.00000000,1,13.66600930
0.03680000,10.00000000,15.00000000,1.32660019,1358.39968894,1.00000000,1,13.67339981
0.03682000,10.00000000,15.00000000,1.31925062,1362.39968894,1.00000000,1,13.68074938
0.03684000,10.00000000,15.00000000,1.31194177,1366.39968894,1.00000000,1,13.68805823
0.03686000,10.00000000,15.00000000,1.30467342,1370.39968894,1.00000000,1,13.69532658
0.03688000,10.00000000,15.00000000,1.29744533,1374.39968894,1.00000000,1,13.70255467
0.03690000,10.00000000,15.00000000,1.29025728,1378.39968894,1.00000000,1,13.70974272
0.03692000,10.00000000,15.00000000,1.28310906,1382.39968894,1.00000000,1,13.71689094
0.03694000,10.00000000,15.00000000,1.27600044,1386.39968894,1.00000000,1,13.72399956
0.03696000,10.00000000,15.00000000,1.26893120,1390.39968894,1.00000000,1,13.73106880
0.03698000,10.00000000,15.00000000,1.26190113,1394.39968894,1.00000000,1,13.73809887
0.03700000,10.00000000,15.00000000,1.25491001,1398.39968894,1.00000000,1,13.74508999
0.03702000,10.00000000,15.00000000,1.24795762,1402.39968894,1.00000000,1,13.75204238
0.03704000,10.00000000,15.00000000,1.24104374,1406.39968894,1.00000000,1,13.75895626
0.03706000,10.00000000,15.00000000,1.23416817,1410.39968894,1.00000000,1,13.76583183
0.03708000,10.00000000,15.00000000,1.22733069,1414.39968894,1.00000000,1,13.77266931
0.03710000,10.00000000,15.00000000,1.22053109,1418.39968894,1.00000000,1,13.77946891
0.03712000,10.00000000,15.00000000,1.21376917,1422.39968894,1.00000000,1,13.78623083
0.03714000,10.00000000,15.00000000,1.20704470,1426.39968894,1.00000000,1,13.79295530
0.03716000,10.00000000,15.00000000,1.20035749,1430.39968894,1.00000000,1,13.79964251
0.03718000,10.00000000,15.00000000,1.19370733,1434.39968894,1.00000000,1,13.80629267
0.03720000,10.00000000,15.00000000,1.18709401,1438.39968894,1.00000000,1,13.81290599
0.03722000,10.00000000,15.00000000,1.18051732,1442.39968894,1.00000000,1,13.81948268
0.03724000,10.00000000,15.00000000,1.17397708,1446.39968894,1.00000000,1,13.82602292
0.03726000,10.00000000,15.00000000,1.16747307,1450.39968894,1.00000000,1,13.83252693
0.03728000,10.00000000,15.00000000,1.16100509,1454.39968894,1.00000000,1,13.83899491
0.03730000,10.00000000,15.00000000,1.15457294,1458.39968894,1.00000000,1,13.84542706
0.03732000,10.00000000,15.00000000,1.14817643,1462.39968894,1.00000000,1,13.85182357
0.03734000,10.00000000,15.00000000,1.14181536,1466.39968894,1.00000000,1,13.85818464
0.03736000,10.00000000,15.00000000,1.13548953,1470.39968894,1.00000000,1,13.86451047
0.03738000,10.00000000,15.00000000,1.12919875,1474.39968894,1.00000000,1,13.87080125
0.03740000,10.00000000,15.00000000,1.12294281,1478.39968894,1.00000000,1,13.87705719
0.03742000,10.00000000,15.00000000,1.11672154,1482.39968894,1.00000000,1,13.88327846
0.03744000,10.00000000,15.00000000,1.11053473,1486.39968894,1.00000000,1,13.88946527
0.03746000,10.00000000,15.00000000,1.10438220,1490.39968894,1.00000000,1,13.89561780
0.03748000,10.00000000,15.00000000,1.09826376,1494.39968894,1.00000000,1,13.90173624
0.03750000,10.00000000,15.00000000,1.09217921,1498.39968894,1.00000000,1,13.90782079
0.03752000,10.00000000,15.00000000,1.08612837,1502.39968894,1.00000000,1,13.91387163
0.03754000,10.00000000,15.00000000,1.08011105,1506.39968894,1.00000000,1,13.91988895
0.03756000,10.00000000,15.00000000,1.07412707,1510.39968894,1.00000000,1,13.92587293
0.03758000,10.00000000,15.00000000,1.06817625,1514.39968894,1.00000000,1,13.93182375
0.03760000,10.00000000,15.00000000,1.06225839,1518.39968894,1.00000000,1,13.93774161
0.03762000,10.00000000,15.00000000,1.05637332,1522.39968894,1.00000000,1,13.94362668
0.03764000,10.00000000,15.00000000,1.05052085,1526.39968894,1.00000000,1,13.94947915
0.03766000,10.00000000,15.00000000,1.04470080,1530.39968894,1.00000000,1,13.95529920
0.03768000,10.00000000,15.00000000,1.03891300,1534.39968894,1.00000000,1,13.96108700
0.03770000,10.00000000,15.00000000,1.03315726,1538.39968894,1.00000000,1,13.96684274
0.03772000,10.00000000,15.00000000,1.02743342,1542.39968894,1.00000000,1,13.97256658
0.03774000,10.00000000,15.00000000,1.02174128,1546.39968894,1.00000000,1,13.97825872
0.03776000,10.00000000,15.00000000,1.01608068,1550.39968894,1.00000000,1,13.98391932
0.03778000,10.00000000,15.00000000,1.01045144,1554.39968894,1.00000000,1,13.98954856
0.03780000,10.00000000,15.00000000,1.00485338,1558.39968894,1.00000000,1,13.99514662
0.03782000,10.00000000,15.00000000,0.99928634,1562.39968894,1.00000000,1,14.00071366
0.03784000,10.00000000,15.00000000,0.99375014,1566.39968894,1.00000000,1,14.00624986
0.03786000,10.00000000,15.00000000,0.98824462,1570.39968894,1.00000000,1,14.01175538
0.03788000,10.00000000,15.00000000,0.98276959,1574.39968894,1.00000000,1,14.01723041
0.03790000,10.00000000,15.00000000,0.97732490,1578.39968894,1.00000000,1,14.02267510
0.03792000,10.00000000,15.00000000,0.97191037,1582.39968894,1.00000000,1,14.02808963
0.03794000,10.00000000,15.00000000,0.96652584,1586.39968894,1.00000000,1,14.03347416
0.03796000,10.00000000,15.00000000,0.96117114,1590.39968894,1.00000000,1,14.03882886
0.03798000,10.00000000,15.00000000,0.95584610,1594.39968894,1.00000000,1,14.04415390
0.03800000,10.00000000,15.00000000,0.95055057,1598.39968894,1.00000000,1,14.04944943
0.03802000,10.00000000,15.00000000,0.94528438,1602.39968894,1.00000000,1,14.05471562
0.03804000,10.00000000,15.00000000,0.94004736,1606.39968894,1.00000000,1,14.05995264
0.03806000,10.00000000,15.00000000,0.93483935,1610.39968894,1.00000000,1,14.06516065
0.03808000,10.00000000,15.00000000,0.92966020,1614.39968894,1.00000000,1,14.07033980
0.03810000,10.00000000,15.00000000,0.92450974,1618.39968894,1.00000000,1,14.07549026
0.03812000,10.00000000,15.00000000,0.91938782,1622.39968894,1.00000000,1,14.08061218
0.03814000,10.00000000,15.00000000,0.91429427,1626.39968894,1.00000000,1,14.08570573
0.03816000,10.00000000,15.00000000,0.90922894,1630.39968894,1.00000000,1,14.09077106
0.03818000,10.00000000,15.00000000,0.90419167,1634.39968894,1.00000000,1,14.09580833
0.03820000,10.00000000,15.00000000,0.89918231,1638.39968894,1.00000000,1,14.10081769
0.03822000,10.00000000,15.00000000,0.89420071,1642.39968894,1.00000000,1,14.10579929
0.03824000,10.00000000,15.00000000,0.88924670,1646.39968894,1.00000000,1,14.11075330
0.03826000,10.00000000,15.00000000,0.88432014,1650.39968894,1.00000000,1,14.11567986
0.03828000,10.00000000,15.00000000,0.87942087,1654.39968894,1.00000000,1,14.12057913
0.03830000,10.00000000,15.00000000,0.87454874,1658.39968894,1.00000000,1,14.12545126
0.03832000,10.00000000,15.00000000,0.86970361,1662.39968894,1.00000000,1,14.13029639
0.03834000,10.00000000,15.00000000,0.86488532,1666.39968894,1.00000000,1,14.13511468
0.03836000,10.00000000,15.00000000,0.86009372,1670.39968894,1.00000000,1,14.13990628
0.03838000,10.00000000,15.00000000,0.85532867,1674.39968894,1.00000000,1,14.14467133
0.03840000,10.00000000,15.00000000,0.85059002,1678.39968894,1.00000000,1,14.14940998
0.03842000,10.00000000,15.00000000,0.84587763,1682.39968894,1.00000000,1,14.15412237
0.03844000,10.00000000,15.00000000,0.84119133,1686.39968894,1.00000000,1,14.15880867
0.03846000,10.00000000,15.00000000,0.83653101,1690.39968894,1.00000000,1,14.16346899
0.03848000,10.00000000,15.00000000,0.83189650,1694.39968894,1.00000000,1,14.16810350
0.03850000,10.00000000,15.00000000,0.82728767,1698.39968894,1.00000000,1,14.17271233
0.03852000,10.00000000,15.00000000,0.82270437,1702.39968894,1.00000000,1,14.17729563
0.03854000,10.00000000,15.00000000,0.81814646,1706.39968894,1.00000000,1,14.18185354
0.03856000,10.00000000,15.00000000,0.81361380,1710.39968894,1.00000000,1,14.18638620
0.03858000,10.00000000,15.00000000,0.80910626,1714.39968894,1.00000000,1,14.19089374
0.03860000,10.00000000,15.00000000,0.80462369,1718.39968894,1.00000000,1,14.19537631
0.03862000,10.00000000,15.00000000,0.80016595,1722.39968894,1.00000000,1,14.19983405
0.03864000,10.00000000,15.00000000,0.79573291,1726.39968894,1.00000000,1,14.20426709
0.03866000,10.00000000,15.00000000,0.79132443,1730.39968894,1.00000000,1,14.20867557
0.03868000,10.00000000,15.00000000,0.78694037,1734.39968894,1.00000000,1,14.21305963
0.03870000,10.00000000,15.00000000,0.78258060,1738.39968894,1.00000000,1,14.21741940
0.03872000,10.00000000,15.00000000,0.77824498,1742.39968894,1.00000000,1,14.22175502
0.03874000,10.00000000,15.00000000,0.77393339,1746.39968894,1.00000000,1,14.22606661
0.03876000,10.00000000,15.00000000,0.76964568,1750.39968894,1.00000000,1,14.23035432
0.03878000,10.00000000,15.00000000,0.76538173,1754.39968894,1.00000000,1,14.23461827
0.03880000,10.00000000,15.00000000,0.76114140,1758.39968894,1.00000000,1,14.23885860
0.03882000,10.00000000,15.00000000,0.75692456,1762.39968894,1.00000000,1,14.24307544
0.03884000,10.00000000,15.00000000,0.75273108,1766.39968894,1.00000000,1,14.24726892
0.03886000,10.00000000,15.00000000,0.74856083,1770.39968894,1.00000000,1,14.25143917
0.03888000,10.00000000,15.00000000,0.74441369,1774.39968894,1.00000000,1,14.25558631
0.03890000,10.00000000,15.00000000,0.74028953,1778.39968894,1.00000000,1,14.25971047
0.03892000,10.00000000,15.00000000,0.73618821,1782.39968894,1.00000000,1,14.26381179
0.03894000,10.00000000,15.00000000,0.73210962,1786.39968894,1.00000000,1,14.26789038
0.03896000,10.00000000,15.00000000,0.72805362,1790.39968894,1.00000000,1,14.27194638
0.03898000,10.00000000,15.00000000,0.72402009,1794.39968894,1.00000000,1,14.27597991
0.03900000,10.00000000,15.00000000,0.72000891,1798.39968894,1.00000000,1,14.27999109
0.03902000,10.00000000,15.00000000,0.71601995,1802.39968894,1.00000000,1,14.28398005
0.03904000,10.00000000,15.00000000,0.71205309,1806.39968894,1.00000000,1,14.28794691
0.03906000,10.00000000,15.00000000,0.70810821,1810.39968894,1.00000000,1,14.29189179
0.03908000,10.00000000,15.00000000,0.70418518,1814.39968894,1.00000000,1,14.29581482
0.03910000,10.00000000,15.00000000,0.70028389,1818.39968894,1.00000000,1,14.29971611
0.03912000,10.00000000,15.00000000,0.69640421,1822.39968894,1.00000000,1,14.30359579
0.03914000,10.00000000,15.00000000,0.69254603,1826.39968894,1.00000000,1,14.30745397
0.03916000,10.00000000,15.00000000,0.68870922,1830.39968894,1.00000000,1,14.31129078
0.03918000,10.00000000,15.00000000,0.68489366,1834.39968894,1.00000000,1,14.31510634
0.03920000,10.00000000,15.00000000,0.68109925,1838.39968894,1.00000000,1,14.31890075
0.03922000,10.00000000,15.00000000,0.67732585,1842.39968894,1.00000000,1,14.32267415
0.03924000,10.00000000,15.00000000,0.67357336,1846.39968894,1.00000000,1,14.32642664
0.03926000,10.00000000,15.00000000,0.66984167,1850.39968894,1.00000000,1,14.33015833
0.03928000,10.00000000,15.00000000,0.66613064,1854.39968894,1.00000000,1,14.33386936
0.03930000,10.00000000,15.00000000,0.66244018,1858.39968894,1.00000000,1,14.33755982
0.03932000,10.00000000,15.00000000,0.65877016,1862.39968894,1.00000000,1,14.34122984
0.03934000,10.00000000,15.00000000,0.65512047,1866.39968894,1.00000000,1,14.34487953
0.03936000,10.00000000,15.00000000,0.65149100,1870.39968894,1.00000000,1,14.34850900
0.03938000,10.00000000,15.00000000,0.64788164,1874.39968894,1.00000000,1,14.35211836
0.03940000,10.00000000,15.00000000,0.64429228,1878.39968894,1.00000000,1,14.35570772
0.03942000,10.00000000,15.00000000,0.64072280,1882.39968894,1.00000000,1,14.35927720
0.03944000,10.00000000,15.00000000,0.63717310,1886.39968894,1.00000000,1,14.36282690
0.03946000,10.00000000,15.00000000,0.63364307,1890.39968894,1.00000000,1,14.36635693
0.03948000,10.00000000,15.00000000,0.63013259,1894.39968894,1.00000000,1,14.36986741
0.03950000,10.00000000,15.00000000,0.62664156,1898.39968894,1.00000000,1,14.37335844
0.03952000,10.00000000,15.00000000,0.62316987,1902.39968894,1.00000000,1,14.37683013
0.03954000,10.00000000,15.00000000,0.61971741,1906.39968894,1.00000000,1,14.38028259
0.03956000,10.00000000,15.00000000,0.61628408,1910.39968894,1.00000000,1,14.38371592
0.03958000,10.00000000,15.00000000,0.61286978,1914.39968894,1.00000000,1,14.38713022
0.03960000,10.00000000,15.00000000,0.60947438,1918.39968894,1.00000000,1,14.39052562
0.03962000,10.00000000,15.00000000,0.60609780,1922.39968894,1.00000000,1,14.39390220
0.03964000,10.00000000,15.00000000,0.60273993,1926.39968894,1.00000000,1,14.39726007
0.03966000,10.00000000,15.00000000,0.59940066,1930.39968894,1.00000000,1,14.40059934
0.03968000,10.00000000,15.00000000,0.59607989,1934.39968894,1.00000000,1,14.40392011
0.03970000,10.00000000,15.00000000,0.59277751,1938.39968894,1.00000000,1,14.40722249
0.03972000,10.00000000,15.00000000,0.58949344,1942.39968894,1.00000000,1,14.41050656
0.03974000,10.00000000,15.00000000,0.58622755,1946.39968894,1.00000000,1,14.41377245
0.03976000,10.00000000,15.00000000,0.58297976,1950.39968894,1.00000000,1,14.41702024
0.03978000,10.00000000,15.00000000,0.57974997,1954.39968894,1.00000000,1,14.42025003
0.03980000,10.00000000,15.00000000,0.57653806,1958.39968894,1.00000000,1,14.42346194
0.03982000,10.00000000,15.00000000,0.57334396,1962.39968894,1.00000000,1,14.42665604
0.03984000,10.00000000,15.00000000,0.57016754,1966.39968894,1.00000000,1,14.42983246
0.03986000,10.00000000,15.00000000,0.56700873,1970.39968894,1.00000000,1,14.43299127
0.03988000,10.00000000,15.00000000,0.56386741,1974.39968894,1.00000000,1,14.43613259
0.03990000,10.00000000,15.00000000,0.56074350,1978.39968894,1.00000000,1,14.43925650
0.03992000,10.00000000,15.00000000,0.55763690,1982.39968894,1.00000000,1,14.44236310
0.03994000,10.00000000,15.00000000,0.55454751,1986.39968894,1.00000000,1,14.44545249
0.03996000,10.00000000,15.00000000,0.55147523,1990.39968894,1.00000000,1,14.44852477
0.03998000,10.00000000,15.00000000,0.54841997,1994.39968894,1.00000000,1,14.45158003
0.04000000,10.00000000,15.00000000,0.54538164,1998.39968894,1.00000000,1,14.45461836
0.04002000,10.00000000,15.00000000,0.54236014,2002.39968894,1.00000000,1,14.45763986
0.04004000,10.00000000,15.00000000,0.53935539,2006.39968894,1.00000000,1,14.46064461
0.04006000,10.00000000,15.00000000,0.53636728,2010.39968894,1.00000000,1,14.46363272
0.04008000,10.00000000,15.00000000,0.53339572,2014.39968894,1.00000000,1,14.46660428
0.04010000,10.00000000,15.00000000,0.53044063,2018.39968894,1.00000000,1,14.46955937
0.04012000,10.00000000,15.00000000,0.52750190,2022.39968894,1.00000000,1,14.47249810
0.04014000,10.00000000,15.00000000,0.52457946,2026.39968894,1.00000000,1,14.47542054
0.04016000,10.00000000,15.00000000,0.52167321,2030.39968894,1.00000000,1,14.47832679
0.04018000,10.00000000,15.00000000,0.51878307,2034.39968894,1.00000000,1,14.48121693
0.04020000,10.00000000,15.00000000,0.51590893,2038.39968894,1.00000000,1,14.48409107
0.04022000,10.00000000,15.00000000,0.51305071,2042.39968894,1.00000000,1,14.48694929
0.04024000,10.00000000,15.00000000,0.51020834,2046.39968894,1.00000000,1,14.48979166
0.04026000,10.00000000,15.00000000,0.50738170,2050.39968894,1.00000000,1,14.49261830
0.04028000,10.00000000,15.00000000,0.50457073,2054.39968894,1.00000000,1,14.49542927
0.04030000,10.00000000,15.00000000,0.50177533,2058.39968894,1.00000000,1,14.49822467
0.04032000,10.00000000,15.00000000,0.49899542,2062.39968894,1.00000000,1,14.50100458
0.04034000,10.00000000,15.00000000,0.49623091,2066.39968894,1.00000000,1,14.50376909
0.04036000,10.00000000,15.00000000,0.49348172,2070.39968894,1.00000000,1,14.50651828
0.04038000,10.00000000,15.00000000,0.49074775,2074.39968894,1.00000000,1,14.50925225
0.04040000,10.00000000,15.00000000,0.48802894,2078.39968894,1.00000000,1,14.51197106
0.04042000,10.00000000,15.00000000,0.48532518,2082.39968894,1.00000000,1,14.51467482
0.04044000,10.00000000,15.00000000,0.48263641,2086.39968894,1.00000000,1,14.51736359
0.04046000,10.00000000,15.00000000,0.47996253,2090.39968894,1.00000000,1,14.52003747
0.04048000,10.00000000,15.00000000,0.47730346,2094.39968894,1.00000000,1,14.52269654
0.04050000,10.00000000,15.00000000,0.47465913,2098.39968894,1.00000000,1,14.52534087
0.04052000,10.00000000,15.00000000,0.47202944,2102.39968894,1.00000000,1,14.52797056
0.04054000,10.00000000,15.00000000,0.46941433,2106.39968894,1.00000000,1,14.53058567
0.04056000,10.00000000,15.00000000,0.46681370,2110.39968894,1.00000000,1,14.53318630
0.04058000,10.00000000,15.00000000,0.46422748,2114.39968894,1.00000000,1,14.53577252
0.04060000,10.00000000,15.00000000,0.46165559,2118.39968894,1.00000000,1,14.53834441
0.04062000,10.00000000,15.00000000,0.45909795,2122.39968894,1.00000000,1,14.54090205
0.04064000,10.00000000,15.00000000,0.45655448,2126.39968894,1.00000000,1,14.54344552
0.04066000,10.00000000,15.00000000,0.45402510,2130.39968894,1.00000000,1,14.54597490
0.04068000,10.00000000,15.00000000,0.45150973,2134.39968894,1.00000000,1,14.54849027
0.04070000,10.00000000,15.00000000,0.44900830,2138.39968894,1.00000000,1,14.55099170
0.04072000,10.00000000,15.00000000,0.44652072,2142.39968894,1.00000000,1,14.55347928
0.04074000,10.00000000,15.00000000,0.44404693,2146.39968894,1.00000000,1,14.55595307
0.04076000,10.00000000,15.00000000,0.44158684,2150.39968894,1.00000000,1,14.55841316
0.04078000,10.00000000,15.00000000,0.43914038,2154.39968894,1.00000000,1,14.56085962
0.04080000,10.00000000,15.00000000,0.43670748,2158.39968894,1.00000000,1,14.56329252
0.04082000,10.00000000,15.00000000,0.43428805,2162.39968894,1.00000000,1,14.56571195
0.04084000,10.00000000,15.00000000,0.43188203,2166.39968894,1.00000000,1,14.56811797
0.04086000,10.00000000,15.00000000,0.42948934,2170.39968894,1.00000000,1,14.57051066
0.04088000,10.00000000,15.00000000,0.42710990,2174.39968894,1.00000000,1,14.57289010
0.04090000,10.00000000,15.00000000,0.42474365,2178.39968894,1.00000000,1,14.57525635
0.04092000,10.00000000,15.00000000,0.42239051,2182.39968894,1.00000000,1,14.57760949
0.04094000,10.00000000,15.00000000,0.42005040,2186.39968894,1.00000000,1,14.57994960
0.04096000,10.00000000,15.00000000,0.41772325,2190.39968894,1.00000000,1,14.58227675
0.04098000,10.00000000,15.00000000,0.41540900,2194.39968894,1.00000000,1,14.58459100
0.04100000,10.00000000,15.00000000,0.41310758,2198.39968894,1.00000000,1,14.58689242
0.04102000,10.00000000,15.00000000,0.41081890,2202.39968894,1.00000000,1,14.58918110
0.04104000,10.00000000,15.00000000,0.40854290,2206.39968894,1.00000000,1,14.59145710
0.04106000,10.00000000,15.00000000,0.40627951,2210.39968894,1.00000000,1,14.59372049
0.04108000,10.00000000,15.00000000,0.40402866,2214.39968894,1.00000000,1,14.59597134
0.04110000,10.00000000,15.00000000,0.40179028,2218.39968894,1.00000000,1,14.59820972
0.04112000,10.00000000,15.00000000,0.39956430,2222.39968894,1.00000000,1,14.60043570
0.04114000,10.00000000,15.00000000,0.39735065,2226.39968894,1.00000000,1,14.60264935
0.04116000,10.00000000,15.00000000,0.39514927,2230.39968894,1.00000000,1,14.60485073
0.04118000,10.00000000,15.00000000,0.39296008,2234.39968894,1.00000000,1,14.60703992
0.04120000,10.00000000,15.00000000,0.39078302,2238.39968894,1.00000000,1,14.60921698
0.04122000,10.00000000,15.00000000,0.38861803,2242.39968894,1.00000000,1,14.61138197
0.04124000,10.00000000,15.00000000,0.38646502,2246.39968894,1.00000000,1,14.61353498
0.04126000,10.00000000,15.00000000,0.38432395,2250.39968894,1.00000000,1,14.61567605
0.04128000,10.00000000,15.00000000,0.38219473,2254.39968894,1.00000000,1,14.61780527
0.04130000,10.00000000,15.00000000,0.38007732,2258.39968894,1.00000000,1,14.61992268
0.04132000,10.00000000,15.00000000,0.37797163,2262.39968894,1.00000000,1,14.62202837
0.04134000,10.00000000,15.00000000,0.37587761,2266.39968894,1.00000000,1,14.62412239
0.04136000,10.00000000,15.00000000,0.37379519,2270.39968894,1.00000000,1,14.62620481
0.04138000,10.00000000,15.00000000,0.37172431,2274.39968894,1.00000000,1,14.62827569
0.04140000,10.00000000,15.00000000,0.36966490,2278.39968894,1.00000000,1,14.63033510
0.04142000,10.00000000,15.00000000,0.36761690,2282.39968894,1.00000000,1,14.63238310
0.04144000,10.00000000,15.00000000,0.36558025,2286.39968894,1.00000000,1,14.63441975
0.04146000,10.00000000,15.00000000,0.36355488,2290.39968894,1.00000000,1,14.63644512
0.04148000,10.00000000,15.00000000,0.36154073,2294.39968894,1.00000000,1,14.63845927
0.04150000,10.00000000,15.00000000,0.35953774,2298.39968894,1.00000000,1,14.64046226
0.04152000,10.00000000,15.00000000,0.35754584,2302.39968894,1.00000000,1,14.64245416
0.04154000,10.00000000,15.00000000,0.35556499,2306.39968894,1.00000000,1,14.64443501
0.04156000,10.00000000,15.00000000,0.35359510,2310.39968894,1.00000000,1,14.64640490
0.04158000,10.00000000,15.00000000,0.35163613,2314.39968894,1.00000000,1,14.64836387
0.04160000,10.00000000,15.00000000,0.34968801,2318.39968894,1.00000000,1,14.65031199
0.04162000,10.00000000,15.00000000,0.34775069,2322.39968894,1.00000000,1,14.65224931
0.04164000,10.00000000,15.00000000,0.34582410,2326.39968894,1.00000000,1,14.65417590
0.04166000,10.00000000,15.00000000,0.34390818,2330.39968894,1.00000000,1,14.65609182
0.04168000,10.00000000,15.00000000,0.34200287,2334.39968894,1.00000000,1,14.65799713
0.04170000,10.00000000,15.00000000,0.34010813,2338.39968894,1.00000000,1,14.65989187
0.04172000,10.00000000,15.00000000,0.33822388,2342.39968894,1.00000000,1,14.66177612
0.04174000,10.00000000,15.00000000,0.33635006,2346.39968894,1.00000000,1,14.66364994
0.04176000,10.00000000,15.00000000,0.33448663,2350.39968894,1.00000000,1,14.66551337
0.04178000,10.00000000,15.00000000,0.33263353,2354.39968894,1.00000000,1,14.66736647
0.04180000,10.00000000,15.00000000,0.33079069,2358.39968894,1.00000000,1,14.66920931
0.04182000,10.00000000,15.00000000,0.32895806,2362.39968894,1.00000000,1,14.67104194
0.04184000,10.00000000,15.00000000,0.32713558,2366.39968894,1.00000000,1,14.67286442
0.04186000,10.00000000,15.00000000,0.32532320,2370.39968894,1.00000000,1,14.67467680
0.04188000,10.00000000,15.00000000,0.32352086,2374.39968894,1.00000000,1,14.67647914
0.04190000,10.00000000,15.00000000,0.32172850,2378.39968894,1.00000000,1,14.67827150
0.04192000,10.00000000,15.00000000,0.31994608,2382.39968894,1.00000000,1,14.68005392
0.04194000,10.00000000,15.00000000,0.31817353,2386.39968894,1.00000000,1,14.68182647
0.04196000,10.00000000,15.00000000,0.31641080,2390.39968894,1.00000000,1,14.68358920
0.04198000,10.00000000,15.00000000,0.31465783,2394.39968894,1.00000000,1,14.68534217
0.04200000,10.00000000,15.00000000,0.31291458,2398.39968894,1.00000000,1,14.68708542
0.04202000,10.00000000,15.00000000,0.31118099,2402.39968894,1.00000000,1,14.68881901
0.04204000,10.00000000,15.00000000,0.30945700,2406.39968894,1.00000000,1,14.69054300
0.04206000,10.00000000,15.00000000,0.30774256,2410.39968894,1.00000000,1,14.69225744
0.04208000,10.00000000,15.00000000,0.30603762,2414.39968894,1.00000000,1,14.69396238
0.04210000,10.00000000,15.00000000,0.30434212,2418.39968894,1.00000000,1,14.69565788
0.04212000,10.00000000,15.00000000,0.30265602,2422.39968894,1.00000000,1,14.69734398
0.04214000,10.00000000,15.00000000,0.30097926,2426.39968894,1.00000000,1,14.69902074
0.04216000,10.00000000,15.00000000,0.29931179,2430.39968894,1.00000000,1,14.70068821
0.04218000,10.00000000,15.00000000,0.29765356,2434.39968894,1.00000000,1,14.70234644
0.04220000,10.00000000,15.00000000,0.29600451,2438.39968894,1.00000000,1,14.70399549
0.04222000,10.00000000,15.00000000,0.29436460,2442.39968894,1.00000000,1,14.70563540
0.04224000,10.00000000,15.00000000,0.29273378,2446.39968894,1.00000000,1,14.70726622
0.04226000,10.00000000,15.00000000,0.29111199,2450.39968894,1.00000000,1,14.70888801
0.04228000,10.00000000,15.00000000,0.28949918,2454.39968894,1.00000000,1,14.71050082
0.04230000,10.00000000,15.00000000,0.28789531,2458.39968894,1.00000000,1,14.71210469
0.04232000,10.00000000,15.00000000,0.28630033,2462.39968894,1.00000000,1,14.71369967
0.04234000,10.00000000,15.00000000,0.28471418,2466.39968894,1.00000000,1,14.71528582
0.04236000,10.00000000,15.00000000,0.28313682,2470.39968894,1.00000000,1,14.71686318
0.04238000,10.00000000,15.00000000,0.28156820,2474.39968894,1.00000000,1,14.71843180
0.04240000,10.00000000,15.00000000,0.28000827,2478.39968894,1.00000000,1,14.71999173
0.04242000,10.00000000,15.00000000,0.27845698,2482.39968894,1.00000000,1,14.72154302
0.04244000,10.00000000,15.00000000,0.27691429,2486.39968894,1.00000000,1,14.72308571
0.04246000,10.00000000,15.00000000,0.27538014,2490.39968894,1.00000000,1,14.72461986
0.04248000,10.00000000,15.00000000,0.27385449,2494.39968894,1.00000000,1,14.72614551
0.04250000,10.00000000,15.00000000,0.27233730,2498.39968894,1.00000000,1,14.72766270
0.04252000,10.00000000,15.00000000,0.27082851,2502.39968894,1.00000000,1,14.72917149
0.04254000,10.00000000,15.00000000,0.26932808,2506.39968894,1.00000000,1,14.73067192
0.04256000,10.00000000,15.00000000,0.26783596,2510.39968894,1.00000000,1,14.73216404
0.04258000,10.00000000,15.00000000,0.26635211,2514.39968894,1.00000000,1,14.73364789
0.04260000,10.00000000,15.00000000,0.26487648,2518.39968894,1.00000000,1,14.73512352
0.04262000,10.00000000,15.00000000,0.26340902,2522.39968894,1.00000000,1,14.73659098
0.04264000,10.00000000,15.00000000,0.26194969,2526.39968894,1.00000000,1,14.73805031
0.04266000,10.00000000,15.00000000,0.26049845,2530.39968894,1.00000000,1,14.73950155
0.04268000,10.00000000,15.00000000,0.25905525,2534.39968894,1.00000000,1,14.74094475
0.04270000,10.00000000,15.00000000,0.25762005,2538.39968894,1.00000000,1,14.74237995
0.04272000,10.00000000,15.00000000,0.25619279,2542.39968894,1.00000000,1,14.74380721
0.04274000,10.00000000,15.00000000,0.25477344,2546.39968894,1.00000000,1,14.74522656
0.04276000,10.00000000,15.00000000,0.25336196,2550.39968894,1.00000000,1,14.74663804
0.04278000,10.00000000,15.00000000,0.25195830,2554.39968894,1.00000000,1,14.74804170
0.04280000,10.00000000,15.00000000,0.25056241,2558.39968894,1.00000000,1,14.74943759
0.04282000,10.00000000,15.00000000,0.24917426,2562.39968894,1.00000000,1,14.75082574
0.04284000,10.00000000,15.00000000,0.24779379,2566.39968894,1.00000000,1,14.75220621
0.04286000,10.00000000,15.00000000,0.24642098,2570.39968894,1.00000000,1,14.75357902
0.04288000,10.00000000,15.00000000,0.24505577,2574.39968894,1.00000000,1,14.75494423
0.04290000,10.00000000,15.00000000,0.24369812,2578.39968894,1.00000000,1,14.75630188
0.04292000,10.00000000,15.00000000,0.24234800,2582.39968894,1.00000000,1,14.75765200
0.04294000,10.00000000,15.00000000,0.24100535,2586.39968894,1.00000000,1,14.75899465
0.04296000,10.00000000,15.00000000,0.23967015,2590.39968894,1.00000000,1,14.76032985
0.04298000,10.00000000,15.00000000,0.23834234,2594.39968894,1.00000000,1,14.76165766
0.04300000,10.00000000,15.00000000,0.23702188,2598.39968894,1.00000000,1,14.76297812
0.04302000,10.00000000,15.00000000,0.23570875,2602.39968894,1.00000000,1,14.76429125
0.04304000,10.00000000,15.00000000,0.23440288,2606.39968894,1.00000000,1,14.76559712
0.04306000,10.00000000,15.00000000,0.23310426,2610.39968894,1.00000000,1,14.76689574
0.04308000,10.00000000,15.00000000,0.23181282,2614.39968894,1.00000000,1,14.76818718
0.04310000,10.00000000,15.00000000,0.23052855,2618.39968894,1.00000000,1,14.76947145
0.04312000,10.00000000,15.00000000,0.22925138,2622.39968894,1.00000000,1,14.77074862
0.04314000,10.00000000,15.00000000,0.22798130,2626.39968894,1.00000000,1,14.77201870
0.04316000,10.00000000,15.00000000,0.22671824,2630.39968894,1.00000000,1,14.77328176
0.04318000,10.00000000,15.00000000,0.22546219,2634.39968894,1.00000000,1,14.77453781
0.04320000,10.00000000,15.00000000,0.22421310,2638.39968894,1.00000000,1,14.77578690
0.04322000,10.00000000,15.00000000,0.22297092,2642.39968894,1.00000000,1,14.77702908
0.04324000,10.00000000,15.00000000,0.22173563,2646.39968894,1.00000000,1,14.77826437
0.04326000,10.00000000,15.00000000,0.22050718,2650.39968894,1.00000000,1,14.77949282
0.04328000,10.00000000,15.00000000,0.21928554,2654.39968894,1.00000000,1,14.78071446
0.04330000,10.00000000,15.00000000,0.21807066,2658.39968894,1.00000000,1,14.78192934
0.04332000,10.00000000,15.00000000,0.21686252,2662.39968894,1.00000000,1,14.78313748
0.04334000,10.00000000,15.00000000,0.21566107,2666.39968894,1.00000000,1,14.78433893
0.04336000,10.00000000,15.00000000,0.21446627,2670.39968894,1.00000000,1,14.78553373
0.04338000,10.00000000,15.00000000,0.21327809,2674.39968894,1.00000000,1,14.78672191
0.04340000,10.00000000,15.00000000,0.21209650,2678.39968894,1.00000000,1,14.78790350
0.04342000,10.00000000,15.00000000,0.21092145,2682.39968894,1.00000000,1,14.78907855
0.04344000,10.00000000,15.00000000,0.20975292,2686.39968894,1.00000000,1,14.79024708
0.04346000,10.00000000,15.00000000,0.20859085,2690.39968894,1.00000000,1,14.79140915
0.04348000,10.00000000,15.00000000,0.20743523,2694.39968894,1.00000000,1,14.79256477
0.04350000,10.00000000,15.00000000,0.20628601,2698.39968894,1.00000000,1,14.79371399
0.04352000,10.00000000,15.00000000,0.20514315,2702.39968894,1.00000000,1,14.79485685
0.04354000,10.00000000,15.00000000,0.20400663,2706.39968894,1.00000000,1,14.79599337
0.04356000,10.00000000,15.00000000,0.20287640,2710.39968894,1.00000000,1,14.79712360
0.04358000,10.00000000,15.00000000,0.20175243,2714.39968894,1.00000000,1,14.79824757
0.04360000,10.00000000,15.00000000,0.20063469,2718.39968894,1.00000000,1,14.79936531
0.04362000,10.00000000,15.00000000,0.19952315,2722.39968894,1.00000000,1,14.80047685
0.04364000,10.00000000,15.00000000,0.19841776,2726.39968894,1.00000000,1,14.80158224
0.04366000,10.00000000,15.00000000,0.19731849,2730.39968894,1.00000000,1,14.80268151
0.04368000,10.00000000,15.00000000,0.19622532,2734.39968894,1.00000000,1,14.80377468
0.04370000,10.00000000,15.00000000,0.19513820,2738.39968894,1.00000000,1,14.80486180
0.04372000,10.00000000,15.00000000,0.19405711,2742.39968894,1.00000000,1,14.80594289
0.04374000,10.00000000,15.00000000,0.19298200,2746.39968894,1.00000000,1,14.80701800
0.04376000,10.00000000,15.00000000,0.19191285,2750.39968894,1.00000000,1,14.80808715
0.04378000,10.00000000,15.00000000,0.19084962,2754.39968894,1.00000000,1,14.80915038
0.04380000,10.00000000,15.00000000,0.18979229,2758.39968894,1.00000000,1,14.81020771
0.04382000,10.00000000,15.00000000,0.18874081,2762.39968894,1.00000000,1,14.81125919
0.04384000,10.00000000,15.00000000,0.18769516,2766.39968894,1.00000000,1,14.81230484
0.04386000,10.00000000,15.00000000,0.18665530,2770.39968894,1.00000000,1,14.81334470
0.04388000,10.00000000,15.00000000,0.18562120,2774.39968894,1.00000000,1,14.81437880
0.04390000,10.00000000,15.00000000,0.18459283,2778.39968894,1.00000000,1,14.81540717
0.04392000,10.00000000,15.00000000,0.18357016,2782.39968894,1.00000000,1,14.81642984
0.04394000,10.00000000,15.00000000,0.18255315,2786.39968894,1.00000000,1,14.81744685
0.04396000,10.00000000,15.00000000,0.18154178,2790.39968894,1.00000000,1,14.81845822
0.04398000,10.00000000,15.00000000,0.18053601,2794.39968894,1.00000000,1,14.81946399
0.04400000,10.00000000,15.00000000,0.17953581,2798.39968894,1.00000000,1,14.82046419
0.04402000,10.00000000,15.00000000,0.17854116,2802.39968894,1.00000000,1,14.82145884
0.04404000,10.00000000,15.00000000,0.17755201,2806.39968894,1.00000000,1,14.82244799
0.04406000,10.00000000,15.00000000,0.17656835,2810.39968894,1.00000000,1,14.82343165
0.04408000,10.00000000,15.00000000,0.17559013,2814.39968894,1.00000000,1,14.82440987
0.04410000,10.00000000,15.00000000,0.17461733,2818.39968894,1.00000000,1,14.82538267
0.04412000,10.00000000,15.00000000,0.17364993,2822.39968894,1.00000000,1,14.82635007
0.04414000,10.00000000,15.00000000,0.17268788,2826.39968894,1.00000000,1,14.82731212
0.04416000,10.00000000,15.00000000,0.17173116,2830.39968894,1.00000000,1,14.82826884
0.04418000,10.00000000,15.00000000,0.17077975,2834.39968894,1.00000000,1,14.82922025
0.04420000,10.00000000,15.00000000,0.16983360,2838.39968894,1.00000000,1,14.83016640
0.04422000,10.00000000,15.00000000,0.16889270,2842.39968894,1.00000000,1,14.83110730
0.04424000,10.00000000,15.00000000,0.16795701,2846.39968894,1.00000000,1,14.83204299
0.04426000,10.00000000,15.00000000,0.16702650,2850.39968894,1.00000000,1,14.83297350
0.04428000,10.00000000,15.00000000,0.16610115,2854.39968894,1.00000000,1,14.83389885
0.04430000,10.00000000,15.00000000,0.16518092,2858.39968894,1.00000000,1,14.83481908
0.04432000,10.00000000,15.00000000,0.16426579,2862.39968894,1.00000000,1,14.83573421
0.04434000,10.00000000,15.00000000,0.16335574,2866.39968894,1.00000000,1,14.83664426
0.04436000,10.00000000,15.00000000,0.16245072,2870.39968894,1.00000000,1,14.83754928
0.04438000,10.00000000,15.00000000,0.16155072,2874.39968894,1.00000000,1,14.83844928
0.04440000,10.00000000,15.00000000,0.16065570,2878.39968894,1.00000000,1,14.83934430
0.04442000,10.00000000,15.00000000,0.15976565,2882.39968894,1.00000000,1,14.84023435
0.04444000,10.00000000,15.00000000,0.15888052,2886.39968894,1.00000000,1,14.84111948
0.04446000,10.00000000,15.00000000,0.15800030,2890.39968894,1.00000000,1,14.84199970
0.04448000,10.00000000,15.00000000,0.15712495,2894.39968894,1.00000000,1,14.84287505
0.04450000,10.00000000,15.00000000,0.15625446,2898.39968894,1.00000000,1,14.84374554
0.04452000,10.00000000,15.00000000,0.15538878,2902.39968894,1.00000000,1,14.84461122
0.04454000,10.00000000,15.00000000,0.15452791,2906.39968894,1.00000000,1,14.84547209
0.04456000,10.00000000,15.00000000,0.15367180,2910.39968894,1.00000000,1,14.84632820
0.04458000,10.00000000,15.00000000,0.15282043,2914.39968894,1.00000000,1,14.84717957
0.04460000,10.00000000,15.00000000,0.15197378,2918.39968894,1.00000000,1,14.84802622
0.04462000,10.00000000,15.00000000,0.15113183,2922.39968894,1.00000000,1,14.84886817
0.04464000,10.00000000,15.00000000,0.15029453,2926.39968894,1.00000000,1,14.84970547
0.04466000,10.00000000,15.00000000,0.14946188,2930.39968894,1.00000000,1,14.85053812
0.04468000,10.00000000,15.00000000,0.14863384,2934.39968894,1.00000000,1,14.85136616
0.04470000,10.00000000,15.00000000,0.14781038,2938.39968894,1.00000000,1,14.85218962
0.04472000,10.00000000,15.00000000,0.14699149,2942.39968894,1.00000000,1,14.85300851
0.04474000,10.00000000,15.00000000,0.14617714,2946.39968894,1.00000000,1,14.85382286
0.04476000,10.00000000,15.00000000,0.14536729,2950.39968894,1.00000000,1,14.85463271
0.04478000,10.00000000,15.00000000,0.14456194,2954.39968894,1.00000000,1,14.85543806
0.04480000,10.00000000,15.00000000,0.14376104,2958.39968894,1.00000000,1,14.85623896
0.04482000,10.00000000,15.00000000,0.14296458,2962.39968894,1.00000000,1,14.85703542
0.04484000,10.00000000,15.00000000,0.14217254,2966.39968894,1.00000000,1,14.85782746
0.04486000,10.00000000,15.00000000,0.14138488,2970.39968894,1.00000000,1,14.85861512
0.04488000,10.00000000,15.00000000,0.14060159,2974.39968894,1.00000000,1,14.85939841
0.04490000,10.00000000,15.00000000,0.13982263,2978.39968894,1.00000000,1,14.86017737
0.04492000,10.00000000,15.00000000,0.13904799,2982.39968894,1.00000000,1,14.86095201
0.04494000,10.00000000,15.00000000,0.13827765,2986.39968894,1.00000000,1,14.86172235
0.04496000,10.00000000,15.00000000,0.13751157,2990.39968894,1.00000000,1,14.86248843
0.04498000,10.00000000,15.00000000,0.13674973,2994.39968894,1.00000000,1,14.86325027
0.04500000,10.00000000,15.00000000,0.13599212,2998.39968894,1.00000000,1,14.86400788
0.04502000,10.00000000,15.00000000,0.13523870,3002.39968894,1.00000000,1,14.86476130
0.04504000,10.00000000,15.00000000,0.13448946,3006.39968894,1.00000000,1,14.86551054
0.04506000,10.00000000,15.00000000,0.13374436,3010.39968894,1.00000000,1,14.86625564
0.04508000,10.00000000,15.00000000,0.13300340,3014.39968894,1.00000000,1,14.86699660
0.04510000,10.00000000,15.00000000,0.13226654,3018.39968894,1.00000000,1,14.86773346
0.04512000,10.00000000,15.00000000,0.13153377,3022.39968894,1.00000000,1,14.86846623
0.04514000,10.00000000,15.00000000,0.13080505,3026.39968894,1.00000000,1,14.86919495
0.04516000,10.00000000,15.00000000,0.13008037,3030.39968894,1.00000000,1,14.86991963
0.04518000,10.00000000,15.00000000,0.12935970,3034.39968894,1.00000000,1,14.87064030
0.04520000,10.00000000,15.00000000,0.12864303,3038.39968894,1.00000000,1,14.87135697
0.04522000,10.00000000,15.00000000,0.12793033,3042.39968894,1.00000000,1,14.87206967
0.04524000,10.00000000,15.00000000,0.12722158,3046.39968894,1.00000000,1,14.87277842
0.04526000,10.00000000,15.00000000,0.12651675,3050.39968894,1.00000000,1,14.87348325
0.04528000,10.00000000,15.00000000,0.12581583,3054.39968894,1.00000000,1,14.87418417
0.04530000,10.00000000,15.00000000,0.12511879,3058.39968894,1.00000000,1,14.87488121
0.04532000,10.00000000,15.00000000,0.12442561,3062.39968894,1.00000000,1,14.87557439
0.04534000,10.00000000,15.00000000,0.12373627,3066.39968894,1.00000000,1,14.87626373
0.04536000,10.00000000,15.00000000,0.12305076,3070.39968894,1.00000000,1,14.87694924
0.04538000,10.00000000,15.00000000,0.12236904,3074.39968894,1.00000000,1,14.87763096
0.04540000,10.00000000,15.00000000,0.12169109,3078.39968894,1.00000000,1,14.87830891
0.04542000,10.00000000,15.00000000,0.12101691,3082.39968894,1.00000000,1,14.87898309
0.04544000,10.00000000,15.00000000,0.12034645,3086.39968894,1.00000000,1,14.87965355
0.04546000,10.00000000,15.00000000,0.11967972,3090.39968894,1.00000000,1,14.88032028
0.04548000,10.00000000,15.00000000,0.11901667,3094.39968894,1.00000000,1,14.88098333
0.04550000,10.00000000,15.00000000,0.11835730,3098.39968894,1.00000000,1,14.88164270
0.04552000,10.00000000,15.00000000,0.11770158,3102.39968894,1.00000000,1,14.88229842
0.04554000,10.00000000,15.00000000,0.11704950,3106.39968894,1.00000000,1,14.88295050
0.04556000,10.00000000,15.00000000,0.11640103,3110.39968894,1.00000000,1,14.88359897
0.04558000,10.00000000,15.00000000,0.11575615,3114.39968894,1.00000000,1,14.88424385
0.04560000,10.00000000,15.00000000,0.11511484,3118.39968894,1.00000000,1,14.88488516
0.04562000,10.00000000,15.00000000,0.11447709,3122.39968894,1.00000000,1,14.88552291
0.04564000,10.00000000,15.00000000,0.11384287,3126.39968894,1.00000000,1,14.88615713
0.04566000,10.00000000,15.00000000,0.11321216,3130.39968894,1.00000000,1,14.88678784
0.04568000,10.00000000,15.00000000,0.11258495,3134.39968894,1.00000000,1,14.88741505
0.04570000,10.00000000,15.00000000,0.11196121,3138.39968894,1.00000000,1,14.88803879
0.04572000,10.00000000,15.00000000,0.11134093,3142.39968894,1.00000000,1,14.88865907
0.04574000,10.00000000,15.00000000,0.11072408,3146.39968894,1.00000000,1,14.88927592
0.04576000,10.00000000,15.00000000,0.11011065,3150.39968894,1.00000000,1,14.88988935
0.04578000,10.00000000,15.00000000,0.10950062,3154.39968894,1.00000000,1,14.89049938
0.04580000,10.00000000,15.00000000,0.10889397,3158.39968894,1.00000000,1,14.89110603
0.04582000,10.00000000,15.00000000,0.10829069,3162.39968894,1.00000000,1,14.89170931
0.04584000,10.00000000,15.00000000,0.10769074,3166.39968894,1.00000000,1,14.89230926
0.04586000,10.00000000,15.00000000,0.10709412,3170.39968894,1.00000000,1,14.89290588
0.04588000,10.00000000,15.00000000,0.10650080,3174.39968894,1.00000000,1,14.89349920
0.04590000,10.00000000,15.00000000,0.10591077,3178.39968894,1.00000000,1,14.89408923
0.04592000,10.00000000,15.00000000,0.10532401,3182.39968894,1.00000000,1,14.89467599
0.04594000,10.00000000,15.00000000,0.10474049,3186.39968894,1.00000000,1,14.89525951
0.04596000,10.00000000,15.00000000,0.10416022,3190.39968894,1.00000000,1,14.89583978
0.04598000,10.00000000,15.00000000,0.10358315,3194.39968894,1.00000000,1,14.89641685
0.04600000,10.00000000,15.00000000,0.10300929,3198.39968894,1.00000000,1,14.89699071
0.04602000,10.00000000,15.00000000,0.10243860,3202.39968894,1.00000000,1,14.89756140
0.04604000,10.00000000,15.00000000,0.10187107,3206.39968894,1.00000000,1,14.89812893
0.04606000,10.00000000,15.00000000,0.10130669,3210.39968894,1.00000000,1,14.89869331
0.04608000,10.00000000,15.00000000,0.10074544,3214.39968894,1.00000000,1,14.89925456
0.04610000,10.00000000,15.00000000,0.10018729,3218.39968894,1.00000000,1,14.89981271
0.04612000,10.00000000,15.00000000,0.09963224,3222.39968894,1.00000000,1,14.90036776
0.04614000,10.00000000,15.00000000,0.09908026,3226.39968894,1.00000000,1,14.90091974
0.04616000,10.00000000,15.00000000,0.09853134,3230.39968894,1.00000000,1,14.90146866
0.04618000,10.00000000,15.00000000,0.09798546,3234.39968894,1.00000000,1,14.90201454
0.04620000,10.00000000,15.00000000,0.09744261,3238.39968894,1.00000000,1,14.90255739
0.04622000,10.00000000,15.00000000,0.09690276,3242.39968894,1.00000000,1,14.90309724
0.04624000,10.00000000,15.00000000,0.09636591,3246.39968894,1.00000000,1,14.90363409
0.04626000,10.00000000,15.00000000,0.09583203,3250.39968894,1.00000000,1,14.90416797
0.04628000,10.00000000,15.00000000,0.09530110,3254.39968894,1.00000000,1,14.90469890
0.04630000,10.00000000,15.00000000,0.09477312,3258.39968894,1.00000000,1,14.90522688
0.04632000,10.00000000,15.00000000,0.09424806,3262.39968894,1.00000000,1,14.90575194
0.04634000,10.00000000,15.00000000,0.09372591,3266.39968894,1.00000000,1,14.90627409
0.04636000,10.00000000,15.00000000,0.09320666,3270.39968894,1.00000000,1,14.90679334
0.04638000,10.00000000,15.00000000,0.09269028,3274.39968894,1.00000000,1,14.90730972
0.04640000,10.00000000,15.00000000,0.09217676,3278.39968894,1.00000000,1,14.90782324
0.04642000,10.00000000,15.00000000,0.09166609,3282.39968894,1.00000000,1,14.90833391
0.04644000,10.00000000,15.00000000,0.09115824,3286.39968894,1.00000000,1,14.90884176
0.04646000,10.00000000,15.00000000,0.09065321,3290.39968894,1.00000000,1,14.90934679
0.04648000,10.00000000,15.00000000,0.09015098,3294.39968894,1.00000000,1,14.90984902
0.04650000,10.00000000,15.00000000,0.08965153,3298.39968894,1.00000000,1,14.91034847
0.04652000,10.00000000,15.00000000,0.08915485,3302.39968894,1.00000000,1,14.91084515
0.04654000,10.00000000,15.00000000,0.08866091,3306.39968894,1.00000000,1,14.91133909
0.04656000,10.00000000,15.00000000,0.08816972,3310.39968894,1.00000000,1,14.91183028
0.04658000,10.00000000,15.00000000,0.08768125,3314.39968894,1.00000000,1,14.91231875
0.04660000,10.00000000,15.00000000,0.08719548,3318.39968894,1.00000000,1,14.91280452
0.04662000,10.00000000,15.00000000,0.08671240,3322.39968894,1.00000000,1,14.91328760
0.04664000,10.00000000,15.00000000,0.08623200,3326.39968894,1.00000000,1,14.91376800
0.04666000,10.00000000,15.00000000,0.08575426,3330.39968894,1.00000000,1,14.91424574
0.04668000,10.00000000,15.00000000,0.08527917,3334.39968894,1.00000000,1,14.91472083
0.04670000,10.00000000,15.00000000,0.08480671,3338.39968894,1.00000000,1,14.91519329
0.04672000,10.00000000,15.00000000,0.08433687,3342.39968894,1.00000000,1,14.91566313
0.04674000,10.00000000,15.00000000,0.08386963,3346.39968894,1.00000000,1,14.91613037
0.04676000,10.00000000,15.00000000,0.08340498,3350.39968894,1.00000000,1,14.91659502
0.04678000,10.00000000,15.00000000,0.08294290,3354.39968894,1.00000000,1,14.91705710
0.04680000,10.00000000,15.00000000,0.08248339,3358.39968894,1.00000000,1,14.91751661
0.04682000,10.00000000,15.00000000,0.08202642,3362.39968894,1.00000000,1,14.91797358
0.04684000,10.00000000,15.00000000,0.08157198,3366.39968894,1.00000000,1,14.91842802
0.04686000,10.00000000,15.00000000,0.08112006,3370.39968894,1.00000000,1,14.91887994
0.04688000,10.00000000,15.00000000,0.08067064,3374.39968894,1.00000000,1,14.91932936
0.04690000,10.00000000,15.00000000,0.08022371,3378.39968894,1.00000000,1,14.91977629
0.04692000,10.00000000,15.00000000,0.07977926,3382.39968894,1.00000000,1,14.92022074
0.04694000,10.00000000,15.00000000,0.07933727,3386.39968894,1.00000000,1,14.92066273
0.04696000,10.00000000,15.00000000,0.07889773,3390.39968894,1.00000000,1,14.92110227
0.04698000,10.00000000,15.00000000,0.07846063,3394.39968894,1.00000000,1,14.92153937
0.04700000,10.00000000,15.00000000,0.07802594,3398.39968894,1.00000000,1,14.92197406
0.04702000,10.00000000,15.00000000,0.07759367,3402.39968894,1.00000000,1,14.92240633
0.04704000,10.00000000,15.00000000,0.07716379,3406.39968894,1.00000000,1,14.92283621
0.04706000,10.00000000,15.00000000,0.07673629,3410.39968894,1.00000000,1,14.92326371
0.04708000,10.00000000,15.00000000,0.07631116,3414.39968894,1.00000000,1,14.92368884
0.04710000,10.00000000,15.00000000,0.07588838,3418.39968894,1.00000000,1,14.92411162
0.04712000,10.00000000,15.00000000,0.07546795,3422.39968894,1.00000000,1,14.92453205
0.04714000,10.00000000,15.00000000,0.07504984,3426.39968894,1.00000000,1,14.92495016
0.04716000,10.00000000,15.00000000,0.07463406,3430.39968894,1.00000000,1,14.92536594
0.04718000,10.00000000,15.00000000,0.07422057,3434.39968894,1.00000000,1,14.92577943
0.04720000,10.00000000,15.00000000,0.07380938,3438.39968894,1.00000000,1,14.92619062
0.04722000,10.00000000,15.00000000,0.07340046,3442.39968894,1.00000000,1,14.92659954
0.04724000,10.00000000,15.00000000,0.07299381,3446.39968894,1.00000000,1,14.92700619
0.04726000,10.00000000,15.00000000,0.07258942,3450.39968894,1.00000000,1,14.92741058
0.04728000,10.00000000,15.00000000,0.07218726,3454.39968894,1.00000000,1,14.92781274
0.04730000,10.00000000,15.00000000,0.07178733,3458.39968894,1.00000000,1,14.92821267
0.04732000,10.00000000,15.00000000,0.07138962,3462.39968894,1.00000000,1,14.92861038
0.04734000,10.00000000,15.00000000,0.07099411,3466.39968894,1.00000000,1,14.92900589
0.04736000,10.00000000,15.00000000,0.07060079,3470.39968894,1.00000000,1,14.92939921
0.04738000,10.00000000,15.00000000,0.07020965,3474.39968894,1.00000000,1,14.92979035
0.04740000,10.00000000,15.00000000,0.06982068,3478.39968894,1.00000000,1,14.93017932
0.04742000,10.00000000,15.00000000,0.06943386,3482.39968894,1.00000000,1,14.93056614
0.04744000,10.00000000,15.00000000,0.06904919,3486.39968894,1.00000000,1,14.93095081
0.04746000,10.00000000,15.00000000,0.06866665,3490.39968894,1.00000000,1,14.93133335
0.04748000,10.00000000,15.00000000,0.06828622,3494.39968894,1.00000000,1,14.93171378
0.04750000,10.00000000,15.00000000,0.06790791,3498.39968894,1.00000000,1,14.93209209
0.04752000,10.00000000,15.00000000,0.06753169,3502.39968894,1.00000000,1,14.93246831
0.04754000,10.00000000,15.00000000,0.06715755,3506.39968894,1.00000000,1,14.93284245
0.04756000,10.00000000,15.00000000,0.06678549,3510.39968894,1.00000000,1,14.93321451
0.04758000,10.00000000,15.00000000,0.06641549,3514.39968894,1.00000000,1,14.93358451
0.04760000,10.00000000,15.00000000,0.06604753,3518.39968894,1.00000000,1,14.93395247
0.04762000,10.00000000,15.00000000,0.06568162,3522.39968894,1.00000000,1,14.93431838
0.04764000,10.00000000,15.00000000,0.06531773,3526.39968894,1.00000000,1,14.93468227
0.04766000,10.00000000,15.00000000,0.06495586,3530.39968894,1.00000000,1,14.93504414
0.04768000,10.00000000,15.00000000,0.06459600,3534.39968894,1.00000000,1,14.93540400
0.04770000,10.00000000,15.00000000,0.06423813,3538.39968894,1.00000000,1,14.93576187
0.04772000,10.00000000,15.00000000,0.06388224,3542.39968894,1.00000000,1,14.93611776
0.04774000,10.00000000,15.00000000,0.06352832,3546.39968894,1.00000000,1,14.93647168
0.04776000,10.00000000,15.00000000,0.06317636,3550.39968894,1.00000000,1,14.93682364
0.04778000,10.00000000,15.00000000,0.06282636,3554.39968894,1.00000000,1,14.93717364
0.04780000,10.00000000,15.00000000,0.06247829,3558.39968894,1.00000000,1,14.93752171
0.04782000,10.00000000,15.00000000,0.06213215,3562.39968894,1.00000000,1,14.93786785
0.04784000,10.00000000,15.00000000,0.06178793,3566.39968894,1.00000000,1,14.93821207
0.04786000,10.00000000,15.00000000,0.06144562,3570.39968894,1.00000000,1,14.93855438
0.04788000,10.00000000,15.00000000,0.06110520,3574.39968894,1.00000000,1,14.93889480
0.04790000,10.00000000,15.00000000,0.06076666,3578.39968894,1.00000000,1,14.93923334
0.04792000,10.00000000,15.00000000,0.06043001,3582.39968894,1.00000000,1,14.93956999
0.04794000,10.00000000,15.00000000,0.06009522,3586.39968894,1.00000000,1,14.93990478
0.04796000,10.00000000,15.00000000,0.05976228,3590.39968894,1.00000000,1,14.94023772
0.04798000,10.00000000,15.00000000,0.05943119,3594.39968894,1.00000000,1,14.94056881
0.04800000,10.00000000,15.00000000,0.05910193,3598.39968894,1.00000000,1,14.94089807
0.04802000,10.00000000,15.00000000,0.05877450,3602.39968894,1.00000000,1,14.94122550
0.04804000,10.00000000,15.00000000,0.05844888,3606.39968894,1.00000000,1,14.94155112
0.04806000,10.00000000,15.00000000,0.05812506,3610.39968894,1.00000000,1,14.94187494
0.04808000,10.00000000,15.00000000,0.05780304,3614.39968894,1.00000000,1,14.94219696
0.04810000,10.00000000,15.00000000,0.05748280,3618.39968894,1.00000000,1,14.94251720
0.04812000,10.00000000,15.00000000,0.05716434,3622.39968894,1.00000000,1,14.94283566
0.04814000,10.00000000,15.00000000,0.05684764,3626.39968894,1.00000000,1,14.94315236
0.04816000,10.00000000,15.00000000,0.05653269,3630.39968894,1.00000000,1,14.94346731
0.04818000,10.00000000,15.00000000,0.05621950,3634.39968894,1.00000000,1,14.94378050
0.04820000,10.00000000,15.00000000,0.05590803,3638.39968894,1.00000000,1,14.94409197
0.04822000,10.00000000,15.00000000,0.05559829,3642.39968894,1.00000000,1,14.94440171
0.04824000,10.00000000,15.00000000,0.05529027,3646.39968894,1.00000000,1,14.94470973
0.04826000,10.00000000,15.00000000,0.05498395,3650.39968894,1.00000000,1,14.94501605
0.04828000,10.00000000,15.00000000,0.05467933,3654.39968894,1.00000000,1,14.94532067
0.04830000,10.00000000,15.00000000,0.05437640,3658.39968894,1.00000000,1,14.94562360
0.04832000,10.00000000,15.00000000,0.05407515,3662.39968894,1.00000000,1,14.94592485
0.04834000,10.00000000,15.00000000,0.05377556,3666.39968894,1.00000000,1,14.94622444
0.04836000,10.00000000,15.00000000,0.05347764,3670.39968894,1.00000000,1,14.94652236
0.04838000,10.00000000,15.00000000,0.05318136,3674.39968894,1.00000000,1,14.94681864
0.04840000,10.00000000,15.00000000,0.05288673,3678.39968894,1.00000000,1,14.94711327
0.04842000,10.00000000,15.00000000,0.05259373,3682.39968894,1.00000000,1,14.94740627
0.04844000,10.00000000,15.00000000,0.05230235,3686.39968894,1.00000000,1,14.94769765
0.04846000,10.00000000,15.00000000,0.05201259,3690.39968894,1.00000000,1,14.94798741
0.04848000,10.00000000,15.00000000,0.05172443,3694.39968894,1.00000000,1,14.94827557
0.04850000,10.00000000,15.00000000,0.05143787,3698.39968894,1.00000000,1,14.94856213
0.04852000,10.00000000,15.00000000,0.05115290,3702.39968894,1.00000000,1,14.94884710
0.04854000,10.00000000,15.00000000,0.05086950,3706.39968894,1.00000000,1,14.94913050
0.04856000,10.00000000,15.00000000,0.05058768,3710.39968894,1.00000000,1,14.94941232
0.04858000,10.00000000,15.00000000,0.05030741,3714.39968894,1.00000000,1,14.94969259
0.04860000,10.00000000,15.00000000,0.05002870,3718.39968894,1.00000000,1,14.94997130
0.04862000,10.00000000,15.00000000,0.04975154,3722.39968894,1.00000000,1,14.95024846
0.04864000,10.00000000,15.00000000,0.04947591,3726.39968894,1.00000000,1,14.95052409
0.04866000,10.00000000,15.00000000,0.04920180,3730.39968894,1.00000000,1,14.95079820
0.04868000,10.00000000,15.00000000,0.04892922,3734.39968894,1.00000000,1,14.95107078
0.04870000,10.00000000,15.00000000,0.04865814,3738.39968894,1.00000000,1,14.95134186
0.04872000,10.00000000,15.00000000,0.04838857,3742.39968894,1.00000000,1,14.95161143
0.04874000,10.00000000,15.00000000,0.04812049,3746.39968894,1.00000000,1,14.95187951
0.04876000,10.00000000,15.00000000,0.04785389,3750.39968894,1.00000000,1,14.95214611
0.04878000,10.00000000,15.00000000,0.04758878,3754.39968894,1.00000000,1,14.95241122
0.04880000,10.00000000,15.00000000,0.04732513,3758.39968894,1.00000000,1,14.95267487
0.04882000,10.00000000,15.00000000,0.04706294,3762.39968894,1.00000000,1,14.95293706
0.04884000,10.00000000,15.00000000,0.04680220,3766.39968894,1.00000000,1,14.95319780
0.04886000,10.00000000,15.00000000,0.04654291,3770.39968894,1.00000000,1,14.95345709
0.04888000,10.00000000,15.00000000,0.04628506,3774.39968894,1.00000000,1,14.95371494
0.04890000,10.00000000,15.00000000,0.04602863,3778.39968894,1.00000000,1,14.95397137
0.04892000,10.00000000,15.00000000,0.04577362,3782.39968894,1.00000000,1,14.95422638
0.04894000,10.00000000,15.00000000,0.04552003,3786.39968894,1.00000000,1,14.95447997
0.04896000,10.00000000,15.00000000,0.04526784,3790.39968894,1.00000000,1,14.95473216
0.04898000,10.00000000,15.00000000,0.04501705,3794.39968894,1.00000000,1,14.95498295
0.04900000,10.00000000,15.00000000,0.04476765,3798.39968894,1.00000000,1,14.95523235
0.04902000,10.00000000,15.00000000,0.04451963,3802.39968894,1.00000000,1,14.95548037
0.04904000,10.00000000,15.00000000,0.04427299,3806.39968894,1.00000000,1,14.95572701
0.04906000,10.00000000,15.00000000,0.04402771,3810.39968894,1.00000000,1,14.95597229
0.04908000,10.00000000,15.00000000,0.04378379,3814.39968894,1.00000000,1,14.95621621
0.04910000,10.00000000,15.00000000,0.04354122,3818.39968894,1.00000000,1,14.95645878
0.04912000,10.00000000,15.00000000,0.04329999,3822.39968894,1.00000000,1,14.95670001
0.04914000,10.00000000,15.00000000,0.04306010,3826.39968894,1.00000000,1,14.95693990
0.04916000,10.00000000,15.00000000,0.04282155,3830.39968894,1.00000000,1,14.95717845
0.04918000,10.00000000,15.00000000,0.04258431,3834.39968894,1.00000000,1,14.95741569
0.04920000,10.00000000,15.00000000,0.04234838,3838.39968894,1.00000000,1,14.95765162
0.04922000,10.00000000,15.00000000,0.04211377,3842.39968894,1.00000000,1,14.95788623
0.04924000,10.00000000,15.00000000,0.04188045,3846.39968894,1.00000000,1,14.95811955
0.04926000,10.00000000,15.00000000,0.04164843,3850.39968894,1.00000000,1,14.95835157
0.04928000,10.00000000,15.00000000,0.04141769,3854.39968894,1.00000000,1,14.95858231
0.04930000,10.00000000,15.00000000,0.04118823,3858.39968894,1.00000000,1,14.95881177
0.04932000,10.00000000,15.00000000,0.04096004,3862.39968894,1.00000000,1,14.95903996
0.04934000,10.00000000,15.00000000,0.04073311,3866.39968894,1.00000000,1,14.95926689
0.04936000,10.00000000,15.00000000,0.04050745,3870.39968894,1.00000000,1,14.95949255
0.04938000,10.00000000,15.00000000,0.04028303,3874.39968894,1.00000000,1,14.95971697
0.04940000,10.00000000,15.00000000,0.04005985,3878.39968894,1.00000000,1,14.95994015
0.04942000,10.00000000,15.00000000,0.03983792,3882.39968894,1.00000000,1,14.96016208
0.04944000,10.00000000,15.00000000,0.03961721,3886.39968894,1.00000000,1,14.96038279
0.04946000,10.00000000,15.00000000,0.03939772,3890.39968894,1.00000000,1,14.96060228
0.04948000,10.00000000,15.00000000,0.03917945,3894.39968894,1.00000000,1,14.96082055
0.04950000,10.00000000,15.00000000,0.03896239,3898.39968894,1.00000000,1,14.96103761
0.04952000,10.00000000,15.00000000,0.03874654,3902.39968894,1.00000000,1,14.96125346
0.04954000,10.00000000,15.00000000,0.03853187,3906.39968894,1.00000000,1,14.96146813
0.04956000,10.00000000,15.00000000,0.03831840,3910.39968894,1.00000000,1,14.96168160
0.04958000,10.00000000,15.00000000,0.03810611,3914.39968894,1.00000000,1,14.96189389
0.04960000,10.00000000,15.00000000,0.03789500,3918.39968894,1.00000000,1,14.96210500
0.04962000,10.00000000,15.00000000,0.03768505,3922.39968894,1.00000000,1,14.96231495
0.04964000,10.00000000,15.00000000,0.03747627,3926.39968894,1.00000000,1,14.96252373
0.04966000,10.00000000,15.00000000,0.03726865,3930.39968894,1.00000000,1,14.96273135
0.04968000,10.00000000,15.00000000,0.03706218,3934.39968894,1.00000000,1,14.96293782
0.04970000,10.00000000,15.00000000,0.03685685,3938.39968894,1.00000000,1,14.96314315
0.04972000,10.00000000,15.00000000,0.03665265,3942.39968894,1.00000000,1,14.96334735
0.04974000,10.00000000,15.00000000,0.03644959,3946.39968894,1.00000000,1,14.96355041
0.04976000,10.00000000,15.00000000,0.03624766,3950.39968894,1.00000000,1,14.96375234
0.04978000,10.00000000,15.00000000,0.03604684,3954.39968894,1.00000000,1,14.96395316
0.04980000,10.00000000,15.00000000,0.03584713,3958.39968894,1.00000000,1,14.96415287
0.04982000,10.00000000,15.00000000,0.03564853,3962.39968894,1.00000000,1,14.96435147
0.04984000,10.00000000,15.00000000,0.03545104,3966.39968894,1.00000000,1,14.96454896
0.04986000,10.00000000,15.00000000,0.03525463,3970.39968894,1.00000000,1,14.96474537
0.04988000,10.00000000,15.00000000,0.03505932,3974.39968894,1.00000000,1,14.96494068
0.04990000,10.00000000,15.00000000,0.03486508,3978.39968894,1.00000000,1,14.96513492
0.04992000,10.00000000,15.00000000,0.03467192,3982.39968894,1.00000000,1,14.96532808
0.04994000,10.00000000,15.00000000,0.03447984,3986.39968894,1.00000000,1,14.96552016
0.04996000,10.00000000,15.00000000,0.03428881,3990.39968894,1.00000000,1,14.96571119
0.04998000,10.00000000,15.00000000,0.03409885,3994.39968894,1.00000000,1,14.96590115
0.05000000,10.00000000,15.00000000,0.03390993,3998.39968894,1.00000000,1,14.96609007
0.05002000,10.00000000,15.00000000,0.03372207,4002.39968894,1.00000000,1,14.96627793
0.05004000,10.00000000,15.00000000,0.03353524,4006.39968894,1.00000000,1,14.96646476
0.05006000,10.00000000,15.00000000,0.03334945,4010.39968894,1.00000000,1,14.96665055
0.05008000,10.00000000,15.00000000,0.03316469,4014.39968894,1.00000000,1,14.96683531
0.05010000,10.00000000,15.00000000,0.03298095,4018.39968894,1.00000000,1,14.96701905
0.05012000,10.00000000,15.00000000,0.03279823,4022.39968894,1.00000000,1,14.96720177
0.05014000,10.00000000,15.00000000,0.03261653,4026.39968894,1.00000000,1,14.96738347
0.05016000,10.00000000,15.00000000,0.03243583,4030.39968894,1.00000000,1,14.96756417
0.05018000,10.00000000,15.00000000,0.03225613,4034.39968894,1.00000000,1,14.96774387
0.05020000,10.00000000,15.00000000,0.03207742,4038.39968894,1.00000000,1,14.96792258
0.05022000,10.00000000,15.00000000,0.03189971,4042.39968894,1.00000000,1,14.96810029
0.05024000,10.00000000,15.00000000,0.03172298,4046.39968894,1.00000000,1,14.96827702
0.05026000,10.00000000,15.00000000,0.03154723,4050.39968894,1.00000000,1,14.96845277
0.05028000,10.00000000,15.00000000,0.03137245,4054.39968894,1.00000000,1,14.96862755
0.05030000,10.00000000,15.00000000,0.03119865,4058.39968894,1.00000000,1,14.96880135
0.05032000,10.00000000,15.00000000,0.03102580,4062.39968894,1.00000000,1,14.96897420
0.05034000,10.00000000,15.00000000,0.03085391,4066.39968894,1.00000000,1,14.96914609
0.05036000,10.00000000,15.00000000,0.03068298,4070.39968894,1.00000000,1,14.96931702
0.05038000,10.00000000,15.00000000,0.03051299,4074.39968894,1.00000000,1,14.96948701
0.05040000,10.00000000,15.00000000,0.03034394,4078.39968894,1.00000000,1,14.96965606
0.05042000,10.00000000,15.00000000,0.03017583,4082.39968894,1.00000000,1,14.96982417
0.05044000,10.00000000,15.00000000,0.03000865,4086.39968894,1.00000000,1,14.96999135
0.05046000,10.00000000,15.00000000,0.02984240,4090.39968894,1.00000000,1,14.97015760
0.05048000,10.00000000,15.00000000,0.02967707,4094.39968894,1.00000000,1,14.97032293
0.05050000,10.00000000,15.00000000,0.02951265,4098.39968894,1.00000000,1,14.97048735
0.05052000,10.00000000,15.00000000,0.02934915,4102.39968894,1.00000000,1,14.97065085
0.05054000,10.00000000,15.00000000,0.02918655,4106.39968894,1.00000000,1,14.97081345
0.05056000,10.00000000,15.00000000,0.02902485,4110.39968894,1.00000000,1,14.97097515
0.05058000,10.00000000,15.00000000,0.02886405,4114.39968894,1.00000000,1,14.97113595
0.05060000,10.00000000,15.00000000,0.02870414,4118.39968894,1.00000000,1,14.97129586
0.05062000,10.00000000,15.00000000,0.02854511,4122.39968894,1.00000000,1,14.97145489
0.05064000,10.00000000,15.00000000,0.02838697,4126.39968894,1.00000000,1,14.97161303
0.05066000,10.00000000,15.00000000,0.02822970,4130.39968894,1.00000000,1,14.97177030
0.05068000,10.00000000,15.00000000,0.02807331,4134.39968894,1.00000000,1,14.97192669
0.05070000,10.00000000,15.00000000,0.02791778,4138.39968894,1.00000000,1,14.97208222
0.05072000,10.00000000,15.00000000,0.02776311,4142.39968894,1.00000000,1,14.97223689
0.05074000,10.00000000,15.00000000,0.02760929,4146.39968894,1.00000000,1,14.97239071
0.05076000,10.00000000,15.00000000,0.02745633,4150.39968894,1.00000000,1,14.97254367
0.05078000,10.00000000,15.00000000,0.02730422,4154.39968894,1.00000000,1,14.97269578
0.05080000,10.00000000,15.00000000,0.02715295,4158.39968894,1.00000000,1,14.97284705
0.05082000,10.00000000,15.00000000,0.02700252,4162.39968894,1.00000000,1,14.97299748
0.05084000,10.00000000,15.00000000,0.02685292,4166.39968894,1.00000000,1,14.97314708
0.05086000,10.00000000,15.00000000,0.02670415,4170.39968894,1.00000000,1,14.97329585
0.05088000,10.00000000,15.00000000,0.02655621,4174.39968894,1.00000000,1,14.97344379
0.05090000,10.00000000,15.00000000,0.02640908,4178.39968894,1.00000000,1,14.97359092
0.05092000,10.00000000,15.00000000,0.02626277,4182.39968894,1.00000000,1,14.97373723
0.05094000,10.00000000,15.00000000,0.02611727,4186.39968894,1.00000000,1,14.97388273
0.05096000,10.00000000,15.00000000,0.02597258,4190.39968894,1.00000000,1,14.97402742
0.05098000,10.00000000,15.00000000,0.02582869,4194.39968894,1.00000000,1,14.97417131
0.05100000,10.00000000,15.00000000,0.02568559,4198.39968894,1.00000000,1,14.97431441
0.05102000,10.00000000,15.00000000,0.02554329,4202.39968894,1.00000000,1,14.97445671
0.05104000,10.00000000,15.00000000,0.02540178,4206.39968894,1.00000000,1,14.97459822
0.05106000,10.00000000,15.00000000,0.02526105,4210.39968894,1.00000000,1,14.97473895
0.05108000,10.00000000,15.00000000,0.02512110,4214.39968894,1.00000000,1,14.97487890
0.05110000,10.00000000,15.00000000,0.02498192,4218.39968894,1.00000000,1,14.97501808
0.05112000,10.00000000,15.00000000,0.02484352,4222.39968894,1.00000000,1,14.97515648
0.05114000,10.00000000,15.00000000,0.02470588,4226.39968894,1.00000000,1,14.97529412
0.05116000,10.00000000,15.00000000,0.02456901,4230.39968894,1.00000000,1,14.97543099
0.05118000,10.00000000,15.00000000,0.02443289,4234.39968894,1.00000000,1,14.97556711
0.05120000,10.00000000,15.00000000,0.02429753,4238.39968894,1.00000000,1,14.97570247
0.05122000,10.00000000,15.00000000,0.02416292,4242.39968894,1.00000000,1,14.97583708
0.05124000,10.00000000,15.00000000,0.02402905,4246.39968894,1.00000000,1,14.97597095
0.05126000,10.00000000,15.00000000,0.02389593,4250.39968894,1.00000000,1,14.97610407
0.05128000,10.00000000,15.00000000,0.02376354,4254.39968894,1.00000000,1,14.97623646
0.05130000,10.00000000,15.00000000,0.02363189,4258.39968894,1.00000000,1,14.97636811
0.05132000,10.00000000,15.00000000,0.02350096,4262.39968894,1.00000000,1,14.97649904
0.05134000,10.00000000,15.00000000,0.02337076,4266.39968894,1.00000000,1,14.97662924
0.05136000,10.00000000,15.00000000,0.02324129,4270.39968894,1.00000000,1,14.97675871
0.05138000,10.00000000,15.00000000,0.02311253,4274.39968894,1.00000000,1,14.97688747
0.05140000,10.00000000,15.00000000,0.02298448,4278.39968894,1.00000000,1,14.97701552
0.05142000,10.00000000,15.00000000,0.02285714,4282.39968894,1.00000000,1,14.97714286
0.05144000,10.00000000,15.00000000,0.02273051,4286.39968894,1.00000000,1,14.97726949
0.05146000,10.00000000,15.00000000,0.02260458,4290.39968894,1.00000000,1,14.97739542
0.05148000,10.00000000,15.00000000,0.02247935,4294.39968894,1.00000000,1,14.97752065
0.05150000,10.00000000,15.00000000,0.02235481,4298.39968894,1.00000000,1,14.97764519
0.05152000,10.00000000,15.00000000,0.02223096,4302.39968894,1.00000000,1,14.97776904
0.05154000,10.00000000,15.00000000,0.02210779,4306.39968894,1.00000000,1,14.97789221
0.05156000,10.00000000,15.00000000,0.02198531,4310.39968894,1.00000000,1,14.97801469
0.05158000,10.00000000,15.00000000,0.02186351,4314.39968894,1.00000000,1,14.97813649
0.05160000,10.00000000,15.00000000,0.02174239,4318.39968894,1.00000000,1,14.97825761
0.05162000,10.00000000,15.00000000,0.02162193,4322.39968894,1.00000000,1,14.97837807
0.05164000,10.00000000,15.00000000,0.02150214,4326.39968894,1.00000000,1,14.97849786
0.05166000,10.00000000,15.00000000,0.02138302,4330.39968894,1.00000000,1,14.97861698
0.05168000,10.00000000,15.00000000,0.02126455,4334.39968894,1.00000000,1,14.97873545
0.05170000,10.00000000,15.00000000,0.02114674,4338.39968894,1.00000000,1,14.97885326
0.05172000,10.00000000,15.00000000,0.02102958,4342.39968894,1.00000000,1,14.97897042
0.05174000,10.00000000,15.00000000,0.02091308,4346.39968894,1.00000000,1,14.97908692
0.05176000,10.00000000,15.00000000,0.02079722,4350.39968894,1.00000000,1,14.97920278
0.05178000,10.00000000,15.00000000,0.02068200,4354.39968894,1.00000000,1,14.97931800
0.05180000,10.00000000,15.00000000,0.02056742,4358.39968894,1.00000000,1,14.97943258
0.05182000,10.00000000,15.00000000,0.02045347,4362.39968894,1.00000000,1,14.97954653
0.05184000,10.00000000,15.00000000,0.02034015,4366.39968894,1.00000000,1,14.97965985
0.05186000,10.00000000,15.00000000,0.02022747,4370.39968894,1.00000000,1,14.97977253
0.05188000,10.00000000,15.00000000,0.02011540,4374.39968894,1.00000000,1,14.97988460
0.05190000,10.00000000,15.00000000,0.02000396,4378.39968894,1.00000000,1,14.97999604
0.05192000,10.00000000,15.00000000,0.01989314,4382.39968894,1.00000000,1,14.98010686
0.05194000,10.00000000,15.00000000,0.01978292,4386.39968894,1.00000000,1,14.98021708
0.05196000,10.00000000,15.00000000,0.01967332,4390.39968894,1.00000000,1,14.98032668
0.05198000,10.00000000,15.00000000,0.01956433,4394.39968894,1.00000000,1,14.98043567
0.05200000,10.00000000,15.00000000,0.01945594,4398.39968894,1.00000000,1,14.98054406
0.05202000,10.00000000,15.00000000,0.01934815,4402.39968894,1.00000000,1,14.98065185
0.05204000,10.00000000,15.00000000,0.01924096,4406.39968894,1.00000000,1,14.98075904
0.05206000,10.00000000,15.00000000,0.01913436,4410.39968894,1.00000000,1,14.98086564
0.05208000,10.00000000,15.00000000,0.01902836,4414.39968894,1.00000000,1,14.98097164
0.05210000,10.00000000,15.00000000,0.01892294,4418.39968894,1.00000000,1,14.98107706
0.05212000,10.00000000,15.00000000,0.01881810,4422.39968894,1.00000000,1,14.98118190
0.05214000,10.00000000,15.00000000,0.01871384,4426.39968894,1.00000000,1,14.98128616
0.05216000,10.00000000,15.00000000,0.01861017,4430.39968894,1.00000000,1,14.98138983
0.05218000,10.00000000,15.00000000,0.01850706,4434.39968894,1.00000000,1,14.98149294
0.05220000,10.00000000,15.00000000,0.01840453,4438.39968894,1.00000000,1,14.98159547
0.05222000,10.00000000,15.00000000,0.01830257,4442.39968894,1.00000000,1,14.98169743
0.05224000,10.00000000,15.00000000,0.01820117,4446.39968894,1.00000000,1,14.98179883
0.05226000,10.00000000,15.00000000,0.01810033,4450.39968894,1.00000000,1,14.98189967
0.05228000,10.00000000,15.00000000,0.01800005,4454.39968894,1.00000000,1,14.98199995
0.05230000,10.00000000,15.00000000,0.01790033,4458.39968894,1.00000000,1,14.98209967
0.05232000,10.00000000,15.00000000,0.01780116,4462.39968894,1.00000000,1,14.98219884
0.05234000,10.00000000,15.00000000,0.01770254,4466.39968894,1.00000000,1,14.98229746
0.05236000,10.00000000,15.00000000,0.01760446,4470.39968894,1.00000000,1,14.98239554
0.05238000,10.00000000,15.00000000,0.01750693,4474.39968894,1.00000000,1,14.98249307
0.05240000,10.00000000,15.00000000,0.01740994,4478.39968894,1.00000000,1,14.98259006
0.05242000,10.00000000,15.00000000,0.01731349,4482.39968894,1.00000000,1,14.98268651
0.05244000,10.00000000,15.00000000,0.01721757,4486.39968894,1.00000000,1,14.98278243
0.05246000,10.00000000,15.00000000,0.01712218,4490.39968894,1.00000000,1,14.98287782
0.05248000,10.00000000,15.00000000,0.01702732,4494.39968894,1.00000000,1,14.98297268
0.05250000,10.00000000,15.00000000,0.01693299,4498.39968894,1.00000000,1,14.98306701
0.05252000,10.00000000,15.00000000,0.01683918,4502.39968894,1.00000000,1,14.98316082
0.05254000,10.00000000,15.00000000,0.01674588,4506.39968894,1.00000000,1,14.98325412
0.05256000,10.00000000,15.00000000,0.01665311,4510.39968894,1.00000000,1,14.98334689
0.05258000,10.00000000,15.00000000,0.01656085,4514.39968894,1.00000000,1,14.98343915
0.05260000,10.00000000,15.00000000,0.01646910,4518.39968894,1.00000000,1,14.98353090
0.05262000,10.00000000,15.00000000,0.01637786,4522.39968894,1.00000000,1,14.98362214
0.05264000,10.00000000,15.00000000,0.01628712,4526.39968894,1.00000000,1,14.98371288
0.05266000,10.00000000,15.00000000,0.01619689,4530.39968894,1.00000000,1,14.98380311
0.05268000,10.00000000,15.00000000,0.01610716,4534.39968894,1.00000000,1,14.98389284
0.05270000,10.00000000,15.00000000,0.01601792,4538.39968894,1.00000000,1,14.98398208
0.05272000,10.00000000,15.00000000,0.01592918,4542.39968894,1.00000000,1,14.98407082
0.05274000,10.00000000,15.00000000,0.01584093,4546.39968894,1.00000000,1,14.98415907
0.05276000,10.00000000,15.00000000,0.01575317,4550.39968894,1.00000000,1,14.98424683
0.05278000,10.00000000,15.00000000,0.01566589,4554.39968894,1.00000000,1,14.98433411
0.05280000,10.00000000,15.00000000,0.01557910,4558.39968894,1.00000000,1,14.98442090
0.05282000,10.00000000,15.00000000,0.01549279,4562.39968894,1.00000000,1,14.98450721
0.05284000,10.00000000,15.00000000,0.01540696,4566.39968894,1.00000000,1,14.98459304
0.05286000,10.00000000,15.00000000,0.01532160,4570.39968894,1.00000000,1,14.98467840
0.05288000,10.00000000,15.00000000,0.01523672,4574.39968894,1.00000000,1,14.98476328
0.05290000,10.00000000,15.00000000,0.01515230,4578.39968894,1.00000000,1,14.98484770
0.05292000,10.00000000,15.00000000,0.01506836,4582.39968894,1.00000000,1,14.98493164
0.05294000,10.00000000,15.00000000,0.01498488,4586.39968894,1.00000000,1,14.98501512
0.05296000,10.00000000,15.00000000,0.01490186,4590.39968894,1.00000000,1,14.98509814
0.05298000,10.00000000,15.00000000,0.01481930,4594.39968894,1.00000000,1,14.98518070
0.05300000,10.00000000,15.00000000,0.01473720,4598.39968894,1.00000000,1,14.98526280
0.05302000,10.00000000,15.00000000,0.01465555,4602.39968894,1.00000000,1,14.98534445
0.05304000,10.00000000,15.00000000,0.01457436,4606.39968894,1.00000000,1,14.98542564
0.05306000,10.00000000,15.00000000,0.01449361,4610.39968894,1.00000000,1,14.98550639
0.05308000,10.00000000,15.00000000,0.01441332,4614.39968894,1.00000000,1,14.98558668
0.05310000,10.00000000,15.00000000,0.01433346,4618.39968894,1.00000000,1,14.98566654
0.05312000,10.00000000,15.00000000,0.01425405,4622.39968894,1.00000000,1,14.98574595
0.05314000,10.00000000,15.00000000,0.01417508,4626.39968894,1.00000000,1,14.98582492
0.05316000,10.00000000,15.00000000,0.01409655,4630.39968894,1.00000000,1,14.98590345
0.05318000,10.00000000,15.00000000,0.01401846,4634.39968894,1.00000000,1,14.98598154
0.05320000,10.00000000,15.00000000,0.01394079,4638.39968894,1.00000000,1,14.98605921
0.05322000,10.00000000,15.00000000,0.01386356,4642.39968894,1.00000000,1,14.98613644
0.05324000,10.00000000,15.00000000,0.01378675,4646.39968894,1.00000000,1,14.98621325
0.05326000,10.00000000,15.00000000,0.01371037,4650.39968894,1.00000000,1,14.98628963
0.05328000,10.00000000,15.00000000,0.01363441,4654.39968894,1.00000000,1,14.98636559
0.05330000,10.00000000,15.00000000,0.01355888,4658.39968894,1.00000000,1,14.98644112
0.05332000,10.00000000,15.00000000,0.01348376,4662.39968894,1.00000000,1,14.98651624
0.05334000,10.00000000,15.00000000,0.01340906,4666.39968894,1.00000000,1,14.98659094
0.05336000,10.00000000,15.00000000,0.01333477,4670.39968894,1.00000000,1,14.98666523
0.05338000,10.00000000,15.00000000,0.01326089,4674.39968894,1.00000000,1,14.98673911
0.05340000,10.00000000,15.00000000,0.01318742,4678.39968894,1.00000000,1,14.98681258
0.05342000,10.00000000,15.00000000,0.01311436,4682.39968894,1.00000000,1,14.98688564
0.05344000,10.00000000,15.00000000,0.01304171,4686.39968894,1.00000000,1,14.98695829
0.05346000,10.00000000,15.00000000,0.01296945,4690.39968894,1.00000000,1,14.98703055
0.05348000,10.00000000,15.00000000,0.01289760,4694.39968894,1.00000000,1,14.98710240
0.05350000,10.00000000,15.00000000,0.01282615,4698.39968894,1.00000000,1,14.98717385
0.05352000,10.00000000,15.00000000,0.01275509,4702.39968894,1.00000000,1,14.98724491
0.05354000,10.00000000,15.00000000,0.01268442,4706.39968894,1.00000000,1,14.98731558
0.05356000,10.00000000,15.00000000,0.01261415,4710.39968894,1.00000000,1,14.98738585
0.05358000,10.00000000,15.00000000,0.01254426,4714.39968894,1.00000000,1,14.98745574
0.05360000,10.00000000,15.00000000,0.01247477,4718.39968894,1.00000000,1,14.98752523
0.05362000,10.00000000,15.00000000,0.01240566,4722.39968894,1.00000000,1,14.98759434
0.05364000,10.00000000,15.00000000,0.01233693,4726.39968894,1.00000000,1,14.98766307
0.05366000,10.00000000,15.00000000,0.01226858,4730.39968894,1.00000000,1,14.98773142
0.05368000,10.00000000,15.00000000,0.01220061,4734.39968894,1.00000000,1,14.98779939
0.05370000,10.00000000,15.00000000,0.01213302,4738.39968894,1.00000000,1,14.98786698
0.05372000,10.00000000,15.00000000,0.01206580,4742.39968894,1.00000000,1,14.98793420
0.05374000,10.00000000,15.00000000,0.01199895,4746.39968894,1.00000000,1,14.98800105
0.05376000,10.00000000,15.00000000,0.01193247,4750.39968894,1.00000000,1,14.98806753
0.05378000,10.00000000,15.00000000,0.01186637,4754.39968894,1.00000000,1,14.98813363
0.05380000,10.00000000,15.00000000,0.01180062,4758.39968894,1.00000000,1,14.98819938
0.05382000,10.00000000,15.00000000,0.01173525,4762.39968894,1.00000000,1,14.98826475
0.05384000,10.00000000,15.00000000,0.01167023,4766.39968894,1.00000000,1,14.98832977
0.05386000,10.00000000,15.00000000,0.01160558,4770.39968894,1.00000000,1,14.98839442
0.05388000,10.00000000,15.00000000,0.01154128,4774.39968894,1.00000000,1,14.98845872
0.05390000,10.00000000,15.00000000,0.01147734,4778.39968894,1.00000000,1,14.98852266
0.05392000,10.00000000,15.00000000,0.01141375,4782.39968894,1.00000000,1,14.98858625
0.05394000,10.00000000,15.00000000,0.01135052,4786.39968894,1.00000000,1,14.98864948
0.05396000,10.00000000,15.00000000,0.01128764,4790.39968894,1.00000000,1,14.98871236
0.05398000,10.00000000,15.00000000,0.01122510,4794.39968894,1.00000000,1,14.98877490
0.05400000,10.00000000,15.00000000,0.01116291,4798.39968894,1.00000000,1,14.98883709
0.05402000,10.00000000,15.00000000,0.01110107,4802.39968894,1.00000000,1,14.98889893
0.05404000,10.00000000,15.00000000,0.01103957,4806.39968894,1.00000000,1,14.98896043
0.05406000,10.00000000,15.00000000,0.01097841,4810.39968894,1.00000000,1,14.98902159
0.05408000,10.00000000,15.00000000,0.01091758,4814.39968894,1.00000000,1,14.98908242
0.05410000,10.00000000,15.00000000,0.01085710,4818.39968894,1.00000000,1,14.98914290
0.05412000,10.00000000,15.00000000,0.01079695,4822.39968894,1.00000000,1,14.98920305
0.05414000,10.00000000,15.00000000,0.01073713,4826.39968894,1.00000000,1,14.98926287
0.05416000,10.00000000,15.00000000,0.01067765,4830.39968894,1.00000000,1,14.98932235
0.05418000,10.00000000,15.00000000,0.01061849,4834.39968894,1.00000000,1,14.98938151
0.05420000,10.00000000,15.00000000,0.01055966,4838.39968894,1.00000000,1,14.98944034
0.05422000,10.00000000,15.00000000,0.01050116,4842.39968894,1.00000000,1,14.98949884
0.05424000,10.00000000,15.00000000,0.01044298,4846.39968894,1.00000000,1,14.98955702
0.05426000,10.00000000,15.00000000,0.01038513,4850.39968894,1.00000000,1,14.98961487
0.05428000,10.00000000,15.00000000,0.01032759,4854.39968894,1.00000000,1,14.98967241
0.05430000,10.00000000,15.00000000,0.01027038,4858.39968894,1.00000000,1,14.98972962
0.05432000,10.00000000,15.00000000,0.01021348,4862.39968894,1.00000000,1,14.98978652
0.05434000,10.00000000,15.00000000,0.01015689,4866.39968894,1.00000000,1,14.98984311
0.05436000,10.00000000,15.00000000,0.01010062,4870.39968894,1.00000000,1,14.98989938
0.05438000,10.00000000,15.00000000,0.01004466,4874.39968894,1.00000000,1,14.98995534
0.05440000,10.00000000,15.00000000,0.00998901,4878.39968894,1.00000000,1,14.99001099
0.05442000,10.00000000,15.00000000,0.00993367,4882.39968894,1.00000000,1,14.99006633
0.05444000,10.00000000,15.00000000,0.00987864,4886.39968894,1.00000000,1,14.99012136
0.05446000,10.00000000,15.00000000,0.00982391,4890.39968894,1.00000000,1,14.99017609
0.05448000,10.00000000,15.00000000,0.00976948,4894.39968894,1.00000000,1,14.99023052
0.05450000,10.00000000,15.00000000,0.00971536,4898.39968894,1.00000000,1,14.99028464
0.05452000,10.00000000,15.00000000,0.00966153,4902.39968894,1.00000000,1,14.99033847
0.05454000,10.00000000,15.00000000,0.00960801,4906.39968894,1.00000000,1,14.99039199
0.05456000,10.00000000,15.00000000,0.00955478,4910.39968894,1.00000000,1,14.99044522
0.05458000,10.00000000,15.00000000,0.00950184,4914.39968894,1.00000000,1,14.99049816
0.05460000,10.00000000,15.00000000,0.00944920,4918.39968894,1.00000000,1,14.99055080
0.05462000,10.00000000,15.00000000,0.00939685,4922.39968894,1.00000000,1,14.99060315
0.05464000,10.00000000,15.00000000,0.00934479,4926.39968894,1.00000000,1,14.99065521
0.05466000,10.00000000,15.00000000,0.00929302,4930.39968894,1.00000000,1,14.99070698
0.05468000,10.00000000,15.00000000,0.00924154,4934.39968894,1.00000000,1,14.99075846
0.05470000,10.00000000,15.00000000,0.00919034,4938.39968894,1.00000000,1,14.99080966
0.05472000,10.00000000,15.00000000,0.00913942,4942.39968894,1.00000000,1,14.99086058
0.05474000,10.00000000,15.00000000,0.00908879,4946.39968894,1.00000000,1,14.99091121
0.05476000,10.00000000,15.00000000,0.00903843,4950.39968894,1.00000000,1,14.99096157
0.05478000,10.00000000,15.00000000,0.00898836,4954.39968894,1.00000000,1,14.99101164
0.05480000,10.00000000,15.00000000,0.00893856,4958.39968894,1.00000000,1,14.99106144
0.05482000,10.00000000,15.00000000,0.00888904,4962.39968894,1.00000000,1,14.99111096
0.05484000,10.00000000,15.00000000,0.00883979,4966.39968894,1.00000000,1,14.99116021
0.05486000,10.00000000,15.00000000,0.00879082,4970.39968894,1.00000000,1,14.99120918
0.05488000,10.00000000,15.00000000,0.00874212,4974.39968894,1.00000000,1,14.99125788
0.05490000,10.00000000,15.00000000,0.00869369,4978.39968894,1.00000000,1,14.99130631
0.05492000,10.00000000,15.00000000,0.00864552,4982.39968894,1.00000000,1,14.99135448
0.05494000,10.00000000,15.00000000,0.00859762,4986.39968894,1.00000000,1,14.99140238
0.05496000,10.00000000,15.00000000,0.00854999,4990.39968894,1.00000000,1,14.99145001
0.05498000,10.00000000,15.00000000,0.00850262,4994.39968894,1.00000000,1,14.99149738
0.05500000,10.00000000,15.00000000,0.00845552,4998.39968894,1.00000000,1,14.99154448
0.05502000,10.00000000,15.00000000,0.00840867,5002.39968894,1.00000000,1,14.99159133
0.05504000,10.00000000,15.00000000,0.00836209,5006.39968894,1.00000000,1,14.99163791
0.05506000,10.00000000,15.00000000,0.00831576,5010.39968894,1.00000000,1,14.99168424
0.05508000,10.00000000,15.00000000,0.00826969,5014.39968894,1.00000000,1,14.99173031
0.05510000,10.00000000,15.00000000,0.00822387,5018.39968894,1.00000000,1,14.99177613
0.05512000,10.00000000,15.00000000,0.00817831,5022.39968894,1.00000000,1,14.99182169
0.05514000,10.00000000,15.00000000,0.00813300,5026.39968894,1.00000000,1,14.99186700
0.05516000,10.00000000,15.00000000,0.00808795,5030.39968894,1.00000000,1,14.99191205
0.05518000,10.00000000,15.00000000,0.00804314,5034.39968894,1.00000000,1,14.99195686
0.05520000,10.00000000,15.00000000,0.00799858,5038.39968894,1.00000000,1,14.99200142
0.05522000,10.00000000,15.00000000,0.00795426,5042.39968894,1.00000000,1,14.99204574
0.05524000,10.00000000,15.00000000,0.00791020,5046.39968894,1.00000000,1,14.99208980
0.05526000,10.00000000,15.00000000,0.00786637,5050.39968894,1.00000000,1,14.99213363
0.05528000,10.00000000,15.00000000,0.00782279,5054.39968894,1.00000000,1,14.99217721
0.05530000,10.00000000,15.00000000,0.00777945,5058.39968894,1.00000000,1,14.99222055
0.05532000,10.00000000,15.00000000,0.00773635,5062.39968894,1.00000000,1,14.99226365
0.05534000,10.00000000,15.00000000,0.00769349,5066.39968894,1.00000000,1,14.99230651
0.05536000,10.00000000,15.00000000,0.00765087,5070.39968894,1.00000000,1,14.99234913
0.05538000,10.00000000,15.00000000,0.00760848,5074.39968894,1.00000000,1,14.99239152
0.05540000,10.00000000,15.00000000,0.00756633,5078.39968894,1.00000000,1,14.99243367
0.05542000,10.00000000,15.00000000,0.00752441,5082.39968894,1.00000000,1,14.99247559
0.05544000,10.00000000,15.00000000,0.00748272,5086.39968894,1.00000000,1,14.99251728
0.05546000,10.00000000,15.00000000,0.00744127,5090.39968894,1.00000000,1,14.99255873
0.05548000,10.00000000,15.00000000,0.00740004,5094.39968894,1.00000000,1,14.99259996
0.05550000,10.00000000,15.00000000,0.00735905,5098.39968894,1.00000000,1,14.99264095
0.05552000,10.00000000,15.00000000,0.00731828,5102.39968894,1.00000000,1,14.99268172
0.05554000,10.00000000,15.00000000,0.00727773,5106.39968894,1.00000000,1,14.99272227
0.05556000,10.00000000,15.00000000,0.00723741,5110.39968894,1.00000000,1,14.99276259
0.05558000,10.00000000,15.00000000,0.00719731,5114.39968894,1.00000000,1,14.99280269
0.05560000,10.00000000,15.00000000,0.00715744,5118.39968894,1.00000000,1,14.99284256
0.05562000,10.00000000,15.00000000,0.00711779,5122.39968894,1.00000000,1,14.99288221
0.05564000,10.00000000,15.00000000,0.00707835,5126.39968894,1.00000000,1,14.99292165
0.05566000,10.00000000,15.00000000,0.00703914,5130.39968894,1.00000000,1,14.99296086
0.05568000,10.00000000,15.00000000,0.00700014,5134.39968894,1.00000000,1,14.99299986
0.05570000,10.00000000,15.00000000,0.00696136,5138.39968894,1.00000000,1,14.99303864
0.05572000,10.00000000,15.00000000,0.00692279,5142.39968894,1.00000000,1,14.99307721
0.05574000,10.00000000,15.00000000,0.00688444,5146.39968894,1.00000000,1,14.99311556
0.05576000,10.00000000,15.00000000,0.00684630,5150.39968894,1.00000000,1,14.99315370
0.05578000,10.00000000,15.00000000,0.00680837,5154.39968894,1.00000000,1,14.99319163
0.05580000,10.00000000,15.00000000,0.00677065,5158.39968894,1.00000000,1,14.99322935
0.05582000,10.00000000,15.00000000,0.00673314,5162.39968894,1.00000000,1,14.99326686
0.05584000,10.00000000,15.00000000,0.00669584,5166.39968894,1.00000000,1,14.99330416
0.05586000,10.00000000,15.00000000,0.00665874,5170.39968894,1.00000000,1,14.99334126
0.05588000,10.00000000,15.00000000,0.00662185,5174.39968894,1.00000000,1,14.99337815
0.05590000,10.00000000,15.00000000,0.00658516,5178.39968894,1.00000000,1,14.99341484
0.05592000,10.00000000,15.00000000,0.00654868,5182.39968894,1.00000000,1,14.99345132
0.05594000,10.00000000,15.00000000,0.00651240,5186.39968894,1.00000000,1,14.99348760
0.05596000,10.00000000,15.00000000,0.00647632,5190.39968894,1.00000000,1,14.99352368
0.05598000,10.00000000,15.00000000,0.00644044,5194.39968894,1.00000000,1,14.99355956
0.05600000,10.00000000,15.00000000,0.00640476,5198.39968894,1.00000000,1,14.99359524
0.05602000,10.00000000,15.00000000,0.00636928,5202.39968894,1.00000000,1,14.99363072
0.05604000,10.00000000,15.00000000,0.00633399,5206.39968894,1.00000000,1,14.99366601
0.05606000,10.00000000,15.00000000,0.00629890,5210.39968894,1.00000000,1,14.99370110
0.05608000,10.00000000,15.00000000,0.00626400,5214.39968894,1.00000000,1,14.99373600
0.05610000,10.00000000,15.00000000,0.00622930,5218.39968894,1.00000000,1,14.99377070
0.05612000,10.00000000,15.00000000,0.00619479,5222.39968894,1.00000000,1,14.99380521
0.05614000,10.00000000,15.00000000,0.00616047,5226.39968894,1.00000000,1,14.99383953
0.05616000,10.00000000,15.00000000,0.00612634,5230.39968894,1.00000000,1,14.99387366
0.05618000,10.00000000,15.00000000,0.00609240,5234.39968894,1.00000000,1,14.99390760
0.05620000,10.00000000,15.00000000,0.00605864,5238.39968894,1.00000000,1,14.99394136
0.05622000,10.00000000,15.00000000,0.00602508,5242.39968894,1.00000000,1,14.99397492
0.05624000,10.00000000,15.00000000,0.00599170,5246.39968894,1.00000000,1,14.99400830
0.05626000,10.00000000,15.00000000,0.00595850,5250.39968894,1.00000000,1,14.99404150
0.05628000,10.00000000,15.00000000,0.00592549,5254.39968894,1.00000000,1,14.99407451
0.05630000,10.00000000,15.00000000,0.00589266,5258.39968894,1.00000000,1,14.99410734
0.05632000,10.00000000,15.00000000,0.00586002,5262.39968894,1.00000000,1,14.99413998
0.05634000,10.00000000,15.00000000,0.00582755,5266.39968894,1.00000000,1,14.99417245
0.05636000,10.00000000,15.00000000,0.00579527,5270.39968894,1.00000000,1,14.99420473
0.05638000,10.00000000,15.00000000,0.00576316,5274.39968894,1.00000000,1,14.99423684
0.05640000,10.00000000,15.00000000,0.00573123,5278.39968894,1.00000000,1,14.99426877
0.05642000,10.00000000,15.00000000,0.00569948,5282.39968894,1.00000000,1,14.99430052
0.05644000,10.00000000,15.00000000,0.00566790,5286.39968894,1.00000000,1,14.99433210
0.05646000,10.00000000,15.00000000,0.00563650,5290.39968894,1.00000000,1,14.99436350
0.05648000,10.00000000,15.00000000,0.00560527,5294.39968894,1.00000000,1,14.99439473
0.05650000,10.00000000,15.00000000,0.00557422,5298.39968894,1.00000000,1,14.99442578
0.05652000,10.00000000,15.00000000,0.00554334,5302.39968894,1.00000000,1,14.99445666
0.05654000,10.00000000,15.00000000,0.00551263,5306.39968894,1.00000000,1,14.99448737
0.05656000,10.00000000,15.00000000,0.00548209,5310.39968894,1.00000000,1,14.99451791
0.05658000,10.00000000,15.00000000,0.00545172,5314.39968894,1.00000000,1,14.99454828
0.05660000,10.00000000,15.00000000,0.00542151,5318.39968894,1.00000000,1,14.99457849
0.05662000,10.00000000,15.00000000,0.00539148,5322.39968894,1.00000000,1,14.99460852
0.05664000,10.00000000,15.00000000,0.00536161,5326.39968894,1.00000000,1,14.99463839
0.05666000,10.00000000,15.00000000,0.00533190,5330.39968894,1.00000000,1,14.99466810
0.05668000,10.00000000,15.00000000,0.00530236,5334.39968894,1.00000000,1,14.99469764
0.05670000,10.00000000,15.00000000,0.00527299,5338.39968894,1.00000000,1,14.99472701
0.05672000,10.00000000,15.00000000,0.00524377,5342.39968894,1.00000000,1,14.99475623
0.05674000,10.00000000,15.00000000,0.00521472,5346.39968894,1.00000000,1,14.99478528
0.05676000,10.00000000,15.00000000,0.00518583,5350.39968894,1.00000000,1,14.99481417
0.05678000,10.00000000,15.00000000,0.00515710,5354.39968894,1.00000000,1,14.99484290
0.05680000,10.00000000,15.00000000,0.00512853,5358.39968894,1.00000000,1,14.99487147
0.05682000,10.00000000,15.00000000,0.00510012,5362.39968894,1.00000000,1,14.99489988
0.05684000,10.00000000,15.00000000,0.00507186,5366.39968894,1.00000000,1,14.99492814
0.05686000,10.00000000,15.00000000,0.00504376,5370.39968894,1.00000000,1,14.99495624
0.05688000,10.00000000,15.00000000,0.00501582,5374.39968894,1.00000000,1,14.99498418
0.05690000,10.00000000,15.00000000,0.00498803,5378.39968894,1.00000000,1,14.99501197
0.05692000,10.00000000,15.00000000,0.00496040,5382.39968894,1.00000000,1,14.99503960
0.05694000,10.00000000,15.00000000,0.00493292,5386.39968894,1.00000000,1,14.99506708
0.05696000,10.00000000,15.00000000,0.00490559,5390.39968894,1.00000000,1,14.99509441
0.05698000,10.00000000,15.00000000,0.00487841,5394.39968894,1.00000000,1,14.99512159
0.05700000,10.00000000,15.00000000,0.00485138,5398.39968894,1.00000000,1,14.99514862
0.05702000,10.00000000,15.00000000,0.00482450,5402.39968894,1.00000000,1,14.99517550
0.05704000,10.00000000,15.00000000,0.00479778,5406.39968894,1.00000000,1,14.99520222
0.05706000,10.00000000,15.00000000,0.00477120,5410.39968894,1.00000000,1,14.99522880
0.05708000,10.00000000,15.00000000,0.00474476,5414.39968894,1.00000000,1,14.99525524
0.05710000,10.00000000,15.00000000,0.00471848,5418.39968894,1.00000000,1,14.99528152
0.05712000,10.00000000,15.00000000,0.00469233,5422.39968894,1.00000000,1,14.99530767
0.05714000,10.00000000,15.00000000,0.00466634,5426.39968894,1.00000000,1,14.99533366
0.05716000,10.00000000,15.00000000,0.00464049,5430.39968894,1.00000000,1,14.99535951
0.05718000,10.00000000,15.00000000,0.00461478,5434.39968894,1.00000000,1,14.99538522
0.05720000,10.00000000,15.00000000,0.00458921,5438.39968894,1.00000000,1,14.99541079
0.05722000,10.00000000,15.00000000,0.00456379,5442.39968894,1.00000000,1,14.99543621
0.05724000,10.00000000,15.00000000,0.00453850,5446.39968894,1.00000000,1,14.99546150
0.05726000,10.00000000,15.00000000,0.00451336,5450.39968894,1.00000000,1,14.99548664
0.05728000,10.00000000,15.00000000,0.00448835,5454.39968894,1.00000000,1,14.99551165
0.05730000,10.00000000,15.00000000,0.00446349,5458.39968894,1.00000000,1,14.99553651
0.05732000,10.00000000,15.00000000,0.00443876,5462.39968894,1.00000000,1,14.99556124
0.05734000,10.00000000,15.00000000,0.00441417,5466.39968894,1.00000000,1,14.99558583
0.05736000,10.00000000,15.00000000,0.00438971,5470.39968894,1.00000000,1,14.99561029
0.05738000,10.00000000,15.00000000,0.00436539,5474.39968894,1.00000000,1,14.99563461
0.05740000,10.00000000,15.00000000,0.00434121,5478.39968894,1.00000000,1,14.99565879
0.05742000,10.00000000,15.00000000,0.00431716,5482.39968894,1.00000000,1,14.99568284
0.05744000,10.00000000,15.00000000,0.00429324,5486.39968894,1.00000000,1,14.99570676
0.05746000,10.00000000,15.00000000,0.00426945,5490.39968894,1.00000000,1,14.99573055
0.05748000,10.00000000,15.00000000,0.00424580,5494.39968894,1.00000000,1,14.99575420
0.05750000,10.00000000,15.00000000,0.00422228,5498.39968894,1.00000000,1,14.99577772
0.05752000,10.00000000,15.00000000,0.00419889,5502.39968894,1.00000000,1,14.99580111
0.05754000,10.00000000,15.00000000,0.00417562,5506.39968894,1.00000000,1,14.99582438
0.05756000,10.00000000,15.00000000,0.00415249,5510.39968894,1.00000000,1,14.99584751
0.05758000,10.00000000,15.00000000,0.00412948,5514.39968894,1.00000000,1,14.99587052
0.05760000,10.00000000,15.00000000,0.00410661,5518.39968894,1.00000000,1,14.99589339
0.05762000,10.00000000,15.00000000,0.00408385,5522.39968894,1.00000000,1,14.99591615
0.05764000,10.00000000,15.00000000,0.00406123,5526.39968894,1.00000000,1,14.99593877
0.05766000,10.00000000,15.00000000,0.00403873,5530.39968894,1.00000000,1,14.99596127
0.05768000,10.00000000,15.00000000,0.00401635,5534.39968894,1.00000000,1,14.99598365
0.05770000,10.00000000,15.00000000,0.00399410,5538.39968894,1.00000000,1,14.99600590
0.05772000,10.00000000,15.00000000,0.00397198,5542.39968894,1.00000000,1,14.99602802
0.05774000,10.00000000,15.00000000,0.00394997,5546.39968894,1.00000000,1,14.99605003
0.05776000,10.00000000,15.00000000,0.00392809,5550.39968894,1.00000000,1,14.99607191
0.05778000,10.00000000,15.00000000,0.00390632,5554.39968894,1.00000000,1,14.99609368
0.05780000,10.00000000,15.00000000,0.00388468,5558.39968894,1.00000000,1,14.99611532
0.05782000,10.00000000,15.00000000,0.00386316,5562.39968894,1.00000000,1,14.99613684
0.05784000,10.00000000,15.00000000,0.00384176,5566.39968894,1.00000000,1,14.99615824
0.05786000,10.00000000,15.00000000,0.00382047,5570.39968894,1.00000000,1,14.99617953
0.05788000,10.00000000,15.00000000,0.00379931,5574.39968894,1.00000000,1,14.99620069
0.05790000,10.00000000,15.00000000,0.00377826,5578.39968894,1.00000000,1,14.99622174
0.05792000,10.00000000,15.00000000,0.00375733,5582.39968894,1.00000000,1,14.99624267
0.05794000,10.00000000,15.00000000,0.00373651,5586.39968894,1.00000000,1,14.99626349
0.05796000,10.00000000,15.00000000,0.00371581,5590.39968894,1.00000000,1,14.99628419
0.05798000,10.00000000,15.00000000,0.00369522,5594.39968894,1.00000000,1,14.99630478
0.05800000,10.00000000,15.00000000,0.00367475,5598.39968894,1.00000000,1,14.99632525
0.05802000,10.00000000,15.00000000,0.00365439,5602.39968894,1.00000000,1,14.99634561
0.05804000,10.00000000,15.00000000,0.00363415,5606.39968894,1.00000000,1,14.99636585
0.05806000,10.00000000,15.00000000,0.00361401,5610.39968894,1.00000000,1,14.99638599
0.05808000,10.00000000,15.00000000,0.00359399,5614.39968894,1.00000000,1,14.99640601
0.05810000,10.00000000,15.00000000,0.00357408,5618.39968894,1.00000000,1,14.99642592
0.05812000,10.00000000,15.00000000,0.00355428,5622.39968894,1.00000000,1,14.99644572
0.05814000,10.00000000,15.00000000,0.00353459,5626.39968894,1.00000000,1,14.99646541
0.05816000,10.00000000,15.00000000,0.00351501,5630.39968894,1.00000000,1,14.99648499
0.05818000,10.00000000,15.00000000,0.00349553,5634.39968894,1.00000000,1,14.99650447
0.05820000,10.00000000,15.00000000,0.00347617,5638.39968894,1.00000000,1,14.99652383
0.05822000,10.00000000,15.00000000,0.00345691,5642.39968894,1.00000000,1,14.99654309
0.05824000,10.00000000,15.00000000,0.00343776,5646.39968894,1.00000000,1,14.99656224
0.05826000,10.00000000,15.00000000,0.00341871,5650.39968894,1.00000000,1,14.99658129
0.05828000,10.00000000,15.00000000,0.00339977,5654.39968894,1.00000000,1,14.99660023
0.05830000,10.00000000,15.00000000,0.00338094,5658.39968894,1.00000000,1,14.99661906
0.05832000,10.00000000,15.00000000,0.00336220,5662.39968894,1.00000000,1,14.99663780
0.05834000,10.00000000,15.00000000,0.00334358,5666.39968894,1.00000000,1,14.99665642
0.05836000,10.00000000,15.00000000,0.00332505,5670.39968894,1.00000000,1,14.99667495
0.05838000,10.00000000,15.00000000,0.00330663,5674.39968894,1.00000000,1,14.99669337
0.05840000,10.00000000,15.00000000,0.00328831,5678.39968894,1.00000000,1,14.99671169
0.05842000,10.00000000,15.00000000,0.00327010,5682.39968894,1.00000000,1,14.99672990
0.05844000,10.00000000,15.00000000,0.00325198,5686.39968894,1.00000000,1,14.99674802
0.05846000,10.00000000,15.00000000,0.00323396,5690.39968894,1.00000000,1,14.99676604
0.05848000,10.00000000,15.00000000,0.00321605,5694.39968894,1.00000000,1,14.99678395
0.05850000,10.00000000,15.00000000,0.00319823,5698.39968894,1.00000000,1,14.99680177
0.05852000,10.00000000,15.00000000,0.00318051,5702.39968894,1.00000000,1,14.99681949
0.05854000,10.00000000,15.00000000,0.00316289,5706.39968894,1.00000000,1,14.99683711
0.05856000,10.00000000,15.00000000,0.00314537,5710.39968894,1.00000000,1,14.99685463
0.05858000,10.00000000,15.00000000,0.00312794,5714.39968894,1.00000000,1,14.99687206
0.05860000,10.00000000,15.00000000,0.00311061,5718.39968894,1.00000000,1,14.99688939
0.05862000,10.00000000,15.00000000,0.00309338,5722.39968894,1.00000000,1,14.99690662
0.05864000,10.00000000,15.00000000,0.00307624,5726.39968894,1.00000000,1,14.99692376
0.05866000,10.00000000,15.00000000,0.00305920,5730.39968894,1.00000000,1,14.99694080
0.05868000,10.00000000,15.00000000,0.00304225,5734.39968894,1.00000000,1,14.99695775
0.05870000,10.00000000,15.00000000,0.00302539,5738.39968894,1.00000000,1,14.99697461
0.05872000,10.00000000,15.00000000,0.00300863,5742.39968894,1.00000000,1,14.99699137
0.05874000,10.00000000,15.00000000,0.00299196,5746.39968894,1.00000000,1,14.99700804
0.05876000,10.00000000,15.00000000,0.00297539,5750.39968894,1.00000000,1,14.99702461
0.05878000,10.00000000,15.00000000,0.00295890,5754.39968894,1.00000000,1,14.99704110
0.05880000,10.00000000,15.00000000,0.00294251,5758.39968894,1.00000000,1,14.99705749
0.05882000,10.00000000,15.00000000,0.00292621,5762.39968894,1.00000000,1,14.99707379
0.05884000,10.00000000,15.00000000,0.00291000,5766.39968894,1.00000000,1,14.99709000
0.05886000,10.00000000,15.00000000,0.00289388,5770.39968894,1.00000000,1,14.99710612
0.05888000,10.00000000,15.00000000,0.00287784,5774.39968894,1.00000000,1,14.99712216
0.05890000,10.00000000,15.00000000,0.00286190,5778.39968894,1.00000000,1,14.99713810
0.05892000,10.00000000,15.00000000,0.00284604,5782.39968894,1.00000000,1,14.99715396
0.05894000,10.00000000,15.00000000,0.00283028,5786.39968894,1.00000000,1,14.99716972
0.05896000,10.00000000,15.00000000,0.00281460,5790.39968894,1.00000000,1,14.99718540
0.05898000,10.00000000,15.00000000,0.00279900,5794.39968894,1.00000000,1,14.99720100
0.05900000,10.00000000,15.00000000,0.00278350,5798.39968894,1.00000000,1,14.99721650
0.05902000,10.00000000,15.00000000,0.00276808,5802.39968894,1.00000000,1,14.99723192
0.05904000,10.00000000,15.00000000,0.00275274,5806.39968894,1.00000000,1,14.99724726
0.05906000,10.00000000,15.00000000,0.00273749,5810.39968894,1.00000000,1,14.99726251
0.05908000,10.00000000,15.00000000,0.00272232,5814.39968894,1.00000000,1,14.99727768
0.05910000,10.00000000,15.00000000,0.00270724,5818.39968894,1.00000000,1,14.99729276
0.05912000,10.00000000,15.00000000,0.00269224,5822.39968894,1.00000000,1,14.99730776
0.05914000,10.00000000,15.00000000,0.00267733,5826.39968894,1.00000000,1,14.99732267
0.05916000,10.00000000,15.00000000,0.00266249,5830.39968894,1.00000000,1,14.99733751
0.05918000,10.00000000,15.00000000,0.00264774,5834.39968894,1.00000000,1,14.99735226
0.05920000,10.00000000,15.00000000,0.00263308,5838.39968894,1.00000000,1,14.99736692
0.05922000,10.00000000,15.00000000,0.00261849,5842.39968894,1.00000000,1,14.99738151
0.05924000,10.00000000,15.00000000,0.00260398,5846.39968894,1.00000000,1,14.99739602
0.05926000,10.00000000,15.00000000,0.00258955,5850.39968894,1.00000000,1,14.99741045
0.05928000,10.00000000,15.00000000,0.00257521,5854.39968894,1.00000000,1,14.99742479
0.05930000,10.00000000,15.00000000,0.00256094,5858.39968894,1.00000000,1,14.99743906
0.05932000,10.00000000,15.00000000,0.00254675,5862.39968894,1.00000000,1,14.99745325
0.05934000,10.00000000,15.00000000,0.00253264,5866.39968894,1.00000000,1,14.99746736
0.05936000,10.00000000,15.00000000,0.00251861,5870.39968894,1.00000000,1,14.99748139
0.05938000,10.00000000,15.00000000,0.00250466,5874.39968894,1.00000000,1,14.99749534
0.05940000,10.00000000,15.00000000,0.00249078,5878.39968894,1.00000000,1,14.99750922
0.05942000,10.00000000,15.00000000,0.00247698,5882.39968894,1.00000000,1,14.99752302
0.05944000,10.00000000,15.00000000,0.00246326,5886.39968894,1.00000000,1,14.99753674
0.05946000,10.00000000,15.00000000,0.00244961,5890.39968894,1.00000000,1,14.99755039
0.05948000,10.00000000,15.00000000,0.00243604,5894.39968894,1.00000000,1,14.99756396
0.05950000,10.00000000,15.00000000,0.00242255,5898.39968894,1.00000000,1,14.99757745
0.05952000,10.00000000,15.00000000,0.00240912,5902.39968894,1.00000000,1,14.99759088
0.05954000,10.00000000,15.00000000,0.00239578,5906.39968894,1.00000000,1,14.99760422
0.05956000,10.00000000,15.00000000,0.00238251,5910.39968894,1.00000000,1,14.99761749
0.05958000,10.00000000,15.00000000,0.00236931,5914.39968894,1.00000000,1,14.99763069
0.05960000,10.00000000,15.00000000,0.00235618,5918.39968894,1.00000000,1,14.99764382
0.05962000,10.00000000,15.00000000,0.00234313,5922.39968894,1.00000000,1,14.99765687
0.05964000,10.00000000,15.00000000,0.00233014,5926.39968894,1.00000000,1,14.99766986
0.05966000,10.00000000,15.00000000,0.00231724,5930.39968894,1.00000000,1,14.99768276
0.05968000,10.00000000,15.00000000,0.00230440,5934.39968894,1.00000000,1,14.99769560
0.05970000,10.00000000,15.00000000,0.00229163,5938.39968894,1.00000000,1,14.99770837
0.05972000,10.00000000,15.00000000,0.00227893,5942.39968894,1.00000000,1,14.99772107
0.05974000,10.00000000,15.00000000,0.00226631,5946.39968894,1.00000000,1,14.99773369
0.05976000,10.00000000,15.00000000,0.00225375,5950.39968894,1.00000000,1,14.99774625
0.05978000,10.00000000,15.00000000,0.00224127,5954.39968894,1.00000000,1,14.99775873
0.05980000,10.00000000,15.00000000,0.00222885,5958.39968894,1.00000000,1,14.99777115
0.05982000,10.00000000,15.00000000,0.00221650,5962.39968894,1.00000000,1,14.99778350
0.05984000,10.00000000,15.00000000,0.00220422,5966.39968894,1.00000000,1,14.99779578
0.05986000,10.00000000,15.00000000,0.00219201,5970.39968894,1.00000000,1,14.99780799
0.05988000,10.00000000,15.00000000,0.00217987,5974.39968894,1.00000000,1,14.99782013
0.05990000,10.00000000,15.00000000,0.00216779,5978.39968894,1.00000000,1,14.99783221
0.05992000,10.00000000,15.00000000,0.00215578,5982.39968894,1.00000000,1,14.99784422
0.05994000,10.00000000,15.00000000,0.00214384,5986.39968894,1.00000000,1,14.99785616
0.05996000,10.00000000,15.00000000,0.00213196,5990.39968894,1.00000000,1,14.99786804
0.05998000,10.00000000,15.00000000,0.00212015,5994.39968894,1.00000000,1,14.99787985
0.06000000,10.00000000,15.00000000,0.00210840,5998.39968894,1.00000000,1,14.99789160
0.06002000,10.00000000,15.00000000,0.00209672,6002.39968894,1.00000000,1,14.99790328
0.06004000,10.00000000,15.00000000,0.00208510,6006.39968894,1.00000000,1,14.99791490
0.06006000,10.00000000,15.00000000,0.00207355,6010.39968894,1.00000000,1,14.99792645
0.06008000,10.00000000,15.00000000,0.00206207,6014.39968894,1.00000000,1,14.99793793
0.06010000,10.00000000,15.00000000,0.00205064,6018.39968894,1.00000000,1,14.99794936
0.06012000,10.00000000,15.00000000,0.00203928,6022.39968894,1.00000000,1,14.99796072
0.06014000,10.00000000,15.00000000,0.00202798,6026.39968894,1.00000000,1,14.99797202
0.06016000,10.00000000,15.00000000,0.00201675,6030.39968894,1.00000000,1,14.99798325
0.06018000,10.00000000,15.00000000,0.00200557,6034.39968894,1.00000000,1,14.99799443
0.06020000,10.00000000,15.00000000,0.00199446,6038.39968894,1.00000000,1,14.99800554
0.06022000,10.00000000,15.00000000,0.00198341,6042.39968894,1.00000000,1,14.99801659
0.06024000,10.00000000,15.00000000,0.00197242,6046.39968894,1.00000000,1,14.99802758
0.06026000,10.00000000,15.00000000,0.00196150,6050.39968894,1.00000000,1,14.99803850
0.06028000,10.00000000,15.00000000,0.00195063,6054.39968894,1.00000000,1,14.99804937
0.06030000,10.00000000,15.00000000,0.00193982,6058.39968894,1.00000000,1,14.99806018
0.06032000,10.00000000,15.00000000,0.00192908,6062.39968894,1.00000000,1,14.99807092
0.06034000,10.00000000,15.00000000,0.00191839,6066.39968894,1.00000000,1,14.99808161
0.06036000,10.00000000,15.00000000,0.00190776,6070.39968894,1.00000000,1,14.99809224
0.06038000,10.00000000,15.00000000,0.00189719,6074.39968894,1.00000000,1,14.99810281
0.06040000,10.00000000,15.00000000,0.00188668,6078.39968894,1.00000000,1,14.99811332
0.06042000,10.00000000,15.00000000,0.00187623,6082.39968894,1.00000000,1,14.99812377
0.06044000,10.00000000,15.00000000,0.00186583,6086.39968894,1.00000000,1,14.99813417
0.06046000,10.00000000,15.00000000,0.00185550,6090.39968894,1.00000000,1,14.99814450
0.06048000,10.00000000,15.00000000,0.00184522,6094.39968894,1.00000000,1,14.99815478
0.06050000,10.00000000,15.00000000,0.00183499,6098.39968894,1.00000000,1,14.99816501
0.06052000,10.00000000,15.00000000,0.00182483,6102.39968894,1.00000000,1,14.99817517
0.06054000,10.00000000,15.00000000,0.00181472,6106.39968894,1.00000000,1,14.99818528
0.06056000,10.00000000,15.00000000,0.00180466,6110.39968894,1.00000000,1,14.99819534
0.06058000,10.00000000,15.00000000,0.00179467,6114.39968894,1.00000000,1,14.99820533
0.06060000,10.00000000,15.00000000,0.00178472,6118.39968894,1.00000000,1,14.99821528
0.06062000,10.00000000,15.00000000,0.00177484,6122.39968894,1.00000000,1,14.99822516
0.06064000,10.00000000,15.00000000,0.00176500,6126.39968894,1.00000000,1,14.99823500
0.06066000,10.00000000,15.00000000,0.00175522,6130.39968894,1.00000000,1,14.99824478
0.06068000,10.00000000,15.00000000,0.00174550,6134.39968894,1.00000000,1,14.99825450
0.06070000,10.00000000,15.00000000,0.00173583,6138.39968894,1.00000000,1,14.99826417
0.06072000,10.00000000,15.00000000,0.00172621,6142.39968894,1.00000000,1,14.99827379
0.06074000,10.00000000,15.00000000,0.00171665,6146.39968894,1.00000000,1,14.99828335
0.06076000,10.00000000,15.00000000,0.00170714,6150.39968894,1.00000000,1,14.99829286
0.06078000,10.00000000,15.00000000,0.00169768,6154.39968894,1.00000000,1,14.99830232
0.06080000,10.00000000,15.00000000,0.00168828,6158.39968894,1.00000000,1,14.99831172
0.06082000,10.00000000,15.00000000,0.00167892,6162.39968894,1.00000000,1,14.99832108
0.06084000,10.00000000,15.00000000,0.00166962,6166.39968894,1.00000000,1,14.99833038
0.06086000,10.00000000,15.00000000,0.00166037,6170.39968894,1.00000000,1,14.99833963
0.06088000,10.00000000,15.00000000,0.00165117,6174.39968894,1.00000000,1,14.99834883
0.06090000,10.00000000,15.00000000,0.00164203,6178.39968894,1.00000000,1,14.99835797
0.06092000,10.00000000,15.00000000,0.00163293,6182.39968894,1.00000000,1,14.99836707
0.06094000,10.00000000,15.00000000,0.00162388,6186.39968894,1.00000000,1,14.99837612
0.06096000,10.00000000,15.00000000,0.00161488,6190.39968894,1.00000000,1,14.99838512
0.06098000,10.00000000,15.00000000,0.00160594,6194.39968894,1.00000000,1,14.99839406
0.06100000,10.00000000,15.00000000,0.00159704,6198.39968894,1.00000000,1,14.99840296
0.06102000,10.00000000,15.00000000,0.00158819,6202.39968894,1.00000000,1,14.99841181
0.06104000,10.00000000,15.00000000,0.00157939,6206.39968894,1.00000000,1,14.99842061
0.06106000,10.00000000,15.00000000,0.00157064,6210.39968894,1.00000000,1,14.99842936
0.06108000,10.00000000,15.00000000,0.00156194,6214.39968894,1.00000000,1,14.99843806
0.06110000,10.00000000,15.00000000,0.00155329,6218.39968894,1.00000000,1,14.99844671
0.06112000,10.00000000,15.00000000,0.00154468,6222.39968894,1.00000000,1,14.99845532
0.06114000,10.00000000,15.00000000,0.00153613,6226.39968894,1.00000000,1,14.99846387
0.06116000,10.00000000,15.00000000,0.00152762,6230.39968894,1.00000000,1,14.99847238
0.06118000,10.00000000,15.00000000,0.00151915,6234.39968894,1.00000000,1,14.99848085
0.06120000,10.00000000,15.00000000,0.00151074,6238.39968894,1.00000000,1,14.99848926
0.06122000,10.00000000,15.00000000,0.00150237,6242.39968894,1.00000000,1,14.99849763
0.06124000,10.00000000,15.00000000,0.00149404,6246.39968894,1.00000000,1,14.99850596
0.06126000,10.00000000,15.00000000,0.00148577,6250.39968894,1.00000000,1,14.99851423
0.06128000,10.00000000,15.00000000,0.00147753,6254.39968894,1.00000000,1,14.99852247
0.06130000,10.00000000,15.00000000,0.00146935,6258.39968894,1.00000000,1,14.99853065
0.06132000,10.00000000,15.00000000,0.00146121,6262.39968894,1.00000000,1,14.99853879
0.06134000,10.00000000,15.00000000,0.00145311,6266.39968894,1.00000000,1,14.99854689
0.06136000,10.00000000,15.00000000,0.00144506,6270.39968894,1.00000000,1,14.99855494
0.06138000,10.00000000,15.00000000,0.00143706,6274.39968894,1.00000000,1,14.99856294
0.06140000,10.00000000,15.00000000,0.00142909,6278.39968894,1.00000000,1,14.99857091
0.06142000,10.00000000,15.00000000,0.00142118,6282.39968894,1.00000000,1,14.99857882
0.06144000,10.00000000,15.00000000,0.00141330,6286.39968894,1.00000000,1,14.99858670
0.06146000,10.00000000,15.00000000,0.00140547,6290.39968894,1.00000000,1,14.99859453
0.06148000,10.00000000,15.00000000,0.00139769,6294.39968894,1.00000000,1,14.99860231
0.06150000,10.00000000,15.00000000,0.00138994,6298.39968894,1.00000000,1,14.99861006
0.06152000,10.00000000,15.00000000,0.00138224,6302.39968894,1.00000000,1,14.99861776
0.06154000,10.00000000,15.00000000,0.00137459,6306.39968894,1.00000000,1,14.99862541
0.06156000,10.00000000,15.00000000,0.00136697,6310.39968894,1.00000000,1,14.99863303
0.06158000,10.00000000,15.00000000,0.00135940,6314.39968894,1.00000000,1,14.99864060
0.06160000,10.00000000,15.00000000,0.00135187,6318.39968894,1.00000000,1,14.99864813
0.06162000,10.00000000,15.00000000,0.00134438,6322.39968894,1.00000000,1,14.99865562
0.06164000,10.00000000,15.00000000,0.00133693,6326.39968894,1.00000000,1,14.99866307
0.06166000,10.00000000,15.00000000,0.00132952,6330.39968894,1.00000000,1,14.99867048
0.06168000,10.00000000,15.00000000,0.00132216,6334.39968894,1.00000000,1,14.99867784
0.06170000,10.00000000,15.00000000,0.00131483,6338.39968894,1.00000000,1,14.99868517
0.06172000,10.00000000,15.00000000,0.00130755,6342.39968894,1.00000000,1,14.99869245
0.06174000,10.00000000,15.00000000,0.00130030,6346.39968894,1.00000000,1,14.99869970
0.06176000,10.00000000,15.00000000,0.00129310,6350.39968894,1.00000000,1,14.99870690
0.06178000,10.00000000,15.00000000,0.00128593,6354.39968894,1.00000000,1,14.99871407
0.06180000,10.00000000,15.00000000,0.00127881,6358.39968894,1.00000000,1,14.99872119
0.06182000,10.00000000,15.00000000,0.00127173,6362.39968894,1.00000000,1,14.99872827
0.06184000,10.00000000,15.00000000,0.00126468,6366.39968894,1.00000000,1,14.99873532
0.06186000,10.00000000,15.00000000,0.00125767,6370.39968894,1.00000000,1,14.99874233
0.06188000,10.00000000,15.00000000,0.00125071,6374.39968894,1.00000000,1,14.99874929
0.06190000,10.00000000,15.00000000,0.00124378,6378.39968894,1.00000000,1,14.99875622
0.06192000,10.00000000,15.00000000,0.00123689,6382.39968894,1.00000000,1,14.99876311
0.06194000,10.00000000,15.00000000,0.00123003,6386.39968894,1.00000000,1,14.99876997
0.06196000,10.00000000,15.00000000,0.00122322,6390.39968894,1.00000000,1,14.99877678
0.06198000,10.00000000,15.00000000,0.00121644,6394.39968894,1.00000000,1,14.99878356
0.06200000,10.00000000,15.00000000,0.00120970,6398.39968894,1.00000000,1,14.99879030
0.06202000,10.00000000,15.00000000,0.00120300,6402.39968894,1.00000000,1,14.99879700
0.06204000,10.00000000,15.00000000,0.00119634,6406.39968894,1.00000000,1,14.99880366
0.06206000,10.00000000,15.00000000,0.00118971,6410.39968894,1.00000000,1,14.99881029
0.06208000,10.00000000,15.00000000,0.00118312,6414.39968894,1.00000000,1,14.99881688
0.06210000,10.00000000,15.00000000,0.00117656,6418.39968894,1.00000000,1,14.99882344
0.06212000,10.00000000,15.00000000,0.00117004,6422.39968894,1.00000000,1,14.99882996
0.06214000,10.00000000,15.00000000,0.00116356,6426.39968894,1.00000000,1,14.99883644
0.06216000,10.00000000,15.00000000,0.00115712,6430.39968894,1.00000000,1,14.99884288
0.06218000,10.00000000,15.00000000,0.00115070,6434.39968894,1.00000000,1,14.99884930
0.06220000,10.00000000,15.00000000,0.00114433,6438.39968894,1.00000000,1,14.99885567
0.06222000,10.00000000,15.00000000,0.00113799,6442.39968894,1.00000000,1,14.99886201
0.06224000,10.00000000,15.00000000,0.00113169,6446.39968894,1.00000000,1,14.99886831
0.06226000,10.00000000,15.00000000,0.00112542,6450.39968894,1.00000000,1,14.99887458
0.06228000,10.00000000,15.00000000,0.00111918,6454.39968894,1.00000000,1,14.99888082
0.06230000,10.00000000,15.00000000,0.00111298,6458.39968894,1.00000000,1,14.99888702
0.06232000,10.00000000,15.00000000,0.00110681,6462.39968894,1.00000000,1,14.99889319
0.06234000,10.00000000,15.00000000,0.00110068,6466.39968894,1.00000000,1,14.99889932
0.06236000,10.00000000,15.00000000,0.00109458,6470.39968894,1.00000000,1,14.99890542
0.06238000,10.00000000,15.00000000,0.00108852,6474.39968894,1.00000000,1,14.99891148
0.06240000,10.00000000,15.00000000,0.00108249,6478.39968894,1.00000000,1,14.99891751
0.06242000,10.00000000,15.00000000,0.00107649,6482.39968894,1.00000000,1,14.99892351
0.06244000,10.00000000,15.00000000,0.00107053,6486.39968894,1.00000000,1,14.99892947
0.06246000,10.00000000,15.00000000,0.00106460,6490.39968894,1.00000000,1,14.99893540
0.06248000,10.00000000,15.00000000,0.00105870,6494.39968894,1.00000000,1,14.99894130
0.06250000,10.00000000,15.00000000,0.00105283,6498.39968894,1.00000000,1,14.99894717
0.06252000,10.00000000,15.00000000,0.00104700,6502.39968894,1.00000000,1,14.99895300
0.06254000,10.00000000,15.00000000,0.00104120,6506.39968894,1.00000000,1,14.99895880
0.06256000,10.00000000,15.00000000,0.00103543,6510.39968894,1.00000000,1,14.99896457
0.06258000,10.00000000,15.00000000,0.00102970,6514.39968894,1.00000000,1,14.99897030
0.06260000,10.00000000,15.00000000,0.00102399,6518.39968894,1.00000000,1,14.99897601
0.06262000,10.00000000,15.00000000,0.00101832,6522.39968894,1.00000000,1,14.99898168
0.06264000,10.00000000,15.00000000,0.00101268,6526.39968894,1.00000000,1,14.99898732
0.06266000,10.00000000,15.00000000,0.00100707,6530.39968894,1.00000000,1,14.99899293
0.06268000,10.00000000,15.00000000,0.00100149,6534.39968894,1.00000000,1,14.99899851
0.06270000,10.00000000,15.00000000,0.00099594,6538.39968894,1.00000000,1,14.99900406
0.06272000,10.00000000,15.00000000,0.00099042,6542.39968894,1.00000000,1,14.99900958
0.06274000,10.00000000,15.00000000,0.00098493,6546.39968894,1.00000000,1,14.99901507
0.06276000,10.00000000,15.00000000,0.00097948,6550.39968894,1.00000000,1,14.99902052
0.06278000,10.00000000,15.00000000,0.00097405,6554.39968894,1.00000000,1,14.99902595
0.06280000,10.00000000,15.00000000,0.00096865,6558.39968894,1.00000000,1,14.99903135
0.06282000,10.00000000,15.00000000,0.00096329,6562.39968894,1.00000000,1,14.99903671
0.06284000,10.00000000,15.00000000,0.00095795,6566.39968894,1.00000000,1,14.99904205
0.06286000,10.00000000,15.00000000,0.00095264,6570.39968894,1.00000000,1,14.99904736
0.06288000,10.00000000,15.00000000,0.00094737,6574.39968894,1.00000000,1,14.99905263
0.06290000,10.00000000,15.00000000,0.00094212,6578.39968894,1.00000000,1,14.99905788
0.06292000,10.00000000,15.00000000,0.00093690,6582.39968894,1.00000000,1,14.99906310
0.06294000,10.00000000,15.00000000,0.00093171,6586.39968894,1.00000000,1,14.99906829
0.06296000,10.00000000,15.00000000,0.00092655,6590.39968894,1.00000000,1,14.99907345
0.06298000,10.00000000,15.00000000,0.00092141,6594.39968894,1.00000000,1,14.99907859
0.06300000,10.00000000,15.00000000,0.00091631,6598.39968894,1.00000000,1,14.99908369
0.06302000,10.00000000,15.00000000,0.00091123,6602.39968894,1.00000000,1,14.99908877
0.06304000,10.00000000,15.00000000,0.00090618,6606.39968894,1.00000000,1,14.99909382
0.06306000,10.00000000,15.00000000,0.00090116,6610.39968894,1.00000000,1,14.99909884
0.06308000,10.00000000,15.00000000,0.00089617,6614.39968894,1.00000000,1,14.99910383
0.06310000,10.00000000,15.00000000,0.00089120,6618.39968894,1.00000000,1,14.99910880
0.06312000,10.00000000,15.00000000,0.00088627,6622.39968894,1.00000000,1,14.99911373
0.06314000,10.00000000,15.00000000,0.00088136,6626.39968894,1.00000000,1,14.99911864
0.06316000,10.00000000,15.00000000,0.00087647,6630.39968894,1.00000000,1,14.99912353
0.06318000,10.00000000,15.00000000,0.00087162,6634.39968894,1.00000000,1,14.99912838
0.06320000,10.00000000,15.00000000,0.00086679,6638.39968894,1.00000000,1,14.99913321
0.06322000,10.00000000,15.00000000,0.00086199,6642.39968894,1.00000000,1,14.99913801
0.06324000,10.00000000,15.00000000,0.00085721,6646.39968894,1.00000000,1,14.99914279
0.06326000,10.00000000,15.00000000,0.00085246,6650.39968894,1.00000000,1,14.99914754
0.06328000,10.00000000,15.00000000,0.00084774,6654.39968894,1.00000000,1,14.99915226
0.06330000,10.00000000,15.00000000,0.00084304,6658.39968894,1.00000000,1,14.99915696
0.06332000,10.00000000,15.00000000,0.00083837,6662.39968894,1.00000000,1,14.99916163
0.06334000,10.00000000,15.00000000,0.00083373,6666.39968894,1.00000000,1,14.99916627
0.06336000,10.00000000,15.00000000,0.00082911,6670.39968894,1.00000000,1,14.99917089
0.06338000,10.00000000,15.00000000,0.00082452,6674.39968894,1.00000000,1,14.99917548
0.06340000,10.00000000,15.00000000,0.00081995,6678.39968894,1.00000000,1,14.99918005
0.06342000,10.00000000,15.00000000,0.00081541,6682.39968894,1.00000000,1,14.99918459
0.06344000,10.00000000,15.00000000,0.00081089,6686.39968894,1.00000000,1,14.99918911
0.06346000,10.00000000,15.00000000,0.00080640,6690.39968894,1.00000000,1,14.99919360
0.06348000,10.00000000,15.00000000,0.00080193,6694.39968894,1.00000000,1,14.99919807
0.06350000,10.00000000,15.00000000,0.00079749,6698.39968894,1.00000000,1,14.99920251
0.06352000,10.00000000,15.00000000,0.00079307,6702.39968894,1.00000000,1,14.99920693
0.06354000,10.00000000,15.00000000,0.00078867,6706.39968894,1.00000000,1,14.99921133
0.06356000,10.00000000,15.00000000,0.00078430,6710.39968894,1.00000000,1,14.99921570
0.06358000,10.00000000,15.00000000,0.00077996,6714.39968894,1.00000000,1,14.99922004
0.06360000,10.00000000,15.00000000,0.00077564,6718.39968894,1.00000000,1,14.99922436
0.06362000,10.00000000,15.00000000,0.00077134,6722.39968894,1.00000000,1,14.99922866
0.06364000,10.00000000,15.00000000,0.00076707,6726.39968894,1.00000000,1,14.99923293
0.06366000,10.00000000,15.00000000,0.00076282,6730.39968894,1.00000000,1,14.99923718
0.06368000,10.00000000,15.00000000,0.00075859,6734.39968894,1.00000000,1,14.99924141
0.06370000,10.00000000,15.00000000,0.00075439,6738.39968894,1.00000000,1,14.99924561
0.06372000,10.00000000,15.00000000,0.00075021,6742.39968894,1.00000000,1,14.99924979
0.06374000,10.00000000,15.00000000,0.00074605,6746.39968894,1.00000000,1,14.99925395
0.06376000,10.00000000,15.00000000,0.00074192,6750.39968894,1.00000000,1,14.99925808
0.06378000,10.00000000,15.00000000,0.00073781,6754.39968894,1.00000000,1,14.99926219
0.06380000,10.00000000,15.00000000,0.00073372,6758.39968894,1.00000000,1,14.99926628
0.06382000,10.00000000,15.00000000,0.00072966,6762.39968894,1.00000000,1,14.99927034
0.06384000,10.00000000,15.00000000,0.00072561,6766.39968894,1.00000000,1,14.99927439
0.06386000,10.00000000,15.00000000,0.00072159,6770.39968894,1.00000000,1,14.99927841
0.06388000,10.00000000,15.00000000,0.00071760,6774.39968894,1.00000000,1,14.99928240
0.06390000,10.00000000,15.00000000,0.00071362,6778.39968894,1.00000000,1,14.99928638
0.06392000,10.00000000,15.00000000,0.00070967,6782.39968894,1.00000000,1,14.99929033
0.06394000,10.00000000,15.00000000,0.00070574,6786.39968894,1.00000000,1,14.99929426
0.06396000,10.00000000,15.00000000,0.00070183,6790.39968894,1.00000000,1,14.99929817
0.06398000,10.00000000,15.00000000,0.00069794,6794.39968894,1.00000000,1,14.99930206
0.06400000,10.00000000,15.00000000,0.00069407,6798.39968894,1.00000000,1,14.99930593
0.06402000,10.00000000,15.00000000,0.00069023,6802.39968894,1.00000000,1,14.99930977
0.06404000,10.00000000,15.00000000,0.00068640,6806.39968894,1.00000000,1,14.99931360
0.06406000,10.00000000,15.00000000,0.00068260,6810.39968894,1.00000000,1,14.99931740
0.06408000,10.00000000,15.00000000,0.00067882,6814.39968894,1.00000000,1,14.99932118
0.06410000,10.00000000,15.00000000,0.00067506,6818.39968894,1.00000000,1,14.99932494
0.06412000,10.00000000,15.00000000,0.00067132,6822.39968894,1.00000000,1,14.99932868
0.06414000,10.00000000,15.00000000,0.00066760,6826.39968894,1.00000000,1,14.99933240
0.06416000,10.00000000,15.00000000,0.00066390,6830.39968894,1.00000000,1,14.99933610
0.06418000,10.00000000,15.00000000,0.00066022,6834.39968894,1.00000000,1,14.99933978
0.06420000,10.00000000,15.00000000,0.00065656,6838.39968894,1.00000000,1,14.99934344
0.06422000,10.00000000,15.00000000,0.00065293,6842.39968894,1.00000000,1,14.99934707
0.06424000,10.00000000,15.00000000,0.00064931,6846.39968894,1.00000000,1,14.99935069
0.06426000,10.00000000,15.00000000,0.00064571,6850.39968894,1.00000000,1,14.99935429
0.06428000,10.00000000,15.00000000,0.00064213,6854.39968894,1.00000000,1,14.99935787
0.06430000,10.00000000,15.00000000,0.00063858,6858.39968894,1.00000000,1,14.99936142
0.06432000,10.00000000,15.00000000,0.00063504,6862.39968894,1.00000000,1,14.99936496
0.06434000,10.00000000,15.00000000,0.00063152,6866.39968894,1.00000000,1,14.99936848
0.06436000,10.00000000,15.00000000,0.00062802,6870.39968894,1.00000000,1,14.99937198
0.06438000,10.00000000,15.00000000,0.00062454,6874.39968894,1.00000000,1,14.99937546
0.06440000,10.00000000,15.00000000,0.00062108,6878.39968894,1.00000000,1,14.99937892
0.06442000,10.00000000,15.00000000,0.00061764,6882.39968894,1.00000000,1,14.99938236
0.06444000,10.00000000,15.00000000,0.00061422,6886.39968894,1.00000000,1,14.99938578
0.06446000,10.00000000,15.00000000,0.00061082,6890.39968894,1.00000000,1,14.99938918
0.06448000,10.00000000,15.00000000,0.00060743,6894.39968894,1.00000000,1,14.99939257
0.06450000,10.00000000,15.00000000,0.00060407,6898.39968894,1.00000000,1,14.99939593
0.06452000,10.00000000,15.00000000,0.00060072,6902.39968894,1.00000000,1,14.99939928
0.06454000,10.00000000,15.00000000,0.00059739,6906.39968894,1.00000000,1,14.99940261
0.06456000,10.00000000,15.00000000,0.00059408,6910.39968894,1.00000000,1,14.99940592
0.06458000,10.00000000,15.00000000,0.00059079,6914.39968894,1.00000000,1,14.99940921
0.06460000,10.00000000,15.00000000,0.00058752,6918.39968894,1.00000000,1,14.99941248
0.06462000,10.00000000,15.00000000,0.00058426,6922.39968894,1.00000000,1,14.99941574
0.06464000,10.00000000,15.00000000,0.00058103,6926.39968894,1.00000000,1,14.99941897
0.06466000,10.00000000,15.00000000,0.00057781,6930.39968894,1.00000000,1,14.99942219
0.06468000,10.00000000,15.00000000,0.00057461,6934.39968894,1.00000000,1,14.99942539
0.06470000,10.00000000,15.00000000,0.00057142,6938.39968894,1.00000000,1,14.99942858
0.06472000,10.00000000,15.00000000,0.00056826,6942.39968894,1.00000000,1,14.99943174
0.06474000,10.00000000,15.00000000,0.00056511,6946.39968894,1.00000000,1,14.99943489
0.06476000,10.00000000,15.00000000,0.00056198,6950.39968894,1.00000000,1,14.99943802
0.06478000,10.00000000,15.00000000,0.00055886,6954.39968894,1.00000000,1,14.99944114
0.06480000,10.00000000,15.00000000,0.00055577,6958.39968894,1.00000000,1,14.99944423
0.06482000,10.00000000,15.00000000,0.00055269,6962.39968894,1.00000000,1,14.99944731
0.06484000,10.00000000,15.00000000,0.00054963,6966.39968894,1.00000000,1,14.99945037
0.06486000,10.00000000,15.00000000,0.00054658,6970.39968894,1.00000000,1,14.99945342
0.06488000,10.00000000,15.00000000,0.00054355,6974.39968894,1.00000000,1,14.99945645
0.06490000,10.00000000,15.00000000,0.00054054,6978.39968894,1.00000000,1,14.99945946
0.06492000,10.00000000,15.00000000,0.00053755,6982.39968894,1.00000000,1,14.99946245
0.06494000,10.00000000,15.00000000,0.00053457,6986.39968894,1.00000000,1,14.99946543
0.06496000,10.00000000,15.00000000,0.00053161,6990.39968894,1.00000000,1,14.99946839
0.06498000,10.00000000,15.00000000,0.00052866,6994.39968894,1.00000000,1,14.99947134
0.06500000,10.00000000,4.00000000,0.00052573,6998.39968894,0.77478973,0,3.99947427
0.06502000,10.00000000,4.00000000,77.50465699,6985.97886650,0.68466447,0,-73.50465699
0.06504000,10.00000000,4.00000000,154.26834965,6942.33255458,0.59492421,0,-150.26834965
0.06506000,10.00000000,4.00000000,229.95162149,6867.82666349,0.45998590,0,-225.95162149
0.06508000,10.00000000,4.00000000,304.22016697,6762.77961023,0.28069442,0,-300.22016697
0.06510000,10.00000000,4.00000000,376.74581681,6627.64573546,0.05809061,0,-372.74581681
0.06512000,10.00000000,4.00000000,447.20799973,6463.01333956,0.00000000,0,-443.20799973
0.06514000,10.00000000,4.00000000,515.29975174,6270.42788386,0.00000000,0,-511.29975174
0.06516000,10.00000000,4.00000000,580.73124066,6051.12838197,0.00000000,0,-576.73124066
0.06518000,10.00000000,4.00000000,643.22731192,5806.23443549,0.00000000,0,-639.22731192
0.06520000,10.00000000,4.00000000,702.52734063,5536.97283892,0.00000000,0,-698.52734063
0.06522000,10.00000000,4.00000000,758.38630584,5244.67155045,0.00000000,0,-754.38630584
0.06524000,10.00000000,4.00000000,810.57578957,4930.75324811,0.00000000,0,-806.57578957
0.06526000,10.00000000,4.00000000,858.88489689,4596.72850175,0.00000000,0,-854.88489689
0.06528000,10.00000000,4.00000000,903.12109319,4244.18859366,0.00000000,0,-899.12109319
0.06530000,10.00000000,4.00000000,943.11095547,3874.79802118,0.00000000,0,-939.11095547
0.06532000,10.00000000,4.00000000,978.70083481,3490.28671665,0.00000000,0,-974.70083481
0.06534000,10.00000000,4.00000000,1009.75742756,3092.44202035,0.00000000,0,-1005.75742756
0.06536000,10.00000000,4.00000000,1036.16825322,2683.10044380,0.00000000,0,-1032.16825322
0.06538000,10.00000000,4.00000000,1057.84203743,2264.13926061,0.00000000,0,-1053.84203743
0.06540000,10.00000000,4.00000000,1074.70899886,1837.46796352,0.00000000,0,-1070.70899886
0.06542000,10.00000000,4.00000000,1086.72103931,1405.01962585,0.00000000,0,-1082.72103931
0.06544000,10.00000000,4.00000000,1093.85183666,968.74220651,0.00000000,0,-1089.85183666
0.06546000,10.00000000,4.00000000,1096.09684090,530.58983705,0.00000000,0,-1092.09684090
0.06548000,10.00000000,4.00000000,1093.47317358,92.51412979,0.00000000,0,-1089.47317358
0.06550000,10.00000000,4.00000000,1086.01943198,0.00000000,0.00000000,0,-1082.01943198
0.06552000,10.00000000,4.00000000,1077.59915639,0.00000000,0.00000000,0,-1073.59915639
0.06554000,10.00000000,4.00000000,1069.24416605,0.00000000,0.00000000,0,-1065.24416605
0.06556000,10.00000000,4.00000000,1060.95395477,0.00000000,0.00000000,0,-1056.95395477
0.06558000,10.00000000,4.00000000,1052.72802030,0.00000000,0.00000000,0,-1048.72802030
0.06560000,10.00000000,4.00000000,1044.56586428,0.00000000,0.00000000,0,-1040.56586428
0.06562000,10.00000000,4.00000000,1036.46699221,0.00000000,0.00000000,0,-1032.46699221
0.06564000,10.00000000,4.00000000,1028.43091343,0.00000000,0.00000000,0,-1024.43091343
0.06566000,10.00000000,4.00000000,1020.45714108,0.00000000,0.00000000,0,-1016.45714108
0.06568000,10.00000000,4.00000000,1012.54519209,0.00000000,0.00000000,0,-1008.54519209
0.06570000,10.00000000,4.00000000,1004.69458711,0.00000000,0.00000000,0,-1000.69458711
0.06572000,10.00000000,4.00000000,996.90485053,0.00000000,0.00000000,0,-992.90485053
0.06574000,10.00000000,4.00000000,989.17551040,0.00000000,0.00000000,0,-985.17551040
0.06576000,10.00000000,4.00000000,981.50609846,0.00000000,0.00000000,0,-977.50609846
0.06578000,10.00000000,4.00000000,973.89615006,0.00000000,0.00000000,0,-969.89615006
0.06580000,10.00000000,4.00000000,966.34520416,0.00000000,0.00000000,0,-962.34520416
0.06582000,10.00000000,4.00000000,958.85280330,0.00000000,0.00000000,0,-954.85280330
0.06584000,10.00000000,4.00000000,951.41849355,0.00000000,0.00000000,0,-947.41849355
0.06586000,10.00000000,4.00000000,944.04182452,0.00000000,0.00000000,0,-940.04182452
0.06588000,10.00000000,4.00000000,936.72234929,0.00000000,0.00000000,0,-932.72234929
0.06590000,10.00000000,4.00000000,929.45962443,0.00000000,0.00000000,0,-925.45962443
0.06592000,10.00000000,4.00000000,922.25320993,0.00000000,0.00000000,0,-918.25320993
0.06594000,10.00000000,4.00000000,915.10266920,0.00000000,0.00000000,0,-911.10266920
0.06596000,10.00000000,4.00000000,908.00756902,0.00000000,0.00000000,0,-904.00756902
0.06598000,10.00000000,4.00000000,900.96747955,0.00000000,0.00000000,0,-896.96747955
0.06600000,10.00000000,4.00000000,893.98197428,0.00000000,0.00000000,0,-889.98197428
0.06602000,10.00000000,4.00000000,887.05062998,0.00000000,0.00000000,0,-883.05062998
0.06604000,10.00000000,4.00000000,880.17302675,0.00000000,0.00000000,0,-876.17302675
0.06606000,10.00000000,4.00000000,873.34874789,0.00000000,0.00000000,0,-869.34874789
0.06608000,10.00000000,4.00000000,866.57737997,0.00000000,0.00000000,0,-862.57737997
0.06610000,10.00000000,4.00000000,859.85851276,0.00000000,0.00000000,0,-855.85851276
0.06612000,10.00000000,4.00000000,853.19173919,0.00000000,0.00000000,0,-849.19173919
0.06614000,10.00000000,4.00000000,846.57665537,0.00000000,0.00000000,0,-842.57665537
0.06616000,10.00000000,4.00000000,840.01286053,0.00000000,0.00000000,0,-836.01286053
0.06618000,10.00000000,4.00000000,833.49995701,0.00000000,0.00000000,0,-829.49995701
0.06620000,10.00000000,4.00000000,827.03755024,0.00000000,0.00000000,0,-823.03755024
0.06622000,10.00000000,4.00000000,820.62524868,0.00000000,0.00000000,0,-816.62524868
0.06624000,10.00000000,4.00000000,814.26266387,0.00000000,0.00000000,0,-810.26266387
0.06626000,10.00000000,4.00000000,807.94941032,0.00000000,0.00000000,0,-803.94941032
0.06628000,10.00000000,4.00000000,801.68510557,0.00000000,0.00000000,0,-797.68510557
0.06630000,10.00000000,4.00000000,795.46937008,0.00000000,0.00000000,0,-791.46937008
0.06632000,10.00000000,4.00000000,789.30182729,0.00000000,0.00000000,0,-785.30182729
0.06634000,10.00000000,4.00000000,783.18210355,0.00000000,0.00000000,0,-779.18210355
0.06636000,10.00000000,4.00000000,777.10982809,0.00000000,0.00000000,0,-773.10982809
0.06638000,10.00000000,4.00000000,771.08463303,0.00000000,0.00000000,0,-767.08463303
0.06640000,10.00000000,4.00000000,765.10615335,0.00000000,0.00000000,0,-761.10615335
0.06642000,10.00000000,4.00000000,759.17402684,0.00000000,0.00000000,0,-755.17402684
0.06644000,10.00000000,4.00000000,753.28789411,0.00000000,0.00000000,0,-749.28789411
0.06646000,10.00000000,4.00000000,747.44739855,0.00000000,0.00000000,0,-743.44739855
0.06648000,10.00000000,4.00000000,741.65218634,0.00000000,0.00000000,0,-737.65218634
0.06650000,10.00000000,4.00000000,735.90190636,0.00000000,0.00000000,0,-731.90190636
0.06652000,10.00000000,4.00000000,730.19621024,0.00000000,0.00000000,0,-726.19621024
0.06654000,10.00000000,4.00000000,724.53475231,0.00000000,0.00000000,0,-720.53475231
0.06656000,10.00000000,4.00000000,718.91718958,0.00000000,0.00000000,0,-714.91718958
0.06658000,10.00000000,4.00000000,713.34318171,0.00000000,0.00000000,0,-709.34318171
0.06660000,10.00000000,4.00000000,707.81239101,0.00000000,0.00000000,0,-703.81239101
0.06662000,10.00000000,4.00000000,702.32448240,0.00000000,0.00000000,0,-698.32448240
0.06664000,10.00000000,4.00000000,696.87912339,0.00000000,0.00000000,0,-692.87912339
0.06666000,10.00000000,4.00000000,691.47598410,0.00000000,0.00000000,0,-687.47598410
0.06668000,10.00000000,4.00000000,686.11473717,0.00000000,0.00000000,0,-682.11473717
0.06670000,10.00000000,4.00000000,680.79505780,0.00000000,0.00000000,0,-676.79505780
0.06672000,10.00000000,4.00000000,675.51662370,0.00000000,0.00000000,0,-671.51662370
0.06674000,10.00000000,4.00000000,670.27911508,0.00000000,0.00000000,0,-666.27911508
0.06676000,10.00000000,4.00000000,665.08221463,0.00000000,0.00000000,0,-661.08221463
0.06678000,10.00000000,4.00000000,659.92560751,0.00000000,0.00000000,0,-655.92560751
0.06680000,10.00000000,4.00000000,654.80898131,0.00000000,0.00000000,0,-650.80898131
0.06682000,10.00000000,4.00000000,649.73202604,0.00000000,0.00000000,0,-645.73202604
0.06684000,10.00000000,4.00000000,644.69443412,0.00000000,0.00000000,0,-640.69443412
0.06686000,10.00000000,4.00000000,639.69590035,0.00000000,0.00000000,0,-635.69590035
0.06688000,10.00000000,4.00000000,634.73612191,0.00000000,0.00000000,0,-630.73612191
0.06690000,10.00000000,4.00000000,629.81479830,0.00000000,0.00000000,0,-625.81479830
0.06692000,10.00000000,4.00000000,624.93163137,0.00000000,0.00000000,0,-620.93163137
0.06694000,10.00000000,4.00000000,620.08632529,0.00000000,0.00000000,0,-616.08632529
0.06696000,10.00000000,4.00000000,615.27858651,0.00000000,0.00000000,0,-611.27858651
0.06698000,10.00000000,4.00000000,610.50812374,0.00000000,0.00000000,0,-606.50812374
0.06700000,10.00000000,4.00000000,605.77464799,0.00000000,0.00000000,0,-601.77464799
0.06702000,10.00000000,4.00000000,601.07787247,0.00000000,0.00000000,0,-597.07787247
0.06704000,10.00000000,4.00000000,596.41751265,0.00000000,0.00000000,0,-592.41751265
0.06706000,10.00000000,4.00000000,591.79328616,0.00000000,0.00000000,0,-587.79328616
0.06708000,10.00000000,4.00000000,587.20491287,0.00000000,0.00000000,0,-583.20491287
0.06710000,10.00000000,4.00000000,582.65211478,0.00000000,0.00000000,0,-578.65211478
0.06712000,10.00000000,4.00000000,578.13461608,0.00000000,0.00000000,0,-574.13461608
0.06714000,10.00000000,4.00000000,573.65214306,0.00000000,0.00000000,0,-569.65214306
0.06716000,10.00000000,4.00000000,569.20442418,0.00000000,0.00000000,0,-565.20442418
0.06718000,10.00000000,4.00000000,564.79118997,0.00000000,0.00000000,0,-560.79118997
0.06720000,10.00000000,4.00000000,560.41217305,0.00000000,0.00000000,0,-556.41217305
0.06722000,10.00000000,4.00000000,556.06710813,0.00000000,0.00000000,0,-552.06710813
0.06724000,10.00000000,4.00000000,551.75573196,0.00000000,0.00000000,0,-547.75573196
0.06726000,10.00000000,4.00000000,547.47778335,0.00000000,0.00000000,0,-543.47778335
0.06728000,10.00000000,4.00000000,543.23300312,0.00000000,0.00000000,0,-539.23300312
0.06730000,10.00000000,4.00000000,539.02113411,0.00000000,0.00000000,0,-535.02113411
0.06732000,10.00000000,4.00000000,534.84192114,0.00000000,0.00000000,0,-530.84192114
0.06734000,10.00000000,4.00000000,530.69511102,0.00000000,0.00000000,0,-526.69511102
0.06736000,10.00000000,4.00000000,526.58045252,0.00000000,0.00000000,0,-522.58045252
0.06738000,10.00000000,4.00000000,522.49769636,0.00000000,0.00000000,0,-518.49769636
0.06740000,10.00000000,4.00000000,518.44659518,0.00000000,0.00000000,0,-514.44659518
0.06742000,10.00000000,4.00000000,514.42690357,0.00000000,0.00000000,0,-510.42690357
0.06744000,10.00000000,4.00000000,510.43837797,0.00000000,0.00000000,0,-506.43837797
0.06746000,10.00000000,4.00000000,506.48077677,0.00000000,0.00000000,0,-502.48077677
0.06748000,10.00000000,4.00000000,502.55386019,0.00000000,0.00000000,0,-498.55386019
0.06750000,10.00000000,4.00000000,498.65739031,0.00000000,0.00000000,0,-494.65739031
0.06752000,10.00000000,4.00000000,494.79113108,0.00000000,0.00000000,0,-490.79113108
0.06754000,10.00000000,4.00000000,490.95484827,0.00000000,0.00000000,0,-486.95484827
0.06756000,10.00000000,4.00000000,487.14830946,0.00000000,0.00000000,0,-483.14830946
0.06758000,10.00000000,4.00000000,483.37128402,0.00000000,0.00000000,0,-479.37128402
0.06760000,10.00000000,4.00000000,479.62354314,0.00000000,0.00000000,0,-475.62354314
0.06762000,10.00000000,4.00000000,475.90485976,0.00000000,0.00000000,0,-471.90485976
0.06764000,10.00000000,4.00000000,472.21500859,0.00000000,0.00000000,0,-468.21500859
0.06766000,10.00000000,4.00000000,468.55376609,0.00000000,0.00000000,0,-464.55376609
0.06768000,10.00000000,4.00000000,464.92091043,0.00000000,0.00000000,0,-460.92091043
0.06770000,10.00000000,4.00000000,461.31622153,0.00000000,0.00000000,0,-457.31622153
0.06772000,10.00000000,4.00000000,457.73948100,0.00000000,0.00000000,0,-453.73948100
0.06774000,10.00000000,4.00000000,454.19047215,0.00000000,0.00000000,0,-450.19047215
0.06776000,10.00000000,4.00000000,450.66897997,0.00000000,0.00000000,0,-446.66897997
0.06778000,10.00000000,4.00000000,447.17479110,0.00000000,0.00000000,0,-443.17479110
0.06780000,10.00000000,4.00000000,443.70769386,0.00000000,0.00000000,0,-439.70769386
0.06782000,10.00000000,4.00000000,440.26747819,0.00000000,0.00000000,0,-436.26747819
0.06784000,10.00000000,4.00000000,436.85393568,0.00000000,0.00000000,0,-432.85393568
0.06786000,10.00000000,4.00000000,433.46685952,0.00000000,0.00000000,0,-429.46685952
0.06788000,10.00000000,4.00000000,430.10604451,0.00000000,0.00000000,0,-426.10604451
0.06790000,10.00000000,4.00000000,426.77128702,0.00000000,0.00000000,0,-422.77128702
0.06792000,10.00000000,4.00000000,423.46238504,0.00000000,0.00000000,0,-419.46238504
0.06794000,10.00000000,4.00000000,420.17913810,0.00000000,0.00000000,0,-416.17913810
0.06796000,10.00000000,4.00000000,416.92134728,0.00000000,0.00000000,0,-412.92134728
0.06798000,10.00000000,4.00000000,413.68881521,0.00000000,0.00000000,0,-409.68881521
0.06800000,10.00000000,4.00000000,410.48134605,0.00000000,0.00000000,0,-406.48134605
0.06802000,10.00000000,4.00000000,407.29874549,0.00000000,0.00000000,0,-403.29874549
0.06804000,10.00000000,4.00000000,404.14082070,0.00000000,0.00000000,0,-400.14082070
0.06806000,10.00000000,4.00000000,401.00738037,0.00000000,0.00000000,0,-397.00738037
0.06808000,10.00000000,4.00000000,397.89823467,0.00000000,0.00000000,0,-393.89823467
0.06810000,10.00000000,4.00000000,394.81319522,0.00000000,0.00000000,0,-390.81319522
0.06812000,10.00000000,4.00000000,391.75207512,0.00000000,0.00000000,0,-387.75207512
0.06814000,10.00000000,4.00000000,388.71468892,0.00000000,0.00000000,0,-384.71468892
0.06816000,10.00000000,4.00000000,385.70085261,0.00000000,0.00000000,0,-381.70085261
0.06818000,10.00000000,4.00000000,382.71038358,0.00000000,0.00000000,0,-378.71038358
0.06820000,10.00000000,4.00000000,379.74310067,0.00000000,0.00000000,0,-375.74310067
0.06822000,10.00000000,4.00000000,376.79882411,0.00000000,0.00000000,0,-372.79882411
0.06824000,10.00000000,4.00000000,373.87737552,0.00000000,0.00000000,0,-369.87737552
0.06826000,10.00000000,4.00000000,370.97857791,0.00000000,0.00000000,0,-366.97857791
0.06828000,10.00000000,4.00000000,368.10225565,0.00000000,0.00000000,0,-364.10225565
0.06830000,10.00000000,4.00000000,365.24823449,0.00000000,0.00000000,0,-361.24823449
0.06832000,10.00000000,4.00000000,362.41634153,0.00000000,0.00000000,0,-358.41634153
0.06834000,10.00000000,4.00000000,359.60640518,0.00000000,0.00000000,0,-355.60640518
0.06836000,10.00000000,4.00000000,356.81825522,0.00000000,0.00000000,0,-352.81825522
0.06838000,10.00000000,4.00000000,354.05172273,0.00000000,0.00000000,0,-350.05172273
0.06840000,10.00000000,4.00000000,351.30664011,0.00000000,0.00000000,0,-347.30664011
0.06842000,10.00000000,4.00000000,348.58284103,0.00000000,0.00000000,0,-344.58284103
0.06844000,10.00000000,4.00000000,345.88016049,0.00000000,0.00000000,0,-341.88016049
0.06846000,10.00000000,4.00000000,343.19843474,0.00000000,0.00000000,0,-339.19843474
0.06848000,10.00000000,4.00000000,340.53750133,0.00000000,0.00000000,0,-336.53750133
0.06850000,10.00000000,4.00000000,337.89719902,0.00000000,0.00000000,0,-333.89719902
0.06852000,10.00000000,4.00000000,335.27736787,0.00000000,0.00000000,0,-331.27736787
0.06854000,10.00000000,4.00000000,332.67784916,0.00000000,0.00000000,0,-328.67784916
0.06856000,10.00000000,4.00000000,330.09848540,0.00000000,0.00000000,0,-326.09848540
0.06858000,10.00000000,4.00000000,327.53912031,0.00000000,0.00000000,0,-323.53912031
0.06860000,10.00000000,4.00000000,324.99959885,0.00000000,0.00000000,0,-320.99959885
0.06862000,10.00000000,4.00000000,322.47976715,0.00000000,0.00000000,0,-318.47976715
0.06864000,10.00000000,4.00000000,319.97947256,0.00000000,0.00000000,0,-315.97947256
0.06866000,10.00000000,4.00000000,317.49856360,0.00000000,0.00000000,0,-313.49856360
0.06868000,10.00000000,4.00000000,315.03688996,0.00000000,0.00000000,0,-311.03688996
0.06870000,10.00000000,4.00000000,312.59430252,0.00000000,0.00000000,0,-308.59430252
0.06872000,10.00000000,4.00000000,310.17065327,0.00000000,0.00000000,0,-306.17065327
0.06874000,10.00000000,4.00000000,307.76579540,0.00000000,0.00000000,0,-303.76579540
0.06876000,10.00000000,4.00000000,305.37958321,0.00000000,0.00000000,0,-301.37958321
0.06878000,10.00000000,4.00000000,303.01187212,0.00000000,0.00000000,0,-299.01187212
0.06880000,10.00000000,4.00000000,300.66251870,0.00000000,0.00000000,0,-296.66251870
0.06882000,10.00000000,4.00000000,298.33138061,0.00000000,0.00000000,0,-294.33138061
0.06884000,10.00000000,4.00000000,296.01831662,0.00000000,0.00000000,0,-292.01831662
0.06886000,10.00000000,4.00000000,293.72318659,0.00000000,0.00000000,0,-289.72318659
0.06888000,10.00000000,4.00000000,291.44585149,0.00000000,0.00000000,0,-287.44585149
0.06890000,10.00000000,4.00000000,289.18617333,0.00000000,0.00000000,0,-285.18617333
0.06892000,10.00000000,4.00000000,286.94401522,0.00000000,0.00000000,0,-282.94401522
0.06894000,10.00000000,4.00000000,284.71924133,0.00000000,0.00000000,0,-280.71924133
0.06896000,10.00000000,4.00000000,282.51171685,0.00000000,0.00000000,0,-278.51171685
0.06898000,10.00000000,4.00000000,280.32130806,0.00000000,0.00000000,0,-276.32130806
0.06900000,10.00000000,4.00000000,278.14788225,0.00000000,0.00000000,0,-274.14788225
0.06902000,10.00000000,4.00000000,275.99130774,0.00000000,0.00000000,0,-271.99130774
0.06904000,10.00000000,4.00000000,273.85145388,0.00000000,0.00000000,0,-269.85145388
0.06906000,10.00000000,4.00000000,271.72819103,0.00000000,0.00000000,0,-267.72819103
0.06908000,10.00000000,4.00000000,269.62139056,0.00000000,0.00000000,0,-265.62139056
0.06910000,10.00000000,4.00000000,267.53092483,0.00000000,0.00000000,0,-263.53092483
0.06912000,10.00000000,4.00000000,265.45666718,0.00000000,0.00000000,0,-261.45666718
0.06914000,10.00000000,4.00000000,263.39849195,0.00000000,0.00000000,0,-259.39849195
0.06916000,10.00000000,4.00000000,261.35627444,0.00000000,0.00000000,0,-257.35627444
0.06918000,10.00000000,4.00000000,259.32989095,0.00000000,0.00000000,0,-255.32989095
0.06920000,10.00000000,4.00000000,257.31921868,0.00000000,0.00000000,0,-253.31921868
0.06922000,10.00000000,4.00000000,255.32413584,0.00000000,0.00000000,0,-251.32413584
0.06924000,10.00000000,4.00000000,253.34452155,0.00000000,0.00000000,0,-249.34452155
0.06926000,10.00000000,4.00000000,251.38025588,0.00000000,0.00000000,0,-247.38025588
0.06928000,10.00000000,4.00000000,249.43121982,0.00000000,0.00000000,0,-245.43121982
0.06930000,10.00000000,4.00000000,247.49729530,0.00000000,0.00000000,0,-243.49729530
0.06932000,10.00000000,4.00000000,245.57836515,0.00000000,0.00000000,0,-241.57836515
0.06934000,10.00000000,4.00000000,243.67431311,0.00000000,0.00000000,0,-239.67431311
0.06936000,10.00000000,4.00000000,241.78502383,0.00000000,0.00000000,0,-237.78502383
0.06938000,10.00000000,4.00000000,239.91038285,0.00000000,0.00000000,0,-235.91038285
0.06940000,10.00000000,4.00000000,238.05027659,0.00000000,0.00000000,0,-234.05027659
0.06942000,10.00000000,4.00000000,236.20459237,0.00000000,0.00000000,0,-232.20459237
0.06944000,10.00000000,4.00000000,234.37321836,0.00000000,0.00000000,0,-230.37321836
0.06946000,10.00000000,4.00000000,232.55604361,0.00000000,0.00000000,0,-228.55604361
0.06948000,10.00000000,4.00000000,230.75295803,0.00000000,0.00000000,0,-226.75295803
0.06950000,10.00000000,4.00000000,228.96385239,0.00000000,0.00000000,0,-224.96385239
0.06952000,10.00000000,4.00000000,227.18861828,0.00000000,0.00000000,0,-223.18861828
0.06954000,10.00000000,4.00000000,225.42714816,0.00000000,0.00000000,0,-221.42714816
0.06956000,10.00000000,4.00000000,223.67933532,0.00000000,0.00000000,0,-219.67933532
0.06958000,10.00000000,4.00000000,221.94507386,0.00000000,0.00000000,0,-217.94507386
0.06960000,10.00000000,4.00000000,220.22425871,0.00000000,0.00000000,0,-216.22425871
0.06962000,10.00000000,4.00000000,218.51678563,0.00000000,0.00000000,0,-214.51678563
0.06964000,10.00000000,4.00000000,216.82255116,0.00000000,0.00000000,0,-212.82255116
0.06966000,10.00000000,4.00000000,215.14145266,0.00000000,0.00000000,0,-211.14145266
0.06968000,10.00000000,4.00000000,213.47338829,0.00000000,0.00000000,0,-209.47338829
0.06970000,10.00000000,4.00000000,211.81825699,0.00000000,0.00000000,0,-207.81825699
0.06972000,10.00000000,4.00000000,210.17595848,0.00000000,0.00000000,0,-206.17595848
0.06974000,10.00000000,4.00000000,208.54639326,0.00000000,0.00000000,0,-204.54639326
0.06976000,10.00000000,4.00000000,206.92946261,0.00000000,0.00000000,0,-202.92946261
0.06978000,10.00000000,4.00000000,205.32506857,0.00000000,0.00000000,0,-201.32506857
0.06980000,10.00000000,4.00000000,203.73311394,0.00000000,0.00000000,0,-199.73311394
0.06982000,10.00000000,4.00000000,202.15350228,0.00000000,0.00000000,0,-198.15350228
0.06984000,10.00000000,4.00000000,200.58613787,0.00000000,0.00000000,0,-196.58613787
0.06986000,10.00000000,4.00000000,199.03092577,0.00000000,0.00000000,0,-195.03092577
0.06988000,10.00000000,4.00000000,197.48777176,0.00000000,0.00000000,0,-193.48777176
0.06990000,10.00000000,4.00000000,195.95658234,0.00000000,0.00000000,0,-191.95658234
0.06992000,10.00000000,4.00000000,194.43726475,0.00000000,0.00000000,0,-190.43726475
0.06994000,10.00000000,4.00000000,192.92972694,0.00000000,0.00000000,0,-188.92972694
0.06996000,10.00000000,4.00000000,191.43387759,0.00000000,0.00000000,0,-187.43387759
0.06998000,10.00000000,4.00000000,189.94962605,0.00000000,0.00000000,0,-185.94962605
0.07000000,10.00000000,4.00000000,188.47688243,0.00000000,0.00000000,0,-184.47688243
0.07002000,10.00000000,4.00000000,187.01555748,0.00000000,0.00000000,0,-183.01555748
0.07004000,10.00000000,4.00000000,185.56556267,0.00000000,0.00000000,0,-181.56556267
0.07006000,10.00000000,4.00000000,184.12681017,0.00000000,0.00000000,0,-180.12681017
0.07008000,10.00000000,4.00000000,182.69921280,0.00000000,0.00000000,0,-178.69921280
0.07010000,10.00000000,4.00000000,181.28268408,0.00000000,0.00000000,0,-177.28268408
0.07012000,10.00000000,4.00000000,179.87713818,0.00000000,0.00000000,0,-175.87713818
0.07014000,10.00000000,4.00000000,178.48248995,0.00000000,0.00000000,0,-174.48248995
0.07016000,10.00000000,4.00000000,177.09865490,0.00000000,0.00000000,0,-173.09865490
0.07018000,10.00000000,4.00000000,175.72554920,0.00000000,0.00000000,0,-171.72554920
0.07020000,10.00000000,4.00000000,174.36308964,0.00000000,0.00000000,0,-170.36308964
0.07022000,10.00000000,4.00000000,173.01119370,0.00000000,0.00000000,0,-169.01119370
0.07024000,10.00000000,4.00000000,171.66977946,0.00000000,0.00000000,0,-167.66977946
0.07026000,10.00000000,4.00000000,170.33876565,0.00000000,0.00000000,0,-166.33876565
0.07028000,10.00000000,4.00000000,169.01807165,0.00000000,0.00000000,0,-165.01807165
0.07030000,10.00000000,4.00000000,167.70761744,0.00000000,0.00000000,0,-163.70761744
0.07032000,10.00000000,4.00000000,166.40732362,0.00000000,0.00000000,0,-162.40732362
0.07034000,10.00000000,4.00000000,165.11711141,0.00000000,0.00000000,0,-161.11711141
0.07036000,10.00000000,4.00000000,163.83690266,0.00000000,0.00000000,0,-159.83690266
0.07038000,10.00000000,4.00000000,162.56661980,0.00000000,0.00000000,0,-158.56661980
0.07040000,10.00000000,4.00000000,161.30618587,0.00000000,0.00000000,0,-157.30618587
0.07042000,10.00000000,4.00000000,160.05552451,0.00000000,0.00000000,0,-156.05552451
0.07044000,10.00000000,4.00000000,158.81455995,0.00000000,0.00000000,0,-154.81455995
0.07046000,10.00000000,4.00000000,157.58321701,0.00000000,0.00000000,0,-153.58321701
0.07048000,10.00000000,4.00000000,156.36142109,0.00000000,0.00000000,0,-152.36142109
0.07050000,10.00000000,4.00000000,155.14909816,0.00000000,0.00000000,0,-151.14909816
0.07052000,10.00000000,4.00000000,153.94617478,0.00000000,0.00000000,0,-149.94617478
0.07054000,10.00000000,4.00000000,152.75257808,0.00000000,0.00000000,0,-148.75257808
0.07056000,10.00000000,4.00000000,151.56823573,0.00000000,0.00000000,0,-147.56823573
0.07058000,10.00000000,4.00000000,150.39307599,0.00000000,0.00000000,0,-146.39307599
0.07060000,10.00000000,4.00000000,149.22702766,0.00000000,0.00000000,0,-145.22702766
0.07062000,10.00000000,4.00000000,148.07002009,0.00000000,0.00000000,0,-144.07002009
0.07064000,10.00000000,4.00000000,146.92198320,0.00000000,0.00000000,0,-142.92198320
0.07066000,10.00000000,4.00000000,145.78284742,0.00000000,0.00000000,0,-141.78284742
0.07068000,10.00000000,4.00000000,144.65254375,0.00000000,0.00000000,0,-140.65254375
0.07070000,10.00000000,4.00000000,143.53100371,0.00000000,0.00000000,0,-139.53100371
0.07072000,10.00000000,4.00000000,142.41815934,0.00000000,0.00000000,0,-138.41815934
0.07074000,10.00000000,4.00000000,141.31394323,0.00000000,0.00000000,0,-137.31394323
0.07076000,10.00000000,4.00000000,140.21828849,0.00000000,0.00000000,0,-136.21828849
0.07078000,10.00000000,4.00000000,139.13112872,0.00000000,0.00000000,0,-135.13112872
0.07080000,10.00000000,4.00000000,138.05239807,0.00000000,0.00000000,0,-134.05239807
0.07082000,10.00000000,4.00000000,136.98203119,0.00000000,0.00000000,0,-132.98203119
0.07084000,10.00000000,4.00000000,135.91996322,0.00000000,0.00000000,0,-131.91996322
0.07086000,10.00000000,4.00000000,134.86612982,0.00000000,0.00000000,0,-130.86612982
0.07088000,10.00000000,4.00000000,133.82046715,0.00000000,0.00000000,0,-129.82046715
0.07090000,10.00000000,4.00000000,132.78291185,0.00000000,0.00000000,0,-128.78291185
0.07092000,10.00000000,4.00000000,131.75340108,0.00000000,0.00000000,0,-127.75340108
0.07094000,10.00000000,4.00000000,130.73187244,0.00000000,0.00000000,0,-126.73187244
0.07096000,10.00000000,4.00000000,129.71826407,0.00000000,0.00000000,0,-125.71826407
0.07098000,10.00000000,4.00000000,128.71251454,0.00000000,0.00000000,0,-124.71251454
0.07100000,10.00000000,4.00000000,127.71456292,0.00000000,0.00000000,0,-123.71456292
0.07102000,10.00000000,4.00000000,126.72434877,0.00000000,0.00000000,0,-122.72434877
0.07104000,10.00000000,4.00000000,125.74181207,0.00000000,0.00000000,0,-121.74181207
0.07106000,10.00000000,4.00000000,124.76689332,0.00000000,0.00000000,0,-120.76689332
0.07108000,10.00000000,4.00000000,123.79953344,0.00000000,0.00000000,0,-119.79953344
0.07110000,10.00000000,4.00000000,122.83967383,0.00000000,0.00000000,0,-118.83967383
0.07112000,10.00000000,4.00000000,121.88725634,0.00000000,0.00000000,0,-117.88725634
0.07114000,10.00000000,4.00000000,120.94222326,0.00000000,0.00000000,0,-116.94222326
0.07116000,10.00000000,4.00000000,120.00451734,0.00000000,0.00000000,0,-116.00451734
0.07118000,10.00000000,4.00000000,119.07408177,0.00000000,0.00000000,0,-115.07408177
0.07120000,10.00000000,4.00000000,118.15086018,0.00000000,0.00000000,0,-114.15086018
0.07122000,10.00000000,4.00000000,117.23479665,0.00000000,0.00000000,0,-113.23479665
0.07124000,10.00000000,4.00000000,116.32583566,0.00000000,0.00000000,0,-112.32583566
0.07126000,10.00000000,4.00000000,115.42392215,0.00000000,0.00000000,0,-111.42392215
0.07128000,10.00000000,4.00000000,114.52900149,0.00000000,0.00000000,0,-110.52900149
0.07130000,10.00000000,4.00000000,113.64101944,0.00000000,0.00000000,0,-109.64101944
0.07132000,10.00000000,4.00000000,112.75992222,0.00000000,0.00000000,0,-108.75992222
0.07134000,10.00000000,4.00000000,111.88565645,0.00000000,0.00000000,0,-107.88565645
0.07136000,10.00000000,4.00000000,111.01816915,0.00000000,0.00000000,0,-107.01816915
0.07138000,10.00000000,4.00000000,110.15740778,0.00000000,0.00000000,0,-106.15740778
0.07140000,10.00000000,4.00000000,109.30332017,0.00000000,0.00000000,0,-105.30332017
0.07142000,10.00000000,4.00000000,108.45585460,0.00000000,0.00000000,0,-104.45585460
0.07144000,10.00000000,4.00000000,107.61495972,0.00000000,0.00000000,0,-103.61495972
0.07146000,10.00000000,4.00000000,106.78058458,0.00000000,0.00000000,0,-102.78058458
0.07148000,10.00000000,4.00000000,105.95267863,0.00000000,0.00000000,0,-101.95267863
0.07150000,10.00000000,4.00000000,105.13119171,0.00000000,0.00000000,0,-101.13119171
0.07152000,10.00000000,4.00000000,104.31607406,0.00000000,0.00000000,0,-100.31607406
0.07154000,10.00000000,4.00000000,103.50727630,0.00000000,0.00000000,0,-99.50727630
0.07156000,10.00000000,4.00000000,102.70474941,0.00000000,0.00000000,0,-98.70474941
0.07158000,10.00000000,4.00000000,101.90844479,0.00000000,0.00000000,0,-97.90844479
0.07160000,10.00000000,4.00000000,101.11831418,0.00000000,0.00000000,0,-97.11831418
0.07162000,10.00000000,4.00000000,100.33430973,0.00000000,0.00000000,0,-96.33430973
0.07164000,10.00000000,4.00000000,99.55638393,0.00000000,0.00000000,0,-95.55638393
0.07166000,10.00000000,4.00000000,98.78448965,0.00000000,0.00000000,0,-94.78448965
0.07168000,10.00000000,4.00000000,98.01858012,0.00000000,0.00000000,0,-94.01858012
0.07170000,10.00000000,4.00000000,97.25860895,0.00000000,0.00000000,0,-93.25860895
0.07172000,10.00000000,4.00000000,96.50453010,0.00000000,0.00000000,0,-92.50453010
0.07174000,10.00000000,4.00000000,95.75629787,0.00000000,0.00000000,0,-91.75629787
0.07176000,10.00000000,4.00000000,95.01386694,0.00000000,0.00000000,0,-91.01386694
0.07178000,10.00000000,4.00000000,94.27719233,0.00000000,0.00000000,0,-90.27719233
0.07180000,10.00000000,4.00000000,93.54622940,0.00000000,0.00000000,0,-89.54622940
0.07182000,10.00000000,4.00000000,92.82093388,0.00000000,0.00000000,0,-88.82093388
0.07184000,10.00000000,4.00000000,92.10126182,0.00000000,0.00000000,0,-88.10126182
0.07186000,10.00000000,4.00000000,91.38716962,0.00000000,0.00000000,0,-87.38716962
0.07188000,10.00000000,4.00000000,90.67861401,0.00000000,0.00000000,0,-86.67861401
0.07190000,10.00000000,4.00000000,89.97555208,0.00000000,0.00000000,0,-85.97555208
0.07192000,10.00000000,4.00000000,89.27794123,0.00000000,0.00000000,0,-85.27794123
0.07194000,10.00000000,4.00000000,88.58573919,0.00000000,0.00000000,0,-84.58573919
0.07196000,10.00000000,4.00000000,87.89890402,0.00000000,0.00000000,0,-83.89890402
0.07198000,10.00000000,4.00000000,87.21739412,0.00000000,0.00000000,0,-83.21739412
0.07200000,10.00000000,4.00000000,86.54116819,0.00000000,0.00000000,0,-82.54116819
0.07202000,10.00000000,4.00000000,85.87018528,0.00000000,0.00000000,0,-81.87018528
0.07204000,10.00000000,4.00000000,85.20440472,0.00000000,0.00000000,0,-81.20440472
0.07206000,10.00000000,4.00000000,84.54378618,0.00000000,0.00000000,0,-80.54378618
0.07208000,10.00000000,4.00000000,83.88828964,0.00000000,0.00000000,0,-79.88828964
0.07210000,10.00000000,4.00000000,83.23787539,0.00000000,0.00000000,0,-79.23787539
0.07212000,10.00000000,4.00000000,82.59250402,0.00000000,0.00000000,0,-78.59250402
0.07214000,10.00000000,4.00000000,81.95213643,0.00000000,0.00000000,0,-77.95213643
0.07216000,10.00000000,4.00000000,81.31673383,0.00000000,0.00000000,0,-77.31673383
0.07218000,10.00000000,4.00000000,80.68625772,0.00000000,0.00000000,0,-76.68625772
0.07220000,10.00000000,4.00000000,80.06066990,0.00000000,0.00000000,0,-76.06066990
0.07222000,10.00000000,4.00000000,79.43993247,0.00000000,0.00000000,0,-75.43993247
0.07224000,10.00000000,4.00000000,78.82400784,0.00000000,0.00000000,0,-74.82400784
0.07226000,10.00000000,4.00000000,78.21285867,0.00000000,0.00000000,0,-74.21285867
0.07228000,10.00000000,4.00000000,77.60644795,0.00000000,0.00000000,0,-73.60644795
0.07230000,10.00000000,4.00000000,77.00473894,0.00000000,0.00000000,0,-73.00473894
0.07232000,10.00000000,4.00000000,76.40769518,0.00000000,0.00000000,0,-72.40769518
0.07234000,10.00000000,4.00000000,75.81528051,0.00000000,0.00000000,0,-71.81528051
0.07236000,10.00000000,4.00000000,75.22745902,0.00000000,0.00000000,0,-71.22745902
0.07238000,10.00000000,4.00000000,74.64419512,0.00000000,0.00000000,0,-70.64419512
0.07240000,10.00000000,4.00000000,74.06545345,0.00000000,0.00000000,0,-70.06545345
0.07242000,10.00000000,4.00000000,73.49119897,0.00000000,0.00000000,0,-69.49119897
0.07244000,10.00000000,4.00000000,72.92139687,0.00000000,0.00000000,0,-68.92139687
0.07246000,10.00000000,4.00000000,72.35601264,0.00000000,0.00000000,0,-68.35601264
0.07248000,10.00000000,4.00000000,71.79501203,0.00000000,0.00000000,0,-67.79501203
0.07250000,10.00000000,4.00000000,71.23836105,0.00000000,0.00000000,0,-67.23836105
0.07252000,10.00000000,4.00000000,70.68602596,0.00000000,0.00000000,0,-66.68602596
0.07254000,10.00000000,4.00000000,70.13797332,0.00000000,0.00000000,0,-66.13797332
0.07256000,10.00000000,4.00000000,69.59416992,0.00000000,0.00000000,0,-65.59416992
0.07258000,10.00000000,4.00000000,69.05458280,0.00000000,0.00000000,0,-65.05458280
0.07260000,10.00000000,4.00000000,68.51917929,0.00000000,0.00000000,0,-64.51917929
0.07262000,10.00000000,4.00000000,67.98792695,0.00000000,0.00000000,0,-63.98792695
0.07264000,10.00000000,4.00000000,67.46079358,0.00000000,0.00000000,0,-63.46079358
0.07266000,10.00000000,4.00000000,66.93774725,0.00000000,0.00000000,0,-62.93774725
0.07268000,10.00000000,4.00000000,66.41875628,0.00000000,0.00000000,0,-62.41875628
0.07270000,10.00000000,4.00000000,65.90378922,0.00000000,0.00000000,0,-61.90378922
0.07272000,10.00000000,4.00000000,65.39281488,0.00000000,0.00000000,0,-61.39281488
0.07274000,10.00000000,4.00000000,64.88580229,0.00000000,0.00000000,0,-60.88580229
0.07276000,10.00000000,4.00000000,64.38272074,0.00000000,0.00000000,0,-60.38272074
0.07278000,10.00000000,4.00000000,63.88353976,0.00000000,0.00000000,0,-59.88353976
0.07280000,10.00000000,4.00000000,63.38822909,0.00000000,0.00000000,0,-59.38822909
0.07282000,10.00000000,4.00000000,62.89675873,0.00000000,0.00000000,0,-58.89675873
0.07284000,10.00000000,4.00000000,62.40909891,0.00000000,0.00000000,0,-58.40909891
0.07286000,10.00000000,4.00000000,61.92522008,0.00000000,0.00000000,0,-57.92522008
0.07288000,10.00000000,4.00000000,61.44509293,0.00000000,0.00000000,0,-57.44509293
0.07290000,10.00000000,4.00000000,60.96868836,0.00000000,0.00000000,0,-56.96868836
0.07292000,10.00000000,4.00000000,60.49597752,0.00000000,0.00000000,0,-56.49597752
0.07294000,10.00000000,4.00000000,60.02693177,0.00000000,0.00000000,0,-56.02693177
0.07296000,10.00000000,4.00000000,59.56152269,0.00000000,0.00000000,0,-55.56152269
0.07298000,10.00000000,4.00000000,59.09972208,0.00000000,0.00000000,0,-55.09972208
0.07300000,10.00000000,4.00000000,58.64150196,0.00000000,0.00000000,0,-54.64150196
0.07302000,10.00000000,4.00000000,58.18683459,0.00000000,0.00000000,0,-54.18683459
0.07304000,10.00000000,4.00000000,57.73569240,0.00000000,0.00000000,0,-53.73569240
0.07306000,10.00000000,4.00000000,57.28804807,0.00000000,0.00000000,0,-53.28804807
0.07308000,10.00000000,4.00000000,56.84387447,0.00000000,0.00000000,0,-52.84387447
0.07310000,10.00000000,4.00000000,56.40314471,0.00000000,0.00000000,0,-52.40314471
0.07312000,10.00000000,4.00000000,55.96583207,0.00000000,0.00000000,0,-51.96583207
0.07314000,10.00000000,4.00000000,55.53191007,0.00000000,0.00000000,0,-51.53191007
0.07316000,10.00000000,4.00000000,55.10135241,0.00000000,0.00000000,0,-51.10135241
0.07318000,10.00000000,4.00000000,54.67413300,0.00000000,0.00000000,0,-50.67413300
0.07320000,10.00000000,4.00000000,54.25022598,0.00000000,0.00000000,0,-50.25022598
0.07322000,10.00000000,4.00000000,53.82960565,0.00000000,0.00000000,0,-49.82960565
0.07324000,10.00000000,4.00000000,53.41224653,0.00000000,0.00000000,0,-49.41224653
0.07326000,10.00000000,4.00000000,52.99812333,0.00000000,0.00000000,0,-48.99812333
0.07328000,10.00000000,4.00000000,52.58721098,0.00000000,0.00000000,0,-48.58721098
0.07330000,10.00000000,4.00000000,52.17948456,0.00000000,0.00000000,0,-48.17948456
0.07332000,10.00000000,4.00000000,51.77491939,0.00000000,0.00000000,0,-47.77491939
0.07334000,10.00000000,4.00000000,51.37349095,0.00000000,0.00000000,0,-47.37349095
0.07336000,10.00000000,4.00000000,50.97517491,0.00000000,0.00000000,0,-46.97517491
0.07338000,10.00000000,4.00000000,50.57994716,0.00000000,0.00000000,0,-46.57994716
0.07340000,10.00000000,4.00000000,50.18778374,0.00000000,0.00000000,0,-46.18778374
0.07342000,10.00000000,4.00000000,49.79866090,0.00000000,0.00000000,0,-45.79866090
0.07344000,10.00000000,4.00000000,49.41255505,0.00000000,0.00000000,0,-45.41255505
0.07346000,10.00000000,4.00000000,49.02944282,0.00000000,0.00000000,0,-45.02944282
0.07348000,10.00000000,4.00000000,48.64930098,0.00000000,0.00000000,0,-44.64930098
0.07350000,10.00000000,4.00000000,48.27210652,0.00000000,0.00000000,0,-44.27210652
0.07352000,10.00000000,4.00000000,47.89783657,0.00000000,0.00000000,0,-43.89783657
0.07354000,10.00000000,4.00000000,47.52646846,0.00000000,0.00000000,0,-43.52646846
0.07356000,10.00000000,4.00000000,47.15797969,0.00000000,0.00000000,0,-43.15797969
0.07358000,10.00000000,4.00000000,46.79234794,0.00000000,0.00000000,0,-42.79234794
0.07360000,10.00000000,4.00000000,46.42955105,0.00000000,0.00000000,0,-42.42955105
0.07362000,10.00000000,4.00000000,46.06956706,0.00000000,0.00000000,0,-42.06956706
0.07364000,10.00000000,4.00000000,45.71237414,0.00000000,0.00000000,0,-41.71237414
0.07366000,10.00000000,4.00000000,45.35795066,0.00000000,0.00000000,0,-41.35795066
0.07368000,10.00000000,4.00000000,45.00627514,0.00000000,0.00000000,0,-41.00627514
0.07370000,10.00000000,4.00000000,44.65732628,0.00000000,0.00000000,0,-40.65732628
0.07372000,10.00000000,4.00000000,44.31108295,0.00000000,0.00000000,0,-40.31108295
0.07374000,10.00000000,4.00000000,43.96752415,0.00000000,0.00000000,0,-39.96752415
0.07376000,10.00000000,4.00000000,43.62662908,0.00000000,0.00000000,0,-39.62662908
0.07378000,10.00000000,4.00000000,43.28837708,0.00000000,0.00000000,0,-39.28837708
0.07380000,10.00000000,4.00000000,42.95274767,0.00000000,0.00000000,0,-38.95274767
0.07382000,10.00000000,4.00000000,42.61972051,0.00000000,0.00000000,0,-38.61972051
0.07384000,10.00000000,4.00000000,42.28927541,0.00000000,0.00000000,0,-38.28927541
0.07386000,10.00000000,4.00000000,41.96139237,0.00000000,0.00000000,0,-37.96139237
0.07388000,10.00000000,4.00000000,41.63605152,0.00000000,0.00000000,0,-37.63605152
0.07390000,10.00000000,4.00000000,41.31323314,0.00000000,0.00000000,0,-37.31323314
0.07392000,10.00000000,4.00000000,40.99291769,0.00000000,0.00000000,0,-36.99291769
0.07394000,10.00000000,4.00000000,40.67508575,0.00000000,0.00000000,0,-36.67508575
0.07396000,10.00000000,4.00000000,40.35971807,0.00000000,0.00000000,0,-36.35971807
0.07398000,10.00000000,4.00000000,40.04679554,0.00000000,0.00000000,0,-36.04679554
0.07400000,10.00000000,4.00000000,39.73629920,0.00000000,0.00000000,0,-35.73629920
0.07402000,10.00000000,4.00000000,39.42821025,0.00000000,0.00000000,0,-35.42821025
0.07404000,10.00000000,4.00000000,39.12251001,0.00000000,0.00000000,0,-35.12251001
0.07406000,10.00000000,4.00000000,38.81917997,0.00000000,0.00000000,0,-34.81917997
0.07408000,10.00000000,4.00000000,38.51820175,0.00000000,0.00000000,0,-34.51820175
0.07410000,10.00000000,4.00000000,38.21955712,0.00000000,0.00000000,0,-34.21955712
0.07412000,10.00000000,4.00000000,37.92322798,0.00000000,0.00000000,0,-33.92322798
0.07414000,10.00000000,4.00000000,37.62919638,0.00000000,0.00000000,0,-33.62919638
0.07416000,10.00000000,4.00000000,37.33744451,0.00000000,0.00000000,0,-33.33744451
0.07418000,10.00000000,4.00000000,37.04795469,0.00000000,0.00000000,0,-33.04795469
0.07420000,10.00000000,4.00000000,36.76070938,0.00000000,0.00000000,0,-32.76070938
0.07422000,10.00000000,4.00000000,36.47569118,0.00000000,0.00000000,0,-32.47569118
0.07424000,10.00000000,4.00000000,36.19288282,0.00000000,0.00000000,0,-32.19288282
0.07426000,10.00000000,4.00000000,35.91226717,0.00000000,0.00000000,0,-31.91226717
0.07428000,10.00000000,4.00000000,35.63382723,0.00000000,0.00000000,0,-31.63382723
0.07430000,10.00000000,4.00000000,35.35754613,0.00000000,0.00000000,0,-31.35754613
0.07432000,10.00000000,4.00000000,35.08340713,0.00000000,0.00000000,0,-31.08340713
0.07434000,10.00000000,4.00000000,34.81139362,0.00000000,0.00000000,0,-30.81139362
0.07436000,10.00000000,4.00000000,34.54148912,0.00000000,0.00000000,0,-30.54148912
0.07438000,10.00000000,4.00000000,34.27367729,0.00000000,0.00000000,0,-30.27367729
0.07440000,10.00000000,4.00000000,34.00794189,0.00000000,0.00000000,0,-30.00794189
0.07442000,10.00000000,4.00000000,33.74426682,0.00000000,0.00000000,0,-29.74426682
0.07444000,10.00000000,4.00000000,33.48263612,0.00000000,0.00000000,0,-29.48263612
0.07446000,10.00000000,4.00000000,33.22303393,0.00000000,0.00000000,0,-29.22303393
0.07448000,10.00000000,4.00000000,32.96544452,0.00000000,0.00000000,0,-28.96544452
0.07450000,10.00000000,4.00000000,32.70985229,0.00000000,0.00000000,0,-28.70985229
0.07452000,10.00000000,4.00000000,32.45624176,0.00000000,0.00000000,0,-28.45624176
0.07454000,10.00000000,4.00000000,32.20459755,0.00000000,0.00000000,0,-28.20459755
0.07456000,10.00000000,4.00000000,31.95490442,0.00000000,0.00000000,0,-27.95490442
0.07458000,10.00000000,4.00000000,31.70714725,0.00000000,0.00000000,0,-27.70714725
0.07460000,10.00000000,4.00000000,31.46131103,0.00000000,0.00000000,0,-27.46131103
0.07462000,10.00000000,4.00000000,31.21738085,0.00000000,0.00000000,0,-27.21738085
0.07464000,10.00000000,4.00000000,30.97534195,0.00000000,0.00000000,0,-26.97534195
0.07466000,10.00000000,4.00000000,30.73517966,0.00000000,0.00000000,0,-26.73517966
0.07468000,10.00000000,4.00000000,30.49687943,0.00000000,0.00000000,0,-26.49687943
0.07470000,10.00000000,4.00000000,30.26042682,0.00000000,0.00000000,0,-26.26042682
0.07472000,10.00000000,4.00000000,30.02580751,0.00000000,0.00000000,0,-26.02580751
0.07474000,10.00000000,4.00000000,29.79300728,0.00000000,0.00000000,0,-25.79300728
0.07476000,10.00000000,4.00000000,29.56201202,0.00000000,0.00000000,0,-25.56201202
0.07478000,10.00000000,4.00000000,29.33280776,0.00000000,0.00000000,0,-25.33280776
0.07480000,10.00000000,4.00000000,29.10538059,0.00000000,0.00000000,0,-25.10538059
0.07482000,10.00000000,4.00000000,28.87971674,0.00000000,0.00000000,0,-24.87971674
0.07484000,10.00000000,4.00000000,28.65580254,0.00000000,0.00000000,0,-24.65580254
0.07486000,10.00000000,4.00000000,28.43362442,0.00000000,0.00000000,0,-24.43362442
0.07488000,10.00000000,4.00000000,28.21316892,0.00000000,0.00000000,0,-24.21316892
0.07490000,10.00000000,4.00000000,27.99442269,0.00000000,0.00000000,0,-23.99442269
0.07492000,10.00000000,4.00000000,27.77737247,0.00000000,0.00000000,0,-23.77737247
0.07494000,10.00000000,4.00000000,27.56200512,0.00000000,0.00000000,0,-23.56200512
0.07496000,10.00000000,4.00000000,27.34830758,0.00000000,0.00000000,0,-23.34830758
0.07498000,10.00000000,4.00000000,27.13626691,0.00000000,0.00000000,0,-23.13626691
0.07500000,10.00000000,4.00000000,26.92587027,0.00000000,0.00000000,0,-22.92587027
0.07502000,10.00000000,4.00000000,26.71710490,0.00000000,0.00000000,0,-22.71710490
0.07504000,10.00000000,4.00000000,26.50995816,0.00000000,0.00000000,0,-22.50995816
0.07506000,10.00000000,4.00000000,26.30441749,0.00000000,0.00000000,0,-22.30441749
0.07508000,10.00000000,4.00000000,26.10047046,0.00000000,0.00000000,0,-22.10047046
0.07510000,10.00000000,4.00000000,25.89810469,0.00000000,0.00000000,0,-21.89810469
0.07512000,10.00000000,4.00000000,25.69730794,0.00000000,0.00000000,0,-21.69730794
0.07514000,10.00000000,4.00000000,25.49806803,0.00000000,0.00000000,0,-21.49806803
0.07516000,10.00000000,4.00000000,25.30037289,0.00000000,0.00000000,0,-21.30037289
0.07518000,10.00000000,4.00000000,25.10421055,0.00000000,0.00000000,0,-21.10421055
0.07520000,10.00000000,4.00000000,24.90956912,0.00000000,0.00000000,0,-20.90956912
0.07522000,10.00000000,4.00000000,24.71643682,0.00000000,0.00000000,0,-20.71643682
0.07524000,10.00000000,4.00000000,24.52480193,0.00000000,0.00000000,0,-20.52480193
0.07526000,10.00000000,4.00000000,24.33465286,0.00000000,0.00000000,0,-20.33465286
0.07528000,10.00000000,4.00000000,24.14597807,0.00000000,0.00000000,0,-20.14597807
0.07530000,10.00000000,4.00000000,23.95876615,0.00000000,0.00000000,0,-19.95876615
0.07532000,10.00000000,4.00000000,23.77300574,0.00000000,0.00000000,0,-19.77300574
0.07534000,10.00000000,4.00000000,23.58868559,0.00000000,0.00000000,0,-19.58868559
0.07536000,10.00000000,4.00000000,23.40579454,0.00000000,0.00000000,0,-19.40579454
0.07538000,10.00000000,4.00000000,23.22432151,0.00000000,0.00000000,0,-19.22432151
0.07540000,10.00000000,4.00000000,23.04425550,0.00000000,0.00000000,0,-19.04425550
0.07542000,10.00000000,4.00000000,22.86558560,0.00000000,0.00000000,0,-18.86558560
0.07544000,10.00000000,4.00000000,22.68830099,0.00000000,0.00000000,0,-18.68830099
0.07546000,10.00000000,4.00000000,22.51239092,0.00000000,0.00000000,0,-18.51239092
0.07548000,10.00000000,4.00000000,22.33784475,0.00000000,0.00000000,0,-18.33784475
0.07550000,10.00000000,4.00000000,22.16465189,0.00000000,0.00000000,0,-18.16465189
0.07552000,10.00000000,4.00000000,21.99280186,0.00000000,0.00000000,0,-17.99280186
0.07554000,10.00000000,4.00000000,21.82228424,0.00000000,0.00000000,0,-17.82228424
0.07556000,10.00000000,4.00000000,21.65308869,0.00000000,0.00000000,0,-17.65308869
0.07558000,10.00000000,4.00000000,21.48520498,0.00000000,0.00000000,0,-17.48520498
0.07560000,10.00000000,4.00000000,21.31862293,0.00000000,0.00000000,0,-17.31862293
0.07562000,10.00000000,4.00000000,21.15333244,0.00000000,0.00000000,0,-17.15333244
0.07564000,10.00000000,4.00000000,20.98932351,0.00000000,0.00000000,0,-16.98932351
0.07566000,10.00000000,4.00000000,20.82658619,0.00000000,0.00000000,0,-16.82658619
0.07568000,10.00000000,4.00000000,20.66511063,0.00000000,0.00000000,0,-16.66511063
0.07570000,10.00000000,4.00000000,20.50488705,0.00000000,0.00000000,0,-16.50488705
0.07572000,10.00000000,4.00000000,20.34590573,0.00000000,0.00000000,0,-16.34590573
0.07574000,10.00000000,4.00000000,20.18815705,0.00000000,0.00000000,0,-16.18815705
0.07576000,10.00000000,4.00000000,20.03163145,0.00000000,0.00000000,0,-16.03163145
0.07578000,10.00000000,4.00000000,19.87631944,0.00000000,0.00000000,0,-15.87631944
0.07580000,10.00000000,4.00000000,19.72221162,0.00000000,0.00000000,0,-15.72221162
0.07582000,10.00000000,4.00000000,19.56929865,0.00000000,0.00000000,0,-15.56929865
0.07584000,10.00000000,4.00000000,19.41757126,0.00000000,0.00000000,0,-15.41757126
0.07586000,10.00000000,4.00000000,19.26702027,0.00000000,0.00000000,0,-15.26702027
0.07588000,10.00000000,4.00000000,19.11763656,0.00000000,0.00000000,0,-15.11763656
0.07590000,10.00000000,4.00000000,18.96941106,0.00000000,0.00000000,0,-14.96941106
0.07592000,10.00000000,4.00000000,18.82233481,0.00000000,0.00000000,0,-14.82233481
0.07594000,10.00000000,4.00000000,18.67639889,0.00000000,0.00000000,0,-14.67639889
0.07596000,10.00000000,4.00000000,18.53159446,0.00000000,0.00000000,0,-14.53159446
0.07598000,10.00000000,4.00000000,18.38791274,0.00000000,0.00000000,0,-14.38791274
0.07600000,10.00000000,4.00000000,18.24534504,0.00000000,0.00000000,0,-14.24534504
0.07602000,10.00000000,4.00000000,18.10388272,0.00000000,0.00000000,0,-14.10388272
0.07604000,10.00000000,4.00000000,17.96351720,0.00000000,0.00000000,0,-13.96351720
0.07606000,10.00000000,4.00000000,17.82423998,0.00000000,0.00000000,0,-13.82423998
0.07608000,10.00000000,4.00000000,17.68604263,0.00000000,0.00000000,0,-13.68604263
0.07610000,10.00000000,4.00000000,17.54891676,0.00000000,0.00000000,0,-13.54891676
0.07612000,10.00000000,4.00000000,17.41285408,0.00000000,0.00000000,0,-13.41285408
0.07614000,10.00000000,4.00000000,17.27784634,0.00000000,0.00000000,0,-13.27784634
0.07616000,10.00000000,4.00000000,17.14388536,0.00000000,0.00000000,0,-13.14388536
0.07618000,10.00000000,4.00000000,17.01096302,0.00000000,0.00000000,0,-13.01096302
0.07620000,10.00000000,4.00000000,16.87907128,0.00000000,0.00000000,0,-12.87907128
0.07622000,10.00000000,4.00000000,16.74820214,0.00000000,0.00000000,0,-12.74820214
0.07624000,10.00000000,4.00000000,16.61834767,0.00000000,0.00000000,0,-12.61834767
0.07626000,10.00000000,4.00000000,16.48950000,0.00000000,0.00000000,0,-12.48950000
0.07628000,10.00000000,4.00000000,16.36165134,0.00000000,0.00000000,0,-12.36165134
0.07630000,10.00000000,4.00000000,16.23479393,0.00000000,0.00000000,0,-12.23479393
0.07632000,10.00000000,4.00000000,16.10892009,0.00000000,0.00000000,0,-12.10892009
0.07634000,10.00000000,4.00000000,15.98402219,0.00000000,0.00000000,0,-11.98402219
0.07636000,10.00000000,4.00000000,15.86009266,0.00000000,0.00000000,0,-11.86009266
0.07638000,10.00000000,4.00000000,15.73712400,0.00000000,0.00000000,0,-11.73712400
0.07640000,10.00000000,4.00000000,15.61510876,0.00000000,0.00000000,0,-11.61510876
0.07642000,10.00000000,4.00000000,15.49403955,0.00000000,0.00000000,0,-11.49403955
0.07644000,10.00000000,4.00000000,15.37390903,0.00000000,0.00000000,0,-11.37390903
0.07646000,10.00000000,4.00000000,15.25470992,0.00000000,0.00000000,0,-11.25470992
0.07648000,10.00000000,4.00000000,15.13643500,0.00000000,0.00000000,0,-11.13643500
0.07650000,10.00000000,4.00000000,15.01907710,0.00000000,0.00000000,0,-11.01907710
0.07652000,10.00000000,4.00000000,14.90262912,0.00000000,0.00000000,0,-10.90262912
0.07654000,10.00000000,4.00000000,14.78708400,0.00000000,0.00000000,0,-10.78708400
0.07656000,10.00000000,4.00000000,14.67243475,0.00000000,0.00000000,0,-10.67243475
0.07658000,10.00000000,4.00000000,14.55867440,0.00000000,0.00000000,0,-10.55867440
0.07660000,10.00000000,4.00000000,14.44579608,0.00000000,0.00000000,0,-10.44579608
0.07662000,10.00000000,4.00000000,14.33379294,0.00000000,0.00000000,0,-10.33379294
0.07664000,10.00000000,4.00000000,14.22265820,0.00000000,0.00000000,0,-10.22265820
0.07666000,10.00000000,4.00000000,14.11238513,0.00000000,0.00000000,0,-10.11238513
0.07668000,10.00000000,4.00000000,14.00296704,0.00000000,0.00000000,0,-10.00296704
0.07670000,10.00000000,4.00000000,13.89439730,0.00000000,0.00000000,0,-9.89439730
0.07672000,10.00000000,4.00000000,13.78666935,0.00000000,0.00000000,0,-9.78666935
0.07674000,10.00000000,4.00000000,13.67977664,0.00000000,0.00000000,0,-9.67977664
0.07676000,10.00000000,4.00000000,13.57371271,0.00000000,0.00000000,0,-9.57371271
0.07678000,10.00000000,4.00000000,13.46847113,0.00000000,0.00000000,0,-9.46847113
0.07680000,10.00000000,4.00000000,13.36404552,0.00000000,0.00000000,0,-9.36404552
0.07682000,10.00000000,4.00000000,13.26042956,0.00000000,0.00000000,0,-9.26042956
0.07684000,10.00000000,4.00000000,13.15761697,0.00000000,0.00000000,0,-9.15761697
0.07686000,10.00000000,4.00000000,13.05560152,0.00000000,0.00000000,0,-9.05560152
0.07688000,10.00000000,4.00000000,12.95437703,0.00000000,0.00000000,0,-8.95437703
0.07690000,10.00000000,4.00000000,12.85393737,0.00000000,0.00000000,0,-8.85393737
0.07692000,10.00000000,4.00000000,12.75427645,0.00000000,0.00000000,0,-8.75427645
0.07694000,10.00000000,4.00000000,12.65538824,0.00000000,0.00000000,0,-8.65538824
0.07696000,10.00000000,4.00000000,12.55726674,0.00000000,0.00000000,0,-8.55726674
0.07698000,10.00000000,4.00000000,12.45990600,0.00000000,0.00000000,0,-8.45990600
0.07700000,10.00000000,4.00000000,12.36330014,0.00000000,0.00000000,0,-8.36330014
0.07702000,10.00000000,4.00000000,12.26744330,0.00000000,0.00000000,0,-8.26744330
0.07704000,10.00000000,4.00000000,12.17232967,0.00000000,0.00000000,0,-8.17232967
0.07706000,10.00000000,4.00000000,12.07795348,0.00000000,0.00000000,0,-8.07795348
0.07708000,10.00000000,4.00000000,11.98430903,0.00000000,0.00000000,0,-7.98430903
0.07710000,10.00000000,4.00000000,11.89139063,0.00000000,0.00000000,0,-7.89139063
0.07712000,10.00000000,4.00000000,11.79919266,0.00000000,0.00000000,0,-7.79919266
0.07714000,10.00000000,4.00000000,11.70770954,0.00000000,0.00000000,0,-7.70770954
0.07716000,10.00000000,4.00000000,11.61693571,0.00000000,0.00000000,0,-7.61693571
0.07718000,10.00000000,4.00000000,11.52686568,0.00000000,0.00000000,0,-7.52686568
0.07720000,10.00000000,4.00000000,11.43749400,0.00000000,0.00000000,0,-7.43749400
0.07722000,10.00000000,4.00000000,11.34881524,0.00000000,0.00000000,0,-7.34881524
0.07724000,10.00000000,4.00000000,11.26082404,0.00000000,0.00000000,0,-7.26082404
0.07726000,10.00000000,4.00000000,11.17351507,0.00000000,0.00000000,0,-7.17351507
0.07728000,10.00000000,4.00000000,11.08688303,0.00000000,0.00000000,0,-7.08688303
0.07730000,10.00000000,4.00000000,11.00092268,0.00000000,0.00000000,0,-7.00092268
0.07732000,10.00000000,4.00000000,10.91562881,0.00000000,0.00000000,0,-6.91562881
0.07734000,10.00000000,4.00000000,10.83099625,0.00000000,0.00000000,0,-6.83099625
0.07736000,10.00000000,4.00000000,10.74701988,0.00000000,0.00000000,0,-6.74701988
0.07738000,10.00000000,4.00000000,10.66369460,0.00000000,0.00000000,0,-6.66369460
0.07740000,10.00000000,4.00000000,10.58101538,0.00000000,0.00000000,0,-6.58101538
0.07742000,10.00000000,4.00000000,10.49897719,0.00000000,0.00000000,0,-6.49897719
0.07744000,10.00000000,4.00000000,10.41757507,0.00000000,0.00000000,0,-6.41757507
0.07746000,10.00000000,4.00000000,10.33680409,0.00000000,0.00000000,0,-6.33680409
0.07748000,10.00000000,4.00000000,10.25665936,0.00000000,0.00000000,0,-6.25665936
0.07750000,10.00000000,4.00000000,10.17713601,0.00000000,0.00000000,0,-6.17713601
0.07752000,10.00000000,4.00000000,10.09822924,0.00000000,0.00000000,0,-6.09822924
0.07754000,10.00000000,4.00000000,10.01993425,0.00000000,0.00000000,0,-6.01993425
0.07756000,10.00000000,4.00000000,9.94224632,0.00000000,0.00000000,0,-5.94224632
0.07758000,10.00000000,4.00000000,9.86516072,0.00000000,0.00000000,0,-5.86516072
0.07760000,10.00000000,4.00000000,9.78867280,0.00000000,0.00000000,0,-5.78867280
0.07762000,10.00000000,4.00000000,9.71277791,0.00000000,0.00000000,0,-5.71277791
0.07764000,10.00000000,4.00000000,9.63747146,0.00000000,0.00000000,0,-5.63747146
0.07766000,10.00000000,4.00000000,9.56274889,0.00000000,0.00000000,0,-5.56274889
0.07768000,10.00000000,4.00000000,9.48860567,0.00000000,0.00000000,0,-5.48860567
0.07770000,10.00000000,4.00000000,9.41503730,0.00000000,0.00000000,0,-5.41503730
0.07772000,10.00000000,4.00000000,9.34203934,0.00000000,0.00000000,0,-5.34203934
0.07774000,10.00000000,4.00000000,9.26960735,0.00000000,0.00000000,0,-5.26960735
0.07776000,10.00000000,4.00000000,9.19773695,0.00000000,0.00000000,0,-5.19773695
0.07778000,10.00000000,4.00000000,9.12642379,0.00000000,0.00000000,0,-5.12642379
0.07780000,10.00000000,4.00000000,9.05566354,0.00000000,0.00000000,0,-5.05566354
0.07782000,10.00000000,4.00000000,8.98545192,0.00000000,0.00000000,0,-4.98545192
0.07784000,10.00000000,4.00000000,8.91578468,0.00000000,0.00000000,0,-4.91578468
0.07786000,10.00000000,4.00000000,8.84665759,0.00000000,0.00000000,0,-4.84665759
0.07788000,10.00000000,4.00000000,8.77806646,0.00000000,0.00000000,0,-4.77806646
0.07790000,10.00000000,4.00000000,8.71000715,0.00000000,0.00000000,0,-4.71000715
0.07792000,10.00000000,4.00000000,8.64247552,0.00000000,0.00000000,0,-4.64247552
0.07794000,10.00000000,4.00000000,8.57546749,0.00000000,0.00000000,0,-4.57546749
0.07796000,10.00000000,4.00000000,8.50897899,0.00000000,0.00000000,0,-4.50897899
0.07798000,10.00000000,4.00000000,8.44300600,0.00000000,0.00000000,0,-4.44300600
0.07800000,10.00000000,4.00000000,8.37754452,0.00000000,0.00000000,0,-4.37754452
0.07802000,10.00000000,4.00000000,8.31259059,0.00000000,0.00000000,0,-4.31259059
0.07804000,10.00000000,4.00000000,8.24814027,0.00000000,0.00000000,0,-4.24814027
0.07806000,10.00000000,4.00000000,8.18418965,0.00000000,0.00000000,0,-4.18418965
0.07808000,10.00000000,4.00000000,8.12073486,0.00000000,0.00000000,0,-4.12073486
0.07810000,10.00000000,4.00000000,8.05777206,0.00000000,0.00000000,0,-4.05777206
0.07812000,10.00000000,4.00000000,7.99529743,0.00000000,0.00000000,0,-3.99529743
0.07814000,10.00000000,4.00000000,7.93330719,0.00000000,0.00000000,0,-3.93330719
0.07816000,10.00000000,4.00000000,7.87179758,0.00000000,0.00000000,0,-3.87179758
0.07818000,10.00000000,4.00000000,7.81076487,0.00000000,0.00000000,0,-3.81076487
0.07820000,10.00000000,4.00000000,7.75020537,0.00000000,0.00000000,0,-3.75020537
0.07822000,10.00000000,4.00000000,7.69011541,0.00000000,0.00000000,0,-3.69011541
0.07824000,10.00000000,4.00000000,7.63049135,0.00000000,0.00000000,0,-3.63049135
0.07826000,10.00000000,4.00000000,7.57132957,0.00000000,0.00000000,0,-3.57132957
0.07828000,10.00000000,4.00000000,7.51262649,0.00000000,0.00000000,0,-3.51262649
0.07830000,10.00000000,4.00000000,7.45437856,0.00000000,0.00000000,0,-3.45437856
0.07832000,10.00000000,4.00000000,7.39658225,0.00000000,0.00000000,0,-3.39658225
0.07834000,10.00000000,4.00000000,7.33923405,0.00000000,0.00000000,0,-3.33923405
0.07836000,10.00000000,4.00000000,7.28233048,0.00000000,0.00000000,0,-3.28233048
0.07838000,10.00000000,4.00000000,7.22586812,0.00000000,0.00000000,0,-3.22586812
0.07840000,10.00000000,4.00000000,7.16984352,0.00000000,0.00000000,0,-3.16984352
0.07842000,10.00000000,4.00000000,7.11425330,0.00000000,0.00000000,0,-3.11425330
0.07844000,10.00000000,4.00000000,7.05909409,0.00000000,0.00000000,0,-3.05909409
0.07846000,10.00000000,4.00000000,7.00436255,0.00000000,0.00000000,0,-3.00436255
0.07848000,10.00000000,4.00000000,6.95005536,0.00000000,0.00000000,0,-2.95005536
0.07850000,10.00000000,4.00000000,6.89616923,0.00000000,0.00000000,0,-2.89616923
0.07852000,10.00000000,4.00000000,6.84270090,0.00000000,0.00000000,0,-2.84270090
0.07854000,10.00000000,4.00000000,6.78964713,0.00000000,0.00000000,0,-2.78964713
0.07856000,10.00000000,4.00000000,6.73700470,0.00000000,0.00000000,0,-2.73700470
0.07858000,10.00000000,4.00000000,6.68477043,0.00000000,0.00000000,0,-2.68477043
0.07860000,10.00000000,4.00000000,6.63294114,0.00000000,0.00000000,0,-2.63294114
0.07862000,10.00000000,4.00000000,6.58151371,0.00000000,0.00000000,0,-2.58151371
0.07864000,10.00000000,4.00000000,6.53048501,0.00000000,0.00000000,0,-2.53048501
0.07866000,10.00000000,4.00000000,6.47985195,0.00000000,0.00000000,0,-2.47985195
0.07868000,10.00000000,4.00000000,6.42961147,0.00000000,0.00000000,0,-2.42961147
0.07870000,10.00000000,4.00000000,6.37976052,0.00000000,0.00000000,0,-2.37976052
0.07872000,10.00000000,4.00000000,6.33029608,0.00000000,0.00000000,0,-2.33029608
0.07874000,10.00000000,4.00000000,6.28121516,0.00000000,0.00000000,0,-2.28121516
0.07876000,10.00000000,4.00000000,6.23251478,0.00000000,0.00000000,0,-2.23251478
0.07878000,10.00000000,4.00000000,6.18419198,0.00000000,0.00000000,0,-2.18419198
0.07880000,10.00000000,4.00000000,6.13624385,0.00000000,0.00000000,0,-2.13624385
0.07882000,10.00000000,4.00000000,6.08866748,0.00000000,0.00000000,0,-2.08866748
0.07884000,10.00000000,4.00000000,6.04145999,0.00000000,0.00000000,0,-2.04145999
0.07886000,10.00000000,4.00000000,5.99461851,0.00000000,0.00000000,0,-1.99461851
0.07888000,10.00000000,4.00000000,5.94814020,0.00000000,0.00000000,0,-1.94814020
0.07890000,10.00000000,4.00000000,5.90202226,0.00000000,0.00000000,0,-1.90202226
0.07892000,10.00000000,4.00000000,5.85626189,0.00000000,0.00000000,0,-1.85626189
0.07894000,10.00000000,4.00000000,5.81085631,0.00000000,0.00000000,0,-1.81085631
0.07896000,10.00000000,4.00000000,5.76580278,0.00000000,0.00000000,0,-1.76580278
0.07898000,10.00000000,4.00000000,5.72109856,0.00000000,0.00000000,0,-1.72109856
0.07900000,10.00000000,4.00000000,5.67674095,0.00000000,0.00000000,0,-1.67674095
0.07902000,10.00000000,4.00000000,5.63272726,0.00000000,0.00000000,0,-1.63272726
0.07904000,10.00000000,4.00000000,5.58905482,0.00000000,0.00000000,0,-1.58905482
0.07906000,10.00000000,4.00000000,5.54572099,0.00000000,0.00000000,0,-1.54572099
0.07908000,10.00000000,4.00000000,5.50272315,0.00000000,0.00000000,0,-1.50272315
0.07910000,10.00000000,4.00000000,5.46005867,0.00000000,0.00000000,0,-1.46005867
0.07912000,10.00000000,4.00000000,5.41772499,0.00000000,0.00000000,0,-1.41772499
0.07914000,10.00000000,4.00000000,5.37571954,0.00000000,0.00000000,0,-1.37571954
0.07916000,10.00000000,4.00000000,5.33403977,0.00000000,0.00000000,0,-1.33403977
0.07918000,10.00000000,4.00000000,5.29268316,0.00000000,0.00000000,0,-1.29268316
0.07920000,10.00000000,4.00000000,5.25164720,0.00000000,0.00000000,0,-1.25164720
0.07922000,10.00000000,4.00000000,5.21092940,0.00000000,0.00000000,0,-1.21092940
0.07924000,10.00000000,4.00000000,5.17052731,0.00000000,0.00000000,0,-1.17052731
0.07926000,10.00000000,4.00000000,5.13043846,0.00000000,0.00000000,0,-1.13043846
0.07928000,10.00000000,4.00000000,5.09066044,0.00000000,0.00000000,0,-1.09066044
0.07930000,10.00000000,4.00000000,5.05119083,0.00000000,0.00000000,0,-1.05119083
0.07932000,10.00000000,4.00000000,5.01202724,0.00000000,0.00000000,0,-1.01202724
0.07934000,10.00000000,4.00000000,4.97316730,0.00000000,0.00000000,0,-0.97316730
0.07936000,10.00000000,4.00000000,4.93460865,0.00000000,0.00000000,0,-0.93460865
0.07938000,10.00000000,4.00000000,4.89634896,0.00000000,0.00000000,0,-0.89634896
0.07940000,10.00000000,4.00000000,4.85838592,0.00000000,0.00000000,0,-0.85838592
0.07942000,10.00000000,4.00000000,4.82071721,0.00000000,0.00000000,0,-0.82071721
0.07944000,10.00000000,4.00000000,4.78334056,0.00000000,0.00000000,0,-0.78334056
0.07946000,10.00000000,4.00000000,4.74625370,0.00000000,0.00001040,0,-0.74625370
0.07948000,10.00000000,4.00000000,4.70945463,0.00000000,0.00004193,0,-0.70945463
0.07950000,10.00000000,4.00000000,4.67294156,0.00000000,0.00009439,0,-0.67294156
0.07952000,10.00000000,4.00000000,4.63671276,0.00000000,0.00016686,0,-0.63671276
0.07954000,10.00000000,4.00000000,4.60076646,0.00000000,0.00026726,0,-0.60076646
0.07956000,10.00000000,4.00000000,4.56510109,0.00000000,0.00039373,0,-0.56510109
0.07958000,10.00000000,4.00000000,4.52971505,0.00000000,0.00054070,0,-0.52971505
0.07960000,10.00000000,4.00000000,4.49460663,0.00000000,0.00070802,0,-0.49460663
0.07962000,10.00000000,4.00000000,4.45977412,0.00000000,0.00089550,0,-0.45977412
0.07964000,10.00000000,4.00000000,4.42521584,0.00000000,0.00110296,0,-0.42521584
0.07966000,10.00000000,4.00000000,4.39093010,0.00000000,0.00133023,0,-0.39093010
0.07968000,10.00000000,4.00000000,4.35691523,0.00000000,0.00157714,0,-0.35691523
0.07970000,10.00000000,4.00000000,4.32316957,0.00000000,0.00184314,0,-0.32316957
0.07972000,10.00000000,4.00000000,4.28969144,0.00000000,0.00213693,0,-0.28969144
0.07974000,10.00000000,4.00000000,4.25647940,0.00000000,0.00245510,0,-0.25647940
0.07976000,10.00000000,4.00000000,4.22353191,0.00000000,0.00279251,0,-0.22353191
0.07978000,10.00000000,4.00000000,4.19084736,0.00000000,0.00314900,0,-0.19084736
0.07980000,10.00000000,4.00000000,4.15842413,0.00000000,0.00352439,0,-0.15842413
0.07982000,10.00000000,4.00000000,4.12626060,0.00000000,0.00391852,0,-0.12626060
0.07984000,10.00000000,4.00000000,4.09435520,0.00000000,0.00433121,0,-0.09435520
0.07986000,10.00000000,4.00000000,4.06270631,0.00000000,0.00476234,0,-0.06270631
0.07988000,10.00000000,4.00000000,4.03131237,0.00000000,0.00521272,0,-0.03131237
0.07990000,10.00000000,4.00000000,4.00017183,0.00000000,0.00568147,0,-0.00017183
0.07992000,10.00000000,4.00000000,3.96928312,0.00000000,0.00566089,0,0.03071688
0.07994000,10.00000000,4.00000000,3.93863344,0.00000000,0.00565751,0,0.06136656
0.07996000,10.00000000,4.00000000,3.90822133,0.00000000,0.00567336,0,0.09177867
0.07998000,10.00000000,4.00000000,3.87804537,0.00000000,0.00570801,0,0.12195463
0.08000000,10.00000000,4.00000000,3.84810413,0.00000000,0.00576094,0,0.15189587
0.08002000,10.00000000,4.00000000,3.81839622,0.00000000,0.00583201,0,0.18160378
0.08004000,10.00000000,4.00000000,3.78892021,0.00000000,0.00592106,0,0.21107979
0.08006000,10.00000000,4.00000000,3.75967472,0.00000000,0.00634745,0,0.24032528
0.08008000,10.00000000,4.00000000,3.73066544,0.00000000,0.00693760,0,0.26933456
0.08010000,10.00000000,4.00000000,3.70189415,0.00000000,0.00753887,0,0.29810585
0.08012000,10.00000000,4.00000000,3.67335928,0.00000000,0.00814396,0,0.32664072
0.08014000,10.00000000,4.00000000,3.64505906,0.00000000,0.00875586,0,0.35494094
0.08016000,10.00000000,4.00000000,3.61699182,0.00000000,0.00937893,0,0.38300818
0.08018000,10.00000000,4.00000000,3.58915602,0.00000000,0.01001365,0,0.41084398
0.08020000,10.00000000,4.00000000,3.56155011,0.00000000,0.01066065,0,0.43844989
0.08022000,10.00000000,4.00000000,3.53417259,0.00000000,0.01131886,0,0.46582741
0.08024000,10.00000000,4.00000000,3.50702193,0.00000000,0.01198825,0,0.49297807
0.08026000,10.00000000,4.00000000,3.48009662,0.00000000,0.01266875,0,0.51990338
0.08028000,10.00000000,4.00000000,3.45339515,0.00000000,0.01336032,0,0.54660485
0.08030000,10.00000000,4.00000000,3.42691605,0.00000000,0.01406289,0,0.57308395
0.08032000,10.00000000,4.00000000,3.40065783,0.00000000,0.01477642,0,0.59934217
0.08034000,10.00000000,4.00000000,3.37461902,0.00000000,0.01549715,0,0.62538098
0.08036000,10.00000000,4.00000000,3.34879807,0.00000000,0.01622218,0,0.65120193
0.08038000,10.00000000,4.00000000,3.32319340,0.00000000,0.01695813,0,0.67680660
0.08040000,10.00000000,4.00000000,3.29780357,0.00000000,0.01770494,0,0.70219643
0.08042000,10.00000000,4.00000000,3.27262716,0.00000000,0.01846255,0,0.72737284
0.08044000,10.00000000,4.00000000,3.24766274,0.00000000,0.01923310,0,0.75233726
0.08046000,10.00000000,4.00000000,3.22290897,0.00000000,0.02001464,0,0.77709103
0.08048000,10.00000000,4.00000000,3.19836445,0.00000000,0.02080691,0,0.80163555
0.08050000,10.00000000,4.00000000,3.17402780,0.00000000,0.02160984,0,0.82597220
0.08052000,10.00000000,4.00000000,3.14989764,0.00000000,0.02242335,0,0.85010236
0.08054000,10.00000000,4.00000000,3.12597261,0.00000000,0.02324739,0,0.87402739
0.08056000,10.00000000,4.00000000,3.10225135,0.00000000,0.02408188,0,0.89774865
0.08058000,10.00000000,4.00000000,3.07873251,0.00000000,0.02492675,0,0.92126749
0.08060000,10.00000000,4.00000000,3.05541476,0.00000000,0.02577303,0,0.94458524
0.08062000,10.00000000,4.00000000,3.03229656,0.00000000,0.02662952,0,0.96770344
0.08064000,10.00000000,4.00000000,3.00937659,0.00000000,0.02749630,0,0.99062341
0.08066000,10.00000000,4.00000000,2.98665355,0.00000000,0.02837329,0,1.01334645
0.08068000,10.00000000,4.00000000,2.96412613,0.00000000,0.02926044,0,1.03587387
0.08070000,10.00000000,4.00000000,2.94179305,0.00000000,0.03015795,0,1.05820695
0.08072000,10.00000000,4.00000000,2.91965302,0.00000000,0.03106807,0,1.08034698
0.08074000,10.00000000,4.00000000,2.89770484,0.00000000,0.03198819,0,1.10229516
0.08076000,10.00000000,4.00000000,2.87594722,0.00000000,0.03291824,0,1.12405278
0.08078000,10.00000000,4.00000000,2.85437893,0.00000000,0.03385815,0,1.14562107
0.08080000,10.00000000,4.00000000,2.83299869,0.00000000,0.03480784,0,1.16700131
0.08082000,10.00000000,4.00000000,2.81180529,0.00000000,0.03576724,0,1.18819471
0.08084000,10.00000000,4.00000000,2.79079748,0.00000000,0.03673627,0,1.20920252
0.08086000,10.00000000,4.00000000,2.76997403,0.00000000,0.03771317,0,1.23002597
0.08088000,10.00000000,4.00000000,2.74933370,0.00000000,0.03869339,0,1.25066630
0.08090000,10.00000000,4.00000000,2.72887513,0.00000000,0.03968312,0,1.27112487
0.08092000,10.00000000,4.00000000,2.70859713,0.00000000,0.04068228,0,1.29140287
0.08094000,10.00000000,4.00000000,2.68849850,0.00000000,0.04169081,0,1.31150150
0.08096000,10.00000000,4.00000000,2.66857807,0.00000000,0.04270862,0,1.33142193
0.08098000,10.00000000,4.00000000,2.64883466,0.00000000,0.04373565,0,1.35116534
0.08100000,10.00000000,4.00000000,2.62926709,0.00000000,0.04477181,0,1.37073291
0.08102000,10.00000000,4.00000000,2.60987422,0.00000000,0.04581852,0,1.39012578
0.08104000,10.00000000,4.00000000,2.59065491,0.00000000,0.04687583,0,1.40934509
0.08106000,10.00000000,4.00000000,2.57160806,0.00000000,0.04794210,0,1.42839194
0.08108000,10.00000000,4.00000000,2.55273253,0.00000000,0.04901724,0,1.44726747
0.08110000,10.00000000,4.00000000,2.53402719,0.00000000,0.05010120,0,1.46597281
0.08112000,10.00000000,4.00000000,2.51549091,0.00000000,0.05119388,0,1.48450909
0.08114000,10.00000000,4.00000000,2.49712257,0.00000000,0.05229522,0,1.50287743
0.08116000,10.00000000,4.00000000,2.47892107,0.00000000,0.05340515,0,1.52107893
0.08118000,10.00000000,4.00000000,2.46088531,0.00000000,0.05451930,0,1.53911469
0.08120000,10.00000000,4.00000000,2.44301408,0.00000000,0.05563947,0,1.55698592
0.08122000,10.00000000,4.00000000,2.42530626,0.00000000,0.05676809,0,1.57469374
0.08124000,10.00000000,4.00000000,2.40776075,0.00000000,0.05790507,0,1.59223925
0.08126000,10.00000000,4.00000000,2.39037649,0.00000000,0.05905035,0,1.60962351
0.08128000,10.00000000,4.00000000,2.37315241,0.00000000,0.06020385,0,1.62684759
0.08130000,10.00000000,4.00000000,2.35608745,0.00000000,0.06136550,0,1.64391255
0.08132000,10.00000000,4.00000000,2.33918056,0.00000000,0.06253522,0,1.66081944
0.08134000,10.00000000,4.00000000,2.32243069,0.00000000,0.06371295,0,1.67756931
0.08136000,10.00000000,4.00000000,2.30583680,0.00000000,0.06489862,0,1.69416320
0.08138000,10.00000000,4.00000000,2.28939786,0.00000000,0.06609330,0,1.71060214
0.08140000,10.00000000,4.00000000,2.27311287,0.00000000,0.06729766,0,1.72688713
0.08142000,10.00000000,4.00000000,2.25698084,0.00000000,0.06850976,0,1.74301916
0.08144000,10.00000000,4.00000000,2.24100076,0.00000000,0.06972952,0,1.75899924
0.08146000,10.00000000,4.00000000,2.22517163,0.00000000,0.07095686,0,1.77482837
0.08148000,10.00000000,4.00000000,2.20949244,0.00000000,0.07219173,0,1.79050756
0.08150000,10.00000000,4.00000000,2.19396220,0.00000000,0.07343405,0,1.80603780
0.08152000,10.00000000,4.00000000,2.17857992,0.00000000,0.07468375,0,1.82142008
0.08154000,10.00000000,4.00000000,2.16334461,0.00000000,0.07593755,0,1.83665539
0.08156000,10.00000000,4.00000000,2.14825522,0.00000000,0.07719622,0,1.85174478
0.08158000,10.00000000,4.00000000,2.13331074,0.00000000,0.07846211,0,1.86668926
0.08160000,10.00000000,4.00000000,2.11851019,0.00000000,0.07973518,0,1.88148981
0.08162000,10.00000000,4.00000000,2.10385262,0.00000000,0.08101534,0,1.89614738
0.08164000,10.00000000,4.00000000,2.08933709,0.00000000,0.08230253,0,1.91066291
0.08166000,10.00000000,4.00000000,2.07496264,0.00000000,0.08359668,0,1.92503736
0.08168000,10.00000000,4.00000000,2.06072833,0.00000000,0.08489772,0,1.93927167
0.08170000,10.00000000,4.00000000,2.04663324,0.00000000,0.08620559,0,1.95336676
0.08172000,10.00000000,4.00000000,2.03267643,0.00000000,0.08752021,0,1.96732357
0.08174000,10.00000000,4.00000000,2.01885698,0.00000000,0.08884153,0,1.98114302
0.08176000,10.00000000,4.00000000,2.00517397,0.00000000,0.09016947,0,1.99482603
0.08178000,10.00000000,4.00000000,1.99162650,0.00000000,0.09150398,0,2.00837350
0.08180000,10.00000000,4.00000000,1.97821365,0.00000000,0.09284497,0,2.02178635
0.08182000,10.00000000,4.00000000,1.96493453,0.00000000,0.09419412,0,2.03506547
0.08184000,10.00000000,4.00000000,1.95178829,0.00000000,0.09555068,0,2.04821171
0.08186000,10.00000000,4.00000000,1.93877405,0.00000000,0.09691354,0,2.06122595
0.08188000,10.00000000,4.00000000,1.92589093,0.00000000,0.09828263,0,2.07410907
0.08190000,10.00000000,4.00000000,1.91313806,0.00000000,0.09965789,0,2.08686194
0.08192000,10.00000000,4.00000000,1.90051456,0.00000000,0.10103925,0,2.09948544
0.08194000,10.00000000,4.00000000,1.88801956,0.00000000,0.10242665,0,2.11198044
0.08196000,10.00000000,4.00000000,1.87565220,0.00000000,0.10382002,0,2.12434780
0.08198000,10.00000000,4.00000000,1.86341163,0.00000000,0.10521551,0,2.13658837
0.08200000,10.00000000,4.00000000,1.85129690,0.00000000,0.10661620,0,2.14870310
0.08202000,10.00000000,4.00000000,1.83930716,0.00000000,0.10802272,0,2.16069284
0.08204000,10.00000000,4.00000000,1.82744157,0.00000000,0.10943502,0,2.17255843
0.08206000,10.00000000,4.00000000,1.81569929,0.00000000,0.11085304,0,2.18430071
0.08208000,10.00000000,4.00000000,1.80407949,0.00000000,0.11227671,0,2.19592051
0.08210000,10.00000000,4.00000000,1.79258135,0.00000000,0.11370596,0,2.20741865
0.08212000,10.00000000,4.00000000,1.78120405,0.00000000,0.11514075,0,2.21879595
0.08214000,10.00000000,4.00000000,1.76994678,0.00000000,0.11658101,0,2.23005322
0.08216000,10.00000000,4.00000000,1.75880872,0.00000000,0.11802668,0,2.24119128
0.08218000,10.00000000,4.00000000,1.74778908,0.00000000,0.11947769,0,2.25221092
0.08220000,10.00000000,4.00000000,1.73688705,0.00000000,0.12093400,0,2.26311295
0.08222000,10.00000000,4.00000000,1.72610183,0.00000000,0.12239554,0,2.27389817
0.08224000,10.00000000,4.00000000,1.71543264,0.00000000,0.12386225,0,2.28456736
0.08226000,10.00000000,4.00000000,1.70487870,0.00000000,0.12533407,0,2.29512130
0.08228000,10.00000000,4.00000000,1.69443922,0.00000000,0.12681095,0,2.30556078
0.08230000,10.00000000,4.00000000,1.68411343,0.00000000,0.12829283,0,2.31588657
0.08232000,10.00000000,4.00000000,1.67390055,0.00000000,0.12977965,0,2.32609945
0.08234000,10.00000000,4.00000000,1.66379982,0.00000000,0.13127136,0,2.33620018
0.08236000,10.00000000,4.00000000,1.65381049,0.00000000,0.13276789,0,2.34618951
0.08238000,10.00000000,4.00000000,1.64393179,0.00000000,0.13427091,0,2.35606821
0.08240000,10.00000000,4.00000000,1.63416300,0.00000000,0.13577921,0,2.36583700
0.08242000,10.00000000,4.00000000,1.62450340,0.00000000,0.13729216,0,2.37549660
0.08244000,10.00000000,4.00000000,1.61495224,0.00000000,0.13880970,0,2.38504776
0.08246000,10.00000000,4.00000000,1.60550879,0.00000000,0.14033178,0,2.39449121
0.08248000,10.00000000,4.00000000,1.59617230,0.00000000,0.14185834,0,2.40382770
0.08250000,10.00000000,4.00000000,1.58694204,0.00000000,0.14338933,0,2.41305796
0.08252000,10.00000000,4.00000000,1.57781730,0.00000000,0.14492466,0,2.42218270
0.08254000,10.00000000,4.00000000,1.56879735,0.00000000,0.14646104,0,2.43120265
0.08256000,10.00000000,4.00000000,1.55988140,0.00000000,0.14800173,0,2.44011860
0.08258000,10.00000000,4.00000000,1.55106874,0.00000000,0.14954667,0,2.44893126
0.08260000,10.00000000,4.00000000,1.54235866,0.00000000,0.15109581,0,2.45764134
0.08262000,10.00000000,4.00000000,1.53375047,0.00000000,0.15264909,0,2.46624953
0.08264000,10.00000000,4.00000000,1.52524345,0.00000000,0.15420648,0,2.47475655
0.08266000,10.00000000,4.00000000,1.51683693,0.00841450,0.15576790,0,2.48316307
0.08268000,10.00000000,4.00000000,1.50862337,0.02640224,0.15733289,0,2.49137663
0.08270000,10.00000000,4.00000000,1.50070736,0.05387930,0.15890038,0,2.49929264
0.08272000,10.00000000,4.00000000,1.49319171,0.09071602,0.16046916,0,2.50680829
0.08274000,10.00000000,4.00000000,1.48617697,0.13673726,0.16203801,0,2.51382303
0.08276000,10.00000000,4.00000000,1.47976096,0.19172328,0.16360567,0,2.52023904
0.08278000,10.00000000,4.00000000,1.47403826,0.25541075,0.16517083,0,2.52596174
0.08280000,10.00000000,4.00000000,1.46909979,0.32749405,0.16673217,0,2.53090021
0.08282000,10.00000000,4.00000000,1.46503235,0.40762671,0.16828835,0,2.53496765
0.08284000,10.00000000,4.00000000,1.46191818,0.49542309,0.16983802,0,2.53808182
0.08286000,10.00000000,4.00000000,1.45983461,0.59046019,0.17137982,0,2.54016539
0.08288000,10.00000000,4.00000000,1.45885363,0.69227970,0.17291240,0,2.54114637
0.08290000,10.00000000,4.00000000,1.45904161,0.80039023,0.17441680,0,2.54095839
0.08292000,10.00000000,4.00000000,1.46045849,0.91419928,0.17581182,0,2.53954151
0.08294000,10.00000000,4.00000000,1.46315542,1.03276719,0.17718877,0,2.53684458
0.08296000,10.00000000,4.00000000,1.46717477,1.15550092,0.17854715,0,2.53282523
0.08298000,10.00000000,4.00000000,1.47255199,1.28178992,0.17988636,0,2.52744801
0.08300000,10.00000000,4.00000000,1.47931550,1.41100845,0.18120585,0,2.52068450
0.08302000,10.00000000,4.00000000,1.48748655,1.54251863,0.18250513,0,2.51251345
0.08304000,10.00000000,4.00000000,1.49707914,1.67567355,0.18378377,0,2.50292086
0.08306000,10.00000000,4.00000000,1.50810002,1.80982041,0.18504139,0,2.49189998
0.08308000,10.00000000,4.00000000,1.52054862,1.94430375,0.18627772,0,2.47945138
0.08310000,10.00000000,4.00000000,1.53441713,2.07846858,0.18749252,0,2.46558287
0.08312000,10.00000000,4.00000000,1.54969053,2.21166361,0.18868565,0,2.45030947
0.08314000,10.00000000,4.00000000,1.56634672,2.34324438,0.18985457,0,2.43365328
0.08316000,10.00000000,4.00000000,1.58435656,2.47256657,0.19099673,0,2.41564344
0.08318000,10.00000000,4.00000000,1.60368395,2.59898863,0.19211684,0,2.39631605
0.08320000,10.00000000,4.00000000,1.62428609,2.72190369,0.19321511,0,2.37571391
0.08322000,10.00000000,4.00000000,1.64611377,2.84072411,0.19429181,0,2.35388623
0.08324000,10.00000000,4.00000000,1.66911167,2.95488426,0.19534730,0,2.33088833
0.08326000,10.00000000,4.00000000,1.69321867,3.06384326,0.19638202,0,2.30678133
0.08328000,10.00000000,4.00000000,1.71836810,3.16708755,0.19739649,0,2.28163190
0.08330000,10.00000000,4.00000000,1.74448816,3.26413334,0.19839295,0,2.25551184
0.08332000,10.00000000,4.00000000,1.77150230,3.35453551,0.19937343,0,2.22849770
0.08334000,10.00000000,4.00000000,1.79932967,3.43788854,0.20033577,0,2.20067033
0.08336000,10.00000000,4.00000000,1.82788551,3.51381143,0.20128076,0,2.17211449
0.08338000,10.00000000,4.00000000,1.85708154,3.58196088,0.20220214,0,2.14291846
0.08340000,10.00000000,4.00000000,1.88682618,3.64200461,0.20310415,0,2.11317382
0.08342000,10.00000000,4.00000000,1.91702501,3.69366450,0.20399145,0,2.08297499
0.08344000,10.00000000,4.00000000,1.94758136,3.73671931,0.20486509,0,2.05241864
0.08346000,10.00000000,4.00000000,1.97839687,3.77099100,0.20572615,0,2.02160313
0.08348000,10.00000000,4.00000000,2.00937201,3.79634550,0.20657577,0,1.99062799
0.08350000,10.00000000,4.00000000,2.04040656,3.81269316,0.20741508,0,1.95959344
0.08352000,10.00000000,4.00000000,2.07140010,3.81998913,0.20824528,0,1.92859990
0.08354000,10.00000000,4.00000000,2.10225252,3.81823336,0.20907301,0,1.89774748
0.08356000,10.00000000,4.00000000,2.13286465,3.80749231,0.20989415,0,1.86713535
0.08358000,10.00000000,4.00000000,2.16313871,3.78785538,0.21070280,0,1.83686129
0.08360000,10.00000000,4.00000000,2.19297856,3.75942709,0.21150356,0,1.80702144
0.08362000,10.00000000,4.00000000,2.22229004,3.72236845,0.21230130,0,1.77770996
0.08364000,10.00000000,4.00000000,2.25098163,3.67689716,0.21309724,0,1.74901837
0.08366000,10.00000000,4.00000000,2.27896496,3.62327178,0.21389257,0,1.72103504
0.08368000,10.00000000,4.00000000,2.30615520,3.56179023,0.21468842,0,1.69384480
0.08370000,10.00000000,4.00000000,2.33247155,3.49278815,0.21548592,0,1.66752845
0.08372000,10.00000000,4.00000000,2.35783754,3.41663711,0.21628768,0,1.64216246
0.08374000,10.00000000,4.00000000,2.38218149,3.33374883,0.21709657,0,1.61781851
0.08376000,10.00000000,4.00000000,2.40543688,3.24457411,0.21790997,0,1.59456312
0.08378000,10.00000000,4.00000000,2.42754265,3.14957883,0.21872878,0,1.57245735
0.08380000,10.00000000,4.00000000,2.44844338,3.04925573,0.21955384,0,1.55155662
0.08382000,10.00000000,4.00000000,2.46808957,2.94412192,0.22038590,0,1.53191043
0.08384000,10.00000000,4.00000000,2.48643784,2.83471616,0.22122038,0,1.51356216
0.08386000,10.00000000,4.00000000,2.50345099,2.72157487,0.22206299,0,1.49654901
0.08388000,10.00000000,4.00000000,2.51909821,2.60527105,0.22291498,0,1.48090179
0.08390000,10.00000000,4.00000000,2.53335527,2.48639363,0.22377681,0,1.46664473
0.08392000,10.00000000,4.00000000,2.54620468,2.36554175,0.22464885,0,1.45379532
0.08394000,10.00000000,4.00000000,2.55763572,2.24332169,0.22553138,0,1.44236428
0.08396000,10.00000000,4.00000000,2.56764446,2.12034381,0.22642575,0,1.43235554
0.08398000,10.00000000,4.00000000,2.57623381,1.99722396,0.22733259,0,1.42376619
0.08400000,10.00000000,4.00000000,2.58341348,1.87457815,0.22825003,0,1.41658652
0.08402000,10.00000000,4.00000000,2.58919988,1.75300952,0.22917797,0,1.41080012
0.08404000,10.00000000,4.00000000,2.59361597,1.63311302,0.23011625,0,1.40638403
0.08406000,10.00000000,4.00000000,2.59669111,1.51547247,0.23106462,0,1.40330889
0.08408000,10.00000000,4.00000000,2.59846092,1.40065771,0.23202275,0,1.40153908
0.08410000,10.00000000,4.00000000,2.59896701,1.28922179,0.23299024,0,1.40103299
0.08412000,10.00000000,4.00000000,2.59825680,1.18169832,0.23388365,0,1.40174320
0.08414000,10.00000000,4.00000000,2.59638139,1.07826735,0.23473241,0,1.40361861
0.08416000,10.00000000,4.00000000,2.59339414,0.97920576,0.23559567,0,1.40660586
0.08418000,10.00000000,4.00000000,2.58935238,0.88500501,0.23647344,0,1.41064762
0.08420000,10.00000000,4.00000000,2.58431842,0.79613265,0.23736564,0,1.41568158
0.08422000,10.00000000,4.00000000,2.57835927,0.71303000,0.23827208,0,1.42164073
0.08424000,10.00000000,4.00000000,2.57154630,0.63610999,0.23919250,0,1.42845370
0.08426000,10.00000000,4.00000000,2.56395489,0.56575512,0.24012654,0,1.43604511
0.08428000,10.00000000,4.00000000,2.55566408,0.50231554,0.24107376,0,1.44433592
0.08430000,10.00000000,4.00000000,2.54675614,0.44610739,0.24203489,0,1.45324386
0.08432000,10.00000000,4.00000000,2.53731624,0.39741620,0.24300904,0,1.46268376
0.08434000,10.00000000,4.00000000,2.52743201,0.35648940,0.24399456,0,1.47256799
0.08436000,10.00000000,4.00000000,2.51719313,0.32353232,0.24499068,0,1.48280687
0.08438000,10.00000000,4.00000000,2.50669082,0.29871100,0.24599655,0,1.49330918
0.08440000,10.00000000,4.00000000,2.49601741,0.28215139,0.24701126,0,1.50398259
0.08442000,10.00000000,4.00000000,2.48526590,0.27393873,0.24803386,0,1.51473410
0.08444000,10.00000000,4.00000000,2.47452950,0.27411714,0.24905989,0,1.52547050
0.08446000,10.00000000,4.00000000,2.46390107,0.28267573,0.25009112,0,1.53609893
0.08448000,10.00000000,4.00000000,2.45347267,0.29957364,0.25112704,0,1.54652733
0.08450000,10.00000000,4.00000000,2.44333519,0.32473140,0.25216652,0,1.55666481
0.08452000,10.00000000,4.00000000,2.43357791,0.35802899,0.25320841,0,1.56642209
0.08454000,10.00000000,4.00000000,2.42428805,0.39930643,0.25425150,0,1.57571195
0.08456000,10.00000000,4.00000000,2.41555038,0.44836453,0.25529458,0,1.58444962
0.08458000,10.00000000,4.00000000,2.40744675,0.50496589,0.25633641,0,1.59255325
0.08460000,10.00000000,4.00000000,2.40005576,0.56883606,0.25737573,0,1.59994424
0.08462000,10.00000000,4.00000000,2.39345229,0.63966482,0.25841126,0,1.60654771
0.08464000,10.00000000,4.00000000,2.38770720,0.71710770,0.25944174,0,1.61229280
0.08466000,10.00000000,4.00000000,2.38288696,0.80078770,0.26046588,0,1.61711304
0.08468000,10.00000000,4.00000000,2.37905331,0.89029701,0.26148242,0,1.62094669
0.08470000,10.00000000,4.00000000,2.37626299,0.98519908,0.26249010,0,1.62373701
0.08472000,10.00000000,4.00000000,2.37456740,1.08503067,0.26348767,0,1.62543260
0.08474000,10.00000000,4.00000000,2.37401243,1.18930411,0.26447393,0,1.62598757
0.08476000,10.00000000,4.00000000,2.37463815,1.29750966,0.26537740,0,1.62536185
0.08478000,10.00000000,4.00000000,2.37647712,1.40883710,0.26620127,0,1.62352288
0.08480000,10.00000000,4.00000000,2.37955272,1.52247771,0.26700777,0,1.62044728
0.08482000,10.00000000,4.00000000,2.38388060,1.63786406,0.26779675,0,1.61611940
0.08484000,10.00000000,4.00000000,2.38946999,1.75442307,0.26856796,0,1.61053001
0.08486000,10.00000000,4.00000000,2.39632369,1.87157827,0.26932119,0,1.60367631
0.08488000,10.00000000,4.00000000,2.40443811,1.98875254,0.27005632,0,1.59556189
0.08490000,10.00000000,4.00000000,2.41380328,2.10537099,0.27077330,0,1.58619672
0.08492000,10.00000000,4.00000000,2.42440294,2.22086372,0.27147211,0,1.57559706
0.08494000,10.00000000,4.00000000,2.43621467,2.33466860,0.27215284,0,1.56378533
0.08496000,10.00000000,4.00000000,2.44920997,2.44623395,0.27281563,0,1.55079003
0.08498000,10.00000000,4.00000000,2.46335446,2.55502123,0.27346067,0,1.53664554
0.08500000,10.00000000,4.00000000,2.47860810,2.66050764,0.27408758,0,1.52139190
0.08502000,10.00000000,4.00000000,2.49492533,2.76218590,0.27469145,0,1.50507467
0.08504000,10.00000000,4.00000000,2.51225522,2.85954845,0.27527830,0,1.48774478
0.08506000,10.00000000,4.00000000,2.53054177,2.95213316,0.27584864,0,1.46945823
0.08508000,10.00000000,4.00000000,2.54972429,3.03950332,0.27640305,0,1.45027571
0.08510000,10.00000000,4.00000000,2.56973775,3.12124969,0.27694217,0,1.43026225
0.08512000,10.00000000,4.00000000,2.59051309,3.19699238,0.27746668,0,1.40948691
0.08514000,10.00000000,4.00000000,2.61197762,3.26638270,0.27797736,0,1.38802238
0.08516000,10.00000000,4.00000000,2.63405534,3.32910469,0.27847502,0,1.36594466
0.08518000,10.00000000,4.00000000,2.65666739,3.38487668,0.27896301,0,1.34333261
0.08520000,10.00000000,4.00000000,2.67973244,3.43346248,0.27943999,0,1.32026756
0.08522000,10.00000000,4.00000000,2.70316719,3.47465341,0.27990667,0,1.29683281
0.08524000,10.00000000,4.00000000,2.72688667,3.50827739,0.28036405,0,1.27311333
0.08526000,10.00000000,4.00000000,2.75080466,3.53420049,0.28081314,0,1.24919534
0.08528000,10.00000000,4.00000000,2.77483419,3.55232753,0.28125336,0,1.22516581
0.08530000,10.00000000,4.00000000,2.79888788,3.56259590,0.28168009,0,1.20111212
0.08532000,10.00000000,4.00000000,2.82287822,3.56495949,0.28210181,0,1.17712178
0.08534000,10.00000000,4.00000000,2.84671809,3.55944099,0.28251964,0,1.15328191
0.08536000,10.00000000,4.00000000,2.87032127,3.54610239,0.28293475,0,1.12967873
0.08538000,10.00000000,4.00000000,2.89360297,3.52504445,0.28334827,0,1.10639703
0.08540000,10.00000000,4.00000000,2.91648017,3.49640607,0.28376133,0,1.08351983
0.08542000,10.00000000,4.00000000,2.93887207,3.46036347,0.28417506,0,1.06112793
0.08544000,10.00000000,4.00000000,2.96070047,3.41712916,0.28459278,0,1.03929953
0.08546000,10.00000000,4.00000000,2.98189019,3.36695966,0.28501385,0,1.01810981
0.08548000,10.00000000,4.00000000,3.00236947,3.31013830,0.28543870,0,0.99763053
0.08550000,10.00000000,4.00000000,3.02207026,3.24697810,0.28586832,0,0.97792974
0.08552000,10.00000000,4.00000000,3.04092851,3.17782253,0.28630368,0,0.95907149
0.08554000,10.00000000,4.00000000,3.05888450,3.10304363,0.28674568,0,0.94111550
0.08556000,10.00000000,4.00000000,3.07588312,3.02304007,0.28719518,0,0.92411688
0.08558000,10.00000000,4.00000000,3.09187410,2.93823500,0.28765048,0,0.90812590
0.08560000,10.00000000,4.00000000,3.10681222,2.84906386,0.28811190,0,0.89318778
0.08562000,10.00000000,4.00000000,3.12065744,2.75598050,0.28858341,0,0.87934256
0.08564000,10.00000000,4.00000000,3.13337514,2.65946954,0.28906561,0,0.86662486
0.08566000,10.00000000,4.00000000,3.14493635,2.56003073,0.28955901,0,0.85506365
0.08568000,10.00000000,4.00000000,3.15531786,2.45817629,0.29006403,0,0.84468214
0.08570000,10.00000000,4.00000000,3.16450234,2.35442824,0.29058135,0,0.83549766
0.08572000,10.00000000,4.00000000,3.17247837,2.24931711,0.29111222,0,0.82752163
0.08574000,10.00000000,4.00000000,3.17924053,2.14338175,0.29165535,0,0.82075947
0.08576000,10.00000000,4.00000000,3.18478938,2.03715683,0.29221081,0,0.81521062
0.08578000,10.00000000,4.00000000,3.18913139,1.93117586,0.29277855,0,0.81086861
0.08580000,10.00000000,4.00000000,3.19227889,1.82596849,0.29335848,0,0.80772111
0.08582000,10.00000000,4.00000000,3.19424998,1.72205781,0.29395039,0,0.80575002
0.08584000,10.00000000,4.00000000,3.19506840,1.61995772,0.29455397,0,0.80493160
0.08586000,10.00000000,4.00000000,3.19476340,1.52017037,0.29513122,0,0.80523660
0.08588000,10.00000000,4.00000000,3.19336871,1.42303314,0.29562247,0,0.80663129
0.08590000,10.00000000,4.00000000,3.19092021,1.32863073,0.29612883,0,0.80907979
0.08592000,10.00000000,4.00000000,3.18745668,1.23743755,0.29665041,0,0.81254332
0.08594000,10.00000000,4.00000000,3.18302188,1.14991191,0.29718722,0,0.81697812
0.08596000,10.00000000,4.00000000,3.17766428,1.06649367,0.29773919,0,0.82233572
0.08598000,10.00000000,4.00000000,3.17143683,0.98760214,0.29830614,0,0.82856317
0.08600000,10.00000000,4.00000000,3.16439675,0.91363390,0.29888783,0,0.83560325
0.08602000,10.00000000,4.00000000,3.15660516,0.84496084,0.29948391,0,0.84339484
0.08604000,10.00000000,4.00000000,3.14812685,0.78192831,0.30009494,0,0.85187315
0.08606000,10.00000000,4.00000000,3.13902992,0.72485727,0.30072004,0,0.86097008
0.08608000,10.00000000,4.00000000,3.12938548,0.67403733,0.30135809,0,0.87061452
0.08610000,10.00000000,4.00000000,3.11926729,0.62972459,0.30200842,0,0.88073271
0.08612000,10.00000000,4.00000000,3.10875133,0.59214258,0.30267032,0,0.89124867
0.08614000,10.00000000,4.00000000,3.09791547,0.56148115,0.30334300,0,0.90208453
0.08616000,10.00000000,4.00000000,3.08683905,0.53789557,0.30402442,0,0.91316095
0.08618000,10.00000000,4.00000000,3.07560247,0.52150095,0.30471175,0,0.92439753
0.08620000,10.00000000,4.00000000,3.06428674,0.51236883,0.30540712,0,0.93571326
0.08622000,10.00000000,4.00000000,3.05297305,0.51054677,0.30610955,0,0.94702695
0.08624000,10.00000000,4.00000000,3.04174247,0.51604599,0.30681804,0,0.95825753
0.08626000,10.00000000,4.00000000,3.03067557,0.52884133,0.30753154,0,0.96932443
0.08628000,10.00000000,4.00000000,3.01985197,0.54887139,0.30824896,0,0.98014803
0.08630000,10.00000000,4.00000000,3.00934996,0.57603886,0.30896921,0,0.99065004
0.08632000,10.00000000,4.00000000,2.99924616,0.61021099,0.30969114,0,1.00075384
0.08634000,10.00000000,4.00000000,2.98961505,0.65122029,0.31041361,0,1.01038495
0.08636000,10.00000000,4.00000000,2.98052870,0.69886529,0.31113544,0,1.01947130
0.08638000,10.00000000,4.00000000,2.97205633,0.75291161,0.31185545,0,1.02794367
0.08640000,10.00000000,4.00000000,2.96426402,0.81309307,0.31257247,0,1.03573598
0.08642000,10.00000000,4.00000000,2.95721437,0.87911301,0.31328530,0,1.04278563
0.08644000,10.00000000,4.00000000,2.95096615,0.95064575,0.31399277,0,1.04903385
0.08646000,10.00000000,4.00000000,2.94557408,1.02733816,0.31469369,0,1.05442592
0.08648000,10.00000000,4.00000000,2.94108851,1.10881141,0.31538693,0,1.05891149
0.08650000,10.00000000,4.00000000,2.93755517,1.19466283,0.31607133,0,1.06244483
0.08652000,10.00000000,4.00000000,2.93501495,1.28446784,0.31674578,0,1.06498505
0.08654000,10.00000000,4.00000000,2.93350371,1.37778205,0.31740920,0,1.06649629
0.08656000,10.00000000,4.00000000,2.93305208,1.47414345,0.31806053,0,1.06694792
0.08658000,10.00000000,4.00000000,2.93368532,1.57307459,0.31862227,0,1.06631468
0.08660000,10.00000000,4.00000000,2.93542148,1.67377927,0.31911330,0,1.06457852
0.08662000,10.00000000,4.00000000,2.93827007,1.77553131,0.31958835,0,1.06172993
0.08664000,10.00000000,4.00000000,2.94223373,1.87782109,0.32004744,0,1.05776627
0.08666000,10.00000000,4.00000000,2.94730939,1.98013919,0.32049053,0,1.05269061
0.08668000,10.00000000,4.00000000,2.95348840,2.08197833,0.32091763,0,1.04651160
0.08670000,10.00000000,4.00000000,2.96075654,2.18283585,0.32132880,0,1.03924346
0.08672000,10.00000000,4.00000000,2.96909416,2.28221617,0.32172418,0,1.03090584
0.08674000,10.00000000,4.00000000,2.97847624,2.37963314,0.32210396,0,1.02152376
0.08676000,10.00000000,4.00000000,2.98887261,2.47461246,0.32246840,0,1.01112739
0.08678000,10.00000000,4.00000000,3.00024808,2.56669393,0.32281782,0,0.99975192
0.08680000,10.00000000,4.00000000,3.01256263,2.65543364,0.32315259,0,0.98743737
0.08682000,10.00000000,4.00000000,3.02577166,2.74040614,0.32347315,0,0.97422834
0.08684000,10.00000000,4.00000000,3.03982621,2.82120647,0.32377999,0,0.96017379
0.08686000,10.00000000,4.00000000,3.05467322,2.89745203,0.32407368,0,0.94532678
0.08688000,10.00000000,4.00000000,3.07025583,2.96878446,0.32435482,0,0.92974417
0.08690000,10.00000000,4.00000000,3.08651365,3.03487129,0.32462354,0,0.91348635
0.08692000,10.00000000,4.00000000,3.10338310,3.09540539,0.32487494,0,0.89661690
0.08694000,10.00000000,4.00000000,3.12079757,3.15008603,0.32511575,0,0.87920243
0.08696000,10.00000000,4.00000000,3.13868778,3.19866664,0.32534684,0,0.86131222
0.08698000,10.00000000,4.00000000,3.15698230,3.24093224,0.32556908,0,0.84301770
0.08700000,10.00000000,4.00000000,3.17560788,3.27670030,0.32578338,0,0.82439212
0.08702000,10.00000000,4.00000000,3.19448982,3.30582159,0.32599071,0,0.80551018
0.08704000,10.00000000,4.00000000,3.21355239,3.32818075,0.32619205,0,0.78644761
0.08706000,10.00000000,4.00000000,3.23271920,3.34369682,0.32638871,0,0.76728080
0.08708000,10.00000000,4.00000000,3.25191355,3.35232474,0.32658263,0,0.74808645
0.08710000,10.00000000,4.00000000,3.27105891,3.35405787,0.32677358,0,0.72894109
0.08712000,10.00000000,4.00000000,3.29007925,3.34891915,0.32696261,0,0.70992075
0.08714000,10.00000000,4.00000000,3.30889942,3.33696594,0.32715075,0,0.69110058
0.08716000,10.00000000,4.00000000,3.32744550,3.31828962,0.32733907,0,0.67255450
0.08718000,10.00000000,4.00000000,3.34564516,3.29301504,0.32752860,0,0.65435484
0.08720000,10.00000000,4.00000000,3.36342808,3.26129975,0.32772037,0,0.63657192
0.08722000,10.00000000,4.00000000,3.38072623,3.22333311,0.32791540,0,0.61927377
0.08724000,10.00000000,4.00000000,3.39747420,3.17933522,0.32811163,0,0.60252580
0.08726000,10.00000000,4.00000000,3.41360953,3.12954358,0.32830987,0,0.58639047
0.08728000,10.00000000,4.00000000,3.42907285,3.07422322,0.32851449,0,0.57092715
0.08730000,10.00000000,4.00000000,3.44380830,3.01367979,0.32872640,0,0.55619170
0.08732000,10.00000000,4.00000000,3.45776386,2.94824414,0.32894645,0,0.54223614
0.08734000,10.00000000,4.00000000,3.47089159,2.87827050,0.32917543,0,0.52910841
0.08736000,10.00000000,4.00000000,3.48314786,2.80413461,0.32941407,0,0.51685214
0.08738000,10.00000000,4.00000000,3.49449355,2.72623168,0.32966398,0,0.50550645
0.08740000,10.00000000,4.00000000,3.50489426,2.64497805,0.32992491,0,0.49510574
0.08742000,10.00000000,4.00000000,3.51432048,2.56080185,0.33019723,0,0.48567952
0.08744000,10.00000000,4.00000000,3.52274764,2.47414351,0.33048138,0,0.47725236
0.08746000,10.00000000,4.00000000,3.53015627,2.38545404,0.33077772,0,0.46984373
0.08748000,10.00000000,4.00000000,3.53653205,2.29519267,0.33108654,0,0.46346795
0.08750000,10.00000000,4.00000000,3.54186587,2.20382443,0.33140802,0,0.45813413
0.08752000,10.00000000,4.00000000,3.54615382,2.11181770,0.33174226,0,0.45384618
0.08754000,10.00000000,4.00000000,3.54939722,2.01964183,0.33208930,0,0.45060278
0.08756000,10.00000000,4.00000000,3.55160260,1.92776463,0.33244904,0,0.44839740
0.08758000,10.00000000,4.00000000,3.55278158,1.83665002,0.33282135,0,0.44721842
0.08760000,10.00000000,4.00000000,3.55295084,1.74675562,0.33320597,0,0.44704916
0.08762000,10.00000000,4.00000000,3.55213200,1.65853041,0.33350085,0,0.44786800
0.08764000,10.00000000,4.00000000,3.55034921,1.57200588,0.33378944,0,0.44965079
0.08766000,10.00000000,4.00000000,3.54762863,1.48753729,0.33409289,0,0.45237137
0.08768000,10.00000000,4.00000000,3.54400063,1.40555332,0.33441130,0,0.45599937
0.08770000,10.00000000,4.00000000,3.53950009,1.32646994,0.33474468,0,0.46049991
0.08772000,10.00000000,4.00000000,3.53416621,1.25068834,0.33509294,0,0.46583379
0.08774000,10.00000000,4.00000000,3.52804235,1.17859285,0.33545592,0,0.47195765
0.08776000,10.00000000,4.00000000,3.52117577,1.11054900,0.33583338,0,0.47882423
0.08778000,10.00000000,4.00000000,3.51361740,1.04690171,0.33622497,0,0.48638260
0.08780000,10.00000000,4.00000000,3.50542162,0.98797350,0.33663031,0,0.49457838
0.08782000,10.00000000,4.00000000,3.49664591,0.93406291,0.33704892,0,0.50335409
0.08784000,10.00000000,4.00000000,3.48735062,0.88544302,0.33748026,0,0.51264938
0.08786000,10.00000000,4.00000000,3.47759864,0.84236005,0.33792371,0,0.52240136
0.08788000,10.00000000,4.00000000,3.46745508,0.80503220,0.33837885,0,0.53254492
0.08790000,10.00000000,4.00000000,3.45698696,0.77364952,0.33884548,0,0.54301304
0.08792000,10.00000000,4.00000000,3.44626288,0.74837409,0.33932205,0,0.55373712
0.08794000,10.00000000,4.00000000,3.43535266,0.72933416,0.33980773,0,0.56464734
0.08796000,10.00000000,4.00000000,3.42432699,0.71662648,0.34030163,0,0.57567301
0.08798000,10.00000000,4.00000000,3.41325706,0.71031589,0.34080282,0,0.58674294
0.08800000,10.00000000,4.00000000,3.40221419,0.71043499,0.34131033,0,0.59778581
0.08802000,10.00000000,4.00000000,3.39126952,0.71698402,0.34182233,0,0.60873048
0.08804000,10.00000000,4.00000000,3.38049357,0.72992751,0.34233510,0,0.61950643
0.08806000,10.00000000,4.00000000,3.36995585,0.74918712,0.34285120,0,0.63004415
0.08808000,10.00000000,4.00000000,3.35972452,0.77466718,0.34336958,0,0.64027548
0.08810000,10.00000000,4.00000000,3.34986613,0.80624090,0.34388918,0,0.65013387
0.08812000,10.00000000,4.00000000,3.34044528,0.84375097,0.34440892,0,0.65955472
0.08814000,10.00000000,4.00000000,3.33152432,0.88701040,0.34492772,0,0.66847568
0.08816000,10.00000000,4.00000000,3.32316299,0.93580343,0.34544449,0,0.67683701
0.08818000,10.00000000,4.00000000,3.31541820,0.98988661,0.34595815,0,0.68458180
0.08820000,10.00000000,4.00000000,3.30834366,1.04899001,0.34646760,0,0.69165634
0.08822000,10.00000000,4.00000000,3.30198966,1.11281857,0.34697179,0,0.69801034
0.08824000,10.00000000,4.00000000,3.29640282,1.18105355,0.34746966,0,0.70359718
0.08826000,10.00000000,4.00000000,3.29162584,1.25335409,0.34796015,0,0.70837416
0.08828000,10.00000000,4.00000000,3.28769730,1.32935894,0.34844226,0,0.71230270
0.08830000,10.00000000,4.00000000,3.28465144,1.40868818,0.34891500,0,0.71534856
0.08832000,10.00000000,4.00000000,3.28251801,1.49094513,0.34937740,0,0.71748199
0.08834000,10.00000000,4.00000000,3.28132214,1.57571832,0.34982855,0,0.71867786
0.08836000,10.00000000,4.00000000,3.28108415,1.66258346,0.35026756,0,0.71891585
0.08838000,10.00000000,4.00000000,3.28181953,1.75110559,0.35060292,0,0.71818047
0.08840000,10.00000000,4.00000000,3.28353677,1.84047877,0.35089425,0,0.71646323
0.08842000,10.00000000,4.00000000,3.28623670,1.93013377,0.35117119,0,0.71376330
0.08844000,10.00000000,4.00000000,3.28991450,2.01962074,0.35143383,0,0.71008550
0.08846000,10.00000000,4.00000000,3.29456043,2.10849311,0.35168224,0,0.70543957
0.08848000,10.00000000,4.00000000,3.30015984,2.19630948,0.35191655,0,0.69984016
0.08850000,10.00000000,4.00000000,3.30669335,2.28263580,0.35213696,0,0.69330665
0.08852000,10.00000000,4.00000000,3.31413689,2.36704746,0.35234370,0,0.68586311
0.08854000,10.00000000,4.00000000,3.32246193,2.44913133,0.35253707,0,0.67753807
0.08856000,10.00000000,4.00000000,3.33163555,2.52848780,0.35271743,0,0.66836445
0.08858000,10.00000000,4.00000000,3.34162068,2.60473267,0.35288519,0,0.65837932
0.08860000,10.00000000,4.00000000,3.35237630,2.67749900,0.35304082,0,0.64762370
0.08862000,10.00000000,4.00000000,3.36385766,2.74643887,0.35318481,0,0.63614234
0.08864000,10.00000000,4.00000000,3.37601650,2.81122502,0.35331775,0,0.62398350
0.08866000,10.00000000,4.00000000,3.38880134,2.87155242,0.35344024,0,0.61119866
0.08868000,10.00000000,4.00000000,3.40215771,2.92713968,0.35354887,0,0.59784229
0.08870000,10.00000000,4.00000000,3.41602841,2.97771411,0.35364688,0,0.58397159
0.08872000,10.00000000,4.00000000,3.43035370,3.02303934,0.35373641,0,0.56964630
0.08874000,10.00000000,4.00000000,3.44507176,3.06291194,0.35381827,0,0.55492824
0.08876000,10.00000000,4.00000000,3.46011898,3.09715678,0.35389331,0,0.53988102
0.08878000,10.00000000,4.00000000,3.47543037,3.12562787,0.35396241,0,0.52456963
0.08880000,10.00000000,4.00000000,3.49093981,3.14820898,0.35402647,0,0.50906019
0.08882000,10.00000000,4.00000000,3.50658044,3.16481407,0.35408642,0,0.49341956
0.08884000,10.00000000,4.00000000,3.52228498,3.17538768,0.35414385,0,0.47771502
0.08886000,10.00000000,4.00000000,3.53798611,3.17990761,0.35419920,0,0.46201389
0.08888000,10.00000000,4.00000000,3.55361678,3.17838036,0.35425327,0,0.44638322
0.08890000,10.00000000,4.00000000,3.56911054,3.17084231,0.35430704,0,0.43088946
0.08892000,10.00000000,4.00000000,3.58440190,3.15736017,0.35436149,0,0.41559810
0.08894000,10.00000000,4.00000000,3.59942664,3.13803046,0.35441757,0,0.40057336
0.08896000,10.00000000,4.00000000,3.61412211,3.11297900,0.35447626,0,0.38587789
0.08898000,10.00000000,4.00000000,3.62842757,3.08236011,0.35453849,0,0.37157243
0.08900000,10.00000000,4.00000000,3.64228448,3.04635576,0.35460518,0,0.35771552
0.08902000,10.00000000,4.00000000,3.65563679,3.00517451,0.35467723,0,0.34436321
0.08904000,10.00000000,4.00000000,3.66843120,2.95905039,0.35475550,0,0.33156880
0.08906000,10.00000000,4.00000000,3.68061746,2.90824157,0.35484080,0,0.31938254
0.08908000,10.00000000,4.00000000,3.69214857,2.85302898,0.35493392,0,0.30785143
0.08910000,10.00000000,4.00000000,3.70298102,2.79371476,0.35503300,0,0.29701898
0.08912000,10.00000000,4.00000000,3.71307495,2.73061034,0.35513982,0,0.28692505
0.08914000,10.00000000,4.00000000,3.72239428,2.66404939,0.35525679,0,0.27760572
0.08916000,10.00000000,4.00000000,3.73090699,2.59438892,0.35538449,0,0.26909301
0.08918000,10.00000000,4.00000000,3.73858523,2.52200021,0.35552342,0,0.26141477
0.08920000,10.00000000,4.00000000,3.74540553,2.44726679,0.35567400,0,0.25459447
0.08922000,10.00000000,4.00000000,3.75134883,2.37058243,0.35583686,0,0.24865117
0.08924000,10.00000000,4.00000000,3.75640061,2.29235009,0.35601212,0,0.24359939
0.08926000,10.00000000,4.00000000,3.76055091,2.21297810,0.35619983,0,0.23944909
0.08928000,10.00000000,4.00000000,3.76379437,2.13287811,0.35640012,0,0.23620563
0.08930000,10.00000000,4.00000000,3.76613026,2.05246345,0.35661302,0,0.23386974
0.08932000,10.00000000,4.00000000,3.76756240,1.97214698,0.35683847,0,0.23243760
0.08934000,10.00000000,4.00000000,3.76809916,1.89233891,0.35707635,0,0.23190084
0.08936000,10.00000000,4.00000000,3.76775339,1.81344467,0.35728374,0,0.23224661
0.08938000,10.00000000,4.00000000,3.76654137,1.73569211,0.35743876,0,0.23345863
0.08940000,10.00000000,4.00000000,3.76448131,1.65921467,0.35760786,0,0.23551869
0.08942000,10.00000000,4.00000000,3.76159420,1.58440387,0.35779120,0,0.23840580
0.08944000,10.00000000,4.00000000,3.75790523,1.51164252,0.35798882,0,0.24209477
0.08946000,10.00000000,4.00000000,3.75344362,1.44130281,0.35820071,0,0.24655638
0.08948000,10.00000000,4.00000000,3.74824249,1.37374438,0.35842677,0,0.25175751
0.08950000,10.00000000,4.00000000,3.74233869,1.30931247,0.35866685,0,0.25766131
0.08952000,10.00000000,4.00000000,3.73577259,1.24833625,0.35892113,0,0.26422741
0.08954000,10.00000000,4.00000000,3.72858791,1.19112880,0.35918886,0,0.27141209
0.08956000,10.00000000,4.00000000,3.72083145,1.13798212,0.35946965,0,0.27916855
0.08958000,10.00000000,4.00000000,3.71255292,1.08916731,0.35976304,0,0.28744708
0.08960000,10.00000000,4.00000000,3.70380460,1.04493322,0.36006851,0,0.29619540
0.08962000,10.00000000,4.00000000,3.69464111,1.00550522,0.36038439,0,0.30535889
0.08964000,10.00000000,4.00000000,3.68511913,0.97107975,0.36070829,0,0.31488087
0.08966000,10.00000000,4.00000000,3.67529699,0.94182069,0.36104223,0,0.32470301
0.08968000,10.00000000,4.00000000,3.66523445,0.91787631,0.36138548,0,0.33476555
0.08970000,10.00000000,4.00000000,3.65499243,0.89936788,0.36173728,0,0.34500757
0.08972000,10.00000000,4.00000000,3.64463269,0.88638908,0.36209683,0,0.35536731
0.08974000,10.00000000,4.00000000,3.63421754,0.87900554,0.36246329,0,0.36578246
0.08976000,10.00000000,4.00000000,3.62380952,0.87725455,0.36283578,0,0.37619048
0.08978000,10.00000000,4.00000000,3.61347107,0.88114492,0.36321341,0,0.38652893
0.08980000,10.00000000,4.00000000,3.60326422,0.89065693,0.36359525,0,0.39673578
0.08982000,10.00000000,4.00000000,3.59325030,0.90574246,0.36398034,0,0.40674970
0.08984000,10.00000000,4.00000000,3.58348958,0.92632527,0.36436772,0,0.41651042
0.08986000,10.00000000,4.00000000,3.57404102,0.95230140,0.36475641,0,0.42595898
0.08988000,10.00000000,4.00000000,3.56496196,0.98353969,0.36514542,0,0.43503804
0.08990000,10.00000000,4.00000000,3.55630778,1.01988248,0.36553375,0,0.44369222
0.08992000,10.00000000,4.00000000,3.54813170,1.06114639,0.36592041,0,0.45186830
0.08994000,10.00000000,4.00000000,3.54048447,1.10712325,0.36630441,0,0.45951553
0.08996000,10.00000000,4.00000000,3.53341410,1.15758115,0.36668475,0,0.46658590
0.08998000,10.00000000,4.00000000,3.52696566,1.21226562,0.36706045,0,0.47303434
0.09000000,10.00000000,4.00000000,3.52118102,1.27090086,0.36743056,0,0.47881898
0.09002000,10.00000000,4.00000000,3.51609865,1.33319118,0.36779413,0,0.48390135
0.09004000,10.00000000,4.00000000,3.51175343,1.39882239,0.36815024,0,0.48824657
0.09006000,10.00000000,4.00000000,3.50817648,1.46746344,0.36849799,0,0.49182352
0.09008000,10.00000000,4.00000000,3.50539496,1.53876803,0.36883652,0,0.49460504
0.09010000,10.00000000,4.00000000,3.50343201,1.61237634,0.36916500,0,0.49656799
0.09012000,10.00000000,4.00000000,3.50230656,1.68791680,0.36948263,0,0.49769344
0.09014000,10.00000000,4.00000000,3.50203328,1.76500796,0.36978867,0,0.49796672
0.09016000,10.00000000,4.00000000,3.50262245,1.84326037,0.37000915,0,0.49737755
0.09018000,10.00000000,4.00000000,3.50407837,1.92198567,0.37018228,0,0.49592163
0.09020000,10.00000000,4.00000000,3.50639849,2.00064811,0.37034239,0,0.49360151
0.09022000,10.00000000,4.00000000,3.50957513,2.07885130,0.37048965,0,0.49042487
0.09024000,10.00000000,4.00000000,3.51359628,2.15620350,0.37062419,0,0.48640372
0.09026000,10.00000000,4.00000000,3.51844568,2.23231913,0.37074620,0,0.48155432
0.09028000,10.00000000,4.00000000,3.52410296,2.30682075,0.37085593,0,0.47589704
0.09030000,10.00000000,4.00000000,3.53054369,2.37934078,0.37095365,0,0.46945631
0.09032000,10.00000000,4.00000000,3.53773960,2.44952339,0.37103972,0,0.46226040
0.09034000,10.00000000,4.00000000,3.54565869,2.51702615,0.37111453,0,0.45434131
0.09036000,10.00000000,4.00000000,3.55426544,2.58152174,0.37117851,0,0.44573456
0.09038000,10.00000000,4.00000000,3.56352098,2.64269943,0.37123215,0,0.43647902
0.09040000,10.00000000,4.00000000,3.57338331,2.70026667,0.37127599,0,0.42661669
0.09042000,10.00000000,4.00000000,3.58380754,2.75395040,0.37131060,0,0.41619246
0.09044000,10.00000000,4.00000000,3.59474611,2.80349838,0.37133659,0,0.40525389
0.09046000,10.00000000,4.00000000,3.60614904,2.84868034,0.37135464,0,0.39385096
0.09048000,10.00000000,4.00000000,3.61796422,2.88928910,0.37136543,0,0.38203578
0.09050000,10.00000000,4.00000000,3.63013765,2.92514147,0.37136969,0,0.36986235
0.09052000,10.00000000,4.00000000,3.64261376,2.95607911,0.37136819,0,0.35738624
0.09054000,10.00000000,4.00000000,3.65533565,2.98196923,0.37136172,0,0.34466435
0.09056000,10.00000000,4.00000000,3.66824541,3.00270518,0.37135108,0,0.33175459
0.09058000,10.00000000,4.00000000,3.68128443,3.01820685,0.37133711,0,0.31871557
0.09060000,10.00000000,4.00000000,3.69439369,3.02842103,0.37132067,0,0.30560631
0.09062000,10.00000000,4.00000000,3.70751403,3.03332157,0.37129791,0,0.29248597
0.09064000,10.00000000,4.00000000,3.72058640,3.03289056,0.37127378,0,0.27941360
0.09066000,10.00000000,4.00000000,3.73355211,3.02715345,0.37124985,0,0.26644789
0.09068000,10.00000000,4.00000000,3.74635324,3.01616533,0.37122702,0,0.25364676
0.09070000,10.00000000,4.00000000,3.75893295,3.00000786,0.37120619,0,0.24106705
0.09072000,10.00000000,4.00000000,3.77123576,2.97878876,0.37118825,0,0.22876424
0.09074000,10.00000000,4.00000000,3.78320785,2.95264115,0.37117407,0,0.21679215
0.09076000,10.00000000,4.00000000,3.79479730,2.92172280,0.37116468,0,0.20520270
0.09078000,10.00000000,4.00000000,3.80595434,2.88621596,0.37116075,0,0.19404566
0.09080000,10.00000000,4.00000000,3.81663166,2.84632502,0.37116301,0,0.18336834
0.09082000,10.00000000,4.00000000,3.82678457,2.80227562,0.37117220,0,0.17321543
0.09084000,10.00000000,4.00000000,3.83637125,2.75431372,0.37118905,0,0.16362875
0.09086000,10.00000000,4.00000000,3.84535293,2.70270431,0.37121423,0,0.15464707
0.09088000,10.00000000,4.00000000,3.85369411,2.64772991,0.37124835,0,0.14630589
0.09090000,10.00000000,4.00000000,3.86136268,2.58968905,0.37129200,0,0.13863732
0.09092000,10.00000000,4.00000000,3.86833014,2.52889468,0.37134567,0,0.13166986
0.09094000,10.00000000,4.00000000,3.87457165,2.46567244,0.37140982,0,0.12542835
0.09096000,10.00000000,4.00000000,3.88006618,2.40035895,0.37148482,0,0.11993382
0.09098000,10.00000000,4.00000000,3.88479661,2.33329999,0.37157100,0,0.11520339
0.09100000,10.00000000,4.00000000,3.88874980,2.26484864,0.37166860,0,0.11125020
0.09102000,10.00000000,4.00000000,3.89191660,2.19536344,0.37177778,0,0.10808340
0.09104000,10.00000000,4.00000000,3.89429192,2.12520645,0.37189866,0,0.10570808
0.09106000,10.00000000,4.00000000,3.89587472,2.05474136,0.37203124,0,0.10412528
0.09108000,10.00000000,4.00000000,3.89666800,1.98433159,0.37217550,0,0.10333200
0.09110000,10.00000000,4.00000000,3.89667873,1.91433833,0.37233131,0,0.10332127
0.09112000,10.00000000,4.00000000,3.89591787,1.84511875,0.37240555,0,0.10408213
0.09114000,10.00000000,4.00000000,3.89439814,1.77665270,0.37249126,0,0.10560186
0.09116000,10.00000000,4.00000000,3.89213404,1.70928680,0.37258993,0,0.10786596
0.09118000,10.00000000,4.00000000,3.88914379,1.64336712,0.37270168,0,0.11085621
0.09120000,10.00000000,4.00000000,3.88544934,1.57923213,0.37282653,0,0.11455066
0.09122000,10.00000000,4.00000000,3.88107620,1.51721100,0.37296447,0,0.11892380
0.09124000,10.00000000,4.00000000,3.87605331,1.45762183,0.37311538,0,0.12394669
0.09126000,10.00000000,4.00000000,3.87041294,1.40077008,0.37327909,0,0.12958706
0.09128000,10.00000000,4.00000000,3.86419046,1.34694697,0.37345536,0,0.13580954
0.09130000,10.00000000,4.00000000,3.85742420,1.29642804,0.37364389,0,0.14257580
0.09132000,10.00000000,4.00000000,3.85015523,1.24947168,0.37384430,0,0.14984477
0.09134000,10.00000000,4.00000000,3.84242715,1.20631787,0.37405617,0,0.15757285
0.09136000,10.00000000,4.00000000,3.83428590,1.16718697,0.37427902,0,0.16571410
0.09138000,10.00000000,4.00000000,3.82577944,1.13227862,0.37451229,0,0.17422056
0.09140000,10.00000000,4.00000000,3.81695760,1.10177070,0.37475541,0,0.18304240
0.09142000,10.00000000,4.00000000,3.80787176,1.07581853,0.37500773,0,0.19212824
0.09144000,10.00000000,4.00000000,3.79857462,1.05455404,0.37526859,0,0.20142538
0.09146000,10.00000000,4.00000000,3.78911990,1.03808513,0.37553725,0,0.21088010
0.09148000,10.00000000,4.00000000,3.77956210,1.02649521,0.37581297,0,0.22043790
0.09150000,10.00000000,4.00000000,3.76995620,1.01984274,0.37609496,0,0.23004380
0.09152000,10.00000000,4.00000000,3.76035736,1.01816102,0.37638276,0,0.23964264
0.09154000,10.00000000,4.00000000,3.75082072,1.02145942,0.37667518,0,0.24917928
0.09156000,10.00000000,4.00000000,3.74140101,1.02972061,0.37697137,0,0.25859899
0.09158000,10.00000000,4.00000000,3.73215238,1.04290199,0.37727042,0,0.26784762
0.09160000,10.00000000,4.00000000,3.72312803,1.06093593,0.37757144,0,0.27687197
0.09162000,10.00000000,4.00000000,3.71438000,1.08373016,0.37787353,0,0.28562000
0.09164000,10.00000000,4.00000000,3.70595887,1.11116822,0.37817577,0,0.29404113
0.09166000,10.00000000,4.00000000,3.69791353,1.14311012,0.37847723,0,0.30208647
0.09168000,10.00000000,4.00000000,3.69029092,1.17939299,0.37877393,0,0.30970908
0.09170000,10.00000000,4.00000000,3.68313572,1.21981967,0.37906808,0,0.31686428
0.09172000,10.00000000,4.00000000,3.67649012,1.26418446,0.37935893,0,0.32350988
0.09174000,10.00000000,4.00000000,3.67039371,1.31226233,0.37964561,0,0.32960629
0.09176000,10.00000000,4.00000000,3.66488324,1.36380949,0.37992727,0,0.33511676
0.09178000,10.00000000,4.00000000,3.65999248,1.41856459,0.38020305,0,0.34000752
0.09180000,10.00000000,4.00000000,3.65575201,1.47625005,0.38047216,0,0.34424799
0.09182000,10.00000000,4.00000000,3.65218909,1.53657345,0.38073378,0,0.34781091
0.09184000,10.00000000,4.00000000,3.64932749,1.59922897,0.38098716,0,0.35067251
0.09186000,10.00000000,4.00000000,3.64718743,1.66389895,0.38123156,0,0.35281257
0.09188000,10.00000000,4.00000000,3.64578541,1.73025545,0.38146630,0,0.35421459
0.09190000,10.00000000,4.00000000,3.64513417,1.79796192,0.38169072,0,0.35486583
0.09192000,10.00000000,4.00000000,3.64524261,1.86667485,0.38189080,0,0.35475739
0.09194000,10.00000000,4.00000000,3.64611544,1.93599194,0.38199838,0,0.35388456
0.09196000,10.00000000,4.00000000,3.64775138,2.00523744,0.38209427,0,0.35224862
0.09198000,10.00000000,4.00000000,3.65014345,2.07406059,0.38217876,0,0.34985655
0.09200000,10.00000000,4.00000000,3.65328086,2.14211538,0.38225199,0,0.34671914
0.09202000,10.00000000,4.00000000,3.65714908,2.20906144,0.38231416,0,0.34285092
0.09204000,10.00000000,4.00000000,3.66172992,2.27456567,0.38236548,0,0.33827008
0.09206000,10.00000000,4.00000000,3.66700165,2.33830391,0.38240625,0,0.33299835
0.09208000,10.00000000,4.00000000,3.67293913,2.39996248,0.38243678,0,0.32706087
0.09210000,10.00000000,4.00000000,3.67951394,2.45923971,0.38245744,0,0.32048606
0.09212000,10.00000000,4.00000000,3.68669455,2.51584741,0.38246865,0,0.31330545
0.09214000,10.00000000,4.00000000,3.69444651,2.56951225,0.38247087,0,0.30555349
0.09216000,10.00000000,4.00000000,3.70273259,2.61997705,0.38246242,0,0.29726741
0.09218000,10.00000000,4.00000000,3.71151299,2.66699338,0.38244448,0,0.28848701
0.09220000,10.00000000,4.00000000,3.72074549,2.71033393,0.38241898,0,0.27925451
0.09222000,10.00000000,4.00000000,3.73038571,2.74979642,0.38238654,0,0.26961429
0.09224000,10.00000000,4.00000000,3.74038739,2.78519922,0.38234783,0,0.25961261
0.09226000,10.00000000,4.00000000,3.75070266,2.81638216,0.38230353,0,0.24929734
0.09228000,10.00000000,4.00000000,3.76128223,2.84320728,0.38225436,0,0.23871777
0.09230000,10.00000000,4.00000000,3.77207569,2.86555943,0.38220106,0,0.22792431
0.09232000,10.00000000,4.00000000,3.78303176,2.88334675,0.38214446,0,0.21696824
0.09234000,10.00000000,4.00000000,3.79409858,2.89650135,0.38208539,0,0.20590142
0.09236000,10.00000000,4.00000000,3.80522394,2.90497949,0.38202449,0,0.19477606
0.09238000,10.00000000,4.00000000,3.81635555,2.90876090,0.38196256,0,0.18364445
0.09240000,10.00000000,4.00000000,3.82744136,2.90784935,0.38190040,0,0.17255864
0.09242000,10.00000000,4.00000000,3.83842974,2.90227262,0.38183882,0,0.16157026
0.09244000,10.00000000,4.00000000,3.84926981,2.89208220,0.38177863,0,0.15073019
0.09246000,10.00000000,4.00000000,3.85991167,2.87735298,0.38172062,0,0.14008833
0.09248000,10.00000000,4.00000000,3.87030665,2.85818278,0.38166559,0,0.12969335
0.09250000,10.00000000,4.00000000,3.88040756,2.83469173,0.38161431,0,0.11959244
0.09252000,10.00000000,4.00000000,3.89016893,2.80702163,0.38156753,0,0.10983107
0.09254000,10.00000000,4.00000000,3.89954720,2.77533505,0.38152598,0,0.10045280
0.09256000,10.00000000,4.00000000,3.90850101,2.73981451,0.38149035,0,0.09149899
0.09258000,10.00000000,4.00000000,3.91699132,2.70066140,0.38146133,0,0.08300868
0.09260000,10.00000000,4.00000000,3.92498165,2.65809487,0.38143952,0,0.07501835
0.09262000,10.00000000,4.00000000,3.93243824,2.61235065,0.38142552,0,0.06756176
0.09264000,10.00000000,4.00000000,3.93933022,2.56367974,0.38141987,0,0.06066978
0.09266000,10.00000000,4.00000000,3.94562976,2.51234705,0.38142306,0,0.05437024
0.09268000,10.00000000,4.00000000,3.95131216,2.45862996,0.38143553,0,0.04868784
0.09270000,10.00000000,4.00000000,3.95635602,2.40281683,0.38145765,0,0.04364398
0.09272000,10.00000000,4.00000000,3.96074330,2.34520544,0.38148976,0,0.03925670
0.09274000,10.00000000,4.00000000,3.96445939,2.28610139,0.38153212,0,0.03554061
0.09276000,10.00000000,4.00000000,3.96749320,2.22581649,0.38158493,0,0.03250680
0.09278000,10.00000000,4.00000000,3.96983719,2.16466707,0.38164833,0,0.03016281
0.09280000,10.00000000,4.00000000,3.97148735,2.10297233,0.38172238,0,0.02851265
0.09282000,10.00000000,4.00000000,3.97244327,2.04105264,0.38180711,0,0.02755673
0.09284000,10.00000000,4.00000000,3.97270808,1.97922785,0.38190244,0,0.02729192
0.09286000,10.00000000,4.00000000,3.97228841,1.91781565,0.38195745,0,0.02771159
0.09288000,10.00000000,4.00000000,3.97119326,1.85692678,0.38199185,0,0.02880674
0.09290000,10.00000000,4.00000000,3.96943320,1.79674695,0.38203788,0,0.03056680
0.09292000,10.00000000,4.00000000,3.96702148,1.73758608,0.38209568,0,0.03297852
0.09294000,10.00000000,4.00000000,3.96397471,1.67974869,0.38216533,0,0.03602529
0.09296000,10.00000000,4.00000000,3.96031273,1.62353237,0.38224684,0,0.03968727
0.09298000,10.00000000,4.00000000,3.95605851,1.56922617,0.38234018,0,0.04394149
0.09300000,10.00000000,4.00000000,3.95123807,1.51710917,0.38244523,0,0.04876193
0.09302000,10.00000000,4.00000000,3.94588028,1.46744901,0.38256180,0,0.05411972
0.09304000,10.00000000,4.00000000,3.94001678,1.42050052,0.38268969,0,0.05998322
0.09306000,10.00000000,4.00000000,3.93368175,1.37650444,0.38282857,0,0.06631825
0.09308000,10.00000000,4.00000000,3.92691180,1.33568617,0.38297813,0,0.07308820
0.09310000,10.00000000,4.00000000,3.91974571,1.29825464,0.38313794,0,0.08025429
0.09312000,10.00000000,4.00000000,3.91222427,1.26440127,0.38330757,0,0.08777573
0.09314000,10.00000000,4.00000000,3.90439009,1.23429898,0.38348651,0,0.09560991
0.09316000,10.00000000,4.00000000,3.89628732,1.20810134,0.38367422,0,0.10371268
0.09318000,10.00000000,4.00000000,3.88796147,1.18594182,0.38387013,0,0.11203853
0.09320000,10.00000000,4.00000000,3.87945916,1.16793312,0.38407360,0,0.12054084
0.09322000,10.00000000,4.00000000,3.87082790,1.15416661,0.38428399,0,0.12917210
0.09324000,10.00000000,4.00000000,3.86211579,1.14471193,0.38450059,0,0.13788421
0.09326000,10.00000000,4.00000000,3.85337136,1.13961660,0.38472271,0,0.14662864
0.09328000,10.00000000,4.00000000,3.84464323,1.13890588,0.38494959,0,0.15535677
0.09330000,10.00000000,4.00000000,3.83597994,1.14258258,0.38518048,0,0.16402006
0.09332000,10.00000000,4.00000000,3.82742964,1.15062716,0.38541460,0,0.17257036
0.09334000,10.00000000,4.00000000,3.81903990,1.16299777,0.38565114,0,0.18096010
0.09336000,10.00000000,4.00000000,3.81085742,1.17963054,0.38588931,0,0.18914258
0.09338000,10.00000000,4.00000000,3.80292782,1.20043990,0.38612828,0,0.19707218
0.09340000,10.00000000,4.00000000,3.79529540,1.22531901,0.38636725,0,0.20470460
0.09342000,10.00000000,4.00000000,3.78800293,1.25414038,0.38660539,0,0.21199707
0.09344000,10.00000000,4.00000000,3.78109138,1.28675643,0.38684189,0,0.21890862
0.09346000,10.00000000,4.00000000,3.77459980,1.32300036,0.38707592,0,0.22540020
0.09348000,10.00000000,4.00000000,3.76856504,1.36268690,0.38730670,0,0.23143496
0.09350000,10.00000000,4.00000000,3.76302159,1.40561330,0.38753343,0,0.23697841
0.09352000,10.00000000,4.00000000,3.75800144,1.45156035,0.38775533,0,0.24199856
0.09354000,10.00000000,4.00000000,3.75353386,1.50029350,0.38797166,0,0.24646614
0.09356000,10.00000000,4.00000000,3.74964529,1.55156402,0.38818168,0,0.25035471
0.09358000,10.00000000,4.00000000,3.74635920,1.60511026,0.38838467,0,0.25364080
0.09360000,10.00000000,4.00000000,3.74369596,1.66065898,0.38857997,0,0.25630404
0.09362000,10.00000000,4.00000000,3.74167274,1.71792672,0.38876693,0,0.25832726
0.09364000,10.00000000,4.00000000,3.74030343,1.77662120,0.38894494,0,0.25969657
0.09366000,10.00000000,4.00000000,3.73959855,1.83644283,0.38911341,0,0.26040145
0.09368000,10.00000000,4.00000000,3.73956522,1.89708619,0.38927183,0,0.26043478
0.09370000,10.00000000,4.00000000,3.74020711,1.95824158,0.38934030,0,0.25979289
0.09372000,10.00000000,4.00000000,3.74152267,2.01927917,0.38939398,0,0.25847733
0.09374000,10.00000000,4.00000000,3.74350502,2.07987162,0.38943732,0,0.25649498
0.09376000,10.00000000,4.00000000,3.74614386,2.13971280,0.38947049,0,0.25385614
0.09378000,10.00000000,4.00000000,3.74942553,2.19850204,0.38949367,0,0.25057447
0.09380000,10.00000000,4.00000000,3.75333320,2.25594552,0.38950710,0,0.24666680
0.09382000,10.00000000,4.00000000,3.75784689,2.31175773,0.38951105,0,0.24215311
0.09384000,10.00000000,4.00000000,3.76294362,2.36566285,0.38950585,0,0.23705638
0.09386000,10.00000000,4.00000000,3.76859757,2.41739611,0.38949185,0,0.23140243
0.09388000,10.00000000,4.00000000,3.77478016,2.46670506,0.38946945,0,0.22521984
0.09390000,10.00000000,4.00000000,3.78146028,2.51335079,0.38943908,0,0.21853972
0.09392000,10.00000000,4.00000000,3.78860440,2.55710906,0.38940123,0,0.21139560
0.09394000,10.00000000,4.00000000,3.79617678,2.59777139,0.38935639,0,0.20382322
0.09396000,10.00000000,4.00000000,3.80413967,2.63514603,0.38930511,0,0.19586033
0.09398000,10.00000000,4.00000000,3.81245350,2.66905885,0.38924796,0,0.18754650
0.09400000,10.00000000,4.00000000,3.82107709,2.69935418,0.38918553,0,0.17892291
0.09402000,10.00000000,4.00000000,3.82996787,2.72589550,0.38911846,0,0.17003213
0.09404000,10.00000000,4.00000000,3.83908210,2.74856605,0.38904739,0,0.16091790
0.09406000,10.00000000,4.00000000,3.84837509,2.76726936,0.38897298,0,0.15162491
0.09408000,10.00000000,4.00000000,3.85780147,2.78192966,0.38889593,0,0.14219853
0.09410000,10.00000000,4.00000000,3.86731538,2.79249215,0.38881693,0,0.13268462
0.09412000,10.00000000,4.00000000,3.87687071,2.79892326,0.38873669,0,0.12312929
0.09414000,10.00000000,4.00000000,3.88642139,2.80121068,0.38865593,0,0.11357861
0.09416000,10.00000000,4.00000000,3.89592156,2.79936338,0.38857538,0,0.10407844
0.09418000,10.00000000,4.00000000,3.90532582,2.79341148,0.38849574,0,0.09467418
0.09420000,10.00000000,4.00000000,3.91458951,2.78340596,0.38841775,0,0.08541049
0.09422000,10.00000000,4.00000000,3.92366886,2.76941841,0.38834209,0,0.07633114
0.09424000,10.00000000,4.00000000,3.93252127,2.75154050,0.38826949,0,0.06747873
0.09426000,10.00000000,4.00000000,3.94110548,2.72988348,0.38820060,0,0.05889452
0.09428000,10.00000000,4.00000000,3.94938182,2.70457752,0.38813610,0,0.05061818
0.09430000,10.00000000,4.00000000,3.95731238,2.67577095,0.38807662,0,0.04268762
0.09432000,10.00000000,4.00000000,3.96486117,2.64362942,0.38802277,0,0.03513883
0.09434000,10.00000000,4.00000000,3.97199437,2.60833501,0.38797513,0,0.02800563
0.09436000,10.00000000,4.00000000,3.97868043,2.57008518,0.38793424,0,0.02131957
0.09438000,10.00000000,4.00000000,3.98489023,2.52909168,0.38790061,0,0.01510977
0.09440000,10.00000000,4.00000000,3.99059726,2.48557944,0.38787469,0,0.00940274
0.09442000,10.00000000,4.00000000,3.99577769,2.43978530,0.38785691,0,0.00422231
0.09444000,10.00000000,4.00000000,4.00041053,2.39195671,0.38785426,0,-0.00041053
0.09446000,10.00000000,4.00000000,4.00447782,2.34237696,0.38791947,0,-0.00447782
0.09448000,10.00000000,4.00000000,4.00796607,2.29154659,0.38798419,0,-0.00796607
0.09450000,10.00000000,4.00000000,4.01086591,2.23969722,0.38804830,0,-0.01086591
0.09452000,10.00000000,4.00000000,4.01317061,2.18706318,0.38811184,0,-0.01317061
0.09454000,10.00000000,4.00000000,4.01487608,2.13388120,0.38814147,0,-0.01487608
0.09456000,10.00000000,4.00000000,4.01598015,2.08025579,0.38811413,0,-0.01598015
0.09458000,10.00000000,4.00000000,4.01648131,2.02619992,0.38809613,0,-0.01648131
0.09460000,10.00000000,4.00000000,4.01637967,1.97199218,0.38810011,0,-0.01637967
0.09462000,10.00000000,4.00000000,4.01567871,1.91796107,0.38817421,0,-0.01567871
0.09464000,10.00000000,4.00000000,4.01438659,1.86462533,0.38825749,0,-0.01438659
0.09466000,10.00000000,4.00000000,4.01251580,1.81225575,0.38834959,0,-0.01251580
0.09468000,10.00000000,4.00000000,4.01008172,1.76111611,0.38845026,0,-0.01008172
0.09470000,10.00000000,4.00000000,4.00710251,1.71146248,0.38855924,0,-0.00710251
0.09472000,10.00000000,4.00000000,4.00359906,1.66354205,0.38867620,0,-0.00359906
0.09474000,10.00000000,4.00000000,3.99959477,1.61759183,0.38879425,0,0.00040523
0.09476000,10.00000000,4.00000000,3.99511539,1.57381143,0.38885372,0,0.00488461
0.09478000,10.00000000,4.00000000,3.99018732,1.53215126,0.38891283,0,0.00981268
0.09480000,10.00000000,4.00000000,3.98483750,1.49278405,0.38897179,0,0.01516250
0.09482000,10.00000000,4.00000000,3.97909459,1.45587219,0.38903063,0,0.02090541
0.09484000,10.00000000,4.00000000,3.97298882,1.42156646,0.38908939,0,0.02701118
0.09486000,10.00000000,4.00000000,3.96655185,1.39000539,0.38914811,0,0.03344815
0.09488000,10.00000000,4.00000000,3.95981665,1.36131476,0.38920684,0,0.04018335
0.09490000,10.00000000,4.00000000,3.95281730,1.33560711,0.38926561,0,0.04718270
0.09492000,10.00000000,4.00000000,3.94558889,1.31298125,0.38932759,0,0.05441111
0.09494000,10.00000000,4.00000000,3.93816738,1.29353454,0.38948119,0,0.06183262
0.09496000,10.00000000,4.00000000,3.93059151,1.27770307,0.38964151,0,0.06940849
0.09498000,10.00000000,4.00000000,3.92290264,1.26556723,0.38980799,0,0.07709736
0.09500000,10.00000000,4.00000000,3.91514270,1.25718844,0.38998000,0,0.08485730
0.09502000,10.00000000,4.00000000,3.90735397,1.25260884,0.39015691,0,0.09264603
0.09504000,10.00000000,4.00000000,3.89957885,1.25185107,0.39033807,0,0.10042115
0.09506000,10.00000000,4.00000000,3.89185964,1.25491822,0.39052281,0,0.10814036
0.09508000,10.00000000,4.00000000,3.88423834,1.26179380,0.39071042,0,0.11576166
0.09510000,10.00000000,4.00000000,3.87675641,1.27244186,0.39090021,0,0.12324359
0.09512000,10.00000000,4.00000000,3.86945460,1.28680719,0.39109147,0,0.13054540
0.09514000,10.00000000,4.00000000,3.86237269,1.30481559,0.39128347,0,0.13762731
0.09516000,10.00000000,4.00000000,3.85554934,1.32637431,0.39147548,0,0.14445066
0.09518000,10.00000000,4.00000000,3.84902186,1.35137247,0.39166679,0,0.15097814
0.09520000,10.00000000,4.00000000,3.84282600,1.37968169,0.39185667,0,0.15717400
0.09522000,10.00000000,4.00000000,3.83699584,1.41115674,0.39204440,0,0.16300416
0.09524000,10.00000000,4.00000000,3.83156354,1.44563625,0.39222928,0,0.16843646
0.09526000,10.00000000,4.00000000,3.82655921,1.48294356,0.39241060,0,0.17344079
0.09528000,10.00000000,4.00000000,3.82201078,1.52288760,0.39258769,0,0.17798922
0.09530000,10.00000000,4.00000000,3.81794381,1.56526390,0.39275989,0,0.18205619
0.09532000,10.00000000,4.00000000,3.81438137,1.60985558,0.39292654,0,0.18561863
0.09534000,10.00000000,4.00000000,3.81134398,1.65643447,0.39308703,0,0.18865602
0.09536000,10.00000000,4.00000000,3.80884943,1.70476224,0.39324076,0,0.19115057
0.09538000,10.00000000,4.00000000,3.80691271,1.75459166,0.39338717,0,0.19308729
0.09540000,10.00000000,4.00000000,3.80554597,1.80566778,0.39352573,0,0.19445403
0.09542000,10.00000000,4.00000000,3.80475842,1.85772925,0.39365594,0,0.19524158
0.09544000,10.00000000,4.00000000,3.80455629,1.91050965,0.39377734,0,0.19544371
0.09546000,10.00000000,4.00000000,3.80494281,1.96373882,0.39384194,0,0.19505719
0.09548000,10.00000000,4.00000000,3.80591713,2.01695410,0.39387224,0,0.19408287
0.09550000,10.00000000,4.00000000,3.80747376,2.06978416,0.39389342,0,0.19252624
0.09552000,10.00000000,4.00000000,3.80960374,2.12196126,0.39390567,0,0.19039626
0.09554000,10.00000000,4.00000000,3.81229519,2.17322264,0.39390917,0,0.18770481
0.09556000,10.00000000,4.00000000,3.81553341,2.22331156,0.39390414,0,0.18446659
0.09558000,10.00000000,4.00000000,3.81930101,2.27197856,0.39389082,0,0.18069899
0.09560000,10.00000000,4.00000000,3.82357794,2.31898265,0.39386950,0,0.17642206
0.09562000,10.00000000,4.00000000,3.82834168,2.36409253,0.39384050,0,0.17165832
0.09564000,10.00000000,4.00000000,3.83356730,2.40708770,0.39380419,0,0.16643270
0.09566000,10.00000000,4.00000000,3.83922764,2.44775949,0.39376096,0,0.16077236
0.09568000,10.00000000,4.00000000,3.84529346,2.48591211,0.39371122,0,0.15470654
0.09570000,10.00000000,4.00000000,3.85173358,2.52136353,0.39365545,0,0.14826642
0.09572000,10.00000000,4.00000000,3.85851505,2.55394640,0.39359411,0,0.14148495
0.09574000,10.00000000,4.00000000,3.86560334,2.58350878,0.39352771,0,0.13439666
0.09576000,10.00000000,4.00000000,3.87296252,2.60991489,0.39345680,0,0.12703748
0.09578000,10.00000000,4.00000000,3.88055544,2.63304567,0.39338193,0,0.11944456
0.09580000,10.00000000,4.00000000,3.88834393,2.65279939,0.39330367,0,0.11165607
0.09582000,10.00000000,4.00000000,3.89628902,2.66909204,0.39322261,0,0.10371098
0.09584000,10.00000000,4.00000000,3.90435110,2.68185770,0.39313937,0,0.09564890
0.09586000,10.00000000,4.00000000,3.91249018,2.69104882,0.39305456,0,0.08750982
0.09588000,10.00000000,4.00000000,3.92066603,2.69663636,0.39296880,0,0.07933397
0.09590000,10.00000000,4.00000000,3.92883845,2.69860987,0.39288273,0,0.07116155
0.09592000,10.00000000,4.00000000,3.93696746,2.69697749,0.39279698,0,0.06303254
0.09594000,10.00000000,4.00000000,3.94501346,2.69176582,0.39271219,0,0.05498654
0.09596000,10.00000000,4.00000000,3.95293750,2.68301967,0.39262898,0,0.04706250
0.09598000,10.00000000,4.00000000,3.96070141,2.67080184,0.39254797,0,0.03929859
0.09600000,10.00000000,4.00000000,3.96826806,2.65519265,0.39246977,0,0.03173194
0.09602000,10.00000000,4.00000000,3.97560147,2.63628949,0.39239498,0,0.02439853
0.09604000,10.00000000,4.00000000,3.98266708,2.61420623,0.39232417,0,0.01733292
0.09606000,10.00000000,4.00000000,3.98943182,2.58907259,0.39225790,0,0.01056818
0.09608000,10.00000000,4.00000000,3.99586436,2.56103338,0.39219669,0,0.00413564
0.09610000,10.00000000,4.00000000,4.00193522,2.53024770,0.39217234,0,-0.00193522
0.09612000,10.00000000,4.00000000,4.00761761,2.49701314,0.39221458,0,-0.00761761
0.09614000,10.00000000,4.00000000,4.01288890,2.46175613,0.39225631,0,-0.01288890
0.09616000,10.00000000,4.00000000,4.01772988,2.42464297,0.39229738,0,-0.01772988
0.09618000,10.00000000,4.00000000,4.02212331,2.38584668,0.39233784,0,-0.02212331
0.09620000,10.00000000,4.00000000,4.02605402,2.34554694,0.39237773,0,-0.02605402
0.09622000,10.00000000,4.00000000,4.02950893,2.30392922,0.39235964,0,-0.02950893
0.09624000,10.00000000,4.00000000,4.03247587,2.26095438,0.39229283,0,-0.03247587
0.09626000,10.00000000,4.00000000,4.03494249,2.21662515,0.39223248,0,-0.03494249
0.09628000,10.00000000,4.00000000,4.03689784,2.17116982,0.39217908,0,-0.03689784
0.09630000,10.00000000,4.00000000,4.03833355,2.12482246,0.39213307,0,-0.03833355
0.09632000,10.00000000,4.00000000,4.03924395,2.07782168,0.39209486,0,-0.03924395
0.09634000,10.00000000,4.00000000,4.03962605,2.03040951,0.39206482,0,-0.03962605
0.09636000,10.00000000,4.00000000,4.03947957,1.98283006,0.39206102,0,-0.03947957
0.09638000,10.00000000,4.00000000,4.03880733,1.93539932,0.39211191,0,-0.03880733
0.09640000,10.00000000,4.00000000,4.03761628,1.88854511,0.39217088,0,-0.03761628
0.09642000,10.00000000,4.00000000,4.03591699,1.84250524,0.39223764,0,-0.03591699
0.09644000,10.00000000,4.00000000,4.03372260,1.79751161,0.39231197,0,-0.03372260
0.09646000,10.00000000,4.00000000,4.03104870,1.75378955,0.39239365,0,-0.03104870
0.09648000,10.00000000,4.00000000,4.02791325,1.71155670,0.39248240,0,-0.02791325
0.09650000,10.00000000,4.00000000,4.02433647,1.67102200,0.39257790,0,-0.02433647
0.09652000,10.00000000,4.00000000,4.02034074,1.63238459,0.39267982,0,-0.02034074
0.09654000,10.00000000,4.00000000,4.01595045,1.59583291,0.39278779,0,-0.01595045
0.09656000,10.00000000,4.00000000,4.01119189,1.56154378,0.39290140,0,-0.01119189
0.09658000,10.00000000,4.00000000,4.00609308,1.52968155,0.39302024,0,-0.00609308
0.09660000,10.00000000,4.00000000,4.00068367,1.50039731,0.39314384,0,-0.00068367
0.09662000,10.00000000,4.00000000,3.99499470,1.47382820,0.39319077,0,0.00500530
0.09664000,10.00000000,4.00000000,3.98905670,1.44977321,0.39322649,0,0.01094330
0.09666000,10.00000000,4.00000000,3.98289920,1.42828117,0.39326229,0,0.01710080
0.09668000,10.00000000,4.00000000,3.97655226,1.40943425,0.39329825,0,0.02344774
0.09670000,10.00000000,4.00000000,3.97004666,1.39330268,0.39333438,0,0.02995334
0.09672000,10.00000000,4.00000000,3.96341370,1.37994441,0.39337071,0,0.03658630
0.09674000,10.00000000,4.00000000,3.95668506,1.36940484,0.39340727,0,0.04331494
0.09676000,10.00000000,4.00000000,3.94989270,1.36171679,0.39344408,0,0.05010730
0.09678000,10.00000000,4.00000000,3.94306870,1.35690030,0.39357239,0,0.05693130
0.09680000,10.00000000,4.00000000,3.93624713,1.35532737,0.39371784,0,0.06375287
0.09682000,10.00000000,4.00000000,3.92946426,1.35705836,0.39386659,0,0.07053574
0.09684000,10.00000000,4.00000000,3.92275644,1.36208368,0.39401803,0,0.07724356
0.09686000,10.00000000,4.00000000,3.91615962,1.37037688,0.39417155,0,0.08384038
0.09688000,10.00000000,4.00000000,3.90970918,1.38189480,0.39432654,0,0.09029082
0.09690000,10.00000000,4.00000000,3.90343972,1.39657777,0.39448235,0,0.09656028
0.09692000,10.00000000,4.00000000,3.89738490,1.41434995,0.39463836,0,0.10261510
0.09694000,10.00000000,4.00000000,3.89157725,1.43511973,0.39479394,0,0.10842275
0.09696000,10.00000000,4.00000000,3.88604804,1.45878020,0.39494844,0,0.11395196
0.09698000,10.00000000,4.00000000,3.88082711,1.48520968,0.39510125,0,0.11917289
0.09700000,10.00000000,4.00000000,3.87594267,1.51427240,0.39525174,0,0.12405733
0.09702000,10.00000000,4.00000000,3.87142122,1.54581911,0.39539931,0,0.12857878
0.09704000,10.00000000,4.00000000,3.86728739,1.57968792,0.39554335,0,0.13271261
0.09706000,10.00000000,4.00000000,3.86356380,1.61570510,0.39568328,0,0.13643620
0.09708000,10.00000000,4.00000000,3.86027097,1.65368594,0.39581854,0,0.13972903
0.09710000,10.00000000,4.00000000,3.85742720,1.69343572,0.39594858,0,0.14257280
0.09712000,10.00000000,4.00000000,3.85504848,1.73475066,0.39607289,0,0.14495152
0.09714000,10.00000000,4.00000000,3.85314839,1.77741900,0.39619096,0,0.14685161
0.09716000,10.00000000,4.00000000,3.85173809,1.82122204,0.39630234,0,0.14826191
0.09718000,10.00000000,4.00000000,3.85082618,1.86593526,0.39640657,0,0.14917382
0.09720000,10.00000000,4.00000000,3.85041872,1.91132946,0.39650327,0,0.14958128
0.09722000,10.00000000,4.00000000,3.85051917,1.95717190,0.39657973,0,0.14948083
0.09724000,10.00000000,4.00000000,3.85112811,2.00317829,0.39659798,0,0.14887189
0.09726000,10.00000000,4.00000000,3.85224212,2.04891290,0.39660821,0,0.14775788
0.09728000,10.00000000,4.00000000,3.85385410,2.09414292,0.39661065,0,0.14614590
0.09730000,10.00000000,4.00000000,3.85595443,2.13863991,0.39660546,0,0.14404557
0.09732000,10.00000000,4.00000000,3.85853103,2.18218031,0.39659283,0,0.14146897
0.09734000,10.00000000,4.00000000,3.86156946,2.22454665,0.39657295,0,0.13843054
0.09736000,10.00000000,4.00000000,3.86505297,2.26552851,0.39654609,0,0.13494703
0.09738000,10.00000000,4.00000000,3.86896264,2.30492363,0.39651253,0,0.13103736
0.09740000,10.00000000,4.00000000,3.87327743,2.34253884,0.39647256,0,0.12672257
0.09742000,10.00000000,4.00000000,3.87797436,2.37819105,0.39642653,0,0.12202564
0.09744000,10.00000000,4.00000000,3.88302860,2.41170807,0.39637482,0,0.11697140
0.09746000,10.00000000,4.00000000,3.88841361,2.44292946,0.39631781,0,0.11158639
0.09748000,10.00000000,4.00000000,3.89410129,2.47170732,0.39625592,0,0.10589871
0.09750000,10.00000000,4.00000000,3.90006213,2.49790692,0.39618960,0,0.09993787
0.09752000,10.00000000,4.00000000,3.90626537,2.52140737,0.39611931,0,0.09373463
0.09754000,10.00000000,4.00000000,3.91267915,2.54210219,0.39604553,0,0.08732085
0.09756000,10.00000000,4.00000000,3.91927071,2.55989972,0.39596877,0,0.08072929
0.09758000,10.00000000,4.00000000,3.92600651,2.57472360,0.39588954,0,0.07399349
0.09760000,10.00000000,4.00000000,3.93285246,2.58651305,0.39580836,0,0.06714754
0.09762000,10.00000000,4.00000000,3.93977406,2.59522311,0.39572577,0,0.06022594
0.09764000,10.00000000,4.00000000,3.94673661,2.60082484,0.39564232,0,0.05326339
0.09766000,10.00000000,4.00000000,3.95370535,2.60330536,0.39555855,0,0.04629465
0.09768000,10.00000000,4.00000000,3.96064566,2.60266785,0.39547503,0,0.03935434
0.09770000,10.00000000,4.00000000,3.96752325,2.59893152,0.39539228,0,0.03247675
0.09772000,10.00000000,4.00000000,3.97430432,2.59213136,0.39531087,0,0.02569568
0.09774000,10.00000000,4.00000000,3.98095571,2.58231796,0.39523132,0,0.01904429
0.09776000,10.00000000,4.00000000,3.98744511,2.56955717,0.39515418,0,0.01255489
0.09778000,10.00000000,4.00000000,3.99374120,2.55392966,0.39507994,0,0.00625880
0.09780000,10.00000000,4.00000000,3.99981380,2.53553050,0.39500912,0,0.00018620
0.09782000,10.00000000,4.00000000,4.00563402,2.51446854,0.39503333,0,-0.00563402
0.09784000,10.00000000,4.00000000,4.01117646,2.49123013,0.39506022,0,-0.01117646
0.09786000,10.00000000,4.00000000,4.01641922,2.46594154,0.39508654,0,-0.01641922
0.09788000,10.00000000,4.00000000,4.02134192,2.43872447,0.39511230,0,-0.02134192
0.09790000,10.00000000,4.00000000,4.02592568,2.40970856,0.39513753,0,-0.02592568
0.09792000,10.00000000,4.00000000,4.03015319,2.37903077,0.39516226,0,-0.03015319
0.09794000,10.00000000,4.00000000,4.03400880,2.34683477,0.39510528,0,-0.03400880
0.09796000,10.00000000,4.00000000,4.03747677,2.31294559,0.39502761,0,-0.03747677
0.09798000,10.00000000,4.00000000,4.04054091,2.27743878,0.39495453,0,-0.04054091
0.09800000,10.00000000,4.00000000,4.04318654,2.24049723,0.39488649,0,-0.04318654
0.09802000,10.00000000,4.00000000,4.04540113,2.20231112,0.39482397,0,-0.04540113
0.09804000,10.00000000,4.00000000,4.04717436,2.16307703,0.39476737,0,-0.04717436
0.09806000,10.00000000,4.00000000,4.04849818,2.12299690,0.39471709,0,-0.04849818
0.09808000,10.00000000,4.00000000,4.04936686,2.08227701,0.39467350,0,-0.04936686
0.09810000,10.00000000,4.00000000,4.04977697,2.04112695,0.39463694,0,-0.04977697
0.09812000,10.00000000,4.00000000,4.04972748,1.99975852,0.39461370,0,-0.04972748
0.09814000,10.00000000,4.00000000,4.04921983,1.95840866,0.39464760,0,-0.04921983
0.09816000,10.00000000,4.00000000,4.04825903,1.91748832,0.39468862,0,-0.04825903
0.09818000,10.00000000,4.00000000,4.04685351,1.87720563,0.39473649,0,-0.04685351
0.09820000,10.00000000,4.00000000,4.04501394,1.83776382,0.39479104,0,-0.04501394
0.09822000,10.00000000,4.00000000,4.04275314,1.79936074,0.39485207,0,-0.04275314
0.09824000,10.00000000,4.00000000,4.04008602,1.76218791,0.39491935,0,-0.04008602
0.09826000,10.00000000,4.00000000,4.03702949,1.72642955,0.39499263,0,-0.03702949
0.09828000,10.00000000,4.00000000,4.03360236,1.69226169,0.39507162,0,-0.03360236
0.09830000,10.00000000,4.00000000,4.02982524,1.65985134,0.39515599,0,-0.02982524
0.09832000,10.00000000,4.00000000,4.02572044,1.62935563,0.39524541,0,-0.02572044
0.09834000,10.00000000,4.00000000,4.02131178,1.60092112,0.39533952,0,-0.02131178
0.09836000,10.00000000,4.00000000,4.01662457,1.57468307,0.39543792,0,-0.01662457
0.09838000,10.00000000,4.00000000,4.01168537,1.55076482,0.39554020,0,-0.01168537
0.09840000,10.00000000,4.00000000,4.00652191,1.52927718,0.39564595,0,-0.00652191
0.09842000,10.00000000,4.00000000,4.00116291,1.51031797,0.39575470,0,-0.00116291
0.09844000,10.00000000,4.00000000,3.99563796,1.49397156,0.39579546,0,0.00436204
0.09846000,10.00000000,4.00000000,3.98997575,1.48002656,0.39581736,0,0.01002425
0.09848000,10.00000000,4.00000000,3.98420354,1.46845692,0.39583942,0,0.01579646
0.09850000,10.00000000,4.00000000,3.97834846,1.45930190,0.39586172,0,0.02165154
0.09852000,10.00000000,4.00000000,3.97243792,1.45259012,0.39588428,0,0.02756208
0.09854000,10.00000000,4.00000000,3.96649938,1.44833930,0.39590710,0,0.03350062
0.09856000,10.00000000,4.00000000,3.96056033,1.44655621,0.39593021,0,0.03943967
0.09858000,10.00000000,4.00000000,3.95464810,1.44723671,0.39596967,0,0.04535190
0.09860000,10.00000000,4.00000000,3.94879012,1.45043001,0.39609286,0,0.05120988
0.09862000,10.00000000,4.00000000,3.94301564,1.45644358,0.39621807,0,0.05698436
0.09864000,10.00000000,4.00000000,3.93735529,1.46524600,0.39634478,0,0.06264471
0.09866000,10.00000000,4.00000000,3.93183910,1.47679154,0.39647244,0,0.06816090
0.09868000,10.00000000,4.00000000,3.92649635,1.49102045,0.39660049,0,0.07350365
0.09870000,10.00000000,4.00000000,3.92135540,1.50785924,0.39672839,0,0.07864460
0.09872000,10.00000000,4.00000000,3.91644358,1.52722108,0.39685559,0,0.08355642
0.09874000,10.00000000,4.00000000,3.91178705,1.54900625,0.39698154,0,0.08821295
0.09876000,10.00000000,4.00000000,3.90741062,1.57310262,0.39710571,0,0.09258938
0.09878000,10.00000000,4.00000000,3.90333767,1.59938627,0.39722755,0,0.09666233
0.09880000,10.00000000,4.00000000,3.89959002,1.62772211,0.39734655,0,0.10040998
0.09882000,10.00000000,4.00000000,3.89618780,1.65796455,0.39746219,0,0.10381220
0.09884000,10.00000000,4.00000000,3.89314938,1.68995828,0.39757398,0,0.10685062
0.09886000,10.00000000,4.00000000,3.89049122,1.72353902,0.39768145,0,0.10950878
0.09888000,10.00000000,4.00000000,3.88822787,1.75853439,0.39778414,0,0.11177213
0.09890000,10.00000000,4.00000000,3.88637181,1.79476475,0.39788160,0,0.11362819
0.09892000,10.00000000,4.00000000,3.88493345,1.83204416,0.39797343,0,0.11506655
0.09894000,10.00000000,4.00000000,3.88392105,1.87018129,0.39805924,0,0.11607895
0.09896000,10.00000000,4.00000000,3.88334065,1.90898039,0.39813868,0,0.11665935
0.09898000,10.00000000,4.00000000,3.88319610,1.94824232,0.39821141,0,0.11680390
0.09900000,10.00000000,4.00000000,3.88348899,1.98776552,0.39824136,0,0.11651101
0.09902000,10.00000000,4.00000000,3.88421789,2.02720405,0.39824662,0,0.11578211
0.09904000,10.00000000,4.00000000,3.88537791,2.06628561,0.39824507,0,0.11462209
0.09906000,10.00000000,4.00000000,3.88696163,2.10481196,0.39823689,0,0.11303837
0.09908000,10.00000000,4.00000000,3.88895945,2.14258891,0.39822221,0,0.11104055
0.09910000,10.00000000,4.00000000,3.89135972,2.17942712,0.39820123,0,0.10864028
0.09912000,10.00000000,4.00000000,3.89414880,2.21514303,0.39817414,0,0.10585120
0.09914000,10.00000000,4.00000000,3.89731110,2.24955976,0.39814118,0,0.10268890
0.09916000,10.00000000,4.00000000,3.90082921,2.28250795,0.39810261,0,0.09917079
0.09918000,10.00000000,4.00000000,3.90468400,2.31382662,0.39805872,0,0.09531600
0.09920000,10.00000000,4.00000000,3.90885469,2.34336393,0.39800983,0,0.09114531
0.09922000,10.00000000,4.00000000,3.91331900,2.37097790,0.39795627,0,0.08668100
0.09924000,10.00000000,4.00000000,3.91805326,2.39653710,0.39789839,0,0.08194674
0.09926000,10.00000000,4.00000000,3.92303252,2.41992125,0.39783659,0,0.07696748
0.09928000,10.00000000,4.00000000,3.92823071,2.44102179,0.39777124,0,0.07176929
0.09930000,10.00000000,4.00000000,3.93362078,2.45974240,0.39770278,0,0.06637922
0.09932000,10.00000000,4.00000000,3.93917482,2.47599941,0.39763163,0,0.06082518
0.09934000,10.00000000,4.00000000,3.94486421,2.48972217,0.39755824,0,0.05513579
0.09936000,10.00000000,4.00000000,3.95065981,2.50085335,0.39748304,0,0.04934019
0.09938000,10.00000000,4.00000000,3.95653205,2.50934922,0.39740652,0,0.04346795
0.09940000,10.00000000,4.00000000,3.96245113,2.51517973,0.39732913,0,0.03754887
0.09942000,10.00000000,4.00000000,3.96838716,2.51832867,0.39725136,0,0.03161284
0.09944000,10.00000000,4.00000000,3.97431030,2.51879370,0.39717367,0,0.02568970
0.09946000,10.00000000,4.00000000,3.98019095,2.51658622,0.39709654,0,0.01980905
0.09948000,10.00000000,4.00000000,3.98599985,2.51173135,0.39702044,0,0.01400015
0.09950000,10.00000000,4.00000000,3.99170827,2.50426768,0.39694584,0,0.00829173
0.09952000,10.00000000,4.00000000,3.99728814,2.49424702,0.39687319,0,0.00271186
0.09954000,10.00000000,4.00000000,4.00271219,2.48173408,0.39684679,0,-0.00271219
0.09956000,10.00000000,4.00000000,4.00795505,2.46698136,0.39686406,0,-0.00795505
0.09958000,10.00000000,4.00000000,4.01299430,2.45024060,0.39688096,0,-0.01299430
0.09960000,10.00000000,4.00000000,4.01780950,2.43159589,0.39689739,0,-0.01780950
0.09962000,10.00000000,4.00000000,4.02238130,2.41113887,0.39691336,0,-0.02238130
0.09964000,10.00000000,4.00000000,4.02669149,2.38896875,0.39692889,0,-0.02669149
0.09966000,10.00000000,4.00000000,4.03072315,2.36519183,0.39693625,0,-0.03072315
0.09968000,10.00000000,4.00000000,4.03446045,2.33989006,0.39685613,0,-0.03446045
0.09970000,10.00000000,4.00000000,4.03788685,2.31283448,0.39677892,0,-0.03788685
0.09972000,10.00000000,4.00000000,4.04098542,2.28416452,0.39670507,0,-0.04098542
0.09974000,10.00000000,4.00000000,4.04374088,2.25402787,0.39663501,0,-0.04374088
0.09976000,10.00000000,4.00000000,4.04613975,2.22257971,0.39656918,0,-0.04613975
0.09978000,10.00000000,4.00000000,4.04817037,2.18998194,0.39650796,0,-0.04817037
0.09980000,10.00000000,4.00000000,4.04982296,2.15640236,0.39645173,0,-0.04982296
0.09982000,10.00000000,4.00000000,4.05108969,2.12201379,0.39640085,0,-0.05108969
0.09984000,10.00000000,4.00000000,4.05196472,2.08699319,0.39635565,0,-0.05196472
0.09986000,10.00000000,4.00000000,4.05244421,2.05152080,0.39631643,0,-0.05244421
0.09988000,10.00000000,4.00000000,4.05252636,2.01577917,0.39628346,0,-0.05252636
0.09990000,10.00000000,4.00000000,4.05221141,1.97995226,0.39629519,0,-0.05221141
0.09992000,10.00000000,4.00000000,4.05150248,1.94437720,0.39632315,0,-0.05150248
0.09994000,10.00000000,4.00000000,4.05040578,1.90927537,0.39635715,0,-0.05040578
0.09996000,10.00000000,4.00000000,4.04892968,1.87482440,0.39639702,0,-0.04892968
0.09998000,10.00000000,4.00000000,4.04708447,1.84119753,0.39644259,0,-0.04708447
