t,v_in,v_ref,v_out,i_L,d,mode,error
0.00000000,10.00000000,15.00000000,0.00000000,0.00000000,0.25345800,1,15.00000000
0.00002000,10.00000000,15.00000000,0.01655572,3.99835096,0.26213625,1,14.98344428
0.00004000,10.00000000,15.00000000,0.06548374,7.98704163,0.27025762,1,14.93451626
0.00006000,10.00000000,15.00000000,0.14578296,11.95697957,0.27781968,1,14.85421704
0.00008000,10.00000000,15.00000000,0.25646518,15.89962707,0.28482040,1,14.74353482
0.00010000,10.00000000,15.00000000,0.39656182,19.80694225,0.29125800,1,14.60343818
0.00012000,10.00000000,15.00000000,0.56512919,23.67132078,0.29713086,1,14.43487081
0.00014000,10.00000000,15.00000000,0.76125272,27.48553844,0.30243742,1,14.23874728
0.00016000,10.00000000,15.00000000,0.98405003,31.24269509,0.30717615,1,14.01594997
0.00018000,10.00000000,15.00000000,1.23267301,34.93615998,0.31134544,1,13.76732699
0.00020000,10.00000000,15.00000000,1.50630899,38.55951893,0.31494361,1,13.49369101
0.00022000,10.00000000,15.00000000,1.80418105,42.10652310,0.31796884,1,13.19581895
0.00024000,10.00000000,15.00000000,2.12554754,45.57103983,0.32041919,1,12.87445246
0.00026000,10.00000000,15.00000000,2.46970079,48.94700536,0.32229258,1,12.53029921
0.00028000,10.00000000,15.00000000,2.83596511,52.22837967,0.32358684,1,12.16403489
0.00030000,10.00000000,15.00000000,3.22369410,55.40910338,0.32429967,1,11.77630590
0.00032000,10.00000000,15.00000000,3.63226720,58.48305692,0.32442873,1,11.36773280
0.00034000,10.00000000,15.00000000,4.06108559,61.44402209,0.32397171,1,10.93891441
0.00036000,10.00000000,15.00000000,4.50956736,64.28564610,0.32292635,1,10.49043264
0.00038000,10.00000000,15.00000000,4.97714193,67.00140834,0.32129053,1,10.02285807
0.00040000,10.00000000,15.00000000,5.46324383,69.58459017,0.31906242,1,9.53675617
0.00042000,10.00000000,15.00000000,5.96730557,72.02824808,0.31624054,1,9.03269443
0.00044000,10.00000000,15.00000000,6.48874992,74.32519059,0.31282392,1,8.51125008
0.00046000,10.00000000,15.00000000,7.02698123,76.46795936,0.30881223,1,7.97301877
0.00048000,10.00000000,15.00000000,7.58137604,78.44881529,0.30420600,1,7.41862396
0.00050000,10.00000000,15.00000000,8.15127283,80.25972999,0.29900674,1,6.84872717
0.00052000,10.00000000,15.00000000,8.73596094,81.89238380,0.29321721,1,6.26403906
0.00054000,10.00000000,15.00000000,9.33466873,83.33817089,0.28684161,1,5.66533127
0.00056000,10.00000000,15.00000000,9.94655087,84.58821282,0.27988585,1,5.05344913
0.00058000,10.00000000,15.00000000,10.57067501,85.63338138,0.27235782,1,4.42932499
0.00060000,10.00000000,15.00000000,11.20600779,86.46433212,0.26426767,1,3.79399221
0.00062000,10.00000000,15.00000000,11.85140032,87.07154979,0.25562811,1,3.14859968
0.00064000,10.00000000,15.00000000,12.50557335,87.44540706,0.24645476,1,2.49442665
0.00066000,10.00000000,15.00000000,13.16710230,87.57623780,0.23676645,1,1.83289770
0.00068000,10.00000000,15.00000000,13.83440250,87.45442636,0.22658555,1,1.16559750
0.00070000,10.00000000,15.00000000,14.50571490,87.07051394,0.21593834,1,0.49428510
0.00072000,10.00000000,15.00000000,15.17909264,86.41532320,0.20485533,1,-0.17909264
0.00074000,10.00000000,15.00000000,15.85238910,85.48010170,0.19337155,1,-0.85238910
0.00076000,10.00000000,15.00000000,16.52324782,84.25668484,0.18152687,1,-1.52324782
0.00078000,10.00000000,15.00000000,17.18909503,82.73767784,0.16936624,1,-2.18909503
0.00080000,10.00000000,15.00000000,17.84713534,80.91665626,0.15693987,1,-2.84713534
0.00082000,10.00000000,15.00000000,18.49435149,78.78838344,0.14430342,1,-3.49435149
0.00084000,10.00000000,15.00000000,19.12750875,76.34904237,0.13151801,1,-4.12750875
0.00086000,10.00000000,15.00000000,19.74316486,73.59647866,0.11865020,1,-4.74316486
0.00088000,10.00000000,15.00000000,20.33768607,70.53044982,0.10577183,1,-5.33768607
0.00090000,10.00000000,15.00000000,20.90727010,67.15287522,0.09295979,1,-5.90727010
0.00092000,10.00000000,15.00000000,21.44797642,63.46807966,0.08029555,1,-6.44797642
0.00094000,10.00000000,15.00000000,21.95576422,59.48302247,0.06786463,1,-6.95576422
0.00096000,10.00000000,15.00000000,22.42653811,55.20750299,0.05575588,1,-7.42653811
0.00098000,10.00000000,15.00000000,22.85620143,50.65433275,0.04406065,1,-7.85620143
0.00100000,10.00000000,15.00000000,23.24071664,45.83946404,0.03287169,1,-8.24071664
0.00102000,10.00000000,15.00000000,23.57617174,40.78206500,0.02228208,1,-8.57617174
0.00104000,10.00000000,15.00000000,23.85885153,35.50453159,0.01238390,1,-8.85885153
0.00106000,10.00000000,15.00000000,24.08531202,30.03242850,0.00326684,1,-9.08531202
0.00108000,10.00000000,15.00000000,24.25245581,24.39435270,0.00000000,1,-9.25245581
0.00110000,10.00000000,15.00000000,24.35668785,18.67038547,0.00000000,1,-9.35668785
0.00112000,10.00000000,15.00000000,24.39673542,12.91756352,0.00000000,1,-9.39673542
0.00114000,10.00000000,15.00000000,24.37277669,7.16153446,0.00000000,1,-9.37277669
0.00116000,10.00000000,15.00000000,24.28527242,1.42781803,0.00000000,1,-9.28527242
0.00118000,10.00000000,15.00000000,24.13496233,0.00000000,0.00000000,1,-9.13496233
0.00120000,10.00000000,15.00000000,23.97000871,0.00000000,0.00000000,1,-8.97000871
0.00122000,10.00000000,15.00000000,23.80633403,0.00000000,0.00000000,1,-8.80633403
0.00124000,10.00000000,15.00000000,23.64392838,0.00000000,0.00000000,1,-8.64392838
0.00126000,10.00000000,15.00000000,23.48278191,0.00000000,0.00000000,1,-8.48278191
0.00128000,10.00000000,15.00000000,23.32288486,0.00000000,0.00000000,1,-8.32288486
0.00130000,10.00000000,15.00000000,23.16422755,0.00000000,0.00000000,1,-8.16422755
0.00132000,10.00000000,15.00000000,23.00680037,0.00000000,0.00000000,1,-8.00680037
0.00134000,10.00000000,15.00000000,22.85059377,0.00000000,0.00000000,1,-7.85059377
0.00136000,10.00000000,15.00000000,22.69559829,0.00000000,0.00000000,1,-7.69559829
0.00138000,10.00000000,15.00000000,22.54180454,0.00000000,0.00000000,1,-7.54180454
0.00140000,10.00000000,15.00000000,22.38920321,0.00000000,0.00000000,1,-7.38920321
0.00142000,10.00000000,15.00000000,22.23778505,0.00000000,0.00000000,1,-7.23778505
0.00144000,10.00000000,15.00000000,22.08754089,0.00000000,0.00000000,1,-7.08754089
0.00146000,10.00000000,15.00000000,21.93846162,0.00000000,0.00000000,1,-6.93846162
0.00148000,10.00000000,15.00000000,21.79053821,0.00000000,0.00000000,1,-6.79053821
0.00150000,10.00000000,15.00000000,21.64376170,0.00000000,0.00000000,1,-6.64376170
0.00152000,10.00000000,15.00000000,21.49812320,0.00000000,0.00000000,1,-6.49812320
0.00154000,10.00000000,15.00000000,21.35361389,0.00000000,0.00000000,1,-6.35361389
0.00156000,10.00000000,15.00000000,21.21022500,0.00000000,0.00000000,1,-6.21022500
0.00158000,10.00000000,15.00000000,21.06794786,0.00000000,0.00000000,1,-6.06794786
0.00160000,10.00000000,15.00000000,20.92677383,0.00000000,0.00000000,1,-5.92677383
0.00162000,10.00000000,15.00000000,20.78669438,0.00000000,0.00000000,1,-5.78669438
0.00164000,10.00000000,15.00000000,20.64770101,0.00000000,0.00000000,1,-5.64770101
0.00166000,10.00000000,15.00000000,20.50978531,0.00000000,0.00000000,1,-5.50978531
0.00168000,10.00000000,15.00000000,20.37293891,0.00000000,0.00000000,1,-5.37293891
0.00170000,10.00000000,15.00000000,20.23715353,0.00000000,0.00000000,1,-5.23715353
0.00172000,10.00000000,15.00000000,20.10242094,0.00000000,0.00000000,1,-5.10242094
0.00174000,10.00000000,15.00000000,19.96873297,0.00000000,0.00000000,1,-4.96873297
0.00176000,10.00000000,15.00000000,19.83608154,0.00000000,0.00000000,1,-4.83608154
0.00178000,10.00000000,15.00000000,19.70445859,0.00000000,0.00000000,1,-4.70445859
0.00180000,10.00000000,15.00000000,19.57385616,0.00000000,0.00000000,1,-4.57385616
0.00182000,10.00000000,15.00000000,19.44426634,0.00000000,0.00000000,1,-4.44426634
0.00184000,10.00000000,15.00000000,19.31568127,0.00000000,0.00000000,1,-4.31568127
0.00186000,10.00000000,15.00000000,19.18809316,0.00000000,0.00000000,1,-4.18809316
0.00188000,10.00000000,15.00000000,19.06149429,0.00000000,0.00000000,1,-4.06149429
0.00190000,10.00000000,15.00000000,18.93587698,0.00000000,0.00000000,1,-3.93587698
0.00192000,10.00000000,15.00000000,18.81123362,0.00000000,0.00000000,1,-3.81123362
0.00194000,10.00000000,15.00000000,18.68755667,0.00000000,0.00000000,1,-3.68755667
0.00196000,10.00000000,15.00000000,18.56483863,0.00000000,0.00000000,1,-3.56483863
0.00198000,10.00000000,15.00000000,18.44307206,0.00000000,0.00000000,1,-3.44307206
0.00200000,10.00000000,15.00000000,18.32224959,0.00000000,0.00000000,1,-3.32224959
0.00202000,10.00000000,15.00000000,18.20236389,0.00000000,0.00004169,1,-3.20236389
0.00204000,10.00000000,15.00000000,18.08341014,0.00000000,0.00013922,1,-3.08341014
0.00206000,10.00000000,15.00000000,17.96538431,0.00000000,0.00029211,1,-2.96538431
0.00208000,10.00000000,15.00000000,17.84828225,0.00000000,0.00049988,1,-2.84828225
0.00210000,10.00000000,15.00000000,17.73209978,0.00000000,0.00076205,1,-2.73209978
0.00212000,10.00000000,15.00000000,17.61683260,0.00000000,0.00107813,1,-2.61683260
0.00214000,10.00000000,15.00000000,17.50247635,0.00000000,0.00144766,1,-2.50247635
0.00216000,10.00000000,15.00000000,17.38902659,0.00000000,0.00187016,1,-2.38902659
0.00218000,10.00000000,15.00000000,17.27647881,0.00000000,0.00234518,1,-2.27647881
0.00220000,10.00000000,15.00000000,17.16482843,0.00000000,0.00287224,1,-2.16482843
0.00222000,10.00000000,15.00000000,17.05407081,0.00000000,0.00345090,1,-2.05407081
0.00224000,10.00000000,15.00000000,16.94420123,0.00000000,0.00408070,1,-1.94420123
0.00226000,10.00000000,15.00000000,16.83521491,0.00000000,0.00476118,1,-1.83521491
0.00228000,10.00000000,15.00000000,16.72710703,0.00000000,0.00549191,1,-1.72710703
0.00230000,10.00000000,15.00000000,16.61987269,0.00000000,0.00627245,1,-1.61987269
0.00232000,10.00000000,15.00000000,16.51350694,0.00000000,0.00710234,1,-1.51350694
0.00234000,10.00000000,15.00000000,16.40800479,0.00000000,0.00798117,1,-1.40800479
0.00236000,10.00000000,15.00000000,16.30336118,0.00000000,0.00890849,1,-1.30336118
0.00238000,10.00000000,15.00000000,16.19957101,0.00000000,0.00988389,1,-1.19957101
0.00240000,10.00000000,15.00000000,16.09662913,0.00000000,0.01090693,1,-1.09662913
0.00242000,10.00000000,15.00000000,15.99453036,0.00000000,0.01197721,1,-0.99453036
0.00244000,10.00000000,15.00000000,15.89326945,0.00000000,0.01309430,1,-0.89326945
0.00246000,10.00000000,15.00000000,15.79284115,0.00000000,0.01425780,1,-0.79284115
0.00248000,10.00000000,15.00000000,15.69324014,0.00000000,0.01546729,1,-0.69324014
0.00250000,10.00000000,15.00000000,15.59446106,0.00000000,0.01672238,1,-0.59446106
0.00252000,10.00000000,15.00000000,15.49649855,0.00000000,0.01802266,1,-0.49649855
0.00254000,10.00000000,15.00000000,15.39934718,0.00000000,0.01936773,1,-0.39934718
0.00256000,10.00000000,15.00000000,15.30300152,0.00000000,0.02075722,1,-0.30300152
0.00258000,10.00000000,15.00000000,15.20745610,0.00000000,0.02219071,1,-0.20745610
0.00260000,10.00000000,15.00000000,15.11270542,0.00000000,0.02366784,1,-0.11270542
0.00262000,10.00000000,15.00000000,15.01874395,0.00000000,0.02518822,1,-0.01874395
0.00264000,10.00000000,15.00000000,14.92556616,0.00000000,0.02675147,1,0.07443384
0.00266000,10.00000000,15.00000000,14.83316647,0.00000000,0.02835722,1,0.16683353
0.00268000,10.00000000,15.00000000,14.74153931,0.00000000,0.03000509,1,0.25846069
0.00270000,10.00000000,15.00000000,14.65067908,0.00000000,0.03169473,1,0.34932092
0.00272000,10.00000000,15.00000000,14.56058015,0.00000000,0.03342576,1,0.43941985
0.00274000,10.00000000,15.00000000,14.47123689,0.00000000,0.03519784,1,0.52876311
0.00276000,10.00000000,15.00000000,14.38264367,0.00000000,0.03701059,1,0.61735633
0.00278000,10.00000000,15.00000000,14.29479481,0.00000000,0.03886368,1,0.70520519
0.00280000,10.00000000,15.00000000,14.20768467,0.00000000,0.04075674,1,0.79231533
0.00282000,10.00000000,15.00000000,14.12130756,0.00000000,0.04268944,1,0.87869244
0.00284000,10.00000000,15.00000000,14.03565781,0.00000000,0.04466144,1,0.96434219
0.00286000,10.00000000,15.00000000,13.95072972,0.00000000,0.04667239,1,1.04927028
0.00288000,10.00000000,15.00000000,13.86651761,0.00000000,0.04872196,1,1.13348239
0.00290000,10.00000000,15.00000000,13.78301579,0.00000000,0.05080983,1,1.21698421
0.00292000,10.00000000,15.00000000,13.70021857,0.00000000,0.05293565,1,1.29978143
0.00294000,10.00000000,15.00000000,13.61812024,0.00000000,0.05509911,1,1.38187976
0.00296000,10.00000000,15.00000000,13.53671511,0.00000000,0.05729989,1,1.46328489
0.00298000,10.00000000,15.00000000,13.45599750,0.00000000,0.05953767,1,1.54400250
0.00300000,10.00000000,15.00000000,13.37596171,0.00000000,0.06181212,1,1.62403829
0.00302000,10.00000000,15.00000000,13.29660207,0.00000000,0.06412296,1,1.70339793
0.00304000,10.00000000,15.00000000,13.21791290,0.00000000,0.06646985,1,1.78208710
0.00306000,10.00000000,15.00000000,13.13988852,0.00000000,0.06885251,1,1.86011148
0.00308000,10.00000000,15.00000000,13.06252327,0.00000000,0.07127062,1,1.93747673
0.00310000,10.00000000,15.00000000,12.98581150,0.00000000,0.07372390,1,2.01418850
0.00312000,10.00000000,15.00000000,12.90974756,0.00000000,0.07621204,1,2.09025244
0.00314000,10.00000000,15.00000000,12.83432583,0.00000000,0.07873475,1,2.16567417
0.00316000,10.00000000,15.00000000,12.75954067,0.00000000,0.08129175,1,2.24045933
0.00318000,10.00000000,15.00000000,12.68538648,0.00000000,0.08388275,1,2.31461352
0.00320000,10.00000000,15.00000000,12.61185766,0.00000000,0.08650747,1,2.38814234
0.00322000,10.00000000,15.00000000,12.53894863,0.00000000,0.08916563,1,2.46105137
0.00324000,10.00000000,15.00000000,12.46665382,0.00000000,0.09185695,1,2.53334618
0.00326000,10.00000000,15.00000000,12.39496768,0.00000000,0.09458116,1,2.60503232
0.00328000,10.00000000,15.00000000,12.32388467,0.00000000,0.09733799,1,2.67611533
0.00330000,10.00000000,15.00000000,12.25339928,0.00000000,0.10012717,1,2.74660072
0.00332000,10.00000000,15.00000000,12.18350600,0.00000000,0.10294844,1,2.81649400
0.00334000,10.00000000,15.00000000,12.11419936,0.00000000,0.10580154,1,2.88580064
0.00336000,10.00000000,15.00000000,12.04547389,0.00000000,0.10868621,1,2.95452611
0.00338000,10.00000000,15.00000000,11.97732415,0.00000000,0.11160219,1,3.02267585
0.00340000,10.00000000,15.00000000,11.90974472,0.00000000,0.11454924,1,3.09025528
0.00342000,10.00000000,15.00000000,11.84273019,0.00000000,0.11752709,1,3.15726981
0.00344000,10.00000000,15.00000000,11.77627519,0.00000000,0.12053552,1,3.22372481
0.00346000,10.00000000,15.00000000,11.71037435,0.00000000,0.12357427,1,3.28962565
0.00348000,10.00000000,15.00000000,11.64502235,0.00000000,0.12664310,1,3.35497765
0.00350000,10.00000000,15.00000000,11.58021387,0.00000000,0.12974177,1,3.41978613
0.00352000,10.00000000,15.00000000,11.51594363,0.00000000,0.13287005,1,3.48405637
0.00354000,10.00000000,15.00000000,11.45220635,0.01674077,0.13602771,1,3.54779365
0.00356000,10.00000000,15.00000000,11.38915698,0.06990457,0.13921182,1,3.61084302
0.00358000,10.00000000,15.00000000,11.32713511,0.15915577,0.14241621,1,3.67286489
0.00360000,10.00000000,15.00000000,11.26647071,0.28401737,0.14563470,1,3.73352929
0.00362000,10.00000000,15.00000000,11.20748290,0.44387668,0.14886109,1,3.79251710
0.00364000,10.00000000,15.00000000,11.15047883,0.63799150,0.15208919,1,3.84952117
0.00366000,10.00000000,15.00000000,11.09575266,0.86549664,0.15531285,1,3.90424734
0.00368000,10.00000000,15.00000000,11.04358472,1.12541068,0.15852595,1,3.95641528
0.00370000,10.00000000,15.00000000,10.99424073,1.41664310,0.16172250,1,4.00575927
0.00372000,10.00000000,15.00000000,10.94797109,1.73800140,0.16489657,1,4.05202891
0.00374000,10.00000000,15.00000000,10.90501040,2.08819851,0.16804235,1,4.09498960
0.00376000,10.00000000,15.00000000,10.86557695,2.46586005,0.17115420,1,4.13442305
0.00378000,10.00000000,15.00000000,10.82987242,2.86953178,0.17422658,1,4.17012758
0.00380000,10.00000000,15.00000000,10.79808156,3.29768685,0.17725416,1,4.20191844
0.00382000,10.00000000,15.00000000,10.77037207,3.74873302,0.18023176,1,4.22962793
0.00384000,10.00000000,15.00000000,10.74689449,4.22101974,0.18315440,1,4.25310551
0.00386000,10.00000000,15.00000000,10.72778216,4.71284510,0.18601730,1,4.27221784
0.00388000,10.00000000,15.00000000,10.71315130,5.22246253,0.18881588,1,4.28684870
0.00390000,10.00000000,15.00000000,10.70310113,5.74808735,0.19154581,1,4.29689887
0.00392000,10.00000000,15.00000000,10.69771397,6.28790307,0.19420295,1,4.30228603
0.00394000,10.00000000,15.00000000,10.69705551,6.84006748,0.19678340,1,4.30294449
0.00396000,10.00000000,15.00000000,10.70117507,7.40271847,0.19928351,1,4.29882493
0.00398000,10.00000000,15.00000000,10.71010583,7.97397961,0.20169986,1,4.28989417
0.00400000,10.00000000,15.00000000,10.72386518,8.55196556,0.20402929,1,4.27613482
0.00402000,10.00000000,15.00000000,10.74245509,9.13478711,0.20626888,1,4.25754491
0.00404000,10.00000000,15.00000000,10.76586240,9.72055614,0.20841597,1,4.23413760
0.00406000,10.00000000,15.00000000,10.79405927,10.30739023,0.21046815,1,4.20594073
0.00408000,10.00000000,15.00000000,10.82700351,10.89341713,0.21242327,1,4.17299649
0.00410000,10.00000000,15.00000000,10.86463900,11.47677905,0.21427945,1,4.13536100
0.00412000,10.00000000,15.00000000,10.90689609,12.05563672,0.21603506,1,4.09310391
0.00414000,10.00000000,15.00000000,10.95369197,12.62817331,0.21768874,1,4.04630803
0.00416000,10.00000000,15.00000000,11.00493110,13.19259819,0.21923940,1,3.99506890
0.00418000,10.00000000,15.00000000,11.06050559,13.74715061,0.22068620,1,3.93949441
0.00420000,10.00000000,15.00000000,11.12029561,14.29010320,0.22202858,1,3.87970439
0.00422000,10.00000000,15.00000000,11.18416973,14.81976541,0.22326625,1,3.81583027
0.00424000,10.00000000,15.00000000,11.25198536,15.33448687,0.22439917,1,3.74801464
0.00426000,10.00000000,15.00000000,11.32358910,15.83266070,0.22542758,1,3.67641090
0.00428000,10.00000000,15.00000000,11.39881713,16.31272673,0.22635199,1,3.60118287
0.00430000,10.00000000,15.00000000,11.47749556,16.77317475,0.22717317,1,3.52250444
0.00432000,10.00000000,15.00000000,11.55944083,17.21254770,0.22789217,1,3.44055917
0.00434000,10.00000000,15.00000000,11.64446006,17.62944484,0.22851028,1,3.35553994
0.00436000,10.00000000,15.00000000,11.73235145,18.02252497,0.22902909,1,3.26764855
0.00438000,10.00000000,15.00000000,11.82290461,18.39050960,0.22945044,1,3.17709539
0.00440000,10.00000000,15.00000000,11.91590103,18.73218618,0.22977642,1,3.08409897
0.00442000,10.00000000,15.00000000,12.01111439,19.04641133,0.23000940,1,2.98888561
0.00444000,10.00000000,15.00000000,12.10831100,19.33211404,0.23015201,1,2.89168900
0.00446000,10.00000000,15.00000000,12.20725026,19.58829899,0.23020713,1,2.79274974
0.00448000,10.00000000,15.00000000,12.30768504,19.81404976,0.23017790,1,2.69231496
0.00450000,10.00000000,15.00000000,12.40936219,20.00853209,0.23006769,1,2.59063781
0.00452000,10.00000000,15.00000000,12.51202302,20.17099718,0.22988014,1,2.48797698
0.00454000,10.00000000,15.00000000,12.61540381,20.30078485,0.22961911,1,2.38459619
0.00456000,10.00000000,15.00000000,12.71923634,20.39732674,0.22928871,1,2.28076366
0.00458000,10.00000000,15.00000000,12.82324851,20.46014945,0.22889327,1,2.17675149
0.00460000,10.00000000,15.00000000,12.92716492,20.48887752,0.22843733,1,2.07283508
0.00462000,10.00000000,15.00000000,13.03070755,20.48323642,0.22792565,1,1.96929245
0.00464000,10.00000000,15.00000000,13.13359644,20.44305523,0.22736317,1,1.86640356
0.00466000,10.00000000,15.00000000,13.23555041,20.36826933,0.22675505,1,1.76444959
0.00468000,10.00000000,15.00000000,13.33628786,20.25892277,0.22610660,1,1.66371214
0.00470000,10.00000000,15.00000000,13.43552758,20.11517044,0.22542330,1,1.56447242
0.00472000,10.00000000,15.00000000,13.53298959,19.93727992,0.22471077,1,1.46701041
0.00474000,10.00000000,15.00000000,13.62839605,19.72563315,0.22397476,1,1.37160395
0.00476000,10.00000000,15.00000000,13.72147220,19.48072757,0.22322116,1,1.27852780
0.00478000,10.00000000,15.00000000,13.81194735,19.20317700,0.22245592,1,1.18805265
0.00480000,10.00000000,15.00000000,13.89955583,18.89371205,0.22168509,1,1.10044417
0.00482000,10.00000000,15.00000000,13.98403807,18.55318009,0.22091476,1,1.01596193
0.00484000,10.00000000,15.00000000,14.06514167,18.18254469,0.22015107,1,0.93485833
0.00486000,10.00000000,15.00000000,14.14262242,17.78288455,0.21940016,1,0.85737758
0.00488000,10.00000000,15.00000000,14.21624546,17.35539188,0.21866816,1,0.78375454
0.00490000,10.00000000,15.00000000,14.28578630,16.90137020,0.21796117,1,0.71421370
0.00492000,10.00000000,15.00000000,14.35103199,16.42223148,0.21728523,1,0.64896801
0.00494000,10.00000000,15.00000000,14.41178214,15.91949274,0.21664629,1,0.58821786
0.00496000,10.00000000,15.00000000,14.46785001,15.39477196,0.21605018,1,0.53214999
0.00498000,10.00000000,15.00000000,14.51906354,14.84978337,0.21550261,1,0.48093646
0.00500000,10.00000000,15.00000000,14.56526635,14.28633211,0.21500913,1,0.43473365
0.00502000,10.00000000,15.00000000,14.60631868,13.70630822,0.21457509,1,0.39368132
0.00504000,10.00000000,15.00000000,14.64209830,13.11168011,0.21420562,1,0.35790170
0.00506000,10.00000000,15.00000000,14.67250128,12.50448731,0.21390563,1,0.32749872
0.00508000,10.00000000,15.00000000,14.69744280,11.88683282,0.21367977,1,0.30255720
0.00510000,10.00000000,15.00000000,14.71685777,11.26087477,0.21353240,1,0.28314223
0.00512000,10.00000000,15.00000000,14.73070143,10.62881774,0.21346757,1,0.26929857
0.00514000,10.00000000,15.00000000,14.73894977,9.99290361,0.21348902,1,0.26105023
0.00516000,10.00000000,15.00000000,14.74159990,9.35540202,0.21360014,1,0.25840010
0.00518000,10.00000000,15.00000000,14.73867032,8.71860056,0.21380396,1,0.26132968
0.00520000,10.00000000,15.00000000,14.73020099,8.08479476,0.21410314,1,0.26979901
0.00522000,10.00000000,15.00000000,14.71625337,7.45627781,0.21449994,1,0.28374663
0.00524000,10.00000000,15.00000000,14.69691025,6.83533037,0.21499623,1,0.30308975
0.00526000,10.00000000,15.00000000,14.67227554,6.22421021,0.21559350,1,0.32772446
0.00528000,10.00000000,15.00000000,14.64247382,5.62514204,0.21629278,1,0.35752618
0.00530000,10.00000000,15.00000000,14.60764990,5.04030744,0.21709472,1,0.39235010
0.00532000,10.00000000,15.00000000,14.56796814,4.47183509,0.21799954,1,0.43203186
0.00534000,10.00000000,15.00000000,14.52361172,3.92179121,0.21900705,1,0.47638828
0.00536000,10.00000000,15.00000000,14.47478177,3.39217048,0.22011664,1,0.52521823
0.00538000,10.00000000,15.00000000,14.42169644,2.88488738,0.22132729,1,0.57830356
0.00540000,10.00000000,15.00000000,14.36458978,2.40176806,0.22263760,1,0.63541022
0.00542000,10.00000000,15.00000000,14.30371065,1.94454274,0.22404575,1,0.69628935
0.00544000,10.00000000,15.00000000,14.23932144,1.51483879,0.22554957,1,0.76067856
0.00546000,10.00000000,15.00000000,14.17169684,1.11417446,0.22714652,1,0.82830316
0.00548000,10.00000000,15.00000000,14.10112245,0.74395330,0.22883369,1,0.89887755
0.00550000,10.00000000,15.00000000,14.02789339,0.40545935,0.23060787,1,0.97210661
0.00552000,10.00000000,15.00000000,13.95231292,0.09985299,0.23246551,1,1.04768708
0.00554000,10.00000000,15.00000000,13.87469096,0.00000000,0.23440278,1,1.12530904
0.00556000,10.00000000,15.00000000,13.79679967,0.00000000,0.23639096,1,1.20320033
0.00558000,10.00000000,15.00000000,13.71948974,0.00000000,0.23841583,1,1.28051026
0.00560000,10.00000000,15.00000000,13.64275678,0.00000000,0.24047712,1,1.35724322
0.00562000,10.00000000,15.00000000,13.56659642,0.00000000,0.24257457,1,1.43340358
0.00564000,10.00000000,15.00000000,13.49100429,0.00000000,0.24470789,1,1.50899571
0.00566000,10.00000000,15.00000000,13.41597600,0.00000000,0.24687683,1,1.58402400
0.00568000,10.00000000,15.00000000,13.34150718,0.00000000,0.24908112,1,1.65849282
0.00570000,10.00000000,15.00000000,13.26759345,0.00375587,0.25132051,1,1.73240655
0.00572000,10.00000000,15.00000000,13.19426158,0.04148424,0.25359421,1,1.80573842
0.00574000,10.00000000,15.00000000,13.12178763,0.11301869,0.25589720,1,1.87821237
0.00576000,10.00000000,15.00000000,13.05044170,0.21808424,0.25822442,1,1.94955830
0.00578000,10.00000000,15.00000000,12.98048704,0.35630053,0.26057073,1,2.01951296
0.00580000,10.00000000,15.00000000,12.91217927,0.52718540,0.26293099,1,2.08782073
0.00582000,10.00000000,15.00000000,12.84576562,0.73015872,0.26530004,1,2.15423438
0.00584000,10.00000000,15.00000000,12.78148423,0.96454645,0.26767273,1,2.21851577
0.00586000,10.00000000,15.00000000,12.71956364,1.22958492,0.27004391,1,2.28043636
0.00588000,10.00000000,15.00000000,12.66022216,1.52442527,0.27240849,1,2.33977784
0.00590000,10.00000000,15.00000000,12.60366745,1.84813804,0.27476142,1,2.39633255
0.00592000,10.00000000,15.00000000,12.55009612,2.19971777,0.27709772,1,2.44990388
0.00594000,10.00000000,15.00000000,12.49969342,2.57808774,0.27941247,1,2.50030658
0.00596000,10.00000000,15.00000000,12.45263289,2.98210464,0.28170084,1,2.54736711
0.00598000,10.00000000,15.00000000,12.40907622,3.41056334,0.28395811,1,2.59092378
0.00600000,10.00000000,15.00000000,12.36917308,3.86220151,0.28617966,1,2.63082692
0.00602000,10.00000000,15.00000000,12.33306095,4.33570423,0.28836099,1,2.66693905
0.00604000,10.00000000,15.00000000,12.30086515,4.82970854,0.29049770,1,2.69913485
0.00606000,10.00000000,15.00000000,12.27269875,5.34280788,0.29258556,1,2.72730125
0.00608000,10.00000000,15.00000000,12.24866260,5.87355636,0.29462045,1,2.75133740
0.00610000,10.00000000,15.00000000,12.22884545,6.42047298,0.29659840,1,2.77115455
0.00612000,10.00000000,15.00000000,12.21332394,6.98204569,0.29851560,1,2.78667606
0.00614000,10.00000000,15.00000000,12.20216282,7.55673526,0.30036840,1,2.79783718
0.00616000,10.00000000,15.00000000,12.19541498,8.14297911,0.30215329,1,2.80458502
0.00618000,10.00000000,15.00000000,12.19312172,8.73919489,0.30386693,1,2.80687828
0.00620000,10.00000000,15.00000000,12.19531284,9.34378396,0.30550618,1,2.80468716
0.00622000,10.00000000,15.00000000,12.20200687,9.95513474,0.30706803,1,2.79799313
0.00624000,10.00000000,15.00000000,12.21321125,10.57162586,0.30854967,1,2.78678875
0.00626000,10.00000000,15.00000000,12.22892255,11.19162931,0.30994846,1,2.77107745
0.00628000,10.00000000,15.00000000,12.24912665,11.81351327,0.31126195,1,2.75087335
0.00630000,10.00000000,15.00000000,12.27379899,12.43564503,0.31248788,1,2.72620101
0.00632000,10.00000000,15.00000000,12.30290472,13.05639366,0.31362416,1,2.69709528
0.00634000,10.00000000,15.00000000,12.33639897,13.67413264,0.31466891,1,2.66360103
0.00636000,10.00000000,15.00000000,12.37422698,14.28724244,0.31562043,1,2.62577302
0.00638000,10.00000000,15.00000000,12.41632435,14.89411297,0.31647721,1,2.58367565
0.00640000,10.00000000,15.00000000,12.46261720,15.49314604,0.31723796,1,2.53738280
0.00642000,10.00000000,15.00000000,12.51302233,16.08275773,0.31790158,1,2.48697767
0.00644000,10.00000000,15.00000000,12.56744743,16.66138079,0.31846717,1,2.43255257
0.00646000,10.00000000,15.00000000,12.62579121,17.22746697,0.31893405,1,2.37420879
0.00648000,10.00000000,15.00000000,12.68794354,17.77948937,0.31930172,1,2.31205646
0.00650000,10.00000000,15.00000000,12.75378563,18.31594487,0.31956994,1,2.24621437
0.00652000,10.00000000,15.00000000,12.82319014,18.83535653,0.31973863,1,2.17680986
0.00654000,10.00000000,15.00000000,12.89602130,19.33627601,0.31980798,1,2.10397870
0.00656000,10.00000000,15.00000000,12.97213506,19.81728614,0.31977837,1,2.02786494
0.00658000,10.00000000,15.00000000,13.05137919,20.27700346,0.31965041,1,1.94862081
0.00660000,10.00000000,15.00000000,13.13359339,20.71408093,0.31942493,1,1.86640661
0.00662000,10.00000000,15.00000000,13.21860941,21.12721063,0.31910302,1,1.78139059
0.00664000,10.00000000,15.00000000,13.30625119,21.51512668,0.31868596,1,1.69374881
0.00666000,10.00000000,15.00000000,13.39633496,21.87660809,0.31817531,1,1.60366504
0.00668000,10.00000000,15.00000000,13.48866937,22.21048195,0.31757282,1,1.51133063
0.00670000,10.00000000,15.00000000,13.58305564,22.51562647,0.31688053,1,1.41694436
0.00672000,10.00000000,15.00000000,13.67928771,22.79097434,0.31610067,1,1.32071229
0.00674000,10.00000000,15.00000000,13.77715241,23.03551612,0.31523576,1,1.22284759
0.00676000,10.00000000,15.00000000,13.87642966,23.24830367,0.31428854,1,1.12357034
0.00678000,10.00000000,15.00000000,13.97689268,23.42845381,0.31326199,1,1.02310732
0.00680000,10.00000000,15.00000000,14.07830822,23.57515197,0.31215935,1,0.92169178
0.00682000,10.00000000,15.00000000,14.18043684,23.68765598,0.31098410,1,0.81956316
0.00684000,10.00000000,15.00000000,14.28303326,23.76529984,0.30973995,1,0.71696674
0.00686000,10.00000000,15.00000000,14.38584663,23.80749765,0.30843086,1,0.61415337
0.00688000,10.00000000,15.00000000,14.48862097,23.81374748,0.30706104,1,0.51137903
0.00690000,10.00000000,15.00000000,14.59109561,23.78363525,0.30563490,1,0.40890439
0.00692000,10.00000000,15.00000000,14.69300565,23.71683864,0.30415710,1,0.30699435
0.00694000,10.00000000,15.00000000,14.79408247,23.61313086,0.30263252,1,0.20591753
0.00696000,10.00000000,15.00000000,14.89405437,23.47238440,0.30106625,1,0.10594563
0.00698000,10.00000000,15.00000000,14.99264717,23.29457462,0.29946358,1,0.00735283
0.00700000,10.00000000,15.00000000,15.08958493,23.07978318,0.29783000,1,-0.08958493
0.00702000,10.00000000,15.00000000,15.18459069,22.82820129,0.29617116,1,-0.18459069
0.00704000,10.00000000,15.00000000,15.27738728,22.54013266,0.29449292,1,-0.27738728
0.00706000,10.00000000,15.00000000,15.36769820,22.21599620,0.29280127,1,-0.36769820
0.00708000,10.00000000,15.00000000,15.45524854,21.85632835,0.29110232,1,-0.45524854
0.00710000,10.00000000,15.00000000,15.53976596,21.46178507,0.28940234,1,-0.53976596
0.00712000,10.00000000,15.00000000,15.62098172,21.03314336,0.28770767,1,-0.62098172
0.00714000,10.00000000,15.00000000,15.69863176,20.57130227,0.28602475,1,-0.69863176
0.00716000,10.00000000,15.00000000,15.77245780,20.07728348,0.28436008,1,-0.77245780
0.00718000,10.00000000,15.00000000,15.84220852,19.55223120,0.28272017,1,-0.84220852
0.00720000,10.00000000,15.00000000,15.90764075,18.99741153,0.28111159,1,-0.90764075
0.00722000,10.00000000,15.00000000,15.96852065,18.41421120,0.27954084,1,-0.96852065
0.00724000,10.00000000,15.00000000,16.02462496,17.80413551,0.27801444,1,-1.02462496
0.00726000,10.00000000,15.00000000,16.07574220,17.16880571,0.27653879,1,-1.07574220
0.00728000,10.00000000,15.00000000,16.12167392,16.50995556,0.27512024,1,-1.12167392
0.00730000,10.00000000,15.00000000,16.16223588,15.82942715,0.27376499,1,-1.16223588
0.00732000,10.00000000,15.00000000,16.19725928,15.12916605,0.27247911,1,-1.19725928
0.00734000,10.00000000,15.00000000,16.22659182,14.41121558,0.27126847,1,-1.22659182
0.00736000,10.00000000,15.00000000,16.25009886,13.67771047,0.27013874,1,-1.25009886
0.00738000,10.00000000,15.00000000,16.26766442,12.93086967,0.26909538,1,-1.26766442
0.00740000,10.00000000,15.00000000,16.27919214,12.17298860,0.26814354,1,-1.27919214
0.00742000,10.00000000,15.00000000,16.28460615,11.40643062,0.26728813,1,-1.28460615
0.00744000,10.00000000,15.00000000,16.28385185,10.63361791,0.26653371,1,-1.28385185
0.00746000,10.00000000,15.00000000,16.27689655,9.85702185,0.26588451,1,-1.27689655
0.00748000,10.00000000,15.00000000,16.26373005,9.07915282,0.26534443,1,-1.26373005
0.00750000,10.00000000,15.00000000,16.24436506,8.30254961,0.26491694,1,-1.24436506
0.00752000,10.00000000,15.00000000,16.21883747,7.52976843,0.26460515,1,-1.21883747
0.00754000,10.00000000,15.00000000,16.18720654,6.76337170,0.26441174,1,-1.18720654
0.00756000,10.00000000,15.00000000,16.14955488,6.00591663,0.26433895,1,-1.14955488
0.00758000,10.00000000,15.00000000,16.10598835,5.25994368,0.26438858,1,-1.10598835
0.00760000,10.00000000,15.00000000,16.05663574,4.52796503,0.26456201,1,-1.05663574
0.00762000,10.00000000,15.00000000,16.00164837,3.81245320,0.26486012,1,-1.00164837
0.00764000,10.00000000,15.00000000,15.94119954,3.11582973,0.26528335,1,-0.94119954
0.00766000,10.00000000,15.00000000,15.87548375,2.44045427,0.26583168,1,-0.87548375
0.00768000,10.00000000,15.00000000,15.80471595,1.78861398,0.26650462,1,-0.80471595
0.00770000,10.00000000,15.00000000,15.72913048,1.16251335,0.26730122,1,-0.72913048
0.00772000,10.00000000,15.00000000,15.64898001,0.56426466,0.26822010,1,-0.64898001
0.00774000,10.00000000,15.00000000,15.56453437,0.00000000,0.26925943,1,-0.56453437
0.00776000,10.00000000,15.00000000,15.47611255,0.00000000,0.27041637,1,-0.47611255
0.00778000,10.00000000,15.00000000,15.38831734,0.00000000,0.27161553,1,-0.38831734
0.00780000,10.00000000,15.00000000,15.30114493,0.00000000,0.27285660,1,-0.30114493
0.00782000,10.00000000,15.00000000,15.21459151,0.00000000,0.27413926,1,-0.21459151
0.00784000,10.00000000,15.00000000,15.12865322,0.00000000,0.27546322,1,-0.12865322
0.00786000,10.00000000,15.00000000,15.04332622,0.00000000,0.27682818,1,-0.04332622
0.00788000,10.00000000,15.00000000,14.95860663,0.00000000,0.27823383,1,0.04139337
0.00790000,10.00000000,15.00000000,14.87449055,0.00000000,0.27967988,1,0.12550945
0.00792000,10.00000000,15.00000000,14.79097408,0.00000000,0.28116602,1,0.20902592
0.00794000,10.00000000,15.00000000,14.70805329,0.00000000,0.28269198,1,0.29194671
0.00796000,10.00000000,15.00000000,14.62572425,0.00000000,0.28425747,1,0.37427575
0.00798000,10.00000000,15.00000000,14.54398301,0.00000000,0.28586218,1,0.45601699
0.00800000,10.00000000,15.00000000,14.46282560,0.00000000,0.28750585,1,0.53717440
0.00802000,10.00000000,15.00000000,14.38224806,0.00000000,0.28918818,1,0.61775194
0.00804000,10.00000000,15.00000000,14.30224640,0.00000000,0.29090891,1,0.69775360
0.00806000,10.00000000,15.00000000,14.22281662,0.00000000,0.29266775,1,0.77718338
0.00808000,10.00000000,15.00000000,14.14395474,0.00000000,0.29446443,1,0.85604526
0.00810000,10.00000000,15.00000000,14.06565673,0.01943693,0.29629867,1,0.93434327
0.00812000,10.00000000,15.00000000,13.98807008,0.07116757,0.29816766,1,1.01192992
0.00814000,10.00000000,15.00000000,13.91143996,0.15503714,0.30006682,1,1.08856004
0.00816000,10.00000000,15.00000000,13.83600650,0.27079622,0.30199152,1,1.16399350
0.00818000,10.00000000,15.00000000,13.76200416,0.41810328,0.30393709,1,1.23799584
0.00820000,10.00000000,15.00000000,13.68966097,0.59652743,0.30589882,1,1.31033903
0.00822000,10.00000000,15.00000000,13.61919797,0.80555153,0.30787198,1,1.38080203
0.00824000,10.00000000,15.00000000,13.55082860,1.04457536,0.30985185,1,1.44917140
0.00826000,10.00000000,15.00000000,13.48475822,1.31291907,0.31183370,1,1.51524178
0.00828000,10.00000000,15.00000000,13.42118364,1.60982673,0.31381283,1,1.57881636
0.00830000,10.00000000,15.00000000,13.36029273,1.93446998,0.31578459,1,1.63970727
0.00832000,10.00000000,15.00000000,13.30226405,2.28595180,0.31774434,1,1.69773595
0.00834000,10.00000000,15.00000000,13.24726657,2.66331030,0.31968753,1,1.75273343
0.00836000,10.00000000,15.00000000,13.19545942,3.06552253,0.32160966,1,1.80454058
0.00838000,10.00000000,15.00000000,13.14699167,3.49150835,0.32350630,1,1.85300833
0.00840000,10.00000000,15.00000000,13.10200218,3.94013423,0.32537312,1,1.89799782
0.00842000,10.00000000,15.00000000,13.06061950,4.41021704,0.32720585,1,1.93938050
0.00844000,10.00000000,15.00000000,13.02296178,4.90052774,0.32900036,1,1.97703822
0.00846000,10.00000000,15.00000000,12.98913673,5.40979510,0.33075260,1,2.01086327
0.00848000,10.00000000,15.00000000,12.95924160,5.93670923,0.33245863,1,2.04075840
0.00850000,10.00000000,15.00000000,12.93336323,6.47992506,0.33411464,1,2.06663677
0.00852000,10.00000000,15.00000000,12.91157807,7.03806578,0.33571694,1,2.08842193
0.00854000,10.00000000,15.00000000,12.89395227,7.60972605,0.33726198,1,2.10604773
0.00856000,10.00000000,15.00000000,12.88054176,8.19347519,0.33874631,1,2.11945824
0.00858000,10.00000000,15.00000000,12.87139234,8.78786025,0.34016665,1,2.12860766
0.00860000,10.00000000,15.00000000,12.86653985,9.39140893,0.34151985,1,2.13346015
0.00862000,10.00000000,15.00000000,12.86601026,10.00263242,0.34280290,1,2.13398974
0.00864000,10.00000000,15.00000000,12.86981983,10.62002810,0.34401294,1,2.13018017
0.00866000,10.00000000,15.00000000,12.87797522,11.24208218,0.34514728,1,2.12202478
0.00868000,10.00000000,15.00000000,12.89047372,11.86727219,0.34620337,1,2.10952628
0.00870000,10.00000000,15.00000000,12.90730331,12.49406942,0.34717880,1,2.09269669
0.00872000,10.00000000,15.00000000,12.92844285,13.12094125,0.34807136,1,2.07155715
0.00874000,10.00000000,15.00000000,12.95386225,13.74635344,0.34887898,1,2.04613775
0.00876000,10.00000000,15.00000000,12.98352257,14.36877229,0.34959976,1,2.01647743
0.00878000,10.00000000,15.00000000,13.01737616,14.98666684,0.35023197,1,1.98262384
0.00880000,10.00000000,15.00000000,13.05536682,15.59851094,0.35077405,1,1.94463318
0.00882000,10.00000000,15.00000000,13.09742990,16.20278537,0.35122464,1,1.90257010
0.00884000,10.00000000,15.00000000,13.14349240,16.79797985,0.35158253,1,1.85650760
0.00886000,10.00000000,15.00000000,13.19347311,17.38259516,0.35184670,1,1.80652689
0.00888000,10.00000000,15.00000000,13.24728267,17.95514515,0.35201633,1,1.75271733
0.00890000,10.00000000,15.00000000,13.30482367,18.51415890,0.35209077,1,1.69517633
0.00892000,10.00000000,15.00000000,13.36599072,19.05818276,0.35206958,1,1.63400928
0.00894000,10.00000000,15.00000000,13.43067053,19.58578261,0.35195250,1,1.56932947
0.00896000,10.00000000,15.00000000,13.49874197,20.09554602,0.35173949,1,1.50125803
0.00898000,10.00000000,15.00000000,13.57007611,20.58608461,0.35143069,1,1.42992389
0.00900000,10.00000000,15.00000000,13.64453629,21.05603640,0.35102647,1,1.35546371
0.00902000,10.00000000,15.00000000,13.72197813,21.50406828,0.35052740,1,1.27802187
0.00904000,10.00000000,15.00000000,13.80224963,21.92887866,0.34993428,1,1.19775037
0.00906000,10.00000000,15.00000000,13.88519117,22.32920007,0.34924809,1,1.11480883
0.00908000,10.00000000,15.00000000,13.97063560,22.70380204,0.34847008,1,1.02936440
0.00910000,10.00000000,15.00000000,14.05840824,23.05149399,0.34760171,1,0.94159176
0.00912000,10.00000000,15.00000000,14.14832698,23.37112834,0.34664465,1,0.85167302
0.00914000,10.00000000,15.00000000,14.24020237,23.66160365,0.34560083,1,0.75979763
0.00916000,10.00000000,15.00000000,14.33383766,23.92186799,0.34447241,1,0.66616234
0.00918000,10.00000000,15.00000000,14.42902893,24.15092238,0.34326178,1,0.57097107
0.00920000,10.00000000,15.00000000,14.52556523,24.34782435,0.34197157,1,0.47443477
0.00922000,10.00000000,15.00000000,14.62322871,24.51169170,0.34060466,1,0.37677129
0.00924000,10.00000000,15.00000000,14.72179482,24.64170626,0.33916418,1,0.27820518
0.00926000,10.00000000,15.00000000,14.82103251,24.73711783,0.33765348,1,0.17896749
0.00928000,10.00000000,15.00000000,14.92070446,24.79724820,0.33607619,1,0.07929554
0.00930000,10.00000000,15.00000000,15.02056742,24.82149520,0.33443614,1,-0.02056742
0.00932000,10.00000000,15.00000000,15.12037248,24.80933683,0.33273743,1,-0.12037248
0.00934000,10.00000000,15.00000000,15.21986551,24.76033541,0.33098439,1,-0.21986551
0.00936000,10.00000000,15.00000000,15.31878752,24.67414175,0.32918158,1,-0.31878752
0.00938000,10.00000000,15.00000000,15.41687521,24.55049921,0.32733379,1,-0.41687521
0.00940000,10.00000000,15.00000000,15.51386146,24.38924785,0.32544604,1,-0.51386146
0.00942000,10.00000000,15.00000000,15.60947596,24.19032827,0.32352354,1,-0.60947596
0.00944000,10.00000000,15.00000000,15.70344581,23.95378554,0.32157174,1,-0.70344581
0.00946000,10.00000000,15.00000000,15.79549631,23.67977276,0.31959624,1,-0.79549631
0.00948000,10.00000000,15.00000000,15.88535170,23.36855448,0.31760287,1,-0.88535170
0.00950000,10.00000000,15.00000000,15.97273599,23.02050989,0.31559759,1,-0.97273599
0.00952000,10.00000000,15.00000000,16.05737390,22.63613559,0.31358652,1,-1.05737390
0.00954000,10.00000000,15.00000000,16.13899178,22.21604807,0.31157595,1,-1.13899178
0.00956000,10.00000000,15.00000000,16.21731867,21.76098575,0.30957224,1,-1.21731867
0.00958000,10.00000000,15.00000000,16.29208736,21.27181054,0.30758187,1,-1.29208736
0.00960000,10.00000000,15.00000000,16.36303548,20.74950891,0.30561141,1,-1.36303548
0.00962000,10.00000000,15.00000000,16.42990672,20.19519237,0.30366747,1,-1.42990672
0.00964000,10.00000000,15.00000000,16.49245202,19.61009739,0.30175669,1,-1.49245202
0.00966000,10.00000000,15.00000000,16.55043079,18.99558458,0.29988572,1,-1.55043079
0.00968000,10.00000000,15.00000000,16.60361217,18.35313729,0.29806119,1,-1.60361217
0.00970000,10.00000000,15.00000000,16.65177633,17.68435941,0.29628967,1,-1.65177633
0.00972000,10.00000000,15.00000000,16.69471571,16.99097248,0.29457767,1,-1.69471571
0.00974000,10.00000000,15.00000000,16.73223633,16.27481195,0.29293160,1,-1.73223633
0.00976000,10.00000000,15.00000000,16.76415898,15.53782277,0.29135770,1,-1.76415898
0.00978000,10.00000000,15.00000000,16.79032051,14.78205410,0.28986209,1,-1.79032051
0.00980000,10.00000000,15.00000000,16.81057495,14.00965325,0.28845067,1,-1.81057495
0.00982000,10.00000000,15.00000000,16.82479465,13.22285889,0.28712912,1,-1.82479465
0.00984000,10.00000000,15.00000000,16.83287134,12.42399347,0.28590288,1,-1.83287134
0.00986000,10.00000000,15.00000000,16.83471708,11.61545494,0.28477710,1,-1.83471708
0.00988000,10.00000000,15.00000000,16.83026518,10.79970774,0.28375663,1,-1.83026518
0.00990000,10.00000000,15.00000000,16.81947091,9.97927323,0.28284599,1,-1.81947091
0.00992000,10.00000000,15.00000000,16.80231222,9.15671952,0.28204933,1,-1.80231222
0.00994000,10.00000000,15.00000000,16.77879025,8.33465075,0.28137045,1,-1.77879025
0.00996000,10.00000000,15.00000000,16.74892975,7.51569603,0.28081271,1,-1.74892975
0.00998000,10.00000000,15.00000000,16.71277930,6.70249795,0.28037909,1,-1.71277930
0.01000000,10.00000000,15.00000000,16.67041147,5.89770086,0.28007212,1,-1.67041147
0.01002000,10.00000000,15.00000000,16.62192280,5.10393905,0.27989387,1,-1.62192280
0.01004000,10.00000000,15.00000000,16.56743354,4.32382474,0.27984598,1,-1.56743354
0.01006000,10.00000000,15.00000000,16.50708740,3.55993622,0.27992959,1,-1.50708740
0.01008000,10.00000000,15.00000000,16.44105099,2.81480602,0.28014538,1,-1.44105099
0.01010000,10.00000000,15.00000000,16.36951321,2.09090943,0.28049358,1,-1.36951321
0.01012000,10.00000000,15.00000000,16.29268447,1.39065321,0.28097389,1,-1.29268447
0.01014000,10.00000000,15.00000000,16.21079573,0.71636486,0.28158559,1,-1.21079573
0.01016000,10.00000000,15.00000000,16.12409751,0.07028227,0.28232746,1,-1.12409751
0.01018000,10.00000000,15.00000000,16.03285864,0.00000000,0.28319783,1,-1.03285864
0.01020000,10.00000000,15.00000000,15.94169561,0.00000000,0.28412141,1,-0.94169561
0.01022000,10.00000000,15.00000000,15.85116753,0.00000000,0.28508870,1,-0.85116753
0.01024000,10.00000000,15.00000000,15.76127079,0.00000000,0.28609939,1,-0.76127079
0.01026000,10.00000000,15.00000000,15.67200177,0.00000000,0.28715315,1,-0.67200177
0.01028000,10.00000000,15.00000000,15.58335680,0.00000000,0.28824968,1,-0.58335680
0.01030000,10.00000000,15.00000000,15.49533223,0.00000000,0.28938867,1,-0.49533223
0.01032000,10.00000000,15.00000000,15.40792434,0.00000000,0.29056981,1,-0.40792434
0.01034000,10.00000000,15.00000000,15.32112941,0.00000000,0.29179279,1,-0.32112941
0.01036000,10.00000000,15.00000000,15.23494372,0.00000000,0.29305731,1,-0.23494372
0.01038000,10.00000000,15.00000000,15.14936350,0.00000000,0.29436306,1,-0.14936350
0.01040000,10.00000000,15.00000000,15.06438498,0.00000000,0.29570976,1,-0.06438498
0.01042000,10.00000000,15.00000000,14.98000437,0.00000000,0.29709711,1,0.01999563
0.01044000,10.00000000,15.00000000,14.89621786,0.00000000,0.29852481,1,0.10378214
0.01046000,10.00000000,15.00000000,14.81302163,0.00000000,0.29999257,1,0.18697837
0.01048000,10.00000000,15.00000000,14.73041183,0.00000000,0.30150011,1,0.26958817
0.01050000,10.00000000,15.00000000,14.64838463,0.00000000,0.30304713,1,0.35161537
0.01052000,10.00000000,15.00000000,14.56693615,0.00000000,0.30463337,1,0.43306385
0.01054000,10.00000000,15.00000000,14.48606252,0.00000000,0.30625853,1,0.51393748
0.01056000,10.00000000,15.00000000,14.40575986,0.00000000,0.30792235,1,0.59424014
0.01058000,10.00000000,15.00000000,14.32602427,0.02308917,0.30962454,1,0.67397573
0.01060000,10.00000000,15.00000000,14.24702840,0.07788203,0.31136184,1,0.75297160
0.01062000,10.00000000,15.00000000,14.16900805,0.16423375,0.31312984,1,0.83099195
0.01064000,10.00000000,15.00000000,14.09219436,0.28190877,0.31492405,1,0.90780564
0.01066000,10.00000000,15.00000000,14.01681313,0.43058316,0.31673992,1,0.98318687
0.01068000,10.00000000,15.00000000,13.94308418,0.60984714,0.31857289,1,1.05691582
0.01070000,10.00000000,15.00000000,13.87122077,0.81920794,0.32041837,1,1.12877923
0.01072000,10.00000000,15.00000000,13.80142904,1.05809270,0.32227177,1,1.19857096
0.01074000,10.00000000,15.00000000,13.73390754,1.32585171,0.32412848,1,1.26609246
0.01076000,10.00000000,15.00000000,13.66884679,1.62176165,0.32598393,1,1.33115321
0.01078000,10.00000000,15.00000000,13.60642888,1.94502900,0.32783358,1,1.39357112
0.01080000,10.00000000,15.00000000,13.54682715,2.29479358,0.32967293,1,1.45317285
0.01082000,10.00000000,15.00000000,13.49020588,2.67013202,0.33149750,1,1.50979412
0.01084000,10.00000000,15.00000000,13.43672004,3.07006138,0.33330291,1,1.56327996
0.01086000,10.00000000,15.00000000,13.38651513,3.49354273,0.33508483,1,1.61348487
0.01088000,10.00000000,15.00000000,13.33972695,3.93948472,0.33683899,1,1.66027305
0.01090000,10.00000000,15.00000000,13.29648157,4.40674712,0.33856123,1,1.70351843
0.01092000,10.00000000,15.00000000,13.25689515,4.89414436,0.34024747,1,1.74310485
0.01094000,10.00000000,15.00000000,13.22107396,5.40044893,0.34189373,1,1.77892604
0.01096000,10.00000000,15.00000000,13.18911433,5.92439475,0.34349613,1,1.81088567
0.01098000,10.00000000,15.00000000,13.16110269,6.46468052,0.34505091,1,1.83889731
0.01100000,10.00000000,15.00000000,13.13711555,7.01997282,0.34655442,1,1.86288445
0.01102000,10.00000000,15.00000000,13.11721960,7.58890932,0.34800312,1,1.88278040
0.01104000,10.00000000,15.00000000,13.10147177,8.17010171,0.34939361,1,1.89852823
0.01106000,10.00000000,15.00000000,13.08991935,8.76213861,0.35072261,1,1.91008065
0.01108000,10.00000000,15.00000000,13.08260004,9.36358838,0.35198699,1,1.91739996
0.01110000,10.00000000,15.00000000,13.07954211,9.97300181,0.35318373,1,1.92045789
0.01112000,10.00000000,15.00000000,13.08076451,10.58891470,0.35430997,1,1.91923549
0.01114000,10.00000000,15.00000000,13.08627699,11.20985036,0.35536299,1,1.91372301
0.01116000,10.00000000,15.00000000,13.09608025,11.83432202,0.35634022,1,1.90391975
0.01118000,10.00000000,15.00000000,13.11016607,12.46083512,0.35723923,1,1.88983393
0.01120000,10.00000000,15.00000000,13.12851744,13.08788960,0.35805775,1,1.87148256
0.01122000,10.00000000,15.00000000,13.15110868,13.71398202,0.35879368,1,1.84889132
0.01124000,10.00000000,15.00000000,13.17790557,14.33760770,0.35944504,1,1.82209443
0.01126000,10.00000000,15.00000000,13.20886551,14.95726277,0.36001006,1,1.79113449
0.01128000,10.00000000,15.00000000,13.24393757,15.57144619,0.36048711,1,1.75606243
0.01130000,10.00000000,15.00000000,13.28306263,16.17866178,0.36087472,1,1.71693737
0.01132000,10.00000000,15.00000000,13.32617349,16.77742017,0.36117162,1,1.67382651
0.01134000,10.00000000,15.00000000,13.37319494,17.36624076,0.36137670,1,1.62680506
0.01136000,10.00000000,15.00000000,13.42404384,17.94365375,0.36148903,1,1.57595616
0.01138000,10.00000000,15.00000000,13.47862921,18.50820214,0.36150785,1,1.52137079
0.01140000,10.00000000,15.00000000,13.53685225,19.05844374,0.36143260,1,1.46314775
0.01142000,10.00000000,15.00000000,13.59860647,19.59295331,0.36126292,1,1.40139353
0.01144000,10.00000000,15.00000000,13.66377764,20.11032465,0.36099862,1,1.33622236
0.01146000,10.00000000,15.00000000,13.73224393,20.60917289,0.36063973,1,1.26775607
0.01148000,10.00000000,15.00000000,13.80387584,21.08813670,0.36018645,1,1.19612416
0.01150000,10.00000000,15.00000000,13.87853634,21.54588078,0.35963922,1,1.12146366
0.01152000,10.00000000,15.00000000,13.95608080,21.98109827,0.35899868,1,1.04391920
0.01154000,10.00000000,15.00000000,14.03635708,22.39251341,0.35826566,1,0.96364292
0.01156000,10.00000000,15.00000000,14.11920554,22.77888422,0.35744124,1,0.88079446
0.01158000,10.00000000,15.00000000,14.20445904,23.13900540,0.35652671,1,0.79554096
0.01160000,10.00000000,15.00000000,14.29194305,23.47171126,0.35552357,1,0.70805695
0.01162000,10.00000000,15.00000000,14.38147565,23.77587886,0.35443357,1,0.61852435
0.01164000,10.00000000,15.00000000,14.47286759,24.05043125,0.35325869,1,0.52713241
0.01166000,10.00000000,15.00000000,14.56592239,24.29434085,0.35200112,1,0.43407761
0.01168000,10.00000000,15.00000000,14.66043642,24.50663299,0.35066333,1,0.33956358
0.01170000,10.00000000,15.00000000,14.75619904,24.68638954,0.34924800,1,0.24380096
0.01172000,10.00000000,15.00000000,14.85299271,24.83275269,0.34775806,1,0.14700729
0.01174000,10.00000000,15.00000000,14.95059320,24.94492882,0.34619667,1,0.04940680
0.01176000,10.00000000,15.00000000,15.04876980,25.02219250,0.34456727,1,-0.04876980
0.01178000,10.00000000,15.00000000,15.14728553,25.06389059,0.34287350,1,-0.14728553
0.01180000,10.00000000,15.00000000,15.24589746,25.06944632,0.34111928,1,-0.24589746
0.01182000,10.00000000,15.00000000,15.34435706,25.03836353,0.33930874,1,-0.34435706
0.01184000,10.00000000,15.00000000,15.44241052,24.97023086,0.33744626,1,-0.44241052
0.01186000,10.00000000,15.00000000,15.53979925,24.86472597,0.33553646,1,-0.53979925
0.01188000,10.00000000,15.00000000,15.63626034,24.72161970,0.33358417,1,-0.63626034
0.01190000,10.00000000,15.00000000,15.73152708,24.54078015,0.33159445,1,-0.73152708
0.01192000,10.00000000,15.00000000,15.82532963,24.32217674,0.32957258,1,-0.82532963
0.01194000,10.00000000,15.00000000,15.91739561,24.06588398,0.32752404,1,-0.91739561
0.01196000,10.00000000,15.00000000,16.00745089,23.77208519,0.32545449,1,-1.00745089
0.01198000,10.00000000,15.00000000,16.09522037,23.44107588,0.32336978,1,-1.09522037
0.01200000,10.00000000,15.00000000,16.18042879,23.07326692,0.32127593,1,-1.18042879
0.01202000,10.00000000,15.00000000,16.26280172,22.66918734,0.31917910,1,-1.26280172
0.01204000,10.00000000,15.00000000,16.34206647,22.22948676,0.31708561,1,-1.34206647
0.01206000,10.00000000,15.00000000,16.41795320,21.75493742,0.31500185,1,-1.41795320
0.01208000,10.00000000,15.00000000,16.49019592,21.24643566,0.31293435,1,-1.49019592
0.01210000,10.00000000,15.00000000,16.55853371,20.70500295,0.31088969,1,-1.55853371
0.01212000,10.00000000,15.00000000,16.62271185,20.13178626,0.30887450,1,-1.62271185
0.01214000,10.00000000,15.00000000,16.68248308,19.52805794,0.30689545,1,-1.68248308
0.01216000,10.00000000,15.00000000,16.73760882,18.89521474,0.30495920,1,-1.73760882
0.01218000,10.00000000,15.00000000,16.78786045,18.23477634,0.30307239,1,-1.78786045
0.01220000,10.00000000,15.00000000,16.83302062,17.54838300,0.30124160,1,-1.83302062
0.01222000,10.00000000,15.00000000,16.87288448,16.83779249,0.29947333,1,-1.87288448
0.01224000,10.00000000,15.00000000,16.90726103,16.10487629,0.29777398,1,-1.90726103
0.01226000,10.00000000,15.00000000,16.93597431,15.35161490,0.29614979,1,-1.93597431
0.01228000,10.00000000,15.00000000,16.95886465,14.58009245,0.29460684,1,-1.95886465
0.01230000,10.00000000,15.00000000,16.97578986,13.79249049,0.29315102,1,-1.97578986
0.01232000,10.00000000,15.00000000,16.98662632,12.99108094,0.29178797,1,-1.98662632
0.01234000,10.00000000,15.00000000,16.99127006,12.17821836,0.29052309,1,-1.99127006
0.01236000,10.00000000,15.00000000,16.98963768,11.35633150,0.28936149,1,-1.98963768
0.01238000,10.00000000,15.00000000,16.98166727,10.52791410,0.28830795,1,-1.98166727
0.01240000,10.00000000,15.00000000,16.96731913,9.69551515,0.28736694,1,-1.96731913
0.01242000,10.00000000,15.00000000,16.94657643,8.86172848,0.28654256,1,-1.94657643
0.01244000,10.00000000,15.00000000,16.91944575,8.02918201,0.28583849,1,-1.91944575
0.01246000,10.00000000,15.00000000,16.88595741,7.20052639,0.28525806,1,-1.88595741
0.01248000,10.00000000,15.00000000,16.84616576,6.37842350,0.28480413,1,-1.84616576
0.01250000,10.00000000,15.00000000,16.80014924,5.56553453,0.28447915,1,-1.80014924
0.01252000,10.00000000,15.00000000,16.74801033,4.76450806,0.28428510,1,-1.74801033
0.01254000,10.00000000,15.00000000,16.68987532,3.97796801,0.28422351,1,-1.68987532
0.01256000,10.00000000,15.00000000,16.62589396,3.20850164,0.28429542,1,-1.62589396
0.01258000,10.00000000,15.00000000,16.55623894,2.45864776,0.28450142,1,-1.55623894
0.01260000,10.00000000,15.00000000,16.48110517,1.73088516,0.28484158,1,-1.48110517
0.01262000,10.00000000,15.00000000,16.40070902,1.02762135,0.28531553,1,-1.40070902
0.01264000,10.00000000,15.00000000,16.31528733,0.35118183,0.28592242,1,-1.31528733
0.01266000,10.00000000,15.00000000,16.22509631,0.00000000,0.28666090,1,-1.22509631
0.01268000,10.00000000,15.00000000,16.13275069,0.00000000,0.28748966,1,-1.13275069
0.01270000,10.00000000,15.00000000,16.04104450,0.00000000,0.28836276,1,-1.04104450
0.01272000,10.00000000,15.00000000,15.94997423,0.00000000,0.28927988,1,-0.94997423
0.01274000,10.00000000,15.00000000,15.85953631,0.00000000,0.29024070,1,-0.85953631
0.01276000,10.00000000,15.00000000,15.76972716,0.00000000,0.29124491,1,-0.76972716
0.01278000,10.00000000,15.00000000,15.68054317,0.00000000,0.29229219,1,-0.68054317
0.01280000,10.00000000,15.00000000,15.59198070,0.00000000,0.29338223,1,-0.59198070
0.01282000,10.00000000,15.00000000,15.50403610,0.00000000,0.29451471,1,-0.50403610
0.01284000,10.00000000,15.00000000,15.41670570,0.00000000,0.29568934,1,-0.41670570
0.01286000,10.00000000,15.00000000,15.32998580,0.00000000,0.29690581,1,-0.32998580
0.01288000,10.00000000,15.00000000,15.24387269,0.00000000,0.29816381,1,-0.24387269
0.01290000,10.00000000,15.00000000,15.15836262,0.00000000,0.29946305,1,-0.15836262
0.01292000,10.00000000,15.00000000,15.07345186,0.00000000,0.30080323,1,-0.07345186
0.01294000,10.00000000,15.00000000,14.98913663,0.00000000,0.30218406,1,0.01086337
0.01296000,10.00000000,15.00000000,14.90541314,0.00000000,0.30360524,1,0.09458686
0.01298000,10.00000000,15.00000000,14.82227759,0.00000000,0.30506648,1,0.17772241
0.01300000,10.00000000,15.00000000,14.73972618,0.00000000,0.30656751,1,0.26027382
0.01302000,10.00000000,15.00000000,14.65775508,0.00000000,0.30810802,1,0.34224492
0.01304000,10.00000000,15.00000000,14.57636043,0.00000000,0.30968775,1,0.42363957
0.01306000,10.00000000,15.00000000,14.49553840,0.00000000,0.31130642,1,0.50446160
0.01308000,10.00000000,15.00000000,14.41528512,0.01787364,0.31296374,1,0.58471488
0.01310000,10.00000000,15.00000000,14.33573273,0.06729403,0.31465714,1,0.66426727
0.01312000,10.00000000,15.00000000,14.25711521,0.14813724,0.31638226,1,0.74288479
0.01314000,10.00000000,15.00000000,14.17966212,0.26018933,0.31813465,1,0.82033788
0.01316000,10.00000000,15.00000000,14.10359793,0.40314854,0.31990983,1,0.89640207
0.01318000,10.00000000,15.00000000,14.02914135,0.57662772,0.32170327,1,0.97085865
0.01320000,10.00000000,15.00000000,13.95650475,0.78015704,0.32351042,1,1.04349525
0.01322000,10.00000000,15.00000000,13.88589367,1.01318688,0.32532672,1,1.11410633
0.01324000,10.00000000,15.00000000,13.81750622,1.27509085,0.32714762,1,1.18249378
0.01326000,10.00000000,15.00000000,13.75153276,1.56516902,0.32896858,1,1.24846724
0.01328000,10.00000000,15.00000000,13.68815540,1.88265122,0.33078506,1,1.31184460
0.01330000,10.00000000,15.00000000,13.62754774,2.22670046,0.33259259,1,1.37245226
0.01332000,10.00000000,15.00000000,13.56987449,2.59641636,0.33438674,1,1.43012551
0.01334000,10.00000000,15.00000000,13.51529129,2.99083869,0.33616311,1,1.48470871
0.01336000,10.00000000,15.00000000,13.46394446,3.40895085,0.33791740,1,1.53605554
0.01338000,10.00000000,15.00000000,13.41597084,3.84968342,0.33964535,1,1.58402916
0.01340000,10.00000000,15.00000000,13.37149766,4.31191763,0.34134280,1,1.62850234
0.01342000,10.00000000,15.00000000,13.33064245,4.79448879,0.34300568,1,1.66935755
0.01344000,10.00000000,15.00000000,13.29351298,5.29618975,0.34463001,1,1.70648702
0.01346000,10.00000000,15.00000000,13.26020722,5.81577416,0.34621190,1,1.73979278
0.01348000,10.00000000,15.00000000,13.23081339,6.35195977,0.34774758,1,1.76918661
0.01350000,10.00000000,15.00000000,13.20540991,6.90343156,0.34923338,1,1.79459009
0.01352000,10.00000000,15.00000000,13.18406551,7.46884487,0.35066577,1,1.81593449
0.01354000,10.00000000,15.00000000,13.16683927,8.04682829,0.35204132,1,1.83316073
0.01356000,10.00000000,15.00000000,13.15378071,8.63598664,0.35335674,1,1.84621929
0.01358000,10.00000000,15.00000000,13.14492988,9.23490364,0.35460886,1,1.85507012
0.01360000,10.00000000,15.00000000,13.14031750,9.84214468,0.35579464,1,1.85968250
0.01362000,10.00000000,15.00000000,13.13996503,10.45625932,0.35691120,1,1.86003497
0.01364000,10.00000000,15.00000000,13.14388484,11.07578382,0.35795578,1,1.85611516
0.01366000,10.00000000,15.00000000,13.15208031,11.69924352,0.35892577,1,1.84791969
0.01368000,10.00000000,15.00000000,13.16454596,12.32515510,0.35981871,1,1.83545404
0.01370000,10.00000000,15.00000000,13.18126759,12.95202888,0.36063230,1,1.81873241
0.01372000,10.00000000,15.00000000,13.20222242,13.57837093,0.36136436,1,1.79777758
0.01374000,10.00000000,15.00000000,13.22737915,14.20268517,0.36201292,1,1.77262085
0.01376000,10.00000000,15.00000000,13.25669818,14.82347544,0.36257612,1,1.74330182
0.01378000,10.00000000,15.00000000,13.29013163,15.43924748,0.36305229,1,1.70986837
0.01380000,10.00000000,15.00000000,13.32762349,16.04851095,0.36343991,1,1.67237651
0.01382000,10.00000000,15.00000000,13.36910969,16.64978132,0.36373766,1,1.63089031
0.01384000,10.00000000,15.00000000,13.41451823,17.24158191,0.36394435,1,1.58548177
0.01386000,10.00000000,15.00000000,13.46376921,17.82244580,0.36405899,1,1.53623079
0.01388000,10.00000000,15.00000000,13.51677494,18.39091780,0.36408078,1,1.48322506
0.01390000,10.00000000,15.00000000,13.57343995,18.94555653,0.36400908,1,1.42656005
0.01392000,10.00000000,15.00000000,13.63366110,19.48493640,0.36384346,1,1.36633890
0.01394000,10.00000000,15.00000000,13.69732759,20.00764978,0.36358365,1,1.30267241
0.01396000,10.00000000,15.00000000,13.76432101,20.51230913,0.36322960,1,1.23567899
0.01398000,10.00000000,15.00000000,13.83451535,20.99754932,0.36278146,1,1.16548465
0.01400000,10.00000000,15.00000000,13.90777706,21.46202991,0.36223957,1,1.09222294
0.01402000,10.00000000,15.00000000,13.98396504,21.90443768,0.36160448,1,1.01603496
0.01404000,10.00000000,15.00000000,14.06293070,22.32348909,0.36087696,1,0.93706930
0.01406000,10.00000000,15.00000000,14.14451794,22.71793304,0.36005798,1,0.85548206
0.01408000,10.00000000,15.00000000,14.22856321,23.08655363,0.35914875,1,0.77143679
0.01410000,10.00000000,15.00000000,14.31489553,23.42817309,0.35815067,1,0.68510447
0.01412000,10.00000000,15.00000000,14.40333653,23.74165483,0.35706541,1,0.59666347
0.01414000,10.00000000,15.00000000,14.49370051,24.02590667,0.35589484,1,0.50629949
0.01416000,10.00000000,15.00000000,14.58579450,24.27988417,0.35464107,1,0.41420550
0.01418000,10.00000000,15.00000000,14.67941833,24.50259407,0.35330646,1,0.32058167
0.01420000,10.00000000,15.00000000,14.77436478,24.69309794,0.35189358,1,0.22563522
0.01422000,10.00000000,15.00000000,14.87041968,24.85051587,0.35040527,1,0.12958032
0.01424000,10.00000000,15.00000000,14.96736206,24.97403036,0.34884460,1,0.03263794
0.01426000,10.00000000,15.00000000,15.06496436,25.06289025,0.34721489,1,-0.06496436
0.01428000,10.00000000,15.00000000,15.16299267,25.11641478,0.34551969,1,-0.16299267
0.01430000,10.00000000,15.00000000,15.26120698,25.13399772,0.34376280,1,-0.26120698
0.01432000,10.00000000,15.00000000,15.35936149,25.11511156,0.34194827,1,-0.35936149
0.01434000,10.00000000,15.00000000,15.45720497,25.05931172,0.34008038,1,-0.45720497
0.01436000,10.00000000,15.00000000,15.55448121,24.96624079,0.33816364,1,-0.55448121
0.01438000,10.00000000,15.00000000,15.65092941,24.83563271,0.33620280,1,-0.65092941
0.01440000,10.00000000,15.00000000,15.74628478,24.66731696,0.33420283,1,-0.74628478
0.01442000,10.00000000,15.00000000,15.84027904,24.46122255,0.33216890,1,-0.84027904
0.01444000,10.00000000,15.00000000,15.93264114,24.21738204,0.33010643,1,-0.93264114
0.01446000,10.00000000,15.00000000,16.02309791,23.93593523,0.32802099,1,-1.02309791
0.01448000,10.00000000,15.00000000,16.11137482,23.61713270,0.32591836,1,-1.11137482
0.01450000,10.00000000,15.00000000,16.19719687,23.26133915,0.32380450,1,-1.19719687
0.01452000,10.00000000,15.00000000,16.28028941,22.86903629,0.32168550,1,-1.28028941
0.01454000,10.00000000,15.00000000,16.36037915,22.44082552,0.31956762,1,-1.36037915
0.01456000,10.00000000,15.00000000,16.43719512,21.97743009,0.31745723,1,-1.43719512
0.01458000,10.00000000,15.00000000,16.51046980,21.47969684,0.31536080,1,-1.51046980
0.01460000,10.00000000,15.00000000,16.57994019,20.94859746,0.31328489,1,-1.57994019
0.01462000,10.00000000,15.00000000,16.64534901,20.38522913,0.31123612,1,-1.64534901
0.01464000,10.00000000,15.00000000,16.70644587,19.79081461,0.30922115,1,-1.70644587
0.01466000,10.00000000,15.00000000,16.76298856,19.16670164,0.30724665,1,-1.76298856
0.01468000,10.00000000,15.00000000,16.81474428,18.51436170,0.30531927,1,-1.81474428
0.01470000,10.00000000,15.00000000,16.86149094,17.83538801,0.30344562,1,-1.86149094
0.01472000,10.00000000,15.00000000,16.90301843,17.13149277,0.30163223,1,-1.90301843
0.01474000,10.00000000,15.00000000,16.93912994,16.40450370,0.29988557,1,-1.93912994
0.01476000,10.00000000,15.00000000,16.96964319,15.65635966,0.29821193,1,-1.96964319
0.01478000,10.00000000,15.00000000,16.99439168,14.88910563,0.29661748,1,-1.99439168
0.01480000,10.00000000,15.00000000,17.01322591,14.10488676,0.29510818,1,-2.01322591
0.01482000,10.00000000,15.00000000,17.02601449,13.30594169,0.29368979,1,-2.02601449
0.01484000,10.00000000,15.00000000,17.03264526,12.49459515,0.29236782,1,-2.03264526
0.01486000,10.00000000,15.00000000,17.03302628,11.67324969,0.29114748,1,-2.03302628
0.01488000,10.00000000,15.00000000,17.02708673,10.84437688,0.29003372,1,-2.02708673
0.01490000,10.00000000,15.00000000,17.01477771,10.01050769,0.28903113,1,-2.01477771
0.01492000,10.00000000,15.00000000,16.99607298,9.17422243,0.28814397,1,-1.99607298
0.01494000,10.00000000,15.00000000,16.97096949,8.33814002,0.28737609,1,-1.97096949
0.01496000,10.00000000,15.00000000,16.93948785,7.50490693,0.28673098,1,-1.93948785
0.01498000,10.00000000,15.00000000,16.90167261,6.67718571,0.28621169,1,-1.90167261
0.01500000,10.00000000,15.00000000,16.85759240,5.85764315,0.28582084,1,-1.85759240
0.01502000,10.00000000,15.00000000,16.80734000,5.04893843,0.28556061,1,-1.80734000
0.01504000,10.00000000,15.00000000,16.75103210,4.25371100,0.28543271,1,-1.75103210
0.01506000,10.00000000,15.00000000,16.68880905,3.47456861,0.28543839,1,-1.68880905
0.01508000,10.00000000,15.00000000,16.62083439,2.71407534,0.28557842,1,-1.62083439
0.01510000,10.00000000,15.00000000,16.54729422,1.97473995,0.28585308,1,-1.54729422
0.01512000,10.00000000,15.00000000,16.46839647,1.25900444,0.28626219,1,-1.46839647
0.01514000,10.00000000,15.00000000,16.38436996,0.56923308,0.28680507,1,-1.38436996
0.01516000,10.00000000,15.00000000,16.29546341,0.00000000,0.28748060,1,-1.29546341
0.01518000,10.00000000,15.00000000,16.20267266,0.00000000,0.28827485,1,-1.20267266
0.01520000,10.00000000,15.00000000,16.11052321,0.00000000,0.28911368,1,-1.11052321
0.01522000,10.00000000,15.00000000,16.01901157,0.00000000,0.28999677,1,-1.01901157
0.01524000,10.00000000,15.00000000,15.92813420,0.00000000,0.29092379,1,-0.92813420
0.01526000,10.00000000,15.00000000,15.83788753,0.00000000,0.29189442,1,-0.83788753
0.01528000,10.00000000,15.00000000,15.74826798,0.00000000,0.29290835,1,-0.74826798
0.01530000,10.00000000,15.00000000,15.65927195,0.00000000,0.29396527,1,-0.65927195
0.01532000,10.00000000,15.00000000,15.57089579,0.00000000,0.29506487,1,-0.57089579
0.01534000,10.00000000,15.00000000,15.48313586,0.00000000,0.29620682,1,-0.48313586
0.01536000,10.00000000,15.00000000,15.39598849,0.00000000,0.29739084,1,-0.39598849
0.01538000,10.00000000,15.00000000,15.30944996,0.00000000,0.29861662,1,-0.30944996
0.01540000,10.00000000,15.00000000,15.22351658,0.00000000,0.29988385,1,-0.22351658
0.01542000,10.00000000,15.00000000,15.13818460,0.00000000,0.30119223,1,-0.13818460
0.01544000,10.00000000,15.00000000,15.05345028,0.00000000,0.30254148,1,-0.05345028
0.01546000,10.00000000,15.00000000,14.96930985,0.00000000,0.30393130,1,0.03069015
0.01548000,10.00000000,15.00000000,14.88575953,0.00000000,0.30536139,1,0.11424047
0.01550000,10.00000000,15.00000000,14.80279552,0.00000000,0.30683148,1,0.19720448
0.01552000,10.00000000,15.00000000,14.72041401,0.00000000,0.30834127,1,0.27958599
0.01554000,10.00000000,15.00000000,14.63861117,0.00000000,0.30989047,1,0.36138883
0.01556000,10.00000000,15.00000000,14.55738316,0.00000000,0.31147882,1,0.44261684
0.01558000,10.00000000,15.00000000,14.47672615,0.00189077,0.31310603,1,0.52327385
0.01560000,10.00000000,15.00000000,14.39665064,0.03531711,0.31477158,1,0.60334936
0.01562000,10.00000000,15.00000000,14.31739197,0.10020283,0.31647115,1,0.68260803
0.01564000,10.00000000,15.00000000,14.23918140,0.19638102,0.31820034,1,0.76081860
0.01566000,10.00000000,15.00000000,14.16224551,0.32359600,0.31995470,1,0.83775449
0.01568000,10.00000000,15.00000000,14.08680544,0.48150570,0.32172974,1,0.91319456
0.01570000,10.00000000,15.00000000,14.01307638,0.66968418,0.32352091,1,0.98692362
0.01572000,10.00000000,15.00000000,13.94126690,0.88762437,0.32532368,1,1.05873310
0.01574000,10.00000000,15.00000000,13.87157852,1.13474110,0.32713350,1,1.12842148
0.01576000,10.00000000,15.00000000,13.80420519,1.41037414,0.32894581,1,1.19579481
0.01578000,10.00000000,15.00000000,13.73933290,1.71379147,0.33075610,1,1.26066710
0.01580000,10.00000000,15.00000000,13.67713928,2.04419261,0.33255987,1,1.32286072
0.01582000,10.00000000,15.00000000,13.61779332,2.40071207,0.33435266,1,1.38220668
0.01584000,10.00000000,15.00000000,13.56145506,2.78242277,0.33613007,1,1.43854494
0.01586000,10.00000000,15.00000000,13.50827537,3.18833956,0.33788776,1,1.49172463
0.01588000,10.00000000,15.00000000,13.45839577,3.61742272,0.33962144,1,1.54160423
0.01590000,10.00000000,15.00000000,13.41194825,4.06858146,0.34132692,1,1.58805175
0.01592000,10.00000000,15.00000000,13.36905521,4.54067734,0.34300008,1,1.63094479
0.01594000,10.00000000,15.00000000,13.32982933,5.03252773,0.34463689,1,1.67017067
0.01596000,10.00000000,15.00000000,13.29437355,5.54290911,0.34623342,1,1.70562645
0.01598000,10.00000000,15.00000000,13.26278108,6.07056039,0.34778584,1,1.73721892
0.01600000,10.00000000,15.00000000,13.23513536,6.61418610,0.34929044,1,1.76486464
0.01602000,10.00000000,15.00000000,13.21151014,7.17245949,0.35074362,1,1.78848986
0.01604000,10.00000000,15.00000000,13.19196951,7.74402554,0.35214189,1,1.80803049
0.01606000,10.00000000,15.00000000,13.17656800,8.32750389,0.35348189,1,1.82343200
0.01608000,10.00000000,15.00000000,13.16535065,8.92149167,0.35476038,1,1.83464935
0.01610000,10.00000000,15.00000000,13.15835312,9.52456617,0.35597427,1,1.84164688
0.01612000,10.00000000,15.00000000,13.15560180,10.13528751,0.35712059,1,1.84439820
0.01614000,10.00000000,15.00000000,13.15711395,10.75220113,0.35819652,1,1.84288605
0.01616000,10.00000000,15.00000000,13.16289778,11.37384023,0.35919936,1,1.83710222
0.01618000,10.00000000,15.00000000,13.17295263,11.99872809,0.36012658,1,1.82704737
0.01620000,10.00000000,15.00000000,13.18726906,12.62538036,0.36097578,1,1.81273094
0.01622000,10.00000000,15.00000000,13.20582899,13.25230720,0.36174473,1,1.79417101
0.01624000,10.00000000,15.00000000,13.22860583,13.87801545,0.36243135,1,1.77139417
0.01626000,10.00000000,15.00000000,13.25556460,14.50101069,0.36303370,1,1.74443540
0.01628000,10.00000000,15.00000000,13.28666202,15.11979920,0.36355002,1,1.71333798
0.01630000,10.00000000,15.00000000,13.32184665,15.73289003,0.36397870,1,1.67815335
0.01632000,10.00000000,15.00000000,13.36105898,16.33879691,0.36431831,1,1.63894102
0.01634000,10.00000000,15.00000000,13.40423150,16.93604020,0.36456759,1,1.59576850
0.01636000,10.00000000,15.00000000,13.45128881,17.52314887,0.36472545,1,1.54871119
0.01638000,10.00000000,15.00000000,13.50214767,18.09866246,0.36479097,1,1.49785233
0.01640000,10.00000000,15.00000000,13.55671709,18.66113303,0.36476342,1,1.44328291
0.01642000,10.00000000,15.00000000,13.61489835,19.20912723,0.36464224,1,1.38510165
0.01644000,10.00000000,15.00000000,13.67658509,19.74122838,0.36442709,1,1.32341491
0.01646000,10.00000000,15.00000000,13.74166331,20.25603857,0.36411780,1,1.25833669
0.01648000,10.00000000,15.00000000,13.81001144,20.75218088,0.36371438,1,1.18998856
0.01650000,10.00000000,15.00000000,13.88150031,21.22830172,0.36321708,1,1.11849969
0.01652000,10.00000000,15.00000000,13.95599326,21.68307315,0.36262633,1,1.04400674
0.01654000,10.00000000,15.00000000,14.03334608,22.11519544,0.36194276,1,0.96665392
0.01656000,10.00000000,15.00000000,14.11340707,22.52339961,0.36116724,1,0.88659293
0.01658000,10.00000000,15.00000000,14.19601707,22.90645023,0.36030084,1,0.80398293
0.01660000,10.00000000,15.00000000,14.28100946,23.26314822,0.35934484,1,0.71899054
0.01662000,10.00000000,15.00000000,14.36821022,23.59233384,0.35830078,1,0.63178978
0.01664000,10.00000000,15.00000000,14.45743796,23.89288986,0.35717038,1,0.54256204
0.01666000,10.00000000,15.00000000,14.54850399,24.16374475,0.35595564,1,0.45149601
0.01668000,10.00000000,15.00000000,14.64121237,24.40387613,0.35465876,1,0.35878763
0.01670000,10.00000000,15.00000000,14.73536002,24.61231430,0.35328220,1,0.26463998
0.01672000,10.00000000,15.00000000,14.83073684,24.78814587,0.35182864,1,0.16926316
0.01674000,10.00000000,15.00000000,14.92712586,24.93051758,0.35030102,1,0.07287414
0.01676000,10.00000000,15.00000000,15.02430336,25.03864017,0.34870251,1,-0.02430336
0.01678000,10.00000000,15.00000000,15.12203915,25.11179244,0.34703654,1,-0.12203915
0.01680000,10.00000000,15.00000000,15.22009676,25.14932527,0.34530675,1,-0.22009676
0.01682000,10.00000000,15.00000000,15.31823375,25.15066585,0.34351707,1,-0.31823375
0.01684000,10.00000000,15.00000000,15.41620204,25.11532182,0.34167163,1,-0.41620204
0.01686000,10.00000000,15.00000000,15.51374829,25.04288557,0.33977482,1,-0.51374829
0.01688000,10.00000000,15.00000000,15.61061431,24.93303841,0.33783124,1,-0.61061431
0.01690000,10.00000000,15.00000000,15.70653760,24.78555480,0.33584575,1,-0.70653760
0.01692000,10.00000000,15.00000000,15.80125183,24.60030644,0.33382340,1,-0.80125183
0.01694000,10.00000000,15.00000000,15.89448750,24.37726632,0.33176947,1,-0.89448750
0.01696000,10.00000000,15.00000000,15.98597257,24.11651255,0.32968944,1,-0.98597257
0.01698000,10.00000000,15.00000000,16.07543321,23.81823205,0.32758898,1,-1.07543321
0.01700000,10.00000000,15.00000000,16.16259459,23.48272402,0.32547395,1,-1.16259459
0.01702000,10.00000000,15.00000000,16.24718172,23.11040307,0.32335037,1,-1.24718172
0.01704000,10.00000000,15.00000000,16.32892040,22.70180203,0.32122439,1,-1.32892040
0.01706000,10.00000000,15.00000000,16.40753816,22.25757446,0.31910234,1,-1.40753816
0.01708000,10.00000000,15.00000000,16.48276535,21.77849661,0.31699063,1,-1.48276535
0.01710000,10.00000000,15.00000000,16.55433618,21.26546896,0.31489578,1,-1.55433618
0.01712000,10.00000000,15.00000000,16.62198988,20.71951728,0.31282437,1,-1.62198988
0.01714000,10.00000000,15.00000000,16.68547192,20.14179297,0.31078305,1,-1.68547192
0.01716000,10.00000000,15.00000000,16.74453518,19.53357293,0.30877848,1,-1.74453518
0.01718000,10.00000000,15.00000000,16.79894122,18.89625867,0.30681734,1,-1.79894122
0.01720000,10.00000000,15.00000000,16.84846159,18.23137474,0.30490625,1,-1.84846159
0.01722000,10.00000000,15.00000000,16.89287908,17.54056644,0.30305182,1,-1.89287908
0.01724000,10.00000000,15.00000000,16.93198901,16.82559674,0.30126054,1,-1.93198901
0.01726000,10.00000000,15.00000000,16.96560054,16.08834244,0.29953882,1,-1.96560054
0.01728000,10.00000000,15.00000000,16.99353789,15.33078954,0.29789290,1,-1.99353789
0.01730000,10.00000000,15.00000000,17.01564159,14.55502777,0.29632887,1,-2.01564159
0.01732000,10.00000000,15.00000000,17.03176967,13.76324441,0.29485261,1,-2.03176967
0.01734000,10.00000000,15.00000000,17.04179875,12.95771720,0.29346977,1,-2.04179875
0.01736000,10.00000000,15.00000000,17.04562511,12.14080662,0.29218575,1,-2.04562511
0.01738000,10.00000000,15.00000000,17.04316566,11.31494738,0.29100566,1,-2.04316566
0.01740000,10.00000000,15.00000000,17.03435881,10.48263925,0.28993430,1,-2.03435881
0.01742000,10.00000000,15.00000000,17.01916520,9.64643723,0.28897611,1,-2.01916520
0.01744000,10.00000000,15.00000000,16.99756842,8.80894122,0.28813519,1,-1.99756842
0.01746000,10.00000000,15.00000000,16.96957545,7.97278511,0.28741524,1,-1.96957545
0.01748000,10.00000000,15.00000000,16.93521708,7.14062549,0.28681957,1,-1.93521708
0.01750000,10.00000000,15.00000000,16.89454816,6.31513009,0.28635105,1,-1.89454816
0.01752000,10.00000000,15.00000000,16.84764766,5.49896586,0.28601211,1,-1.84764766
0.01754000,10.00000000,15.00000000,16.79461863,4.69478694,0.28580474,1,-1.79461863
0.01756000,10.00000000,15.00000000,16.73558797,3.90522270,0.28573045,1,-1.73558797
0.01758000,10.00000000,15.00000000,16.67070607,3.13286563,0.28579028,1,-1.67070607
0.01760000,10.00000000,15.00000000,16.60014628,2.38025956,0.28598479,1,-1.60014628
0.01762000,10.00000000,15.00000000,16.52410422,1.64988802,0.28631409,1,-1.52410422
0.01764000,10.00000000,15.00000000,16.44279699,0.94416305,0.28677775,1,-1.44279699
0.01766000,10.00000000,15.00000000,16.35646217,0.26541434,0.28737493,1,-1.35646217
0.01768000,10.00000000,15.00000000,16.26535676,0.00000000,0.28810428,1,-1.26535676
0.01770000,10.00000000,15.00000000,16.17278479,0.00000000,0.28891282,1,-1.17278479
0.01772000,10.00000000,15.00000000,16.08085279,0.00000000,0.28976582,1,-1.08085279
0.01774000,10.00000000,15.00000000,15.98955725,0.00000000,0.29066298,1,-0.98955725
0.01776000,10.00000000,15.00000000,15.89889461,0.00000000,0.29160396,1,-0.89889461
0.01778000,10.00000000,15.00000000,15.80886133,0.00000000,0.29258845,1,-0.80886133
0.01780000,10.00000000,15.00000000,15.71945379,0.00000000,0.29361613,1,-0.71945379
0.01782000,10.00000000,15.00000000,15.63066840,0.00000000,0.29468670,1,-0.63066840
0.01784000,10.00000000,15.00000000,15.54250150,0.00000000,0.29579984,1,-0.54250150
0.01786000,10.00000000,15.00000000,15.45494945,0.00000000,0.29695524,1,-0.45494945
0.01788000,10.00000000,15.00000000,15.36800855,0.00000000,0.29815260,1,-0.36800855
0.01790000,10.00000000,15.00000000,15.28167512,0.00000000,0.29939162,1,-0.28167512
0.01792000,10.00000000,15.00000000,15.19594543,0.00000000,0.30067200,1,-0.19594543
0.01794000,10.00000000,15.00000000,15.11081574,0.00000000,0.30199343,1,-0.11081574
0.01796000,10.00000000,15.00000000,15.02628229,0.00000000,0.30335563,1,-0.02628229
0.01798000,10.00000000,15.00000000,14.94234133,0.00000000,0.30475830,1,0.05765867
0.01800000,10.00000000,15.00000000,14.85898906,0.00000000,0.30620116,1,0.14101094
0.01802000,10.00000000,15.00000000,14.77622168,0.00000000,0.30768390,1,0.22377832
0.01804000,10.00000000,15.00000000,14.69403538,0.00000000,0.30920626,1,0.30596462
0.01806000,10.00000000,15.00000000,14.61242633,0.00000000,0.31076795,1,0.38757367
0.01808000,10.00000000,15.00000000,14.53139069,0.00000000,0.31236868,1,0.46860931
0.01810000,10.00000000,15.00000000,14.45092461,0.01418321,0.31400819,1,0.54907539
0.01812000,10.00000000,15.00000000,14.37113200,0.05986234,0.31568437,1,0.62886800
0.01814000,10.00000000,15.00000000,14.29224644,0.13692612,0.31739287,1,0.70775356
0.01816000,10.00000000,15.00000000,14.21449722,0.24517335,0.31912929,1,0.78550278
0.01818000,10.00000000,15.00000000,14.13810867,0.38431507,0.32088914,1,0.86189133
0.01820000,10.00000000,15.00000000,14.06329945,0.55397697,0.32266793,1,0.93670055
0.01822000,10.00000000,15.00000000,13.99028206,0.75370197,0.32446112,1,1.00971794
0.01824000,10.00000000,15.00000000,13.91926218,0.98295313,0.32626416,1,1.08073782
0.01826000,10.00000000,15.00000000,13.85043826,1.24111661,0.32807251,1,1.14956174
0.01828000,10.00000000,15.00000000,13.78400106,1.52750485,0.32988163,1,1.21599894
0.01830000,10.00000000,15.00000000,13.72013319,1.84135983,0.33168701,1,1.27986681
0.01832000,10.00000000,15.00000000,13.65900883,2.18185646,0.33348418,1,1.34099117
0.01834000,10.00000000,15.00000000,13.60079340,2.54810599,0.33526870,1,1.39920660
0.01836000,10.00000000,15.00000000,13.54564330,2.93915951,0.33703618,1,1.45435670
0.01838000,10.00000000,15.00000000,13.49370567,3.35401141,0.33878233,1,1.50629433
0.01840000,10.00000000,15.00000000,13.44511827,3.79160291,0.34050288,1,1.55488173
0.01842000,10.00000000,15.00000000,13.40000932,4.25082549,0.34219367,1,1.59999068
0.01844000,10.00000000,15.00000000,13.35849737,4.73052437,0.34385062,1,1.64150263
0.01846000,10.00000000,15.00000000,13.32069130,5.22950188,0.34546974,1,1.67930870
0.01848000,10.00000000,15.00000000,13.28669022,5.74652075,0.34704714,1,1.71330978
0.01850000,10.00000000,15.00000000,13.25658353,6.28030738,0.34857905,1,1.74341647
0.01852000,10.00000000,15.00000000,13.23045090,6.82955503,0.35006179,1,1.76954910
0.01854000,10.00000000,15.00000000,13.20836231,7.39292682,0.35149180,1,1.79163769
0.01856000,10.00000000,15.00000000,13.19037816,7.96905877,0.35286565,1,1.80962184
0.01858000,10.00000000,15.00000000,13.17654931,8.55656262,0.35418002,1,1.82345069
0.01860000,10.00000000,15.00000000,13.16691717,9.15402867,0.35543174,1,1.83308283
0.01862000,10.00000000,15.00000000,13.16151383,9.76002837,0.35661776,1,1.83848617
0.01864000,10.00000000,15.00000000,13.16036219,10.37311698,0.35773516,1,1.83963781
0.01866000,10.00000000,15.00000000,13.16347603,10.99183600,0.35878118,1,1.83652397
0.01868000,10.00000000,15.00000000,13.17086017,11.61471557,0.35975318,1,1.82913983
0.01870000,10.00000000,15.00000000,13.18251063,12.24027678,0.36064868,1,1.81748937
0.01872000,10.00000000,15.00000000,13.19841466,12.86703392,0.36146535,1,1.80158534
0.01874000,10.00000000,15.00000000,13.21855098,13.49349657,0.36220101,1,1.78144902
0.01876000,10.00000000,15.00000000,13.24288982,14.11817177,0.36285364,1,1.75711018
0.01878000,10.00000000,15.00000000,13.27139307,14.73956604,0.36342136,1,1.72860693
0.01880000,10.00000000,15.00000000,13.30401441,15.35618737,0.36390247,1,1.69598559
0.01882000,10.00000000,15.00000000,13.34069934,15.96654720,0.36429544,1,1.65930066
0.01884000,10.00000000,15.00000000,13.38138539,16.56916239,0.36459890,1,1.61861461
0.01886000,10.00000000,15.00000000,13.42600210,17.16255715,0.36481164,1,1.57399790
0.01888000,10.00000000,15.00000000,13.47447115,17.74526499,0.36493264,1,1.52552885
0.01890000,10.00000000,15.00000000,13.52670644,18.31583074,0.36496105,1,1.47329356
0.01892000,10.00000000,15.00000000,13.58261411,18.87281246,0.36489622,1,1.41738589
0.01894000,10.00000000,15.00000000,13.64209263,19.41478359,0.36473766,1,1.35790737
0.01896000,10.00000000,15.00000000,13.70503282,19.94033497,0.36448509,1,1.29496718
0.01898000,10.00000000,15.00000000,13.77131791,20.44807700,0.36413841,1,1.22868209
0.01900000,10.00000000,15.00000000,13.84082352,20.93664196,0.36369773,1,1.15917648
0.01902000,10.00000000,15.00000000,13.91341777,21.40468626,0.36316335,1,1.08658223
0.01904000,10.00000000,15.00000000,13.98896120,21.85089287,0.36253579,1,1.01103880
0.01906000,10.00000000,15.00000000,14.06730690,22.27397392,0.36181576,1,0.93269310
0.01908000,10.00000000,15.00000000,14.14830043,22.67267328,0.36100420,1,0.85169957
0.01910000,10.00000000,15.00000000,14.23177991,23.04576938,0.36010226,1,0.76822009
0.01912000,10.00000000,15.00000000,14.31757604,23.39207808,0.35911133,1,0.68242396
0.01914000,10.00000000,15.00000000,14.40551210,23.71045572,0.35803300,1,0.59448790
0.01916000,10.00000000,15.00000000,14.49540406,23.99980231,0.35686911,1,0.50459594
0.01918000,10.00000000,15.00000000,14.58706059,24.25906480,0.35562171,1,0.41293941
0.01920000,10.00000000,15.00000000,14.68028316,24.48724060,0.35429312,1,0.31971684
0.01922000,10.00000000,15.00000000,14.77486614,24.68338106,0.35288587,1,0.22513386
0.01924000,10.00000000,15.00000000,14.87059692,24.84659527,0.35140273,1,0.12940308
0.01926000,10.00000000,15.00000000,14.96725609,24.97605385,0.34984674,1,0.03274391
0.01928000,10.00000000,15.00000000,15.06461759,25.07099290,0.34822116,1,-0.06461759
0.01930000,10.00000000,15.00000000,15.16244892,25.13071804,0.34652950,1,-0.16244892
0.01932000,10.00000000,15.00000000,15.26051147,25.15460851,0.34477550,1,-0.26051147
0.01934000,10.00000000,15.00000000,15.35856073,25.14212137,0.34296316,1,-0.35856073
0.01936000,10.00000000,15.00000000,15.45634670,25.09279574,0.34109672,1,-0.45634670
0.01938000,10.00000000,15.00000000,15.55361429,25.00625698,0.33918064,1,-0.55361429
0.01940000,10.00000000,15.00000000,15.65010374,24.88222094,0.33721962,1,-0.65010374
0.01942000,10.00000000,15.00000000,15.74555115,24.72049812,0.33521859,1,-0.74555115
0.01944000,10.00000000,15.00000000,15.83968902,24.52099777,0.33318268,1,-0.83968902
0.01946000,10.00000000,15.00000000,15.93224694,24.28373182,0.33111725,1,-0.93224694
0.01948000,10.00000000,15.00000000,16.02295221,24.00881872,0.32902784,1,-1.02295221
0.01950000,10.00000000,15.00000000,16.11153061,23.69648699,0.32692021,1,-1.11153061
0.01952000,10.00000000,15.00000000,16.19770728,23.34707861,0.32480026,1,-1.19770728
0.01954000,10.00000000,15.00000000,16.28120749,22.96105203,0.32267407,1,-1.28120749
0.01956000,10.00000000,15.00000000,16.36175767,22.53898486,0.32054786,1,-1.36175767
0.01958000,10.00000000,15.00000000,16.43908640,22.08157619,0.31842798,1,-1.43908640
0.01960000,10.00000000,15.00000000,16.51292540,21.58964838,0.31632088,1,-1.51292540
0.01962000,10.00000000,15.00000000,16.58301074,21.06414847,0.31423312,1,-1.58301074
0.01964000,10.00000000,15.00000000,16.64908392,20.50614892,0.31217129,1,-1.64908392
0.01966000,10.00000000,15.00000000,16.71089311,19.91684782,0.31014206,1,-1.71089311
0.01968000,10.00000000,15.00000000,16.76819438,19.29756848,0.30815208,1,-1.76819438
0.01970000,10.00000000,15.00000000,16.82075295,18.64975826,0.30620802,1,-1.82075295
0.01972000,10.00000000,15.00000000,16.86834449,17.97498676,0.30431650,1,-1.86834449
0.01974000,10.00000000,15.00000000,16.91075639,17.27494324,0.30248409,1,-1.91075639
0.01976000,10.00000000,15.00000000,16.94778905,16.55143326,0.30071723,1,-1.94778905
0.01978000,10.00000000,15.00000000,16.97925718,15.80637453,0.29902229,1,-1.97925718
0.01980000,10.00000000,15.00000000,17.00499100,15.04179198,0.29740545,1,-2.00499100
0.01982000,10.00000000,15.00000000,17.02483749,14.25981205,0.29587272,1,-2.02483749
0.01984000,10.00000000,15.00000000,17.03866154,13.46265610,0.29442990,1,-2.03866154
0.01986000,10.00000000,15.00000000,17.04634701,12.65263319,0.29308255,1,-2.04634701
0.01988000,10.00000000,15.00000000,17.04779782,11.83213195,0.29183595,1,-2.04779782
0.01990000,10.00000000,15.00000000,17.04293883,11.00361193,0.29069511,1,-2.04293883
0.01992000,10.00000000,15.00000000,17.03171667,10.16959408,0.28966469,1,-2.03171667
0.01994000,10.00000000,15.00000000,17.01410051,9.33265081,0.28874901,1,-2.01410051
0.01996000,10.00000000,15.00000000,16.99008258,8.49539539,0.28795203,1,-1.99008258
0.01998000,10.00000000,15.00000000,16.95967874,7.66047092,0.28727729,1,-1.95967874
0.02000000,10.00000000,15.00000000,16.92292870,6.83053891,0.28672794,1,-1.92292870
0.02002000,10.00000000,15.00000000,16.87989629,6.00826759,0.28630670,1,-1.87989629
0.02004000,10.00000000,15.00000000,16.83066947,5.19631996,0.28601582,1,-1.83066947
0.02006000,10.00000000,15.00000000,16.77536017,4.39734175,0.28585712,1,-1.77536017
0.02008000,10.00000000,15.00000000,16.71410407,3.61394939,0.28583193,1,-1.71410407
0.02010000,10.00000000,15.00000000,16.64706015,2.84871806,0.28594112,1,-1.64706015
0.02012000,10.00000000,15.00000000,16.57441010,2.10416992,0.28618508,1,-1.57441010
0.02014000,10.00000000,15.00000000,16.49635760,1.38276263,0.28656371,1,-1.49635760
0.02016000,10.00000000,15.00000000,16.41312743,0.68687827,0.28707644,1,-1.41312743
0.02018000,10.00000000,15.00000000,16.32496449,0.01881277,0.28772223,1,-1.32496449
0.02020000,10.00000000,15.00000000,16.23213264,0.00000000,0.28849956,1,-1.23213264
0.02022000,10.00000000,15.00000000,16.13979346,0.00000000,0.28932400,1,-1.13979346
0.02024000,10.00000000,15.00000000,16.04809293,0.00000000,0.29019280,1,-1.04809293
0.02026000,10.00000000,15.00000000,15.95702753,0.00000000,0.29110563,1,-0.95702753
0.02028000,10.00000000,15.00000000,15.86659371,0.00000000,0.29206217,1,-0.86659371
0.02030000,10.00000000,15.00000000,15.77678789,0.00000000,0.29306211,1,-0.77678789
0.02032000,10.00000000,15.00000000,15.68760647,0.00000000,0.29410513,1,-0.68760647
0.02034000,10.00000000,15.00000000,15.59904582,0.00000000,0.29519091,1,-0.59904582
0.02036000,10.00000000,15.00000000,15.51110231,0.00000000,0.29631916,1,-0.51110231
0.02038000,10.00000000,15.00000000,15.42377227,0.00000000,0.29748957,1,-0.42377227
0.02040000,10.00000000,15.00000000,15.33705200,0.00000000,0.29870182,1,-0.33705200
0.02042000,10.00000000,15.00000000,15.25093781,0.00000000,0.29995562,1,-0.25093781
0.02044000,10.00000000,15.00000000,15.16542596,0.00000000,0.30125067,1,-0.16542596
0.02046000,10.00000000,15.00000000,15.08051272,0.00000000,0.30258667,1,-0.08051272
0.02048000,10.00000000,15.00000000,14.99619432,0.00000000,0.30396334,1,0.00380568
0.02050000,10.00000000,15.00000000,14.91246699,0.00000000,0.30538037,1,0.08753301
0.02052000,10.00000000,15.00000000,14.82932694,0.00000000,0.30683748,1,0.17067306
0.02054000,10.00000000,15.00000000,14.74677036,0.00000000,0.30833438,1,0.25322964
0.02056000,10.00000000,15.00000000,14.66479343,0.00000000,0.30987079,1,0.33520657
0.02058000,10.00000000,15.00000000,14.58339233,0.00000000,0.31144642,1,0.41660767
0.02060000,10.00000000,15.00000000,14.50256320,0.00000000,0.31306101,1,0.49743680
0.02062000,10.00000000,15.00000000,14.42230220,0.02609118,0.31471426,1,0.57769780
0.02064000,10.00000000,15.00000000,14.34280350,0.08364794,0.31640257,1,0.65719650
0.02066000,10.00000000,15.00000000,14.26429914,0.17252487,0.31812155,1,0.73570086
0.02068000,10.00000000,15.00000000,14.18701659,0.29248747,0.31986677,1,0.81298341
0.02070000,10.00000000,15.00000000,14.11117809,0.44321433,0.32163374,1,0.88882191
0.02072000,10.00000000,15.00000000,14.03700003,0.62429964,0.32341795,1,0.96299997
0.02074000,10.00000000,15.00000000,13.96469237,0.83525596,0.32521485,1,1.03530763
0.02076000,10.00000000,15.00000000,13.89445813,1.07551702,0.32701990,1,1.10554187
0.02078000,10.00000000,15.00000000,13.82649288,1.34444089,0.32882855,1,1.17350712
0.02080000,10.00000000,15.00000000,13.76098434,1.64131312,0.33063628,1,1.23901566
0.02082000,10.00000000,15.00000000,13.69811197,1.96535009,0.33243858,1,1.30188803
0.02084000,10.00000000,15.00000000,13.63804667,2.31570237,0.33423101,1,1.36195333
0.02086000,10.00000000,15.00000000,13.58095048,2.69145822,0.33600913,1,1.41904952
0.02088000,10.00000000,15.00000000,13.52697631,3.09164702,0.33776860,1,1.47302369
0.02090000,10.00000000,15.00000000,13.47626780,3.51524280,0.33950512,1,1.52373220
0.02092000,10.00000000,15.00000000,13.42895912,3.96116771,0.34121448,1,1.57104088
0.02094000,10.00000000,15.00000000,13.38517483,4.42829548,0.34289254,1,1.61482517
0.02096000,10.00000000,15.00000000,13.34502986,4.91545486,0.34453525,1,1.65497014
0.02098000,10.00000000,15.00000000,13.30862940,5.42143294,0.34613866,1,1.69137060
0.02100000,10.00000000,15.00000000,13.27606891,5.94497849,0.34769893,1,1.72393109
0.02102000,10.00000000,15.00000000,13.24743411,6.48480512,0.34921231,1,1.75256589
0.02104000,10.00000000,15.00000000,13.22280103,7.03959445,0.35067517,1,1.77719897
0.02106000,10.00000000,15.00000000,13.20223604,7.60799913,0.35208401,1,1.79776396
0.02108000,10.00000000,15.00000000,13.18579592,8.18864577,0.35343542,1,1.81420408
0.02110000,10.00000000,15.00000000,13.17352798,8.78013778,0.35472616,1,1.82647202
0.02112000,10.00000000,15.00000000,13.16547011,9.38105810,0.35595308,1,1.83452989
0.02114000,10.00000000,15.00000000,13.16165095,9.98997186,0.35711320,1,1.83834905
0.02116000,10.00000000,15.00000000,13.16208995,10.60542888,0.35820364,1,1.83791005
0.02118000,10.00000000,15.00000000,13.16679751,11.22596615,0.35922170,1,1.83320249
0.02120000,10.00000000,15.00000000,13.17577515,11.85011018,0.36016479,1,1.82422485
0.02122000,10.00000000,15.00000000,13.18901557,12.47637927,0.36103049,1,1.81098443
0.02124000,10.00000000,15.00000000,13.20650282,13.10328569,0.36181652,1,1.79349718
0.02126000,10.00000000,15.00000000,13.22821242,13.72933785,0.36252077,1,1.77178758
0.02128000,10.00000000,15.00000000,13.25411148,14.35304236,0.36314126,1,1.74588852
0.02130000,10.00000000,15.00000000,13.28415878,14.97290603,0.36367619,1,1.71584122
0.02132000,10.00000000,15.00000000,13.31830495,15.58743793,0.36412391,1,1.68169505
0.02134000,10.00000000,15.00000000,13.35649250,16.19515127,0.36448296,1,1.64350750
0.02136000,10.00000000,15.00000000,13.39865595,16.79456540,0.36475202,1,1.60134405
0.02138000,10.00000000,15.00000000,13.44472191,17.38420777,0.36492995,1,1.55527809
0.02140000,10.00000000,15.00000000,13.49460914,17.96261585,0.36501581,1,1.50539086
0.02142000,10.00000000,15.00000000,13.54822864,18.52833914,0.36500881,1,1.45177136
0.02144000,10.00000000,15.00000000,13.60548368,19.07994117,0.36490836,1,1.39451632
0.02146000,10.00000000,15.00000000,13.66626987,19.61600155,0.36471405,1,1.33373013
0.02148000,10.00000000,15.00000000,13.73047519,20.13511814,0.36442566,1,1.26952481
0.02150000,10.00000000,15.00000000,13.79798004,20.63590917,0.36404318,1,1.20201996
0.02152000,10.00000000,15.00000000,13.86865723,21.11701557,0.36356678,1,1.13134277
0.02154000,10.00000000,15.00000000,13.94237205,21.57710331,0.36299684,1,1.05762795
0.02156000,10.00000000,15.00000000,14.01898227,22.01486586,0.36233396,1,0.98101773
0.02158000,10.00000000,15.00000000,14.09833816,22.42902678,0.36157893,1,0.90166184
0.02160000,10.00000000,15.00000000,14.18028250,22.81834242,0.36073277,1,0.81971750
0.02162000,10.00000000,15.00000000,14.26465064,23.18160471,0.35979672,1,0.73534936
0.02164000,10.00000000,15.00000000,14.35127052,23.51764415,0.35877224,1,0.64872948
0.02166000,10.00000000,15.00000000,14.43996267,23.82533289,0.35766101,1,0.56003733
0.02168000,10.00000000,15.00000000,14.53054032,24.10358793,0.35646496,1,0.46945968
0.02170000,10.00000000,15.00000000,14.62280945,24.35137451,0.35518623,1,0.37719055
0.02172000,10.00000000,15.00000000,14.71656886,24.56770961,0.35382722,1,0.28343114
0.02174000,10.00000000,15.00000000,14.81161030,24.75166554,0.35239055,1,0.18838970
0.02176000,10.00000000,15.00000000,14.90771860,24.90237377,0.35087909,1,0.09228140
0.02178000,10.00000000,15.00000000,15.00467182,25.01902872,0.34929597,1,-0.00467182
0.02180000,10.00000000,15.00000000,15.10224146,25.10089182,0.34764452,1,-0.10224146
0.02182000,10.00000000,15.00000000,15.20019270,25.14729552,0.34592836,1,-0.20019270
0.02184000,10.00000000,15.00000000,15.29828468,25.15764747,0.34415133,1,-0.29828468
0.02186000,10.00000000,15.00000000,15.39627078,25.13143471,0.34231750,1,-0.39627078
0.02188000,10.00000000,15.00000000,15.49389904,25.06822788,0.34043120,1,-0.49389904
0.02190000,10.00000000,15.00000000,15.59091253,24.96768548,0.33849699,1,-0.59091253
0.02192000,10.00000000,15.00000000,15.68704986,24.82955808,0.33651965,1,-0.68704986
0.02194000,10.00000000,15.00000000,15.78204571,24.65369241,0.33450418,1,-0.78204571
0.02196000,10.00000000,15.00000000,15.87563138,24.44003546,0.33245580,1,-0.87563138
0.02198000,10.00000000,15.00000000,15.96753547,24.18863837,0.33037995,1,-0.96753547
0.02200000,10.00000000,15.00000000,16.05748462,23.89966015,0.32828225,1,-1.05748462
0.02202000,10.00000000,15.00000000,16.14520422,23.57337120,0.32616851,1,-1.14520422
0.02204000,10.00000000,15.00000000,16.23041930,23.21015655,0.32404470,1,-1.23041930
0.02206000,10.00000000,15.00000000,16.31285544,22.81051878,0.32191695,1,-1.31285544
0.02208000,10.00000000,15.00000000,16.39223969,22.37508053,0.31979154,1,-1.39223969
0.02210000,10.00000000,15.00000000,16.46830162,21.90458670,0.31767486,1,-1.46830162
0.02212000,10.00000000,15.00000000,16.54077441,21.39990606,0.31557340,1,-1.54077441
0.02214000,10.00000000,15.00000000,16.60939597,20.86203241,0.31349374,1,-1.60939597
0.02216000,10.00000000,15.00000000,16.67391008,20.29208515,0.31144250,1,-1.67391008
0.02218000,10.00000000,15.00000000,16.73406768,19.69130929,0.30942635,1,-1.73406768
0.02220000,10.00000000,15.00000000,16.78962804,19.06107470,0.30745195,1,-1.78962804
0.02222000,10.00000000,15.00000000,16.84036008,18.40287474,0.30552595,1,-1.84036008
0.02224000,10.00000000,15.00000000,16.88604364,17.71832419,0.30365497,1,-1.88604364
0.02226000,10.00000000,15.00000000,16.92647077,17.00915634,0.30184552,1,-1.92647077
0.02228000,10.00000000,15.00000000,16.96144699,16.27721935,0.30010403,1,-1.96144699
0.02230000,10.00000000,15.00000000,16.99079262,15.52447185,0.29843679,1,-1.99079262
0.02232000,10.00000000,15.00000000,17.01434394,14.75297763,0.29684994,1,-2.01434394
0.02234000,10.00000000,15.00000000,17.03195442,13.96489970,0.29534940,1,-2.03195442
0.02236000,10.00000000,15.00000000,17.04349588,13.16249339,0.29394090,1,-2.04349588
0.02238000,10.00000000,15.00000000,17.04885950,12.34809882,0.29262990,1,-2.04885950
0.02240000,10.00000000,15.00000000,17.04795686,11.52413257,0.29142157,1,-2.04795686
0.02242000,10.00000000,15.00000000,17.04072083,10.69307867,0.29032080,1,-2.04072083
0.02244000,10.00000000,15.00000000,17.02710633,9.85747895,0.28933213,1,-2.02710633
0.02246000,10.00000000,15.00000000,17.00709104,9.01992282,0.28845974,1,-2.00709104
0.02248000,10.00000000,15.00000000,16.98067595,8.18303650,0.28770745,1,-1.98067595
0.02250000,10.00000000,15.00000000,16.94788576,7.34947186,0.28707865,1,-1.94788576
0.02252000,10.00000000,15.00000000,16.90876917,6.52189484,0.28657633,1,-1.90876917
0.02254000,10.00000000,15.00000000,16.86339899,5.70297369,0.28620305,1,-1.86339899
0.02256000,10.00000000,15.00000000,16.81187214,4.89536695,0.28596088,1,-1.81187214
0.02258000,10.00000000,15.00000000,16.75430948,4.10171138,0.28585148,1,-1.75430948
0.02260000,10.00000000,15.00000000,16.69085544,3.32461002,0.28587600,1,-1.69085544
0.02262000,10.00000000,15.00000000,16.62167756,2.56662019,0.28603514,1,-1.62167756
0.02264000,10.00000000,15.00000000,16.54696585,1.83024188,0.28632909,1,-1.54696585
0.02266000,10.00000000,15.00000000,16.46693201,1.11790640,0.28675759,1,-1.46693201
0.02268000,10.00000000,15.00000000,16.38180848,0.43196546,0.28731989,1,-1.38180848
0.02270000,10.00000000,15.00000000,16.29184741,0.00000000,0.28801476,1,-1.29184741
0.02272000,10.00000000,15.00000000,16.19909635,0.00000000,0.28881050,1,-1.19909635
0.02274000,10.00000000,15.00000000,16.10698618,0.00000000,0.28965081,1,-1.10698618
0.02276000,10.00000000,15.00000000,16.01551339,0.00000000,0.29053535,1,-1.01551339
0.02278000,10.00000000,15.00000000,15.92467446,0.00000000,0.29146381,1,-0.92467446
0.02280000,10.00000000,15.00000000,15.83446582,0.00000000,0.29243587,1,-0.83446582
0.02282000,10.00000000,15.00000000,15.74488389,0.00000000,0.29345121,1,-0.74488389
0.02284000,10.00000000,15.00000000,15.65592505,0.00000000,0.29450952,1,-0.65592505
0.02286000,10.00000000,15.00000000,15.56758569,0.00000000,0.29561049,1,-0.56758569
0.02288000,10.00000000,15.00000000,15.47986214,0.00000000,0.29675381,1,-0.47986214
0.02290000,10.00000000,15.00000000,15.39275072,0.00000000,0.29793917,1,-0.39275072
0.02292000,10.00000000,15.00000000,15.30624776,0.00000000,0.29916628,1,-0.30624776
0.02294000,10.00000000,15.00000000,15.22034953,0.00000000,0.30043483,1,-0.22034953
0.02296000,10.00000000,15.00000000,15.13505230,0.00000000,0.30174452,1,-0.13505230
0.02298000,10.00000000,15.00000000,15.05035232,0.00000000,0.30309506,1,-0.05035232
0.02300000,10.00000000,15.00000000,14.96624583,0.00000000,0.30448615,1,0.03375417
0.02302000,10.00000000,15.00000000,14.88272904,0.00000000,0.30591751,1,0.11727096
0.02304000,10.00000000,15.00000000,14.79979817,0.00000000,0.30738884,1,0.20020183
0.02306000,10.00000000,15.00000000,14.71744939,0.00000000,0.30889987,1,0.28255061
0.02308000,10.00000000,15.00000000,14.63567889,0.00000000,0.31045030,1,0.36432111
0.02310000,10.00000000,15.00000000,14.55448283,0.00000000,0.31203986,1,0.44551717
0.02312000,10.00000000,15.00000000,14.47385736,0.00594311,0.31366827,1,0.52614264
0.02314000,10.00000000,15.00000000,14.39384381,0.04339593,0.31533448,1,0.60615619
0.02316000,10.00000000,15.00000000,14.31467674,0.11227111,0.31703418,1,0.68532326
0.02318000,10.00000000,15.00000000,14.23658659,0.21239090,0.31876296,1,0.76341341
0.02320000,10.00000000,15.00000000,14.15979901,0.34348920,0.32051637,1,0.84020099
0.02322000,10.00000000,15.00000000,14.08453420,0.50521389,0.32228990,1,0.91546580
0.02324000,10.00000000,15.00000000,14.01100627,0.69712945,0.32407903,1,0.98899373
0.02326000,10.00000000,15.00000000,13.93942274,0.91871970,0.32587922,1,1.06057726
0.02328000,10.00000000,15.00000000,13.86998396,1.16939077,0.32768592,1,1.13001604
0.02330000,10.00000000,15.00000000,13.80288272,1.44847424,0.32949459,1,1.19711728
0.02332000,10.00000000,15.00000000,13.73830380,1.75523040,0.33130071,1,1.26169620
0.02334000,10.00000000,15.00000000,13.67642358,2.08885155,0.33309980,1,1.32357642
0.02336000,10.00000000,15.00000000,13.61740981,2.44846546,0.33488740,1,1.38259019
0.02338000,10.00000000,15.00000000,13.56142124,2.83313879,0.33665914,1,1.43857876
0.02340000,10.00000000,15.00000000,13.50860747,3.24188063,0.33841066,1,1.49139253
0.02342000,10.00000000,15.00000000,13.45910871,3.67364597,0.34013771,1,1.54089129
0.02344000,10.00000000,15.00000000,13.41305569,4.12733916,0.34183610,1,1.58694431
0.02346000,10.00000000,15.00000000,13.37056949,4.60181740,0.34350172,1,1.62943051
0.02348000,10.00000000,15.00000000,13.33176154,5.09589408,0.34513056,1,1.66823846
0.02350000,10.00000000,15.00000000,13.29673352,5.60834219,0.34671871,1,1.70326648
0.02352000,10.00000000,15.00000000,13.26557736,6.13789749,0.34826235,1,1.73442264
0.02354000,10.00000000,15.00000000,13.23837529,6.68326180,0.34975779,1,1.76162471
0.02356000,10.00000000,15.00000000,13.21519984,7.24310600,0.35120143,1,1.78480016
0.02358000,10.00000000,15.00000000,13.19611392,7.81607308,0.35258981,1,1.80388608
0.02360000,10.00000000,15.00000000,13.18117089,8.40078103,0.35391959,1,1.81882911
0.02362000,10.00000000,15.00000000,13.17041464,8.99582564,0.35518754,1,1.82958536
0.02364000,10.00000000,15.00000000,13.16387973,9.59978320,0.35639059,1,1.83612027
0.02366000,10.00000000,15.00000000,13.16159145,10.21121308,0.35752579,1,1.83840855
0.02368000,10.00000000,15.00000000,13.16356599,10.82866027,0.35859032,1,1.83643401
0.02370000,10.00000000,15.00000000,13.16981055,11.45065777,0.35958152,1,1.83018945
0.02372000,10.00000000,15.00000000,13.18032343,12.07572894,0.36049688,1,1.81967657
0.02374000,10.00000000,15.00000000,13.19509422,12.70238969,0.36133400,1,1.80490578
0.02376000,10.00000000,15.00000000,13.21410388,13.32915074,0.36209068,1,1.78589612
0.02378000,10.00000000,15.00000000,13.23732489,13.95451965,0.36276485,1,1.76267511
0.02380000,10.00000000,15.00000000,13.26472135,14.57700293,0.36335459,1,1.73527865
0.02382000,10.00000000,15.00000000,13.29624909,15.19510803,0.36385817,1,1.70375091
0.02384000,10.00000000,15.00000000,13.33185581,15.80734532,0.36427400,1,1.66814419
0.02386000,10.00000000,15.00000000,13.37148113,16.41223006,0.36460066,1,1.62851887
0.02388000,10.00000000,15.00000000,13.41505673,17.00828434,0.36483690,1,1.58494327
0.02390000,10.00000000,15.00000000,13.46250637,17.59403902,0.36498166,1,1.53749363
0.02392000,10.00000000,15.00000000,13.51374603,18.16803574,0.36503405,1,1.48625397
0.02394000,10.00000000,15.00000000,13.56868391,18.72882883,0.36499334,1,1.43131609
0.02396000,10.00000000,15.00000000,13.62722053,19.27498744,0.36485902,1,1.37277947
0.02398000,10.00000000,15.00000000,13.68924875,19.80509753,0.36463074,1,1.31075125
0.02400000,10.00000000,15.00000000,13.75465382,20.31776407,0.36430836,1,1.24534618
0.02402000,10.00000000,15.00000000,13.82331341,20.81161325,0.36389193,1,1.17668659
0.02404000,10.00000000,15.00000000,13.89509763,21.28529476,0.36338169,1,1.10490237
0.02406000,10.00000000,15.00000000,13.96986905,21.73748422,0.36277811,1,1.03013095
0.02408000,10.00000000,15.00000000,14.04748276,22.16688565,0.36208185,1,0.95251724
0.02410000,10.00000000,15.00000000,14.12778633,22.57223415,0.36129379,1,0.87221367
0.02412000,10.00000000,15.00000000,14.21061987,22.95229855,0.36041502,1,0.78938013
0.02414000,10.00000000,15.00000000,14.29581606,23.30588437,0.35944686,1,0.70418394
0.02416000,10.00000000,15.00000000,14.38320017,23.63183675,0.35839085,1,0.61679983
0.02418000,10.00000000,15.00000000,14.47259011,23.92904364,0.35724877,1,0.52740989
0.02420000,10.00000000,15.00000000,14.56379649,24.19643902,0.35602260,1,0.43620351
0.02422000,10.00000000,15.00000000,14.65662270,24.43300638,0.35471460,1,0.34337730
0.02424000,10.00000000,15.00000000,14.75086500,24.63778220,0.35332723,1,0.24913500
0.02426000,10.00000000,15.00000000,14.84631264,24.80985967,0.35186322,1,0.15368736
0.02428000,10.00000000,15.00000000,14.94274798,24.94839248,0.35032551,1,0.05725202
0.02430000,10.00000000,15.00000000,15.03994672,25.05259872,0.34871732,1,-0.03994672
0.02432000,10.00000000,15.00000000,15.13767806,25.12176492,0.34704208,1,-0.13767806
0.02434000,10.00000000,15.00000000,15.23570497,25.15525013,0.34530347,1,-0.23570497
0.02436000,10.00000000,15.00000000,15.33378449,25.15249010,0.34350544,1,-0.33378449
0.02438000,10.00000000,15.00000000,15.43166804,25.11300147,0.34165215,1,-0.43166804
0.02440000,10.00000000,15.00000000,15.52910181,25.03638603,0.33974800,1,-0.52910181
0.02442000,10.00000000,15.00000000,15.62582724,24.92233494,0.33779763,1,-0.62582724
0.02444000,10.00000000,15.00000000,15.72158145,24.77063290,0.33580591,1,-0.72158145
0.02446000,10.00000000,15.00000000,15.81609784,24.58116226,0.33377792,1,-0.81609784
0.02448000,10.00000000,15.00000000,15.90910668,24.35390707,0.33171895,1,-0.90910668
0.02450000,10.00000000,15.00000000,16.00033577,24.08895685,0.32963452,1,-1.00033577
0.02452000,10.00000000,15.00000000,16.08951121,23.78651031,0.32753030,1,-1.08951121
0.02454000,10.00000000,15.00000000,16.17635818,23.44687875,0.32541218,1,-1.17635818
0.02456000,10.00000000,15.00000000,16.26060180,23.07048916,0.32328617,1,-1.26060180
0.02458000,10.00000000,15.00000000,16.34196806,22.65788704,0.32115848,1,-1.34196806
0.02460000,10.00000000,15.00000000,16.42018481,22.20973881,0.31903541,1,-1.42018481
0.02462000,10.00000000,15.00000000,16.49498280,21.72683376,0.31692340,1,-1.49498280
0.02464000,10.00000000,15.00000000,16.56609679,21.21008553,0.31482897,1,-1.56609679
0.02466000,10.00000000,15.00000000,16.63326665,20.66053308,0.31275872,1,-1.63326665
0.02468000,10.00000000,15.00000000,16.69623862,20.07934102,0.31071928,1,-1.69623862
0.02470000,10.00000000,15.00000000,16.75476648,19.46779938,0.30871733,1,-1.75476648
0.02472000,10.00000000,15.00000000,16.80861284,18.82732265,0.30675953,1,-1.80861284
0.02474000,10.00000000,15.00000000,16.85755040,18.15944814,0.30485252,1,-1.85755040
0.02476000,10.00000000,15.00000000,16.90136325,17.46583362,0.30300287,1,-1.90136325
0.02478000,10.00000000,15.00000000,16.93984814,16.74825415,0.30121709,1,-1.93984814
0.02480000,10.00000000,15.00000000,16.97281579,16.00859817,0.29950156,1,-1.97281579
0.02482000,10.00000000,15.00000000,17.00009210,15.24886276,0.29786250,1,-2.00009210
0.02484000,10.00000000,15.00000000,17.02151941,14.47114812,0.29630598,1,-2.02151941
0.02486000,10.00000000,15.00000000,17.03695769,13.67765127,0.29483786,1,-2.03695769
0.02488000,10.00000000,15.00000000,17.04628557,12.87065894,0.29346378,1,-2.04628557
0.02490000,10.00000000,15.00000000,17.04940150,12.05253972,0.29218909,1,-2.04940150
0.02492000,10.00000000,15.00000000,17.04622459,11.22573549,0.29101886,1,-2.04622459
0.02494000,10.00000000,15.00000000,17.03669559,10.39275221,0.28995787,1,-2.03669559
0.02496000,10.00000000,15.00000000,17.02077751,9.55614998,0.28901053,1,-2.02077751
0.02498000,10.00000000,15.00000000,16.99845639,8.71853271,0.28818089,1,-1.99845639
0.02500000,10.00000000,15.00000000,16.96974168,7.88253710,0.28747261,1,-1.96974168
0.02502000,10.00000000,15.00000000,16.93466670,7.05082141,0.28688894,1,-1.93466670
0.02504000,10.00000000,15.00000000,16.89328881,6.22605375,0.28643273,1,-1.89328881
0.02506000,10.00000000,15.00000000,16.84568953,5.41090022,0.28610635,1,-1.84568953
0.02508000,10.00000000,15.00000000,16.79197439,4.60801289,0.28591174,1,-1.79197439
0.02510000,10.00000000,15.00000000,16.73227279,3.82001775,0.28585037,1,-1.73227279
0.02512000,10.00000000,15.00000000,16.66673753,3.04950270,0.28592322,1,-1.66673753
0.02514000,10.00000000,15.00000000,16.59554432,2.29900576,0.28613081,1,-1.59554432
0.02516000,10.00000000,15.00000000,16.51889106,1.57100345,0.28647317,1,-1.51889106
0.02518000,10.00000000,15.00000000,16.43699703,0.86789965,0.28694987,1,-1.43699703
0.02520000,10.00000000,15.00000000,16.35010187,0.19201485,0.28755998,1,-1.35010187
0.02522000,10.00000000,15.00000000,16.25846455,0.00000000,0.28830211,1,-1.25846455
0.02524000,10.00000000,15.00000000,16.16594424,0.00000000,0.28911389,1,-1.16594424
0.02526000,10.00000000,15.00000000,16.07406357,0.00000000,0.28997012,1,-1.07406357
0.02528000,10.00000000,15.00000000,15.98281901,0.00000000,0.29087046,1,-0.98281901
0.02530000,10.00000000,15.00000000,15.89220702,0.00000000,0.29181461,1,-0.89220702
0.02532000,10.00000000,15.00000000,15.80222404,0.00000000,0.29280225,1,-0.80222404
0.02534000,10.00000000,15.00000000,15.71286647,0.00000000,0.29383305,1,-0.71286647
0.02536000,10.00000000,15.00000000,15.62413069,0.00000000,0.29490671,1,-0.62413069
0.02538000,10.00000000,15.00000000,15.53601307,0.00000000,0.29602293,1,-0.53601307
0.02540000,10.00000000,15.00000000,15.44850994,0.00000000,0.29718138,1,-0.44850994
0.02542000,10.00000000,15.00000000,15.36161762,0.00000000,0.29838176,1,-0.36161762
0.02544000,10.00000000,15.00000000,15.27533242,0.00000000,0.29962378,1,-0.27533242
0.02546000,10.00000000,15.00000000,15.18965061,0.00000000,0.30090714,1,-0.18965061
0.02548000,10.00000000,15.00000000,15.10456845,0.00000000,0.30223153,1,-0.10456845
0.02550000,10.00000000,15.00000000,15.02008218,0.00000000,0.30359666,1,-0.02008218
0.02552000,10.00000000,15.00000000,14.93618805,0.00000000,0.30500224,1,0.06381195
0.02554000,10.00000000,15.00000000,14.85288226,0.00000000,0.30644799,1,0.14711774
0.02556000,10.00000000,15.00000000,14.77016100,0.00000000,0.30793360,1,0.22983900
0.02558000,10.00000000,15.00000000,14.68802047,0.00000000,0.30945881,1,0.31197953
0.02560000,10.00000000,15.00000000,14.60645684,0.00000000,0.31102332,1,0.39354316
0.02562000,10.00000000,15.00000000,14.52546627,0.00000000,0.31262686,1,0.47453373
0.02564000,10.00000000,15.00000000,14.44504490,0.01730300,0.31426914,1,0.55495510
0.02566000,10.00000000,15.00000000,14.36532030,0.06609035,0.31594769,1,0.63467970
0.02568000,10.00000000,15.00000000,14.28652559,0.14624192,0.31765813,1,0.71347441
0.02570000,10.00000000,15.00000000,14.20888955,0.25754793,0.31939605,1,0.79111045
0.02572000,10.00000000,15.00000000,14.13263589,0.39971107,0.32115697,1,0.86736411
0.02574000,10.00000000,15.00000000,14.05798265,0.57234894,0.32293639,1,0.94201735
0.02576000,10.00000000,15.00000000,13.98514160,0.77499668,0.32472977,1,1.01485840
0.02578000,10.00000000,15.00000000,13.91431771,1.00710989,0.32653257,1,1.08568229
0.02580000,10.00000000,15.00000000,13.84570862,1.26806757,0.32834024,1,1.15429138
0.02582000,10.00000000,15.00000000,13.77950426,1.55717535,0.33014825,1,1.22049574
0.02584000,10.00000000,15.00000000,13.71588640,1.87366874,0.33195210,1,1.28411360
0.02586000,10.00000000,15.00000000,13.65502832,2.21671653,0.33374730,1,1.34497168
0.02588000,10.00000000,15.00000000,13.59709453,2.58542421,0.33552944,1,1.40290547
0.02590000,10.00000000,15.00000000,13.54224049,2.97883744,0.33729413,1,1.45775951
0.02592000,10.00000000,15.00000000,13.49061243,3.39594557,0.33903708,1,1.50938757
0.02594000,10.00000000,15.00000000,13.44234713,3.83568508,0.34075403,1,1.55765287
0.02596000,10.00000000,15.00000000,13.39757184,4.29694310,0.34244084,1,1.60242816
0.02598000,10.00000000,15.00000000,13.35640416,4.77856082,0.34409343,1,1.64359584
0.02600000,10.00000000,15.00000000,13.31895200,5.27933686,0.34570782,1,1.68104800
0.02602000,10.00000000,15.00000000,13.28531351,5.79803058,0.34728014,1,1.71468649
0.02604000,10.00000000,15.00000000,13.25557712,6.33336534,0.34880661,1,1.74442288
0.02606000,10.00000000,15.00000000,13.22982156,6.88403160,0.35028358,1,1.77017844
0.02608000,10.00000000,15.00000000,13.20811586,7.44869005,0.35170749,1,1.79188414
0.02610000,10.00000000,15.00000000,13.19051949,8.02597451,0.35307493,1,1.80948051
0.02612000,10.00000000,15.00000000,13.17708238,8.61449481,0.35438261,1,1.82291762
0.02614000,10.00000000,15.00000000,13.16784504,9.21283960,0.35562734,1,1.83215496
0.02616000,10.00000000,15.00000000,13.16283867,9.81957894,0.35680609,1,1.83716133
0.02618000,10.00000000,15.00000000,13.16208528,10.43326691,0.35791598,1,1.83791472
0.02620000,10.00000000,15.00000000,13.16559780,11.05244409,0.35895423,1,1.83440220
0.02622000,10.00000000,15.00000000,13.17338020,11.67563991,0.35991823,1,1.82661980
0.02624000,10.00000000,15.00000000,13.18542765,12.30137495,0.36080552,1,1.81457235
0.02626000,10.00000000,15.00000000,13.20172660,12.92816319,0.36161378,1,1.79827340
0.02628000,10.00000000,15.00000000,13.22225496,13.55451414,0.36234083,1,1.77774504
0.02630000,10.00000000,15.00000000,13.24698216,14.17893491,0.36298468,1,1.75301784
0.02632000,10.00000000,15.00000000,13.27586933,14.79993229,0.36354347,1,1.72413067
0.02634000,10.00000000,15.00000000,13.30886936,15.41601473,0.36401552,1,1.69113064
0.02636000,10.00000000,15.00000000,13.34592704,16.02569430,0.36439929,1,1.65407296
0.02638000,10.00000000,15.00000000,13.38697912,16.62748867,0.36469344,1,1.61302088
0.02640000,10.00000000,15.00000000,13.43195442,17.21992302,0.36489677,1,1.56804558
0.02642000,10.00000000,15.00000000,13.48077390,17.80153204,0.36500830,1,1.51922610
0.02644000,10.00000000,15.00000000,13.53335074,18.37086188,0.36502718,1,1.46664926
0.02646000,10.00000000,15.00000000,13.58959037,18.92647215,0.36495277,1,1.41040963
0.02648000,10.00000000,15.00000000,13.64939057,19.46693795,0.36478461,1,1.35060943
0.02650000,10.00000000,15.00000000,13.71264146,19.99085203,0.36452243,1,1.28735854
0.02652000,10.00000000,15.00000000,13.77922556,20.49682691,0.36416616,1,1.22077444
0.02654000,10.00000000,15.00000000,13.84901782,20.98349712,0.36371591,1,1.15098218
0.02656000,10.00000000,15.00000000,13.92188565,21.44952160,0.36317201,1,1.07811435
0.02658000,10.00000000,15.00000000,13.99768894,21.89358607,0.36253500,1,1.00231106
0.02660000,10.00000000,15.00000000,14.07628007,22.31440559,0.36180561,1,0.92371993
0.02662000,10.00000000,15.00000000,14.15750395,22.71072726,0.36098480,1,0.84249605
0.02664000,10.00000000,15.00000000,14.24119800,23.08133297,0.36007374,1,0.75880200
0.02666000,10.00000000,15.00000000,14.32719226,23.42504230,0.35907384,1,0.67280774
0.02668000,10.00000000,15.00000000,14.41530935,23.74071562,0.35798671,1,0.58469065
0.02670000,10.00000000,15.00000000,14.50536457,24.02725723,0.35681420,1,0.49463543
0.02672000,10.00000000,15.00000000,14.59716594,24.28361872,0.35555841,1,0.40283406
0.02674000,10.00000000,15.00000000,14.69051427,24.50880239,0.35422166,1,0.30948573
0.02676000,10.00000000,15.00000000,14.78520332,24.70186490,0.35280651,1,0.21479668
0.02678000,10.00000000,15.00000000,14.88101984,24.86192092,0.35131575,1,0.11898016
0.02680000,10.00000000,15.00000000,14.97774382,24.98814704,0.34975244,1,0.02225618
0.02682000,10.00000000,15.00000000,15.07514860,25.07978568,0.34811987,1,-0.07514860
0.02684000,10.00000000,15.00000000,15.17300113,25.13614916,0.34642155,1,-0.17300113
0.02686000,10.00000000,15.00000000,15.27106224,25.15662380,0.34466128,1,-0.27106224
0.02688000,10.00000000,15.00000000,15.36908693,25.14067413,0.34284306,1,-0.36908693
0.02690000,10.00000000,15.00000000,15.46682471,25.08784711,0.34097114,1,-0.46682471
0.02692000,10.00000000,15.00000000,15.56402006,24.99777633,0.33905003,1,-0.56402006
0.02694000,10.00000000,15.00000000,15.66041282,24.87018628,0.33708443,1,-0.66041282
0.02696000,10.00000000,15.00000000,15.75573874,24.70489645,0.33507929,1,-0.75573874
0.02698000,10.00000000,15.00000000,15.84973005,24.50182547,0.33303977,1,-0.84973005
0.02700000,10.00000000,15.00000000,15.94211609,24.26099498,0.33097125,1,-0.94211609
0.02702000,10.00000000,15.00000000,16.03262400,23.98253351,0.32887928,1,-1.03262400
0.02704000,10.00000000,15.00000000,16.12097948,23.66667997,0.32676964,1,-1.12097948
0.02706000,10.00000000,15.00000000,16.20690765,23.31378701,0.32464825,1,-1.20690765
0.02708000,10.00000000,15.00000000,16.29013385,22.92432402,0.32252119,1,-1.29013385
0.02710000,10.00000000,15.00000000,16.37038469,22.49887981,0.32039471,1,-1.37038469
0.02712000,10.00000000,15.00000000,16.44738896,22.03816479,0.31827516,1,-1.44738896
0.02714000,10.00000000,15.00000000,16.52087878,21.54301288,0.31616900,1,-1.52087878
0.02716000,10.00000000,15.00000000,16.59059066,21.01438269,0.31408280,1,-1.59059066
0.02718000,10.00000000,15.00000000,16.65626666,20.45335836,0.31202316,1,-1.65626666
0.02720000,10.00000000,15.00000000,16.71765565,19.86114961,0.30999673,1,-1.71765565
0.02722000,10.00000000,15.00000000,16.77451448,19.23909133,0.30801020,1,-1.77451448
0.02724000,10.00000000,15.00000000,16.82660929,18.58864231,0.30607020,1,-1.82660929
0.02726000,10.00000000,15.00000000,16.87371678,17.91138338,0.30418336,1,-1.87371678
0.02728000,10.00000000,15.00000000,16.91562549,17.20901476,0.30235624,1,-1.91562549
0.02730000,10.00000000,15.00000000,16.95213708,16.48335261,0.30059528,1,-1.95213708
0.02732000,10.00000000,15.00000000,16.98306765,15.73632485,0.29890683,1,-1.98306765
0.02734000,10.00000000,15.00000000,17.00824892,14.96996610,0.29729705,1,-2.00824892
0.02736000,10.00000000,15.00000000,17.02752948,14.18641193,0.29577193,1,-2.02752948
0.02738000,10.00000000,15.00000000,17.04077591,13.38789219,0.29433727,1,-2.04077591
0.02740000,10.00000000,15.00000000,17.04787390,12.57672372,0.29299858,1,-2.04787390
0.02742000,10.00000000,15.00000000,17.04872927,11.75530218,0.29176113,1,-2.04872927
0.02744000,10.00000000,15.00000000,17.04326884,10.92609327,0.29062990,1,-2.04326884
0.02746000,10.00000000,15.00000000,17.03144132,10.09162321,0.28960951,1,-2.03144132
0.02748000,10.00000000,15.00000000,17.01321796,9.25446874,0.28870426,1,-2.01321796
0.02750000,10.00000000,15.00000000,16.98859318,8.41724643,0.28791805,1,-1.98859318
0.02752000,10.00000000,15.00000000,16.95758501,7.58260168,0.28725442,1,-1.95758501
0.02754000,10.00000000,15.00000000,16.92023541,6.75319722,0.28671645,1,-1.92023541
0.02756000,10.00000000,15.00000000,16.87661044,5.93170138,0.28630683,1,-1.87661044
0.02758000,10.00000000,15.00000000,16.82680027,5.12077618,0.28602777,1,-1.82680027
0.02760000,10.00000000,15.00000000,16.77091905,4.32306526,0.28588104,1,-1.77091905
0.02762000,10.00000000,15.00000000,16.70910464,3.54118183,0.28586794,1,-1.70910464
0.02764000,10.00000000,15.00000000,16.64151815,2.77769676,0.28598928,1,-1.64151815
0.02766000,10.00000000,15.00000000,16.56834334,2.03512684,0.28624542,1,-1.56834334
0.02768000,10.00000000,15.00000000,16.48978587,1.31592329,0.28663620,1,-1.48978587
0.02770000,10.00000000,15.00000000,16.40607246,0.62246078,0.28716102,1,-1.40607246
0.02772000,10.00000000,15.00000000,16.31744979,0.00000000,0.28781879,1,-1.31744979
0.02774000,10.00000000,15.00000000,16.22452243,0.00000000,0.28860222,1,-1.22452243
0.02776000,10.00000000,15.00000000,16.13223690,0.00000000,0.28943031,1,-1.13223690
0.02778000,10.00000000,15.00000000,16.04058973,0.00000000,0.29030272,1,-1.04058973
0.02780000,10.00000000,15.00000000,15.94957736,0.00000000,0.29121913,1,-0.94957736
0.02782000,10.00000000,15.00000000,15.85919627,0.00000000,0.29217923,1,-0.85919627
0.02784000,10.00000000,15.00000000,15.76944286,0.00000000,0.29318270,1,-0.76944286
0.02786000,10.00000000,15.00000000,15.68031353,0.00000000,0.29422922,1,-0.68031353
0.02788000,10.00000000,15.00000000,15.59180466,0.00000000,0.29531849,1,-0.59180466
0.02790000,10.00000000,15.00000000,15.50391261,0.00000000,0.29645020,1,-0.50391261
0.02792000,10.00000000,15.00000000,15.41663370,0.00000000,0.29762403,1,-0.41663370
0.02794000,10.00000000,15.00000000,15.32996425,0.00000000,0.29883969,1,-0.32996425
0.02796000,10.00000000,15.00000000,15.24390054,0.00000000,0.30009687,1,-0.24390054
0.02798000,10.00000000,15.00000000,15.15843886,0.00000000,0.30139527,1,-0.15843886
0.02800000,10.00000000,15.00000000,15.07357545,0.00000000,0.30273461,1,-0.07357545
0.02802000,10.00000000,15.00000000,14.98930656,0.00000000,0.30411458,1,0.01069344
0.02804000,10.00000000,15.00000000,14.90562840,0.00000000,0.30553489,1,0.09437160
0.02806000,10.00000000,15.00000000,14.82253720,0.00000000,0.30699526,1,0.17746280
0.02808000,10.00000000,15.00000000,14.74002913,0.00000000,0.30849539,1,0.25997087
0.02810000,10.00000000,15.00000000,14.65810039,0.00000000,0.31003501,1,0.34189961
0.02812000,10.00000000,15.00000000,14.57674713,0.00000000,0.31161384,1,0.42325287
0.02814000,10.00000000,15.00000000,14.49596552,0.00000000,0.31323159,1,0.50403448
0.02816000,10.00000000,15.00000000,14.41575170,0.02888442,0.31488799,1,0.58424830
0.02818000,10.00000000,15.00000000,14.33632099,0.08922689,0.31657906,1,0.66367901
0.02820000,10.00000000,15.00000000,14.25790506,0.18087407,0.31830041,1,0.74209494
0.02822000,10.00000000,15.00000000,14.18073095,0.30358365,0.32004762,1,0.81926905
0.02824000,10.00000000,15.00000000,14.10502040,0.45702666,0.32181618,1,0.89497960
0.02826000,10.00000000,15.00000000,14.03098927,0.64078997,0.32360158,1,0.96901073
0.02828000,10.00000000,15.00000000,13.95884693,0.85437902,0.32539928,1,1.04115307
0.02830000,10.00000000,15.00000000,13.88879576,1.09722074,0.32720473,1,1.11120424
0.02832000,10.00000000,15.00000000,13.82103064,1.36866663,0.32901338,1,1.17896936
0.02834000,10.00000000,15.00000000,13.75573860,1.66799600,0.33082071,1,1.24426140
0.02836000,10.00000000,15.00000000,13.69309835,1.99441925,0.33262223,1,1.30690165
0.02838000,10.00000000,15.00000000,13.63328003,2.34708131,0.33441347,1,1.36671997
0.02840000,10.00000000,15.00000000,13.57644487,2.72506506,0.33619003,1,1.42355513
0.02842000,10.00000000,15.00000000,13.52274498,3.12739485,0.33794756,1,1.47725502
0.02844000,10.00000000,15.00000000,13.47232318,3.55303995,0.33968176,1,1.52767682
0.02846000,10.00000000,15.00000000,13.42531278,4.00091810,0.34138843,1,1.57468722
0.02848000,10.00000000,15.00000000,13.38183751,4.46989889,0.34306345,1,1.61816249
0.02850000,10.00000000,15.00000000,13.34201144,4.95880724,0.34470276,1,1.65798856
0.02852000,10.00000000,15.00000000,13.30593890,5.46642669,0.34630244,1,1.69406110
0.02854000,10.00000000,15.00000000,13.27371451,5.99150276,0.34785863,1,1.72628549
0.02856000,10.00000000,15.00000000,13.24542312,6.53274610,0.34936762,1,1.75457688
0.02858000,10.00000000,15.00000000,13.22113990,7.08883561,0.35082577,1,1.77886010
0.02860000,10.00000000,15.00000000,13.20093039,7.65842149,0.35222959,1,1.79906961
0.02862000,10.00000000,15.00000000,13.18485054,8.24012818,0.35357570,1,1.81514946
0.02864000,10.00000000,15.00000000,13.17294681,8.83255713,0.35486084,1,1.82705319
0.02866000,10.00000000,15.00000000,13.16525629,9.43428957,0.35608191,1,1.83474371
0.02868000,10.00000000,15.00000000,13.16180678,10.04388914,0.35723591,1,1.83819322
0.02870000,10.00000000,15.00000000,13.16261696,10.65990441,0.35831998,1,1.83738304
0.02872000,10.00000000,15.00000000,13.16769644,11.28087131,0.35933144,1,1.83230356
0.02874000,10.00000000,15.00000000,13.17704595,11.90531548,0.36026771,1,1.82295405
0.02876000,10.00000000,15.00000000,13.19065743,12.53175457,0.36112638,1,1.80934257
0.02878000,10.00000000,15.00000000,13.20851419,13.15870037,0.36190519,1,1.79148581
0.02880000,10.00000000,15.00000000,13.23059100,13.78466100,0.36260203,1,1.76940900
0.02882000,10.00000000,15.00000000,13.25685422,14.40814296,0.36321495,1,1.74314578
0.02884000,10.00000000,15.00000000,13.28726194,15.02765313,0.36374215,1,1.71273806
0.02886000,10.00000000,15.00000000,13.32176406,15.64170079,0.36418201,1,1.67823594
0.02888000,10.00000000,15.00000000,13.36030238,16.24879956,0.36453306,1,1.63969762
0.02890000,10.00000000,15.00000000,13.40281074,16.84746937,0.36479402,1,1.59718926
0.02892000,10.00000000,15.00000000,13.44921506,17.43623840,0.36496375,1,1.55078494
0.02894000,10.00000000,15.00000000,13.49943340,18.01364502,0.36504133,1,1.50056660
0.02896000,10.00000000,15.00000000,13.55337610,18.57823980,0.36502599,1,1.44662390
0.02898000,10.00000000,15.00000000,13.61094576,19.12858754,0.36491715,1,1.38905424
0.02900000,10.00000000,15.00000000,13.67203732,19.66326929,0.36471442,1,1.32796268
0.02902000,10.00000000,15.00000000,13.73653809,20.18088450,0.36441759,1,1.26346191
0.02904000,10.00000000,15.00000000,13.80432780,20.68005323,0.36402668,1,1.19567220
0.02906000,10.00000000,15.00000000,13.87527861,21.15941842,0.36354186,1,1.12472139
0.02908000,10.00000000,15.00000000,13.94925516,21.61764825,0.36296355,1,1.05074484
0.02910000,10.00000000,15.00000000,14.02611455,22.05343863,0.36229235,1,0.97388545
0.02912000,10.00000000,15.00000000,14.10570639,22.46551579,0.36152907,1,0.89429361
0.02914000,10.00000000,15.00000000,14.18787282,22.85263895,0.36067476,1,0.81212718
0.02916000,10.00000000,15.00000000,14.27244854,23.21360322,0.35973067,1,0.72755146
0.02918000,10.00000000,15.00000000,14.35926082,23.54724250,0.35869828,1,0.64073918
0.02920000,10.00000000,15.00000000,14.44812957,23.85243262,0.35757930,1,0.55187043
0.02922000,10.00000000,15.00000000,14.53886737,24.12809456,0.35637566,1,0.46113263
0.02924000,10.00000000,15.00000000,14.63127956,24.37319782,0.35508954,1,0.36872044
0.02926000,10.00000000,15.00000000,14.72516431,24.58676396,0.35372335,1,0.27483569
0.02928000,10.00000000,15.00000000,14.82031277,24.76787019,0.35227974,1,0.17968723
0.02930000,10.00000000,15.00000000,14.91650915,24.91565320,0.35076160,1,0.08349085
0.02932000,10.00000000,15.00000000,15.01353092,25.02931300,0.34917206,1,-0.01353092
0.02934000,10.00000000,15.00000000,15.11114903,25.10811694,0.34751451,1,-0.11114903
0.02936000,10.00000000,15.00000000,15.20912809,25.15140375,0.34579256,1,-0.20912809
0.02938000,10.00000000,15.00000000,15.30722670,25.15858774,0.34401008,1,-0.30722670
0.02940000,10.00000000,15.00000000,15.40519777,25.12916295,0.34217116,1,-0.40519777
0.02942000,10.00000000,15.00000000,15.50278886,25.06270744,0.34028016,1,-0.50278886
0.02944000,10.00000000,15.00000000,15.59974262,24.95888747,0.33834165,1,-0.59974262
0.02946000,10.00000000,15.00000000,15.69579728,24.81746173,0.33636043,1,-0.69579728
0.02948000,10.00000000,15.00000000,15.79068717,24.63828544,0.33434153,1,-0.79068717
0.02950000,10.00000000,15.00000000,15.88414332,24.42131446,0.33229018,1,-0.88414332
0.02952000,10.00000000,15.00000000,15.97589411,24.16660910,0.33021184,1,-0.97589411
0.02954000,10.00000000,15.00000000,16.06566599,23.87433789,0.32811214,1,-1.06566599
0.02956000,10.00000000,15.00000000,16.15318429,23.54478105,0.32599691,1,-1.15318429
0.02958000,10.00000000,15.00000000,16.23817401,23.17833370,0.32387214,1,-1.23817401
0.02960000,10.00000000,15.00000000,16.32036078,22.77550873,0.32174398,1,-1.32036078
0.02962000,10.00000000,15.00000000,16.39947182,22.33693939,0.31961870,1,-1.39947182
0.02964000,10.00000000,15.00000000,16.47523694,21.86338127,0.31750272,1,-1.47523694
0.02966000,10.00000000,15.00000000,16.54738965,21.35571402,0.31540253,1,-1.54738965
0.02968000,10.00000000,15.00000000,16.61566829,20.81494240,0.31332471,1,-1.61566829
0.02970000,10.00000000,15.00000000,16.67981719,20.24219681,0.31127590,1,-1.67981719
0.02972000,10.00000000,15.00000000,16.73958793,19.63873323,0.30926275,1,-1.73958793
0.02974000,10.00000000,15.00000000,16.79474054,19.00593242,0.30729195,1,-1.79474054
0.02976000,10.00000000,15.00000000,16.84504481,18.34529853,0.30537013,1,-1.84504481
0.02978000,10.00000000,15.00000000,16.89028155,17.65845689,0.30350389,1,-1.89028155
0.02980000,10.00000000,15.00000000,16.93024390,16.94715108,0.30169976,1,-1.93024390
0.02982000,10.00000000,15.00000000,16.96473861,16.21323923,0.29996416,1,-1.96473861
0.02984000,10.00000000,15.00000000,16.99358729,15.45868950,0.29830335,1,-1.99358729
0.02986000,10.00000000,15.00000000,17.01662765,14.68557479,0.29672346,1,-2.01662765
0.02988000,10.00000000,15.00000000,17.03371470,13.89606661,0.29523041,1,-2.03371470
0.02990000,10.00000000,15.00000000,17.04472185,13.09242822,0.29382989,1,-2.04472185
0.02992000,10.00000000,15.00000000,17.04954201,12.27700698,0.29252733,1,-2.04954201
0.02994000,10.00000000,15.00000000,17.04808857,11.45222597,0.29132790,1,-2.04808857
0.02996000,10.00000000,15.00000000,17.04029625,10.62057491,0.29023645,1,-2.04029625
0.02998000,10.00000000,15.00000000,17.02612193,9.78460047,0.28925750,1,-2.02612193
0.03000000,10.00000000,15.00000000,17.00554528,8.94689600,0.28839518,1,-2.00554528
0.03002000,10.00000000,15.00000000,16.97856932,8.11009072,0.28765329,1,-1.97856932
0.03004000,10.00000000,15.00000000,16.94522083,7.27683849,0.28703518,1,-1.94522083
0.03006000,10.00000000,15.00000000,16.90555059,6.44980625,0.28654381,1,-1.90555059
0.03008000,10.00000000,15.00000000,16.85963353,5.63166221,0.28618169,1,-1.85963353
0.03010000,10.00000000,15.00000000,16.80756867,4.82506382,0.28595087,1,-1.80756867
0.03012000,10.00000000,15.00000000,16.74947892,4.03264574,0.28585294,1,-1.74947892
0.03014000,10.00000000,15.00000000,16.68551076,3.25700781,0.28588903,1,-1.68551076
0.03016000,10.00000000,15.00000000,16.61583374,2.50070315,0.28605979,1,-1.61583374
0.03018000,10.00000000,15.00000000,16.54063980,1.76622655,0.28636539,1,-1.54063980
0.03020000,10.00000000,15.00000000,16.46014250,1.05600314,0.28680549,1,-1.46014250
0.03022000,10.00000000,15.00000000,16.37457606,0.37237750,0.28737933,1,-1.37457606
0.03024000,10.00000000,15.00000000,16.28419432,0.00000000,0.28808563,1,-1.28419432
0.03026000,10.00000000,15.00000000,16.19149632,0.00000000,0.28888505,1,-1.19149632
0.03028000,10.00000000,15.00000000,16.09943891,0.00000000,0.28972900,1,-1.09943891
0.03030000,10.00000000,15.00000000,16.00801859,0.00000000,0.29061716,1,-1.00801859
0.03032000,10.00000000,15.00000000,15.91723183,0.00000000,0.29154921,1,-0.91723183
0.03034000,10.00000000,15.00000000,15.82707507,0.00000000,0.29252484,1,-0.82707507
0.03036000,10.00000000,15.00000000,15.73754471,0.00000000,0.29354372,1,-0.73754471
0.03038000,10.00000000,15.00000000,15.64863715,0.00000000,0.29460555,1,-0.64863715
0.03040000,10.00000000,15.00000000,15.56034875,0.00000000,0.29571001,1,-0.56034875
0.03042000,10.00000000,15.00000000,15.47267586,0.00000000,0.29685680,1,-0.47267586
0.03044000,10.00000000,15.00000000,15.38561480,0.00000000,0.29804560,1,-0.38561480
0.03046000,10.00000000,15.00000000,15.29916189,0.00000000,0.29927613,1,-0.29916189
0.03048000,10.00000000,15.00000000,15.21331339,0.00000000,0.30054807,1,-0.21331339
0.03050000,10.00000000,15.00000000,15.12806559,0.00000000,0.30186112,1,-0.12806559
0.03052000,10.00000000,15.00000000,15.04341473,0.00000000,0.30321501,1,-0.04341473
0.03054000,10.00000000,15.00000000,14.95935704,0.00000000,0.30460942,1,0.04064296
0.03056000,10.00000000,15.00000000,14.87588874,0.00000000,0.30604407,1,0.12411126
0.03058000,10.00000000,15.00000000,14.79300603,0.00000000,0.30751868,1,0.20699397
0.03060000,10.00000000,15.00000000,14.71070511,0.00000000,0.30903295,1,0.28929489
0.03062000,10.00000000,15.00000000,14.62898214,0.00000000,0.31058660,1,0.37101786
0.03064000,10.00000000,15.00000000,14.54783329,0.00000000,0.31217936,1,0.45216671
0.03066000,10.00000000,15.00000000,14.46725472,0.00857651,0.31381095,1,0.53274528
0.03068000,10.00000000,15.00000000,14.38730775,0.04865670,0.31547999,1,0.61269225
0.03070000,10.00000000,15.00000000,14.30822660,0.12014561,0.31718214,1,0.69177340
0.03072000,10.00000000,15.00000000,14.23024134,0.22285807,0.31891300,1,0.76975866
0.03074000,10.00000000,15.00000000,14.15357715,0.35652071,0.32066811,1,0.84642285
0.03076000,10.00000000,15.00000000,14.07845374,0.52077443,0.32244296,1,0.92154626
0.03078000,10.00000000,15.00000000,14.00508468,0.71517687,0.32423304,1,0.99491532
0.03080000,10.00000000,15.00000000,13.93367688,0.93920532,0.32603380,1,1.06632312
0.03082000,10.00000000,15.00000000,13.86443008,1.19225962,0.32784068,1,1.13556992
0.03084000,10.00000000,15.00000000,13.79753638,1.47366533,0.32964916,1,1.20246362
0.03086000,10.00000000,15.00000000,13.73317987,1.78267701,0.33145472,1,1.26682013
0.03088000,10.00000000,15.00000000,13.67153622,2.11848150,0.33325287,1,1.32846378
0.03090000,10.00000000,15.00000000,13.61277240,2.48020140,0.33503917,1,1.38722760
0.03092000,10.00000000,15.00000000,13.55704642,2.86689853,0.33680924,1,1.44295358
0.03094000,10.00000000,15.00000000,13.50450709,3.27757741,0.33855874,1,1.49549291
0.03096000,10.00000000,15.00000000,13.45529381,3.71118873,0.34028341,1,1.54470619
0.03098000,10.00000000,15.00000000,13.40953652,4.16663288,0.34197908,1,1.59046348
0.03100000,10.00000000,15.00000000,13.36735548,4.64276334,0.34364165,1,1.63264452
0.03102000,10.00000000,15.00000000,13.32886129,5.13839011,0.34526711,1,1.67113871
0.03104000,10.00000000,15.00000000,13.29415483,5.65228302,0.34685155,1,1.70584517
0.03106000,10.00000000,15.00000000,13.26332721,6.18317498,0.34839118,1,1.73667279
0.03108000,10.00000000,15.00000000,13.23645984,6.72976518,0.34988231,1,1.76354016
0.03110000,10.00000000,15.00000000,13.21362445,7.29072218,0.35132135,1,1.78637555
0.03112000,10.00000000,15.00000000,13.19488314,7.86468684,0.35270485,1,1.80511686
0.03114000,10.00000000,15.00000000,13.18028848,8.45027530,0.35402947,1,1.81971152
0.03116000,10.00000000,15.00000000,13.16988357,9.04608170,0.35529202,1,1.83011643
0.03118000,10.00000000,15.00000000,13.16370219,9.65068090,0.35648941,1,1.83629781
0.03120000,10.00000000,15.00000000,13.16176888,10.26263110,0.35761872,1,1.83823112
0.03122000,10.00000000,15.00000000,13.16409906,10.88047626,0.35867713,1,1.83590094
0.03124000,10.00000000,15.00000000,13.17069918,11.50274860,0.35966201,1,1.82930082
0.03126000,10.00000000,15.00000000,13.18156683,12.12797083,0.36057084,1,1.81843317
0.03128000,10.00000000,15.00000000,13.19669087,12.75465847,0.36140125,1,1.80330913
0.03130000,10.00000000,15.00000000,13.21605154,13.38132196,0.36215105,1,1.78394846
0.03132000,10.00000000,15.00000000,13.23962062,14.00646880,0.36281817,1,1.76037938
0.03134000,10.00000000,15.00000000,13.26736153,14.62860557,0.36340072,1,1.73263847
0.03136000,10.00000000,15.00000000,13.29922941,15.24623999,0.36389698,1,1.70077059
0.03138000,10.00000000,15.00000000,13.33517130,15.85788283,0.36430536,1,1.66482870
0.03140000,10.00000000,15.00000000,13.37512615,16.46204996,0.36462447,1,1.62487385
0.03142000,10.00000000,15.00000000,13.41902497,17.05726418,0.36485308,1,1.58097503
0.03144000,10.00000000,15.00000000,13.46679088,17.64205728,0.36499013,1,1.53320912
0.03146000,10.00000000,15.00000000,13.51833922,18.21497196,0.36503474,1,1.48166078
0.03148000,10.00000000,15.00000000,13.57357756,18.77456379,0.36498621,1,1.42642244
0.03150000,10.00000000,15.00000000,13.63240576,19.31940332,0.36484404,1,1.36759424
0.03152000,10.00000000,15.00000000,13.69471607,19.84807809,0.36460789,1,1.30528393
0.03154000,10.00000000,15.00000000,13.76039311,20.35919486,0.36427765,1,1.23960689
0.03156000,10.00000000,15.00000000,13.82931392,20.85138174,0.36385338,1,1.17068608
0.03158000,10.00000000,15.00000000,13.90134799,21.32329059,0.36333534,1,1.09865201
0.03160000,10.00000000,15.00000000,13.97635727,21.77359938,0.36272400,1,1.02364273
0.03162000,10.00000000,15.00000000,14.05419623,22.20101470,0.36202006,1,0.94580377
0.03164000,10.00000000,15.00000000,14.13471182,22.60427441,0.36122441,1,0.86528818
0.03166000,10.00000000,15.00000000,14.21774355,22.98215041,0.36033816,1,0.78225645
0.03168000,10.00000000,15.00000000,14.30312348,23.33345145,0.35936264,1,0.69687652
0.03170000,10.00000000,15.00000000,14.39067627,23.65702620,0.35829942,1,0.60932373
0.03172000,10.00000000,15.00000000,14.48021924,23.95176640,0.35715028,1,0.51978076
0.03174000,10.00000000,15.00000000,14.57156239,24.21661011,0.35591725,1,0.42843761
0.03176000,10.00000000,15.00000000,14.66450854,24.45054516,0.35460258,1,0.33549146
0.03178000,10.00000000,15.00000000,14.75885336,24.65261269,0.35320877,1,0.24114664
0.03180000,10.00000000,15.00000000,14.85438552,24.82191086,0.35173856,1,0.14561448
0.03182000,10.00000000,15.00000000,14.95088685,24.95759864,0.35019492,1,0.04911315
0.03184000,10.00000000,15.00000000,15.04813251,25.05889973,0.34858107,1,-0.04813251
0.03186000,10.00000000,15.00000000,15.14589117,25.12510663,0.34690048,1,-0.14589117
0.03188000,10.00000000,15.00000000,15.24392533,25.15558465,0.34515685,1,-0.24392533
0.03190000,10.00000000,15.00000000,15.34199153,25.14977620,0.34335413,1,-0.34199153
0.03192000,10.00000000,15.00000000,15.43984078,25.10720491,0.34149652,1,-0.43984078
0.03194000,10.00000000,15.00000000,15.53721886,25.02747990,0.33958843,1,-0.53721886
0.03196000,10.00000000,15.00000000,15.63386685,24.91030000,0.33763452,1,-0.63386685
0.03198000,10.00000000,15.00000000,15.72952156,24.75545794,0.33563968,1,-0.72952156
0.03200000,10.00000000,15.00000000,15.82391611,24.56284444,0.33360900,1,-0.82391611
0.03202000,10.00000000,15.00000000,15.91678056,24.33245219,0.33154781,1,-0.91678056
0.03204000,10.00000000,15.00000000,16.00784257,24.06437973,0.32946162,1,-1.00784257
0.03206000,10.00000000,15.00000000,16.09682813,23.75883501,0.32735613,1,-1.09682813
0.03208000,10.00000000,15.00000000,16.18346242,23.41613886,0.32523722,1,-1.18346242
0.03210000,10.00000000,15.00000000,16.26747060,23.03672807,0.32311096,1,-1.26747060
0.03212000,10.00000000,15.00000000,16.34857881,22.62115810,0.32098352,1,-1.34857881
0.03214000,10.00000000,15.00000000,16.42651511,22.17010552,0.31886125,1,-1.42651511
0.03216000,10.00000000,15.00000000,16.50101057,21.68436991,0.31675057,1,-1.50101057
0.03218000,10.00000000,15.00000000,16.57180034,21.16487528,0.31465801,1,-1.57180034
0.03220000,10.00000000,15.00000000,16.63862481,20.61267101,0.31259019,1,-1.63862481
0.03222000,10.00000000,15.00000000,16.70123081,20.02893212,0.31055373,1,-1.70123081
0.03224000,10.00000000,15.00000000,16.75937284,19.41495898,0.30855532,1,-1.75937284
0.03226000,10.00000000,15.00000000,16.81281431,18.77217631,0.30660161,1,-1.81281431
0.03228000,10.00000000,15.00000000,16.86132885,18.10213148,0.30469924,1,-1.86132885
0.03230000,10.00000000,15.00000000,16.90470156,17.40649205,0.30285478,1,-1.90470156
0.03232000,10.00000000,15.00000000,16.94273033,16.68704258,0.30107471,1,-1.94273033
0.03234000,10.00000000,15.00000000,16.97522711,15.94568063,0.29936541,1,-1.97522711
0.03236000,10.00000000,15.00000000,17.00201915,15.18441195,0.29773309,1,-2.00201915
0.03238000,10.00000000,15.00000000,17.02295023,14.40534494,0.29618381,1,-2.02295023
0.03240000,10.00000000,15.00000000,17.03788182,13.61068422,0.29472340,1,-2.03788182
0.03242000,10.00000000,15.00000000,17.04669422,12.80272347,0.29335747,1,-2.04669422
0.03244000,10.00000000,15.00000000,17.04928753,11.98383757,0.29209137,1,-2.04928753
0.03246000,10.00000000,15.00000000,17.04558268,11.15647393,0.29093013,1,-2.04558268
0.03248000,10.00000000,15.00000000,17.03552222,10.32314321,0.28987851,1,-2.03552222
0.03250000,10.00000000,15.00000000,17.01907110,9.48640939,0.28894087,1,-2.01907110
0.03252000,10.00000000,15.00000000,16.99621725,8.64887933,0.28812125,1,-1.99621725
0.03254000,10.00000000,15.00000000,16.96697213,7.81319178,0.28742327,1,-1.96697213
0.03256000,10.00000000,15.00000000,16.93137105,6.98200606,0.28685015,1,-1.93137105
0.03258000,10.00000000,15.00000000,16.88947338,6.15799038,0.28640469,1,-1.88947338
0.03260000,10.00000000,15.00000000,16.84136263,5.34380992,0.28608923,1,-1.84136263
0.03262000,10.00000000,15.00000000,16.78714633,4.54211485,0.28590567,1,-1.78714633
0.03264000,10.00000000,15.00000000,16.72695584,3.75552823,0.28585544,1,-1.72695584
0.03266000,10.00000000,15.00000000,16.66094587,2.98663408,0.28593949,1,-1.66094587
0.03268000,10.00000000,15.00000000,16.58929400,2.23796552,0.28615829,1,-1.58929400
0.03270000,10.00000000,15.00000000,16.51219993,1.51199328,0.28651183,1,-1.51219993
0.03272000,10.00000000,15.00000000,16.42988465,0.81111452,0.28699964,1,-1.42988465
0.03274000,10.00000000,15.00000000,16.34258946,0.13764213,0.28762076,1,-1.34258946
0.03276000,10.00000000,15.00000000,16.25057483,0.00000000,0.28837376,1,-1.25057483
0.03278000,10.00000000,15.00000000,16.15810916,0.00000000,0.28918932,1,-1.15810916
0.03280000,10.00000000,15.00000000,16.06628282,0.00000000,0.29004931,1,-1.06628282
0.03282000,10.00000000,15.00000000,15.97509229,0.00000000,0.29095339,1,-0.97509229
0.03284000,10.00000000,15.00000000,15.88453404,0.00000000,0.29190125,1,-0.88453404
0.03286000,10.00000000,15.00000000,15.79460448,0.00000000,0.29289256,1,-0.79460448
0.03288000,10.00000000,15.00000000,15.70530002,0.00000000,0.29392702,1,-0.70530002
0.03290000,10.00000000,15.00000000,15.61661704,0.00000000,0.29500431,1,-0.61661704
0.03292000,10.00000000,15.00000000,15.52855190,0.00000000,0.29612412,1,-0.52855190
0.03294000,10.00000000,15.00000000,15.44110095,0.00000000,0.29728614,1,-0.44110095
0.03296000,10.00000000,15.00000000,15.35426049,0.00000000,0.29849008,1,-0.35426049
0.03298000,10.00000000,15.00000000,15.26802682,0.00000000,0.29973562,1,-0.26802682
0.03300000,10.00000000,15.00000000,15.18239623,0.00000000,0.30102247,1,-0.18239623
0.03302000,10.00000000,15.00000000,15.09736497,0.00000000,0.30235034,1,-0.09736497
0.03304000,10.00000000,15.00000000,15.01292929,0.00000000,0.30371892,1,-0.01292929
0.03306000,10.00000000,15.00000000,14.92908541,0.00000000,0.30512792,1,0.07091459
0.03308000,10.00000000,15.00000000,14.84582954,0.00000000,0.30657706,1,0.15417046
0.03310000,10.00000000,15.00000000,14.76315789,0.00000000,0.30806605,1,0.23684211
0.03312000,10.00000000,15.00000000,14.68106664,0.00000000,0.30959461,1,0.31893336
0.03314000,10.00000000,15.00000000,14.59955196,0.00000000,0.31116244,1,0.40044804
0.03316000,10.00000000,15.00000000,14.51861000,0.00000000,0.31276928,1,0.48139000
0.03318000,10.00000000,15.00000000,14.43823692,0.02000679,0.31441485,1,0.56176308
0.03320000,10.00000000,15.00000000,14.35858078,0.07149175,0.31609630,1,0.64141922
0.03322000,10.00000000,15.00000000,14.27987437,0.15432697,0.31780927,1,0.72012563
0.03324000,10.00000000,15.00000000,14.20234605,0.26829508,0.31954934,1,0.79765395
0.03326000,10.00000000,15.00000000,14.12621907,0.41309135,0.32131204,1,0.87378093
0.03328000,10.00000000,15.00000000,14.05171097,0.58832621,0.32309284,1,0.94828903
0.03330000,10.00000000,15.00000000,13.97903296,0.79352786,0.32488721,1,1.02096704
0.03332000,10.00000000,15.00000000,13.90838938,1.02814519,0.32669061,1,1.09161062
0.03334000,10.00000000,15.00000000,13.83997726,1.29155077,0.32849849,1,1.16002274
0.03336000,10.00000000,15.00000000,13.77398583,1.58304408,0.33030633,1,1.22601417
0.03338000,10.00000000,15.00000000,13.71059614,1.90185477,0.33210961,1,1.28940386
0.03340000,10.00000000,15.00000000,13.64998074,2.24714604,0.33390388,1,1.35001926
0.03342000,10.00000000,15.00000000,13.59230337,2.61801811,0.33568469,1,1.40769663
0.03344000,10.00000000,15.00000000,13.53771873,3.01351167,0.33744770,1,1.46228127
0.03346000,10.00000000,15.00000000,13.48637221,3.43261135,0.33918858,1,1.51362779
0.03348000,10.00000000,15.00000000,13.43839980,3.87424929,0.34090312,1,1.56160020
0.03350000,10.00000000,15.00000000,13.39392793,4.33730852,0.34258716,1,1.60607207
0.03352000,10.00000000,15.00000000,13.35307337,4.82062642,0.34423663,1,1.64692663
0.03354000,10.00000000,15.00000000,13.31594319,5.32299811,0.34584757,1,1.68405681
0.03356000,10.00000000,15.00000000,13.28263471,5.84317972,0.34741611,1,1.71736529
0.03358000,10.00000000,15.00000000,13.25323553,6.37989164,0.34893849,1,1.74676447
0.03360000,10.00000000,15.00000000,13.22782354,6.93182166,0.35041105,1,1.77217646
0.03362000,10.00000000,15.00000000,13.20646695,7.49762802,0.35183026,1,1.79353305
0.03364000,10.00000000,15.00000000,13.18922442,8.07594236,0.35319270,1,1.81077558
0.03366000,10.00000000,15.00000000,13.17614505,8.66537258,0.35449510,1,1.82385495
0.03368000,10.00000000,15.00000000,13.16726857,9.26450560,0.35573430,1,1.83273143
0.03370000,10.00000000,15.00000000,13.16262538,9.87191000,0.35690726,1,1.83737462
0.03372000,10.00000000,15.00000000,13.16223669,10.48613860,0.35801111,1,1.83776331
0.03374000,10.00000000,15.00000000,13.16611468,11.10573089,0.35904310,1,1.83388532
0.03376000,10.00000000,15.00000000,13.17426255,11.72921544,0.36000062,1,1.82573745
0.03378000,10.00000000,15.00000000,13.18667472,12.35511219,0.36088122,1,1.81332528
0.03380000,10.00000000,15.00000000,13.20333691,12.98193460,0.36168259,1,1.79666309
0.03382000,10.00000000,15.00000000,13.22422628,13.60819188,0.36240258,1,1.77577372
0.03384000,10.00000000,15.00000000,13.24931156,14.23239102,0.36303921,1,1.75068844
0.03386000,10.00000000,15.00000000,13.27855317,14.85303886,0.36359062,1,1.72144683
0.03388000,10.00000000,15.00000000,13.31190330,15.46864405,0.36405514,1,1.68809670
0.03390000,10.00000000,15.00000000,13.34930603,16.07771906,0.36443127,1,1.65069397
0.03392000,10.00000000,15.00000000,13.39069745,16.67878208,0.36471766,1,1.60930255
0.03394000,10.00000000,15.00000000,13.43600570,17.27035904,0.36491316,1,1.56399430
0.03396000,10.00000000,15.00000000,13.48515106,17.85098550,0.36501676,1,1.51484894
0.03398000,10.00000000,15.00000000,13.53804605,18.41920865,0.36502765,1,1.46195395
0.03400000,10.00000000,15.00000000,13.59459545,18.97358933,0.36494520,1,1.40540455
0.03402000,10.00000000,15.00000000,13.65469636,19.51270406,0.36476897,1,1.34530364
0.03404000,10.00000000,15.00000000,13.71823826,20.03514716,0.36449870,1,1.28176174
0.03406000,10.00000000,15.00000000,13.78510302,20.53953293,0.36413435,1,1.21489698
0.03408000,10.00000000,15.00000000,13.85516495,21.02449788,0.36367603,1,1.14483505
0.03410000,10.00000000,15.00000000,13.92829080,21.48870310,0.36312410,1,1.07170920
0.03412000,10.00000000,15.00000000,14.00433983,21.93083672,0.36247911,1,0.99566017
0.03414000,10.00000000,15.00000000,14.08316376,22.34961641,0.36174182,1,0.91683624
0.03416000,10.00000000,15.00000000,14.16460686,22.74379210,0.36091319,1,0.83539314
0.03418000,10.00000000,15.00000000,14.24850594,23.11214878,0.35999443,1,0.75149406
0.03420000,10.00000000,15.00000000,14.33469037,23.45350938,0.35898695,1,0.66530963
0.03422000,10.00000000,15.00000000,14.42298216,23.76673787,0.35789239,1,0.57701784
0.03424000,10.00000000,15.00000000,14.51319597,24.05074244,0.35671262,1,0.48680403
0.03426000,10.00000000,15.00000000,14.60513919,24.30447887,0.35544976,1,0.39486081
0.03428000,10.00000000,15.00000000,14.69861205,24.52695394,0.35410614,1,0.30138795
0.03430000,10.00000000,15.00000000,14.79340767,24.71722909,0.35268435,1,0.20659233
0.03432000,10.00000000,15.00000000,14.88931224,24.87442413,0.35118720,1,0.11068776
0.03434000,10.00000000,15.00000000,14.98610514,24.99772111,0.34961778,1,0.01389486
0.03436000,10.00000000,15.00000000,15.08355917,25.08636824,0.34797938,1,-0.08355917
0.03438000,10.00000000,15.00000000,15.18144074,25.13968399,0.34627555,1,-0.18144074
0.03440000,10.00000000,15.00000000,15.27951016,25.15706120,0.34451009,1,-0.27951016
0.03442000,10.00000000,15.00000000,15.37752194,25.13797125,0.34268705,1,-0.37752194
0.03444000,10.00000000,15.00000000,15.47522515,25.08196834,0.34081068,1,-0.47522515
0.03446000,10.00000000,15.00000000,15.57236383,24.98869366,0.33888550,1,-0.57236383
0.03448000,10.00000000,15.00000000,15.66867746,24.85787964,0.33691626,1,-0.66867746
0.03450000,10.00000000,15.00000000,15.76390145,24.68935410,0.33490790,1,-0.76390145
0.03452000,10.00000000,15.00000000,15.85776776,24.48304430,0.33286562,1,-0.85776776
0.03454000,10.00000000,15.00000000,15.95000551,24.23898089,0.33079481,1,-0.95000551
0.03456000,10.00000000,15.00000000,16.04034167,23.95730168,0.32870103,1,-1.04034167
0.03458000,10.00000000,15.00000000,16.12850187,23.63825520,0.32659008,1,-1.12850187
0.03460000,10.00000000,15.00000000,16.21421117,23.28220398,0.32446789,1,-1.21421117
0.03462000,10.00000000,15.00000000,16.29719502,22.88962752,0.32234057,1,-1.29719502
0.03464000,10.00000000,15.00000000,16.37718013,22.46112494,0.32021436,1,-1.37718013
0.03466000,10.00000000,15.00000000,16.45389555,21.99741719,0.31809563,1,-1.45389555
0.03468000,10.00000000,15.00000000,16.52707372,21.49934880,0.31599086,1,-1.52707372
0.03470000,10.00000000,15.00000000,16.59645156,20.96788914,0.31390660,1,-1.59645156
0.03472000,10.00000000,15.00000000,16.66177167,20.40413310,0.31184947,1,-1.66177167
0.03474000,10.00000000,15.00000000,16.72278355,19.80930118,0.30982613,1,-1.72278355
0.03476000,10.00000000,15.00000000,16.77924477,19.18473892,0.30784325,1,-1.77924477
0.03478000,10.00000000,15.00000000,16.83092234,18.53191568,0.30590748,1,-1.83092234
0.03480000,10.00000000,15.00000000,16.87759389,17.85242267,0.30402544,1,-1.87759389
0.03482000,10.00000000,15.00000000,16.91904904,17.14797020,0.30220366,1,-1.91904904
0.03484000,10.00000000,15.00000000,16.95509064,16.42038422,0.30044860,1,-1.95509064
0.03486000,10.00000000,15.00000000,16.98553605,15.67160201,0.29876658,1,-1.98553605
0.03488000,10.00000000,15.00000000,17.01021840,14.90366714,0.29716375,1,-2.01021840
0.03490000,10.00000000,15.00000000,17.02898776,14.11872355,0.29564610,1,-2.02898776
0.03492000,10.00000000,15.00000000,17.04171230,13.31900890,0.29421938,1,-2.04171230
0.03494000,10.00000000,15.00000000,17.04827939,12.50684715,0.29288911,1,-2.04827939
0.03496000,10.00000000,15.00000000,17.04859661,11.68464038,0.29166051,1,-2.04859661
0.03498000,10.00000000,15.00000000,17.04259261,10.85485991,0.29053854,1,-2.04259261
0.03500000,10.00000000,15.00000000,17.03021801,10.02003675,0.28952780,1,-2.03021801
0.03502000,10.00000000,15.00000000,17.01144602,9.18275155,0.28863255,1,-2.01144602
0.03504000,10.00000000,15.00000000,16.98627306,8.34562385,0.28785667,1,-1.98627306
0.03506000,10.00000000,15.00000000,16.95471920,7.51130105,0.28720364,1,-1.95471920
0.03508000,10.00000000,15.00000000,16.91682846,6.68244691,0.28667653,1,-1.91682846
0.03510000,10.00000000,15.00000000,16.87266894,5.86172977,0.28627797,1,-1.87266894
0.03512000,10.00000000,15.00000000,16.82233290,5.05181061,0.28601015,1,-1.82233290
0.03514000,10.00000000,15.00000000,16.76593653,4.25533101,0.28587479,1,-1.76593653
0.03516000,10.00000000,15.00000000,16.70361970,3.47490110,0.28587315,1,-1.70361970
0.03518000,10.00000000,15.00000000,16.63554548,2.71308767,0.28600602,1,-1.63554548
0.03520000,10.00000000,15.00000000,16.56189954,1.97240238,0.28627368,1,-1.56189954
0.03522000,10.00000000,15.00000000,16.48288940,1.25529042,0.28667596,1,-1.48288940
0.03524000,10.00000000,15.00000000,16.39874352,0.56411947,0.28721221,1,-1.39874352
0.03526000,10.00000000,15.00000000,16.30971026,0.00000000,0.28788129,1,-1.30971026
0.03528000,10.00000000,15.00000000,16.21683629,0.00000000,0.28866845,1,-1.21683629
0.03530000,10.00000000,15.00000000,16.12460387,0.00000000,0.28950022,1,-1.12460387
0.03532000,10.00000000,15.00000000,16.03300951,0.00000000,0.29037629,1,-1.03300951
0.03534000,10.00000000,15.00000000,15.94204967,0.00000000,0.29129635,1,-0.94204967
0.03536000,10.00000000,15.00000000,15.85172080,0.00000000,0.29226006,1,-0.85172080
0.03538000,10.00000000,15.00000000,15.76201932,0.00000000,0.29326712,1,-0.76201932
0.03540000,10.00000000,15.00000000,15.67294162,0.00000000,0.29431720,1,-0.67294162
0.03542000,10.00000000,15.00000000,15.58448408,0.00000000,0.29541001,1,-0.58448408
0.03544000,10.00000000,15.00000000,15.49664305,0.00000000,0.29654522,1,-0.49664305
0.03546000,10.00000000,15.00000000,15.40941486,0.00000000,0.29772254,1,-0.40941486
0.03548000,10.00000000,15.00000000,15.32279582,0.00000000,0.29894165,1,-0.32279582
0.03550000,10.00000000,15.00000000,15.23678222,0.00000000,0.30020227,1,-0.23678222
0.03552000,10.00000000,15.00000000,15.15137032,0.00000000,0.30150409,1,-0.15137032
0.03554000,10.00000000,15.00000000,15.06655640,0.00000000,0.30284680,1,-0.06655640
0.03556000,10.00000000,15.00000000,14.98233668,0.00000000,0.30423013,1,0.01766332
0.03558000,10.00000000,15.00000000,14.89870738,0.00000000,0.30565378,1,0.10129262
0.03560000,10.00000000,15.00000000,14.81566472,0.00000000,0.30711746,1,0.18433528
0.03562000,10.00000000,15.00000000,14.73320488,0.00000000,0.30862089,1,0.26679512
0.03564000,10.00000000,15.00000000,14.65132404,0.00000000,0.31016378,1,0.34867596
0.03566000,10.00000000,15.00000000,14.57001837,0.00000000,0.31174584,1,0.42998163
0.03568000,10.00000000,15.00000000,14.48928403,0.00000000,0.31336681,1,0.51071597
0.03570000,10.00000000,15.00000000,14.40911716,0.03149543,0.31502641,1,0.59088284
0.03572000,10.00000000,15.00000000,14.32975285,0.09444304,0.31672032,1,0.67024715
0.03574000,10.00000000,15.00000000,14.25142243,0.18868197,0.31844416,1,0.74857757
0.03576000,10.00000000,15.00000000,14.17435255,0.31396263,0.32019347,1,0.82564745
0.03578000,10.00000000,15.00000000,14.09876451,0.46994892,0.32196377,1,0.90123549
0.03580000,10.00000000,15.00000000,14.02487369,0.65622081,0.32375054,1,0.97512631
0.03582000,10.00000000,15.00000000,13.95288891,0.87227704,0.32554923,1,1.04711109
0.03584000,10.00000000,15.00000000,13.88301195,1.11753810,0.32735529,1,1.11698805
0.03586000,10.00000000,15.00000000,13.81543712,1.39134932,0.32916418,1,1.18456288
0.03588000,10.00000000,15.00000000,13.75035074,1.69298407,0.33097138,1,1.24964926
0.03590000,10.00000000,15.00000000,13.68793087,2.02164712,0.33277239,1,1.31206913
0.03592000,10.00000000,15.00000000,13.62834693,2.37647800,0.33456276,1,1.37165307
0.03594000,10.00000000,15.00000000,13.57175942,2.75655454,0.33633808,1,1.42824058
0.03596000,10.00000000,15.00000000,13.51831970,3.16089626,0.33809400,1,1.48168030
0.03598000,10.00000000,15.00000000,13.46816982,3.58846793,0.33982626,1,1.53183018
0.03600000,10.00000000,15.00000000,13.42144231,4.03818304,0.34153063,1,1.57855769
0.03602000,10.00000000,15.00000000,13.37826011,4.50890726,0.34320300,1,1.62173989
0.03604000,10.00000000,15.00000000,13.33873650,4.99946180,0.34483934,1,1.66126350
0.03606000,10.00000000,15.00000000,13.30297501,5.50862683,0.34643572,1,1.69702499
0.03608000,10.00000000,15.00000000,13.27106946,6.03514472,0.34798830,1,1.72893054
0.03610000,10.00000000,15.00000000,13.24310389,6.57772325,0.34949335,1,1.75689611
0.03612000,10.00000000,15.00000000,13.21915270,7.13503872,0.35094728,1,1.78084730
0.03614000,10.00000000,15.00000000,13.19928062,7.70573894,0.35234659,1,1.80071938
0.03616000,10.00000000,15.00000000,13.18354280,8.28844621,0.35368790,1,1.81645720
0.03618000,10.00000000,15.00000000,13.17198495,8.88176007,0.35496798,1,1.82801505
0.03620000,10.00000000,15.00000000,13.16464337,9.48426009,0.35618373,1,1.83535663
0.03622000,10.00000000,15.00000000,13.16154512,10.09450841,0.35733215,1,1.83845488
0.03624000,10.00000000,15.00000000,13.16270811,10.71105234,0.35841043,1,1.83729189
0.03626000,10.00000000,15.00000000,13.16814120,11.33242675,0.35941585,1,1.83185880
0.03628000,10.00000000,15.00000000,13.17784440,11.95715639,0.36034588,1,1.82215560
0.03630000,10.00000000,15.00000000,13.19180894,12.58375821,0.36119811,1,1.80819106
0.03632000,10.00000000,15.00000000,13.21001738,13.21074351,0.36197029,1,1.78998262
0.03634000,10.00000000,15.00000000,13.23244382,13.83662006,0.36266033,1,1.76755618
0.03636000,10.00000000,15.00000000,13.25905392,14.45989417,0.36326627,1,1.74094608
0.03638000,10.00000000,15.00000000,13.28980508,15.07907272,0.36378636,1,1.71019492
0.03640000,10.00000000,15.00000000,13.32464652,15.69266516,0.36421897,1,1.67535348
0.03642000,10.00000000,15.00000000,13.36351938,16.29918543,0.36456264,1,1.63648062
0.03644000,10.00000000,15.00000000,13.40635683,16.89715393,0.36481612,1,1.59364317
0.03646000,10.00000000,15.00000000,13.45308413,17.48509947,0.36497828,1,1.54691587
0.03648000,10.00000000,15.00000000,13.50361871,18.06156125,0.36504821,1,1.49638129
0.03650000,10.00000000,15.00000000,13.55787024,18.62509082,0.36502515,1,1.44212976
0.03652000,10.00000000,15.00000000,13.61574068,19.17425408,0.36490854,1,1.38425932
0.03654000,10.00000000,15.00000000,13.67712433,19.70763342,0.36469800,1,1.32287567
0.03656000,10.00000000,15.00000000,13.74190788,20.22382977,0.36439337,1,1.25809212
0.03658000,10.00000000,15.00000000,13.80997041,20.72146489,0.36399463,1,1.19002959
0.03660000,10.00000000,15.00000000,13.88118346,21.19918356,0.36350202,1,1.11881654
0.03662000,10.00000000,15.00000000,13.95541102,21.65565604,0.36291594,1,1.04458898
0.03664000,10.00000000,15.00000000,14.03250957,22.08958052,0.36223701,1,0.96749043
0.03666000,10.00000000,15.00000000,14.11232809,22.49968573,0.36146609,1,0.88767191
0.03668000,10.00000000,15.00000000,14.19470810,22.88473363,0.36060422,1,0.80529190
0.03670000,10.00000000,15.00000000,14.27948365,23.24352229,0.35965267,1,0.72051635
0.03672000,10.00000000,15.00000000,14.36648141,23.57488882,0.35861294,1,0.63351859
0.03674000,10.00000000,15.00000000,14.45552065,23.87771256,0.35748676,1,0.54447935
0.03676000,10.00000000,15.00000000,14.54641335,24.15091822,0.35627610,1,0.45358665
0.03678000,10.00000000,15.00000000,14.63896423,24.39347937,0.35498313,1,0.36103577
0.03680000,10.00000000,15.00000000,14.73297087,24.60442190,0.35361029,1,0.26702913
0.03682000,10.00000000,15.00000000,14.82822380,24.78282768,0.35216025,1,0.17177620
0.03684000,10.00000000,15.00000000,14.92450667,24.92783838,0.35063592,1,0.07549333
0.03686000,10.00000000,15.00000000,15.02159638,25.03865931,0.34904046,1,-0.02159638
0.03688000,10.00000000,15.00000000,15.11926331,25.11456344,0.34737727,1,-0.11926331
0.03690000,10.00000000,15.00000000,15.21727156,25.15489552,0.34564998,1,-0.21727156
0.03692000,10.00000000,15.00000000,15.31537923,25.15907617,0.34386248,1,-0.31537923
0.03694000,10.00000000,15.00000000,15.41333873,25.12660614,0.34201890,1,-0.41333873
0.03696000,10.00000000,15.00000000,15.51089718,25.05707052,0.34012358,1,-0.51089718
0.03698000,10.00000000,15.00000000,15.60779683,24.95014299,0.33818114,1,-0.60779683
0.03700000,10.00000000,15.00000000,15.70377552,24.80558999,0.33619640,1,-0.70377552
0.03702000,10.00000000,15.00000000,15.79856727,24.62327486,0.33417439,1,-0.79856727
0.03704000,10.00000000,15.00000000,15.89190284,24.40316188,0.33212037,1,-0.89190284
0.03706000,10.00000000,15.00000000,15.98351038,24.14532015,0.33003982,1,-0.98351038
0.03708000,10.00000000,15.00000000,16.07311620,23.84992725,0.32793838,1,-1.07311620
0.03710000,10.00000000,15.00000000,16.16044552,23.51727279,0.32582189,1,-1.16044552
0.03712000,10.00000000,15.00000000,16.24522335,23.14776151,0.32369637,1,-1.24522335
0.03714000,10.00000000,15.00000000,16.32717537,22.74191618,0.32156796,1,-1.32717537
0.03716000,10.00000000,15.00000000,16.40602892,22.30038010,0.31944297,1,-1.40602892
0.03718000,10.00000000,15.00000000,16.48151407,21.82391913,0.31732780,1,-1.48151407
0.03720000,10.00000000,15.00000000,16.55336463,21.31342326,0.31522896,1,-1.55336463
0.03722000,10.00000000,15.00000000,16.62131936,20.76990772,0.31315305,1,-1.62131936
0.03724000,10.00000000,15.00000000,16.68512313,20.19451340,0.31110669,1,-1.68512313
0.03726000,10.00000000,15.00000000,16.74452810,19.58850672,0.30909656,1,-1.74452810
0.03728000,10.00000000,15.00000000,16.79929506,18.95327887,0.30712932,1,-1.79929506
0.03730000,10.00000000,15.00000000,16.84919460,18.29034422,0.30521162,1,-1.84919460
0.03732000,10.00000000,15.00000000,16.89400850,17.60133819,0.30335005,1,-1.89400850
0.03734000,10.00000000,15.00000000,16.93353092,16.88801416,0.30155113,1,-1.93353092
0.03736000,10.00000000,15.00000000,16.96756977,16.15223975,0.29982126,1,-1.96756977
0.03738000,10.00000000,15.00000000,16.99594792,15.39599220,0.29816672,1,-1.99594792
0.03740000,10.00000000,15.00000000,17.01850443,14.62135303,0.29659360,1,-2.01850443
0.03742000,10.00000000,15.00000000,17.03509577,13.83050189,0.29510780,1,-2.03509577
0.03744000,10.00000000,15.00000000,17.04559691,13.02570955,0.29371500,1,-2.04559691
0.03746000,10.00000000,15.00000000,17.04990240,12.20933023,0.29242062,1,-2.04990240
0.03748000,10.00000000,15.00000000,17.04792733,11.38379319,0.29122979,1,-2.04792733
0.03750000,10.00000000,15.00000000,17.03960822,10.55159353,0.29014734,1,-2.03960822
0.03752000,10.00000000,15.00000000,17.02490379,9.71528250,0.28917775,1,-2.02490379
0.03754000,10.00000000,15.00000000,17.00379563,8.87745716,0.28832514,1,-2.00379563
0.03756000,10.00000000,15.00000000,16.97628870,8.04074953,0.28759327,1,-1.97628870
0.03758000,10.00000000,15.00000000,16.94241176,7.20781534,0.28698545,1,-1.94241176
0.03760000,10.00000000,15.00000000,16.90221759,6.38132244,0.28650461,1,-1.90221759
0.03762000,10.00000000,15.00000000,16.85578312,5.56393893,0.28615322,1,-1.85578312
0.03764000,10.00000000,15.00000000,16.80320935,4.75832120,0.28593330,1,-1.80320935
0.03766000,10.00000000,15.00000000,16.74462119,3.96710180,0.28584640,1,-1.74462119
0.03768000,10.00000000,15.00000000,16.68016707,3.19287751,0.28589360,1,-1.68016707
0.03770000,10.00000000,15.00000000,16.61001842,2.43819739,0.28607552,1,-1.61001842
0.03772000,10.00000000,15.00000000,16.53436904,1.70555121,0.28639228,1,-1.53436904
0.03774000,10.00000000,15.00000000,16.45343425,0.99735816,0.28684353,1,-1.45343425
0.03776000,10.00000000,15.00000000,16.36744998,0.31595599,0.28742843,1,-1.36744998
0.03778000,10.00000000,15.00000000,16.27667167,0.00000000,0.28814569,1,-1.27667167
0.03780000,10.00000000,15.00000000,16.18402552,0.00000000,0.28894872,1,-1.18402552
0.03782000,10.00000000,15.00000000,16.09201970,0.00000000,0.28979626,1,-1.09201970
0.03784000,10.00000000,15.00000000,16.00065068,0.00000000,0.29068799,1,-1.00065068
0.03786000,10.00000000,15.00000000,15.90991494,0.00000000,0.29162358,1,-0.90991494
0.03788000,10.00000000,15.00000000,15.81980890,0.00000000,0.29260272,1,-0.81980890
0.03790000,10.00000000,15.00000000,15.73032898,0.00000000,0.29362509,1,-0.73032898
0.03792000,10.00000000,15.00000000,15.64147156,0.00000000,0.29469038,1,-0.64147156
0.03794000,10.00000000,15.00000000,15.55323302,0.00000000,0.29579828,1,-0.55323302
0.03796000,10.00000000,15.00000000,15.46560969,0.00000000,0.29694847,1,-0.46560969
0.03798000,10.00000000,15.00000000,15.37859789,0.00000000,0.29814067,1,-0.37859789
0.03800000,10.00000000,15.00000000,15.29219394,0.00000000,0.29937455,1,-0.29219394
0.03802000,10.00000000,15.00000000,15.20639411,0.00000000,0.30064983,1,-0.20639411
0.03804000,10.00000000,15.00000000,15.12119467,0.00000000,0.30196621,1,-0.12119467
0.03806000,10.00000000,15.00000000,15.03659187,0.00000000,0.30332338,1,-0.03659187
0.03808000,10.00000000,15.00000000,14.95258193,0.00000000,0.30472106,1,0.04741807
0.03810000,10.00000000,15.00000000,14.86916108,0.00000000,0.30615896,1,0.13083892
0.03812000,10.00000000,15.00000000,14.78632552,0.00000000,0.30763678,1,0.21367448
0.03814000,10.00000000,15.00000000,14.70407143,0.00000000,0.30915425,1,0.29592857
0.03816000,10.00000000,15.00000000,14.62239499,0.00000000,0.31071108,1,0.37760501
0.03818000,10.00000000,15.00000000,14.54129236,0.00000000,0.31230700,1,0.45870764
0.03820000,10.00000000,15.00000000,14.46075970,0.01111054,0.31394171,1,0.53924030
0.03822000,10.00000000,15.00000000,14.38087757,0.05371926,0.31561353,1,0.61912243
0.03824000,10.00000000,15.00000000,14.30187988,0.12772390,0.31731811,1,0.69812012
0.03826000,10.00000000,15.00000000,14.22399631,0.23293209,0.31905104,1,0.77600369
0.03828000,10.00000000,15.00000000,14.14745164,0.36906354,0.32080786,1,0.85254836
0.03830000,10.00000000,15.00000000,14.07246508,0.53575233,0.32258407,1,0.92753492
0.03832000,10.00000000,15.00000000,13.99924969,0.73254959,0.32437513,1,1.00075031
0.03834000,10.00000000,15.00000000,13.92801179,0.95892627,0.32617650,1,1.07198821
0.03836000,10.00000000,15.00000000,13.85895054,1.21427615,0.32798363,1,1.14104946
0.03838000,10.00000000,15.00000000,13.79225741,1.49791900,0.32979199,1,1.20774259
0.03840000,10.00000000,15.00000000,13.72811579,1.80910381,0.33159707,1,1.27188421
0.03842000,10.00000000,15.00000000,13.66670068,2.14701219,0.33339438,1,1.33329932
0.03844000,10.00000000,15.00000000,13.60817833,2.51076175,0.33517949,1,1.39182167
0.03846000,10.00000000,15.00000000,13.55270600,2.89940960,0.33694801,1,1.44729400
0.03848000,10.00000000,15.00000000,13.50043175,3.31195584,0.33869563,1,1.49956825
0.03850000,10.00000000,15.00000000,13.45149424,3.74734704,0.34041808,1,1.54850576
0.03852000,10.00000000,15.00000000,13.40602259,4.20447971,0.34211119,1,1.59397741
0.03854000,10.00000000,15.00000000,13.36413633,4.68220377,0.34377087,1,1.63586367
0.03856000,10.00000000,15.00000000,13.32594525,5.17932589,0.34539313,1,1.67405475
0.03858000,10.00000000,15.00000000,13.29154943,5.69461285,0.34697407,1,1.70845057
0.03860000,10.00000000,15.00000000,13.26103922,6.22679480,0.34850989,1,1.73896078
0.03862000,10.00000000,15.00000000,13.23449525,6.77456838,0.34999692,1,1.76550475
0.03864000,10.00000000,15.00000000,13.21198844,7.33659985,0.35143158,1,1.78801156
0.03866000,10.00000000,15.00000000,13.19358015,7.91152804,0.35281043,1,1.80641985
0.03868000,10.00000000,15.00000000,13.17932217,8.49796725,0.35413014,1,1.82067783
0.03870000,10.00000000,15.00000000,13.16925685,9.09451002,0.35538753,1,1.83074315
0.03872000,10.00000000,15.00000000,13.16341722,9.69972982,0.35657952,1,1.83658278
0.03874000,10.00000000,15.00000000,13.16182708,10.31218365,0.35770320,1,1.83817292
0.03876000,10.00000000,15.00000000,13.16450112,10.93041450,0.35875577,1,1.83549888
0.03878000,10.00000000,15.00000000,13.17144509,11.55295376,0.35973460,1,1.82855491
0.03880000,10.00000000,15.00000000,13.18265585,12.17832356,0.36063718,1,1.81734415
0.03882000,10.00000000,15.00000000,13.19812157,12.80503894,0.36146117,1,1.80187843
0.03884000,10.00000000,15.00000000,13.21782182,13.43161011,0.36220437,1,1.78217818
0.03886000,10.00000000,15.00000000,13.24172768,14.05654443,0.36286475,1,1.75827232
0.03888000,10.00000000,15.00000000,13.26980192,14.67834857,0.36344041,1,1.73019808
0.03890000,10.00000000,15.00000000,13.30199902,15.29553046,0.36392965,1,1.69800098
0.03892000,10.00000000,15.00000000,13.33826535,15.90660126,0.36433089,1,1.66173465
0.03894000,10.00000000,15.00000000,13.37853924,16.51007735,0.36464276,1,1.62146076
0.03896000,10.00000000,15.00000000,13.42275106,17.10448226,0.36486404,1,1.57724894
0.03898000,10.00000000,15.00000000,13.47082330,17.68834862,0.36499369,1,1.52917670
0.03900000,10.00000000,15.00000000,13.52267067,18.26022013,0.36503084,1,1.47732933
0.03902000,10.00000000,15.00000000,13.57820012,18.81865354,0.36497481,1,1.42179988
0.03904000,10.00000000,15.00000000,13.63731091,19.36222075,0.36482510,1,1.36268909
0.03906000,10.00000000,15.00000000,13.69989467,19.88951081,0.36458141,1,1.30010533
0.03908000,10.00000000,15.00000000,13.76583540,20.39913215,0.36424362,1,1.23416460
0.03910000,10.00000000,15.00000000,13.83500954,20.88971477,0.36381181,1,1.16499046
0.03912000,10.00000000,15.00000000,13.90728599,21.35991258,0.36328627,1,1.09271401
0.03914000,10.00000000,15.00000000,13.98252608,21.80840581,0.36266750,1,1.01747392
0.03916000,10.00000000,15.00000000,14.06058369,22.23390353,0.36195618,1,0.93941631
0.03918000,10.00000000,15.00000000,14.14130516,22.63514629,0.36115323,1,0.85869484
0.03920000,10.00000000,15.00000000,14.22452942,23.01090888,0.36025979,1,0.77547058
0.03922000,10.00000000,15.00000000,14.31008792,23.36000320,0.35927720,1,0.68991208
0.03924000,10.00000000,15.00000000,14.39780474,23.68128135,0.35820704,1,0.60219526
0.03926000,10.00000000,15.00000000,14.48749660,23.97363870,0.35705113,1,0.51250340
0.03928000,10.00000000,15.00000000,14.57897295,24.23601725,0.35581151,1,0.42102705
0.03930000,10.00000000,15.00000000,14.67203602,24.46740902,0.35449044,1,0.32796398
0.03932000,10.00000000,15.00000000,14.76648091,24.66685968,0.35309044,1,0.23351909
0.03934000,10.00000000,15.00000000,14.86209575,24.83347218,0.35161428,1,0.13790425
0.03936000,10.00000000,15.00000000,14.95866184,24.96641060,0.35006494,1,0.04133816
0.03938000,10.00000000,15.00000000,15.05595379,25.06490409,0.34844566,1,-0.05595379
0.03940000,10.00000000,15.00000000,15.15373980,25.12825088,0.34675994,1,-0.15373980
0.03942000,10.00000000,15.00000000,15.25178185,25.15582242,0.34501149,1,-0.25178185
0.03944000,10.00000000,15.00000000,15.34983607,25.14706751,0.34320428,1,-0.34983607
0.03946000,10.00000000,15.00000000,15.44765302,25.10151656,0.34134253,1,-0.44765302
0.03948000,10.00000000,15.00000000,15.54497810,25.01878579,0.33943067,1,-0.54497810
0.03950000,10.00000000,15.00000000,15.64155203,24.89858149,0.33747338,1,-0.64155203
0.03952000,10.00000000,15.00000000,15.73711131,24.74070415,0.33547556,1,-0.73711131
0.03954000,10.00000000,15.00000000,15.83138882,24.54505258,0.33344233,1,-0.83138882
0.03956000,10.00000000,15.00000000,15.92411439,24.31162790,0.33137902,1,-0.92411439
0.03958000,10.00000000,15.00000000,16.01501553,24.04053732,0.32929117,1,-1.01501553
0.03960000,10.00000000,15.00000000,16.10381817,23.73199780,0.32718448,1,-1.10381817
0.03962000,10.00000000,15.00000000,16.19024744,23.38633941,0.32506487,1,-1.19024744
0.03964000,10.00000000,15.00000000,16.27402857,23.00400839,0.32293839,1,-1.27402857
0.03966000,10.00000000,15.00000000,16.35488782,22.58556988,0.32081124,1,-1.35488782
0.03968000,10.00000000,15.00000000,16.43255349,22.13171029,0.31868977,1,-1.43255349
0.03970000,10.00000000,15.00000000,16.50675693,21.64323916,0.31658042,1,-1.50675693
0.03972000,10.00000000,15.00000000,16.57723369,21.12109055,0.31448973,1,-1.57723369
0.03974000,10.00000000,15.00000000,16.64372464,20.56632393,0.31242429,1,-1.64372464
0.03976000,10.00000000,15.00000000,16.70597720,19.98012440,0.31039077,1,-1.70597720
0.03978000,10.00000000,15.00000000,16.76374656,19.36380237,0.30839582,1,-1.76374656
0.03980000,10.00000000,15.00000000,16.81679692,18.71879246,0.30644610,1,-1.81679692
0.03982000,10.00000000,15.00000000,16.86490278,18.04665174,0.30454826,1,-1.86490278
0.03984000,10.00000000,15.00000000,16.90785026,17.34905728,0.30270885,1,-1.90785026
0.03986000,10.00000000,15.00000000,16.94543835,16.62780283,0.30093434,1,-1.94543835
0.03988000,10.00000000,15.00000000,16.97748018,15.88479477,0.29923111,1,-1.97748018
0.03990000,10.00000000,15.00000000,17.00380430,15.12204726,0.29760536,1,-2.00380430
0.03992000,10.00000000,15.00000000,17.02425590,14.34167659,0.29606311,1,-2.02425590
0.03994000,10.00000000,15.00000000,17.03869793,13.54589472,0.29461019,1,-2.03869793
0.03996000,10.00000000,15.00000000,17.04701224,12.73700210,0.29325219,1,-2.04701224
0.03998000,10.00000000,15.00000000,17.04910061,11.91737964,0.29199443,1,-2.04910061
0.04000000,10.00000000,15.00000000,17.04488566,11.08948009,0.29084193,1,-2.04488566
0.04002000,10.00000000,15.00000000,17.03431175,10.25581865,0.28979939,1,-2.03431175
0.04004000,10.00000000,15.00000000,17.01734564,9.41896303,0.28887118,1,-2.01734564
0.04006000,10.00000000,15.00000000,16.99397717,8.58152293,0.28806128,1,-1.99397717
0.04008000,10.00000000,15.00000000,16.96421969,7.74613905,0.28737330,1,-1.96421969
0.04010000,10.00000000,15.00000000,16.92811045,6.91547173,0.28681041,1,-1.92811045
0.04012000,10.00000000,15.00000000,16.88571076,6.09218923,0.28637538,1,-1.88571076
0.04014000,10.00000000,15.00000000,16.83710607,5.27895583,0.28607052,1,-1.83710607
0.04016000,10.00000000,15.00000000,16.78240585,4.47841982,0.28589768,1,-1.78240585
0.04018000,10.00000000,15.00000000,16.72174333,3.69320142,0.28585825,1,-1.72174333
0.04020000,10.00000000,15.00000000,16.65527510,2.92588085,0.28595315,1,-1.65527510
0.04022000,10.00000000,15.00000000,16.58318052,2.17898649,0.28618282,1,-1.58318052
0.04024000,10.00000000,15.00000000,16.50566104,1.45498342,0.28654721,1,-1.50566104
0.04026000,10.00000000,15.00000000,16.42293932,0.75626226,0.28704579,1,-1.42293932
0.04028000,10.00000000,15.00000000,16.33525822,0.08512856,0.28767758,1,-1.33525822
0.04030000,10.00000000,15.00000000,16.24287970,0.00000000,0.28844110,1,-1.24287970
0.04032000,10.00000000,15.00000000,16.15046724,0.00000000,0.28926036,1,-1.15046724
0.04034000,10.00000000,15.00000000,16.05869382,0.00000000,0.29012402,1,-1.05869382
0.04036000,10.00000000,15.00000000,15.96755592,0.00000000,0.29103174,1,-0.96755592
0.04038000,10.00000000,15.00000000,15.87704999,0.00000000,0.29198321,1,-0.87704999
0.04040000,10.00000000,15.00000000,15.78717246,0.00000000,0.29297812,1,-0.78717246
0.04042000,10.00000000,15.00000000,15.69791973,0.00000000,0.29401614,1,-0.69791973
0.04044000,10.00000000,15.00000000,15.60928818,0.00000000,0.29509697,1,-0.60928818
0.04046000,10.00000000,15.00000000,15.52127417,0.00000000,0.29622029,1,-0.52127417
0.04048000,10.00000000,15.00000000,15.43387404,0.00000000,0.29738580,1,-0.43387404
0.04050000,10.00000000,15.00000000,15.34708409,0.00000000,0.29859320,1,-0.34708409
0.04052000,10.00000000,15.00000000,15.26090063,0.00000000,0.29984218,1,-0.26090063
0.04054000,10.00000000,15.00000000,15.17531993,0.00000000,0.30113245,1,-0.17531993
0.04056000,10.00000000,15.00000000,15.09033825,0.00000000,0.30246370,1,-0.09033825
0.04058000,10.00000000,15.00000000,15.00595184,0.00000000,0.30383564,1,-0.00595184
0.04060000,10.00000000,15.00000000,14.92215691,0.00000000,0.30524799,1,0.07784309
0.04062000,10.00000000,15.00000000,14.83894969,0.00000000,0.30670044,1,0.16105031
0.04064000,10.00000000,15.00000000,14.75632636,0.00000000,0.30819273,1,0.24367364
0.04066000,10.00000000,15.00000000,14.67428311,0.00000000,0.30972455,1,0.32571689
0.04068000,10.00000000,15.00000000,14.59281611,0.00000000,0.31129563,1,0.40718389
0.04070000,10.00000000,15.00000000,14.51192152,0.00000000,0.31290569,1,0.48807848
0.04072000,10.00000000,15.00000000,14.43159549,0.02262903,0.31455446,1,0.56840451
0.04074000,10.00000000,15.00000000,14.35200595,0.07673029,0.31623875,1,0.64799405
0.04076000,10.00000000,15.00000000,14.27338536,0.16216838,0.31795420,1,0.72661464
0.04078000,10.00000000,15.00000000,14.19596170,0.27871852,0.31969638,1,0.80403830
0.04080000,10.00000000,15.00000000,14.11995777,0.42606883,0.32146080,1,0.88004223
0.04082000,10.00000000,15.00000000,14.04559061,0.60382277,0.32324296,1,0.95440939
0.04084000,10.00000000,15.00000000,13.97307089,0.81150180,0.32503832,1,1.02692911
0.04086000,10.00000000,15.00000000,13.90260237,1.04854832,0.32684232,1,1.09739763
0.04088000,10.00000000,15.00000000,13.83438145,1.31432868,0.32865043,1,1.16561855
0.04090000,10.00000000,15.00000000,13.76859669,1.60813637,0.33045811,1,1.23140331
0.04092000,10.00000000,15.00000000,13.70542846,1.92919537,0.33226087,1,1.29457154
0.04094000,10.00000000,15.00000000,13.64504861,2.27666346,0.33405424,1,1.35495139
0.04096000,10.00000000,15.00000000,13.58762012,2.64963574,0.33583380,1,1.41237988
0.04098000,10.00000000,15.00000000,13.53329693,3.04714807,0.33759518,1,1.46670307
0.04100000,10.00000000,15.00000000,13.48222367,3.46818054,0.33933409,1,1.51777633
0.04102000,10.00000000,15.00000000,13.43453553,3.91166102,0.34104630,1,1.56546447
0.04104000,10.00000000,15.00000000,13.39035816,4.37646858,0.34272767,1,1.60964184
0.04106000,10.00000000,15.00000000,13.34980751,4.86143692,0.34437414,1,1.65019249
0.04108000,10.00000000,15.00000000,13.31298984,5.36535773,0.34598175,1,1.68701016
0.04110000,10.00000000,15.00000000,13.28000168,5.88698401,0.34754664,1,1.71999832
0.04112000,10.00000000,15.00000000,13.25092982,6.42503329,0.34906506,1,1.74907018
0.04114000,10.00000000,15.00000000,13.22585134,6.97819071,0.35053336,1,1.77414866
0.04116000,10.00000000,15.00000000,13.20483366,7.54511216,0.35194802,1,1.79516634
0.04118000,10.00000000,15.00000000,13.18793462,8.12442715,0.35330564,1,1.81206538
0.04120000,10.00000000,15.00000000,13.17520258,8.71474168,0.35460294,1,1.82479742
0.04122000,10.00000000,15.00000000,13.16667645,9.31464100,0.35583678,1,1.83332355
0.04124000,10.00000000,15.00000000,13.16238588,9.92269223,0.35700414,1,1.83761412
0.04126000,10.00000000,15.00000000,13.16235133,10.53744695,0.35810215,1,1.83764867
0.04128000,10.00000000,15.00000000,13.16658421,11.15744361,0.35912807,1,1.83341579
0.04130000,10.00000000,15.00000000,13.17508700,11.78120992,0.36007931,1,1.82491300
0.04132000,10.00000000,15.00000000,13.18785338,12.40726514,0.36095343,1,1.81214662
0.04134000,10.00000000,15.00000000,13.20486836,13.03412227,0.36174814,1,1.79513164
0.04136000,10.00000000,15.00000000,13.22610840,13.66029020,0.36246130,1,1.77389160
0.04138000,10.00000000,15.00000000,13.25154153,14.28427579,0.36309091,1,1.74845847
0.04140000,10.00000000,15.00000000,13.28112747,14.90458590,0.36363517,1,1.71887253
0.04142000,10.00000000,15.00000000,13.31481773,15.51972937,0.36409241,1,1.68518227
0.04144000,10.00000000,15.00000000,13.35255574,16.12821903,0.36446114,1,1.64744426
0.04146000,10.00000000,15.00000000,13.39427690,16.72857360,0.36474002,1,1.60572310
0.04148000,10.00000000,15.00000000,13.43990871,17.31931968,0.36492791,1,1.56009129
0.04150000,10.00000000,15.00000000,13.48937080,17.89899367,0.36502382,1,1.51062920
0.04152000,10.00000000,15.00000000,13.54257503,18.46614378,0.36502697,1,1.45742497
0.04154000,10.00000000,15.00000000,13.59942554,19.01933203,0.36493673,1,1.40057446
0.04156000,10.00000000,15.00000000,13.65981881,19.55713628,0.36475268,1,1.34018119
0.04158000,10.00000000,15.00000000,13.72364366,20.07815238,0.36447457,1,1.27635634
0.04160000,10.00000000,15.00000000,13.79078134,20.58099633,0.36410237,1,1.20921866
0.04162000,10.00000000,15.00000000,13.86110553,21.06430657,0.36363624,1,1.13889447
0.04164000,10.00000000,15.00000000,13.93448235,21.52674628,0.36307652,1,1.06551765
0.04166000,10.00000000,15.00000000,14.01077042,21.96700590,0.36242379,1,0.98922958
0.04168000,10.00000000,15.00000000,14.08982085,22.38380563,0.36167883,1,0.91017915
0.04170000,10.00000000,15.00000000,14.17147728,22.77589816,0.36084262,1,0.82852272
0.04172000,10.00000000,15.00000000,14.25557590,23.14207146,0.35991639,1,0.74442410
0.04174000,10.00000000,15.00000000,14.34194545,23.48115171,0.35890155,1,0.65805455
0.04176000,10.00000000,15.00000000,14.43040734,23.79200638,0.35779978,1,0.56959266
0.04178000,10.00000000,15.00000000,14.52077560,24.07354745,0.35661297,1,0.47922440
0.04180000,10.00000000,15.00000000,14.61285703,24.32473474,0.35534325,1,0.38714297
0.04182000,10.00000000,15.00000000,14.70645125,24.54457940,0.35399297,1,0.29354875
0.04184000,10.00000000,15.00000000,14.80135080,24.73214753,0.35256474,1,0.19864920
0.04186000,10.00000000,15.00000000,14.89734129,24.88656391,0.35106140,1,0.10265871
0.04188000,10.00000000,15.00000000,14.99420154,25.00701589,0.34948604,1,0.00579846
0.04190000,10.00000000,15.00000000,15.09170379,25.09275733,0.34784199,1,-0.09170379
0.04192000,10.00000000,15.00000000,15.18961394,25.14311267,0.34613282,1,-0.18961394
0.04194000,10.00000000,15.00000000,15.28769179,25.15748109,0.34436234,1,-0.28769179
0.04196000,10.00000000,15.00000000,15.38569137,25.13534064,0.34253461,1,-0.38569137
0.04198000,10.00000000,15.00000000,15.48336133,25.07625256,0.34065393,1,-0.48336133
0.04200000,10.00000000,15.00000000,15.58044528,24.97986543,0.33872482,1,-0.58044528
0.04202000,10.00000000,15.00000000,15.67668233,24.84591942,0.33675204,1,-0.67668233
0.04204000,10.00000000,15.00000000,15.77180759,24.67425042,0.33474058,1,-0.77180759
0.04206000,10.00000000,15.00000000,15.86555273,24.46479412,0.33269562,1,-0.86555273
0.04208000,10.00000000,15.00000000,15.95764665,24.21758993,0.33062258,1,-0.95764665
0.04210000,10.00000000,15.00000000,16.04781619,23.93278469,0.32852706,1,-1.04781619
0.04212000,10.00000000,15.00000000,16.13578687,23.61063629,0.32641485,1,-1.13578687
0.04214000,10.00000000,15.00000000,16.22128374,23.25151684,0.32429190,1,-1.22128374
0.04216000,10.00000000,15.00000000,16.30403230,22.85591571,0.32216433,1,-1.30403230
0.04218000,10.00000000,15.00000000,16.38375941,22.42444207,0.32003840,1,-1.38375941
0.04220000,10.00000000,15.00000000,16.46019434,21.95782708,0.31792048,1,-1.46019434
0.04222000,10.00000000,15.00000000,16.53306985,21.45692563,0.31581706,1,-1.53306985
0.04224000,10.00000000,15.00000000,16.60212328,20.92271751,0.31373470,1,-1.60212328
0.04226000,10.00000000,15.00000000,16.66709773,20.35630810,0.31168003,1,-1.66709773
0.04228000,10.00000000,15.00000000,16.72774331,19.75892836,0.30965970,1,-1.72774331
0.04230000,10.00000000,15.00000000,16.78381833,19.13193421,0.30768038,1,-1.78381833
0.04232000,10.00000000,15.00000000,16.83509060,18.47680529,0.30574872,1,-1.83509060
0.04234000,10.00000000,15.00000000,16.88133870,17.79514287,0.30387134,1,-1.88133870
0.04236000,10.00000000,15.00000000,16.92235328,17.08866707,0.30205478,1,-1.92235328
0.04238000,10.00000000,15.00000000,16.95793834,16.35921335,0.30030546,1,-1.95793834
0.04240000,10.00000000,15.00000000,16.98791249,15.60872811,0.29862970,1,-1.98791249
0.04242000,10.00000000,15.00000000,17.01211020,14.83926358,0.29703364,1,-2.01211020
0.04244000,10.00000000,15.00000000,17.03038300,14.05297184,0.29552325,1,-2.03038300
0.04246000,10.00000000,15.00000000,17.04260062,13.25209813,0.29410426,1,-2.04260062
0.04248000,10.00000000,15.00000000,17.04865206,12.43897333,0.29278217,1,-2.04865206
0.04250000,10.00000000,15.00000000,17.04844659,11.61600573,0.29156219,1,-2.04844659
0.04252000,10.00000000,15.00000000,17.04191467,10.78567208,0.29044923,1,-2.04191467
0.04254000,10.00000000,15.00000000,17.02900875,9.95050806,0.28944787,1,-2.02900875
0.04256000,10.00000000,15.00000000,17.00970397,9.11309807,0.28856234,1,-2.00970397
0.04258000,10.00000000,15.00000000,16.98399867,8.27606454,0.28779649,1,-1.98399867
0.04260000,10.00000000,15.00000000,16.95191492,7.44205680,0.28715378,1,-1.95191492
0.04262000,10.00000000,15.00000000,16.91349872,6.61373956,0.28663722,1,-1.91349872
0.04264000,10.00000000,15.00000000,16.86882021,5.79378114,0.28624942,1,-1.86882021
0.04266000,10.00000000,15.00000000,16.81797362,4.98484153,0.28599252,1,-1.81797362
0.04268000,10.00000000,15.00000000,16.76107714,4.18956026,0.28586822,1,-1.76107714
0.04270000,10.00000000,15.00000000,16.69827259,3.41054447,0.28587773,1,-1.69827259
0.04272000,10.00000000,15.00000000,16.62972495,2.65035691,0.28602178,1,-1.62972495
0.04274000,10.00000000,15.00000000,16.55562175,1.91150429,0.28630065,1,-1.55562175
0.04276000,10.00000000,15.00000000,16.47617229,1.19642591,0.28671410,1,-1.47617229
0.04278000,10.00000000,15.00000000,16.39160674,0.50748263,0.28726145,1,-1.39160674
0.04280000,10.00000000,15.00000000,16.30217509,0.00000000,0.28794153,1,-1.30217509
0.04282000,10.00000000,15.00000000,16.20935308,0.00000000,0.28873230,1,-1.20935308
0.04284000,10.00000000,15.00000000,16.11717235,0.00000000,0.28956768,1,-1.11717235
0.04286000,10.00000000,15.00000000,16.02562938,0.00000000,0.29044732,1,-1.02562938
0.04288000,10.00000000,15.00000000,15.93472066,0.00000000,0.29137092,1,-0.93472066
0.04290000,10.00000000,15.00000000,15.84444261,0.00000000,0.29233815,1,-0.84444261
0.04292000,10.00000000,15.00000000,15.75479167,0.00000000,0.29334870,1,-0.75479167
0.04294000,10.00000000,15.00000000,15.66576421,0.00000000,0.29440225,1,-0.66576421
0.04296000,10.00000000,15.00000000,15.57735663,0.00000000,0.29549850,1,-0.57735663
0.04298000,10.00000000,15.00000000,15.48956525,0.00000000,0.29663713,1,-0.48956525
0.04300000,10.00000000,15.00000000,15.40238642,0.00000000,0.29781784,1,-0.40238642
0.04302000,10.00000000,15.00000000,15.31581644,0.00000000,0.29904032,1,-0.31581644
0.04304000,10.00000000,15.00000000,15.22985160,0.00000000,0.30030428,1,-0.22985160
0.04306000,10.00000000,15.00000000,15.14448817,0.00000000,0.30160942,1,-0.14448817
0.04308000,10.00000000,15.00000000,15.05972240,0.00000000,0.30295543,1,-0.05972240
0.04310000,10.00000000,15.00000000,14.97555054,0.00000000,0.30434204,1,0.02444946
0.04312000,10.00000000,15.00000000,14.89196879,0.00000000,0.30576893,1,0.10803121
0.04314000,10.00000000,15.00000000,14.80897336,0.00000000,0.30723584,1,0.19102664
0.04316000,10.00000000,15.00000000,14.72656046,0.00000000,0.30874247,1,0.27343954
0.04318000,10.00000000,15.00000000,14.64472625,0.00000000,0.31028854,1,0.35527375
0.04320000,10.00000000,15.00000000,14.56346689,0.00000000,0.31187376,1,0.43653311
0.04322000,10.00000000,15.00000000,14.48277856,0.00251399,0.31349787,1,0.51722144
0.04324000,10.00000000,15.00000000,14.40267650,0.03654480,0.31516025,1,0.59732350
0.04326000,10.00000000,15.00000000,14.32339569,0.10201501,0.31685660,1,0.67660431
0.04328000,10.00000000,15.00000000,14.24516709,0.19875658,0.31858251,1,0.75483291
0.04330000,10.00000000,15.00000000,14.16821693,0.32651288,0.32033354,1,0.83178307
0.04332000,10.00000000,15.00000000,14.09276603,0.48494101,0.32210519,1,0.90723397
0.04334000,10.00000000,15.00000000,14.01902922,0.67361433,0.32389293,1,0.98097078
0.04336000,10.00000000,15.00000000,13.94721478,0.89202525,0.32569223,1,1.05278522
0.04338000,10.00000000,15.00000000,13.87752388,1.13958814,0.32749854,1,1.12247612
0.04340000,10.00000000,15.00000000,13.81015016,1.41564250,0.32930731,1,1.18984984
0.04342000,10.00000000,15.00000000,13.74527931,1.71945611,0.33111402,1,1.25472069
0.04344000,10.00000000,15.00000000,13.68308867,2.05022846,0.33291419,1,1.31691133
0.04346000,10.00000000,15.00000000,13.62374692,2.40709407,0.33470336,1,1.37625308
0.04348000,10.00000000,15.00000000,13.56741385,2.78912602,0.33647712,1,1.43258615
0.04350000,10.00000000,15.00000000,13.51424005,3.19533940,0.33823115,1,1.48575995
0.04352000,10.00000000,15.00000000,13.46436679,3.62469484,0.33996117,1,1.53563321
0.04354000,10.00000000,15.00000000,13.41792583,4.07610193,0.34166297,1,1.58207417
0.04356000,10.00000000,15.00000000,13.37503933,4.54842274,0.34333245,1,1.62496067
0.04358000,10.00000000,15.00000000,13.33581977,5.04047518,0.34496557,1,1.66418023
0.04360000,10.00000000,15.00000000,13.30036989,5.55103636,0.34655843,1,1.69963011
0.04362000,10.00000000,15.00000000,13.26878271,6.07884586,0.34810718,1,1.73121729
0.04364000,10.00000000,15.00000000,13.24114150,6.62260892,0.34960812,1,1.75885850
0.04366000,10.00000000,15.00000000,13.21751987,7.18099955,0.35105765,1,1.78248013
0.04368000,10.00000000,15.00000000,13.19798175,7.75266351,0.35245229,1,1.80201825
0.04370000,10.00000000,15.00000000,13.18258156,8.33622129,0.35378867,1,1.81741844
0.04372000,10.00000000,15.00000000,13.17136422,8.93027085,0.35506358,1,1.82863578
0.04374000,10.00000000,15.00000000,13.16436528,9.53339035,0.35627390,1,1.83563472
0.04376000,10.00000000,15.00000000,13.16161107,10.14414079,0.35741668,1,1.83838893
0.04378000,10.00000000,15.00000000,13.16311874,10.76106850,0.35848909,1,1.83688126
0.04380000,10.00000000,15.00000000,13.16889647,11.38270755,0.35948845,1,1.83110353
0.04382000,10.00000000,15.00000000,13.17894354,12.00758212,0.36041222,1,1.82105646
0.04384000,10.00000000,15.00000000,13.19325046,12.63420873,0.36125801,1,1.80674954
0.04386000,10.00000000,15.00000000,13.21179913,13.26109844,0.36202358,1,1.78820087
0.04388000,10.00000000,15.00000000,13.23456296,13.88675895,0.36270684,1,1.76543704
0.04390000,10.00000000,15.00000000,13.26150694,14.50969666,0.36330589,1,1.73849306
0.04392000,10.00000000,15.00000000,13.29258781,15.12841871,0.36381893,1,1.70741219
0.04394000,10.00000000,15.00000000,13.32775414,15.74143494,0.36424439,1,1.67224586
0.04396000,10.00000000,15.00000000,13.36694642,16.34725986,0.36458081,1,1.63305358
0.04398000,10.00000000,15.00000000,13.41009720,16.94441462,0.36482695,1,1.58990280
0.04400000,10.00000000,15.00000000,13.45713109,17.53142889,0.36498169,1,1.54286891
0.04402000,10.00000000,15.00000000,13.50796491,18.10684293,0.36504415,1,1.49203509
0.04404000,10.00000000,15.00000000,13.56250772,18.66920946,0.36501357,1,1.43749228
0.04406000,10.00000000,15.00000000,13.62066085,19.21709580,0.36488941,1,1.37933915
0.04408000,10.00000000,15.00000000,13.68231800,19.74908583,0.36467132,1,1.31768200
0.04410000,10.00000000,15.00000000,13.74736524,20.26378224,0.36435913,1,1.25263476
0.04412000,10.00000000,15.00000000,13.81568106,20.75980865,0.36395285,1,1.18431894
0.04414000,10.00000000,15.00000000,13.88713640,21.23581195,0.36345273,1,1.11286360
0.04416000,10.00000000,15.00000000,13.96159464,21.69046467,0.36285920,1,1.03840536
0.04418000,10.00000000,15.00000000,14.03891166,22.12246749,0.36217289,1,0.96108834
0.04420000,10.00000000,15.00000000,14.11893586,22.53055184,0.36139467,1,0.88106414
0.04422000,10.00000000,15.00000000,14.20150816,22.91348262,0.36052560,1,0.79849184
0.04424000,10.00000000,15.00000000,14.28646203,23.27006104,0.35956698,1,0.71353797
0.04426000,10.00000000,15.00000000,14.37362353,23.59912765,0.35852032,1,0.62637647
0.04428000,10.00000000,15.00000000,14.46281138,23.89956543,0.35738737,1,0.53718862
0.04430000,10.00000000,15.00000000,14.55383696,24.17030303,0.35617010,1,0.44616304
0.04432000,10.00000000,15.00000000,14.64650444,24.41031824,0.35487072,1,0.35349556
0.04434000,10.00000000,15.00000000,14.74061084,24.61864143,0.35349170,1,0.25938916
0.04436000,10.00000000,15.00000000,14.83594614,24.79435928,0.35203571,1,0.16405386
0.04438000,10.00000000,15.00000000,14.93229345,24.93661857,0.35050568,1,0.06770655
0.04440000,10.00000000,15.00000000,15.02942915,25.04463003,0.34890479,1,-0.02942915
0.04442000,10.00000000,15.00000000,15.12712314,25.11767238,0.34723646,1,-0.12712314
0.04444000,10.00000000,15.00000000,15.22513903,25.15509643,0.34550435,1,-0.22513903
0.04446000,10.00000000,15.00000000,15.32323447,25.15632922,0.34371236,1,-0.32323447
0.04448000,10.00000000,15.00000000,15.42116145,25.12087825,0.34186463,1,-0.42116145
0.04450000,10.00000000,15.00000000,15.51866671,25.04833568,0.33996555,1,-0.51866671
0.04452000,10.00000000,15.00000000,15.61549213,24.93838262,0.33801972,1,-0.61549213
0.04454000,10.00000000,15.00000000,15.71137528,24.79079323,0.33603199,1,-0.71137528
0.04456000,10.00000000,15.00000000,15.80604988,24.60543894,0.33400742,1,-0.80604988
0.04458000,10.00000000,15.00000000,15.89924651,24.38229239,0.33195129,1,-0.89924651
0.04460000,10.00000000,15.00000000,15.99069316,24.12143135,0.32986907,1,-0.99069316
0.04462000,10.00000000,15.00000000,16.08011605,23.82304237,0.32776643,1,-1.08011605
0.04464000,10.00000000,15.00000000,16.16724039,23.48742424,0.32564923,1,-1.16724039
0.04466000,10.00000000,15.00000000,16.25179122,23.11499115,0.32352348,1,-1.25179122
0.04468000,10.00000000,15.00000000,16.33349437,22.70627551,0.32139535,1,-1.33349437
0.04470000,10.00000000,15.00000000,16.41207739,22.26193043,0.31927116,1,-1.41207739
0.04472000,10.00000000,15.00000000,16.48727064,21.78273170,0.31715731,1,-1.48727064
0.04474000,10.00000000,15.00000000,16.55880832,21.26957935,0.31506032,1,-1.55880832
0.04476000,10.00000000,15.00000000,16.62642967,20.72349868,0.31298679,1,-1.62642967
0.04478000,10.00000000,15.00000000,16.68988013,20.14564064,0.31094335,1,-1.68988013
0.04480000,10.00000000,15.00000000,16.74891256,19.53728168,0.30893667,1,-1.74891256
0.04482000,10.00000000,15.00000000,16.80328851,18.89982286,0.30697342,1,-1.80328851
0.04484000,10.00000000,15.00000000,16.85277947,18.23478831,0.30506024,1,-1.85277947
0.04486000,10.00000000,15.00000000,16.89716819,17.54382292,0.30320371,1,-1.89716819
0.04488000,10.00000000,15.00000000,16.93624994,16.82868929,0.30141035,1,-1.93624994
0.04490000,10.00000000,15.00000000,16.96983381,16.09126387,0.29968655,1,-1.96983381
0.04492000,10.00000000,15.00000000,16.99774396,15.33353233,0.29803856,1,-1.99774396
0.04494000,10.00000000,15.00000000,17.01982085,14.55758415,0.29647247,1,-2.01982085
0.04496000,10.00000000,15.00000000,17.03592241,13.76560634,0.29499417,1,-2.03592241
0.04498000,10.00000000,15.00000000,17.04592518,12.95987645,0.29360929,1,-2.04592518
0.04500000,10.00000000,15.00000000,17.04972535,12.14275484,0.29232325,1,-2.04972535
0.04502000,10.00000000,15.00000000,17.04723972,11.31667612,0.29114116,1,-2.04723972
0.04504000,10.00000000,15.00000000,17.03840661,10.48414002,0.29006780,1,-2.03840661
0.04506000,10.00000000,15.00000000,17.02318657,9.64770157,0.28910764,1,-2.02318657
0.04508000,10.00000000,15.00000000,17.00156305,8.80996075,0.28826477,1,-2.00156305
0.04510000,10.00000000,15.00000000,16.97354294,7.97355158,0.28754290,1,-1.97354294
0.04512000,10.00000000,15.00000000,16.93915692,7.14113089,0.28694533,1,-1.93915692
0.04514000,10.00000000,15.00000000,16.89845972,6.31536666,0.28647493,1,-1.89845972
0.04516000,10.00000000,15.00000000,16.85153022,5.49892616,0.28613415,1,-1.85153022
0.04518000,10.00000000,15.00000000,16.79847135,4.69446396,0.28592496,1,-1.79847135
0.04520000,10.00000000,15.00000000,16.73940991,3.90460986,0.28584889,1,-1.73940991
0.04522000,10.00000000,15.00000000,16.67449619,3.13195688,0.28590697,1,-1.67449619
0.04524000,10.00000000,15.00000000,16.60390346,2.37904940,0.28609978,1,-1.60390346
0.04526000,10.00000000,15.00000000,16.52782723,1.64837161,0.28642741,1,-1.52782723
0.04528000,10.00000000,15.00000000,16.44648452,0.94233619,0.28688945,1,-1.44648452
0.04530000,10.00000000,15.00000000,16.36011285,0.26327360,0.28748505,1,-1.36011285
0.04532000,10.00000000,15.00000000,16.26896914,0.00000000,0.28821286,1,-1.26896914
0.04534000,10.00000000,15.00000000,16.17637626,0.00000000,0.28901960,1,-1.17637626
0.04536000,10.00000000,15.00000000,16.08442341,0.00000000,0.28987081,1,-1.08442341
0.04538000,10.00000000,15.00000000,15.99310708,0.00000000,0.29076618,1,-0.99310708
0.04540000,10.00000000,15.00000000,15.90242372,0.00000000,0.29170539,1,-0.90242372
0.04542000,10.00000000,15.00000000,15.81236977,0.00000000,0.29268813,1,-0.81236977
0.04544000,10.00000000,15.00000000,15.72294164,0.00000000,0.29371406,1,-0.72294164
0.04546000,10.00000000,15.00000000,15.63413571,0.00000000,0.29478290,1,-0.63413571
0.04548000,10.00000000,15.00000000,15.54594835,0.00000000,0.29589431,1,-0.54594835
0.04550000,10.00000000,15.00000000,15.45837590,0.00000000,0.29704800,1,-0.45837590
0.04552000,10.00000000,15.00000000,15.37141468,0.00000000,0.29824366,1,-0.37141468
0.04554000,10.00000000,15.00000000,15.28506099,0.00000000,0.29948098,1,-0.28506099
0.04556000,10.00000000,15.00000000,15.19931111,0.00000000,0.30075968,1,-0.19931111
0.04558000,10.00000000,15.00000000,15.11416131,0.00000000,0.30207944,1,-0.11416131
0.04560000,10.00000000,15.00000000,15.02960784,0.00000000,0.30343998,1,-0.02960784
0.04562000,10.00000000,15.00000000,14.94564692,0.00000000,0.30484100,1,0.05435308
0.04564000,10.00000000,15.00000000,14.86227477,0.00000000,0.30628222,1,0.13772523
0.04566000,10.00000000,15.00000000,14.77948759,0.00000000,0.30776334,1,0.22051241
0.04568000,10.00000000,15.00000000,14.69728156,0.00000000,0.30928408,1,0.30271844
0.04570000,10.00000000,15.00000000,14.61565287,0.00000000,0.31084416,1,0.38434713
0.04572000,10.00000000,15.00000000,14.53459767,0.00000000,0.31244330,1,0.46540233
0.04574000,10.00000000,15.00000000,14.45411211,0.01373633,0.31408122,1,0.54588789
0.04576000,10.00000000,15.00000000,14.37429670,0.05896494,0.31575588,1,0.62570330
0.04578000,10.00000000,15.00000000,14.29538501,0.13557600,0.31746294,1,0.70461499
0.04580000,10.00000000,15.00000000,14.21760633,0.24336975,0.31919798,1,0.78239367
0.04582000,10.00000000,15.00000000,14.14118499,0.38205868,0.32095653,1,0.85881501
0.04584000,10.00000000,15.00000000,14.06633970,0.55126988,0.32273409,1,0.93366030
0.04586000,10.00000000,15.00000000,13.99328298,0.75054770,0.32452612,1,1.00671702
0.04588000,10.00000000,15.00000000,13.92222059,0.97935657,0.32632809,1,1.07777941
0.04590000,10.00000000,15.00000000,13.85335101,1.23708400,0.32813544,1,1.14664899
0.04592000,10.00000000,15.00000000,13.78686508,1.52304376,0.32994365,1,1.21313492
0.04594000,10.00000000,15.00000000,13.72294550,1.83647914,0.33174819,1,1.27705450
0.04596000,10.00000000,15.00000000,13.66176654,2.17656630,0.33354460,1,1.33823346
0.04598000,10.00000000,15.00000000,13.60349370,2.54241770,0.33532845,1,1.39650630
0.04600000,10.00000000,15.00000000,13.54828350,2.93308562,0.33709534,1,1.45171650
0.04602000,10.00000000,15.00000000,13.49628319,3.34756558,0.33884096,1,1.50371681
0.04604000,10.00000000,15.00000000,13.44763065,3.78479988,0.34056107,1,1.55236935
0.04606000,10.00000000,15.00000000,13.40245422,4.24368105,0.34225150,1,1.59754578
0.04608000,10.00000000,15.00000000,13.36087259,4.72305532,0.34390817,1,1.63912741
0.04610000,10.00000000,15.00000000,13.32299475,5.22172595,0.34552709,1,1.67700525
0.04612000,10.00000000,15.00000000,13.28891998,5.73845657,0.34710436,1,1.71108002
0.04614000,10.00000000,15.00000000,13.25873780,6.27197444,0.34863621,1,1.74126220
0.04616000,10.00000000,15.00000000,13.23252803,6.82097362,0.35011897,1,1.76747197
0.04618000,10.00000000,15.00000000,13.21036081,7.38411798,0.35154907,1,1.78963919
0.04620000,10.00000000,15.00000000,13.19229667,7.96004424,0.35292307,1,1.80770333
0.04622000,10.00000000,15.00000000,13.17838663,8.54736483,0.35423767,1,1.82161337
0.04624000,10.00000000,15.00000000,13.16867225,9.14467062,0.35548969,1,1.83132775
0.04626000,10.00000000,15.00000000,13.16318579,9.75053365,0.35667606,1,1.83681421
0.04628000,10.00000000,15.00000000,13.16195028,10.36350969,0.35779388,1,1.83804972
0.04630000,10.00000000,15.00000000,13.16497968,10.98214072,0.35884038,1,1.83502032
0.04632000,10.00000000,15.00000000,13.17227897,11.60495731,0.35981291,1,1.82772103
0.04634000,10.00000000,15.00000000,13.18384430,12.23048092,0.36070901,1,1.81615570
0.04636000,10.00000000,15.00000000,13.19966311,12.85722618,0.36152632,1,1.80033689
0.04638000,10.00000000,15.00000000,13.21971426,13.48370297,0.36226268,1,1.78028574
0.04640000,10.00000000,15.00000000,13.24396815,14.10841859,0.36291604,1,1.75603185
0.04642000,10.00000000,15.00000000,13.27238683,14.72987975,0.36348455,1,1.72761317
0.04644000,10.00000000,15.00000000,13.30492412,15.34659461,0.36396649,1,1.69507588
0.04646000,10.00000000,15.00000000,13.34152572,15.95707473,0.36436032,1,1.65847428
0.04648000,10.00000000,15.00000000,13.38212928,16.55983705,0.36466468,1,1.61787072
0.04650000,10.00000000,15.00000000,13.42666452,17.15340579,0.36487835,1,1.57333548
0.04652000,10.00000000,15.00000000,13.47505330,17.73631448,0.36500031,1,1.52494670
0.04654000,10.00000000,15.00000000,13.52720965,18.30710785,0.36502971,1,1.47279035
0.04656000,10.00000000,15.00000000,13.58303990,18.86434388,0.36496589,1,1.41696010
0.04658000,10.00000000,15.00000000,13.64244267,19.40659583,0.36480835,1,1.35755733
0.04660000,10.00000000,15.00000000,13.70530896,19.93245433,0.36455682,1,1.29469104
0.04662000,10.00000000,15.00000000,13.77152213,20.44052955,0.36421119,1,1.22847787
0.04664000,10.00000000,15.00000000,13.84095801,20.92945341,0.36377157,1,1.15904199
0.04666000,10.00000000,15.00000000,13.91348486,21.39788196,0.36323825,1,1.08651514
0.04668000,10.00000000,15.00000000,13.98896340,21.84449776,0.36261174,1,1.01103660
0.04670000,10.00000000,15.00000000,14.06724687,22.26801243,0.36189276,1,0.93275313
0.04672000,10.00000000,15.00000000,14.14818101,22.66716929,0.36108224,1,0.85181899
0.04674000,10.00000000,15.00000000,14.23160412,23.04074614,0.36018133,1,0.76839588
0.04676000,10.00000000,15.00000000,14.31734704,23.38755816,0.35919140,1,0.68265296
0.04678000,10.00000000,15.00000000,14.40523324,23.70646094,0.35811405,1,0.59476676
0.04680000,10.00000000,15.00000000,14.49507884,23.99635363,0.35695110,1,0.50492116
0.04682000,10.00000000,15.00000000,14.58669269,24.25618230,0.35570463,1,0.41330731
0.04684000,10.00000000,15.00000000,14.67987640,24.48494334,0.35437691,1,0.32012360
0.04686000,10.00000000,15.00000000,14.77442453,24.68168705,0.35297049,1,0.22557547
0.04688000,10.00000000,15.00000000,14.87012461,24.84552136,0.35148814,1,0.12987539
0.04690000,10.00000000,15.00000000,14.96675739,24.97561564,0.34993288,1,0.03324261
0.04692000,10.00000000,15.00000000,15.06409694,25.07120467,0.34830796,1,-0.06409694
0.04694000,10.00000000,15.00000000,15.16191094,25.13159264,0.34661690,1,-0.16191094
0.04696000,10.00000000,15.00000000,15.25996088,25.15615730,0.34486344,1,-0.25996088
0.04698000,10.00000000,15.00000000,15.35800240,25.14435410,0.34305156,1,-0.35800240
0.04700000,10.00000000,15.00000000,15.45578564,25.09572046,0.34118550,1,-0.45578564
0.04702000,10.00000000,15.00000000,15.55305560,25.00987997,0.33926972,1,-0.55305560
0.04704000,10.00000000,15.00000000,15.64955262,24.88654659,0.33730890,1,-0.64955262
0.04706000,10.00000000,15.00000000,15.74501289,24.72552888,0.33530798,1,-0.74501289
0.04708000,10.00000000,15.00000000,15.83916902,24.52673402,0.33327208,1,-0.83916902
0.04710000,10.00000000,15.00000000,15.93175062,24.29017183,0.33120656,1,-0.93175062
0.04712000,10.00000000,15.00000000,16.02248506,24.01595854,0.32911696,1,-1.02248506
0.04714000,10.00000000,15.00000000,16.11109816,23.70432040,0.32700902,1,-1.11109816
0.04716000,10.00000000,15.00000000,16.19731504,23.35559704,0.32488865,1,-1.19731504
0.04718000,10.00000000,15.00000000,16.28086100,22.97024449,0.32276192,1,-1.28086100
0.04720000,10.00000000,15.00000000,16.36146242,22.54883791,0.32063505,1,-1.36146242
0.04722000,10.00000000,15.00000000,16.43884783,22.09207389,0.31851439,1,-1.43884783
0.04724000,10.00000000,15.00000000,16.51274889,21.60077225,0.31640639,1,-1.51274889
0.04726000,10.00000000,15.00000000,16.58290156,21.07587749,0.31431759,1,-1.58290156
0.04728000,10.00000000,15.00000000,16.64904723,20.51845950,0.31225460,1,-1.64904723
0.04730000,10.00000000,15.00000000,16.71093390,19.92971381,0.31022408,1,-1.71093390
0.04732000,10.00000000,15.00000000,16.76831749,19.31096119,0.30823269,1,-1.76831749
0.04734000,10.00000000,15.00000000,16.82096300,18.66364650,0.30628709,1,-1.82096300
0.04736000,10.00000000,15.00000000,16.86864588,17.98933688,0.30439390,1,-1.86864588
0.04738000,10.00000000,15.00000000,16.91115325,17.28971920,0.30255969,1,-1.91115325
0.04740000,10.00000000,15.00000000,16.94828526,16.56659671,0.30079092,1,-1.94828526
0.04742000,10.00000000,15.00000000,16.97985626,15.82188491,0.29909395,1,-1.97985626
0.04744000,10.00000000,15.00000000,17.00569618,15.05760663,0.29747495,1,-2.00569618
0.04746000,10.00000000,15.00000000,17.02565162,14.27588634,0.29593996,1,-2.02565162
0.04748000,10.00000000,15.00000000,17.03958707,13.47894358,0.29449477,1,-2.03958707
0.04750000,10.00000000,15.00000000,17.04738602,12.66908575,0.29314495,1,-2.04738602
0.04752000,10.00000000,15.00000000,17.04895194,11.84870003,0.29189579,1,-2.04895194
0.04754000,10.00000000,15.00000000,17.04420926,11.02024464,0.29075230,1,-2.04420926
0.04756000,10.00000000,15.00000000,17.03310414,10.18623949,0.28971914,1,-2.03310414
0.04758000,10.00000000,15.00000000,17.01560527,9.34925611,0.28880065,1,-2.01560527
0.04760000,10.00000000,15.00000000,16.99170442,8.51190712,0.28800079,1,-1.99170442
0.04762000,10.00000000,15.00000000,16.96141692,7.67683524,0.28732312,1,-1.96141692
0.04764000,10.00000000,15.00000000,16.92478203,6.84670181,0.28677079,1,-1.92478203
0.04766000,10.00000000,15.00000000,16.88186305,6.02417516,0.28634652,1,-1.88186305
0.04768000,10.00000000,15.00000000,16.83274745,5.21191862,0.28605258,1,-1.83274745
0.04770000,10.00000000,15.00000000,16.77754667,4.41257852,0.28589081,1,-1.77754667
0.04772000,10.00000000,15.00000000,16.71639591,3.62877213,0.28586253,1,-1.71639591
0.04774000,10.00000000,15.00000000,16.64945366,2.86307572,0.28596864,1,-1.64945366
0.04776000,10.00000000,15.00000000,16.57690117,2.11801276,0.28620952,1,-1.57690117
0.04778000,10.00000000,15.00000000,16.49894167,1.39604249,0.28658509,1,-1.49894167
0.04780000,10.00000000,15.00000000,16.41579952,0.69954877,0.28709479,1,-1.41579952
0.04782000,10.00000000,15.00000000,16.32771922,0.03082953,0.28773759,1,-1.32771922
0.04784000,10.00000000,15.00000000,16.23496427,0.00000000,0.28851197,1,-1.23496427
0.04786000,10.00000000,15.00000000,16.14260659,0.00000000,0.28933504,1,-1.14260659
0.04788000,10.00000000,15.00000000,16.05088764,0.00000000,0.29020247,1,-1.05088764
0.04790000,10.00000000,15.00000000,15.95980392,0.00000000,0.29111394,1,-0.95980392
0.04792000,10.00000000,15.00000000,15.86935186,0.00000000,0.29206913,1,-0.86935186
0.04794000,10.00000000,15.00000000,15.77952788,0.00000000,0.29306772,1,-0.77952788
0.04796000,10.00000000,15.00000000,15.69032841,0.00000000,0.29410941,1,-0.69032841
0.04798000,10.00000000,15.00000000,15.60174980,0.00000000,0.29519388,1,-0.60174980
0.04800000,10.00000000,15.00000000,15.51378841,0.00000000,0.29632081,1,-0.51378841
0.04802000,10.00000000,15.00000000,15.42644058,0.00000000,0.29748991,1,-0.42644058
0.04804000,10.00000000,15.00000000,15.33970263,0.00000000,0.29870087,1,-0.33970263
0.04806000,10.00000000,15.00000000,15.25357084,0.00000000,0.29995339,1,-0.25357084
0.04808000,10.00000000,15.00000000,15.16804149,0.00000000,0.30124716,1,-0.16804149
0.04810000,10.00000000,15.00000000,15.08311085,0.00000000,0.30258190,1,-0.08311085
0.04812000,10.00000000,15.00000000,14.99877514,0.00000000,0.30395730,1,0.00122486
0.04814000,10.00000000,15.00000000,14.91503060,0.00000000,0.30537308,1,0.08496940
0.04816000,10.00000000,15.00000000,14.83187344,0.00000000,0.30682895,1,0.16812656
0.04818000,10.00000000,15.00000000,14.74929984,0.00000000,0.30832461,1,0.25070016
0.04820000,10.00000000,15.00000000,14.66730600,0.00000000,0.30985980,1,0.33269400
0.04822000,10.00000000,15.00000000,14.58588807,0.00000000,0.31143422,1,0.41411193
0.04824000,10.00000000,15.00000000,14.50504223,0.00000000,0.31304759,1,0.49495777
0.04826000,10.00000000,15.00000000,14.42476461,0.02533456,0.31469965,1,0.57523539
0.04828000,10.00000000,15.00000000,14.34524366,0.08213518,0.31638686,1,0.65475634
0.04830000,10.00000000,15.00000000,14.26671148,0.17025868,0.31810486,1,0.73328852
0.04832000,10.00000000,15.00000000,14.18939564,0.28947272,0.31984920,1,0.81060436
0.04834000,10.00000000,15.00000000,14.11351851,0.43945801,0.32161540,1,0.88648149
0.04836000,10.00000000,15.00000000,14.03929659,0.61981084,0.32339895,1,0.96070341
0.04838000,10.00000000,15.00000000,13.96694000,0.83004573,0.32519531,1,1.03306000
0.04840000,10.00000000,15.00000000,13.89665190,1.06959839,0.32699992,1,1.10334810
0.04842000,10.00000000,15.00000000,13.82862803,1.33782875,0.32880825,1,1.17137197
0.04844000,10.00000000,15.00000000,13.76305629,1.63402416,0.33061578,1,1.23694371
0.04846000,10.00000000,15.00000000,13.70011633,1.95740272,0.33241799,1,1.29988367
0.04848000,10.00000000,15.00000000,13.63997925,2.30711667,0.33421043,1,1.36002075
0.04850000,10.00000000,15.00000000,13.58280729,2.68225582,0.33598868,1,1.41719271
0.04852000,10.00000000,15.00000000,13.52875359,3.08185103,0.33774838,1,1.47124641
0.04854000,10.00000000,15.00000000,13.47796199,3.50487774,0.33948525,1,1.52203801
0.04856000,10.00000000,15.00000000,13.43056688,3.95025942,0.34119505,1,1.56943312
0.04858000,10.00000000,15.00000000,13.38669306,4.41687106,0.34287366,1,1.61330694
0.04860000,10.00000000,15.00000000,13.34645568,4.90354255,0.34451703,1,1.65354432
0.04862000,10.00000000,15.00000000,13.30996016,5.40906207,0.34612120,1,1.69003984
0.04864000,10.00000000,15.00000000,13.27730220,5.93217939,0.34768232,1,1.72269780
0.04866000,10.00000000,15.00000000,13.24856776,6.47160905,0.34919664,1,1.75143224
0.04868000,10.00000000,15.00000000,13.22383308,7.02603353,0.35066055,1,1.77616692
0.04870000,10.00000000,15.00000000,13.20316477,7.59410624,0.35207051,1,1.79683523
0.04872000,10.00000000,15.00000000,13.18661986,8.17445450,0.35342314,1,1.81338014
0.04874000,10.00000000,15.00000000,13.17424587,8.76568236,0.35471518,1,1.82575413
0.04876000,10.00000000,15.00000000,13.16608095,9.36637334,0.35594348,1,1.83391905
0.04878000,10.00000000,15.00000000,13.16215392,9.97509306,0.35710505,1,1.83784608
0.04880000,10.00000000,15.00000000,13.16248449,10.59039180,0.35819703,1,1.83751551
0.04882000,10.00000000,15.00000000,13.16708329,11.21080693,0.35921669,1,1.83291671
0.04884000,10.00000000,15.00000000,13.17595203,11.83486529,0.36016145,1,1.82404797
0.04886000,10.00000000,15.00000000,13.18908364,12.46108543,0.36102888,1,1.81091636
0.04888000,10.00000000,15.00000000,13.20646241,13.08797984,0.36181671,1,1.79353759
0.04890000,10.00000000,15.00000000,13.22806405,13.71405710,0.36252280,1,1.77193595
0.04892000,10.00000000,15.00000000,13.25385588,14.33782391,0.36314519,1,1.74614412
0.04894000,10.00000000,15.00000000,13.28379691,14.95778715,0.36368207,1,1.71620309
0.04896000,10.00000000,15.00000000,13.31783796,15.57245587,0.36413179,1,1.68216204
0.04898000,10.00000000,15.00000000,13.35592175,16.18034323,0.36449287,1,1.64407825
0.04900000,10.00000000,15.00000000,13.39798300,16.77996851,0.36476399,1,1.60201700
0.04902000,10.00000000,15.00000000,13.44394854,17.36985897,0.36494403,1,1.55605146
0.04904000,10.00000000,15.00000000,13.49373732,17.94855189,0.36503201,1,1.50626268
0.04906000,10.00000000,15.00000000,13.54726054,18.51459651,0.36502716,1,1.45273946
0.04908000,10.00000000,15.00000000,13.60442167,19.06655605,0.36492887,1,1.39557833
0.04910000,10.00000000,15.00000000,13.66511653,19.60300976,0.36473674,1,1.33488347
0.04912000,10.00000000,15.00000000,13.72923330,20.12255506,0.36445054,1,1.27076670
0.04914000,10.00000000,15.00000000,13.79665255,20.62380971,0.36407024,1,1.20334745
0.04916000,10.00000000,15.00000000,13.86724732,21.10541410,0.36359603,1,1.13275268
0.04918000,10.00000000,15.00000000,13.94088310,21.56603357,0.36302827,1,1.05911690
0.04920000,10.00000000,15.00000000,14.01741783,22.00436094,0.36236755,1,0.98258217
0.04922000,10.00000000,15.00000000,14.09670199,22.41911901,0.36161467,1,0.90329801
0.04924000,10.00000000,15.00000000,14.17857857,22.80906331,0.36077063,1,0.82142143
0.04926000,10.00000000,15.00000000,14.26288311,23.17298489,0.35983668,1,0.73711689
0.04928000,10.00000000,15.00000000,14.34944373,23.50971328,0.35881425,1,0.65055627
0.04930000,10.00000000,15.00000000,14.43808118,23.81811956,0.35770504,1,0.56191882
0.04932000,10.00000000,15.00000000,14.52860888,24.09711960,0.35651095,1,0.47139112
0.04934000,10.00000000,15.00000000,14.62083298,24.34567739,0.35523414,1,0.37916702
0.04936000,10.00000000,15.00000000,14.71455250,24.56280860,0.35387698,1,0.28544750
0.04938000,10.00000000,15.00000000,14.80955936,24.74758412,0.35244210,1,0.19044064
0.04940000,10.00000000,15.00000000,14.90563857,24.89913388,0.35093236,1,0.09436143
0.04942000,10.00000000,15.00000000,15.00256837,25.01665070,0.34935087,1,-0.00256837
0.04944000,10.00000000,15.00000000,15.10012045,25.09939426,0.34770098,1,-0.10012045
0.04946000,10.00000000,15.00000000,15.19806015,25.14669516,0.34598628,1,-0.19806015
0.04948000,10.00000000,15.00000000,15.29614675,25.15795913,0.34421061,1,-0.29614675
0.04950000,10.00000000,15.00000000,15.39413380,25.13267112,0.34237804,1,-0.39413380
0.04952000,10.00000000,15.00000000,15.49176948,25.07039963,0.34049290,1,-0.49176948
0.04954000,10.00000000,15.00000000,15.58879699,24.97080087,0.33855972,1,-0.58879699
0.04956000,10.00000000,15.00000000,15.68495505,24.83362300,0.33658329,1,-0.68495505
0.04958000,10.00000000,15.00000000,15.77997844,24.65871027,0.33456860,1,-0.77997844
0.04960000,10.00000000,15.00000000,15.87359856,24.44600707,0.33252088,1,-0.87359856
0.04962000,10.00000000,15.00000000,15.96554408,24.19556182,0.33044555,1,-0.96554408
0.04964000,10.00000000,15.00000000,16.05554167,23.90753073,0.32834822,1,-1.05554167
0.04966000,10.00000000,15.00000000,16.14331676,23.58218133,0.32623469,1,-1.14331676
0.04968000,10.00000000,15.00000000,16.22859440,23.21989567,0.32411095,1,-1.22859440
0.04970000,10.00000000,15.00000000,16.31110013,22.82117326,0.32198312,1,-1.31110013
0.04972000,10.00000000,15.00000000,16.39056097,22.38663366,0.31985746,1,-1.39056097
0.04974000,10.00000000,15.00000000,16.46670643,21.91701859,0.31774038,1,-1.46670643
0.04976000,10.00000000,15.00000000,16.53926957,21.41319364,0.31563835,1,-1.53926957
0.04978000,10.00000000,15.00000000,16.60798818,20.87614936,0.31355794,1,-1.60798818
0.04980000,10.00000000,15.00000000,16.67260589,20.30700194,0.31150579,1,-1.67260589
0.04982000,10.00000000,15.00000000,16.73287343,19.70699314,0.30948856,1,-1.73287343
0.04984000,10.00000000,15.00000000,16.78854987,19.07748962,0.30751291,1,-1.78854987
0.04986000,10.00000000,15.00000000,16.83940386,18.41998159,0.30558550,1,-1.83940386
0.04988000,10.00000000,15.00000000,16.88521495,17.73608072,0.30371293,1,-1.88521495
0.04990000,10.00000000,15.00000000,16.92577486,17.02751727,0.30190173,1,-1.92577486
0.04992000,10.00000000,15.00000000,16.96088878,16.29613648,0.30015833,1,-1.96088878
0.04994000,10.00000000,15.00000000,16.99037661,15.54389418,0.29848903,1,-1.99037661
0.04996000,10.00000000,15.00000000,17.01407422,14.77285150,0.29689995,1,-2.01407422
0.04998000,10.00000000,15.00000000,17.03183464,13.98516895,0.29539704,1,-2.03183464
0.05000000,10.00000000,15.00000000,17.04352919,13.18309955,0.29398603,1,-2.04352919
0.05002000,10.00000000,15.00000000,17.04904856,12.36898129,0.29267237,1,-2.04904856
0.05004000,10.00000000,15.00000000,17.04830379,11.54522888,0.29146126,1,-2.04830379
0.05006000,10.00000000,15.00000000,17.04122719,10.71432469,0.29035759,1,-2.04122719
0.05008000,10.00000000,15.00000000,17.02777311,9.87880915,0.28936590,1,-2.02777311
0.05010000,10.00000000,15.00000000,17.00791866,9.04127053,0.28849040,1,-2.00791866
0.05012000,10.00000000,15.00000000,16.98166420,8.20433421,0.28773490,1,-1.98166420
0.05014000,10.00000000,15.00000000,16.94903382,7.37065150,0.28710281,1,-1.94903382
0.05016000,10.00000000,15.00000000,16.91007560,6.54288808,0.28659713,1,-1.91007560
0.05018000,10.00000000,15.00000000,16.86486174,5.72371226,0.28622043,1,-1.86486174
0.05020000,10.00000000,15.00000000,16.81348854,4.91578291,0.28597479,1,-1.81348854
0.05022000,10.00000000,15.00000000,16.75607624,4.12173750,0.28586188,1,-1.75607624
0.05024000,10.00000000,15.00000000,16.69276867,3.34418002,0.28588288,1,-1.69276867
0.05026000,10.00000000,15.00000000,16.62373278,2.58566907,0.28603847,1,-1.62373278
0.05028000,10.00000000,15.00000000,16.54915801,1.84870624,0.28632888,1,-1.54915801
0.05030000,10.00000000,15.00000000,16.46925550,1.13572470,0.28675385,1,-1.46925550
0.05032000,10.00000000,15.00000000,16.38425718,0.44907829,0.28731265,1,-1.38425718
0.05034000,10.00000000,15.00000000,16.29441470,0.00000000,0.28800405,1,-1.29441470
0.05036000,10.00000000,15.00000000,16.20164622,0.00000000,0.28879856,1,-1.20164622
0.05038000,10.00000000,15.00000000,16.10951872,0.00000000,0.28963763,1,-1.10951872
0.05040000,10.00000000,15.00000000,16.01802871,0.00000000,0.29052095,1,-1.01802871
0.05042000,10.00000000,15.00000000,15.92717263,0.00000000,0.29144820,1,-0.92717263
0.05044000,10.00000000,15.00000000,15.83694694,0.00000000,0.29241905,1,-0.83694694
0.05046000,10.00000000,15.00000000,15.74734805,0.00000000,0.29343320,1,-0.74734805
0.05048000,10.00000000,15.00000000,15.65837236,0.00000000,0.29449032,1,-0.65837236
0.05050000,10.00000000,15.00000000,15.57001622,0.00000000,0.29559011,1,-0.57001622
0.05052000,10.00000000,15.00000000,15.48227600,0.00000000,0.29673226,1,-0.48227600
0.05054000,10.00000000,15.00000000,15.39514801,0.00000000,0.29791647,1,-0.39514801
0.05056000,10.00000000,15.00000000,15.30862856,0.00000000,0.29914242,1,-0.30862856
0.05058000,10.00000000,15.00000000,15.22271395,0.00000000,0.30040982,1,-0.22271395
0.05060000,10.00000000,15.00000000,15.13740043,0.00000000,0.30171838,1,-0.13740043
0.05062000,10.00000000,15.00000000,15.05268427,0.00000000,0.30306779,1,-0.05268427
0.05064000,10.00000000,15.00000000,14.96856169,0.00000000,0.30445776,1,0.03143831
0.05066000,10.00000000,15.00000000,14.88502891,0.00000000,0.30588801,1,0.11497109
0.05068000,10.00000000,15.00000000,14.80208215,0.00000000,0.30735824,1,0.19791785
0.05070000,10.00000000,15.00000000,14.71971758,0.00000000,0.30886816,1,0.28028242
0.05072000,10.00000000,15.00000000,14.63793139,0.00000000,0.31041751,1,0.36206861
0.05074000,10.00000000,15.00000000,14.55671975,0.00000000,0.31200598,1,0.44328025
0.05076000,10.00000000,15.00000000,14.47607879,0.00513283,0.31363332,1,0.52392121
0.05078000,10.00000000,15.00000000,14.39604370,0.04177679,0.31529857,1,0.60395630
0.05080000,10.00000000,15.00000000,14.31684912,0.10984689,0.31699742,1,0.68315088
0.05082000,10.00000000,15.00000000,14.23872562,0.20916768,0.31872547,1,0.76127438
0.05084000,10.00000000,15.00000000,14.16189898,0.33947531,0.32047825,1,0.83810102
0.05086000,10.00000000,15.00000000,14.08658954,0.50041985,0.32225129,1,0.91341046
0.05088000,10.00000000,15.00000000,14.01301159,0.69156789,0.32404004,1,0.98698841
0.05090000,10.00000000,15.00000000,13.94137281,0.91240529,0.32583996,1,1.05862719
0.05092000,10.00000000,15.00000000,13.87187375,1.16234015,0.32764651,1,1.12812625
0.05094000,10.00000000,15.00000000,13.80470740,1.44070594,0.32945515,1,1.19529260
0.05096000,10.00000000,15.00000000,13.74005874,1.74676472,0.33126136,1,1.25994126
0.05098000,10.00000000,15.00000000,13.67810440,2.07971052,0.33306065,1,1.32189560
0.05100000,10.00000000,15.00000000,13.61901232,2.43867271,0.33484858,1,1.38098768
0.05102000,10.00000000,15.00000000,13.56294151,2.82271950,0.33662075,1,1.43705849
0.05104000,10.00000000,15.00000000,13.51004180,3.23086142,0.33837282,1,1.48995820
0.05106000,10.00000000,15.00000000,13.46045365,3.66205480,0.34010052,1,1.53954635
0.05108000,10.00000000,15.00000000,13.41430803,4.11520525,0.34179967,1,1.58569197
0.05110000,10.00000000,15.00000000,13.37172628,4.58917114,0.34346616,1,1.62827372
0.05112000,10.00000000,15.00000000,13.33282007,5.08276696,0.34509597,1,1.66717993
0.05114000,10.00000000,15.00000000,13.29769133,5.59476668,0.34668518,1,1.70230867
0.05116000,10.00000000,15.00000000,13.26643225,6.12390699,0.34822999,1,1.73356775
0.05118000,10.00000000,15.00000000,13.23912531,6.66889053,0.34972669,1,1.76087469
0.05120000,10.00000000,15.00000000,13.21584330,7.22838895,0.35117169,1,1.78415670
0.05122000,10.00000000,15.00000000,13.19664936,7.80104592,0.35256151,1,1.80335064
0.05124000,10.00000000,15.00000000,13.18159710,8.38548002,0.35389281,1,1.81840290
0.05126000,10.00000000,15.00000000,13.17073066,8.98028759,0.35516237,1,1.82926934
0.05128000,10.00000000,15.00000000,13.16408484,9.58404536,0.35636711,1,1.83591516
0.05130000,10.00000000,15.00000000,13.16168517,10.19531312,0.35750406,1,1.83831483
0.05132000,10.00000000,15.00000000,13.16354808,10.81263620,0.35857043,1,1.83645192
0.05134000,10.00000000,15.00000000,13.16968098,11.43454786,0.35956353,1,1.83031902
0.05136000,10.00000000,15.00000000,13.18008242,12.05957166,0.36048084,1,1.81991758
0.05138000,10.00000000,15.00000000,13.19474220,12.68622369,0.36131999,1,1.80525780
0.05140000,10.00000000,15.00000000,13.21364153,13.31301476,0.36207874,1,1.78635847
0.05142000,10.00000000,15.00000000,13.23675307,13.93845247,0.36275503,1,1.76324693
0.05144000,10.00000000,15.00000000,13.26404116,14.56104332,0.36334695,1,1.73595884
0.05146000,10.00000000,15.00000000,13.29546185,15.17929470,0.36385274,1,1.70453815
0.05148000,10.00000000,15.00000000,13.33096304,15.79171687,0.36427082,1,1.66903696
0.05150000,10.00000000,15.00000000,13.37048456,16.39682493,0.36459977,1,1.62951544
0.05152000,10.00000000,15.00000000,13.41395829,16.99314073,0.36483833,1,1.58604171
0.05154000,10.00000000,15.00000000,13.46130821,17.57919490,0.36498543,1,1.53869179
0.05156000,10.00000000,15.00000000,13.51245048,18.15352872,0.36504018,1,1.48754952
0.05158000,10.00000000,15.00000000,13.56729352,18.71469619,0.36500185,1,1.43270648
0.05160000,10.00000000,15.00000000,13.62573805,19.26126599,0.36486991,1,1.37426195
0.05162000,10.00000000,15.00000000,13.68767712,19.79182362,0.36464403,1,1.31232288
0.05164000,10.00000000,15.00000000,13.75299619,20.30497350,0.36432404,1,1.24700381
0.05166000,10.00000000,15.00000000,13.82157312,20.79934123,0.36390999,1,1.17842688
0.05168000,10.00000000,15.00000000,13.89327821,21.27357583,0.36340213,1,1.10672179
0.05170000,10.00000000,15.00000000,13.96797424,21.72635218,0.36280091,1,1.03202576
0.05172000,10.00000000,15.00000000,14.04551649,22.15637354,0.36210699,1,0.95448351
0.05174000,10.00000000,15.00000000,14.12575271,22.56237410,0.36132124,1,0.87424729
0.05176000,10.00000000,15.00000000,14.20852323,22.94312178,0.36044475,1,0.79147677
0.05178000,10.00000000,15.00000000,14.29366090,23.29742107,0.35947883,1,0.70633910
0.05180000,10.00000000,15.00000000,14.38099120,23.62411602,0.35842502,1,0.61900880
0.05182000,10.00000000,15.00000000,14.47033222,23.92209338,0.35728508,1,0.52966778
0.05184000,10.00000000,15.00000000,14.56149476,24.19028588,0.35606101,1,0.43850524
0.05186000,10.00000000,15.00000000,14.65428241,24.42767564,0.35475503,1,0.34571759
0.05188000,10.00000000,15.00000000,14.74849159,24.63329767,0.35336962,1,0.25150841
0.05190000,10.00000000,15.00000000,14.84391174,24.80624363,0.35190749,1,0.15608826
0.05192000,10.00000000,15.00000000,14.94032540,24.94566553,0.35037158,1,0.05967460
0.05194000,10.00000000,15.00000000,15.03750844,25.05077972,0.34876510,1,-0.03750844
0.05196000,10.00000000,15.00000000,15.13523022,25.12087086,0.34709147,1,-0.13523022
0.05198000,10.00000000,15.00000000,15.23325387,25.15529601,0.34535439,1,-0.23325387
0.05200000,10.00000000,15.00000000,15.33133656,25.15348885,0.34355777,1,-0.33133656
0.05202000,10.00000000,15.00000000,15.42922987,25.11496383,0.34170577,1,-0.42922987
0.05204000,10.00000000,15.00000000,15.52668012,25.03932043,0.33980280,1,-0.52668012
0.05206000,10.00000000,15.00000000,15.62342884,24.92624740,0.33785348,1,-0.62342884
0.05208000,10.00000000,15.00000000,15.71921328,24.77552693,0.33586268,1,-0.71921328
0.05210000,10.00000000,15.00000000,15.81376690,24.58703874,0.33383548,1,-0.81376690
0.05212000,10.00000000,15.00000000,15.90682004,24.36076414,0.33177716,1,-0.90682004
0.05214000,10.00000000,15.00000000,15.99810058,24.09678985,0.32969322,1,-0.99810058
0.05216000,10.00000000,15.00000000,16.08733461,23.79531166,0.32758935,1,-1.08733461
0.05218000,10.00000000,15.00000000,16.17424734,23.45663787,0.32547141,1,-1.17424734
0.05220000,10.00000000,15.00000000,16.25856387,23.08119239,0.32334544,1,-1.25856387
0.05222000,10.00000000,15.00000000,16.34001015,22.66951762,0.32121761,1,-1.34001015
0.05224000,10.00000000,15.00000000,16.41831396,22.22227675,0.31909424,1,-1.41831396
0.05226000,10.00000000,15.00000000,16.49320594,21.74025585,0.31698176,1,-1.49320594
0.05228000,10.00000000,15.00000000,16.56442073,21.22436530,0.31488668,1,-1.56442073
0.05230000,10.00000000,15.00000000,16.63169806,20.67564079,0.31281561,1,-1.63169806
0.05232000,10.00000000,15.00000000,16.69478395,20.09524365,0.31077519,1,-1.69478395
0.05234000,10.00000000,15.00000000,16.75343199,19.48446066,0.30877208,1,-1.75343199
0.05236000,10.00000000,15.00000000,16.80740452,18.84470308,0.30681294,1,-1.80740452
0.05238000,10.00000000,15.00000000,16.85647394,18.17750509,0.30490442,1,-1.85647394
0.05240000,10.00000000,15.00000000,16.90042404,17.48452136,0.30305310,1,-1.90042404
0.05242000,10.00000000,15.00000000,16.93905120,16.76752396,0.30126548,1,-1.93905120
0.05244000,10.00000000,15.00000000,16.97216575,16.02839846,0.29954793,1,-1.97216575
0.05246000,10.00000000,15.00000000,16.99959318,15.26913922,0.29790671,1,-1.99959318
0.05248000,10.00000000,15.00000000,17.02117538,14.49184387,0.29634787,1,-2.02117538
0.05250000,10.00000000,15.00000000,17.03677182,13.69870704,0.29487729,1,-2.03677182
0.05252000,10.00000000,15.00000000,17.04626064,12.89201325,0.29350060,1,-2.04626064
0.05254000,10.00000000,15.00000000,17.04953973,12.07412914,0.29222316,1,-2.04953973
0.05256000,10.00000000,15.00000000,17.04652768,11.24749485,0.29105007,1,-2.04652768
0.05258000,10.00000000,15.00000000,17.03716462,10.41461484,0.28998610,1,-2.03716462
0.05260000,10.00000000,15.00000000,17.02141300,9.57804802,0.28903566,1,-2.02141300
0.05262000,10.00000000,15.00000000,16.99925821,8.74039734,0.28820283,1,-1.99925821
0.05264000,10.00000000,15.00000000,16.97070911,7.90429889,0.28749127,1,-1.97070911
0.05266000,10.00000000,15.00000000,16.93579838,7.07241059,0.28690426,1,-1.93579838
0.05268000,10.00000000,15.00000000,16.89458276,6.24740052,0.28644463,1,-1.89458276
0.05270000,10.00000000,15.00000000,16.84714311,5.43193507,0.28611478,1,-1.84714311
0.05272000,10.00000000,15.00000000,16.79358437,4.62866691,0.28591666,1,-1.79358437
0.05274000,10.00000000,15.00000000,16.73403529,3.84022297,0.28585174,1,-1.73403529
0.05276000,10.00000000,15.00000000,16.66864808,3.06919236,0.28592104,1,-1.66864808
0.05278000,10.00000000,15.00000000,16.59759787,2.31811465,0.28612507,1,-1.59759787
0.05280000,10.00000000,15.00000000,16.52108198,1.58946820,0.28646389,1,-1.52108198
0.05282000,10.00000000,15.00000000,16.43931915,0.88565901,0.28693706,1,-1.43931915
0.05284000,10.00000000,15.00000000,16.35254852,0.20900996,0.28754368,1,-1.35254852
0.05286000,10.00000000,15.00000000,16.26102856,0.00000000,0.28828237,1,-1.26102856
0.05288000,10.00000000,15.00000000,16.16849060,0.00000000,0.28909292,1,-1.16849060
0.05290000,10.00000000,15.00000000,16.07659237,0.00000000,0.28994792,1,-1.07659237
0.05292000,10.00000000,15.00000000,15.98533035,0.00000000,0.29084705,1,-0.98533035
0.05294000,10.00000000,15.00000000,15.89470100,0.00000000,0.29178999,1,-0.89470100
0.05296000,10.00000000,15.00000000,15.80470075,0.00000000,0.29277643,1,-0.80470075
0.05298000,10.00000000,15.00000000,15.71532601,0.00000000,0.29380604,1,-0.71532601
0.05300000,10.00000000,15.00000000,15.62657317,0.00000000,0.29487852,1,-0.62657317
0.05302000,10.00000000,15.00000000,15.53843857,0.00000000,0.29599356,1,-0.53843857
0.05304000,10.00000000,15.00000000,15.45091857,0.00000000,0.29715085,1,-0.45091857
0.05306000,10.00000000,15.00000000,15.36400949,0.00000000,0.29835008,1,-0.36400949
0.05308000,10.00000000,15.00000000,15.27770762,0.00000000,0.29959095,1,-0.27770762
0.05310000,10.00000000,15.00000000,15.19200924,0.00000000,0.30087317,1,-0.19200924
0.05312000,10.00000000,15.00000000,15.10691062,0.00000000,0.30219643,1,-0.10691062
0.05314000,10.00000000,15.00000000,15.02240799,0.00000000,0.30356044,1,-0.02240799
0.05316000,10.00000000,15.00000000,14.93849760,0.00000000,0.30496491,1,0.06150240
0.05318000,10.00000000,15.00000000,14.85517566,0.00000000,0.30640955,1,0.14482434
0.05320000,10.00000000,15.00000000,14.77243836,0.00000000,0.30789407,1,0.22756164
0.05322000,10.00000000,15.00000000,14.69028188,0.00000000,0.30941818,1,0.30971812
0.05324000,10.00000000,15.00000000,14.60870241,0.00000000,0.31098161,1,0.39129759
0.05326000,10.00000000,15.00000000,14.52769610,0.00000000,0.31258407,1,0.47230390
0.05328000,10.00000000,15.00000000,14.44725910,0.01644396,0.31422529,1,0.55274090
0.05330000,10.00000000,15.00000000,14.36751246,0.06437411,0.31590288,1,0.63248754
0.05332000,10.00000000,15.00000000,14.28868942,0.14367281,0.31761249,1,0.71131058
0.05334000,10.00000000,15.00000000,14.21101885,0.25413269,0.31934970,1,0.78898115
0.05336000,10.00000000,15.00000000,14.13472464,0.39545880,0.32111004,1,0.86527536
0.05338000,10.00000000,15.00000000,14.06002497,0.56727103,0.32288900,1,0.93997503
0.05340000,10.00000000,15.00000000,13.98713181,0.76910675,0.32468204,1,1.01286819
0.05342000,10.00000000,15.00000000,13.91625029,1.00042367,0.32648463,1,1.08374971
0.05344000,10.00000000,15.00000000,13.84757829,1.26060285,0.32829221,1,1.15242171
0.05346000,10.00000000,15.00000000,13.78130593,1.54895190,0.33010025,1,1.21869407
0.05348000,10.00000000,15.00000000,13.71761520,1.86470818,0.33190425,1,1.28238480
0.05350000,10.00000000,15.00000000,13.65667964,2.20704228,0.33369973,1,1.34332036
0.05352000,10.00000000,15.00000000,13.59866398,2.57506137,0.33548226,1,1.40133602
0.05354000,10.00000000,15.00000000,13.54372395,2.96781271,0.33724747,1,1.45627605
0.05356000,10.00000000,15.00000000,13.49200601,3.38428712,0.33899105,1,1.50799399
0.05358000,10.00000000,15.00000000,13.44364721,3.82342251,0.34070875,1,1.55635279
0.05360000,10.00000000,15.00000000,13.39877507,4.28410732,0.34239642,1,1.60122493
0.05362000,10.00000000,15.00000000,13.35750744,4.76518394,0.34404998,1,1.64249256
0.05364000,10.00000000,15.00000000,13.31995250,5.26545212,0.34566545,1,1.68004750
0.05366000,10.00000000,15.00000000,13.28620867,5.78367226,0.34723895,1,1.71379133
0.05368000,10.00000000,15.00000000,13.25636463,6.31856865,0.34876670,1,1.74363537
0.05370000,10.00000000,15.00000000,13.23049938,6.86883264,0.35024505,1,1.76950062
0.05372000,10.00000000,15.00000000,13.20868223,7.43312568,0.35167045,1,1.79131777
0.05374000,10.00000000,15.00000000,13.19097289,8.01008230,0.35303946,1,1.80902711
0.05376000,10.00000000,15.00000000,13.17742156,8.59831296,0.35434879,1,1.82257844
0.05378000,10.00000000,15.00000000,13.16806900,9.19640685,0.35559527,1,1.83193100
0.05380000,10.00000000,15.00000000,13.16294666,9.80293451,0.35677585,1,1.83705334
0.05382000,10.00000000,15.00000000,13.16207681,10.41645044,0.35788764,1,1.83792319
0.05384000,10.00000000,15.00000000,13.16547262,11.03549556,0.35892786,1,1.83452738
0.05386000,10.00000000,15.00000000,13.17313830,11.65859958,0.35989392,1,1.82686170
0.05388000,10.00000000,15.00000000,13.18506926,12.28428329,0.36078332,1,1.81493074
0.05390000,10.00000000,15.00000000,13.20125219,12.91106085,0.36159375,1,1.79874781
0.05392000,10.00000000,15.00000000,13.22166522,13.53744184,0.36232304,1,1.77833478
0.05394000,10.00000000,15.00000000,13.24627803,14.16193344,0.36296917,1,1.75372197
0.05396000,10.00000000,15.00000000,13.27505197,14.78304242,0.36353030,1,1.72494803
0.05398000,10.00000000,15.00000000,13.30794015,15.39927716,0.36400472,1,1.69205985
0.05400000,10.00000000,15.00000000,13.34488756,16.00914962,0.36439091,1,1.65511244
0.05402000,10.00000000,15.00000000,13.38583120,16.61117729,0.36468751,1,1.61416880
0.05404000,10.00000000,15.00000000,13.43070010,17.20388513,0.36489333,1,1.56929990
0.05406000,10.00000000,15.00000000,13.47941542,17.78580755,0.36500736,1,1.52058458
0.05408000,10.00000000,15.00000000,13.53189057,18.35549036,0.36502877,1,1.46810943
0.05410000,10.00000000,15.00000000,13.58803118,18.91149277,0.36495691,1,1.41196882
0.05412000,10.00000000,15.00000000,13.64773524,19.45238947,0.36479131,1,1.35226476
0.05414000,10.00000000,15.00000000,13.71089308,19.97677268,0.36453169,1,1.28910692
0.05416000,10.00000000,15.00000000,13.77738742,20.48325435,0.36417797,1,1.22261258
0.05418000,10.00000000,15.00000000,13.84709343,20.97046841,0.36373028,1,1.15290657
0.05420000,10.00000000,15.00000000,13.91987873,21.43707307,0.36318893,1,1.08012127
0.05422000,10.00000000,15.00000000,13.99560340,21.88175331,0.36255444,1,1.00439660
0.05424000,10.00000000,15.00000000,14.07412004,22.30322336,0.36182756,1,0.92587996
0.05426000,10.00000000,15.00000000,14.15527374,22.70022941,0.36100922,1,0.84472626
0.05428000,10.00000000,15.00000000,14.23890216,23.07155236,0.36010061,1,0.76109784
0.05430000,10.00000000,15.00000000,14.32483552,23.41601073,0.35910310,1,0.67516448
0.05432000,10.00000000,15.00000000,14.41289665,23.73246373,0.35801832,1,0.58710335
0.05434000,10.00000000,15.00000000,14.50290104,24.01981443,0.35684812,1,0.49709896
0.05436000,10.00000000,15.00000000,14.59465691,24.27701307,0.35559457,1,0.40534309
0.05438000,10.00000000,15.00000000,14.68796529,24.50306055,0.35425999,1,0.31203471
0.05440000,10.00000000,15.00000000,14.78262010,24.69701196,0.35284694,1,0.21737990
0.05442000,10.00000000,15.00000000,14.87840830,24.85798036,0.35135820,1,0.12159170
0.05444000,10.00000000,15.00000000,14.97511006,24.98514060,0.34979683,1,0.02488994
0.05446000,10.00000000,15.00000000,15.07249889,25.07773324,0.34816609,1,-0.07249889
0.05448000,10.00000000,15.00000000,15.17034193,25.13506864,0.34646952,1,-0.17034193
0.05450000,10.00000000,15.00000000,15.26840016,25.15653105,0.34471089,1,-0.26840016
0.05452000,10.00000000,15.00000000,15.36642873,25.14158281,0.34289419,1,-0.36642873
0.05454000,10.00000000,15.00000000,15.46417732,25.08976856,0.34102368,1,-0.46417732
0.05456000,10.00000000,15.00000000,15.56139052,25.00071948,0.33910384,1,-0.56139052
0.05458000,10.00000000,15.00000000,15.65780830,24.87415750,0.33713939,1,-0.65780830
0.05460000,10.00000000,15.00000000,15.75316652,24.70989949,0.33513526,1,-0.75316652
0.05462000,10.00000000,15.00000000,15.84719749,24.50786128,0.33309661,1,-0.84719749
0.05464000,10.00000000,15.00000000,15.93963062,24.26806169,0.33102880,1,-0.93963062
0.05466000,10.00000000,15.00000000,16.03019311,23.99062624,0.32893740,1,-1.03019311
0.05468000,10.00000000,15.00000000,16.11861069,23.67579079,0.32682816,1,-1.11861069
0.05470000,10.00000000,15.00000000,16.20460847,23.32390484,0.32470700,1,-1.20460847
0.05472000,10.00000000,15.00000000,16.28791180,22.93543456,0.32258002,1,-1.28791180
0.05474000,10.00000000,15.00000000,16.36824721,22.51096543,0.32045344,1,-1.36824721
0.05476000,10.00000000,15.00000000,16.44534344,22.05120455,0.31833361,1,-1.44534344
0.05478000,10.00000000,15.00000000,16.51893250,21.55698241,0.31622700,1,-1.51893250
0.05480000,10.00000000,15.00000000,16.58875076,21.02925422,0.31414016,1,-1.58875076
0.05482000,10.00000000,15.00000000,16.65454013,20.46910065,0.31207970,1,-1.65454013
0.05484000,10.00000000,15.00000000,16.71604926,19.87772802,0.31005228,1,-1.71604926
0.05486000,10.00000000,15.00000000,16.77303477,19.25646778,0.30806456,1,-1.77303477
0.05488000,10.00000000,15.00000000,16.82526254,18.60677537,0.30612320,1,-1.82526254
0.05490000,10.00000000,15.00000000,16.87250894,17.93022830,0.30423482,1,-1.87250894
0.05492000,10.00000000,15.00000000,16.91456220,17.22852357,0.30240598,1,-1.91456220
0.05494000,10.00000000,15.00000000,16.95122359,16.50347422,0.30064312,1,-1.95122359
0.05496000,10.00000000,15.00000000,16.98230880,15.75700515,0.29895260,1,-1.98230880
0.05498000,10.00000000,15.00000000,17.00764911,14.99114816,0.29734059,1,-2.00764911
0.05500000,10.00000000,15.00000000,17.02709262,14.20803611,0.29581308,1,-2.02709262
0.05502000,10.00000000,15.00000000,17.04050543,13.40989639,0.29437586,1,-2.04050543
0.05504000,10.00000000,15.00000000,17.04777268,12.59904354,0.29303447,1,-2.04777268
0.05506000,10.00000000,15.00000000,17.04879961,11.77787118,0.29179419,1,-2.04879961
0.05508000,10.00000000,15.00000000,17.04351249,10.94884319,0.29065998,1,-2.04351249
0.05510000,10.00000000,15.00000000,17.03185939,10.11448430,0.28963650,1,-2.03185939
0.05512000,10.00000000,15.00000000,17.01381095,9.27736996,0.28872804,1,-2.01381095
0.05514000,10.00000000,15.00000000,16.98936095,8.44011581,0.28793853,1,-1.98936095
0.05516000,10.00000000,15.00000000,16.95852677,7.60536661,0.28727150,1,-1.95852677
0.05518000,10.00000000,15.00000000,16.92134971,6.77578474,0.28673005,1,-1.92134971
0.05520000,10.00000000,15.00000000,16.87789517,5.95403855,0.28631688,1,-1.87789517
0.05522000,10.00000000,15.00000000,16.82825265,5.14279038,0.28603422,1,-1.82825265
0.05524000,10.00000000,15.00000000,16.77253567,4.34468452,0.28588385,1,-1.77253567
0.05526000,10.00000000,15.00000000,16.71088144,3.56233517,0.28586708,1,-1.71088144
0.05528000,10.00000000,15.00000000,16.64345042,2.79831452,0.28598474,1,-1.64345042
0.05530000,10.00000000,15.00000000,16.57042578,2.05514095,0.28623718,1,-1.57042578
0.05532000,10.00000000,15.00000000,16.49201259,1.33526765,0.28662428,1,-1.49201259
0.05534000,10.00000000,15.00000000,16.40843700,0.64107151,0.28714545,1,-1.40843700
0.05536000,10.00000000,15.00000000,16.31994516,0.00000000,0.28779959,1,-1.31994516
0.05538000,10.00000000,15.00000000,16.22700061,0.00000000,0.28858182,1,-1.22700061
0.05540000,10.00000000,15.00000000,16.13469799,0.00000000,0.28940872,1,-1.13469799
0.05542000,10.00000000,15.00000000,16.04303381,0.00000000,0.29027994,1,-1.04303381
0.05544000,10.00000000,15.00000000,15.95200454,0.00000000,0.29119518,1,-0.95200454
0.05546000,10.00000000,15.00000000,15.86160663,0.00000000,0.29215412,1,-0.86160663
0.05548000,10.00000000,15.00000000,15.77183650,0.00000000,0.29315643,1,-0.77183650
0.05550000,10.00000000,15.00000000,15.68269055,0.00000000,0.29420181,1,-0.68269055
0.05552000,10.00000000,15.00000000,15.59416516,0.00000000,0.29528993,1,-0.59416516
0.05554000,10.00000000,15.00000000,15.50625668,0.00000000,0.29642051,1,-0.50625668
0.05556000,10.00000000,15.00000000,15.41896144,0.00000000,0.29759321,1,-0.41896144
0.05558000,10.00000000,15.00000000,15.33227575,0.00000000,0.29880776,1,-0.33227575
0.05560000,10.00000000,15.00000000,15.24619591,0.00000000,0.30006383,1,-0.24619591
0.05562000,10.00000000,15.00000000,15.16071819,0.00000000,0.30136113,1,-0.16071819
0.05564000,10.00000000,15.00000000,15.07583885,0.00000000,0.30269938,1,-0.07583885
0.05566000,10.00000000,15.00000000,14.99155413,0.00000000,0.30407826,1,0.00844587
0.05568000,10.00000000,15.00000000,14.90786024,0.00000000,0.30549750,1,0.09213976
0.05570000,10.00000000,15.00000000,14.82475340,0.00000000,0.30695680,1,0.17524660
0.05572000,10.00000000,15.00000000,14.74222981,0.00000000,0.30845587,1,0.25777019
0.05574000,10.00000000,15.00000000,14.66028563,0.00000000,0.30999444,1,0.33971437
0.05576000,10.00000000,15.00000000,14.57891705,0.00000000,0.31157222,1,0.42108295
0.05578000,10.00000000,15.00000000,14.49812021,0.00000000,0.31318893,1,0.50187979
0.05580000,10.00000000,15.00000000,14.41789127,0.02804774,0.31484430,1,0.58210873
0.05582000,10.00000000,15.00000000,14.33843921,0.08755539,0.31653445,1,0.66156079
0.05584000,10.00000000,15.00000000,14.25999580,0.17837200,0.31825501,1,0.74000420
0.05586000,10.00000000,15.00000000,14.18278820,0.30025760,0.32000153,1,0.81721180
0.05588000,10.00000000,15.00000000,14.10703831,0.45288552,0.32176953,1,0.89296169
0.05590000,10.00000000,15.00000000,14.03296213,0.63584484,0.32355449,1,0.96703787
0.05592000,10.00000000,15.00000000,13.96076921,0.84864315,0.32535186,1,1.03923079
0.05594000,10.00000000,15.00000000,13.89066211,1.09070943,0.32715710,1,1.10933789
0.05596000,10.00000000,15.00000000,13.82283592,1.36139720,0.32896567,1,1.17716408
0.05598000,10.00000000,15.00000000,13.75747787,1.65998763,0.33077304,1,1.24252213
0.05600000,10.00000000,15.00000000,13.69476689,1.98569297,0.33257472,1,1.30523311
0.05602000,10.00000000,15.00000000,13.63487334,2.33765985,0.33436623,1,1.36512666
0.05604000,10.00000000,15.00000000,13.57795870,2.71497280,0.33614319,1,1.42204130
0.05606000,10.00000000,15.00000000,13.52417533,3.11665769,0.33790122,1,1.47582467
0.05608000,10.00000000,15.00000000,13.47366626,3.54168527,0.33963604,1,1.52633374
0.05610000,10.00000000,15.00000000,13.42656508,3.98897461,0.34134345,1,1.57343492
0.05612000,10.00000000,15.00000000,13.38299576,4.45739659,0.34301930,1,1.61700424
0.05614000,10.00000000,15.00000000,13.34307263,4.94577728,0.34465957,1,1.65692737
0.05616000,10.00000000,15.00000000,13.30690028,5.45290136,0.34626029,1,1.69309972
0.05618000,10.00000000,15.00000000,13.27457357,5.97751532,0.34781764,1,1.72542643
0.05620000,10.00000000,15.00000000,13.24617762,6.51833073,0.34932788,1,1.75382238
0.05622000,10.00000000,15.00000000,13.22178786,7.07402735,0.35078738,1,1.77821214
0.05624000,10.00000000,15.00000000,13.20147007,7.64325614,0.35219264,1,1.79852993
0.05626000,10.00000000,15.00000000,13.18528046,8.22464222,0.35354029,1,1.81471954
0.05628000,10.00000000,15.00000000,13.17326574,8.81678764,0.35482705,1,1.82673426
0.05630000,10.00000000,15.00000000,13.16546324,9.41827420,0.35604982,1,1.83453676
0.05632000,10.00000000,15.00000000,13.16190102,10.02766599,0.35720559,1,1.83809898
0.05634000,10.00000000,15.00000000,13.16259798,10.64351200,0.35829153,1,1.83740202
0.05636000,10.00000000,15.00000000,13.16756399,11.26434849,0.35930491,1,1.83243601
0.05638000,10.00000000,15.00000000,13.17680000,11.88870139,0.36024318,1,1.82320000
0.05640000,10.00000000,15.00000000,13.19029820,12.51508857,0.36110392,1,1.80970180
0.05642000,10.00000000,15.00000000,13.20804210,13.14202198,0.36188485,1,1.79195790
0.05644000,10.00000000,15.00000000,13.23000672,13.76800987,0.36258386,1,1.76999328
0.05646000,10.00000000,15.00000000,13.25615863,14.39155877,0.36319901,1,1.74384137
0.05648000,10.00000000,15.00000000,13.28645615,15.01117557,0.36372849,1,1.71354385
0.05650000,10.00000000,15.00000000,13.32084938,15.62536950,0.36417067,1,1.67915062
0.05652000,10.00000000,15.00000000,13.35928036,16.23265408,0.36452408,1,1.64071964
0.05654000,10.00000000,15.00000000,13.40168312,16.83154908,0.36478743,1,1.59831688
0.05656000,10.00000000,15.00000000,13.44798380,17.42058247,0.36495959,1,1.55201620
0.05658000,10.00000000,15.00000000,13.49810067,17.99829237,0.36503962,1,1.50189933
0.05660000,10.00000000,15.00000000,13.55194428,18.56322903,0.36502675,1,1.44805572
0.05662000,10.00000000,15.00000000,13.60941743,19.11395689,0.36492039,1,1.39058257
0.05664000,10.00000000,15.00000000,13.67041525,19.64905656,0.36472016,1,1.32958475
0.05666000,10.00000000,15.00000000,13.73482529,20.16712704,0.36442584,1,1.26517471
0.05668000,10.00000000,15.00000000,13.80252746,20.66678783,0.36403742,1,1.19747254
0.05670000,10.00000000,15.00000000,13.87339413,21.14668128,0.36355510,1,1.12660587
0.05672000,10.00000000,15.00000000,13.94729013,21.60547489,0.36297928,1,1.05270987
0.05674000,10.00000000,15.00000000,14.02407278,22.04186385,0.36231054,1,0.97592722
0.05676000,10.00000000,15.00000000,14.10359189,22.45457358,0.36154972,1,0.89640811
0.05678000,10.00000000,15.00000000,14.18568979,22.84236244,0.36069783,1,0.81431021
0.05680000,10.00000000,15.00000000,14.27020138,23.20402457,0.35975613,1,0.72979862
0.05682000,10.00000000,15.00000000,14.35695414,23.53839285,0.35872608,1,0.64304586
0.05684000,10.00000000,15.00000000,14.44576818,23.84434197,0.35760940,1,0.55423182
0.05686000,10.00000000,15.00000000,14.53645626,24.12079173,0.35640801,1,0.46354374
0.05688000,10.00000000,15.00000000,14.62882394,24.36671031,0.35512409,1,0.37117606
0.05690000,10.00000000,15.00000000,14.72266958,24.58111789,0.35376002,1,0.27733042
0.05692000,10.00000000,15.00000000,14.81778450,24.76309019,0.35231847,1,0.18221550
0.05694000,10.00000000,15.00000000,14.91395310,24.91176229,0.35080231,1,0.08604690
0.05696000,10.00000000,15.00000000,15.01095306,25.02633251,0.34921467,1,-0.01095306
0.05698000,10.00000000,15.00000000,15.10855547,25.10606639,0.34755892,1,-0.10855547
0.05700000,10.00000000,15.00000000,15.20652513,25.15030074,0.34583868,1,-0.20652513
0.05702000,10.00000000,15.00000000,15.30462081,25.15844784,0.34405780,1,-0.30462081
0.05704000,10.00000000,15.00000000,15.40259555,25.12999959,0.34222038,1,-0.40259555
0.05706000,10.00000000,15.00000000,15.50019707,25.06453178,0.34033076,1,-0.50019707
0.05708000,10.00000000,15.00000000,15.59716815,24.96170829,0.33839350,1,-0.59716815
0.05710000,10.00000000,15.00000000,15.69324714,24.82128533,0.33641341,1,-0.69324714
0.05712000,10.00000000,15.00000000,15.78816846,24.64311555,0.33439549,1,-0.78816846
0.05714000,10.00000000,15.00000000,15.88166324,24.42715206,0.33234500,1,-0.88166324
0.05716000,10.00000000,15.00000000,15.97345992,24.17345238,0.33026736,1,-0.97345992
0.05718000,10.00000000,15.00000000,16.06328502,23.88218213,0.32816822,1,-1.06328502
0.05720000,10.00000000,15.00000000,16.15086388,23.55361852,0.32605339,1,-1.15086388
0.05722000,10.00000000,15.00000000,16.23592151,23.18815359,0.32392886,1,-1.23592151
0.05724000,10.00000000,15.00000000,16.31818353,22.78629708,0.32180077,1,-1.31818353
0.05726000,10.00000000,15.00000000,16.39737710,22.34867898,0.31967540,1,-1.39737710
0.05728000,10.00000000,15.00000000,16.47323196,21.87605162,0.31755915,1,-1.47323196
0.05730000,10.00000000,15.00000000,16.54548152,21.36929131,0.31545852,1,-1.54548152
0.05732000,10.00000000,15.00000000,16.61386399,20.82939948,0.31338009,1,-1.61386399
0.05734000,10.00000000,15.00000000,16.67812353,20.25750315,0.31133048,1,-1.67812353
0.05736000,10.00000000,15.00000000,16.73801152,19.65485495,0.30931637,1,-1.73801152
0.05738000,10.00000000,15.00000000,16.79328776,19.02283231,0.30734441,1,-1.79328776
0.05740000,10.00000000,15.00000000,16.84372178,18.36293608,0.30542127,1,-1.84372178
0.05742000,10.00000000,15.00000000,16.88909409,17.67678836,0.30355353,1,-1.88909409
0.05744000,10.00000000,15.00000000,16.92919749,16.96612960,0.30174773,1,-1.92919749
0.05746000,10.00000000,15.00000000,16.96383835,16.23281488,0.30001028,1,-1.96383835
0.05748000,10.00000000,15.00000000,16.99283790,15.47880945,0.29834746,1,-1.99283790
0.05750000,10.00000000,15.00000000,17.01603340,14.70618342,0.29676540,1,-2.01603340
0.05752000,10.00000000,15.00000000,17.03327938,13.91710571,0.29527002,1,-2.03327938
0.05754000,10.00000000,15.00000000,17.04444879,13.11383717,0.29386701,1,-2.04444879
0.05756000,10.00000000,15.00000000,17.04943399,12.29872295,0.29256183,1,-2.04943399
0.05758000,10.00000000,15.00000000,17.04814781,11.47418414,0.29135964,1,-2.04814781
0.05760000,10.00000000,15.00000000,17.04052442,10.64270874,0.29026530,1,-2.04052442
0.05762000,10.00000000,15.00000000,17.02652009,9.80684196,0.28928333,1,-2.02652009
0.05764000,10.00000000,15.00000000,17.00611389,8.96917593,0.28841790,1,-2.00611389
0.05766000,10.00000000,15.00000000,16.97930821,8.13233898,0.28767279,1,-1.97930821
0.05768000,10.00000000,15.00000000,16.94612919,7.29898437,0.28705138,1,-1.94612919
0.05770000,10.00000000,15.00000000,16.90662698,6.47177875,0.28655663,1,-1.90662698
0.05772000,10.00000000,15.00000000,16.86087586,5.65339035,0.28619106,1,-1.86087586
0.05774000,10.00000000,15.00000000,16.80897421,4.84647697,0.28595674,1,-1.80897421
0.05776000,10.00000000,15.00000000,16.75104430,4.05367392,0.28585527,1,-1.75104430
0.05778000,10.00000000,15.00000000,16.68723201,3.27758204,0.28588780,1,-1.68723201
0.05780000,10.00000000,15.00000000,16.61770625,2.52075575,0.28605497,1,-1.61770625
0.05782000,10.00000000,15.00000000,16.54265838,1.78569144,0.28635698,1,-1.54265838
0.05784000,10.00000000,15.00000000,16.46230139,1.07481615,0.28679351,1,-1.46230139
0.05786000,10.00000000,15.00000000,16.37686896,0.39047664,0.28736379,1,-1.37686896
0.05788000,10.00000000,15.00000000,16.28661441,0.00000000,0.28806658,1,-1.28661441
0.05790000,10.00000000,15.00000000,16.19389972,0.00000000,0.28886483,1,-1.19389972
0.05792000,10.00000000,15.00000000,16.10182572,0.00000000,0.28970762,1,-1.10182572
0.05794000,10.00000000,15.00000000,16.01038891,0.00000000,0.29059464,1,-1.01038891
0.05796000,10.00000000,15.00000000,15.91958575,0.00000000,0.29152555,1,-0.91958575
0.05798000,10.00000000,15.00000000,15.82941267,0.00000000,0.29250005,1,-0.82941267
0.05800000,10.00000000,15.00000000,15.73986609,0.00000000,0.29351781,1,-0.73986609
0.05802000,10.00000000,15.00000000,15.65094240,0.00000000,0.29457853,1,-0.65094240
0.05804000,10.00000000,15.00000000,15.56263797,0.00000000,0.29568188,1,-0.56263797
0.05806000,10.00000000,15.00000000,15.47494914,0.00000000,0.29682757,1,-0.47494914
0.05808000,10.00000000,15.00000000,15.38787225,0.00000000,0.29801528,1,-0.38787225
0.05810000,10.00000000,15.00000000,15.30140358,0.00000000,0.29924473,1,-0.30140358
0.05812000,10.00000000,15.00000000,15.21553944,0.00000000,0.30051559,1,-0.21553944
0.05814000,10.00000000,15.00000000,15.13027608,0.00000000,0.30182758,1,-0.13027608
0.05816000,10.00000000,15.00000000,15.04560976,0.00000000,0.30318041,1,-0.04560976
0.05818000,10.00000000,15.00000000,14.96153672,0.00000000,0.30457377,1,0.03846328
0.05820000,10.00000000,15.00000000,14.87805316,0.00000000,0.30600738,1,0.12194684
0.05822000,10.00000000,15.00000000,14.79515529,0.00000000,0.30748094,1,0.20484471
0.05824000,10.00000000,15.00000000,14.71283930,0.00000000,0.30899419,1,0.28716070
0.05826000,10.00000000,15.00000000,14.63110137,0.00000000,0.31054682,1,0.36889863
0.05828000,10.00000000,15.00000000,14.54993766,0.00000000,0.31213857,1,0.45006234
0.05830000,10.00000000,15.00000000,14.46934432,0.00776265,0.31376915,1,0.53065568
0.05832000,10.00000000,15.00000000,14.38937650,0.04703073,0.31543729,1,0.61062350
0.05834000,10.00000000,15.00000000,14.31026852,0.11771164,0.31713865,1,0.68973148
0.05836000,10.00000000,15.00000000,14.23225057,0.21962249,0.31886885,1,0.76774943
0.05838000,10.00000000,15.00000000,14.15554798,0.35249220,0.32062340,1,0.84445202
0.05840000,10.00000000,15.00000000,14.08038058,0.51596379,0.32239783,1,0.91961942
0.05842000,10.00000000,15.00000000,14.00696214,0.70959705,0.32418759,1,0.99303786
0.05844000,10.00000000,15.00000000,13.93549973,0.93287127,0.32598815,1,1.06450027
0.05846000,10.00000000,15.00000000,13.86619330,1.18518825,0.32779495,1,1.13380670
0.05848000,10.00000000,15.00000000,13.79923515,1.46587543,0.32960347,1,1.20076485
0.05850000,10.00000000,15.00000000,13.73480957,1.77418913,0.33140918,1,1.26519043
0.05852000,10.00000000,15.00000000,13.67309248,2.10931788,0.33320760,1,1.32690752
0.05854000,10.00000000,15.00000000,13.61425107,2.47038591,0.33499428,1,1.38574893
0.05856000,10.00000000,15.00000000,13.55844358,2.85645653,0.33676484,1,1.44155642
0.05858000,10.00000000,15.00000000,13.50581905,3.26653567,0.33851494,1,1.49418095
0.05860000,10.00000000,15.00000000,13.45651717,3.69957537,0.34024033,1,1.54348283
0.05862000,10.00000000,15.00000000,13.41066807,4.15447726,0.34193682,1,1.58933193
0.05864000,10.00000000,15.00000000,13.36839231,4.63009596,0.34360031,1,1.63160769
0.05866000,10.00000000,15.00000000,13.32980073,5.12524254,0.34522680,1,1.67019927
0.05868000,10.00000000,15.00000000,13.29499444,5.63868780,0.34681237,1,1.70500556
0.05870000,10.00000000,15.00000000,13.26406483,6.16916555,0.34835322,1,1.73593517
0.05872000,10.00000000,15.00000000,13.23709355,6.71537581,0.34984566,1,1.76290645
0.05874000,10.00000000,15.00000000,13.21415257,7.27598785,0.35128611,1,1.78584743
0.05876000,10.00000000,15.00000000,13.19530425,7.84964321,0.35267110,1,1.80469575
0.05878000,10.00000000,15.00000000,13.18060141,8.43495860,0.35399730,1,1.81939859
0.05880000,10.00000000,15.00000000,13.17008738,9.03052869,0.35526150,1,1.82991262
0.05882000,10.00000000,15.00000000,13.16379620,9.63492878,0.35646063,1,1.83620380
0.05884000,10.00000000,15.00000000,13.16175262,10.24671744,0.35759174,1,1.83824738
0.05886000,10.00000000,15.00000000,13.16397232,10.86443896,0.35865204,1,1.83602768
0.05888000,10.00000000,15.00000000,13.17046197,11.48662581,0.35963886,1,1.82953803
0.05890000,10.00000000,15.00000000,13.18121939,12.11180091,0.36054969,1,1.81878061
0.05892000,10.00000000,15.00000000,13.19623365,12.73847990,0.36138216,1,1.80376635
0.05894000,10.00000000,15.00000000,13.21548522,13.36517332,0.36213407,1,1.78451478
0.05896000,10.00000000,15.00000000,13.23894611,13.99038868,0.36280336,1,1.76105389
0.05898000,10.00000000,15.00000000,13.26657993,14.61263257,0.36338813,1,1.73342007
0.05900000,10.00000000,15.00000000,13.29834206,15.23041262,0.36388664,1,1.70165794
0.05902000,10.00000000,15.00000000,13.33417972,15.84223948,0.36429731,1,1.66582028
0.05904000,10.00000000,15.00000000,13.37403208,16.44662884,0.36461875,1,1.62596792
0.05906000,10.00000000,15.00000000,13.41783036,17.04210328,0.36484971,1,1.58216964
0.05908000,10.00000000,15.00000000,13.46549788,17.62719432,0.36498913,1,1.53450212
0.05910000,10.00000000,15.00000000,13.51695017,18.20044431,0.36503614,1,1.48304983
0.05912000,10.00000000,15.00000000,13.57209500,18.76040847,0.36499002,1,1.42790500
0.05914000,10.00000000,15.00000000,13.63083244,19.30565690,0.36485027,1,1.36916756
0.05916000,10.00000000,15.00000000,13.69305493,19.83477668,0.36461655,1,1.30694507
0.05918000,10.00000000,15.00000000,13.75864728,20.34637398,0.36428873,1,1.24135272
0.05920000,10.00000000,15.00000000,13.82748673,20.83907635,0.36386687,1,1.17251327
0.05922000,10.00000000,15.00000000,13.89944296,21.31153496,0.36335124,1,1.10055704
0.05924000,10.00000000,15.00000000,13.97437812,21.76242706,0.36274229,1,1.02562188
0.05926000,10.00000000,15.00000000,14.05214687,22.19045845,0.36204072,1,0.94785313
0.05928000,10.00000000,15.00000000,14.13259635,22.59436613,0.36124741,1,0.86740365
0.05930000,10.00000000,15.00000000,14.21556626,22.97292105,0.36036346,1,0.78443374
0.05932000,10.00000000,15.00000000,14.30088884,23.32493096,0.35939021,1,0.69911116
0.05934000,10.00000000,15.00000000,14.38838897,23.64924345,0.35832922,1,0.61161103
0.05936000,10.00000000,15.00000000,14.47788413,23.94474906,0.35718225,1,0.52211587
0.05938000,10.00000000,15.00000000,14.56918452,24.21038459,0.35595134,1,0.43081548
0.05940000,10.00000000,15.00000000,14.66209313,24.44513653,0.35463873,1,0.33790687
0.05942000,10.00000000,15.00000000,14.75640582,24.64804457,0.35324690,1,0.24359418
0.05944000,10.00000000,15.00000000,14.85191144,24.81820532,0.35177860,1,0.14808856
0.05946000,10.00000000,15.00000000,14.94839200,24.95477611,0.35023679,1,0.05160800
0.05948000,10.00000000,15.00000000,15.04562280,25.05697892,0.34862468,1,-0.04562280
0.05950000,10.00000000,15.00000000,15.14337269,25.12410437,0.34694574,1,-0.14337269
0.05952000,10.00000000,15.00000000,15.24140432,25.15551583,0.34520365,1,-0.24140432
0.05954000,10.00000000,15.00000000,15.33947438,25.15065364,0.34340238,1,-0.33947438
0.05956000,10.00000000,15.00000000,15.43733400,25.10903925,0.34154609,1,-0.43733400
0.05958000,10.00000000,15.00000000,15.53472911,25.03027952,0.33963921,1,-0.53472911
0.05960000,10.00000000,15.00000000,15.63140089,24.91407088,0.33768639,1,-0.63140089
0.05962000,10.00000000,15.00000000,15.72708625,24.76020356,0.33569250,1,-0.72708625
0.05964000,10.00000000,15.00000000,15.82151839,24.56856569,0.33366264,1,-0.82151839
0.05966000,10.00000000,15.00000000,15.91442743,24.33914726,0.33160213,1,-0.91442743
0.05968000,10.00000000,15.00000000,16.00554109,24.07204401,0.32951647,1,-1.00554109
0.05970000,10.00000000,15.00000000,16.09458540,23.76746102,0.32741136,1,-1.09458540
0.05972000,10.00000000,15.00000000,16.18128551,23.42571615,0.32529268,1,-1.18128551
0.05974000,10.00000000,15.00000000,16.26536660,23.04724314,0.32316649,1,-1.26536660
0.05976000,10.00000000,15.00000000,16.34655475,22.63259436,0.32103896,1,-1.34655475
0.05978000,10.00000000,15.00000000,16.42457795,22.18244322,0.31891642,1,-1.42457795
0.05980000,10.00000000,15.00000000,16.49916718,21.69758609,0.31680531,1,-1.49916718
0.05982000,10.00000000,15.00000000,16.57005745,21.17894377,0.31471216,1,-1.57005745
0.05984000,10.00000000,15.00000000,16.63698902,20.62756239,0.31264357,1,-1.63698902
0.05986000,10.00000000,15.00000000,16.69970851,20.04461373,0.31060618,1,-1.69970851
0.05988000,10.00000000,15.00000000,16.75797020,19.43139496,0.30860665,1,-1.75797020
0.05990000,10.00000000,15.00000000,16.81153726,18.78932761,0.30665166,1,-1.81153726
0.05992000,10.00000000,15.00000000,16.86018302,18.11995591,0.30474783,1,-1.86018302
0.05994000,10.00000000,15.00000000,16.90369227,17.42494440,0.30290174,1,-1.90369227
0.05996000,10.00000000,15.00000000,16.94186256,16.70607466,0.30111989,1,-1.94186256
0.05998000,10.00000000,15.00000000,16.97450543,15.96524144,0.29940863,1,-1.97450543
