t,v_in,v_ref,v_out,i_L,d,mode,error
0.00000000,10.00000000,15.00000000,0.00000000,0.00000000,0.05323500,1,15.00000000
0.00002000,10.00000000,15.00000000,0.02099333,3.99734780,0.05641651,1,14.97900667
0.00004000,10.00000000,15.00000000,0.08352396,7.97892524,0.05853958,1,14.91647604
0.00006000,10.00000000,15.00000000,0.18695201,11.92927512,0.06090352,1,14.81304799
0.00008000,10.00000000,15.00000000,0.33042344,15.83335186,0.06338081,1,14.66957656
0.00010000,10.00000000,15.00000000,0.51293194,19.67658795,0.06587455,1,14.48706806
0.00012000,10.00000000,15.00000000,0.73334164,23.44493213,0.06828849,1,14.26665836
0.00014000,10.00000000,15.00000000,0.99041114,27.12486250,0.07057905,1,14.00958886
0.00016000,10.00000000,15.00000000,1.28279987,30.70340274,0.07266896,1,13.71720013
0.00018000,10.00000000,15.00000000,1.60909396,34.16810129,0.07453725,1,13.39090604
0.00020000,10.00000000,15.00000000,1.96780172,37.50704192,0.07613284,1,13.03219828
0.00022000,10.00000000,15.00000000,2.35737497,40.70880939,0.07742582,1,12.64262503
0.00024000,10.00000000,15.00000000,2.77621057,43.76247750,0.07842191,1,12.22378943
0.00026000,10.00000000,15.00000000,3.22264000,46.65762990,0.07910076,1,11.77736000
0.00028000,10.00000000,15.00000000,3.69494539,49.38432573,0.07957590,1,11.30505461
0.00030000,10.00000000,15.00000000,4.19129004,51.93330448,0.08118419,1,10.80870996
0.00032000,10.00000000,15.00000000,4.70900189,54.29840991,0.08307779,1,10.29099811
0.00034000,10.00000000,15.00000000,5.24579881,56.47344029,0.08510837,1,9.75420119
0.00036000,10.00000000,15.00000000,5.79943688,58.45292126,0.08719783,1,9.20056312
0.00038000,10.00000000,15.00000000,6.36768806,60.23213853,0.08931428,1,8.63231194
0.00040000,10.00000000,15.00000000,6.94832481,61.80718373,0.09142117,1,8.05167519
0.00042000,10.00000000,15.00000000,7.53913442,63.17490265,0.09333287,1,7.46086558
0.00044000,10.00000000,15.00000000,8.13803201,64.33236014,0.09291746,1,6.86196799
0.00046000,10.00000000,15.00000000,8.74443406,65.26978588,0.09221547,1,6.25556594
0.00048000,10.00000000,15.00000000,9.35628597,65.98359015,0.09127043,1,5.64371403
0.00050000,10.00000000,15.00000000,9.97148266,66.47089267,0.09008017,1,5.02851734
0.00052000,10.00000000,15.00000000,10.58790394,66.72938939,0.08862860,1,4.41209606
0.00054000,10.00000000,15.00000000,11.20342668,66.75729505,0.08686223,1,3.79657332
0.00056000,10.00000000,15.00000000,11.81595279,66.55315554,0.08443609,1,3.18404721
0.00058000,10.00000000,15.00000000,12.42361437,66.11434178,0.08260914,1,2.57638563
0.00060000,10.00000000,15.00000000,13.02361741,65.44501977,0.08153917,1,1.97638259
0.00062000,10.00000000,15.00000000,13.61312084,64.55168036,0.08055870,1,1.38687916
0.00064000,10.00000000,15.00000000,14.18983942,63.43859584,0.07957123,1,0.81016058
0.00066000,10.00000000,15.00000000,14.75160880,62.11037516,0.07851707,1,0.24839120
0.00068000,10.00000000,15.00000000,15.29635908,60.57206070,0.07810459,1,-0.29635908
0.00070000,10.00000000,15.00000000,15.82163049,58.83391777,0.07820991,1,-0.82163049
0.00072000,10.00000000,15.00000000,16.32519594,56.90670034,0.07823153,1,-1.32519594
0.00074000,10.00000000,15.00000000,16.80534023,54.79821837,0.07816932,1,-1.80534023
0.00076000,10.00000000,15.00000000,17.26043494,52.51684762,0.07802717,1,-2.26043494
0.00078000,10.00000000,15.00000000,17.68894050,50.07152996,0.07784464,1,-2.68894050
0.00080000,10.00000000,15.00000000,18.08939283,47.47200680,0.07728512,1,-3.08939283
0.00082000,10.00000000,15.00000000,18.46059314,44.72603462,0.07477652,1,-3.46059314
0.00084000,10.00000000,15.00000000,18.80208754,41.82979672,0.07234195,1,-3.80208754
0.00086000,10.00000000,15.00000000,19.11236281,38.79444730,0.07002367,1,-4.11236281
0.00088000,10.00000000,15.00000000,19.39001236,35.63212739,0.06781569,1,-4.39001236
0.00090000,10.00000000,15.00000000,19.63376981,32.35555962,0.06570095,1,-4.63376981
0.00092000,10.00000000,15.00000000,19.84251856,28.97790011,0.06368129,1,-4.84251856
0.00094000,10.00000000,15.00000000,20.01528963,25.51282310,0.06174999,1,-5.01528963
0.00096000,10.00000000,15.00000000,20.15126986,21.97439120,0.05990553,1,-5.15126986
0.00098000,10.00000000,15.00000000,20.24980453,18.37703160,0.05816283,1,-5.24980453
0.00100000,10.00000000,15.00000000,20.31039891,14.73560363,0.05652748,1,-5.31039891
0.00102000,10.00000000,15.00000000,20.33272640,11.06525571,0.05499412,1,-5.33272640
0.00104000,10.00000000,15.00000000,20.31663316,7.38126367,0.05373083,1,-5.31663316
0.00106000,10.00000000,15.00000000,20.26213521,3.70036538,0.05284169,1,-5.26213521
0.00108000,10.00000000,15.00000000,20.16945937,0.04014176,0.05218082,1,-5.16945937
0.00110000,10.00000000,15.00000000,20.03905223,0.00000000,0.05178249,1,-5.03905223
0.00112000,10.00000000,15.00000000,19.90918091,0.00000000,0.05083567,1,-4.90918091
0.00114000,10.00000000,15.00000000,19.78022939,0.00000000,0.04991674,1,-4.78022939
0.00116000,10.00000000,15.00000000,19.65219338,0.00000000,0.04902589,1,-4.65219338
0.00118000,10.00000000,15.00000000,19.52506860,0.00000000,0.04816158,1,-4.52506860
0.00120000,10.00000000,15.00000000,19.39885067,0.00000000,0.04733419,1,-4.39885067
0.00122000,10.00000000,15.00000000,19.27353581,0.00000000,0.04653111,1,-4.27353581
0.00124000,10.00000000,15.00000000,19.14911944,0.00000000,0.04575928,1,-4.14911944
0.00126000,10.00000000,15.00000000,19.02559741,0.00000000,0.04502321,1,-4.02559741
0.00128000,10.00000000,15.00000000,18.90296581,0.00000000,0.04431503,1,-3.90296581
0.00130000,10.00000000,15.00000000,18.78122023,0.00000000,0.04363850,1,-3.78122023
0.00132000,10.00000000,15.00000000,18.66035649,0.00000000,0.04298967,1,-3.66035649
0.00134000,10.00000000,15.00000000,18.54037013,0.00000000,0.04236741,1,-3.54037013
0.00136000,10.00000000,15.00000000,18.42125665,0.00000000,0.04177468,1,-3.42125665
0.00138000,10.00000000,15.00000000,18.30301169,0.00000000,0.04121376,1,-3.30301169
0.00140000,10.00000000,15.00000000,18.18563101,0.00000000,0.04068402,1,-3.18563101
0.00142000,10.00000000,15.00000000,18.06911031,0.00000000,0.04018299,1,-3.06911031
0.00144000,10.00000000,15.00000000,17.95344515,0.00000000,0.03971613,1,-2.95344515
0.00146000,10.00000000,15.00000000,17.83863136,0.00000000,0.03928106,1,-2.83863136
0.00148000,10.00000000,15.00000000,17.72466465,0.00000000,0.03887397,1,-2.72466465
0.00150000,10.00000000,15.00000000,17.61154047,0.00000000,0.03850302,1,-2.61154047
0.00152000,10.00000000,15.00000000,17.49925473,0.00000000,0.03816435,1,-2.49925473
0.00154000,10.00000000,15.00000000,17.38780311,0.00000000,0.03785349,1,-2.38780311
0.00156000,10.00000000,15.00000000,17.27718102,0.00000000,0.03757933,1,-2.27718102
0.00158000,10.00000000,15.00000000,17.16738436,0.00000000,0.03733853,1,-2.16738436
0.00160000,10.00000000,15.00000000,17.05840880,0.00000000,0.03712579,1,-2.05840880
0.00162000,10.00000000,15.00000000,16.95024974,0.00000000,0.03694906,1,-1.95024974
0.00164000,10.00000000,15.00000000,16.84290300,0.00000000,0.03680652,1,-1.84290300
0.00166000,10.00000000,15.00000000,16.73636425,0.00000000,0.03669261,1,-1.73636425
0.00168000,10.00000000,15.00000000,16.63062890,0.00000000,0.03661310,1,-1.63062890
0.00170000,10.00000000,15.00000000,16.52569262,0.00000000,0.03657102,1,-1.52569262
0.00172000,10.00000000,15.00000000,16.42155123,0.00000000,0.03655830,1,-1.42155123
0.00174000,10.00000000,15.00000000,16.31820013,0.00000000,0.03657744,1,-1.31820013
0.00176000,10.00000000,15.00000000,16.21563484,0.00000000,0.03663710,1,-1.21563484
0.00178000,10.00000000,15.00000000,16.11385127,0.00000000,0.03672684,1,-1.11385127
0.00180000,10.00000000,15.00000000,16.01284485,0.00000000,0.03684664,1,-1.01284485
0.00182000,10.00000000,15.00000000,15.91261097,0.00000000,0.03700798,1,-0.91261097
0.00184000,10.00000000,15.00000000,15.81314557,0.00000000,0.03720144,1,-0.81314557
0.00186000,10.00000000,15.00000000,15.71444412,0.00000000,0.03742575,1,-0.71444412
0.00188000,10.00000000,15.00000000,15.61650203,0.00000000,0.03768721,1,-0.61650203
0.00190000,10.00000000,15.00000000,15.51931500,0.00000000,0.03798566,1,-0.51931500
0.00192000,10.00000000,15.00000000,15.42287869,0.00000000,0.03831622,1,-0.42287869
0.00194000,10.00000000,15.00000000,15.32718857,0.00000000,0.03867882,1,-0.32718857
0.00196000,10.00000000,15.00000000,15.23224006,0.00000000,0.03908413,1,-0.23224006
0.00198000,10.00000000,15.00000000,15.13802906,0.00000000,0.03952253,1,-0.13802906
0.00200000,10.00000000,15.00000000,15.04455103,0.00000000,0.03999334,1,-0.04455103
0.00202000,10.00000000,15.00000000,14.95180140,0.00000000,0.04021285,1,0.04819860
0.00204000,10.00000000,15.00000000,14.85976389,0.00000000,0.04020121,1,0.14023611
0.00206000,10.00000000,15.00000000,14.76842345,0.00000000,0.04021800,1,0.23157655
0.00208000,10.00000000,15.00000000,14.67777597,0.00000000,0.04026510,1,0.32222403
0.00210000,10.00000000,15.00000000,14.58781739,0.00000000,0.04033991,1,0.41218261
0.00212000,10.00000000,15.00000000,14.49854356,0.00000000,0.04044207,1,0.50145644
0.00214000,10.00000000,15.00000000,14.40995031,0.00000000,0.04057144,1,0.59004969
0.00216000,10.00000000,15.00000000,14.32203347,0.00000000,0.04081806,1,0.67796653
0.00218000,10.00000000,15.00000000,14.23479235,0.00000000,0.04143694,1,0.76520765
0.00220000,10.00000000,15.00000000,14.14823587,0.00000000,0.04207427,1,0.85176413
0.00222000,10.00000000,15.00000000,14.06235906,0.00000000,0.04273006,1,0.93764094
0.00224000,10.00000000,15.00000000,13.97715697,0.00000000,0.04340263,1,1.02284303
0.00226000,10.00000000,15.00000000,13.89262463,0.00000000,0.04408809,1,1.10737537
0.00228000,10.00000000,15.00000000,13.80875691,0.00000000,0.04479257,1,1.19124309
0.00230000,10.00000000,15.00000000,13.72554897,0.00000000,0.04551603,1,1.27445103
0.00232000,10.00000000,15.00000000,13.64299598,0.00000000,0.04625595,1,1.35700402
0.00234000,10.00000000,15.00000000,13.56109302,0.00000000,0.04701129,1,1.43890698
0.00236000,10.00000000,15.00000000,13.47983518,0.00000000,0.04778597,1,1.52016482
0.00238000,10.00000000,15.00000000,13.39921771,0.00000000,0.04857991,1,1.60078229
0.00240000,10.00000000,15.00000000,13.31923587,0.00000000,0.04938992,1,1.68076413
0.00242000,10.00000000,15.00000000,13.23988483,0.00000000,0.05021721,1,1.76011517
0.00244000,10.00000000,15.00000000,13.16115984,0.00000000,0.05106396,1,1.83884016
0.00246000,10.00000000,15.00000000,13.08305623,0.00000000,0.05193006,1,1.91694377
0.00248000,10.00000000,15.00000000,13.00556935,0.00000000,0.05281170,1,1.99443065
0.00250000,10.00000000,15.00000000,12.92869445,0.00000000,0.05371211,1,2.07130555
0.00252000,10.00000000,15.00000000,12.85242692,0.00000000,0.05463195,1,2.14757308
0.00254000,10.00000000,15.00000000,12.77676218,0.00000000,0.05557109,1,2.22323782
0.00256000,10.00000000,15.00000000,12.70169566,0.00000000,0.05652595,1,2.29830434
0.00258000,10.00000000,15.00000000,12.62722271,0.00000000,0.05749897,1,2.37277729
0.00260000,10.00000000,15.00000000,12.55333878,0.00000000,0.05849227,1,2.44666122
0.00262000,10.00000000,15.00000000,12.48003941,0.00000000,0.05950473,1,2.51996059
0.00264000,10.00000000,15.00000000,12.40732012,0.00000000,0.06053565,1,2.59267988
0.00266000,10.00000000,15.00000000,12.33517642,0.00000000,0.06157833,1,2.66482358
0.00268000,10.00000000,15.00000000,12.26360367,0.00000000,0.06264501,1,2.73639633
0.00270000,10.00000000,15.00000000,12.19259761,0.00000000,0.06373063,1,2.80740239
0.00272000,10.00000000,15.00000000,12.12215383,0.00000000,0.06483503,1,2.87784617
0.00274000,10.00000000,15.00000000,12.05226795,0.00000000,0.06595259,1,2.94773205
0.00276000,10.00000000,15.00000000,11.98293546,0.00000000,0.06708853,1,3.01706454
0.00278000,10.00000000,15.00000000,11.91415201,0.00000000,0.06824681,1,3.08584799
0.00280000,10.00000000,15.00000000,11.84591341,0.00000000,0.06942359,1,3.15408659
0.00282000,10.00000000,15.00000000,11.77821533,0.00000000,0.07061825,1,3.22178467
0.00284000,10.00000000,15.00000000,11.71105351,0.00000000,0.07182319,1,3.28894649
0.00286000,10.00000000,15.00000000,11.64442346,0.00000000,0.07305008,1,3.35557654
0.00288000,10.00000000,15.00000000,11.57832105,0.00000000,0.07429847,1,3.42167895
0.00290000,10.00000000,15.00000000,11.51274216,0.00000000,0.07556490,1,3.48725784
0.00292000,10.00000000,15.00000000,11.44768258,0.00000000,0.07684646,1,3.55231742
0.00294000,10.00000000,15.00000000,11.38313808,0.00000000,0.07814043,1,3.61686192
0.00296000,10.00000000,15.00000000,11.31910436,0.00000000,0.07945536,1,3.68089564
0.00298000,10.00000000,15.00000000,11.25557738,0.00000000,0.08079211,1,3.74442262
0.00300000,10.00000000,15.00000000,11.19255312,0.00000000,0.08214619,1,3.80744688
0.00302000,10.00000000,15.00000000,11.13002748,0.00000000,0.08351371,1,3.86997252
0.00304000,10.00000000,15.00000000,11.06799630,0.00000000,0.08489420,1,3.93200370
0.00306000,10.00000000,15.00000000,11.00645544,0.00000000,0.08629290,1,3.99354456
0.00308000,10.00000000,15.00000000,10.94540088,0.00000000,0.08771447,1,4.05459912
0.00310000,10.00000000,15.00000000,10.88482875,0.01693494,0.08915272,1,4.11517125
0.00312000,10.00000000,15.00000000,10.82490587,0.06210837,0.09060372,1,4.17509413
0.00314000,10.00000000,15.00000000,10.76591075,0.13521903,0.09206517,1,4.23408925
0.00316000,10.00000000,15.00000000,10.70811539,0.23585620,0.09353991,1,4.29188461
0.00318000,10.00000000,15.00000000,10.65178435,0.36352519,0.09503005,1,4.34821565
0.00320000,10.00000000,15.00000000,10.59717396,0.51764731,0.09653356,1,4.40282604
0.00322000,10.00000000,15.00000000,10.54453143,0.69754623,0.09804385,1,4.45546857
0.00324000,10.00000000,15.00000000,10.49409398,0.90243285,0.09955788,1,4.50590602
0.00326000,10.00000000,15.00000000,10.44608786,1.13142526,0.10107835,1,4.55391214
0.00328000,10.00000000,15.00000000,10.40072770,1.38357747,0.10260377,1,4.59927230
0.00330000,10.00000000,15.00000000,10.35821589,1.65786678,0.10413263,1,4.64178411
0.00332000,10.00000000,15.00000000,10.31874205,1.95319871,0.10566339,1,4.68125795
0.00334000,10.00000000,15.00000000,10.28248246,2.26841221,0.10719219,1,4.71751754
0.00336000,10.00000000,15.00000000,10.24959963,2.60227553,0.10872025,1,4.75040037
0.00338000,10.00000000,15.00000000,10.22024180,2.95351266,0.11024540,1,4.77975820
0.00340000,10.00000000,15.00000000,10.19454269,3.32079488,0.11176607,1,4.80545731
0.00342000,10.00000000,15.00000000,10.17262124,3.70274884,0.11328069,1,4.82737876
0.00344000,10.00000000,15.00000000,10.15458139,4.09796226,0.11478774,1,4.84541861
0.00346000,10.00000000,15.00000000,10.14051193,4.50498956,0.11628568,1,4.85948807
0.00348000,10.00000000,15.00000000,10.13048641,4.92235758,0.11777107,1,4.86951359
0.00350000,10.00000000,15.00000000,10.12456320,5.34856321,0.11924394,1,4.87543680
0.00352000,10.00000000,15.00000000,10.12278532,5.78209305,0.12070377,1,4.87721468
0.00354000,10.00000000,15.00000000,10.12518058,6.22142640,0.12212161,1,4.87481942
0.00356000,10.00000000,15.00000000,10.13176320,6.66492526,0.12350279,1,4.86823680
0.00358000,10.00000000,15.00000000,10.14253155,7.11097783,0.12486648,1,4.85746845
0.00360000,10.00000000,15.00000000,10.15746757,7.55806025,0.12620862,1,4.84253243
0.00362000,10.00000000,15.00000000,10.17653913,8.00464748,0.12753011,1,4.82346087
0.00364000,10.00000000,15.00000000,10.19969981,8.44923806,0.12883045,1,4.80030019
0.00366000,10.00000000,15.00000000,10.22688952,8.89035312,0.13010873,1,4.77311048
0.00368000,10.00000000,15.00000000,10.25803486,9.32653895,0.13136413,1,4.74196514
0.00370000,10.00000000,15.00000000,10.29304957,9.75637158,0.13259592,1,4.70695043
0.00372000,10.00000000,15.00000000,10.33183501,10.17846112,0.13380488,1,4.66816499
0.00374000,10.00000000,15.00000000,10.37428047,10.59146182,0.13498519,1,4.62571953
0.00376000,10.00000000,15.00000000,10.42026440,10.99404813,0.13614024,1,4.57973560
0.00378000,10.00000000,15.00000000,10.46965389,11.38495627,0.13726970,1,4.53034611
0.00380000,10.00000000,15.00000000,10.52230572,11.76297211,0.13837334,1,4.47769428
0.00382000,10.00000000,15.00000000,10.57806692,12.12693454,0.13944811,1,4.42193308
0.00384000,10.00000000,15.00000000,10.63677578,12.47572625,0.14049152,1,4.36322422
0.00386000,10.00000000,15.00000000,10.69826222,12.80827823,0.14150869,1,4.30173778
0.00388000,10.00000000,15.00000000,10.76234756,13.12360470,0.14250598,1,4.23765244
0.00390000,10.00000000,15.00000000,10.82884503,13.42081135,0.14347682,1,4.17115497
0.00392000,10.00000000,15.00000000,10.89756241,13.69904171,0.14441352,1,4.10243759
0.00394000,10.00000000,15.00000000,10.96830258,13.95747288,0.14532479,1,4.03169742
0.00396000,10.00000000,15.00000000,11.04086179,14.19538831,0.14621116,1,3.95913821
0.00398000,10.00000000,15.00000000,11.11503171,14.41214418,0.14707879,1,3.88496829
0.00400000,10.00000000,15.00000000,11.19059936,14.60719562,0.14791487,1,3.80940064
0.00402000,10.00000000,15.00000000,11.26735071,14.78001291,0.14872835,1,3.73264929
0.00404000,10.00000000,15.00000000,11.34506777,14.93017879,0.14952186,1,3.65493223
0.00406000,10.00000000,15.00000000,11.42353052,15.05736146,0.15029687,1,3.57646948
0.00408000,10.00000000,15.00000000,11.50251786,15.16130980,0.15104880,1,3.49748214
0.00410000,10.00000000,15.00000000,11.58180925,15.24182537,0.15178162,1,3.41819075
0.00412000,10.00000000,15.00000000,11.66118391,15.29880130,0.15249633,1,3.33881609
0.00414000,10.00000000,15.00000000,11.74042209,15.33220836,0.15319434,1,3.25957791
0.00416000,10.00000000,15.00000000,11.81930572,15.34209643,0.15387375,1,3.18069428
0.00418000,10.00000000,15.00000000,11.89761955,15.32857795,0.15453776,1,3.10238045
0.00420000,10.00000000,15.00000000,11.97515100,15.29185087,0.15518762,1,3.02484900
0.00422000,10.00000000,15.00000000,12.05169113,15.23218840,0.15582471,1,2.94830887
0.00424000,10.00000000,15.00000000,12.12703533,15.14993826,0.15645031,1,2.87296467
0.00426000,10.00000000,15.00000000,12.20098395,15.04552057,0.15706207,1,2.79901605
0.00428000,10.00000000,15.00000000,12.27334343,14.91940835,0.15766400,1,2.72665657
0.00430000,10.00000000,15.00000000,12.34392582,14.77215626,0.15825741,1,2.65607418
0.00432000,10.00000000,15.00000000,12.41254985,14.60438558,0.15884872,1,2.58745015
0.00434000,10.00000000,15.00000000,12.47904084,14.41680742,0.15942741,1,2.52095916
0.00436000,10.00000000,15.00000000,12.54323372,14.21013573,0.15999952,1,2.45676628
0.00438000,10.00000000,15.00000000,12.60497075,13.98516656,0.16056748,1,2.39502925
0.00440000,10.00000000,15.00000000,12.66410267,13.74275772,0.16113660,1,2.33589733
0.00442000,10.00000000,15.00000000,12.72048888,13.48384056,0.16170506,1,2.27951112
0.00444000,10.00000000,15.00000000,12.77399898,13.20938083,0.16227332,1,2.22600102
0.00446000,10.00000000,15.00000000,12.82451266,12.92038669,0.16283735,1,2.17548734
0.00448000,10.00000000,15.00000000,12.87192058,12.61788204,0.16340324,1,2.12807942
0.00450000,10.00000000,15.00000000,12.91612318,12.30295482,0.16397460,1,2.08387682
0.00452000,10.00000000,15.00000000,12.95703151,11.97674115,0.16454938,1,2.04296849
0.00454000,10.00000000,15.00000000,12.99456827,11.64039239,0.16512854,1,2.00543173
0.00456000,10.00000000,15.00000000,13.02866750,11.29508662,0.16571299,1,1.97133250
0.00458000,10.00000000,15.00000000,13.05927469,10.94202466,0.16630361,1,1.94072531
0.00460000,10.00000000,15.00000000,13.08634697,10.58242585,0.16690359,1,1.91365303
0.00462000,10.00000000,15.00000000,13.10985291,10.21753642,0.16751187,1,1.89014709
0.00464000,10.00000000,15.00000000,13.12977311,9.84860325,0.16812844,1,1.87022689
0.00466000,10.00000000,15.00000000,13.14610000,9.47687517,0.16875393,1,1.85390000
0.00468000,10.00000000,15.00000000,13.15883763,9.10360250,0.16938893,1,1.84116237
0.00470000,10.00000000,15.00000000,13.16800166,8.73003282,0.17003397,1,1.83199834
0.00472000,10.00000000,15.00000000,13.17361917,8.35740680,0.17068950,1,1.82638083
0.00474000,10.00000000,15.00000000,13.17572855,7.98695401,0.17135594,1,1.82427145
0.00476000,10.00000000,15.00000000,13.17437922,7.61988884,0.17198205,1,1.82562078
0.00478000,10.00000000,15.00000000,13.16963446,7.25713421,0.17254132,1,1.83036554
0.00480000,10.00000000,15.00000000,13.16156639,6.89944864,0.17311506,1,1.83843361
0.00482000,10.00000000,15.00000000,13.15024862,6.54799269,0.17370391,1,1.84975138
0.00484000,10.00000000,15.00000000,13.13576483,6.20390191,0.17430848,1,1.86423517
0.00486000,10.00000000,15.00000000,13.11820854,5.86828322,0.17492928,1,1.88179146
0.00488000,10.00000000,15.00000000,13.09768270,5.54221133,0.17556680,1,1.90231730
0.00490000,10.00000000,15.00000000,13.07429930,5.22672531,0.17622142,1,1.92570070
0.00492000,10.00000000,15.00000000,13.04817898,4.92282529,0.17689347,1,1.95182102
0.00494000,10.00000000,15.00000000,13.01945055,4.63146934,0.17758630,1,1.98054945
0.00496000,10.00000000,15.00000000,12.98825043,4.35358657,0.17829748,1,2.01174957
0.00498000,10.00000000,15.00000000,12.95472250,4.09004452,0.17902688,1,2.04527750
0.00500000,10.00000000,15.00000000,12.91901733,3.84165897,0.17977458,1,2.08098267
0.00502000,10.00000000,15.00000000,12.88129162,3.60919292,0.18054057,1,2.11870838
0.00504000,10.00000000,15.00000000,12.84170766,3.39335441,0.18132481,1,2.15829234
0.00506000,10.00000000,15.00000000,12.80043271,3.19479457,0.18212760,1,2.19956729
0.00508000,10.00000000,15.00000000,12.75763843,3.01410810,0.18294727,1,2.24236157
0.00510000,10.00000000,15.00000000,12.71350031,2.85182196,0.18378462,1,2.28649969
0.00512000,10.00000000,15.00000000,12.66819696,2.70840707,0.18463938,1,2.33180304
0.00514000,10.00000000,15.00000000,12.62190955,2.58427209,0.18551122,1,2.37809045
0.00516000,10.00000000,15.00000000,12.57482119,2.47976260,0.18639976,1,2.42517881
0.00518000,10.00000000,15.00000000,12.52711632,2.39516056,0.18730575,1,2.47288368
0.00520000,10.00000000,15.00000000,12.47898009,2.33068988,0.18823090,1,2.52101991
0.00522000,10.00000000,15.00000000,12.43059778,2.28652126,0.18916549,1,2.56940222
0.00524000,10.00000000,15.00000000,12.38215436,2.26271559,0.19011469,1,2.61784564
0.00526000,10.00000000,15.00000000,12.33383339,2.25929892,0.19107793,1,2.66616661
0.00528000,10.00000000,15.00000000,12.28581677,2.27623453,0.19205453,1,2.71418323
0.00530000,10.00000000,15.00000000,12.23828413,2.31342339,0.19304379,1,2.76171587
0.00532000,10.00000000,15.00000000,12.19141229,2.37070518,0.19404788,1,2.80858771
0.00534000,10.00000000,15.00000000,12.14537471,2.44787359,0.19506135,1,2.85462529
0.00536000,10.00000000,15.00000000,12.10034115,2.54464074,0.19608210,1,2.89965885
0.00538000,10.00000000,15.00000000,12.05647692,2.66065533,0.19711226,1,2.94352308
0.00540000,10.00000000,15.00000000,12.01394238,2.79552492,0.19815093,1,2.98605762
0.00542000,10.00000000,15.00000000,11.97289260,2.94880323,0.19919718,1,3.02710740
0.00544000,10.00000000,15.00000000,11.93347696,3.11999210,0.20025006,1,3.06652304
0.00546000,10.00000000,15.00000000,11.89583871,3.30854359,0.20130860,1,3.10416129
0.00548000,10.00000000,15.00000000,11.86011466,3.51386222,0.20236824,1,3.13988534
0.00550000,10.00000000,15.00000000,11.82643483,3.73529052,0.20343224,1,3.17356517
0.00552000,10.00000000,15.00000000,11.79492191,3.97214855,0.20449928,1,3.20507809
0.00554000,10.00000000,15.00000000,11.76569122,4.22371486,0.20556784,1,3.23430878
0.00556000,10.00000000,15.00000000,11.73885038,4.48922809,0.20663684,1,3.26114962
0.00558000,10.00000000,15.00000000,11.71449915,4.76789192,0.20770523,1,3.28550085
0.00560000,10.00000000,15.00000000,11.69272913,5.05887782,0.20877192,1,3.30727087
0.00562000,10.00000000,15.00000000,11.67362366,5.36132783,0.20983584,1,3.32637634
0.00564000,10.00000000,15.00000000,11.65725765,5.67435734,0.21089592,1,3.34274235
0.00566000,10.00000000,15.00000000,11.64369744,5.99705799,0.21194974,1,3.35630256
0.00568000,10.00000000,15.00000000,11.63300083,6.32849416,0.21299643,1,3.36699917
0.00570000,10.00000000,15.00000000,11.62521684,6.66771302,0.21403644,1,3.37478316
0.00572000,10.00000000,15.00000000,11.62038566,7.01375360,0.21506876,1,3.37961434
0.00574000,10.00000000,15.00000000,11.61853875,7.36564260,0.21609237,1,3.38146125
0.00576000,10.00000000,15.00000000,11.61969884,7.72239727,0.21707674,1,3.38030116
0.00578000,10.00000000,15.00000000,11.62388199,8.08289046,0.21800281,1,3.37611801
0.00580000,10.00000000,15.00000000,11.63109609,8.44590611,0.21891673,1,3.36890391
0.00582000,10.00000000,15.00000000,11.64133557,8.81044559,0.21981784,1,3.35866443
0.00584000,10.00000000,15.00000000,11.65458645,9.17551342,0.22070538,1,3.34541355
0.00586000,10.00000000,15.00000000,11.67082644,9.54011931,0.22157551,1,3.32917356
0.00588000,10.00000000,15.00000000,11.69002538,9.90326622,0.22243018,1,3.30997462
0.00590000,10.00000000,15.00000000,11.71214481,10.26397953,0.22326888,1,3.28785519
0.00592000,10.00000000,15.00000000,11.73713845,10.62129815,0.22409103,1,3.26286155
0.00594000,10.00000000,15.00000000,11.76495240,10.97427623,0.22489609,1,3.23504760
0.00596000,10.00000000,15.00000000,11.79552540,11.32198548,0.22568355,1,3.20447460
0.00598000,10.00000000,15.00000000,11.82878903,11.66351749,0.22645298,1,3.17121097
0.00600000,10.00000000,15.00000000,11.86466798,11.99798586,0.22720481,1,3.13533202
0.00602000,10.00000000,15.00000000,11.90308018,12.32453227,0.22793684,1,3.09691982
0.00604000,10.00000000,15.00000000,11.94393744,12.64231580,0.22864686,1,3.05606256
0.00606000,10.00000000,15.00000000,11.98714567,12.95051432,0.22933751,1,3.01285433
0.00608000,10.00000000,15.00000000,12.03260455,13.24834922,0.23000861,1,2.96739545
0.00610000,10.00000000,15.00000000,12.08020822,13.53507373,0.23066004,1,2.91979178
0.00612000,10.00000000,15.00000000,12.12984568,13.80997452,0.23129173,1,2.87015432
0.00614000,10.00000000,15.00000000,12.18140102,14.07237331,0.23190028,1,2.81859898
0.00616000,10.00000000,15.00000000,12.23475427,14.32161179,0.23248545,1,2.76524573
0.00618000,10.00000000,15.00000000,12.28978117,14.55706778,0.23305303,1,2.71021883
0.00620000,10.00000000,15.00000000,12.34635265,14.77818628,0.23360253,1,2.65364735
0.00622000,10.00000000,15.00000000,12.40433628,14.98444985,0.23413261,1,2.59566372
0.00624000,10.00000000,15.00000000,12.46359675,15.17537511,0.23464173,1,2.53640325
0.00626000,10.00000000,15.00000000,12.52399618,15.35051236,0.23512655,1,2.47600382
0.00628000,10.00000000,15.00000000,12.58539473,15.50943682,0.23559341,1,2.41460527
0.00630000,10.00000000,15.00000000,12.64764933,15.65179778,0.23604391,1,2.35235067
0.00632000,10.00000000,15.00000000,12.71061502,15.77729591,0.23647840,1,2.28938498
0.00634000,10.00000000,15.00000000,12.77414557,15.88567727,0.23689339,1,2.22585443
0.00636000,10.00000000,15.00000000,12.83809445,15.97671391,0.23728555,1,2.16190555
0.00638000,10.00000000,15.00000000,12.90231501,16.05020421,0.23766122,1,2.09768499
0.00640000,10.00000000,15.00000000,12.96665920,16.10602270,0.23802195,1,2.03334080
0.00642000,10.00000000,15.00000000,13.03097892,16.14409591,0.23837006,1,1.96902108
0.00644000,10.00000000,15.00000000,13.09512633,16.16440645,0.23870122,1,1.90487367
0.00646000,10.00000000,15.00000000,13.15895536,16.16695794,0.23901291,1,1.84104464
0.00648000,10.00000000,15.00000000,13.22232154,16.15178352,0.23931133,1,1.77767846
0.00650000,10.00000000,15.00000000,13.28508088,16.11899153,0.23959842,1,1.71491912
0.00652000,10.00000000,15.00000000,13.34709112,16.06874289,0.23987574,1,1.65290888
0.00654000,10.00000000,15.00000000,13.40821226,16.00124881,0.24014134,1,1.59178774
0.00656000,10.00000000,15.00000000,13.46830745,15.91675103,0.24039028,1,1.53169255
0.00658000,10.00000000,15.00000000,13.52724369,15.81550449,0.24063002,1,1.47275631
0.00660000,10.00000000,15.00000000,13.58488996,15.69784318,0.24086293,1,1.41511004
0.00662000,10.00000000,15.00000000,13.64111871,15.56415225,0.24108953,1,1.35888129
0.00664000,10.00000000,15.00000000,13.69580650,15.41485699,0.24130959,1,1.30419350
0.00666000,10.00000000,15.00000000,13.74883441,15.25041730,0.24152203,1,1.25116559
0.00668000,10.00000000,15.00000000,13.80008844,15.07132172,0.24172565,1,1.19991156
0.00670000,10.00000000,15.00000000,13.84945970,14.87808499,0.24192704,1,1.15054030
0.00672000,10.00000000,15.00000000,13.89684346,14.67128991,0.24212666,1,1.10315654
0.00674000,10.00000000,15.00000000,13.94214064,14.45155207,0.24232583,1,1.05785936
0.00676000,10.00000000,15.00000000,13.98525787,14.21952298,0.24252498,1,1.01474213
0.00678000,10.00000000,15.00000000,14.02610790,13.97588352,0.24272470,1,0.97389210
0.00680000,10.00000000,15.00000000,14.06460980,13.72134275,0.24292624,1,0.93539020
0.00682000,10.00000000,15.00000000,14.10068905,13.45663976,0.24312703,1,0.89931095
0.00684000,10.00000000,15.00000000,14.13427822,13.18252018,0.24333144,1,0.86572178
0.00686000,10.00000000,15.00000000,14.16531615,12.89977323,0.24354046,1,0.83468385
0.00688000,10.00000000,15.00000000,14.19374865,12.60921065,0.24375499,1,0.80625135
0.00690000,10.00000000,15.00000000,14.21952871,12.31166418,0.24397592,1,0.78047129
0.00692000,10.00000000,15.00000000,14.24261661,12.00798322,0.24420408,1,0.75738339
0.00694000,10.00000000,15.00000000,14.26298004,11.69903228,0.24444099,1,0.73701996
0.00696000,10.00000000,15.00000000,14.28059408,11.38569267,0.24468701,1,0.71940592
0.00698000,10.00000000,15.00000000,14.29544146,11.06885348,0.24494245,1,0.70455854
0.00700000,10.00000000,15.00000000,14.30751256,10.74940910,0.24520797,1,0.69248744
0.00702000,10.00000000,15.00000000,14.31680534,10.42825863,0.24548414,1,0.68319466
0.00704000,10.00000000,15.00000000,14.32332537,10.10630326,0.24577148,1,0.67667463
0.00706000,10.00000000,15.00000000,14.32708581,9.78444349,0.24607045,1,0.67291419
0.00708000,10.00000000,15.00000000,14.32810731,9.46357645,0.24638144,1,0.67189269
0.00710000,10.00000000,15.00000000,14.32641794,9.14459321,0.24663059,1,0.67358206
0.00712000,10.00000000,15.00000000,14.32205873,8.82795011,0.24684873,1,0.67794127
0.00714000,10.00000000,15.00000000,14.31507133,8.51426699,0.24708113,1,0.68492867
0.00716000,10.00000000,15.00000000,14.30549882,8.20440982,0.24732828,1,0.69450118
0.00718000,10.00000000,15.00000000,14.29339131,7.89923235,0.24759061,1,0.70660869
0.00720000,10.00000000,15.00000000,14.27880573,7.59957372,0.24786849,1,0.72119427
0.00722000,10.00000000,15.00000000,14.26180574,7.30625599,0.24816222,1,0.73819426
0.00724000,10.00000000,15.00000000,14.24246145,7.02008177,0.24847206,1,0.75753855
0.00726000,10.00000000,15.00000000,14.22084929,6.74183194,0.24879917,1,0.77915071
0.00728000,10.00000000,15.00000000,14.19705163,6.47226876,0.24914333,1,0.80294837
0.00730000,10.00000000,15.00000000,14.17115672,6.21212634,0.24950419,1,0.82884328
0.00732000,10.00000000,15.00000000,14.14325837,5.96210811,0.24988183,1,0.85674163
0.00734000,10.00000000,15.00000000,14.11345559,5.72288750,0.25027626,1,0.88654441
0.00736000,10.00000000,15.00000000,14.08185234,5.49510616,0.25068746,1,0.91814766
0.00738000,10.00000000,15.00000000,14.04855716,5.27937218,0.25111256,1,0.95144284
0.00740000,10.00000000,15.00000000,14.01368294,5.07624299,0.25155315,1,0.98631706
0.00742000,10.00000000,15.00000000,13.97734633,4.88624905,0.25201152,1,1.02265367
0.00744000,10.00000000,15.00000000,13.93966739,4.70989678,0.25248612,1,1.06033261
0.00746000,10.00000000,15.00000000,13.90076950,4.54764598,0.25297675,1,1.09923050
0.00748000,10.00000000,15.00000000,13.86077890,4.39991656,0.25348317,1,1.13922110
0.00750000,10.00000000,15.00000000,13.81982428,4.26708758,0.25400510,1,1.18017572
0.00752000,10.00000000,15.00000000,13.77803643,4.14949644,0.25454223,1,1.22196357
0.00754000,10.00000000,15.00000000,13.73554783,4.04743827,0.25509440,1,1.26445217
0.00756000,10.00000000,15.00000000,13.69249229,3.96116636,0.25565795,1,1.30750771
0.00758000,10.00000000,15.00000000,13.64900462,3.89087274,0.25623563,1,1.35099538
0.00760000,10.00000000,15.00000000,13.60521999,3.83672344,0.25682703,1,1.39478001
0.00762000,10.00000000,15.00000000,13.56127374,3.79884096,0.25743168,1,1.43872626
0.00764000,10.00000000,15.00000000,13.51730101,3.77730423,0.25804909,1,1.48269899
0.00766000,10.00000000,15.00000000,13.47343635,3.77214878,0.25867875,1,1.52656365
0.00768000,10.00000000,15.00000000,13.42981340,3.78336692,0.25932182,1,1.57018660
0.00770000,10.00000000,15.00000000,13.38656445,3.81091727,0.25997136,1,1.61343555
0.00772000,10.00000000,15.00000000,13.34382034,3.85468195,0.26063153,1,1.65617966
0.00774000,10.00000000,15.00000000,13.30170962,3.91452686,0.26130169,1,1.69829038
0.00776000,10.00000000,15.00000000,13.26035849,3.99027684,0.26198120,1,1.73964151
0.00778000,10.00000000,15.00000000,13.21989055,4.08171648,0.26266940,1,1.78010945
0.00780000,10.00000000,15.00000000,13.18042640,4.18859106,0.26336558,1,1.81957360
0.00782000,10.00000000,15.00000000,13.14208341,4.31060748,0.26406905,1,1.85791659
0.00784000,10.00000000,15.00000000,13.10497539,4.44743539,0.26477601,1,1.89502461
0.00786000,10.00000000,15.00000000,13.06921243,4.59869236,0.26548901,1,1.93078757
0.00788000,10.00000000,15.00000000,13.03490034,4.76397849,0.26620710,1,1.96509966
0.00790000,10.00000000,15.00000000,13.00214061,4.94285945,0.26692950,1,1.99785939
0.00792000,10.00000000,15.00000000,12.97103022,5.13486880,0.26765540,1,2.02896978
0.00794000,10.00000000,15.00000000,12.94166139,5.33950944,0.26838398,1,2.05833861
0.00796000,10.00000000,15.00000000,12.91412140,5.55625516,0.26911442,1,2.08587860
0.00798000,10.00000000,15.00000000,12.88849240,5.78455213,0.26984588,1,2.11150760
0.00800000,10.00000000,15.00000000,12.86485125,6.02382059,0.27057752,1,2.13514875
0.00802000,10.00000000,15.00000000,12.84326938,6.27345647,0.27130715,1,2.15673062
0.00804000,10.00000000,15.00000000,12.82381271,6.53282627,0.27203351,1,2.17618729
0.00806000,10.00000000,15.00000000,12.80654149,6.80127346,0.27275773,1,2.19345851
0.00808000,10.00000000,15.00000000,12.79150998,7.07813268,0.27347896,1,2.20849002
0.00810000,10.00000000,15.00000000,12.77876662,7.36272123,0.27419635,1,2.22123338
0.00812000,10.00000000,15.00000000,12.76835392,7.65434087,0.27490906,1,2.23164608
0.00814000,10.00000000,15.00000000,12.76030841,7.95227959,0.27561622,1,2.23969159
0.00816000,10.00000000,15.00000000,12.75466066,8.25581338,0.27631701,1,2.24533934
0.00818000,10.00000000,15.00000000,12.75143516,8.56420808,0.27701058,1,2.24856484
0.00820000,10.00000000,15.00000000,12.75065042,8.87672106,0.27769612,1,2.24934958
0.00822000,10.00000000,15.00000000,12.75231890,9.19260311,0.27831325,1,2.24768110
0.00824000,10.00000000,15.00000000,12.75645203,9.51079554,0.27889228,1,2.24354797
0.00826000,10.00000000,15.00000000,12.76305075,9.83039411,0.27946072,1,2.23694925
0.00828000,10.00000000,15.00000000,12.77210665,10.15063770,0.28001810,1,2.22789335
0.00830000,10.00000000,15.00000000,12.78360547,10.47076760,0.28056384,1,2.21639453
0.00832000,10.00000000,15.00000000,12.79752717,10.79002857,0.28109739,1,2.20247283
0.00834000,10.00000000,15.00000000,12.81384602,11.10767057,0.28161821,1,2.18615398
0.00836000,10.00000000,15.00000000,12.83253070,11.42295031,0.28212580,1,2.16746930
0.00838000,10.00000000,15.00000000,12.85354444,11.73513295,0.28261968,1,2.14645556
0.00840000,10.00000000,15.00000000,12.87684509,12.04349362,0.28309604,1,2.12315491
0.00842000,10.00000000,15.00000000,12.90238568,12.34730151,0.28355737,1,2.09761432
0.00844000,10.00000000,15.00000000,12.93011372,12.64585384,0.28400351,1,2.06988628
0.00846000,10.00000000,15.00000000,12.95997171,12.93846337,0.28443411,1,2.04002829
0.00848000,10.00000000,15.00000000,12.99189740,13.22445890,0.28484887,1,2.00810260
0.00850000,10.00000000,15.00000000,13.02582391,13.50318661,0.28524752,1,1.97417609
0.00852000,10.00000000,15.00000000,13.06167989,13.77401149,0.28562984,1,1.93832011
0.00854000,10.00000000,15.00000000,13.09938974,14.03631858,0.28599564,1,1.90061026
0.00856000,10.00000000,15.00000000,13.13887378,14.28951425,0.28634418,1,1.86112622
0.00858000,10.00000000,15.00000000,13.18004851,14.53302432,0.28667277,1,1.81995149
0.00860000,10.00000000,15.00000000,13.22282708,14.76628458,0.28698431,1,1.77717292
0.00862000,10.00000000,15.00000000,13.26711861,14.98877124,0.28727880,1,1.73288139
0.00864000,10.00000000,15.00000000,13.31282894,15.19998651,0.28755624,1,1.68717106
0.00866000,10.00000000,15.00000000,13.35986083,15.39945954,0.28781669,1,1.64013917
0.00868000,10.00000000,15.00000000,13.40811419,15.58674735,0.28806024,1,1.59188581
0.00870000,10.00000000,15.00000000,13.45748629,15.76143580,0.28828259,1,1.54251371
0.00872000,10.00000000,15.00000000,13.50787269,15.92311642,0.28848683,1,1.49212731
0.00874000,10.00000000,15.00000000,13.55916616,16.07142653,0.28867694,1,1.44083384
0.00876000,10.00000000,15.00000000,13.61125686,16.20605522,0.28885068,1,1.38874314
0.00878000,10.00000000,15.00000000,13.66403377,16.32670998,0.28900830,1,1.33596623
0.00880000,10.00000000,15.00000000,13.71738437,16.43313067,0.28915015,1,1.28261563
0.00882000,10.00000000,15.00000000,13.77119495,16.52509027,0.28927159,1,1.22880505
0.00884000,10.00000000,15.00000000,13.82535163,16.60236769,0.28937607,1,1.17464837
0.00886000,10.00000000,15.00000000,13.87973908,16.66479209,0.28946696,1,1.12026092
0.00888000,10.00000000,15.00000000,13.93424095,16.71224346,0.28954417,1,1.06575905
0.00890000,10.00000000,15.00000000,13.98874079,16.74463331,0.28960763,1,1.01125921
0.00892000,10.00000000,15.00000000,14.04312231,16.76190507,0.28965792,1,0.95687769
0.00894000,10.00000000,15.00000000,14.09726947,16.76403745,0.28968933,1,0.90273053
0.00896000,10.00000000,15.00000000,14.15106782,16.75100887,0.28970811,1,0.84893218
0.00898000,10.00000000,15.00000000,14.20440246,16.72286447,0.28971650,1,0.79559754
0.00900000,10.00000000,15.00000000,14.25715927,16.67969395,0.28971430,1,0.74284073
0.00902000,10.00000000,15.00000000,14.30922562,16.62161733,0.28970211,1,0.69077438
0.00904000,10.00000000,15.00000000,14.36049042,16.54878923,0.28968071,1,0.63950958
0.00906000,10.00000000,15.00000000,14.41084441,16.46139947,0.28964524,1,0.58915559
0.00908000,10.00000000,15.00000000,14.46018129,16.35963989,0.28960145,1,0.53981871
0.00910000,10.00000000,15.00000000,14.50839599,16.24376486,0.28955123,1,0.49160401
0.00912000,10.00000000,15.00000000,14.55538580,16.11406883,0.28949511,1,0.44461420
0.00914000,10.00000000,15.00000000,14.60105088,15.97087787,0.28943401,1,0.39894912
0.00916000,10.00000000,15.00000000,14.64529442,15.81455118,0.28936891,1,0.35470558
0.00918000,10.00000000,15.00000000,14.68802290,15.64548048,0.28930056,1,0.31197710
0.00920000,10.00000000,15.00000000,14.72914631,15.46408800,0.28922503,1,0.27085369
0.00922000,10.00000000,15.00000000,14.76857913,15.27079768,0.28914957,1,0.23142087
0.00924000,10.00000000,15.00000000,14.80623860,15.06610004,0.28907423,1,0.19376140
0.00926000,10.00000000,15.00000000,14.84204634,14.85050903,0.28900004,1,0.15795366
0.00928000,10.00000000,15.00000000,14.87592838,14.62456652,0.28892804,1,0.12407162
0.00930000,10.00000000,15.00000000,14.90781534,14.38884116,0.28885924,1,0.09218466
0.00932000,10.00000000,15.00000000,14.93764265,14.14392705,0.28879453,1,0.06235735
0.00934000,10.00000000,15.00000000,14.96535073,13.89044142,0.28873475,1,0.03464927
0.00936000,10.00000000,15.00000000,14.99088517,13.62902316,0.28868114,1,0.00911483
0.00938000,10.00000000,15.00000000,15.01419681,13.36033360,0.28871758,1,-0.01419681
0.00940000,10.00000000,15.00000000,15.03523180,13.08555327,0.28880270,1,-0.03523180
0.00942000,10.00000000,15.00000000,15.05395172,12.80562918,0.28888350,1,-0.05395172
0.00944000,10.00000000,15.00000000,15.07033250,12.52119868,0.28896017,1,-0.07033250
0.00946000,10.00000000,15.00000000,15.08435521,12.23290605,0.28903328,1,-0.08435521
0.00948000,10.00000000,15.00000000,15.09600601,11.94140345,0.28905519,1,-0.09600601
0.00950000,10.00000000,15.00000000,15.10528137,11.64705742,0.28897103,1,-0.10528137
0.00952000,10.00000000,15.00000000,15.11218584,11.34990195,0.28889780,1,-0.11218584
0.00954000,10.00000000,15.00000000,15.11671143,11.05067825,0.28883627,1,-0.11671143
0.00956000,10.00000000,15.00000000,15.11885608,10.75013388,0.28878720,1,-0.11885608
0.00958000,10.00000000,15.00000000,15.11862366,10.44902101,0.28876147,1,-0.11862366
0.00960000,10.00000000,15.00000000,15.11602309,10.14815587,0.28884231,1,-0.11602309
0.00962000,10.00000000,15.00000000,15.11106267,9.84885555,0.28893698,1,-0.11106267
0.00964000,10.00000000,15.00000000,15.10376981,9.55187093,0.28904531,1,-0.10376981
0.00966000,10.00000000,15.00000000,15.09417780,9.25794267,0.28916762,1,-0.09417780
0.00968000,10.00000000,15.00000000,15.08232566,8.96780282,0.28930426,1,-0.08232566
0.00970000,10.00000000,15.00000000,15.06825797,8.68217296,0.28945552,1,-0.06825797
0.00972000,10.00000000,15.00000000,15.05202481,8.40176253,0.28962169,1,-0.05202481
0.00974000,10.00000000,15.00000000,15.03368160,8.12726697,0.28980302,1,-0.03368160
0.00976000,10.00000000,15.00000000,15.01328894,7.85936607,0.28999975,1,-0.01328894
0.00978000,10.00000000,15.00000000,14.99091245,7.59872224,0.29015907,1,0.00908755
0.00980000,10.00000000,15.00000000,14.96662576,7.34566083,0.29024454,1,0.03337424
0.00982000,10.00000000,15.00000000,14.94050623,7.10026846,0.29033379,1,0.05949377
0.00984000,10.00000000,15.00000000,14.91262661,6.86307594,0.29042755,1,0.08737339
0.00986000,10.00000000,15.00000000,14.88306330,6.63459707,0.29052665,1,0.11693670
0.00988000,10.00000000,15.00000000,14.85189618,6.41532804,0.29063118,1,0.14810382
0.00990000,10.00000000,15.00000000,14.81920853,6.20574196,0.29074141,1,0.18079147
0.00992000,10.00000000,15.00000000,14.78508676,6.00628915,0.29085771,1,0.21491324
0.00994000,10.00000000,15.00000000,14.74962023,5.81739668,0.29098041,1,0.25037977
0.00996000,10.00000000,15.00000000,14.71290107,5.63946743,0.29117257,1,0.28709893
0.00998000,10.00000000,15.00000000,14.67502149,5.47324833,0.29146251,1,0.32497851
0.01000000,10.00000000,15.00000000,14.63607826,5.31962225,0.29176498,1,0.36392174
0.01002000,10.00000000,15.00000000,14.59617778,5.17893986,0.29208261,1,0.40382222
0.01004000,10.00000000,15.00000000,14.55542835,5.05153577,0.29241502,1,0.44457165
0.01006000,10.00000000,15.00000000,14.51394010,4.93771041,0.29276187,1,0.48605990
0.01008000,10.00000000,15.00000000,14.47182472,4.83772980,0.29312280,1,0.52817528
0.01010000,10.00000000,15.00000000,14.42919512,4.75182507,0.29349741,1,0.57080488
0.01012000,10.00000000,15.00000000,14.38616515,4.68019211,0.29388562,1,0.61383485
0.01014000,10.00000000,15.00000000,14.34284931,4.62299316,0.29428368,1,0.65715069
0.01016000,10.00000000,15.00000000,14.29936255,4.58033568,0.29469247,1,0.70063745
0.01018000,10.00000000,15.00000000,14.25581968,4.55229921,0.29511338,1,0.74418032
0.01020000,10.00000000,15.00000000,14.21233515,4.53893813,0.29554592,1,0.78766485
0.01022000,10.00000000,15.00000000,14.16902290,4.54027130,0.29598959,1,0.83097710
0.01024000,10.00000000,15.00000000,14.12599606,4.55628225,0.29644388,1,0.87400394
0.01026000,10.00000000,15.00000000,14.08336665,4.58691945,0.29690825,1,0.91663335
0.01028000,10.00000000,15.00000000,14.04124537,4.63209669,0.29738113,1,0.95875463
0.01030000,10.00000000,15.00000000,13.99974129,4.69168771,0.29786007,1,1.00025871
0.01032000,10.00000000,15.00000000,13.95896163,4.76552216,0.29834755,1,1.04103837
0.01034000,10.00000000,15.00000000,13.91901123,4.85341377,0.29884295,1,1.08098877
0.01036000,10.00000000,15.00000000,13.87999258,4.95514387,0.29934566,1,1.12000742
0.01038000,10.00000000,15.00000000,13.84200555,5.07046210,0.29985503,1,1.15799445
0.01040000,10.00000000,15.00000000,13.80514717,5.19908727,0.30037042,1,1.19485283
0.01042000,10.00000000,15.00000000,13.76951145,5.34070817,0.30089114,1,1.23048855
0.01044000,10.00000000,15.00000000,13.73518909,5.49498457,0.30141358,1,1.26481091
0.01046000,10.00000000,15.00000000,13.70226751,5.66153198,0.30193843,1,1.29773249
0.01048000,10.00000000,15.00000000,13.67083029,5.83994669,0.30246786,1,1.32916971
0.01050000,10.00000000,15.00000000,13.64095703,6.02981488,0.30299996,1,1.35904297
0.01052000,10.00000000,15.00000000,13.61272348,6.23069138,0.30353399,1,1.38727652
0.01054000,10.00000000,15.00000000,13.58620127,6.44210745,0.30406920,1,1.41379873
0.01056000,10.00000000,15.00000000,13.56145778,6.66357195,0.30460485,1,1.43854222
0.01058000,10.00000000,15.00000000,13.53855602,6.89457264,0.30514018,1,1.46144398
0.01060000,10.00000000,15.00000000,13.51755449,7.13457743,0.30567442,1,1.48244551
0.01062000,10.00000000,15.00000000,13.49850714,7.38303569,0.30620681,1,1.50149286
0.01064000,10.00000000,15.00000000,13.48146319,7.63937963,0.30673657,1,1.51853681
0.01066000,10.00000000,15.00000000,13.46646715,7.90302557,0.30726154,1,1.53353285
0.01068000,10.00000000,15.00000000,13.45355875,8.17336779,0.30778162,1,1.54644125
0.01070000,10.00000000,15.00000000,13.44277280,8.44979119,0.30829703,1,1.55722720
0.01072000,10.00000000,15.00000000,13.43413904,8.73167431,0.30880703,1,1.56586096
0.01074000,10.00000000,15.00000000,13.42768230,9.01838543,0.30931084,1,1.57231770
0.01076000,10.00000000,15.00000000,13.42342243,9.30928397,0.30980772,1,1.57657757
0.01078000,10.00000000,15.00000000,13.42137430,9.60372187,0.31029692,1,1.57862570
0.01080000,10.00000000,15.00000000,13.42154781,9.90104499,0.31077075,1,1.57845219
0.01082000,10.00000000,15.00000000,13.42394853,10.20055708,0.31115320,1,1.57605147
0.01084000,10.00000000,15.00000000,13.42858396,10.50115308,0.31152552,1,1.57141604
0.01086000,10.00000000,15.00000000,13.43544608,10.80216523,0.31188759,1,1.56455392
0.01088000,10.00000000,15.00000000,13.44452195,11.10292889,0.31223889,1,1.55547805
0.01090000,10.00000000,15.00000000,13.45579381,11.40278180,0.31257895,1,1.54420619
0.01092000,10.00000000,15.00000000,13.46923916,11.70106538,0.31290727,1,1.53076084
0.01094000,10.00000000,15.00000000,13.48483078,11.99712606,0.31322230,1,1.51516922
0.01096000,10.00000000,15.00000000,13.50253700,12.29031053,0.31352310,1,1.49746300
0.01098000,10.00000000,15.00000000,13.52232167,12.57997032,0.31381062,1,1.47767833
0.01100000,10.00000000,15.00000000,13.54414398,12.86547308,0.31408450,1,1.45585602
0.01102000,10.00000000,15.00000000,13.56795882,13.14619666,0.31434440,1,1.43204118
0.01104000,10.00000000,15.00000000,13.59371684,13.42153030,0.31458998,1,1.40628316
0.01106000,10.00000000,15.00000000,13.62136460,13.69087576,0.31482098,1,1.37863540
0.01108000,10.00000000,15.00000000,13.65084471,13.95364855,0.31503712,1,1.34915529
0.01110000,10.00000000,15.00000000,13.68209590,14.20927904,0.31523818,1,1.31790410
0.01112000,10.00000000,15.00000000,13.71505322,14.45721359,0.31542444,1,1.28494678
0.01114000,10.00000000,15.00000000,13.74964806,14.69691816,0.31559581,1,1.25035194
0.01116000,10.00000000,15.00000000,13.78580842,14.92787726,0.31574761,1,1.21419158
0.01118000,10.00000000,15.00000000,13.82345969,15.14956941,0.31588259,1,1.17654031
0.01120000,10.00000000,15.00000000,13.86252359,15.36150858,0.31600166,1,1.13747641
0.01122000,10.00000000,15.00000000,13.90291871,15.56323513,0.31610480,1,1.09708129
0.01124000,10.00000000,15.00000000,13.94456082,15.75431144,0.31619203,1,1.05543918
0.01126000,10.00000000,15.00000000,13.98736308,15.93432275,0.31626340,1,1.01263692
0.01128000,10.00000000,15.00000000,14.03123619,16.10287802,0.31631901,1,0.96876381
0.01130000,10.00000000,15.00000000,14.07608859,16.25961072,0.31635658,1,0.92391141
0.01132000,10.00000000,15.00000000,14.12182700,16.40416605,0.31637582,1,0.87817300
0.01134000,10.00000000,15.00000000,14.16835622,16.53621238,0.31638067,1,0.83164378
0.01136000,10.00000000,15.00000000,14.21557861,16.65546575,0.31637019,1,0.78442139
0.01138000,10.00000000,15.00000000,14.26339523,16.76166297,0.31634464,1,0.73660477
0.01140000,10.00000000,15.00000000,14.31170583,16.85456875,0.31630436,1,0.68829417
0.01142000,10.00000000,15.00000000,14.36040899,16.93397633,0.31624969,1,0.63959101
0.01144000,10.00000000,15.00000000,14.40940237,16.99970800,0.31617566,1,0.59059763
0.01146000,10.00000000,15.00000000,14.45858377,17.05158442,0.31608693,1,0.54141623
0.01148000,10.00000000,15.00000000,14.50784955,17.08948030,0.31598518,1,0.49215045
0.01150000,10.00000000,15.00000000,14.55709549,17.11330756,0.31587060,1,0.44290451
0.01152000,10.00000000,15.00000000,14.60621732,17.12300707,0.31574375,1,0.39378268
0.01154000,10.00000000,15.00000000,14.65511086,17.11855076,0.31560522,1,0.34488914
0.01156000,10.00000000,15.00000000,14.70367223,17.09994180,0.31545305,1,0.29632777
0.01158000,10.00000000,15.00000000,14.75179855,17.06719946,0.31528645,1,0.24820145
0.01160000,10.00000000,15.00000000,14.79938778,17.02036573,0.31510975,1,0.20061222
0.01162000,10.00000000,15.00000000,14.84633804,16.95953548,0.31492389,1,0.15366196
0.01164000,10.00000000,15.00000000,14.89254862,16.88483651,0.31472968,1,0.10745138
0.01166000,10.00000000,15.00000000,14.93792018,16.79642838,0.31452791,1,0.06207982
0.01168000,10.00000000,15.00000000,14.98235499,16.69450233,0.31431946,1,0.01764501
0.01170000,10.00000000,15.00000000,15.02575720,16.57928106,0.31425639,1,-0.02575720
0.01172000,10.00000000,15.00000000,15.06800877,16.45193196,0.31428782,1,-0.06800877
0.01174000,10.00000000,15.00000000,15.10901002,16.31335276,0.31431023,1,-0.10901002
0.01176000,10.00000000,15.00000000,15.14868537,16.16384324,0.31432430,1,-0.14868537
0.01178000,10.00000000,15.00000000,15.18696191,16.00372728,0.31432963,1,-0.18696191
0.01180000,10.00000000,15.00000000,15.22376969,15.83334541,0.31432607,1,-0.22376969
0.01182000,10.00000000,15.00000000,15.25904177,15.65305570,0.31431397,1,-0.25904177
0.01184000,10.00000000,15.00000000,15.29271425,15.46323589,0.31407805,1,-0.29271425
0.01186000,10.00000000,15.00000000,15.32475813,15.26295766,0.31381426,1,-0.32475813
0.01188000,10.00000000,15.00000000,15.35510761,15.05249984,0.31355298,1,-0.35510761
0.01190000,10.00000000,15.00000000,15.38369487,14.83234594,0.31329235,1,-0.38369487
0.01192000,10.00000000,15.00000000,15.41045640,14.60298664,0.31303308,1,-0.41045640
0.01194000,10.00000000,15.00000000,15.43533267,14.36493451,0.31277565,1,-0.43533267
0.01196000,10.00000000,15.00000000,15.45826831,14.11872155,0.31252108,1,-0.45826831
0.01198000,10.00000000,15.00000000,15.47921220,13.86490131,0.31227012,1,-0.47921220
0.01200000,10.00000000,15.00000000,15.49811760,13.60404618,0.31202354,1,-0.49811760
0.01202000,10.00000000,15.00000000,15.51494234,13.33674618,0.31178211,1,-0.51494234
0.01204000,10.00000000,15.00000000,15.52964892,13.06360775,0.31154657,1,-0.52964892
0.01206000,10.00000000,15.00000000,15.54220460,12.78525249,0.31131771,1,-0.54220460
0.01208000,10.00000000,15.00000000,15.55258155,12.50231577,0.31109629,1,-0.55258155
0.01210000,10.00000000,15.00000000,15.56075688,12.21544547,0.31088307,1,-0.56075688
0.01212000,10.00000000,15.00000000,15.56671279,11.92530044,0.31067882,1,-0.56671279
0.01214000,10.00000000,15.00000000,15.57043656,11.63254915,0.31048417,1,-0.57043656
0.01216000,10.00000000,15.00000000,15.57192070,11.33786743,0.31029968,1,-0.57192070
0.01218000,10.00000000,15.00000000,15.57116294,11.04193642,0.31015993,1,-0.57116294
0.01220000,10.00000000,15.00000000,15.56816298,10.74565364,0.31009770,1,-0.56816298
0.01222000,10.00000000,15.00000000,15.56292474,10.45012041,0.31004757,1,-0.56292474
0.01224000,10.00000000,15.00000000,15.55546721,10.15602752,0.31000938,1,-0.55546721
0.01226000,10.00000000,15.00000000,15.54581467,9.86405872,0.30998377,1,-0.54581467
0.01228000,10.00000000,15.00000000,15.53399652,9.57489439,0.30997114,1,-0.53399652
0.01230000,10.00000000,15.00000000,15.52004727,9.28920853,0.30997186,1,-0.52004727
0.01232000,10.00000000,15.00000000,15.50400644,9.00766693,0.30998626,1,-0.50400644
0.01234000,10.00000000,15.00000000,15.48591848,8.73092566,0.31001465,1,-0.48591848
0.01236000,10.00000000,15.00000000,15.46583267,8.45962943,0.31005731,1,-0.46583267
0.01238000,10.00000000,15.00000000,15.44380299,8.19441006,0.31011448,1,-0.44380299
0.01240000,10.00000000,15.00000000,15.41988798,7.93588486,0.31018628,1,-0.41988798
0.01242000,10.00000000,15.00000000,15.39415064,7.68465455,0.31027303,1,-0.39415064
0.01244000,10.00000000,15.00000000,15.36665821,7.44130328,0.31037490,1,-0.36665821
0.01246000,10.00000000,15.00000000,15.33748204,7.20639649,0.31049203,1,-0.33748204
0.01248000,10.00000000,15.00000000,15.30669742,6.98047947,0.31062493,1,-0.30669742
0.01250000,10.00000000,15.00000000,15.27438336,6.76407856,0.31077748,1,-0.27438336
0.01252000,10.00000000,15.00000000,15.24062223,6.55772077,0.31094571,1,-0.24062223
0.01254000,10.00000000,15.00000000,15.20550016,6.36188456,0.31112958,1,-0.20550016
0.01256000,10.00000000,15.00000000,15.16910642,6.17702311,0.31132903,1,-0.16910642
0.01258000,10.00000000,15.00000000,15.13153317,6.00356327,0.31154397,1,-0.13153317
0.01260000,10.00000000,15.00000000,15.09287525,5.84190458,0.31177426,1,-0.09287525
0.01262000,10.00000000,15.00000000,15.05322990,5.69241829,0.31201971,1,-0.05322990
0.01264000,10.00000000,15.00000000,15.01269656,5.55544650,0.31227960,1,-0.01269656
0.01266000,10.00000000,15.00000000,14.97137661,5.43129825,0.31238564,1,0.02862339
0.01268000,10.00000000,15.00000000,14.92937925,5.31924616,0.31242556,1,0.07062075
0.01270000,10.00000000,15.00000000,14.88680367,5.21906496,0.31247412,1,0.11319633
0.01272000,10.00000000,15.00000000,14.84374388,5.13095088,0.31253176,1,0.15625612
0.01274000,10.00000000,15.00000000,14.80029473,5.05507614,0.31259863,1,0.19970527
0.01276000,10.00000000,15.00000000,14.75655178,4.99158725,0.31267486,1,0.24344822
0.01278000,10.00000000,15.00000000,14.71261105,4.94060462,0.31276064,1,0.28738895
0.01280000,10.00000000,15.00000000,14.66856882,4.90222285,0.31286242,1,0.33143118
0.01282000,10.00000000,15.00000000,14.62452122,4.87654739,0.31319403,1,0.37547878
0.01284000,10.00000000,15.00000000,14.58055778,4.86490643,0.31353672,1,0.41944222
0.01286000,10.00000000,15.00000000,14.53678438,4.86731515,0.31389001,1,0.46321562
0.01288000,10.00000000,15.00000000,14.49330621,4.88375651,0.31425341,1,0.50669379
0.01290000,10.00000000,15.00000000,14.45022746,4.91418139,0.31462640,1,0.54977254
0.01292000,10.00000000,15.00000000,14.40765110,4.95850891,0.31500845,1,0.59234890
0.01294000,10.00000000,15.00000000,14.36567867,5.01662680,0.31539863,1,0.63432133
0.01296000,10.00000000,15.00000000,14.32441000,5.08838966,0.31579258,1,0.67559000
0.01298000,10.00000000,15.00000000,14.28394313,5.17360008,0.31619413,1,0.71605687
0.01300000,10.00000000,15.00000000,14.24437363,5.27205604,0.31660266,1,0.75562637
0.01302000,10.00000000,15.00000000,14.20579474,5.38352634,0.31701758,1,0.79420526
0.01304000,10.00000000,15.00000000,14.16829716,5.50775138,0.31743827,1,0.83170284
0.01306000,10.00000000,15.00000000,14.13196884,5.64444384,0.31786409,1,0.86803116
0.01308000,10.00000000,15.00000000,14.09689484,5.79328957,0.31829439,1,0.90310516
0.01310000,10.00000000,15.00000000,14.06315708,5.95394839,0.31872778,1,0.93684292
0.01312000,10.00000000,15.00000000,14.03083428,6.12605088,0.31916049,1,0.96916572
0.01314000,10.00000000,15.00000000,14.00000184,6.30918607,0.31959591,1,0.99999816
0.01316000,10.00000000,15.00000000,13.97073123,6.50294275,0.32003420,1,1.02926877
0.01318000,10.00000000,15.00000000,13.94309020,6.70689238,0.32047375,1,1.05690980
0.01320000,10.00000000,15.00000000,13.91714274,6.92058026,0.32091385,1,1.08285726
0.01322000,10.00000000,15.00000000,13.89294888,7.14353175,0.32135378,1,1.10705112
0.01324000,10.00000000,15.00000000,13.87056460,7.37525338,0.32179282,1,1.12943540
0.01326000,10.00000000,15.00000000,13.85004174,7.61523397,0.32223024,1,1.14995826
0.01328000,10.00000000,15.00000000,13.83142786,7.86294586,0.32266532,1,1.16857214
0.01330000,10.00000000,15.00000000,13.81476622,8.11784605,0.32309732,1,1.18523378
0.01332000,10.00000000,15.00000000,13.80009570,8.37937743,0.32352550,1,1.19990430
0.01334000,10.00000000,15.00000000,13.78745073,8.64697000,0.32394913,1,1.21254927
0.01336000,10.00000000,15.00000000,13.77686123,8.92004212,0.32436609,1,1.22313877
0.01338000,10.00000000,15.00000000,13.76835274,9.19799403,0.32477693,1,1.23164726
0.01340000,10.00000000,15.00000000,13.76194607,9.48022389,0.32518131,1,1.23805393
0.01342000,10.00000000,15.00000000,13.75765742,9.76612410,0.32557852,1,1.24234258
0.01344000,10.00000000,15.00000000,13.75549845,10.05508038,0.32596784,1,1.24450155
0.01346000,10.00000000,15.00000000,13.75547621,10.34647308,0.32634857,1,1.24452379
0.01348000,10.00000000,15.00000000,13.75759322,10.63967840,0.32663160,1,1.24240678
0.01350000,10.00000000,15.00000000,13.76185620,10.93358171,0.32690355,1,1.23814380
0.01352000,10.00000000,15.00000000,13.76825561,11.22754611,0.32716530,1,1.23174439
0.01354000,10.00000000,15.00000000,13.77677724,11.52094344,0.32741639,1,1.22322276
0.01356000,10.00000000,15.00000000,13.78740243,11.81314799,0.32765633,1,1.21259757
0.01358000,10.00000000,15.00000000,13.80010818,12.10353742,0.32788271,1,1.19989182
0.01360000,10.00000000,15.00000000,13.81486738,12.39148326,0.32809683,1,1.18513262
0.01362000,10.00000000,15.00000000,13.83164842,12.67637250,0.32829832,1,1.16835158
0.01364000,10.00000000,15.00000000,13.85041554,12.95759937,0.32848679,1,1.14958446
0.01366000,10.00000000,15.00000000,13.87112886,13.23456639,0.32866190,1,1.12887114
0.01368000,10.00000000,15.00000000,13.89374454,13.50668550,0.32882332,1,1.10625546
0.01370000,10.00000000,15.00000000,13.91821484,13.77337921,0.32897075,1,1.08178516
0.01372000,10.00000000,15.00000000,13.94448821,14.03408167,0.32910393,1,1.05551179
0.01374000,10.00000000,15.00000000,13.97250943,14.28823974,0.32922261,1,1.02749057
0.01376000,10.00000000,15.00000000,14.00221973,14.53531406,0.32932691,1,0.99778027
0.01378000,10.00000000,15.00000000,14.03355684,14.77478185,0.32941665,1,0.96644316
0.01380000,10.00000000,15.00000000,14.06645515,15.00613624,0.32949134,1,0.93354485
0.01382000,10.00000000,15.00000000,14.10084596,15.22888517,0.32954647,1,0.89915404
0.01384000,10.00000000,15.00000000,14.13665816,15.44252941,0.32958572,1,0.86334184
0.01386000,10.00000000,15.00000000,14.17381698,15.64660938,0.32960944,1,0.82618302
0.01388000,10.00000000,15.00000000,14.21224481,15.84068736,0.32961763,1,0.78775519
0.01390000,10.00000000,15.00000000,14.25186139,16.02434603,0.32961031,1,0.74813861
0.01392000,10.00000000,15.00000000,14.29258401,16.19718933,0.32958751,1,0.70741599
0.01394000,10.00000000,15.00000000,14.33432760,16.35884326,0.32954935,1,0.66567240
0.01396000,10.00000000,15.00000000,14.37700496,16.50895664,0.32949544,1,0.62299504
0.01398000,10.00000000,15.00000000,14.42052694,16.64719895,0.32942143,1,0.57947306
0.01400000,10.00000000,15.00000000,14.46480332,16.77323777,0.32933333,1,0.53519668
0.01402000,10.00000000,15.00000000,14.50974104,16.88679886,0.32923025,1,0.49025896
0.01404000,10.00000000,15.00000000,14.55524578,16.98762722,0.32911247,1,0.44475422
0.01406000,10.00000000,15.00000000,14.60122190,17.07549402,0.32898029,1,0.39877810
0.01408000,10.00000000,15.00000000,14.64757264,17.15019718,0.32883407,1,0.35242736
0.01410000,10.00000000,15.00000000,14.69420026,17.21156197,0.32867299,1,0.30579974
0.01412000,10.00000000,15.00000000,14.74100649,17.25943427,0.32849344,1,0.25899351
0.01414000,10.00000000,15.00000000,14.78789311,17.29366420,0.32830073,1,0.21210689
0.01416000,10.00000000,15.00000000,14.83476046,17.31415882,0.32809550,1,0.16523954
0.01418000,10.00000000,15.00000000,14.88150867,17.32085511,0.32787831,1,0.11849133
0.01420000,10.00000000,15.00000000,14.92803784,17.31371955,0.32764975,1,0.07196216
0.01422000,10.00000000,15.00000000,14.97424829,17.29274838,0.32741046,1,0.02575171
0.01424000,10.00000000,15.00000000,15.02004076,17.25796784,0.32727880,1,-0.02004076
0.01426000,10.00000000,15.00000000,15.06529674,17.21014530,0.32728837,1,-0.06529674
0.01428000,10.00000000,15.00000000,15.10989870,17.15028875,0.32728872,1,-0.10989870
0.01430000,10.00000000,15.00000000,15.15376281,17.07852997,0.32727872,1,-0.15376281
0.01432000,10.00000000,15.00000000,15.19680693,16.99501581,0.32725852,1,-0.19680693
0.01434000,10.00000000,15.00000000,15.23895048,16.89991532,0.32722828,1,-0.23895048
0.01436000,10.00000000,15.00000000,15.28011463,16.79341956,0.32718862,1,-0.28011463
0.01438000,10.00000000,15.00000000,15.32022232,16.67574387,0.32703789,1,-0.32022232
0.01440000,10.00000000,15.00000000,15.35921493,16.54649756,0.32673362,1,-0.35921493
0.01442000,10.00000000,15.00000000,15.39703755,16.40503896,0.32642486,1,-0.39703755
0.01444000,10.00000000,15.00000000,15.43360650,16.25165753,0.32611218,1,-0.43360650
0.01446000,10.00000000,15.00000000,15.46884054,16.08666887,0.32579625,1,-0.46884054
0.01448000,10.00000000,15.00000000,15.50266111,15.91041444,0.32547771,1,-0.50266111
0.01450000,10.00000000,15.00000000,15.53499245,15.72326104,0.32515725,1,-0.53499245
0.01452000,10.00000000,15.00000000,15.56576182,15.52560013,0.32483554,1,-0.56576182
0.01454000,10.00000000,15.00000000,15.59489966,15.31784716,0.32451328,1,-0.59489966
0.01456000,10.00000000,15.00000000,15.62233975,15.10044087,0.32419195,1,-0.62233975
0.01458000,10.00000000,15.00000000,15.64801927,14.87384724,0.32387449,1,-0.64801927
0.01460000,10.00000000,15.00000000,15.67187880,14.63856802,0.32355838,1,-0.67187880
0.01462000,10.00000000,15.00000000,15.69386337,14.39510532,0.32324434,1,-0.69386337
0.01464000,10.00000000,15.00000000,15.71392193,14.14398095,0.32293312,1,-0.71392193
0.01466000,10.00000000,15.00000000,15.73200755,13.88573535,0.32262544,1,-0.73200755
0.01468000,10.00000000,15.00000000,15.74807748,13.62092657,0.32232206,1,-0.74807748
0.01470000,10.00000000,15.00000000,15.76209335,13.35012920,0.32202372,1,-0.76209335
0.01472000,10.00000000,15.00000000,15.77402122,13.07393315,0.32173118,1,-0.77402122
0.01474000,10.00000000,15.00000000,15.78383172,12.79294250,0.32144519,1,-0.78383172
0.01476000,10.00000000,15.00000000,15.79150011,12.50777424,0.32116650,1,-0.79150011
0.01478000,10.00000000,15.00000000,15.79700640,12.21905699,0.32089586,1,-0.79700640
0.01480000,10.00000000,15.00000000,15.80033543,11.92742965,0.32063402,1,-0.80033543
0.01482000,10.00000000,15.00000000,15.80147690,11.63354004,0.32038172,1,-0.80147690
0.01484000,10.00000000,15.00000000,15.80042546,11.33804351,0.32018584,1,-0.80042546
0.01486000,10.00000000,15.00000000,15.79717608,11.04189383,0.32005111,1,-0.79717608
0.01488000,10.00000000,15.00000000,15.79173108,10.74607543,0.31992779,1,-0.79173108
0.01490000,10.00000000,15.00000000,15.78410542,10.45125610,0.31981600,1,-0.78410542
0.01492000,10.00000000,15.00000000,15.77431909,10.15810000,0.31971617,1,-0.77431909
0.01494000,10.00000000,15.00000000,15.76239704,9.86726807,0.31962873,1,-0.76239704
0.01496000,10.00000000,15.00000000,15.74836912,9.57941650,0.31955407,1,-0.74836912
0.01498000,10.00000000,15.00000000,15.73227003,9.29519522,0.31949255,1,-0.73227003
0.01500000,10.00000000,15.00000000,15.71413925,9.01524637,0.31944454,1,-0.71413925
0.01502000,10.00000000,15.00000000,15.69402094,8.74020276,0.31941035,1,-0.69402094
0.01504000,10.00000000,15.00000000,15.67196382,8.47068638,0.31939027,1,-0.67196382
0.01506000,10.00000000,15.00000000,15.64802115,8.20730691,0.31938457,1,-0.64802115
0.01508000,10.00000000,15.00000000,15.62225048,7.95066029,0.31939350,1,-0.62225048
0.01510000,10.00000000,15.00000000,15.59471364,7.70132723,0.31942031,1,-0.59471364
0.01512000,10.00000000,15.00000000,15.56547631,7.45989101,0.31946323,1,-0.56547631
0.01514000,10.00000000,15.00000000,15.53460840,7.22690469,0.31952149,1,-0.53460840
0.01516000,10.00000000,15.00000000,15.50218368,7.00289637,0.31959519,1,-0.50218368
0.01518000,10.00000000,15.00000000,15.46827951,6.78837345,0.31968438,1,-0.46827951
0.01520000,10.00000000,15.00000000,15.43297664,6.58382139,0.31978908,1,-0.43297664
0.01522000,10.00000000,15.00000000,15.39635903,6.38970259,0.31990927,1,-0.39635903
0.01524000,10.00000000,15.00000000,15.35851364,6.20645522,0.32004490,1,-0.35851364
0.01526000,10.00000000,15.00000000,15.31953020,6.03449221,0.32019587,1,-0.31953020
0.01528000,10.00000000,15.00000000,15.27950102,5.87420023,0.32036666,1,-0.27950102
0.01530000,10.00000000,15.00000000,15.23852054,5.72596705,0.32055383,1,-0.23852054
0.01532000,10.00000000,15.00000000,15.19668567,5.59013225,0.32075534,1,-0.19668567
0.01534000,10.00000000,15.00000000,15.15409532,5.46699536,0.32097145,1,-0.15409532
0.01536000,10.00000000,15.00000000,15.11084996,5.35682961,0.32120225,1,-0.11084996
0.01538000,10.00000000,15.00000000,15.06705142,5.25988025,0.32144740,1,-0.06705142
0.01540000,10.00000000,15.00000000,15.02280265,5.17636183,0.32170654,1,-0.02280265
0.01542000,10.00000000,15.00000000,14.97820751,5.10645774,0.32185134,1,0.02179249
0.01544000,10.00000000,15.00000000,14.93337476,5.04955378,0.32187203,1,0.06662524
0.01546000,10.00000000,15.00000000,14.88840791,5.00495485,0.32190219,1,0.11159209
0.01548000,10.00000000,15.00000000,14.84339996,4.97274028,0.32194231,1,0.15660004
0.01550000,10.00000000,15.00000000,14.79844391,4.95296652,0.32199243,1,0.20155609
0.01552000,10.00000000,15.00000000,14.75363253,4.94566461,0.32205259,1,0.24636747
0.01554000,10.00000000,15.00000000,14.70905821,4.95084011,0.32212302,1,0.29094179
0.01556000,10.00000000,15.00000000,14.66481275,4.96847447,0.32222122,1,0.33518725
0.01558000,10.00000000,15.00000000,14.62098656,4.99862640,0.32255322,1,0.37901344
0.01560000,10.00000000,15.00000000,14.57766294,5.04253308,0.32289420,1,0.42233706
0.01562000,10.00000000,15.00000000,14.53494113,5.10008562,0.32324365,1,0.46505887
0.01564000,10.00000000,15.00000000,14.49291876,5.17114524,0.32360101,1,0.50708124
0.01566000,10.00000000,15.00000000,14.45169160,5.25554364,0.32396570,1,0.54830840
0.01568000,10.00000000,15.00000000,14.41135340,5.35308353,0.32433716,1,0.58864660
0.01570000,10.00000000,15.00000000,14.37199565,5.46353929,0.32471432,1,0.62800435
0.01572000,10.00000000,15.00000000,14.33370741,5.58665483,0.32509305,1,0.66629259
0.01574000,10.00000000,15.00000000,14.29657524,5.72212696,0.32547699,1,0.70342476
0.01576000,10.00000000,15.00000000,14.26068253,5.86965082,0.32586547,1,0.73931747
0.01578000,10.00000000,15.00000000,14.22610971,6.02889587,0.32625783,1,0.77389029
0.01580000,10.00000000,15.00000000,14.19293408,6.19950705,0.32665343,1,0.80706592
0.01582000,10.00000000,15.00000000,14.16122964,6.38110569,0.32705158,1,0.83877036
0.01584000,10.00000000,15.00000000,14.13106695,6.57329042,0.32745162,1,0.86893305
0.01586000,10.00000000,15.00000000,14.10251299,6.77563815,0.32785285,1,0.89748701
0.01588000,10.00000000,15.00000000,14.07563108,6.98770514,0.32825459,1,0.92436892
0.01590000,10.00000000,15.00000000,14.05048067,7.20902797,0.32865253,1,0.94951933
0.01592000,10.00000000,15.00000000,14.02711756,7.43910439,0.32904975,1,0.97288244
0.01594000,10.00000000,15.00000000,14.00559313,7.67743592,0.32944559,1,0.99440687
0.01596000,10.00000000,15.00000000,13.98595469,7.92350816,0.32983935,1,1.01404531
0.01598000,10.00000000,15.00000000,13.96824537,8.17679152,0.33023032,1,1.03175463
0.01600000,10.00000000,15.00000000,13.95250406,8.43674235,0.33061777,1,1.04749594
0.01602000,10.00000000,15.00000000,13.93876536,8.70280418,0.33100099,1,1.06123464
0.01604000,10.00000000,15.00000000,13.92705953,8.97440879,0.33137926,1,1.07294047
0.01606000,10.00000000,15.00000000,13.91741244,9.25097745,0.33175185,1,1.08258756
0.01608000,10.00000000,15.00000000,13.90984555,9.53192213,0.33211806,1,1.09015445
0.01610000,10.00000000,15.00000000,13.90437591,9.81664662,0.33247718,1,1.09562409
0.01612000,10.00000000,15.00000000,13.90101611,10.10454779,0.33282848,1,1.09898389
0.01614000,10.00000000,15.00000000,13.89977430,10.39501672,0.33317129,1,1.10022570
0.01616000,10.00000000,15.00000000,13.90065418,10.68743997,0.33346710,1,1.09934582
0.01618000,10.00000000,15.00000000,13.90365882,10.98098999,0.33369966,1,1.09634118
0.01620000,10.00000000,15.00000000,13.90878723,11.27474918,0.33392182,1,1.09121277
0.01622000,10.00000000,15.00000000,13.91602670,11.56809617,0.33413340,1,1.08397330
0.01624000,10.00000000,15.00000000,13.92536015,11.86041309,0.33433395,1,1.07463985
0.01626000,10.00000000,15.00000000,13.93676619,12.15108505,0.33452302,1,1.06323381
0.01628000,10.00000000,15.00000000,13.95021921,12.43950134,0.33470020,1,1.04978079
0.01630000,10.00000000,15.00000000,13.96568947,12.72505652,0.33486506,1,1.03431053
0.01632000,10.00000000,15.00000000,13.98314311,13.00715158,0.33501724,1,1.01685689
0.01634000,10.00000000,15.00000000,14.00254227,13.28519503,0.33515635,1,0.99745773
0.01636000,10.00000000,15.00000000,14.02384516,13.55860404,0.33528207,1,0.97615484
0.01638000,10.00000000,15.00000000,14.04700618,13.82680546,0.33539408,1,0.95299382
0.01640000,10.00000000,15.00000000,14.07197597,14.08923692,0.33549209,1,0.92802403
0.01642000,10.00000000,15.00000000,14.09870152,14.34534791,0.33557268,1,0.90129848
0.01644000,10.00000000,15.00000000,14.12712676,14.59458289,0.33563787,1,0.87287324
0.01646000,10.00000000,15.00000000,14.15719175,14.83641272,0.33568814,1,0.84280825
0.01648000,10.00000000,15.00000000,14.18883314,15.07032697,0.33572334,1,0.81116686
0.01650000,10.00000000,15.00000000,14.22198436,15.29583113,0.33574332,1,0.77801564
0.01652000,10.00000000,15.00000000,14.25657580,15.51244750,0.33574799,1,0.74342420
0.01654000,10.00000000,15.00000000,14.29253491,15.71971611,0.33573728,1,0.70746509
0.01656000,10.00000000,15.00000000,14.32978636,15.91719562,0.33571117,1,0.67021364
0.01658000,10.00000000,15.00000000,14.36825214,16.10446419,0.33566971,1,0.63174786
0.01660000,10.00000000,15.00000000,14.40785174,16.28112073,0.33560885,1,0.59214826
0.01662000,10.00000000,15.00000000,14.44850295,16.44676149,0.33553135,1,0.55149705
0.01664000,10.00000000,15.00000000,14.49012074,16.60101998,0.33543839,1,0.50987926
0.01666000,10.00000000,15.00000000,14.53261783,16.74355848,0.33533011,1,0.46738217
0.01668000,10.00000000,15.00000000,14.57590502,16.87406279,0.33520761,1,0.42409498
0.01670000,10.00000000,15.00000000,14.61989122,16.99224808,0.33507029,1,0.38010878
0.01672000,10.00000000,15.00000000,14.66448394,17.09784969,0.33491826,1,0.33551606
0.01674000,10.00000000,15.00000000,14.70958933,17.19062739,0.33474854,1,0.29041067
0.01676000,10.00000000,15.00000000,14.75511285,17.27034759,0.33456153,1,0.24488715
0.01678000,10.00000000,15.00000000,14.80095877,17.33680341,0.33436044,1,0.19904123
0.01680000,10.00000000,15.00000000,14.84702988,17.38983160,0.33414575,1,0.15297012
0.01682000,10.00000000,15.00000000,14.89322824,17.42929694,0.33391792,1,0.10677176
0.01684000,10.00000000,15.00000000,14.93945539,17.45509229,0.33367744,1,0.06054461
0.01686000,10.00000000,15.00000000,14.98561254,17.46713902,0.33342486,1,0.01438746
0.01688000,10.00000000,15.00000000,15.03160080,17.46538742,0.33334654,1,-0.03160080
0.01690000,10.00000000,15.00000000,15.07728952,17.45094021,0.33334356,1,-0.07728952
0.01692000,10.00000000,15.00000000,15.12257399,17.42434353,0.33333076,1,-0.12257399
0.01694000,10.00000000,15.00000000,15.16736881,17.38565701,0.33330750,1,-0.16736881
0.01696000,10.00000000,15.00000000,15.21158966,17.33495846,0.33327386,1,-0.21158966
0.01698000,10.00000000,15.00000000,15.25515331,17.27234799,0.33322995,1,-0.25515331
0.01700000,10.00000000,15.00000000,15.29797775,17.19794789,0.33317578,1,-0.29797775
0.01702000,10.00000000,15.00000000,15.33998236,17.11190174,0.33298243,1,-0.33998236
0.01704000,10.00000000,15.00000000,15.38110953,17.01357882,0.33266230,1,-0.38110953
0.01706000,10.00000000,15.00000000,15.42129474,16.90243443,0.33233600,1,-0.42129474
0.01708000,10.00000000,15.00000000,15.46044955,16.77868337,0.33200407,1,-0.46044955
0.01710000,10.00000000,15.00000000,15.49848744,16.64256738,0.33166712,1,-0.49848744
0.01712000,10.00000000,15.00000000,15.53532398,16.49435501,0.33132578,1,-0.53532398
0.01714000,10.00000000,15.00000000,15.57087702,16.33434118,0.33098068,1,-0.57087702
0.01716000,10.00000000,15.00000000,15.60506686,16.16284676,0.33063247,1,-0.60506686
0.01718000,10.00000000,15.00000000,15.63781649,15.98021807,0.33028426,1,-0.63781649
0.01720000,10.00000000,15.00000000,15.66905129,15.78684167,0.32993633,1,-0.66905129
0.01722000,10.00000000,15.00000000,15.69869989,15.58312602,0.32958707,1,-0.69869989
0.01724000,10.00000000,15.00000000,15.72669450,15.36948885,0.32923663,1,-0.72669450
0.01726000,10.00000000,15.00000000,15.75297074,15.14636713,0.32888631,1,-0.75297074
0.01728000,10.00000000,15.00000000,15.77746760,14.91422358,0.32853683,1,-0.77746760
0.01730000,10.00000000,15.00000000,15.80012770,14.67354216,0.32818894,1,-0.80012770
0.01732000,10.00000000,15.00000000,15.82089744,14.42482716,0.32784338,1,-0.82089744
0.01734000,10.00000000,15.00000000,15.83972716,14.16860224,0.32750088,1,-0.83972716
0.01736000,10.00000000,15.00000000,15.85657125,13.90540949,0.32716220,1,-0.85657125
0.01738000,10.00000000,15.00000000,15.87138827,13.63580835,0.32682810,1,-0.87138827
0.01740000,10.00000000,15.00000000,15.88414113,13.36037451,0.32649933,1,-0.88414113
0.01742000,10.00000000,15.00000000,15.89479714,13.07969880,0.32617666,1,-0.89479714
0.01744000,10.00000000,15.00000000,15.90332811,12.79438596,0.32586084,1,-0.90332811
0.01746000,10.00000000,15.00000000,15.90971052,12.50505342,0.32555317,1,-0.90971052
0.01748000,10.00000000,15.00000000,15.91392546,12.21233350,0.32525418,1,-0.91392546
0.01750000,10.00000000,15.00000000,15.91595885,11.91686715,0.32496400,1,-0.91595885
0.01752000,10.00000000,15.00000000,15.91580157,11.61930009,0.32469013,1,-0.91580157
0.01754000,10.00000000,15.00000000,15.91344866,11.32032855,0.32451427,1,-0.91344866
0.01756000,10.00000000,15.00000000,15.90889238,11.02117111,0.32434956,1,-0.90889238
0.01758000,10.00000000,15.00000000,15.90214354,10.72249340,0.32419650,1,-0.90214354
0.01760000,10.00000000,15.00000000,15.89321793,10.42496087,0.32405593,1,-0.89321793
0.01762000,10.00000000,15.00000000,15.88213624,10.12923981,0.32392765,1,-0.88213624
0.01764000,10.00000000,15.00000000,15.86892417,9.83598901,0.32381205,1,-0.86892417
0.01766000,10.00000000,15.00000000,15.85361231,9.54586242,0.32370953,1,-0.85361231
0.01768000,10.00000000,15.00000000,15.83623602,9.25950759,0.32362045,1,-0.83623602
0.01770000,10.00000000,15.00000000,15.81683540,8.97756424,0.32354517,1,-0.81683540
0.01772000,10.00000000,15.00000000,15.79545518,8.70066267,0.32348399,1,-0.79545518
0.01774000,10.00000000,15.00000000,15.77214466,8.42942226,0.32343720,1,-0.77214466
0.01776000,10.00000000,15.00000000,15.74695757,8.16445007,0.32340505,1,-0.74695757
0.01778000,10.00000000,15.00000000,15.71995194,7.90633930,0.32338778,1,-0.71995194
0.01780000,10.00000000,15.00000000,15.69119001,7.65566788,0.32338526,1,-0.69119001
0.01782000,10.00000000,15.00000000,15.66073805,7.41299524,0.32339791,1,-0.66073805
0.01784000,10.00000000,15.00000000,15.62866622,7.17886431,0.32342594,1,-0.62866622
0.01786000,10.00000000,15.00000000,15.59504836,6.95379932,0.32347299,1,-0.59504836
0.01788000,10.00000000,15.00000000,15.55996168,6.73832601,0.32353699,1,-0.55996168
0.01790000,10.00000000,15.00000000,15.52348706,6.53293513,0.32361677,1,-0.52348706
0.01792000,10.00000000,15.00000000,15.48570867,6.33808688,0.32371231,1,-0.48570867
0.01794000,10.00000000,15.00000000,15.44671364,6.15421734,0.32382355,1,-0.44671364
0.01796000,10.00000000,15.00000000,15.40659187,5.98173742,0.32395039,1,-0.40659187
0.01798000,10.00000000,15.00000000,15.36543581,5.82103191,0.32409271,1,-0.36543581
0.01800000,10.00000000,15.00000000,15.32334020,5.67245852,0.32425002,1,-0.32334020
0.01802000,10.00000000,15.00000000,15.28040190,5.53634525,0.32442617,1,-0.28040190
0.01804000,10.00000000,15.00000000,15.23671943,5.41301619,0.32461897,1,-0.23671943
0.01806000,10.00000000,15.00000000,15.19239318,5.30275400,0.32482671,1,-0.19239318
0.01808000,10.00000000,15.00000000,15.14752504,5.20580275,0.32504908,1,-0.14752504
0.01810000,10.00000000,15.00000000,15.10221802,5.12237594,0.32528570,1,-0.10221802
0.01812000,10.00000000,15.00000000,15.05657599,5.05265599,0.32553618,1,-0.05657599
0.01814000,10.00000000,15.00000000,15.01070347,4.99679387,0.32580006,1,-0.01070347
0.01816000,10.00000000,15.00000000,14.96470532,4.95490881,0.32586927,1,0.03529468
0.01818000,10.00000000,15.00000000,14.91869327,4.92584621,0.32588535,1,0.08130673
0.01820000,10.00000000,15.00000000,14.87276489,4.90927746,0.32591154,1,0.12723511
0.01822000,10.00000000,15.00000000,14.82701261,4.90522705,0.32594807,1,0.17298739
0.01824000,10.00000000,15.00000000,14.78152839,4.91369528,0.32599492,1,0.21847161
0.01826000,10.00000000,15.00000000,14.73640362,4.93465720,0.32605208,1,0.26359638
0.01828000,10.00000000,15.00000000,14.69172885,4.96806263,0.32612004,1,0.30827115
0.01830000,10.00000000,15.00000000,14.64759360,5.01383953,0.32630841,1,0.35240640
0.01832000,10.00000000,15.00000000,14.60408253,5.07253316,0.32664357,1,0.39591747
0.01834000,10.00000000,15.00000000,14.56128255,5.14481340,0.32698665,1,0.43871745
0.01836000,10.00000000,15.00000000,14.51928950,5.23051034,0.32733709,1,0.48071050
0.01838000,10.00000000,15.00000000,14.47819714,5.32942528,0.32769432,1,0.52180286
0.01840000,10.00000000,15.00000000,14.43809699,5.44133123,0.32805774,1,0.56190301
0.01842000,10.00000000,15.00000000,14.39907814,5.56597359,0.32842675,1,0.60092186
0.01844000,10.00000000,15.00000000,14.36122704,5.70307084,0.32879861,1,0.63877296
0.01846000,10.00000000,15.00000000,14.32462741,5.85230320,0.32917259,1,0.67537259
0.01848000,10.00000000,15.00000000,14.28935993,6.01332500,0.32955054,1,0.71064007
0.01850000,10.00000000,15.00000000,14.25550193,6.18578044,0.32993175,1,0.74449807
0.01852000,10.00000000,15.00000000,14.22312748,6.36928988,0.33031555,1,0.77687252
0.01854000,10.00000000,15.00000000,14.19230722,6.56345100,0.33070127,1,0.80769278
0.01856000,10.00000000,15.00000000,14.16310820,6.76783980,0.33108821,1,0.83689180
0.01858000,10.00000000,15.00000000,14.13559382,6.98201162,0.33147568,1,0.86440618
0.01860000,10.00000000,15.00000000,14.10982366,7.20550211,0.33186299,1,0.89017634
0.01862000,10.00000000,15.00000000,14.08585340,7.43782839,0.33224941,1,0.91414660
0.01864000,10.00000000,15.00000000,14.06373473,7.67849003,0.33263205,1,0.93626527
0.01866000,10.00000000,15.00000000,14.04351536,7.92695791,0.33301154,1,0.95648464
0.01868000,10.00000000,15.00000000,14.02523869,8.18269527,0.33338825,1,0.97476131
0.01870000,10.00000000,15.00000000,14.00894379,8.44515737,0.33376147,1,0.99105621
0.01872000,10.00000000,15.00000000,13.99466543,8.71378659,0.33413047,1,1.00533457
0.01874000,10.00000000,15.00000000,13.98243405,8.98801350,0.33449453,1,1.01756595
0.01876000,10.00000000,15.00000000,13.97227575,9.26725809,0.33485293,1,1.02772425
0.01878000,10.00000000,15.00000000,13.96421219,9.55093094,0.33520495,1,1.03578781
0.01880000,10.00000000,15.00000000,13.95826065,9.83843438,0.33554988,1,1.04173935
0.01882000,10.00000000,15.00000000,13.95443395,10.12916371,0.33588700,1,1.04556605
0.01884000,10.00000000,15.00000000,13.95274048,10.42250835,0.33621561,1,1.04725952
0.01886000,10.00000000,15.00000000,13.95318423,10.71785302,0.33651593,1,1.04681577
0.01888000,10.00000000,15.00000000,13.95576663,11.01447217,0.33673356,1,1.04423337
0.01890000,10.00000000,15.00000000,13.96048969,11.31133676,0.33694066,1,1.03951031
0.01892000,10.00000000,15.00000000,13.96734095,11.60782240,0.33713716,1,1.03265905
0.01894000,10.00000000,15.00000000,13.97630357,11.90330869,0.33732261,1,1.02369643
0.01896000,10.00000000,15.00000000,13.98735644,12.19717805,0.33749654,1,1.01264356
0.01898000,10.00000000,15.00000000,14.00047421,12.48881692,0.33765854,1,0.99952579
0.01900000,10.00000000,15.00000000,14.01562737,12.77761684,0.33780819,1,0.98437263
0.01902000,10.00000000,15.00000000,14.03278233,13.06297562,0.33794510,1,0.96721767
0.01904000,10.00000000,15.00000000,14.05190147,13.34429844,0.33806890,1,0.94809853
0.01906000,10.00000000,15.00000000,14.07294325,13.62099890,0.33817926,1,0.92705675
0.01908000,10.00000000,15.00000000,14.09586229,13.89250016,0.33827354,1,0.90413771
0.01910000,10.00000000,15.00000000,14.12060975,14.15822298,0.33835246,1,0.87939025
0.01912000,10.00000000,15.00000000,14.14713295,14.41760529,0.33841681,1,0.85286705
0.01914000,10.00000000,15.00000000,14.17537545,14.67010364,0.33846635,1,0.82462455
0.01916000,10.00000000,15.00000000,14.20527739,14.91518835,0.33850090,1,0.79472261
0.01918000,10.00000000,15.00000000,14.23677555,15.15234445,0.33852028,1,0.76322445
0.01920000,10.00000000,15.00000000,14.26980352,15.38107267,0.33852434,1,0.73019648
0.01922000,10.00000000,15.00000000,14.30429180,15.60089037,0.33851299,1,0.69570820
0.01924000,10.00000000,15.00000000,14.34016795,15.81133250,0.33848615,1,0.65983205
0.01926000,10.00000000,15.00000000,14.37735668,16.01195242,0.33844408,1,0.62264332
0.01928000,10.00000000,15.00000000,14.41578000,16.20232458,0.33838125,1,0.58422000
0.01930000,10.00000000,15.00000000,14.45535825,16.38201155,0.33830260,1,0.54464175
0.01932000,10.00000000,15.00000000,14.49600840,16.55062509,0.33820824,1,0.50399160
0.01934000,10.00000000,15.00000000,14.53764516,16.70779897,0.33809829,1,0.46235484
0.01936000,10.00000000,15.00000000,14.58018113,16.85318952,0.33797303,1,0.41981887
0.01938000,10.00000000,15.00000000,14.62352694,16.98647735,0.33783341,1,0.37647306
0.01940000,10.00000000,15.00000000,14.66759133,17.10737160,0.33767866,1,0.33240867
0.01942000,10.00000000,15.00000000,14.71228162,17.21560034,0.33750540,1,0.28771838
0.01944000,10.00000000,15.00000000,14.75750431,17.31089547,0.33731471,1,0.24249569
0.01946000,10.00000000,15.00000000,14.80316434,17.39301915,0.33710939,1,0.19683566
0.01948000,10.00000000,15.00000000,14.84916500,17.46177457,0.33688987,1,0.15083500
0.01950000,10.00000000,15.00000000,14.89540865,17.51699228,0.33665656,1,0.10459135
0.01952000,10.00000000,15.00000000,14.94179687,17.55853044,0.33640991,1,0.05820313
0.01954000,10.00000000,15.00000000,14.98823070,17.58627532,0.33615042,1,0.01176930
0.01956000,10.00000000,15.00000000,15.03461079,17.60014174,0.33608221,1,-0.03461079
0.01958000,10.00000000,15.00000000,15.08080244,17.60130450,0.33607409,1,-0.08080244
0.01960000,10.00000000,15.00000000,15.12670306,17.59018795,0.33605595,1,-0.12670306
0.01962000,10.00000000,15.00000000,15.17222597,17.56681981,0.33602722,1,-0.17222597
0.01964000,10.00000000,15.00000000,15.21728534,17.53124681,0.33598796,1,-0.21728534
0.01966000,10.00000000,15.00000000,15.26179620,17.48353815,0.33593825,1,-0.26179620
0.01968000,10.00000000,15.00000000,15.30567462,17.42378536,0.33587780,1,-0.30567462
0.01970000,10.00000000,15.00000000,15.34883788,17.35209991,0.33567752,1,-0.34883788
0.01972000,10.00000000,15.00000000,15.39122640,17.26781780,0.33534879,1,-0.39122640
0.01974000,10.00000000,15.00000000,15.43277371,17.17035494,0.33501306,1,-0.43277371
0.01976000,10.00000000,15.00000000,15.47338870,17.05989299,0.33467089,1,-0.47338870
0.01978000,10.00000000,15.00000000,15.51298188,16.93664105,0.33432286,1,-0.51298188
0.01980000,10.00000000,15.00000000,15.55146565,16.80083553,0.33396959,1,-0.55146565
0.01982000,10.00000000,15.00000000,15.58875444,16.65273989,0.33361169,1,-0.58875444
0.01984000,10.00000000,15.00000000,15.62476492,16.49264423,0.33325013,1,-0.62476492
0.01986000,10.00000000,15.00000000,15.65941614,16.32086694,0.33288985,1,-0.65941614
0.01988000,10.00000000,15.00000000,15.69262906,16.13777917,0.33252604,1,-0.69262906
0.01990000,10.00000000,15.00000000,15.72432855,15.94374302,0.33215990,1,-0.72432855
0.01992000,10.00000000,15.00000000,15.75444230,15.73914842,0.33179225,1,-0.75444230
0.01994000,10.00000000,15.00000000,15.78290109,15.52440993,0.33142380,1,-0.78290109
0.01996000,10.00000000,15.00000000,15.80963897,15.29996536,0.33105526,1,-0.80963897
0.01998000,10.00000000,15.00000000,15.83459346,15.06627497,0.33068737,1,-0.83459346
0.02000000,10.00000000,15.00000000,15.85770568,14.82382064,0.33032086,1,-0.85770568
0.02002000,10.00000000,15.00000000,15.87892048,14.57310506,0.32995648,1,-0.87892048
0.02004000,10.00000000,15.00000000,15.89818663,14.31465076,0.32959499,1,-0.89818663
0.02006000,10.00000000,15.00000000,15.91545694,14.04899918,0.32923713,1,-0.91545694
0.02008000,10.00000000,15.00000000,15.93068838,13.77670958,0.32888600,1,-0.93068838
0.02010000,10.00000000,15.00000000,15.94384194,13.49837284,0.32853981,1,-0.94384194
0.02012000,10.00000000,15.00000000,15.95488345,13.21457927,0.32819928,1,-0.95488345
0.02014000,10.00000000,15.00000000,15.96378326,12.92593326,0.32786516,1,-0.96378326
0.02016000,10.00000000,15.00000000,15.97051633,12.63305236,0.32753823,1,-0.97051633
0.02018000,10.00000000,15.00000000,15.97506230,12.33656605,0.32721923,1,-0.97506230
0.02020000,10.00000000,15.00000000,15.97740559,12.03711439,0.32690893,1,-0.97740559
0.02022000,10.00000000,15.00000000,15.97753546,11.73534666,0.32660808,1,-0.97753546
0.02024000,10.00000000,15.00000000,15.97544606,11.43192004,0.32640729,1,-0.97544606
0.02026000,10.00000000,15.00000000,15.97112741,11.12807375,0.32622329,1,-0.97112741
0.02028000,10.00000000,15.00000000,15.96458797,10.82451528,0.32605042,1,-0.96458797
0.02030000,10.00000000,15.00000000,15.95584215,10.52191341,0.32588914,1,-0.95584215
0.02032000,10.00000000,15.00000000,15.94490932,10.22093551,0.32573989,1,-0.94490932
0.02034000,10.00000000,15.00000000,15.93181379,9.92224628,0.32560311,1,-0.93181379
0.02036000,10.00000000,15.00000000,15.91658479,9.62650619,0.32547922,1,-0.91658479
0.02038000,10.00000000,15.00000000,15.89925637,9.33436994,0.32537088,1,-0.89925637
0.02040000,10.00000000,15.00000000,15.87986720,9.04649940,0.32527682,1,-0.87986720
0.02042000,10.00000000,15.00000000,15.85846088,8.76353727,0.32519702,1,-0.85846088
0.02044000,10.00000000,15.00000000,15.83508572,8.48611346,0.32513176,1,-0.83508572
0.02046000,10.00000000,15.00000000,15.80979451,8.21484596,0.32508133,1,-0.80979451
0.02048000,10.00000000,15.00000000,15.78264444,7.95033938,0.32504597,1,-0.78264444
0.02050000,10.00000000,15.00000000,15.75369701,7.69318345,0.32502588,1,-0.75369701
0.02052000,10.00000000,15.00000000,15.72301781,7.44395168,0.32502125,1,-0.72301781
0.02054000,10.00000000,15.00000000,15.69067643,7.20319990,0.32503221,1,-0.69067643
0.02056000,10.00000000,15.00000000,15.65674627,6.97146494,0.32505866,1,-0.65674627
0.02058000,10.00000000,15.00000000,15.62130439,6.74926199,0.32510079,1,-0.62130439
0.02060000,10.00000000,15.00000000,15.58443129,6.53708557,0.32516385,1,-0.58443129
0.02062000,10.00000000,15.00000000,15.54621049,6.33543983,0.32524299,1,-0.54621049
0.02064000,10.00000000,15.00000000,15.50672907,6.14477488,0.32533816,1,-0.50672907
0.02066000,10.00000000,15.00000000,15.46607697,5.96551571,0.32544930,1,-0.46607697
0.02068000,10.00000000,15.00000000,15.42434678,5.79806129,0.32557627,1,-0.42434678
0.02070000,10.00000000,15.00000000,15.38163353,5.64278362,0.32571834,1,-0.38163353
0.02072000,10.00000000,15.00000000,15.33803445,5.50002328,0.32587530,1,-0.33803445
0.02074000,10.00000000,15.00000000,15.29364871,5.37009210,0.32605037,1,-0.29364871
0.02076000,10.00000000,15.00000000,15.24857703,5.25329375,0.32624410,1,-0.24857703
0.02078000,10.00000000,15.00000000,15.20292172,5.14990667,0.32645292,1,-0.20292172
0.02080000,10.00000000,15.00000000,15.15678658,5.06015879,0.32667646,1,-0.15678658
0.02082000,10.00000000,15.00000000,15.11027643,4.98424665,0.32691432,1,-0.11027643
0.02084000,10.00000000,15.00000000,15.06349677,4.92233514,0.32716606,1,-0.06349677
0.02086000,10.00000000,15.00000000,15.01655362,4.87455720,0.32743121,1,-0.01655362
0.02088000,10.00000000,15.00000000,14.96955317,4.84101349,0.32753019,1,0.03044683
0.02090000,10.00000000,15.00000000,14.92260720,4.82070084,0.32754212,1,0.07739280
0.02092000,10.00000000,15.00000000,14.87581664,4.81306841,0.32756434,1,0.12418336
0.02094000,10.00000000,15.00000000,14.82927460,4.81812255,0.32759715,1,0.17072540
0.02096000,10.00000000,15.00000000,14.78307361,4.83584582,0.32764053,1,0.21692639
0.02098000,10.00000000,15.00000000,14.73730544,4.86619530,0.32769443,1,0.26269456
0.02100000,10.00000000,15.00000000,14.69206093,4.90910274,0.32775942,1,0.30793907
0.02102000,10.00000000,15.00000000,14.64742975,4.96447830,0.32792659,1,0.35257025
0.02104000,10.00000000,15.00000000,14.60349721,5.03274116,0.32826403,1,0.39650279
0.02106000,10.00000000,15.00000000,14.56034853,5.11467940,0.32860913,1,0.43965147
0.02108000,10.00000000,15.00000000,14.51807941,5.21010240,0.32896133,1,0.48192059
0.02110000,10.00000000,15.00000000,14.47678336,5.31879080,0.32932002,1,0.52321664
0.02112000,10.00000000,15.00000000,14.43655147,5.44049710,0.32968461,1,0.56344853
0.02114000,10.00000000,15.00000000,14.39747225,5.57494635,0.33005448,1,0.60252775
0.02116000,10.00000000,15.00000000,14.35963144,5.72183689,0.33042666,1,0.64036856
0.02118000,10.00000000,15.00000000,14.32311192,5.88082775,0.33080088,1,0.67688808
0.02120000,10.00000000,15.00000000,14.28799337,6.05155514,0.33117869,1,0.71200663
0.02122000,10.00000000,15.00000000,14.25435201,6.23364371,0.33155940,1,0.74564799
0.02124000,10.00000000,15.00000000,14.22226066,6.42669484,0.33194235,1,0.77773934
0.02126000,10.00000000,15.00000000,14.19178858,6.63028763,0.33232682,1,0.80821142
0.02128000,10.00000000,15.00000000,14.16300137,6.84397992,0.33271213,1,0.83699863
0.02130000,10.00000000,15.00000000,14.13596082,7.06730926,0.33309757,1,0.86403918
0.02132000,10.00000000,15.00000000,14.11072482,7.29979401,0.33348243,1,0.88927518
0.02134000,10.00000000,15.00000000,14.08734726,7.54093445,0.33386597,1,0.91265274
0.02136000,10.00000000,15.00000000,14.06587790,7.79021382,0.33424552,1,0.93412210
0.02138000,10.00000000,15.00000000,14.04636248,8.04708836,0.33462134,1,0.95363752
0.02140000,10.00000000,15.00000000,14.02884236,8.31100534,0.33499394,1,0.97115764
0.02142000,10.00000000,15.00000000,14.01335444,8.58140535,0.33536258,1,0.98664556
0.02144000,10.00000000,15.00000000,13.99993128,8.85771663,0.33572654,1,1.00006872
0.02146000,10.00000000,15.00000000,13.98860104,9.13935622,0.33608509,1,1.01139896
0.02148000,10.00000000,15.00000000,13.97938745,9.42573118,0.33643749,1,1.02061255
0.02150000,10.00000000,15.00000000,13.97230978,9.71623975,0.33678302,1,1.02769022
0.02152000,10.00000000,15.00000000,13.96738283,10.01027256,0.33712096,1,1.03261717
0.02154000,10.00000000,15.00000000,13.96461694,10.30721379,0.33745059,1,1.03538306
0.02156000,10.00000000,15.00000000,13.96401793,10.60644241,0.33777120,1,1.03598207
0.02158000,10.00000000,15.00000000,13.96558720,10.90733332,0.33801463,1,1.03441280
0.02160000,10.00000000,15.00000000,13.96932856,11.20888069,0.33822186,1,1.03067144
0.02162000,10.00000000,15.00000000,13.97523487,11.51030859,0.33841841,1,1.02476513
0.02164000,10.00000000,15.00000000,13.98329094,11.81098717,0.33860397,1,1.01670906
0.02166000,10.00000000,15.00000000,13.99347721,12.11028975,0.33877808,1,1.00652279
0.02168000,10.00000000,15.00000000,14.00576984,12.40759318,0.33894028,1,0.99423016
0.02170000,10.00000000,15.00000000,14.02014074,12.70227897,0.33909015,1,0.97985926
0.02172000,10.00000000,15.00000000,14.03655767,12.99373442,0.33922728,1,0.96344233
0.02174000,10.00000000,15.00000000,14.05498431,13.28135375,0.33935130,1,0.94501569
0.02176000,10.00000000,15.00000000,14.07538030,13.56453924,0.33946183,1,0.92461970
0.02178000,10.00000000,15.00000000,14.09770140,13.84270226,0.33955606,1,0.90229860
0.02180000,10.00000000,15.00000000,14.12189984,14.11525041,0.33963511,1,0.87810016
0.02182000,10.00000000,15.00000000,14.14792385,14.38161044,0.33969949,1,0.85207615
0.02184000,10.00000000,15.00000000,14.17571788,14.64122596,0.33974897,1,0.82428212
0.02186000,10.00000000,15.00000000,14.20522286,14.89355401,0.33978332,1,0.79477714
0.02188000,10.00000000,15.00000000,14.23637629,15.13806603,0.33980235,1,0.76362371
0.02190000,10.00000000,15.00000000,14.26911237,15.37424881,0.33980590,1,0.73088763
0.02192000,10.00000000,15.00000000,14.30336213,15.60160552,0.33979386,1,0.69663787
0.02194000,10.00000000,15.00000000,14.33905355,15.81965660,0.33976612,1,0.66094645
0.02196000,10.00000000,15.00000000,14.37611170,16.02794069,0.33972300,1,0.62388830
0.02198000,10.00000000,15.00000000,14.41445881,16.22601766,0.33965891,1,0.58554119
0.02200000,10.00000000,15.00000000,14.45401537,16.41343515,0.33957865,1,0.54598463
0.02202000,10.00000000,15.00000000,14.49469842,16.58978891,0.33948239,1,0.50530158
0.02204000,10.00000000,15.00000000,14.53642261,16.75469714,0.33937024,1,0.46357739
0.02206000,10.00000000,15.00000000,14.57910040,16.90780044,0.33924260,1,0.42089960
0.02208000,10.00000000,15.00000000,14.62264214,17.04876441,0.33910019,1,0.37735786
0.02210000,10.00000000,15.00000000,14.66695623,17.17728178,0.33894230,1,0.33304377
0.02212000,10.00000000,15.00000000,14.71194954,17.29306462,0.33876556,1,0.28805046
0.02214000,10.00000000,15.00000000,14.75752800,17.39582900,0.33857094,1,0.24247200
0.02216000,10.00000000,15.00000000,14.80359589,17.48532058,0.33836128,1,0.19640411
0.02218000,10.00000000,15.00000000,14.85005575,17.56132638,0.33813699,1,0.14994425
0.02220000,10.00000000,15.00000000,14.89680903,17.62366086,0.33789847,1,0.10319097
0.02222000,10.00000000,15.00000000,14.94375635,17.67216616,0.33764615,1,0.05624365
0.02224000,10.00000000,15.00000000,14.99079766,17.70671261,0.33738053,1,0.00920234
0.02226000,10.00000000,15.00000000,15.03783239,17.72719920,0.33732479,1,-0.03783239
0.02228000,10.00000000,15.00000000,15.08472091,17.73490082,0.33731414,1,-0.08472091
0.02230000,10.00000000,15.00000000,15.13136247,17.73014006,0.33729318,1,-0.13136247
0.02232000,10.00000000,15.00000000,15.17766898,17.71293118,0.33726146,1,-0.17766898
0.02234000,10.00000000,15.00000000,15.22355312,17.68330845,0.33721904,1,-0.22355312
0.02236000,10.00000000,15.00000000,15.26892833,17.64132884,0.33716597,1,-0.26892833
0.02238000,10.00000000,15.00000000,15.31370901,17.58707199,0.33710170,1,-0.31370901
0.02240000,10.00000000,15.00000000,15.35781073,17.52063613,0.33688787,1,-0.35781073
0.02242000,10.00000000,15.00000000,15.40117398,17.44128671,0.33655189,1,-0.40117398
0.02244000,10.00000000,15.00000000,15.44372908,17.34846782,0.33620851,1,-0.44372908
0.02246000,10.00000000,15.00000000,15.48538282,17.24234915,0.33585828,1,-0.48538282
0.02248000,10.00000000,15.00000000,15.52604358,17.12312829,0.33550179,1,-0.52604358
0.02250000,10.00000000,15.00000000,15.56562153,16.99103068,0.33513964,1,-0.56562153
0.02252000,10.00000000,15.00000000,15.60402878,16.84630929,0.33477246,1,-0.60402878
0.02254000,10.00000000,15.00000000,15.64117962,16.68924433,0.33440338,1,-0.64117962
0.02256000,10.00000000,15.00000000,15.67699028,16.52015860,0.33403241,1,-0.67699028
0.02258000,10.00000000,15.00000000,15.71137974,16.33939727,0.33365801,1,-0.71137974
0.02260000,10.00000000,15.00000000,15.74427017,16.14731756,0.33328099,1,-0.74427017
0.02262000,10.00000000,15.00000000,15.77558657,15.94430271,0.33290204,1,-0.77558657
0.02264000,10.00000000,15.00000000,15.80525703,15.73076061,0.33252189,1,-0.80525703
0.02266000,10.00000000,15.00000000,15.83321285,15.50712306,0.33214126,1,-0.83321285
0.02268000,10.00000000,15.00000000,15.85938874,15.27384510,0.33176088,1,-0.85938874
0.02270000,10.00000000,15.00000000,15.88372297,15.03140418,0.33138149,1,-0.88372297
0.02272000,10.00000000,15.00000000,15.90615752,14.78029931,0.33100385,1,-0.90615752
0.02274000,10.00000000,15.00000000,15.92663826,14.52105022,0.33062979,1,-0.92663826
0.02276000,10.00000000,15.00000000,15.94511492,14.25420322,0.33026073,1,-0.94511492
0.02278000,10.00000000,15.00000000,15.96154136,13.98032756,0.32989544,1,-0.96154136
0.02280000,10.00000000,15.00000000,15.97587609,13.69999738,0.32953470,1,-0.97587609
0.02282000,10.00000000,15.00000000,15.98808201,13.41380330,0.32917928,1,-0.98808201
0.02284000,10.00000000,15.00000000,15.99812653,13.12235120,0.32882996,1,-0.99812653
0.02286000,10.00000000,15.00000000,16.00598167,12.82626109,0.32848750,1,-1.00598167
0.02288000,10.00000000,15.00000000,16.01162417,12.52616577,0.32815269,1,-1.01162417
0.02290000,10.00000000,15.00000000,16.01503555,12.22270959,0.32782630,1,-1.01503555
0.02292000,10.00000000,15.00000000,16.01620221,11.91654708,0.32750909,1,-1.01620221
0.02294000,10.00000000,15.00000000,16.01511549,11.60834158,0.32724856,1,-1.01511549
0.02296000,10.00000000,15.00000000,16.01176691,11.29906392,0.32704915,1,-1.01176691
0.02298000,10.00000000,15.00000000,16.00615543,10.98971513,0.32686107,1,-1.00615543
0.02300000,10.00000000,15.00000000,15.99829285,10.68097632,0.32668451,1,-0.99829285
0.02302000,10.00000000,15.00000000,15.98819610,10.37352629,0.32651995,1,-0.98819610
0.02304000,10.00000000,15.00000000,15.97588716,10.06804202,0.32636783,1,-0.97588716
0.02306000,10.00000000,15.00000000,15.96139298,9.76519710,0.32622861,1,-0.96139298
0.02308000,10.00000000,15.00000000,15.94474547,9.46566019,0.32610270,1,-0.94474547
0.02310000,10.00000000,15.00000000,15.92598146,9.17009347,0.32599049,1,-0.92598146
0.02312000,10.00000000,15.00000000,15.90514255,8.87915104,0.32589423,1,-0.90514255
0.02314000,10.00000000,15.00000000,15.88227499,8.59348953,0.32581384,1,-0.88227499
0.02316000,10.00000000,15.00000000,15.85742977,8.31375163,0.32574841,1,-0.85742977
0.02318000,10.00000000,15.00000000,15.83066257,8.04055968,0.32569821,1,-0.83066257
0.02320000,10.00000000,15.00000000,15.80203351,7.77452175,0.32566347,1,-0.80203351
0.02322000,10.00000000,15.00000000,15.77160697,7.51623021,0.32564439,1,-0.77160697
0.02324000,10.00000000,15.00000000,15.73945147,7.26626032,0.32564114,1,-0.73945147
0.02326000,10.00000000,15.00000000,15.70563951,7.02516880,0.32565385,1,-0.70563951
0.02328000,10.00000000,15.00000000,15.67024738,6.79349249,0.32568261,1,-0.67024738
0.02330000,10.00000000,15.00000000,15.63335501,6.57174708,0.32572725,1,-0.63335501
0.02332000,10.00000000,15.00000000,15.59504576,6.36042435,0.32579177,1,-0.59504576
0.02334000,10.00000000,15.00000000,15.55540604,6.16001738,0.32587410,1,-0.55540604
0.02336000,10.00000000,15.00000000,15.51452558,5.97098157,0.32597278,1,-0.51452558
0.02338000,10.00000000,15.00000000,15.47249706,5.79373762,0.32608769,1,-0.47249706
0.02340000,10.00000000,15.00000000,15.42941575,5.62867936,0.32621806,1,-0.42941575
0.02342000,10.00000000,15.00000000,15.38537931,5.47616873,0.32636377,1,-0.38537931
0.02344000,10.00000000,15.00000000,15.34048750,5.33653945,0.32652528,1,-0.34048750
0.02346000,10.00000000,15.00000000,15.29484191,5.21009992,0.32670501,1,-0.29484191
0.02348000,10.00000000,15.00000000,15.24854565,5.09714476,0.32690382,1,-0.24854565
0.02350000,10.00000000,15.00000000,15.20170336,4.99794468,0.32711794,1,-0.20170336
0.02352000,10.00000000,15.00000000,15.15442106,4.91271798,0.32734694,1,-0.15442106
0.02354000,10.00000000,15.00000000,15.10680570,4.84165063,0.32759039,1,-0.10680570
0.02356000,10.00000000,15.00000000,15.05896482,4.78489630,0.32784785,1,-0.05896482
0.02358000,10.00000000,15.00000000,15.01100636,4.74257603,0.32811881,1,-0.01100636
0.02360000,10.00000000,15.00000000,14.96303835,4.71477796,0.32818513,1,0.03696165
0.02362000,10.00000000,15.00000000,14.91517516,4.70025586,0.32819703,1,0.08482484
0.02364000,10.00000000,15.00000000,14.86751654,4.69864136,0.32821956,1,0.13248346
0.02366000,10.00000000,15.00000000,14.82015688,4.70992949,0.32825291,1,0.17984312
0.02368000,10.00000000,15.00000000,14.77318990,4.73409047,0.32829705,1,0.22681010
0.02370000,10.00000000,15.00000000,14.72670846,4.77106870,0.32835211,1,0.27329154
0.02372000,10.00000000,15.00000000,14.68080437,4.82078392,0.32841839,1,0.31919563
0.02374000,10.00000000,15.00000000,14.63556818,4.88313264,0.32862441,1,0.36443182
0.02376000,10.00000000,15.00000000,14.59108482,4.95873852,0.32896781,1,0.40891518
0.02378000,10.00000000,15.00000000,14.54744297,5.04818081,0.32931873,1,0.45255703
0.02380000,10.00000000,15.00000000,14.50473898,5.15125240,0.32967660,1,0.49526102
0.02382000,10.00000000,15.00000000,14.46306687,5.26771731,0.33004081,1,0.53693313
0.02384000,10.00000000,15.00000000,14.42251813,5.39731123,0.33041074,1,0.57748187
0.02386000,10.00000000,15.00000000,14.38318155,5.53974235,0.33078577,1,0.61681845
0.02388000,10.00000000,15.00000000,14.34514299,5.69469207,0.33116143,1,0.65485701
0.02390000,10.00000000,15.00000000,14.30848541,5.86179394,0.33154044,1,0.69151459
0.02392000,10.00000000,15.00000000,14.27328825,6.04067592,0.33192280,1,0.72671175
0.02394000,10.00000000,15.00000000,14.23962750,6.23094576,0.33230784,1,0.76037250
0.02396000,10.00000000,15.00000000,14.20757562,6.43218805,0.33269486,1,0.79242438
0.02398000,10.00000000,15.00000000,14.17720139,6.64396522,0.33308316,1,0.82279861
0.02400000,10.00000000,15.00000000,14.14856982,6.86581852,0.33347202,1,0.85143018
0.02402000,10.00000000,15.00000000,14.12174201,7.09726914,0.33386072,1,0.87825799
0.02404000,10.00000000,15.00000000,14.09677502,7.33781923,0.33424854,1,0.90322498
0.02406000,10.00000000,15.00000000,14.07372182,7.58695310,0.33463405,1,0.92627818
0.02408000,10.00000000,15.00000000,14.05263120,7.84413436,0.33501475,1,0.94736880
0.02410000,10.00000000,15.00000000,14.03354780,8.10880112,0.33539263,1,0.96645220
0.02412000,10.00000000,15.00000000,14.01651159,8.38039238,0.33576694,1,0.98348841
0.02414000,10.00000000,15.00000000,14.00155819,8.65833396,0.33613694,1,0.99844181
0.02416000,10.00000000,15.00000000,13.98871876,8.94203966,0.33650189,1,1.01128124
0.02418000,10.00000000,15.00000000,13.97801998,9.23091242,0.33686106,1,1.02198002
0.02420000,10.00000000,15.00000000,13.96948400,9.52434560,0.33721369,1,1.03051600
0.02422000,10.00000000,15.00000000,13.96312846,9.82172413,0.33755905,1,1.03687154
0.02424000,10.00000000,15.00000000,13.95896645,10.12242571,0.33789642,1,1.04103355
0.02426000,10.00000000,15.00000000,13.95700652,10.42582208,0.33822506,1,1.04299348
0.02428000,10.00000000,15.00000000,13.95725265,10.73128016,0.33853367,1,1.04274735
0.02430000,10.00000000,15.00000000,13.95970540,11.03810402,0.33874790,1,1.04029460
0.02432000,10.00000000,15.00000000,13.96436807,11.34518274,0.33895128,1,1.03563193
0.02434000,10.00000000,15.00000000,13.97122785,11.65187354,0.33914378,1,1.02877215
0.02436000,10.00000000,15.00000000,13.98026743,11.95753795,0.33932492,1,1.01973257
0.02438000,10.00000000,15.00000000,13.99146511,12.26154038,0.33949424,1,1.00853489
0.02440000,10.00000000,15.00000000,14.00479485,12.56324928,0.33965129,1,0.99520515
0.02442000,10.00000000,15.00000000,14.02022634,12.86203830,0.33979564,1,0.97977366
0.02444000,10.00000000,15.00000000,14.03772511,13.15728743,0.33992689,1,0.96227489
0.02446000,10.00000000,15.00000000,14.05725253,13.44838413,0.34004464,1,0.94274747
0.02448000,10.00000000,15.00000000,14.07876596,13.73472447,0.34014855,1,0.92123404
0.02450000,10.00000000,15.00000000,14.10221883,14.01571419,0.34023505,1,0.89778117
0.02452000,10.00000000,15.00000000,14.12756114,14.29075155,0.34030659,1,0.87243886
0.02454000,10.00000000,15.00000000,14.15473866,14.55926215,0.34036311,1,0.84526134
0.02456000,10.00000000,15.00000000,14.18369348,14.82068570,0.34040437,1,0.81630652
0.02458000,10.00000000,15.00000000,14.21436414,15.07447593,0.34043016,1,0.78563586
0.02460000,10.00000000,15.00000000,14.24668577,15.32010153,0.34044029,1,0.75331423
0.02462000,10.00000000,15.00000000,14.28059020,15.55704716,0.34043460,1,0.71940980
0.02464000,10.00000000,15.00000000,14.31600608,15.78481446,0.34041300,1,0.68399392
0.02466000,10.00000000,15.00000000,14.35285903,16.00292293,0.34037539,1,0.64714097
0.02468000,10.00000000,15.00000000,14.39107175,16.21091097,0.34032015,1,0.60892825
0.02470000,10.00000000,15.00000000,14.43056444,16.40832743,0.34024529,1,0.56943556
0.02472000,10.00000000,15.00000000,14.47125494,16.59473019,0.34015407,1,0.52874506
0.02474000,10.00000000,15.00000000,14.51305793,16.76971714,0.34004660,1,0.48694207
0.02476000,10.00000000,15.00000000,14.55588578,16.93290858,0.33992327,1,0.44411422
0.02478000,10.00000000,15.00000000,14.59964863,17.08394965,0.33978482,1,0.40035137
0.02480000,10.00000000,15.00000000,14.64425449,17.22251283,0.33963047,1,0.35574551
0.02482000,10.00000000,15.00000000,14.68960975,17.34828954,0.33945987,1,0.31039025
0.02484000,10.00000000,15.00000000,14.73561920,17.46099321,0.33926797,1,0.26438080
0.02486000,10.00000000,15.00000000,14.78218699,17.56033158,0.33906048,1,0.21781301
0.02488000,10.00000000,15.00000000,14.82921477,17.64607057,0.33883783,1,0.17078523
0.02490000,10.00000000,15.00000000,14.87660301,17.71800385,0.33860041,1,0.12339699
0.02492000,10.00000000,15.00000000,14.92425114,17.77595284,0.33834862,1,0.07574886
0.02494000,10.00000000,15.00000000,14.97205782,17.81976727,0.33808293,1,0.02794218
0.02496000,10.00000000,15.00000000,15.01992108,17.84932566,0.33792093,1,-0.01992108
0.02498000,10.00000000,15.00000000,15.06771793,17.86524320,0.33791269,1,-0.06771793
0.02500000,10.00000000,15.00000000,15.11532178,17.86847638,0.33789487,1,-0.11532178
0.02502000,10.00000000,15.00000000,15.16264255,17.85902994,0.33786609,1,-0.16264255
0.02504000,10.00000000,15.00000000,15.20959100,17.83692347,0.33782638,1,-0.20959100
0.02506000,10.00000000,15.00000000,15.25607860,17.80219959,0.33777578,1,-0.25607860
0.02508000,10.00000000,15.00000000,15.30201767,17.75492401,0.33771376,1,-0.30201767
0.02510000,10.00000000,15.00000000,15.34732164,17.69518163,0.33760215,1,-0.34732164
0.02512000,10.00000000,15.00000000,15.39191167,17.62284398,0.33726272,1,-0.39191167
0.02514000,10.00000000,15.00000000,15.43573903,17.53669794,0.33691544,1,-0.43573903
0.02516000,10.00000000,15.00000000,15.47870795,17.43689795,0.33656082,1,-0.47870795
0.02518000,10.00000000,15.00000000,15.52072418,17.32362676,0.33619944,1,-0.52072418
0.02520000,10.00000000,15.00000000,15.56169514,17.19709558,0.33583190,1,-0.56169514
0.02522000,10.00000000,15.00000000,15.60153010,17.05754384,0.33545882,1,-0.60153010
0.02524000,10.00000000,15.00000000,15.64014042,16.90523885,0.33508291,1,-0.64014042
0.02526000,10.00000000,15.00000000,15.67743936,16.74048848,0.33470504,1,-0.67743936
0.02528000,10.00000000,15.00000000,15.71334272,16.56362925,0.33432336,1,-0.71334272
0.02530000,10.00000000,15.00000000,15.74776944,16.37500857,0.33393855,1,-0.74776944
0.02532000,10.00000000,15.00000000,15.78064130,16.17499987,0.33355132,1,-0.78064130
0.02534000,10.00000000,15.00000000,15.81188304,15.96400206,0.33316237,1,-0.81188304
0.02536000,10.00000000,15.00000000,15.84142260,15.74243887,0.33277244,1,-0.84142260
0.02538000,10.00000000,15.00000000,15.86919124,15.51075815,0.33238227,1,-0.86919124
0.02540000,10.00000000,15.00000000,15.89512375,15.26943111,0.33199259,1,-0.89512375
0.02542000,10.00000000,15.00000000,15.91915859,15.01895150,0.33160418,1,-0.91915859
0.02544000,10.00000000,15.00000000,15.94123806,14.75983474,0.33122068,1,-0.94123806
0.02546000,10.00000000,15.00000000,15.96130805,14.49263537,0.33084012,1,-0.96130805
0.02548000,10.00000000,15.00000000,15.97931911,14.21791036,0.33046288,1,-0.97931911
0.02550000,10.00000000,15.00000000,15.99522614,13.93623265,0.33008974,1,-0.99522614
0.02552000,10.00000000,15.00000000,16.00898841,13.64819272,0.32972148,1,-1.00898841
0.02554000,10.00000000,15.00000000,16.02056972,13.35439743,0.32935889,1,-1.02056972
0.02556000,10.00000000,15.00000000,16.02993849,13.05546879,0.32900277,1,-1.02993849
0.02558000,10.00000000,15.00000000,16.03706787,12.75204281,0.32865390,1,-1.03706787
0.02560000,10.00000000,15.00000000,16.04193583,12.44476809,0.32831307,1,-1.04193583
0.02562000,10.00000000,15.00000000,16.04452524,12.13430458,0.32798107,1,-1.04452524
0.02564000,10.00000000,15.00000000,16.04482399,11.82132216,0.32765867,1,-1.04482399
0.02566000,10.00000000,15.00000000,16.04282498,11.50649920,0.32743257,1,-1.04282498
0.02568000,10.00000000,15.00000000,16.03851750,11.19107366,0.32723075,1,-1.03851750
0.02570000,10.00000000,15.00000000,16.03190818,10.87582237,0.32704040,1,-1.03190818
0.02572000,10.00000000,15.00000000,16.02301091,10.56143764,0.32686195,1,-1.02301091
0.02574000,10.00000000,15.00000000,16.01184469,10.24861046,0.32669587,1,-1.01184469
0.02576000,10.00000000,15.00000000,15.99843367,9.93802948,0.32654264,1,-0.99843367
0.02578000,10.00000000,15.00000000,15.98280706,9.63037934,0.32640269,1,-0.98280706
0.02580000,10.00000000,15.00000000,15.96499913,9.32633920,0.32627644,1,-0.96499913
0.02582000,10.00000000,15.00000000,15.94504907,9.02658104,0.32616429,1,-0.94504907
0.02584000,10.00000000,15.00000000,15.92300098,8.73176817,0.32606659,1,-0.92300098
0.02586000,10.00000000,15.00000000,15.89890375,8.44255359,0.32598684,1,-0.89890375
0.02588000,10.00000000,15.00000000,15.87281073,8.15959850,0.32592282,1,-0.87281073
0.02590000,10.00000000,15.00000000,15.84478021,7.88353471,0.32587442,1,-0.84478021
0.02592000,10.00000000,15.00000000,15.81487497,7.61497657,0.32584187,1,-0.81487497
0.02594000,10.00000000,15.00000000,15.78316209,7.35452196,0.32582536,1,-0.78316209
0.02596000,10.00000000,15.00000000,15.74971283,7.10275083,0.32582505,1,-0.74971283
0.02598000,10.00000000,15.00000000,15.71460245,6.86022377,0.32584107,1,-0.71460245
0.02600000,10.00000000,15.00000000,15.67791001,6.62748067,0.32587350,1,-0.67791001
0.02602000,10.00000000,15.00000000,15.63971820,6.40503939,0.32592239,1,-0.63971820
0.02604000,10.00000000,15.00000000,15.60011317,6.19339455,0.32599067,1,-0.60011317
0.02606000,10.00000000,15.00000000,15.55918413,5.99303452,0.32607780,1,-0.55918413
0.02608000,10.00000000,15.00000000,15.51702350,5.80441880,0.32618159,1,-0.51702350
0.02610000,10.00000000,15.00000000,15.47372670,5.62796695,0.32630134,1,-0.47372670
0.02612000,10.00000000,15.00000000,15.42939174,5.46406702,0.32643676,1,-0.42939174
0.02614000,10.00000000,15.00000000,15.38411891,5.31307770,0.32658847,1,-0.38411891
0.02616000,10.00000000,15.00000000,15.33801054,5.17533309,0.32675624,1,-0.33801054
0.02618000,10.00000000,15.00000000,15.29117080,5.05113705,0.32694304,1,-0.29117080
0.02620000,10.00000000,15.00000000,15.24370531,4.94078225,0.32714872,1,-0.24370531
0.02622000,10.00000000,15.00000000,15.19572121,4.84453067,0.32736997,1,-0.19572121
0.02624000,10.00000000,15.00000000,15.14732692,4.76259392,0.32760630,1,-0.14732692
0.02626000,10.00000000,15.00000000,15.09863171,4.69515030,0.32785727,1,-0.09863171
0.02628000,10.00000000,15.00000000,15.04974537,4.64234505,0.32812240,1,-0.04974537
0.02630000,10.00000000,15.00000000,15.00077798,4.60429008,0.32840117,1,-0.00077798
0.02632000,10.00000000,15.00000000,14.95183965,4.58106368,0.32840908,1,0.04816035
0.02634000,10.00000000,15.00000000,14.90304831,4.57101373,0.32842267,1,0.09695169
0.02636000,10.00000000,15.00000000,14.85450084,4.57412118,0.32844730,1,0.14549916
0.02638000,10.00000000,15.00000000,14.80629321,4.59037262,0.32848298,1,0.19370679
0.02640000,10.00000000,15.00000000,14.75852064,4.61972831,0.32852967,1,0.24147936
0.02642000,10.00000000,15.00000000,14.71127740,4.66212225,0.32858788,1,0.28872260
0.02644000,10.00000000,15.00000000,14.66465660,4.71746564,0.32865713,1,0.33534340
0.02646000,10.00000000,15.00000000,14.61875007,4.78564149,0.32892648,1,0.38124993
0.02648000,10.00000000,15.00000000,14.57364210,4.86761250,0.32927747,1,0.42635790
0.02650000,10.00000000,15.00000000,14.52942680,4.96361719,0.32963592,1,0.47057320
0.02652000,10.00000000,15.00000000,14.48620157,5.07343381,0.33000122,1,0.51379843
0.02654000,10.00000000,15.00000000,14.44406132,5.19681140,0.33037277,1,0.55593868
0.02656000,10.00000000,15.00000000,14.40309834,5.33347047,0.33074994,1,0.59690166
0.02658000,10.00000000,15.00000000,14.36340205,5.48310376,0.33113072,1,0.63659795
0.02660000,10.00000000,15.00000000,14.32505893,5.64536935,0.33151268,1,0.67494107
0.02662000,10.00000000,15.00000000,14.28815226,5.81988904,0.33189853,1,0.71184774
0.02664000,10.00000000,15.00000000,14.25276172,6.00627891,0.33228758,1,0.74723828
0.02666000,10.00000000,15.00000000,14.21896346,6.20413083,0.33267912,1,0.78103654
0.02668000,10.00000000,15.00000000,14.18683000,6.41301344,0.33307246,1,0.81317000
0.02670000,10.00000000,15.00000000,14.15643007,6.63247318,0.33346687,1,0.84356993
0.02672000,10.00000000,15.00000000,14.12782849,6.86203539,0.33386162,1,0.87217151
0.02674000,10.00000000,15.00000000,14.10108606,7.10120534,0.33425599,1,0.89891394
0.02676000,10.00000000,15.00000000,14.07625944,7.34946937,0.33464912,1,0.92374056
0.02678000,10.00000000,15.00000000,14.05340108,7.60629542,0.33503710,1,0.94659892
0.02680000,10.00000000,15.00000000,14.03255932,7.87111701,0.33542272,1,0.96744068
0.02682000,10.00000000,15.00000000,14.01377776,8.14337217,0.33580524,1,0.98622224
0.02684000,10.00000000,15.00000000,13.99709558,8.42248477,0.33618390,1,1.00290442
0.02686000,10.00000000,15.00000000,13.98254745,8.70786564,0.33655795,1,1.01745255
0.02688000,10.00000000,15.00000000,13.97016349,8.99891386,0.33692664,1,1.02983651
0.02690000,10.00000000,15.00000000,13.95996927,9.29501792,0.33728920,1,1.04003073
0.02692000,10.00000000,15.00000000,13.95198574,9.59555698,0.33764489,1,1.04801426
0.02694000,10.00000000,15.00000000,13.94622924,9.89990207,0.33799296,1,1.05377076
0.02696000,10.00000000,15.00000000,13.94271149,10.20741737,0.33833266,1,1.05728851
0.02698000,10.00000000,15.00000000,13.94143956,10.51746136,0.33866325,1,1.05856044
0.02700000,10.00000000,15.00000000,13.94241593,10.82938811,0.33894205,1,1.05758407
0.02702000,10.00000000,15.00000000,13.94564273,11.14231375,0.33915564,1,1.05435727
0.02704000,10.00000000,15.00000000,13.95111751,11.45528036,0.33935821,1,1.04888249
0.02706000,10.00000000,15.00000000,13.95882567,11.76763493,0.33954956,1,1.04117433
0.02708000,10.00000000,15.00000000,13.96874805,12.07872829,0.33972920,1,1.03125195
0.02710000,10.00000000,15.00000000,13.98086105,12.38791460,0.33989668,1,1.01913895
0.02712000,10.00000000,15.00000000,13.99513670,12.69455251,0.34005152,1,1.00486330
0.02714000,10.00000000,15.00000000,14.01154269,12.99800638,0.34019332,1,0.98845731
0.02716000,10.00000000,15.00000000,14.03004251,13.29764735,0.34032164,1,0.96995749
0.02718000,10.00000000,15.00000000,14.05059546,13.59285457,0.34043611,1,0.94940454
0.02720000,10.00000000,15.00000000,14.07315677,13.88301626,0.34053636,1,0.92684323
0.02722000,10.00000000,15.00000000,14.09767773,14.16753086,0.34061931,1,0.90232227
0.02724000,10.00000000,15.00000000,14.12410609,14.44579260,0.34068632,1,0.87589391
0.02726000,10.00000000,15.00000000,14.15238552,14.71721731,0.34073795,1,0.84761448
0.02728000,10.00000000,15.00000000,14.18245587,14.98123899,0.34077394,1,0.81754413
0.02730000,10.00000000,15.00000000,14.21425342,15.23730618,0.34079410,1,0.78574658
0.02732000,10.00000000,15.00000000,14.24771104,15.48488297,0.34079825,1,0.75228896
0.02734000,10.00000000,15.00000000,14.28275825,15.72345001,0.34078623,1,0.71724175
0.02736000,10.00000000,15.00000000,14.31932140,15.95250548,0.34075795,1,0.68067860
0.02738000,10.00000000,15.00000000,14.35732381,16.17156604,0.34071333,1,0.64267619
0.02740000,10.00000000,15.00000000,14.39668586,16.38016776,0.34064984,1,0.60331414
0.02742000,10.00000000,15.00000000,14.43732558,16.57785262,0.34056716,1,0.56267442
0.02744000,10.00000000,15.00000000,14.47915834,16.76418168,0.34046782,1,0.52084166
0.02746000,10.00000000,15.00000000,14.52209653,16.93875237,0.34035212,1,0.47790347
0.02748000,10.00000000,15.00000000,14.56605016,17.10118631,0.34022104,1,0.43394984
0.02750000,10.00000000,15.00000000,14.61092695,17.25113387,0.34007359,1,0.38907305
0.02752000,10.00000000,15.00000000,14.65663286,17.38826327,0.33990995,1,0.34336714
0.02754000,10.00000000,15.00000000,14.70307199,17.51226780,0.33972792,1,0.29692801
0.02756000,10.00000000,15.00000000,14.75014723,17.62285226,0.33952605,1,0.24985277
0.02758000,10.00000000,15.00000000,14.79776016,17.71973746,0.33930833,1,0.20223984
0.02760000,10.00000000,15.00000000,14.84581025,17.80269298,0.33907523,1,0.15418975
0.02762000,10.00000000,15.00000000,14.89419577,17.87151690,0.33882716,1,0.10580423
0.02764000,10.00000000,15.00000000,14.94281406,17.92603565,0.33856454,1,0.05718594
0.02766000,10.00000000,15.00000000,14.99156167,17.96610465,0.33828786,1,0.00843833
0.02768000,10.00000000,15.00000000,15.04033458,17.99160874,0.33823525,1,-0.04033458
0.02770000,10.00000000,15.00000000,15.08898627,18.00390029,0.33822303,1,-0.08898627
0.02772000,10.00000000,15.00000000,15.13741352,18.00326719,0.33820005,1,-0.13741352
0.02774000,10.00000000,15.00000000,15.18552496,17.98971528,0.33816590,1,-0.18552496
0.02776000,10.00000000,15.00000000,15.23322990,17.96327130,0.33812061,1,-0.23322990
0.02778000,10.00000000,15.00000000,15.28043842,17.92398549,0.33806382,1,-0.28043842
0.02780000,10.00000000,15.00000000,15.32706158,17.87192900,0.33799568,1,-0.32706158
0.02782000,10.00000000,15.00000000,15.37301147,17.80719668,0.33777110,1,-0.37301147
0.02784000,10.00000000,15.00000000,15.41822667,17.72900890,0.33742181,1,-0.41822667
0.02786000,10.00000000,15.00000000,15.46263445,17.63679145,0.33706467,1,-0.46263445
0.02788000,10.00000000,15.00000000,15.50613769,17.53071019,0.33670022,1,-0.50613769
0.02790000,10.00000000,15.00000000,15.54864083,17.41095993,0.33632907,1,-0.54864083
0.02792000,10.00000000,15.00000000,15.59005009,17.27776436,0.33595184,1,-0.59005009
0.02794000,10.00000000,15.00000000,15.63027364,17.13137580,0.33556965,1,-0.63027364
0.02796000,10.00000000,15.00000000,15.66922170,16.97207804,0.33518669,1,-0.66922170
0.02798000,10.00000000,15.00000000,15.70680633,16.80020509,0.33479936,1,-0.70680633
0.02800000,10.00000000,15.00000000,15.74294302,16.61609177,0.33440833,1,-0.74294302
0.02802000,10.00000000,15.00000000,15.77754998,16.42009982,0.33401431,1,-0.77754998
0.02804000,10.00000000,15.00000000,15.81054834,16.21261738,0.33361802,1,-0.81054834
0.02806000,10.00000000,15.00000000,15.84186235,15.99405835,0.33322019,1,-0.84186235
0.02808000,10.00000000,15.00000000,15.87141950,15.76486173,0.33282155,1,-0.87141950
0.02810000,10.00000000,15.00000000,15.89915075,15.52549090,0.33242287,1,-0.89915075
0.02812000,10.00000000,15.00000000,15.92499070,15.27643280,0.33202506,1,-0.92499070
0.02814000,10.00000000,15.00000000,15.94887770,15.01819812,0.33163212,1,-0.94887770
0.02816000,10.00000000,15.00000000,15.97075361,14.75133999,0.33124118,1,-0.97075361
0.02818000,10.00000000,15.00000000,15.99056509,14.47640926,0.33085304,1,-0.99056509
0.02820000,10.00000000,15.00000000,16.00826305,14.19397652,0.33046848,1,-1.00826305
0.02822000,10.00000000,15.00000000,16.02380276,13.90463105,0.33008831,1,-1.02380276
0.02824000,10.00000000,15.00000000,16.03714401,13.60897968,0.32971333,1,-1.03714401
0.02826000,10.00000000,15.00000000,16.04825122,13.30764563,0.32934434,1,-1.04825122
0.02828000,10.00000000,15.00000000,16.05709356,13.00126727,0.32898215,1,-1.05709356
0.02830000,10.00000000,15.00000000,16.06364502,12.69049685,0.32862756,1,-1.06364502
0.02832000,10.00000000,15.00000000,16.06788458,12.37599914,0.32828138,1,-1.06788458
0.02834000,10.00000000,15.00000000,16.06979621,12.05845012,0.32794440,1,-1.06979621
0.02836000,10.00000000,15.00000000,16.06936900,11.73853550,0.32763579,1,-1.06936900
0.02838000,10.00000000,15.00000000,16.06659530,11.41706760,0.32742036,1,-1.06659530
0.02840000,10.00000000,15.00000000,16.06146731,11.09527816,0.32721666,1,-1.06146731
0.02842000,10.00000000,15.00000000,16.05399536,10.77387557,0.32702471,1,-1.05399536
0.02844000,10.00000000,15.00000000,16.04419512,10.45356529,0.32684502,1,-1.04419512
0.02846000,10.00000000,15.00000000,16.03208751,10.13505151,0.32667808,1,-1.03208751
0.02848000,10.00000000,15.00000000,16.01769865,9.81903556,0.32652436,1,-1.01769865
0.02850000,10.00000000,15.00000000,16.00105985,9.50621433,0.32638430,1,-1.00105985
0.02852000,10.00000000,15.00000000,15.98220751,9.19727859,0.32625833,1,-0.98220751
0.02854000,10.00000000,15.00000000,15.96118308,8.89291141,0.32614684,1,-0.96118308
0.02856000,10.00000000,15.00000000,15.93803298,8.59378652,0.32605020,1,-0.93803298
0.02858000,10.00000000,15.00000000,15.91280848,8.30056673,0.32597016,1,-0.91280848
0.02860000,10.00000000,15.00000000,15.88556552,8.01391132,0.32590812,1,-0.88556552
0.02862000,10.00000000,15.00000000,15.85636467,7.73447247,0.32586210,1,-0.85636467
0.02864000,10.00000000,15.00000000,15.82527129,7.46287232,0.32583231,1,-0.82527129
0.02866000,10.00000000,15.00000000,15.79235509,7.19971569,0.32581894,1,-0.79235509
0.02868000,10.00000000,15.00000000,15.75768998,6.94558870,0.32582216,1,-0.75768998
0.02870000,10.00000000,15.00000000,15.72135391,6.70105733,0.32584208,1,-0.72135391
0.02872000,10.00000000,15.00000000,15.68342867,6.46666600,0.32587876,1,-0.68342867
0.02874000,10.00000000,15.00000000,15.64399969,6.24293633,0.32593226,1,-0.64399969
0.02876000,10.00000000,15.00000000,15.60315585,6.03036579,0.32600537,1,-0.60315585
0.02878000,10.00000000,15.00000000,15.56098914,5.82944398,0.32609792,1,-0.56098914
0.02880000,10.00000000,15.00000000,15.51759473,5.64063319,0.32620705,1,-0.51759473
0.02882000,10.00000000,15.00000000,15.47307078,5.46435069,0.32633206,1,-0.47307078
0.02884000,10.00000000,15.00000000,15.42751804,5.30098174,0.32647386,1,-0.42751804
0.02886000,10.00000000,15.00000000,15.38103944,5.15088857,0.32663224,1,-0.38103944
0.02888000,10.00000000,15.00000000,15.33373998,5.01440312,0.32680697,1,-0.33373998
0.02890000,10.00000000,15.00000000,15.28572646,4.89182624,0.32700177,1,-0.28572646
0.02892000,10.00000000,15.00000000,15.23710710,4.78345155,0.32721508,1,-0.23710710
0.02894000,10.00000000,15.00000000,15.18799162,4.68953239,0.32744422,1,-0.18799162
0.02896000,10.00000000,15.00000000,15.13849095,4.61027506,0.32768867,1,-0.13849095
0.02898000,10.00000000,15.00000000,15.08871677,4.54585161,0.32794796,1,-0.08871677
0.02900000,10.00000000,15.00000000,15.03878123,4.49640026,0.32822160,1,-0.03878123
0.02902000,10.00000000,15.00000000,14.98879671,4.46202509,0.32844321,1,0.01120329
0.02904000,10.00000000,15.00000000,14.93887727,4.44240148,0.32844869,1,0.06112273
0.02906000,10.00000000,15.00000000,14.88913812,4.43619807,0.32846484,1,0.11086188
0.02908000,10.00000000,15.00000000,14.83967759,4.44341640,0.32849228,1,0.16032241
0.02910000,10.00000000,15.00000000,14.79059341,4.46403478,0.32853100,1,0.20940659
0.02912000,10.00000000,15.00000000,14.74198245,4.49800464,0.32858115,1,0.25801755
0.02914000,10.00000000,15.00000000,14.69394055,4.54525178,0.32864308,1,0.30605945
0.02916000,10.00000000,15.00000000,14.64656236,4.60567783,0.32871604,1,0.35343764
0.02918000,10.00000000,15.00000000,14.59994110,4.67915415,0.32905762,1,0.40005890
0.02920000,10.00000000,15.00000000,14.55416053,4.76703004,0.32941695,1,0.44583947
0.02922000,10.00000000,15.00000000,14.50932088,4.86915700,0.32978369,1,0.49067912
0.02924000,10.00000000,15.00000000,14.46552075,4.98529949,0.33015724,1,0.53447925
0.02926000,10.00000000,15.00000000,14.42285618,5.11519234,0.33053696,1,0.57714382
0.02928000,10.00000000,15.00000000,14.38142042,5.25854156,0.33092233,1,0.61857958
0.02930000,10.00000000,15.00000000,14.34130376,5.41502582,0.33130878,1,0.65869624
0.02932000,10.00000000,15.00000000,14.30259352,5.58427412,0.33169866,1,0.69740648
0.02934000,10.00000000,15.00000000,14.26537340,5.76590668,0.33209232,1,0.73462660
0.02936000,10.00000000,15.00000000,14.22972359,5.95952422,0.33248903,1,0.77027641
0.02938000,10.00000000,15.00000000,14.19572061,6.16470312,0.33288810,1,0.80427939
0.02940000,10.00000000,15.00000000,14.16343727,6.38099642,0.33328880,1,0.83656273
0.02942000,10.00000000,15.00000000,14.13294242,6.60793490,0.33369040,1,0.86705758
0.02944000,10.00000000,15.00000000,14.10430091,6.84502815,0.33409216,1,0.89569909
0.02946000,10.00000000,15.00000000,14.07757345,7.09176574,0.33449333,1,0.92242655
0.02948000,10.00000000,15.00000000,14.05281650,7.34761831,0.33488982,1,0.94718350
0.02950000,10.00000000,15.00000000,14.03008240,7.61202001,0.33528416,1,0.96991760
0.02952000,10.00000000,15.00000000,14.00941873,7.88440701,0.33567591,1,0.99058127
0.02954000,10.00000000,15.00000000,13.99086855,8.16420195,0.33606431,1,1.00913145
0.02956000,10.00000000,15.00000000,13.97447041,8.45081341,0.33644858,1,1.02552959
0.02958000,10.00000000,15.00000000,13.96025823,8.74363711,0.33682795,1,1.03974177
0.02960000,10.00000000,15.00000000,13.94826130,9.04205719,0.33720167,1,1.05173870
0.02962000,10.00000000,15.00000000,13.93850424,9.34544742,0.33756896,1,1.06149576
0.02964000,10.00000000,15.00000000,13.93100698,9.65317246,0.33792905,1,1.06899302
0.02966000,10.00000000,15.00000000,13.92578473,9.96458913,0.33828118,1,1.07421527
0.02968000,10.00000000,15.00000000,13.92284799,10.27904761,0.33862460,1,1.07715201
0.02970000,10.00000000,15.00000000,13.92220256,10.59589273,0.33895856,1,1.07779744
0.02972000,10.00000000,15.00000000,13.92384952,10.91446519,0.33921156,1,1.07615048
0.02974000,10.00000000,15.00000000,13.92779254,11.23370770,0.33942588,1,1.07220746
0.02976000,10.00000000,15.00000000,13.93402389,11.55279951,0.33962900,1,1.06597611
0.02978000,10.00000000,15.00000000,13.94252728,11.87107665,0.33982056,1,1.05747272
0.02980000,10.00000000,15.00000000,13.95328186,12.18787856,0.34000009,1,1.04671814
0.02982000,10.00000000,15.00000000,13.96626225,12.50254839,0.34016709,1,1.03373775
0.02984000,10.00000000,15.00000000,13.98143865,12.81443426,0.34032111,1,1.01856135
0.02986000,10.00000000,15.00000000,13.99877688,13.12289036,0.34046172,1,1.00122312
0.02988000,10.00000000,15.00000000,14.01823847,13.42727820,0.34058850,1,0.98176153
0.02990000,10.00000000,15.00000000,14.03978075,13.72696772,0.34070106,1,0.96021925
0.02992000,10.00000000,15.00000000,14.06335692,14.02133843,0.34079903,1,0.93664308
0.02994000,10.00000000,15.00000000,14.08891620,14.30978055,0.34088038,1,0.91108380
0.02996000,10.00000000,15.00000000,14.11640408,14.59168658,0.34094424,1,0.88359592
0.02998000,10.00000000,15.00000000,14.14576231,14.86645849,0.34099233,1,0.85423769
0.03000000,10.00000000,4.00000000,14.17692855,15.13352351,0.13276173,0,-10.17692855
0.03002000,10.00000000,4.00000000,14.23751358,9.97976270,0.17397404,0,-10.23751358
0.03004000,10.00000000,4.00000000,14.24147973,4.97800763,0.16749105,0,-10.24147973
0.03006000,10.00000000,4.00000000,14.18989146,0.00000000,0.16630398,0,-10.18989146
0.03008000,10.00000000,4.00000000,14.08355988,0.00000000,0.16563676,0,-10.08355988
0.03010000,10.00000000,4.00000000,13.97803793,0.00000000,0.16004412,0,-9.97803793
0.03012000,10.00000000,4.00000000,13.87321012,0.00000000,0.15451865,0,-9.87321012
0.03014000,10.00000000,4.00000000,13.76907256,0.00000000,0.14902257,0,-9.76907256
0.03016000,10.00000000,4.00000000,13.66562055,0.00000000,0.14357077,0,-9.66562055
0.03018000,10.00000000,4.00000000,13.56284976,0.00000000,0.13817704,0,-9.56284976
0.03020000,10.00000000,4.00000000,13.46075619,0.00000000,0.13282308,0,-9.46075619
0.03022000,10.00000000,4.00000000,13.35933547,0.00000000,0.12750373,0,-9.35933547
0.03024000,10.00000000,4.00000000,13.25858316,0.00000000,0.12224227,0,-9.25858316
0.03026000,10.00000000,4.00000000,13.15849535,0.00000000,0.11703358,0,-9.15849535
0.03028000,10.00000000,4.00000000,13.05906806,0.00000000,0.11184716,0,-9.05906806
0.03030000,10.00000000,4.00000000,12.96029667,0.00000000,0.10671757,0,-8.96029667
0.03032000,10.00000000,4.00000000,12.86217735,0.00000000,0.10164431,0,-8.86217735
0.03034000,10.00000000,4.00000000,12.76470629,0.00000000,0.09659958,0,-8.76470629
0.03036000,10.00000000,4.00000000,12.66787910,0.00000000,0.09159849,0,-8.66787910
0.03038000,10.00000000,4.00000000,12.57169176,0.00000000,0.08665679,0,-8.57169176
0.03040000,10.00000000,4.00000000,12.47614062,0.00000000,0.08176101,0,-8.47614062
0.03042000,10.00000000,4.00000000,12.38122176,0.00000000,0.07689008,0,-8.38122176
0.03044000,10.00000000,4.00000000,12.28693084,0.00000000,0.07207924,0,-8.28693084
0.03046000,10.00000000,4.00000000,12.19326432,0.00000000,0.06732184,0,-8.19326432
0.03048000,10.00000000,4.00000000,12.10021854,0.00000000,0.06259321,0,-8.10021854
0.03050000,10.00000000,4.00000000,12.00778933,0.00000000,0.05790928,0,-8.00778933
0.03052000,10.00000000,4.00000000,11.91597290,0.00000000,0.05328141,0,-7.91597290
0.03054000,10.00000000,4.00000000,11.82476574,0.00000000,0.04870325,0,-7.82476574
0.03056000,10.00000000,4.00000000,11.73416423,0.00000000,0.04414363,0,-7.73416423
0.03058000,10.00000000,4.00000000,11.64416408,0.00000000,0.03964318,0,-7.64416408
0.03060000,10.00000000,4.00000000,11.55476195,0.00000000,0.03519399,0,-7.55476195
0.03062000,10.00000000,4.00000000,11.46595433,0.00000000,0.03079069,0,-7.46595433
0.03064000,10.00000000,4.00000000,11.37773763,0.00000000,0.02643045,0,-7.37773763
0.03066000,10.00000000,4.00000000,11.29010822,0.00000000,0.02212132,0,-7.29010822
0.03068000,10.00000000,4.00000000,11.20306269,0.00000000,0.01786532,0,-7.20306269
0.03070000,10.00000000,4.00000000,11.11659769,0.00000000,0.01366482,0,-7.11659769
0.03072000,10.00000000,4.00000000,11.03070994,0.00000000,0.00951448,0,-7.03070994
0.03074000,10.00000000,4.00000000,10.94539608,0.00000000,0.00541090,0,-6.94539608
0.03076000,10.00000000,4.00000000,10.86065270,0.00000000,0.00140837,0,-6.86065270
0.03078000,10.00000000,4.00000000,10.77647762,0.00000000,0.00000000,0,-6.77647762
0.03080000,10.00000000,4.00000000,10.69292395,0.00000000,0.00000000,0,-6.69292395
0.03082000,10.00000000,4.00000000,10.61001810,0.00000000,0.00000000,0,-6.61001810
0.03084000,10.00000000,4.00000000,10.52775504,0.00000000,0.00000000,0,-6.52775504
0.03086000,10.00000000,4.00000000,10.44612980,0.00000000,0.00000000,0,-6.44612980
0.03088000,10.00000000,4.00000000,10.36513743,0.00000000,0.00000000,0,-6.36513743
0.03090000,10.00000000,4.00000000,10.28477301,0.00000000,0.00000000,0,-6.28477301
0.03092000,10.00000000,4.00000000,10.20503169,0.00000000,0.00000000,0,-6.20503169
0.03094000,10.00000000,4.00000000,10.12590864,0.00000000,0.00000000,0,-6.12590864
0.03096000,10.00000000,4.00000000,10.04739904,0.00000000,0.00000000,0,-6.04739904
0.03098000,10.00000000,4.00000000,9.96949816,0.00000000,0.00000000,0,-5.96949816
0.03100000,10.00000000,4.00000000,9.89220128,0.00000000,0.00000000,0,-5.89220128
0.03102000,10.00000000,4.00000000,9.81550370,0.00000000,0.00000000,0,-5.81550370
0.03104000,10.00000000,4.00000000,9.73940078,0.00000000,0.00000000,0,-5.73940078
0.03106000,10.00000000,4.00000000,9.66388792,0.00000000,0.00000000,0,-5.66388792
0.03108000,10.00000000,4.00000000,9.58896053,0.00000000,0.00000000,0,-5.58896053
0.03110000,10.00000000,4.00000000,9.51461408,0.00000000,0.00000000,0,-5.51461408
0.03112000,10.00000000,4.00000000,9.44084406,0.00000000,0.00000000,0,-5.44084406
0.03114000,10.00000000,4.00000000,9.36764601,0.00000000,0.00000000,0,-5.36764601
0.03116000,10.00000000,4.00000000,9.29501548,0.00000000,0.00000000,0,-5.29501548
0.03118000,10.00000000,4.00000000,9.22294809,0.00000000,0.00000000,0,-5.22294809
0.03120000,10.00000000,4.00000000,9.15143945,0.00000000,0.00000000,0,-5.15143945
0.03122000,10.00000000,4.00000000,9.08048525,0.00000000,0.00000000,0,-5.08048525
0.03124000,10.00000000,4.00000000,9.01008118,0.00000000,0.00000000,0,-5.01008118
0.03126000,10.00000000,4.00000000,8.94022298,0.00000000,0.00000000,0,-4.94022298
0.03128000,10.00000000,4.00000000,8.87090641,0.00000000,0.00000000,0,-4.87090641
0.03130000,10.00000000,4.00000000,8.80212727,0.00000000,0.00000000,0,-4.80212727
0.03132000,10.00000000,4.00000000,8.73388141,0.00000000,0.00000000,0,-4.73388141
0.03134000,10.00000000,4.00000000,8.66616467,0.00000000,0.00000000,0,-4.66616467
0.03136000,10.00000000,4.00000000,8.59897297,0.00000000,0.00000000,0,-4.59897297
0.03138000,10.00000000,4.00000000,8.53230223,0.00000000,0.00000000,0,-4.53230223
0.03140000,10.00000000,4.00000000,8.46614841,0.00000000,0.00000000,0,-4.46614841
0.03142000,10.00000000,4.00000000,8.40050750,0.00000000,0.00000000,0,-4.40050750
0.03144000,10.00000000,4.00000000,8.33537553,0.00000000,0.00000000,0,-4.33537553
0.03146000,10.00000000,4.00000000,8.27074854,0.00000000,0.00000000,0,-4.27074854
0.03148000,10.00000000,4.00000000,8.20662263,0.00000000,0.00000000,0,-4.20662263
0.03150000,10.00000000,4.00000000,8.14299392,0.00000000,0.00000000,0,-4.14299392
0.03152000,10.00000000,4.00000000,8.07985853,0.00000000,0.00000000,0,-4.07985853
0.03154000,10.00000000,4.00000000,8.01721266,0.00000000,0.00000000,0,-4.01721266
0.03156000,10.00000000,4.00000000,7.95505250,0.00000000,0.00000000,0,-3.95505250
0.03158000,10.00000000,4.00000000,7.89337429,0.00000000,0.00000000,0,-3.89337429
0.03160000,10.00000000,4.00000000,7.83217429,0.00000000,0.00000000,0,-3.83217429
0.03162000,10.00000000,4.00000000,7.77144880,0.00000000,0.00000000,0,-3.77144880
0.03164000,10.00000000,4.00000000,7.71119413,0.00000000,0.00000000,0,-3.71119413
0.03166000,10.00000000,4.00000000,7.65140664,0.00000000,0.00000000,0,-3.65140664
0.03168000,10.00000000,4.00000000,7.59208270,0.00000000,0.00000000,0,-3.59208270
0.03170000,10.00000000,4.00000000,7.53321872,0.00000000,0.00000000,0,-3.53321872
0.03172000,10.00000000,4.00000000,7.47481113,0.00000000,0.00000000,0,-3.47481113
0.03174000,10.00000000,4.00000000,7.41685639,0.00000000,0.00000000,0,-3.41685639
0.03176000,10.00000000,4.00000000,7.35935100,0.00000000,0.00000000,0,-3.35935100
0.03178000,10.00000000,4.00000000,7.30229146,0.00000000,0.00000000,0,-3.30229146
0.03180000,10.00000000,4.00000000,7.24567433,0.00000000,0.00000000,0,-3.24567433
0.03182000,10.00000000,4.00000000,7.18949617,0.00000000,0.00000000,0,-3.18949617
0.03184000,10.00000000,4.00000000,7.13375357,0.00000000,0.00000000,0,-3.13375357
0.03186000,10.00000000,4.00000000,7.07844317,0.00000000,0.00000000,0,-3.07844317
0.03188000,10.00000000,4.00000000,7.02356161,0.00000000,0.00000000,0,-3.02356161
0.03190000,10.00000000,4.00000000,6.96910557,0.00000000,0.00000000,0,-2.96910557
0.03192000,10.00000000,4.00000000,6.91507174,0.00000000,0.00000000,0,-2.91507174
0.03194000,10.00000000,4.00000000,6.86145685,0.00000000,0.00000000,0,-2.86145685
0.03196000,10.00000000,4.00000000,6.80825765,0.00000000,0.00000000,0,-2.80825765
0.03198000,10.00000000,4.00000000,6.75547093,0.00000000,0.00000000,0,-2.75547093
0.03200000,10.00000000,4.00000000,6.70309348,0.00000000,0.00000000,0,-2.70309348
0.03202000,10.00000000,4.00000000,6.65112214,0.00000000,0.00000000,0,-2.65112214
0.03204000,10.00000000,4.00000000,6.59955374,0.00000000,0.00000000,0,-2.59955374
0.03206000,10.00000000,4.00000000,6.54838517,0.00000000,0.00000000,0,-2.54838517
0.03208000,10.00000000,4.00000000,6.49761333,0.00000000,0.00000000,0,-2.49761333
0.03210000,10.00000000,4.00000000,6.44723513,0.00000000,0.00000000,0,-2.44723513
0.03212000,10.00000000,4.00000000,6.39724754,0.00000000,0.00000000,0,-2.39724754
0.03214000,10.00000000,4.00000000,6.34764752,0.00000000,0.00000000,0,-2.34764752
0.03216000,10.00000000,4.00000000,6.29843206,0.00000000,0.00000000,0,-2.29843206
0.03218000,10.00000000,4.00000000,6.24959819,0.00000000,0.00000000,0,-2.24959819
0.03220000,10.00000000,4.00000000,6.20114295,0.00000000,0.00000000,0,-2.20114295
0.03222000,10.00000000,4.00000000,6.15306339,0.00000000,0.00000000,0,-2.15306339
0.03224000,10.00000000,4.00000000,6.10535661,0.00000000,0.00000000,0,-2.10535661
0.03226000,10.00000000,4.00000000,6.05801972,0.00000000,0.00000000,0,-2.05801972
0.03228000,10.00000000,4.00000000,6.01104984,0.00000000,0.00000000,0,-2.01104984
0.03230000,10.00000000,4.00000000,5.96444414,0.00000000,0.00000000,0,-1.96444414
0.03232000,10.00000000,4.00000000,5.91819979,0.00000000,0.00000000,0,-1.91819979
0.03234000,10.00000000,4.00000000,5.87231399,0.00000000,0.00000000,0,-1.87231399
0.03236000,10.00000000,4.00000000,5.82678396,0.00000000,0.00000000,0,-1.82678396
0.03238000,10.00000000,4.00000000,5.78160693,0.00000000,0.00000000,0,-1.78160693
0.03240000,10.00000000,4.00000000,5.73678018,0.00000000,0.00000000,0,-1.73678018
0.03242000,10.00000000,4.00000000,5.69230098,0.00000000,0.00000000,0,-1.69230098
0.03244000,10.00000000,4.00000000,5.64816665,0.00000000,0.00000000,0,-1.64816665
0.03246000,10.00000000,4.00000000,5.60437451,0.00000000,0.00000000,0,-1.60437451
0.03248000,10.00000000,4.00000000,5.56092190,0.00000000,0.00000000,0,-1.56092190
0.03250000,10.00000000,4.00000000,5.51780619,0.00000000,0.00000000,0,-1.51780619
0.03252000,10.00000000,4.00000000,5.47502478,0.00000000,0.00000000,0,-1.47502478
0.03254000,10.00000000,4.00000000,5.43257506,0.00000000,0.00000000,0,-1.43257506
0.03256000,10.00000000,4.00000000,5.39045447,0.00000000,0.00000000,0,-1.39045447
0.03258000,10.00000000,4.00000000,5.34866045,0.00000000,0.00000000,0,-1.34866045
0.03260000,10.00000000,4.00000000,5.30719048,0.00000000,0.00000000,0,-1.30719048
0.03262000,10.00000000,4.00000000,5.26604204,0.00000000,0.00000000,0,-1.26604204
0.03264000,10.00000000,4.00000000,5.22521264,0.00000000,0.00000000,0,-1.22521264
0.03266000,10.00000000,4.00000000,5.18469980,0.00000000,0.00000000,0,-1.18469980
0.03268000,10.00000000,4.00000000,5.14450107,0.00000000,0.00000000,0,-1.14450107
0.03270000,10.00000000,4.00000000,5.10461402,0.00000000,0.00000000,0,-1.10461402
0.03272000,10.00000000,4.00000000,5.06503622,0.00000000,0.00000000,0,-1.06503622
0.03274000,10.00000000,4.00000000,5.02576528,0.00000000,0.00000000,0,-1.02576528
0.03276000,10.00000000,4.00000000,4.98679883,0.00000000,0.00000000,0,-0.98679883
0.03278000,10.00000000,4.00000000,4.94813449,0.00000000,0.00000000,0,-0.94813449
0.03280000,10.00000000,4.00000000,4.90976993,0.00000000,0.00000000,0,-0.90976993
0.03282000,10.00000000,4.00000000,4.87170283,0.00000000,0.00000000,0,-0.87170283
0.03284000,10.00000000,4.00000000,4.83393087,0.00000000,0.00000000,0,-0.83393087
0.03286000,10.00000000,4.00000000,4.79645177,0.00000000,0.00000000,0,-0.79645177
0.03288000,10.00000000,4.00000000,4.75926326,0.00000000,0.00000291,0,-0.75926326
0.03290000,10.00000000,4.00000000,4.72236315,0.00000000,0.00002704,0,-0.72236315
0.03292000,10.00000000,4.00000000,4.68574967,0.00000000,0.00007216,0,-0.68574967
0.03294000,10.00000000,4.00000000,4.64942107,0.00000000,0.00013801,0,-0.64942107
0.03296000,10.00000000,4.00000000,4.61337560,0.00000000,0.00022628,0,-0.61337560
0.03298000,10.00000000,4.00000000,4.57761155,0.00000000,0.00034551,0,-0.57761155
0.03300000,10.00000000,4.00000000,4.54212745,0.00000000,0.00048529,0,-0.54212745
0.03302000,10.00000000,4.00000000,4.50692156,0.00000000,0.00064547,0,-0.50692156
0.03304000,10.00000000,4.00000000,4.47199218,0.00000000,0.00082588,0,-0.47199218
0.03306000,10.00000000,4.00000000,4.43733763,0.00000000,0.00102634,0,-0.43733763
0.03308000,10.00000000,4.00000000,4.40295621,0.00000000,0.00124666,0,-0.40295621
0.03310000,10.00000000,4.00000000,4.36884624,0.00000000,0.00148669,0,-0.36884624
0.03312000,10.00000000,4.00000000,4.33500607,0.00000000,0.00174596,0,-0.33500607
0.03314000,10.00000000,4.00000000,4.30143401,0.00000000,0.00202824,0,-0.30143401
0.03316000,10.00000000,4.00000000,4.26812851,0.00000000,0.00233961,0,-0.26812851
0.03318000,10.00000000,4.00000000,4.23508815,0.00000000,0.00267027,0,-0.23508815
0.03320000,10.00000000,4.00000000,4.20231129,0.00000000,0.00302007,0,-0.20231129
0.03322000,10.00000000,4.00000000,4.16979631,0.00000000,0.00338884,0,-0.16979631
0.03324000,10.00000000,4.00000000,4.13754161,0.00000000,0.00377639,0,-0.13754161
0.03326000,10.00000000,4.00000000,4.10554559,0.00000000,0.00418258,0,-0.10554559
0.03328000,10.00000000,4.00000000,4.07380664,0.00000000,0.00460721,0,-0.07380664
0.03330000,10.00000000,4.00000000,4.04232320,0.00000000,0.00505085,0,-0.04232320
0.03332000,10.00000000,4.00000000,4.01109369,0.00000000,0.00551315,0,-0.01109369
0.03334000,10.00000000,4.00000000,3.98011657,0.00000000,0.00566558,0,0.01988343
0.03336000,10.00000000,4.00000000,3.94938301,0.00000000,0.00565517,0,0.05061699
0.03338000,10.00000000,4.00000000,3.91888750,0.00000000,0.00566414,0,0.08111250
0.03340000,10.00000000,4.00000000,3.88862863,0.00000000,0.00569234,0,0.11137137
0.03342000,10.00000000,4.00000000,3.85860499,0.00000000,0.00573886,0,0.14139501
0.03344000,10.00000000,4.00000000,3.82881517,0.00000000,0.00580356,0,0.17118483
0.03346000,10.00000000,4.00000000,3.79925775,0.00000000,0.00588631,0,0.20074225
0.03348000,10.00000000,4.00000000,3.76993134,0.00000000,0.00614120,0,0.23006866
0.03350000,10.00000000,4.00000000,3.74083796,0.00000000,0.00672742,0,0.25916204
0.03352000,10.00000000,4.00000000,3.71198315,0.00000000,0.00732479,0,0.28801685
0.03354000,10.00000000,4.00000000,3.68336530,0.00000000,0.00793007,0,0.31663470
0.03356000,10.00000000,4.00000000,3.65498275,0.00000000,0.00853803,0,0.34501725
0.03358000,10.00000000,4.00000000,3.62683375,0.00000000,0.00915718,0,0.37316625
0.03360000,10.00000000,4.00000000,3.59891673,0.00000000,0.00978748,0,0.40108327
0.03362000,10.00000000,4.00000000,3.57123012,0.00000000,0.01043048,0,0.42876988
0.03364000,10.00000000,4.00000000,3.54377244,0.00000000,0.01108476,0,0.45622756
0.03366000,10.00000000,4.00000000,3.51654216,0.00000000,0.01175022,0,0.48345784
0.03368000,10.00000000,4.00000000,3.48953776,0.00000000,0.01242682,0,0.51046224
0.03370000,10.00000000,4.00000000,3.46275773,0.00000000,0.01311450,0,0.53724227
0.03372000,10.00000000,4.00000000,3.43620059,0.00000000,0.01381321,0,0.56379941
0.03374000,10.00000000,4.00000000,3.40986484,0.00000000,0.01452290,0,0.59013516
0.03376000,10.00000000,4.00000000,3.38374902,0.00000000,0.01524344,0,0.61625098
0.03378000,10.00000000,4.00000000,3.35785166,0.00000000,0.01596461,0,0.64214834
0.03380000,10.00000000,4.00000000,3.33217109,0.00000000,0.01669673,0,0.66782891
0.03382000,10.00000000,4.00000000,3.30670585,0.00000000,0.01743973,0,0.69329415
0.03384000,10.00000000,4.00000000,3.28145454,0.00000000,0.01819355,0,0.71854546
0.03386000,10.00000000,4.00000000,3.25641571,0.00000000,0.01895947,0,0.74358429
0.03388000,10.00000000,4.00000000,3.23158801,0.00000000,0.01973723,0,0.76841199
0.03390000,10.00000000,4.00000000,3.20697005,0.00000000,0.02052574,0,0.79302995
0.03392000,10.00000000,4.00000000,3.18256044,0.00000000,0.02132492,0,0.81743956
0.03394000,10.00000000,4.00000000,3.15835781,0.00000000,0.02213472,0,0.84164219
0.03396000,10.00000000,4.00000000,3.13436078,0.00000000,0.02295507,0,0.86563922
0.03398000,10.00000000,4.00000000,3.11056801,0.00000000,0.02378589,0,0.88943199
0.03400000,10.00000000,4.00000000,3.08697812,0.00000000,0.02462712,0,0.91302188
0.03402000,10.00000000,4.00000000,3.06358979,0.00000000,0.02547296,0,0.93641021
0.03404000,10.00000000,4.00000000,3.04040156,0.00000000,0.02632581,0,0.95959844
0.03406000,10.00000000,4.00000000,3.01741202,0.00000000,0.02718898,0,0.98258798
0.03408000,10.00000000,4.00000000,2.99461986,0.00000000,0.02806239,0,1.00538014
0.03410000,10.00000000,4.00000000,2.97202378,0.00000000,0.02894598,0,1.02797622
0.03412000,10.00000000,4.00000000,2.94962250,0.00000000,0.02983967,0,1.05037750
0.03414000,10.00000000,4.00000000,2.92741471,0.00000000,0.03074554,0,1.07258529
0.03416000,10.00000000,4.00000000,2.90539919,0.00000000,0.03166215,0,1.09460081
0.03418000,10.00000000,4.00000000,2.88357469,0.00000000,0.03258872,0,1.11642531
0.03420000,10.00000000,4.00000000,2.86193995,0.00000000,0.03352517,0,1.13806005
0.03422000,10.00000000,4.00000000,2.84049371,0.00000000,0.03447143,0,1.15950629
0.03424000,10.00000000,4.00000000,2.81923473,0.00000000,0.03542743,0,1.18076527
0.03426000,10.00000000,4.00000000,2.79816178,0.00000000,0.03639309,0,1.20183822
0.03428000,10.00000000,4.00000000,2.77727363,0.00000000,0.03736833,0,1.22272637
0.03430000,10.00000000,4.00000000,2.75656905,0.00000000,0.03834628,0,1.24343095
0.03432000,10.00000000,4.00000000,2.73604669,0.00000000,0.03933267,0,1.26395331
0.03434000,10.00000000,4.00000000,2.71570532,0.00000000,0.04032853,0,1.28429468
0.03436000,10.00000000,4.00000000,2.69554374,0.00000000,0.04133377,0,1.30445626
0.03438000,10.00000000,4.00000000,2.67556076,0.00000000,0.04234833,0,1.32443924
0.03440000,10.00000000,4.00000000,2.65575522,0.00000000,0.04337212,0,1.34424478
0.03442000,10.00000000,4.00000000,2.63612594,0.00000000,0.04440508,0,1.36387406
0.03444000,10.00000000,4.00000000,2.61667175,0.00000000,0.04544753,0,1.38332825
0.03446000,10.00000000,4.00000000,2.59739152,0.00000000,0.04650168,0,1.40260848
0.03448000,10.00000000,4.00000000,2.57828414,0.00000000,0.04756481,0,1.42171586
0.03450000,10.00000000,4.00000000,2.55934848,0.00000000,0.04863684,0,1.44065152
0.03452000,10.00000000,4.00000000,2.54058341,0.00000000,0.04971771,0,1.45941659
0.03454000,10.00000000,4.00000000,2.52198779,0.00000000,0.05080733,0,1.47801221
0.03456000,10.00000000,4.00000000,2.50356051,0.00000000,0.05190564,0,1.49643949
0.03458000,10.00000000,4.00000000,2.48530046,0.00000000,0.05301256,0,1.51469954
0.03460000,10.00000000,4.00000000,2.46720653,0.00000000,0.05412610,0,1.53279347
0.03462000,10.00000000,4.00000000,2.44927758,0.00000000,0.05524329,0,1.55072242
0.03464000,10.00000000,4.00000000,2.43151240,0.00000000,0.05636894,0,1.56848760
0.03466000,10.00000000,4.00000000,2.41390993,0.00000000,0.05750299,0,1.58609007
0.03468000,10.00000000,4.00000000,2.39646908,0.00000000,0.05864536,0,1.60353092
0.03470000,10.00000000,4.00000000,2.37918878,0.00000000,0.05979598,0,1.62081122
0.03472000,10.00000000,4.00000000,2.36206798,0.00000000,0.06095477,0,1.63793202
0.03474000,10.00000000,4.00000000,2.34510561,0.00000000,0.06212167,0,1.65489439
0.03476000,10.00000000,4.00000000,2.32830063,0.00000000,0.06329660,0,1.67169937
0.03478000,10.00000000,4.00000000,2.31165200,0.00000000,0.06447948,0,1.68834800
0.03480000,10.00000000,4.00000000,2.29515868,0.00000000,0.06567034,0,1.70484132
0.03482000,10.00000000,4.00000000,2.27881964,0.00000000,0.06687197,0,1.72118036
0.03484000,10.00000000,4.00000000,2.26263392,0.00000000,0.06808135,0,1.73736608
0.03486000,10.00000000,4.00000000,2.24660052,0.00000000,0.06929843,0,1.75339948
0.03488000,10.00000000,4.00000000,2.23071841,0.00000000,0.07052311,0,1.76928159
0.03490000,10.00000000,4.00000000,2.21498660,0.00000000,0.07175535,0,1.78501340
0.03492000,10.00000000,4.00000000,2.19940409,0.00000000,0.07299506,0,1.80059591
0.03494000,10.00000000,4.00000000,2.18396987,0.00000000,0.07424217,0,1.81603013
0.03496000,10.00000000,4.00000000,2.16868298,0.00000000,0.07549539,0,1.83131702
0.03498000,10.00000000,4.00000000,2.15354240,0.00000000,0.07675150,0,1.84645760
0.03500000,10.00000000,4.00000000,2.13854706,0.00000000,0.07801486,0,1.86145294
0.03502000,10.00000000,4.00000000,2.12369600,0.00000000,0.07928541,0,1.87630400
0.03504000,10.00000000,4.00000000,2.10898826,0.00000000,0.08056309,0,1.89101174
0.03506000,10.00000000,4.00000000,2.09442287,0.00000000,0.08184781,0,1.90557713
0.03508000,10.00000000,4.00000000,2.07999891,0.00000000,0.08313952,0,1.92000109
0.03510000,10.00000000,4.00000000,2.06571542,0.00000000,0.08443815,0,1.93428458
0.03512000,10.00000000,4.00000000,2.05157147,0.00000000,0.08574363,0,1.94842853
0.03514000,10.00000000,4.00000000,2.03756613,0.00000000,0.08705589,0,1.96243387
0.03516000,10.00000000,4.00000000,2.02369847,0.00000000,0.08837486,0,1.97630153
0.03518000,10.00000000,4.00000000,2.00996758,0.00000000,0.08970048,0,1.99003242
0.03520000,10.00000000,4.00000000,1.99637254,0.00000000,0.09103269,0,2.00362746
0.03522000,10.00000000,4.00000000,1.98291245,0.00000000,0.09237141,0,2.01708755
0.03524000,10.00000000,4.00000000,1.96958640,0.00000000,0.09371732,0,2.03041360
0.03526000,10.00000000,4.00000000,1.95639351,0.00000000,0.09507166,0,2.04360649
0.03528000,10.00000000,4.00000000,1.94333295,0.00000000,0.09643232,0,2.05666705
0.03530000,10.00000000,4.00000000,1.93040381,0.00000000,0.09779923,0,2.06959619
0.03532000,10.00000000,4.00000000,1.91760523,0.00000000,0.09917232,0,2.08239477
0.03534000,10.00000000,4.00000000,1.90493633,0.00000000,0.10055155,0,2.09506367
0.03536000,10.00000000,4.00000000,1.89239623,0.00000000,0.10193683,0,2.10760377
0.03538000,10.00000000,4.00000000,1.87998408,0.00000000,0.10332811,0,2.12001592
0.03540000,10.00000000,4.00000000,1.86769901,0.00000000,0.10472310,0,2.13230099
0.03542000,10.00000000,4.00000000,1.85554013,0.00000000,0.10612173,0,2.14445987
0.03544000,10.00000000,4.00000000,1.84350652,0.00000000,0.10752621,0,2.15649348
0.03546000,10.00000000,4.00000000,1.83159736,0.00000000,0.10893649,0,2.16840264
0.03548000,10.00000000,4.00000000,1.81981181,0.00000000,0.11035250,0,2.18018819
0.03550000,10.00000000,4.00000000,1.80814902,0.00000000,0.11177419,0,2.19185098
0.03552000,10.00000000,4.00000000,1.79660819,0.00000000,0.11320149,0,2.20339181
0.03554000,10.00000000,4.00000000,1.78518849,0.00000000,0.11463434,0,2.21481151
0.03556000,10.00000000,4.00000000,1.77388909,0.00000000,0.11607268,0,2.22611091
0.03558000,10.00000000,4.00000000,1.76270920,0.00000000,0.11751646,0,2.23729080
0.03560000,10.00000000,4.00000000,1.75164800,0.00000000,0.11896560,0,2.24835200
0.03562000,10.00000000,4.00000000,1.74070469,0.00000000,0.12042005,0,2.25929531
0.03564000,10.00000000,4.00000000,1.72987848,0.00000000,0.12187976,0,2.27012152
0.03566000,10.00000000,4.00000000,1.71916858,0.00000000,0.12334466,0,2.28083142
0.03568000,10.00000000,4.00000000,1.70857419,0.00000000,0.12481470,0,2.29142581
0.03570000,10.00000000,4.00000000,1.69809454,0.00000000,0.12628981,0,2.30190546
0.03572000,10.00000000,4.00000000,1.68772885,0.00000000,0.12776994,0,2.31227115
0.03574000,10.00000000,4.00000000,1.67747635,0.00000000,0.12925503,0,2.32252365
0.03576000,10.00000000,4.00000000,1.66733627,0.00000000,0.13074502,0,2.33266373
0.03578000,10.00000000,4.00000000,1.65730784,0.00000000,0.13223987,0,2.34269216
0.03580000,10.00000000,4.00000000,1.64739031,0.00000000,0.13374041,0,2.35260969
0.03582000,10.00000000,4.00000000,1.63758295,0.00000000,0.13524707,0,2.36241705
0.03584000,10.00000000,4.00000000,1.62788504,0.00000000,0.13675839,0,2.37211496
0.03586000,10.00000000,4.00000000,1.61829582,0.00000000,0.13827433,0,2.38170418
0.03588000,10.00000000,4.00000000,1.60881457,0.00000000,0.13979482,0,2.39118543
0.03590000,10.00000000,4.00000000,1.59944055,0.00000000,0.14131981,0,2.40055945
0.03592000,10.00000000,4.00000000,1.59017301,0.00000000,0.14284924,0,2.40982699
0.03594000,10.00000000,4.00000000,1.58101125,0.00000000,0.14438307,0,2.41898875
0.03596000,10.00000000,4.00000000,1.57195452,0.00000000,0.14591907,0,2.42804548
0.03598000,10.00000000,4.00000000,1.56300208,0.00000000,0.14745825,0,2.43699792
0.03600000,10.00000000,4.00000000,1.55415317,0.00000000,0.14900170,0,2.44584683
0.03602000,10.00000000,4.00000000,1.54540709,0.00000000,0.15054938,0,2.45459291
0.03604000,10.00000000,4.00000000,1.53676315,0.00000000,0.15210121,0,2.46323685
0.03606000,10.00000000,4.00000000,1.52822063,0.00000000,0.15365716,0,2.47177937
0.03608000,10.00000000,4.00000000,1.51977884,0.00503218,0.15521717,0,2.48022116
0.03610000,10.00000000,4.00000000,1.51149281,0.01965350,0.15678094,0,2.48850719
0.03612000,10.00000000,4.00000000,1.50346759,0.04379560,0.15834760,0,2.49653241
0.03614000,10.00000000,4.00000000,1.49580663,0.07734500,0.15991599,0,2.50419337
0.03616000,10.00000000,4.00000000,1.48861131,0.12014253,0.16148487,0,2.51138869
0.03618000,10.00000000,4.00000000,1.48198042,0.17198411,0.16305301,0,2.51801958
0.03620000,10.00000000,4.00000000,1.47600971,0.23262169,0.16461911,0,2.52399029
0.03622000,10.00000000,4.00000000,1.47079140,0.30176448,0.16618186,0,2.52920860
0.03624000,10.00000000,4.00000000,1.46641376,0.37908033,0.16773992,0,2.53358624
0.03626000,10.00000000,4.00000000,1.46296065,0.46419730,0.16929195,0,2.53703935
0.03628000,10.00000000,4.00000000,1.46051115,0.55670544,0.17083659,0,2.53948885
0.03630000,10.00000000,4.00000000,1.45913915,0.65615880,0.17237247,0,2.54086085
0.03632000,10.00000000,4.00000000,1.45891300,0.76207752,0.17389826,0,2.54108700
0.03634000,10.00000000,4.00000000,1.45989518,0.87395015,0.17532065,0,2.54010482
0.03636000,10.00000000,4.00000000,1.46213995,0.99086859,0.17670397,0,2.53786005
0.03638000,10.00000000,4.00000000,1.46569251,1.11216223,0.17806892,0,2.53430749
0.03640000,10.00000000,4.00000000,1.47059078,1.23722663,0.17941491,0,2.52940922
0.03642000,10.00000000,4.00000000,1.47686563,1.36544129,0.18074137,0,2.52313437
0.03644000,10.00000000,4.00000000,1.48454085,1.49617246,0.18204779,0,2.51545915
0.03646000,10.00000000,4.00000000,1.49363300,1.62877627,0.18333372,0,2.50636700
0.03648000,10.00000000,4.00000000,1.50415136,1.76260187,0.18459876,0,2.49584864
0.03650000,10.00000000,4.00000000,1.51609795,1.89699458,0.18584260,0,2.48390205
0.03652000,10.00000000,4.00000000,1.52946751,2.03129914,0.18706499,0,2.47053249
0.03654000,10.00000000,4.00000000,1.54424754,2.16486280,0.18826576,0,2.45575246
0.03656000,10.00000000,4.00000000,1.56041844,2.29703857,0.18944480,0,2.43958156
0.03658000,10.00000000,4.00000000,1.57795356,2.42718831,0.19059481,0,2.42204644
0.03660000,10.00000000,4.00000000,1.59681925,2.55465669,0.19172268,0,2.40318075
0.03662000,10.00000000,4.00000000,1.61697503,2.67883078,0.19282862,0,2.38302497
0.03664000,10.00000000,4.00000000,1.63837392,2.79911606,0.19391290,0,2.36162608
0.03666000,10.00000000,4.00000000,1.66096274,2.91493905,0.19497585,0,2.33903726
0.03668000,10.00000000,4.00000000,1.68468240,3.02575004,0.19601786,0,2.31531760
0.03670000,10.00000000,4.00000000,1.70946817,3.13102575,0.19703943,0,2.29053183
0.03672000,10.00000000,4.00000000,1.73525004,3.23027182,0.19804120,0,2.26474996
0.03674000,10.00000000,4.00000000,1.76195309,3.32302540,0.19902829,0,2.23804691
0.03676000,10.00000000,4.00000000,1.78949796,3.40887504,0.19999699,0,2.21050204
0.03678000,10.00000000,4.00000000,1.81780129,3.48742700,0.20094805,0,2.18219871
0.03680000,10.00000000,4.00000000,1.84677599,3.55832465,0.20187899,0,2.15322401
0.03682000,10.00000000,4.00000000,1.87633166,3.62123692,0.20278650,0,2.12366834
0.03684000,10.00000000,4.00000000,1.90637488,3.67585627,0.20367893,0,2.09362512
0.03686000,10.00000000,4.00000000,1.93680970,3.72194651,0.20455733,0,2.06319030
0.03688000,10.00000000,4.00000000,1.96753834,3.75931439,0.20542278,0,2.03246166
0.03690000,10.00000000,4.00000000,1.99846166,3.78781033,0.20627637,0,2.00153834
0.03692000,10.00000000,4.00000000,2.02947965,3.80732905,0.20711926,0,1.97052035
0.03694000,10.00000000,4.00000000,2.06049196,3.81780992,0.20795262,0,1.93950804
0.03696000,10.00000000,4.00000000,2.09139834,3.81923714,0.20878109,0,1.90860166
0.03698000,10.00000000,4.00000000,2.12209927,3.81165350,0.20960459,0,1.87790073
0.03700000,10.00000000,4.00000000,2.15249645,3.79514097,0.21041887,0,1.84750355
0.03702000,10.00000000,4.00000000,2.18249318,3.76980357,0.21122106,0,1.81750682
0.03704000,10.00000000,4.00000000,2.21199459,3.73577219,0.21201981,0,1.78800541
0.03706000,10.00000000,4.00000000,2.24090817,3.69324977,0.21281633,0,1.75909183
0.03708000,10.00000000,4.00000000,2.26914442,3.64248055,0.21361182,0,1.73085558
0.03710000,10.00000000,4.00000000,2.29661727,3.58374868,0.21440744,0,1.70338273
0.03712000,10.00000000,4.00000000,2.32324446,3.51737660,0.21520431,0,1.67675554
0.03714000,10.00000000,4.00000000,2.34894800,3.44372334,0.21600352,0,1.65105200
0.03716000,10.00000000,4.00000000,2.37365447,3.36318254,0.21681088,0,1.62634553
0.03718000,10.00000000,4.00000000,2.39729553,3.27619950,0.21762266,0,1.60270447
0.03720000,10.00000000,4.00000000,2.41980821,3.18323080,0.21843953,0,1.58019179
0.03722000,10.00000000,4.00000000,2.44113510,3.08475987,0.21926236,0,1.55886490
0.03724000,10.00000000,4.00000000,2.46122459,2.98129533,0.22009193,0,1.53877541
0.03726000,10.00000000,4.00000000,2.48003115,2.87336845,0.22092575,0,1.51996885
0.03728000,10.00000000,4.00000000,2.49751541,2.76151751,0.22176524,0,1.50248459
0.03730000,10.00000000,4.00000000,2.51364429,2.64630090,0.22261391,0,1.48635571
0.03732000,10.00000000,4.00000000,2.52839125,2.52830303,0.22347227,0,1.47160875
0.03734000,10.00000000,4.00000000,2.54173642,2.40811960,0.22434070,0,1.45826358
0.03736000,10.00000000,4.00000000,2.55366670,2.28635450,0.22521954,0,1.44633330
0.03738000,10.00000000,4.00000000,2.56417576,2.16361678,0.22610908,0,1.43582424
0.03740000,10.00000000,4.00000000,2.57326411,2.04051786,0.22701221,0,1.42673589
0.03742000,10.00000000,4.00000000,2.58093905,1.91767916,0.22792593,0,1.41906095
0.03744000,10.00000000,4.00000000,2.58721467,1.79570582,0.22885019,0,1.41278533
0.03746000,10.00000000,4.00000000,2.59211162,1.67519578,0.22978484,0,1.40788838
0.03748000,10.00000000,4.00000000,2.59565702,1.55673691,0.23072968,0,1.40434298
0.03750000,10.00000000,4.00000000,2.59788431,1.44090409,0.23168441,0,1.40211569
0.03752000,10.00000000,4.00000000,2.59883297,1.32825639,0.23264863,0,1.40116703
0.03754000,10.00000000,4.00000000,2.59854842,1.21933437,0.23358868,0,1.40145158
0.03756000,10.00000000,4.00000000,2.59708092,1.11452468,0.23443235,0,1.40291908
0.03758000,10.00000000,4.00000000,2.59448305,1.01390453,0.23529051,0,1.40551695
0.03760000,10.00000000,4.00000000,2.59081026,0.91797309,0.23616318,0,1.40918974
0.03762000,10.00000000,4.00000000,2.58612314,0.82720640,0.23705031,0,1.41387686
0.03764000,10.00000000,4.00000000,2.58048706,0.74205511,0.23795175,0,1.41951294
0.03766000,10.00000000,4.00000000,2.57397186,0.66294224,0.23886726,0,1.42602814
0.03768000,10.00000000,4.00000000,2.56665152,0.59026106,0.23979653,0,1.43334848
0.03770000,10.00000000,4.00000000,2.55860382,0.52437321,0.24073913,0,1.44139618
0.03772000,10.00000000,4.00000000,2.54990989,0.46560685,0.24169505,0,1.45009011
0.03774000,10.00000000,4.00000000,2.54065390,0.41425699,0.24266498,0,1.45934610
0.03776000,10.00000000,4.00000000,2.53092263,0.37058726,0.24364653,0,1.46907737
0.03778000,10.00000000,4.00000000,2.52080506,0.33481648,0.24463895,0,1.47919494
0.03780000,10.00000000,4.00000000,2.51039188,0.30712459,0.24564143,0,1.48960812
0.03782000,10.00000000,4.00000000,2.49977506,0.28765166,0.24665307,0,1.50022494
0.03784000,10.00000000,4.00000000,2.48904738,0.27649729,0.24767293,0,1.51095262
0.03786000,10.00000000,4.00000000,2.47830199,0.27372010,0.24869800,0,1.52169801
0.03788000,10.00000000,4.00000000,2.46763188,0.27932937,0.24972724,0,1.53236812
0.03790000,10.00000000,4.00000000,2.45712944,0.29329317,0.25076155,0,1.54287056
0.03792000,10.00000000,4.00000000,2.44688596,0.31554641,0.25179982,0,1.55311404
0.03794000,10.00000000,4.00000000,2.43699132,0.34598335,0.25284091,0,1.56300868
0.03796000,10.00000000,4.00000000,2.42753348,0.38445803,0.25388363,0,1.57246652
0.03798000,10.00000000,4.00000000,2.41859809,0.43078505,0.25492677,0,1.58140191
0.03800000,10.00000000,4.00000000,2.41026804,0.48474042,0.25596909,0,1.58973196
0.03802000,10.00000000,4.00000000,2.40262308,0.54606268,0.25700934,0,1.59737692
0.03804000,10.00000000,4.00000000,2.39573943,0.61445415,0.25804626,0,1.60426057
0.03806000,10.00000000,4.00000000,2.38968939,0.68958236,0.25907857,0,1.61031061
0.03808000,10.00000000,4.00000000,2.38454096,0.77108170,0.26010500,0,1.61545904
0.03810000,10.00000000,4.00000000,2.38035758,0.85855514,0.26112427,0,1.61964242
0.03812000,10.00000000,4.00000000,2.37719775,0.95157616,0.26213512,0,1.62280225
0.03814000,10.00000000,4.00000000,2.37511477,1.04969083,0.26313630,0,1.62488523
0.03816000,10.00000000,4.00000000,2.37415648,1.15242001,0.26412660,0,1.62584352
0.03818000,10.00000000,4.00000000,2.37436500,1.25926161,0.26508138,0,1.62563500
0.03820000,10.00000000,4.00000000,2.37577603,1.36959950,0.26591129,0,1.62422397
0.03822000,10.00000000,4.00000000,2.37841620,1.48244750,0.26672387,0,1.62158380
0.03824000,10.00000000,4.00000000,2.38230338,1.59724084,0.26751903,0,1.61769662
0.03826000,10.00000000,4.00000000,2.38744905,1.71340854,0.26829650,0,1.61255095
0.03828000,10.00000000,4.00000000,2.39385828,1.83037519,0.26905606,0,1.60614172
0.03830000,10.00000000,4.00000000,2.40152974,1.94756381,0.26979758,0,1.59847026
0.03832000,10.00000000,4.00000000,2.41045567,2.06439863,0.27052095,0,1.58954433
0.03834000,10.00000000,4.00000000,2.42062205,2.18030790,0.27122615,0,1.57937795
0.03836000,10.00000000,4.00000000,2.43200860,2.29472665,0.27191325,0,1.56799140
0.03838000,10.00000000,4.00000000,2.44458895,2.40709941,0.27258235,0,1.55541105
0.03840000,10.00000000,4.00000000,2.45833080,2.51688296,0.27323363,0,1.54166920
0.03842000,10.00000000,4.00000000,2.47319609,2.62354885,0.27386735,0,1.52680391
0.03844000,10.00000000,4.00000000,2.48914118,2.72658600,0.27447890,0,1.51085882
0.03846000,10.00000000,4.00000000,2.50611704,2.82548342,0.27507172,0,1.49388296
0.03848000,10.00000000,4.00000000,2.52406943,2.91976459,0.27564786,0,1.47593057
0.03850000,10.00000000,4.00000000,2.54293930,3.00898381,0.27620785,0,1.45706070
0.03852000,10.00000000,4.00000000,2.56266312,3.09272209,0.27675233,0,1.43733688
0.03854000,10.00000000,4.00000000,2.58317324,3.17058917,0.27728196,0,1.41682676
0.03856000,10.00000000,4.00000000,2.60439824,3.24222529,0.27779748,0,1.39560176
0.03858000,10.00000000,4.00000000,2.62626326,3.30730295,0.27829969,0,1.37373674
0.03860000,10.00000000,4.00000000,2.64869045,3.36552837,0.27879099,0,1.35130955
0.03862000,10.00000000,4.00000000,2.67159931,3.41664905,0.27927188,0,1.32840069
0.03864000,10.00000000,4.00000000,2.69490723,3.46044716,0.27974215,0,1.30509277
0.03866000,10.00000000,4.00000000,2.71852981,3.49673741,0.28020277,0,1.28147019
0.03868000,10.00000000,4.00000000,2.74238125,3.52537246,0.28065474,0,1.25761875
0.03870000,10.00000000,4.00000000,2.76637483,3.54624348,0.28109909,0,1.23362517
0.03872000,10.00000000,4.00000000,2.79042332,3.55928058,0.28152948,0,1.20957668
0.03874000,10.00000000,4.00000000,2.81443925,3.56442345,0.28195292,0,1.18556075
0.03876000,10.00000000,4.00000000,2.83833530,3.56167476,0.28237208,0,1.16166470
0.03878000,10.00000000,4.00000000,2.86202494,3.55108270,0.28278810,0,1.13797506
0.03880000,10.00000000,4.00000000,2.88542286,3.53273443,0.28320214,0,1.11457714
0.03882000,10.00000000,4.00000000,2.90844539,3.50675545,0.28361532,0,1.09155461
0.03884000,10.00000000,4.00000000,2.93101094,3.47330890,0.28402877,0,1.06898906
0.03886000,10.00000000,4.00000000,2.95304037,3.43259457,0.28444484,0,1.04695963
0.03888000,10.00000000,4.00000000,2.97445743,3.38485272,0.28486490,0,1.02554257
0.03890000,10.00000000,4.00000000,2.99518916,3.33035901,0.28528838,0,1.00481084
0.03892000,10.00000000,4.00000000,3.01516617,3.26941522,0.28571629,0,0.98483383
0.03894000,10.00000000,4.00000000,3.03432301,3.20235416,0.28614959,0,0.96567699
0.03896000,10.00000000,4.00000000,3.05259841,3.12953792,0.28658923,0,0.94740159
0.03898000,10.00000000,4.00000000,3.06993565,3.05135586,0.28703606,0,0.93006435
0.03900000,10.00000000,4.00000000,3.08628272,2.96822263,0.28749043,0,0.91371728
0.03902000,10.00000000,4.00000000,3.10159267,2.88057399,0.28794852,0,0.89840733
0.03904000,10.00000000,4.00000000,3.11582362,2.78884820,0.28841645,0,0.88417638
0.03906000,10.00000000,4.00000000,3.12893901,2.69352377,0.28889487,0,0.87106099
0.03908000,10.00000000,4.00000000,3.14090788,2.59509523,0.28938432,0,0.85909212
0.03910000,10.00000000,4.00000000,3.15170500,2.49407051,0.28988524,0,0.84829500
0.03912000,10.00000000,4.00000000,3.16131095,2.39096831,0.29039800,0,0.83868905
0.03914000,10.00000000,4.00000000,3.16971223,2.28631538,0.29092433,0,0.83028777
0.03916000,10.00000000,4.00000000,3.17690132,2.18064953,0.29146315,0,0.82309868
0.03918000,10.00000000,4.00000000,3.18287668,2.07450612,0.29201427,0,0.81712332
0.03920000,10.00000000,4.00000000,3.18764269,1.96841917,0.29257770,0,0.81235731
0.03922000,10.00000000,4.00000000,3.19120964,1.86291978,0.29315336,0,0.80879036
0.03924000,10.00000000,4.00000000,3.19359360,1.75853347,0.29374106,0,0.80640640
0.03926000,10.00000000,4.00000000,3.19481634,1.65577747,0.29434056,0,0.80518366
0.03928000,10.00000000,4.00000000,3.19490516,1.55515815,0.29495151,0,0.80509484
0.03930000,10.00000000,4.00000000,3.19389277,1.45716851,0.29544845,0,0.80610723
0.03932000,10.00000000,4.00000000,3.19181430,1.36178596,0.29594949,0,0.80818570
0.03934000,10.00000000,4.00000000,3.18870696,1.26944604,0.29646571,0,0.81129304
0.03936000,10.00000000,4.00000000,3.18461277,1.18061281,0.29699716,0,0.81538723
0.03938000,10.00000000,4.00000000,3.17957854,1.09573270,0.29754379,0,0.82042146
0.03940000,10.00000000,4.00000000,3.17365566,1.01523233,0.29810548,0,0.82634434
0.03942000,10.00000000,4.00000000,3.16689985,0.93951636,0.29868199,0,0.83310015
0.03944000,10.00000000,4.00000000,3.15937086,0.86896545,0.29927302,0,0.84062914
0.03946000,10.00000000,4.00000000,3.15113221,0.80393436,0.29987861,0,0.84886779
0.03948000,10.00000000,4.00000000,3.14225084,0.74475191,0.30049897,0,0.85774916
0.03950000,10.00000000,4.00000000,3.13279680,0.69172037,0.30113248,0,0.86720320
0.03952000,10.00000000,4.00000000,3.12284294,0.64510691,0.30177851,0,0.87715706
0.03954000,10.00000000,4.00000000,3.11246448,0.60514659,0.30243636,0,0.88753552
0.03956000,10.00000000,4.00000000,3.10173862,0.57204114,0.30310528,0,0.89826138
0.03958000,10.00000000,4.00000000,3.09074421,0.54595805,0.30378442,0,0.90925579
0.03960000,10.00000000,4.00000000,3.07956131,0.52702971,0.30446893,0,0.92043869
0.03962000,10.00000000,4.00000000,3.06827071,0.51533679,0.30516150,0,0.93172929
0.03964000,10.00000000,4.00000000,3.05695354,0.51093841,0.30586148,0,0.94304646
0.03966000,10.00000000,4.00000000,3.04569094,0.51385859,0.30656787,0,0.95430906
0.03968000,10.00000000,4.00000000,3.03456366,0.52408499,0.30727964,0,0.96543634
0.03970000,10.00000000,4.00000000,3.02365166,0.54156897,0.30799572,0,0.97634834
0.03972000,10.00000000,4.00000000,3.01303373,0.56622585,0.30871501,0,0.98696627
0.03974000,10.00000000,4.00000000,3.00278708,0.59793537,0.30943639,0,0.99721292
0.03976000,10.00000000,4.00000000,2.99298695,0.63654221,0.31015870,0,1.00701305
0.03978000,10.00000000,4.00000000,2.98370629,0.68185688,0.31088080,0,1.01629371
0.03980000,10.00000000,4.00000000,2.97501532,0.73365653,0.31160149,0,1.02498468
0.03982000,10.00000000,4.00000000,2.96698124,0.79168616,0.31231960,0,1.03301876
0.03984000,10.00000000,4.00000000,2.95966789,0.85565979,0.31303395,0,1.04033211
0.03986000,10.00000000,4.00000000,2.95313540,0.92526191,0.31374335,0,1.04686460
0.03988000,10.00000000,4.00000000,2.94743993,1.00014902,0.31444662,0,1.05256007
0.03990000,10.00000000,4.00000000,2.94263337,1.07995127,0.31514261,0,1.05736663
0.03992000,10.00000000,4.00000000,2.93876309,1.16427434,0.31583016,0,1.06123691
0.03994000,10.00000000,4.00000000,2.93587170,1.25270129,0.31650815,0,1.06412830
0.03996000,10.00000000,4.00000000,2.93399682,1.34479464,0.31717550,0,1.06600318
0.03998000,10.00000000,4.00000000,2.93317095,1.44009852,0.31783113,0,1.06682905
0.04000000,10.00000000,4.00000000,2.93342123,1.53814083,0.31844377,0,1.06657877
0.04002000,10.00000000,4.00000000,2.93476869,1.63831477,0.31894045,0,1.06523131
0.04004000,10.00000000,4.00000000,2.93722585,1.73971474,0.31942108,0,1.06277415
0.04006000,10.00000000,4.00000000,2.94079732,1.84183157,0.31988580,0,1.05920268
0.04008000,10.00000000,4.00000000,2.94548206,1.94415589,0.32033452,0,1.05451794
0.04010000,10.00000000,4.00000000,2.95127337,2.04617960,0.32076725,0,1.04872663
0.04012000,10.00000000,4.00000000,2.95815898,2.14739833,0.32118403,0,1.04184102
0.04014000,10.00000000,4.00000000,2.96612116,2.24731392,0.32158496,0,1.03387884
0.04016000,10.00000000,4.00000000,2.97513677,2.34543685,0.32197023,0,1.02486323
0.04018000,10.00000000,4.00000000,2.98517744,2.44128857,0.32234007,0,1.01482256
0.04020000,10.00000000,4.00000000,2.99620975,2.53440385,0.32269477,0,1.00379025
0.04022000,10.00000000,4.00000000,3.00819536,2.62433297,0.32303468,0,0.99180464
0.04024000,10.00000000,4.00000000,3.02109129,2.71064394,0.32336023,0,0.97890871
0.04026000,10.00000000,4.00000000,3.03485009,2.79292452,0.32367189,0,0.96514991
0.04028000,10.00000000,4.00000000,3.04942015,2.87078417,0.32397020,0,0.95057985
0.04030000,10.00000000,4.00000000,3.06474592,2.94385597,0.32425574,0,0.93525408
0.04032000,10.00000000,4.00000000,3.08076826,3.01179827,0.32452916,0,0.91923174
0.04034000,10.00000000,4.00000000,3.09742469,3.07429637,0.32478629,0,0.90257531
0.04036000,10.00000000,4.00000000,3.11464967,3.13104449,0.32503081,0,0.88535033
0.04038000,10.00000000,4.00000000,3.13237484,3.18177833,0.32526530,0,0.86762516
0.04040000,10.00000000,4.00000000,3.15052951,3.22627177,0.32549062,0,0.84947049
0.04042000,10.00000000,4.00000000,3.16904105,3.26433081,0.32570770,0,0.83095895
0.04044000,10.00000000,4.00000000,3.18783527,3.29579450,0.32591745,0,0.81216473
0.04046000,10.00000000,4.00000000,3.20683680,3.32053554,0.32612087,0,0.79316320
0.04048000,10.00000000,4.00000000,3.22596944,3.33846086,0.32631894,0,0.77403056
0.04050000,10.00000000,4.00000000,3.24515661,3.34951193,0.32651400,0,0.75484339
0.04052000,10.00000000,4.00000000,3.26432169,3.35367028,0.32670597,0,0.73567831
0.04054000,10.00000000,4.00000000,3.28338848,3.35094759,0.32689564,0,0.71661152
0.04056000,10.00000000,4.00000000,3.30228150,3.34138912,0.32708406,0,0.69771850
0.04058000,10.00000000,4.00000000,3.32092638,3.32507430,0.32727228,0,0.67907362
0.04060000,10.00000000,4.00000000,3.33925023,3.30211622,0.32746135,0,0.66074977
0.04062000,10.00000000,4.00000000,3.35718201,3.27266095,0.32765230,0,0.64281799
0.04064000,10.00000000,4.00000000,3.37465287,3.23688670,0.32784615,0,0.62534713
0.04066000,10.00000000,4.00000000,3.39159646,3.19500278,0.32804313,0,0.60840354
0.04068000,10.00000000,4.00000000,3.40794931,3.14724542,0.32823942,0,0.59205069
0.04070000,10.00000000,4.00000000,3.42365095,3.09386036,0.32844175,0,0.57634905
0.04072000,10.00000000,4.00000000,3.43864426,3.03514382,0.32865107,0,0.56135574
0.04074000,10.00000000,4.00000000,3.45287584,2.97141785,0.32886823,0,0.54712416
0.04076000,10.00000000,4.00000000,3.46629631,2.90302853,0.32909404,0,0.53370369
0.04078000,10.00000000,4.00000000,3.47886052,2.83034408,0.32932926,0,0.52113948
0.04080000,10.00000000,4.00000000,3.49052777,2.75375295,0.32957513,0,0.50947223
0.04082000,10.00000000,4.00000000,3.50126198,2.67366389,0.32983222,0,0.49873802
0.04084000,10.00000000,4.00000000,3.51103191,2.59050139,0.33010051,0,0.48896809
0.04086000,10.00000000,4.00000000,3.51981126,2.50470142,0.33038048,0,0.48018874
0.04088000,10.00000000,4.00000000,3.52757877,2.41671133,0.33067253,0,0.47242123
0.04090000,10.00000000,4.00000000,3.53431828,2.32698757,0.33097695,0,0.46568172
0.04092000,10.00000000,4.00000000,3.54001887,2.23599318,0.33129397,0,0.45998113
0.04094000,10.00000000,4.00000000,3.54467479,2.14419546,0.33162372,0,0.45532521
0.04096000,10.00000000,4.00000000,3.54828552,2.05206351,0.33196626,0,0.45171448
0.04098000,10.00000000,4.00000000,3.55085576,1.96006575,0.33232154,0,0.44914424
0.04100000,10.00000000,4.00000000,3.55239535,1.86866757,0.33268944,0,0.44760465
0.04102000,10.00000000,4.00000000,3.55291918,1.77832887,0.33306974,0,0.44708082
0.04104000,10.00000000,4.00000000,3.55244715,1.68950176,0.33340352,0,0.44755285
0.04106000,10.00000000,4.00000000,3.55100267,1.60239390,0.33368693,0,0.44899733
0.04108000,10.00000000,4.00000000,3.54861122,1.51718773,0.33398515,0,0.45138878
0.04110000,10.00000000,4.00000000,3.54530150,1.43431572,0.33429830,0,0.45469850
0.04112000,10.00000000,4.00000000,3.54110682,1.35419837,0.33462642,0,0.45889318
0.04114000,10.00000000,4.00000000,3.53606488,1.27724216,0.33496945,0,0.46393512
0.04116000,10.00000000,4.00000000,3.53021756,1.20383739,0.33532727,0,0.46978244
0.04118000,10.00000000,4.00000000,3.52361078,1.13435630,0.33569964,0,0.47638922
0.04120000,10.00000000,4.00000000,3.51629417,1.06915109,0.33608628,0,0.48370583
0.04122000,10.00000000,4.00000000,3.50832090,1.00855222,0.33648680,0,0.49167910
0.04124000,10.00000000,4.00000000,3.49974738,0.95286674,0.33690076,0,0.50025262
0.04126000,10.00000000,4.00000000,3.49063295,0.90237672,0.33732764,0,0.50936705
0.04128000,10.00000000,4.00000000,3.48103963,0.85733787,0.33776685,0,0.51896037
0.04130000,10.00000000,4.00000000,3.47103175,0.81797828,0.33821774,0,0.52896825
0.04132000,10.00000000,4.00000000,3.46067567,0.78449728,0.33868052,0,0.53932433
0.04134000,10.00000000,4.00000000,3.45003944,0.75706814,0.33915362,0,0.54996056
0.04136000,10.00000000,4.00000000,3.43919247,0.73583038,0.33963612,0,0.56080753
0.04138000,10.00000000,4.00000000,3.42820515,0.72089185,0.34012716,0,0.57179485
0.04140000,10.00000000,4.00000000,3.41714850,0.71232862,0.34062581,0,0.58285150
0.04142000,10.00000000,4.00000000,3.40609383,0.71018466,0.34113113,0,0.59390617
0.04144000,10.00000000,4.00000000,3.39511233,0.71447159,0.34164213,0,0.60488767
0.04146000,10.00000000,4.00000000,3.38427477,0.72516867,0.34215412,0,0.61572523
0.04148000,10.00000000,4.00000000,3.37365103,0.74220825,0.34266908,0,0.62634897
0.04150000,10.00000000,4.00000000,3.36330974,0.76550296,0.34318669,0,0.63669026
0.04152000,10.00000000,4.00000000,3.35331803,0.79493693,0.34370590,0,0.64668197
0.04154000,10.00000000,4.00000000,3.34374120,0.83036355,0.34422562,0,0.65625880
0.04156000,10.00000000,4.00000000,3.33464239,0.87160627,0.34474478,0,0.66535761
0.04158000,10.00000000,4.00000000,3.32608228,0.91845941,0.34526230,0,0.67391772
0.04160000,10.00000000,4.00000000,3.31811877,0.97068923,0.34577709,0,0.68188123
0.04162000,10.00000000,4.00000000,3.31080672,1.02803507,0.34628806,0,0.68919328
0.04164000,10.00000000,4.00000000,3.30419763,1.09021069,0.34679414,0,0.69580237
0.04166000,10.00000000,4.00000000,3.29833942,1.15690561,0.34729426,0,0.70166058
0.04168000,10.00000000,4.00000000,3.29327617,1.22778673,0.34778738,0,0.70672383
0.04170000,10.00000000,4.00000000,3.28904791,1.30249989,0.34827248,0,0.71095209
0.04172000,10.00000000,4.00000000,3.28569043,1.38067170,0.34874855,0,0.71430957
0.04174000,10.00000000,4.00000000,3.28323505,1.46191133,0.34921462,0,0.71676495
0.04176000,10.00000000,4.00000000,3.28170855,1.54581243,0.34966976,0,0.71829145
0.04178000,10.00000000,4.00000000,3.28113293,1.63195517,0.35011307,0,0.71886707
0.04180000,10.00000000,4.00000000,3.28152538,1.71990828,0.35049530,0,0.71847462
0.04182000,10.00000000,4.00000000,3.28289709,1.80903772,0.35079177,0,0.71710291
0.04184000,10.00000000,4.00000000,3.28525159,1.89860780,0.35107375,0,0.71474841
0.04186000,10.00000000,4.00000000,3.28858582,1.98816786,0.35134142,0,0.71141418
0.04188000,10.00000000,4.00000000,3.29289174,2.07727021,0.35159483,0,0.70710826
0.04190000,10.00000000,4.00000000,3.29815645,2.16547159,0.35183411,0,0.70184355
0.04192000,10.00000000,4.00000000,3.30436222,2.25233530,0.35205940,0,0.69563778
0.04194000,10.00000000,4.00000000,3.31148664,2.33743332,0.35227094,0,0.68851336
0.04196000,10.00000000,4.00000000,3.31950272,2.42034844,0.35246901,0,0.68049728
0.04198000,10.00000000,4.00000000,3.32837908,2.50067624,0.35265395,0,0.67162092
0.04200000,10.00000000,4.00000000,3.33808012,2.57802703,0.35282613,0,0.66191988
0.04202000,10.00000000,4.00000000,3.34856620,2.65202775,0.35298601,0,0.65143380
0.04204000,10.00000000,4.00000000,3.35979386,2.72232374,0.35313409,0,0.64020614
0.04206000,10.00000000,4.00000000,3.37171608,2.78858042,0.35327090,0,0.62828392
0.04208000,10.00000000,4.00000000,3.38428250,2.85048490,0.35339705,0,0.61571750
0.04210000,10.00000000,4.00000000,3.39743969,2.90774743,0.35351103,0,0.60256031
0.04212000,10.00000000,4.00000000,3.41113142,2.96009417,0.35361228,0,0.58886858
0.04214000,10.00000000,4.00000000,3.42529882,3.00727206,0.35370476,0,0.57470118
0.04216000,10.00000000,4.00000000,3.43988079,3.04906798,0.35378930,0,0.56011921
0.04218000,10.00000000,4.00000000,3.45481434,3.08529681,0.35386672,0,0.54518566
0.04220000,10.00000000,4.00000000,3.47003495,3.11580230,0.35393788,0,0.52996505
0.04222000,10.00000000,4.00000000,3.48547689,3.14045773,0.35400369,0,0.51452311
0.04224000,10.00000000,4.00000000,3.50107354,3.15916643,0.35406505,0,0.49892646
0.04226000,10.00000000,4.00000000,3.51675778,3.17186218,0.35412329,0,0.48324222
0.04228000,10.00000000,4.00000000,3.53246227,3.17851087,0.35417940,0,0.46753773
0.04230000,10.00000000,4.00000000,3.54811986,3.17910935,0.35423389,0,0.45188014
0.04232000,10.00000000,4.00000000,3.56366389,3.17368327,0.35428774,0,0.43633611
0.04234000,10.00000000,4.00000000,3.57902851,3.16228867,0.35434191,0,0.42097149
0.04236000,10.00000000,4.00000000,3.59414904,3.14501162,0.35439739,0,0.40585096
0.04238000,10.00000000,4.00000000,3.60896228,3.12196765,0.35445513,0,0.39103772
0.04240000,10.00000000,4.00000000,3.62340680,3.09330107,0.35451608,0,0.37659320
0.04242000,10.00000000,4.00000000,3.63742328,3.05918417,0.35458118,0,0.36257672
0.04244000,10.00000000,4.00000000,3.65095478,3.01981619,0.35465131,0,0.34904522
0.04246000,10.00000000,4.00000000,3.66394704,2.97542224,0.35472736,0,0.33605296
0.04248000,10.00000000,4.00000000,3.67634871,2.92625204,0.35481016,0,0.32365129
0.04250000,10.00000000,4.00000000,3.68811165,2.87257858,0.35490051,0,0.31188835
0.04252000,10.00000000,4.00000000,3.69919112,2.81469658,0.35499809,0,0.30080888
0.04254000,10.00000000,4.00000000,3.70954597,2.75291674,0.35510154,0,0.29045403
0.04256000,10.00000000,4.00000000,3.71913879,2.68755996,0.35521491,0,0.28086121
0.04258000,10.00000000,4.00000000,3.72793612,2.61897760,0.35533882,0,0.27206388
0.04260000,10.00000000,4.00000000,3.73590863,2.54753601,0.35547378,0,0.26409137
0.04262000,10.00000000,4.00000000,3.74303132,2.47361447,0.35562026,0,0.25696868
0.04264000,10.00000000,4.00000000,3.74928356,2.39760321,0.35577874,0,0.25071644
0.04266000,10.00000000,4.00000000,3.75464924,2.31990186,0.35594968,0,0.24535076
0.04268000,10.00000000,4.00000000,3.75911679,2.24091730,0.35613300,0,0.24088321
0.04270000,10.00000000,4.00000000,3.76267924,2.16105988,0.35632887,0,0.23732076
0.04272000,10.00000000,4.00000000,3.76533422,2.08074244,0.35653733,0,0.23466578
0.04274000,10.00000000,4.00000000,3.76708396,2.00037807,0.35675838,0,0.23291604
0.04276000,10.00000000,4.00000000,3.76793523,1.92037797,0.35699190,0,0.23206477
0.04278000,10.00000000,4.00000000,3.76789931,1.84114933,0.35723328,0,0.23210069
0.04280000,10.00000000,4.00000000,3.76699179,1.76307547,0.35738340,0,0.23300821
0.04282000,10.00000000,4.00000000,3.76523020,1.68613653,0.35754754,0,0.23476980
0.04284000,10.00000000,4.00000000,3.76263403,1.61072641,0.35772586,0,0.23736597
0.04286000,10.00000000,4.00000000,3.75922699,1.53723107,0.35791845,0,0.24077301
0.04288000,10.00000000,4.00000000,3.75503689,1.46602649,0.35812531,0,0.24496311
0.04290000,10.00000000,4.00000000,3.75009549,1.39747680,0.35834639,0,0.24990451
0.04292000,10.00000000,4.00000000,3.74443830,1.33193237,0.35858152,0,0.25556170
0.04294000,10.00000000,4.00000000,3.73810448,1.26972804,0.35883081,0,0.26189552
0.04296000,10.00000000,4.00000000,3.73113657,1.21118270,0.35909381,0,0.26886343
0.04298000,10.00000000,4.00000000,3.72358029,1.15659577,0.35937002,0,0.27641971
0.04300000,10.00000000,4.00000000,3.71548432,1.10624578,0.35965899,0,0.28451568
0.04302000,10.00000000,4.00000000,3.70690006,1.06038946,0.35996022,0,0.29309994
0.04304000,10.00000000,4.00000000,3.69788131,1.01926049,0.36027314,0,0.30211869
0.04306000,10.00000000,4.00000000,3.68848403,0.98306833,0.36059354,0,0.31151597
0.04308000,10.00000000,4.00000000,3.67876600,0.95198279,0.36092396,0,0.32123400
0.04310000,10.00000000,4.00000000,3.66878646,0.92616044,0.36126395,0,0.33121354
0.04312000,10.00000000,4.00000000,3.65860592,0.90573208,0.36161276,0,0.34139408
0.04314000,10.00000000,4.00000000,3.64828587,0.89080114,0.36196960,0,0.35171413
0.04316000,10.00000000,4.00000000,3.63788843,0.88144315,0.36233365,0,0.36211157
0.04318000,10.00000000,4.00000000,3.62747606,0.87770540,0.36270404,0,0.37252394
0.04320000,10.00000000,4.00000000,3.61711125,0.87960673,0.36307989,0,0.38288875
0.04322000,10.00000000,4.00000000,3.60685619,0.88713749,0.36346027,0,0.39314381
0.04324000,10.00000000,4.00000000,3.59677245,0.90025957,0.36384424,0,0.40322755
0.04326000,10.00000000,4.00000000,3.58692070,0.91890663,0.36423084,0,0.41307930
0.04328000,10.00000000,4.00000000,3.57736037,0.94298446,0.36461910,0,0.42263963
0.04330000,10.00000000,4.00000000,3.56814936,0.97237149,0.36500802,0,0.43185064
0.04332000,10.00000000,4.00000000,3.55934377,1.00691937,0.36539662,0,0.44065623
0.04334000,10.00000000,4.00000000,3.55099759,1.04645377,0.36578390,0,0.44900241
0.04336000,10.00000000,4.00000000,3.54316243,1.09077523,0.36616886,0,0.45683757
0.04338000,10.00000000,4.00000000,3.53588729,1.13966018,0.36655052,0,0.46411271
0.04340000,10.00000000,4.00000000,3.52921827,1.19286206,0.36692788,0,0.47078173
0.04342000,10.00000000,4.00000000,3.52319839,1.25011257,0.36729999,0,0.47680161
0.04344000,10.00000000,4.00000000,3.51786731,1.31112299,0.36766590,0,0.48213269
0.04346000,10.00000000,4.00000000,3.51326120,1.37558559,0.36802466,0,0.48673880
0.04348000,10.00000000,4.00000000,3.50941248,1.44317525,0.36837539,0,0.49058752
0.04350000,10.00000000,4.00000000,3.50634975,1.51355099,0.36871720,0,0.49365025
0.04352000,10.00000000,4.00000000,3.50409754,1.58635769,0.36904924,0,0.49590246
0.04354000,10.00000000,4.00000000,3.50267629,1.66122788,0.36937073,0,0.49732371
0.04356000,10.00000000,4.00000000,3.50210215,1.73778356,0.36968088,0,0.49789785
0.04358000,10.00000000,4.00000000,3.50238697,1.81563802,0.36994355,0,0.49761303
0.04360000,10.00000000,4.00000000,3.50353742,1.89425625,0.37012136,0,0.49646258
0.04362000,10.00000000,4.00000000,3.50555336,1.97295228,0.37028602,0,0.49444664
0.04364000,10.00000000,4.00000000,3.50842865,2.05132844,0.37043781,0,0.49157135
0.04366000,10.00000000,4.00000000,3.51215281,2.12899143,0.37057682,0,0.48784719
0.04368000,10.00000000,4.00000000,3.51671106,2.20555346,0.37070325,0,0.48328894
0.04370000,10.00000000,4.00000000,3.52208448,2.28063415,0.37081730,0,0.47791552
0.04372000,10.00000000,4.00000000,3.52825006,2.35386242,0.37091925,0,0.47174994
0.04374000,10.00000000,4.00000000,3.53518089,2.42487823,0.37100942,0,0.46481911
0.04376000,10.00000000,4.00000000,3.54284628,2.49333440,0.37108819,0,0.45715372
0.04378000,10.00000000,4.00000000,3.55121193,2.55889823,0.37115597,0,0.44878807
0.04380000,10.00000000,4.00000000,3.56024016,2.62125311,0.37121325,0,0.43975984
0.04382000,10.00000000,4.00000000,3.56989005,2.68010005,0.37126052,0,0.43010995
0.04384000,10.00000000,4.00000000,3.58011774,2.73515908,0.37129837,0,0.41988226
0.04386000,10.00000000,4.00000000,3.59087658,2.78617059,0.37132739,0,0.40912342
0.04388000,10.00000000,4.00000000,3.60211745,2.83289655,0.37134822,0,0.39788255
0.04390000,10.00000000,4.00000000,3.61378899,2.87512161,0.37136155,0,0.38621101
0.04392000,10.00000000,4.00000000,3.62583785,2.91265410,0.37136809,0,0.37416215
0.04394000,10.00000000,4.00000000,3.63820899,2.94532691,0.37136860,0,0.36179101
0.04396000,10.00000000,4.00000000,3.65084599,2.97299823,0.37136386,0,0.34915401
0.04398000,10.00000000,4.00000000,3.66369129,2.99555219,0.37135467,0,0.33630871
0.04400000,10.00000000,4.00000000,3.67668650,3.01289932,0.37134185,0,0.32331350
0.04402000,10.00000000,4.00000000,3.68977274,3.02497692,0.37132626,0,0.31022726
0.04404000,10.00000000,4.00000000,3.70289090,3.03174931,0.37130594,0,0.29710910
0.04406000,10.00000000,4.00000000,3.71598189,3.03319662,0.37128203,0,0.28401811
0.04408000,10.00000000,4.00000000,3.72898687,3.02932715,0.37125800,0,0.27101313
0.04410000,10.00000000,4.00000000,3.74184764,3.02018647,0.37123476,0,0.25815236
0.04412000,10.00000000,4.00000000,3.75450698,3.00584692,0.37121320,0,0.24549302
0.04414000,10.00000000,4.00000000,3.76690892,2.98640704,0.37119422,0,0.23309108
0.04416000,10.00000000,4.00000000,3.77899904,2.96199104,0.37117868,0,0.22100096
0.04418000,10.00000000,4.00000000,3.79072474,2.93274802,0.37116755,0,0.20927526
0.04420000,10.00000000,4.00000000,3.80203550,2.89885154,0.37116171,0,0.19796450
0.04422000,10.00000000,4.00000000,3.81288312,2.86049843,0.37116176,0,0.18711688
0.04424000,10.00000000,4.00000000,3.82322200,2.81790676,0.37116848,0,0.17677800
0.04426000,10.00000000,4.00000000,3.83300928,2.77131538,0.37118261,0,0.16699072
0.04428000,10.00000000,4.00000000,3.84220513,2.72098261,0.37120484,0,0.15779487
0.04430000,10.00000000,4.00000000,3.85077288,2.66718485,0.37123579,0,0.14922712
0.04432000,10.00000000,4.00000000,3.85867924,2.61021503,0.37127607,0,0.14132076
0.04434000,10.00000000,4.00000000,3.86589442,2.55038107,0.37132619,0,0.13410558
0.04436000,10.00000000,4.00000000,3.87239227,2.48800420,0.37138663,0,0.12760773
0.04438000,10.00000000,4.00000000,3.87815045,2.42341722,0.37145780,0,0.12184955
0.04440000,10.00000000,4.00000000,3.88315044,2.35696273,0.37154004,0,0.11684956
0.04442000,10.00000000,4.00000000,3.88737770,2.28899131,0.37163361,0,0.11262230
0.04444000,10.00000000,4.00000000,3.89082167,2.21985962,0.37173870,0,0.10917833
0.04446000,10.00000000,4.00000000,3.89347584,2.14992855,0.37185546,0,0.10652416
0.04448000,10.00000000,4.00000000,3.89533774,2.07956128,0.37198392,0,0.10466226
0.04450000,10.00000000,4.00000000,3.89640893,2.00912136,0.37212407,0,0.10359107
0.04452000,10.00000000,4.00000000,3.89669501,1.93897084,0.37227582,0,0.10330499
0.04454000,10.00000000,4.00000000,3.89620552,1.86946836,0.37237923,0,0.10379448
0.04456000,10.00000000,4.00000000,3.89495259,1.80072845,0.37246044,0,0.10504741
0.04458000,10.00000000,4.00000000,3.89295007,1.73296496,0.37255455,0,0.10704993
0.04460000,10.00000000,4.00000000,3.89021488,1.66652607,0.37266169,0,0.10978512
0.04462000,10.00000000,4.00000000,3.88676766,1.60175298,0.37278193,0,0.11323234
0.04464000,10.00000000,4.00000000,3.88263265,1.53897817,0.37291527,0,0.11736735
0.04466000,10.00000000,4.00000000,3.87783762,1.47852369,0.37306162,0,0.12216238
0.04468000,10.00000000,4.00000000,3.87241364,1.42069951,0.37322083,0,0.12758636
0.04470000,10.00000000,4.00000000,3.86639502,1.36580190,0.37339270,0,0.13360498
0.04472000,10.00000000,4.00000000,3.85981904,1.31411196,0.37357692,0,0.14018096
0.04474000,10.00000000,4.00000000,3.85272582,1.26589414,0.37377317,0,0.14727418
0.04476000,10.00000000,4.00000000,3.84515807,1.22139497,0.37398102,0,0.15484193
0.04478000,10.00000000,4.00000000,3.83716090,1.18084173,0.37420002,0,0.16283910
0.04480000,10.00000000,4.00000000,3.82878159,1.14444138,0.37442964,0,0.17121841
0.04482000,10.00000000,4.00000000,3.82006931,1.11237950,0.37466931,0,0.17993069
0.04484000,10.00000000,4.00000000,3.81107490,1.08481937,0.37491842,0,0.18892510
0.04486000,10.00000000,4.00000000,3.80185060,1.06190116,0.37517629,0,0.19814940
0.04488000,10.00000000,4.00000000,3.79244978,1.04374126,0.37544223,0,0.20755022
0.04490000,10.00000000,4.00000000,3.78292668,1.03043171,0.37571549,0,0.21707332
0.04492000,10.00000000,4.00000000,3.77333612,1.02203976,0.37599529,0,0.22666388
0.04494000,10.00000000,4.00000000,3.76373319,1.01860756,0.37628106,0,0.23626681
0.04496000,10.00000000,4.00000000,3.75417306,1.02015291,0.37657189,0,0.24582694
0.04498000,10.00000000,4.00000000,3.74471061,1.02666790,0.37686677,0,0.25528939
0.04500000,10.00000000,4.00000000,3.73540020,1.03811879,0.37716484,0,0.26459980
0.04502000,10.00000000,4.00000000,3.72629537,1.05444677,0.37746520,0,0.27370463
0.04504000,10.00000000,4.00000000,3.71744857,1.07556822,0.37776693,0,0.28255143
0.04506000,10.00000000,4.00000000,3.70891092,1.10137520,0.37806914,0,0.29108908
0.04508000,10.00000000,4.00000000,3.70073190,1.13173596,0.37837090,0,0.29926810
0.04510000,10.00000000,4.00000000,3.69295914,1.16649568,0.37866935,0,0.30704086
0.04512000,10.00000000,4.00000000,3.68563813,1.20546941,0.37896437,0,0.31436187
0.04514000,10.00000000,4.00000000,3.67881195,1.24845406,0.37925641,0,0.32118805
0.04516000,10.00000000,4.00000000,3.67252109,1.29523156,0.37954458,0,0.32747891
0.04518000,10.00000000,4.00000000,3.66680333,1.34556471,0.37982803,0,0.33319667
0.04520000,10.00000000,4.00000000,3.66169347,1.39919828,0.38010591,0,0.33830653
0.04522000,10.00000000,4.00000000,3.65722323,1.45586039,0.38037739,0,0.34277677
0.04524000,10.00000000,4.00000000,3.65342104,1.51526379,0.38064167,0,0.34657896
0.04526000,10.00000000,4.00000000,3.65031191,1.57710734,0.38089797,0,0.34968809
0.04528000,10.00000000,4.00000000,3.64791730,1.64107751,0.38114556,0,0.35208270
0.04530000,10.00000000,4.00000000,3.64625503,1.70684992,0.38138372,0,0.35374497
0.04532000,10.00000000,4.00000000,3.64533918,1.77409102,0.38161179,0,0.35466082
0.04534000,10.00000000,4.00000000,3.64517998,1.84245969,0.38182914,0,0.35482002
0.04536000,10.00000000,4.00000000,3.64578381,1.91160900,0.38196060,0,0.35421619
0.04538000,10.00000000,4.00000000,3.64715151,1.98088972,0.38206057,0,0.35284849
0.04540000,10.00000000,4.00000000,3.64927790,2.04987128,0.38214907,0,0.35072210
0.04542000,10.00000000,4.00000000,3.65215354,2.11820604,0.38222626,0,0.34784646
0.04544000,10.00000000,4.00000000,3.65576521,2.18555162,0.38229232,0,0.34423479
0.04546000,10.00000000,4.00000000,3.66009599,2.25157230,0.38234745,0,0.33990401
0.04548000,10.00000000,4.00000000,3.66512541,2.31594073,0.38239193,0,0.33487459
0.04550000,10.00000000,4.00000000,3.67082951,2.37833951,0.38242605,0,0.32917049
0.04552000,10.00000000,4.00000000,3.67718102,2.43846270,0.38245018,0,0.32281898
0.04554000,10.00000000,4.00000000,3.68414952,2.49601734,0.38246471,0,0.31585048
0.04556000,10.00000000,4.00000000,3.69170156,2.55072481,0.38247008,0,0.30829844
0.04558000,10.00000000,4.00000000,3.69980089,2.60232224,0.38246584,0,0.30019911
0.04560000,10.00000000,4.00000000,3.70840862,2.65055996,0.38245076,0,0.29159138
0.04562000,10.00000000,4.00000000,3.71748337,2.69519944,0.38242790,0,0.28251663
0.04564000,10.00000000,4.00000000,3.72698151,2.73603144,0.38239789,0,0.27301849
0.04566000,10.00000000,4.00000000,3.73685744,2.77286702,0.38236137,0,0.26314256
0.04568000,10.00000000,4.00000000,3.74706383,2.80553846,0.38231902,0,0.25293617
0.04570000,10.00000000,4.00000000,3.75755189,2.83389997,0.38227155,0,0.24244811
0.04572000,10.00000000,4.00000000,3.76827160,2.85782834,0.38221968,0,0.23172840
0.04574000,10.00000000,4.00000000,3.77917199,2.87722352,0.38216418,0,0.22082801
0.04576000,10.00000000,4.00000000,3.79020137,2.89200900,0.38210601,0,0.20979863
0.04578000,10.00000000,4.00000000,3.80130766,2.90213290,0.38204573,0,0.19869234
0.04580000,10.00000000,4.00000000,3.81243859,2.90756651,0.38198413,0,0.18756141
0.04582000,10.00000000,4.00000000,3.82354202,2.90830515,0.38192203,0,0.17645798
0.04584000,10.00000000,4.00000000,3.83456616,2.90436814,0.38186023,0,0.16543384
0.04586000,10.00000000,4.00000000,3.84545986,2.89579864,0.38179952,0,0.15454014
0.04588000,10.00000000,4.00000000,3.85617288,2.88266334,0.38174073,0,0.14382712
0.04590000,10.00000000,4.00000000,3.86665609,2.86505199,0.38168463,0,0.13334391
0.04592000,10.00000000,4.00000000,3.87686179,2.84307690,0.38163200,0,0.12313821
0.04594000,10.00000000,4.00000000,3.88674387,2.81687225,0.38158362,0,0.11325613
0.04596000,10.00000000,4.00000000,3.89625813,2.78659334,0.38154020,0,0.10374187
0.04598000,10.00000000,4.00000000,3.90536241,2.75241572,0.38150247,0,0.09463759
0.04600000,10.00000000,4.00000000,3.91401684,2.71453414,0.38147111,0,0.08598316
0.04602000,10.00000000,4.00000000,3.92218405,2.67316155,0.38144674,0,0.07781595
0.04604000,10.00000000,4.00000000,3.92982931,2.62852790,0.38142998,0,0.07017069
0.04606000,10.00000000,4.00000000,3.93692074,2.58087884,0.38142137,0,0.06307926
0.04608000,10.00000000,4.00000000,3.94342942,2.53047443,0.38142144,0,0.05657058
0.04610000,10.00000000,4.00000000,3.94932955,2.47758771,0.38143063,0,0.05067045
0.04612000,10.00000000,4.00000000,3.95459858,2.42250322,0.38144934,0,0.04540142
0.04614000,10.00000000,4.00000000,3.95921726,2.36551548,0.38147794,0,0.04078274
0.04616000,10.00000000,4.00000000,3.96316980,2.30692738,0.38151668,0,0.03683020
0.04618000,10.00000000,4.00000000,3.96644386,2.24704860,0.38156581,0,0.03355614
0.04620000,10.00000000,4.00000000,3.96903064,2.18619394,0.38162548,0,0.03096936
0.04622000,10.00000000,4.00000000,3.97092490,2.12468163,0.38169578,0,0.02907510
0.04624000,10.00000000,4.00000000,3.97212495,2.06283168,0.38177676,0,0.02787505
0.04626000,10.00000000,4.00000000,3.97263269,2.00096417,0.38186836,0,0.02736731
0.04628000,10.00000000,4.00000000,3.97245353,1.93939761,0.38194881,0,0.02754647
0.04630000,10.00000000,4.00000000,3.97159586,1.87836055,0.38197919,0,0.02840414
0.04632000,10.00000000,4.00000000,3.97006971,1.81792210,0.38202112,0,0.02993029
0.04634000,10.00000000,4.00000000,3.96788714,1.75839357,0.38207477,0,0.03211286
0.04636000,10.00000000,4.00000000,3.96506358,1.70008144,0.38214024,0,0.03493642
0.04638000,10.00000000,4.00000000,3.96161773,1.64328576,0.38221758,0,0.03838227
0.04640000,10.00000000,4.00000000,3.95757145,1.58829866,0.38230676,0,0.04242855
0.04642000,10.00000000,4.00000000,3.95294971,1.53540275,0.38240769,0,0.04705029
0.04644000,10.00000000,4.00000000,3.94778037,1.48486975,0.38252022,0,0.05221963
0.04646000,10.00000000,4.00000000,3.94209410,1.43695904,0.38264413,0,0.05790590
0.04648000,10.00000000,4.00000000,3.93592419,1.39191636,0.38277915,0,0.06407581
0.04650000,10.00000000,4.00000000,3.92930639,1.34997254,0.38292496,0,0.07069361
0.04652000,10.00000000,4.00000000,3.92227873,1.31134235,0.38308117,0,0.07772127
0.04654000,10.00000000,4.00000000,3.91488131,1.27622341,0.38324736,0,0.08511869
0.04656000,10.00000000,4.00000000,3.90715608,1.24479516,0.38342304,0,0.09284392
0.04658000,10.00000000,4.00000000,3.89914667,1.21721803,0.38360768,0,0.10085333
0.04660000,10.00000000,4.00000000,3.89089812,1.19363258,0.38380072,0,0.10910188
0.04662000,10.00000000,4.00000000,3.88245666,1.17415884,0.38400154,0,0.11754334
0.04664000,10.00000000,4.00000000,3.87386949,1.15889571,0.38420951,0,0.12613051
0.04666000,10.00000000,4.00000000,3.86518451,1.14792049,0.38442395,0,0.13481549
0.04668000,10.00000000,4.00000000,3.85645011,1.14128851,0.38464414,0,0.14354989
0.04670000,10.00000000,4.00000000,3.84771488,1.13903286,0.38486937,0,0.15228512
0.04672000,10.00000000,4.00000000,3.83902740,1.14116427,0.38509887,0,0.16097260
0.04674000,10.00000000,4.00000000,3.83043596,1.14767107,0.38533187,0,0.16956404
0.04676000,10.00000000,4.00000000,3.82198834,1.15851925,0.38556757,0,0.17801166
0.04678000,10.00000000,4.00000000,3.81373156,1.17365270,0.38580519,0,0.18626844
0.04680000,10.00000000,4.00000000,3.80571163,1.19299347,0.38604391,0,0.19428837
0.04682000,10.00000000,4.00000000,3.79797331,1.21644221,0.38628290,0,0.20202669
0.04684000,10.00000000,4.00000000,3.79055992,1.24387869,0.38652135,0,0.20944008
0.04686000,10.00000000,4.00000000,3.78351307,1.27516239,0.38675845,0,0.21648693
0.04688000,10.00000000,4.00000000,3.77687249,1.31013324,0.38699337,0,0.22312751
0.04690000,10.00000000,4.00000000,3.77067581,1.34861246,0.38722532,0,0.22932419
0.04692000,10.00000000,4.00000000,3.76495836,1.39040343,0.38745349,0,0.23504164
0.04694000,10.00000000,4.00000000,3.75975301,1.43529272,0.38767712,0,0.24024699
0.04696000,10.00000000,4.00000000,3.75509000,1.48305114,0.38789543,0,0.24491000
0.04698000,10.00000000,4.00000000,3.75099677,1.53343493,0.38810769,0,0.24900323
0.04700000,10.00000000,4.00000000,3.74749783,1.58618695,0.38831318,0,0.25250217
0.04702000,10.00000000,4.00000000,3.74461466,1.64103801,0.38851121,0,0.25538534
0.04704000,10.00000000,4.00000000,3.74236555,1.69770821,0.38870113,0,0.25763445
0.04706000,10.00000000,4.00000000,3.74076554,1.75590835,0.38888230,0,0.25923446
0.04708000,10.00000000,4.00000000,3.73982636,1.81534136,0.38905415,0,0.26017364
0.04710000,10.00000000,4.00000000,3.73955631,1.87570383,0.38921613,0,0.26044369
0.04712000,10.00000000,4.00000000,3.73996029,1.93668754,0.38931775,0,0.26003971
0.04714000,10.00000000,4.00000000,3.74103861,1.99778117,0.38937518,0,0.25896139
0.04716000,10.00000000,4.00000000,3.74278627,2.05853909,0.38942216,0,0.25721373
0.04718000,10.00000000,4.00000000,3.74519415,2.11865346,0.38945891,0,0.25480585
0.04720000,10.00000000,4.00000000,3.74824976,2.17782167,0.38948561,0,0.25175024
0.04722000,10.00000000,4.00000000,3.75193739,2.23574743,0.38950247,0,0.24806261
0.04724000,10.00000000,4.00000000,3.75623816,2.29214227,0.38950975,0,0.24376184
0.04726000,10.00000000,4.00000000,3.76113015,2.34672693,0.38950777,0,0.23886985
0.04728000,10.00000000,4.00000000,3.76658854,2.39923270,0.38949686,0,0.23341146
0.04730000,10.00000000,4.00000000,3.77258572,2.44940276,0.38947741,0,0.22741428
0.04732000,10.00000000,4.00000000,3.77909145,2.49699338,0.38944984,0,0.22090855
0.04734000,10.00000000,4.00000000,3.78607306,2.54177514,0.38941462,0,0.21392694
0.04736000,10.00000000,4.00000000,3.79349559,2.58353397,0.38937223,0,0.20650441
0.04738000,10.00000000,4.00000000,3.80132198,2.62207220,0.38932321,0,0.19867802
0.04740000,10.00000000,4.00000000,3.80951331,2.65720946,0.38926811,0,0.19048669
0.04742000,10.00000000,4.00000000,3.81802895,2.68878357,0.38920753,0,0.18197105
0.04744000,10.00000000,4.00000000,3.82682681,2.71665122,0.38914208,0,0.17317319
0.04746000,10.00000000,4.00000000,3.83586356,2.74068869,0.38907240,0,0.16413644
0.04748000,10.00000000,4.00000000,3.84509484,2.76079234,0.38899915,0,0.15490516
0.04750000,10.00000000,4.00000000,3.85447552,2.77687909,0.38892301,0,0.14552448
0.04752000,10.00000000,4.00000000,3.86395989,2.78888675,0.38884468,0,0.13604011
0.04754000,10.00000000,4.00000000,3.87350194,2.79677426,0.38876486,0,0.12649806
0.04756000,10.00000000,4.00000000,3.88305557,2.80052182,0.38868427,0,0.11694443
0.04758000,10.00000000,4.00000000,3.89257483,2.80013090,0.38860362,0,0.10742517
0.04760000,10.00000000,4.00000000,3.90201417,2.79562416,0.38852364,0,0.09798583
0.04762000,10.00000000,4.00000000,3.91132865,2.78704525,0.38844504,0,0.08867135
0.04764000,10.00000000,4.00000000,3.92047418,2.77445851,0.38836855,0,0.07952582
0.04766000,10.00000000,4.00000000,3.92940775,2.75794854,0.38829485,0,0.07059225
0.04768000,10.00000000,4.00000000,3.93808762,2.73761971,0.38822463,0,0.06191238
0.04770000,10.00000000,4.00000000,3.94647355,2.71359555,0.38815856,0,0.05352645
0.04772000,10.00000000,4.00000000,3.95452700,2.68601799,0.38809729,0,0.04547300
0.04774000,10.00000000,4.00000000,3.96221130,2.65504662,0.38804144,0,0.03778870
0.04776000,10.00000000,4.00000000,3.96949188,2.62085775,0.38799160,0,0.03050812
0.04778000,10.00000000,4.00000000,3.97633635,2.58364345,0.38794831,0,0.02366365
0.04780000,10.00000000,4.00000000,3.98271476,2.54361048,0.38791211,0,0.01728524
0.04782000,10.00000000,4.00000000,3.98859966,2.50097914,0.38788345,0,0.01140034
0.04784000,10.00000000,4.00000000,3.99396628,2.45598212,0.38786279,0,0.00603372
0.04786000,10.00000000,4.00000000,3.99879262,2.40886317,0.38785051,0,0.00120738
0.04788000,10.00000000,4.00000000,4.00305957,2.35987583,0.38789634,0,-0.00305957
0.04790000,10.00000000,4.00000000,4.00675205,2.30947954,0.38796125,0,-0.00675205
0.04792000,10.00000000,4.00000000,4.00985936,2.25798261,0.38802557,0,-0.00985936
0.04794000,10.00000000,4.00000000,4.01237381,2.20561840,0.38808931,0,-0.01237381
0.04796000,10.00000000,4.00000000,4.01429041,2.15262283,0.38815253,0,-0.01429041
0.04798000,10.00000000,4.00000000,4.01560677,2.09923351,0.38812337,0,-0.01560677
0.04800000,10.00000000,4.00000000,4.01632115,2.04532131,0.38810205,0,-0.01632115
0.04802000,10.00000000,4.00000000,4.01643260,1.99115869,0.38809031,0,-0.01643260
0.04804000,10.00000000,4.00000000,4.01594323,1.93702482,0.38814760,0,-0.01594323
0.04806000,10.00000000,4.00000000,4.01485954,1.88343503,0.38822766,0,-0.01485954
0.04808000,10.00000000,4.00000000,4.01319269,1.83071602,0.38831665,0,-0.01319269
0.04810000,10.00000000,4.00000000,4.01095702,1.77913401,0.38841431,0,-0.01095702
0.04812000,10.00000000,4.00000000,4.00816973,1.72894784,0.38852037,0,-0.00816973
0.04814000,10.00000000,4.00000000,4.00485073,1.68040786,0.38863452,0,-0.00485073
0.04816000,10.00000000,4.00000000,4.00102256,1.63375471,0.38875643,0,-0.00102256
0.04818000,10.00000000,4.00000000,3.99671023,1.58921816,0.38883257,0,0.00328977
0.04820000,10.00000000,4.00000000,3.99193990,1.54680361,0.38889180,0,0.00806010
0.04822000,10.00000000,4.00000000,3.98673826,1.50662127,0.38895081,0,0.01326174
0.04824000,10.00000000,4.00000000,3.98113335,1.46883725,0.38900969,0,0.01886665
0.04826000,10.00000000,4.00000000,3.97515486,1.43360643,0.38906848,0,0.02484514
0.04828000,10.00000000,4.00000000,3.96883395,1.40107171,0.38912721,0,0.03116605
0.04830000,10.00000000,4.00000000,3.96220311,1.37136338,0.38918594,0,0.03779689
0.04832000,10.00000000,4.00000000,3.95529606,1.34459867,0.38924469,0,0.04470394
0.04834000,10.00000000,4.00000000,3.94814752,1.32088125,0.38930351,0,0.05185248
0.04836000,10.00000000,4.00000000,3.94079311,1.30030089,0.38942661,0,0.05920689
0.04838000,10.00000000,4.00000000,3.93327059,1.28318963,0.38958457,0,0.06672941
0.04840000,10.00000000,4.00000000,3.92562043,1.26974615,0.38974889,0,0.07437957
0.04842000,10.00000000,4.00000000,3.91788438,1.26003858,0.38991896,0,0.08211562
0.04844000,10.00000000,4.00000000,3.91010460,1.25411587,0.39009416,0,0.08989540
0.04846000,10.00000000,4.00000000,3.90232345,1.25200755,0.39027384,0,0.09767655
0.04848000,10.00000000,4.00000000,3.89458326,1.25372364,0.39045733,0,0.10541674
0.04850000,10.00000000,4.00000000,3.88692616,1.25925454,0.39064395,0,0.11307384
0.04852000,10.00000000,4.00000000,3.87939381,1.26857118,0.39083299,0,0.12060619
0.04854000,10.00000000,4.00000000,3.87202720,1.28162514,0.39102375,0,0.12797280
0.04856000,10.00000000,4.00000000,3.86486647,1.29834893,0.39121551,0,0.13513353
0.04858000,10.00000000,4.00000000,3.85795068,1.31865632,0.39140754,0,0.14204932
0.04860000,10.00000000,4.00000000,3.85131761,1.34244285,0.39159911,0,0.14868239
0.04862000,10.00000000,4.00000000,3.84500359,1.36958628,0.39178952,0,0.15499641
0.04864000,10.00000000,4.00000000,3.83904328,1.39994732,0.39197803,0,0.16095672
0.04866000,10.00000000,4.00000000,3.83346952,1.43337028,0.39216393,0,0.16653048
0.04868000,10.00000000,4.00000000,3.82831316,1.46968387,0.39234653,0,0.17168684
0.04870000,10.00000000,4.00000000,3.82360289,1.50870210,0.39252514,0,0.17639711
0.04872000,10.00000000,4.00000000,3.81936512,1.55022520,0.39269908,0,0.18063488
0.04874000,10.00000000,4.00000000,3.81562381,1.59404064,0.39286770,0,0.18437619
0.04876000,10.00000000,4.00000000,3.81240038,1.63992420,0.39303039,0,0.18759962
0.04878000,10.00000000,4.00000000,3.80971357,1.68764112,0.39318652,0,0.19028643
0.04880000,10.00000000,4.00000000,3.80757938,1.73694728,0.39333554,0,0.19242062
0.04882000,10.00000000,4.00000000,3.80601097,1.78759041,0.39347689,0,0.19398903
0.04884000,10.00000000,4.00000000,3.80501858,1.83931139,0.39361006,0,0.19498142
0.04886000,10.00000000,4.00000000,3.80460949,1.89184555,0.39373459,0,0.19539051
0.04888000,10.00000000,4.00000000,3.80478800,1.94492402,0.39382806,0,0.19521200
0.04890000,10.00000000,4.00000000,3.80555489,1.99818725,0.39386166,0,0.19444511
0.04892000,10.00000000,4.00000000,3.80690631,2.05116100,0.39388603,0,0.19309369
0.04894000,10.00000000,4.00000000,3.80883433,2.10357604,0.39390143,0,0.19116567
0.04896000,10.00000000,4.00000000,3.81132808,2.15516790,0.39390801,0,0.18867192
0.04898000,10.00000000,4.00000000,3.81437388,2.20567771,0.39390599,0,0.18562612
0.04900000,10.00000000,4.00000000,3.81795526,2.25485337,0.39389558,0,0.18204474
0.04902000,10.00000000,4.00000000,3.82205312,2.30245089,0.39387708,0,0.17794688
0.04904000,10.00000000,4.00000000,3.82664581,2.34823552,0.39385078,0,0.17335419
0.04906000,10.00000000,4.00000000,3.83170923,2.39198291,0.39381705,0,0.16829077
0.04908000,10.00000000,4.00000000,3.83721703,2.43348020,0.39377625,0,0.16278297
0.04910000,10.00000000,4.00000000,3.84314067,2.47252700,0.39372880,0,0.15685933
0.04912000,10.00000000,4.00000000,3.84944967,2.50893643,0.39367514,0,0.15055033
0.04914000,10.00000000,4.00000000,3.85611169,2.54253593,0.39361575,0,0.14388831
0.04916000,10.00000000,4.00000000,3.86309276,2.57316809,0.39355113,0,0.13690724
0.04918000,10.00000000,4.00000000,3.87035743,2.60069142,0.39348180,0,0.12964257
0.04920000,10.00000000,4.00000000,3.87786898,2.62498093,0.39340831,0,0.12213102
0.04922000,10.00000000,4.00000000,3.88558959,2.64592879,0.39333123,0,0.11441041
0.04924000,10.00000000,4.00000000,3.89348057,2.66344469,0.39325114,0,0.10651943
0.04926000,10.00000000,4.00000000,3.90150254,2.67745635,0.39316866,0,0.09849746
0.04928000,10.00000000,4.00000000,3.90961561,2.68790971,0.39308438,0,0.09038439
0.04930000,10.00000000,4.00000000,3.91777966,2.69476920,0.39299894,0,0.08222034
0.04932000,10.00000000,4.00000000,3.92595446,2.69801782,0.39291296,0,0.07404554
0.04934000,10.00000000,4.00000000,3.93409994,2.69765714,0.39282708,0,0.06590006
0.04936000,10.00000000,4.00000000,3.94217637,2.69370725,0.39274193,0,0.05782363
0.04938000,10.00000000,4.00000000,3.95014455,2.68620655,0.39265815,0,0.04985545
0.04940000,10.00000000,4.00000000,3.95796605,2.67521149,0.39257634,0,0.04203395
0.04942000,10.00000000,4.00000000,3.96560336,2.66079624,0.39249714,0,0.03439664
0.04944000,10.00000000,4.00000000,3.97302009,2.64305216,0.39242113,0,0.02697991
0.04946000,10.00000000,4.00000000,3.98018116,2.62208734,0.39234890,0,0.01981884
0.04948000,10.00000000,4.00000000,3.98705299,2.59802592,0.39228101,0,0.01294701
0.04950000,10.00000000,4.00000000,3.99360362,2.57100742,0.39221799,0,0.00639638
0.04952000,10.00000000,4.00000000,3.99980291,2.54118590,0.39216037,0,0.00019709
0.04954000,10.00000000,4.00000000,4.00562268,2.50872916,0.39219957,0,-0.00562268
0.04956000,10.00000000,4.00000000,4.01103882,2.47418135,0.39224153,0,-0.01103882
0.04958000,10.00000000,4.00000000,4.01603139,2.43771900,0.39228284,0,-0.01603139
0.04960000,10.00000000,4.00000000,4.02058245,2.39951259,0.39232351,0,-0.02058245
0.04962000,10.00000000,4.00000000,4.02467609,2.35973944,0.39236360,0,-0.02467609
0.04964000,10.00000000,4.00000000,4.02829852,2.31858301,0.39238509,0,-0.02829852
0.04966000,10.00000000,4.00000000,4.03143765,2.27615986,0.39231616,0,-0.03143765
0.04968000,10.00000000,4.00000000,4.03408120,2.23230400,0.39225352,0,-0.03408120
0.04970000,10.00000000,4.00000000,4.03621729,2.18724131,0.39219766,0,-0.03621729
0.04972000,10.00000000,4.00000000,4.03783664,2.14120382,0.39214903,0,-0.03783664
0.04974000,10.00000000,4.00000000,4.03893262,2.09442858,0.39210806,0,-0.03893262
0.04976000,10.00000000,4.00000000,4.03950130,2.04715642,0.39207512,0,-0.03950130
0.04978000,10.00000000,4.00000000,4.03954143,1.99963077,0.39205057,0,-0.03954143
0.04980000,10.00000000,4.00000000,4.03905450,1.95209634,0.39209368,0,-0.03905450
0.04982000,10.00000000,4.00000000,4.03804600,1.90503371,0.39214984,0,-0.03804600
0.04984000,10.00000000,4.00000000,4.03652548,1.85870189,0.39221385,0,-0.03652548
0.04986000,10.00000000,4.00000000,4.03450518,1.81333474,0.39228552,0,-0.03450518
0.04988000,10.00000000,4.00000000,4.03199982,1.76915995,0.39236462,0,-0.03199982
0.04990000,10.00000000,4.00000000,4.02902653,1.72639789,0.39245088,0,-0.02902653
0.04992000,10.00000000,4.00000000,4.02560475,1.68526057,0.39254401,0,-0.02560475
0.04994000,10.00000000,4.00000000,4.02175608,1.64595061,0.39264368,0,-0.02175608
0.04996000,10.00000000,4.00000000,4.01750422,1.60866025,0.39274952,0,-0.01750422
0.04998000,10.00000000,4.00000000,4.01287478,1.57357042,0.39286116,0,-0.01287478
0.05000000,10.00000000,4.00000000,4.00789520,1.54084986,0.39297816,0,-0.00789520
0.05002000,10.00000000,4.00000000,4.00259454,1.51065437,0.39310009,0,-0.00259454
0.05004000,10.00000000,4.00000000,3.99700335,1.48312601,0.39317803,0,0.00299665
0.05006000,10.00000000,4.00000000,3.99115244,1.45819883,0.39321380,0,0.00884756
0.05008000,10.00000000,4.00000000,3.98507170,1.43580203,0.39324956,0,0.01492830
0.05010000,10.00000000,4.00000000,3.97879091,1.41602158,0.39328546,0,0.02120909
0.05012000,10.00000000,4.00000000,3.97234060,1.39893199,0.39332153,0,0.02765940
0.05014000,10.00000000,4.00000000,3.96575189,1.38459551,0.39335779,0,0.03424811
0.05016000,10.00000000,4.00000000,3.95905634,1.37306199,0.39339427,0,0.04094366
0.05018000,10.00000000,4.00000000,3.95228580,1.36436867,0.39343099,0,0.04771420
0.05020000,10.00000000,4.00000000,3.94547232,1.35854011,0.39352234,0,0.05452768
0.05022000,10.00000000,4.00000000,3.93864916,1.35580544,0.39366644,0,0.06135084
0.05024000,10.00000000,4.00000000,3.93185181,1.35637248,0.39381404,0,0.06814819
0.05026000,10.00000000,4.00000000,3.92511672,1.36023762,0.39396455,0,0.07488328
0.05028000,10.00000000,4.00000000,3.91847998,1.36738033,0.39411735,0,0.08152002
0.05030000,10.00000000,4.00000000,3.91197717,1.37776335,0.39427183,0,0.08802283
0.05032000,10.00000000,4.00000000,3.90564317,1.39133281,0.39442737,0,0.09435683
0.05034000,10.00000000,4.00000000,3.89951197,1.40801856,0.39458332,0,0.10048803
0.05036000,10.00000000,4.00000000,3.89361651,1.42773455,0.39473906,0,0.10638349
0.05038000,10.00000000,4.00000000,3.88798850,1.45037922,0.39489396,0,0.11201150
0.05040000,10.00000000,4.00000000,3.88265830,1.47583611,0.39504738,0,0.11734170
0.05042000,10.00000000,4.00000000,3.87765468,1.50397437,0.39519870,0,0.12234532
0.05044000,10.00000000,4.00000000,3.87300476,1.53464951,0.39534731,0,0.12699524
0.05046000,10.00000000,4.00000000,3.86873383,1.56770406,0.39549261,0,0.13126617
0.05048000,10.00000000,4.00000000,3.86486522,1.60296844,0.39563400,0,0.13513478
0.05050000,10.00000000,4.00000000,3.86142018,1.64026180,0.39577092,0,0.13857982
0.05052000,10.00000000,4.00000000,3.85841781,1.67939291,0.39590281,0,0.14158219
0.05054000,10.00000000,4.00000000,3.85587491,1.72016117,0.39602915,0,0.14412509
0.05056000,10.00000000,4.00000000,3.85380591,1.76235761,0.39614943,0,0.14619409
0.05058000,10.00000000,4.00000000,3.85222283,1.80576595,0.39626318,0,0.14777717
0.05060000,10.00000000,4.00000000,3.85113516,1.85016369,0.39636994,0,0.14886484
0.05062000,10.00000000,4.00000000,3.85054987,1.89532326,0.39646930,0,0.14945013
0.05064000,10.00000000,4.00000000,3.85047133,1.94101313,0.39656087,0,0.14952867
0.05066000,10.00000000,4.00000000,3.85090131,1.98699904,0.39659163,0,0.14909869
0.05068000,10.00000000,4.00000000,3.85183780,2.03283454,0.39660466,0,0.14816220
0.05070000,10.00000000,4.00000000,3.85327481,2.07824719,0.39660984,0,0.14672519
0.05072000,10.00000000,4.00000000,3.85520362,2.12300706,0.39660733,0,0.14479638
0.05074000,10.00000000,4.00000000,3.85761299,2.16688887,0.39659731,0,0.14238701
0.05076000,10.00000000,4.00000000,3.86048933,2.20967297,0.39657998,0,0.13951067
0.05078000,10.00000000,4.00000000,3.86381669,2.25114643,0.39655558,0,0.13618331
0.05080000,10.00000000,4.00000000,3.86757691,2.29110411,0.39652436,0,0.13242309
0.05082000,10.00000000,4.00000000,3.87174970,2.32934963,0.39648664,0,0.12825030
0.05084000,10.00000000,4.00000000,3.87631276,2.36569631,0.39644274,0,0.12368724
0.05086000,10.00000000,4.00000000,3.88124189,2.39996813,0.39639302,0,0.11875811
0.05088000,10.00000000,4.00000000,3.88651117,2.43200048,0.39633787,0,0.11348883
0.05090000,10.00000000,4.00000000,3.89209304,2.46164105,0.39627769,0,0.10790696
0.05092000,10.00000000,4.00000000,3.89795848,2.48875044,0.39621292,0,0.10204152
0.05094000,10.00000000,4.00000000,3.90407717,2.51320291,0.39614402,0,0.09592283
0.05096000,10.00000000,4.00000000,3.91041762,2.53488687,0.39607146,0,0.08958238
0.05098000,10.00000000,4.00000000,3.91694740,2.55370544,0.39599573,0,0.08305260
0.05100000,10.00000000,4.00000000,3.92363322,2.56957689,0.39591736,0,0.07636678
0.05102000,10.00000000,4.00000000,3.93044121,2.58243494,0.39583685,0,0.06955879
0.05104000,10.00000000,4.00000000,3.93733699,2.59222905,0.39575475,0,0.06266301
0.05106000,10.00000000,4.00000000,3.94428592,2.59892466,0.39567159,0,0.05571408
0.05108000,10.00000000,4.00000000,3.95125327,2.60250322,0.39558792,0,0.04874673
0.05110000,10.00000000,4.00000000,3.95820437,2.60296227,0.39550430,0,0.04179563
0.05112000,10.00000000,4.00000000,3.96510480,2.60031539,0.39542127,0,0.03489520
0.05114000,10.00000000,4.00000000,3.97192058,2.59459201,0.39533938,0,0.02807942
0.05116000,10.00000000,4.00000000,3.97861833,2.58583725,0.39525916,0,0.02138167
0.05118000,10.00000000,4.00000000,3.98516543,2.57411159,0.39518116,0,0.01483457
0.05120000,10.00000000,4.00000000,3.99153022,2.55949050,0.39510589,0,0.00846978
0.05122000,10.00000000,4.00000000,3.99768211,2.54206399,0.39503385,0,0.00231789
0.05124000,10.00000000,4.00000000,4.00359175,2.52193608,0.39502363,0,-0.00359175
0.05126000,10.00000000,4.00000000,4.00923249,2.49945641,0.39505064,0,-0.00923249
0.05128000,10.00000000,4.00000000,4.01458119,2.47488616,0.39507717,0,-0.01458119
0.05130000,10.00000000,4.00000000,4.01961697,2.44834443,0.39510312,0,-0.01961697
0.05132000,10.00000000,4.00000000,4.02432041,2.41995807,0.39512854,0,-0.02432041
0.05134000,10.00000000,4.00000000,4.02867365,2.38986148,0.39515344,0,-0.02867365
0.05136000,10.00000000,4.00000000,4.03266045,2.35819597,0.39513384,0,-0.03266045
0.05138000,10.00000000,4.00000000,4.03626531,2.32493320,0.39505472,0,-0.03626531
0.05140000,10.00000000,4.00000000,4.03947217,2.28999105,0.39498001,0,-0.03947217
0.05142000,10.00000000,4.00000000,4.04226563,2.25354952,0.39491018,0,-0.04226563
0.05144000,10.00000000,4.00000000,4.04463240,2.21579622,0.39484570,0,-0.04463240
0.05146000,10.00000000,4.00000000,4.04656138,2.17692553,0.39478700,0,-0.04656138
0.05148000,10.00000000,4.00000000,4.04804372,2.13713753,0.39473449,0,-0.04804372
0.05150000,10.00000000,4.00000000,4.04907287,2.09663699,0.39468854,0,-0.04907287
0.05152000,10.00000000,4.00000000,4.04964460,2.05563236,0.39464949,0,-0.04964460
0.05154000,10.00000000,4.00000000,4.04975702,2.01433470,0.39461766,0,-0.04975702
0.05156000,10.00000000,4.00000000,4.04941061,1.97295657,0.39463534,0,-0.04941061
0.05158000,10.00000000,4.00000000,4.04860913,1.93187894,0.39467387,0,-0.04860913
0.05160000,10.00000000,4.00000000,4.04735991,1.89136583,0.39471933,0,-0.04735991
0.05162000,10.00000000,4.00000000,4.04567282,1.85162219,0.39477153,0,-0.04567282
0.05164000,10.00000000,4.00000000,4.04355992,1.81284780,0.39483029,0,-0.04355992
0.05166000,10.00000000,4.00000000,4.04103539,1.77523643,0.39489538,0,-0.04103539
0.05168000,10.00000000,4.00000000,4.03811544,1.73897488,0.39496655,0,-0.03811544
0.05170000,10.00000000,4.00000000,4.03481822,1.70424212,0.39504354,0,-0.03481822
0.05172000,10.00000000,4.00000000,4.03116370,1.67120833,0.39512602,0,-0.03116370
0.05174000,10.00000000,4.00000000,4.02717359,1.64003415,0.39521368,0,-0.02717359
0.05176000,10.00000000,4.00000000,4.02287120,1.61086990,0.39530614,0,-0.02287120
0.05178000,10.00000000,4.00000000,4.01828131,1.58385482,0.39540304,0,-0.01828131
0.05180000,10.00000000,4.00000000,4.01343005,1.55911646,0.39550397,0,-0.01343005
0.05182000,10.00000000,4.00000000,4.00834472,1.53677007,0.39560851,0,-0.00834472
0.05184000,10.00000000,4.00000000,4.00305372,1.51691805,0.39571622,0,-0.00305372
0.05186000,10.00000000,4.00000000,3.99758633,1.49964952,0.39578761,0,0.00241367
0.05188000,10.00000000,4.00000000,3.99197172,1.48488394,0.39580952,0,0.00802828
0.05190000,10.00000000,4.00000000,3.98623763,1.47247662,0.39583151,0,0.01376237
0.05192000,10.00000000,4.00000000,3.98041112,1.46247026,0.39585372,0,0.01958888
0.05194000,10.00000000,4.00000000,3.97451948,1.45489732,0.39587619,0,0.02548052
0.05196000,10.00000000,4.00000000,3.96859018,1.44977935,0.39589892,0,0.03140982
0.05198000,10.00000000,4.00000000,3.96265068,1.44712698,0.39592193,0,0.03734932
0.05200000,10.00000000,4.00000000,3.95672838,1.44693990,0.39594522,0,0.04327162
0.05202000,10.00000000,4.00000000,3.95085043,1.44920696,0.39604931,0,0.04914957
0.05204000,10.00000000,4.00000000,3.94504548,1.45422796,0.39617383,0,0.05495452
0.05206000,10.00000000,4.00000000,3.93934388,1.46204938,0.39630003,0,0.06065612
0.05208000,10.00000000,4.00000000,3.93377589,1.47263051,0.39642737,0,0.06622411
0.05210000,10.00000000,4.00000000,3.92837104,1.48591654,0.39655530,0,0.07162896
0.05212000,10.00000000,4.00000000,3.92315805,1.50183880,0.39668328,0,0.07684195
0.05214000,10.00000000,4.00000000,3.91816460,1.52031515,0.39681074,0,0.08183540
0.05216000,10.00000000,4.00000000,3.91341726,1.54125038,0.39693715,0,0.08658274
0.05218000,10.00000000,4.00000000,3.90894134,1.56453673,0.39706197,0,0.09105866
0.05220000,10.00000000,4.00000000,3.90476071,1.59005441,0.39718464,0,0.09523929
0.05222000,10.00000000,4.00000000,3.90089775,1.61767223,0.39730466,0,0.09910225
0.05224000,10.00000000,4.00000000,3.89737319,1.64724829,0.39742150,0,0.10262681
0.05226000,10.00000000,4.00000000,3.89420602,1.67863066,0.39753467,0,0.10579398
0.05228000,10.00000000,4.00000000,3.89141338,1.71165820,0.39764368,0,0.10858662
0.05230000,10.00000000,4.00000000,3.88901049,1.74616136,0.39774806,0,0.11098951
0.05232000,10.00000000,4.00000000,3.88701057,1.78196302,0.39784738,0,0.11298943
0.05234000,10.00000000,4.00000000,3.88542476,1.81887943,0.39794121,0,0.11457524
0.05236000,10.00000000,4.00000000,3.88426207,1.85672112,0.39802915,0,0.11573793
0.05238000,10.00000000,4.00000000,3.88352933,1.89529388,0.39811085,0,0.11647067
0.05240000,10.00000000,4.00000000,3.88323116,1.93439971,0.39818595,0,0.11676884
0.05242000,10.00000000,4.00000000,3.88336995,1.97383788,0.39823720,0,0.11663005
0.05244000,10.00000000,4.00000000,3.88394547,2.01333812,0.39824492,0,0.11605453
0.05246000,10.00000000,4.00000000,3.88495404,2.05255221,0.39824574,0,0.11504596
0.05248000,10.00000000,4.00000000,3.88638900,2.09128065,0.39823989,0,0.11361100
0.05250000,10.00000000,4.00000000,3.88824150,2.12932786,0.39822750,0,0.11175850
0.05252000,10.00000000,4.00000000,3.89050064,2.16650277,0.39820873,0,0.10949936
0.05254000,10.00000000,4.00000000,3.89315344,2.20261973,0.39818378,0,0.10684656
0.05256000,10.00000000,4.00000000,3.89618501,2.23749950,0.39815287,0,0.10381499
0.05258000,10.00000000,4.00000000,3.89957858,2.27097004,0.39811627,0,0.10042142
0.05260000,10.00000000,4.00000000,3.90331562,2.30286740,0.39807425,0,0.09668438
0.05262000,10.00000000,4.00000000,3.90737593,2.33303650,0.39802710,0,0.09262407
0.05264000,10.00000000,4.00000000,3.91173774,2.36133185,0.39797517,0,0.08826226
0.05266000,10.00000000,4.00000000,3.91637787,2.38761829,0.39791881,0,0.08362213
0.05268000,10.00000000,4.00000000,3.92127182,2.41177161,0.39785837,0,0.07872818
0.05270000,10.00000000,4.00000000,3.92639392,2.43367911,0.39779426,0,0.07360608
0.05272000,10.00000000,4.00000000,3.93171744,2.45324014,0.39772688,0,0.06828256
0.05274000,10.00000000,4.00000000,3.93721478,2.47036656,0.39765667,0,0.06278522
0.05276000,10.00000000,4.00000000,3.94285756,2.48498312,0.39758404,0,0.05714244
0.05278000,10.00000000,4.00000000,3.94861681,2.49702782,0.39750947,0,0.05138319
0.05280000,10.00000000,4.00000000,3.95446312,2.50645212,0.39743340,0,0.04553688
0.05282000,10.00000000,4.00000000,3.96036676,2.51322115,0.39735630,0,0.03963324
0.05284000,10.00000000,4.00000000,3.96629787,2.51731385,0.39727865,0,0.03370213
0.05286000,10.00000000,4.00000000,3.97222658,2.51872297,0.39720091,0,0.02777342
0.05288000,10.00000000,4.00000000,3.97812320,2.51745510,0.39712357,0,0.02187680
0.05290000,10.00000000,4.00000000,3.98395836,2.51353053,0.39704709,0,0.01604164
0.05292000,10.00000000,4.00000000,3.98970312,2.50698312,0.39697195,0,0.01029688
0.05294000,10.00000000,4.00000000,3.99532918,2.49786003,0.39689860,0,0.00467082
0.05296000,10.00000000,4.00000000,4.00080898,2.48622146,0.39684056,0,-0.00080898
0.05298000,10.00000000,4.00000000,4.00611614,2.47219251,0.39685792,0,-0.00611614
0.05300000,10.00000000,4.00000000,4.01122722,2.45614865,0.39687500,0,-0.01122722
0.05302000,10.00000000,4.00000000,4.01612140,2.43817136,0.39689159,0,-0.01612140
0.05304000,10.00000000,4.00000000,4.02077896,2.41834946,0.39690772,0,-0.02077896
0.05306000,10.00000000,4.00000000,4.02518129,2.39677950,0.39692341,0,-0.02518129
0.05308000,10.00000000,4.00000000,4.02931102,2.37356532,0.39693867,0,-0.02931102
0.05310000,10.00000000,4.00000000,4.03315203,2.34881750,0.39688420,0,-0.03315203
0.05312000,10.00000000,4.00000000,4.03668805,2.32237584,0.39680596,0,-0.03668805
0.05314000,10.00000000,4.00000000,4.03990215,2.29427063,0.39673092,0,-0.03990215
0.05316000,10.00000000,4.00000000,4.04277848,2.26464667,0.39665952,0,-0.04277848
0.05318000,10.00000000,4.00000000,4.04530293,2.23365653,0.39659219,0,-0.04530293
0.05320000,10.00000000,4.00000000,4.04746319,2.20145976,0.39652934,0,-0.04746319
0.05322000,10.00000000,4.00000000,4.04924882,2.16822209,0.39647136,0,-0.04924882
0.05324000,10.00000000,4.00000000,4.05065130,2.13411460,0.39641859,0,-0.05065130
0.05326000,10.00000000,4.00000000,4.05166411,2.09931282,0.39637139,0,-0.05166411
0.05328000,10.00000000,4.00000000,4.05228268,2.06399584,0.39633006,0,-0.05228268
0.05330000,10.00000000,4.00000000,4.05250451,2.02834542,0.39629489,0,-0.05250451
0.05332000,10.00000000,4.00000000,4.05232912,1.99254504,0.39628741,0,-0.05232912
0.05334000,10.00000000,4.00000000,4.05175853,1.95686403,0.39631318,0,-0.05175853
0.05336000,10.00000000,4.00000000,4.05079788,1.92159258,0.39634507,0,-0.05079788
0.05338000,10.00000000,4.00000000,4.04945485,1.88690972,0.39638288,0,-0.04945485
0.05340000,10.00000000,4.00000000,4.04773906,1.85299020,0.39642645,0,-0.04773906
0.05342000,10.00000000,4.00000000,4.04566198,1.82000396,0.39647561,0,-0.04566198
0.05344000,10.00000000,4.00000000,4.04323687,1.78811527,0.39653015,0,-0.04323687
0.05346000,10.00000000,4.00000000,4.04047869,1.75748194,0.39658984,0,-0.04047869
0.05348000,10.00000000,4.00000000,4.03740405,1.72825450,0.39665443,0,-0.03740405
0.05350000,10.00000000,4.00000000,4.03403107,1.70057556,0.39672362,0,-0.03403107
0.05352000,10.00000000,4.00000000,4.03037931,1.67457904,0.39679714,0,-0.03037931
0.05354000,10.00000000,4.00000000,4.02646966,1.65038955,0.39687464,0,-0.02646966
0.05356000,10.00000000,4.00000000,4.02232422,1.62812184,0.39695579,0,-0.02232422
0.05358000,10.00000000,4.00000000,4.01796616,1.60788023,0.39704023,0,-0.01796616
0.05360000,10.00000000,4.00000000,4.01341965,1.58975810,0.39712758,0,-0.01341965
0.05362000,10.00000000,4.00000000,4.00870967,1.57383752,0.39721745,0,-0.00870967
0.05364000,10.00000000,4.00000000,4.00386193,1.56018885,0.39730945,0,-0.00386193
0.05366000,10.00000000,4.00000000,3.99890270,1.54887045,0.39738542,0,0.00109730
0.05368000,10.00000000,4.00000000,3.99385829,1.53985754,0.39739890,0,0.00614171
0.05370000,10.00000000,4.00000000,3.98875349,1.53292916,0.39741245,0,0.01124651
0.05372000,10.00000000,4.00000000,3.98361186,1.52810504,0.39742625,0,0.01638814
0.05374000,10.00000000,4.00000000,3.97845699,1.52539621,0.39744031,0,0.02154301
0.05376000,10.00000000,4.00000000,3.97331241,1.52480429,0.39745464,0,0.02668759
0.05378000,10.00000000,4.00000000,3.96820147,1.52632157,0.39746924,0,0.03179853
0.05380000,10.00000000,4.00000000,3.96314729,1.52993107,0.39748413,0,0.03685271
0.05382000,10.00000000,4.00000000,3.95817259,1.53560663,0.39757122,0,0.04182741
0.05384000,10.00000000,4.00000000,3.95330123,1.54360061,0.39767630,0,0.04669877
0.05386000,10.00000000,4.00000000,3.94855848,1.55393856,0.39778211,0,0.05144152
0.05388000,10.00000000,4.00000000,3.94396931,1.56656697,0.39788819,0,0.05603069
0.05390000,10.00000000,4.00000000,3.93955790,1.58142060,0.39799405,0,0.06044210
0.05392000,10.00000000,4.00000000,3.93534750,1.59842282,0.39809923,0,0.06465250
0.05394000,10.00000000,4.00000000,3.93136032,1.61748598,0.39820325,0,0.06863968
0.05396000,10.00000000,4.00000000,3.92761744,1.63851191,0.39830564,0,0.07238256
0.05398000,10.00000000,4.00000000,3.92413865,1.66139238,0.39840595,0,0.07586135
0.05400000,10.00000000,4.00000000,3.92094238,1.68600970,0.39850373,0,0.07905762
0.05402000,10.00000000,4.00000000,3.91804564,1.71223727,0.39859854,0,0.08195436
0.05404000,10.00000000,4.00000000,3.91546385,1.73994025,0.39868995,0,0.08453615
0.05406000,10.00000000,4.00000000,3.91321083,1.76897628,0.39877756,0,0.08678917
0.05408000,10.00000000,4.00000000,3.91129871,1.79919614,0.39886097,0,0.08870129
0.05410000,10.00000000,4.00000000,3.90973787,1.83044457,0.39893982,0,0.09026213
0.05412000,10.00000000,4.00000000,3.90853686,1.86256104,0.39901376,0,0.09146314
0.05414000,10.00000000,4.00000000,3.90770240,1.89538054,0.39908246,0,0.09229760
0.05416000,10.00000000,4.00000000,3.90723931,1.92873448,0.39914562,0,0.09276069
0.05418000,10.00000000,4.00000000,3.90715051,1.96245148,0.39920295,0,0.09284949
0.05420000,10.00000000,4.00000000,3.90743699,1.99635829,0.39921932,0,0.09256301
0.05422000,10.00000000,4.00000000,3.90809704,2.03014115,0.39921883,0,0.09190296
0.05424000,10.00000000,4.00000000,3.90912600,2.06358407,0.39921252,0,0.09087400
0.05426000,10.00000000,4.00000000,3.91051712,2.09651748,0.39920053,0,0.08948288
0.05428000,10.00000000,4.00000000,3.91226184,2.12877542,0.39918298,0,0.08773816
0.05430000,10.00000000,4.00000000,3.91434980,2.16019626,0.39916004,0,0.08565020
0.05432000,10.00000000,4.00000000,3.91676896,2.19062348,0.39913189,0,0.08323104
0.05434000,10.00000000,4.00000000,3.91950563,2.21990646,0.39909875,0,0.08049437
0.05436000,10.00000000,4.00000000,3.92254457,2.24790122,0.39906084,0,0.07745543
0.05438000,10.00000000,4.00000000,3.92586907,2.27447109,0.39901843,0,0.07413093
0.05440000,10.00000000,4.00000000,3.92946104,2.29948739,0.39897179,0,0.07053896
0.05442000,10.00000000,4.00000000,3.93330111,2.32283005,0.39892121,0,0.06669889
0.05444000,10.00000000,4.00000000,3.93736873,2.34438816,0.39886702,0,0.06263127
0.05446000,10.00000000,4.00000000,3.94164231,2.36406051,0.39880954,0,0.05835769
0.05448000,10.00000000,4.00000000,3.94609929,2.38175606,0.39874912,0,0.05390071
0.05450000,10.00000000,4.00000000,3.95071631,2.39739434,0.39868612,0,0.04928369
0.05452000,10.00000000,4.00000000,3.95546928,2.41090582,0.39862092,0,0.04453072
0.05454000,10.00000000,4.00000000,3.96033355,2.42223224,0.39855391,0,0.03966645
0.05456000,10.00000000,4.00000000,3.96528403,2.43132680,0.39848547,0,0.03471597
0.05458000,10.00000000,4.00000000,3.97029530,2.43815440,0.39841600,0,0.02970470
0.05460000,10.00000000,4.00000000,3.97534178,2.44269175,0.39834592,0,0.02465822
0.05462000,10.00000000,4.00000000,3.98039781,2.44492742,0.39827563,0,0.01960219
0.05464000,10.00000000,4.00000000,3.98543784,2.44486185,0.39820554,0,0.01456216
0.05466000,10.00000000,4.00000000,3.99043651,2.44250733,0.39813605,0,0.00956349
0.05468000,10.00000000,4.00000000,3.99536882,2.43788783,0.39806756,0,0.00463118
0.05470000,10.00000000,4.00000000,4.00021021,2.43103885,0.39800388,0,-0.00021021
0.05472000,10.00000000,4.00000000,4.00493683,2.42202077,0.39801498,0,-0.00493683
0.05474000,10.00000000,4.00000000,4.00952719,2.41118301,0.39802587,0,-0.00952719
0.05476000,10.00000000,4.00000000,4.01396221,2.39858313,0.39803637,0,-0.01396221
0.05478000,10.00000000,4.00000000,4.01822357,2.38428538,0.39804649,0,-0.01822357
0.05480000,10.00000000,4.00000000,4.02229380,2.36836121,0.39805623,0,-0.02229380
0.05482000,10.00000000,4.00000000,4.02615638,2.35088893,0.39806562,0,-0.02615638
0.05484000,10.00000000,4.00000000,4.02979577,2.33195330,0.39803474,0,-0.02979577
0.05486000,10.00000000,4.00000000,4.03319659,2.31148559,0.39796072,0,-0.03319659
0.05488000,10.00000000,4.00000000,4.03634279,2.28941186,0.39788889,0,-0.03634279
0.05490000,10.00000000,4.00000000,4.03921860,2.26584588,0.39781964,0,-0.03921860
0.05492000,10.00000000,4.00000000,4.04180965,2.24090906,0.39775336,0,-0.04180965
0.05494000,10.00000000,4.00000000,4.04410304,2.21472985,0.39769044,0,-0.04410304
0.05496000,10.00000000,4.00000000,4.04608740,2.18744304,0.39763122,0,-0.04608740
0.05498000,10.00000000,4.00000000,4.04775293,2.15918910,0.39757607,0,-0.04775293
0.05500000,10.00000000,4.00000000,4.04909150,2.13011347,0.39752529,0,-0.04909150
0.05502000,10.00000000,4.00000000,4.05009663,2.10036579,0.39747919,0,-0.05009663
0.05504000,10.00000000,4.00000000,4.05076358,2.07009916,0.39743804,0,-0.05076358
0.05506000,10.00000000,4.00000000,4.05108933,2.03946935,0.39740211,0,-0.05108933
0.05508000,10.00000000,4.00000000,4.05107262,2.00863400,0.39737365,0,-0.05107262
0.05510000,10.00000000,4.00000000,4.05071400,1.97775993,0.39739028,0,-0.05071400
0.05512000,10.00000000,4.00000000,4.05001669,1.94716372,0.39741229,0,-0.05001669
0.05514000,10.00000000,4.00000000,4.04898651,1.91700126,0.39743948,0,-0.04898651
0.05516000,10.00000000,4.00000000,4.04763096,1.88742498,0.39747172,0,-0.04763096
0.05518000,10.00000000,4.00000000,4.04595916,1.85858347,0.39750888,0,-0.04595916
0.05520000,10.00000000,4.00000000,4.04398181,1.83062080,0.39755077,0,-0.04398181
0.05522000,10.00000000,4.00000000,4.04171111,1.80367576,0.39759723,0,-0.04171111
0.05524000,10.00000000,4.00000000,4.03916071,1.77788122,0.39764802,0,-0.03916071
0.05526000,10.00000000,4.00000000,4.03634562,1.75336348,0.39770292,0,-0.03634562
0.05528000,10.00000000,4.00000000,4.03328210,1.73024163,0.39776168,0,-0.03328210
0.05530000,10.00000000,4.00000000,4.02998763,1.70862700,0.39782402,0,-0.02998763
0.05532000,10.00000000,4.00000000,4.02648077,1.68862263,0.39788965,0,-0.02648077
0.05534000,10.00000000,4.00000000,4.02278106,1.67032279,0.39795828,0,-0.02278106
0.05536000,10.00000000,4.00000000,4.01890895,1.65381251,0.39802958,0,-0.01890895
0.05538000,10.00000000,4.00000000,4.01488563,1.63916723,0.39810322,0,-0.01488563
0.05540000,10.00000000,4.00000000,4.01073298,1.62645244,0.39817885,0,-0.01073298
0.05542000,10.00000000,4.00000000,4.00647343,1.61572338,0.39825613,0,-0.00647343
0.05544000,10.00000000,4.00000000,4.00212983,1.60702483,0.39833469,0,-0.00212983
0.05546000,10.00000000,4.00000000,3.99772533,1.60039093,0.39837743,0,0.00227467
0.05548000,10.00000000,4.00000000,3.99328248,1.59569817,0.39838574,0,0.00671752
0.05550000,10.00000000,4.00000000,3.98882230,1.59281995,0.39839420,0,0.01117770
0.05552000,10.00000000,4.00000000,3.98436502,1.59175972,0.39840291,0,0.01563498
0.05554000,10.00000000,4.00000000,3.97993076,1.59251329,0.39841186,0,0.02006924
0.05556000,10.00000000,4.00000000,3.97553942,1.59506845,0.39842107,0,0.02446058
0.05558000,10.00000000,4.00000000,3.97121062,1.59940512,0.39843053,0,0.02878938
0.05560000,10.00000000,4.00000000,3.96696360,1.60549544,0.39845913,0,0.03303640
0.05562000,10.00000000,4.00000000,3.96281759,1.61337940,0.39854722,0,0.03718241
0.05564000,10.00000000,4.00000000,3.95879296,1.62325058,0.39863575,0,0.04120704
0.05566000,10.00000000,4.00000000,3.95491080,1.63505790,0.39872429,0,0.04508920
0.05568000,10.00000000,4.00000000,3.95119143,1.64874039,0.39881246,0,0.04880857
0.05570000,10.00000000,4.00000000,3.94765435,1.66422745,0.39889982,0,0.05234565
0.05572000,10.00000000,4.00000000,3.94431810,1.68143925,0.39898599,0,0.05568190
0.05574000,10.00000000,4.00000000,3.94120021,1.70028711,0.39907056,0,0.05879979
0.05576000,10.00000000,4.00000000,3.93831704,1.72067400,0.39915314,0,0.06168296
0.05578000,10.00000000,4.00000000,3.93568379,1.74249496,0.39923335,0,0.06431621
0.05580000,10.00000000,4.00000000,3.93331433,1.76563775,0.39931082,0,0.06668567
0.05582000,10.00000000,4.00000000,3.93122121,1.78998330,0.39938518,0,0.06877879
0.05584000,10.00000000,4.00000000,3.92941552,1.81540642,0.39945610,0,0.07058448
0.05586000,10.00000000,4.00000000,3.92790688,1.84177637,0.39952325,0,0.07209312
0.05588000,10.00000000,4.00000000,3.92670341,1.86895759,0.39958631,0,0.07329659
0.05590000,10.00000000,4.00000000,3.92581161,1.89681031,0.39964501,0,0.07418839
0.05592000,10.00000000,4.00000000,3.92523642,1.92519136,0.39969907,0,0.07476358
0.05594000,10.00000000,4.00000000,3.92498113,1.95395481,0.39974824,0,0.07501887
0.05596000,10.00000000,4.00000000,3.92504738,1.98295278,0.39978424,0,0.07495262
0.05598000,10.00000000,4.00000000,3.92543498,2.01200394,0.39978392,0,0.07456502
0.05600000,10.00000000,4.00000000,3.92614122,2.04083492,0.39977850,0,0.07385878
0.05602000,10.00000000,4.00000000,3.92716109,2.06929879,0.39976814,0,0.07283891
0.05604000,10.00000000,4.00000000,3.92848798,2.09725163,0.39975295,0,0.07151202
0.05606000,10.00000000,4.00000000,3.93011374,2.12455290,0.39973306,0,0.06988626
0.05608000,10.00000000,4.00000000,3.93202873,2.15106612,0.39970863,0,0.06797127
0.05610000,10.00000000,4.00000000,3.93422189,2.17665957,0.39967981,0,0.06577811
0.05612000,10.00000000,4.00000000,3.93668079,2.20120692,0.39964682,0,0.06331921
0.05614000,10.00000000,4.00000000,3.93939167,2.22458786,0.39960985,0,0.06060833
0.05616000,10.00000000,4.00000000,3.94233960,2.24668865,0.39956914,0,0.05766040
0.05618000,10.00000000,4.00000000,3.94550847,2.26740269,0.39952495,0,0.05449153
0.05620000,10.00000000,4.00000000,3.94888113,2.28663106,0.39947753,0,0.05111887
0.05622000,10.00000000,4.00000000,3.95243950,2.30428292,0.39942716,0,0.04756050
0.05624000,10.00000000,4.00000000,3.95616460,2.32027598,0.39937415,0,0.04383540
0.05626000,10.00000000,4.00000000,3.96003672,2.33453687,0.39931879,0,0.03996328
0.05628000,10.00000000,4.00000000,3.96403549,2.34700148,0.39926141,0,0.03596451
0.05630000,10.00000000,4.00000000,3.96813999,2.35761521,0.39920234,0,0.03186001
0.05632000,10.00000000,4.00000000,3.97232887,2.36633324,0.39914191,0,0.02767113
0.05634000,10.00000000,4.00000000,3.97658047,2.37312072,0.39908045,0,0.02341953
0.05636000,10.00000000,4.00000000,3.98087289,2.37795286,0.39901833,0,0.01912711
0.05638000,10.00000000,4.00000000,3.98518415,2.38081504,0.39895589,0,0.01481585
0.05640000,10.00000000,4.00000000,3.98949229,2.38170284,0.39889348,0,0.01050771
0.05642000,10.00000000,4.00000000,3.99377548,2.38062200,0.39883144,0,0.00622452
0.05644000,10.00000000,4.00000000,3.99801211,2.37758834,0.39877014,0,0.00198789
0.05646000,10.00000000,4.00000000,4.00218095,2.37262767,0.39874512,0,-0.00218095
0.05648000,10.00000000,4.00000000,4.00626198,2.36591631,0.39875212,0,-0.00626198
0.05650000,10.00000000,4.00000000,4.01023723,2.35762115,0.39875889,0,-0.01023723
0.05652000,10.00000000,4.00000000,4.01408995,2.34778693,0.39876534,0,-0.01408995
0.05654000,10.00000000,4.00000000,4.01780406,2.33646461,0.39877148,0,-0.01780406
0.05656000,10.00000000,4.00000000,4.02136415,2.32371150,0.39877731,0,-0.02136415
0.05658000,10.00000000,4.00000000,4.02475556,2.30959096,0.39878285,0,-0.02475556
0.05660000,10.00000000,4.00000000,4.02796445,2.29417207,0.39872584,0,-0.02796445
0.05662000,10.00000000,4.00000000,4.03097649,2.27728044,0.39865932,0,-0.03097649
0.05664000,10.00000000,4.00000000,4.03377666,2.25895977,0.39859450,0,-0.03377666
0.05666000,10.00000000,4.00000000,4.03635085,2.23930451,0.39853174,0,-0.03635085
0.05668000,10.00000000,4.00000000,4.03868605,2.21841594,0.39847139,0,-0.03868605
0.05670000,10.00000000,4.00000000,4.04077053,2.19640167,0.39841378,0,-0.04077053
0.05672000,10.00000000,4.00000000,4.04259383,2.17337506,0.39835923,0,-0.04259383
0.05674000,10.00000000,4.00000000,4.04414683,2.14945469,0.39830803,0,-0.04414683
0.05676000,10.00000000,4.00000000,4.04542181,2.12476370,0.39826048,0,-0.04542181
0.05678000,10.00000000,4.00000000,4.04641246,2.09942920,0.39821684,0,-0.04641246
0.05680000,10.00000000,4.00000000,4.04711397,2.07358158,0.39817737,0,-0.04711397
0.05682000,10.00000000,4.00000000,4.04752296,2.04735389,0.39814230,0,-0.04752296
0.05684000,10.00000000,4.00000000,4.04763762,2.02088113,0.39811182,0,-0.04763762
0.05686000,10.00000000,4.00000000,4.04745760,1.99429957,0.39810797,0,-0.04745760
0.05688000,10.00000000,4.00000000,4.04698458,1.96783331,0.39812274,0,-0.04698458
0.05690000,10.00000000,4.00000000,4.04622251,1.94167332,0.39814207,0,-0.04622251
0.05692000,10.00000000,4.00000000,4.04517714,1.91595235,0.39816582,0,-0.04517714
0.05694000,10.00000000,4.00000000,4.04385561,1.89080001,0.39819388,0,-0.04385561
0.05696000,10.00000000,4.00000000,4.04226647,1.86634234,0.39822610,0,-0.04226647
0.05698000,10.00000000,4.00000000,4.04041956,1.84270113,0.39826235,0,-0.04041956
0.05700000,10.00000000,4.00000000,4.03832601,1.81999338,0.39830243,0,-0.03832601
0.05702000,10.00000000,4.00000000,4.03599817,1.79833067,0.39834616,0,-0.03599817
0.05704000,10.00000000,4.00000000,4.03344949,1.77781864,0.39839332,0,-0.03344949
0.05706000,10.00000000,4.00000000,4.03069451,1.75855651,0.39844370,0,-0.03069451
0.05708000,10.00000000,4.00000000,4.02774873,1.74063657,0.39849704,0,-0.02774873
0.05710000,10.00000000,4.00000000,4.02462856,1.72414376,0.39855309,0,-0.02462856
0.05712000,10.00000000,4.00000000,4.02135122,1.70915523,0.39861159,0,-0.02135122
0.05714000,10.00000000,4.00000000,4.01793463,1.69574008,0.39867224,0,-0.01793463
0.05716000,10.00000000,4.00000000,4.01439734,1.68395894,0.39873476,0,-0.01439734
0.05718000,10.00000000,4.00000000,4.01075842,1.67386376,0.39879884,0,-0.01075842
0.05720000,10.00000000,4.00000000,4.00703736,1.66549757,0.39886419,0,-0.00703736
0.05722000,10.00000000,4.00000000,4.00325397,1.65889431,0.39893047,0,-0.00325397
0.05724000,10.00000000,4.00000000,3.99942827,1.65407868,0.39898816,0,0.00057173
0.05726000,10.00000000,4.00000000,3.99558020,1.65102921,0.39899326,0,0.00441980
0.05728000,10.00000000,4.00000000,3.99172830,1.64954073,0.39899845,0,0.00827170
0.05730000,10.00000000,4.00000000,3.98788991,1.64961160,0.39900385,0,0.01211009
0.05732000,10.00000000,4.00000000,3.98408218,1.65123389,0.39900948,0,0.01591782
0.05734000,10.00000000,4.00000000,3.98032207,1.65439283,0.39901534,0,0.01967793
0.05736000,10.00000000,4.00000000,3.97662621,1.65906693,0.39902142,0,0.02337379
0.05738000,10.00000000,4.00000000,3.97301089,1.66522814,0.39902773,0,0.02698911
0.05740000,10.00000000,4.00000000,3.96949196,1.67284196,0.39909998,0,0.03050804
0.05742000,10.00000000,4.00000000,3.96608622,1.68213031,0.39917444,0,0.03391378
0.05744000,10.00000000,4.00000000,3.96281137,1.69305320,0.39924875,0,0.03718863
0.05746000,10.00000000,4.00000000,3.95968451,1.70555424,0.39932256,0,0.04031549
0.05748000,10.00000000,4.00000000,3.95672194,1.71956894,0.39939552,0,0.04327806
0.05750000,10.00000000,4.00000000,3.95393912,1.73502504,0.39946728,0,0.04606088
0.05752000,10.00000000,4.00000000,3.95135061,1.75184290,0.39953749,0,0.04864939
0.05754000,10.00000000,4.00000000,3.94896993,1.76993590,0.39960584,0,0.05103007
0.05756000,10.00000000,4.00000000,3.94680955,1.78921088,0.39967198,0,0.05319045
0.05758000,10.00000000,4.00000000,3.94488080,1.80956864,0.39973562,0,0.05511920
0.05760000,10.00000000,4.00000000,3.94319382,1.83090440,0.39979644,0,0.05680618
0.05762000,10.00000000,4.00000000,3.94175751,1.85310838,0.39985416,0,0.05824249
0.05764000,10.00000000,4.00000000,3.94057945,1.87606635,0.39990851,0,0.05942055
0.05766000,10.00000000,4.00000000,3.93966592,1.89966021,0.39995922,0,0.06033408
0.05768000,10.00000000,4.00000000,3.93902184,1.92376860,0.40000607,0,0.06097816
0.05770000,10.00000000,4.00000000,3.93865071,1.94826749,0.40004882,0,0.06134929
0.05772000,10.00000000,4.00000000,3.93855467,1.97303087,0.40008727,0,0.06144533
0.05774000,10.00000000,4.00000000,3.93873441,1.99793133,0.40009943,0,0.06126559
0.05776000,10.00000000,4.00000000,3.93918872,2.02275353,0.40009546,0,0.06081128
0.05778000,10.00000000,4.00000000,3.93991426,2.04732373,0.40008718,0,0.06008574
0.05780000,10.00000000,4.00000000,3.94090603,2.07151716,0.40007470,0,0.05909397
0.05782000,10.00000000,4.00000000,3.94215770,2.09521177,0.40005813,0,0.05784230
0.05784000,10.00000000,4.00000000,3.94366166,2.11828870,0.40003759,0,0.05633834
0.05786000,10.00000000,4.00000000,3.94540900,2.14063289,0.40001322,0,0.05459100
0.05788000,10.00000000,4.00000000,3.94738966,2.16213364,0.39998518,0,0.05261034
0.05790000,10.00000000,4.00000000,3.94959240,2.18268515,0.39995364,0,0.05040760
0.05792000,10.00000000,4.00000000,3.95200490,2.20218701,0.39991879,0,0.04799510
0.05794000,10.00000000,4.00000000,3.95461386,2.22054474,0.39988085,0,0.04538614
0.05796000,10.00000000,4.00000000,3.95740500,2.23767020,0.39984004,0,0.04259500
0.05798000,10.00000000,4.00000000,3.96036322,2.25348200,0.39979658,0,0.03963678
0.05800000,10.00000000,4.00000000,3.96347260,2.26790594,0.39975074,0,0.03652740
0.05802000,10.00000000,4.00000000,3.96671657,2.28087528,0.39970277,0,0.03328343
0.05804000,10.00000000,4.00000000,3.97007791,2.29233109,0.39965295,0,0.02992209
0.05806000,10.00000000,4.00000000,3.97353893,2.30222253,0.39960154,0,0.02646107
0.05808000,10.00000000,4.00000000,3.97708149,2.31050701,0.39954884,0,0.02291851
0.05810000,10.00000000,4.00000000,3.98068715,2.31715043,0.39949514,0,0.01931285
0.05812000,10.00000000,4.00000000,3.98433721,2.32212727,0.39944073,0,0.01566279
0.05814000,10.00000000,4.00000000,3.98801288,2.32542070,0.39938592,0,0.01198712
0.05816000,10.00000000,4.00000000,3.99169529,2.32702264,0.39933100,0,0.00830471
0.05818000,10.00000000,4.00000000,3.99536567,2.32693372,0.39927628,0,0.00463433
0.05820000,10.00000000,4.00000000,3.99900540,2.32516328,0.39922205,0,0.00099460
0.05822000,10.00000000,4.00000000,4.00259610,2.32172924,0.39921051,0,-0.00259610
0.05824000,10.00000000,4.00000000,4.00612068,2.31682546,0.39921496,0,-0.00612068
0.05826000,10.00000000,4.00000000,4.00956374,2.31054544,0.39921918,0,-0.00956374
0.05828000,10.00000000,4.00000000,4.01291067,2.30292382,0.39922314,0,-0.01291067
0.05830000,10.00000000,4.00000000,4.01614734,2.29400086,0.39922684,0,-0.01614734
0.05832000,10.00000000,4.00000000,4.01926021,2.28382235,0.39923029,0,-0.01926021
0.05834000,10.00000000,4.00000000,4.02223632,2.27243945,0.39923350,0,-0.02223632
0.05836000,10.00000000,4.00000000,4.02506339,2.25990834,0.39917476,0,-0.02506339
0.05838000,10.00000000,4.00000000,4.02772850,2.24604337,0.39911567,0,-0.02772850
0.05840000,10.00000000,4.00000000,4.03021812,2.23091066,0.39905790,0,-0.03021812
0.05842000,10.00000000,4.00000000,4.03251961,2.21458823,0.39900175,0,-0.03251961
0.05844000,10.00000000,4.00000000,4.03462128,2.19716022,0.39894753,0,-0.03462128
0.05846000,10.00000000,4.00000000,4.03651249,2.17871642,0.39889553,0,-0.03651249
0.05848000,10.00000000,4.00000000,4.03818367,2.15935184,0.39884603,0,-0.03818367
0.05850000,10.00000000,4.00000000,4.03962639,2.13916622,0.39879930,0,-0.03962639
0.05852000,10.00000000,4.00000000,4.04083339,2.11826348,0.39875558,0,-0.04083339
0.05854000,10.00000000,4.00000000,4.04179863,2.09675127,0.39871513,0,-0.04179863
0.05856000,10.00000000,4.00000000,4.04251730,2.07474033,0.39867817,0,-0.04251730
0.05858000,10.00000000,4.00000000,4.04298587,2.05234398,0.39864489,0,-0.04298587
0.05860000,10.00000000,4.00000000,4.04320210,2.02967751,0.39861549,0,-0.04320210
0.05862000,10.00000000,4.00000000,4.04316503,2.00685762,0.39859464,0,-0.04316503
0.05864000,10.00000000,4.00000000,4.04287513,1.98401975,0.39860413,0,-0.04287513
0.05866000,10.00000000,4.00000000,4.04233482,1.96138602,0.39861762,0,-0.04233482
0.05868000,10.00000000,4.00000000,4.04154839,1.93907176,0.39863497,0,-0.04154839
0.05870000,10.00000000,4.00000000,4.04052138,1.91718978,0.39865608,0,-0.04052138
0.05872000,10.00000000,4.00000000,4.03926053,1.89585006,0.39868085,0,-0.03926053
0.05874000,10.00000000,4.00000000,4.03777372,1.87515925,0.39870916,0,-0.03777372
0.05876000,10.00000000,4.00000000,4.03606998,1.85522007,0.39874085,0,-0.03606998
0.05878000,10.00000000,4.00000000,4.03415938,1.83613087,0.39877576,0,-0.03415938
0.05880000,10.00000000,4.00000000,4.03205301,1.81798512,0.39881374,0,-0.03205301
0.05882000,10.00000000,4.00000000,4.02976290,1.80087098,0.39885458,0,-0.02976290
0.05884000,10.00000000,4.00000000,4.02730197,1.78487084,0.39889807,0,-0.02730197
0.05886000,10.00000000,4.00000000,4.02468392,1.77006096,0.39894402,0,-0.02468392
0.05888000,10.00000000,4.00000000,4.02192322,1.75651111,0.39899218,0,-0.02192322
0.05890000,10.00000000,4.00000000,4.01903496,1.74428421,0.39904233,0,-0.01903496
0.05892000,10.00000000,4.00000000,4.01603483,1.73343611,0.39909421,0,-0.01603483
0.05894000,10.00000000,4.00000000,4.01293900,1.72401524,0.39914756,0,-0.01293900
0.05896000,10.00000000,4.00000000,4.00976405,1.71606252,0.39920213,0,-0.00976405
0.05898000,10.00000000,4.00000000,4.00652687,1.70961106,0.39925764,0,-0.00652687
0.05900000,10.00000000,4.00000000,4.00324459,1.70468613,0.39931383,0,-0.00324459
0.05902000,10.00000000,4.00000000,3.99993448,1.70130501,0.39936937,0,0.00006552
0.05904000,10.00000000,4.00000000,3.99661383,1.69947275,0.39937249,0,0.00338617
0.05906000,10.00000000,4.00000000,3.99329870,1.69898064,0.39937567,0,0.00670130
0.05908000,10.00000000,4.00000000,3.99000390,1.69982373,0.39937905,0,0.00999610
0.05910000,10.00000000,4.00000000,3.98674405,1.70199174,0.39938263,0,0.01325595
0.05912000,10.00000000,4.00000000,3.98353356,1.70546861,0.39938640,0,0.01646644
0.05914000,10.00000000,4.00000000,3.98038655,1.71023256,0.39939038,0,0.01961345
0.05916000,10.00000000,4.00000000,3.97731677,1.71625621,0.39939455,0,0.02268323
0.05918000,10.00000000,4.00000000,3.97433758,1.72350678,0.39945196,0,0.02566242
0.05920000,10.00000000,4.00000000,3.97146304,1.73215823,0.39951483,0,0.02853696
0.05922000,10.00000000,4.00000000,3.96870796,1.74218758,0.39957743,0,0.03129204
0.05924000,10.00000000,4.00000000,3.96608669,1.75354307,0.39963945,0,0.03391331
0.05926000,10.00000000,4.00000000,3.96361284,1.76616611,0.39970060,0,0.03638716
0.05928000,10.00000000,4.00000000,3.96129929,1.77999163,0.39976057,0,0.03870071
0.05930000,10.00000000,4.00000000,3.95915809,1.79494838,0.39981908,0,0.04084191
0.05932000,10.00000000,4.00000000,3.95720039,1.81095930,0.39987585,0,0.04279961
0.05934000,10.00000000,4.00000000,3.95543640,1.82794194,0.39993059,0,0.04456360
0.05936000,10.00000000,4.00000000,3.95387533,1.84580886,0.39998305,0,0.04612467
0.05938000,10.00000000,4.00000000,3.95252536,1.86446808,0.40003297,0,0.04747464
0.05940000,10.00000000,4.00000000,3.95139355,1.88382354,0.40008011,0,0.04860645
0.05942000,10.00000000,4.00000000,3.95048587,1.90377564,0.40012424,0,0.04951413
0.05944000,10.00000000,4.00000000,3.94980712,1.92422169,0.40016515,0,0.05019288
0.05946000,10.00000000,4.00000000,3.94936092,1.94505647,0.40020264,0,0.05063908
0.05948000,10.00000000,4.00000000,3.94914970,1.96617276,0.40023653,0,0.05085030
0.05950000,10.00000000,4.00000000,3.94917466,1.98746189,0.40026363,0,0.05082534
0.05952000,10.00000000,4.00000000,3.94943575,2.00880218,0.40026121,0,0.05056425
0.05954000,10.00000000,4.00000000,3.94993104,2.02998143,0.40025502,0,0.05006896
0.05956000,10.00000000,4.00000000,3.95065686,2.05089155,0.40024520,0,0.04934314
0.05958000,10.00000000,4.00000000,3.95160834,2.07142672,0.40023181,0,0.04839166
0.05960000,10.00000000,4.00000000,3.95277952,2.09148359,0.40021496,0,0.04722048
0.05962000,10.00000000,4.00000000,3.95416332,2.11096180,0.40019476,0,0.04583668
0.05964000,10.00000000,4.00000000,3.95575161,2.12976450,0.40017133,0,0.04424839
0.05966000,10.00000000,4.00000000,3.95753524,2.14779881,0.40014484,0,0.04246476
0.05968000,10.00000000,4.00000000,3.95950414,2.16497628,0.40011542,0,0.04049586
0.05970000,10.00000000,4.00000000,3.96164731,2.18121329,0.40008326,0,0.03835269
0.05972000,10.00000000,4.00000000,3.96395293,2.19643150,0.40004855,0,0.03604707
0.05974000,10.00000000,4.00000000,3.96640840,2.21055821,0.40001147,0,0.03359160
0.05976000,10.00000000,4.00000000,3.96900042,2.22352666,0.39997225,0,0.03099958
0.05978000,10.00000000,4.00000000,3.97171507,2.23527641,0.39993109,0,0.02828493
0.05980000,10.00000000,4.00000000,3.97453784,2.24575356,0.39988824,0,0.02546216
0.05982000,10.00000000,4.00000000,3.97745379,2.25491104,0.39984392,0,0.02254621
0.05984000,10.00000000,4.00000000,3.98044754,2.26270876,0.39979837,0,0.01955246
0.05986000,10.00000000,4.00000000,3.98350340,2.26911386,0.39975185,0,0.01649660
0.05988000,10.00000000,4.00000000,3.98660546,2.27410077,0.39970461,0,0.01339454
0.05990000,10.00000000,4.00000000,3.98973763,2.27765133,0.39965691,0,0.01026237
0.05992000,10.00000000,4.00000000,3.99288377,2.27975488,0.39960900,0,0.00711623
0.05994000,10.00000000,4.00000000,3.99602775,2.28040823,0.39956114,0,0.00397225
0.05996000,10.00000000,4.00000000,3.99915352,2.27961565,0.39951359,0,0.00084648
0.05998000,10.00000000,4.00000000,4.00224523,2.27738885,0.39950282,0,-0.00224523
0.06000000,10.00000000,4.00000000,4.00528808,2.27389161,0.39950565,0,-0.00528808
0.06002000,10.00000000,4.00000000,4.00826867,2.26920059,0.39950831,0,-0.00826867
0.06004000,10.00000000,4.00000000,4.01117427,2.26334251,0.39951074,0,-0.01117427
0.06006000,10.00000000,4.00000000,4.01399254,2.25634900,0.39951296,0,-0.01399254
0.06008000,10.00000000,4.00000000,4.01671157,2.24825652,0.39951497,0,-0.01671157
0.06010000,10.00000000,4.00000000,4.01931997,2.23910624,0.39951679,0,-0.01931997
0.06012000,10.00000000,4.00000000,4.02180687,2.22894380,0.39946792,0,-0.02180687
0.06014000,10.00000000,4.00000000,4.02416088,2.21761730,0.39941589,0,-0.02416088
0.06016000,10.00000000,4.00000000,4.02637008,2.20516966,0.39936486,0,-0.02637008
0.06018000,10.00000000,4.00000000,4.02842320,2.19166507,0.39931510,0,-0.02842320
0.06020000,10.00000000,4.00000000,4.03030978,2.17717316,0.39926687,0,-0.03030978
0.06022000,10.00000000,4.00000000,4.03202020,2.16176861,0.39922042,0,-0.03202020
0.06024000,10.00000000,4.00000000,4.03354576,2.14553080,0.39917600,0,-0.03354576
0.06026000,10.00000000,4.00000000,4.03487873,2.12854338,0.39913385,0,-0.03487873
0.06028000,10.00000000,4.00000000,4.03601235,2.11089384,0.39909420,0,-0.03601235
0.06030000,10.00000000,4.00000000,4.03694087,2.09267307,0.39905725,0,-0.03694087
0.06032000,10.00000000,4.00000000,4.03765964,2.07397490,0.39902320,0,-0.03765964
0.06034000,10.00000000,4.00000000,4.03816505,2.05489562,0.39899225,0,-0.03816505
0.06036000,10.00000000,4.00000000,4.03845461,2.03553346,0.39896455,0,-0.03845461
0.06038000,10.00000000,4.00000000,4.03852693,2.01598813,0.39894027,0,-0.03852693
0.06040000,10.00000000,4.00000000,4.03838174,1.99636025,0.39893713,0,-0.03838174
0.06042000,10.00000000,4.00000000,4.03802029,1.97682121,0.39894626,0,-0.03802029
0.06044000,10.00000000,4.00000000,4.03744550,1.95750603,0.39895876,0,-0.03744550
0.06046000,10.00000000,4.00000000,4.03666159,1.93851276,0.39897454,0,-0.03666159
0.06048000,10.00000000,4.00000000,4.03567381,1.91993715,0.39899353,0,-0.03567381
0.06050000,10.00000000,4.00000000,4.03448844,1.90187233,0.39901561,0,-0.03448844
0.06052000,10.00000000,4.00000000,4.03311273,1.88440832,0.39904067,0,-0.03311273
0.06054000,10.00000000,4.00000000,4.03155489,1.86763154,0.39906858,0,-0.03155489
0.06056000,10.00000000,4.00000000,4.02982398,1.85162449,0.39909920,0,-0.02982398
0.06058000,10.00000000,4.00000000,4.02792994,1.83646524,0.39913237,0,-0.02792994
0.06060000,10.00000000,4.00000000,4.02588348,1.82222712,0.39916791,0,-0.02588348
0.06062000,10.00000000,4.00000000,4.02369603,1.80897837,0.39920566,0,-0.02369603
0.06064000,10.00000000,4.00000000,4.02137969,1.79678177,0.39924541,0,-0.02137969
0.06066000,10.00000000,4.00000000,4.01894714,1.78569439,0.39928697,0,-0.01894714
0.06068000,10.00000000,4.00000000,4.01641161,1.77576731,0.39933013,0,-0.01641161
0.06070000,10.00000000,4.00000000,4.01378679,1.76704539,0.39937466,0,-0.01378679
0.06072000,10.00000000,4.00000000,4.01108673,1.75956706,0.39942036,0,-0.01108673
0.06074000,10.00000000,4.00000000,4.00832583,1.75336418,0.39946698,0,-0.00832583
0.06076000,10.00000000,4.00000000,4.00551868,1.74846190,0.39951430,0,-0.00551868
0.06078000,10.00000000,4.00000000,4.00268007,1.74487853,0.39956207,0,-0.00268007
0.06080000,10.00000000,4.00000000,3.99982485,1.74262554,0.39960725,0,0.00017515
0.06082000,10.00000000,4.00000000,3.99696782,1.74169620,0.39960916,0,0.00303218
0.06084000,10.00000000,4.00000000,3.99412270,1.74191534,0.39961113,0,0.00587730
0.06086000,10.00000000,4.00000000,3.99130211,1.74327590,0.39961326,0,0.00869789
0.06088000,10.00000000,4.00000000,3.98851850,1.74576627,0.39961558,0,0.01148150
0.06090000,10.00000000,4.00000000,3.98578409,1.74936990,0.39961806,0,0.01421591
0.06092000,10.00000000,4.00000000,3.98311084,1.75406539,0.39962072,0,0.01688916
0.06094000,10.00000000,4.00000000,3.98051037,1.75982663,0.39962354,0,0.01948963
0.06096000,10.00000000,4.00000000,3.97799391,1.76662293,0.39967665,0,0.02200609
0.06098000,10.00000000,4.00000000,3.97557339,1.77461949,0.39972988,0,0.02442661
0.06100000,10.00000000,4.00000000,3.97326135,1.78377589,0.39978276,0,0.02673865
0.06102000,10.00000000,4.00000000,3.97106979,1.79404489,0.39983501,0,0.02893021
0.06104000,10.00000000,4.00000000,3.96901009,1.80537352,0.39988638,0,0.03098991
0.06106000,10.00000000,4.00000000,3.96709292,1.81770336,0.39993663,0,0.03290708
0.06108000,10.00000000,4.00000000,3.96532825,1.83097087,0.39998550,0,0.03467175
0.06110000,10.00000000,4.00000000,3.96372524,1.84510769,0.40003275,0,0.03627476
0.06112000,10.00000000,4.00000000,3.96229224,1.86004100,0.40007816,0,0.03770776
0.06114000,10.00000000,4.00000000,3.96103669,1.87569388,0.40012150,0,0.03896331
0.06116000,10.00000000,4.00000000,3.95996515,1.89198575,0.40016256,0,0.04003485
0.06118000,10.00000000,4.00000000,3.95908321,1.90883270,0.40020113,0,0.04091679
0.06120000,10.00000000,4.00000000,3.95839550,1.92614800,0.40023703,0,0.04160450
0.06122000,10.00000000,4.00000000,3.95790564,1.94384252,0.40027007,0,0.04209436
0.06124000,10.00000000,4.00000000,3.95761621,1.96182517,0.40030011,0,0.04238379
0.06126000,10.00000000,4.00000000,3.95752881,1.98000335,0.40032699,0,0.04247119
0.06128000,10.00000000,4.00000000,3.95764395,1.99828351,0.40033662,0,0.04235605
0.06130000,10.00000000,4.00000000,3.95796081,2.01651573,0.40033237,0,0.04203919
0.06132000,10.00000000,4.00000000,3.95847699,2.03456422,0.40032493,0,0.04152301
0.06134000,10.00000000,4.00000000,3.95918883,2.05233722,0.40031440,0,0.04081117
0.06136000,10.00000000,4.00000000,3.96009171,2.06974500,0.40030086,0,0.03990829
0.06138000,10.00000000,4.00000000,3.96118002,2.08670015,0.40028439,0,0.03881998
0.06140000,10.00000000,4.00000000,3.96244727,2.10311809,0.40026510,0,0.03755273
0.06142000,10.00000000,4.00000000,3.96388604,2.11891740,0.40024311,0,0.03611396
0.06144000,10.00000000,4.00000000,3.96548810,2.13402030,0.40021854,0,0.03451190
0.06146000,10.00000000,4.00000000,3.96724441,2.14835295,0.40019155,0,0.03275559
0.06148000,10.00000000,4.00000000,3.96914520,2.16184589,0.40016229,0,0.03085480
0.06150000,10.00000000,4.00000000,3.97118000,2.17443430,0.40013092,0,0.02882000
0.06152000,10.00000000,4.00000000,3.97333771,2.18605835,0.40009762,0,0.02666229
0.06154000,10.00000000,4.00000000,3.97560665,2.19666347,0.40006257,0,0.02439335
0.06156000,10.00000000,4.00000000,3.97797464,2.20620060,0.40002597,0,0.02202536
0.06158000,10.00000000,4.00000000,3.98042906,2.21462642,0.39998802,0,0.01957094
0.06160000,10.00000000,4.00000000,3.98295690,2.22190353,0.39994892,0,0.01704310
0.06162000,10.00000000,4.00000000,3.98554485,2.22800063,0.39990888,0,0.01445515
0.06164000,10.00000000,4.00000000,3.98817935,2.23289265,0.39986813,0,0.01182065
0.06166000,10.00000000,4.00000000,3.99084668,2.23656081,0.39982687,0,0.00915332
0.06168000,10.00000000,4.00000000,3.99353304,2.23899274,0.39978533,0,0.00646696
0.06170000,10.00000000,4.00000000,3.99622457,2.24018249,0.39974373,0,0.00377543
0.06172000,10.00000000,4.00000000,3.99890748,2.24013050,0.39970230,0,0.00109252
0.06174000,10.00000000,4.00000000,4.00156810,2.23884362,0.39968653,0,-0.00156810
0.06176000,10.00000000,4.00000000,4.00419349,2.23643605,0.39968835,0,-0.00419349
0.06178000,10.00000000,4.00000000,4.00677191,2.23299464,0.39969004,0,-0.00677191
0.06180000,10.00000000,4.00000000,4.00929227,2.22853986,0.39969155,0,-0.00929227
0.06182000,10.00000000,4.00000000,4.01174380,2.22309636,0.39969288,0,-0.01174380
0.06184000,10.00000000,4.00000000,4.01411608,2.21669308,0.39969403,0,-0.01411608
0.06186000,10.00000000,4.00000000,4.01639910,2.20936302,0.39969501,0,-0.01639910
0.06188000,10.00000000,4.00000000,4.01858328,2.20114314,0.39966057,0,-0.01858328
0.06190000,10.00000000,4.00000000,4.02065874,2.19193324,0.39961506,0,-0.02065874
0.06192000,10.00000000,4.00000000,4.02261514,2.18173455,0.39957028,0,-0.02261514
0.06194000,10.00000000,4.00000000,4.02444245,2.17059970,0.39952648,0,-0.02444245
0.06196000,10.00000000,4.00000000,4.02613133,2.15858610,0.39948388,0,-0.02613133
0.06198000,10.00000000,4.00000000,4.02767317,2.14575567,0.39944270,0,-0.02767317
0.06200000,10.00000000,4.00000000,4.02906007,2.13217455,0.39940317,0,-0.02906007
0.06202000,10.00000000,4.00000000,4.03028497,2.11791271,0.39936549,0,-0.03028497
0.06204000,10.00000000,4.00000000,4.03134164,2.10304363,0.39932985,0,-0.03134164
0.06206000,10.00000000,4.00000000,4.03222468,2.08764391,0.39929645,0,-0.03222468
0.06208000,10.00000000,4.00000000,4.03292964,2.07179285,0.39926547,0,-0.03292964
0.06210000,10.00000000,4.00000000,4.03345293,2.05557210,0.39923706,0,-0.03345293
0.06212000,10.00000000,4.00000000,4.03379194,2.03906519,0.39921139,0,-0.03379194
0.06214000,10.00000000,4.00000000,4.03394499,2.02235714,0.39918858,0,-0.03394499
0.06216000,10.00000000,4.00000000,4.03391135,2.00553399,0.39917285,0,-0.03391135
0.06218000,10.00000000,4.00000000,4.03369136,1.98869866,0.39917871,0,-0.03369136
0.06220000,10.00000000,4.00000000,4.03328680,1.97201176,0.39918753,0,-0.03328680
0.06222000,10.00000000,4.00000000,4.03270081,1.95555838,0.39919921,0,-0.03270081
0.06224000,10.00000000,4.00000000,4.03193745,1.93942173,0.39921368,0,-0.03193745
0.06226000,10.00000000,4.00000000,4.03100167,1.92368296,0.39923086,0,-0.03100167
0.06228000,10.00000000,4.00000000,4.02989926,1.90842075,0.39925065,0,-0.02989926
0.06230000,10.00000000,4.00000000,4.02863685,1.89371093,0.39927296,0,-0.02863685
0.06232000,10.00000000,4.00000000,4.02722186,1.87962606,0.39929765,0,-0.02722186
0.06234000,10.00000000,4.00000000,4.02566243,1.86623515,0.39932461,0,-0.02566243
0.06236000,10.00000000,4.00000000,4.02396743,1.85360326,0.39935369,0,-0.02396743
0.06238000,10.00000000,4.00000000,4.02214635,1.84179122,0.39938473,0,-0.02214635
0.06240000,10.00000000,4.00000000,4.02020930,1.83085534,0.39941759,0,-0.02020930
0.06242000,10.00000000,4.00000000,4.01816691,1.82084713,0.39945208,0,-0.01816691
0.06244000,10.00000000,4.00000000,4.01603031,1.81181307,0.39948804,0,-0.01603031
0.06246000,10.00000000,4.00000000,4.01381104,1.80379441,0.39952528,0,-0.01381104
0.06248000,10.00000000,4.00000000,4.01152103,1.79682697,0.39956361,0,-0.01152103
0.06250000,10.00000000,4.00000000,4.00917248,1.79094095,0.39960283,0,-0.00917248
0.06252000,10.00000000,4.00000000,4.00677783,1.78616089,0.39964275,0,-0.00677783
0.06254000,10.00000000,4.00000000,4.00434971,1.78250548,0.39968317,0,-0.00434971
0.06256000,10.00000000,4.00000000,4.00190084,1.77998756,0.39972388,0,-0.00190084
0.06258000,10.00000000,4.00000000,3.99944398,1.77861405,0.39975571,0,0.00055602
0.06260000,10.00000000,4.00000000,3.99699167,1.77835012,0.39975687,0,0.00300833
0.06262000,10.00000000,4.00000000,3.99455547,1.77906890,0.39975810,0,0.00544453
0.06264000,10.00000000,4.00000000,3.99214615,1.78076207,0.39975949,0,0.00785385
0.06266000,10.00000000,4.00000000,3.98977429,1.78341735,0.39976102,0,0.01022571
0.06268000,10.00000000,4.00000000,3.98745025,1.78701828,0.39976270,0,0.01254975
0.06270000,10.00000000,4.00000000,3.98518414,1.79154429,0.39976453,0,0.01481586
0.06272000,10.00000000,4.00000000,3.98298575,1.79697084,0.39977493,0,0.01701425
0.06274000,10.00000000,4.00000000,3.98086472,1.80330320,0.39982026,0,0.01913528
0.06276000,10.00000000,4.00000000,3.97883125,1.81064815,0.39986541,0,0.02116875
0.06278000,10.00000000,4.00000000,3.97689587,1.81896779,0.39991013,0,0.02310413
0.06280000,10.00000000,4.00000000,3.97506860,1.82821918,0.39995421,0,0.02493140
0.06282000,10.00000000,4.00000000,3.97335892,1.83835460,0.39999744,0,0.02664108
0.06284000,10.00000000,4.00000000,3.97177566,1.84932180,0.40003959,0,0.02822434
0.06286000,10.00000000,4.00000000,3.97032705,1.86106425,0.40008047,0,0.02967295
0.06288000,10.00000000,4.00000000,3.96902059,1.87352144,0.40011985,0,0.03097941
0.06290000,10.00000000,4.00000000,3.96786306,1.88662919,0.40015756,0,0.03213694
0.06292000,10.00000000,4.00000000,3.96686047,1.90031997,0.40019340,0,0.03313953
0.06294000,10.00000000,4.00000000,3.96601803,1.91452327,0.40022719,0,0.03398197
0.06296000,10.00000000,4.00000000,3.96534014,1.92916595,0.40025877,0,0.03465986
0.06298000,10.00000000,4.00000000,3.96483032,1.94417259,0.40028798,0,0.03516968
0.06300000,10.00000000,4.00000000,3.96449126,1.95946593,0.40031468,0,0.03550874
0.06302000,10.00000000,4.00000000,3.96432475,1.97496720,0.40033872,0,0.03567525
0.06304000,10.00000000,4.00000000,3.96433170,1.99059658,0.40035916,0,0.03566830
0.06306000,10.00000000,4.00000000,3.96451210,2.00627024,0.40035656,0,0.03548790
0.06308000,10.00000000,4.00000000,3.96486458,2.02182685,0.40035118,0,0.03513542
0.06310000,10.00000000,4.00000000,3.96538645,2.03718697,0.40034312,0,0.03461355
0.06312000,10.00000000,4.00000000,3.96607417,2.05227279,0.40033244,0,0.03392583
0.06314000,10.00000000,4.00000000,3.96692335,2.06700834,0.40031920,0,0.03307665
0.06316000,10.00000000,4.00000000,3.96792880,2.08131984,0.40030350,0,0.03207120
0.06318000,10.00000000,4.00000000,3.96908457,2.09513609,0.40028544,0,0.03091543
0.06320000,10.00000000,4.00000000,3.97038395,2.10838879,0.40026510,0,0.02961605
0.06322000,10.00000000,4.00000000,3.97181955,2.12101291,0.40024263,0,0.02818045
0.06324000,10.00000000,4.00000000,3.97338328,2.13294698,0.40021814,0,0.02661672
0.06326000,10.00000000,4.00000000,3.97506649,2.14413340,0.40019177,0,0.02493351
0.06328000,10.00000000,4.00000000,3.97685992,2.15451871,0.40016367,0,0.02314008
0.06330000,10.00000000,4.00000000,3.97875381,2.16405382,0.40013400,0,0.02124619
0.06332000,10.00000000,4.00000000,3.98073793,2.17269428,0.40010291,0,0.01926207
0.06334000,10.00000000,4.00000000,3.98280164,2.18040048,0.40007058,0,0.01719836
0.06336000,10.00000000,4.00000000,3.98493396,2.18713778,0.40003718,0,0.01506604
0.06338000,10.00000000,4.00000000,3.98712361,2.19287672,0.40000290,0,0.01287639
0.06340000,10.00000000,4.00000000,3.98935906,2.19759311,0.39996791,0,0.01064094
0.06342000,10.00000000,4.00000000,3.99162862,2.20126814,0.39993240,0,0.00837138
0.06344000,10.00000000,4.00000000,3.99392049,2.20388845,0.39989656,0,0.00607951
0.06346000,10.00000000,4.00000000,3.99622280,2.20544617,0.39986058,0,0.00377720
0.06348000,10.00000000,4.00000000,3.99852372,2.20593893,0.39982465,0,0.00147628
0.06350000,10.00000000,4.00000000,4.00081145,2.20536986,0.39980204,0,-0.00081145
0.06352000,10.00000000,4.00000000,4.00307464,2.20379978,0.39980322,0,-0.00307464
0.06354000,10.00000000,4.00000000,4.00530293,2.20133583,0.39980432,0,-0.00530293
0.06356000,10.00000000,4.00000000,4.00748669,2.19799353,0.39980526,0,-0.00748669
0.06358000,10.00000000,4.00000000,4.00961653,2.19379197,0.39980605,0,-0.00961653
0.06360000,10.00000000,4.00000000,4.01168335,2.18875396,0.39980670,0,-0.01168335
0.06362000,10.00000000,4.00000000,4.01367838,2.18290588,0.39980720,0,-0.01367838
0.06364000,10.00000000,4.00000000,4.01559320,2.17627757,0.39978783,0,-0.01559320
0.06366000,10.00000000,4.00000000,4.01741936,2.16882327,0.39974821,0,-0.01741936
0.06368000,10.00000000,4.00000000,4.01914795,2.16049923,0.39970912,0,-0.01914795
0.06370000,10.00000000,4.00000000,4.02077010,2.15134841,0.39967077,0,-0.02077010
0.06372000,10.00000000,4.00000000,4.02227751,2.14141801,0.39963335,0,-0.02227751
0.06374000,10.00000000,4.00000000,4.02366245,2.13075923,0.39959707,0,-0.02366245
0.06376000,10.00000000,4.00000000,4.02491783,2.11942701,0.39956210,0,-0.02491783
0.06378000,10.00000000,4.00000000,4.02603723,2.10747976,0.39952863,0,-0.02603723
0.06380000,10.00000000,4.00000000,4.02701493,2.09497905,0.39949684,0,-0.02701493
0.06382000,10.00000000,4.00000000,4.02784593,2.08198928,0.39946689,0,-0.02784593
0.06384000,10.00000000,4.00000000,4.02852601,2.06857737,0.39943894,0,-0.02852601
0.06386000,10.00000000,4.00000000,4.02905169,2.05481241,0.39941314,0,-0.02905169
0.06388000,10.00000000,4.00000000,4.02942032,2.04076531,0.39938962,0,-0.02942032
0.06390000,10.00000000,4.00000000,4.02963004,2.02650842,0.39936851,0,-0.02963004
0.06392000,10.00000000,4.00000000,4.02967981,2.01211517,0.39934993,0,-0.02967981
0.06394000,10.00000000,4.00000000,4.02956942,1.99765970,0.39934732,0,-0.02956942
0.06396000,10.00000000,4.00000000,4.02929977,1.98326987,0.39935333,0,-0.02929977
0.06398000,10.00000000,4.00000000,4.02887302,1.96904344,0.39936184,0,-0.02887302
0.06400000,10.00000000,4.00000000,4.02829226,1.95505266,0.39937277,0,-0.02829226
0.06402000,10.00000000,4.00000000,4.02756133,1.94136809,0.39938607,0,-0.02756133
0.06404000,10.00000000,4.00000000,4.02668485,1.92805838,0.39940166,0,-0.02668485
0.06406000,10.00000000,4.00000000,4.02566814,1.91518987,0.39941946,0,-0.02566814
0.06408000,10.00000000,4.00000000,4.02451723,1.90282628,0.39943937,0,-0.02451723
0.06410000,10.00000000,4.00000000,4.02323879,1.89102841,0.39946127,0,-0.02323879
0.06412000,10.00000000,4.00000000,4.02184012,1.87985382,0.39948506,0,-0.02184012
0.06414000,10.00000000,4.00000000,4.02032910,1.86935660,0.39951060,0,-0.02032910
0.06416000,10.00000000,4.00000000,4.01871413,1.85958704,0.39953777,0,-0.01871413
0.06418000,10.00000000,4.00000000,4.01700412,1.85059146,0.39956642,0,-0.01700412
0.06420000,10.00000000,4.00000000,4.01520840,1.84241193,0.39959640,0,-0.01520840
0.06422000,10.00000000,4.00000000,4.01333671,1.83508615,0.39962756,0,-0.01333671
0.06424000,10.00000000,4.00000000,4.01139910,1.82864721,0.39965974,0,-0.01139910
0.06426000,10.00000000,4.00000000,4.00940594,1.82312349,0.39969277,0,-0.00940594
0.06428000,10.00000000,4.00000000,4.00736781,1.81853849,0.39972648,0,-0.00736781
0.06430000,10.00000000,4.00000000,4.00529546,1.81491080,0.39976070,0,-0.00529546
0.06432000,10.00000000,4.00000000,4.00319977,1.81225397,0.39979526,0,-0.00319977
0.06434000,10.00000000,4.00000000,4.00109168,1.81057650,0.39982999,0,-0.00109168
0.06436000,10.00000000,4.00000000,3.99898213,1.80988182,0.39984829,0,0.00101787
0.06438000,10.00000000,4.00000000,3.99688165,1.81010271,0.39984900,0,0.00311835
0.06440000,10.00000000,4.00000000,3.99479992,1.81116318,0.39984979,0,0.00520008
0.06442000,10.00000000,4.00000000,3.99274609,1.81305423,0.39985071,0,0.00725391
0.06444000,10.00000000,4.00000000,3.99072914,1.81576342,0.39985176,0,0.00927086
0.06446000,10.00000000,4.00000000,3.98875785,1.81927475,0.39985294,0,0.01124215
0.06448000,10.00000000,4.00000000,3.98684074,1.82356874,0.39985424,0,0.01315926
0.06450000,10.00000000,4.00000000,3.98498608,1.82862256,0.39987336,0,0.01501392
0.06452000,10.00000000,4.00000000,3.98320217,1.83448084,0.39991193,0,0.01679783
0.06454000,10.00000000,4.00000000,3.98149781,1.84119137,0.39995025,0,0.01850219
0.06456000,10.00000000,4.00000000,3.97988182,1.84871951,0.39998811,0,0.02011818
0.06458000,10.00000000,4.00000000,3.97836255,1.85702643,0.40002533,0,0.02163745
0.06460000,10.00000000,4.00000000,3.97694785,1.86606927,0.40006172,0,0.02305215
0.06462000,10.00000000,4.00000000,3.97564506,1.87580142,0.40009711,0,0.02435494
0.06464000,10.00000000,4.00000000,3.97446090,1.88617271,0.40013130,0,0.02553910
0.06466000,10.00000000,4.00000000,3.97340152,1.89712968,0.40016414,0,0.02659848
0.06468000,10.00000000,4.00000000,3.97247240,1.90861589,0.40019546,0,0.02752760
0.06470000,10.00000000,4.00000000,3.97167835,1.92057215,0.40022510,0,0.02832165
0.06472000,10.00000000,4.00000000,3.97102350,1.93293686,0.40025291,0,0.02897650
0.06474000,10.00000000,4.00000000,3.97051124,1.94564634,0.40027875,0,0.02948876
0.06476000,10.00000000,4.00000000,3.97014425,1.95863513,0.40030250,0,0.02985575
0.06478000,10.00000000,4.00000000,3.96992444,1.97183631,0.40032403,0,0.03007556
0.06480000,10.00000000,4.00000000,3.96985298,1.98518190,0.40034324,0,0.03014702
0.06482000,10.00000000,4.00000000,3.96993026,1.99860316,0.40035067,0,0.03006974
0.06484000,10.00000000,4.00000000,3.97015571,2.01199358,0.40034703,0,0.02984429
0.06486000,10.00000000,4.00000000,3.97052759,2.02524989,0.40034105,0,0.02947241
0.06488000,10.00000000,4.00000000,3.97104323,2.03830464,0.40033278,0,0.02895677
0.06490000,10.00000000,4.00000000,3.97169924,2.05109189,0.40032230,0,0.02830076
0.06492000,10.00000000,4.00000000,3.97249150,2.06354741,0.40030966,0,0.02750850
0.06494000,10.00000000,4.00000000,3.97341526,2.07560900,0.40029495,0,0.02658474
0.06496000,10.00000000,4.00000000,3.97446507,2.08721685,0.40027825,0,0.02553493
0.06498000,10.00000000,4.00000000,3.97563489,2.09831376,0.40025966,0,0.02436511
0.06500000,10.00000000,4.00000000,3.97691810,2.10884548,0.40023929,0,0.02308190
0.06502000,10.00000000,4.00000000,3.97830751,2.11876094,0.40021725,0,0.02169249
0.06504000,10.00000000,4.00000000,3.97979545,2.12801250,0.40019366,0,0.02020455
0.06506000,10.00000000,4.00000000,3.98137377,2.13655618,0.40016866,0,0.01862623
0.06508000,10.00000000,4.00000000,3.98303388,2.14435186,0.40014238,0,0.01696612
0.06510000,10.00000000,4.00000000,3.98476686,2.15136349,0.40011496,0,0.01523314
0.06512000,10.00000000,4.00000000,3.98656343,2.15755922,0.40008655,0,0.01343657
0.06514000,10.00000000,4.00000000,3.98841404,2.16291156,0.40005730,0,0.01158596
0.06516000,10.00000000,4.00000000,3.99030891,2.16739750,0.40002738,0,0.00969109
0.06518000,10.00000000,4.00000000,3.99223810,2.17099859,0.39999693,0,0.00776190
0.06520000,10.00000000,4.00000000,3.99419152,2.17370104,0.39996613,0,0.00580848
0.06522000,10.00000000,4.00000000,3.99615904,2.17549574,0.39993512,0,0.00384096
0.06524000,10.00000000,4.00000000,3.99813049,2.17637830,0.39990409,0,0.00186951
0.06526000,10.00000000,4.00000000,4.00009574,2.17634902,0.39987472,0,-0.00009574
0.06528000,10.00000000,4.00000000,4.00204477,2.17541909,0.39987550,0,-0.00204477
0.06530000,10.00000000,4.00000000,4.00396841,2.17371747,0.39987623,0,-0.00396841
0.06532000,10.00000000,4.00000000,4.00585832,2.17125580,0.39987684,0,-0.00585832
0.06534000,10.00000000,4.00000000,4.00770632,2.16804870,0.39987732,0,-0.00770632
0.06536000,10.00000000,4.00000000,4.00950451,2.16411402,0.39987767,0,-0.00950451
0.06538000,10.00000000,4.00000000,4.01124519,2.15947274,0.39987791,0,-0.01124519
0.06540000,10.00000000,4.00000000,4.01292099,2.15414885,0.39987237,0,-0.01292099
0.06542000,10.00000000,4.00000000,4.01452473,2.14814667,0.39983802,0,-0.01452473
0.06544000,10.00000000,4.00000000,4.01604882,2.14138124,0.39980403,0,-0.01604882
0.06546000,10.00000000,4.00000000,4.01748543,2.13388749,0.39977060,0,-0.01748543
0.06548000,10.00000000,4.00000000,4.01882719,2.12570407,0.39973788,0,-0.01882719
0.06550000,10.00000000,4.00000000,4.02006721,2.11687319,0.39970604,0,-0.02006721
0.06552000,10.00000000,4.00000000,4.02119913,2.10744039,0.39967526,0,-0.02119913
0.06554000,10.00000000,4.00000000,4.02221716,2.09745428,0.39964569,0,-0.02221716
0.06556000,10.00000000,4.00000000,4.02311607,2.08696635,0.39961748,0,-0.02311607
0.06558000,10.00000000,4.00000000,4.02389126,2.07603063,0.39959079,0,-0.02389126
0.06560000,10.00000000,4.00000000,4.02453877,2.06470348,0.39956575,0,-0.02453877
0.06562000,10.00000000,4.00000000,4.02505529,2.05304325,0.39954249,0,-0.02505529
0.06564000,10.00000000,4.00000000,4.02543818,2.04111002,0.39952113,0,-0.02543818
0.06566000,10.00000000,4.00000000,4.02568551,2.02896528,0.39950179,0,-0.02568551
0.06568000,10.00000000,4.00000000,4.02579602,2.01667157,0.39948457,0,-0.02579602
0.06570000,10.00000000,4.00000000,4.02576917,2.00429224,0.39947281,0,-0.02576917
0.06572000,10.00000000,4.00000000,4.02560521,1.99190403,0.39947667,0,-0.02560521
0.06574000,10.00000000,4.00000000,4.02530544,1.97962410,0.39948272,0,-0.02530544
0.06576000,10.00000000,4.00000000,4.02487217,1.96751506,0.39949088,0,-0.02487217
0.06578000,10.00000000,4.00000000,4.02430836,1.95563820,0.39950111,0,-0.02430836
0.06580000,10.00000000,4.00000000,4.02361765,1.94405326,0.39951333,0,-0.02361765
0.06582000,10.00000000,4.00000000,4.02280429,1.93281819,0.39952749,0,-0.02280429
0.06584000,10.00000000,4.00000000,4.02187316,1.92198881,0.39954350,0,-0.02187316
0.06586000,10.00000000,4.00000000,4.02082970,1.91161858,0.39956127,0,-0.02082970
0.06588000,10.00000000,4.00000000,4.01967991,1.90175831,0.39958071,0,-0.01967991
0.06590000,10.00000000,4.00000000,4.01843029,1.89245592,0.39960172,0,-0.01843029
0.06592000,10.00000000,4.00000000,4.01708782,1.88375621,0.39962418,0,-0.01708782
0.06594000,10.00000000,4.00000000,4.01565994,1.87570066,0.39964797,0,-0.01565994
0.06596000,10.00000000,4.00000000,4.01415446,1.86832722,0.39967297,0,-0.01415446
0.06598000,10.00000000,4.00000000,4.01257957,1.86167014,0.39969905,0,-0.01257957
0.06600000,10.00000000,4.00000000,4.01094376,1.85575979,0.39972607,0,-0.01094376
0.06602000,10.00000000,4.00000000,4.00925580,1.85062256,0.39975389,0,-0.00925580
0.06604000,10.00000000,4.00000000,4.00752466,1.84628075,0.39978237,0,-0.00752466
0.06606000,10.00000000,4.00000000,4.00575949,1.84275242,0.39981136,0,-0.00575949
0.06608000,10.00000000,4.00000000,4.00396960,1.84005137,0.39984071,0,-0.00396960
0.06610000,10.00000000,4.00000000,4.00216432,1.83818708,0.39987028,0,-0.00216432
0.06612000,10.00000000,4.00000000,4.00035305,1.83716468,0.39989991,0,-0.00035305
0.06614000,10.00000000,4.00000000,3.99854517,1.83698494,0.39990601,0,0.00145483
0.06616000,10.00000000,4.00000000,3.99674945,1.83755061,0.39990644,0,0.00325055
0.06618000,10.00000000,4.00000000,3.99497392,1.83883252,0.39990697,0,0.00502608
0.06620000,10.00000000,4.00000000,3.99322636,1.84082141,0.39990761,0,0.00677364
0.06622000,10.00000000,4.00000000,3.99151439,1.84350503,0.39990836,0,0.00848561
0.06624000,10.00000000,4.00000000,3.98984543,1.84686807,0.39990922,0,0.01015457
0.06626000,10.00000000,4.00000000,3.98822665,1.85089234,0.39991019,0,0.01177335
0.06628000,10.00000000,4.00000000,3.98666501,1.85555677,0.39993727,0,0.01333499
0.06630000,10.00000000,4.00000000,3.98516772,1.86094157,0.39997010,0,0.01483228
0.06632000,10.00000000,4.00000000,3.98374239,1.86704248,0.40000263,0,0.01625761
0.06634000,10.00000000,4.00000000,3.98239638,1.87382800,0.40003469,0,0.01760362
0.06636000,10.00000000,4.00000000,3.98113665,1.88126313,0.40006612,0,0.01886335
0.06638000,10.00000000,4.00000000,3.97996970,1.88930953,0.40009676,0,0.02003030
0.06640000,10.00000000,4.00000000,3.97890157,1.89792570,0.40012646,0,0.02109843
0.06642000,10.00000000,4.00000000,3.97793778,1.90706724,0.40015507,0,0.02206222
0.06644000,10.00000000,4.00000000,3.97708332,1.91668701,0.40018244,0,0.02291668
0.06646000,10.00000000,4.00000000,3.97634259,1.92673546,0.40020844,0,0.02365741
0.06648000,10.00000000,4.00000000,3.97571945,1.93716080,0.40023294,0,0.02428055
0.06650000,10.00000000,4.00000000,3.97521711,1.94790932,0.40025581,0,0.02478289
0.06652000,10.00000000,4.00000000,3.97483817,1.95892564,0.40027693,0,0.02516183
0.06654000,10.00000000,4.00000000,3.97458462,1.97015301,0.40029621,0,0.02541538
0.06656000,10.00000000,4.00000000,3.97445778,1.98153359,0.40031353,0,0.02554222
0.06658000,10.00000000,4.00000000,3.97445830,1.99300875,0.40032876,0,0.02554170
0.06660000,10.00000000,4.00000000,3.97458622,2.00451912,0.40032653,0,0.02541378
0.06662000,10.00000000,4.00000000,3.97484054,2.01594408,0.40032225,0,0.02515946
0.06664000,10.00000000,4.00000000,3.97521929,2.02722523,0.40031600,0,0.02478071
0.06666000,10.00000000,4.00000000,3.97571987,2.03830540,0.40030782,0,0.02428013
0.06668000,10.00000000,4.00000000,3.97633907,2.04912877,0.40029776,0,0.02366093
0.06670000,10.00000000,4.00000000,3.97707308,2.05964112,0.40028588,0,0.02292692
0.06672000,10.00000000,4.00000000,3.97791753,2.06979013,0.40027227,0,0.02208247
0.06674000,10.00000000,4.00000000,3.97886750,2.07952562,0.40025699,0,0.02113250
0.06676000,10.00000000,4.00000000,3.97991756,2.08879979,0.40024013,0,0.02008244
0.06678000,10.00000000,4.00000000,3.98106179,2.09756748,0.40022180,0,0.01893821
0.06680000,10.00000000,4.00000000,3.98229382,2.10578636,0.40020208,0,0.01770618
0.06682000,10.00000000,4.00000000,3.98360686,2.11341713,0.40018110,0,0.01639314
0.06684000,10.00000000,4.00000000,3.98499374,2.12042374,0.40015896,0,0.01500626
0.06686000,10.00000000,4.00000000,3.98644696,2.12677352,0.40013579,0,0.01355304
0.06688000,10.00000000,4.00000000,3.98795870,2.13243736,0.40011171,0,0.01204130
0.06690000,10.00000000,4.00000000,3.98952090,2.13738981,0.40008684,0,0.01047910
0.06692000,10.00000000,4.00000000,3.99112526,2.14160922,0.40006133,0,0.00887474
0.06694000,10.00000000,4.00000000,3.99276334,2.14507781,0.40003531,0,0.00723666
0.06696000,10.00000000,4.00000000,3.99442655,2.14778177,0.40000891,0,0.00557345
0.06698000,10.00000000,4.00000000,3.99610621,2.14971128,0.39998228,0,0.00389379
0.06700000,10.00000000,4.00000000,3.99779363,2.15086054,0.39995555,0,0.00220637
0.06702000,10.00000000,4.00000000,3.99948009,2.15122782,0.39992886,0,0.00051991
0.06704000,10.00000000,4.00000000,4.00115696,2.15081538,0.39992099,0,-0.00115696
0.06706000,10.00000000,4.00000000,4.00281608,2.14970402,0.39992148,0,-0.00281608
0.06708000,10.00000000,4.00000000,4.00445004,2.14793577,0.39992189,0,-0.00445004
0.06710000,10.00000000,4.00000000,4.00605176,2.14552177,0.39992218,0,-0.00605176
0.06712000,10.00000000,4.00000000,4.00761435,2.14247587,0.39992238,0,-0.00761435
0.06714000,10.00000000,4.00000000,4.00913110,2.13881465,0.39992246,0,-0.00913110
0.06716000,10.00000000,4.00000000,4.01059555,2.13455733,0.39992245,0,-0.01059555
0.06718000,10.00000000,4.00000000,4.01200151,2.12972567,0.39989898,0,-0.01200151
0.06720000,10.00000000,4.00000000,4.01334255,2.12425049,0.39986953,0,-0.01334255
0.06722000,10.00000000,4.00000000,4.01461193,2.11813520,0.39984047,0,-0.01461193
0.06724000,10.00000000,4.00000000,4.01580310,2.11141135,0.39981195,0,-0.01580310
0.06726000,10.00000000,4.00000000,4.01690996,2.10411363,0.39978412,0,-0.01690996
0.06728000,10.00000000,4.00000000,4.01792682,2.09627968,0.39975713,0,-0.01792682
0.06730000,10.00000000,4.00000000,4.01884846,2.08794989,0.39973111,0,-0.01884846
0.06732000,10.00000000,4.00000000,4.01967015,2.07916719,0.39970619,0,-0.01967015
0.06734000,10.00000000,4.00000000,4.02038767,2.06997686,0.39968251,0,-0.02038767
0.06736000,10.00000000,4.00000000,4.02099735,2.06042626,0.39966019,0,-0.02099735
0.06738000,10.00000000,4.00000000,4.02149606,2.05056461,0.39963935,0,-0.02149606
0.06740000,10.00000000,4.00000000,4.02188126,2.04044272,0.39962009,0,-0.02188126
0.06742000,10.00000000,4.00000000,4.02215097,2.03011276,0.39960251,0,-0.02215097
0.06744000,10.00000000,4.00000000,4.02230382,2.01962793,0.39958671,0,-0.02230382
0.06746000,10.00000000,4.00000000,4.02233905,2.00904227,0.39957277,0,-0.02233905
0.06748000,10.00000000,4.00000000,4.02225649,1.99841031,0.39957074,0,-0.02225649
0.06750000,10.00000000,4.00000000,4.02205681,1.98782673,0.39957489,0,-0.02205681
0.06752000,10.00000000,4.00000000,4.02174159,1.97736278,0.39958087,0,-0.02174159
0.06754000,10.00000000,4.00000000,4.02131308,1.96707161,0.39958865,0,-0.02131308
0.06756000,10.00000000,4.00000000,4.02077413,1.95700515,0.39959818,0,-0.02077413
0.06758000,10.00000000,4.00000000,4.02012811,1.94721390,0.39960939,0,-0.02012811
0.06760000,10.00000000,4.00000000,4.01937893,1.93774669,0.39962223,0,-0.01937893
0.06762000,10.00000000,4.00000000,4.01853103,1.92865042,0.39963663,0,-0.01853103
0.06764000,10.00000000,4.00000000,4.01758931,1.91996982,0.39965250,0,-0.01758931
0.06766000,10.00000000,4.00000000,4.01655912,1.91174726,0.39966975,0,-0.01655912
0.06768000,10.00000000,4.00000000,4.01544627,1.90402254,0.39968830,0,-0.01544627
0.06770000,10.00000000,4.00000000,4.01425693,1.89683267,0.39970805,0,-0.01425693
0.06772000,10.00000000,4.00000000,4.01299764,1.89021174,0.39972889,0,-0.01299764
0.06774000,10.00000000,4.00000000,4.01167526,1.88419073,0.39975071,0,-0.01167526
0.06776000,10.00000000,4.00000000,4.01029696,1.87879737,0.39977339,0,-0.01029696
0.06778000,10.00000000,4.00000000,4.00887013,1.87405602,0.39979682,0,-0.00887013
0.06780000,10.00000000,4.00000000,4.00740239,1.86998756,0.39982088,0,-0.00740239
0.06782000,10.00000000,4.00000000,4.00590152,1.86660932,0.39984544,0,-0.00590152
0.06784000,10.00000000,4.00000000,4.00437542,1.86393497,0.39987037,0,-0.00437542
0.06786000,10.00000000,4.00000000,4.00283210,1.86197451,0.39989555,0,-0.00283210
0.06788000,10.00000000,4.00000000,4.00127959,1.86073418,0.39992084,0,-0.00127959
0.06790000,10.00000000,4.00000000,3.99972595,1.86021654,0.39994171,0,0.00027405
0.06792000,10.00000000,4.00000000,3.99817909,1.86040273,0.39994195,0,0.00182091
0.06794000,10.00000000,4.00000000,3.99664628,1.86120604,0.39994223,0,0.00335372
0.06796000,10.00000000,4.00000000,3.99513426,1.86261964,0.39994260,0,0.00486574
0.06798000,10.00000000,4.00000000,3.99364963,1.86463429,0.39994307,0,0.00635037
0.06800000,10.00000000,4.00000000,3.99219882,1.86723811,0.39994363,0,0.00780118
0.06802000,10.00000000,4.00000000,3.99078810,1.87041670,0.39994429,0,0.00921190
0.06804000,10.00000000,4.00000000,3.98942353,1.87415315,0.39995052,0,0.01057647
0.06806000,10.00000000,4.00000000,3.98811105,1.87845015,0.39997865,0,0.01188895
0.06808000,10.00000000,4.00000000,3.98685694,1.88337321,0.40000659,0,0.01314306
0.06810000,10.00000000,4.00000000,3.98566769,1.88889692,0.40003420,0,0.01433231
0.06812000,10.00000000,4.00000000,3.98454943,1.89499277,0.40006134,0,0.01545057
0.06814000,10.00000000,4.00000000,3.98350793,1.90162931,0.40008787,0,0.01649207
0.06816000,10.00000000,4.00000000,3.98254858,1.90877233,0.40011367,0,0.01745142
0.06818000,10.00000000,4.00000000,3.98167632,1.91638500,0.40013858,0,0.01832368
0.06820000,10.00000000,4.00000000,3.98089567,1.92442805,0.40016250,0,0.01910433
0.06822000,10.00000000,4.00000000,3.98021066,1.93286005,0.40018530,0,0.01978934
0.06824000,10.00000000,4.00000000,3.97962482,1.94163752,0.40020687,0,0.02037518
0.06826000,10.00000000,4.00000000,3.97914119,1.95071525,0.40022709,0,0.02085881
0.06828000,10.00000000,4.00000000,3.97876226,1.96004644,0.40024586,0,0.02123774
0.06830000,10.00000000,4.00000000,3.97849001,1.96958302,0.40026310,0,0.02150999
0.06832000,10.00000000,4.00000000,3.97832584,1.97927585,0.40027870,0,0.02167416
0.06834000,10.00000000,4.00000000,3.97827060,1.98907500,0.40029259,0,0.02172940
0.06836000,10.00000000,4.00000000,3.97832460,1.99892997,0.40029818,0,0.02167540
0.06838000,10.00000000,4.00000000,3.97848742,2.00876388,0.40029530,0,0.02151258
0.06840000,10.00000000,4.00000000,3.97875780,2.01849959,0.40029069,0,0.02124220
0.06842000,10.00000000,4.00000000,3.97913377,2.02808752,0.40028441,0,0.02086623
0.06844000,10.00000000,4.00000000,3.97961285,2.03747922,0.40027649,0,0.02038715
0.06846000,10.00000000,4.00000000,3.98019202,2.04662751,0.40026700,0,0.01980798
0.06848000,10.00000000,4.00000000,3.98086778,2.05548669,0.40025597,0,0.01913222
0.06850000,10.00000000,4.00000000,3.98163615,2.06401280,0.40024349,0,0.01836385
0.06852000,10.00000000,4.00000000,3.98249269,2.07216383,0.40022961,0,0.01750731
0.06854000,10.00000000,4.00000000,3.98343252,2.07989992,0.40021442,0,0.01656748
0.06856000,10.00000000,4.00000000,3.98445039,2.08718354,0.40019801,0,0.01554961
0.06858000,10.00000000,4.00000000,3.98554065,2.09397969,0.40018047,0,0.01445935
0.06860000,10.00000000,4.00000000,3.98669731,2.10025608,0.40016188,0,0.01330269
0.06862000,10.00000000,4.00000000,3.98791408,2.10598322,0.40014236,0,0.01208592
0.06864000,10.00000000,4.00000000,3.98918440,2.11113464,0.40012201,0,0.01081560
0.06866000,10.00000000,4.00000000,3.99050146,2.11568693,0.40010093,0,0.00949854
0.06868000,10.00000000,4.00000000,3.99185824,2.11961990,0.40007924,0,0.00814176
0.06870000,10.00000000,4.00000000,3.99324757,2.12291666,0.40005705,0,0.00675243
0.06872000,10.00000000,4.00000000,3.99466213,2.12556365,0.40003449,0,0.00533787
0.06874000,10.00000000,4.00000000,3.99609453,2.12755076,0.40001167,0,0.00390547
0.06876000,10.00000000,4.00000000,3.99753733,2.12887128,0.39998870,0,0.00246267
0.06878000,10.00000000,4.00000000,3.99898305,2.12952199,0.39996572,0,0.00101695
0.06880000,10.00000000,4.00000000,4.00042425,2.12950314,0.39994966,0,-0.00042425
0.06882000,10.00000000,4.00000000,4.00185372,2.12884569,0.39995000,0,-0.00185372
0.06884000,10.00000000,4.00000000,4.00326483,2.12762126,0.39995029,0,-0.00326483
0.06886000,10.00000000,4.00000000,4.00465145,2.12583824,0.39995048,0,-0.00465145
0.06888000,10.00000000,4.00000000,4.00600758,2.12350724,0.39995059,0,-0.00600758
0.06890000,10.00000000,4.00000000,4.00732739,2.12064128,0.39995060,0,-0.00732739
0.06892000,10.00000000,4.00000000,4.00860523,2.11725568,0.39995053,0,-0.00860523
0.06894000,10.00000000,4.00000000,4.00983568,2.11336795,0.39994063,0,-0.00983568
0.06896000,10.00000000,4.00000000,4.01101333,2.10895883,0.39991518,0,-0.01101333
0.06898000,10.00000000,4.00000000,4.01213246,2.10398834,0.39989000,0,-0.01213246
0.06900000,10.00000000,4.00000000,4.01318732,2.09848214,0.39986522,0,-0.01318732
0.06902000,10.00000000,4.00000000,4.01417249,2.09246863,0.39984096,0,-0.01417249
0.06904000,10.00000000,4.00000000,4.01508290,2.08597884,0.39981737,0,-0.01508290
0.06906000,10.00000000,4.00000000,4.01591388,2.07904623,0.39979454,0,-0.01591388
0.06908000,10.00000000,4.00000000,4.01666114,2.07170654,0.39977261,0,-0.01666114
0.06910000,10.00000000,4.00000000,4.01732086,2.06399762,0.39975169,0,-0.01732086
0.06912000,10.00000000,4.00000000,4.01788965,2.05595920,0.39973188,0,-0.01788965
0.06914000,10.00000000,4.00000000,4.01836459,2.04763271,0.39971329,0,-0.01836459
0.06916000,10.00000000,4.00000000,4.01874324,2.03906107,0.39969601,0,-0.01874324
0.06918000,10.00000000,4.00000000,4.01902366,2.03028845,0.39968014,0,-0.01902366
0.06920000,10.00000000,4.00000000,4.01920443,2.02136004,0.39966575,0,-0.01920443
0.06922000,10.00000000,4.00000000,4.01928462,2.01232187,0.39965292,0,-0.01928462
0.06924000,10.00000000,4.00000000,4.01926383,2.00322050,0.39964423,0,-0.01926383
0.06926000,10.00000000,4.00000000,4.01914224,1.99411288,0.39964691,0,-0.01914224
0.06928000,10.00000000,4.00000000,4.01892081,1.98508459,0.39965119,0,-0.01892081
0.06930000,10.00000000,4.00000000,4.01860124,1.97618170,0.39965703,0,-0.01860124
0.06932000,10.00000000,4.00000000,4.01818569,1.96744927,0.39966439,0,-0.01818569
0.06934000,10.00000000,4.00000000,4.01767684,1.95893124,0.39967322,0,-0.01767684
0.06936000,10.00000000,4.00000000,4.01707783,1.95067024,0.39968348,0,-0.01707783
0.06938000,10.00000000,4.00000000,4.01639222,1.94270732,0.39969510,0,-0.01639222
0.06940000,10.00000000,4.00000000,4.01562401,1.93508179,0.39970802,0,-0.01562401
0.06942000,10.00000000,4.00000000,4.01477762,1.92783102,0.39972217,0,-0.01477762
0.06944000,10.00000000,4.00000000,4.01385782,1.92099025,0.39973747,0,-0.01385782
0.06946000,10.00000000,4.00000000,4.01286975,1.91459245,0.39975384,0,-0.01286975
0.06948000,10.00000000,4.00000000,4.01181887,1.90866811,0.39977120,0,-0.01181887
0.06950000,10.00000000,4.00000000,4.01071092,1.90324513,0.39978944,0,-0.01071092
0.06952000,10.00000000,4.00000000,4.00955193,1.89834870,0.39980847,0,-0.00955193
0.06954000,10.00000000,4.00000000,4.00834813,1.89400117,0.39982819,0,-0.00834813
0.06956000,10.00000000,4.00000000,4.00710597,1.89022194,0.39984850,0,-0.00710597
0.06958000,10.00000000,4.00000000,4.00583204,1.88702739,0.39986929,0,-0.00583204
0.06960000,10.00000000,4.00000000,4.00453308,1.88443082,0.39989046,0,-0.00453308
0.06962000,10.00000000,4.00000000,4.00321591,1.88244238,0.39991189,0,-0.00321591
0.06964000,10.00000000,4.00000000,4.00188741,1.88106903,0.39993348,0,-0.00188741
0.06966000,10.00000000,4.00000000,4.00055449,1.88031455,0.39995511,0,-0.00055449
0.06968000,10.00000000,4.00000000,3.99922403,1.88017950,0.39996418,0,0.00077597
0.06970000,10.00000000,4.00000000,3.99790258,1.88061131,0.39996433,0,0.00209742
0.06972000,10.00000000,4.00000000,3.99659617,1.88156946,0.39996453,0,0.00340383
0.06974000,10.00000000,4.00000000,3.99531050,1.88304701,0.39996481,0,0.00468950
0.06976000,10.00000000,4.00000000,3.99405117,1.88503487,0.39996517,0,0.00594883
0.06978000,10.00000000,4.00000000,3.99282361,1.88752174,0.39996561,0,0.00717639
0.06980000,10.00000000,4.00000000,3.99163312,1.89049417,0.39996613,0,0.00836688
0.06982000,10.00000000,4.00000000,3.99048478,1.89393660,0.39998121,0,0.00951522
0.06984000,10.00000000,4.00000000,3.98938380,1.89788940,0.40000520,0,0.01061620
0.06986000,10.00000000,4.00000000,3.98833564,1.90236817,0.40002897,0,0.01166436
0.06988000,10.00000000,4.00000000,3.98734574,1.90734979,0.40005239,0,0.01265426
0.06990000,10.00000000,4.00000000,3.98641918,1.91280857,0.40007535,0,0.01358082
0.06992000,10.00000000,4.00000000,3.98556075,1.91871635,0.40009774,0,0.01443925
0.06994000,10.00000000,4.00000000,3.98477489,1.92504265,0.40011943,0,0.01522511
0.06996000,10.00000000,4.00000000,3.98406565,1.93175486,0.40014031,0,0.01593435
0.06998000,10.00000000,4.00000000,3.98343669,1.93881837,0.40016029,0,0.01656331
0.07000000,10.00000000,4.00000000,3.98289126,1.94619678,0.40017926,0,0.01710874
0.07002000,10.00000000,4.00000000,3.98243217,1.95385204,0.40019712,0,0.01756783
0.07004000,10.00000000,4.00000000,3.98206179,1.96174471,0.40021378,0,0.01793821
0.07006000,10.00000000,4.00000000,3.98178205,1.96983412,0.40022916,0,0.01821795
0.07008000,10.00000000,4.00000000,3.98159438,1.97807857,0.40024318,0,0.01840562
0.07010000,10.00000000,4.00000000,3.98149976,1.98643558,0.40025577,0,0.01850024
0.07012000,10.00000000,4.00000000,3.98149868,1.99486209,0.40026686,0,0.01850132
0.07014000,10.00000000,4.00000000,3.98159116,2.00331467,0.40026522,0,0.01840884
0.07016000,10.00000000,4.00000000,3.98177647,2.01170510,0.40026194,0,0.01822353
0.07018000,10.00000000,4.00000000,3.98205317,2.01998996,0.40025721,0,0.01794683
0.07020000,10.00000000,4.00000000,3.98241935,2.02812726,0.40025106,0,0.01758065
0.07022000,10.00000000,4.00000000,3.98287266,2.03607597,0.40024353,0,0.01712734
0.07024000,10.00000000,4.00000000,3.98341029,2.04379627,0.40023467,0,0.01658971
0.07026000,10.00000000,4.00000000,3.98402903,2.05124973,0.40022452,0,0.01597097
0.07028000,10.00000000,4.00000000,3.98472528,2.05839948,0.40021316,0,0.01527472
0.07030000,10.00000000,4.00000000,3.98549504,2.06521043,0.40020063,0,0.01450496
0.07032000,10.00000000,4.00000000,3.98633397,2.07164938,0.40018702,0,0.01366603
0.07034000,10.00000000,4.00000000,3.98723738,2.07768526,0.40017240,0,0.01276262
0.07036000,10.00000000,4.00000000,3.98820029,2.08328920,0.40015684,0,0.01179971
0.07038000,10.00000000,4.00000000,3.98921745,2.08843473,0.40014044,0,0.01078255
0.07040000,10.00000000,4.00000000,3.99028332,2.09309786,0.40012328,0,0.00971668
0.07042000,10.00000000,4.00000000,3.99139218,2.09725722,0.40010545,0,0.00860782
0.07044000,10.00000000,4.00000000,3.99253810,2.10089411,0.40008706,0,0.00746190
0.07046000,10.00000000,4.00000000,3.99371499,2.10399266,0.40006819,0,0.00628501
0.07048000,10.00000000,4.00000000,3.99491665,2.10653981,0.40004895,0,0.00508335
0.07050000,10.00000000,4.00000000,3.99613677,2.10852542,0.40002943,0,0.00386323
0.07052000,10.00000000,4.00000000,3.99736898,2.10994230,0.40000975,0,0.00263102
0.07054000,10.00000000,4.00000000,3.99860688,2.11078620,0.39999000,0,0.00139312
0.07056000,10.00000000,4.00000000,3.99984410,2.11105586,0.39997028,0,0.00015590
0.07058000,10.00000000,4.00000000,4.00107427,2.11075296,0.39996800,0,-0.00107427
0.07060000,10.00000000,4.00000000,4.00229150,2.10995127,0.39996821,0,-0.00229150
0.07062000,10.00000000,4.00000000,4.00349042,2.10866701,0.39996835,0,-0.00349042
0.07064000,10.00000000,4.00000000,4.00466582,2.10690828,0.39996841,0,-0.00466582
0.07066000,10.00000000,4.00000000,4.00581265,2.10468518,0.39996839,0,-0.00581265
0.07068000,10.00000000,4.00000000,4.00692596,2.10200984,0.39996831,0,-0.00692596
0.07070000,10.00000000,4.00000000,4.00800102,2.09889631,0.39996815,0,-0.00800102
0.07072000,10.00000000,4.00000000,4.00903327,2.09536053,0.39994719,0,-0.00903327
0.07074000,10.00000000,4.00000000,4.01001790,2.09133739,0.39992542,0,-0.01001790
0.07076000,10.00000000,4.00000000,4.01094987,2.08684367,0.39990394,0,-0.01094987
0.07078000,10.00000000,4.00000000,4.01182439,2.08190256,0.39988285,0,-0.01182439
0.07080000,10.00000000,4.00000000,4.01263694,2.07653957,0.39986228,0,-0.01263694
0.07082000,10.00000000,4.00000000,4.01338337,2.07078234,0.39984232,0,-0.01338337
0.07084000,10.00000000,4.00000000,4.01405981,2.06466058,0.39982307,0,-0.01405981
0.07086000,10.00000000,4.00000000,4.01466281,2.05820584,0.39980464,0,-0.01466281
0.07088000,10.00000000,4.00000000,4.01518925,2.05145140,0.39978712,0,-0.01518925
0.07090000,10.00000000,4.00000000,4.01563644,2.04443208,0.39977061,0,-0.01563644
0.07092000,10.00000000,4.00000000,4.01600207,2.03718406,0.39975518,0,-0.01600207
0.07094000,10.00000000,4.00000000,4.01628428,2.02974470,0.39974092,0,-0.01628428
0.07096000,10.00000000,4.00000000,4.01648162,2.02215233,0.39972789,0,-0.01648162
0.07098000,10.00000000,4.00000000,4.01659307,2.01444609,0.39971618,0,-0.01659307
0.07100000,10.00000000,4.00000000,4.01661807,2.00666570,0.39970583,0,-0.01661807
0.07102000,10.00000000,4.00000000,4.01655651,1.99885123,0.39970435,0,-0.01655651
0.07104000,10.00000000,4.00000000,4.01640886,1.99107271,0.39970730,0,-0.01640886
0.07106000,10.00000000,4.00000000,4.01617631,1.98338205,0.39971160,0,-0.01617631
0.07108000,10.00000000,4.00000000,4.01586049,1.97581835,0.39971722,0,-0.01586049
0.07110000,10.00000000,4.00000000,4.01546351,1.96841977,0.39972413,0,-0.01546351
0.07112000,10.00000000,4.00000000,4.01498784,1.96122344,0.39973228,0,-0.01498784
0.07114000,10.00000000,4.00000000,4.01443636,1.95426526,0.39974163,0,-0.01443636
0.07116000,10.00000000,4.00000000,4.01381232,1.94757970,0.39975213,0,-0.01381232
0.07118000,10.00000000,4.00000000,4.01311933,1.94119964,0.39976370,0,-0.01311933
0.07120000,10.00000000,4.00000000,4.01236133,1.93515623,0.39977630,0,-0.01236133
0.07122000,10.00000000,4.00000000,4.01154257,1.92947872,0.39978986,0,-0.01154257
0.07124000,10.00000000,4.00000000,4.01066760,1.92419431,0.39980429,0,-0.01066760
0.07126000,10.00000000,4.00000000,4.00974123,1.91932806,0.39981952,0,-0.00974123
0.07128000,10.00000000,4.00000000,4.00876849,1.91490274,0.39983547,0,-0.00876849
0.07130000,10.00000000,4.00000000,4.00775465,1.91093872,0.39985206,0,-0.00775465
0.07132000,10.00000000,4.00000000,4.00670515,1.90745390,0.39986920,0,-0.00670515
0.07134000,10.00000000,4.00000000,4.00562558,1.90446363,0.39988679,0,-0.00562558
0.07136000,10.00000000,4.00000000,4.00452167,1.90198063,0.39990475,0,-0.00452167
0.07138000,10.00000000,4.00000000,4.00339922,1.90001494,0.39992299,0,-0.00339922
0.07140000,10.00000000,4.00000000,4.00226411,1.89857390,0.39994140,0,-0.00226411
0.07142000,10.00000000,4.00000000,4.00112226,1.89766210,0.39995990,0,-0.00112226
0.07144000,10.00000000,4.00000000,3.99997957,1.89728140,0.39997806,0,0.00002043
0.07146000,10.00000000,4.00000000,3.99884194,1.89742959,0.39997812,0,0.00115806
0.07148000,10.00000000,4.00000000,3.99771476,1.89803116,0.39997821,0,0.00228524
0.07150000,10.00000000,4.00000000,3.99660299,1.89908105,0.39997837,0,0.00339701
0.07152000,10.00000000,4.00000000,3.99551146,1.90057238,0.39997859,0,0.00448854
0.07154000,10.00000000,4.00000000,3.99444491,1.90249639,0.39997889,0,0.00555509
0.07156000,10.00000000,4.00000000,3.99340795,1.90484243,0.39997925,0,0.00659205
0.07158000,10.00000000,4.00000000,3.99240500,1.90759805,0.39998085,0,0.00759500
0.07160000,10.00000000,4.00000000,3.99144038,1.91075373,0.40000144,0,0.00855962
0.07162000,10.00000000,4.00000000,3.99051864,1.91436917,0.40002188,0,0.00948136
0.07164000,10.00000000,4.00000000,3.98964452,1.91842573,0.40004208,0,0.01035548
0.07166000,10.00000000,4.00000000,3.98882255,1.92290245,0.40006194,0,0.01117745
0.07168000,10.00000000,4.00000000,3.98805695,1.92777626,0.40008135,0,0.01194305
0.07170000,10.00000000,4.00000000,3.98735168,1.93302200,0.40010021,0,0.01264832
0.07172000,10.00000000,4.00000000,3.98671039,1.93861262,0.40011843,0,0.01328961
0.07174000,10.00000000,4.00000000,3.98613636,1.94451930,0.40013592,0,0.01386364
0.07176000,10.00000000,4.00000000,3.98563258,1.95071159,0.40015259,0,0.01436742
0.07178000,10.00000000,4.00000000,3.98520163,1.95715755,0.40016834,0,0.01479837
0.07180000,10.00000000,4.00000000,3.98484575,1.96382398,0.40018311,0,0.01515425
0.07182000,10.00000000,4.00000000,3.98456676,1.97067649,0.40019681,0,0.01543324
0.07184000,10.00000000,4.00000000,3.98436611,1.97767978,0.40020938,0,0.01563389
0.07186000,10.00000000,4.00000000,3.98424483,1.98479776,0.40022075,0,0.01575517
0.07188000,10.00000000,4.00000000,3.98420356,1.99199373,0.40023086,0,0.01579644
0.07190000,10.00000000,4.00000000,3.98424251,1.99923062,0.40023496,0,0.01575749
0.07192000,10.00000000,4.00000000,3.98436137,2.00645233,0.40023275,0,0.01563863
0.07194000,10.00000000,4.00000000,3.98455923,2.01360183,0.40022928,0,0.01544077
0.07196000,10.00000000,4.00000000,3.98483463,2.02064275,0.40022458,0,0.01516537
0.07198000,10.00000000,4.00000000,3.98518575,2.02753946,0.40021867,0,0.01481425
0.07200000,10.00000000,4.00000000,3.98561038,2.03425733,0.40021160,0,0.01438962
0.07202000,10.00000000,4.00000000,3.98610594,2.04076279,0.40020341,0,0.01389406
0.07204000,10.00000000,4.00000000,3.98666950,2.04702355,0.40019414,0,0.01333050
0.07206000,10.00000000,4.00000000,3.98729781,2.05300876,0.40018386,0,0.01270219
0.07208000,10.00000000,4.00000000,3.98798729,2.05868914,0.40017261,0,0.01201271
0.07210000,10.00000000,4.00000000,3.98873407,2.06403715,0.40016046,0,0.01126593
0.07212000,10.00000000,4.00000000,3.98953400,2.06902707,0.40014748,0,0.01046600
0.07214000,10.00000000,4.00000000,3.99038269,2.07363520,0.40013374,0,0.00961731
0.07216000,10.00000000,4.00000000,3.99127552,2.07783990,0.40011931,0,0.00872448
0.07218000,10.00000000,4.00000000,3.99220766,2.08162171,0.40010427,0,0.00779234
0.07220000,10.00000000,4.00000000,3.99317411,2.08496348,0.40008870,0,0.00682589
0.07222000,10.00000000,4.00000000,3.99416973,2.08785039,0.40007268,0,0.00583027
0.07224000,10.00000000,4.00000000,3.99518923,2.09027004,0.40005631,0,0.00481077
0.07226000,10.00000000,4.00000000,3.99622726,2.09221249,0.40003965,0,0.00377274
0.07228000,10.00000000,4.00000000,3.99727837,2.09367032,0.40002281,0,0.00272163
0.07230000,10.00000000,4.00000000,3.99833711,2.09463863,0.40000587,0,0.00166289
0.07232000,10.00000000,4.00000000,3.99939798,2.09511507,0.39998892,0,0.00060202
0.07234000,10.00000000,4.00000000,4.00045552,2.09509984,0.39997937,0,-0.00045552
0.07236000,10.00000000,4.00000000,4.00150449,2.09462494,0.39997952,0,-0.00150449
0.07238000,10.00000000,4.00000000,4.00254007,2.09373359,0.39997963,0,-0.00254007
0.07240000,10.00000000,4.00000000,4.00355775,2.09243188,0.39997967,0,-0.00355775
0.07242000,10.00000000,4.00000000,4.00455313,2.09072758,0.39997965,0,-0.00455313
0.07244000,10.00000000,4.00000000,4.00552192,2.08863023,0.39997957,0,-0.00552192
0.07246000,10.00000000,4.00000000,4.00645997,2.08615103,0.39997942,0,-0.00645997
0.07248000,10.00000000,4.00000000,4.00736330,2.08330284,0.39996977,0,-0.00736330
0.07250000,10.00000000,4.00000000,4.00822788,2.08006232,0.39995098,0,-0.00822788
0.07252000,10.00000000,4.00000000,4.00904946,2.07640928,0.39993240,0,-0.00904946
0.07254000,10.00000000,4.00000000,4.00982381,2.07236259,0.39991411,0,-0.00982381
0.07256000,10.00000000,4.00000000,4.01054694,2.06794313,0.39989622,0,-0.01054694
0.07258000,10.00000000,4.00000000,4.01121514,2.06317368,0.39987880,0,-0.01121514
0.07260000,10.00000000,4.00000000,4.01182496,2.05807886,0.39986195,0,-0.01182496
0.07262000,10.00000000,4.00000000,4.01237327,2.05268493,0.39984577,0,-0.01237327
0.07264000,10.00000000,4.00000000,4.01285725,2.04701971,0.39983032,0,-0.01285725
0.07266000,10.00000000,4.00000000,4.01327441,2.04111241,0.39981570,0,-0.01327441
0.07268000,10.00000000,4.00000000,4.01362260,2.03499347,0.39980197,0,-0.01362260
0.07270000,10.00000000,4.00000000,4.01390004,2.02869444,0.39978921,0,-0.01390004
0.07272000,10.00000000,4.00000000,4.01410530,2.02224779,0.39977748,0,-0.01410530
0.07274000,10.00000000,4.00000000,4.01423734,2.01568674,0.39976685,0,-0.01423734
0.07276000,10.00000000,4.00000000,4.01429547,2.00904512,0.39975737,0,-0.01429547
0.07278000,10.00000000,4.00000000,4.01427940,2.00235714,0.39975102,0,-0.01427940
0.07280000,10.00000000,4.00000000,4.01418926,1.99566504,0.39975293,0,-0.01418926
0.07282000,10.00000000,4.00000000,4.01402577,1.98903131,0.39975602,0,-0.01402577
0.07284000,10.00000000,4.00000000,4.01379017,1.98248981,0.39976025,0,-0.01379017
0.07286000,10.00000000,4.00000000,4.01348406,1.97607364,0.39976560,0,-0.01348406
0.07288000,10.00000000,4.00000000,4.01310940,1.96981512,0.39977204,0,-0.01310940
0.07290000,10.00000000,4.00000000,4.01266849,1.96374555,0.39977953,0,-0.01266849
0.07292000,10.00000000,4.00000000,4.01216397,1.95789510,0.39978802,0,-0.01216397
0.07294000,10.00000000,4.00000000,4.01159877,1.95229267,0.39979747,0,-0.01159877
0.07296000,10.00000000,4.00000000,4.01097613,1.94696570,0.39980782,0,-0.01097613
0.07298000,10.00000000,4.00000000,4.01029956,1.94194010,0.39981901,0,-0.01029956
0.07300000,10.00000000,4.00000000,4.00957285,1.93724006,0.39983100,0,-0.00957285
0.07302000,10.00000000,4.00000000,4.00880000,1.93288801,0.39984370,0,-0.00880000
0.07304000,10.00000000,4.00000000,4.00798523,1.92890443,0.39985705,0,-0.00798523
0.07306000,10.00000000,4.00000000,4.00713297,1.92530783,0.39987099,0,-0.00713297
0.07308000,10.00000000,4.00000000,4.00624781,1.92211461,0.39988543,0,-0.00624781
0.07310000,10.00000000,4.00000000,4.00533447,1.91933902,0.39990031,0,-0.00533447
0.07312000,10.00000000,4.00000000,4.00439782,1.91699309,0.39991553,0,-0.00439782
0.07314000,10.00000000,4.00000000,4.00344279,1.91508657,0.39993103,0,-0.00344279
0.07316000,10.00000000,4.00000000,4.00247439,1.91362690,0.39994673,0,-0.00247439
0.07318000,10.00000000,4.00000000,4.00149770,1.91261919,0.39996253,0,-0.00149770
0.07320000,10.00000000,4.00000000,4.00051776,1.91206620,0.39997837,0,-0.00051776
0.07322000,10.00000000,4.00000000,3.99953966,1.91196833,0.39998674,0,0.00046034
0.07324000,10.00000000,4.00000000,3.99856824,1.91229401,0.39998678,0,0.00143176
0.07326000,10.00000000,4.00000000,3.99760796,1.91300633,0.39998685,0,0.00239204
0.07328000,10.00000000,4.00000000,3.99666301,1.91410013,0.39998699,0,0.00333699
0.07330000,10.00000000,4.00000000,3.99573750,1.91556869,0.39998718,0,0.00426250
0.07332000,10.00000000,4.00000000,3.99483544,1.91740367,0.39998743,0,0.00516456
0.07334000,10.00000000,4.00000000,3.99396068,1.91959514,0.39998774,0,0.00603932
0.07336000,10.00000000,4.00000000,3.99311699,1.92213166,0.39999702,0,0.00688301
0.07338000,10.00000000,4.00000000,3.99230812,1.92503594,0.40001459,0,0.00769188
0.07340000,10.00000000,4.00000000,3.99153807,1.92832643,0.40003200,0,0.00846193
0.07342000,10.00000000,4.00000000,3.99081081,1.93198613,0.40004915,0,0.00918919
0.07344000,10.00000000,4.00000000,3.99013010,1.93599618,0.40006597,0,0.00986990
0.07346000,10.00000000,4.00000000,3.98949943,1.94033588,0.40008236,0,0.01050057
0.07348000,10.00000000,4.00000000,3.98892206,1.94498284,0.40009824,0,0.01107794
0.07350000,10.00000000,4.00000000,3.98840097,1.94991310,0.40011353,0,0.01159903
0.07352000,10.00000000,4.00000000,3.98793886,1.95510124,0.40012814,0,0.01206114
0.07354000,10.00000000,4.00000000,3.98753809,1.96052051,0.40014202,0,0.01246191
0.07356000,10.00000000,4.00000000,3.98720074,1.96614297,0.40015508,0,0.01279926
0.07358000,10.00000000,4.00000000,3.98692854,1.97193964,0.40016726,0,0.01307146
0.07360000,10.00000000,4.00000000,3.98672291,1.97788064,0.40017850,0,0.01327709
0.07362000,10.00000000,4.00000000,3.98658491,1.98393534,0.40018874,0,0.01341509
0.07364000,10.00000000,4.00000000,3.98651523,1.99007254,0.40019792,0,0.01348477
0.07366000,10.00000000,4.00000000,3.98651426,1.99626061,0.40020600,0,0.01348574
0.07368000,10.00000000,4.00000000,3.98658198,2.00246765,0.40020476,0,0.01341802
0.07370000,10.00000000,4.00000000,3.98671788,2.00862898,0.40020229,0,0.01328212
0.07372000,10.00000000,4.00000000,3.98692088,2.01471262,0.40019876,0,0.01307912
0.07374000,10.00000000,4.00000000,3.98718960,2.02068772,0.40019418,0,0.01281040
0.07376000,10.00000000,4.00000000,3.98752228,2.02652417,0.40018859,0,0.01247772
0.07378000,10.00000000,4.00000000,3.98791689,2.03219271,0.40018201,0,0.01208311
0.07380000,10.00000000,4.00000000,3.98837105,2.03766511,0.40017450,0,0.01162895
0.07382000,10.00000000,4.00000000,3.98888211,2.04291432,0.40016608,0,0.01111789
0.07384000,10.00000000,4.00000000,3.98944715,2.04791455,0.40015682,0,0.01055285
0.07386000,10.00000000,4.00000000,3.99006296,2.05264146,0.40014676,0,0.00993704
0.07388000,10.00000000,4.00000000,3.99072611,2.05707220,0.40013596,0,0.00927389
0.07390000,10.00000000,4.00000000,3.99143294,2.06118561,0.40012447,0,0.00856706
0.07392000,10.00000000,4.00000000,3.99217957,2.06496225,0.40011236,0,0.00782043
0.07394000,10.00000000,4.00000000,3.99296197,2.06838451,0.40009970,0,0.00703803
0.07396000,10.00000000,4.00000000,3.99377590,2.07143671,0.40008655,0,0.00622410
0.07398000,10.00000000,4.00000000,3.99461703,2.07410515,0.40007298,0,0.00538297
0.07400000,10.00000000,4.00000000,3.99548089,2.07637817,0.40005907,0,0.00451911
0.07402000,10.00000000,4.00000000,3.99636290,2.07824622,0.40004488,0,0.00363710
0.07404000,10.00000000,4.00000000,3.99725845,2.07970185,0.40003050,0,0.00274155
0.07406000,10.00000000,4.00000000,3.99816285,2.08073981,0.40001599,0,0.00183715
0.07408000,10.00000000,4.00000000,3.99907140,2.08135700,0.40000144,0,0.00092860
0.07410000,10.00000000,4.00000000,3.99997943,2.08155251,0.39998692,0,0.00002057
0.07412000,10.00000000,4.00000000,4.00088225,2.08132758,0.39998670,0,-0.00088225
0.07414000,10.00000000,4.00000000,4.00177559,2.08074242,0.39998679,0,-0.00177559
0.07416000,10.00000000,4.00000000,4.00265551,2.07980285,0.39998683,0,-0.00265551
0.07418000,10.00000000,4.00000000,4.00351822,2.07851478,0.39998681,0,-0.00351822
0.07420000,10.00000000,4.00000000,4.00435997,2.07688564,0.39998674,0,-0.00435997
0.07422000,10.00000000,4.00000000,4.00517716,2.07492430,0.39998662,0,-0.00517716
0.07424000,10.00000000,4.00000000,4.00596629,2.07264108,0.39998567,0,-0.00596629
0.07426000,10.00000000,4.00000000,4.00672400,2.07004461,0.39996949,0,-0.00672400
0.07428000,10.00000000,4.00000000,4.00744673,2.06708721,0.39995345,0,-0.00744673
0.07430000,10.00000000,4.00000000,4.00813076,2.06378416,0.39993762,0,-0.00813076
0.07432000,10.00000000,4.00000000,4.00877256,2.06015250,0.39992208,0,-0.00877256
0.07434000,10.00000000,4.00000000,4.00936883,2.05621097,0.39990692,0,-0.00936883
0.07436000,10.00000000,4.00000000,4.00991650,2.05197990,0.39989221,0,-0.00991650
0.07438000,10.00000000,4.00000000,4.01041275,2.04748112,0.39987802,0,-0.01041275
0.07440000,10.00000000,4.00000000,4.01085503,2.04273782,0.39986444,0,-0.01085503
0.07442000,10.00000000,4.00000000,4.01124106,2.03777446,0.39985153,0,-0.01124106
0.07444000,10.00000000,4.00000000,4.01156885,2.03261663,0.39983936,0,-0.01156885
0.07446000,10.00000000,4.00000000,4.01183673,2.02729092,0.39982798,0,-0.01183673
0.07448000,10.00000000,4.00000000,4.01204331,2.02182479,0.39981747,0,-0.01204331
0.07450000,10.00000000,4.00000000,4.01218753,2.01624641,0.39980787,0,-0.01218753
0.07452000,10.00000000,4.00000000,4.01226866,2.01058454,0.39979923,0,-0.01226866
0.07454000,10.00000000,4.00000000,4.01228628,2.00486835,0.39979160,0,-0.01228628
0.07456000,10.00000000,4.00000000,4.01224030,1.99912732,0.39979057,0,-0.01224030
0.07458000,10.00000000,4.00000000,4.01213109,1.99341322,0.39979270,0,-0.01213109
0.07460000,10.00000000,4.00000000,4.01195951,1.98776384,0.39979583,0,-0.01195951
0.07462000,10.00000000,4.00000000,4.01172677,1.98220789,0.39979993,0,-0.01172677
0.07464000,10.00000000,4.00000000,4.01143442,1.97677343,0.39980498,0,-0.01143442
0.07466000,10.00000000,4.00000000,4.01108427,1.97148771,0.39981094,0,-0.01108427
0.07468000,10.00000000,4.00000000,4.01067845,1.96637712,0.39981778,0,-0.01067845
0.07470000,10.00000000,4.00000000,4.01021934,1.96146696,0.39982547,0,-0.01021934
0.07472000,10.00000000,4.00000000,4.00970960,1.95678140,0.39983395,0,-0.00970960
0.07474000,10.00000000,4.00000000,4.00915211,1.95234331,0.39984318,0,-0.00915211
0.07476000,10.00000000,4.00000000,4.00855002,1.94817417,0.39985311,0,-0.00855002
0.07478000,10.00000000,4.00000000,4.00790665,1.94429395,0.39986368,0,-0.00790665
0.07480000,10.00000000,4.00000000,4.00722554,1.94072106,0.39987485,0,-0.00722554
0.07482000,10.00000000,4.00000000,4.00651040,1.93747219,0.39988654,0,-0.00651040
0.07484000,10.00000000,4.00000000,4.00576509,1.93456232,0.39989870,0,-0.00576509
0.07486000,10.00000000,4.00000000,4.00499362,1.93200458,0.39991126,0,-0.00499362
0.07488000,10.00000000,4.00000000,4.00420008,1.92981021,0.39992416,0,-0.00420008
0.07490000,10.00000000,4.00000000,4.00338868,1.92798856,0.39993732,0,-0.00338868
0.07492000,10.00000000,4.00000000,4.00256370,1.92654698,0.39995068,0,-0.00256370
0.07494000,10.00000000,4.00000000,4.00172945,1.92549084,0.39996418,0,-0.00172945
0.07496000,10.00000000,4.00000000,4.00089028,1.92482351,0.39997773,0,-0.00089028
0.07498000,10.00000000,4.00000000,4.00005052,1.92454632,0.39999127,0,-0.00005052
0.07500000,10.00000000,4.00000000,3.99921450,1.92465860,0.39999209,0,0.00078550
0.07502000,10.00000000,4.00000000,3.99838623,1.92510715,0.39999212,0,0.00161377
0.07504000,10.00000000,4.00000000,3.99756935,1.92588493,0.39999219,0,0.00243065
0.07506000,10.00000000,4.00000000,3.99676741,1.92698688,0.39999231,0,0.00323259
0.07508000,10.00000000,4.00000000,3.99598390,1.92840652,0.39999248,0,0.00401610
0.07510000,10.00000000,4.00000000,3.99522218,1.93013600,0.39999270,0,0.00477782
0.07512000,10.00000000,4.00000000,3.99448552,1.93216615,0.39999297,0,0.00551448
0.07514000,10.00000000,4.00000000,3.99377706,1.93448650,0.40000789,0,0.00622294
0.07516000,10.00000000,4.00000000,3.99310011,1.93714374,0.40002287,0,0.00689989
0.07518000,10.00000000,4.00000000,3.99245816,1.94012481,0.40003768,0,0.00754184
0.07520000,10.00000000,4.00000000,3.99185453,1.94341432,0.40005223,0,0.00814547
0.07522000,10.00000000,4.00000000,3.99129232,1.94699532,0.40006646,0,0.00870768
0.07524000,10.00000000,4.00000000,3.99077443,1.95084932,0.40008028,0,0.00922557
0.07526000,10.00000000,4.00000000,3.99030354,1.95495644,0.40009363,0,0.00969646
0.07528000,10.00000000,4.00000000,3.98988207,1.95929551,0.40010643,0,0.01011793
0.07530000,10.00000000,4.00000000,3.98951219,1.96384414,0.40011864,0,0.01048781
0.07532000,10.00000000,4.00000000,3.98919582,1.96857890,0.40013017,0,0.01080418
0.07534000,10.00000000,4.00000000,3.98893458,1.97347536,0.40014098,0,0.01106542
0.07536000,10.00000000,4.00000000,3.98872981,1.97850828,0.40015100,0,0.01127019
0.07538000,10.00000000,4.00000000,3.98858258,1.98365173,0.40016019,0,0.01141742
0.07540000,10.00000000,4.00000000,3.98849365,1.98887918,0.40016849,0,0.01150635
0.07542000,10.00000000,4.00000000,3.98846347,1.99416369,0.40017588,0,0.01153653
0.07544000,10.00000000,4.00000000,3.98849219,1.99947803,0.40017883,0,0.01150781
0.07546000,10.00000000,4.00000000,3.98857960,2.00478094,0.40017717,0,0.01142040
0.07548000,10.00000000,4.00000000,3.98872501,2.01003061,0.40017458,0,0.01127499
0.07550000,10.00000000,4.00000000,3.98892736,2.01520032,0.40017108,0,0.01107264
0.07552000,10.00000000,4.00000000,3.98918530,2.02026393,0.40016670,0,0.01081470
0.07554000,10.00000000,4.00000000,3.98949721,2.02519599,0.40016146,0,0.01050279
0.07556000,10.00000000,4.00000000,3.98986120,2.02997186,0.40015540,0,0.01013880
0.07558000,10.00000000,4.00000000,3.99027510,2.03456783,0.40014855,0,0.00972490
0.07560000,10.00000000,4.00000000,3.99073654,2.03896125,0.40014095,0,0.00926346
0.07562000,10.00000000,4.00000000,3.99124287,2.04313063,0.40013265,0,0.00875713
0.07564000,10.00000000,4.00000000,3.99179125,2.04705575,0.40012368,0,0.00820875
0.07566000,10.00000000,4.00000000,3.99237865,2.05071775,0.40011411,0,0.00762135
0.07568000,10.00000000,4.00000000,3.99300182,2.05409921,0.40010397,0,0.00699818
0.07570000,10.00000000,4.00000000,3.99365738,2.05718428,0.40009333,0,0.00634262
0.07572000,10.00000000,4.00000000,3.99434177,2.05995868,0.40008225,0,0.00565823
0.07574000,10.00000000,4.00000000,3.99505133,2.06240983,0.40007078,0,0.00494867
0.07576000,10.00000000,4.00000000,3.99578228,2.06452685,0.40005898,0,0.00421772
0.07578000,10.00000000,4.00000000,3.99653074,2.06630067,0.40004691,0,0.00346926
0.07580000,10.00000000,4.00000000,3.99729276,2.06772402,0.40003465,0,0.00270724
0.07582000,10.00000000,4.00000000,3.99806437,2.06879144,0.40002225,0,0.00193563
0.07584000,10.00000000,4.00000000,3.99884153,2.06949938,0.40000978,0,0.00115847
0.07586000,10.00000000,4.00000000,3.99962024,2.06984613,0.39999730,0,0.00037976
0.07588000,10.00000000,4.00000000,4.00039646,2.06983184,0.39999126,0,-0.00039646
0.07590000,10.00000000,4.00000000,4.00116638,2.06948403,0.39999133,0,-0.00116638
0.07592000,10.00000000,4.00000000,4.00192648,2.06883039,0.39999137,0,-0.00192648
0.07594000,10.00000000,4.00000000,4.00267345,2.06787540,0.39999136,0,-0.00267345
0.07596000,10.00000000,4.00000000,4.00340405,2.06662475,0.39999131,0,-0.00340405
0.07598000,10.00000000,4.00000000,4.00411514,2.06508544,0.39999121,0,-0.00411514
0.07600000,10.00000000,4.00000000,4.00480367,2.06326571,0.39999106,0,-0.00480367
0.07602000,10.00000000,4.00000000,4.00546671,2.06117498,0.39998294,0,-0.00546671
0.07604000,10.00000000,4.00000000,4.00610129,2.05879214,0.39996911,0,-0.00610129
0.07606000,10.00000000,4.00000000,4.00670425,2.05610636,0.39995543,0,-0.00670425
0.07608000,10.00000000,4.00000000,4.00727249,2.05313151,0.39994196,0,-0.00727249
0.07610000,10.00000000,4.00000000,4.00780310,2.04988294,0.39992878,0,-0.00780310
0.07612000,10.00000000,4.00000000,4.00829333,2.04637740,0.39991596,0,-0.00829333
0.07614000,10.00000000,4.00000000,4.00874066,2.04263299,0.39990356,0,-0.00874066
0.07616000,10.00000000,4.00000000,4.00914279,2.03866900,0.39989165,0,-0.00914279
0.07618000,10.00000000,4.00000000,4.00949764,2.03450590,0.39988028,0,-0.00949764
0.07620000,10.00000000,4.00000000,4.00980340,2.03016513,0.39986951,0,-0.00980340
0.07622000,10.00000000,4.00000000,4.01005849,2.02566908,0.39985941,0,-0.01005849
0.07624000,10.00000000,4.00000000,4.01026160,2.02104093,0.39985001,0,-0.01026160
0.07626000,10.00000000,4.00000000,4.01041168,2.01630454,0.39984138,0,-0.01041168
0.07628000,10.00000000,4.00000000,4.01050796,2.01148433,0.39983355,0,-0.01050796
0.07630000,10.00000000,4.00000000,4.01054996,2.00660514,0.39982657,0,-0.01054996
0.07632000,10.00000000,4.00000000,4.01053745,2.00169212,0.39982198,0,-0.01053745
0.07634000,10.00000000,4.00000000,4.01047053,1.99677664,0.39982336,0,-0.01047053
0.07636000,10.00000000,4.00000000,4.01034975,1.99190425,0.39982562,0,-0.01034975
0.07638000,10.00000000,4.00000000,4.01017600,1.98709981,0.39982871,0,-0.01017600
0.07640000,10.00000000,4.00000000,4.00995047,1.98238766,0.39983263,0,-0.00995047
0.07642000,10.00000000,4.00000000,4.00967460,1.97779152,0.39983735,0,-0.00967460
0.07644000,10.00000000,4.00000000,4.00935009,1.97333438,0.39984283,0,-0.00935009
0.07646000,10.00000000,4.00000000,4.00897887,1.96903840,0.39984906,0,-0.00897887
0.07648000,10.00000000,4.00000000,4.00856309,1.96492479,0.39985599,0,-0.00856309
0.07650000,10.00000000,4.00000000,4.00810515,1.96101372,0.39986358,0,-0.00810515
0.07652000,10.00000000,4.00000000,4.00760763,1.95732420,0.39987179,0,-0.00760763
0.07654000,10.00000000,4.00000000,4.00707329,1.95387399,0.39988058,0,-0.00707329
0.07656000,10.00000000,4.00000000,4.00650509,1.95067955,0.39988990,0,-0.00650509
0.07658000,10.00000000,4.00000000,4.00590613,1.94775592,0.39989969,0,-0.00590613
0.07660000,10.00000000,4.00000000,4.00527966,1.94511667,0.39990991,0,-0.00527966
0.07662000,10.00000000,4.00000000,4.00462906,1.94277384,0.39992051,0,-0.00462906
0.07664000,10.00000000,4.00000000,4.00395779,1.94073787,0.39993142,0,-0.00395779
0.07666000,10.00000000,4.00000000,4.00326943,1.93901759,0.39994258,0,-0.00326943
0.07668000,10.00000000,4.00000000,4.00256760,1.93762014,0.39995395,0,-0.00256760
0.07670000,10.00000000,4.00000000,4.00185600,1.93655096,0.39996546,0,-0.00185600
0.07672000,10.00000000,4.00000000,4.00113833,1.93581379,0.39997705,0,-0.00113833
0.07674000,10.00000000,4.00000000,4.00041832,1.93541064,0.39998866,0,-0.00041832
0.07676000,10.00000000,4.00000000,3.99969968,1.93534178,0.39999540,0,0.00030032
0.07678000,10.00000000,4.00000000,3.99898601,1.93558644,0.39999540,0,0.00101399
0.07680000,10.00000000,4.00000000,3.99828057,1.93611504,0.39999542,0,0.00171943
0.07682000,10.00000000,4.00000000,3.99758646,1.93692375,0.39999549,0,0.00241354
0.07684000,10.00000000,4.00000000,3.99690669,1.93800762,0.39999561,0,0.00309331
0.07686000,10.00000000,4.00000000,3.99624419,1.93936050,0.39999576,0,0.00375581
0.07688000,10.00000000,4.00000000,3.99560181,1.94097508,0.39999596,0,0.00439819
0.07690000,10.00000000,4.00000000,3.99498229,1.94284291,0.40000216,0,0.00501771
0.07692000,10.00000000,4.00000000,3.99438839,1.94497833,0.40001505,0,0.00561161
0.07694000,10.00000000,4.00000000,3.99382303,1.94739725,0.40002782,0,0.00617697
0.07696000,10.00000000,4.00000000,3.99328912,1.95008718,0.40004040,0,0.00671088
0.07698000,10.00000000,4.00000000,3.99278940,1.95303425,0.40005272,0,0.00721060
0.07700000,10.00000000,4.00000000,3.99232647,1.95622323,0.40006474,0,0.00767353
0.07702000,10.00000000,4.00000000,3.99190270,1.95963769,0.40007638,0,0.00809730
0.07704000,10.00000000,4.00000000,3.99152028,1.96326002,0.40008758,0,0.00847972
0.07706000,10.00000000,4.00000000,3.99118118,1.96707153,0.40009829,0,0.00881882
0.07708000,10.00000000,4.00000000,3.99088715,1.97105256,0.40010846,0,0.00911285
0.07710000,10.00000000,4.00000000,3.99063970,1.97518260,0.40011802,0,0.00936030
0.07712000,10.00000000,4.00000000,3.99044011,1.97944035,0.40012694,0,0.00955989
0.07714000,10.00000000,4.00000000,3.99028941,1.98380385,0.40013516,0,0.00971059
0.07716000,10.00000000,4.00000000,3.99018837,1.98825062,0.40014265,0,0.00981163
0.07718000,10.00000000,4.00000000,3.99013751,1.99275773,0.40014936,0,0.00986249
0.07720000,10.00000000,4.00000000,3.99013710,1.99730195,0.40015527,0,0.00986290
0.07722000,10.00000000,4.00000000,3.99018714,2.00185985,0.40015429,0,0.00981286
0.07724000,10.00000000,4.00000000,3.99028724,2.00638379,0.40015245,0,0.00971276
0.07726000,10.00000000,4.00000000,3.99043661,2.01085044,0.40014982,0,0.00956339
0.07728000,10.00000000,4.00000000,3.99063422,2.01523715,0.40014643,0,0.00936578
0.07730000,10.00000000,4.00000000,3.99087879,2.01952180,0.40014229,0,0.00912121
0.07732000,10.00000000,4.00000000,3.99116881,2.02368292,0.40013743,0,0.00883119
0.07734000,10.00000000,4.00000000,3.99150255,2.02769979,0.40013188,0,0.00849745
0.07736000,10.00000000,4.00000000,3.99187805,2.03155254,0.40012567,0,0.00812195
0.07738000,10.00000000,4.00000000,3.99229316,2.03522226,0.40011883,0,0.00770684
0.07740000,10.00000000,4.00000000,3.99274553,2.03869106,0.40011141,0,0.00725447
0.07742000,10.00000000,4.00000000,3.99323264,2.04194219,0.40010345,0,0.00676736
0.07744000,10.00000000,4.00000000,3.99375179,2.04496013,0.40009498,0,0.00624821
0.07746000,10.00000000,4.00000000,3.99430015,2.04773060,0.40008606,0,0.00569985
0.07748000,10.00000000,4.00000000,3.99487472,2.05024071,0.40007674,0,0.00512528
0.07750000,10.00000000,4.00000000,3.99547243,2.05247895,0.40006705,0,0.00452757
0.07752000,10.00000000,4.00000000,3.99609008,2.05443527,0.40005706,0,0.00390992
0.07754000,10.00000000,4.00000000,3.99672437,2.05610113,0.40004682,0,0.00327563
0.07756000,10.00000000,4.00000000,3.99737196,2.05746955,0.40003638,0,0.00262804
0.07758000,10.00000000,4.00000000,3.99802945,2.05853507,0.40002580,0,0.00197055
0.07760000,10.00000000,4.00000000,3.99869341,2.05929385,0.40001513,0,0.00130659
0.07762000,10.00000000,4.00000000,3.99936038,2.05974364,0.40000442,0,0.00063962
0.07764000,10.00000000,4.00000000,4.00002693,2.05988379,0.39999417,0,-0.00002693
0.07766000,10.00000000,4.00000000,4.00068963,2.05971698,0.39999423,0,-0.00068963
0.07768000,10.00000000,4.00000000,4.00134534,2.05928662,0.39999427,0,-0.00134534
0.07770000,10.00000000,4.00000000,4.00199121,2.05859603,0.39999428,0,-0.00199121
0.07772000,10.00000000,4.00000000,4.00262443,2.05764954,0.39999424,0,-0.00262443
0.07774000,10.00000000,4.00000000,4.00324225,2.05645260,0.39999416,0,-0.00324225
0.07776000,10.00000000,4.00000000,4.00384204,2.05501174,0.39999405,0,-0.00384204
0.07778000,10.00000000,4.00000000,4.00442121,2.05333454,0.39999265,0,-0.00442121
0.07780000,10.00000000,4.00000000,4.00497729,2.05142463,0.39998075,0,-0.00497729
0.07782000,10.00000000,4.00000000,4.00550765,2.04924972,0.39996894,0,-0.00550765
0.07784000,10.00000000,4.00000000,4.00600956,2.04682105,0.39995729,0,-0.00600956
0.07786000,10.00000000,4.00000000,4.00648043,2.04415115,0.39994586,0,-0.00648043
0.07788000,10.00000000,4.00000000,4.00691783,2.04125379,0.39993471,0,-0.00691783
0.07790000,10.00000000,4.00000000,4.00731951,2.03814394,0.39992389,0,-0.00731951
0.07792000,10.00000000,4.00000000,4.00768340,2.03483761,0.39991346,0,-0.00768340
0.07794000,10.00000000,4.00000000,4.00800764,2.03135188,0.39990347,0,-0.00800764
0.07796000,10.00000000,4.00000000,4.00829054,2.02770471,0.39989397,0,-0.00829054
0.07798000,10.00000000,4.00000000,4.00853066,2.02391491,0.39988502,0,-0.00853066
0.07800000,10.00000000,4.00000000,4.00872676,2.02000202,0.39987666,0,-0.00872676
0.07802000,10.00000000,4.00000000,4.00887783,2.01598621,0.39986892,0,-0.00887783
0.07804000,10.00000000,4.00000000,4.00898309,2.01188819,0.39986187,0,-0.00898309
0.07806000,10.00000000,4.00000000,4.00904200,2.00772908,0.39985551,0,-0.00904200
0.07808000,10.00000000,4.00000000,4.00905427,2.00353032,0.39984990,0,-0.00905427
0.07810000,10.00000000,4.00000000,4.00901983,1.99931356,0.39984922,0,-0.00901983
0.07812000,10.00000000,4.00000000,4.00893895,1.99511716,0.39985078,0,-0.00893895
0.07814000,10.00000000,4.00000000,4.00881228,1.99096853,0.39985308,0,-0.00881228
0.07816000,10.00000000,4.00000000,4.00864070,1.98688876,0.39985608,0,-0.00864070
0.07818000,10.00000000,4.00000000,4.00842534,1.98289845,0.39985979,0,-0.00842534
0.07820000,10.00000000,4.00000000,4.00816756,1.97901762,0.39986416,0,-0.00816756
0.07822000,10.00000000,4.00000000,4.00786890,1.97526564,0.39986918,0,-0.00786890
0.07824000,10.00000000,4.00000000,4.00753113,1.97166109,0.39987482,0,-0.00753113
0.07826000,10.00000000,4.00000000,4.00715619,1.96822171,0.39988105,0,-0.00715619
0.07828000,10.00000000,4.00000000,4.00674622,1.96496428,0.39988782,0,-0.00674622
0.07830000,10.00000000,4.00000000,4.00630351,1.96190457,0.39989511,0,-0.00630351
0.07832000,10.00000000,4.00000000,4.00583051,1.95905725,0.39990287,0,-0.00583051
0.07834000,10.00000000,4.00000000,4.00532983,1.95643580,0.39991107,0,-0.00532983
0.07836000,10.00000000,4.00000000,4.00480419,1.95405248,0.39991965,0,-0.00480419
0.07838000,10.00000000,4.00000000,4.00425642,1.95191827,0.39992857,0,-0.00425642
0.07840000,10.00000000,4.00000000,4.00368947,1.95004280,0.39993779,0,-0.00368947
0.07842000,10.00000000,4.00000000,4.00310635,1.94843431,0.39994725,0,-0.00310635
0.07844000,10.00000000,4.00000000,4.00251016,1.94709963,0.39995691,0,-0.00251016
0.07846000,10.00000000,4.00000000,4.00190402,1.94604416,0.39996671,0,-0.00190402
0.07848000,10.00000000,4.00000000,4.00129112,1.94527182,0.39997661,0,-0.00129112
0.07850000,10.00000000,4.00000000,4.00067463,1.94478505,0.39998655,0,-0.00067463
0.07852000,10.00000000,4.00000000,4.00005776,1.94458482,0.39999649,0,-0.00005776
0.07854000,10.00000000,4.00000000,3.99944367,1.94467062,0.39999741,0,0.00055633
0.07856000,10.00000000,4.00000000,3.99883532,1.94500468,0.39999741,0,0.00116468
0.07858000,10.00000000,4.00000000,3.99823537,1.94558049,0.39999744,0,0.00176463
0.07860000,10.00000000,4.00000000,3.99764646,1.94639429,0.39999751,0,0.00235354
0.07862000,10.00000000,4.00000000,3.99707113,1.94744131,0.39999762,0,0.00292887
0.07864000,10.00000000,4.00000000,3.99651185,1.94871578,0.39999777,0,0.00348815
0.07866000,10.00000000,4.00000000,3.99597102,1.95021092,0.39999795,0,0.00402898
0.07868000,10.00000000,4.00000000,3.99545094,1.95191904,0.40000858,0,0.00454906
0.07870000,10.00000000,4.00000000,3.99495405,1.95387316,0.40001957,0,0.00504595
0.07872000,10.00000000,4.00000000,3.99448288,1.95606496,0.40003043,0,0.00551712
0.07874000,10.00000000,4.00000000,3.99403988,1.95848310,0.40004110,0,0.00596012
0.07876000,10.00000000,4.00000000,3.99362732,1.96111513,0.40005153,0,0.00637268
0.07878000,10.00000000,4.00000000,3.99324734,1.96394745,0.40006167,0,0.00675266
0.07880000,10.00000000,4.00000000,3.99290188,1.96696546,0.40007146,0,0.00709812
0.07882000,10.00000000,4.00000000,3.99259274,1.97015360,0.40008084,0,0.00740726
0.07884000,10.00000000,4.00000000,3.99232150,1.97349541,0.40008979,0,0.00767850
0.07886000,10.00000000,4.00000000,3.99208957,1.97697367,0.40009824,0,0.00791043
0.07888000,10.00000000,4.00000000,3.99189813,1.98057045,0.40010615,0,0.00810187
0.07890000,10.00000000,4.00000000,3.99174817,1.98426720,0.40011349,0,0.00825183
0.07892000,10.00000000,4.00000000,3.99164047,1.98804485,0.40012022,0,0.00835953
0.07894000,10.00000000,4.00000000,3.99157558,1.99188394,0.40012629,0,0.00842442
0.07896000,10.00000000,4.00000000,3.99155384,1.99576467,0.40013169,0,0.00844616
0.07898000,10.00000000,4.00000000,3.99157535,1.99966705,0.40013379,0,0.00842465
0.07900000,10.00000000,4.00000000,3.99163995,2.00356056,0.40013255,0,0.00836005
0.07902000,10.00000000,4.00000000,3.99174713,2.00741474,0.40013062,0,0.00825287
0.07904000,10.00000000,4.00000000,3.99189611,2.01120994,0.40012803,0,0.00810389
0.07906000,10.00000000,4.00000000,3.99208590,2.01492699,0.40012479,0,0.00791410
0.07908000,10.00000000,4.00000000,3.99231530,2.01854719,0.40012092,0,0.00768470
0.07910000,10.00000000,4.00000000,3.99258292,2.02205247,0.40011644,0,0.00741708
0.07912000,10.00000000,4.00000000,3.99288717,2.02542542,0.40011139,0,0.00711283
0.07914000,10.00000000,4.00000000,3.99322630,2.02864942,0.40010579,0,0.00677370
0.07916000,10.00000000,4.00000000,3.99359838,2.03170869,0.40009967,0,0.00640162
0.07918000,10.00000000,4.00000000,3.99400130,2.03458841,0.40009306,0,0.00599870
0.07920000,10.00000000,4.00000000,3.99443284,2.03727473,0.40008601,0,0.00556716
0.07922000,10.00000000,4.00000000,3.99489062,2.03975490,0.40007854,0,0.00510938
0.07924000,10.00000000,4.00000000,3.99537215,2.04201726,0.40007071,0,0.00462785
0.07926000,10.00000000,4.00000000,3.99587482,2.04405137,0.40006255,0,0.00412518
0.07928000,10.00000000,4.00000000,3.99639593,2.04584799,0.40005411,0,0.00360407
0.07930000,10.00000000,4.00000000,3.99693271,2.04739916,0.40004543,0,0.00306729
0.07932000,10.00000000,4.00000000,3.99748230,2.04869825,0.40003655,0,0.00251770
0.07934000,10.00000000,4.00000000,3.99804183,2.04973991,0.40002753,0,0.00195817
0.07936000,10.00000000,4.00000000,3.99860834,2.05052019,0.40001841,0,0.00139166
0.07938000,10.00000000,4.00000000,3.99917891,2.05103648,0.40000924,0,0.00082109
0.07940000,10.00000000,4.00000000,3.99975056,2.05128755,0.40000007,0,0.00024944
0.07942000,10.00000000,4.00000000,4.00032036,2.05127353,0.39999609,0,-0.00032036
0.07944000,10.00000000,4.00000000,4.00088549,2.05101653,0.39999613,0,-0.00088549
0.07946000,10.00000000,4.00000000,4.00144340,2.05053498,0.39999614,0,-0.00144340
0.07948000,10.00000000,4.00000000,4.00199165,2.04983218,0.39999612,0,-0.00199165
0.07950000,10.00000000,4.00000000,4.00252787,2.04891232,0.39999606,0,-0.00252787
0.07952000,10.00000000,4.00000000,4.00304974,2.04778054,0.39999598,0,-0.00304974
0.07954000,10.00000000,4.00000000,4.00355504,2.04644290,0.39999585,0,-0.00355504
0.07956000,10.00000000,4.00000000,4.00404161,2.04490632,0.39998939,0,-0.00404161
0.07958000,10.00000000,4.00000000,4.00450724,2.04315340,0.39997922,0,-0.00450724
0.07960000,10.00000000,4.00000000,4.00494963,2.04117811,0.39996916,0,-0.00494963
0.07962000,10.00000000,4.00000000,4.00536650,2.03899065,0.39995926,0,-0.00536650
0.07964000,10.00000000,4.00000000,4.00575570,2.03660231,0.39994958,0,-0.00575570
0.07966000,10.00000000,4.00000000,4.00611522,2.03402541,0.39994015,0,-0.00611522
0.07968000,10.00000000,4.00000000,4.00644321,2.03127325,0.39993103,0,-0.00644321
0.07970000,10.00000000,4.00000000,4.00673799,2.02836001,0.39992228,0,-0.00673799
0.07972000,10.00000000,4.00000000,4.00699802,2.02530073,0.39991392,0,-0.00699802
0.07974000,10.00000000,4.00000000,4.00722199,2.02211119,0.39990601,0,-0.00722199
0.07976000,10.00000000,4.00000000,4.00740873,2.01880782,0.39989858,0,-0.00740873
0.07978000,10.00000000,4.00000000,4.00755728,2.01540767,0.39989168,0,-0.00755728
0.07980000,10.00000000,4.00000000,4.00766688,2.01192825,0.39988534,0,-0.00766688
0.07982000,10.00000000,4.00000000,4.00773696,2.00838752,0.39987959,0,-0.00773696
0.07984000,10.00000000,4.00000000,4.00776717,2.00480372,0.39987446,0,-0.00776717
0.07986000,10.00000000,4.00000000,4.00775736,2.00119532,0.39987117,0,-0.00775736
0.07988000,10.00000000,4.00000000,4.00770759,1.99758568,0.39987218,0,-0.00770759
0.07990000,10.00000000,4.00000000,4.00761826,1.99400792,0.39987384,0,-0.00761826
0.07992000,10.00000000,4.00000000,4.00749005,1.99048033,0.39987611,0,-0.00749005
0.07994000,10.00000000,4.00000000,4.00732383,1.98702074,0.39987899,0,-0.00732383
0.07996000,10.00000000,4.00000000,4.00712066,1.98364659,0.39988245,0,-0.00712066
0.07998000,10.00000000,4.00000000,4.00688177,1.98037475,0.39988648,0,-0.00688177
