t,v_in,v_ref,v_out,i_L,d,mode,error
0.00000000,10.00000000,8.00000000,0.00000000,0.00000000,0.05106329,0,8.00000000
0.00002000,10.00000000,8.00000000,0.00113222,0.20410207,0.03387682,0,7.99886778
0.00004000,10.00000000,8.00000000,0.00413443,0.33860526,0.03620743,0,7.99586557
0.00006000,10.00000000,8.00000000,0.00865427,0.48092908,0.03855047,0,7.99134573
0.00008000,10.00000000,8.00000000,0.01476683,0.63050097,0.04088821,0,7.98523317
0.00010000,10.00000000,8.00000000,0.02253992,0.78664885,0.04322042,0,7.97746008
0.00012000,10.00000000,8.00000000,0.03203333,0.94867411,0.04554683,0,7.96796667
0.00014000,10.00000000,8.00000000,0.04329869,1.11585485,0.04786720,0,7.95670131
0.00016000,10.00000000,8.00000000,0.05637918,1.28744920,0.05018126,0,7.94362082
0.00018000,10.00000000,8.00000000,0.07130948,1.46269864,0.05248875,0,7.92869052
0.00020000,10.00000000,8.00000000,0.08811556,1.64083147,0.05478939,0,7.91188444
0.00022000,10.00000000,8.00000000,0.10681466,1.82106625,0.05708291,0,7.89318534
0.00024000,10.00000000,8.00000000,0.12741520,2.00261531,0.05936903,0,7.87258480
0.00026000,10.00000000,8.00000000,0.14991684,2.18468827,0.06164749,0,7.85008316
0.00028000,10.00000000,8.00000000,0.17431047,2.36649558,0.06391803,0,7.82568953
0.00030000,10.00000000,8.00000000,0.20057830,2.54725201,0.06618165,0,7.79942170
0.00032000,10.00000000,8.00000000,0.22869400,2.72618520,0.06843977,0,7.77130600
0.00034000,10.00000000,8.00000000,0.25862295,2.90254066,0.07068948,0,7.74137705
0.00036000,10.00000000,8.00000000,0.29032236,3.07556770,0.07293053,0,7.70967764
0.00038000,10.00000000,8.00000000,0.32374146,3.24453342,0.07516271,0,7.67625854
0.00040000,10.00000000,8.00000000,0.35882174,3.40872591,0.07738582,0,7.64117826
0.00042000,10.00000000,8.00000000,0.39549729,3.56745737,0.07959967,0,7.60450271
0.00044000,10.00000000,8.00000000,0.43369505,3.72006701,0.08180410,0,7.56630495
0.00046000,10.00000000,8.00000000,0.47333524,3.86592400,0.08399895,0,7.52666476
0.00048000,10.00000000,8.00000000,0.51433170,4.00443010,0.08618749,0,7.48566830
0.00050000,10.00000000,8.00000000,0.55659237,4.13503579,0.08837095,0,7.44340763
0.00052000,10.00000000,8.00000000,0.60001988,4.25723436,0.09054455,0,7.39998012
0.00054000,10.00000000,8.00000000,0.64451186,4.37053993,0.09270820,0,7.35548814
0.00056000,10.00000000,8.00000000,0.68996140,4.47450816,0.09486183,0,7.31003860
0.00058000,10.00000000,8.00000000,0.73625744,4.56873804,0.09700541,0,7.26374256
0.00060000,10.00000000,8.00000000,0.78328538,4.65287355,0.09913845,0,7.21671462
0.00062000,10.00000000,8.00000000,0.83092756,4.72660323,0.10126084,0,7.16907244
0.00064000,10.00000000,8.00000000,0.87906375,4.78966276,0.10328140,0,7.12093625
0.00066000,10.00000000,8.00000000,0.92756973,4.84147186,0.10515301,0,7.07243027
0.00068000,10.00000000,8.00000000,0.97631476,4.88131273,0.10701140,0,7.02368524
0.00070000,10.00000000,8.00000000,1.02516418,4.90906376,0.10885732,0,6.97483582
0.00072000,10.00000000,8.00000000,1.07398304,4.92466033,0.11069116,0,6.92601696
0.00074000,10.00000000,8.00000000,1.12263674,4.92809327,0.11251289,0,6.87736326
0.00076000,10.00000000,8.00000000,1.17099162,4.91940697,0.11432987,0,6.82900838
0.00078000,10.00000000,8.00000000,1.21891570,4.89872847,0.11613836,0,6.78108430
0.00080000,10.00000000,8.00000000,1.26627935,4.86622208,0.11793801,0,6.73372065
0.00082000,10.00000000,8.00000000,1.31295577,4.82210213,0.11972962,0,6.68704423
0.00084000,10.00000000,8.00000000,1.35882151,4.76663611,0.12151394,0,6.64117849
0.00086000,10.00000000,8.00000000,1.40375708,4.70014323,0.12329175,0,6.59624292
0.00088000,10.00000000,8.00000000,1.44764745,4.62299263,0.12506297,0,6.55235255
0.00090000,10.00000000,8.00000000,1.49038258,4.53559823,0.12683417,0,6.50961742
0.00092000,10.00000000,8.00000000,1.53185800,4.43844315,0.12860088,0,6.46814200
0.00094000,10.00000000,8.00000000,1.57197531,4.33203317,0.13036381,0,6.42802469
0.00096000,10.00000000,8.00000000,1.61064249,4.21691509,0.13212367,0,6.38935751
0.00098000,10.00000000,8.00000000,1.64777429,4.09367391,0.13388113,0,6.35222571
0.00100000,10.00000000,8.00000000,1.68329262,3.96293007,0.13563685,0,6.31670738
0.00102000,10.00000000,8.00000000,1.71712689,3.82533636,0.13739146,0,6.28287311
0.00104000,10.00000000,8.00000000,1.74921429,3.68157480,0.13914683,0,6.25078571
0.00106000,10.00000000,8.00000000,1.77950008,3.53235839,0.14090535,0,6.22049992
0.00108000,10.00000000,8.00000000,1.80793790,3.37842994,0.14266427,0,6.19206210
0.00110000,10.00000000,8.00000000,1.83448993,3.22053809,0.14442412,0,6.16551007
0.00112000,10.00000000,8.00000000,1.85912692,3.05944701,0.14618476,0,6.14087308
0.00114000,10.00000000,8.00000000,1.88182832,2.89593027,0.14794729,0,6.11817168
0.00116000,10.00000000,8.00000000,1.90258230,2.73077233,0.14971228,0,6.09741770
0.00118000,10.00000000,8.00000000,1.92138587,2.56476287,0.15148013,0,6.07861413
0.00120000,10.00000000,8.00000000,1.93824477,2.39869267,0.15325124,0,6.06175523
0.00122000,10.00000000,8.00000000,1.95317348,2.23335000,0.15502594,0,6.04682652
0.00124000,10.00000000,8.00000000,1.96619511,2.06951698,0.15680456,0,6.03380489
0.00126000,10.00000000,8.00000000,1.97734124,1.90796609,0.15858738,0,6.02265876
0.00128000,10.00000000,8.00000000,1.98665177,1.74945659,0.16037463,0,6.01334823
0.00130000,10.00000000,8.00000000,1.99417471,1.59473114,0.16216654,0,6.00582529
0.00132000,10.00000000,8.00000000,1.99996592,1.44451248,0.16396326,0,6.00003408
0.00134000,10.00000000,8.00000000,2.00408883,1.29950012,0.16576494,0,5.99591117
0.00136000,10.00000000,8.00000000,2.00661413,1.16036730,0.16757204,0,5.99338587
0.00138000,10.00000000,8.00000000,2.00761943,1.02775948,0.16938432,0,5.99238057
0.00140000,10.00000000,8.00000000,2.00718887,0.90228871,0.17119975,0,5.99281113
0.00142000,10.00000000,8.00000000,2.00541268,0.78452413,0.17301638,0,5.99458732
0.00144000,10.00000000,8.00000000,2.00238664,0.67498978,0.17483857,0,5.99761336
0.00146000,10.00000000,8.00000000,1.99821169,0.57418786,0.17666649,0,6.00178831
0.00148000,10.00000000,8.00000000,1.99299355,0.48257981,0.17849963,0,6.00700645
0.00150000,10.00000000,8.00000000,1.98684222,0.40058195,0.18033784,0,6.01315778
0.00152000,10.00000000,8.00000000,1.97987146,0.32856519,0.18218089,0,6.02012854
0.00154000,10.00000000,8.00000000,1.97219823,0.26685339,0.18402854,0,6.02780177
0.00156000,10.00000000,8.00000000,1.96394218,0.21572209,0.18588049,0,6.03605782
0.00158000,10.00000000,8.00000000,1.95522508,0.17539729,0.18773639,0,6.04477492
0.00160000,10.00000000,8.00000000,1.94617023,0.14605462,0.18959586,0,6.05382977
0.00162000,10.00000000,8.00000000,1.93690194,0.12781860,0.19145805,0,6.06309806
0.00164000,10.00000000,8.00000000,1.92754488,0.12076057,0.19332282,0,6.07245512
0.00166000,10.00000000,8.00000000,1.91822357,0.12490141,0.19518973,0,6.08177643
0.00168000,10.00000000,8.00000000,1.90906178,0.14021063,0.19705827,0,6.09093822
0.00170000,10.00000000,8.00000000,1.90018196,0.16660639,0.19892788,0,6.09981804
0.00172000,10.00000000,8.00000000,1.89170469,0.20395599,0.20079798,0,6.10829531
0.00174000,10.00000000,8.00000000,1.88374816,0.25207662,0.20266795,0,6.11625184
0.00176000,10.00000000,8.00000000,1.87642758,0.31073633,0.20453715,0,6.12357242
0.00178000,10.00000000,8.00000000,1.86985469,0.37965523,0.20640495,0,6.13014531
0.00180000,10.00000000,8.00000000,1.86413724,0.45850688,0.20827065,0,6.13586276
0.00182000,10.00000000,8.00000000,1.85937855,0.54691992,0.21013357,0,6.14062145
0.00184000,10.00000000,8.00000000,1.85567698,0.64447991,0.21199303,0,6.14432302
0.00186000,10.00000000,8.00000000,1.85312554,0.75073132,0.21384831,0,6.14687446
0.00188000,10.00000000,8.00000000,1.85181143,0.86517978,0.21569871,0,6.14818857
0.00190000,10.00000000,8.00000000,1.85181573,0.98729441,0.21754353,0,6.14818427
0.00192000,10.00000000,8.00000000,1.85321297,1.11651037,0.21937849,0,6.14678703
0.00194000,10.00000000,8.00000000,1.85607075,1.25221731,0.22120629,0,6.14392925
0.00196000,10.00000000,8.00000000,1.86044946,1.39379002,0.22302625,0,6.13955054
0.00198000,10.00000000,8.00000000,1.86640208,1.54057794,0.22483771,0,6.13359792
0.00200000,10.00000000,8.00000000,1.87397397,1.69190821,0.22664006,0,6.12602603
0.00202000,10.00000000,8.00000000,1.88320265,1.84708885,0.22843267,0,6.11679735
0.00204000,10.00000000,8.00000000,1.89411771,2.00541204,0.23021496,0,6.10588229
0.00206000,10.00000000,8.00000000,1.90674062,2.16615740,0.23198640,0,6.09325938
0.00208000,10.00000000,8.00000000,1.92108473,2.32859540,0.23374593,0,6.07891527
0.00210000,10.00000000,8.00000000,1.93715517,2.49198867,0.23549246,0,6.06284483
0.00212000,10.00000000,8.00000000,1.95494884,2.65559501,0.23722657,0,6.04505116
0.00214000,10.00000000,8.00000000,1.97445446,2.81867740,0.23894786,0,6.02554554
0.00216000,10.00000000,8.00000000,1.99565269,2.98050341,0.24065599,0,6.00434731
0.00218000,10.00000000,8.00000000,2.01851618,3.14034855,0.24235066,0,5.98148382
0.00220000,10.00000000,8.00000000,2.04300980,3.29749963,0.24403231,0,5.95699020
0.00222000,10.00000000,8.00000000,2.06909079,3.45126087,0.24570243,0,5.93090921
0.00224000,10.00000000,8.00000000,2.09670906,3.60096094,0.24735868,0,5.90329094
0.00226000,10.00000000,8.00000000,2.12580741,3.74594067,0.24900096,0,5.87419259
0.00228000,10.00000000,8.00000000,2.15632179,3.88556472,0.25062671,0,5.84367821
0.00230000,10.00000000,8.00000000,2.18818157,4.01921447,0.25223805,0,5.81181843
0.00232000,10.00000000,8.00000000,2.22130984,4.14630931,0.25383526,0,5.77869016
0.00234000,10.00000000,8.00000000,2.25562387,4.26630167,0.25541843,0,5.74437613
0.00236000,10.00000000,8.00000000,2.29103553,4.37867856,0.25698771,0,5.70896447
0.00238000,10.00000000,8.00000000,2.32745167,4.48296384,0.25854329,0,5.67254833
0.00240000,10.00000000,8.00000000,2.36477461,4.57872029,0.26008540,0,5.63522539
0.00242000,10.00000000,8.00000000,2.40290259,4.66555155,0.26161700,0,5.59709741
0.00244000,10.00000000,8.00000000,2.44173032,4.74311449,0.26313435,0,5.55826968
0.00246000,10.00000000,8.00000000,2.48114943,4.81109382,0.26463916,0,5.51885057
0.00248000,10.00000000,8.00000000,2.52104895,4.86922491,0.26613180,0,5.47895105
0.00250000,10.00000000,8.00000000,2.56131585,4.91728949,0.26761269,0,5.43868415
0.00252000,10.00000000,8.00000000,2.60183555,4.95511646,0.26908227,0,5.39816445
0.00254000,10.00000000,8.00000000,2.64249250,4.98258255,0.27054101,0,5.35750750
0.00256000,10.00000000,8.00000000,2.68317068,4.99961273,0.27198941,0,5.31682932
0.00258000,10.00000000,8.00000000,2.72375414,5.00618032,0.27342889,0,5.27624586
0.00260000,10.00000000,8.00000000,2.76412757,5.00231063,0.27485973,0,5.23587243
0.00262000,10.00000000,8.00000000,2.80417686,4.98807597,0.27628179,0,5.19582314
0.00264000,10.00000000,8.00000000,2.84378955,4.96359346,0.27769563,0,5.15621045
0.00266000,10.00000000,8.00000000,2.88285540,4.92902697,0.27910182,0,5.11714460
0.00268000,10.00000000,8.00000000,2.92126680,4.88458626,0.28050093,0,5.07873320
0.00270000,10.00000000,8.00000000,2.95891936,4.83052576,0.28189354,0,5.04108064
0.00272000,10.00000000,8.00000000,2.99571230,4.76714329,0.28328071,0,5.00428770
0.00274000,10.00000000,8.00000000,3.03154896,4.69478047,0.28466583,0,4.96845104
0.00276000,10.00000000,8.00000000,3.06633726,4.61383012,0.28604417,0,4.93366274
0.00278000,10.00000000,8.00000000,3.09999011,4.52470210,0.28741828,0,4.90000989
0.00280000,10.00000000,8.00000000,3.13242568,4.42785021,0.28878873,0,4.86757432
0.00282000,10.00000000,8.00000000,3.16356779,4.32376214,0.29015605,0,4.83643221
0.00284000,10.00000000,8.00000000,3.19334629,4.21295701,0.29152079,0,4.80665371
0.00286000,10.00000000,8.00000000,3.22169732,4.09598290,0.29288347,0,4.77830268
0.00288000,10.00000000,8.00000000,3.24856361,3.97341422,0.29424458,0,4.75143639
0.00290000,10.00000000,8.00000000,3.27389468,3.84584896,0.29560508,0,4.72610532
0.00292000,10.00000000,8.00000000,3.29764710,3.71390766,0.29696800,0,4.70235290
0.00294000,10.00000000,8.00000000,3.31978471,3.57823895,0.29833057,0,4.68021529
0.00296000,10.00000000,8.00000000,3.34027875,3.43949337,0.29969321,0,4.65972125
0.00298000,10.00000000,8.00000000,3.35910791,3.29833314,0.30105633,0,4.64089209
0.00300000,10.00000000,8.00000000,3.37625837,3.15542910,0.30242028,0,4.62374163
0.00302000,10.00000000,8.00000000,3.39172385,3.01145762,0.30378543,0,4.60827615
0.00304000,10.00000000,8.00000000,3.40550562,2.86709745,0.30515210,0,4.59449438
0.00306000,10.00000000,8.00000000,3.41761247,2.72302666,0.30652059,0,4.58238753
0.00308000,10.00000000,8.00000000,3.42806063,2.57991948,0.30789117,0,4.57193937
0.00310000,10.00000000,8.00000000,3.43687367,2.43844330,0.30926409,0,4.56312633
0.00312000,10.00000000,8.00000000,3.44408239,2.29925559,0.31063958,0,4.55591761
0.00314000,10.00000000,8.00000000,3.44972461,2.16300101,0.31201781,0,4.55027539
0.00316000,10.00000000,8.00000000,3.45384502,2.03030843,0.31339896,0,4.54615498
0.00318000,10.00000000,8.00000000,3.45649493,1.90178822,0.31478316,0,4.54350507
0.00320000,10.00000000,8.00000000,3.45773199,1.77802944,0.31617052,0,4.54226801
0.00322000,10.00000000,8.00000000,3.45761996,1.65959731,0.31755953,0,4.54238004
0.00324000,10.00000000,8.00000000,3.45622830,1.54702434,0.31893528,0,4.54377170
0.00326000,10.00000000,8.00000000,3.45363152,1.44075462,0.32031544,0,4.54636848
0.00328000,10.00000000,8.00000000,3.44990884,1.34127217,0.32170008,0,4.55009116
0.00330000,10.00000000,8.00000000,3.44514425,1.24902860,0.32308924,0,4.55485575
0.00332000,10.00000000,8.00000000,3.43942607,1.16444122,0.32448289,0,4.56057393
0.00334000,10.00000000,8.00000000,3.43284657,1.08789115,0.32588101,0,4.56715343
0.00336000,10.00000000,8.00000000,3.42550151,1.01972171,0.32728351,0,4.57449849
0.00338000,10.00000000,8.00000000,3.41748972,0.96023697,0.32869026,0,4.58251028
0.00340000,10.00000000,8.00000000,3.40891262,0.90970043,0.33010112,0,4.59108738
0.00342000,10.00000000,8.00000000,3.39987376,0.86833398,0.33151587,0,4.60012624
0.00344000,10.00000000,8.00000000,3.39047833,0.83631693,0.33293430,0,4.60952167
0.00346000,10.00000000,8.00000000,3.38083271,0.81378538,0.33435615,0,4.61916729
0.00348000,10.00000000,8.00000000,3.37104392,0.80083165,0.33578110,0,4.62895608
0.00350000,10.00000000,8.00000000,3.36121921,0.79750402,0.33720884,0,4.63878079
0.00352000,10.00000000,8.00000000,3.35146548,0.80380660,0.33863901,0,4.64853452
0.00354000,10.00000000,8.00000000,3.34188886,0.81969943,0.34007121,0,4.65811114
0.00356000,10.00000000,8.00000000,3.33259423,0.84509879,0.34150504,0,4.66740577
0.00358000,10.00000000,8.00000000,3.32368467,0.87987770,0.34294005,0,4.67631533
0.00360000,10.00000000,8.00000000,3.31526108,0.92386660,0.34437578,0,4.68473892
0.00362000,10.00000000,8.00000000,3.30742169,0.97685423,0.34581175,0,4.69257831
0.00364000,10.00000000,8.00000000,3.30026161,1.03858873,0.34724745,0,4.69973839
0.00366000,10.00000000,8.00000000,3.29387240,1.10877889,0.34868237,0,4.70612760
0.00368000,10.00000000,8.00000000,3.28834170,1.18709556,0.35011597,0,4.71165830
0.00370000,10.00000000,8.00000000,3.28375280,1.27317327,0.35154773,0,4.71624720
0.00372000,10.00000000,8.00000000,3.28018428,1.36661203,0.35297708,0,4.71981572
0.00374000,10.00000000,8.00000000,3.27770969,1.46697918,0.35440347,0,4.72229031
0.00376000,10.00000000,8.00000000,3.27639718,1.57381149,0.35582635,0,4.72360282
0.00378000,10.00000000,8.00000000,3.27630926,1.68661740,0.35724516,0,4.72369074
0.00380000,10.00000000,8.00000000,3.27750248,1.80487925,0.35864311,0,4.72249752
0.00382000,10.00000000,8.00000000,3.28002685,1.92799093,0.36003396,0,4.71997315
0.00384000,10.00000000,8.00000000,3.28392559,2.05538273,0.36141844,0,4.71607441
0.00386000,10.00000000,8.00000000,3.28923530,2.18647187,0.36279609,0,4.71076470
0.00388000,10.00000000,8.00000000,3.29598581,2.32066045,0.36416647,0,4.70401419
0.00390000,10.00000000,8.00000000,3.30420012,2.45733823,0.36552915,0,4.69579988
0.00392000,10.00000000,8.00000000,3.31389427,2.59588545,0.36688372,0,4.68610573
0.00394000,10.00000000,8.00000000,3.32507729,2.73567569,0.36822980,0,4.67492271
0.00396000,10.00000000,8.00000000,3.33775123,2.87607881,0.36956703,0,4.66224877
0.00398000,10.00000000,8.00000000,3.35191111,3.01646380,0.37089508,0,4.64808889
0.00400000,10.00000000,8.00000000,3.36754501,3.15620172,0.37221365,0,4.63245499
0.00402000,10.00000000,8.00000000,3.38463412,3.29466858,0.37352246,0,4.61536588
0.00404000,10.00000000,8.00000000,3.40315287,3.43124817,0.37482129,0,4.59684713
0.00406000,10.00000000,8.00000000,3.42306906,3.56533489,0.37610841,0,4.57693094
0.00408000,10.00000000,8.00000000,3.44434399,3.69633048,0.37738377,0,4.55565601
0.00410000,10.00000000,8.00000000,3.46693265,3.82365317,0.37864848,0,4.53306735
0.00412000,10.00000000,8.00000000,3.49078394,3.94674491,0.37990244,0,4.50921606
0.00414000,10.00000000,8.00000000,3.51584099,4.06506886,0.38114561,0,4.48415901
0.00416000,10.00000000,8.00000000,3.54204142,4.17811183,0.38237797,0,4.45795858
0.00418000,10.00000000,8.00000000,3.56931766,4.28538657,0.38359954,0,4.43068234
0.00420000,10.00000000,8.00000000,3.59759727,4.38643393,0.38481164,0,4.40240273
0.00422000,10.00000000,8.00000000,3.62680329,4.48082992,0.38601505,0,4.37319671
0.00424000,10.00000000,8.00000000,3.65685471,4.56818530,0.38720808,0,4.34314529
0.00426000,10.00000000,8.00000000,3.68766679,4.64813721,0.38838851,0,4.31233321
0.00428000,10.00000000,8.00000000,3.71915138,4.72034850,0.38955736,0,4.28084862
0.00430000,10.00000000,8.00000000,3.75121732,4.78452201,0.39071631,0,4.24878268
0.00432000,10.00000000,8.00000000,3.78377086,4.84040428,0.39186564,0,4.21622914
0.00434000,10.00000000,8.00000000,3.81671623,4.88778085,0.39300562,0,4.18328377
0.00436000,10.00000000,8.00000000,3.84995599,4.92647706,0.39413658,0,4.15004401
0.00438000,10.00000000,8.00000000,3.88339156,4.95635874,0.39525886,0,4.11660844
0.00440000,10.00000000,8.00000000,3.91692363,4.97733270,0.39637311,0,4.08307637
0.00442000,10.00000000,8.00000000,3.95045264,4.98934814,0.39748321,0,4.04954736
0.00444000,10.00000000,8.00000000,3.98387935,4.99240955,0.39858355,0,4.01612065
0.00446000,10.00000000,8.00000000,4.01710518,4.98653851,0.39967509,0,3.98289482
0.00448000,10.00000000,8.00000000,4.05003259,4.97179977,0.40075999,0,3.94996741
0.00450000,10.00000000,8.00000000,4.08256558,4.94830535,0.40183867,0,3.91743442
0.00452000,10.00000000,8.00000000,4.11461011,4.91620709,0.40291160,0,3.88538989
0.00454000,10.00000000,8.00000000,4.14607458,4.87569573,0.40397923,0,3.85392542
0.00456000,10.00000000,8.00000000,4.17687023,4.82699998,0.40504203,0,3.82312977
0.00458000,10.00000000,8.00000000,4.20691151,4.77038522,0.40610045,0,3.79308849
0.00460000,10.00000000,8.00000000,4.23611649,4.70615223,0.40715834,0,3.76388351
0.00462000,10.00000000,8.00000000,4.26440730,4.63464911,0.40821325,0,3.73559270
0.00464000,10.00000000,8.00000000,4.29171046,4.55624447,0.40926507,0,3.70828954
0.00466000,10.00000000,8.00000000,4.31795715,4.47133494,0.41031241,0,3.68204285
0.00468000,10.00000000,8.00000000,4.34308343,4.38033813,0.41135680,0,3.65691657
0.00470000,10.00000000,8.00000000,4.36703054,4.28370231,0.41239954,0,3.63296946
0.00472000,10.00000000,8.00000000,4.38974513,4.18190344,0.41344104,0,3.61025487
0.00474000,10.00000000,8.00000000,4.41117958,4.07543928,0.41448169,0,3.58882042
0.00476000,10.00000000,8.00000000,4.43129213,3.96482703,0.41552188,0,3.56870787
0.00478000,10.00000000,8.00000000,4.45004709,3.85060094,0.41656196,0,3.54995291
0.00480000,10.00000000,8.00000000,4.46741499,3.73330971,0.41760227,0,3.53258501
0.00482000,10.00000000,8.00000000,4.48337262,3.61351395,0.41864541,0,3.51662738
0.00484000,10.00000000,8.00000000,4.49790328,3.49179268,0.41968944,0,3.50209672
0.00486000,10.00000000,8.00000000,4.51099671,3.36872245,0.42073445,0,3.48900329
0.00488000,10.00000000,8.00000000,4.52264915,3.24488307,0.42178071,0,3.47735085
0.00490000,10.00000000,8.00000000,4.53286328,3.12085560,0.42282845,0,3.46713672
0.00492000,10.00000000,8.00000000,4.54164821,2.99721968,0.42387789,0,3.45835179
0.00494000,10.00000000,8.00000000,4.54901938,2.87455093,0.42492922,0,3.45098062
0.00496000,10.00000000,8.00000000,4.55499851,2.75341826,0.42598261,0,3.44500149
0.00498000,10.00000000,8.00000000,4.55961345,2.63438137,0.42703821,0,3.44038655
0.00500000,10.00000000,8.00000000,4.56289802,2.51798820,0.42809613,0,3.43710198
0.00502000,10.00000000,8.00000000,4.56489187,2.40477247,0.42915648,0,3.43510813
0.00504000,10.00000000,8.00000000,4.56564024,2.29525129,0.43021934,0,3.43435976
0.00506000,10.00000000,8.00000000,4.56519374,2.18992292,0.43127346,0,3.43480626
0.00508000,10.00000000,8.00000000,4.56360787,2.08921944,0.43231268,0,3.43639213
0.00510000,10.00000000,8.00000000,4.56094234,1.99352519,0.43335606,0,3.43905766
0.00512000,10.00000000,8.00000000,4.55726108,1.90327602,0.43440370,0,3.44273892
0.00514000,10.00000000,8.00000000,4.55263233,1.81888175,0.43545568,0,3.44736767
0.00516000,10.00000000,8.00000000,4.54712839,1.74072439,0.43651202,0,3.45287161
0.00518000,10.00000000,8.00000000,4.54082517,1.66915643,0.43757274,0,3.45917483
0.00520000,10.00000000,8.00000000,4.53380193,1.60449932,0.43863780,0,3.46619807
0.00522000,10.00000000,8.00000000,4.52614087,1.54704211,0.43970714,0,3.47385913
0.00524000,10.00000000,8.00000000,4.51792676,1.49704016,0.44078067,0,3.48207324
0.00526000,10.00000000,8.00000000,4.50924650,1.45471412,0.44185825,0,3.49075350
0.00528000,10.00000000,8.00000000,4.50018880,1.42024899,0.44293973,0,3.49981120
0.00530000,10.00000000,8.00000000,4.49084371,1.39379335,0.44402491,0,3.50915629
0.00532000,10.00000000,8.00000000,4.48130221,1.37545879,0.44511357,0,3.51869779
0.00534000,10.00000000,8.00000000,4.47165583,1.36531951,0.44620547,0,3.52834417
0.00536000,10.00000000,8.00000000,4.46199619,1.36341205,0.44730031,0,3.53800381
0.00538000,10.00000000,8.00000000,4.45241460,1.36973526,0.44839781,0,3.54758540
0.00540000,10.00000000,8.00000000,4.44300164,1.38425035,0.44949762,0,3.55699836
0.00542000,10.00000000,8.00000000,4.43384677,1.40688122,0.45059966,0,3.56615323
0.00544000,10.00000000,8.00000000,4.42503788,1.43751588,0.45170391,0,3.57496212
0.00546000,10.00000000,8.00000000,4.41666096,1.47600755,0.45280927,0,3.58333904
0.00548000,10.00000000,8.00000000,4.40879969,1.52217104,0.45391531,0,3.59120031
0.00550000,10.00000000,8.00000000,4.40153502,1.57578655,0.45502161,0,3.59846498
0.00552000,10.00000000,8.00000000,4.39494484,1.63660074,0.45612769,0,3.60505516
0.00554000,10.00000000,8.00000000,4.38910362,1.70432797,0.45723311,0,3.61089638
0.00556000,10.00000000,8.00000000,4.38408208,1.77865172,0.45833739,0,3.61591792
0.00558000,10.00000000,8.00000000,4.37994688,1.85922607,0.45943941,0,3.62005312
0.00560000,10.00000000,8.00000000,4.37676031,1.94567487,0.46053914,0,3.62323969
0.00562000,10.00000000,8.00000000,4.37457999,2.03759779,0.46163637,0,3.62542001
0.00564000,10.00000000,8.00000000,4.37345869,2.13457164,0.46273062,0,3.62654131
0.00566000,10.00000000,8.00000000,4.37344405,2.23615119,0.46382142,0,3.62655595
0.00568000,10.00000000,8.00000000,4.37457841,2.34187133,0.46488248,0,3.62542159
0.00570000,10.00000000,8.00000000,4.37689804,2.45114600,0.46593794,0,3.62310196
0.00572000,10.00000000,8.00000000,4.38043299,2.56347250,0.46698780,0,3.61956701
0.00574000,10.00000000,8.00000000,4.38520750,2.67833726,0.46803142,0,3.61479250
0.00576000,10.00000000,8.00000000,4.39123992,2.79521562,0.46906779,0,3.60876008
0.00578000,10.00000000,8.00000000,4.39854265,2.91357274,0.47009744,0,3.60145735
0.00580000,10.00000000,8.00000000,4.40712204,3.03287215,0.47112010,0,3.59287796
0.00582000,10.00000000,8.00000000,4.41697848,3.15257494,0.47213550,0,3.58302152
0.00584000,10.00000000,8.00000000,4.42810638,3.27214218,0.47314341,0,3.57189362
0.00586000,10.00000000,8.00000000,4.44049421,3.39103741,0.47414360,0,3.55950579
0.00588000,10.00000000,8.00000000,4.45412459,3.50872911,0.47513593,0,3.54587541
0.00590000,10.00000000,8.00000000,4.46897438,3.62469321,0.47612130,0,3.53102562
0.00592000,10.00000000,8.00000000,4.48501485,3.73841970,0.47709860,0,3.51498515
0.00594000,10.00000000,8.00000000,4.50221182,3.84940668,0.47806772,0,3.49778818
0.00596000,10.00000000,8.00000000,4.52052580,3.95716656,0.47902858,0,3.47947420
0.00598000,10.00000000,8.00000000,4.53991222,4.06122821,0.47998111,0,3.46008778
0.00600000,10.00000000,8.00000000,4.56032162,4.16113911,0.48092529,0,3.43967838
0.00602000,10.00000000,8.00000000,4.58169995,4.25646730,0.48186112,0,3.41830005
0.00604000,10.00000000,8.00000000,4.60398876,4.34680336,0.48278863,0,3.39601124
0.00606000,10.00000000,8.00000000,4.62712552,4.43176220,0.48370723,0,3.37287448
0.00608000,10.00000000,8.00000000,4.65104394,4.51098212,0.48461504,0,3.34895606
0.00610000,10.00000000,8.00000000,4.67567418,4.58412119,0.48551475,0,3.32432582
0.00612000,10.00000000,8.00000000,4.70094320,4.65087673,0.48640648,0,3.29905680
0.00614000,10.00000000,8.00000000,4.72677519,4.71097645,0.48729043,0,3.27322481
0.00616000,10.00000000,8.00000000,4.75309193,4.76417955,0.48816679,0,3.24690807
0.00618000,10.00000000,8.00000000,4.77981313,4.81027781,0.48903578,0,3.22018687
0.00620000,10.00000000,8.00000000,4.80685682,4.84909631,0.48989766,0,3.19314318
0.00622000,10.00000000,8.00000000,4.83413975,4.88049423,0.49075434,0,3.16586025
0.00624000,10.00000000,8.00000000,4.86157778,4.90437184,0.49160546,0,3.13842222
0.00626000,10.00000000,8.00000000,4.88908632,4.92066179,0.49245032,0,3.11091368
0.00628000,10.00000000,8.00000000,4.91658067,4.92932780,0.49328907,0,3.08341933
0.00630000,10.00000000,8.00000000,4.94397640,4.93036797,0.49411906,0,3.05602360
0.00632000,10.00000000,8.00000000,4.97118964,4.92380353,0.49494382,0,3.02881036
0.00634000,10.00000000,8.00000000,4.99813750,4.90970317,0.49576371,0,3.00186250
0.00636000,10.00000000,8.00000000,5.02473847,4.88816991,0.49657909,0,2.97526153
0.00638000,10.00000000,8.00000000,5.05091286,4.85934050,0.49739034,0,2.94908714
0.00640000,10.00000000,8.00000000,5.07658310,4.82338462,0.49819783,0,2.92341690
0.00642000,10.00000000,8.00000000,5.10167410,4.78050400,0.49900195,0,2.89832590
0.00644000,10.00000000,8.00000000,5.12611362,4.73093136,0.49980430,0,2.87388638
0.00646000,10.00000000,8.00000000,5.14983257,4.67493421,0.50060530,0,2.85016743
0.00648000,10.00000000,8.00000000,5.17276537,4.61280857,0.50140398,0,2.82723463
0.00650000,10.00000000,8.00000000,5.19485021,4.54487213,0.50220070,0,2.80514979
0.00652000,10.00000000,8.00000000,5.21602929,4.47146792,0.50299582,0,2.78397071
0.00654000,10.00000000,8.00000000,5.23624905,4.39296272,0.50378969,0,2.76375095
0.00656000,10.00000000,8.00000000,5.25546042,4.30974523,0.50458162,0,2.74453958
0.00658000,10.00000000,8.00000000,5.27361901,4.22222006,0.50537212,0,2.72638099
0.00660000,10.00000000,8.00000000,5.29068526,4.13081068,0.50616250,0,2.70931474
0.00662000,10.00000000,8.00000000,5.30662461,4.03596063,0.50695306,0,2.69337539
0.00664000,10.00000000,8.00000000,5.32140772,3.93812743,0.50774409,0,2.67859228
0.00666000,10.00000000,8.00000000,5.33501053,3.83778049,0.50853588,0,2.66498947
0.00668000,10.00000000,8.00000000,5.34741438,3.73539881,0.50932866,0,2.65258562
0.00670000,10.00000000,8.00000000,5.35860606,3.63146882,0.51012307,0,2.64139394
0.00672000,10.00000000,8.00000000,5.36857785,3.52648361,0.51092001,0,2.63142215
0.00674000,10.00000000,8.00000000,5.37732760,3.42094188,0.51171850,0,2.62267240
0.00676000,10.00000000,8.00000000,5.38485864,3.31533812,0.51251869,0,2.61514136
0.00678000,10.00000000,8.00000000,5.39117978,3.21016510,0.51332076,0,2.60882022
0.00680000,10.00000000,8.00000000,5.39630520,3.10591160,0.51412483,0,2.60369480
0.00682000,10.00000000,8.00000000,5.40025442,3.00306019,0.51493101,0,2.59974558
0.00684000,10.00000000,8.00000000,5.40305210,2.90208503,0.51573939,0,2.59694790
0.00686000,10.00000000,8.00000000,5.40472802,2.80344975,0.51655005,0,2.59527198
0.00688000,10.00000000,8.00000000,5.40531681,2.70760538,0.51736302,0,2.59468319
0.00690000,10.00000000,8.00000000,5.40485787,2.61498832,0.51816312,0,2.59514213
0.00692000,10.00000000,8.00000000,5.40339476,2.52595760,0.51894753,0,2.59660524
0.00694000,10.00000000,8.00000000,5.40097463,2.44084277,0.51973589,0,2.59902537
0.00696000,10.00000000,8.00000000,5.39764835,2.36003243,0.52052831,0,2.60235165
0.00698000,10.00000000,8.00000000,5.39347068,2.28389444,0.52132487,0,2.60652932
0.00700000,10.00000000,8.00000000,5.38850006,2.21277438,0.52212563,0,2.61149994
0.00702000,10.00000000,8.00000000,5.38279829,2.14699394,0.52293061,0,2.61720171
0.00704000,10.00000000,8.00000000,5.37643025,2.08684958,0.52373979,0,2.62356975
0.00706000,10.00000000,8.00000000,5.36946359,2.03261119,0.52455315,0,2.63053641
0.00708000,10.00000000,8.00000000,5.36196846,1.98452094,0.52537060,0,2.63803154
0.00710000,10.00000000,8.00000000,5.35401710,1.94279226,0.52619206,0,2.64598290
0.00712000,10.00000000,8.00000000,5.34568358,1.90760890,0.52701741,0,2.65431642
0.00714000,10.00000000,8.00000000,5.33704342,1.87912420,0.52784695,0,2.66295658
0.00716000,10.00000000,8.00000000,5.32817326,1.85746227,0.52868054,0,2.67182674
0.00718000,10.00000000,8.00000000,5.31915052,1.84271589,0.52951747,0,2.68084948
0.00720000,10.00000000,8.00000000,5.31005301,1.83494386,0.53035749,0,2.68994699
0.00722000,10.00000000,8.00000000,5.30095861,1.83417289,0.53120035,0,2.69904139
0.00724000,10.00000000,8.00000000,5.29194488,1.84039756,0.53204576,0,2.70805512
0.00726000,10.00000000,8.00000000,5.28308870,1.85358041,0.53289343,0,2.71691130
0.00728000,10.00000000,8.00000000,5.27446594,1.87365221,0.53374276,0,2.72553406
0.00730000,10.00000000,8.00000000,5.26615110,1.90051132,0.53459279,0,2.73384890
0.00732000,10.00000000,8.00000000,5.25821697,1.93402275,0.53544407,0,2.74178303
0.00734000,10.00000000,8.00000000,5.25073427,1.97402499,0.53629624,0,2.74926573
0.00736000,10.00000000,8.00000000,5.24377139,2.02032726,0.53714892,0,2.75622861
0.00738000,10.00000000,8.00000000,5.23739406,2.07271044,0.53800173,0,2.76260594
0.00740000,10.00000000,8.00000000,5.23166508,2.13092813,0.53885425,0,2.76833492
0.00742000,10.00000000,8.00000000,5.22664402,2.19470786,0.53970609,0,2.77335598
0.00744000,10.00000000,8.00000000,5.22238694,2.26375240,0.54055684,0,2.77761306
0.00746000,10.00000000,8.00000000,5.21894621,2.33774114,0.54140607,0,2.78105379
0.00748000,10.00000000,8.00000000,5.21637019,2.41633170,0.54225336,0,2.78362981
0.00750000,10.00000000,8.00000000,5.21470310,2.49916144,0.54309829,0,2.78529690
0.00752000,10.00000000,8.00000000,5.21398476,2.58584925,0.54394044,0,2.78601524
0.00754000,10.00000000,8.00000000,5.21425048,2.67599730,0.54477118,0,2.78574952
0.00756000,10.00000000,8.00000000,5.21553069,2.76916004,0.54557514,0,2.78446931
0.00758000,10.00000000,8.00000000,5.21785031,2.86481938,0.54637429,0,2.78214969
0.00760000,10.00000000,8.00000000,5.22122881,2.96253626,0.54716839,0,2.77877119
0.00762000,10.00000000,8.00000000,5.22568065,3.06186388,0.54795721,0,2.77431935
0.00764000,10.00000000,8.00000000,5.23121523,3.16234973,0.54874053,0,2.76878477
0.00766000,10.00000000,8.00000000,5.23783686,3.26353767,0.54951813,0,2.76216314
0.00768000,10.00000000,8.00000000,5.24554476,3.36497001,0.55028983,0,2.75445524
0.00770000,10.00000000,8.00000000,5.25433307,3.46618962,0.55105546,0,2.74566693
0.00772000,10.00000000,8.00000000,5.26419093,3.56674206,0.55181485,0,2.73580907
0.00774000,10.00000000,8.00000000,5.27510253,3.66617757,0.55256727,0,2.72489747
0.00776000,10.00000000,8.00000000,5.28704716,3.76405075,0.55331199,0,2.71295284
0.00778000,10.00000000,8.00000000,5.29999936,3.85992251,0.55405002,0,2.70000064
0.00780000,10.00000000,8.00000000,5.31392900,3.95336894,0.55478131,0,2.68607100
0.00782000,10.00000000,8.00000000,5.32880151,4.04397889,0.55550582,0,2.67119849
0.00784000,10.00000000,8.00000000,5.34457801,4.13135569,0.55622352,0,2.65542199
0.00786000,10.00000000,8.00000000,5.36121554,4.21511899,0.55693443,0,2.63878446
0.00788000,10.00000000,8.00000000,5.37866728,4.29490645,0.55763857,0,2.62133272
0.00790000,10.00000000,8.00000000,5.39688274,4.37037528,0.55833668,0,2.60311726
0.00792000,10.00000000,8.00000000,5.41580804,4.44120659,0.55902881,0,2.58419196
0.00794000,10.00000000,8.00000000,5.43538620,4.50710376,0.55971446,0,2.56461380
0.00796000,10.00000000,8.00000000,5.45555740,4.56779161,0.56039374,0,2.54444260
0.00798000,10.00000000,8.00000000,5.47625920,4.62301985,0.56106678,0,2.52374080
0.00800000,10.00000000,8.00000000,5.49742691,4.67256417,0.56173375,0,2.50257309
0.00802000,10.00000000,8.00000000,5.51899384,4.71622717,0.56239481,0,2.48100616
0.00804000,10.00000000,8.00000000,5.54089166,4.75383920,0.56305018,0,2.45910834
0.00806000,10.00000000,8.00000000,5.56305068,4.78525896,0.56369788,0,2.43694932
0.00808000,10.00000000,8.00000000,5.58540013,4.81036547,0.56433965,0,2.41459987
0.00810000,10.00000000,8.00000000,5.60786851,4.82907310,0.56497641,0,2.39213149
0.00812000,10.00000000,8.00000000,5.63038394,4.84132861,0.56560843,0,2.36961606
0.00814000,10.00000000,8.00000000,5.65287450,4.84710861,0.56623598,0,2.34712550
0.00816000,10.00000000,8.00000000,5.67526860,4.84641952,0.56685937,0,2.32473140
0.00818000,10.00000000,8.00000000,5.69749527,4.83929747,0.56747888,0,2.30250473
0.00820000,10.00000000,8.00000000,5.71948448,4.82580800,0.56809521,0,2.28051552
0.00822000,10.00000000,8.00000000,5.74116751,4.80604713,0.56870973,0,2.25883249
0.00824000,10.00000000,8.00000000,5.76247726,4.78014355,0.56932129,0,2.23752274
0.00826000,10.00000000,8.00000000,5.78334854,4.74824786,0.56993021,0,2.21665146
0.00828000,10.00000000,8.00000000,5.80371834,4.71053757,0.57053680,0,2.19628166
0.00830000,10.00000000,8.00000000,5.82352614,4.66721619,0.57114140,0,2.17647386
0.00832000,10.00000000,8.00000000,5.84271410,4.61851216,0.57174431,0,2.15728590
0.00834000,10.00000000,8.00000000,5.86122740,4.56467774,0.57234574,0,2.13877260
0.00836000,10.00000000,8.00000000,5.87901444,4.50598732,0.57294417,0,2.12098556
0.00838000,10.00000000,8.00000000,5.89602701,4.44272913,0.57354193,0,2.10397299
0.00840000,10.00000000,8.00000000,5.91222053,4.37521935,0.57413934,0,2.08777947
0.00842000,10.00000000,8.00000000,5.92755427,4.30379245,0.57473667,0,2.07244573
0.00844000,10.00000000,8.00000000,5.94199152,4.22879953,0.57533421,0,2.05800848
0.00846000,10.00000000,8.00000000,5.95549976,4.15060665,0.57593221,0,2.04450024
0.00848000,10.00000000,8.00000000,5.96805076,4.06959308,0.57653094,0,2.03194924
0.00850000,10.00000000,8.00000000,5.97962073,3.98614949,0.57713184,0,2.02037927
0.00852000,10.00000000,8.00000000,5.99019043,3.90068103,0.57773390,0,2.00980957
0.00854000,10.00000000,8.00000000,5.99974521,3.81359548,0.57833726,0,2.00025479
0.00856000,10.00000000,8.00000000,6.00827506,3.72530620,0.57894211,0,1.99172494
0.00858000,10.00000000,8.00000000,6.01577465,3.63623034,0.57954862,0,1.98422535
0.00860000,10.00000000,8.00000000,6.02224328,3.54678691,0.58015693,0,1.97775672
0.00862000,10.00000000,8.00000000,6.02768492,3.45739487,0.58076716,0,1.97231508
0.00864000,10.00000000,8.00000000,6.03210814,3.36847117,0.58137944,0,1.96789186
0.00866000,10.00000000,8.00000000,6.03552607,3.28042884,0.58199384,0,1.96447393
0.00868000,10.00000000,8.00000000,6.03795631,3.19367515,0.58261043,0,1.96204369
0.00870000,10.00000000,8.00000000,6.03942084,3.10860969,0.58322928,0,1.96057916
0.00872000,10.00000000,8.00000000,6.03994588,3.02562263,0.58385039,0,1.96005412
0.00874000,10.00000000,8.00000000,6.03956178,2.94509294,0.58445925,0,1.96043822
0.00876000,10.00000000,8.00000000,6.03830252,2.86732851,0.58505179,0,1.96169748
0.00878000,10.00000000,8.00000000,6.03620515,2.79260686,0.58564803,0,1.96379485
0.00880000,10.00000000,8.00000000,6.03330994,2.72127010,0.58624808,0,1.96669006
0.00882000,10.00000000,8.00000000,6.02966063,2.65364396,0.58685201,0,1.97033937
0.00884000,10.00000000,8.00000000,6.02530425,2.59003629,0.58745988,0,1.97469575
0.00886000,10.00000000,8.00000000,6.02029085,2.53073575,0.58807170,0,1.97970915
0.00888000,10.00000000,8.00000000,6.01467330,2.47601048,0.58868747,0,1.98532670
0.00890000,10.00000000,8.00000000,6.00850704,2.42610697,0.58930718,0,1.99149296
0.00892000,10.00000000,8.00000000,6.00184979,2.38124893,0.58993076,0,1.99815021
0.00894000,10.00000000,8.00000000,5.99476131,2.34163637,0.59055813,0,2.00523869
0.00896000,10.00000000,8.00000000,5.98730311,2.30744474,0.59118920,0,2.01269689
0.00898000,10.00000000,8.00000000,5.97953816,2.27882414,0.59182384,0,2.02046184
0.00900000,10.00000000,8.00000000,5.97153059,2.25589876,0.59246190,0,2.02846941
0.00902000,10.00000000,8.00000000,5.96334542,2.23876633,0.59310320,0,2.03665458
0.00904000,10.00000000,8.00000000,5.95504824,2.22749776,0.59374755,0,2.04495176
0.00906000,10.00000000,8.00000000,5.94670491,2.22213691,0.59439474,0,2.05329509
0.00908000,10.00000000,8.00000000,5.93838126,2.22270038,0.59504508,0,2.06161874
0.00910000,10.00000000,8.00000000,5.93014281,2.22917982,0.59569784,0,2.06985719
0.00912000,10.00000000,8.00000000,5.92205445,2.24153781,0.59635264,0,2.07794555
0.00914000,10.00000000,8.00000000,5.91418015,2.25970963,0.59700918,0,2.08581985
0.00916000,10.00000000,8.00000000,5.90658266,2.28360405,0.59766716,0,2.09341734
0.00918000,10.00000000,8.00000000,5.89932323,2.31310378,0.59832626,0,2.10067677
0.00920000,10.00000000,8.00000000,5.89246131,2.34806613,0.59898614,0,2.10753869
0.00922000,10.00000000,8.00000000,5.88605434,2.38832364,0.59964641,0,2.11394566
0.00924000,10.00000000,8.00000000,5.88015742,2.43368481,0.60030592,0,2.11984258
0.00926000,10.00000000,8.00000000,5.87482309,2.48393197,0.60096521,0,2.12517691
0.00928000,10.00000000,8.00000000,5.87010108,2.53882919,0.60162393,0,2.12989892
0.00930000,10.00000000,8.00000000,5.86603811,2.59811980,0.60228172,0,2.13396189
0.00932000,10.00000000,8.00000000,5.86267769,2.66152760,0.60293819,0,2.13732231
0.00934000,10.00000000,8.00000000,5.86005995,2.72875822,0.60359299,0,2.13994005
0.00936000,10.00000000,8.00000000,5.85822140,2.79950045,0.60424575,0,2.14177860
0.00938000,10.00000000,8.00000000,5.85719485,2.87342777,0.60489610,0,2.14280515
0.00940000,10.00000000,8.00000000,5.85700921,2.95019982,0.60554368,0,2.14299079
0.00942000,10.00000000,8.00000000,5.85768939,3.02946403,0.60616365,0,2.14231061
0.00944000,10.00000000,8.00000000,5.85925567,3.11075944,0.60677273,0,2.14074433
0.00946000,10.00000000,8.00000000,5.86172342,3.19368480,0.60737743,0,2.13827658
0.00948000,10.00000000,8.00000000,5.86510360,3.27785966,0.60797757,0,2.13489640
0.00950000,10.00000000,8.00000000,5.86940287,3.36289933,0.60857298,0,2.13059713
0.00952000,10.00000000,8.00000000,5.87462358,3.44841665,0.60916351,0,2.12537642
0.00954000,10.00000000,8.00000000,5.88076376,3.53402378,0.60974902,0,2.11923624
0.00956000,10.00000000,8.00000000,5.88781716,3.61933397,0.61032905,0,2.11218284
0.00958000,10.00000000,8.00000000,5.89577330,3.70396193,0.61090292,0,2.10422670
0.00960000,10.00000000,8.00000000,5.90461749,3.78752474,0.61147134,0,2.09538251
0.00962000,10.00000000,8.00000000,5.91433093,3.86964903,0.61203426,0,2.08566907
0.00964000,10.00000000,8.00000000,5.92489082,3.94996948,0.61259161,0,2.07510918
0.00966000,10.00000000,8.00000000,5.93627051,4.02813049,0.61314338,0,2.06372949
0.00968000,10.00000000,8.00000000,5.94843962,4.10378774,0.61368955,0,2.05156038
0.00970000,10.00000000,8.00000000,5.96136416,4.17660974,0.61423012,0,2.03863584
0.00972000,10.00000000,8.00000000,5.97500678,4.24627931,0.61476516,0,2.02499322
0.00974000,10.00000000,8.00000000,5.98932687,4.31249507,0.61529543,0,2.01067313
0.00976000,10.00000000,8.00000000,6.00428084,4.37497560,0.61582030,0,1.99571916
0.00978000,10.00000000,8.00000000,6.01982229,4.43345493,0.61633984,0,1.98017771
0.00980000,10.00000000,8.00000000,6.03590226,4.48768648,0.61685416,0,1.96409774
0.00982000,10.00000000,8.00000000,6.05246941,4.53744416,0.61736338,0,1.94753059
0.00984000,10.00000000,8.00000000,6.06947032,4.58252329,0.61786763,0,1.93052968
0.00986000,10.00000000,8.00000000,6.08684972,4.62274147,0.61836706,0,1.91315028
0.00988000,10.00000000,8.00000000,6.10455075,4.65793936,0.61886183,0,1.89544925
0.00990000,10.00000000,8.00000000,6.12251522,4.68798130,0.61935214,0,1.87748478
0.00992000,10.00000000,8.00000000,6.14068390,4.71275585,0.61983818,0,1.85931610
0.00994000,10.00000000,8.00000000,6.15899680,4.73217622,0.62032015,0,1.84100320
0.00996000,10.00000000,8.00000000,6.17739342,4.74618056,0.62079686,0,1.82260658
0.00998000,10.00000000,8.00000000,6.19581304,4.75472647,0.62126903,0,1.80418696
0.01000000,10.00000000,8.00000000,6.21419493,4.75779871,0.62173784,0,1.78580507
0.01002000,10.00000000,8.00000000,6.23247871,4.75541110,0.62220358,0,1.76752129
0.01004000,10.00000000,8.00000000,6.25060462,4.74760250,0.62266649,0,1.74939538
0.01006000,10.00000000,8.00000000,6.26851381,4.73443660,0.62312686,0,1.73148619
0.01008000,10.00000000,8.00000000,6.28614857,4.71600149,0.62358496,0,1.71385143
0.01010000,10.00000000,8.00000000,6.30345264,4.69240917,0.62404127,0,1.69654736
0.01012000,10.00000000,8.00000000,6.32037145,4.66379570,0.62449687,0,1.67962855
0.01014000,10.00000000,8.00000000,6.33685238,4.63032298,0.62495102,0,1.66314762
0.01016000,10.00000000,8.00000000,6.35284498,4.59217052,0.62540400,0,1.64715502
0.01018000,10.00000000,8.00000000,6.36830120,4.54953863,0.62585607,0,1.63169880
0.01020000,10.00000000,8.00000000,6.38317558,4.50264743,0.62630751,0,1.61682442
0.01022000,10.00000000,8.00000000,6.39742546,4.45173577,0.62675858,0,1.60257454
0.01024000,10.00000000,8.00000000,6.41101116,4.39705999,0.62720953,0,1.58898884
0.01026000,10.00000000,8.00000000,6.42389615,4.33889274,0.62766062,0,1.57610385
0.01028000,10.00000000,8.00000000,6.43604720,4.27752159,0.62811209,0,1.56395280
0.01030000,10.00000000,8.00000000,6.44743455,4.21324768,0.62856415,0,1.55256545
0.01032000,10.00000000,8.00000000,6.45803198,4.14638427,0.62901704,0,1.54196802
0.01034000,10.00000000,8.00000000,6.46781698,4.07725524,0.62947095,0,1.53218302
0.01036000,10.00000000,8.00000000,6.47677076,4.00619351,0.62992607,0,1.52322924
0.01038000,10.00000000,8.00000000,6.48487842,3.93353954,0.63038257,0,1.51512158
0.01040000,10.00000000,8.00000000,6.49212890,3.85963965,0.63084021,0,1.50787110
0.01042000,10.00000000,8.00000000,6.49851509,3.78484283,0.63129928,0,1.50148491
0.01044000,10.00000000,8.00000000,6.50403378,3.70950127,0.63176028,0,1.49596622
0.01046000,10.00000000,8.00000000,6.50868572,3.63396967,0.63222332,0,1.49131428
0.01048000,10.00000000,8.00000000,6.51247557,3.55860210,0.63268850,0,1.48752443
0.01050000,10.00000000,8.00000000,6.51541187,3.48375034,0.63315587,0,1.48458813
0.01052000,10.00000000,8.00000000,6.51750700,3.40976228,0.63362583,0,1.48249300
0.01054000,10.00000000,8.00000000,6.51877710,3.33698158,0.63409816,0,1.48122290
0.01056000,10.00000000,8.00000000,6.51924199,3.26574395,0.63457276,0,1.48075801
0.01058000,10.00000000,8.00000000,6.51892506,3.19637597,0.63503650,0,1.48107494
0.01060000,10.00000000,8.00000000,6.51785281,3.12914170,0.63548433,0,1.48214719
0.01062000,10.00000000,8.00000000,6.51605438,3.06427390,0.63593562,0,1.48394562
0.01064000,10.00000000,8.00000000,6.51356168,3.00207059,0.63639054,0,1.48643832
0.01066000,10.00000000,8.00000000,6.51040967,2.94281714,0.63684945,0,1.48959033
0.01068000,10.00000000,8.00000000,6.50663622,2.88678571,0.63731204,0,1.49336378
0.01070000,10.00000000,8.00000000,6.50228189,2.83423159,0.63777833,0,1.49771811
0.01072000,10.00000000,8.00000000,6.49738978,2.78539341,0.63824832,0,1.50261022
0.01074000,10.00000000,8.00000000,6.49200528,2.74049207,0.63872199,0,1.50799472
0.01076000,10.00000000,8.00000000,6.48617588,2.69972977,0.63919860,0,1.51382412
0.01078000,10.00000000,8.00000000,6.47995092,2.66328649,0.63967869,0,1.52004908
0.01080000,10.00000000,8.00000000,6.47338137,2.63132417,0.64016217,0,1.52661863
0.01082000,10.00000000,8.00000000,6.46651958,2.60398383,0.64064895,0,1.53348042
0.01084000,10.00000000,8.00000000,6.45941907,2.58138484,0.64113888,0,1.54058093
0.01086000,10.00000000,8.00000000,6.45213426,2.56362448,0.64163183,0,1.54786574
0.01088000,10.00000000,8.00000000,6.44472022,2.55077753,0.64212763,0,1.55527978
0.01090000,10.00000000,8.00000000,6.43723241,2.54289597,0.64262608,0,1.56276759
0.01092000,10.00000000,8.00000000,6.42972644,2.54000883,0.64312699,0,1.57027356
0.01094000,10.00000000,8.00000000,6.42225781,2.54212210,0.64363014,0,1.57774219
0.01096000,10.00000000,8.00000000,6.41488164,2.54921876,0.64413529,0,1.58511836
0.01098000,10.00000000,8.00000000,6.40765244,2.56125891,0.64464220,0,1.59234756
0.01100000,10.00000000,8.00000000,6.40062383,2.57818004,0.64515061,0,1.59937617
0.01102000,10.00000000,8.00000000,6.39384835,2.59989734,0.64566024,0,1.60615165
0.01104000,10.00000000,8.00000000,6.38737716,2.62630416,0.64617081,0,1.61262284
0.01106000,10.00000000,8.00000000,6.38125983,2.65727259,0.64668202,0,1.61874017
0.01108000,10.00000000,8.00000000,6.37554416,2.69265403,0.64719358,0,1.62445584
0.01110000,10.00000000,8.00000000,6.37027590,2.73227998,0.64770517,0,1.62972410
0.01112000,10.00000000,8.00000000,6.36549856,2.77596283,0.64821649,0,1.63450144
0.01114000,10.00000000,8.00000000,6.36125327,2.82349681,0.64872721,0,1.63874673
0.01116000,10.00000000,8.00000000,6.35757851,2.87465890,0.64923701,0,1.64242149
0.01118000,10.00000000,8.00000000,6.35451002,2.92921000,0.64974557,0,1.64548998
0.01120000,10.00000000,8.00000000,6.35208060,2.98689598,0.65025258,0,1.64791940
0.01122000,10.00000000,8.00000000,6.35031995,3.04744892,0.65075769,0,1.64968005
0.01124000,10.00000000,8.00000000,6.34925461,3.11058836,0.65126061,0,1.65074539
0.01126000,10.00000000,8.00000000,6.34890776,3.17602263,0.65176101,0,1.65109224
0.01128000,10.00000000,8.00000000,6.34929919,3.24345019,0.65224297,0,1.65070081
0.01130000,10.00000000,8.00000000,6.35044484,3.31249862,0.65270733,0,1.64955516
0.01132000,10.00000000,8.00000000,6.35235641,3.38279336,0.65316781,0,1.64764359
0.01134000,10.00000000,8.00000000,6.35504168,3.45401085,0.65362428,0,1.64495832
0.01136000,10.00000000,8.00000000,6.35850478,3.52582463,0.65407663,0,1.64149522
0.01138000,10.00000000,8.00000000,6.36274619,3.59790684,0.65452473,0,1.63725381
0.01140000,10.00000000,8.00000000,6.36776275,3.66992970,0.65496849,0,1.63223725
0.01142000,10.00000000,8.00000000,6.37354770,3.74156702,0.65540783,0,1.62645230
0.01144000,10.00000000,8.00000000,6.38009071,3.81249570,0.65584267,0,1.61990929
0.01146000,10.00000000,8.00000000,6.38737796,3.88239720,0.65627297,0,1.61262204
0.01148000,10.00000000,8.00000000,6.39539221,3.95095895,0.65669868,0,1.60460779
0.01150000,10.00000000,8.00000000,6.40411288,4.01787582,0.65711978,0,1.59588712
0.01152000,10.00000000,8.00000000,6.41351619,4.08285145,0.65753626,0,1.58648381
0.01154000,10.00000000,8.00000000,6.42357524,4.14559957,0.65794813,0,1.57642476
0.01156000,10.00000000,8.00000000,6.43426019,4.20584532,0.65835541,0,1.56573981
0.01158000,10.00000000,8.00000000,6.44553836,4.26332644,0.65875814,0,1.55446164
0.01160000,10.00000000,8.00000000,6.45737446,4.31779441,0.65915638,0,1.54262554
0.01162000,10.00000000,8.00000000,6.46973070,4.36901559,0.65955021,0,1.53026930
0.01164000,10.00000000,8.00000000,6.48256699,4.41677217,0.65993942,0,1.51743301
0.01166000,10.00000000,8.00000000,6.49584116,4.46086210,0.66032286,0,1.50415884
0.01168000,10.00000000,8.00000000,6.50950907,4.50109584,0.66070213,0,1.49049093
0.01170000,10.00000000,8.00000000,6.52352490,4.53730839,0.66107739,0,1.47647510
0.01172000,10.00000000,8.00000000,6.53784132,4.56935394,0.66144879,0,1.46215868
0.01174000,10.00000000,8.00000000,6.55240979,4.59710647,0.66181649,0,1.44759021
0.01176000,10.00000000,8.00000000,6.56718074,4.62046025,0.66218067,0,1.43281926
0.01178000,10.00000000,8.00000000,6.58210381,4.63933024,0.66254151,0,1.41789619
0.01180000,10.00000000,8.00000000,6.59712811,4.65365242,0.66289953,0,1.40287189
0.01182000,10.00000000,8.00000000,6.61220244,4.66338524,0.66325511,0,1.38779756
0.01184000,10.00000000,8.00000000,6.62727554,4.66850920,0.66360798,0,1.37272446
0.01186000,10.00000000,8.00000000,6.64229633,4.66902417,0.66395837,0,1.35770367
0.01188000,10.00000000,8.00000000,6.65721413,4.66495129,0.66430650,0,1.34278587
0.01190000,10.00000000,8.00000000,6.67197889,4.65633276,0.66465260,0,1.32802111
0.01192000,10.00000000,8.00000000,6.68654142,4.64323155,0.66499691,0,1.31345858
0.01194000,10.00000000,8.00000000,6.70085362,4.62573106,0.66533968,0,1.29914638
0.01196000,10.00000000,8.00000000,6.71486868,4.60393464,0.66568114,0,1.28513132
0.01198000,10.00000000,8.00000000,6.72854133,4.57796504,0.66602153,0,1.27145867
0.01200000,10.00000000,8.00000000,6.74182797,4.54796372,0.66636110,0,1.25817203
0.01202000,10.00000000,8.00000000,6.75468695,4.51409021,0.66670008,0,1.24531305
0.01204000,10.00000000,8.00000000,6.76707869,4.47652120,0.66703871,0,1.23292131
0.01206000,10.00000000,8.00000000,6.77896590,4.43544973,0.66737723,0,1.22103410
0.01208000,10.00000000,8.00000000,6.79031370,4.39108420,0.66771529,0,1.20968630
0.01210000,10.00000000,8.00000000,6.80108979,4.34364512,0.66805288,0,1.19891021
0.01212000,10.00000000,8.00000000,6.81126457,4.29336526,0.66839107,0,1.18873543
0.01214000,10.00000000,8.00000000,6.82081125,4.24049305,0.66873009,0,1.17918875
0.01216000,10.00000000,8.00000000,6.82970603,4.18528785,0.66907011,0,1.17029397
0.01218000,10.00000000,8.00000000,6.83792815,4.12801873,0.66941132,0,1.16207185
0.01220000,10.00000000,8.00000000,6.84545999,4.06896314,0.66975390,0,1.15454001
0.01222000,10.00000000,8.00000000,6.85228716,4.00840561,0.67009843,0,1.14771284
0.01224000,10.00000000,8.00000000,6.85839854,3.94663818,0.67044470,0,1.14160146
0.01226000,10.00000000,8.00000000,6.86378632,3.88395581,0.67079272,0,1.13621368
0.01228000,10.00000000,8.00000000,6.86844601,3.82065595,0.67114261,0,1.13155399
0.01230000,10.00000000,8.00000000,6.87237648,3.75703759,0.67149444,0,1.12762352
0.01232000,10.00000000,8.00000000,6.87557988,3.69339993,0.67184831,0,1.12442012
0.01234000,10.00000000,8.00000000,6.87806169,3.63004095,0.67220428,0,1.12193831
0.01236000,10.00000000,8.00000000,6.87983063,3.56725602,0.67256238,0,1.12016937
0.01238000,10.00000000,8.00000000,6.88089864,3.50533658,0.67292267,0,1.11910136
0.01240000,10.00000000,8.00000000,6.88128078,3.44456879,0.67328513,0,1.11871922
0.01242000,10.00000000,8.00000000,6.88099516,3.38523222,0.67363752,0,1.11900484
0.01244000,10.00000000,8.00000000,6.88006259,3.32754956,0.67397655,0,1.11993741
0.01246000,10.00000000,8.00000000,6.87850611,3.27172165,0.67431874,0,1.12149389
0.01248000,10.00000000,8.00000000,6.87635114,3.21800567,0.67466416,0,1.12364886
0.01250000,10.00000000,8.00000000,6.87362580,3.16664840,0.67501286,0,1.12637420
0.01252000,10.00000000,8.00000000,6.87036068,3.11788510,0.67536489,0,1.12963932
0.01254000,10.00000000,8.00000000,6.86658877,3.07193846,0.67572026,0,1.13341123
0.01256000,10.00000000,8.00000000,6.86234526,3.02901759,0.67607897,0,1.13765474
0.01258000,10.00000000,8.00000000,6.85766739,2.98931710,0.67644099,0,1.14233261
0.01260000,10.00000000,8.00000000,6.85259424,2.95301624,0.67680629,0,1.14740576
0.01262000,10.00000000,8.00000000,6.84716660,2.92027811,0.67717480,0,1.15283340
0.01264000,10.00000000,8.00000000,6.84142673,2.89124894,0.67754643,0,1.15857327
0.01266000,10.00000000,8.00000000,6.83541819,2.86605748,0.67792125,0,1.16458181
0.01268000,10.00000000,8.00000000,6.82918562,2.84481499,0.67829924,0,1.17081438
0.01270000,10.00000000,8.00000000,6.82277457,2.82761474,0.67868001,0,1.17722543
0.01272000,10.00000000,8.00000000,6.81623121,2.81453000,0.67906342,0,1.18376879
0.01274000,10.00000000,8.00000000,6.80960222,2.80561491,0.67944928,0,1.19039778
0.01276000,10.00000000,8.00000000,6.80293447,2.80090416,0.67983741,0,1.19706553
0.01278000,10.00000000,8.00000000,6.79627487,2.80041298,0.68022762,0,1.20372513
0.01280000,10.00000000,8.00000000,6.78967011,2.80413709,0.68061939,0,1.21032989
0.01282000,10.00000000,8.00000000,6.78316648,2.81205145,0.68101222,0,1.21683352
0.01284000,10.00000000,8.00000000,6.77680962,2.82411075,0.68140647,0,1.22319038
0.01286000,10.00000000,8.00000000,6.77064431,2.84025297,0.68180192,0,1.22935569
0.01288000,10.00000000,8.00000000,6.76471429,2.86039748,0.68219830,0,1.23528571
0.01290000,10.00000000,8.00000000,6.75906209,2.88444537,0.68259538,0,1.24093791
0.01292000,10.00000000,8.00000000,6.75372877,2.91228000,0.68299288,0,1.24627123
0.01294000,10.00000000,8.00000000,6.74875380,2.94376758,0.68339053,0,1.25124620
0.01296000,10.00000000,8.00000000,6.74417486,2.97875778,0.68378808,0,1.25582514
0.01298000,10.00000000,8.00000000,6.74002765,3.01708454,0.68418523,0,1.25997235
0.01300000,10.00000000,8.00000000,6.73634576,3.05856682,0.68458172,0,1.26365424
0.01302000,10.00000000,8.00000000,6.73316050,3.10300948,0.68497725,0,1.26683950
0.01304000,10.00000000,8.00000000,6.73050078,3.15020420,0.68537156,0,1.26949922
0.01306000,10.00000000,8.00000000,6.72839297,3.19993051,0.68576437,0,1.27160703
0.01308000,10.00000000,8.00000000,6.72686079,3.25195679,0.68615540,0,1.27313921
0.01310000,10.00000000,8.00000000,6.72592520,3.30604138,0.68654437,0,1.27407480
0.01312000,10.00000000,8.00000000,6.72560431,3.36193371,0.68693103,0,1.27439569
0.01314000,10.00000000,8.00000000,6.72591334,3.41937550,0.68730220,0,1.27408666
0.01316000,10.00000000,8.00000000,6.72686419,3.47805033,0.68765665,0,1.27313581
0.01318000,10.00000000,8.00000000,6.72846519,3.53763283,0.68800769,0,1.27153481
0.01320000,10.00000000,8.00000000,6.73072126,3.59784817,0.68835522,0,1.26927874
0.01322000,10.00000000,8.00000000,6.73363426,3.65841984,0.68869915,0,1.26636574
0.01324000,10.00000000,8.00000000,6.73720295,3.71907080,0.68903940,0,1.26279705
0.01326000,10.00000000,8.00000000,6.74142305,3.77952481,0.68937591,0,1.25857695
0.01328000,10.00000000,8.00000000,6.74628724,3.83950769,0.68970861,0,1.25371276
0.01330000,10.00000000,8.00000000,6.75178523,3.89874853,0.69003746,0,1.24821477
0.01332000,10.00000000,8.00000000,6.75790381,3.95698099,0.69036244,0,1.24209619
0.01334000,10.00000000,8.00000000,6.76462691,4.01394443,0.69068352,0,1.23537309
0.01336000,10.00000000,8.00000000,6.77193570,4.06938516,0.69100071,0,1.22806430
0.01338000,10.00000000,8.00000000,6.77980871,4.12305752,0.69131401,0,1.22019129
0.01340000,10.00000000,8.00000000,6.78822189,4.17472501,0.69162345,0,1.21177811
0.01342000,10.00000000,8.00000000,6.79714876,4.22416134,0.69192800,0,1.20285124
0.01344000,10.00000000,8.00000000,6.80656054,4.27114715,0.69222851,0,1.19343946
0.01346000,10.00000000,8.00000000,6.81642624,4.31547841,0.69252526,0,1.18357376
0.01348000,10.00000000,8.00000000,6.82671287,4.35696507,0.69281833,0,1.17328713
0.01350000,10.00000000,8.00000000,6.83738558,4.39543096,0.69310782,0,1.16261442
0.01352000,10.00000000,8.00000000,6.84840787,4.43071459,0.69339385,0,1.15159213
0.01354000,10.00000000,8.00000000,6.85974170,4.46266981,0.69367653,0,1.14025830
0.01356000,10.00000000,8.00000000,6.87134773,4.49116644,0.69395599,0,1.12865227
0.01358000,10.00000000,8.00000000,6.88318549,4.51609080,0.69423275,0,1.11681451
0.01360000,10.00000000,8.00000000,6.89521357,4.53734762,0.69450672,0,1.10478643
0.01362000,10.00000000,8.00000000,6.90738983,4.55485806,0.69477795,0,1.09261017
0.01364000,10.00000000,8.00000000,6.91967157,4.56856039,0.69504661,0,1.08032843
0.01366000,10.00000000,8.00000000,6.93201575,4.57841075,0.69531289,0,1.06798425
0.01368000,10.00000000,8.00000000,6.94437920,4.58438322,0.69557695,0,1.05562080
0.01370000,10.00000000,8.00000000,6.95671877,4.58646993,0.69583901,0,1.04328123
0.01372000,10.00000000,8.00000000,6.96899158,4.58468098,0.69609926,0,1.03100842
0.01374000,10.00000000,8.00000000,6.98115520,4.57904434,0.69635791,0,1.01884480
0.01376000,10.00000000,8.00000000,6.99316784,4.56960565,0.69661515,0,1.00683216
0.01378000,10.00000000,8.00000000,7.00498854,4.55642792,0.69687121,0,0.99501146
0.01380000,10.00000000,8.00000000,7.01657736,4.53959121,0.69712629,0,0.98342264
0.01382000,10.00000000,8.00000000,7.02789556,4.51919215,0.69738061,0,0.97210444
0.01384000,10.00000000,8.00000000,7.03890579,4.49534345,0.69763437,0,0.96109421
0.01386000,10.00000000,8.00000000,7.04957223,4.46817328,0.69788778,0,0.95042777
0.01388000,10.00000000,8.00000000,7.05986075,4.43782468,0.69814106,0,0.94013925
0.01390000,10.00000000,8.00000000,7.06973910,4.40445475,0.69839439,0,0.93026090
0.01392000,10.00000000,8.00000000,7.07917700,4.36823392,0.69864798,0,0.92082300
0.01394000,10.00000000,8.00000000,7.08814630,4.32934512,0.69890202,0,0.91185370
0.01396000,10.00000000,8.00000000,7.09662112,4.28798282,0.69915609,0,0.90337888
0.01398000,10.00000000,8.00000000,7.10457789,4.24434973,0.69941052,0,0.89542211
0.01400000,10.00000000,8.00000000,7.11199551,4.19865885,0.69966600,0,0.88800449
0.01402000,10.00000000,8.00000000,7.11885538,4.15113382,0.69992269,0,0.88114462
0.01404000,10.00000000,8.00000000,7.12514156,4.10200583,0.70018073,0,0.87485844
0.01406000,10.00000000,8.00000000,7.13084077,4.05151253,0.70044025,0,0.86915923
0.01408000,10.00000000,8.00000000,7.13594248,3.99989684,0.70070147,0,0.86405752
0.01410000,10.00000000,8.00000000,7.14043893,3.94740619,0.70096468,0,0.85956107
0.01412000,10.00000000,8.00000000,7.14432517,3.89429169,0.70122967,0,0.85567483
0.01414000,10.00000000,8.00000000,7.14759907,3.84080513,0.70149655,0,0.85240093
0.01416000,10.00000000,8.00000000,7.15026129,3.78719892,0.70176538,0,0.84973871
0.01418000,10.00000000,8.00000000,7.15231531,3.73372493,0.70203621,0,0.84768469
0.01420000,10.00000000,8.00000000,7.15376733,3.68063330,0.70230907,0,0.84623267
0.01422000,10.00000000,8.00000000,7.15462630,3.62817129,0.70258401,0,0.84537370
0.01424000,10.00000000,8.00000000,7.15490385,3.57658215,0.70286103,0,0.84509615
0.01426000,10.00000000,8.00000000,7.15461420,3.52610401,0.70312739,0,0.84538580
0.01428000,10.00000000,8.00000000,7.15377379,3.47691792,0.70338434,0,0.84622621
0.01430000,10.00000000,8.00000000,7.15240100,3.42920291,0.70364415,0,0.84759900
0.01432000,10.00000000,8.00000000,7.15051631,3.38317935,0.70390688,0,0.84948369
0.01434000,10.00000000,8.00000000,7.14814249,3.33905921,0.70417258,0,0.85185751
0.01436000,10.00000000,8.00000000,7.14530446,3.29704509,0.70444127,0,0.85469554
0.01438000,10.00000000,8.00000000,7.14202920,3.25732936,0.70471298,0,0.85797080
0.01440000,10.00000000,8.00000000,7.13834563,3.22009320,0.70498769,0,0.86165437
0.01442000,10.00000000,8.00000000,7.13428442,3.18550589,0.70526538,0,0.86571558
0.01444000,10.00000000,8.00000000,7.12987791,3.15372398,0.70554601,0,0.87012209
0.01446000,10.00000000,8.00000000,7.12515989,3.12489066,0.70582979,0,0.87484011
0.01448000,10.00000000,8.00000000,7.12016550,3.09913611,0.70611641,0,0.87983450
0.01450000,10.00000000,8.00000000,7.11493103,3.07657505,0.70640575,0,0.88506897
0.01452000,10.00000000,8.00000000,7.10949377,3.05730697,0.70669772,0,0.89050623
0.01454000,10.00000000,8.00000000,7.10389179,3.04141588,0.70699218,0,0.89610821
0.01456000,10.00000000,8.00000000,7.09816383,3.02896993,0.70728901,0,0.90183617
0.01458000,10.00000000,8.00000000,7.09234906,3.02002115,0.70758772,0,0.90765094
0.01460000,10.00000000,8.00000000,7.08648692,3.01460392,0.70788801,0,0.91351308
0.01462000,10.00000000,8.00000000,7.08061691,3.01273560,0.70819018,0,0.91938309
0.01464000,10.00000000,8.00000000,7.07477842,3.01441895,0.70849404,0,0.92522158
0.01466000,10.00000000,8.00000000,7.06901057,3.01964032,0.70879942,0,0.93098943
0.01468000,10.00000000,8.00000000,7.06335203,3.02836974,0.70910610,0,0.93664797
0.01470000,10.00000000,8.00000000,7.05784081,3.04056110,0.70941389,0,0.94215919
0.01472000,10.00000000,8.00000000,7.05251414,3.05615242,0.70972256,0,0.94748586
0.01474000,10.00000000,8.00000000,7.04740823,3.07506614,0.71003190,0,0.95259177
0.01476000,10.00000000,8.00000000,7.04255819,3.09720956,0.71034168,0,0.95744181
0.01478000,10.00000000,8.00000000,7.03799779,3.12247528,0.71065167,0,0.96200221
0.01480000,10.00000000,8.00000000,7.03375937,3.15074176,0.71096162,0,0.96624063
0.01482000,10.00000000,8.00000000,7.02987365,3.18187388,0.71127130,0,0.97012635
0.01484000,10.00000000,8.00000000,7.02636962,3.21572361,0.71158047,0,0.97363038
0.01486000,10.00000000,8.00000000,7.02327441,3.25213075,0.71188889,0,0.97672559
0.01488000,10.00000000,8.00000000,7.02061313,3.29092366,0.71219631,0,0.97938687
0.01490000,10.00000000,8.00000000,7.01840882,3.33192010,0.71250250,0,0.98159118
0.01492000,10.00000000,8.00000000,7.01668231,3.37492810,0.71280721,0,0.98331769
0.01494000,10.00000000,8.00000000,7.01545214,3.41974685,0.71311021,0,0.98454786
0.01496000,10.00000000,8.00000000,7.01473445,3.46616768,0.71341127,0,0.98526555
0.01498000,10.00000000,8.00000000,7.01454298,3.51397500,0.71371016,0,0.98545702
0.01500000,10.00000000,8.00000000,7.01488895,3.56294732,0.71399178,0,0.98511105
0.01502000,10.00000000,8.00000000,7.01578071,3.61279880,0.71426221,0,0.98421929
0.01504000,10.00000000,8.00000000,7.01722351,3.66326521,0.71452963,0,0.98277649
0.01506000,10.00000000,8.00000000,7.01921982,3.71411352,0.71479397,0,0.98078018
0.01508000,10.00000000,8.00000000,7.02176952,3.76510994,0.71505516,0,0.97823048
0.01510000,10.00000000,8.00000000,7.02486987,3.81602099,0.71531315,0,0.97513013
0.01512000,10.00000000,8.00000000,7.02851560,3.86661457,0.71556790,0,0.97148440
0.01514000,10.00000000,8.00000000,7.03269888,3.91666102,0.71581936,0,0.96730112
0.01516000,10.00000000,8.00000000,7.03740943,3.96593417,0.71606752,0,0.96259057
0.01518000,10.00000000,8.00000000,7.04263451,4.01421239,0.71631237,0,0.95736549
0.01520000,10.00000000,8.00000000,7.04835905,4.06127953,0.71655391,0,0.95164095
0.01522000,10.00000000,8.00000000,7.05456570,4.10692599,0.71679215,0,0.94543430
0.01524000,10.00000000,8.00000000,7.06123491,4.15094955,0.71702712,0,0.93876509
0.01526000,10.00000000,8.00000000,7.06834505,4.19315636,0.71725886,0,0.93165495
0.01528000,10.00000000,8.00000000,7.07587252,4.23336178,0.71748741,0,0.92412748
0.01530000,10.00000000,8.00000000,7.08379185,4.27139115,0.71771283,0,0.91620815
0.01532000,10.00000000,8.00000000,7.09207585,4.30708061,0.71793520,0,0.90792415
0.01534000,10.00000000,8.00000000,7.10069570,4.34027779,0.71815342,0,0.89930430
0.01536000,10.00000000,8.00000000,7.10962113,4.37083776,0.71836867,0,0.89037887
0.01538000,10.00000000,8.00000000,7.11882048,4.39863269,0.71858111,0,0.88117952
0.01540000,10.00000000,8.00000000,7.12826097,4.42354831,0.71879086,0,0.87173903
0.01542000,10.00000000,8.00000000,7.13790878,4.44548413,0.71899805,0,0.86209122
0.01544000,10.00000000,8.00000000,7.14772926,4.46435390,0.71920282,0,0.85227074
0.01546000,10.00000000,8.00000000,7.15768707,4.48008590,0.71940531,0,0.84231293
0.01548000,10.00000000,8.00000000,7.16774635,4.49262326,0.71960571,0,0.83225365
0.01550000,10.00000000,8.00000000,7.17787089,4.50192421,0.71980446,0,0.82212911
0.01552000,10.00000000,8.00000000,7.18802432,4.50796336,0.72000141,0,0.81197568
0.01554000,10.00000000,8.00000000,7.19817026,4.51072924,0.72019674,0,0.80182974
0.01556000,10.00000000,8.00000000,7.20827249,4.51022561,0.72039062,0,0.79172751
0.01558000,10.00000000,8.00000000,7.21829512,4.50647132,0.72058322,0,0.78170488
0.01560000,10.00000000,8.00000000,7.22820274,4.49950023,0.72077474,0,0.77179726
0.01562000,10.00000000,8.00000000,7.23796061,4.48936095,0.72096534,0,0.76203939
0.01564000,10.00000000,8.00000000,7.24753478,4.47611657,0.72115523,0,0.75246522
0.01566000,10.00000000,8.00000000,7.25689229,4.45984433,0.72134458,0,0.74310771
0.01568000,10.00000000,8.00000000,7.26600128,4.44063514,0.72153358,0,0.73399872
0.01570000,10.00000000,8.00000000,7.27483114,4.41859317,0.72172241,0,0.72516886
0.01572000,10.00000000,8.00000000,7.28335268,4.39383529,0.72191125,0,0.71664732
0.01574000,10.00000000,8.00000000,7.29153822,4.36649045,0.72210027,0,0.70846178
0.01576000,10.00000000,8.00000000,7.29936172,4.33669908,0.72228966,0,0.70063828
0.01578000,10.00000000,8.00000000,7.30679891,4.30461233,0.72247957,0,0.69320109
0.01580000,10.00000000,8.00000000,7.31382737,4.27039137,0.72267016,0,0.68617263
0.01582000,10.00000000,8.00000000,7.32042667,4.23420660,0.72286160,0,0.67957333
0.01584000,10.00000000,8.00000000,7.32657841,4.19623676,0.72305401,0,0.67342159
0.01586000,10.00000000,8.00000000,7.33226631,4.15666815,0.72324754,0,0.66773369
0.01588000,10.00000000,8.00000000,7.33747630,4.11569366,0.72344232,0,0.66252370
0.01590000,10.00000000,8.00000000,7.34219654,4.07351188,0.72363846,0,0.65780346
0.01592000,10.00000000,8.00000000,7.34641748,4.03032614,0.72383606,0,0.65358252
0.01594000,10.00000000,8.00000000,7.35013193,3.98634355,0.72403523,0,0.64986807
0.01596000,10.00000000,8.00000000,7.35333501,3.94177400,0.72423605,0,0.64666499
0.01598000,10.00000000,8.00000000,7.35602423,3.89682920,0.72443858,0,0.64397577
0.01600000,10.00000000,8.00000000,7.35819946,3.85172167,0.72464289,0,0.64180054
0.01602000,10.00000000,8.00000000,7.35986292,3.80666375,0.72484902,0,0.64013708
0.01604000,10.00000000,8.00000000,7.36101917,3.76186660,0.72505701,0,0.63898083
0.01606000,10.00000000,8.00000000,7.36167506,3.71753926,0.72526688,0,0.63832494
0.01608000,10.00000000,8.00000000,7.36183973,3.67388762,0.72547864,0,0.63816027
0.01610000,10.00000000,8.00000000,7.36152450,3.63111355,0.72567846,0,0.63847550
0.01612000,10.00000000,8.00000000,7.36074254,3.58935868,0.72587352,0,0.63925746
0.01614000,10.00000000,8.00000000,7.35950866,3.54878771,0.72607109,0,0.64049134
0.01616000,10.00000000,8.00000000,7.35783953,3.50958823,0.72627124,0,0.64216047
0.01618000,10.00000000,8.00000000,7.35575375,3.47194097,0.72647400,0,0.64424625
0.01620000,10.00000000,8.00000000,7.35327180,3.43601902,0.72667939,0,0.64672820
0.01622000,10.00000000,8.00000000,7.35041592,3.40198698,0.72688744,0,0.64958408
0.01624000,10.00000000,8.00000000,7.34720999,3.37000029,0.72709812,0,0.65279001
0.01626000,10.00000000,8.00000000,7.34367943,3.34020450,0.72731142,0,0.65632057
0.01628000,10.00000000,8.00000000,7.33985107,3.31273460,0.72752730,0,0.66014893
0.01630000,10.00000000,8.00000000,7.33575303,3.28771447,0.72774571,0,0.66424697
0.01632000,10.00000000,8.00000000,7.33141458,3.26525629,0.72796660,0,0.66858542
0.01634000,10.00000000,8.00000000,7.32686600,3.24546009,0.72818988,0,0.67313400
0.01636000,10.00000000,8.00000000,7.32213846,3.22841326,0.72841545,0,0.67786154
0.01638000,10.00000000,8.00000000,7.31726383,3.21419025,0.72864323,0,0.68273617
0.01640000,10.00000000,8.00000000,7.31227457,3.20285223,0.72887309,0,0.68772543
0.01642000,10.00000000,8.00000000,7.30720355,3.19444680,0.72910491,0,0.69279645
0.01644000,10.00000000,8.00000000,7.30208392,3.18900787,0.72933855,0,0.69791608
0.01646000,10.00000000,8.00000000,7.29694895,3.18655552,0.72957385,0,0.70305105
0.01648000,10.00000000,8.00000000,7.29183185,3.18709592,0.72981067,0,0.70816815
0.01650000,10.00000000,8.00000000,7.28676567,3.19062136,0.73004884,0,0.71323433
0.01652000,10.00000000,8.00000000,7.28178308,3.19711031,0.73028819,0,0.71821692
0.01654000,10.00000000,8.00000000,7.27691627,3.20652757,0.73052852,0,0.72308373
0.01656000,10.00000000,8.00000000,7.27219680,3.21882446,0.73076966,0,0.72780320
0.01658000,10.00000000,8.00000000,7.26765541,3.23393908,0.73101140,0,0.73234459
0.01660000,10.00000000,8.00000000,7.26332195,3.25179664,0.73125356,0,0.73667805
0.01662000,10.00000000,8.00000000,7.25922518,3.27230982,0.73149593,0,0.74077482
0.01664000,10.00000000,8.00000000,7.25539266,3.29537921,0.73173830,0,0.74460734
0.01666000,10.00000000,8.00000000,7.25185067,3.32089383,0.73198046,0,0.74814933
0.01668000,10.00000000,8.00000000,7.24862400,3.34873164,0.73222221,0,0.75137600
0.01670000,10.00000000,8.00000000,7.24573594,3.37876012,0.73246333,0,0.75426406
0.01672000,10.00000000,8.00000000,7.24320809,3.41083698,0.73270362,0,0.75679191
0.01674000,10.00000000,8.00000000,7.24106033,3.44481074,0.73294286,0,0.75893967
0.01676000,10.00000000,8.00000000,7.23931068,3.48052153,0.73318086,0,0.76068932
0.01678000,10.00000000,8.00000000,7.23797528,3.51780182,0.73341740,0,0.76202472
0.01680000,10.00000000,8.00000000,7.23706824,3.55647722,0.73365230,0,0.76293176
0.01682000,10.00000000,8.00000000,7.23660166,3.59636731,0.73388535,0,0.76339834
0.01684000,10.00000000,8.00000000,7.23658553,3.63728644,0.73411638,0,0.76341447
0.01686000,10.00000000,8.00000000,7.23702771,3.67904468,0.73432577,0,0.76297229
0.01688000,10.00000000,8.00000000,7.23793345,3.72137104,0.73453186,0,0.76206655
0.01690000,10.00000000,8.00000000,7.23930539,3.76406626,0.73473529,0,0.76069461
0.01692000,10.00000000,8.00000000,7.24114392,3.80693309,0.73493602,0,0.75885608
0.01694000,10.00000000,8.00000000,7.24344728,3.84977436,0.73513399,0,0.75655272
0.01696000,10.00000000,8.00000000,7.24621151,3.89239385,0.73532918,0,0.75378849
0.01698000,10.00000000,8.00000000,7.24943052,3.93459720,0.73552156,0,0.75056948
0.01700000,10.00000000,8.00000000,7.25309612,3.97619284,0.73571111,0,0.74690388
0.01702000,10.00000000,8.00000000,7.25719805,4.01699278,0.73589782,0,0.74280195
0.01704000,10.00000000,8.00000000,7.26172406,4.05681356,0.73608171,0,0.73827594
0.01706000,10.00000000,8.00000000,7.26665995,4.09547701,0.73626278,0,0.73334005
0.01708000,10.00000000,8.00000000,7.27198968,4.13281106,0.73644107,0,0.72801032
0.01710000,10.00000000,8.00000000,7.27769540,4.16865054,0.73661660,0,0.72230460
0.01712000,10.00000000,8.00000000,7.28375759,4.20283789,0.73678943,0,0.71624241
0.01714000,10.00000000,8.00000000,7.29015514,4.23522388,0.73695961,0,0.70984486
0.01716000,10.00000000,8.00000000,7.29686544,4.26566823,0.73712720,0,0.70313456
0.01718000,10.00000000,8.00000000,7.30386451,4.29404026,0.73729229,0,0.69613549
0.01720000,10.00000000,8.00000000,7.31112712,4.32021942,0.73745494,0,0.68887288
0.01722000,10.00000000,8.00000000,7.31862688,4.34409585,0.73761527,0,0.68137312
0.01724000,10.00000000,8.00000000,7.32633641,4.36557080,0.73777337,0,0.67366359
0.01726000,10.00000000,8.00000000,7.33422744,4.38455707,0.73792934,0,0.66577256
0.01728000,10.00000000,8.00000000,7.34227096,4.40097936,0.73808332,0,0.65772904
0.01730000,10.00000000,8.00000000,7.35043737,4.41477456,0.73823541,0,0.64956263
0.01732000,10.00000000,8.00000000,7.35869657,4.42589201,0.73838576,0,0.64130343
0.01734000,10.00000000,8.00000000,7.36701817,4.43429369,0.73853450,0,0.63298183
0.01736000,10.00000000,8.00000000,7.37537156,4.43995430,0.73868177,0,0.62462844
0.01738000,10.00000000,8.00000000,7.38372613,4.44286139,0.73882772,0,0.61627387
0.01740000,10.00000000,8.00000000,7.39205135,4.44301531,0.73897251,0,0.60794865
0.01742000,10.00000000,8.00000000,7.40031693,4.44042919,0.73911551,0,0.59968307
0.01744000,10.00000000,8.00000000,7.40849296,4.43512579,0.73925726,0,0.59150704
0.01746000,10.00000000,8.00000000,7.41655003,4.42714179,0.73939833,0,0.58344997
0.01748000,10.00000000,8.00000000,7.42445936,4.41652782,0.73953887,0,0.57554064
0.01750000,10.00000000,8.00000000,7.43219296,4.40334654,0.73967906,0,0.56780704
0.01752000,10.00000000,8.00000000,7.43972376,4.38767223,0.73981905,0,0.56027624
0.01754000,10.00000000,8.00000000,7.44702573,4.36959050,0.73995901,0,0.55297427
0.01756000,10.00000000,8.00000000,7.45407398,4.34919774,0.74009922,0,0.54592602
0.01758000,10.00000000,8.00000000,7.46084491,4.32660123,0.74023980,0,0.53915509
0.01760000,10.00000000,8.00000000,7.46731626,4.30191785,0.74038080,0,0.53268374
0.01762000,10.00000000,8.00000000,7.47346727,4.27527332,0.74052236,0,0.52653273
0.01764000,10.00000000,8.00000000,7.47927872,4.24680194,0.74066463,0,0.52072128
0.01766000,10.00000000,8.00000000,7.48473303,4.21664592,0.74080773,0,0.51526697
0.01768000,10.00000000,8.00000000,7.48981433,4.18495470,0.74095180,0,0.51018567
0.01770000,10.00000000,8.00000000,7.49450853,4.15188421,0.74109695,0,0.50549147
0.01772000,10.00000000,8.00000000,7.49880341,4.11759613,0.74124329,0,0.50119659
0.01774000,10.00000000,8.00000000,7.50268858,4.08225711,0.74139093,0,0.49731142
0.01776000,10.00000000,8.00000000,7.50615563,4.04603793,0.74153995,0,0.49384437
0.01778000,10.00000000,8.00000000,7.50919808,4.00911276,0.74169044,0,0.49080192
0.01780000,10.00000000,8.00000000,7.51181144,3.97165826,0.74184247,0,0.48818856
0.01782000,10.00000000,8.00000000,7.51399321,3.93385280,0.74199610,0,0.48600679
0.01784000,10.00000000,8.00000000,7.51574288,3.89587559,0.74215138,0,0.48425712
0.01786000,10.00000000,8.00000000,7.51706194,3.85790583,0.74230835,0,0.48293806
0.01788000,10.00000000,8.00000000,7.51795385,3.82012191,0.74246704,0,0.48204615
0.01790000,10.00000000,8.00000000,7.51842402,3.78270056,0.74262747,0,0.48157598
0.01792000,10.00000000,8.00000000,7.51847976,3.74581601,0.74278964,0,0.48152024
0.01794000,10.00000000,8.00000000,7.51813028,3.70963925,0.74293809,0,0.48186972
0.01796000,10.00000000,8.00000000,7.51738625,3.67427535,0.74308628,0,0.48261375
0.01798000,10.00000000,8.00000000,7.51625972,3.63987874,0.74323672,0,0.48374028
0.01800000,10.00000000,8.00000000,7.51476442,3.60660875,0.74338946,0,0.48523558
0.01802000,10.00000000,8.00000000,7.51291573,3.57461908,0.74354454,0,0.48708427
0.01804000,10.00000000,8.00000000,7.51073062,3.54405706,0.74370197,0,0.48926938
0.01806000,10.00000000,8.00000000,7.50822756,3.51506302,0.74386175,0,0.49177244
0.01808000,10.00000000,8.00000000,7.50542642,3.48776963,0.74402387,0,0.49457358
0.01810000,10.00000000,8.00000000,7.50234840,3.46230129,0.74418832,0,0.49765160
0.01812000,10.00000000,8.00000000,7.49901590,3.43877361,0.74435505,0,0.50098410
0.01814000,10.00000000,8.00000000,7.49545244,3.41729287,0.74452403,0,0.50454756
0.01816000,10.00000000,8.00000000,7.49168251,3.39795553,0.74469519,0,0.50831749
0.01818000,10.00000000,8.00000000,7.48773151,3.38084788,0.74486846,0,0.51226849
0.01820000,10.00000000,8.00000000,7.48362556,3.36604559,0.74504376,0,0.51637444
0.01822000,10.00000000,8.00000000,7.47939144,3.35361342,0.74522100,0,0.52060856
0.01824000,10.00000000,8.00000000,7.47505643,3.34360495,0.74540008,0,0.52494357
0.01826000,10.00000000,8.00000000,7.47064819,3.33606236,0.74558087,0,0.52935181
0.01828000,10.00000000,8.00000000,7.46619462,3.33101624,0.74576327,0,0.53380538
0.01830000,10.00000000,8.00000000,7.46172376,3.32848552,0.74594713,0,0.53827624
0.01832000,10.00000000,8.00000000,7.45726361,3.32847739,0.74613232,0,0.54273639
0.01834000,10.00000000,8.00000000,7.45284207,3.33098730,0.74631870,0,0.54715793
0.01836000,10.00000000,8.00000000,7.44848672,3.33599901,0.74650611,0,0.55151328
0.01838000,10.00000000,8.00000000,7.44422479,3.34348470,0.74669438,0,0.55577521
0.01840000,10.00000000,8.00000000,7.44008297,3.35340512,0.74688336,0,0.55991703
0.01842000,10.00000000,8.00000000,7.43608728,3.36570982,0.74707288,0,0.56391272
0.01844000,10.00000000,8.00000000,7.43226302,3.38033741,0.74726276,0,0.56773698
0.01846000,10.00000000,8.00000000,7.42863457,3.39721587,0.74745283,0,0.57136543
0.01848000,10.00000000,8.00000000,7.42522536,3.41626287,0.74764290,0,0.57477464
0.01850000,10.00000000,8.00000000,7.42205768,3.43738627,0.74783280,0,0.57794232
0.01852000,10.00000000,8.00000000,7.41915265,3.46048449,0.74802237,0,0.58084735
0.01854000,10.00000000,8.00000000,7.41653009,3.48544714,0.74821139,0,0.58346991
0.01856000,10.00000000,8.00000000,7.41420845,3.51215532,0.74839968,0,0.58579155
0.01858000,10.00000000,8.00000000,7.41220469,3.54048229,0.74858706,0,0.58779531
0.01860000,10.00000000,8.00000000,7.41053427,3.57029410,0.74877335,0,0.58946573
0.01862000,10.00000000,8.00000000,7.40921101,3.60145024,0.74895838,0,0.59078899
0.01864000,10.00000000,8.00000000,7.40824708,3.63380430,0.74914202,0,0.59175292
0.01866000,10.00000000,8.00000000,7.40765291,3.66720486,0.74932407,0,0.59234709
0.01868000,10.00000000,8.00000000,7.40743721,3.70149585,0.74950437,0,0.59256279
0.01870000,10.00000000,8.00000000,7.40760685,3.73651745,0.74967523,0,0.59239315
0.01872000,10.00000000,8.00000000,7.40816672,3.77207674,0.74983426,0,0.59183328
0.01874000,10.00000000,8.00000000,7.40911950,3.80796964,0.74999098,0,0.59088050
0.01876000,10.00000000,8.00000000,7.41046577,3.84402963,0.75014538,0,0.58953423
0.01878000,10.00000000,8.00000000,7.41220429,3.88009015,0.75029740,0,0.58779571
0.01880000,10.00000000,8.00000000,7.41433196,3.91598538,0.75044703,0,0.58566804
0.01882000,10.00000000,8.00000000,7.41684389,3.95155102,0.75059423,0,0.58315611
0.01884000,10.00000000,8.00000000,7.41973340,3.98662494,0.75073899,0,0.58026660
0.01886000,10.00000000,8.00000000,7.42299205,4.02104797,0.75088133,0,0.57700795
0.01888000,10.00000000,8.00000000,7.42660973,4.05466470,0.75102124,0,0.57339027
0.01890000,10.00000000,8.00000000,7.43057467,4.08732414,0.75115875,0,0.56942533
0.01892000,10.00000000,8.00000000,7.43487353,4.11888037,0.75129387,0,0.56512647
0.01894000,10.00000000,8.00000000,7.43949144,4.14919323,0.75142665,0,0.56050856
0.01896000,10.00000000,8.00000000,7.44441213,4.17812892,0.75155712,0,0.55558787
0.01898000,10.00000000,8.00000000,7.44961793,4.20556058,0.75168534,0,0.55038207
0.01900000,10.00000000,8.00000000,7.45508994,4.23136890,0.75181136,0,0.54491006
0.01902000,10.00000000,8.00000000,7.46080807,4.25544260,0.75193526,0,0.53919193
0.01904000,10.00000000,8.00000000,7.46675115,4.27767894,0.75205712,0,0.53324885
0.01906000,10.00000000,8.00000000,7.47289707,4.29798414,0.75217700,0,0.52710293
0.01908000,10.00000000,8.00000000,7.47922281,4.31627379,0.75229502,0,0.52077719
0.01910000,10.00000000,8.00000000,7.48570463,4.33247318,0.75241126,0,0.51429537
0.01912000,10.00000000,8.00000000,7.49231813,4.34651765,0.75252583,0,0.50768187
0.01914000,10.00000000,8.00000000,7.49903839,4.35835282,0.75263885,0,0.50096161
0.01916000,10.00000000,8.00000000,7.50584010,4.36793480,0.75275042,0,0.49415990
0.01918000,10.00000000,8.00000000,7.51269764,4.37523035,0.75286067,0,0.48730236
0.01920000,10.00000000,8.00000000,7.51958523,4.38021702,0.75296972,0,0.48041477
0.01922000,10.00000000,8.00000000,7.52647705,4.38288315,0.75307771,0,0.47352295
0.01924000,10.00000000,8.00000000,7.53334735,4.38322796,0.75318476,0,0.46665265
0.01926000,10.00000000,8.00000000,7.54017057,4.38126143,0.75329102,0,0.45982943
0.01928000,10.00000000,8.00000000,7.54692148,4.37700426,0.75339661,0,0.45307852
0.01930000,10.00000000,8.00000000,7.55357524,4.37048772,0.75350168,0,0.44642476
0.01932000,10.00000000,8.00000000,7.56010760,4.36175345,0.75360637,0,0.43989240
0.01934000,10.00000000,8.00000000,7.56649492,4.35085322,0.75371082,0,0.43350508
0.01936000,10.00000000,8.00000000,7.57271435,4.33784866,0.75381515,0,0.42728565
0.01938000,10.00000000,8.00000000,7.57874388,4.32281095,0.75391952,0,0.42125612
0.01940000,10.00000000,8.00000000,7.58456247,4.30582040,0.75402405,0,0.41543753
0.01942000,10.00000000,8.00000000,7.59015016,4.28696608,0.75412888,0,0.40984984
0.01944000,10.00000000,8.00000000,7.59548808,4.26634533,0.75423413,0,0.40451192
0.01946000,10.00000000,8.00000000,7.60055864,4.24406332,0.75433993,0,0.39944136
0.01948000,10.00000000,8.00000000,7.60534552,4.22023249,0.75444639,0,0.39465448
0.01950000,10.00000000,8.00000000,7.60983379,4.19497200,0.75455363,0,0.39016621
0.01952000,10.00000000,8.00000000,7.61400995,4.16840717,0.75466176,0,0.38599005
0.01954000,10.00000000,8.00000000,7.61786200,4.14066882,0.75477087,0,0.38213800
0.01956000,10.00000000,8.00000000,7.62137948,4.11189270,0.75488106,0,0.37862052
0.01958000,10.00000000,8.00000000,7.62455352,4.08221877,0.75499242,0,0.37544648
0.01960000,10.00000000,8.00000000,7.62737687,4.05179057,0.75510502,0,0.37262313
0.01962000,10.00000000,8.00000000,7.62984393,4.02075454,0.75521893,0,0.37015607
0.01964000,10.00000000,8.00000000,7.63195074,3.98925929,0.75533422,0,0.36804926
0.01966000,10.00000000,8.00000000,7.63369506,3.95745491,0.75545093,0,0.36630494
0.01968000,10.00000000,8.00000000,7.63507630,3.92549227,0.75556911,0,0.36492370
0.01970000,10.00000000,8.00000000,7.63609556,3.89352233,0.75568879,0,0.36390444
0.01972000,10.00000000,8.00000000,7.63675559,3.86169537,0.75581000,0,0.36324441
0.01974000,10.00000000,8.00000000,7.63706081,3.83016037,0.75593275,0,0.36293919
0.01976000,10.00000000,8.00000000,7.63701722,3.79906426,0.75605513,0,0.36298278
0.01978000,10.00000000,8.00000000,7.63663238,3.76854362,0.75616594,0,0.36336762
0.01980000,10.00000000,8.00000000,7.63591506,3.73868699,0.75627868,0,0.36408494
0.01982000,10.00000000,8.00000000,7.63487522,3.70963311,0.75639339,0,0.36512478
0.01984000,10.00000000,8.00000000,7.63352430,3.68151662,0.75651011,0,0.36647570
0.01986000,10.00000000,8.00000000,7.63187514,3.65446746,0.75662885,0,0.36812486
0.01988000,10.00000000,8.00000000,7.62994190,3.62861025,0.75674964,0,0.37005810
0.01990000,10.00000000,8.00000000,7.62774004,3.60406374,0.75687247,0,0.37225996
0.01992000,10.00000000,8.00000000,7.62528619,3.58094026,0.75699733,0,0.37471381
0.01994000,10.00000000,8.00000000,7.62259810,3.55934523,0.75712421,0,0.37740190
0.01996000,10.00000000,8.00000000,7.61969458,3.53937668,0.75725307,0,0.38030542
0.01998000,10.00000000,8.00000000,7.61659532,3.52112481,0.75738388,0,0.38340468
0.02000000,10.00000000,8.00000000,7.61332092,3.50467158,0.75751657,0,0.38667908
0.02002000,10.00000000,8.00000000,7.60989266,3.49009038,0.75765109,0,0.39010734
0.02004000,10.00000000,8.00000000,7.60633253,3.47744569,0.75778737,0,0.39366747
0.02006000,10.00000000,8.00000000,7.60266302,3.46679280,0.75792533,0,0.39733698
0.02008000,10.00000000,8.00000000,7.59890707,3.45817759,0.75806487,0,0.40109293
0.02010000,10.00000000,8.00000000,7.59508795,3.45163634,0.75820590,0,0.40491205
0.02012000,10.00000000,8.00000000,7.59122913,3.44719559,0.75834831,0,0.40877087
0.02014000,10.00000000,8.00000000,7.58735423,3.44487202,0.75849200,0,0.41264577
0.02016000,10.00000000,8.00000000,7.58348683,3.44467244,0.75863683,0,0.41651317
0.02018000,10.00000000,8.00000000,7.57965041,3.44659373,0.75878269,0,0.42034959
0.02020000,10.00000000,8.00000000,7.57586825,3.45062293,0.75892943,0,0.42413175
0.02022000,10.00000000,8.00000000,7.57216328,3.45673731,0.75907694,0,0.42783672
0.02024000,10.00000000,8.00000000,7.56855800,3.46490449,0.75922505,0,0.43144200
0.02026000,10.00000000,8.00000000,7.56507439,3.47508264,0.75937363,0,0.43492561
0.02028000,10.00000000,8.00000000,7.56173378,3.48722065,0.75952254,0,0.43826622
0.02030000,10.00000000,8.00000000,7.55855676,3.50125847,0.75967160,0,0.44144324
0.02032000,10.00000000,8.00000000,7.55556310,3.51712734,0.75982068,0,0.44443690
0.02034000,10.00000000,8.00000000,7.55277167,3.53475016,0.75996962,0,0.44722833
0.02036000,10.00000000,8.00000000,7.55020030,3.55404187,0.76011826,0,0.44979970
0.02038000,10.00000000,8.00000000,7.54786576,3.57490987,0.76026645,0,0.45213424
0.02040000,10.00000000,8.00000000,7.54578367,3.59725446,0.76041404,0,0.45421633
0.02042000,10.00000000,8.00000000,7.54396839,3.62096932,0.76056086,0,0.45603161
0.02044000,10.00000000,8.00000000,7.54243301,3.64594203,0.76070678,0,0.45756699
0.02046000,10.00000000,8.00000000,7.54118927,3.67205459,0.76085164,0,0.45881073
0.02048000,10.00000000,8.00000000,7.54024751,3.69918400,0.76099529,0,0.45975249
0.02050000,10.00000000,8.00000000,7.53961662,3.72720284,0.76113760,0,0.46038338
0.02052000,10.00000000,8.00000000,7.53930400,3.75597983,0.76127843,0,0.46069600
0.02054000,10.00000000,8.00000000,7.53931554,3.78538054,0.76141714,0,0.46068446
0.02056000,10.00000000,8.00000000,7.53965561,3.81526589,0.76154011,0,0.46034439
0.02058000,10.00000000,8.00000000,7.54032665,3.84544094,0.76166113,0,0.45967335
0.02060000,10.00000000,8.00000000,7.54132928,3.87576531,0.76178016,0,0.45867072
0.02062000,10.00000000,8.00000000,7.54266252,3.90609859,0.76189719,0,0.45733748
0.02064000,10.00000000,8.00000000,7.54432388,3.93630095,0.76201219,0,0.45567612
0.02066000,10.00000000,8.00000000,7.54630931,3.96623378,0.76212514,0,0.45369069
0.02068000,10.00000000,8.00000000,7.54861327,3.99576032,0.76223603,0,0.45138673
0.02070000,10.00000000,8.00000000,7.55122874,4.02474629,0.76234487,0,0.44877126
0.02072000,10.00000000,8.00000000,7.55414729,4.05306051,0.76245167,0,0.44585271
0.02074000,10.00000000,8.00000000,7.55735907,4.08057549,0.76255643,0,0.44264093
0.02076000,10.00000000,8.00000000,7.56085292,4.10716801,0.76265919,0,0.43914708
0.02078000,10.00000000,8.00000000,7.56461640,4.13271965,0.76275997,0,0.43538360
0.02080000,10.00000000,8.00000000,7.56863584,4.15711736,0.76285881,0,0.43136416
0.02082000,10.00000000,8.00000000,7.57289644,4.18025391,0.76295576,0,0.42710356
0.02084000,10.00000000,8.00000000,7.57738233,4.20202844,0.76305088,0,0.42261767
0.02086000,10.00000000,8.00000000,7.58207664,4.22234681,0.76314422,0,0.41792336
0.02088000,10.00000000,8.00000000,7.58696158,4.24112207,0.76323584,0,0.41303842
0.02090000,10.00000000,8.00000000,7.59201857,4.25827483,0.76332583,0,0.40798143
0.02092000,10.00000000,8.00000000,7.59722826,4.27373355,0.76341427,0,0.40277174
0.02094000,10.00000000,8.00000000,7.60257068,4.28743492,0.76350123,0,0.39742932
0.02096000,10.00000000,8.00000000,7.60802530,4.29932403,0.76358681,0,0.39197470
0.02098000,10.00000000,8.00000000,7.61357118,4.30935467,0.76367111,0,0.38642882
0.02100000,10.00000000,8.00000000,7.61918698,4.31748944,0.76375422,0,0.38081302
0.02102000,10.00000000,8.00000000,7.62485115,4.32369994,0.76383625,0,0.37514885
0.02104000,10.00000000,8.00000000,7.63054199,4.32796684,0.76391731,0,0.36945801
0.02106000,10.00000000,8.00000000,7.63623774,4.33027994,0.76399751,0,0.36376226
0.02108000,10.00000000,8.00000000,7.64191673,4.33063816,0.76407696,0,0.35808327
0.02110000,10.00000000,8.00000000,7.64755741,4.32904956,0.76415578,0,0.35244259
0.02112000,10.00000000,8.00000000,7.65313851,4.32553118,0.76423409,0,0.34686149
0.02114000,10.00000000,8.00000000,7.65863912,4.32010900,0.76431201,0,0.34136088
0.02116000,10.00000000,8.00000000,7.66403878,4.31281775,0.76438965,0,0.33596122
0.02118000,10.00000000,8.00000000,7.66931757,4.30370072,0.76446713,0,0.33068243
0.02120000,10.00000000,8.00000000,7.67445620,4.29280949,0.76454457,0,0.32554380
0.02122000,10.00000000,8.00000000,7.67943611,4.28020371,0.76462208,0,0.32056389
0.02124000,10.00000000,8.00000000,7.68423956,4.26595074,0.76469979,0,0.31576044
0.02126000,10.00000000,8.00000000,7.68884969,4.25012534,0.76477780,0,0.31115031
0.02128000,10.00000000,8.00000000,7.69325057,4.23280925,0.76485622,0,0.30674943
0.02130000,10.00000000,8.00000000,7.69742735,4.21409083,0.76493515,0,0.30257265
0.02132000,10.00000000,8.00000000,7.70136624,4.19406457,0.76501432,0,0.29863376
0.02134000,10.00000000,8.00000000,7.70505462,4.17282914,0.76509405,0,0.29494538
0.02136000,10.00000000,8.00000000,7.70848105,4.15048930,0.76517462,0,0.29151895
0.02138000,10.00000000,8.00000000,7.71163534,4.12715526,0.76525611,0,0.28836466
0.02140000,10.00000000,8.00000000,7.71450864,4.10294140,0.76533861,0,0.28549136
0.02142000,10.00000000,8.00000000,7.71709338,4.07796573,0.76542220,0,0.28290662
0.02144000,10.00000000,8.00000000,7.71938340,4.05234926,0.76550698,0,0.28061660
0.02146000,10.00000000,8.00000000,7.72137393,4.02621566,0.76559298,0,0.27862607
0.02148000,10.00000000,8.00000000,7.72306157,3.99969035,0.76568024,0,0.27693843
0.02150000,10.00000000,8.00000000,7.72444437,3.97289995,0.76576880,0,0.27555563
0.02152000,10.00000000,8.00000000,7.72552178,3.94597175,0.76585870,0,0.27447822
0.02154000,10.00000000,8.00000000,7.72629469,3.91903313,0.76594995,0,0.27370531
0.02156000,10.00000000,8.00000000,7.72676536,3.89221091,0.76604259,0,0.27323464
0.02158000,10.00000000,8.00000000,7.72693745,3.86563086,0.76613663,0,0.27306255
0.02160000,10.00000000,8.00000000,7.72681600,3.83941700,0.76622670,0,0.27318400
0.02162000,10.00000000,8.00000000,7.72640725,3.81366971,0.76631086,0,0.27359275
0.02164000,10.00000000,8.00000000,7.72571845,3.78847881,0.76639672,0,0.27428155
0.02166000,10.00000000,8.00000000,7.72475798,3.76396152,0.76648434,0,0.27524202
0.02168000,10.00000000,8.00000000,7.72353545,3.74023162,0.76657372,0,0.27646455
0.02170000,10.00000000,8.00000000,7.72206163,3.71739892,0.76666490,0,0.27793837
0.02172000,10.00000000,8.00000000,7.72034846,3.69556876,0.76675788,0,0.27965154
0.02174000,10.00000000,8.00000000,7.71840893,3.67484150,0.76685266,0,0.28159107
0.02176000,10.00000000,8.00000000,7.71625704,3.65531213,0.76694923,0,0.28374296
0.02178000,10.00000000,8.00000000,7.71390775,3.63706977,0.76704761,0,0.28609225
0.02180000,10.00000000,8.00000000,7.71137687,3.62019753,0.76714775,0,0.28862313
0.02182000,10.00000000,8.00000000,7.70868102,3.60477172,0.76724958,0,0.29131898
0.02184000,10.00000000,8.00000000,7.70583754,3.59086170,0.76735306,0,0.29416246
0.02186000,10.00000000,8.00000000,7.70286438,3.57852956,0.76745814,0,0.29713562
0.02188000,10.00000000,8.00000000,7.69978007,3.56782984,0.76756475,0,0.30021993
0.02190000,10.00000000,8.00000000,7.69660356,3.55880937,0.76767245,0,0.30339644
0.02192000,10.00000000,8.00000000,7.69335420,3.55150552,0.76778141,0,0.30664580
0.02194000,10.00000000,8.00000000,7.69005157,3.54594858,0.76789166,0,0.30994843
0.02196000,10.00000000,8.00000000,7.68671547,3.54216101,0.76800309,0,0.31328453
0.02198000,10.00000000,8.00000000,7.68336577,3.54015699,0.76811561,0,0.31663423
0.02200000,10.00000000,8.00000000,7.68002235,3.53994234,0.76822912,0,0.31997765
0.02202000,10.00000000,8.00000000,7.67670499,3.54151454,0.76834351,0,0.32329501
0.02204000,10.00000000,8.00000000,7.67343329,3.54486276,0.76845866,0,0.32656671
0.02206000,10.00000000,8.00000000,7.67022659,3.54996791,0.76857446,0,0.32977341
0.02208000,10.00000000,8.00000000,7.66710384,3.55680278,0.76869079,0,0.33289616
0.02210000,10.00000000,8.00000000,7.66408355,3.56533218,0.76880752,0,0.33591645
0.02212000,10.00000000,8.00000000,7.66118372,3.57551311,0.76892452,0,0.33881628
0.02214000,10.00000000,8.00000000,7.65842168,3.58729499,0.76904167,0,0.34157832
0.02216000,10.00000000,8.00000000,7.65581411,3.60061992,0.76915883,0,0.34418589
0.02218000,10.00000000,8.00000000,7.65337688,3.61542298,0.76927587,0,0.34662312
0.02220000,10.00000000,8.00000000,7.65112505,3.63163250,0.76939266,0,0.34887495
0.02222000,10.00000000,8.00000000,7.64907274,3.64917047,0.76950907,0,0.35092726
0.02224000,10.00000000,8.00000000,7.64723311,3.66795288,0.76962497,0,0.35276689
0.02226000,10.00000000,8.00000000,7.64561827,3.68789015,0.76974021,0,0.35438173
0.02228000,10.00000000,8.00000000,7.64423926,3.70888753,0.76985469,0,0.35576074
0.02230000,10.00000000,8.00000000,7.64310596,3.73084559,0.76996827,0,0.35689404
0.02232000,10.00000000,8.00000000,7.64222708,3.75366067,0.77008083,0,0.35777292
0.02234000,10.00000000,8.00000000,7.64161013,3.77722538,0.77019225,0,0.35838987
0.02236000,10.00000000,8.00000000,7.64126134,3.80142909,0.77030241,0,0.35873866
0.02238000,10.00000000,8.00000000,7.64118568,3.82615850,0.77041121,0,0.35881432
0.02240000,10.00000000,8.00000000,7.64138683,3.85129812,0.77050970,0,0.35861317
0.02242000,10.00000000,8.00000000,7.64186696,3.87669546,0.77060320,0,0.35813304
0.02244000,10.00000000,8.00000000,7.64262663,3.90221883,0.77069502,0,0.35737337
0.02246000,10.00000000,8.00000000,7.64366505,3.92774982,0.77078514,0,0.35633495
0.02248000,10.00000000,8.00000000,7.64498009,3.95317052,0.77087354,0,0.35501991
0.02250000,10.00000000,8.00000000,7.64656836,3.97836404,0.77096022,0,0.35343164
0.02252000,10.00000000,8.00000000,7.64842519,4.00321506,0.77104516,0,0.35157481
0.02254000,10.00000000,8.00000000,7.65054465,4.02761038,0.77112837,0,0.34945535
0.02256000,10.00000000,8.00000000,7.65291963,4.05143937,0.77120985,0,0.34708037
0.02258000,10.00000000,8.00000000,7.65554185,4.07459456,0.77128962,0,0.34445815
0.02260000,10.00000000,8.00000000,7.65840187,4.09697206,0.77136771,0,0.34159813
0.02262000,10.00000000,8.00000000,7.66148922,4.11847205,0.77144413,0,0.33851078
0.02264000,10.00000000,8.00000000,7.66479238,4.13899924,0.77151893,0,0.33520762
0.02266000,10.00000000,8.00000000,7.66829886,4.15846327,0.77159214,0,0.33170114
0.02268000,10.00000000,8.00000000,7.67199529,4.17677910,0.77166382,0,0.32800471
0.02270000,10.00000000,8.00000000,7.67586744,4.19386744,0.77173401,0,0.32413256
0.02272000,10.00000000,8.00000000,7.67990033,4.20965501,0.77180277,0,0.32009967
0.02274000,10.00000000,8.00000000,7.68407827,4.22407495,0.77187018,0,0.31592173
0.02276000,10.00000000,8.00000000,7.68838498,4.23706702,0.77193628,0,0.31161502
0.02278000,10.00000000,8.00000000,7.69280361,4.24857788,0.77200118,0,0.30719639
0.02280000,10.00000000,8.00000000,7.69731687,4.25856135,0.77206493,0,0.30268313
0.02282000,10.00000000,8.00000000,7.70190709,4.26697852,0.77212713,0,0.29809291
0.02284000,10.00000000,8.00000000,7.70655630,4.27379603,0.77218816,0,0.29344370
0.02286000,10.00000000,8.00000000,7.71124629,4.27898923,0.77224831,0,0.28875371
0.02288000,10.00000000,8.00000000,7.71595876,4.28254190,0.77230767,0,0.28404124
0.02290000,10.00000000,8.00000000,7.72067534,4.28444558,0.77236633,0,0.27932466
0.02292000,10.00000000,8.00000000,7.72537773,4.28469951,0.77242441,0,0.27462227
0.02294000,10.00000000,8.00000000,7.73004776,4.28331066,0.77248199,0,0.26995224
0.02296000,10.00000000,8.00000000,7.73466748,4.28029360,0.77253920,0,0.26533252
0.02298000,10.00000000,8.00000000,7.73921924,4.27567051,0.77259618,0,0.26078076
0.02300000,10.00000000,8.00000000,7.74368579,4.26947112,0.77265298,0,0.25631421
0.02302000,10.00000000,8.00000000,7.74805033,4.26173216,0.77270971,0,0.25194967
0.02304000,10.00000000,8.00000000,7.75229660,4.25249739,0.77276645,0,0.24770340
0.02306000,10.00000000,8.00000000,7.75640896,4.24181738,0.77282333,0,0.24359104
0.02308000,10.00000000,8.00000000,7.76037244,4.22974921,0.77288043,0,0.23962756
0.02310000,10.00000000,8.00000000,7.76417284,4.21635620,0.77293785,0,0.23582716
0.02312000,10.00000000,8.00000000,7.76779676,4.20170757,0.77299569,0,0.23220324
0.02314000,10.00000000,8.00000000,7.77123167,4.18587814,0.77305403,0,0.22876833
0.02316000,10.00000000,8.00000000,7.77446598,4.16894786,0.77311297,0,0.22553402
0.02318000,10.00000000,8.00000000,7.77748906,4.15100151,0.77317258,0,0.22251094
0.02320000,10.00000000,8.00000000,7.78029133,4.13212824,0.77323295,0,0.21970867
0.02322000,10.00000000,8.00000000,7.78286424,4.11242114,0.77329414,0,0.21713576
0.02324000,10.00000000,8.00000000,7.78520035,4.09197678,0.77335623,0,0.21479965
0.02326000,10.00000000,8.00000000,7.78729337,4.07089475,0.77341927,0,0.21270663
0.02328000,10.00000000,8.00000000,7.78913814,4.04927718,0.77348332,0,0.21086186
0.02330000,10.00000000,8.00000000,7.79073068,4.02722825,0.77354844,0,0.20926932
0.02332000,10.00000000,8.00000000,7.79206818,4.00485370,0.77361466,0,0.20793182
0.02334000,10.00000000,8.00000000,7.79314904,3.98226033,0.77368202,0,0.20685096
0.02336000,10.00000000,8.00000000,7.79397287,3.95955546,0.77375055,0,0.20602713
0.02338000,10.00000000,8.00000000,7.79454043,3.93684647,0.77382027,0,0.20545957
0.02340000,10.00000000,8.00000000,7.79485371,3.91424029,0.77389120,0,0.20514629
0.02342000,10.00000000,8.00000000,7.79491583,3.89184288,0.77396335,0,0.20508417
0.02344000,10.00000000,8.00000000,7.79473108,3.86975874,0.77402861,0,0.20526892
0.02346000,10.00000000,8.00000000,7.79430470,3.84805807,0.77409260,0,0.20569530
0.02348000,10.00000000,8.00000000,7.79364277,3.82683123,0.77415807,0,0.20635723
0.02350000,10.00000000,8.00000000,7.79275239,3.80617697,0.77422505,0,0.20724761
0.02352000,10.00000000,8.00000000,7.79164172,3.78619115,0.77429356,0,0.20835828
0.02354000,10.00000000,8.00000000,7.79031989,3.76696620,0.77436363,0,0.20968011
0.02356000,10.00000000,8.00000000,7.78879701,3.74859081,0.77443525,0,0.21120299
0.02358000,10.00000000,8.00000000,7.78708406,3.73114944,0.77450841,0,0.21291594
0.02360000,10.00000000,8.00000000,7.78519291,3.71472197,0.77458312,0,0.21480709
0.02362000,10.00000000,8.00000000,7.78313619,3.69938333,0.77465935,0,0.21686381
0.02364000,10.00000000,8.00000000,7.78092728,3.68520319,0.77473707,0,0.21907272
0.02366000,10.00000000,8.00000000,7.77858021,3.67224561,0.77481625,0,0.22141979
0.02368000,10.00000000,8.00000000,7.77610963,3.66056876,0.77489684,0,0.22389037
0.02370000,10.00000000,8.00000000,7.77353070,3.65022471,0.77497880,0,0.22646930
0.02372000,10.00000000,8.00000000,7.77085906,3.64125914,0.77506207,0,0.22914094
0.02374000,10.00000000,8.00000000,7.76811070,3.63371119,0.77514659,0,0.23188930
0.02376000,10.00000000,8.00000000,7.76530196,3.62761328,0.77523228,0,0.23469804
0.02378000,10.00000000,8.00000000,7.76244938,3.62299097,0.77531908,0,0.23755062
0.02380000,10.00000000,8.00000000,7.75956966,3.61986285,0.77540690,0,0.24043034
0.02382000,10.00000000,8.00000000,7.75667959,3.61824052,0.77549565,0,0.24332041
0.02384000,10.00000000,8.00000000,7.75379592,3.61812849,0.77558524,0,0.24620408
0.02386000,10.00000000,8.00000000,7.75093536,3.61952423,0.77567558,0,0.24906464
0.02388000,10.00000000,8.00000000,7.74811444,3.62241816,0.77576656,0,0.25188556
0.02390000,10.00000000,8.00000000,7.74534944,3.62679376,0.77585809,0,0.25465056
0.02392000,10.00000000,8.00000000,7.74265636,3.63262762,0.77595005,0,0.25734364
0.02394000,10.00000000,8.00000000,7.74005079,3.63988957,0.77604235,0,0.25994921
0.02396000,10.00000000,8.00000000,7.73754788,3.64854290,0.77613486,0,0.26245212
0.02398000,10.00000000,8.00000000,7.73516223,3.65854446,0.77622747,0,0.26483777
0.02400000,10.00000000,8.00000000,7.73290788,3.66984493,0.77632008,0,0.26709212
0.02402000,10.00000000,8.00000000,7.73079817,3.68238908,0.77641256,0,0.26920183
0.02404000,10.00000000,8.00000000,7.72884576,3.69611599,0.77650481,0,0.27115424
0.02406000,10.00000000,8.00000000,7.72706252,3.71095938,0.77659670,0,0.27293748
0.02408000,10.00000000,8.00000000,7.72545950,3.72684794,0.77668812,0,0.27454050
0.02410000,10.00000000,8.00000000,7.72404684,3.74370567,0.77677897,0,0.27595316
0.02412000,10.00000000,8.00000000,7.72283381,3.76145223,0.77686913,0,0.27716619
0.02414000,10.00000000,8.00000000,7.72182867,3.78000333,0.77695850,0,0.27817133
0.02416000,10.00000000,8.00000000,7.72103870,3.79927114,0.77704697,0,0.27896130
0.02418000,10.00000000,8.00000000,7.72047016,3.81916472,0.77713444,0,0.27952984
0.02420000,10.00000000,8.00000000,7.72012823,3.83959043,0.77722081,0,0.27987177
0.02422000,10.00000000,8.00000000,7.72001702,3.86045236,0.77730599,0,0.27998298
0.02424000,10.00000000,8.00000000,7.72013954,3.88165283,0.77738449,0,0.27986046
0.02426000,10.00000000,8.00000000,7.72049759,3.90307121,0.77745664,0,0.27950241
0.02428000,10.00000000,8.00000000,7.72109161,3.92458779,0.77752734,0,0.27890839
0.02430000,10.00000000,8.00000000,7.72192083,3.94610247,0.77759657,0,0.27807917
0.02432000,10.00000000,8.00000000,7.72298336,3.96751565,0.77766432,0,0.27701664
0.02434000,10.00000000,8.00000000,7.72427625,3.98872862,0.77773058,0,0.27572375
0.02436000,10.00000000,8.00000000,7.72579546,4.00964407,0.77779535,0,0.27420454
0.02438000,10.00000000,8.00000000,7.72753589,4.03016645,0.77785862,0,0.27246411
0.02440000,10.00000000,8.00000000,7.72949147,4.05020252,0.77792042,0,0.27050853
0.02442000,10.00000000,8.00000000,7.73165509,4.06966168,0.77798075,0,0.26834491
0.02444000,10.00000000,8.00000000,7.73401873,4.08845642,0.77803963,0,0.26598127
0.02446000,10.00000000,8.00000000,7.73657345,4.10650272,0.77809710,0,0.26342655
0.02448000,10.00000000,8.00000000,7.73930944,4.12372042,0.77815319,0,0.26069056
0.02450000,10.00000000,8.00000000,7.74221610,4.14003356,0.77820792,0,0.25778390
0.02452000,10.00000000,8.00000000,7.74528205,4.15537072,0.77826135,0,0.25471795
0.02454000,10.00000000,8.00000000,7.74849524,4.16966538,0.77831353,0,0.25150476
0.02456000,10.00000000,8.00000000,7.75184294,4.18285612,0.77836450,0,0.24815706
0.02458000,10.00000000,8.00000000,7.75531187,4.19488698,0.77841433,0,0.24468813
0.02460000,10.00000000,8.00000000,7.75888821,4.20570763,0.77846307,0,0.24111179
0.02462000,10.00000000,8.00000000,7.76255771,4.21527360,0.77851080,0,0.23744229
0.02464000,10.00000000,8.00000000,7.76630573,4.22354647,0.77855758,0,0.23369427
0.02466000,10.00000000,8.00000000,7.77011733,4.23049404,0.77860348,0,0.22988267
0.02468000,10.00000000,8.00000000,7.77397731,4.23609039,0.77864859,0,0.22602269
0.02470000,10.00000000,8.00000000,7.77787034,4.24031607,0.77869298,0,0.22212966
0.02472000,10.00000000,8.00000000,7.78178095,4.24315806,0.77873673,0,0.21821905
0.02474000,10.00000000,8.00000000,7.78569367,4.24460988,0.77877994,0,0.21430633
0.02476000,10.00000000,8.00000000,7.78959310,4.24467157,0.77882267,0,0.21040690
0.02478000,10.00000000,8.00000000,7.79346392,4.24334965,0.77886503,0,0.20653608
0.02480000,10.00000000,8.00000000,7.79729103,4.24065708,0.77890710,0,0.20270897
0.02482000,10.00000000,8.00000000,7.80105959,4.23661314,0.77894896,0,0.19894041
0.02484000,10.00000000,8.00000000,7.80475508,4.23124337,0.77899071,0,0.19524492
0.02486000,10.00000000,8.00000000,7.80836339,4.22457937,0.77903243,0,0.19163661
0.02488000,10.00000000,8.00000000,7.81187087,4.21665864,0.77907421,0,0.18812913
0.02490000,10.00000000,8.00000000,7.81526438,4.20752441,0.77911613,0,0.18473562
0.02492000,10.00000000,8.00000000,7.81853137,4.19722538,0.77915829,0,0.18146863
0.02494000,10.00000000,8.00000000,7.82165994,4.18581546,0.77920075,0,0.17834006
0.02496000,10.00000000,8.00000000,7.82463885,4.17335354,0.77924361,0,0.17536115
0.02498000,10.00000000,8.00000000,7.82745764,4.15990317,0.77928693,0,0.17254236
0.02500000,10.00000000,8.00000000,7.83010662,4.14553221,0.77933079,0,0.16989338
0.02502000,10.00000000,8.00000000,7.83257691,4.13031256,0.77937525,0,0.16742309
0.02504000,10.00000000,8.00000000,7.83486052,4.11431975,0.77942040,0,0.16513948
0.02506000,10.00000000,8.00000000,7.83695035,4.09763260,0.77946627,0,0.16304965
0.02508000,10.00000000,8.00000000,7.83884024,4.08033281,0.77951294,0,0.16115976
0.02510000,10.00000000,8.00000000,7.84052496,4.06250462,0.77956045,0,0.15947504
0.02512000,10.00000000,8.00000000,7.84200027,4.04423433,0.77960885,0,0.15799973
0.02514000,10.00000000,8.00000000,7.84326294,4.02560994,0.77965817,0,0.15673706
0.02516000,10.00000000,8.00000000,7.84431069,4.00672072,0.77970847,0,0.15568931
0.02518000,10.00000000,8.00000000,7.84514229,3.98765677,0.77975975,0,0.15485771
0.02520000,10.00000000,8.00000000,7.84575751,3.96850862,0.77981206,0,0.15424249
0.02522000,10.00000000,8.00000000,7.84615710,3.94936677,0.77986540,0,0.15384290
0.02524000,10.00000000,8.00000000,7.84634284,3.93032130,0.77991979,0,0.15365716
0.02526000,10.00000000,8.00000000,7.84631747,3.91146143,0.77997413,0,0.15368253
0.02528000,10.00000000,8.00000000,7.84608468,3.89287068,0.78002158,0,0.15391532
0.02530000,10.00000000,8.00000000,7.84564891,3.87460361,0.78007028,0,0.15435109
0.02532000,10.00000000,8.00000000,7.84501535,3.85674540,0.78012027,0,0.15498465
0.02534000,10.00000000,8.00000000,7.84419008,3.83937910,0.78017155,0,0.15580992
0.02536000,10.00000000,8.00000000,7.84318006,3.82258526,0.78022416,0,0.15681994
0.02538000,10.00000000,8.00000000,7.84199310,3.80644153,0.78027811,0,0.15800690
0.02540000,10.00000000,8.00000000,7.84063779,3.79102232,0.78033338,0,0.15936221
0.02542000,10.00000000,8.00000000,7.83912349,3.77639846,0.78038999,0,0.16087651
0.02544000,10.00000000,8.00000000,7.83746027,3.76263689,0.78044792,0,0.16253973
0.02546000,10.00000000,8.00000000,7.83565886,3.74980032,0.78050715,0,0.16434114
0.02548000,10.00000000,8.00000000,7.83373061,3.73794699,0.78056766,0,0.16626939
0.02550000,10.00000000,8.00000000,7.83168740,3.72713039,0.78062941,0,0.16831260
0.02552000,10.00000000,8.00000000,7.82954165,3.71739902,0.78069238,0,0.17045835
0.02554000,10.00000000,8.00000000,7.82730618,3.70879619,0.78075651,0,0.17269382
0.02556000,10.00000000,8.00000000,7.82499421,3.70135981,0.78082175,0,0.17500579
0.02558000,10.00000000,8.00000000,7.82261928,3.69512225,0.78088806,0,0.17738072
0.02560000,10.00000000,8.00000000,7.82019517,3.69011020,0.78095537,0,0.17980483
0.02562000,10.00000000,8.00000000,7.81773585,3.68634454,0.78102362,0,0.18226415
0.02564000,10.00000000,8.00000000,7.81525542,3.68384028,0.78109273,0,0.18474458
0.02566000,10.00000000,8.00000000,7.81276803,3.68260649,0.78116263,0,0.18723197
0.02568000,10.00000000,8.00000000,7.81028781,3.68264631,0.78123324,0,0.18971219
0.02570000,10.00000000,8.00000000,7.80782883,3.68395689,0.78130448,0,0.19217117
0.02572000,10.00000000,8.00000000,7.80540500,3.68652946,0.78137627,0,0.19459500
0.02574000,10.00000000,8.00000000,7.80303005,3.69034940,0.78144852,0,0.19696995
0.02576000,10.00000000,8.00000000,7.80071740,3.69539627,0.78152112,0,0.19928260
0.02578000,10.00000000,8.00000000,7.79848017,3.70164397,0.78159400,0,0.20151983
0.02580000,10.00000000,8.00000000,7.79633108,3.70906087,0.78166706,0,0.20366892
0.02582000,10.00000000,8.00000000,7.79428240,3.71760995,0.78174019,0,0.20571760
0.02584000,10.00000000,8.00000000,7.79234587,3.72724899,0.78181331,0,0.20765413
0.02586000,10.00000000,8.00000000,7.79053271,3.73793080,0.78188631,0,0.20946729
0.02588000,10.00000000,8.00000000,7.78885349,3.74960345,0.78195911,0,0.21114651
0.02590000,10.00000000,8.00000000,7.78731815,3.76221050,0.78203159,0,0.21268185
0.02592000,10.00000000,8.00000000,7.78593590,3.77569129,0.78210367,0,0.21406410
0.02594000,10.00000000,8.00000000,7.78471523,3.78998126,0.78217525,0,0.21528477
0.02596000,10.00000000,8.00000000,7.78366383,3.80501221,0.78224624,0,0.21633617
0.02598000,10.00000000,8.00000000,7.78278858,3.82071265,0.78231654,0,0.21721142
0.02600000,10.00000000,8.00000000,7.78209552,3.83700817,0.78238608,0,0.21790448
0.02602000,10.00000000,8.00000000,7.78158979,3.85382175,0.78245476,0,0.21841021
0.02604000,10.00000000,8.00000000,7.78127567,3.87107414,0.78252250,0,0.21872433
0.02606000,10.00000000,8.00000000,7.78115651,3.88868425,0.78258923,0,0.21884349
0.02608000,10.00000000,8.00000000,7.78123473,3.90656952,0.78265143,0,0.21876527
0.02610000,10.00000000,8.00000000,7.78151175,3.92463259,0.78270719,0,0.21848825
0.02612000,10.00000000,8.00000000,7.78198786,3.94276803,0.78276171,0,0.21801214
0.02614000,10.00000000,8.00000000,7.78266228,3.96089143,0.78281499,0,0.21733772
0.02616000,10.00000000,8.00000000,7.78353332,3.97891879,0.78286702,0,0.21646668
0.02618000,10.00000000,8.00000000,7.78459836,3.99676694,0.78291779,0,0.21540164
0.02620000,10.00000000,8.00000000,7.78585388,4.01435393,0.78296730,0,0.21414612
0.02622000,10.00000000,8.00000000,7.78729549,4.03159938,0.78301556,0,0.21270451
0.02624000,10.00000000,8.00000000,7.78891794,4.04842485,0.78306256,0,0.21108206
0.02626000,10.00000000,8.00000000,7.79071514,4.06475420,0.78310834,0,0.20928486
0.02628000,10.00000000,8.00000000,7.79268022,4.08051397,0.78315291,0,0.20731978
0.02630000,10.00000000,8.00000000,7.79480555,4.09563364,0.78319628,0,0.20519445
0.02632000,10.00000000,8.00000000,7.79708277,4.11004602,0.78323850,0,0.20291723
0.02634000,10.00000000,8.00000000,7.79950285,4.12368750,0.78327959,0,0.20049715
0.02636000,10.00000000,8.00000000,7.80205611,4.13649834,0.78331959,0,0.19794389
0.02638000,10.00000000,8.00000000,7.80473231,4.14842295,0.78335855,0,0.19526769
0.02640000,10.00000000,8.00000000,7.80752065,4.15941010,0.78339650,0,0.19247935
0.02642000,10.00000000,8.00000000,7.81040986,4.16941318,0.78343351,0,0.18959014
0.02644000,10.00000000,8.00000000,7.81338825,4.17839038,0.78346962,0,0.18661175
0.02646000,10.00000000,8.00000000,7.81644374,4.18630483,0.78350489,0,0.18355626
0.02648000,10.00000000,8.00000000,7.81956396,4.19312481,0.78353939,0,0.18043604
0.02650000,10.00000000,8.00000000,7.82273625,4.19882384,0.78357317,0,0.17726375
0.02652000,10.00000000,8.00000000,7.82594781,4.20338079,0.78360630,0,0.17405219
0.02654000,10.00000000,8.00000000,7.82918565,4.20677995,0.78363885,0,0.17081435
0.02656000,10.00000000,8.00000000,7.83243674,4.20901109,0.78367089,0,0.16756326
0.02658000,10.00000000,8.00000000,7.83568804,4.21006948,0.78370249,0,0.16431196
0.02660000,10.00000000,8.00000000,7.83892656,4.20995588,0.78373373,0,0.16107344
0.02662000,10.00000000,8.00000000,7.84213940,4.20867653,0.78376467,0,0.15786060
0.02664000,10.00000000,8.00000000,7.84531384,4.20624310,0.78379540,0,0.15468616
0.02666000,10.00000000,8.00000000,7.84843742,4.20267256,0.78382599,0,0.15156258
0.02668000,10.00000000,8.00000000,7.85149792,4.19798716,0.78385652,0,0.14850208
0.02670000,10.00000000,8.00000000,7.85448349,4.19221425,0.78388705,0,0.14551651
0.02672000,10.00000000,8.00000000,7.85738267,4.18538614,0.78391766,0,0.14261733
0.02674000,10.00000000,8.00000000,7.86018446,4.17753992,0.78394842,0,0.13981554
0.02676000,10.00000000,8.00000000,7.86287832,4.16871729,0.78397941,0,0.13712168
0.02678000,10.00000000,8.00000000,7.86545430,4.15896433,0.78401070,0,0.13454570
0.02680000,10.00000000,8.00000000,7.86790302,4.14833126,0.78404234,0,0.13209698
0.02682000,10.00000000,8.00000000,7.87021572,4.13687221,0.78407441,0,0.12978428
0.02684000,10.00000000,8.00000000,7.87238433,4.12464490,0.78410696,0,0.12761567
0.02686000,10.00000000,8.00000000,7.87440147,4.11171043,0.78414006,0,0.12559853
0.02688000,10.00000000,8.00000000,7.87626048,4.09813290,0.78417375,0,0.12373952
0.02690000,10.00000000,8.00000000,7.87795550,4.08397915,0.78420809,0,0.12204450
0.02692000,10.00000000,8.00000000,7.87948142,4.06931844,0.78424313,0,0.12051858
0.02694000,10.00000000,8.00000000,7.88083397,4.05422205,0.78427891,0,0.11916603
0.02696000,10.00000000,8.00000000,7.88200967,4.03876302,0.78431546,0,0.11799033
0.02698000,10.00000000,8.00000000,7.88300591,4.02301574,0.78435283,0,0.11699409
0.02700000,10.00000000,8.00000000,7.88382089,4.00705562,0.78439103,0,0.11617911
0.02702000,10.00000000,8.00000000,7.88445369,3.99095874,0.78443010,0,0.11554631
0.02704000,10.00000000,8.00000000,7.88490423,3.97480148,0.78447005,0,0.11509577
0.02706000,10.00000000,8.00000000,7.88517326,3.95866014,0.78451089,0,0.11482674
0.02708000,10.00000000,8.00000000,7.88526239,3.94261062,0.78455265,0,0.11473761
0.02710000,10.00000000,8.00000000,7.88517406,3.92672805,0.78459147,0,0.11482594
0.02712000,10.00000000,8.00000000,7.88491142,3.91107110,0.78462747,0,0.11508858
0.02714000,10.00000000,8.00000000,7.88447825,3.89569745,0.78466455,0,0.11552175
0.02716000,10.00000000,8.00000000,7.88387905,3.88067875,0.78470274,0,0.11612095
0.02718000,10.00000000,8.00000000,7.88311906,3.86608480,0.78474204,0,0.11688094
0.02720000,10.00000000,8.00000000,7.88220424,3.85198326,0.78478249,0,0.11779576
0.02722000,10.00000000,8.00000000,7.88114128,3.83843929,0.78482407,0,0.11885872
0.02724000,10.00000000,8.00000000,7.87993752,3.82551525,0.78486680,0,0.12006248
0.02726000,10.00000000,8.00000000,7.87860095,3.81327048,0.78491067,0,0.12139905
0.02728000,10.00000000,8.00000000,7.87714013,3.80176096,0.78495567,0,0.12285987
0.02730000,10.00000000,8.00000000,7.87556421,3.79103910,0.78500178,0,0.12443579
0.02732000,10.00000000,8.00000000,7.87388281,3.78115347,0.78504898,0,0.12611719
0.02734000,10.00000000,8.00000000,7.87210605,3.77214864,0.78509725,0,0.12789395
0.02736000,10.00000000,8.00000000,7.87024442,3.76406490,0.78514655,0,0.12975558
0.02738000,10.00000000,8.00000000,7.86830882,3.75693815,0.78519683,0,0.13169118
0.02740000,10.00000000,8.00000000,7.86631043,3.75079974,0.78524807,0,0.13368957
0.02742000,10.00000000,8.00000000,7.86426071,3.74567627,0.78530021,0,0.13573929
0.02744000,10.00000000,8.00000000,7.86217131,3.74158958,0.78535320,0,0.13782869
0.02746000,10.00000000,8.00000000,7.86005403,3.73855657,0.78540698,0,0.13994597
0.02748000,10.00000000,8.00000000,7.85792079,3.73658918,0.78546149,0,0.14207921
0.02750000,10.00000000,8.00000000,7.85578350,3.73569434,0.78551667,0,0.14421650
0.02752000,10.00000000,8.00000000,7.85365411,3.73587395,0.78557245,0,0.14634589
0.02754000,10.00000000,8.00000000,7.85154445,3.73712487,0.78562875,0,0.14845555
0.02756000,10.00000000,8.00000000,7.84946624,3.73943899,0.78568552,0,0.15053376
0.02758000,10.00000000,8.00000000,7.84743103,3.74280323,0.78574266,0,0.15256897
0.02760000,10.00000000,8.00000000,7.84545012,3.74719964,0.78580011,0,0.15454988
0.02762000,10.00000000,8.00000000,7.84353451,3.75260550,0.78585777,0,0.15646549
0.02764000,10.00000000,8.00000000,7.84169489,3.75899342,0.78591558,0,0.15830511
0.02766000,10.00000000,8.00000000,7.83994154,3.76633151,0.78597345,0,0.16005846
0.02768000,10.00000000,8.00000000,7.83828432,3.77458350,0.78603130,0,0.16171568
0.02770000,10.00000000,8.00000000,7.83673260,3.78370897,0.78608903,0,0.16326740
0.02772000,10.00000000,8.00000000,7.83529522,3.79366349,0.78614658,0,0.16470478
0.02774000,10.00000000,8.00000000,7.83398049,3.80439891,0.78620386,0,0.16601951
0.02776000,10.00000000,8.00000000,7.83279608,3.81586351,0.78626079,0,0.16720392
0.02778000,10.00000000,8.00000000,7.83174905,3.82800234,0.78631729,0,0.16825095
0.02780000,10.00000000,8.00000000,7.83084580,3.84075740,0.78637327,0,0.16915420
0.02782000,10.00000000,8.00000000,7.83009201,3.85406799,0.78642867,0,0.16990799
0.02784000,10.00000000,8.00000000,7.82949268,3.86787094,0.78648340,0,0.17050732
0.02786000,10.00000000,8.00000000,7.82905203,3.88210097,0.78653741,0,0.17094797
0.02788000,10.00000000,8.00000000,7.82877356,3.89669093,0.78659061,0,0.17122644
0.02790000,10.00000000,8.00000000,7.82865996,3.91157220,0.78664295,0,0.17134004
0.02792000,10.00000000,8.00000000,7.82871317,3.92667494,0.78669203,0,0.17128683
0.02794000,10.00000000,8.00000000,7.82893428,3.94191917,0.78673511,0,0.17106572
0.02796000,10.00000000,8.00000000,7.82932341,3.95721368,0.78677716,0,0.17067659
0.02798000,10.00000000,8.00000000,7.82987980,3.97248721,0.78681815,0,0.17012020
0.02800000,10.00000000,8.00000000,7.83060190,3.98766897,0.78685809,0,0.16939810
0.02802000,10.00000000,8.00000000,7.83148737,4.00268886,0.78689696,0,0.16851263
0.02804000,10.00000000,8.00000000,7.83253315,4.01747788,0.78693477,0,0.16746685
0.02806000,10.00000000,8.00000000,7.83373540,4.03196841,0.78697153,0,0.16626460
0.02808000,10.00000000,8.00000000,7.83508958,4.04609452,0.78700724,0,0.16491042
0.02810000,10.00000000,8.00000000,7.83659046,4.05979226,0.78704191,0,0.16340954
0.02812000,10.00000000,8.00000000,7.83823214,4.07299998,0.78707557,0,0.16176786
0.02814000,10.00000000,8.00000000,7.84000807,4.08565858,0.78710823,0,0.15999193
0.02816000,10.00000000,8.00000000,7.84191111,4.09771177,0.78713992,0,0.15808889
0.02818000,10.00000000,8.00000000,7.84393356,4.10910637,0.78717067,0,0.15606644
0.02820000,10.00000000,8.00000000,7.84606717,4.11979248,0.78720052,0,0.15393283
0.02822000,10.00000000,8.00000000,7.84830321,4.12972374,0.78722949,0,0.15169679
0.02824000,10.00000000,8.00000000,7.85063252,4.13885751,0.78725763,0,0.14936748
0.02826000,10.00000000,8.00000000,7.85304553,4.14715506,0.78728499,0,0.14695447
0.02828000,10.00000000,8.00000000,7.85553230,4.15458175,0.78731161,0,0.14446770
0.02830000,10.00000000,8.00000000,7.85808262,4.16110715,0.78733754,0,0.14191738
0.02832000,10.00000000,8.00000000,7.86068598,4.16670518,0.78736283,0,0.13931402
0.02834000,10.00000000,8.00000000,7.86333170,4.17135418,0.78738753,0,0.13666830
0.02836000,10.00000000,8.00000000,7.86600893,4.17503706,0.78741171,0,0.13399107
0.02838000,10.00000000,8.00000000,7.86870672,4.17774128,0.78743542,0,0.13129328
0.02840000,10.00000000,8.00000000,7.87141406,4.17945896,0.78745873,0,0.12858594
0.02842000,10.00000000,8.00000000,7.87411994,4.18018684,0.78748168,0,0.12588006
0.02844000,10.00000000,8.00000000,7.87681341,4.17992631,0.78750435,0,0.12318659
0.02846000,10.00000000,8.00000000,7.87948361,4.17868337,0.78752680,0,0.12051639
0.02848000,10.00000000,8.00000000,7.88211985,4.17646859,0.78754910,0,0.11788015
0.02850000,10.00000000,8.00000000,7.88471162,4.17329703,0.78757129,0,0.11528838
0.02852000,10.00000000,8.00000000,7.88724867,4.16918816,0.78759346,0,0.11275133
0.02854000,10.00000000,8.00000000,7.88972105,4.16416575,0.78761566,0,0.11027895
0.02856000,10.00000000,8.00000000,7.89211914,4.15825772,0.78763796,0,0.10788086
0.02858000,10.00000000,8.00000000,7.89443372,4.15149604,0.78766040,0,0.10556628
0.02860000,10.00000000,8.00000000,7.89665598,4.14391650,0.78768307,0,0.10334402
0.02862000,10.00000000,8.00000000,7.89877760,4.13555857,0.78770601,0,0.10122240
0.02864000,10.00000000,8.00000000,7.90079073,4.12646519,0.78772927,0,0.09920927
0.02866000,10.00000000,8.00000000,7.90268809,4.11668254,0.78775292,0,0.09731191
0.02868000,10.00000000,8.00000000,7.90446295,4.10625982,0.78777700,0,0.09553705
0.02870000,10.00000000,8.00000000,7.90610918,4.09524902,0.78780157,0,0.09389082
0.02872000,10.00000000,8.00000000,7.90762128,4.08370463,0.78782666,0,0.09237872
0.02874000,10.00000000,8.00000000,7.90899439,4.07168343,0.78785232,0,0.09100561
0.02876000,10.00000000,8.00000000,7.91022433,4.05924413,0.78787859,0,0.08977567
0.02878000,10.00000000,8.00000000,7.91130758,4.04644718,0.78790551,0,0.08869242
0.02880000,10.00000000,8.00000000,7.91224134,4.03335441,0.78793310,0,0.08775866
0.02882000,10.00000000,8.00000000,7.91302351,4.02002876,0.78796140,0,0.08697649
0.02884000,10.00000000,8.00000000,7.91365269,4.00653399,0.78799042,0,0.08634731
0.02886000,10.00000000,8.00000000,7.91412823,3.99293436,0.78802019,0,0.08587177
0.02888000,10.00000000,8.00000000,7.91445017,3.97929432,0.78805072,0,0.08554983
0.02890000,10.00000000,8.00000000,7.91461926,3.96567825,0.78808203,0,0.08538074
0.02892000,10.00000000,8.00000000,7.91463697,3.95215011,0.78811412,0,0.08536303
0.02894000,10.00000000,8.00000000,7.91450548,3.93877317,0.78814129,0,0.08549452
0.02896000,10.00000000,8.00000000,7.91422750,3.92558691,0.78816860,0,0.08577250
0.02898000,10.00000000,8.00000000,7.91380627,3.91264985,0.78819684,0,0.08619373
0.02900000,10.00000000,8.00000000,7.91324570,3.90002224,0.78822603,0,0.08675430
0.02902000,10.00000000,8.00000000,7.91255031,3.88776275,0.78825618,0,0.08744969
0.02904000,10.00000000,8.00000000,7.91172524,3.87592814,0.78828731,0,0.08827476
0.02906000,10.00000000,8.00000000,7.91077623,3.86457305,0.78831942,0,0.08922377
0.02908000,10.00000000,8.00000000,7.90970956,3.85374975,0.78835250,0,0.09029044
0.02910000,10.00000000,8.00000000,7.90853205,3.84350786,0.78838656,0,0.09146795
0.02912000,10.00000000,8.00000000,7.90725104,3.83389415,0.78842158,0,0.09274896
0.02914000,10.00000000,8.00000000,7.90587428,3.82495236,0.78845755,0,0.09412572
0.02916000,10.00000000,8.00000000,7.90441000,3.81672294,0.78849445,0,0.09559000
0.02918000,10.00000000,8.00000000,7.90286677,3.80924291,0.78853226,0,0.09713323
0.02920000,10.00000000,8.00000000,7.90125352,3.80254570,0.78857094,0,0.09874648
0.02922000,10.00000000,8.00000000,7.89957949,3.79666098,0.78861046,0,0.10042051
0.02924000,10.00000000,8.00000000,7.89785415,3.79161455,0.78865079,0,0.10214585
0.02926000,10.00000000,8.00000000,7.89608721,3.78742820,0.78869188,0,0.10391279
0.02928000,10.00000000,8.00000000,7.89428854,3.78411968,0.78873369,0,0.10571146
0.02930000,10.00000000,8.00000000,7.89246810,3.78170255,0.78877617,0,0.10753190
0.02932000,10.00000000,8.00000000,7.89063595,3.78018618,0.78881926,0,0.10936405
0.02934000,10.00000000,8.00000000,7.88880218,3.77957571,0.78886292,0,0.11119782
0.02936000,10.00000000,8.00000000,7.88697683,3.77987203,0.78890708,0,0.11302317
0.02938000,10.00000000,8.00000000,7.88516990,3.78107178,0.78895168,0,0.11483010
0.02940000,10.00000000,8.00000000,7.88339125,3.78316739,0.78899667,0,0.11660875
0.02942000,10.00000000,8.00000000,7.88165059,3.78614712,0.78904197,0,0.11834941
0.02944000,10.00000000,8.00000000,7.87995742,3.78999512,0.78908751,0,0.12004258
0.02946000,10.00000000,8.00000000,7.87832100,3.79469153,0.78913324,0,0.12167900
0.02948000,10.00000000,8.00000000,7.87675027,3.80021258,0.78917908,0,0.12324973
0.02950000,10.00000000,8.00000000,7.87525387,3.80653069,0.78922496,0,0.12474613
0.02952000,10.00000000,8.00000000,7.87384005,3.81361464,0.78927082,0,0.12615995
0.02954000,10.00000000,8.00000000,7.87251663,3.82142971,0.78931657,0,0.12748337
0.02956000,10.00000000,8.00000000,7.87129103,3.82993784,0.78936216,0,0.12870897
0.02958000,10.00000000,8.00000000,7.87017013,3.83909784,0.78940750,0,0.12982987
0.02960000,10.00000000,8.00000000,7.86916036,3.84886556,0.78945255,0,0.13083964
0.02962000,10.00000000,8.00000000,7.86826756,3.85919415,0.78949721,0,0.13173244
0.02964000,10.00000000,8.00000000,7.86749703,3.87003423,0.78954144,0,0.13250297
0.02966000,10.00000000,8.00000000,7.86685348,3.88133418,0.78958516,0,0.13314652
0.02968000,10.00000000,8.00000000,7.86634101,3.89304034,0.78962831,0,0.13365899
0.02970000,10.00000000,8.00000000,7.86596307,3.90509730,0.78967083,0,0.13403693
0.02972000,10.00000000,8.00000000,7.86572250,3.91744814,0.78971267,0,0.13427750
0.02974000,10.00000000,8.00000000,7.86562148,3.93003472,0.78975378,0,0.13437852
0.02976000,10.00000000,8.00000000,7.86566151,3.94279794,0.78979234,0,0.13433849
0.02978000,10.00000000,8.00000000,7.86584340,3.95567105,0.78982563,0,0.13415660
0.02980000,10.00000000,8.00000000,7.86616716,3.96857620,0.78985805,0,0.13383284
0.02982000,10.00000000,8.00000000,7.86663200,3.98145323,0.78988957,0,0.13336800
0.02984000,10.00000000,8.00000000,7.86723652,3.99424244,0.78992021,0,0.13276348
0.02986000,10.00000000,8.00000000,7.86797864,4.00688478,0.78994994,0,0.13202136
0.02988000,10.00000000,8.00000000,7.86885563,4.01932215,0.78997879,0,0.13114437
0.02990000,10.00000000,8.00000000,7.86986418,4.03149766,0.79000674,0,0.13013582
0.02992000,10.00000000,8.00000000,7.87100033,4.04335592,0.79003382,0,0.12899967
0.02994000,10.00000000,8.00000000,7.87225957,4.05484324,0.79006003,0,0.12774043
0.02996000,10.00000000,8.00000000,7.87363681,4.06590791,0.79008538,0,0.12636319
0.02998000,10.00000000,8.00000000,7.87512645,4.07650043,0.79010990,0,0.12487355
0.03000000,10.00000000,15.00000000,7.87672237,4.08657371,0.84029200,1,7.12327763
0.03002000,10.00000000,15.00000000,7.84341331,7.58448145,0.82098108,1,7.15658669
0.03004000,10.00000000,15.00000000,7.81841798,11.02377028,0.82324625,1,7.18158202
0.03006000,10.00000000,15.00000000,7.80007191,14.47168544,0.82549041,1,7.19992809
0.03008000,10.00000000,15.00000000,7.78818529,17.92766473,0.82770747,1,7.21181471
0.03010000,10.00000000,15.00000000,7.78257143,21.39115796,0.82989412,1,7.21742857
0.03012000,10.00000000,15.00000000,7.78304704,24.86163449,0.83204923,1,7.21695296
0.03014000,10.00000000,15.00000000,7.78943220,28.33858865,0.83417828,1,7.21056780
0.03016000,10.00000000,15.00000000,7.80154842,31.82155912,0.83627262,1,7.19845158
0.03018000,10.00000000,15.00000000,7.81922317,35.31008360,0.83833359,1,7.18077683
0.03020000,10.00000000,15.00000000,7.84228713,38.80372869,0.84035954,1,7.15771287
0.03022000,10.00000000,15.00000000,7.87057540,42.30207916,0.84234957,1,7.12942460
0.03024000,10.00000000,15.00000000,7.90392750,45.80473898,0.84430228,1,7.09607250
0.03026000,10.00000000,15.00000000,7.94218776,49.31132856,0.84621733,1,7.05781224
0.03028000,10.00000000,15.00000000,7.98520503,52.82148668,0.84809501,1,7.01479497
0.03030000,10.00000000,15.00000000,8.03283237,56.33487142,0.84993513,1,6.96716763
0.03032000,10.00000000,15.00000000,8.08492739,59.85115739,0.85173609,1,6.91507261
0.03034000,10.00000000,15.00000000,8.14135325,63.37003013,0.85349846,1,6.85864675
0.03036000,10.00000000,15.00000000,8.20197736,66.89119186,0.85522956,1,6.79802264
0.03038000,10.00000000,15.00000000,8.26666625,70.41438291,0.85692266,1,6.73333375
0.03040000,10.00000000,15.00000000,8.33529566,73.93933490,0.85857388,1,6.66470434
0.03042000,10.00000000,15.00000000,8.40774922,77.46577835,0.86018645,1,6.59225078
0.03044000,10.00000000,15.00000000,8.48391277,80.99346527,0.86176165,1,6.51608723
0.03046000,10.00000000,15.00000000,8.56367571,84.52216211,0.86330254,1,6.43632429
0.03048000,10.00000000,15.00000000,8.64692911,88.05165523,0.86480331,1,6.35307089
0.03050000,10.00000000,15.00000000,8.73357408,91.58171964,0.86626490,1,6.26642592
0.03052000,10.00000000,15.00000000,8.82351564,95.11214096,0.86768263,1,6.17648436
0.03054000,10.00000000,15.00000000,8.91666861,98.64269468,0.86906912,1,6.08333139
0.03056000,10.00000000,15.00000000,9.01293912,102.17320691,0.87041567,1,5.98706088
0.03058000,10.00000000,15.00000000,9.11224721,105.70347846,0.87171446,1,5.88775279
0.03060000,10.00000000,15.00000000,9.21452708,109.23328550,0.87297639,1,5.78547292
0.03062000,10.00000000,15.00000000,9.31970521,112.76244710,0.87420215,1,5.68029479
0.03064000,10.00000000,15.00000000,9.42771172,116.29078831,0.87537768,1,5.57228828
0.03066000,10.00000000,15.00000000,9.53849950,119.81808337,0.87651194,1,5.46150050
0.03068000,10.00000000,15.00000000,9.65201528,123.34414081,0.87760824,1,5.34798472
0.03070000,10.00000000,15.00000000,9.76820612,126.86878270,0.87865481,1,5.23179388
0.03072000,10.00000000,15.00000000,9.88704038,130.39178532,0.87965689,1,5.11295962
0.03074000,10.00000000,15.00000000,10.00848452,133.91294362,0.88061418,1,4.99151548
0.03076000,10.00000000,15.00000000,10.13251061,137.43204962,0.88152637,1,4.86748939
0.03078000,10.00000000,15.00000000,10.25909640,140.94889159,0.88238533,1,4.74090360
0.03080000,10.00000000,15.00000000,10.38823765,144.46322093,0.88319995,1,4.61176235
0.03082000,10.00000000,15.00000000,10.51992174,147.97482103,0.88396369,1,4.48007826
0.03084000,10.00000000,15.00000000,10.65415191,151.48344335,0.88466455,1,4.34584809
0.03086000,10.00000000,15.00000000,10.79095741,154.98878144,0.88532263,1,4.20904259
0.03088000,10.00000000,15.00000000,10.93033948,158.49060728,0.88591294,1,4.06966052
0.03090000,10.00000000,15.00000000,11.07234844,161.98857674,0.88645024,1,3.92765156
0.03092000,10.00000000,15.00000000,11.21701506,165.48240002,0.88692644,1,3.78298494
0.03094000,10.00000000,15.00000000,11.36439085,168.97174146,0.88734573,1,3.63560915
0.03096000,10.00000000,15.00000000,11.51452578,172.45627315,0.88771897,1,3.48547422
0.03098000,10.00000000,15.00000000,11.66745488,175.93570690,0.88802715,1,3.33254512
0.03100000,10.00000000,15.00000000,11.82325542,179.40965543,0.88827821,1,3.17674458
0.03102000,10.00000000,15.00000000,11.98199537,182.87775513,0.88845815,1,3.01800463
0.03104000,10.00000000,15.00000000,12.14377710,186.33956109,0.88857448,1,2.85622290
0.03106000,10.00000000,15.00000000,12.30869450,189.79464769,0.88861521,1,2.69130550
0.03108000,10.00000000,15.00000000,12.47687310,193.24251301,0.88858854,1,2.52312690
0.03110000,10.00000000,15.00000000,12.64842810,196.68267600,0.88847652,1,2.35157190
0.03112000,10.00000000,15.00000000,12.82352059,200.11454414,0.88829741,1,2.17647941
0.03114000,10.00000000,15.00000000,13.00227898,203.53759452,0.88802795,1,1.99772102
0.03116000,10.00000000,15.00000000,13.18489067,206.95116039,0.88768074,1,1.81510933
0.03118000,10.00000000,15.00000000,13.37152230,210.35461307,0.88723487,1,1.62847770
0.03120000,10.00000000,15.00000000,13.56239653,213.74718372,0.88670025,1,1.43760347
0.03122000,10.00000000,15.00000000,13.75772118,217.12812319,0.88606476,1,1.24227882
0.03124000,10.00000000,15.00000000,13.95774108,220.49658158,0.88533469,1,1.04225892
0.03126000,10.00000000,15.00000000,14.16269416,223.85170591,0.88449643,1,0.83730584
0.03128000,10.00000000,15.00000000,14.37286020,227.19252626,0.88354551,1,0.62713980
0.03130000,10.00000000,15.00000000,14.58853908,230.51800134,0.88248347,1,0.41146092
0.03132000,10.00000000,15.00000000,14.81003570,233.82704977,0.88130423,1,0.18996430
0.03134000,10.00000000,15.00000000,15.03767936,237.11850241,0.88020621,1,-0.03767936
0.03136000,10.00000000,15.00000000,15.27128398,240.39234951,0.88004652,1,-0.27128398
0.03138000,10.00000000,15.00000000,15.50836007,243.65393653,0.87988351,1,-0.50836007
0.03140000,10.00000000,15.00000000,15.74889249,246.90304627,0.87964518,1,-0.74889249
0.03142000,10.00000000,15.00000000,15.99306422,250.13899870,0.87932176,1,-0.99306422
0.03144000,10.00000000,15.00000000,16.24109146,253.36101830,0.87891380,1,-1.24109146
0.03146000,10.00000000,15.00000000,16.49319562,256.56829599,0.87840618,1,-1.49319562
0.03148000,10.00000000,15.00000000,16.74964778,259.75988280,0.87780660,1,-1.74964778
0.03150000,10.00000000,15.00000000,17.01070428,262.93483598,0.87690347,1,-2.01070428
0.03152000,10.00000000,15.00000000,17.27724727,266.09070204,0.87521413,1,-2.27724727
0.03154000,10.00000000,15.00000000,17.55161108,269.22148388,0.87339258,1,-2.55161108
0.03156000,10.00000000,15.00000000,17.83423041,272.32547365,0.87145021,1,-2.83423041
0.03158000,10.00000000,15.00000000,18.12551261,275.40096208,0.86937437,1,-3.12551261
0.03160000,10.00000000,15.00000000,18.42590971,278.44606353,0.86712247,1,-3.42590971
0.03162000,10.00000000,15.00000000,18.73601173,281.45847874,0.86471958,1,-3.73601173
0.03164000,10.00000000,15.00000000,19.05633883,284.43597790,0.86214601,1,-4.05633883
0.03166000,10.00000000,15.00000000,19.38747941,287.37606338,0.85942727,1,-4.38747941
0.03168000,10.00000000,15.00000000,19.72994679,290.27630703,0.85653499,1,-4.72994679
0.03170000,10.00000000,15.00000000,20.08434960,293.13392773,0.85346818,1,-5.08434960
0.03172000,10.00000000,15.00000000,20.45130440,295.94598747,0.85020643,1,-5.45130440
0.03174000,10.00000000,15.00000000,20.83149830,298.70922021,0.84674607,1,-5.83149830
0.03176000,10.00000000,15.00000000,21.22563405,301.42014848,0.84308294,1,-6.22563405
0.03178000,10.00000000,15.00000000,21.63443053,304.07506572,0.83920345,1,-6.63443053
0.03180000,10.00000000,15.00000000,22.05865313,306.66993852,0.83510649,1,-7.05865313
0.03182000,10.00000000,15.00000000,22.49907066,309.20049467,0.83079819,1,-7.49907066
0.03184000,10.00000000,15.00000000,22.95642844,311.66227592,0.82835412,1,-7.95642844
0.03186000,10.00000000,15.00000000,23.42429014,314.07007546,0.82586963,1,-8.42429014
0.03188000,10.00000000,15.00000000,23.90276454,316.42187097,0.82325050,1,-8.90276454
0.03190000,10.00000000,15.00000000,24.39228515,318.71465625,0.82049330,1,-9.39228515
0.03192000,10.00000000,15.00000000,24.89329439,320.94524788,0.81758364,1,-9.89329439
0.03194000,10.00000000,15.00000000,25.40628174,323.11016411,0.81442150,1,-10.40628174
0.03196000,10.00000000,15.00000000,25.93208973,325.20471318,0.81106210,1,-10.93208973
0.03198000,10.00000000,15.00000000,26.47135792,327.22452154,0.80669703,1,-11.47135792
0.03200000,10.00000000,15.00000000,27.02764856,329.15622502,0.80076587,1,-12.02764856
0.03202000,10.00000000,15.00000000,27.60657081,330.97923021,0.79435092,1,-12.60657081
0.03204000,10.00000000,15.00000000,28.20976643,332.68351826,0.78761786,1,-13.20976643
0.03206000,10.00000000,15.00000000,28.83823791,334.26032443,0.78066018,1,-13.83823791
0.03208000,10.00000000,15.00000000,29.49260440,335.70146820,0.77356787,1,-14.49260440
0.03210000,10.00000000,15.00000000,30.17310729,336.99941754,0.76703006,1,-15.17310729
0.03212000,10.00000000,15.00000000,30.87737327,338.15482497,0.76215333,1,-15.87737327
0.03214000,10.00000000,15.00000000,31.59885666,339.18286211,0.75708851,1,-16.59885666
0.03216000,10.00000000,15.00000000,32.33793616,340.07665210,0.75180366,1,-17.33793616
0.03218000,10.00000000,15.00000000,33.09507292,340.82858774,0.74629057,1,-18.09507292
0.03220000,10.00000000,15.00000000,33.87071629,341.43059515,0.74054731,1,-18.87071629
0.03222000,10.00000000,15.00000000,34.66527504,341.87419859,0.73456534,1,-19.66527504
0.03224000,10.00000000,15.00000000,35.47913697,342.15041420,0.72834253,1,-20.47913697
0.03226000,10.00000000,15.00000000,36.31263859,342.24982050,0.72187043,1,-21.31263859
0.03228000,10.00000000,15.00000000,37.16608254,342.16245307,0.71514664,1,-22.16608254
0.03230000,10.00000000,15.00000000,38.03970774,341.87787407,0.70816247,1,-23.03970774
0.03232000,10.00000000,15.00000000,38.93370546,341.38506405,0.70091585,1,-23.93370546
0.03234000,10.00000000,15.00000000,39.84818601,340.67250673,0.69339712,1,-24.84818601
0.03236000,10.00000000,15.00000000,40.78319845,339.72805780,0.68560539,1,-25.78319845
0.03238000,10.00000000,15.00000000,41.73868786,338.53907141,0.67752934,1,-26.73868786
0.03240000,10.00000000,15.00000000,42.71452423,337.09222075,0.66916982,1,-27.71452423
0.03242000,10.00000000,15.00000000,43.71044540,335.37369250,0.66051361,1,-28.71044540
0.03244000,10.00000000,15.00000000,44.72609792,333.36894254,0.65157433,1,-29.72609792
0.03246000,10.00000000,15.00000000,45.76092483,331.06317180,0.64232903,1,-30.76092483
0.03248000,10.00000000,15.00000000,46.81428818,328.44068459,0.63277468,1,-31.81428818
0.03250000,10.00000000,15.00000000,47.88537957,325.48524107,0.62290023,1,-32.88537957
0.03252000,10.00000000,15.00000000,48.97323363,322.17991887,0.61270145,1,-33.97323363
0.03254000,10.00000000,15.00000000,50.07668619,318.50725769,0.60217339,1,-35.07668619
0.03256000,10.00000000,15.00000000,51.19435956,314.44927415,0.59130645,1,-36.19435956
0.03258000,10.00000000,15.00000000,52.32466015,309.98740148,0.58010120,1,-37.32466015
0.03260000,10.00000000,15.00000000,53.46572352,305.10274273,0.56854925,1,-38.46572352
0.03262000,10.00000000,15.00000000,54.61542572,299.77594512,0.55664620,1,-39.61542572
0.03264000,10.00000000,15.00000000,55.77134829,293.98734963,0.54438935,1,-40.77134829
0.03266000,10.00000000,15.00000000,56.93075141,287.71711440,0.53177680,1,-41.93075141
0.03268000,10.00000000,15.00000000,58.09055019,280.94533559,0.51880752,1,-43.09055019
0.03270000,10.00000000,15.00000000,59.24729079,273.65218980,0.50548152,1,-44.24729079
0.03272000,10.00000000,15.00000000,60.39712658,265.81810002,0.49179997,1,-45.39712658
0.03274000,10.00000000,15.00000000,61.53579481,257.42392711,0.47776532,1,-46.53579481
0.03276000,10.00000000,15.00000000,62.65859419,248.45118897,0.46338152,1,-47.65859419
0.03278000,10.00000000,15.00000000,63.76036400,238.88230931,0.44866255,1,-48.76036400
0.03280000,10.00000000,15.00000000,64.83544421,228.70111655,0.43361357,1,-49.83544421
0.03282000,10.00000000,15.00000000,65.87769063,217.89289421,0.41825491,1,-50.87769063
0.03284000,10.00000000,15.00000000,66.88043209,206.44507415,0.40260918,1,-51.88043209
0.03286000,10.00000000,15.00000000,67.83647123,194.34764146,0.38673743,1,-52.83647123
0.03288000,10.00000000,15.00000000,68.73802111,181.59455808,0.37064656,1,-53.73802111
0.03290000,10.00000000,15.00000000,69.57685460,168.18270469,0.35436179,1,-54.57685460
0.03292000,10.00000000,15.00000000,70.34428932,154.11275372,0.33792437,1,-55.34428932
0.03294000,10.00000000,15.00000000,71.03120056,139.39002626,0.32136673,1,-56.03120056
0.03296000,10.00000000,15.00000000,71.62809345,124.02466209,0.30472787,1,-56.62809345
0.03298000,10.00000000,15.00000000,72.12515758,108.03220964,0.28801404,1,-57.12515758
0.03300000,10.00000000,15.00000000,72.51237798,91.43306364,0.27014588,1,-57.51237798
0.03302000,10.00000000,15.00000000,72.78045983,74.22111703,0.25224492,1,-57.78045983
0.03304000,10.00000000,15.00000000,72.91844233,56.42799497,0.23440398,1,-57.91844233
0.03306000,10.00000000,15.00000000,72.91530748,38.09406842,0.21697168,1,-57.91530748
0.03308000,10.00000000,15.00000000,72.76011273,19.27622258,0.20708426,1,-57.76011273
0.03310000,10.00000000,15.00000000,72.44261440,0.24513316,0.19461417,1,-57.44261440
0.03312000,10.00000000,15.00000000,71.95730748,0.00000000,0.18069612,1,-56.95730748
0.03314000,10.00000000,15.00000000,71.46990729,0.00000000,0.16373052,1,-56.46990729
0.03316000,10.00000000,15.00000000,70.98186537,0.00000000,0.14688973,1,-55.98186537
0.03318000,10.00000000,15.00000000,70.49318725,0.00000000,0.13019594,1,-55.49318725
0.03320000,10.00000000,15.00000000,70.00388720,0.00000000,0.11364920,1,-55.00388720
0.03322000,10.00000000,15.00000000,69.51398282,0.00000000,0.09724965,1,-54.51398282
0.03324000,10.00000000,15.00000000,69.02349496,0.00000000,0.08099742,1,-54.02349496
0.03326000,10.00000000,15.00000000,68.53244757,0.00000000,0.06489262,1,-53.53244757
0.03328000,10.00000000,15.00000000,68.04086763,0.00000000,0.04893538,1,-53.04086763
0.03330000,10.00000000,15.00000000,67.54878503,0.00000000,0.03312579,1,-52.54878503
0.03332000,10.00000000,15.00000000,67.05623245,0.00000000,0.01746397,1,-52.05623245
0.03334000,10.00000000,15.00000000,66.56324524,0.00000000,0.00195000,1,-51.56324524
0.03336000,10.00000000,15.00000000,66.06986137,0.00000000,0.00000000,1,-51.06986137
0.03338000,10.00000000,15.00000000,65.57977231,0.00000000,0.00000000,1,-50.57977231
0.03340000,10.00000000,15.00000000,65.09348307,0.00000000,0.00000000,1,-50.09348307
0.03342000,10.00000000,15.00000000,64.61096420,0.00000000,0.00000000,1,-49.61096420
0.03344000,10.00000000,15.00000000,64.13218646,0.00000000,0.00000000,1,-49.13218646
0.03346000,10.00000000,15.00000000,63.65712085,0.00000000,0.00000000,1,-48.65712085
0.03348000,10.00000000,15.00000000,63.18573858,0.00000000,0.00000000,1,-48.18573858
0.03350000,10.00000000,15.00000000,62.71801110,0.00000000,0.00000000,1,-47.71801110
0.03352000,10.00000000,15.00000000,62.25391006,0.00000000,0.00000000,1,-47.25391006
0.03354000,10.00000000,15.00000000,61.79340736,0.00000000,0.00000000,1,-46.79340736
0.03356000,10.00000000,15.00000000,61.33647509,0.00000000,0.00000000,1,-46.33647509
0.03358000,10.00000000,15.00000000,60.88308558,0.00000000,0.00000000,1,-45.88308558
0.03360000,10.00000000,15.00000000,60.43321134,0.00000000,0.00000000,1,-45.43321134
0.03362000,10.00000000,15.00000000,59.98682513,0.00000000,0.00000000,1,-44.98682513
0.03364000,10.00000000,15.00000000,59.54389990,0.00000000,0.00000000,1,-44.54389990
0.03366000,10.00000000,15.00000000,59.10440883,0.00000000,0.00000000,1,-44.10440883
0.03368000,10.00000000,15.00000000,58.66832527,0.00000000,0.00000000,1,-43.66832527
0.03370000,10.00000000,15.00000000,58.23562282,0.00000000,0.00000000,1,-43.23562282
0.03372000,10.00000000,15.00000000,57.80627526,0.00000000,0.00000000,1,-42.80627526
0.03374000,10.00000000,15.00000000,57.38025657,0.00000000,0.00000000,1,-42.38025657
0.03376000,10.00000000,15.00000000,56.95754095,0.00000000,0.00000000,1,-41.95754095
0.03378000,10.00000000,15.00000000,56.53810279,0.00000000,0.00000000,1,-41.53810279
0.03380000,10.00000000,15.00000000,56.12191667,0.00000000,0.00000000,1,-41.12191667
0.03382000,10.00000000,15.00000000,55.70895739,0.00000000,0.00000000,1,-40.70895739
0.03384000,10.00000000,15.00000000,55.29919992,0.00000000,0.00000000,1,-40.29919992
0.03386000,10.00000000,15.00000000,54.89261943,0.00000000,0.00000000,1,-39.89261943
0.03388000,10.00000000,15.00000000,54.48919130,0.00000000,0.00000000,1,-39.48919130
0.03390000,10.00000000,15.00000000,54.08889109,0.00000000,0.00000000,1,-39.08889109
0.03392000,10.00000000,15.00000000,53.69169454,0.00000000,0.00000000,1,-38.69169454
0.03394000,10.00000000,15.00000000,53.29757759,0.00000000,0.00000000,1,-38.29757759
0.03396000,10.00000000,15.00000000,52.90651636,0.00000000,0.00000000,1,-37.90651636
0.03398000,10.00000000,15.00000000,52.51848716,0.00000000,0.00000000,1,-37.51848716
0.03400000,10.00000000,15.00000000,52.13346648,0.00000000,0.00000000,1,-37.13346648
0.03402000,10.00000000,15.00000000,51.75143100,0.00000000,0.00000000,1,-36.75143100
0.03404000,10.00000000,15.00000000,51.37235756,0.00000000,0.00000000,1,-36.37235756
0.03406000,10.00000000,15.00000000,50.99622322,0.00000000,0.00000000,1,-35.99622322
0.03408000,10.00000000,15.00000000,50.62300516,0.00000000,0.00000000,1,-35.62300516
0.03410000,10.00000000,15.00000000,50.25268080,0.00000000,0.00000000,1,-35.25268080
0.03412000,10.00000000,15.00000000,49.88522768,0.00000000,0.00000000,1,-34.88522768
0.03414000,10.00000000,15.00000000,49.52062355,0.00000000,0.00000000,1,-34.52062355
0.03416000,10.00000000,15.00000000,49.15884632,0.00000000,0.00000000,1,-34.15884632
0.03418000,10.00000000,15.00000000,48.79987408,0.00000000,0.00000000,1,-33.79987408
0.03420000,10.00000000,15.00000000,48.44368506,0.00000000,0.00000000,1,-33.44368506
0.03422000,10.00000000,15.00000000,48.09025770,0.00000000,0.00000000,1,-33.09025770
0.03424000,10.00000000,15.00000000,47.73957058,0.00000000,0.00000000,1,-32.73957058
0.03426000,10.00000000,15.00000000,47.39160246,0.00000000,0.00000000,1,-32.39160246
0.03428000,10.00000000,15.00000000,47.04633225,0.00000000,0.00000000,1,-32.04633225
0.03430000,10.00000000,15.00000000,46.70373904,0.00000000,0.00000000,1,-31.70373904
0.03432000,10.00000000,15.00000000,46.36380206,0.00000000,0.00000000,1,-31.36380206
0.03434000,10.00000000,15.00000000,46.02650074,0.00000000,0.00000000,1,-31.02650074
0.03436000,10.00000000,15.00000000,45.69181462,0.00000000,0.00000000,1,-30.69181462
0.03438000,10.00000000,15.00000000,45.35972344,0.00000000,0.00000000,1,-30.35972344
0.03440000,10.00000000,15.00000000,45.03020708,0.00000000,0.00000000,1,-30.03020708
0.03442000,10.00000000,15.00000000,44.70324557,0.00000000,0.00000000,1,-29.70324557
0.03444000,10.00000000,15.00000000,44.37881910,0.00000000,0.00000000,1,-29.37881910
0.03446000,10.00000000,15.00000000,44.05690801,0.00000000,0.00000000,1,-29.05690801
0.03448000,10.00000000,15.00000000,43.73749282,0.00000000,0.00000000,1,-28.73749282
0.03450000,10.00000000,15.00000000,43.42055416,0.00000000,0.00000000,1,-28.42055416
0.03452000,10.00000000,15.00000000,43.10607283,0.00000000,0.00000000,1,-28.10607283
0.03454000,10.00000000,15.00000000,42.79402978,0.00000000,0.00000000,1,-27.79402978
0.03456000,10.00000000,15.00000000,42.48440610,0.00000000,0.00000000,1,-27.48440610
0.03458000,10.00000000,15.00000000,42.17718304,0.00000000,0.00000000,1,-27.17718304
0.03460000,10.00000000,15.00000000,41.87234199,0.00000000,0.00000000,1,-26.87234199
0.03462000,10.00000000,15.00000000,41.56986447,0.00000000,0.00000000,1,-26.56986447
0.03464000,10.00000000,15.00000000,41.26973216,0.00000000,0.00000000,1,-26.26973216
0.03466000,10.00000000,15.00000000,40.97192688,0.00000000,0.00000000,1,-25.97192688
0.03468000,10.00000000,15.00000000,40.67643059,0.00000000,0.00000000,1,-25.67643059
0.03470000,10.00000000,15.00000000,40.38322537,0.00000000,0.00000000,1,-25.38322537
0.03472000,10.00000000,15.00000000,40.09229348,0.00000000,0.00000000,1,-25.09229348
0.03474000,10.00000000,15.00000000,39.80361728,0.00000000,0.00000000,1,-24.80361728
0.03476000,10.00000000,15.00000000,39.51717928,0.00000000,0.00000000,1,-24.51717928
0.03478000,10.00000000,15.00000000,39.23296214,0.00000000,0.00000000,1,-24.23296214
0.03480000,10.00000000,15.00000000,38.95094862,0.00000000,0.00000000,1,-23.95094862
0.03482000,10.00000000,15.00000000,38.67112166,0.00000000,0.00000000,1,-23.67112166
0.03484000,10.00000000,15.00000000,38.39346428,0.00000000,0.00000000,1,-23.39346428
0.03486000,10.00000000,15.00000000,38.11795968,0.00000000,0.00000000,1,-23.11795968
0.03488000,10.00000000,15.00000000,37.84459115,0.00000000,0.00000000,1,-22.84459115
0.03490000,10.00000000,15.00000000,37.57334215,0.00000000,0.00000000,1,-22.57334215
0.03492000,10.00000000,15.00000000,37.30419623,0.00000000,0.00000000,1,-22.30419623
0.03494000,10.00000000,15.00000000,37.03713709,0.00000000,0.00000000,1,-22.03713709
0.03496000,10.00000000,15.00000000,36.77214855,0.00000000,0.00000000,1,-21.77214855
0.03498000,10.00000000,15.00000000,36.50921455,0.00000000,0.00000000,1,-21.50921455
0.03500000,10.00000000,15.00000000,36.24831917,0.00000000,0.00000000,1,-21.24831917
0.03502000,10.00000000,15.00000000,35.98944660,0.00000000,0.00000000,1,-20.98944660
0.03504000,10.00000000,15.00000000,35.73258116,0.00000000,0.00000000,1,-20.73258116
0.03506000,10.00000000,15.00000000,35.47770728,0.00000000,0.00000000,1,-20.47770728
0.03508000,10.00000000,15.00000000,35.22480953,0.00000000,0.00000000,1,-20.22480953
0.03510000,10.00000000,15.00000000,34.97387258,0.00000000,0.00000000,1,-19.97387258
0.03512000,10.00000000,15.00000000,34.72488122,0.00000000,0.00000000,1,-19.72488122
0.03514000,10.00000000,15.00000000,34.47782038,0.00000000,0.00000000,1,-19.47782038
0.03516000,10.00000000,15.00000000,34.23267509,0.00000000,0.00000000,1,-19.23267509
0.03518000,10.00000000,15.00000000,33.98943049,0.00000000,0.00000000,1,-18.98943049
0.03520000,10.00000000,15.00000000,33.74807185,0.00000000,0.00000000,1,-18.74807185
0.03522000,10.00000000,15.00000000,33.50858454,0.00000000,0.00000000,1,-18.50858454
0.03524000,10.00000000,15.00000000,33.27095406,0.00000000,0.00000000,1,-18.27095406
0.03526000,10.00000000,15.00000000,33.03516601,0.00000000,0.00000000,1,-18.03516601
0.03528000,10.00000000,15.00000000,32.80120610,0.00000000,0.00000000,1,-17.80120610
0.03530000,10.00000000,15.00000000,32.56906017,0.00000000,0.00000000,1,-17.56906017
0.03532000,10.00000000,15.00000000,32.33871413,0.00000000,0.00000000,1,-17.33871413
0.03534000,10.00000000,15.00000000,32.11015405,0.00000000,0.00000000,1,-17.11015405
0.03536000,10.00000000,15.00000000,31.88336608,0.00000000,0.00000000,1,-16.88336608
0.03538000,10.00000000,15.00000000,31.65833646,0.00000000,0.00000000,1,-16.65833646
0.03540000,10.00000000,15.00000000,31.43505158,0.00000000,0.00000000,1,-16.43505158
0.03542000,10.00000000,15.00000000,31.21349790,0.00000000,0.00000000,1,-16.21349790
0.03544000,10.00000000,15.00000000,30.99366201,0.00000000,0.00000000,1,-15.99366201
0.03546000,10.00000000,15.00000000,30.77553057,0.00000000,0.00000000,1,-15.77553057
0.03548000,10.00000000,15.00000000,30.55909038,0.00000000,0.00000000,1,-15.55909038
0.03550000,10.00000000,15.00000000,30.34432832,0.00000000,0.00000000,1,-15.34432832
0.03552000,10.00000000,15.00000000,30.13123139,0.00000000,0.00000000,1,-15.13123139
0.03554000,10.00000000,15.00000000,29.91978667,0.00000000,0.00000000,1,-14.91978667
0.03556000,10.00000000,15.00000000,29.70998135,0.00000000,0.00000000,1,-14.70998135
0.03558000,10.00000000,15.00000000,29.50180272,0.00000000,0.00000000,1,-14.50180272
0.03560000,10.00000000,15.00000000,29.29523818,0.00000000,0.00000000,1,-14.29523818
0.03562000,10.00000000,15.00000000,29.09027519,0.00000000,0.00000000,1,-14.09027519
0.03564000,10.00000000,15.00000000,28.88690136,0.00000000,0.00000000,1,-13.88690136
0.03566000,10.00000000,15.00000000,28.68510435,0.00000000,0.00000000,1,-13.68510435
0.03568000,10.00000000,15.00000000,28.48487194,0.00000000,0.00000000,1,-13.48487194
0.03570000,10.00000000,15.00000000,28.28619200,0.00000000,0.00000000,1,-13.28619200
0.03572000,10.00000000,15.00000000,28.08905249,0.00000000,0.00000000,1,-13.08905249
0.03574000,10.00000000,15.00000000,27.89344148,0.00000000,0.00000000,1,-12.89344148
0.03576000,10.00000000,15.00000000,27.69934710,0.00000000,0.00000000,1,-12.69934710
0.03578000,10.00000000,15.00000000,27.50675760,0.00000000,0.00000000,1,-12.50675760
0.03580000,10.00000000,15.00000000,27.31566131,0.00000000,0.00000000,1,-12.31566131
0.03582000,10.00000000,15.00000000,27.12604665,0.00000000,0.00000000,1,-12.12604665
0.03584000,10.00000000,15.00000000,26.93790214,0.00000000,0.00000000,1,-11.93790214
0.03586000,10.00000000,15.00000000,26.75121638,0.00000000,0.00000000,1,-11.75121638
0.03588000,10.00000000,15.00000000,26.56597806,0.00000000,0.00000000,1,-11.56597806
0.03590000,10.00000000,15.00000000,26.38217596,0.00000000,0.00000000,1,-11.38217596
0.03592000,10.00000000,15.00000000,26.19979893,0.00000000,0.00000000,1,-11.19979893
0.03594000,10.00000000,15.00000000,26.01883593,0.00000000,0.00000000,1,-11.01883593
0.03596000,10.00000000,15.00000000,25.83927600,0.00000000,0.00000000,1,-10.83927600
0.03598000,10.00000000,15.00000000,25.66110826,0.00000000,0.00000000,1,-10.66110826
0.03600000,10.00000000,15.00000000,25.48432192,0.00000000,0.00000000,1,-10.48432192
0.03602000,10.00000000,15.00000000,25.30890626,0.00000000,0.00000000,1,-10.30890626
0.03604000,10.00000000,15.00000000,25.13485065,0.00000000,0.00000000,1,-10.13485065
0.03606000,10.00000000,15.00000000,24.96214456,0.00000000,0.00000000,1,-9.96214456
0.03608000,10.00000000,15.00000000,24.79077751,0.00000000,0.00000000,1,-9.79077751
0.03610000,10.00000000,15.00000000,24.62073914,0.00000000,0.00000000,1,-9.62073914
0.03612000,10.00000000,15.00000000,24.45201912,0.00000000,0.00000000,1,-9.45201912
0.03614000,10.00000000,15.00000000,24.28460726,0.00000000,0.00000000,1,-9.28460726
0.03616000,10.00000000,15.00000000,24.11849339,0.00000000,0.00000000,1,-9.11849339
0.03618000,10.00000000,15.00000000,23.95366746,0.00000000,0.00000000,1,-8.95366746
0.03620000,10.00000000,15.00000000,23.79011948,0.00000000,0.00000000,1,-8.79011948
0.03622000,10.00000000,15.00000000,23.62783954,0.00000000,0.00000000,1,-8.62783954
0.03624000,10.00000000,15.00000000,23.46681781,0.00000000,0.00000000,1,-8.46681781
0.03626000,10.00000000,15.00000000,23.30704454,0.00000000,0.00000000,1,-8.30704454
0.03628000,10.00000000,15.00000000,23.14851005,0.00000000,0.00000000,1,-8.14851005
0.03630000,10.00000000,15.00000000,22.99120472,0.00000000,0.00000000,1,-7.99120472
0.03632000,10.00000000,15.00000000,22.83511904,0.00000000,0.00000000,1,-7.83511904
0.03634000,10.00000000,15.00000000,22.68024355,0.00000000,0.00000000,1,-7.68024355
0.03636000,10.00000000,15.00000000,22.52656885,0.00000000,0.00000000,1,-7.52656885
0.03638000,10.00000000,15.00000000,22.37408565,0.00000000,0.00000000,1,-7.37408565
0.03640000,10.00000000,15.00000000,22.22278470,0.00000000,0.00000000,1,-7.22278470
0.03642000,10.00000000,15.00000000,22.07265684,0.00000000,0.00000000,1,-7.07265684
0.03644000,10.00000000,15.00000000,21.92369297,0.00000000,0.00000000,1,-6.92369297
0.03646000,10.00000000,15.00000000,21.77588407,0.00000000,0.00000000,1,-6.77588407
0.03648000,10.00000000,15.00000000,21.62922118,0.00000000,0.00000000,1,-6.62922118
0.03650000,10.00000000,15.00000000,21.48369541,0.00000000,0.00000000,1,-6.48369541
0.03652000,10.00000000,15.00000000,21.33929796,0.00000000,0.00000000,1,-6.33929796
0.03654000,10.00000000,15.00000000,21.19602007,0.00000000,0.00000000,1,-6.19602007
0.03656000,10.00000000,15.00000000,21.05385306,0.00000000,0.00000000,1,-6.05385306
0.03658000,10.00000000,15.00000000,20.91278832,0.00000000,0.00000000,1,-5.91278832
0.03660000,10.00000000,15.00000000,20.77281731,0.00000000,0.00000000,1,-5.77281731
0.03662000,10.00000000,15.00000000,20.63393153,0.00000000,0.00000000,1,-5.63393153
0.03664000,10.00000000,15.00000000,20.49612259,0.00000000,0.00000000,1,-5.49612259
0.03666000,10.00000000,15.00000000,20.35938212,0.00000000,0.00000000,1,-5.35938212
0.03668000,10.00000000,15.00000000,20.22370185,0.00000000,0.00000000,1,-5.22370185
0.03670000,10.00000000,15.00000000,20.08907355,0.00000000,0.00000000,1,-5.08907355
0.03672000,10.00000000,15.00000000,19.95548907,0.00000000,0.00000000,1,-4.95548907
0.03674000,10.00000000,15.00000000,19.82294032,0.00000000,0.00000000,1,-4.82294032
0.03676000,10.00000000,15.00000000,19.69141926,0.00000000,0.00000000,1,-4.69141926
0.03678000,10.00000000,15.00000000,19.56091793,0.00000000,0.00000000,1,-4.56091793
0.03680000,10.00000000,15.00000000,19.43142842,0.00000000,0.00000000,1,-4.43142842
0.03682000,10.00000000,15.00000000,19.30294289,0.00000000,0.00000000,1,-4.30294289
0.03684000,10.00000000,15.00000000,19.17545355,0.00000000,0.00000000,1,-4.17545355
0.03686000,10.00000000,15.00000000,19.04895268,0.00000000,0.00000000,1,-4.04895268
0.03688000,10.00000000,15.00000000,18.92343261,0.00000000,0.00000000,1,-3.92343261
0.03690000,10.00000000,15.00000000,18.79888574,0.00000000,0.00000000,1,-3.79888574
0.03692000,10.00000000,15.00000000,18.67530452,0.00000000,0.00000000,1,-3.67530452
0.03694000,10.00000000,15.00000000,18.55268147,0.00000000,0.00000000,1,-3.55268147
0.03696000,10.00000000,15.00000000,18.43100916,0.00000000,0.00000000,1,-3.43100916
0.03698000,10.00000000,15.00000000,18.31028022,0.00000000,0.00000000,1,-3.31028022
0.03700000,10.00000000,15.00000000,18.19048732,0.00000000,0.00000000,1,-3.19048732
0.03702000,10.00000000,15.00000000,18.07162323,0.00000000,0.00000000,1,-3.07162323
0.03704000,10.00000000,15.00000000,17.95368072,0.00000000,0.00000000,1,-2.95368072
0.03706000,10.00000000,15.00000000,17.83665267,0.00000000,0.00000000,1,-2.83665267
0.03708000,10.00000000,15.00000000,17.72053197,0.00000000,0.00000000,1,-2.72053197
0.03710000,10.00000000,15.00000000,17.60531159,0.00000000,0.00000000,1,-2.60531159
0.03712000,10.00000000,15.00000000,17.49098456,0.00000000,0.00000000,1,-2.49098456
0.03714000,10.00000000,15.00000000,17.37754395,0.00000000,0.00000000,1,-2.37754395
0.03716000,10.00000000,15.00000000,17.26498287,0.00000000,0.00000000,1,-2.26498287
0.03718000,10.00000000,15.00000000,17.15329452,0.00000000,0.00000000,1,-2.15329452
0.03720000,10.00000000,15.00000000,17.04247213,0.00000000,0.00000000,1,-2.04247213
0.03722000,10.00000000,15.00000000,16.93250898,0.00000000,0.00000000,1,-1.93250898
0.03724000,10.00000000,15.00000000,16.82339842,0.00000000,0.00000000,1,-1.82339842
0.03726000,10.00000000,15.00000000,16.71513382,0.00000000,0.00000000,1,-1.71513382
0.03728000,10.00000000,15.00000000,16.60770864,0.00000000,0.00000000,1,-1.60770864
0.03730000,10.00000000,15.00000000,16.50111636,0.00000000,0.00000000,1,-1.50111636
0.03732000,10.00000000,15.00000000,16.39535053,0.00000000,0.00000159,1,-1.39535053
0.03734000,10.00000000,15.00000000,16.29040481,0.00000000,0.00003951,1,-1.29040481
0.03736000,10.00000000,15.00000000,16.18627467,0.00000000,0.00011500,1,-1.18627467
0.03738000,10.00000000,15.00000000,16.08295560,0.00000000,0.00022084,1,-1.08295560
0.03740000,10.00000000,15.00000000,15.98044273,0.00000000,0.00036024,1,-0.98044273
0.03742000,10.00000000,15.00000000,15.87873134,0.00000000,0.00054054,1,-0.87873134
0.03744000,10.00000000,15.00000000,15.77781706,0.00000000,0.00075200,1,-0.77781706
0.03746000,10.00000000,15.00000000,15.67769502,0.00000000,0.00099501,1,-0.67769502
0.03748000,10.00000000,15.00000000,15.57836040,0.00000000,0.00128043,1,-0.57836040
0.03750000,10.00000000,15.00000000,15.47980884,0.00000000,0.00159898,1,-0.47980884
0.03752000,10.00000000,15.00000000,15.38203555,0.00000000,0.00195013,1,-0.38203555
0.03754000,10.00000000,15.00000000,15.28503572,0.00000000,0.00233913,1,-0.28503572
0.03756000,10.00000000,15.00000000,15.18880476,0.00000000,0.00276633,1,-0.18880476
0.03758000,10.00000000,15.00000000,15.09333809,0.00000000,0.00322785,1,-0.09333809
0.03760000,10.00000000,15.00000000,14.99863094,0.00000000,0.00371373,1,0.00136906
0.03762000,10.00000000,15.00000000,14.90467810,0.00000000,0.00368603,1,0.09532190
0.03764000,10.00000000,15.00000000,14.81145096,0.00000000,0.00368780,1,0.18854904
0.03766000,10.00000000,15.00000000,14.71894521,0.00000000,0.00371970,1,0.28105479
0.03768000,10.00000000,15.00000000,14.62715654,0.00000000,0.00378077,1,0.37284346
0.03770000,10.00000000,15.00000000,14.53608061,0.00000000,0.00386975,1,0.46391939
0.03772000,10.00000000,15.00000000,14.44571304,0.00000000,0.00398643,1,0.55428696
0.03774000,10.00000000,15.00000000,14.35604942,0.00000000,0.00413256,1,0.64395058
0.03776000,10.00000000,15.00000000,14.26708541,0.00000000,0.00461581,1,0.73291459
0.03778000,10.00000000,15.00000000,14.17882922,0.00000000,0.00525278,1,0.82117078
0.03780000,10.00000000,15.00000000,14.09128116,0.00000000,0.00590835,1,0.90871884
0.03782000,10.00000000,15.00000000,14.00443599,0.00000000,0.00658404,1,0.99556401
0.03784000,10.00000000,15.00000000,13.91828852,0.00000000,0.00726941,1,1.08171148
0.03786000,10.00000000,15.00000000,13.83283322,0.00000000,0.00797402,1,1.16716678
0.03788000,10.00000000,15.00000000,13.74806493,0.00000000,0.00869782,1,1.25193507
0.03790000,10.00000000,15.00000000,13.66397852,0.00000000,0.00944066,1,1.33602148
0.03792000,10.00000000,15.00000000,13.58056889,0.00000000,0.01019657,1,1.41943111
0.03794000,10.00000000,15.00000000,13.49783072,0.00000000,0.01097206,1,1.50216928
0.03796000,10.00000000,15.00000000,13.41575898,0.00000000,0.01176705,1,1.58424102
0.03798000,10.00000000,15.00000000,13.33434864,0.00000000,0.01258018,1,1.66565136
0.03800000,10.00000000,15.00000000,13.25359467,0.00000000,0.01340885,1,1.74640533
0.03802000,10.00000000,15.00000000,13.17349195,0.00000000,0.01425723,1,1.82650805
0.03804000,10.00000000,15.00000000,13.09403555,0.00000000,0.01512521,1,1.90596445
0.03806000,10.00000000,15.00000000,13.01522054,0.00000000,0.01601040,1,1.98477946
0.03808000,10.00000000,15.00000000,12.93704194,0.00000000,0.01691307,1,2.06295806
0.03810000,10.00000000,15.00000000,12.85949482,0.00000000,0.01783543,1,2.14050518
0.03812000,10.00000000,15.00000000,12.78257432,0.00000000,0.01877733,1,2.21742568
0.03814000,10.00000000,15.00000000,12.70627563,0.00000000,0.01973616,1,2.29372437
0.03816000,10.00000000,15.00000000,12.63059386,0.00000000,0.02071256,1,2.36940614
0.03818000,10.00000000,15.00000000,12.55552415,0.00000000,0.02170930,1,2.44447585
0.03820000,10.00000000,15.00000000,12.48106180,0.00000000,0.02272544,1,2.51893820
0.03822000,10.00000000,15.00000000,12.40720206,0.00000000,0.02376067,1,2.59279794
0.03824000,10.00000000,15.00000000,12.33394021,0.00000000,0.02480801,1,2.66605979
0.03826000,10.00000000,15.00000000,12.26127134,0.00000000,0.02587906,1,2.73872866
0.03828000,10.00000000,15.00000000,12.18919092,0.00000000,0.02696927,1,2.81080908
0.03830000,10.00000000,15.00000000,12.11769431,0.00000000,0.02807850,1,2.88230569
0.03832000,10.00000000,15.00000000,12.04677689,0.00000000,0.02920084,1,2.95322311
0.03834000,10.00000000,15.00000000,11.97643386,0.00000000,0.03034310,1,3.02356614
0.03836000,10.00000000,15.00000000,11.90666070,0.00000000,0.03150687,1,3.09333930
0.03838000,10.00000000,15.00000000,11.83745292,0.00000000,0.03268936,1,3.16254708
0.03840000,10.00000000,15.00000000,11.76880598,0.00000000,0.03388919,1,3.23119402
0.03842000,10.00000000,15.00000000,11.70071533,0.00000000,0.03510015,1,3.29928467
0.03844000,10.00000000,15.00000000,11.63317628,0.00000000,0.03633498,1,3.36682372
0.03846000,10.00000000,15.00000000,11.56618450,0.00000000,0.03758993,1,3.43381550
0.03848000,10.00000000,15.00000000,11.49973561,0.00000000,0.03886311,1,3.50026439
0.03850000,10.00000000,15.00000000,11.43382518,0.00000000,0.04015033,1,3.56617482
0.03852000,10.00000000,15.00000000,11.36844868,0.00000000,0.04145134,1,3.63155132
0.03854000,10.00000000,15.00000000,11.30360164,0.00000000,0.04277578,1,3.69639836
0.03856000,10.00000000,15.00000000,11.23927985,0.00000000,0.04412007,1,3.76072015
0.03858000,10.00000000,15.00000000,11.17547901,0.00000000,0.04548176,1,3.82452099
0.03860000,10.00000000,15.00000000,11.11219481,0.00000000,0.04685534,1,3.88780519
0.03862000,10.00000000,15.00000000,11.04942281,0.00000000,0.04824373,1,3.95057719
0.03864000,10.00000000,15.00000000,10.98715868,0.00000000,0.04965318,1,4.01284132
0.03866000,10.00000000,15.00000000,10.92539828,0.00000000,0.05108306,1,4.07460172
0.03868000,10.00000000,15.00000000,10.86413746,0.00000000,0.05252976,1,4.13586254
0.03870000,10.00000000,15.00000000,10.80337201,0.00000000,0.05398831,1,4.19662799
0.03872000,10.00000000,15.00000000,10.74309763,0.00000000,0.05546159,1,4.25690237
0.03874000,10.00000000,15.00000000,10.68331014,0.00000000,0.05695246,1,4.31668986
0.03876000,10.00000000,15.00000000,10.62400540,0.00000000,0.05846601,1,4.37599460
0.03878000,10.00000000,15.00000000,10.56517947,0.00994596,0.05999591,1,4.43482053
0.03880000,10.00000000,15.00000000,10.50693178,0.04839452,0.06153805,1,4.49306822
0.03882000,10.00000000,15.00000000,10.44955325,0.11505345,0.06309145,1,4.55044675
0.03884000,10.00000000,15.00000000,10.39332809,0.20951914,0.06465774,1,4.60667191
0.03886000,10.00000000,15.00000000,10.33853281,0.33129096,0.06623785,1,4.66146719
0.03888000,10.00000000,15.00000000,10.28543516,0.47977194,0.06783191,1,4.71456484
0.03890000,10.00000000,15.00000000,10.23429330,0.65426969,0.06943230,1,4.76570670
0.03892000,10.00000000,15.00000000,10.18535477,0.85396915,0.07103634,1,4.81464523
0.03894000,10.00000000,15.00000000,10.13885546,1.07795817,0.07264617,1,4.86114454
0.03896000,10.00000000,15.00000000,10.09501885,1.32525226,0.07426023,1,4.90498115
0.03898000,10.00000000,15.00000000,10.05405534,1.59478495,0.07587696,1,4.94594466
0.03900000,10.00000000,15.00000000,10.01616163,1.88541336,0.07749477,1,4.98383837
0.03902000,10.00000000,15.00000000,9.98152013,2.19592392,0.07910849,1,5.01847987
0.03904000,10.00000000,15.00000000,9.95029847,2.52502409,0.08072214,1,5.04970153
0.03906000,10.00000000,15.00000000,9.92264890,2.87138506,0.08233185,1,5.07735110
0.03908000,10.00000000,15.00000000,9.89870813,3.23361647,0.08393601,1,5.10129187
0.03910000,10.00000000,15.00000000,9.87859702,3.61028150,0.08553302,1,5.12140298
0.03912000,10.00000000,15.00000000,9.86242029,3.99990318,0.08712130,1,5.13757971
0.03914000,10.00000000,15.00000000,9.85026643,4.40097062,0.08869930,1,5.14973357
0.03916000,10.00000000,15.00000000,9.84220757,4.81194530,0.09026410,1,5.15779243
0.03918000,10.00000000,15.00000000,9.83829952,5.23126169,0.09181487,1,5.16170048
0.03920000,10.00000000,15.00000000,9.83858174,5.65734156,0.09334878,1,5.16141826
0.03922000,10.00000000,15.00000000,9.84307753,6.08859197,0.09483114,1,5.15692247
0.03924000,10.00000000,15.00000000,9.85179574,6.52328520,0.09629606,1,5.14820426
0.03926000,10.00000000,15.00000000,9.86472658,6.95983524,0.09773953,1,5.13527342
0.03928000,10.00000000,15.00000000,9.88184487,7.39665387,0.09916252,1,5.11815513
0.03930000,10.00000000,15.00000000,9.90311002,7.83217540,0.10056428,1,5.09688998
0.03932000,10.00000000,15.00000000,9.92846653,8.26485512,0.10194386,1,5.07153347
0.03934000,10.00000000,15.00000000,9.95784446,8.69317342,0.10330041,1,5.04215554
0.03936000,10.00000000,15.00000000,9.99115987,9.11564087,0.10463423,1,5.00884013
0.03938000,10.00000000,15.00000000,10.02831524,9.53080739,0.10594465,1,4.97168476
0.03940000,10.00000000,15.00000000,10.06920007,9.93726268,0.10722602,1,4.93079993
0.03942000,10.00000000,15.00000000,10.11369197,10.33362014,0.10848198,1,4.88630803
0.03944000,10.00000000,15.00000000,10.16165618,10.71855785,0.10971219,1,4.83834382
0.03946000,10.00000000,15.00000000,10.21294675,11.09080652,0.11091643,1,4.78705325
0.03948000,10.00000000,15.00000000,10.26740713,11.44915322,0.11209186,1,4.73259287
0.03950000,10.00000000,15.00000000,10.32487119,11.79243367,0.11323628,1,4.67512881
0.03952000,10.00000000,15.00000000,10.38516370,12.11953748,0.11435564,1,4.61483630
0.03954000,10.00000000,15.00000000,10.44810009,12.42944465,0.11545388,1,4.55189991
0.03956000,10.00000000,15.00000000,10.51348758,12.72122028,0.11652568,1,4.48651242
0.03958000,10.00000000,15.00000000,10.58112713,12.99397796,0.11756415,1,4.41887287
0.03960000,10.00000000,15.00000000,10.65081430,13.24687422,0.11857733,1,4.34918570
0.03962000,10.00000000,15.00000000,10.72233778,13.47917320,0.11956580,1,4.27766222
0.03964000,10.00000000,15.00000000,10.79548149,13.69021705,0.12053679,1,4.20451851
0.03966000,10.00000000,15.00000000,10.87002440,13.87945604,0.12147627,1,4.12997560
0.03968000,10.00000000,15.00000000,10.94574440,14.04635731,0.12239297,1,4.05425560
0.03970000,10.00000000,15.00000000,11.02241554,14.19050365,0.12328777,1,3.97758446
0.03972000,10.00000000,15.00000000,11.09981011,14.31156040,0.12416406,1,3.90018989
0.03974000,10.00000000,15.00000000,11.17769911,14.40928686,0.12501632,1,3.82230089
0.03976000,10.00000000,15.00000000,11.25585439,14.48349659,0.12584955,1,3.74414561
0.03978000,10.00000000,15.00000000,11.33404763,14.53410363,0.12666723,1,3.66595237
0.03980000,10.00000000,15.00000000,11.41205158,14.56111590,0.12746997,1,3.58794842
0.03982000,10.00000000,15.00000000,11.48964123,14.56462140,0.12825626,1,3.51035877
0.03984000,10.00000000,15.00000000,11.56659492,14.54477748,0.12902705,1,3.43340508
0.03986000,10.00000000,15.00000000,11.64269455,14.50182048,0.12978448,1,3.35730545
0.03988000,10.00000000,15.00000000,11.71772617,14.43606982,0.13052978,1,3.28227383
0.03990000,10.00000000,15.00000000,11.79148079,14.34792221,0.13126722,1,3.20851921
0.03992000,10.00000000,15.00000000,11.86375470,14.23786416,0.13199001,1,3.13624530
0.03994000,10.00000000,15.00000000,11.93435178,14.10641729,0.13270380,1,3.06564822
0.03996000,10.00000000,15.00000000,12.00308198,13.95419480,0.13340976,1,2.99691802
0.03998000,10.00000000,15.00000000,12.06976285,13.78187771,0.13411469,1,2.93023715
0.04000000,10.00000000,15.00000000,12.13421930,13.59023966,0.13481207,1,2.86578070
0.04002000,10.00000000,15.00000000,12.19628619,13.38007955,0.13550128,1,2.80371381
0.04004000,10.00000000,15.00000000,12.25580769,13.15224621,0.13618723,1,2.74419231
0.04006000,10.00000000,15.00000000,12.31263693,12.90766231,0.13687425,1,2.68736307
0.04008000,10.00000000,15.00000000,12.36663678,12.64731855,0.13756219,1,2.63336322
0.04010000,10.00000000,15.00000000,12.41768094,12.37224812,0.13824981,1,2.58231906
0.04012000,10.00000000,15.00000000,12.46565436,12.08351729,0.13893810,1,2.53434564
0.04014000,10.00000000,15.00000000,12.51045317,11.78223253,0.13962525,1,2.48954683
0.04016000,10.00000000,15.00000000,12.55198531,11.46952236,0.14031709,1,2.44801469
0.04018000,10.00000000,15.00000000,12.59016974,11.14657168,0.14101371,1,2.40983026
0.04020000,10.00000000,15.00000000,12.62493759,10.81458913,0.14171487,1,2.37506241
0.04022000,10.00000000,15.00000000,12.65623222,10.47480104,0.14242139,1,2.34376778
0.04024000,10.00000000,15.00000000,12.68400924,10.12845251,0.14313406,1,2.31599076
0.04026000,10.00000000,15.00000000,12.70823651,9.77680296,0.14385360,1,2.29176349
0.04028000,10.00000000,15.00000000,12.72889421,9.42112157,0.14458236,1,2.27110579
0.04030000,10.00000000,15.00000000,12.74597469,9.06269130,0.14532050,1,2.25402531
0.04032000,10.00000000,15.00000000,12.75948265,8.70279350,0.14606714,1,2.24051735
0.04034000,10.00000000,15.00000000,12.76943510,8.34269837,0.14682280,1,2.23056490
0.04036000,10.00000000,15.00000000,12.77586100,7.98366777,0.14758792,1,2.22413900
0.04038000,10.00000000,15.00000000,12.77880104,7.62695083,0.14836290,1,2.22119896
0.04040000,10.00000000,15.00000000,12.77830748,7.27377971,0.14913042,1,2.22169252
0.04042000,10.00000000,15.00000000,12.77444475,6.92527500,0.14980558,1,2.22555525
0.04044000,10.00000000,15.00000000,12.76729148,6.58209593,0.15049421,1,2.23270852
0.04046000,10.00000000,15.00000000,12.75692580,6.24541353,0.15119698,1,2.24307420
0.04048000,10.00000000,15.00000000,12.74343623,5.91637100,0.15191448,1,2.25656377
0.04050000,10.00000000,15.00000000,12.72692139,5.59607997,0.15264725,1,2.27307861
0.04052000,10.00000000,15.00000000,12.70748953,5.28561685,0.15339576,1,2.29251047
0.04054000,10.00000000,15.00000000,12.68525815,4.98601924,0.15416305,1,2.31474185
0.04056000,10.00000000,15.00000000,12.66035340,4.69829598,0.15494759,1,2.33964660
0.04058000,10.00000000,15.00000000,12.63290991,4.42340098,0.15574909,1,2.36709009
0.04060000,10.00000000,15.00000000,12.60307010,4.16223690,0.15656774,1,2.39692990
0.04062000,10.00000000,15.00000000,12.57098359,3.91565515,0.15740367,1,2.42901641
0.04064000,10.00000000,15.00000000,12.53680663,3.68445332,0.15825695,1,2.46319337
0.04066000,10.00000000,15.00000000,12.50070148,3.46937281,0.15912639,1,2.49929852
0.04068000,10.00000000,15.00000000,12.46283586,3.27109086,0.16001252,1,2.53716414
0.04070000,10.00000000,15.00000000,12.42338220,3.09022744,0.16091761,1,2.57661780
0.04072000,10.00000000,15.00000000,12.38251704,2.92735270,0.16183961,1,2.61748296
0.04074000,10.00000000,15.00000000,12.34042053,2.78296426,0.16277826,1,2.65957947
0.04076000,10.00000000,15.00000000,12.29727570,2.65749542,0.16373329,1,2.70272430
0.04078000,10.00000000,15.00000000,12.25326775,2.55131430,0.16470434,1,2.74673225
0.04080000,10.00000000,15.00000000,12.20858344,2.46472322,0.16569119,1,2.79141656
0.04082000,10.00000000,15.00000000,12.16341042,2.39795913,0.16669660,1,2.83658958
0.04084000,10.00000000,15.00000000,12.11793655,2.35120833,0.16771230,1,2.88206345
0.04086000,10.00000000,15.00000000,12.07234951,2.32455298,0.16874202,1,2.92765049
0.04088000,10.00000000,15.00000000,12.02683568,2.31803033,0.16978517,1,2.97316432
0.04090000,10.00000000,15.00000000,11.98157983,2.33161224,0.17084108,1,3.01842017
0.04092000,10.00000000,15.00000000,11.93676444,2.36520596,0.17190905,1,3.06323556
0.04094000,10.00000000,15.00000000,11.89256915,2.41865520,0.17298850,1,3.10743085
0.04096000,10.00000000,15.00000000,11.84917016,2.49174206,0.17408074,1,3.15082984
0.04098000,10.00000000,15.00000000,11.80673973,2.58419757,0.17517878,1,3.19326027
0.04100000,10.00000000,15.00000000,11.76544574,2.69566422,0.17628562,1,3.23455426
0.04102000,10.00000000,15.00000000,11.72545088,2.82574513,0.17740035,1,3.27454912
0.04104000,10.00000000,15.00000000,11.68691237,2.97398775,0.17852203,1,3.31308763
0.04106000,10.00000000,15.00000000,11.64998153,3.13988599,0.17964973,1,3.35001847
0.04108000,10.00000000,15.00000000,11.61480330,3.32288241,0.18078245,1,3.38519670
0.04110000,10.00000000,15.00000000,11.58151591,3.52237065,0.18191859,1,3.41848409
0.04112000,10.00000000,15.00000000,11.55025049,3.73769513,0.18305361,1,3.44974951
0.04114000,10.00000000,15.00000000,11.52113080,3.96814016,0.18419081,1,3.47886920
0.04116000,10.00000000,15.00000000,11.49427262,4.21296901,0.18533070,1,3.50572738
0.04118000,10.00000000,15.00000000,11.46978371,4.47141390,0.18647089,1,3.53021629
0.04120000,10.00000000,15.00000000,11.44776366,4.74266529,0.18760981,1,3.55223634
0.04122000,10.00000000,15.00000000,11.42830367,5.02587888,0.18874640,1,3.57169633
0.04124000,10.00000000,15.00000000,11.41148630,5.32018077,0.18987960,1,3.58851370
0.04126000,10.00000000,15.00000000,11.39738535,5.62467045,0.19100835,1,3.60261465
0.04128000,10.00000000,15.00000000,11.38606573,5.93842386,0.19213160,1,3.61393427
0.04130000,10.00000000,15.00000000,11.37758336,6.26049640,0.19324830,1,3.62241664
0.04132000,10.00000000,15.00000000,11.37198515,6.58992600,0.19435646,1,3.62801485
0.04134000,10.00000000,15.00000000,11.36930899,6.92573177,0.19545536,1,3.63069101
0.04136000,10.00000000,15.00000000,11.36958367,7.26692266,0.19653879,1,3.63041633
0.04138000,10.00000000,15.00000000,11.37282927,7.61247546,0.19755063,1,3.62717073
0.04140000,10.00000000,15.00000000,11.37906034,7.96110976,0.19855048,1,3.62093966
0.04142000,10.00000000,15.00000000,11.38827652,8.31181758,0.19953563,1,3.61172348
0.04144000,10.00000000,15.00000000,11.40046878,8.66358350,0.20050721,1,3.59953122
0.04146000,10.00000000,15.00000000,11.41561921,9.01540495,0.20146450,1,3.58438079
0.04148000,10.00000000,15.00000000,11.43370139,9.36628640,0.20240682,1,3.56629861
0.04150000,10.00000000,15.00000000,11.45468052,9.71524206,0.20333354,1,3.54531948
0.04152000,10.00000000,15.00000000,11.47851364,10.06129854,0.20424405,1,3.52148636
0.04154000,10.00000000,15.00000000,11.50514984,10.40349744,0.20513780,1,3.49485016
0.04156000,10.00000000,15.00000000,11.53453046,10.74089788,0.20601609,1,3.46546954
0.04158000,10.00000000,15.00000000,11.56658920,11.07258714,0.20687711,1,3.43341080
0.04160000,10.00000000,15.00000000,11.60125269,11.39766864,0.20771789,1,3.39874731
0.04162000,10.00000000,15.00000000,11.63844093,11.71525830,0.20853726,1,3.36155907
0.04164000,10.00000000,15.00000000,11.67806726,12.02449473,0.20933786,1,3.32193274
0.04166000,10.00000000,15.00000000,11.72003821,12.32455883,0.21011948,1,3.27996179
0.04168000,10.00000000,15.00000000,11.76425426,12.61466234,0.21088192,1,3.23574574
0.04170000,10.00000000,15.00000000,11.81061015,12.89404965,0.21162509,1,3.18938985
0.04172000,10.00000000,15.00000000,11.85899521,13.16199966,0.21234753,1,3.14100479
0.04174000,10.00000000,15.00000000,11.90929387,13.41782078,0.21304522,1,3.09070613
0.04176000,10.00000000,15.00000000,11.96138634,13.66083972,0.21372616,1,3.03861366
0.04178000,10.00000000,15.00000000,12.01514722,13.89046023,0.21438900,1,2.98485278
0.04180000,10.00000000,15.00000000,12.07044738,14.10611986,0.21503269,1,2.92955262
0.04182000,10.00000000,15.00000000,12.12715431,14.30729224,0.21565741,1,2.87284569
0.04184000,10.00000000,15.00000000,12.18513223,14.49349390,0.21625731,1,2.81486777
0.04186000,10.00000000,15.00000000,12.24424335,14.66425525,0.21683743,1,2.75575665
0.04188000,10.00000000,15.00000000,12.30434649,14.81917440,0.21740071,1,2.69565351
0.04190000,10.00000000,15.00000000,12.36529794,14.95790779,0.21794922,1,2.63470206
0.04192000,10.00000000,15.00000000,12.42695210,15.08016688,0.21848086,1,2.57304790
0.04194000,10.00000000,15.00000000,12.48916252,15.18569765,0.21899018,1,2.51083748
0.04196000,10.00000000,15.00000000,12.55178272,15.27426380,0.21948118,1,2.44821728
0.04198000,10.00000000,15.00000000,12.61466497,15.34569360,0.21995626,1,2.38533503
0.04200000,10.00000000,15.00000000,12.67766102,15.39987259,0.22041963,1,2.32233898
0.04202000,10.00000000,15.00000000,12.74062232,15.43675285,0.22086867,1,2.25937768
0.04204000,10.00000000,15.00000000,12.80340161,15.45631834,0.22129824,1,2.19659839
0.04206000,10.00000000,15.00000000,12.86585355,15.45857100,0.22171214,1,2.13414645
0.04208000,10.00000000,15.00000000,12.92783347,15.44357599,0.22211332,1,2.07216653
0.04210000,10.00000000,15.00000000,12.98919806,15.41145722,0.22250571,1,2.01080194
0.04212000,10.00000000,15.00000000,13.04980571,15.36240215,0.22288728,1,1.95019429
0.04214000,10.00000000,15.00000000,13.10951788,15.29663023,0.22325539,1,1.89048212
0.04216000,10.00000000,15.00000000,13.16819946,15.21438836,0.22360972,1,1.83180054
0.04218000,10.00000000,15.00000000,13.22571859,15.11596182,0.22395525,1,1.77428141
0.04220000,10.00000000,15.00000000,13.28194621,15.00170146,0.22429586,1,1.71805379
0.04222000,10.00000000,15.00000000,13.33675674,14.87201706,0.22462947,1,1.66324326
0.04224000,10.00000000,15.00000000,13.39002944,14.72734472,0.22495677,1,1.60997056
0.04226000,10.00000000,15.00000000,13.44164817,14.56815987,0.22527575,1,1.55835183
0.04228000,10.00000000,15.00000000,13.49150208,14.39496132,0.22558742,1,1.50849792
0.04230000,10.00000000,15.00000000,13.53948532,14.20828564,0.22589898,1,1.46051468
0.04232000,10.00000000,15.00000000,13.58549649,14.00873957,0.22620842,1,1.41450351
0.04234000,10.00000000,15.00000000,13.62944049,13.79694848,0.22651629,1,1.37055951
0.04236000,10.00000000,15.00000000,13.67122828,13.57356851,0.22682352,1,1.32877172
0.04238000,10.00000000,15.00000000,13.71077702,13.33928651,0.22713101,1,1.28922298
0.04240000,10.00000000,15.00000000,13.74801033,13.09481807,0.22744030,1,1.25198967
0.04242000,10.00000000,15.00000000,13.78285840,12.84090902,0.22774958,1,1.21714160
0.04244000,10.00000000,15.00000000,13.81525858,12.57831493,0.22806118,1,1.18474142
0.04246000,10.00000000,15.00000000,13.84515496,12.30782155,0.22837665,1,1.15484504
0.04248000,10.00000000,15.00000000,13.87249865,12.03023868,0.22869681,1,1.12750135
0.04250000,10.00000000,15.00000000,13.89724802,11.74639380,0.22902245,1,1.10275198
0.04252000,10.00000000,15.00000000,13.91936883,11.45712953,0.22935428,1,1.08063117
0.04254000,10.00000000,15.00000000,13.93883432,11.16330114,0.22969358,1,1.06116568
0.04256000,10.00000000,15.00000000,13.95562518,10.86577714,0.23004130,1,1.04437482
0.04258000,10.00000000,15.00000000,13.96972967,10.56543522,0.23039710,1,1.03027033
0.04260000,10.00000000,15.00000000,13.98114375,10.26315264,0.23076153,1,1.01885625
0.04262000,10.00000000,15.00000000,13.98987096,9.95980880,0.23113509,1,1.01012904
0.04264000,10.00000000,15.00000000,13.99592233,9.65628259,0.23151823,1,1.00407767
0.04266000,10.00000000,15.00000000,13.99931639,9.35344975,0.23191135,1,1.00068361
0.04268000,10.00000000,15.00000000,14.00007902,9.05218026,0.23231478,1,0.99992098
0.04270000,10.00000000,15.00000000,13.99824339,8.75333565,0.23264974,1,1.00175661
0.04272000,10.00000000,15.00000000,13.99385546,8.45732288,0.23296421,1,1.00614454
0.04274000,10.00000000,15.00000000,13.98696036,8.16480268,0.23329149,1,1.01303964
0.04276000,10.00000000,15.00000000,13.97760612,7.87660703,0.23363204,1,1.02239388
0.04278000,10.00000000,15.00000000,13.96584752,7.59355362,0.23398629,1,1.03415248
0.04280000,10.00000000,15.00000000,13.95174599,7.31644355,0.23435461,1,1.04825401
0.04282000,10.00000000,15.00000000,13.93536933,7.04605894,0.23473732,1,1.06463067
0.04284000,10.00000000,15.00000000,13.91679157,6.78316068,0.23513480,1,1.08320843
0.04286000,10.00000000,15.00000000,13.89609266,6.52848697,0.23554875,1,1.10390734
0.04288000,10.00000000,15.00000000,13.87335821,6.28275871,0.23597786,1,1.12664179
0.04290000,10.00000000,15.00000000,13.84867940,6.04666106,0.23642225,1,1.15132060
0.04292000,10.00000000,15.00000000,13.82215259,5.82084974,0.23688200,1,1.17784741
0.04294000,10.00000000,15.00000000,13.79387894,5.60594924,0.23735714,1,1.20612106
0.04296000,10.00000000,15.00000000,13.76396418,5.40255119,0.23784765,1,1.23603582
0.04298000,10.00000000,15.00000000,13.73251822,5.21121274,0.23834969,1,1.26748178
0.04300000,10.00000000,15.00000000,13.69965493,5.03243432,0.23886687,1,1.30034507
0.04302000,10.00000000,15.00000000,13.66549141,4.86669971,0.23940117,1,1.33450859
0.04304000,10.00000000,15.00000000,13.63014780,4.71446585,0.23995035,1,1.36985220
0.04306000,10.00000000,15.00000000,13.59374719,4.57613903,0.24051421,1,1.40625281
0.04308000,10.00000000,15.00000000,13.55641509,4.45208531,0.24109252,1,1.44358491
0.04310000,10.00000000,15.00000000,13.51827901,4.34262976,0.24168500,1,1.48172099
0.04312000,10.00000000,15.00000000,13.47946810,4.24805575,0.24229134,1,1.52053190
0.04314000,10.00000000,15.00000000,13.44011278,4.16860449,0.24291121,1,1.55988722
0.04316000,10.00000000,15.00000000,13.40034434,4.10447463,0.24354168,1,1.59965566
0.04318000,10.00000000,15.00000000,13.36029462,4.05580834,0.24418514,1,1.63970538
0.04320000,10.00000000,15.00000000,13.32009541,4.02271990,0.24484093,1,1.67990459
0.04322000,10.00000000,15.00000000,13.27987823,4.00527955,0.24550859,1,1.72012177
0.04324000,10.00000000,15.00000000,13.23977399,4.00351481,0.24618763,1,1.76022601
0.04326000,10.00000000,15.00000000,13.19991259,4.01741072,0.24687752,1,1.80008741
0.04328000,10.00000000,15.00000000,13.16042259,4.04691022,0.24757771,1,1.83957741
0.04330000,10.00000000,15.00000000,13.12143083,4.09191464,0.24828693,1,1.87856917
0.04332000,10.00000000,15.00000000,13.08306215,4.15228063,0.24900333,1,1.91693785
0.04334000,10.00000000,15.00000000,13.04543899,4.22781817,0.24972844,1,1.95456101
0.04336000,10.00000000,15.00000000,13.00868098,4.31830910,0.25046144,1,1.99131902
0.04338000,10.00000000,15.00000000,12.97290474,4.42349589,0.25120166,1,2.02709526
0.04340000,10.00000000,15.00000000,12.93822362,4.54308353,0.25194839,1,2.06177638
0.04342000,10.00000000,15.00000000,12.90474739,4.67674065,0.25270093,1,2.09525261
0.04344000,10.00000000,15.00000000,12.87258197,4.82410070,0.25345853,1,2.12741803
0.04346000,10.00000000,15.00000000,12.84182920,4.98476325,0.25422045,1,2.15817080
0.04348000,10.00000000,15.00000000,12.81258657,5.15829532,0.25498287,1,2.18741343
0.04350000,10.00000000,15.00000000,12.78494714,5.34421713,0.25574717,1,2.21505286
0.04352000,10.00000000,15.00000000,12.75899902,5.54203043,0.25651364,1,2.24100098
0.04354000,10.00000000,15.00000000,12.73482527,5.75121446,0.25728150,1,2.26517473
0.04356000,10.00000000,15.00000000,12.71250387,5.97122202,0.25805027,1,2.28749613
0.04358000,10.00000000,15.00000000,12.69210747,6.20148283,0.25881935,1,2.30789253
0.04360000,10.00000000,15.00000000,12.67370334,6.44140453,0.25958720,1,2.32629666
0.04362000,10.00000000,15.00000000,12.65735327,6.69036961,0.26035300,1,2.34264673
0.04364000,10.00000000,15.00000000,12.64311336,6.94774085,0.26111592,1,2.35688664
0.04366000,10.00000000,15.00000000,12.63103402,7.21286306,0.26187513,1,2.36896598
0.04368000,10.00000000,15.00000000,12.62115981,7.48506485,0.26262980,1,2.37884019
0.04370000,10.00000000,15.00000000,12.61352941,7.76366042,0.26337912,1,2.38647059
0.04372000,10.00000000,15.00000000,12.60817559,8.04795138,0.26412228,1,2.39182441
0.04374000,10.00000000,15.00000000,12.60512519,8.33722854,0.26485847,1,2.39487481
0.04376000,10.00000000,15.00000000,12.60439905,8.63077372,0.26558695,1,2.39560095
0.04378000,10.00000000,15.00000000,12.60601208,8.92786184,0.26625134,1,2.39398792
0.04380000,10.00000000,15.00000000,12.60997767,9.22748129,0.26688100,1,2.39002233
0.04382000,10.00000000,15.00000000,12.61629908,9.52876784,0.26750035,1,2.38370092
0.04384000,10.00000000,15.00000000,12.62497067,9.83098247,0.26810892,1,2.37502933
0.04386000,10.00000000,15.00000000,12.63598101,10.13338794,0.26870616,1,2.36401899
0.04388000,10.00000000,15.00000000,12.64931292,10.43524998,0.26929154,1,2.35068708
0.04390000,10.00000000,15.00000000,12.66494358,10.73583904,0.26986457,1,2.33505642
0.04392000,10.00000000,15.00000000,12.68284459,11.03443190,0.27042475,1,2.31715541
0.04394000,10.00000000,15.00000000,12.70298212,11.33031333,0.27097165,1,2.29701788
0.04396000,10.00000000,15.00000000,12.72531703,11.62277770,0.27150554,1,2.27468297
0.04398000,10.00000000,15.00000000,12.74980487,11.91113404,0.27202563,1,2.25019513
0.04400000,10.00000000,15.00000000,12.77639625,12.19470208,0.27253142,1,2.22360375
0.04402000,10.00000000,15.00000000,12.80503687,12.47281494,0.27302255,1,2.19496313
0.04404000,10.00000000,15.00000000,12.83566770,12.74482127,0.27349849,1,2.16433230
0.04406000,10.00000000,15.00000000,12.86822514,13.01008536,0.27395489,1,2.13177486
0.04408000,10.00000000,15.00000000,12.90264173,13.26796869,0.27439561,1,2.09735827
0.04410000,10.00000000,15.00000000,12.93884508,13.51787330,0.27482050,1,2.06115492
0.04412000,10.00000000,15.00000000,12.97675876,13.75922231,0.27522943,1,2.02324124
0.04414000,10.00000000,15.00000000,13.01630248,13.99146099,0.27562227,1,1.98369752
0.04416000,10.00000000,15.00000000,13.05739231,14.21405795,0.27599897,1,1.94260769
0.04418000,10.00000000,15.00000000,13.09994087,14.42650623,0.27635950,1,1.90005913
0.04420000,10.00000000,15.00000000,13.14385754,14.62832439,0.27670058,1,1.85614246
0.04422000,10.00000000,15.00000000,13.18904916,14.81904003,0.27702478,1,1.81095084
0.04424000,10.00000000,15.00000000,13.23541928,14.99822134,0.27733304,1,1.76458072
0.04426000,10.00000000,15.00000000,13.28286872,15.16546924,0.27762525,1,1.71713128
0.04428000,10.00000000,15.00000000,13.33129602,15.32041258,0.27790157,1,1.66870398
0.04430000,10.00000000,15.00000000,13.38059760,15.46271016,0.27816221,1,1.61940240
0.04432000,10.00000000,15.00000000,13.43066799,15.59205147,0.27840620,1,1.56933201
0.04434000,10.00000000,15.00000000,13.48140028,15.70815073,0.27863021,1,1.51859972
0.04436000,10.00000000,15.00000000,13.53268668,15.81073442,0.27884069,1,1.46731332
0.04438000,10.00000000,15.00000000,13.58441710,15.89959423,0.27903747,1,1.41558290
0.04440000,10.00000000,15.00000000,13.63648069,15.97455226,0.27921993,1,1.36351931
0.04442000,10.00000000,15.00000000,13.68876614,16.03545832,0.27938847,1,1.31123386
0.04444000,10.00000000,15.00000000,13.74116174,16.08219584,0.27954261,1,1.25883826
0.04446000,10.00000000,15.00000000,13.79355578,16.11467693,0.27967808,1,1.20644422
0.04448000,10.00000000,15.00000000,13.84583733,16.13282131,0.27980156,1,1.15416267
0.04450000,10.00000000,15.00000000,13.89789461,16.13661662,0.27991430,1,1.10210539
0.04452000,10.00000000,15.00000000,13.94961636,16.12608879,0.28001561,1,1.05038364
0.04454000,10.00000000,15.00000000,14.00089240,16.10129121,0.28010614,1,0.99910760
0.04456000,10.00000000,15.00000000,14.05161368,16.06231159,0.28018654,1,0.94838632
0.04458000,10.00000000,15.00000000,14.10167248,16.00927185,0.28025112,1,0.89832752
0.04460000,10.00000000,15.00000000,14.15096370,15.94229176,0.28030746,1,0.84903630
0.04462000,10.00000000,15.00000000,14.19938269,15.86156328,0.28035642,1,0.80061731
0.04464000,10.00000000,15.00000000,14.24682695,15.76731243,0.28039806,1,0.75317305
0.04466000,10.00000000,15.00000000,14.29319640,15.65979443,0.28043321,1,0.70680360
0.04468000,10.00000000,15.00000000,14.33839359,15.53929703,0.28046267,1,0.66160641
0.04470000,10.00000000,15.00000000,14.38232385,15.40613997,0.28048596,1,0.61767615
0.04472000,10.00000000,15.00000000,14.42489574,15.26066661,0.28050206,1,0.57510426
0.04474000,10.00000000,15.00000000,14.46602132,15.10323989,0.28051574,1,0.53397868
0.04476000,10.00000000,15.00000000,14.50561541,14.93427491,0.28052731,1,0.49438459
0.04478000,10.00000000,15.00000000,14.54359665,14.75421241,0.28053769,1,0.45640335
0.04480000,10.00000000,15.00000000,14.57988759,14.56352116,0.28054776,1,0.42011241
0.04482000,10.00000000,15.00000000,14.61441494,14.36269681,0.28055845,1,0.38558506
0.04484000,10.00000000,15.00000000,14.64710969,14.15226079,0.28057073,1,0.35289031
0.04486000,10.00000000,15.00000000,14.67790736,13.93275947,0.28058554,1,0.32209264
0.04488000,10.00000000,15.00000000,14.70674811,13.70476270,0.28060135,1,0.29325189
0.04490000,10.00000000,15.00000000,14.73357729,13.46884786,0.28061973,1,0.26642271
0.04492000,10.00000000,15.00000000,14.75834501,13.22561656,0.28064332,1,0.24165499
0.04494000,10.00000000,15.00000000,14.78100624,12.97569974,0.28067299,1,0.21899376
0.04496000,10.00000000,15.00000000,14.80152119,12.71974575,0.28070955,1,0.19847881
0.04498000,10.00000000,15.00000000,14.81985550,12.45841855,0.28075379,1,0.18014450
0.04500000,10.00000000,15.00000000,14.83598027,12.19239594,0.28080650,1,0.16401973
0.04502000,10.00000000,15.00000000,14.84987220,11.92236794,0.28086839,1,0.15012780
0.04504000,10.00000000,15.00000000,14.86151365,11.64903469,0.28094009,1,0.13848635
0.04506000,10.00000000,15.00000000,14.87089271,11.37310430,0.28102222,1,0.12910729
0.04508000,10.00000000,15.00000000,14.87800318,11.09529113,0.28111534,1,0.12199682
0.04510000,10.00000000,15.00000000,14.88284469,10.81631372,0.28121998,1,0.11715531
0.04512000,10.00000000,15.00000000,14.88542262,10.53689275,0.28133657,1,0.11457738
0.04514000,10.00000000,15.00000000,14.88574811,10.25774899,0.28146550,1,0.11425189
0.04516000,10.00000000,15.00000000,14.88383806,9.97960115,0.28152392,1,0.11616194
0.04518000,10.00000000,15.00000000,14.87972214,9.70266757,0.28158161,1,0.12027786
0.04520000,10.00000000,15.00000000,14.87342518,9.42757421,0.28165312,1,0.12657482
0.04522000,10.00000000,15.00000000,14.86497565,9.15502578,0.28173882,1,0.13502435
0.04524000,10.00000000,15.00000000,14.85440753,8.88571991,0.28183904,1,0.14559247
0.04526000,10.00000000,15.00000000,14.84176022,8.62034523,0.28195403,1,0.15823978
0.04528000,10.00000000,15.00000000,14.82707842,8.35957937,0.28208401,1,0.17292158
0.04530000,10.00000000,15.00000000,14.81041203,8.10408717,0.28222928,1,0.18958797
0.04532000,10.00000000,15.00000000,14.79181597,7.85451953,0.28239011,1,0.20818403
0.04534000,10.00000000,15.00000000,14.77135008,7.61151183,0.28256639,1,0.22864992
0.04536000,10.00000000,15.00000000,14.74907892,7.37568024,0.28275817,1,0.25092108
0.04538000,10.00000000,15.00000000,14.72507159,7.14762124,0.28296546,1,0.27492841
0.04540000,10.00000000,15.00000000,14.69940154,6.92791009,0.28318822,1,0.30059846
0.04542000,10.00000000,15.00000000,14.67214637,6.71709931,0.28342358,1,0.32785363
0.04544000,10.00000000,15.00000000,14.64338771,6.51570076,0.28367301,1,0.35661229
0.04546000,10.00000000,15.00000000,14.61321066,6.32421015,0.28393747,1,0.38678934
0.04548000,10.00000000,15.00000000,14.58170364,6.14310310,0.28421767,1,0.41829636
0.04550000,10.00000000,15.00000000,14.54895822,5.97283252,0.28451269,1,0.45104178
0.04552000,10.00000000,15.00000000,14.51506900,5.81381832,0.28482234,1,0.48493100
0.04554000,10.00000000,15.00000000,14.48013321,5.66645085,0.28514639,1,0.51986679
0.04556000,10.00000000,15.00000000,14.44425052,5.53108994,0.28548459,1,0.55574948
0.04558000,10.00000000,15.00000000,14.40752271,5.40806421,0.28583666,1,0.59247729
0.04560000,10.00000000,15.00000000,14.37005341,5.29767034,0.28620139,1,0.62994659
0.04562000,10.00000000,15.00000000,14.33194785,5.20016724,0.28657600,1,0.66805215
0.04564000,10.00000000,15.00000000,14.29331261,5.11576689,0.28696402,1,0.70668739
0.04566000,10.00000000,15.00000000,14.25425495,5.04467008,0.28736466,1,0.74574505
0.04568000,10.00000000,15.00000000,14.21488290,4.98704167,0.28777755,1,0.78511710
0.04570000,10.00000000,15.00000000,14.17530492,4.94301278,0.28820229,1,0.82469508
0.04572000,10.00000000,15.00000000,14.13562965,4.91268062,0.28863845,1,0.86437035
0.04574000,10.00000000,15.00000000,14.09596558,4.89610849,0.28908560,1,0.90403442
0.04576000,10.00000000,15.00000000,14.05642081,4.89332582,0.28954252,1,0.94357919
0.04578000,10.00000000,15.00000000,14.01710278,4.90432409,0.29000658,1,0.98289722
0.04580000,10.00000000,15.00000000,13.97811803,4.92904931,0.29048030,1,1.02188197
0.04582000,10.00000000,15.00000000,13.93957165,4.96743136,0.29096316,1,1.06042835
0.04584000,10.00000000,15.00000000,13.90156730,5.01936737,0.29145462,1,1.09843270
0.04586000,10.00000000,15.00000000,13.86420691,5.08472224,0.29195414,1,1.13579309
0.04588000,10.00000000,15.00000000,13.82759044,5.16332914,0.29246113,1,1.17240956
0.04590000,10.00000000,15.00000000,13.79181570,5.25499016,0.29297502,1,1.20818430
0.04592000,10.00000000,15.00000000,13.75697803,5.35947698,0.29349519,1,1.24302197
0.04594000,10.00000000,15.00000000,13.72317017,5.47653166,0.29401640,1,1.27682983
0.04596000,10.00000000,15.00000000,13.69048218,5.60584199,0.29454344,1,1.30951782
0.04598000,10.00000000,15.00000000,13.65900067,5.74709772,0.29507571,1,1.34099933
0.04600000,10.00000000,15.00000000,13.62880902,5.89996183,0.29561182,1,1.37119098
0.04602000,10.00000000,15.00000000,13.59998730,6.06406729,0.29615109,1,1.40001270
0.04604000,10.00000000,15.00000000,13.57261196,6.23902208,0.29669284,1,1.42738804
0.04606000,10.00000000,15.00000000,13.54675573,6.42441031,0.29723637,1,1.45324427
0.04608000,10.00000000,15.00000000,13.52248745,6.61979330,0.29778098,1,1.47751255
0.04610000,10.00000000,15.00000000,13.49987194,6.82471074,0.29832597,1,1.50012806
0.04612000,10.00000000,15.00000000,13.47896985,7.03868191,0.29887060,1,1.52103015
0.04614000,10.00000000,15.00000000,13.45983760,7.26120692,0.29941273,1,1.54016240
0.04616000,10.00000000,15.00000000,13.44252732,7.49176018,0.29995185,1,1.55747268
0.04618000,10.00000000,15.00000000,13.42708663,7.72980066,0.30048868,1,1.57291337
0.04620000,10.00000000,15.00000000,13.41355848,7.97477976,0.30102250,1,1.58644152
0.04622000,10.00000000,15.00000000,13.40198123,8.22613495,0.30155259,1,1.59801877
0.04624000,10.00000000,15.00000000,13.39238862,8.48329098,0.30207822,1,1.60761138
0.04626000,10.00000000,15.00000000,13.38480967,8.74566130,0.30259868,1,1.61519033
0.04628000,10.00000000,15.00000000,13.37926870,9.01264937,0.30311324,1,1.62073130
0.04630000,10.00000000,15.00000000,13.37578528,9.28365000,0.30362121,1,1.62421472
0.04632000,10.00000000,15.00000000,13.37437424,9.55805073,0.30412188,1,1.62562576
0.04634000,10.00000000,15.00000000,13.37504564,9.83523312,0.30458771,1,1.62495436
0.04636000,10.00000000,15.00000000,13.37780721,10.11443024,0.30498820,1,1.62219279
0.04638000,10.00000000,15.00000000,13.38266384,10.39471114,0.30537916,1,1.61733616
0.04640000,10.00000000,15.00000000,13.38960848,10.67544474,0.30576035,1,1.61039152
0.04642000,10.00000000,15.00000000,13.39862934,10.95600231,0.30613132,1,1.60137066
0.04644000,10.00000000,15.00000000,13.40971005,11.23575737,0.30649160,1,1.59028995
0.04646000,10.00000000,15.00000000,13.42282967,11.51408694,0.30684076,1,1.57717033
0.04648000,10.00000000,15.00000000,13.43796278,11.79037288,0.30717838,1,1.56203722
0.04650000,10.00000000,15.00000000,13.45507956,12.06400308,0.30750406,1,1.54492044
0.04652000,10.00000000,15.00000000,13.47414588,12.33437277,0.30781699,1,1.52585412
0.04654000,10.00000000,15.00000000,13.49512342,12.60088336,0.30811457,1,1.50487658
0.04656000,10.00000000,15.00000000,13.51797000,12.86293375,0.30839892,1,1.48203000
0.04658000,10.00000000,15.00000000,13.54263902,13.11994683,0.30866976,1,1.45736098
0.04660000,10.00000000,15.00000000,13.56907997,13.37135772,0.30892683,1,1.43092003
0.04662000,10.00000000,15.00000000,13.59723855,13.61661470,0.30916989,1,1.40276145
0.04664000,10.00000000,15.00000000,13.62705679,13.85518044,0.30939873,1,1.37294321
0.04666000,10.00000000,15.00000000,13.65847318,14.08653296,0.30961319,1,1.34152682
0.04668000,10.00000000,15.00000000,13.69142281,14.31016674,0.30981313,1,1.30857719
0.04670000,10.00000000,15.00000000,13.72583752,14.52559372,0.30999894,1,1.27416248
0.04672000,10.00000000,15.00000000,13.76164596,14.73234706,0.31016981,1,1.23835404
0.04674000,10.00000000,15.00000000,13.79877397,14.92997521,0.31032167,1,1.20122603
0.04676000,10.00000000,15.00000000,13.83714516,15.11802452,0.31045854,1,1.16285484
0.04678000,10.00000000,15.00000000,13.87667974,15.29608459,0.31058049,1,1.12332026
0.04680000,10.00000000,15.00000000,13.91729546,15.46376716,0.31068756,1,1.08270454
0.04682000,10.00000000,15.00000000,13.95890775,15.62070675,0.31077986,1,1.04109225
0.04684000,10.00000000,15.00000000,14.00142990,15.76656140,0.31085751,1,0.99857010
0.04686000,10.00000000,15.00000000,14.04477328,15.90101343,0.31092067,1,0.95522672
0.04688000,10.00000000,15.00000000,14.08884745,16.02377010,0.31096559,1,0.91115255
0.04690000,10.00000000,15.00000000,14.13356103,16.13454175,0.31099536,1,0.86643897
0.04692000,10.00000000,15.00000000,14.17882062,16.23308084,0.31101149,1,0.82117938
0.04694000,10.00000000,15.00000000,14.22453136,16.31917353,0.31101434,1,0.77546864
0.04696000,10.00000000,15.00000000,14.27059738,16.39263355,0.31100378,1,0.72940262
0.04698000,10.00000000,15.00000000,14.31692209,16.45329971,0.31098018,1,0.68307791
0.04700000,10.00000000,15.00000000,14.36340824,16.50103895,0.31094396,1,0.63659176
0.04702000,10.00000000,15.00000000,14.40995817,16.53574673,0.31089032,1,0.59004183
0.04704000,10.00000000,15.00000000,14.45647483,16.55731689,0.31082425,1,0.54352517
0.04706000,10.00000000,15.00000000,14.50286018,16.56569819,0.31074694,1,0.49713982
0.04708000,10.00000000,15.00000000,14.54901623,16.56087251,0.31065880,1,0.45098377
0.04710000,10.00000000,15.00000000,14.59484539,16.54285059,0.31056043,1,0.40515461
0.04712000,10.00000000,15.00000000,14.64025065,16.51167290,0.31045245,1,0.35974935
0.04714000,10.00000000,15.00000000,14.68513579,16.46740970,0.31033551,1,0.31486421
0.04716000,10.00000000,15.00000000,14.72940562,16.41016103,0.31020430,1,0.27059438
0.04718000,10.00000000,15.00000000,14.77296709,16.34002113,0.31006518,1,0.22703291
0.04720000,10.00000000,15.00000000,14.81572741,16.25714697,0.30991912,1,0.18427259
0.04722000,10.00000000,15.00000000,14.85759537,16.16172626,0.30976690,1,0.14240463
0.04724000,10.00000000,15.00000000,14.89848157,16.05397618,0.30960933,1,0.10151843
0.04726000,10.00000000,15.00000000,14.93829867,15.93414302,0.30944783,1,0.06170133
0.04728000,10.00000000,15.00000000,14.97696150,15.80250524,0.30928316,1,0.02303850
0.04730000,10.00000000,15.00000000,15.01438735,15.65936926,0.30920006,1,-0.01438735
0.04732000,10.00000000,15.00000000,15.05048368,15.50557526,0.30924403,1,-0.05048368
0.04734000,10.00000000,15.00000000,15.08515863,15.34226702,0.30928066,1,-0.08515863
0.04736000,10.00000000,15.00000000,15.11835004,15.16980276,0.30930928,1,-0.11835004
0.04738000,10.00000000,15.00000000,15.14999891,14.98855314,0.30933024,1,-0.14999891
0.04740000,10.00000000,15.00000000,15.18004943,14.79890638,0.30934392,1,-0.18004943
0.04742000,10.00000000,15.00000000,15.20844901,14.60126761,0.30935070,1,-0.20844901
0.04744000,10.00000000,15.00000000,15.23514839,14.39605811,0.30916140,1,-0.23514839
0.04746000,10.00000000,15.00000000,15.26012738,14.18255446,0.30894933,1,-0.26012738
0.04748000,10.00000000,15.00000000,15.28333595,13.96109617,0.30873987,1,-0.28333595
0.04750000,10.00000000,15.00000000,15.30472351,13.73219176,0.30853372,1,-0.30472351
0.04752000,10.00000000,15.00000000,15.32424356,13.49636792,0.30833424,1,-0.32424356
0.04754000,10.00000000,15.00000000,15.34185351,13.25418490,0.30813947,1,-0.34185351
0.04756000,10.00000000,15.00000000,15.35751560,13.00620259,0.30794984,1,-0.35751560
0.04758000,10.00000000,15.00000000,15.37119653,12.75299391,0.30776607,1,-0.37119653
0.04760000,10.00000000,15.00000000,15.38286758,12.49514531,0.30758885,1,-0.38286758
0.04762000,10.00000000,15.00000000,15.39250463,12.23325541,0.30741890,1,-0.39250463
0.04764000,10.00000000,15.00000000,15.40008829,11.96793373,0.30725692,1,-0.40008829
0.04766000,10.00000000,15.00000000,15.40560393,11.69979935,0.30710361,1,-0.40560393
0.04768000,10.00000000,15.00000000,15.40904174,11.42947949,0.30695966,1,-0.40904174
0.04770000,10.00000000,15.00000000,15.41039681,11.15760812,0.30682576,1,-0.41039681
0.04772000,10.00000000,15.00000000,15.40966911,10.88482449,0.30673465,1,-0.40966911
0.04774000,10.00000000,15.00000000,15.40686053,10.61196986,0.30671439,1,-0.40686053
0.04776000,10.00000000,15.00000000,15.40197714,10.34005734,0.30670561,1,-0.40197714
0.04778000,10.00000000,15.00000000,15.39503876,10.06973045,0.30670831,1,-0.39503876
0.04780000,10.00000000,15.00000000,15.38607008,9.80162647,0.30672283,1,-0.38607008
0.04782000,10.00000000,15.00000000,15.37510060,9.53637721,0.30674951,1,-0.37510060
0.04784000,10.00000000,15.00000000,15.36216458,9.27460748,0.30678867,1,-0.36216458
0.04786000,10.00000000,15.00000000,15.34730089,9.01693368,0.30684060,1,-0.34730089
0.04788000,10.00000000,15.00000000,15.33055298,8.76396226,0.30690556,1,-0.33055298
0.04790000,10.00000000,15.00000000,15.31196876,8.51628829,0.30698379,1,-0.31196876
0.04792000,10.00000000,15.00000000,15.29160044,8.27449400,0.30707762,1,-0.29160044
0.04794000,10.00000000,15.00000000,15.26950430,8.03916031,0.30718628,1,-0.26950430
0.04796000,10.00000000,15.00000000,15.24574088,7.81084668,0.30730901,1,-0.24574088
0.04798000,10.00000000,15.00000000,15.22037472,7.59008993,0.30744592,1,-0.22037472
0.04800000,10.00000000,15.00000000,15.19347413,7.37740856,0.30759709,1,-0.19347413
0.04802000,10.00000000,15.00000000,15.16511100,7.17330143,0.30776259,1,-0.16511100
0.04804000,10.00000000,15.00000000,15.13536064,6.97824663,0.30794242,1,-0.13536064
0.04806000,10.00000000,15.00000000,15.10430153,6.79270024,0.30813658,1,-0.10430153
0.04808000,10.00000000,15.00000000,15.07201520,6.61709532,0.30834501,1,-0.07201520
0.04810000,10.00000000,15.00000000,15.03858597,6.45184080,0.30856776,1,-0.03858597
0.04812000,10.00000000,15.00000000,15.00410073,6.29732143,0.30880482,1,-0.00410073
0.04814000,10.00000000,15.00000000,14.96864874,6.15389662,0.30887109,1,0.03135126
0.04816000,10.00000000,15.00000000,14.93232966,6.02079162,0.30892031,1,0.06767034
0.04818000,10.00000000,15.00000000,14.89522912,5.89813064,0.30897690,1,0.10477088
0.04820000,10.00000000,15.00000000,14.85743205,5.78616045,0.30904111,1,0.14256795
0.04822000,10.00000000,15.00000000,14.81902470,5.68510516,0.30911312,1,0.18097530
0.04824000,10.00000000,15.00000000,14.78009444,5.59516565,0.30919312,1,0.21990556
0.04826000,10.00000000,15.00000000,14.74072962,5.51651912,0.30928126,1,0.25927038
0.04828000,10.00000000,15.00000000,14.70101933,5.44931876,0.30938383,1,0.29898067
0.04830000,10.00000000,15.00000000,14.66105300,5.39372967,0.30968753,1,0.33894700
0.04832000,10.00000000,15.00000000,14.62091380,5.35098590,0.31000096,1,0.37908620
0.04834000,10.00000000,15.00000000,14.58070098,5.32116854,0.31032539,1,0.41929902
0.04836000,10.00000000,15.00000000,14.54051358,5.30433823,0.31066038,1,0.45948642
0.04838000,10.00000000,15.00000000,14.50045035,5.30052524,0.31100548,1,0.49954965
0.04840000,10.00000000,15.00000000,14.46060946,5.30972963,0.31136022,1,0.53939054
0.04842000,10.00000000,15.00000000,14.42108834,5.33192139,0.31172413,1,0.57891166
0.04844000,10.00000000,15.00000000,14.38198339,5.36704069,0.31209670,1,0.61801661
0.04846000,10.00000000,15.00000000,14.34338974,5.41499824,0.31247360,1,0.65661026
0.04848000,10.00000000,15.00000000,14.30540127,5.47565365,0.31285781,1,0.69459873
0.04850000,10.00000000,15.00000000,14.26810983,5.54885820,0.31324929,1,0.73189017
0.04852000,10.00000000,15.00000000,14.23160540,5.63443788,0.31364749,1,0.76839460
0.04854000,10.00000000,15.00000000,14.19597587,5.73219109,0.31405183,1,0.80402413
0.04856000,10.00000000,15.00000000,14.16130685,5.84188936,0.31446173,1,0.83869315
0.04858000,10.00000000,15.00000000,14.12768151,5.96327794,0.31487661,1,0.87231849
0.04860000,10.00000000,15.00000000,14.09518038,6.09607658,0.31529586,1,0.90481962
0.04862000,10.00000000,15.00000000,14.06388120,6.23998030,0.31571789,1,0.93611880
0.04864000,10.00000000,15.00000000,14.03385875,6.39465479,0.31613976,1,0.96614125
0.04866000,10.00000000,15.00000000,14.00518481,6.55972962,0.31656431,1,0.99481519
0.04868000,10.00000000,15.00000000,13.97792756,6.73483182,0.31699090,1,1.02207244
0.04870000,10.00000000,15.00000000,13.95215182,6.91956730,0.31741957,1,1.04784818
0.04872000,10.00000000,15.00000000,13.92791883,7.11352571,0.31784898,1,1.07208117
0.04874000,10.00000000,15.00000000,13.90528625,7.31627368,0.31827841,1,1.09471375
0.04876000,10.00000000,15.00000000,13.88430803,7.52735936,0.31870716,1,1.11569197
0.04878000,10.00000000,15.00000000,13.86503428,7.74631376,0.31913456,1,1.13496572
0.04880000,10.00000000,15.00000000,13.84751115,7.97265195,0.31955993,1,1.15248885
0.04882000,10.00000000,15.00000000,13.83178082,8.20587405,0.31998258,1,1.16821918
0.04884000,10.00000000,15.00000000,13.81788137,8.44546646,0.32040183,1,1.18211863
0.04886000,10.00000000,15.00000000,13.80584676,8.69090295,0.32081699,1,1.19415324
0.04888000,10.00000000,15.00000000,13.79570677,8.94164582,0.32122737,1,1.20429323
0.04890000,10.00000000,15.00000000,13.78748694,9.19714708,0.32163195,1,1.21251306
0.04892000,10.00000000,15.00000000,13.78120860,9.45684768,0.32202957,1,1.21879140
0.04894000,10.00000000,15.00000000,13.77688884,9.72017800,0.32242064,1,1.22311116
0.04896000,10.00000000,15.00000000,13.77454032,9.98656763,0.32280450,1,1.22545968
0.04898000,10.00000000,15.00000000,13.77417142,10.25544060,0.32318049,1,1.22582858
0.04900000,10.00000000,15.00000000,13.77578626,10.52621655,0.32348047,1,1.22421374
0.04902000,10.00000000,15.00000000,13.77939124,10.79793899,0.32375568,1,1.22060876
0.04904000,10.00000000,15.00000000,13.78498111,11.06993431,0.32402138,1,1.21501889
0.04906000,10.00000000,15.00000000,13.79254424,11.34161585,0.32427699,1,1.20745576
0.04908000,10.00000000,15.00000000,13.80206483,11.61239801,0.32452094,1,1.19793517
0.04910000,10.00000000,15.00000000,13.81352307,11.88169179,0.32475392,1,1.18647693
0.04912000,10.00000000,15.00000000,13.82689492,12.14891846,0.32497557,1,1.17310508
0.04914000,10.00000000,15.00000000,13.84215233,12.41350462,0.32518551,1,1.15784767
0.04916000,10.00000000,15.00000000,13.85926330,12.67488322,0.32538340,1,1.14073670
0.04918000,10.00000000,15.00000000,13.87819197,12.93249473,0.32556892,1,1.12180803
0.04920000,10.00000000,15.00000000,13.89889871,13.18578814,0.32574176,1,1.10110129
0.04922000,10.00000000,15.00000000,13.92134019,13.43422209,0.32590165,1,1.07865981
0.04924000,10.00000000,15.00000000,13.94546950,13.67726587,0.32604833,1,1.05453050
0.04926000,10.00000000,15.00000000,13.97123624,13.91440045,0.32618176,1,1.02876376
0.04928000,10.00000000,15.00000000,13.99858660,14.14512047,0.32630199,1,1.00141340
0.04930000,10.00000000,15.00000000,14.02746347,14.36893564,0.32640843,1,0.97253653
0.04932000,10.00000000,15.00000000,14.05780669,14.58536797,0.32650093,1,0.94219331
0.04934000,10.00000000,15.00000000,14.08955303,14.79395496,0.32657684,1,0.91044697
0.04936000,10.00000000,15.00000000,14.12263677,14.99423605,0.32663653,1,0.87736323
0.04938000,10.00000000,15.00000000,14.15698923,15.18577051,0.32668184,1,0.84301077
0.04940000,10.00000000,15.00000000,14.19253875,15.36814627,0.32671275,1,0.80746125
0.04942000,10.00000000,15.00000000,14.22921119,15.54097033,0.32672928,1,0.77078881
0.04944000,10.00000000,15.00000000,14.26693001,15.70386950,0.32673149,1,0.73306999
0.04946000,10.00000000,15.00000000,14.30561651,15.85649115,0.32671946,1,0.69438349
0.04948000,10.00000000,15.00000000,14.34518991,15.99850397,0.32669330,1,0.65481009
0.04950000,10.00000000,15.00000000,14.38556752,16.12959862,0.32665182,1,0.61443248
0.04952000,10.00000000,15.00000000,14.42666517,16.24948071,0.32659270,1,0.57333483
0.04954000,10.00000000,15.00000000,14.46839740,16.35786450,0.32651975,1,0.53160260
0.04956000,10.00000000,15.00000000,14.51067667,16.45450863,0.32643324,1,0.48932333
0.04958000,10.00000000,15.00000000,14.55341413,16.53919644,0.32633368,1,0.44658587
0.04960000,10.00000000,15.00000000,14.59651985,16.61173751,0.32622162,1,0.40348015
0.04962000,10.00000000,15.00000000,14.63990296,16.67196832,0.32609692,1,0.36009704
0.04964000,10.00000000,15.00000000,14.68347197,16.71974837,0.32595996,1,0.31652803
0.04966000,10.00000000,15.00000000,14.72713484,16.75496354,0.32580551,1,0.27286516
0.04968000,10.00000000,15.00000000,14.77080010,16.77749284,0.32563901,1,0.22919990
0.04970000,10.00000000,15.00000000,14.81437503,16.78727146,0.32546143,1,0.18562497
0.04972000,10.00000000,15.00000000,14.85776680,16.78426469,0.32527330,1,0.14223320
0.04974000,10.00000000,15.00000000,14.90088278,16.76846556,0.32507522,1,0.09911722
0.04976000,10.00000000,15.00000000,14.94363071,16.73989503,0.32486779,1,0.05636929
0.04978000,10.00000000,15.00000000,14.98591888,16.69860216,0.32465166,1,0.01408112
0.04980000,10.00000000,15.00000000,15.02765637,16.64466417,0.32458976,1,-0.02765637
0.04982000,10.00000000,15.00000000,15.06872700,16.57916689,0.32460200,1,-0.06872700
0.04984000,10.00000000,15.00000000,15.10903665,16.50274868,0.32460570,1,-0.10903665
0.04986000,10.00000000,15.00000000,15.14850999,16.41557414,0.32460092,1,-0.14850999
0.04988000,10.00000000,15.00000000,15.18707339,16.31782781,0.32458705,1,-0.18707339
0.04990000,10.00000000,15.00000000,15.22465513,16.20970981,0.32456429,1,-0.22465513
0.04992000,10.00000000,15.00000000,15.26118541,16.09144016,0.32453284,1,-0.26118541
0.04994000,10.00000000,15.00000000,15.29659644,15.96325847,0.32432678,1,-0.29659644
0.04996000,10.00000000,15.00000000,15.33084804,15.82440190,0.32405158,1,-0.33084804
0.04998000,10.00000000,15.00000000,15.36387773,15.67476219,0.32377548,1,-0.36387773
0.05000000,10.00000000,15.00000000,15.39561197,15.51466687,0.32349652,1,-0.39561197
0.05002000,10.00000000,15.00000000,15.42598037,15.34445134,0.32321575,1,-0.42598037
0.05004000,10.00000000,15.00000000,15.45491521,15.16447646,0.32293382,1,-0.45491521
0.05006000,10.00000000,15.00000000,15.48235175,14.97512543,0.32265137,1,-0.48235175
0.05008000,10.00000000,15.00000000,15.50822838,14.77680308,0.32236907,1,-0.50822838
0.05010000,10.00000000,15.00000000,15.53248672,14.56993510,0.32208758,1,-0.53248672
0.05012000,10.00000000,15.00000000,15.55507182,14.35496727,0.32180759,1,-0.55507182
0.05014000,10.00000000,15.00000000,15.57593227,14.13236457,0.32152977,1,-0.57593227
0.05016000,10.00000000,15.00000000,15.59502034,13.90261032,0.32125482,1,-0.59502034
0.05018000,10.00000000,15.00000000,15.61229211,13.66620521,0.32098367,1,-0.61229211
0.05020000,10.00000000,15.00000000,15.62770755,13.42366788,0.32071888,1,-0.62770755
0.05022000,10.00000000,15.00000000,15.64123048,13.17554394,0.32045878,1,-0.64123048
0.05024000,10.00000000,15.00000000,15.65282924,12.92237850,0.32020407,1,-0.65282924
0.05026000,10.00000000,15.00000000,15.66247641,12.66472972,0.31995543,1,-0.66247641
0.05028000,10.00000000,15.00000000,15.67014887,12.40316765,0.31971357,1,-0.67014887
0.05030000,10.00000000,15.00000000,15.67582790,12.13827303,0.31947918,1,-0.67582790
0.05032000,10.00000000,15.00000000,15.67949925,11.87063606,0.31925293,1,-0.67949925
0.05034000,10.00000000,15.00000000,15.68115315,11.60085509,0.31903551,1,-0.68115315
0.05036000,10.00000000,15.00000000,15.68078443,11.32953536,0.31884376,1,-0.68078443
0.05038000,10.00000000,15.00000000,15.67839089,11.05738932,0.31873470,1,-0.67839089
0.05040000,10.00000000,15.00000000,15.67397037,10.78548800,0.31863636,1,-0.67397037
0.05042000,10.00000000,15.00000000,15.66753639,10.51444956,0.31854867,1,-0.66753639
0.05044000,10.00000000,15.00000000,15.65910710,10.24488771,0.31847204,1,-0.65910710
0.05046000,10.00000000,15.00000000,15.64870528,9.97741309,0.31840682,1,-0.64870528
0.05048000,10.00000000,15.00000000,15.63635819,9.71263193,0.31835338,1,-0.63635819
0.05050000,10.00000000,15.00000000,15.62209761,9.45114459,0.31831204,1,-0.62209761
0.05052000,10.00000000,15.00000000,15.60595970,9.19354419,0.31828367,1,-0.60595970
0.05054000,10.00000000,15.00000000,15.58798491,8.94041859,0.31827012,1,-0.58798491
0.05056000,10.00000000,15.00000000,15.56821785,8.69235555,0.31826979,1,-0.56821785
0.05058000,10.00000000,15.00000000,15.54670748,8.44991963,0.31828288,1,-0.54670748
0.05060000,10.00000000,15.00000000,15.52350685,8.21366250,0.31830960,1,-0.52350685
0.05062000,10.00000000,15.00000000,15.49867285,7.98412169,0.31835010,1,-0.49867285
0.05064000,10.00000000,15.00000000,15.47226621,7.76181928,0.31840454,1,-0.47226621
0.05066000,10.00000000,15.00000000,15.44435123,7.54726067,0.31847301,1,-0.44435123
0.05068000,10.00000000,15.00000000,15.41499571,7.34093334,0.31855560,1,-0.41499571
0.05070000,10.00000000,15.00000000,15.38427076,7.14330570,0.31865234,1,-0.38427076
0.05072000,10.00000000,15.00000000,15.35225062,6.95482596,0.31876313,1,-0.35225062
0.05074000,10.00000000,15.00000000,15.31901247,6.77592037,0.31888813,1,-0.31901247
0.05076000,10.00000000,15.00000000,15.28463627,6.60699397,0.31903095,1,-0.28463627
0.05078000,10.00000000,15.00000000,15.24920435,6.44845113,0.31918926,1,-0.24920435
0.05080000,10.00000000,15.00000000,15.21280172,6.30065816,0.31936169,1,-0.21280172
0.05082000,10.00000000,15.00000000,15.17551567,6.16394881,0.31954808,1,-0.17551567
0.05084000,10.00000000,15.00000000,15.13743543,6.03863095,0.31974822,1,-0.13743543
0.05086000,10.00000000,15.00000000,15.09865197,5.92498588,0.31996187,1,-0.09865197
0.05088000,10.00000000,15.00000000,15.05925778,5.82326769,0.32018875,1,-0.05925778
0.05090000,10.00000000,15.00000000,15.01934661,5.73370268,0.32042856,1,-0.01934661
0.05092000,10.00000000,15.00000000,14.97901326,5.65648882,0.32055747,1,0.02098674
0.05094000,10.00000000,15.00000000,14.93835826,5.59105584,0.32058145,1,0.06164174
0.05096000,10.00000000,15.00000000,14.89747667,5.53684774,0.32061392,1,0.10252333
0.05098000,10.00000000,15.00000000,14.85645414,5.49396428,0.32065536,1,0.14354586
0.05100000,10.00000000,15.00000000,14.81537650,5.46248423,0.32070583,1,0.18462350
0.05102000,10.00000000,15.00000000,14.77432960,5.44246299,0.32076517,1,0.22567040
0.05104000,10.00000000,15.00000000,14.73339914,5.43393126,0.32083345,1,0.26660086
0.05106000,10.00000000,15.00000000,14.69267045,5.43689648,0.32092071,1,0.30732955
0.05108000,10.00000000,15.00000000,14.65222797,5.45140147,0.32122877,1,0.34777203
0.05110000,10.00000000,15.00000000,14.61214808,5.47864788,0.32154492,1,0.38785192
0.05112000,10.00000000,15.00000000,14.57252366,5.51856190,0.32186945,1,0.42747634
0.05114000,10.00000000,15.00000000,14.53344627,5.57104627,0.32220185,1,0.46655373
0.05116000,10.00000000,15.00000000,14.49500602,5.63597591,0.32254161,1,0.50499398
0.05118000,10.00000000,15.00000000,14.45729133,5.71319841,0.32288818,1,0.54270867
0.05120000,10.00000000,15.00000000,14.42038880,5.80253451,0.32324103,1,0.57961120
0.05122000,10.00000000,15.00000000,14.38438295,5.90377865,0.32359959,1,0.61561705
0.05124000,10.00000000,15.00000000,14.34935610,6.01669958,0.32395927,1,0.65064390
0.05126000,10.00000000,15.00000000,14.31538831,6.14101790,0.32432328,1,0.68461169
0.05128000,10.00000000,15.00000000,14.28255678,6.27645176,0.32469177,1,0.71744322
0.05130000,10.00000000,15.00000000,14.25093589,6.42269991,0.32506381,1,0.74906411
0.05132000,10.00000000,15.00000000,14.22059720,6.57943652,0.32543879,1,0.77940280
0.05134000,10.00000000,15.00000000,14.19160925,6.74631379,0.32581609,1,0.80839075
0.05136000,10.00000000,15.00000000,14.16403743,6.92296278,0.32619506,1,0.83596257
0.05138000,10.00000000,15.00000000,14.13794381,7.10899436,0.32657507,1,0.86205619
0.05140000,10.00000000,15.00000000,14.11338712,7.30400006,0.32695547,1,0.88661288
0.05142000,10.00000000,15.00000000,14.09042253,7.50755311,0.32733561,1,0.90957747
0.05144000,10.00000000,15.00000000,14.06910163,7.71920938,0.32771326,1,0.93089837
0.05146000,10.00000000,15.00000000,14.04947239,7.93849964,0.32808796,1,0.95052761
0.05148000,10.00000000,15.00000000,14.03157895,8.16494043,0.32846064,1,0.96842105
0.05150000,10.00000000,15.00000000,14.01546141,8.39804305,0.32883063,1,0.98453859
0.05152000,10.00000000,15.00000000,14.00115597,8.63730563,0.32919725,1,0.99884403
0.05154000,10.00000000,15.00000000,13.98869486,8.88221423,0.32955986,1,1.01130514
0.05156000,10.00000000,15.00000000,13.97810630,9.13224394,0.32991777,1,1.02189370
0.05158000,10.00000000,15.00000000,13.96941443,9.38685994,0.33027032,1,1.03058557
0.05160000,10.00000000,15.00000000,13.96263934,9.64551866,0.33061685,1,1.03736066
0.05162000,10.00000000,15.00000000,13.95779698,9.90766885,0.33095670,1,1.04220302
0.05164000,10.00000000,15.00000000,13.95489922,10.17275268,0.33128922,1,1.04510078
0.05166000,10.00000000,15.00000000,13.95395377,10.44020691,0.33161376,1,1.04604623
0.05168000,10.00000000,15.00000000,13.95496425,10.70946396,0.33188623,1,1.04503575
0.05170000,10.00000000,15.00000000,13.95793447,10.97970987,0.33210874,1,1.04206553
0.05172000,10.00000000,15.00000000,13.96286246,11.25014268,0.33232156,1,1.03713754
0.05174000,10.00000000,15.00000000,13.96973650,11.52018761,0.33252450,1,1.03026350
0.05176000,10.00000000,15.00000000,13.97854082,11.78927286,0.33271714,1,1.02145918
0.05178000,10.00000000,15.00000000,13.98925569,12.05682943,0.33289909,1,1.01074431
0.05180000,10.00000000,15.00000000,14.00185741,12.32229220,0.33306995,1,0.99814259
0.05182000,10.00000000,15.00000000,14.01631844,12.58510102,0.33322936,1,0.98368156
0.05184000,10.00000000,15.00000000,14.03260743,12.84470173,0.33337699,1,0.96739257
0.05186000,10.00000000,15.00000000,14.05068930,13.10054722,0.33351249,1,0.94931070
0.05188000,10.00000000,15.00000000,14.07052532,13.35209849,0.33363557,1,0.92947468
0.05190000,10.00000000,15.00000000,14.09207320,13.59882562,0.33374434,1,0.90792680
0.05192000,10.00000000,15.00000000,14.11528737,13.84019968,0.33383839,1,0.88471263
0.05194000,10.00000000,15.00000000,14.14011885,14.07570195,0.33391904,1,0.85988115
0.05196000,10.00000000,15.00000000,14.16651512,14.30483432,0.33398608,1,0.83348488
0.05198000,10.00000000,15.00000000,14.19442044,14.52711183,0.33403936,1,0.80557956
0.05200000,10.00000000,15.00000000,14.22377604,14.74206345,0.33407873,1,0.77622396
0.05202000,10.00000000,15.00000000,14.25452015,14.94923305,0.33410408,1,0.74547985
0.05204000,10.00000000,15.00000000,14.28658818,15.14818025,0.33411533,1,0.71341182
0.05206000,10.00000000,15.00000000,14.31991283,15.33848127,0.33411242,1,0.68008717
0.05208000,10.00000000,15.00000000,14.35442420,15.51972983,0.33409569,1,0.64557580
0.05210000,10.00000000,15.00000000,14.39004989,15.69153982,0.33406322,1,0.60995011
0.05212000,10.00000000,15.00000000,14.42671549,15.85353314,0.33401313,1,0.57328451
0.05214000,10.00000000,15.00000000,14.46434466,16.00534007,0.33394873,1,0.53565534
0.05216000,10.00000000,15.00000000,14.50285837,16.14663006,0.33387018,1,0.49714163
0.05218000,10.00000000,15.00000000,14.54217569,16.27709398,0.33377761,1,0.45782431
0.05220000,10.00000000,15.00000000,14.58221395,16.39644457,0.33367121,1,0.41778605
0.05222000,10.00000000,15.00000000,14.62288890,16.50441716,0.33355120,1,0.37711110
0.05224000,10.00000000,15.00000000,14.66411486,16.60077022,0.33341783,1,0.33588514
0.05226000,10.00000000,15.00000000,14.70580485,16.68528599,0.33326882,1,0.29419515
0.05228000,10.00000000,15.00000000,14.74787126,16.75775590,0.33310425,1,0.25212874
0.05230000,10.00000000,15.00000000,14.79022542,16.81799437,0.33292693,1,0.20977458
0.05232000,10.00000000,15.00000000,14.83277742,16.86585549,0.33273726,1,0.16722258
0.05234000,10.00000000,15.00000000,14.87543671,16.90121918,0.33253569,1,0.12456329
0.05236000,10.00000000,15.00000000,14.91811231,16.92399153,0.33232268,1,0.08188769
0.05238000,10.00000000,15.00000000,14.96071299,16.93410511,0.33209873,1,0.03928701
0.05240000,10.00000000,15.00000000,15.00314746,16.93151935,0.33188282,1,-0.00314746
0.05242000,10.00000000,15.00000000,15.04532147,16.91633194,0.33188678,1,-0.04532147
0.05244000,10.00000000,15.00000000,15.08710712,16.88994763,0.33188293,1,-0.08710712
0.05246000,10.00000000,15.00000000,15.12842535,16.85243373,0.33186948,1,-0.12842535
0.05248000,10.00000000,15.00000000,15.16919843,16.80386723,0.33184666,1,-0.16919843
0.05250000,10.00000000,15.00000000,15.20934963,16.74434673,0.33181516,1,-0.20934963
0.05252000,10.00000000,15.00000000,15.24880333,16.67399503,0.33177445,1,-0.24880333
0.05254000,10.00000000,15.00000000,15.28748534,16.59295118,0.33172465,1,-0.28748534
0.05256000,10.00000000,15.00000000,15.32532295,16.50137432,0.33144638,1,-0.32532295
0.05258000,10.00000000,15.00000000,15.36228003,16.39809105,0.33115157,1,-0.36228003
0.05260000,10.00000000,15.00000000,15.39827760,16.28323744,0.33085161,1,-0.39827760
0.05262000,10.00000000,15.00000000,15.43323622,16.15704062,0.33054712,1,-0.43323622
0.05264000,10.00000000,15.00000000,15.46707844,16.01975274,0.33023870,1,-0.46707844
0.05266000,10.00000000,15.00000000,15.49972896,15.87165026,0.32992694,1,-0.49972896
0.05268000,10.00000000,15.00000000,15.53111479,15.71303354,0.32961246,1,-0.53111479
0.05270000,10.00000000,15.00000000,15.56116545,15.54422628,0.32929588,1,-0.56116545
0.05272000,10.00000000,15.00000000,15.58981310,15.36557504,0.32897783,1,-0.58981310
0.05274000,10.00000000,15.00000000,15.61699271,15.17744859,0.32865899,1,-0.61699271
0.05276000,10.00000000,15.00000000,15.64264221,14.98023753,0.32834370,1,-0.64264221
0.05278000,10.00000000,15.00000000,15.66670213,14.77437646,0.32802867,1,-0.66670213
0.05280000,10.00000000,15.00000000,15.68911702,14.56029559,0.32771458,1,-0.68911702
0.05282000,10.00000000,15.00000000,15.70983481,14.33844439,0.32740210,1,-0.70983481
0.05284000,10.00000000,15.00000000,15.72880696,14.10929077,0.32709191,1,-0.72880696
0.05286000,10.00000000,15.00000000,15.74598858,13.87332016,0.32678469,1,-0.74598858
0.05288000,10.00000000,15.00000000,15.76133855,13.63103459,0.32648113,1,-0.76133855
0.05290000,10.00000000,15.00000000,15.77481964,13.38295173,0.32618193,1,-0.77481964
0.05292000,10.00000000,15.00000000,15.78639863,13.12960386,0.32588778,1,-0.78639863
0.05294000,10.00000000,15.00000000,15.79604635,12.87153679,0.32559937,1,-0.79604635
0.05296000,10.00000000,15.00000000,15.80373787,12.60930877,0.32531740,1,-0.80373787
0.05298000,10.00000000,15.00000000,15.80945247,12.34348933,0.32504256,1,-0.80945247
0.05300000,10.00000000,15.00000000,15.81317380,12.07465812,0.32477554,1,-0.81317380
0.05302000,10.00000000,15.00000000,15.81488992,11.80340366,0.32451703,1,-0.81488992
0.05304000,10.00000000,15.00000000,15.81459333,11.53032207,0.32428072,1,-0.81459333
0.05306000,10.00000000,15.00000000,15.81227970,11.25609841,0.32412971,1,-0.81227970
0.05308000,10.00000000,15.00000000,15.80794378,10.98181864,0.32398927,1,-0.80794378
0.05310000,10.00000000,15.00000000,15.80159646,10.70809545,0.32385934,1,-0.80159646
0.05312000,10.00000000,15.00000000,15.79325326,10.43553786,0.32374034,1,-0.79325326
0.05314000,10.00000000,15.00000000,15.78293422,10.16475290,0.32363264,1,-0.78293422
0.05316000,10.00000000,15.00000000,15.77066386,9.89634421,0.32353663,1,-0.77066386
0.05318000,10.00000000,15.00000000,15.75647115,9.63091061,0.32345266,1,-0.75647115
0.05320000,10.00000000,15.00000000,15.74038944,9.36904478,0.32338106,1,-0.74038944
0.05322000,10.00000000,15.00000000,15.72245638,9.11133185,0.32332214,1,-0.72245638
0.05324000,10.00000000,15.00000000,15.70271387,8.85834803,0.32327618,1,-0.70271387
0.05326000,10.00000000,15.00000000,15.68120793,8.61065924,0.32324345,1,-0.68120793
0.05328000,10.00000000,15.00000000,15.65798863,8.36881980,0.32322417,1,-0.65798863
0.05330000,10.00000000,15.00000000,15.63310996,8.13337111,0.32321854,1,-0.63310996
0.05332000,10.00000000,15.00000000,15.60662971,7.90484035,0.32322808,1,-0.60662971
0.05334000,10.00000000,15.00000000,15.57860925,7.68374755,0.32325426,1,-0.57860925
0.05336000,10.00000000,15.00000000,15.54911348,7.47060435,0.32329473,1,-0.54911348
0.05338000,10.00000000,15.00000000,15.51821095,7.26588906,0.32334954,1,-0.51821095
0.05340000,10.00000000,15.00000000,15.48597341,7.07006079,0.32341874,1,-0.48597341
0.05342000,10.00000000,15.00000000,15.45247568,6.88355841,0.32350233,1,-0.45247568
0.05344000,10.00000000,15.00000000,15.41779545,6.70679950,0.32360027,1,-0.41779545
0.05346000,10.00000000,15.00000000,15.38201305,6.54017935,0.32371251,1,-0.38201305
0.05348000,10.00000000,15.00000000,15.34521135,6.38406999,0.32383892,1,-0.34521135
0.05350000,10.00000000,15.00000000,15.30747546,6.23881938,0.32397996,1,-0.30747546
0.05352000,10.00000000,15.00000000,15.26889256,6.10475401,0.32413980,1,-0.26889256
0.05354000,10.00000000,15.00000000,15.22955152,5.98220131,0.32431360,1,-0.22955152
0.05356000,10.00000000,15.00000000,15.18954332,5.87143386,0.32450109,1,-0.18954332
0.05358000,10.00000000,15.00000000,15.14896037,5.77269702,0.32470199,1,-0.14896037
0.05360000,10.00000000,15.00000000,15.10789629,5.68620854,0.32491546,1,-0.10789629
0.05362000,10.00000000,15.00000000,15.06644569,5.61215488,0.32514151,1,-0.06644569
0.05364000,10.00000000,15.00000000,15.02470394,5.55069616,0.32537999,1,-0.02470394
0.05366000,10.00000000,15.00000000,14.98276687,5.50196514,0.32552948,1,0.01723313
0.05368000,10.00000000,15.00000000,14.94073452,5.46546031,0.32554350,1,0.05926548
0.05370000,10.00000000,15.00000000,14.89870410,5.44038068,0.32556641,1,0.10129590
0.05372000,10.00000000,15.00000000,14.85676064,5.42676665,0.32559871,1,0.14323936
0.05374000,10.00000000,15.00000000,14.81498885,5.42463827,0.32564041,1,0.18501115
0.05376000,10.00000000,15.00000000,14.77347306,5.43399243,0.32569151,1,0.22652694
0.05378000,10.00000000,15.00000000,14.73229698,5.45480282,0.32575165,1,0.26770302
0.05380000,10.00000000,15.00000000,14.69154358,5.48701813,0.32583571,1,0.30845642
0.05382000,10.00000000,15.00000000,14.65129429,5.53065179,0.32614318,1,0.34870571
0.05384000,10.00000000,15.00000000,14.61162211,5.58686303,0.32645778,1,0.38837789
0.05386000,10.00000000,15.00000000,14.57261644,5.65551606,0.32677963,1,0.42738356
0.05388000,10.00000000,15.00000000,14.53436492,5.73645185,0.32710818,1,0.46563508
0.05390000,10.00000000,15.00000000,14.49695332,5.82948480,0.32744289,1,0.50304668
0.05392000,10.00000000,15.00000000,14.46046531,5.93440338,0.32778320,1,0.53953469
0.05394000,10.00000000,15.00000000,14.42498235,6.05097068,0.32812854,1,0.57501765
0.05396000,10.00000000,15.00000000,14.39058343,6.17892511,0.32847833,1,0.60941657
0.05398000,10.00000000,15.00000000,14.35734500,6.31798106,0.32882888,1,0.64265500
0.05400000,10.00000000,15.00000000,14.32534088,6.46781195,0.32918120,1,0.67465912
0.05402000,10.00000000,15.00000000,14.29464183,6.62807796,0.32953684,1,0.70535817
0.05404000,10.00000000,15.00000000,14.26531539,6.79843010,0.32989491,1,0.73468461
0.05406000,10.00000000,15.00000000,14.23742599,6.97849711,0.33025456,1,0.76257401
0.05408000,10.00000000,15.00000000,14.21103480,7.16788648,0.33061514,1,0.78896520
0.05410000,10.00000000,15.00000000,14.18619960,7.36618670,0.33097599,1,0.81380040
0.05412000,10.00000000,15.00000000,14.16297467,7.57296822,0.33133647,1,0.83702533
0.05414000,10.00000000,15.00000000,14.14141069,7.78778439,0.33169590,1,0.85858931
0.05416000,10.00000000,15.00000000,14.12155464,8.01017253,0.33205363,1,0.87844536
0.05418000,10.00000000,15.00000000,14.10344977,8.23965485,0.33240899,1,0.89655023
0.05420000,10.00000000,15.00000000,14.08713545,8.47573960,0.33276131,1,0.91286455
0.05422000,10.00000000,15.00000000,14.07264718,8.71792201,0.33310796,1,0.92735282
0.05424000,10.00000000,15.00000000,14.06001664,8.96567444,0.33345019,1,0.93998336
0.05426000,10.00000000,15.00000000,14.04927129,9.21846923,0.33378761,1,0.95072871
0.05428000,10.00000000,15.00000000,14.04043452,9.47577060,0.33411957,1,0.95956548
0.05430000,10.00000000,15.00000000,14.03352569,9.73703419,0.33444539,1,0.96647431
0.05432000,10.00000000,15.00000000,14.02856007,10.00170812,0.33476443,1,0.97143993
0.05434000,10.00000000,15.00000000,14.02554881,10.26923408,0.33507602,1,0.97445119
0.05436000,10.00000000,15.00000000,14.02449902,10.53904847,0.33537952,1,0.97550098
0.05438000,10.00000000,15.00000000,14.02541369,10.81058346,0.33563492,1,0.97458631
0.05440000,10.00000000,15.00000000,14.02829569,11.08304666,0.33583575,1,0.97170431
0.05442000,10.00000000,15.00000000,14.03314314,11.35560970,0.33602680,1,0.96685686
0.05444000,10.00000000,15.00000000,14.03994381,11.62769780,0.33620789,1,0.96005619
0.05446000,10.00000000,15.00000000,14.04868142,11.89873937,0.33637860,1,0.95131858
0.05448000,10.00000000,15.00000000,14.05933575,12.16816568,0.33653855,1,0.94066425
0.05450000,10.00000000,15.00000000,14.07188265,12.43541190,0.33668734,1,0.92811735
0.05452000,10.00000000,15.00000000,14.08629416,12.69991821,0.33682462,1,0.91370584
0.05454000,10.00000000,15.00000000,14.10253854,12.96113080,0.33694766,1,0.89746146
0.05456000,10.00000000,15.00000000,14.12058064,13.21848944,0.33705819,1,0.87941936
0.05458000,10.00000000,15.00000000,14.14038133,13.47145352,0.33715600,1,0.85961867
0.05460000,10.00000000,15.00000000,14.16189793,13.71949204,0.33724082,1,0.83810207
0.05462000,10.00000000,15.00000000,14.18508429,13.96208411,0.33731240,1,0.81491571
0.05464000,10.00000000,15.00000000,14.20989089,14.19871994,0.33737051,1,0.79010911
0.05466000,10.00000000,15.00000000,14.23626494,14.42890180,0.33741497,1,0.76373506
0.05468000,10.00000000,15.00000000,14.26415049,14.65214492,0.33744559,1,0.73584951
0.05470000,10.00000000,15.00000000,14.29348852,14.86797849,0.33746225,1,0.70651148
0.05472000,10.00000000,15.00000000,14.32421708,15.07594646,0.33746514,1,0.67578292
0.05474000,10.00000000,15.00000000,14.35627133,15.27561033,0.33745398,1,0.64372867
0.05476000,10.00000000,15.00000000,14.38958379,15.46654688,0.33742714,1,0.61041621
0.05478000,10.00000000,15.00000000,14.42408463,15.64834129,0.33738259,1,0.57591537
0.05480000,10.00000000,15.00000000,14.45970183,15.82058496,0.33732356,1,0.54029817
0.05482000,10.00000000,15.00000000,14.49636044,15.98290680,0.33725012,1,0.50363956
0.05484000,10.00000000,15.00000000,14.53398330,16.13495557,0.33716236,1,0.46601670
0.05486000,10.00000000,15.00000000,14.57249122,16.27640047,0.33706038,1,0.42750878
0.05488000,10.00000000,15.00000000,14.61180313,16.40693190,0.33694434,1,0.38819687
0.05490000,10.00000000,15.00000000,14.65183618,16.52626207,0.33681442,1,0.34816382
0.05492000,10.00000000,15.00000000,14.69250595,16.63412571,0.33667011,1,0.30749405
0.05494000,10.00000000,15.00000000,14.73372672,16.73027636,0.33650728,1,0.26627328
0.05496000,10.00000000,15.00000000,14.77541215,16.81446520,0.33633150,1,0.22458785
0.05498000,10.00000000,15.00000000,14.81747373,16.88649857,0.33614286,1,0.18252627
0.05500000,10.00000000,15.00000000,14.85982204,16.94620616,0.33594144,1,0.14017796
0.05502000,10.00000000,15.00000000,14.90236693,16.99344135,0.33572764,1,0.09763307
0.05504000,10.00000000,15.00000000,14.94501761,17.02808324,0.33550190,1,0.05498239
0.05506000,10.00000000,15.00000000,14.98768286,17.05003705,0.33526469,1,0.01231714
0.05508000,10.00000000,15.00000000,15.03027119,17.05923452,0.33519423,1,-0.03027119
0.05510000,10.00000000,15.00000000,15.07266140,17.05670825,0.33518762,1,-0.07266140
0.05512000,10.00000000,15.00000000,15.11475778,17.04290680,0.33517188,1,-0.11475778
0.05514000,10.00000000,15.00000000,15.15648074,17.01786347,0.33514648,1,-0.15648074
0.05516000,10.00000000,15.00000000,15.19775152,16.98162882,0.33511145,1,-0.19775152
0.05518000,10.00000000,15.00000000,15.23849222,16.93427408,0.33506752,1,-0.23849222
0.05520000,10.00000000,15.00000000,15.27862583,16.87589497,0.33501444,1,-0.27862583
0.05522000,10.00000000,15.00000000,15.31807654,16.80660569,0.33483463,1,-0.31807654
0.05524000,10.00000000,15.00000000,15.35678902,16.72581603,0.33453284,1,-0.35678902
0.05526000,10.00000000,15.00000000,15.39470279,16.63297458,0.33422477,1,-0.39470279
0.05528000,10.00000000,15.00000000,15.43173457,16.52825717,0.33391094,1,-0.43173457
0.05530000,10.00000000,15.00000000,15.46780270,16.41186484,0.33359190,1,-0.46780270
0.05532000,10.00000000,15.00000000,15.50282732,16.28402376,0.33326824,1,-0.50282732
0.05534000,10.00000000,15.00000000,15.53673051,16.14498486,0.33294054,1,-0.53673051
0.05536000,10.00000000,15.00000000,15.56943649,15.99502349,0.33260940,1,-0.56943649
0.05538000,10.00000000,15.00000000,15.60087176,15.83443897,0.33227544,1,-0.60087176
0.05540000,10.00000000,15.00000000,15.63096532,15.66355409,0.33194102,1,-0.63096532
0.05542000,10.00000000,15.00000000,15.65964850,15.48272552,0.33160744,1,-0.65964850
0.05544000,10.00000000,15.00000000,15.68685545,15.29233666,0.33127274,1,-0.68685545
0.05546000,10.00000000,15.00000000,15.71252375,15.09277630,0.33093758,1,-0.71252375
0.05548000,10.00000000,15.00000000,15.73659407,14.88445418,0.33060260,1,-0.73659407
0.05550000,10.00000000,15.00000000,15.75901032,14.66780029,0.33026809,1,-0.75901032
0.05552000,10.00000000,15.00000000,15.77971983,14.44326164,0.32993516,1,-0.77971983
0.05554000,10.00000000,15.00000000,15.79867337,14.21130652,0.32960451,1,-0.79867337
0.05556000,10.00000000,15.00000000,15.81582532,13.97242115,0.32927684,1,-0.81582532
0.05558000,10.00000000,15.00000000,15.83113386,13.72710868,0.32895285,1,-0.83113386
0.05560000,10.00000000,15.00000000,15.84456101,13.47588820,0.32863326,1,-0.84456101
0.05562000,10.00000000,15.00000000,15.85607279,13.21929369,0.32831875,1,-0.85607279
0.05564000,10.00000000,15.00000000,15.86563933,12.95787299,0.32801005,1,-0.86563933
0.05566000,10.00000000,15.00000000,15.87323491,12.69218671,0.32770785,1,-0.87323491
0.05568000,10.00000000,15.00000000,15.87883811,12.42280703,0.32741285,1,-0.87883811
0.05570000,10.00000000,15.00000000,15.88243183,12.15031655,0.32712576,1,-0.88243183
0.05572000,10.00000000,15.00000000,15.88400339,11.87530705,0.32684702,1,-0.88400339
0.05574000,10.00000000,15.00000000,15.88354461,11.59837673,0.32659735,1,-0.88354461
0.05576000,10.00000000,15.00000000,15.88104975,11.32025793,0.32642670,1,-0.88104975
0.05578000,10.00000000,15.00000000,15.87651381,11.04200238,0.32626637,1,-0.87651381
0.05580000,10.00000000,15.00000000,15.86994708,10.76422487,0.32611663,1,-0.86994708
0.05582000,10.00000000,15.00000000,15.86136445,10.48753880,0.32597799,1,-0.86136445
0.05584000,10.00000000,15.00000000,15.85078532,10.21255649,0.32585086,1,-0.85078532
0.05586000,10.00000000,15.00000000,15.83823365,9.93988716,0.32573560,1,-0.83823365
0.05588000,10.00000000,15.00000000,15.82373784,9.67013552,0.32563258,1,-0.82373784
0.05590000,10.00000000,15.00000000,15.80733071,9.40390033,0.32554214,1,-0.80733071
0.05592000,10.00000000,15.00000000,15.78904947,9.14177304,0.32546458,1,-0.78904947
0.05594000,10.00000000,15.00000000,15.76893555,8.88433642,0.32540019,1,-0.76893555
0.05596000,10.00000000,15.00000000,15.74703461,8.63216314,0.32534908,1,-0.74703461
0.05598000,10.00000000,15.00000000,15.72339638,8.38581352,0.32531148,1,-0.72339638
0.05600000,10.00000000,15.00000000,15.69807455,8.14583511,0.32528774,1,-0.69807455
0.05602000,10.00000000,15.00000000,15.67112667,7.91276225,0.32527804,1,-0.67112667
0.05604000,10.00000000,15.00000000,15.64261398,7.68711407,0.32528253,1,-0.64261398
0.05606000,10.00000000,15.00000000,15.61260131,7.46939316,0.32530216,1,-0.61260131
0.05608000,10.00000000,15.00000000,15.58115687,7.26008955,0.32533982,1,-0.58115687
0.05610000,10.00000000,15.00000000,15.54835202,7.05969185,0.32539214,1,-0.54835202
0.05612000,10.00000000,15.00000000,15.51426159,6.86864723,0.32545912,1,-0.51426159
0.05614000,10.00000000,15.00000000,15.47896335,6.68738162,0.32554073,1,-0.47896335
0.05616000,10.00000000,15.00000000,15.44253779,6.51629874,0.32563693,1,-0.44253779
0.05618000,10.00000000,15.00000000,15.40506797,6.35577916,0.32574762,1,-0.40506797
0.05620000,10.00000000,15.00000000,15.36663928,6.20617937,0.32587266,1,-0.36663928
0.05622000,10.00000000,15.00000000,15.32733927,6.06783099,0.32601191,1,-0.32733927
0.05624000,10.00000000,15.00000000,15.28725740,5.94103994,0.32616867,1,-0.28725740
0.05626000,10.00000000,15.00000000,15.24648471,5.82610728,0.32634155,1,-0.24648471
0.05628000,10.00000000,15.00000000,15.20511393,5.72329980,0.32652794,1,-0.20511393
0.05630000,10.00000000,15.00000000,15.16323929,5.63284232,0.32672724,1,-0.16323929
0.05632000,10.00000000,15.00000000,15.12095606,5.55492974,0.32693973,1,-0.12095606
0.05634000,10.00000000,15.00000000,15.07836027,5.48973209,0.32716503,1,-0.07836027
0.05636000,10.00000000,15.00000000,15.03554855,5.43739043,0.32740271,1,-0.03554855
0.05638000,10.00000000,15.00000000,14.99261790,5.39801652,0.32760909,1,0.00738210
0.05640000,10.00000000,15.00000000,14.94966705,5.37143337,0.32761721,1,0.05033295
0.05642000,10.00000000,15.00000000,14.90679885,5.35644142,0.32763429,1,0.09320115
0.05644000,10.00000000,15.00000000,14.86409876,5.35306004,0.32766102,1,0.13590124
0.05646000,10.00000000,15.00000000,14.82165179,5.36128924,0.32769738,1,0.17834821
0.05648000,10.00000000,15.00000000,14.77954238,5.38110572,0.32774336,1,0.22045762
0.05650000,10.00000000,15.00000000,14.73785423,5.41246295,0.32779890,1,0.26214577
0.05652000,10.00000000,15.00000000,14.69667012,5.45529130,0.32786339,1,0.30332988
0.05654000,10.00000000,15.00000000,14.65607174,5.50949495,0.32814257,1,0.34392826
0.05656000,10.00000000,15.00000000,14.61613140,5.57616163,0.32845739,1,0.38386860
0.05658000,10.00000000,15.00000000,14.57693563,5.65530201,0.32877912,1,0.42306437
0.05660000,10.00000000,15.00000000,14.53857149,5.74673475,0.32910721,1,0.46142851
0.05662000,10.00000000,15.00000000,14.50112396,5.85025219,0.32944111,1,0.49887604
0.05664000,10.00000000,15.00000000,14.46467582,5.96562101,0.32978024,1,0.53532418
0.05666000,10.00000000,15.00000000,14.42930744,6.09258279,0.33012401,1,0.57069256
0.05668000,10.00000000,15.00000000,14.39509661,6.23085479,0.33047184,1,0.60490339
0.05670000,10.00000000,15.00000000,14.36211842,6.38013061,0.33082068,1,0.63788158
0.05672000,10.00000000,15.00000000,14.33044517,6.54006701,0.33117026,1,0.66955483
0.05674000,10.00000000,15.00000000,14.30014606,6.71030076,0.33152245,1,0.69985394
0.05676000,10.00000000,15.00000000,14.27128691,6.89046183,0.33187689,1,0.72871309
0.05678000,10.00000000,15.00000000,14.24393027,7.08016146,0.33223246,1,0.75606973
0.05680000,10.00000000,15.00000000,14.21813532,7.27898875,0.33258849,1,0.78186468
0.05682000,10.00000000,15.00000000,14.19395777,7.48651439,0.33294434,1,0.80604223
0.05684000,10.00000000,15.00000000,14.17144973,7.70229161,0.33329933,1,0.82855027
0.05686000,10.00000000,15.00000000,14.15065958,7.92585714,0.33365280,1,0.84934042
0.05688000,10.00000000,15.00000000,14.13163198,8.15673230,0.33400407,1,0.86836802
0.05690000,10.00000000,15.00000000,14.11440769,8.39442399,0.33435247,1,0.88559231
0.05692000,10.00000000,15.00000000,14.09902359,8.63842573,0.33469731,1,0.90097641
0.05694000,10.00000000,15.00000000,14.08551257,8.88821878,0.33503762,1,0.91448743
0.05696000,10.00000000,15.00000000,14.07390354,9.14327148,0.33537146,1,0.92609646
0.05698000,10.00000000,15.00000000,14.06422144,9.40303500,0.33569999,1,0.93577856
0.05700000,10.00000000,15.00000000,14.05648690,9.66696169,0.33602251,1,0.94351310
0.05702000,10.00000000,15.00000000,14.05071647,9.93449601,0.33633837,1,0.94928353
0.05704000,10.00000000,15.00000000,14.04692257,10.20507562,0.33664690,1,0.95307743
0.05706000,10.00000000,15.00000000,14.04511350,10.47813252,0.33694746,1,0.95488650
0.05708000,10.00000000,15.00000000,14.04529344,10.75309412,0.33723163,1,0.95470656
0.05710000,10.00000000,15.00000000,14.04746323,11.02934068,0.33742867,1,0.95253677
0.05712000,10.00000000,15.00000000,14.05162659,11.30585484,0.33761577,1,0.94837341
0.05714000,10.00000000,15.00000000,14.05777235,11.58205444,0.33779293,1,0.94222765
0.05716000,10.00000000,15.00000000,14.06588524,11.85736120,0.33795974,1,0.93411476
0.05718000,10.00000000,15.00000000,14.07594599,12.13119938,0.33811579,1,0.92405401
0.05720000,10.00000000,15.00000000,14.08793138,12.40299685,0.33826067,1,0.91206862
0.05722000,10.00000000,15.00000000,14.10181429,12.67218614,0.33839204,1,0.89818571
0.05724000,10.00000000,15.00000000,14.11756406,12.93819424,0.33851110,1,0.88243594
0.05726000,10.00000000,15.00000000,14.13514596,13.20046375,0.33861769,1,0.86485404
0.05728000,10.00000000,15.00000000,14.15452158,13.45844602,0.33871150,1,0.84547842
0.05730000,10.00000000,15.00000000,14.17564889,13.71160125,0.33879225,1,0.82435111
0.05732000,10.00000000,15.00000000,14.19848234,13.95939950,0.33885968,1,0.80151766
0.05734000,10.00000000,15.00000000,14.22297295,14.20132167,0.33891355,1,0.77702705
0.05736000,10.00000000,15.00000000,14.24906843,14.43686046,0.33895366,1,0.75093157
0.05738000,10.00000000,15.00000000,14.27671323,14.66552135,0.33897981,1,0.72328677
0.05740000,10.00000000,15.00000000,14.30584871,14.88682349,0.33899204,1,0.69415129
0.05742000,10.00000000,15.00000000,14.33641318,15.10030167,0.33899028,1,0.66358682
0.05744000,10.00000000,15.00000000,14.36834206,15.30550653,0.33897416,1,0.63165794
0.05746000,10.00000000,15.00000000,14.40156804,15.50200347,0.33894058,1,0.59843196
0.05748000,10.00000000,15.00000000,14.43602166,15.68935750,0.33889070,1,0.56397834
0.05750000,10.00000000,15.00000000,14.47163060,15.86715838,0.33882616,1,0.52836940
0.05752000,10.00000000,15.00000000,14.50831987,16.03502406,0.33874701,1,0.49168013
0.05754000,10.00000000,15.00000000,14.54601219,16.19259216,0.33865330,1,0.45398781
0.05756000,10.00000000,15.00000000,14.58462821,16.33952064,0.33854514,1,0.41537179
0.05758000,10.00000000,15.00000000,14.62408658,16.47548857,0.33842267,1,0.37591342
0.05760000,10.00000000,15.00000000,14.66430413,16.60019679,0.33828606,1,0.33569587
0.05762000,10.00000000,15.00000000,14.70519604,16.71336858,0.33813302,1,0.29480396
0.05764000,10.00000000,15.00000000,14.74667639,16.81473556,0.33796293,1,0.25332361
0.05766000,10.00000000,15.00000000,14.78865794,16.90404766,0.33777983,1,0.21134206
0.05768000,10.00000000,15.00000000,14.83105150,16.98110117,0.33758329,1,0.16894850
0.05770000,10.00000000,15.00000000,14.87376701,17.04571281,0.33737366,1,0.12623299
0.05772000,10.00000000,15.00000000,14.91671350,17.09772458,0.33715132,1,0.08328650
0.05774000,10.00000000,15.00000000,14.95979936,17.13700429,0.33691672,1,0.04020064
0.05776000,10.00000000,15.00000000,15.00293241,17.16344599,0.33668748,1,-0.00293241
0.05778000,10.00000000,15.00000000,15.04601727,17.17707400,0.33668334,1,-0.04601727
0.05780000,10.00000000,15.00000000,15.08892229,17.17926761,0.33667130,1,-0.08892229
0.05782000,10.00000000,15.00000000,15.13156596,17.17003740,0.33664943,1,-0.13156596
0.05784000,10.00000000,15.00000000,15.17386770,17.14940349,0.33661775,1,-0.17386770
0.05786000,10.00000000,15.00000000,15.21574756,17.11740688,0.33657633,1,-0.21574756
0.05788000,10.00000000,15.00000000,15.25712641,17.07410954,0.33652527,1,-0.25712641
0.05790000,10.00000000,15.00000000,15.29792602,17.01959460,0.33646546,1,-0.29792602
0.05792000,10.00000000,15.00000000,15.33806911,16.95397078,0.33620280,1,-0.33806911
0.05794000,10.00000000,15.00000000,15.37751163,16.87616996,0.33589202,1,-0.37751163
0.05796000,10.00000000,15.00000000,15.41617603,16.78608378,0.33557464,1,-0.41617603
0.05798000,10.00000000,15.00000000,15.45397740,16.68387983,0.33525117,1,-0.45397740
0.05800000,10.00000000,15.00000000,15.49083244,16.56975142,0.33492221,1,-0.49083244
0.05802000,10.00000000,15.00000000,15.52665952,16.44391737,0.33458830,1,-0.52665952
0.05804000,10.00000000,15.00000000,15.56137894,16.30662170,0.33425006,1,-0.56137894
0.05806000,10.00000000,15.00000000,15.59491309,16.15813327,0.33390807,1,-0.59491309
0.05808000,10.00000000,15.00000000,15.62718658,15.99874537,0.33356396,1,-0.62718658
0.05810000,10.00000000,15.00000000,15.65812631,15.82878160,0.33322079,1,-0.65812631
0.05812000,10.00000000,15.00000000,15.68766144,15.64860440,0.33287556,1,-0.68766144
0.05814000,10.00000000,15.00000000,15.71572460,15.45857638,0.33252870,1,-0.71572460
0.05816000,10.00000000,15.00000000,15.74225137,15.25908095,0.33218071,1,-0.74225137
0.05818000,10.00000000,15.00000000,15.76718039,15.05052215,0.33183266,1,-0.76718039
0.05820000,10.00000000,15.00000000,15.79045340,14.83332733,0.33148524,1,-0.79045340
0.05822000,10.00000000,15.00000000,15.81201553,14.60794397,0.33113914,1,-0.81201553
0.05824000,10.00000000,15.00000000,15.83181537,14.37483888,0.33079505,1,-0.83181537
0.05826000,10.00000000,15.00000000,15.84980514,14.13449734,0.33045369,1,-0.84980514
0.05828000,10.00000000,15.00000000,15.86594081,13.88742217,0.33011576,1,-0.86594081
0.05830000,10.00000000,15.00000000,15.88018224,13.63413278,0.32978197,1,-0.88018224
0.05832000,10.00000000,15.00000000,15.89249325,13.37516419,0.32945305,1,-0.89249325
0.05834000,10.00000000,15.00000000,15.90284178,13.11106595,0.32912971,1,-0.90284178
0.05836000,10.00000000,15.00000000,15.91119994,12.84240103,0.32881316,1,-0.91119994
0.05838000,10.00000000,15.00000000,15.91754408,12.56974794,0.32850426,1,-0.91754408
0.05840000,10.00000000,15.00000000,15.92185494,12.29369714,0.32820280,1,-0.92185494
0.05842000,10.00000000,15.00000000,15.92411781,12.01484319,0.32790948,1,-0.92411781
0.05844000,10.00000000,15.00000000,15.92432249,11.73378922,0.32762501,1,-0.92432249
0.05846000,10.00000000,15.00000000,15.92246330,11.45114565,0.32743009,1,-0.92246330
0.05848000,10.00000000,15.00000000,15.91853104,11.16803979,0.32725446,1,-0.91853104
0.05850000,10.00000000,15.00000000,15.91253271,10.88515188,0.32708927,1,-0.91253271
0.05852000,10.00000000,15.00000000,15.90448135,10.60310356,0.32693530,1,-0.90448135
0.05854000,10.00000000,15.00000000,15.89439460,10.32251758,0.32679384,1,-0.89439460
0.05856000,10.00000000,15.00000000,15.88229460,10.04401980,0.32666431,1,-0.88229460
0.05858000,10.00000000,15.00000000,15.86820821,9.76822591,0.32654707,1,-0.86820821
0.05860000,10.00000000,15.00000000,15.85216678,9.49574627,0.32644248,1,-0.85216678
0.05862000,10.00000000,15.00000000,15.83420613,9.22718446,0.32635087,1,-0.83420613
0.05864000,10.00000000,15.00000000,15.81436641,8.96313591,0.32627255,1,-0.81436641
0.05866000,10.00000000,15.00000000,15.79269210,8.70418648,0.32620778,1,-0.79269210
0.05868000,10.00000000,15.00000000,15.76923183,8.45091109,0.32615683,1,-0.76923183
0.05870000,10.00000000,15.00000000,15.74403834,8.20387235,0.32611992,1,-0.74403834
0.05872000,10.00000000,15.00000000,15.71716832,7.96361921,0.32609722,1,-0.71716832
0.05874000,10.00000000,15.00000000,15.68868230,7.73068556,0.32608853,1,-0.68868230
0.05876000,10.00000000,15.00000000,15.65864452,7.50558681,0.32609437,1,-0.65864452
0.05878000,10.00000000,15.00000000,15.62712273,7.28882337,0.32611487,1,-0.62712273
0.05880000,10.00000000,15.00000000,15.59418807,7.08087710,0.32615368,1,-0.59418807
0.05882000,10.00000000,15.00000000,15.55991470,6.88223249,0.32620849,1,-0.55991470
0.05884000,10.00000000,15.00000000,15.52438014,6.69333837,0.32627824,1,-0.52438014
0.05886000,10.00000000,15.00000000,15.48766491,6.51461503,0.32636290,1,-0.48766491
0.05888000,10.00000000,15.00000000,15.44985217,6.34645966,0.32646239,1,-0.44985217
0.05890000,10.00000000,15.00000000,15.41102759,6.18924547,0.32657660,1,-0.41102759
0.05892000,10.00000000,15.00000000,15.37127908,6.04332081,0.32670538,1,-0.37127908
0.05894000,10.00000000,15.00000000,15.33069664,5.90900831,0.32684854,1,-0.33069664
0.05896000,10.00000000,15.00000000,15.28937207,5.78660414,0.32700914,1,-0.28937207
0.05898000,10.00000000,15.00000000,15.24739870,5.67639739,0.32718576,1,-0.24739870
0.05900000,10.00000000,15.00000000,15.20487143,5.57864212,0.32737607,1,-0.20487143
0.05902000,10.00000000,15.00000000,15.16188651,5.49355160,0.32758002,1,-0.16188651
0.05904000,10.00000000,15.00000000,15.11854111,5.42131200,0.32779725,1,-0.11854111
0.05906000,10.00000000,15.00000000,15.07493310,5.36208022,0.32802735,1,-0.07493310
0.05908000,10.00000000,15.00000000,15.03116085,5.31598359,0.32826987,1,-0.03116085
0.05910000,10.00000000,15.00000000,14.98732294,5.28311955,0.32845001,1,0.01267706
0.05912000,10.00000000,15.00000000,14.94352066,5.26311014,0.32845753,1,0.05647934
0.05914000,10.00000000,15.00000000,14.89985567,5.25489526,0.32847433,1,0.10014433
0.05916000,10.00000000,15.00000000,14.85641447,5.25848140,0.32850099,1,0.14358553
0.05918000,10.00000000,15.00000000,14.81328301,5.27385482,0.32853749,1,0.18671699
0.05920000,10.00000000,15.00000000,14.77054657,5.30097818,0.32858380,1,0.22945343
0.05922000,10.00000000,15.00000000,14.72828958,5.33979063,0.32863986,1,0.27171042
0.05924000,10.00000000,15.00000000,14.68659540,5.39020795,0.32870941,1,0.31340460
0.05926000,10.00000000,15.00000000,14.64554609,5.45214527,0.32902184,1,0.35445391
0.05928000,10.00000000,15.00000000,14.60521350,5.52683857,0.32934152,1,0.39478650
0.05930000,10.00000000,15.00000000,14.56568690,5.61411565,0.32966792,1,0.43431310
0.05932000,10.00000000,15.00000000,14.52705358,5.71377755,0.33000047,1,0.47294642
0.05934000,10.00000000,15.00000000,14.48939864,5.82559895,0.33033861,1,0.51060136
0.05936000,10.00000000,15.00000000,14.45280482,5.94932880,0.33068175,1,0.54719518
0.05938000,10.00000000,15.00000000,14.41735233,6.08469105,0.33102929,1,0.58264767
0.05940000,10.00000000,15.00000000,14.38311869,6.23138531,0.33138063,1,0.61688131
0.05942000,10.00000000,15.00000000,14.35017855,6.38908769,0.33173104,1,0.64982145
0.05944000,10.00000000,15.00000000,14.31860379,6.55742799,0.33208360,1,0.68139621
0.05946000,10.00000000,15.00000000,14.28846277,6.73603542,0.33243885,1,0.71153723
0.05948000,10.00000000,15.00000000,14.25982053,6.92452509,0.33279568,1,0.74017947
0.05950000,10.00000000,15.00000000,14.23273876,7.12248934,0.33315332,1,0.76726124
0.05952000,10.00000000,15.00000000,14.20727564,7.32950076,0.33351111,1,0.79272436
0.05954000,10.00000000,15.00000000,14.18348577,7.54511373,0.33386836,1,0.81651423
0.05956000,10.00000000,15.00000000,14.16142005,7.76886552,0.33422441,1,0.83857995
0.05958000,10.00000000,15.00000000,14.14112554,8.00027723,0.33457858,1,0.85887446
0.05960000,10.00000000,15.00000000,14.12264549,8.23885487,0.33493017,1,0.87735451
0.05962000,10.00000000,15.00000000,14.10601918,8.48409042,0.33527850,1,0.89398082
0.05964000,10.00000000,15.00000000,14.09128187,8.73546290,0.33562288,1,0.90871813
0.05966000,10.00000000,15.00000000,14.07846479,8.99243945,0.33596126,1,0.92153521
0.05968000,10.00000000,15.00000000,14.06759518,9.25446875,0.33629393,1,0.93240482
0.05970000,10.00000000,15.00000000,14.05869602,9.52099529,0.33662086,1,0.94130398
0.05972000,10.00000000,15.00000000,14.05178604,9.79145871,0.33694136,1,0.94821396
0.05974000,10.00000000,15.00000000,14.04687984,10.06529126,0.33725477,1,0.95312016
0.05976000,10.00000000,15.00000000,14.04398780,10.34191889,0.33756041,1,0.95601220
0.05978000,10.00000000,15.00000000,14.04311616,10.62076238,0.33785762,1,0.95688384
0.05980000,10.00000000,15.00000000,14.04426695,10.90123845,0.33809621,1,0.95573305
0.05982000,10.00000000,15.00000000,14.04744310,11.18248185,0.33828754,1,0.95255690
0.05984000,10.00000000,15.00000000,14.05264051,11.46369171,0.33846879,1,0.94735949
0.05986000,10.00000000,15.00000000,14.05984569,11.74427891,0.33863975,1,0.94015431
0.05988000,10.00000000,15.00000000,14.06904103,12.02365754,0.33879999,1,0.93095897
0.05990000,10.00000000,15.00000000,14.08020488,12.30124478,0.33894910,1,0.91979512
0.05992000,10.00000000,15.00000000,14.09331163,12.57646205,0.33908597,1,0.90668837
0.05994000,10.00000000,15.00000000,14.10833187,12.84873190,0.33920937,1,0.89166813
0.05996000,10.00000000,15.00000000,14.12523239,13.11747834,0.33932026,1,0.87476761
0.05998000,10.00000000,15.00000000,14.14397604,13.38214019,0.33941833,1,0.85602396
0.06000000,10.00000000,15.00000000,14.16452192,13.64216475,0.33950328,1,0.83547808
0.06002000,10.00000000,15.00000000,14.18682555,13.89700879,0.33957482,1,0.81317445
0.06004000,10.00000000,15.00000000,14.21083893,14.14613956,0.33963270,1,0.78916107
0.06006000,10.00000000,15.00000000,14.23651062,14.38903577,0.33967669,1,0.76348938
0.06008000,10.00000000,15.00000000,14.26378587,14.62518857,0.33970660,1,0.73621413
0.06010000,10.00000000,15.00000000,14.29260670,14.85410248,0.33972224,1,0.70739330
0.06012000,10.00000000,15.00000000,14.32291203,15.07529638,0.33972384,1,0.67708797
0.06014000,10.00000000,15.00000000,14.35463772,15.28830640,0.33971096,1,0.64536228
0.06016000,10.00000000,15.00000000,14.38771686,15.49268302,0.33968231,1,0.61228314
0.06018000,10.00000000,15.00000000,14.42207992,15.68798667,0.33963526,1,0.57792008
0.06020000,10.00000000,15.00000000,14.45765515,15.87378059,0.33957328,1,0.54234485
0.06022000,10.00000000,15.00000000,14.49436762,16.04966660,0.33949640,1,0.50563238
0.06024000,10.00000000,15.00000000,14.53214002,16.21526614,0.33940467,1,0.46785998
0.06026000,10.00000000,15.00000000,14.57089285,16.37022091,0.33929817,1,0.42910715
0.06028000,10.00000000,15.00000000,14.61054450,16.51419355,0.33917704,1,0.38945550
0.06030000,10.00000000,15.00000000,14.65101146,16.64686843,0.33904141,1,0.34898854
0.06032000,10.00000000,15.00000000,14.69220845,16.76795232,0.33889078,1,0.30779155
0.06034000,10.00000000,15.00000000,14.73404867,16.87717089,0.33872125,1,0.26595133
0.06036000,10.00000000,15.00000000,14.77644452,16.97424903,0.33853806,1,0.22355548
0.06038000,10.00000000,15.00000000,14.81930609,17.05896497,0.33834100,1,0.18069391
0.06040000,10.00000000,15.00000000,14.86254241,17.13111892,0.33813040,1,0.13745759
0.06042000,10.00000000,15.00000000,14.90606155,17.19053644,0.33790665,1,0.09393845
0.06044000,10.00000000,15.00000000,14.94977077,17.23706904,0.33767016,1,0.05022923
0.06046000,10.00000000,15.00000000,14.99357667,17.27059460,0.33742138,1,0.00642333
0.06048000,10.00000000,15.00000000,15.03738544,17.29101785,0.33738054,1,-0.03738544
0.06050000,10.00000000,15.00000000,15.08106574,17.29959949,0.33736915,1,-0.08106574
0.06052000,10.00000000,15.00000000,15.12452651,17.29656220,0.33734808,1,-0.12452651
0.06054000,10.00000000,15.00000000,15.16768553,17.28191604,0.33731703,1,-0.16768553
0.06056000,10.00000000,15.00000000,15.21046123,17.25569040,0.33727603,1,-0.21046123
0.06058000,10.00000000,15.00000000,15.25277277,17.21793597,0.33722514,1,-0.25277277
0.06060000,10.00000000,15.00000000,15.29454017,17.16872465,0.33716446,1,-0.29454017
0.06062000,10.00000000,15.00000000,15.33568443,17.10814945,0.33695359,1,-0.33568443
0.06064000,10.00000000,15.00000000,15.37615110,17.03545822,0.33663824,1,-0.37615110
0.06066000,10.00000000,15.00000000,15.41587255,16.95018925,0.33631589,1,-0.41587255
0.06068000,10.00000000,15.00000000,15.45476174,16.85249864,0.33598706,1,-0.45476174
0.06070000,10.00000000,15.00000000,15.49273309,16.74256863,0.33565232,1,-0.49273309
0.06072000,10.00000000,15.00000000,15.52970268,16.62060751,0.33531224,1,-0.52970268
0.06074000,10.00000000,15.00000000,15.56558842,16.48684933,0.33496741,1,-0.56558842
0.06076000,10.00000000,15.00000000,15.60031023,16.34155361,0.33461843,1,-0.60031023
0.06078000,10.00000000,15.00000000,15.63379022,16.18500487,0.33426774,1,-0.63379022
0.06080000,10.00000000,15.00000000,15.66595257,16.01752375,0.33391694,1,-0.66595257
0.06082000,10.00000000,15.00000000,15.69672394,15.83946119,0.33356346,1,-0.69672394
0.06084000,10.00000000,15.00000000,15.72603431,15.65117174,0.33320770,1,-0.72603431
0.06086000,10.00000000,15.00000000,15.75381657,15.45303123,0.33285080,1,-0.75381657
0.06088000,10.00000000,15.00000000,15.78000649,15.24544081,0.33249345,1,-0.78000649
0.06090000,10.00000000,15.00000000,15.80454304,15.02882333,0.33213635,1,-0.80454304
0.06092000,10.00000000,15.00000000,15.82736848,14.80362251,0.33178018,1,-0.82736848
0.06094000,10.00000000,15.00000000,15.84842855,14.57030222,0.33142565,1,-0.84842855
0.06096000,10.00000000,15.00000000,15.86767259,14.32934562,0.33107349,1,-0.86767259
0.06098000,10.00000000,15.00000000,15.88505369,14.08125426,0.33072440,1,-0.88505369
0.06100000,10.00000000,15.00000000,15.90052878,13.82654711,0.33037911,1,-0.90052878
0.06102000,10.00000000,15.00000000,15.91405880,13.56575962,0.33003858,1,-0.91405880
0.06104000,10.00000000,15.00000000,15.92560875,13.29944417,0.32970493,1,-0.92560875
0.06106000,10.00000000,15.00000000,15.93514769,13.02817628,0.32937699,1,-0.93514769
0.06108000,10.00000000,15.00000000,15.94264929,12.75253263,0.32905549,1,-0.94264929
0.06110000,10.00000000,15.00000000,15.94809161,12.47310188,0.32874115,1,-0.94809161
0.06112000,10.00000000,15.00000000,15.95145716,12.19048341,0.32843468,1,-0.95145716
0.06114000,10.00000000,15.00000000,15.95273299,11.90528610,0.32813681,1,-0.95273299
0.06116000,10.00000000,15.00000000,15.95191072,11.61812703,0.32788363,1,-0.95191072
0.06118000,10.00000000,15.00000000,15.94898295,11.32985658,0.32769558,1,-0.94898295
0.06120000,10.00000000,15.00000000,15.94394706,11.04145740,0.32751820,1,-0.94394706
0.06122000,10.00000000,15.00000000,15.93681364,10.75356381,0.32735159,1,-0.93681364
0.06124000,10.00000000,15.00000000,15.92759803,10.46680772,0.32719618,1,-0.92759803
0.06126000,10.00000000,15.00000000,15.91632027,10.18181941,0.32705242,1,-0.91632027
0.06128000,10.00000000,15.00000000,15.90300503,9.89922606,0.32692194,1,-0.90300503
0.06130000,10.00000000,15.00000000,15.88768147,9.61965833,0.32680498,1,-0.88768147
0.06132000,10.00000000,15.00000000,15.87038340,9.34373994,0.32670106,1,-0.87038340
0.06134000,10.00000000,15.00000000,15.85114921,9.07208185,0.32661050,1,-0.85114921
0.06136000,10.00000000,15.00000000,15.83002171,8.80528609,0.32653360,1,-0.83002171
0.06138000,10.00000000,15.00000000,15.80704806,8.54394436,0.32647064,1,-0.80704806
0.06140000,10.00000000,15.00000000,15.78227960,8.28863663,0.32642186,1,-0.78227960
0.06142000,10.00000000,15.00000000,15.75577179,8.03992976,0.32638748,1,-0.75577179
0.06144000,10.00000000,15.00000000,15.72758409,7.79837615,0.32636768,1,-0.72758409
0.06146000,10.00000000,15.00000000,15.69777977,7.56451242,0.32636261,1,-0.69777977
0.06148000,10.00000000,15.00000000,15.66642583,7.33885809,0.32637198,1,-0.66642583
0.06150000,10.00000000,15.00000000,15.63359281,7.12191183,0.32639632,1,-0.63359281
0.06152000,10.00000000,15.00000000,15.59935461,6.91415552,0.32643869,1,-0.59935461
0.06154000,10.00000000,15.00000000,15.56378816,6.71606923,0.32649813,1,-0.56378816
0.06156000,10.00000000,15.00000000,15.52697361,6.52810500,0.32657281,1,-0.52697361
0.06158000,10.00000000,15.00000000,15.48899416,6.35068073,0.32666267,1,-0.48899416
0.06160000,10.00000000,15.00000000,15.44993564,6.18419039,0.32676763,1,-0.44993564
0.06162000,10.00000000,15.00000000,15.40988630,6.02900313,0.32688755,1,-0.40988630
0.06164000,10.00000000,15.00000000,15.36893661,5.88546239,0.32702228,1,-0.36893661
0.06166000,10.00000000,15.00000000,15.32717906,5.75388512,0.32717160,1,-0.32717906
0.06168000,10.00000000,15.00000000,15.28470789,5.63456101,0.32733832,1,-0.28470789
0.06170000,10.00000000,15.00000000,15.24161880,5.52777041,0.32752135,1,-0.24161880
0.06172000,10.00000000,15.00000000,15.19800896,5.43376016,0.32771854,1,-0.19800896
0.06174000,10.00000000,15.00000000,15.15397680,5.35273660,0.32792951,1,-0.15397680
0.06176000,10.00000000,15.00000000,15.10962163,5.28487650,0.32815389,1,-0.10962163
0.06178000,10.00000000,15.00000000,15.06504336,5.23032666,0.32839124,1,-0.06504336
0.06180000,10.00000000,15.00000000,15.02034229,5.18920362,0.32864109,1,-0.02034229
0.06182000,10.00000000,15.00000000,14.97561884,5.16159344,0.32875978,1,0.02438116
0.06184000,10.00000000,15.00000000,14.93097834,5.14669434,0.32876895,1,0.06902166
0.06186000,10.00000000,15.00000000,14.88651858,5.14381344,0.32878783,1,0.11348142
0.06188000,10.00000000,15.00000000,14.84232740,5.15294780,0.32881677,1,0.15767260
0.06190000,10.00000000,15.00000000,14.79849201,5.17407259,0.32885576,1,0.20150799
0.06192000,10.00000000,15.00000000,14.75509886,5.20713902,0.32890473,1,0.24490114
0.06194000,10.00000000,15.00000000,14.71223343,5.25207439,0.32896363,1,0.28776657
0.06196000,10.00000000,15.00000000,14.66998009,5.30878233,0.32910067,1,0.33001991
0.06198000,10.00000000,15.00000000,14.62841934,5.37754367,0.32942015,1,0.37158066
0.06200000,10.00000000,15.00000000,14.58762901,5.45922365,0.32974675,1,0.41237099
0.06202000,10.00000000,15.00000000,14.54769913,5.55363462,0.33007994,1,0.45230087
0.06204000,10.00000000,15.00000000,14.50871760,5.66056194,0.33041914,1,0.49128240
0.06206000,10.00000000,15.00000000,14.47077003,5.77976441,0.33076378,1,0.52922997
0.06208000,10.00000000,15.00000000,14.43393953,5.91097499,0.33111324,1,0.56606047
0.06210000,10.00000000,15.00000000,14.39830657,6.05390153,0.33146692,1,0.60169343
0.06212000,10.00000000,15.00000000,14.36394879,6.20822748,0.33182215,1,0.63605121
0.06214000,10.00000000,15.00000000,14.33094095,6.37360093,0.33217768,1,0.66905905
0.06216000,10.00000000,15.00000000,14.29935466,6.54964381,0.33253630,1,0.70064534
0.06218000,10.00000000,15.00000000,14.26925798,6.73597587,0.33289698,1,0.73074202
0.06220000,10.00000000,15.00000000,14.24071564,6.93219385,0.33325889,1,0.75928436
0.06222000,10.00000000,15.00000000,14.21378887,7.13787348,0.33362136,1,0.78621113
0.06224000,10.00000000,15.00000000,14.18853530,7.35257144,0.33398369,1,0.81146470
0.06226000,10.00000000,15.00000000,14.16500884,7.57582645,0.33434521,1,0.83499116
0.06228000,10.00000000,15.00000000,14.14325959,7.80716019,0.33470523,1,0.85674041
0.06230000,10.00000000,15.00000000,14.12333375,8.04607847,0.33506306,1,0.87666625
0.06232000,10.00000000,15.00000000,14.10527355,8.29207219,0.33541799,1,0.89472645
0.06234000,10.00000000,15.00000000,14.08911718,8.54461849,0.33576933,1,0.91088282
0.06236000,10.00000000,15.00000000,14.07489874,8.80318184,0.33611470,1,0.92510126
0.06238000,10.00000000,15.00000000,14.06264830,9.06720568,0.33645481,1,0.93735170
0.06240000,10.00000000,15.00000000,14.05239161,9.33613091,0.33678951,1,0.94760839
0.06242000,10.00000000,15.00000000,14.04415010,9.60939217,0.33711809,1,0.95584990
0.06244000,10.00000000,15.00000000,14.03794101,9.88641595,0.33743986,1,0.96205899
0.06246000,10.00000000,15.00000000,14.03377732,10.16662171,0.33775416,1,0.96622268
0.06248000,10.00000000,15.00000000,14.03166777,10.44942303,0.33806028,1,0.96833223
0.06250000,10.00000000,15.00000000,14.03161683,10.73422872,0.33835757,1,0.96838317
0.06252000,10.00000000,15.00000000,14.03362475,11.02044397,0.33855898,1,0.96637525
0.06254000,10.00000000,15.00000000,14.03769647,11.30698520,0.33874795,1,0.96230353
0.06256000,10.00000000,15.00000000,14.04382098,11.59323863,0.33892672,1,0.95617902
0.06258000,10.00000000,15.00000000,14.05198274,11.87860679,0.33909485,1,0.94801726
0.06260000,10.00000000,15.00000000,14.06216208,12.16249483,0.33925191,1,0.93783792
0.06262000,10.00000000,15.00000000,14.07433526,12.44431152,0.33939749,1,0.92566474
0.06264000,10.00000000,15.00000000,14.08847454,12.72347033,0.33953101,1,0.91152546
0.06266000,10.00000000,15.00000000,14.10454826,12.99938947,0.33965003,1,0.89545174
0.06268000,10.00000000,15.00000000,14.12252112,13.27148232,0.33975619,1,0.87747888
0.06270000,10.00000000,15.00000000,14.14235372,13.53918137,0.33984917,1,0.85764628
0.06272000,10.00000000,15.00000000,14.16400293,13.80192817,0.33992868,1,0.83599707
0.06274000,10.00000000,15.00000000,14.18742197,14.05917432,0.33999443,1,0.81257803
0.06276000,10.00000000,15.00000000,14.21256056,14.31038246,0.34004619,1,0.78743944
0.06278000,10.00000000,15.00000000,14.23936495,14.55502729,0.34008371,1,0.76063505
0.06280000,10.00000000,15.00000000,14.26777806,14.79259653,0.34010682,1,0.73222194
0.06282000,10.00000000,15.00000000,14.29773960,15.02259188,0.34011534,1,0.70226040
0.06284000,10.00000000,15.00000000,14.32918616,15.24452996,0.34010944,1,0.67081384
0.06286000,10.00000000,15.00000000,14.36205129,15.45794503,0.34008882,1,0.63794871
0.06288000,10.00000000,15.00000000,14.39626573,15.66238684,0.34005086,1,0.60373427
0.06290000,10.00000000,15.00000000,14.43175785,15.85740806,0.33999530,1,0.56824215
0.06292000,10.00000000,15.00000000,14.46845339,16.04257839,0.33992453,1,0.53154661
0.06294000,10.00000000,15.00000000,14.50627512,16.21750048,0.33983859,1,0.49372488
0.06296000,10.00000000,15.00000000,14.54514345,16.38179716,0.33973754,1,0.45485655
0.06298000,10.00000000,15.00000000,14.58497663,16.53511212,0.33962149,1,0.41502337
0.06300000,10.00000000,15.00000000,14.62569083,16.67711065,0.33949055,1,0.37430917
0.06302000,10.00000000,15.00000000,14.66720034,16.80748036,0.33934491,1,0.33279966
0.06304000,10.00000000,15.00000000,14.70941768,16.92593191,0.33918227,1,0.29058232
0.06306000,10.00000000,15.00000000,14.75225425,17.03218480,0.33900264,1,0.24774575
0.06308000,10.00000000,15.00000000,14.79561992,17.12598131,0.33880865,1,0.20438008
0.06310000,10.00000000,15.00000000,14.83942282,17.20710231,0.33860064,1,0.16057718
0.06312000,10.00000000,15.00000000,14.88356997,17.27535426,0.33837895,1,0.11643003
0.06314000,10.00000000,15.00000000,14.92796746,17.33056962,0.33814399,1,0.07203254
0.06316000,10.00000000,15.00000000,14.97252062,17.37260743,0.33789619,1,0.02747938
0.06318000,10.00000000,15.00000000,15.01713420,17.40135368,0.33773657,1,-0.01713420
0.06320000,10.00000000,15.00000000,15.06169541,17.41732904,0.33772840,1,-0.06169541
0.06322000,10.00000000,15.00000000,15.10608506,17.42147143,0.33771138,1,-0.10608506
0.06324000,10.00000000,15.00000000,15.15021899,17.41378359,0.33768417,1,-0.15021899
0.06326000,10.00000000,15.00000000,15.19401379,17.39428194,0.33764681,1,-0.19401379
0.06328000,10.00000000,15.00000000,15.23738672,17.36300448,0.33759933,1,-0.23738672
0.06330000,10.00000000,15.00000000,15.28025583,17.32001084,0.33754180,1,-0.28025583
0.06332000,10.00000000,15.00000000,15.32254007,17.26538217,0.33744593,1,-0.32254007
0.06334000,10.00000000,15.00000000,15.36416425,17.19904614,0.33712814,1,-0.36416425
0.06336000,10.00000000,15.00000000,15.40508377,17.11981452,0.33680294,1,-0.40508377
0.06338000,10.00000000,15.00000000,15.44520917,17.02782987,0.33647080,1,-0.44520917
0.06340000,10.00000000,15.00000000,15.48445239,16.92326126,0.33613228,1,-0.48445239
0.06342000,10.00000000,15.00000000,15.52272692,16.80630441,0.33578798,1,-0.52272692
0.06344000,10.00000000,15.00000000,15.55994800,16.67718145,0.33543846,1,-0.55994800
0.06346000,10.00000000,15.00000000,15.59603280,16.53614061,0.33508433,1,-0.59603280
0.06348000,10.00000000,15.00000000,15.63090062,16.38345585,0.33472750,1,-0.63090062
0.06350000,10.00000000,15.00000000,15.66447280,16.21943459,0.33437082,1,-0.66447280
0.06352000,10.00000000,15.00000000,15.69667292,16.04442318,0.33401067,1,-0.69667292
0.06354000,10.00000000,15.00000000,15.72742799,15.85876571,0.33364805,1,-0.72742799
0.06356000,10.00000000,15.00000000,15.75666778,15.66283217,0.33328384,1,-0.75666778
0.06358000,10.00000000,15.00000000,15.78432494,15.45701700,0.33291873,1,-0.78432494
0.06360000,10.00000000,15.00000000,15.81033527,15.24173712,0.33255342,1,-0.81033527
0.06362000,10.00000000,15.00000000,15.83463785,15.01743127,0.33218859,1,-0.83463785
0.06364000,10.00000000,15.00000000,15.85717517,14.78455919,0.33182498,1,-0.85717517
0.06366000,10.00000000,15.00000000,15.87789333,14.54360081,0.33146331,1,-0.87789333
0.06368000,10.00000000,15.00000000,15.89674211,14.29505539,0.33110429,1,-0.89674211
0.06370000,10.00000000,15.00000000,15.91367518,14.03944059,0.33074866,1,-0.91367518
0.06372000,10.00000000,15.00000000,15.92865018,13.77729149,0.33039924,1,-0.92865018
0.06374000,10.00000000,15.00000000,15.94162859,13.50917277,0.33005467,1,-0.94162859
0.06376000,10.00000000,15.00000000,15.95257648,13.23565118,0.32971544,1,-0.95257648
0.06378000,10.00000000,15.00000000,15.96146428,12.95730600,0.32938229,1,-0.96146428
0.06380000,10.00000000,15.00000000,15.96826682,12.67472944,0.32905595,1,-0.96826682
0.06382000,10.00000000,15.00000000,15.97296342,12.38852548,0.32873717,1,-0.97296342
0.06384000,10.00000000,15.00000000,15.97553797,12.09930860,0.32842666,1,-0.97553797
0.06386000,10.00000000,15.00000000,15.97597899,11.80770248,0.32812517,1,-0.97597899
0.06388000,10.00000000,15.00000000,15.97427972,11.51433870,0.32790651,1,-0.97427972
0.06390000,10.00000000,15.00000000,15.97043064,11.22032360,0.32771752,1,-0.97043064
0.06392000,10.00000000,15.00000000,15.96443662,10.92642483,0.32753933,1,-0.96443662
0.06394000,10.00000000,15.00000000,15.95631029,10.63328741,0.32737228,1,-0.95631029
0.06396000,10.00000000,15.00000000,15.94606910,10.34155486,0.32721680,1,-0.94606910
0.06398000,10.00000000,15.00000000,15.93373523,10.05186849,0.32707333,1,-0.93373523
0.06400000,10.00000000,15.00000000,15.91933560,9.76486596,0.32694226,1,-0.91933560
0.06402000,10.00000000,15.00000000,15.90290180,9.48117979,0.32682564,1,-0.90290180
0.06404000,10.00000000,15.00000000,15.88446990,9.20144645,0.32672329,1,-0.88446990
0.06406000,10.00000000,15.00000000,15.86408062,8.92629089,0.32663468,1,-0.86408062
0.06408000,10.00000000,15.00000000,15.84177929,8.65632304,0.32656010,1,-0.84177929
0.06410000,10.00000000,15.00000000,15.81761559,8.39214176,0.32649983,1,-0.81761559
0.06412000,10.00000000,15.00000000,15.79164348,8.13433345,0.32645411,1,-0.79164348
0.06414000,10.00000000,15.00000000,15.76392105,7.88347061,0.32642314,1,-0.76392105
0.06416000,10.00000000,15.00000000,15.73451039,7.64011051,0.32640711,1,-0.73451039
0.06418000,10.00000000,15.00000000,15.70347748,7.40479384,0.32640616,1,-0.70347748
0.06420000,10.00000000,15.00000000,15.67089199,7.17804339,0.32642025,1,-0.67089199
0.06422000,10.00000000,15.00000000,15.63682718,6.96036195,0.32644933,1,-0.63682718
0.06424000,10.00000000,15.00000000,15.60135966,6.75223108,0.32649659,1,-0.60135966
0.06426000,10.00000000,15.00000000,15.56456909,6.55413056,0.32656157,1,-0.56456909
0.06428000,10.00000000,15.00000000,15.52653829,6.36651446,0.32664208,1,-0.52653829
0.06430000,10.00000000,15.00000000,15.48735313,6.18979980,0.32673807,1,-0.48735313
0.06432000,10.00000000,15.00000000,15.44710210,6.02437884,0.32684943,1,-0.44710210
0.06434000,10.00000000,15.00000000,15.40587606,5.87061818,0.32697601,1,-0.40587606
0.06436000,10.00000000,15.00000000,15.36376808,5.72885790,0.32711756,1,-0.36376808
0.06438000,10.00000000,15.00000000,15.32087317,5.59941029,0.32727294,1,-0.32087317
0.06440000,10.00000000,15.00000000,15.27728811,5.48255391,0.32744800,1,-0.27728811
0.06442000,10.00000000,15.00000000,15.23311088,5.37857604,0.32763877,1,-0.23311088
0.06444000,10.00000000,15.00000000,15.18844111,5.28771196,0.32784386,1,-0.18844111
0.06446000,10.00000000,15.00000000,15.14337952,5.21016069,0.32806291,1,-0.14337952
0.06448000,10.00000000,15.00000000,15.09802765,5.14609099,0.32829550,1,-0.09802765
0.06450000,10.00000000,15.00000000,15.05248754,5.09564091,0.32854120,1,-0.05248754
0.06452000,10.00000000,15.00000000,15.00686154,5.05891754,0.32879950,1,-0.00686154
0.06454000,10.00000000,15.00000000,14.96125205,5.03599681,0.32884194,1,0.03874795
0.06456000,10.00000000,15.00000000,14.91576890,5.02556006,0.32885372,1,0.08423110
0.06458000,10.00000000,15.00000000,14.87050511,5.02737662,0.32887567,1,0.12949489
0.06460000,10.00000000,15.00000000,14.82554998,5.04143552,0.32890789,1,0.17445002
0.06462000,10.00000000,15.00000000,14.78099215,5.06770204,0.32895034,1,0.21900785
0.06464000,10.00000000,15.00000000,14.73691939,5.10611702,0.32900298,1,0.26308061
0.06466000,10.00000000,15.00000000,14.69341844,5.15659702,0.32906606,1,0.30658156
0.06468000,10.00000000,15.00000000,14.65057478,5.21903655,0.32928418,1,0.34942522
0.06470000,10.00000000,15.00000000,14.60846725,5.29415379,0.32961158,1,0.39153275
0.06472000,10.00000000,15.00000000,14.56718076,5.38237031,0.32994604,1,0.43281924
0.06474000,10.00000000,15.00000000,14.52680625,5.48348391,0.33028699,1,0.47319375
0.06476000,10.00000000,15.00000000,14.48743244,5.59726504,0.33063383,1,0.51256756
0.06478000,10.00000000,15.00000000,14.44914562,5.72345743,0.33098597,1,0.55085438
0.06480000,10.00000000,15.00000000,14.41202947,5.86177875,0.33134280,1,0.58797053
0.06482000,10.00000000,15.00000000,14.37616490,6.01192137,0.33170349,1,0.62383510
0.06484000,10.00000000,15.00000000,14.34162990,6.17355196,0.33206289,1,0.65837010
0.06486000,10.00000000,15.00000000,14.30849956,6.34628766,0.33242589,1,0.69150044
0.06488000,10.00000000,15.00000000,14.27684527,6.52975461,0.33279141,1,0.72315473
0.06490000,10.00000000,15.00000000,14.24673511,6.72355473,0.33315862,1,0.75326489
0.06492000,10.00000000,15.00000000,14.21823368,6.92726801,0.33352684,1,0.78176632
0.06494000,10.00000000,15.00000000,14.19140197,7.14045445,0.33389537,1,0.80859803
0.06496000,10.00000000,15.00000000,14.16629722,7.36265513,0.33426354,1,0.83370278
0.06498000,10.00000000,15.00000000,14.14297286,7.59339322,0.33463063,1,0.85702714
0.06500000,10.00000000,4.00000000,14.12147840,7.83217500,0.27953323,0,-10.12147840
0.06502000,10.00000000,4.00000000,14.10490647,3.30335729,0.29395679,0,-10.10490647
0.06504000,10.00000000,4.00000000,14.03863933,0.00000000,0.29265592,0,-10.03863933
0.06506000,10.00000000,4.00000000,13.93628204,0.00000000,0.29096109,0,-9.93628204
0.06508000,10.00000000,4.00000000,13.83468079,0.00000000,0.28812429,0,-9.83468079
0.06510000,10.00000000,4.00000000,13.73380438,0.00000000,0.28530465,0,-9.73380438
0.06512000,10.00000000,4.00000000,13.63364759,0.00000000,0.28251278,0,-9.63364759
0.06514000,10.00000000,4.00000000,13.53420544,0.00000000,0.27974948,0,-9.53420544
0.06516000,10.00000000,4.00000000,13.43547303,0.00000000,0.27700599,0,-9.43547303
0.06518000,10.00000000,4.00000000,13.33744529,0.00000000,0.27428557,0,-9.33744529
0.06520000,10.00000000,4.00000000,13.24011728,0.00000000,0.27159424,0,-9.24011728
0.06522000,10.00000000,4.00000000,13.14348421,0.00000000,0.26892774,0,-9.14348421
0.06524000,10.00000000,4.00000000,13.04754124,0.00000000,0.26627850,0,-9.04754124
0.06526000,10.00000000,4.00000000,12.95228341,0.00000000,0.26365800,0,-8.95228341
0.06528000,10.00000000,4.00000000,12.85770604,0.00000000,0.26106467,0,-8.85770604
0.06530000,10.00000000,4.00000000,12.76380446,0.00000000,0.25849017,0,-8.76380446
0.06532000,10.00000000,4.00000000,12.67057385,0.00000000,0.25593920,0,-8.67057385
0.06534000,10.00000000,4.00000000,12.57800952,0.00000000,0.25341607,0,-8.57800952
0.06536000,10.00000000,4.00000000,12.48610693,0.00000000,0.25091852,0,-8.48610693
0.06538000,10.00000000,4.00000000,12.39486152,0.00000000,0.24843544,0,-8.39486152
0.06540000,10.00000000,4.00000000,12.30426850,0.00000000,0.24598086,0,-8.30426850
0.06542000,10.00000000,4.00000000,12.21432346,0.00000000,0.24355223,0,-8.21432346
0.06544000,10.00000000,4.00000000,12.12502194,0.00000000,0.24114474,0,-8.12502194
0.06546000,10.00000000,4.00000000,12.03635943,0.00000000,0.23875693,0,-8.03635943
0.06548000,10.00000000,4.00000000,11.94833140,0.00000000,0.23639595,0,-7.94833140
0.06550000,10.00000000,4.00000000,11.86093353,0.00000000,0.23406039,0,-7.86093353
0.06552000,10.00000000,4.00000000,11.77416150,0.00000000,0.23174239,0,-7.77416150
0.06554000,10.00000000,4.00000000,11.68801085,0.00000000,0.22944771,0,-7.68801085
0.06556000,10.00000000,4.00000000,11.60247727,0.00000000,0.22717812,0,-7.60247727
0.06558000,10.00000000,4.00000000,11.51755655,0.00000000,0.22493339,0,-7.51755655
0.06560000,10.00000000,4.00000000,11.43324446,0.00000000,0.22270954,0,-7.43324446
0.06562000,10.00000000,4.00000000,11.34953677,0.00000000,0.22050944,0,-7.34953677
0.06564000,10.00000000,4.00000000,11.26642931,0.00000000,0.21833393,0,-7.26642931
0.06566000,10.00000000,4.00000000,11.18391797,0.00000000,0.21618210,0,-7.18391797
0.06568000,10.00000000,4.00000000,11.10199866,0.00000000,0.21405607,0,-7.10199866
0.06570000,10.00000000,4.00000000,11.02066736,0.00000000,0.21195415,0,-7.02066736
0.06572000,10.00000000,4.00000000,10.93992004,0.00000000,0.20987617,0,-6.93992004
0.06574000,10.00000000,4.00000000,10.85975271,0.00000000,0.20801000,0,-6.85975271
0.06576000,10.00000000,4.00000000,10.78016556,0.00000000,0.20637275,0,-6.78016556
0.06578000,10.00000000,4.00000000,10.70115917,0.00000000,0.20474933,0,-6.70115917
0.06580000,10.00000000,4.00000000,10.62272936,0.00000000,0.20314111,0,-6.62272936
0.06582000,10.00000000,4.00000000,10.54487197,0.00000000,0.20154817,0,-6.54487197
0.06584000,10.00000000,4.00000000,10.46758293,0.00000000,0.19996489,0,-6.46758293
0.06586000,10.00000000,4.00000000,10.39085802,0.00000000,0.19839667,0,-6.39085802
0.06588000,10.00000000,4.00000000,10.31469322,0.00000000,0.19684449,0,-6.31469322
0.06590000,10.00000000,4.00000000,10.23908453,0.00000000,0.19530837,0,-6.23908453
0.06592000,10.00000000,4.00000000,10.16402800,0.00000000,0.19378339,0,-6.16402800
0.06594000,10.00000000,4.00000000,10.08951959,0.00000000,0.19227426,0,-6.08951959
0.06596000,10.00000000,4.00000000,10.01555542,0.00000000,0.19078179,0,-6.01555542
0.06598000,10.00000000,4.00000000,9.94213162,0.00000000,0.18930586,0,-5.94213162
0.06600000,10.00000000,4.00000000,9.86924437,0.00000000,0.18784484,0,-5.86924437
0.06602000,10.00000000,4.00000000,9.79688985,0.00000000,0.18639452,0,-5.79688985
0.06604000,10.00000000,4.00000000,9.72506416,0.00000000,0.18496423,0,-5.72506416
0.06606000,10.00000000,4.00000000,9.65376364,0.00000000,0.18355075,0,-5.65376364
0.06608000,10.00000000,4.00000000,9.58298460,0.00000000,0.18215403,0,-5.58298460
0.06610000,10.00000000,4.00000000,9.51272337,0.00000000,0.18076768,0,-5.51272337
0.06612000,10.00000000,4.00000000,9.44297615,0.00000000,0.17939891,0,-5.44297615
0.06614000,10.00000000,4.00000000,9.37373936,0.00000000,0.17804930,0,-5.37373936
0.06616000,10.00000000,4.00000000,9.30500946,0.00000000,0.17671654,0,-5.30500946
0.06618000,10.00000000,4.00000000,9.23678290,0.00000000,0.17539941,0,-5.23678290
0.06620000,10.00000000,4.00000000,9.16905611,0.00000000,0.17409173,0,-5.16905611
0.06622000,10.00000000,4.00000000,9.10182544,0.00000000,0.17280491,0,-5.10182544
0.06624000,10.00000000,4.00000000,9.03508750,0.00000000,0.17153680,0,-5.03508750
0.06626000,10.00000000,4.00000000,8.96883888,0.00000000,0.17028544,0,-4.96883888
0.06628000,10.00000000,4.00000000,8.90307616,0.00000000,0.16904735,0,-4.90307616
0.06630000,10.00000000,4.00000000,8.83779587,0.00000000,0.16782118,0,-4.83779587
0.06632000,10.00000000,4.00000000,8.77299454,0.00000000,0.16661557,0,-4.77299454
0.06634000,10.00000000,4.00000000,8.70866890,0.00000000,0.16542897,0,-4.70866890
0.06636000,10.00000000,4.00000000,8.64481568,0.00000000,0.16425891,0,-4.64481568
0.06638000,10.00000000,4.00000000,8.58143160,0.00000000,0.16310100,0,-4.58143160
0.06640000,10.00000000,4.00000000,8.51851329,0.00000000,0.16195602,0,-4.51851329
0.06642000,10.00000000,4.00000000,8.45605741,0.00000000,0.16083001,0,-4.45605741
0.06644000,10.00000000,4.00000000,8.39406081,0.00000000,0.15972437,0,-4.39406081
0.06646000,10.00000000,4.00000000,8.33252037,0.00000000,0.15863499,0,-4.33252037
0.06648000,10.00000000,4.00000000,8.27143292,0.00000000,0.15755778,0,-4.27143292
0.06650000,10.00000000,4.00000000,8.21079522,0.00000000,0.15649320,0,-4.21079522
0.06652000,10.00000000,4.00000000,8.15060406,0.00000000,0.15544464,0,-4.15060406
0.06654000,10.00000000,4.00000000,8.09085633,0.00000000,0.15441889,0,-4.09085633
0.06656000,10.00000000,4.00000000,8.03154910,0.00000000,0.15340918,0,-4.03154910
0.06658000,10.00000000,4.00000000,7.97267931,0.00000000,0.15241280,0,-3.97267931
0.06660000,10.00000000,4.00000000,7.91424387,0.00000000,0.15142748,0,-3.91424387
0.06662000,10.00000000,4.00000000,7.85623965,0.00000000,0.15045783,0,-3.85623965
0.06664000,10.00000000,4.00000000,7.79866365,0.00000000,0.14950649,0,-3.79866365
0.06666000,10.00000000,4.00000000,7.74151297,0.00000000,0.14857495,0,-3.74151297
0.06668000,10.00000000,4.00000000,7.68478474,0.00000000,0.14765759,0,-3.68478474
0.06670000,10.00000000,4.00000000,7.62847600,0.00000000,0.14674929,0,-3.62847600
0.06672000,10.00000000,4.00000000,7.57258371,0.00000000,0.14585600,0,-3.57258371
0.06674000,10.00000000,4.00000000,7.51710496,0.00000000,0.14497775,0,-3.51710496
0.06676000,10.00000000,4.00000000,7.46203688,0.00000000,0.14411805,0,-3.46203688
0.06678000,10.00000000,4.00000000,7.40737670,0.00000000,0.14327590,0,-3.40737670
0.06680000,10.00000000,4.00000000,7.35312165,0.00000000,0.14244618,0,-3.35312165
0.06682000,10.00000000,4.00000000,7.29926886,0.00000000,0.14162799,0,-3.29926886
0.06684000,10.00000000,4.00000000,7.24581546,0.00000000,0.14082448,0,-3.24581546
0.06686000,10.00000000,4.00000000,7.19275870,0.00000000,0.14003553,0,-3.19275870
0.06688000,10.00000000,4.00000000,7.14009580,0.00000000,0.13926423,0,-3.14009580
0.06690000,10.00000000,4.00000000,7.08782412,0.00000000,0.13851021,0,-3.08782412
0.06692000,10.00000000,4.00000000,7.03594099,0.00000000,0.13776734,0,-3.03594099
0.06694000,10.00000000,4.00000000,6.98444367,0.00000000,0.13703701,0,-2.98444367
0.06696000,10.00000000,4.00000000,6.93332942,0.00000000,0.13632086,0,-2.93332942
0.06698000,10.00000000,4.00000000,6.88259561,0.00000000,0.13561880,0,-2.88259561
0.06700000,10.00000000,4.00000000,6.83223958,0.00000000,0.13493203,0,-2.83223958
0.06702000,10.00000000,4.00000000,6.78225875,0.00000000,0.13426370,0,-2.78225875
0.06704000,10.00000000,4.00000000,6.73265062,0.00000000,0.13360647,0,-2.73265062
0.06706000,10.00000000,4.00000000,6.68341255,0.00000000,0.13296146,0,-2.68341255
0.06708000,10.00000000,4.00000000,6.63454193,0.00000000,0.13233016,0,-2.63454193
0.06710000,10.00000000,4.00000000,6.58603623,0.00000000,0.13171244,0,-2.58603623
0.06712000,10.00000000,4.00000000,6.53789291,0.00000000,0.13110822,0,-2.53789291
0.06714000,10.00000000,4.00000000,6.49010947,0.00000000,0.13052106,0,-2.49010947
0.06716000,10.00000000,4.00000000,6.44268349,0.00000000,0.12994780,0,-2.44268349
0.06718000,10.00000000,4.00000000,6.39561251,0.00000000,0.12938552,0,-2.39561251
0.06720000,10.00000000,4.00000000,6.34889401,0.00000000,0.12883644,0,-2.34889401
0.06722000,10.00000000,4.00000000,6.30252557,0.00000000,0.12830047,0,-2.30252557
0.06724000,10.00000000,4.00000000,6.25650475,0.00000000,0.12777750,0,-2.25650475
0.06726000,10.00000000,4.00000000,6.21082916,0.00000000,0.12726744,0,-2.21082916
0.06728000,10.00000000,4.00000000,6.16549639,0.00000000,0.12677438,0,-2.16549639
0.06730000,10.00000000,4.00000000,6.12050417,0.00000000,0.12629269,0,-2.12050417
0.06732000,10.00000000,4.00000000,6.07585010,0.00000000,0.12582321,0,-2.07585010
0.06734000,10.00000000,4.00000000,6.03153185,0.00000000,0.12536636,0,-2.03153185
0.06736000,10.00000000,4.00000000,5.98754708,0.00000000,0.12492203,0,-1.98754708
0.06738000,10.00000000,4.00000000,5.94389349,0.00000000,0.12449012,0,-1.94389349
0.06740000,10.00000000,4.00000000,5.90056878,0.00000000,0.12407055,0,-1.90056878
0.06742000,10.00000000,4.00000000,5.85757068,0.00000000,0.12366610,0,-1.85757068
0.06744000,10.00000000,4.00000000,5.81489699,0.00000000,0.12327360,0,-1.81489699
0.06746000,10.00000000,4.00000000,5.77254546,0.00000000,0.12289323,0,-1.77254546
0.06748000,10.00000000,4.00000000,5.73051387,0.00000000,0.12252492,0,-1.73051387
0.06750000,10.00000000,4.00000000,5.68879999,0.00000000,0.12216857,0,-1.68879999
0.06752000,10.00000000,4.00000000,5.64740163,0.00000000,0.12182408,0,-1.64740163
0.06754000,10.00000000,4.00000000,5.60631661,0.00000000,0.12149137,0,-1.60631661
0.06756000,10.00000000,4.00000000,5.56554276,0.00000000,0.12117033,0,-1.56554276
0.06758000,10.00000000,4.00000000,5.52507792,0.00000000,0.12086402,0,-1.52507792
0.06760000,10.00000000,4.00000000,5.48492003,0.00000000,0.12056914,0,-1.48492003
0.06762000,10.00000000,4.00000000,5.44506696,0.00000000,0.12028577,0,-1.44506696
0.06764000,10.00000000,4.00000000,5.40551660,0.00000000,0.12001380,0,-1.40551660
0.06766000,10.00000000,4.00000000,5.36626686,0.00000000,0.11975316,0,-1.36626686
0.06768000,10.00000000,4.00000000,5.32731565,0.00000000,0.11950375,0,-1.32731565
0.06770000,10.00000000,4.00000000,5.28866092,0.00000000,0.11926547,0,-1.28866092
0.06772000,10.00000000,4.00000000,5.25030061,0.00000000,0.11903783,0,-1.25030061
0.06774000,10.00000000,4.00000000,5.21223267,0.00000000,0.11882458,0,-1.21223267
0.06776000,10.00000000,4.00000000,5.17445515,0.00000000,0.11862262,0,-1.17445515
0.06778000,10.00000000,4.00000000,5.13696606,0.00000000,0.11843154,0,-1.13696606
0.06780000,10.00000000,4.00000000,5.09976339,0.00000000,0.11825125,0,-1.09976339
0.06782000,10.00000000,4.00000000,5.06284518,0.00000000,0.11808168,0,-1.06284518
0.06784000,10.00000000,4.00000000,5.02620944,0.00000000,0.11792273,0,-1.02620944
0.06786000,10.00000000,4.00000000,4.98985423,0.00000000,0.11777431,0,-0.98985423
0.06788000,10.00000000,4.00000000,4.95377760,0.00000000,0.11763603,0,-0.95377760
0.06790000,10.00000000,4.00000000,4.91797762,0.00000000,0.11750940,0,-0.91797762
0.06792000,10.00000000,4.00000000,4.88245240,0.00000000,0.11739580,0,-0.88245240
0.06794000,10.00000000,4.00000000,4.84720011,0.00000000,0.11729249,0,-0.84720011
0.06796000,10.00000000,4.00000000,4.81221884,0.00000000,0.11719938,0,-0.81221884
0.06798000,10.00000000,4.00000000,4.77750673,0.00000000,0.11711641,0,-0.77750673
0.06800000,10.00000000,4.00000000,4.74306192,0.00000000,0.11704348,0,-0.74306192
0.06802000,10.00000000,4.00000000,4.70888255,0.00000000,0.11698050,0,-0.70888255
0.06804000,10.00000000,4.00000000,4.67496679,0.00000000,0.11692741,0,-0.67496679
0.06806000,10.00000000,4.00000000,4.64131281,0.00000000,0.11688358,0,-0.64131281
0.06808000,10.00000000,4.00000000,4.60791879,0.00000000,0.11685119,0,-0.60791879
0.06810000,10.00000000,4.00000000,4.57478297,0.00000000,0.11683129,0,-0.57478297
0.06812000,10.00000000,4.00000000,4.54190362,0.00000000,0.11682105,0,-0.54190362
0.06814000,10.00000000,4.00000000,4.50927897,0.00000000,0.11682037,0,-0.50927897
0.06816000,10.00000000,4.00000000,4.47690725,0.00000000,0.11682919,0,-0.47690725
0.06818000,10.00000000,4.00000000,4.44478672,0.00000000,0.11684742,0,-0.44478672
0.06820000,10.00000000,4.00000000,4.41291563,0.00000000,0.11687499,0,-0.41291563
0.06822000,10.00000000,4.00000000,4.38129226,0.00000000,0.11691181,0,-0.38129226
0.06824000,10.00000000,4.00000000,4.34991490,0.00000000,0.11695765,0,-0.34991490
0.06826000,10.00000000,4.00000000,4.31878183,0.00000000,0.11701265,0,-0.31878183
0.06828000,10.00000000,4.00000000,4.28789136,0.00000000,0.11707982,0,-0.28789136
0.06830000,10.00000000,4.00000000,4.25724189,0.00000000,0.11715732,0,-0.25724189
0.06832000,10.00000000,4.00000000,4.22683177,0.00000000,0.11724379,0,-0.22683177
0.06834000,10.00000000,4.00000000,4.19665935,0.00000000,0.11733915,0,-0.19665935
0.06836000,10.00000000,4.00000000,4.16672298,0.00000000,0.11744333,0,-0.16672298
0.06838000,10.00000000,4.00000000,4.13702103,0.00000000,0.11755624,0,-0.13702103
0.06840000,10.00000000,4.00000000,4.10755187,0.00000000,0.11767783,0,-0.10755187
0.06842000,10.00000000,4.00000000,4.07831389,0.00000000,0.11780805,0,-0.07831389
0.06844000,10.00000000,4.00000000,4.04930549,0.00000000,0.11794705,0,-0.04930549
0.06846000,10.00000000,4.00000000,4.02052509,0.00000000,0.11809459,0,-0.02052509
0.06848000,10.00000000,4.00000000,3.99197110,0.00000000,0.11820359,0,0.00802890
0.06850000,10.00000000,4.00000000,3.96364091,0.00000000,0.11820149,0,0.03635909
0.06852000,10.00000000,4.00000000,3.93553033,0.00000000,0.11820811,0,0.06446967
0.06854000,10.00000000,4.00000000,3.90763785,0.00000000,0.11822327,0,0.09236215
0.06856000,10.00000000,4.00000000,3.87996197,0.00000000,0.11824719,0,0.12003803
0.06858000,10.00000000,4.00000000,3.85250120,0.00000000,0.11827952,0,0.14749880
0.06860000,10.00000000,4.00000000,3.82525405,0.00000000,0.11832018,0,0.17474595
0.06862000,10.00000000,4.00000000,3.79821907,0.00000000,0.11836911,0,0.20178093
0.06864000,10.00000000,4.00000000,3.77139478,0.00000000,0.11857528,0,0.22860522
0.06866000,10.00000000,4.00000000,3.74478304,0.00000000,0.11879289,0,0.25521696
0.06868000,10.00000000,4.00000000,3.71838245,0.00000000,0.11901656,0,0.28161755
0.06870000,10.00000000,4.00000000,3.69219152,0.00000000,0.11924625,0,0.30780848
0.06872000,10.00000000,4.00000000,3.66620874,0.00000000,0.11947820,0,0.33379126
0.06874000,10.00000000,4.00000000,3.64043257,0.00000000,0.11971613,0,0.35956743
0.06876000,10.00000000,4.00000000,3.61486152,0.00000000,0.11996004,0,0.38513848
0.06878000,10.00000000,4.00000000,3.58949413,0.00000000,0.12020991,0,0.41050587
0.06880000,10.00000000,4.00000000,3.56432898,0.00000000,0.12046600,0,0.43567102
0.06882000,10.00000000,4.00000000,3.53936461,0.00000000,0.12072825,0,0.46063539
0.06884000,10.00000000,4.00000000,3.51459961,0.00000000,0.12099639,0,0.48540039
0.06886000,10.00000000,4.00000000,3.49003258,0.00000000,0.12127041,0,0.50996742
0.06888000,10.00000000,4.00000000,3.46566209,0.00000000,0.12155025,0,0.53433791
0.06890000,10.00000000,4.00000000,3.44148676,0.00000000,0.12183589,0,0.55851324
0.06892000,10.00000000,4.00000000,3.41750521,0.00000000,0.12212729,0,0.58249479
0.06894000,10.00000000,4.00000000,3.39371605,0.00000000,0.12242442,0,0.60628395
0.06896000,10.00000000,4.00000000,3.37011793,0.00000000,0.12272506,0,0.62988207
0.06898000,10.00000000,4.00000000,3.34670944,0.00000000,0.12303022,0,0.65329056
0.06900000,10.00000000,4.00000000,3.32348920,0.00000000,0.12334104,0,0.67651080
0.06902000,10.00000000,4.00000000,3.30045590,0.00000000,0.12365749,0,0.69954410
0.06904000,10.00000000,4.00000000,3.27760819,0.00000000,0.12397952,0,0.72239181
0.06906000,10.00000000,4.00000000,3.25494477,0.00000000,0.12430710,0,0.74505523
0.06908000,10.00000000,4.00000000,3.23246433,0.00000000,0.12464091,0,0.76753567
0.06910000,10.00000000,4.00000000,3.21016560,0.00000000,0.12498030,0,0.78983440
0.06912000,10.00000000,4.00000000,3.18804727,0.00000000,0.12532517,0,0.81195273
0.06914000,10.00000000,4.00000000,3.16610809,0.00000000,0.12567547,0,0.83389191
0.06916000,10.00000000,4.00000000,3.14434677,0.00000000,0.12603116,0,0.85565323
0.06918000,10.00000000,4.00000000,3.12276206,0.00000000,0.12639222,0,0.87723794
0.06920000,10.00000000,4.00000000,3.10135272,0.00000000,0.12675860,0,0.89864728
0.06922000,10.00000000,4.00000000,3.08011749,0.00000000,0.12713022,0,0.91988251
0.06924000,10.00000000,4.00000000,3.05905514,0.00000000,0.12750422,0,0.94094486
0.06926000,10.00000000,4.00000000,3.03816439,0.00000000,0.12788347,0,0.96183561
0.06928000,10.00000000,4.00000000,3.01744402,0.00000000,0.12826793,0,0.98255598
0.06930000,10.00000000,4.00000000,2.99689283,0.00000000,0.12865755,0,1.00310717
0.06932000,10.00000000,4.00000000,2.97650962,0.00000000,0.12905232,0,1.02349038
0.06934000,10.00000000,4.00000000,2.95629320,0.00000000,0.12945218,0,1.04370680
0.06936000,10.00000000,4.00000000,2.93624239,0.00000000,0.12985710,0,1.06375761
0.06938000,10.00000000,4.00000000,2.91635602,0.00000000,0.13026762,0,1.08364398
0.06940000,10.00000000,4.00000000,2.89663293,0.00000000,0.13068349,0,1.10336707
0.06942000,10.00000000,4.00000000,2.87707199,0.00000000,0.13110434,0,1.12292801
0.06944000,10.00000000,4.00000000,2.85767204,0.00000000,0.13153012,0,1.14232796
0.06946000,10.00000000,4.00000000,2.83843195,0.00000000,0.13196080,0,1.16156805
0.06948000,10.00000000,4.00000000,2.81935058,0.00000000,0.13239634,0,1.18064942
0.06950000,10.00000000,4.00000000,2.80042681,0.00000000,0.13283670,0,1.19957319
0.06952000,10.00000000,4.00000000,2.78165953,0.00000000,0.13328185,0,1.21834047
0.06954000,10.00000000,4.00000000,2.76304763,0.00000000,0.13372984,0,1.23695237
0.06956000,10.00000000,4.00000000,2.74458997,0.00000000,0.13418195,0,1.25541003
0.06958000,10.00000000,4.00000000,2.72628544,0.00000000,0.13463877,0,1.27371456
0.06960000,10.00000000,4.00000000,2.70813296,0.00000000,0.13510026,0,1.29186704
0.06962000,10.00000000,4.00000000,2.69013145,0.00000000,0.13556638,0,1.30986855
0.06964000,10.00000000,4.00000000,2.67227985,0.00000000,0.13603711,0,1.32772015
0.06966000,10.00000000,4.00000000,2.65457710,0.00000000,0.13651239,0,1.34542290
0.06968000,10.00000000,4.00000000,2.63702214,0.00000000,0.13699220,0,1.36297786
0.06970000,10.00000000,4.00000000,2.61961393,0.00000000,0.13747651,0,1.38038607
0.06972000,10.00000000,4.00000000,2.60235143,0.00000000,0.13796545,0,1.39764857
0.06974000,10.00000000,4.00000000,2.58523362,0.00000000,0.13845962,0,1.41476638
0.06976000,10.00000000,4.00000000,2.56825948,0.00000000,0.13895819,0,1.43174052
0.06978000,10.00000000,4.00000000,2.55142800,0.00000000,0.13946112,0,1.44857200
0.06980000,10.00000000,4.00000000,2.53473817,0.00000000,0.13996838,0,1.46526183
0.06982000,10.00000000,4.00000000,2.51818900,0.00000000,0.14047993,0,1.48181100
0.06984000,10.00000000,4.00000000,2.50177947,0.00000000,0.14099574,0,1.49822053
0.06986000,10.00000000,4.00000000,2.48550862,0.00000000,0.14151577,0,1.51449138
0.06988000,10.00000000,4.00000000,2.46937544,0.00000000,0.14203920,0,1.53062456
0.06990000,10.00000000,4.00000000,2.45337896,0.00000000,0.14256544,0,1.54662104
0.06992000,10.00000000,4.00000000,2.43751817,0.00000000,0.14309584,0,1.56248183
0.06994000,10.00000000,4.00000000,2.42179212,0.00000000,0.14363034,0,1.57820788
0.06996000,10.00000000,4.00000000,2.40619985,0.00000000,0.14416892,0,1.59380015
0.06998000,10.00000000,4.00000000,2.39074041,0.00000000,0.14471154,0,1.60925959
0.07000000,10.00000000,4.00000000,2.37541287,0.00000000,0.14525818,0,1.62458713
0.07002000,10.00000000,4.00000000,2.36021628,0.00000000,0.14580880,0,1.63978372
0.07004000,10.00000000,4.00000000,2.34514973,0.00000000,0.14636336,0,1.65485027
0.07006000,10.00000000,4.00000000,2.33021229,0.00000000,0.14692184,0,1.66978771
0.07008000,10.00000000,4.00000000,2.31540305,0.00000000,0.14748419,0,1.68459695
0.07010000,10.00000000,4.00000000,2.30072110,0.00000000,0.14805040,0,1.69927890
0.07012000,10.00000000,4.00000000,2.28616554,0.00000000,0.14862042,0,1.71383446
0.07014000,10.00000000,4.00000000,2.27173547,0.00000000,0.14919505,0,1.72826453
0.07016000,10.00000000,4.00000000,2.25743003,0.00000000,0.14977358,0,1.74256997
0.07018000,10.00000000,4.00000000,2.24324832,0.00000000,0.15035583,0,1.75675168
0.07020000,10.00000000,4.00000000,2.22918948,0.00000000,0.15094178,0,1.77081052
0.07022000,10.00000000,4.00000000,2.21525264,0.00000000,0.15153139,0,1.78474736
0.07024000,10.00000000,4.00000000,2.20143693,0.00000000,0.15212463,0,1.79856307
0.07026000,10.00000000,4.00000000,2.18774149,0.00000000,0.15272147,0,1.81225851
0.07028000,10.00000000,4.00000000,2.17416547,0.00000000,0.15332174,0,1.82583453
0.07030000,10.00000000,4.00000000,2.16070801,0.00000000,0.15392391,0,1.83929199
0.07032000,10.00000000,4.00000000,2.14736825,0.00000000,0.15452962,0,1.85263175
0.07034000,10.00000000,4.00000000,2.13414535,0.00000000,0.15513881,0,1.86585465
0.07036000,10.00000000,4.00000000,2.12103848,0.00000000,0.15575148,0,1.87896152
0.07038000,10.00000000,4.00000000,2.10804681,0.00000000,0.15636758,0,1.89195319
0.07040000,10.00000000,4.00000000,2.09516954,0.00000000,0.15698708,0,1.90483046
0.07042000,10.00000000,4.00000000,2.08240584,0.00000000,0.15760997,0,1.91759416
0.07044000,10.00000000,4.00000000,2.06975491,0.00000000,0.15823620,0,1.93024509
0.07046000,10.00000000,4.00000000,2.05721596,0.00000000,0.15886575,0,1.94278404
0.07048000,10.00000000,4.00000000,2.04478818,0.00000000,0.15949858,0,1.95521182
0.07050000,10.00000000,4.00000000,2.03247079,0.00000000,0.16013468,0,1.96752921
0.07052000,10.00000000,4.00000000,2.02026301,0.00000000,0.16077401,0,1.97973699
0.07054000,10.00000000,4.00000000,2.00816405,0.00000000,0.16141654,0,1.99183595
0.07056000,10.00000000,4.00000000,1.99617315,0.00000000,0.16206225,0,2.00382685
0.07058000,10.00000000,4.00000000,1.98428953,0.00000000,0.16271111,0,2.01571047
0.07060000,10.00000000,4.00000000,1.97251244,0.00000000,0.16336308,0,2.02748756
0.07062000,10.00000000,4.00000000,1.96084112,0.00000000,0.16401838,0,2.03915888
0.07064000,10.00000000,4.00000000,1.94927482,0.00000000,0.16467738,0,2.05072518
0.07066000,10.00000000,4.00000000,1.93781281,0.00000000,0.16533942,0,2.06218719
0.07068000,10.00000000,4.00000000,1.92645434,0.00000000,0.16600447,0,2.07354566
0.07070000,10.00000000,4.00000000,1.91519869,0.00000000,0.16667249,0,2.08480131
0.07072000,10.00000000,4.00000000,1.90404512,0.00000000,0.16734347,0,2.09595488
0.07074000,10.00000000,4.00000000,1.89299291,0.00000000,0.16801738,0,2.10700709
0.07076000,10.00000000,4.00000000,1.88204133,0.00000000,0.16869419,0,2.11795867
0.07078000,10.00000000,4.00000000,1.87118966,0.00000000,0.16937313,0,2.12881034
0.07080000,10.00000000,4.00000000,1.86043719,0.00000000,0.17005426,0,2.13956281
0.07082000,10.00000000,4.00000000,1.84978319,0.00000000,0.17073822,0,2.15021681
0.07084000,10.00000000,4.00000000,1.83922695,0.00000000,0.17142499,0,2.16077305
0.07086000,10.00000000,4.00000000,1.82876779,0.00000000,0.17211454,0,2.17123221
0.07088000,10.00000000,4.00000000,1.81840502,0.00000000,0.17280685,0,2.18159498
0.07090000,10.00000000,4.00000000,1.80813794,0.00000000,0.17350189,0,2.19186206
0.07092000,10.00000000,4.00000000,1.79796587,0.00000000,0.17419964,0,2.20203413
0.07094000,10.00000000,4.00000000,1.78788815,0.00000000,0.17490007,0,2.21211185
0.07096000,10.00000000,4.00000000,1.77790409,0.00000000,0.17560316,0,2.22209591
0.07098000,10.00000000,4.00000000,1.76801303,0.00000000,0.17630888,0,2.23198697
0.07100000,10.00000000,4.00000000,1.75821430,0.00000000,0.17701720,0,2.24178570
0.07102000,10.00000000,4.00000000,1.74850726,0.00672879,0.17772811,0,2.25149274
0.07104000,10.00000000,4.00000000,1.73896574,0.02015336,0.17844148,0,2.26103426
0.07106000,10.00000000,4.00000000,1.72966265,0.04020275,0.17915699,0,2.27033735
0.07108000,10.00000000,4.00000000,1.72066955,0.06677578,0.17987432,0,2.27933045
0.07110000,10.00000000,4.00000000,1.71205630,0.09974167,0.18059310,0,2.28794370
0.07112000,10.00000000,4.00000000,1.70389077,0.13894067,0.18131297,0,2.29610923
0.07114000,10.00000000,4.00000000,1.69623853,0.18418486,0.18203356,0,2.30376147
0.07116000,10.00000000,4.00000000,1.68916254,0.23525911,0.18275448,0,2.31083746
0.07118000,10.00000000,4.00000000,1.68272290,0.29192210,0.18347532,0,2.31727710
0.07120000,10.00000000,4.00000000,1.67697655,0.35390751,0.18419569,0,2.32302345
0.07122000,10.00000000,4.00000000,1.67197704,0.42092528,0.18491517,0,2.32802296
0.07124000,10.00000000,4.00000000,1.66777427,0.49266303,0.18563334,0,2.33222573
0.07126000,10.00000000,4.00000000,1.66441429,0.56878749,0.18634979,0,2.33558571
0.07128000,10.00000000,4.00000000,1.66193911,0.64894612,0.18706411,0,2.33806089
0.07130000,10.00000000,4.00000000,1.66038648,0.73276874,0.18777586,0,2.33961352
0.07132000,10.00000000,4.00000000,1.65978976,0.81986930,0.18848465,0,2.34021024
0.07134000,10.00000000,4.00000000,1.66017777,0.90984763,0.18917631,0,2.33982223
0.07136000,10.00000000,4.00000000,1.66157436,1.00223640,0.18984221,0,2.33842564
0.07138000,10.00000000,4.00000000,1.66399783,1.09652527,0.19050328,0,2.33600217
0.07140000,10.00000000,4.00000000,1.66746113,1.19228140,0.19115932,0,2.33253887
0.07142000,10.00000000,4.00000000,1.67197235,1.28906699,0.19181014,0,2.32802765
0.07144000,10.00000000,4.00000000,1.67753465,1.38644117,0.19245555,0,2.32246535
0.07146000,10.00000000,4.00000000,1.68414626,1.48396208,0.19309539,0,2.31585374
0.07148000,10.00000000,4.00000000,1.69180056,1.58118887,0.19372951,0,2.30819944
0.07150000,10.00000000,4.00000000,1.70048608,1.67768371,0.19435779,0,2.29951392
0.07152000,10.00000000,4.00000000,1.71018659,1.77301382,0.19498010,0,2.28981341
0.07154000,10.00000000,4.00000000,1.72088119,1.86675339,0.19559636,0,2.27911881
0.07156000,10.00000000,4.00000000,1.73254442,1.95848551,0.19620650,0,2.26745558
0.07158000,10.00000000,4.00000000,1.74514643,2.04780407,0.19681047,0,2.25485357
0.07160000,10.00000000,4.00000000,1.75865306,2.13431559,0.19740825,0,2.24134694
0.07162000,10.00000000,4.00000000,1.77302609,2.21764095,0.19799982,0,2.22697391
0.07164000,10.00000000,4.00000000,1.78822338,2.29741707,0.19858521,0,2.21177662
0.07166000,10.00000000,4.00000000,1.80419912,2.37329856,0.19916446,0,2.19580088
0.07168000,10.00000000,4.00000000,1.82090399,2.44495920,0.19973761,0,2.17909601
0.07170000,10.00000000,4.00000000,1.83828550,2.51209339,0.20030477,0,2.16171450
0.07172000,10.00000000,4.00000000,1.85628812,2.57441747,0.20086602,0,2.14371188
0.07174000,10.00000000,4.00000000,1.87485368,2.63167094,0.20141965,0,2.12514632
0.07176000,10.00000000,4.00000000,1.89392147,2.68361023,0.20196695,0,2.10607853
0.07178000,10.00000000,4.00000000,1.91342864,2.73002160,0.20250875,0,2.08657136
0.07180000,10.00000000,4.00000000,1.93331045,2.77072016,0.20304523,0,2.06668955
0.07182000,10.00000000,4.00000000,1.95350063,2.80554803,0.20357661,0,2.04649937
0.07184000,10.00000000,4.00000000,1.97393166,2.83437489,0.20410310,0,2.02606834
0.07186000,10.00000000,4.00000000,1.99453513,2.85709856,0.20462496,0,2.00546487
0.07188000,10.00000000,4.00000000,2.01524202,2.87364527,0.20514251,0,1.98475798
0.07190000,10.00000000,4.00000000,2.03598305,2.88397029,0.20565730,0,1.96401695
0.07192000,10.00000000,4.00000000,2.05668900,2.88806277,0.20616826,0,1.94331100
0.07194000,10.00000000,4.00000000,2.07729105,2.88593519,0.20667566,0,1.92270895
0.07196000,10.00000000,4.00000000,2.09772106,2.87762853,0.20717979,0,1.90227894
0.07198000,10.00000000,4.00000000,2.11791188,2.86321204,0.20768097,0,1.88208812
0.07200000,10.00000000,4.00000000,2.13779764,2.84278278,0.20817950,0,1.86220236
0.07202000,10.00000000,4.00000000,2.15731408,2.81646507,0.20867568,0,1.84268592
0.07204000,10.00000000,4.00000000,2.17639881,2.78440979,0.20916836,0,1.82360119
0.07206000,10.00000000,4.00000000,2.19499158,2.74678779,0.20965852,0,1.80500842
0.07208000,10.00000000,4.00000000,2.21303451,2.70379741,0.21014736,0,1.78696549
0.07210000,10.00000000,4.00000000,2.23047238,2.65566441,0.21063518,0,1.76952762
0.07212000,10.00000000,4.00000000,2.24725294,2.60263732,0.21112230,0,1.75274706
0.07214000,10.00000000,4.00000000,2.26332707,2.54498618,0.21160902,0,1.73667293
0.07216000,10.00000000,4.00000000,2.27864905,2.48300123,0.21209564,0,1.72135095
0.07218000,10.00000000,4.00000000,2.29317672,2.41699149,0.21258303,0,1.70682328
0.07220000,10.00000000,4.00000000,2.30687169,2.34728559,0.21307149,0,1.69312831
0.07222000,10.00000000,4.00000000,2.31969952,2.27422789,0.21356063,0,1.68030048
0.07224000,10.00000000,4.00000000,2.33162983,2.19817419,0.21405070,0,1.66837017
0.07226000,10.00000000,4.00000000,2.34263644,2.11949258,0.21454193,0,1.65736356
0.07228000,10.00000000,4.00000000,2.35269743,2.03856170,0.21503454,0,1.64730257
0.07230000,10.00000000,4.00000000,2.36179526,1.95576899,0.21552873,0,1.63820474
0.07232000,10.00000000,4.00000000,2.36991682,1.87150881,0.21602469,0,1.63008318
0.07234000,10.00000000,4.00000000,2.37705348,1.78618061,0.21652259,0,1.62294652
0.07236000,10.00000000,4.00000000,2.38320108,1.70018708,0.21702257,0,1.61679892
0.07238000,10.00000000,4.00000000,2.38835997,1.61393225,0.21752475,0,1.61164003
0.07240000,10.00000000,4.00000000,2.39253497,1.52781962,0.21802926,0,1.60746503
0.07242000,10.00000000,4.00000000,2.39573535,1.44225033,0.21853618,0,1.60426465
0.07244000,10.00000000,4.00000000,2.39797472,1.35762129,0.21904558,0,1.60202528
0.07246000,10.00000000,4.00000000,2.39927100,1.27432338,0.21955750,0,1.60072900
0.07248000,10.00000000,4.00000000,2.39964630,1.19273966,0.22007199,0,1.60035370
0.07250000,10.00000000,4.00000000,2.39912679,1.11324366,0.22056825,0,1.60087321
0.07252000,10.00000000,4.00000000,2.39774213,1.03611457,0.22105325,0,1.60225787
0.07254000,10.00000000,4.00000000,2.39552497,0.96164698,0.22154213,0,1.60447503
0.07256000,10.00000000,4.00000000,2.39251134,0.89018236,0.22203502,0,1.60748866
0.07258000,10.00000000,4.00000000,2.38874073,0.82204748,0.22253198,0,1.61125927
0.07260000,10.00000000,4.00000000,2.38425599,0.75755300,0.22303308,0,1.61574401
0.07262000,10.00000000,4.00000000,2.37910303,0.69699204,0.22353835,0,1.62089697
0.07264000,10.00000000,4.00000000,2.37333070,0.64063888,0.22404779,0,1.62666930
0.07266000,10.00000000,4.00000000,2.36699047,0.58874777,0.22456139,0,1.63300953
0.07268000,10.00000000,4.00000000,2.36013624,0.54155180,0.22507911,0,1.63986376
0.07270000,10.00000000,4.00000000,2.35282408,0.49926185,0.22560086,0,1.64717592
0.07272000,10.00000000,4.00000000,2.34511194,0.46206575,0.22612657,0,1.65488806
0.07274000,10.00000000,4.00000000,2.33705941,0.43012743,0.22665611,0,1.66294059
0.07276000,10.00000000,4.00000000,2.32872743,0.40358620,0.22718934,0,1.67127257
0.07278000,10.00000000,4.00000000,2.32017801,0.38255625,0.22772610,0,1.67982199
0.07280000,10.00000000,4.00000000,2.31147394,0.36712614,0.22826620,0,1.68852606
0.07282000,10.00000000,4.00000000,2.30267848,0.35735847,0.22880944,0,1.69732152
0.07284000,10.00000000,4.00000000,2.29385511,0.35328964,0.22935560,0,1.70614489
0.07286000,10.00000000,4.00000000,2.28506721,0.35492981,0.22990443,0,1.71493279
0.07288000,10.00000000,4.00000000,2.27637777,0.36226285,0.23045567,0,1.72362223
0.07290000,10.00000000,4.00000000,2.26784913,0.37524653,0.23100904,0,1.73215087
0.07292000,10.00000000,4.00000000,2.25954263,0.39381277,0.23156426,0,1.74045737
0.07294000,10.00000000,4.00000000,2.25151842,0.41786800,0.23212102,0,1.74848158
0.07296000,10.00000000,4.00000000,2.24383511,0.44729368,0.23267901,0,1.75616489
0.07298000,10.00000000,4.00000000,2.23654954,0.48194698,0.23323823,0,1.76345046
0.07300000,10.00000000,4.00000000,2.22971655,0.52166266,0.23379795,0,1.77028345
0.07302000,10.00000000,4.00000000,2.22338868,0.56625109,0.23435781,0,1.77661132
0.07304000,10.00000000,4.00000000,2.21761597,0.61550072,0.23491746,0,1.78238403
0.07306000,10.00000000,4.00000000,2.21244573,0.66917906,0.23547654,0,1.78755427
0.07308000,10.00000000,4.00000000,2.20792230,0.72703388,0.23603468,0,1.79207770
0.07310000,10.00000000,4.00000000,2.20408690,0.78879433,0.23659151,0,1.79591310
0.07312000,10.00000000,4.00000000,2.20097739,0.85417230,0.23714666,0,1.79902261
0.07314000,10.00000000,4.00000000,2.19862818,0.92286371,0.23769978,0,1.80137182
0.07316000,10.00000000,4.00000000,2.19707000,0.99455001,0.23825047,0,1.80293000
0.07318000,10.00000000,4.00000000,2.19632983,1.06889960,0.23879813,0,1.80367017
0.07320000,10.00000000,4.00000000,2.19643075,1.14556835,0.23933891,0,1.80356925
0.07322000,10.00000000,4.00000000,2.19739176,1.22418840,0.23984729,0,1.80260824
0.07324000,10.00000000,4.00000000,2.19922708,1.30428309,0.24035111,0,1.80077292
0.07326000,10.00000000,4.00000000,2.20194616,1.38548244,0.24085033,0,1.79805384
0.07328000,10.00000000,4.00000000,2.20555427,1.46741334,0.24134492,0,1.79444573
0.07330000,10.00000000,4.00000000,2.21005252,1.54970129,0.24183474,0,1.78994748
0.07332000,10.00000000,4.00000000,2.21543785,1.63197164,0.24231967,0,1.78456215
0.07334000,10.00000000,4.00000000,2.22170309,1.71385130,0.24279962,0,1.77829691
0.07336000,10.00000000,4.00000000,2.22883698,1.79497048,0.24327449,0,1.77116302
0.07338000,10.00000000,4.00000000,2.23682424,1.87496434,0.24374422,0,1.76317576
0.07340000,10.00000000,4.00000000,2.24564568,1.95347465,0.24420875,0,1.75435432
0.07342000,10.00000000,4.00000000,2.25527831,2.03015145,0.24466805,0,1.74472169
0.07344000,10.00000000,4.00000000,2.26569541,2.10465456,0.24512249,0,1.73430459
0.07346000,10.00000000,4.00000000,2.27686672,2.17665669,0.24557176,0,1.72313328
0.07348000,10.00000000,4.00000000,2.28875859,2.24584207,0.24601586,0,1.71124141
0.07350000,10.00000000,4.00000000,2.30133414,2.31190909,0.24645483,0,1.69866586
0.07352000,10.00000000,4.00000000,2.31455341,2.37457165,0.24688873,0,1.68544659
0.07354000,10.00000000,4.00000000,2.32837362,2.43356044,0.24731763,0,1.67162638
0.07356000,10.00000000,4.00000000,2.34274932,2.48862411,0.24774163,0,1.65725068
0.07358000,10.00000000,4.00000000,2.35763263,2.53953032,0.24816083,0,1.64236737
0.07360000,10.00000000,4.00000000,2.37297347,2.58606682,0.24857537,0,1.62702653
0.07362000,10.00000000,4.00000000,2.38871983,2.62804226,0.24898538,0,1.61128017
0.07364000,10.00000000,4.00000000,2.40481794,2.66528703,0.24939103,0,1.59518206
0.07366000,10.00000000,4.00000000,2.42121261,2.69765399,0.24979249,0,1.57878739
0.07368000,10.00000000,4.00000000,2.43784744,2.72501900,0.25018995,0,1.56215256
0.07370000,10.00000000,4.00000000,2.45466509,2.74728144,0.25058362,0,1.54533491
0.07372000,10.00000000,4.00000000,2.47160757,2.76436458,0.25097371,0,1.52839243
0.07374000,10.00000000,4.00000000,2.48861649,2.77621584,0.25135854,0,1.51138351
0.07376000,10.00000000,4.00000000,2.50563328,2.78279933,0.25173993,0,1.49436672
0.07378000,10.00000000,4.00000000,2.52259949,2.78410983,0.25211847,0,1.47740051
0.07380000,10.00000000,4.00000000,2.53945705,2.78016781,0.25249441,0,1.46054295
0.07382000,10.00000000,4.00000000,2.55614860,2.77101783,0.25286802,0,1.44385140
0.07384000,10.00000000,4.00000000,2.57261771,2.75672833,0.25323959,0,1.42738229
0.07386000,10.00000000,4.00000000,2.58880915,2.73739115,0.25360937,0,1.41119085
0.07388000,10.00000000,4.00000000,2.60466915,2.71312104,0.25397808,0,1.39533085
0.07390000,10.00000000,4.00000000,2.62014564,2.68405678,0.25434610,0,1.37985436
0.07392000,10.00000000,4.00000000,2.63518849,2.65035909,0.25471315,0,1.36481151
0.07394000,10.00000000,4.00000000,2.64974974,2.61220721,0.25507950,0,1.35025026
0.07396000,10.00000000,4.00000000,2.66378380,2.56980020,0.25544543,0,1.33621620
0.07398000,10.00000000,4.00000000,2.67724763,2.52335596,0.25581120,0,1.32275237
0.07400000,10.00000000,4.00000000,2.69010094,2.47311006,0.25617706,0,1.30989906
0.07402000,10.00000000,4.00000000,2.70230637,2.41931468,0.25654328,0,1.29769363
0.07404000,10.00000000,4.00000000,2.71382967,2.36223731,0.25691007,0,1.28617033
0.07406000,10.00000000,4.00000000,2.72463979,2.30215947,0.25727769,0,1.27536021
0.07408000,10.00000000,4.00000000,2.73470907,2.23937535,0.25764634,0,1.26529093
0.07410000,10.00000000,4.00000000,2.74401329,2.17419039,0.25801623,0,1.25598671
0.07412000,10.00000000,4.00000000,2.75253184,2.10691981,0.25838756,0,1.24746816
0.07414000,10.00000000,4.00000000,2.76024775,2.03788715,0.25876050,0,1.23975225
0.07416000,10.00000000,4.00000000,2.76714777,1.96742268,0.25913521,0,1.23285223
0.07418000,10.00000000,4.00000000,2.77322241,1.89586187,0.25951184,0,1.22677759
0.07420000,10.00000000,4.00000000,2.77846597,1.82354382,0.25989053,0,1.22153403
0.07422000,10.00000000,4.00000000,2.78287657,1.75080968,0.26027137,0,1.21712343
0.07424000,10.00000000,4.00000000,2.78645609,1.67800102,0.26065447,0,1.21354391
0.07426000,10.00000000,4.00000000,2.78921021,1.60545828,0.26103991,0,1.21078979
0.07428000,10.00000000,4.00000000,2.79114832,1.53351923,0.26142774,0,1.20885168
0.07430000,10.00000000,4.00000000,2.79228348,1.46251733,0.26181800,0,1.20771652
0.07432000,10.00000000,4.00000000,2.79263236,1.39278029,0.26221072,0,1.20736764
0.07434000,10.00000000,4.00000000,2.79221511,1.32462854,0.26258845,0,1.20778489
0.07436000,10.00000000,4.00000000,2.79105488,1.25830399,0.26295500,0,1.20894512
0.07438000,10.00000000,4.00000000,2.78917743,1.19405409,0.26332509,0,1.21082257
0.07440000,10.00000000,4.00000000,2.78661136,1.13217424,0.26369881,0,1.21338864
0.07442000,10.00000000,4.00000000,2.78338833,1.07294820,0.26407623,0,1.21661167
0.07444000,10.00000000,4.00000000,2.77954290,1.01664675,0.26445741,0,1.22045710
0.07446000,10.00000000,4.00000000,2.77511236,0.96352648,0.26484237,0,1.22488764
0.07448000,10.00000000,4.00000000,2.77013656,0.91382869,0.26523111,0,1.22986344
0.07450000,10.00000000,4.00000000,2.76465769,0.86777826,0.26562363,0,1.23534231
0.07452000,10.00000000,4.00000000,2.75872014,0.82558268,0.26601987,0,1.24127986
0.07454000,10.00000000,4.00000000,2.75237021,0.78743115,0.26641979,0,1.24762979
0.07456000,10.00000000,4.00000000,2.74565597,0.75349374,0.26682329,0,1.25434403
0.07458000,10.00000000,4.00000000,2.73862697,0.72392066,0.26723027,0,1.26137303
0.07460000,10.00000000,4.00000000,2.73133406,0.69884161,0.26764062,0,1.26866594
0.07462000,10.00000000,4.00000000,2.72382911,0.67836525,0.26805418,0,1.27617089
0.07464000,10.00000000,4.00000000,2.71616481,0.66257877,0.26847080,0,1.28383519
0.07466000,10.00000000,4.00000000,2.70839437,0.65154750,0.26889030,0,1.29160563
0.07468000,10.00000000,4.00000000,2.70057135,0.64531472,0.26931249,0,1.29942865
0.07470000,10.00000000,4.00000000,2.69274933,0.64390146,0.26973714,0,1.30725067
0.07472000,10.00000000,4.00000000,2.68498173,0.64730652,0.27016404,0,1.31501827
0.07474000,10.00000000,4.00000000,2.67732152,0.65550650,0.27059295,0,1.32267848
0.07476000,10.00000000,4.00000000,2.66982100,0.66845597,0.27102360,0,1.33017900
0.07478000,10.00000000,4.00000000,2.66253156,0.68608774,0.27145574,0,1.33746844
0.07480000,10.00000000,4.00000000,2.65550345,0.70831322,0.27188908,0,1.34449655
0.07482000,10.00000000,4.00000000,2.64878551,0.73502288,0.27232335,0,1.35121449
0.07484000,10.00000000,4.00000000,2.64242503,0.76608684,0.27275824,0,1.35757497
0.07486000,10.00000000,4.00000000,2.63646744,0.80135546,0.27319345,0,1.36353256
0.07488000,10.00000000,4.00000000,2.63095619,0.84066012,0.27362869,0,1.36904381
0.07490000,10.00000000,4.00000000,2.62593251,0.88381403,0.27406362,0,1.37406749
0.07492000,10.00000000,4.00000000,2.62143523,0.93061314,0.27449795,0,1.37856477
0.07494000,10.00000000,4.00000000,2.61750061,0.98083711,0.27493135,0,1.38249939
0.07496000,10.00000000,4.00000000,2.61416219,1.03425036,0.27536351,0,1.38583781
0.07498000,10.00000000,4.00000000,2.61145063,1.09060320,0.27579411,0,1.38854937
0.07500000,10.00000000,4.00000000,2.60939359,1.14963302,0.27622283,0,1.39060641
0.07502000,10.00000000,4.00000000,2.60801559,1.21106549,0.27664936,0,1.39198441
0.07504000,10.00000000,4.00000000,2.60733791,1.27461588,0.27707340,0,1.39266209
0.07506000,10.00000000,4.00000000,2.60737853,1.33999040,0.27749297,0,1.39262147
0.07508000,10.00000000,4.00000000,2.60815197,1.40688079,0.27788068,0,1.39184803
0.07510000,10.00000000,4.00000000,2.60966863,1.47486426,0.27826460,0,1.39033137
0.07512000,10.00000000,4.00000000,2.61193475,1.54362702,0.27864464,0,1.38806525
0.07514000,10.00000000,4.00000000,2.61495309,1.61285308,0.27902068,0,1.38504691
0.07516000,10.00000000,4.00000000,2.61872283,1.68222561,0.27939263,0,1.38127717
0.07518000,10.00000000,4.00000000,2.62323970,1.75142841,0.27976041,0,1.37676030
0.07520000,10.00000000,4.00000000,2.62849592,1.82014738,0.28012393,0,1.37150408
0.07522000,10.00000000,4.00000000,2.63448031,1.88807190,0.28048316,0,1.36551969
0.07524000,10.00000000,4.00000000,2.64117833,1.95489630,0.28083804,0,1.35882167
0.07526000,10.00000000,4.00000000,2.64857218,2.02032121,0.28118855,0,1.35142782
0.07528000,10.00000000,4.00000000,2.65664086,2.08405492,0.28153469,0,1.34335914
0.07530000,10.00000000,4.00000000,2.66536032,2.14581469,0.28187645,0,1.33463968
0.07532000,10.00000000,4.00000000,2.67470356,2.20532803,0.28221387,0,1.32529644
0.07534000,10.00000000,4.00000000,2.68464079,2.26233389,0.28254696,0,1.31535921
0.07536000,10.00000000,4.00000000,2.69513952,2.31658383,0.28287580,0,1.30486048
0.07538000,10.00000000,4.00000000,2.70616481,2.36784311,0.28320044,0,1.29383519
0.07540000,10.00000000,4.00000000,2.71767936,2.41589171,0.28352098,0,1.28232064
0.07542000,10.00000000,4.00000000,2.72964374,2.46052530,0.28383750,0,1.27035626
0.07544000,10.00000000,4.00000000,2.74201657,2.50155612,0.28415012,0,1.25798343
0.07546000,10.00000000,4.00000000,2.75475469,2.53881377,0.28445896,0,1.24524531
0.07548000,10.00000000,4.00000000,2.76781341,2.57214593,0.28476418,0,1.23218659
0.07550000,10.00000000,4.00000000,2.78114672,2.60141898,0.28506591,0,1.21885328
0.07552000,10.00000000,4.00000000,2.79470744,2.62651858,0.28536284,0,1.20529256
0.07554000,10.00000000,4.00000000,2.80844752,2.64734411,0.28565625,0,1.19155248
0.07556000,10.00000000,4.00000000,2.82231815,2.66381952,0.28594671,0,1.17768185
0.07558000,10.00000000,4.00000000,2.83627010,2.67589061,0.28623442,0,1.16372990
0.07560000,10.00000000,4.00000000,2.85025391,2.68352373,0.28651959,0,1.14974609
0.07562000,10.00000000,4.00000000,2.86422013,2.68670587,0.28680244,0,1.13577987
0.07564000,10.00000000,4.00000000,2.87811957,2.68544463,0.28708319,0,1.12188043
0.07566000,10.00000000,4.00000000,2.89190350,2.67976813,0.28736226,0,1.10809650
0.07568000,10.00000000,4.00000000,2.90552390,2.66972545,0.28764019,0,1.09447610
0.07570000,10.00000000,4.00000000,2.91893367,2.65538693,0.28791674,0,1.08106633
0.07572000,10.00000000,4.00000000,2.93208684,2.63684047,0.28819213,0,1.06791316
0.07574000,10.00000000,4.00000000,2.94493878,2.61419309,0.28846661,0,1.05506122
0.07576000,10.00000000,4.00000000,2.95744642,2.58757032,0.28874043,0,1.04255358
0.07578000,10.00000000,4.00000000,2.96956837,2.55711554,0.28901381,0,1.03043163
0.07580000,10.00000000,4.00000000,2.98126521,2.52298927,0.28928701,0,1.01873479
0.07582000,10.00000000,4.00000000,2.99249957,2.48536833,0.28956024,0,1.00750043
0.07584000,10.00000000,4.00000000,3.00323633,2.44444496,0.28983373,0,0.99676367
0.07586000,10.00000000,4.00000000,3.01344281,2.40042588,0.29010771,0,0.98655719
0.07588000,10.00000000,4.00000000,3.02308884,2.35353126,0.29038239,0,0.97691116
0.07590000,10.00000000,4.00000000,3.03214696,2.30399363,0.29065796,0,0.96785304
0.07592000,10.00000000,4.00000000,3.04059247,2.25205680,0.29093462,0,0.95940753
0.07594000,10.00000000,4.00000000,3.04840358,2.19797461,0.29121255,0,0.95159642
0.07596000,10.00000000,4.00000000,3.05556149,2.14200977,0.29149193,0,0.94443851
0.07598000,10.00000000,4.00000000,3.06205045,2.08443257,0.29177289,0,0.93794955
0.07600000,10.00000000,4.00000000,3.06785783,2.02551959,0.29205560,0,0.93214217
0.07602000,10.00000000,4.00000000,3.07297415,1.96555244,0.29234017,0,0.92702585
0.07604000,10.00000000,4.00000000,3.07739316,1.90481634,0.29262672,0,0.92260684
0.07606000,10.00000000,4.00000000,3.08111178,1.84359887,0.29291535,0,0.91888822
0.07608000,10.00000000,4.00000000,3.08413017,1.78218857,0.29320614,0,0.91586983
0.07610000,10.00000000,4.00000000,3.08645166,1.72087362,0.29349915,0,0.91354834
0.07612000,10.00000000,4.00000000,3.08808276,1.65994049,0.29379445,0,0.91191724
0.07614000,10.00000000,4.00000000,3.08903311,1.59967263,0.29409206,0,0.91096689
0.07616000,10.00000000,4.00000000,3.08931539,1.54034914,0.29439200,0,0.91068461
0.07618000,10.00000000,4.00000000,3.08894530,1.48224354,0.29467832,0,0.91105470
0.07620000,10.00000000,4.00000000,3.08794108,1.42555874,0.29495559,0,0.91205892
0.07622000,10.00000000,4.00000000,3.08632318,1.37050815,0.29523606,0,0.91367682
0.07624000,10.00000000,4.00000000,3.08411451,1.31734557,0.29551981,0,0.91588549
0.07626000,10.00000000,4.00000000,3.08134063,1.26631541,0.29580691,0,0.91865937
0.07628000,10.00000000,4.00000000,3.07802962,1.21765160,0.29609740,0,0.92197038
0.07630000,10.00000000,4.00000000,3.07421191,1.17157653,0.29639129,0,0.92578809
0.07632000,10.00000000,4.00000000,3.06992017,1.12830005,0.29668859,0,0.93007983
0.07634000,10.00000000,4.00000000,3.06518913,1.08801852,0.29698929,0,0.93481087
0.07636000,10.00000000,4.00000000,3.06005544,1.05091397,0.29729334,0,0.93994456
0.07638000,10.00000000,4.00000000,3.05455747,1.01715325,0.29760068,0,0.94544253
0.07640000,10.00000000,4.00000000,3.04873515,0.98688733,0.29791126,0,0.95126485
0.07642000,10.00000000,4.00000000,3.04262974,0.96025065,0.29822496,0,0.95737026
0.07644000,10.00000000,4.00000000,3.03628370,0.93736052,0.29854169,0,0.96371630
0.07646000,10.00000000,4.00000000,3.02974045,0.91831663,0.29886132,0,0.97025955
0.07648000,10.00000000,4.00000000,3.02304416,0.90320064,0.29918371,0,0.97695584
0.07650000,10.00000000,4.00000000,3.01623957,0.89207586,0.29950869,0,0.98376043
0.07652000,10.00000000,4.00000000,3.00937177,0.88498699,0.29983609,0,0.99062823
0.07654000,10.00000000,4.00000000,3.00248599,0.88195996,0.30016574,0,0.99751401
0.07656000,10.00000000,4.00000000,2.99562739,0.88300190,0.30049742,0,1.00437261
0.07658000,10.00000000,4.00000000,2.98884086,0.88810109,0.30083094,0,1.01115914
0.07660000,10.00000000,4.00000000,2.98217080,0.89722713,0.30116606,0,1.01782920
0.07662000,10.00000000,4.00000000,2.97566093,0.91033107,0.30150255,0,1.02433907
0.07664000,10.00000000,4.00000000,2.96935409,0.92734576,0.30184018,0,1.03064591
0.07666000,10.00000000,4.00000000,2.96329202,0.94818610,0.30217869,0,1.03670798
0.07668000,10.00000000,4.00000000,2.95751520,0.97274959,0.30251783,0,1.04248480
0.07670000,10.00000000,4.00000000,2.95206266,1.00091678,0.30285733,0,1.04793734
0.07672000,10.00000000,4.00000000,2.94697179,1.03255185,0.30319692,0,1.05302821
0.07674000,10.00000000,4.00000000,2.94227819,1.06750336,0.30353634,0,1.05772181
0.07676000,10.00000000,4.00000000,2.93801549,1.10560489,0.30387531,0,1.06198451
0.07678000,10.00000000,4.00000000,2.93421522,1.14667591,0.30421356,0,1.06578478
0.07680000,10.00000000,4.00000000,2.93090666,1.19052261,0.30455080,0,1.06909334
0.07682000,10.00000000,4.00000000,2.92811671,1.23693886,0.30488678,0,1.07188329
0.07684000,10.00000000,4.00000000,2.92586976,1.28570714,0.30522120,0,1.07413024
0.07686000,10.00000000,4.00000000,2.92418761,1.33659961,0.30555381,0,1.07581239
0.07688000,10.00000000,4.00000000,2.92308937,1.38937919,0.30588434,0,1.07691063
0.07690000,10.00000000,4.00000000,2.92259136,1.44380063,0.30621253,0,1.07740864
0.07692000,10.00000000,4.00000000,2.92270704,1.49961170,0.30653315,0,1.07729296
0.07694000,10.00000000,4.00000000,2.92344687,1.55653446,0.30682909,0,1.07655313
0.07696000,10.00000000,4.00000000,2.92481779,1.61421900,0.30712168,0,1.07518221
0.07698000,10.00000000,4.00000000,2.92682326,1.67239868,0.30741084,0,1.07317674
0.07700000,10.00000000,4.00000000,2.92946376,1.73080579,0.30769650,0,1.07053624
0.07702000,10.00000000,4.00000000,2.93273680,1.78917268,0.30797858,0,1.06726320
0.07704000,10.00000000,4.00000000,2.93663697,1.84723301,0.30825703,0,1.06336303
0.07706000,10.00000000,4.00000000,2.94115593,1.90472299,0.30853180,0,1.05884407
0.07708000,10.00000000,4.00000000,2.94628247,1.96138254,0.30880287,0,1.05371753
0.07710000,10.00000000,4.00000000,2.95200262,2.01695652,0.30907022,0,1.04799738
0.07712000,10.00000000,4.00000000,2.95829967,2.07119584,0.30933383,0,1.04170033
0.07714000,10.00000000,4.00000000,2.96515428,2.12385861,0.30959373,0,1.03484572
0.07716000,10.00000000,4.00000000,2.97254459,2.17471123,0.30984994,0,1.02745541
0.07718000,10.00000000,4.00000000,2.98044633,2.22352940,0.31010248,0,1.01955367
0.07720000,10.00000000,4.00000000,2.98883293,2.27009916,0.31035142,0,1.01116707
0.07722000,10.00000000,4.00000000,2.99767564,2.31421782,0.31059681,0,1.00232436
0.07724000,10.00000000,4.00000000,3.00694372,2.35569481,0.31083872,0,0.99305628
0.07726000,10.00000000,4.00000000,3.01660455,2.39435257,0.31107726,0,0.98339545
0.07728000,10.00000000,4.00000000,3.02662378,2.43002729,0.31131251,0,0.97337622
0.07730000,10.00000000,4.00000000,3.03696554,2.46256962,0.31154460,0,0.96303446
0.07732000,10.00000000,4.00000000,3.04759257,2.49184527,0.31177365,0,0.95240743
0.07734000,10.00000000,4.00000000,3.05846643,2.51773562,0.31199978,0,0.94153357
0.07736000,10.00000000,4.00000000,3.06954766,2.54013818,0.31222316,0,0.93045234
0.07738000,10.00000000,4.00000000,3.08079597,2.55896700,0.31244394,0,0.91920403
0.07740000,10.00000000,4.00000000,3.09217043,2.57415298,0.31266193,0,0.90782957
0.07742000,10.00000000,4.00000000,3.10362968,2.58564280,0.31287641,0,0.89637032
0.07744000,10.00000000,4.00000000,3.11513205,2.59339684,0.31308881,0,0.88486795
0.07746000,10.00000000,4.00000000,3.12663581,2.59739787,0.31329932,0,0.87336419
0.07748000,10.00000000,4.00000000,3.13809934,2.59764610,0.31350814,0,0.86190066
0.07750000,10.00000000,4.00000000,3.14948136,2.59415914,0.31371548,0,0.85051864
0.07752000,10.00000000,4.00000000,3.16074113,2.58697180,0.31392153,0,0.83925887
0.07754000,10.00000000,4.00000000,3.17183859,2.57613591,0.31412652,0,0.82816141
0.07756000,10.00000000,4.00000000,3.18273457,2.56172000,0.31433101,0,0.81726543
0.07758000,10.00000000,4.00000000,3.19339100,2.54381031,0.31453492,0,0.80660900
0.07760000,10.00000000,4.00000000,3.20377102,2.52250779,0.31473840,0,0.79622898
0.07762000,10.00000000,4.00000000,3.21383921,2.49792837,0.31494164,0,0.78616079
0.07764000,10.00000000,4.00000000,3.22356170,2.47020269,0.31514486,0,0.77643830
0.07766000,10.00000000,4.00000000,3.23290634,2.43947543,0.31534826,0,0.76709366
0.07768000,10.00000000,4.00000000,3.24184281,2.40590457,0.31555204,0,0.75815719
0.07770000,10.00000000,4.00000000,3.25034282,2.36966061,0.31575639,0,0.74965718
0.07772000,10.00000000,4.00000000,3.25838016,2.33092573,0.31596149,0,0.74161984
0.07774000,10.00000000,4.00000000,3.26593085,2.28989289,0.31616752,0,0.73406915
0.07776000,10.00000000,4.00000000,3.27297325,2.24676487,0.31637465,0,0.72702675
0.07778000,10.00000000,4.00000000,3.27948812,2.20175334,0.31658305,0,0.72051188
0.07780000,10.00000000,4.00000000,3.28545873,2.15507777,0.31679285,0,0.71454127
0.07782000,10.00000000,4.00000000,3.29087091,2.10696441,0.31700419,0,0.70912909
0.07784000,10.00000000,4.00000000,3.29571309,2.05764523,0.31721721,0,0.70428691
0.07786000,10.00000000,4.00000000,3.29997638,2.00735675,0.31743200,0,0.70002362
0.07788000,10.00000000,4.00000000,3.30365458,1.95633899,0.31764868,0,0.69634542
0.07790000,10.00000000,4.00000000,3.30674420,1.90483429,0.31786732,0,0.69325580
0.07792000,10.00000000,4.00000000,3.30924444,1.85308622,0.31808800,0,0.69075556
0.07794000,10.00000000,4.00000000,3.31115723,1.80133836,0.31831077,0,0.68884277
0.07796000,10.00000000,4.00000000,3.31248717,1.74983325,0.31853568,0,0.68751283
0.07798000,10.00000000,4.00000000,3.31324152,1.69881122,0.31876277,0,0.68675848
0.07800000,10.00000000,4.00000000,3.31343014,1.64850929,0.31899203,0,0.68656986
0.07802000,10.00000000,4.00000000,3.31306543,1.59916008,0.31920746,0,0.68693457
0.07804000,10.00000000,4.00000000,3.31216192,1.55092678,0.31941743,0,0.68783808
0.07806000,10.00000000,4.00000000,3.31073603,1.50399982,0.31963029,0,0.68926397
0.07808000,10.00000000,4.00000000,3.30880633,1.45859606,0.31984610,0,0.69119367
0.07810000,10.00000000,4.00000000,3.30639367,1.41492475,0.32006492,0,0.69360633
0.07812000,10.00000000,4.00000000,3.30352103,1.37318658,0.32028678,0,0.69647897
0.07814000,10.00000000,4.00000000,3.30021346,1.33357273,0.32051168,0,0.69978654
0.07816000,10.00000000,4.00000000,3.29649791,1.29626407,0.32073964,0,0.70350209
0.07818000,10.00000000,4.00000000,3.29240313,1.26143029,0.32097063,0,0.70759687
0.07820000,10.00000000,4.00000000,3.28795955,1.22922917,0.32120461,0,0.71204045
0.07822000,10.00000000,4.00000000,3.28319906,1.19980588,0.32144154,0,0.71680094
0.07824000,10.00000000,4.00000000,3.27815497,1.17329236,0.32168134,0,0.72184503
0.07826000,10.00000000,4.00000000,3.27286174,1.14980667,0.32192394,0,0.72713826
0.07828000,10.00000000,4.00000000,3.26735489,1.12945259,0.32216923,0,0.73264511
0.07830000,10.00000000,4.00000000,3.26167082,1.11231906,0.32241710,0,0.73832918
0.07832000,10.00000000,4.00000000,3.25584661,1.09847992,0.32266742,0,0.74415339
0.07834000,10.00000000,4.00000000,3.24991988,1.08799353,0.32292006,0,0.75008012
0.07836000,10.00000000,4.00000000,3.24392859,1.08090255,0.32317486,0,0.75607141
0.07838000,10.00000000,4.00000000,3.23791090,1.07723382,0.32343165,0,0.76208910
0.07840000,10.00000000,4.00000000,3.23190493,1.07699828,0.32369026,0,0.76809507
0.07842000,10.00000000,4.00000000,3.22594866,1.08019089,0.32395051,0,0.77405134
0.07844000,10.00000000,4.00000000,3.22007969,1.08679079,0.32421220,0,0.77992031
0.07846000,10.00000000,4.00000000,3.21433510,1.09676138,0.32447512,0,0.78566490
0.07848000,10.00000000,4.00000000,3.20875128,1.11005053,0.32473906,0,0.79124872
0.07850000,10.00000000,4.00000000,3.20336374,1.12659091,0.32500381,0,0.79663626
0.07852000,10.00000000,4.00000000,3.19820697,1.14630027,0.32526914,0,0.80179303
0.07854000,10.00000000,4.00000000,3.19331430,1.16908192,0.32553482,0,0.80668570
0.07856000,10.00000000,4.00000000,3.18871769,1.19482520,0.32580062,0,0.81128231
0.07858000,10.00000000,4.00000000,3.18444765,1.22340599,0.32606630,0,0.81555235
0.07860000,10.00000000,4.00000000,3.18053306,1.25468736,0.32633162,0,0.81946694
0.07862000,10.00000000,4.00000000,3.17700105,1.28852022,0.32659635,0,0.82299895
0.07864000,10.00000000,4.00000000,3.17387689,1.32474403,0.32686025,0,0.82612311
0.07866000,10.00000000,4.00000000,3.17118388,1.36318758,0.32712307,0,0.82881612
0.07868000,10.00000000,4.00000000,3.16894323,1.40366983,0.32738458,0,0.83105677
0.07870000,10.00000000,4.00000000,3.16717398,1.44600070,0.32764455,0,0.83282602
0.07872000,10.00000000,4.00000000,3.16589290,1.48998205,0.32790275,0,0.83410710
0.07874000,10.00000000,4.00000000,3.16511444,1.53540857,0.32815897,0,0.83488556
0.07876000,10.00000000,4.00000000,3.16485066,1.58206874,0.32841297,0,0.83514934
0.07878000,10.00000000,4.00000000,3.16511119,1.62974584,0.32865311,0,0.83488881
0.07880000,10.00000000,4.00000000,3.16590291,1.67817324,0.32887875,0,0.83409709
0.07882000,10.00000000,4.00000000,3.16722968,1.72707959,0.32910143,0,0.83277032
0.07884000,10.00000000,4.00000000,3.16909261,1.77623870,0.32932108,0,0.83090739
0.07886000,10.00000000,4.00000000,3.17149025,1.82542421,0.32953765,0,0.82850975
0.07888000,10.00000000,4.00000000,3.17441869,1.87441063,0.32975110,0,0.82558131
0.07890000,10.00000000,4.00000000,3.17787154,1.92297432,0.32996139,0,0.82212846
0.07892000,10.00000000,4.00000000,3.18183999,1.97089458,0.33016850,0,0.81816001
0.07894000,10.00000000,4.00000000,3.18631283,2.01795459,0.33037241,0,0.81368717
0.07896000,10.00000000,4.00000000,3.19127657,2.06394246,0.33057313,0,0.80872343
0.07898000,10.00000000,4.00000000,3.19671546,2.10865213,0.33077067,0,0.80328454
0.07900000,10.00000000,4.00000000,3.20261159,2.15188433,0.33096506,0,0.79738841
0.07902000,10.00000000,4.00000000,3.20894499,2.19344747,0.33115632,0,0.79105501
0.07904000,10.00000000,4.00000000,3.21569371,2.23315848,0.33134452,0,0.78430629
0.07906000,10.00000000,4.00000000,3.22283396,2.27084364,0.33152969,0,0.77716604
0.07908000,10.00000000,4.00000000,3.23034021,2.30633932,0.33171192,0,0.76965979
0.07910000,10.00000000,4.00000000,3.23818532,2.33949272,0.33189129,0,0.76181468
0.07912000,10.00000000,4.00000000,3.24634066,2.37016251,0.33206788,0,0.75365934
0.07914000,10.00000000,4.00000000,3.25477625,2.39821947,0.33224180,0,0.74522375
0.07916000,10.00000000,4.00000000,3.26346096,2.42354701,0.33241317,0,0.73653904
0.07918000,10.00000000,4.00000000,3.27236255,2.44604165,0.33258209,0,0.72763745
0.07920000,10.00000000,4.00000000,3.28144793,2.46561349,0.33274871,0,0.71855207
0.07922000,10.00000000,4.00000000,3.29068327,2.48218652,0.33291316,0,0.70931673
0.07924000,10.00000000,4.00000000,3.30003415,2.49569896,0.33307559,0,0.69996585
0.07926000,10.00000000,4.00000000,3.30946574,2.50610346,0.33323616,0,0.69053426
0.07928000,10.00000000,4.00000000,3.31894296,2.51336728,0.33339501,0,0.68105704
0.07930000,10.00000000,4.00000000,3.32843066,2.51747236,0.33355232,0,0.67156934
0.07932000,10.00000000,4.00000000,3.33789373,2.51841538,0.33370827,0,0.66210627
0.07934000,10.00000000,4.00000000,3.34729733,2.51620768,0.33386301,0,0.65270267
0.07936000,10.00000000,4.00000000,3.35660700,2.51087516,0.33401674,0,0.64339300
0.07938000,10.00000000,4.00000000,3.36578887,2.50245813,0.33416963,0,0.63421113
0.07940000,10.00000000,4.00000000,3.37480973,2.49101101,0.33432186,0,0.62519027
0.07942000,10.00000000,4.00000000,3.38363729,2.47660206,0.33447361,0,0.61636271
0.07944000,10.00000000,4.00000000,3.39224023,2.45931300,0.33462507,0,0.60775977
0.07946000,10.00000000,4.00000000,3.40058841,2.43923857,0.33477561,0,0.59941159
0.07948000,10.00000000,4.00000000,3.40865293,2.41648282,0.33492589,0,0.59134707
0.07950000,10.00000000,4.00000000,3.41640630,2.39116374,0.33507646,0,0.58359370
0.07952000,10.00000000,4.00000000,3.42382255,2.36341215,0.33522748,0,0.57617745
0.07954000,10.00000000,4.00000000,3.43087739,2.33336965,0.33537912,0,0.56912261
0.07956000,10.00000000,4.00000000,3.43754826,2.30118786,0.33553156,0,0.56245174
0.07958000,10.00000000,4.00000000,3.44381447,2.26702773,0.33568494,0,0.55618553
0.07960000,10.00000000,4.00000000,3.44965727,2.23105874,0.33583963,0,0.55034273
0.07962000,10.00000000,4.00000000,3.45505994,2.19345890,0.33599555,0,0.54494006
0.07964000,10.00000000,4.00000000,3.46000788,2.15441215,0.33615281,0,0.53999212
0.07966000,10.00000000,4.00000000,3.46448861,2.11410833,0.33631153,0,0.53551139
0.07968000,10.00000000,4.00000000,3.46849187,2.07274231,0.33647184,0,0.53150813
0.07970000,10.00000000,4.00000000,3.47200964,2.03051307,0.33663381,0,0.52799036
0.07972000,10.00000000,4.00000000,3.47503616,1.98762272,0.33679755,0,0.52496384
0.07974000,10.00000000,4.00000000,3.47756796,1.94427556,0.33696311,0,0.52243204
0.07976000,10.00000000,4.00000000,3.47960385,1.90067713,0.33713057,0,0.52039615
0.07978000,10.00000000,4.00000000,3.48114495,1.85703322,0.33729998,0,0.51885505
0.07980000,10.00000000,4.00000000,3.48219463,1.81354893,0.33747136,0,0.51780537
0.07982000,10.00000000,4.00000000,3.48275850,1.77042769,0.33764475,0,0.51724150
0.07984000,10.00000000,4.00000000,3.48284441,1.72787036,0.33782016,0,0.51715559
0.07986000,10.00000000,4.00000000,3.48246234,1.68607424,0.33798065,0,0.51753766
0.07988000,10.00000000,4.00000000,3.48162402,1.64516457,0.33813985,0,0.51837598
0.07990000,10.00000000,4.00000000,3.48034277,1.60531609,0.33830164,0,0.51965723
0.07992000,10.00000000,4.00000000,3.47863384,1.56671337,0.33846608,0,0.52136616
0.07994000,10.00000000,4.00000000,3.47651439,1.52953469,0.33863321,0,0.52348561
0.07996000,10.00000000,4.00000000,3.47400343,1.49395125,0.33880304,0,0.52599657
0.07998000,10.00000000,4.00000000,3.47112173,1.46012638,0.33897559,0,0.52887827
0.08000000,10.00000000,4.00000000,3.46789168,1.42821483,0.33915085,0,0.53210832
0.08002000,10.00000000,4.00000000,3.46433723,1.39836204,0.33932880,0,0.53566277
0.08004000,10.00000000,4.00000000,3.46048376,1.37070351,0.33950941,0,0.53951624
0.08006000,10.00000000,4.00000000,3.45635792,1.34536418,0.33969262,0,0.54364208
0.08008000,10.00000000,4.00000000,3.45198759,1.32245788,0.33987838,0,0.54801241
0.08010000,10.00000000,4.00000000,3.44740163,1.30208687,0.34006661,0,0.55259837
0.08012000,10.00000000,4.00000000,3.44262985,1.28434131,0.34025721,0,0.55737015
0.08014000,10.00000000,4.00000000,3.43770282,1.26929897,0.34045009,0,0.56229718
0.08016000,10.00000000,4.00000000,3.43265171,1.25702483,0.34064521,0,0.56734829
0.08018000,10.00000000,4.00000000,3.42750819,1.24757114,0.34084247,0,0.57249181
0.08020000,10.00000000,4.00000000,3.42230426,1.24097704,0.34104162,0,0.57769574
0.08022000,10.00000000,4.00000000,3.41707208,1.23726787,0.34124253,0,0.58292792
0.08024000,10.00000000,4.00000000,3.41184385,1.23645548,0.34144504,0,0.58815615
0.08026000,10.00000000,4.00000000,3.40665165,1.23853826,0.34164897,0,0.59334835
0.08028000,10.00000000,4.00000000,3.40152729,1.24350115,0.34185417,0,0.59847271
0.08030000,10.00000000,4.00000000,3.39650216,1.25131575,0.34206037,0,0.60349784
0.08032000,10.00000000,4.00000000,3.39160709,1.26194021,0.34226681,0,0.60839291
0.08034000,10.00000000,4.00000000,3.38687218,1.27531743,0.34247398,0,0.61312782
0.08036000,10.00000000,4.00000000,3.38232670,1.29138036,0.34268167,0,0.61767330
0.08038000,10.00000000,4.00000000,3.37799891,1.31004961,0.34288968,0,0.62200109
0.08040000,10.00000000,4.00000000,3.37391599,1.33123396,0.34309783,0,0.62608401
0.08042000,10.00000000,4.00000000,3.37010391,1.35483072,0.34330589,0,0.62989609
0.08044000,10.00000000,4.00000000,3.36658726,1.38072630,0.34351368,0,0.63341274
0.08046000,10.00000000,4.00000000,3.36338920,1.40879673,0.34372099,0,0.63661080
0.08048000,10.00000000,4.00000000,3.36053133,1.43890826,0.34392761,0,0.63946867
0.08050000,10.00000000,4.00000000,3.35803359,1.47091802,0.34413333,0,0.64196641
0.08052000,10.00000000,4.00000000,3.35591420,1.50467467,0.34433796,0,0.64408580
0.08054000,10.00000000,4.00000000,3.35418954,1.54001918,0.34454130,0,0.64581046
0.08056000,10.00000000,4.00000000,3.35287409,1.57678552,0.34474316,0,0.64712591
0.08058000,10.00000000,4.00000000,3.35198040,1.61480150,0.34494334,0,0.64801960
0.08060000,10.00000000,4.00000000,3.35151900,1.65388953,0.34514166,0,0.64848100
0.08062000,10.00000000,4.00000000,3.35149835,1.69386749,0.34533794,0,0.64850165
0.08064000,10.00000000,4.00000000,3.35192486,1.73454958,0.34551331,0,0.64807514
0.08066000,10.00000000,4.00000000,3.35280239,1.77567243,0.34568525,0,0.64719761
0.08068000,10.00000000,4.00000000,3.35413224,1.81704156,0.34585461,0,0.64586776
0.08070000,10.00000000,4.00000000,3.35591357,1.85846587,0.34602137,0,0.64408643
0.08072000,10.00000000,4.00000000,3.35814345,1.89975481,0.34618547,0,0.64185655
0.08074000,10.00000000,4.00000000,3.36081683,1.94071932,0.34634690,0,0.63918317
0.08076000,10.00000000,4.00000000,3.36392663,1.98117262,0.34650563,0,0.63607337
0.08078000,10.00000000,4.00000000,3.36746374,2.02093112,0.34666165,0,0.63253626
0.08080000,10.00000000,4.00000000,3.37141709,2.05981523,0.34681498,0,0.62858291
0.08082000,10.00000000,4.00000000,3.37577372,2.09765018,0.34696561,0,0.62422628
0.08084000,10.00000000,4.00000000,3.38051882,2.13426680,0.34711358,0,0.61948118
0.08086000,10.00000000,4.00000000,3.38563584,2.16950230,0.34725892,0,0.61436416
0.08088000,10.00000000,4.00000000,3.39110654,2.20320097,0.34740167,0,0.60889346
0.08090000,10.00000000,4.00000000,3.39691110,2.23521489,0.34754182,0,0.60308890
0.08092000,10.00000000,4.00000000,3.40302822,2.26540434,0.34767865,0,0.59697178
0.08094000,10.00000000,4.00000000,3.40943521,2.29363553,0.34781304,0,0.59056479
0.08096000,10.00000000,4.00000000,3.41610809,2.31978748,0.34794507,0,0.58389191
0.08098000,10.00000000,4.00000000,3.42302171,2.34374942,0.34807484,0,0.57697829
0.08100000,10.00000000,4.00000000,3.43014991,2.36542117,0.34820245,0,0.56985009
0.08102000,10.00000000,4.00000000,3.43746563,2.38471364,0.34832800,0,0.56253437
0.08104000,10.00000000,4.00000000,3.44494101,2.40154916,0.34845162,0,0.55505899
0.08106000,10.00000000,4.00000000,3.45254759,2.41586179,0.34857342,0,0.54745241
0.08108000,10.00000000,4.00000000,3.46025636,2.42759760,0.34869371,0,0.53974364
0.08110000,10.00000000,4.00000000,3.46803796,2.43671552,0.34881247,0,0.53196204
0.08112000,10.00000000,4.00000000,3.47586283,2.44318619,0.34892983,0,0.52413717
0.08114000,10.00000000,4.00000000,3.48370127,2.44699265,0.34904593,0,0.51629873
0.08116000,10.00000000,4.00000000,3.49152365,2.44813037,0.34916093,0,0.50847635
0.08118000,10.00000000,4.00000000,3.49930053,2.44660727,0.34927499,0,0.50069947
0.08120000,10.00000000,4.00000000,3.50700278,2.44244358,0.34938824,0,0.49299722
0.08122000,10.00000000,4.00000000,3.51460173,2.43567174,0.34950087,0,0.48539827
0.08124000,10.00000000,4.00000000,3.52206927,2.42633616,0.34961301,0,0.47793073
0.08126000,10.00000000,4.00000000,3.52937804,2.41449301,0.34972484,0,0.47062196
0.08128000,10.00000000,4.00000000,3.53650149,2.40020986,0.34983651,0,0.46349851
0.08130000,10.00000000,4.00000000,3.54341404,2.38356535,0.34994818,0,0.45658596
0.08132000,10.00000000,4.00000000,3.55009119,2.36464877,0.35006000,0,0.44990881
0.08134000,10.00000000,4.00000000,3.55650959,2.34355963,0.35017213,0,0.44349041
0.08136000,10.00000000,4.00000000,3.56264722,2.32040707,0.35028471,0,0.43735278
0.08138000,10.00000000,4.00000000,3.56848341,2.29530942,0.35039789,0,0.43151659
0.08140000,10.00000000,4.00000000,3.57399898,2.26839353,0.35051181,0,0.42600102
0.08142000,10.00000000,4.00000000,3.57917629,2.23979416,0.35062659,0,0.42082371
0.08144000,10.00000000,4.00000000,3.58399935,2.20965335,0.35074237,0,0.41600065
0.08146000,10.00000000,4.00000000,3.58845386,2.17811968,0.35085926,0,0.41154614
0.08148000,10.00000000,4.00000000,3.59252728,2.14534760,0.35097737,0,0.40747272
0.08150000,10.00000000,4.00000000,3.59620889,2.11149662,0.35109680,0,0.40379111
0.08152000,10.00000000,4.00000000,3.59948979,2.07673062,0.35121765,0,0.40051021
0.08154000,10.00000000,4.00000000,3.60236301,2.04121699,0.35134000,0,0.39763699
0.08156000,10.00000000,4.00000000,3.60482344,2.00512588,0.35146392,0,0.39517656
0.08158000,10.00000000,4.00000000,3.60686795,1.96862940,0.35158948,0,0.39313205
0.08160000,10.00000000,4.00000000,3.60849530,1.93190075,0.35171672,0,0.39150470
0.08162000,10.00000000,4.00000000,3.60970618,1.89511348,0.35184569,0,0.39029382
0.08164000,10.00000000,4.00000000,3.61050323,1.85844062,0.35197642,0,0.38949677
0.08166000,10.00000000,4.00000000,3.61089095,1.82205392,0.35210893,0,0.38910905
0.08168000,10.00000000,4.00000000,3.61087572,1.78612300,0.35224256,0,0.38912428
0.08170000,10.00000000,4.00000000,3.61046575,1.75081193,0.35236124,0,0.38953425
0.08172000,10.00000000,4.00000000,3.60967061,1.71621698,0.35248214,0,0.39032939
0.08174000,10.00000000,4.00000000,3.60850129,1.68249889,0.35260530,0,0.39149871
0.08176000,10.00000000,4.00000000,3.60697043,1.64981391,0.35273076,0,0.39302957
0.08178000,10.00000000,4.00000000,3.60509233,1.61831307,0.35285856,0,0.39490767
0.08180000,10.00000000,4.00000000,3.60288284,1.58814151,0.35298872,0,0.39711716
0.08182000,10.00000000,4.00000000,3.60035932,1.55943780,0.35312124,0,0.39964068
0.08184000,10.00000000,4.00000000,3.59754048,1.53233329,0.35325612,0,0.40245952
0.08186000,10.00000000,4.00000000,3.59444639,1.50695158,0.35339334,0,0.40555361
0.08188000,10.00000000,4.00000000,3.59109830,1.48340790,0.35353286,0,0.40890170
0.08190000,10.00000000,4.00000000,3.58751858,1.46180864,0.35367465,0,0.41248142
0.08192000,10.00000000,4.00000000,3.58373061,1.44225086,0.35381864,0,0.41626939
0.08194000,10.00000000,4.00000000,3.57975866,1.42482185,0.35396477,0,0.42024134
0.08196000,10.00000000,4.00000000,3.57562778,1.40959879,0.35411297,0,0.42437222
0.08198000,10.00000000,4.00000000,3.57136365,1.39664838,0.35426314,0,0.42863635
0.08200000,10.00000000,4.00000000,3.56699253,1.38602657,0.35441518,0,0.43300747
0.08202000,10.00000000,4.00000000,3.56254106,1.37777833,0.35456898,0,0.43745894
0.08204000,10.00000000,4.00000000,3.55803619,1.37193749,0.35472444,0,0.44196381
0.08206000,10.00000000,4.00000000,3.55350503,1.36852658,0.35488141,0,0.44649497
0.08208000,10.00000000,4.00000000,3.54897471,1.36755676,0.35503977,0,0.45102529
0.08210000,10.00000000,4.00000000,3.54447229,1.36902784,0.35519938,0,0.45552771
0.08212000,10.00000000,4.00000000,3.54002460,1.37292824,0.35536008,0,0.45997540
0.08214000,10.00000000,4.00000000,3.53565815,1.37923515,0.35552172,0,0.46434185
0.08216000,10.00000000,4.00000000,3.53139897,1.38791462,0.35568414,0,0.46860103
0.08218000,10.00000000,4.00000000,3.52727252,1.39892174,0.35584718,0,0.47272748
0.08220000,10.00000000,4.00000000,3.52330354,1.41220091,0.35601067,0,0.47669646
0.08222000,10.00000000,4.00000000,3.51951599,1.42768611,0.35617443,0,0.48048401
0.08224000,10.00000000,4.00000000,3.51593289,1.44530124,0.35633829,0,0.48406711
0.08226000,10.00000000,4.00000000,3.51257624,1.46496048,0.35650208,0,0.48742376
0.08228000,10.00000000,4.00000000,3.50946692,1.48656874,0.35666561,0,0.49053308
0.08230000,10.00000000,4.00000000,3.50662458,1.51002209,0.35682871,0,0.49337542
0.08232000,10.00000000,4.00000000,3.50406757,1.53520832,0.35699121,0,0.49593243
0.08234000,10.00000000,4.00000000,3.50181285,1.56200741,0.35715292,0,0.49818715
0.08236000,10.00000000,4.00000000,3.49987593,1.59029218,0.35731368,0,0.50012407
0.08238000,10.00000000,4.00000000,3.49827075,1.61992883,0.35747331,0,0.50172925
0.08240000,10.00000000,4.00000000,3.49700970,1.65077763,0.35763164,0,0.50299030
0.08242000,10.00000000,4.00000000,3.49610350,1.68269354,0.35778852,0,0.50389650
0.08244000,10.00000000,4.00000000,3.49556119,1.71552694,0.35794378,0,0.50443881
0.08246000,10.00000000,4.00000000,3.49539005,1.74912429,0.35809728,0,0.50460995
0.08248000,10.00000000,4.00000000,3.49559564,1.78332889,0.35823976,0,0.50440436
0.08250000,10.00000000,4.00000000,3.49618150,1.81794519,0.35837246,0,0.50381850
0.08252000,10.00000000,4.00000000,3.49714905,1.85278163,0.35850293,0,0.50285095
0.08254000,10.00000000,4.00000000,3.49849769,1.88767665,0.35863113,0,0.50150231
0.08256000,10.00000000,4.00000000,3.50022509,1.92246920,0.35875705,0,0.49977491
0.08258000,10.00000000,4.00000000,3.50232711,1.95699935,0.35888065,0,0.49767289
0.08260000,10.00000000,4.00000000,3.50479789,1.99110914,0.35900193,0,0.49520211
0.08262000,10.00000000,4.00000000,3.50762988,2.02464321,0.35912088,0,0.49237012
0.08264000,10.00000000,4.00000000,3.51081383,2.05744955,0.35923751,0,0.48918617
0.08266000,10.00000000,4.00000000,3.51433892,2.08938021,0.35935183,0,0.48566108
0.08268000,10.00000000,4.00000000,3.51819275,2.12029192,0.35946386,0,0.48180725
0.08270000,10.00000000,4.00000000,3.52236145,2.15004677,0.35957364,0,0.47763855
0.08272000,10.00000000,4.00000000,3.52682970,2.17851282,0.35968121,0,0.47317030
0.08274000,10.00000000,4.00000000,3.53158088,2.20556466,0.35978661,0,0.46841912
0.08276000,10.00000000,4.00000000,3.53659708,2.23108402,0.35988990,0,0.46340292
0.08278000,10.00000000,4.00000000,3.54185922,2.25496024,0.35999116,0,0.45814078
0.08280000,10.00000000,4.00000000,3.54734718,2.27709076,0.36009044,0,0.45265282
0.08282000,10.00000000,4.00000000,3.55303981,2.29738158,0.36018784,0,0.44696019
0.08284000,10.00000000,4.00000000,3.55891513,2.31574765,0.36028344,0,0.44108487
0.08286000,10.00000000,4.00000000,3.56495037,2.33211324,0.36037733,0,0.43504963
0.08288000,10.00000000,4.00000000,3.57112210,2.34641221,0.36046962,0,0.42887790
0.08290000,10.00000000,4.00000000,3.57740634,2.35858834,0.36056041,0,0.42259366
0.08292000,10.00000000,4.00000000,3.58377868,2.36859552,0.36064982,0,0.41622132
0.08294000,10.00000000,4.00000000,3.59021441,2.37639790,0.36073797,0,0.40978559
0.08296000,10.00000000,4.00000000,3.59668857,2.38197005,0.36082497,0,0.40331143
0.08298000,10.00000000,4.00000000,3.60317617,2.38529702,0.36091096,0,0.39682383
0.08300000,10.00000000,4.00000000,3.60965221,2.38637439,0.36099606,0,0.39034779
0.08302000,10.00000000,4.00000000,3.61609185,2.38520819,0.36108040,0,0.38390815
0.08304000,10.00000000,4.00000000,3.62247052,2.38181488,0.36116412,0,0.37752948
0.08306000,10.00000000,4.00000000,3.62876402,2.37622123,0.36124736,0,0.37123598
0.08308000,10.00000000,4.00000000,3.63494864,2.36846411,0.36133024,0,0.36505136
0.08310000,10.00000000,4.00000000,3.64100125,2.35859033,0.36141291,0,0.35899875
0.08312000,10.00000000,4.00000000,3.64689945,2.34665634,0.36149551,0,0.35310055
0.08314000,10.00000000,4.00000000,3.65262162,2.33272794,0.36157816,0,0.34737838
0.08316000,10.00000000,4.00000000,3.65814703,2.31687995,0.36166099,0,0.34185297
0.08318000,10.00000000,4.00000000,3.66345597,2.29919580,0.36174415,0,0.33654403
0.08320000,10.00000000,4.00000000,3.66852979,2.27976711,0.36182775,0,0.33147021
0.08322000,10.00000000,4.00000000,3.67335101,2.25869324,0.36191191,0,0.32664899
0.08324000,10.00000000,4.00000000,3.67790338,2.23608078,0.36199675,0,0.32209662
0.08326000,10.00000000,4.00000000,3.68217197,2.21204303,0.36208239,0,0.31782803
0.08328000,10.00000000,4.00000000,3.68614322,2.18669945,0.36216894,0,0.31385678
0.08330000,10.00000000,4.00000000,3.68980499,2.16017505,0.36225648,0,0.31019501
0.08332000,10.00000000,4.00000000,3.69314663,2.13259982,0.36234512,0,0.30685337
0.08334000,10.00000000,4.00000000,3.69615900,2.10410805,0.36243493,0,0.30384100
0.08336000,10.00000000,4.00000000,3.69883455,2.07483774,0.36252601,0,0.30116545
0.08338000,10.00000000,4.00000000,3.70116729,2.04492991,0.36261814,0,0.29883271
0.08340000,10.00000000,4.00000000,3.70315285,2.01452681,0.36271165,0,0.29684715
0.08342000,10.00000000,4.00000000,3.70478846,1.98377348,0.36280667,0,0.29521154
0.08344000,10.00000000,4.00000000,3.70607299,1.95281616,0.36290322,0,0.29392701
0.08346000,10.00000000,4.00000000,3.70700694,1.92180139,0.36300135,0,0.29299306
0.08348000,10.00000000,4.00000000,3.70759242,1.89087536,0.36310113,0,0.29240758
0.08350000,10.00000000,4.00000000,3.70783316,1.86018334,0.36320251,0,0.29216684
0.08352000,10.00000000,4.00000000,3.70773446,1.82986867,0.36330116,0,0.29226554
0.08354000,10.00000000,4.00000000,3.70730306,1.80005485,0.36339109,0,0.29269694
0.08356000,10.00000000,4.00000000,3.70654690,1.77083852,0.36348298,0,0.29345310
0.08358000,10.00000000,4.00000000,3.70547516,1.74235567,0.36357691,0,0.29452484
0.08360000,10.00000000,4.00000000,3.70409844,1.71473862,0.36367291,0,0.29590156
0.08362000,10.00000000,4.00000000,3.70242875,1.68811528,0.36377098,0,0.29757125
0.08364000,10.00000000,4.00000000,3.70047940,1.66260851,0.36387114,0,0.29952060
0.08366000,10.00000000,4.00000000,3.69826497,1.63833562,0.36397322,0,0.30173503
0.08368000,10.00000000,4.00000000,3.69580122,1.61540724,0.36407718,0,0.30419878
0.08370000,10.00000000,4.00000000,3.69310502,1.59392727,0.36418317,0,0.30689498
0.08372000,10.00000000,4.00000000,3.69019424,1.57399324,0.36429114,0,0.30980576
0.08374000,10.00000000,4.00000000,3.68708771,1.55569522,0.36440107,0,0.31291229
0.08376000,10.00000000,4.00000000,3.68380511,1.53911539,0.36451290,0,0.31619489
0.08378000,10.00000000,4.00000000,3.68036686,1.52432775,0.36462657,0,0.31963314
0.08380000,10.00000000,4.00000000,3.67679407,1.51139774,0.36474203,0,0.32320593
0.08382000,10.00000000,4.00000000,3.67310837,1.50038197,0.36485918,0,0.32689163
0.08384000,10.00000000,4.00000000,3.66933188,1.49132800,0.36497795,0,0.33066812
0.08386000,10.00000000,4.00000000,3.66548705,1.48427411,0.36509824,0,0.33451295
0.08388000,10.00000000,4.00000000,3.66159660,1.47924918,0.36521994,0,0.33840340
0.08390000,10.00000000,4.00000000,3.65768338,1.47627257,0.36534296,0,0.34231662
0.08392000,10.00000000,4.00000000,3.65377027,1.47535405,0.36546716,0,0.34622973
0.08394000,10.00000000,4.00000000,3.64988008,1.47649376,0.36559244,0,0.35011992
0.08396000,10.00000000,4.00000000,3.64603546,1.47968230,0.36571866,0,0.35396454
0.08398000,10.00000000,4.00000000,3.64225874,1.48490071,0.36584568,0,0.35774126
0.08400000,10.00000000,4.00000000,3.63857190,1.49212067,0.36597338,0,0.36142810
0.08402000,10.00000000,4.00000000,3.63499641,1.50130459,0.36610161,0,0.36500359
0.08404000,10.00000000,4.00000000,3.63155318,1.51240586,0.36623022,0,0.36844682
0.08406000,10.00000000,4.00000000,3.62826241,1.52536904,0.36635907,0,0.37173759
0.08408000,10.00000000,4.00000000,3.62514354,1.54013018,0.36648801,0,0.37485646
0.08410000,10.00000000,4.00000000,3.62221515,1.55661714,0.36661689,0,0.37778485
0.08412000,10.00000000,4.00000000,3.61949486,1.57474991,0.36674555,0,0.38050514
0.08414000,10.00000000,4.00000000,3.61699929,1.59444103,0.36687385,0,0.38300071
0.08416000,10.00000000,4.00000000,3.61474393,1.61559602,0.36700163,0,0.38525607
0.08418000,10.00000000,4.00000000,3.61274313,1.63811383,0.36712874,0,0.38725687
0.08420000,10.00000000,4.00000000,3.61100997,1.66188730,0.36725504,0,0.38899003
0.08422000,10.00000000,4.00000000,3.60955628,1.68680371,0.36738038,0,0.39044372
0.08424000,10.00000000,4.00000000,3.60839251,1.71274531,0.36750463,0,0.39160749
0.08426000,10.00000000,4.00000000,3.60752774,1.73958986,0.36762763,0,0.39247226
0.08428000,10.00000000,4.00000000,3.60696964,1.76721122,0.36774926,0,0.39303036
0.08430000,10.00000000,4.00000000,3.60672438,1.79547997,0.36786939,0,0.39327562
0.08432000,10.00000000,4.00000000,3.60679669,1.82426396,0.36798471,0,0.39320331
0.08434000,10.00000000,4.00000000,3.60718969,1.85341625,0.36808735,0,0.39281031
0.08436000,10.00000000,4.00000000,3.60790469,1.88275752,0.36818810,0,0.39209531
0.08438000,10.00000000,4.00000000,3.60894126,1.91215141,0.36828692,0,0.39105874
0.08440000,10.00000000,4.00000000,3.61029743,1.94146196,0.36838380,0,0.38970257
0.08442000,10.00000000,4.00000000,3.61196977,1.97055419,0.36847873,0,0.38803023
0.08444000,10.00000000,4.00000000,3.61395335,1.99929475,0.36857168,0,0.38604665
0.08446000,10.00000000,4.00000000,3.61624183,2.02755247,0.36866266,0,0.38375817
0.08448000,10.00000000,4.00000000,3.61882747,2.05519903,0.36875168,0,0.38117253
0.08450000,10.00000000,4.00000000,3.62170113,2.08210948,0.36883876,0,0.37829887
0.08452000,10.00000000,4.00000000,3.62485240,2.10816286,0.36892390,0,0.37514760
0.08454000,10.00000000,4.00000000,3.62826958,2.13324270,0.36900714,0,0.37173042
0.08456000,10.00000000,4.00000000,3.63193981,2.15723758,0.36908852,0,0.36806019
0.08458000,10.00000000,4.00000000,3.63584906,2.18004161,0.36916808,0,0.36415094
0.08460000,10.00000000,4.00000000,3.63998225,2.20155487,0.36924587,0,0.36001775
0.08462000,10.00000000,4.00000000,3.64432331,2.22168389,0.36932195,0,0.35567669
0.08464000,10.00000000,4.00000000,3.64885528,2.24034205,0.36939639,0,0.35114472
0.08466000,10.00000000,4.00000000,3.65356034,2.25744993,0.36946924,0,0.34643966
0.08468000,10.00000000,4.00000000,3.65841996,2.27293568,0.36954060,0,0.34158004
0.08470000,10.00000000,4.00000000,3.66341495,2.28673530,0.36961055,0,0.33658505
0.08472000,10.00000000,4.00000000,3.66852554,2.29879291,0.36967916,0,0.33147446
0.08474000,10.00000000,4.00000000,3.67373154,2.30906097,0.36974654,0,0.32626846
0.08476000,10.00000000,4.00000000,3.67901235,2.31750048,0.36981278,0,0.32098765
0.08478000,10.00000000,4.00000000,3.68434714,2.32408114,0.36987798,0,0.31565286
0.08480000,10.00000000,4.00000000,3.68971487,2.32878139,0.36994225,0,0.31028513
0.08482000,10.00000000,4.00000000,3.69509444,2.33158856,0.37000569,0,0.30490556
0.08484000,10.00000000,4.00000000,3.70046480,2.33249882,0.37006812,0,0.29953520
0.08486000,10.00000000,4.00000000,3.70580498,2.33151599,0.37012947,0,0.29419502
0.08488000,10.00000000,4.00000000,3.71109423,2.32865197,0.37019034,0,0.28890577
0.08490000,10.00000000,4.00000000,3.71631212,2.32392933,0.37025085,0,0.28368788
0.08492000,10.00000000,4.00000000,3.72143860,2.31737922,0.37031113,0,0.27856140
0.08494000,10.00000000,4.00000000,3.72645414,2.30904116,0.37037128,0,0.27354586
0.08496000,10.00000000,4.00000000,3.73133981,2.29896287,0.37043144,0,0.26866019
0.08498000,10.00000000,4.00000000,3.73607735,2.28719996,0.37049174,0,0.26392265
0.08500000,10.00000000,4.00000000,3.74064926,2.27381579,0.37055231,0,0.25935074
0.08502000,10.00000000,4.00000000,3.74503886,2.25888108,0.37061323,0,0.25496114
0.08504000,10.00000000,4.00000000,3.74923043,2.24247331,0.37067460,0,0.25076957
0.08506000,10.00000000,4.00000000,3.75320919,2.22467647,0.37073653,0,0.24679081
0.08508000,10.00000000,4.00000000,3.75696143,2.20558070,0.37079911,0,0.24303857
0.08510000,10.00000000,4.00000000,3.76047453,2.18528179,0.37086245,0,0.23952547
0.08512000,10.00000000,4.00000000,3.76373704,2.16388076,0.37092664,0,0.23626296
0.08514000,10.00000000,4.00000000,3.76673873,2.14148330,0.37099175,0,0.23326127
0.08516000,10.00000000,4.00000000,3.76947061,2.11819931,0.37105788,0,0.23052939
0.08518000,10.00000000,4.00000000,3.77192496,2.09414237,0.37112510,0,0.22807504
0.08520000,10.00000000,4.00000000,3.77409542,2.06942914,0.37119347,0,0.22590458
0.08522000,10.00000000,4.00000000,3.77597693,2.04417885,0.37126305,0,0.22402307
0.08524000,10.00000000,4.00000000,3.77756583,2.01851270,0.37133390,0,0.22243417
0.08526000,10.00000000,4.00000000,3.77885980,1.99255330,0.37140605,0,0.22114020
0.08528000,10.00000000,4.00000000,3.77985792,1.96642411,0.37147955,0,0.22014208
0.08530000,10.00000000,4.00000000,3.78056062,1.94024880,0.37155443,0,0.21943938
0.08532000,10.00000000,4.00000000,3.78096971,1.91415073,0.37163070,0,0.21903029
0.08534000,10.00000000,4.00000000,3.78108837,1.88825232,0.37170839,0,0.21891163
0.08536000,10.00000000,4.00000000,3.78092108,1.86267453,0.37178013,0,0.21907892
0.08538000,10.00000000,4.00000000,3.78047347,1.83750692,0.37184833,0,0.21952653
0.08540000,10.00000000,4.00000000,3.77975219,1.81284613,0.37191824,0,0.22024781
0.08542000,10.00000000,4.00000000,3.77876501,1.78880692,0.37198988,0,0.22123499
0.08544000,10.00000000,4.00000000,3.77752090,1.76550085,0.37206329,0,0.22247910
0.08546000,10.00000000,4.00000000,3.77603002,1.74303579,0.37213849,0,0.22396998
0.08548000,10.00000000,4.00000000,3.77430363,1.72151538,0.37221549,0,0.22569637
0.08550000,10.00000000,4.00000000,3.77235406,1.70103857,0.37229428,0,0.22764594
0.08552000,10.00000000,4.00000000,3.77019463,1.68169920,0.37237486,0,0.22980537
0.08554000,10.00000000,4.00000000,3.76783960,1.66358553,0.37245721,0,0.23216040
0.08556000,10.00000000,4.00000000,3.76530411,1.64677989,0.37254130,0,0.23469589
0.08558000,10.00000000,4.00000000,3.76260406,1.63135825,0.37262709,0,0.23739594
0.08560000,10.00000000,4.00000000,3.75975609,1.61738995,0.37271454,0,0.24024391
0.08562000,10.00000000,4.00000000,3.75677749,1.60493734,0.37280360,0,0.24322251
0.08564000,10.00000000,4.00000000,3.75368608,1.59405556,0.37289419,0,0.24631392
0.08566000,10.00000000,4.00000000,3.75050017,1.58479224,0.37298626,0,0.24949983
0.08568000,10.00000000,4.00000000,3.74723843,1.57718735,0.37307972,0,0.25276157
0.08570000,10.00000000,4.00000000,3.74391986,1.57127301,0.37317449,0,0.25608014
0.08572000,10.00000000,4.00000000,3.74056363,1.56707336,0.37327049,0,0.25943637
0.08574000,10.00000000,4.00000000,3.73718905,1.56460447,0.37336760,0,0.26281095
0.08576000,10.00000000,4.00000000,3.73381545,1.56387433,0.37346573,0,0.26618455
0.08578000,10.00000000,4.00000000,3.73046210,1.56488275,0.37356478,0,0.26953790
0.08580000,10.00000000,4.00000000,3.72714812,1.56762144,0.37366462,0,0.27285188
0.08582000,10.00000000,4.00000000,3.72389236,1.57207409,0.37376515,0,0.27610764
0.08584000,10.00000000,4.00000000,3.72071338,1.57821640,0.37386627,0,0.27928662
0.08586000,10.00000000,4.00000000,3.71762929,1.58601641,0.37396783,0,0.28237071
0.08588000,10.00000000,4.00000000,3.71465773,1.59543438,0.37406971,0,0.28534227
0.08590000,10.00000000,4.00000000,3.71181575,1.60642310,0.37417176,0,0.28818425
0.08592000,10.00000000,4.00000000,3.70911973,1.61892815,0.37427385,0,0.29088027
0.08594000,10.00000000,4.00000000,3.70658533,1.63288819,0.37437587,0,0.29341467
0.08596000,10.00000000,4.00000000,3.70422742,1.64823524,0.37447767,0,0.29577258
0.08598000,10.00000000,4.00000000,3.70205997,1.66489503,0.37457913,0,0.29794003
0.08600000,10.00000000,4.00000000,3.70009603,1.68278734,0.37468011,0,0.29990397
0.08602000,10.00000000,4.00000000,3.69834766,1.70182642,0.37478032,0,0.30165234
0.08604000,10.00000000,4.00000000,3.69682587,1.72192071,0.37487973,0,0.30317413
0.08606000,10.00000000,4.00000000,3.69554057,1.74297437,0.37497831,0,0.30445943
0.08608000,10.00000000,4.00000000,3.69450053,1.76488771,0.37507596,0,0.30549947
0.08610000,10.00000000,4.00000000,3.69371335,1.78755731,0.37517255,0,0.30628665
0.08612000,10.00000000,4.00000000,3.69318541,1.81087647,0.37526796,0,0.30681459
0.08614000,10.00000000,4.00000000,3.69292187,1.83473574,0.37536210,0,0.30707813
0.08616000,10.00000000,4.00000000,3.69292664,1.85902341,0.37545464,0,0.30707336
0.08618000,10.00000000,4.00000000,3.69320233,1.88362524,0.37553403,0,0.30679767
0.08620000,10.00000000,4.00000000,3.69375005,1.90837997,0.37561182,0,0.30624995
0.08622000,10.00000000,4.00000000,3.69456932,1.93317239,0.37568797,0,0.30543068
0.08624000,10.00000000,4.00000000,3.69565844,1.95788766,0.37576248,0,0.30434156
0.08626000,10.00000000,4.00000000,3.69701442,1.98241182,0.37583532,0,0.30298558
0.08628000,10.00000000,4.00000000,3.69863303,2.00663229,0.37590651,0,0.30136697
0.08630000,10.00000000,4.00000000,3.70050884,2.03043841,0.37597586,0,0.29949116
0.08632000,10.00000000,4.00000000,3.70263523,2.05372127,0.37604339,0,0.29736477
0.08634000,10.00000000,4.00000000,3.70500441,2.07637487,0.37610925,0,0.29499559
0.08636000,10.00000000,4.00000000,3.70760752,2.09829710,0.37617344,0,0.29239248
0.08638000,10.00000000,4.00000000,3.71043459,2.11938971,0.37623600,0,0.28956541
0.08640000,10.00000000,4.00000000,3.71347466,2.13955877,0.37629697,0,0.28652534
0.08642000,10.00000000,4.00000000,3.71671583,2.15871504,0.37635638,0,0.28328417
0.08644000,10.00000000,4.00000000,3.72014529,2.17677438,0.37641428,0,0.27985471
0.08646000,10.00000000,4.00000000,3.72374940,2.19365816,0.37647073,0,0.27625060
0.08648000,10.00000000,4.00000000,3.72751375,2.20929355,0.37652579,0,0.27248625
0.08650000,10.00000000,4.00000000,3.73142326,2.22361388,0.37657955,0,0.26857674
0.08652000,10.00000000,4.00000000,3.73546220,2.23655902,0.37663205,0,0.26453780
0.08654000,10.00000000,4.00000000,3.73961432,2.24807539,0.37668336,0,0.26038568
0.08656000,10.00000000,4.00000000,3.74386290,2.25811630,0.37673356,0,0.25613710
0.08658000,10.00000000,4.00000000,3.74819082,2.26664214,0.37678273,0,0.25180918
0.08660000,10.00000000,4.00000000,3.75258067,2.27362054,0.37683097,0,0.24741933
0.08662000,10.00000000,4.00000000,3.75701483,2.27902649,0.37687835,0,0.24298517
0.08664000,10.00000000,4.00000000,3.76147551,2.28284242,0.37692498,0,0.23852449
0.08666000,10.00000000,4.00000000,3.76594489,2.28505825,0.37697095,0,0.23405511
0.08668000,10.00000000,4.00000000,3.77040517,2.28567143,0.37701635,0,0.22959483
0.08670000,10.00000000,4.00000000,3.77483866,2.28468687,0.37706129,0,0.22516134
0.08672000,10.00000000,4.00000000,3.77922787,2.28211695,0.37710586,0,0.22077213
0.08674000,10.00000000,4.00000000,3.78355559,2.27798137,0.37715017,0,0.21644441
0.08676000,10.00000000,4.00000000,3.78780495,2.27230706,0.37719432,0,0.21219505
0.08678000,10.00000000,4.00000000,3.79195951,2.26512804,0.37723841,0,0.20804049
0.08680000,10.00000000,4.00000000,3.79600335,2.25648517,0.37728254,0,0.20399665
0.08682000,10.00000000,4.00000000,3.79992112,2.24642600,0.37732681,0,0.20007888
0.08684000,10.00000000,4.00000000,3.80369812,2.23500448,0.37737132,0,0.19630188
0.08686000,10.00000000,4.00000000,3.80732037,2.22228069,0.37741616,0,0.19267963
0.08688000,10.00000000,4.00000000,3.81077464,2.20832052,0.37746142,0,0.18922536
0.08690000,10.00000000,4.00000000,3.81404857,2.19319537,0.37750720,0,0.18595143
0.08692000,10.00000000,4.00000000,3.81713066,2.17698176,0.37755358,0,0.18286934
0.08694000,10.00000000,4.00000000,3.82001037,2.15976096,0.37760064,0,0.17998963
0.08696000,10.00000000,4.00000000,3.82267812,2.14161860,0.37764845,0,0.17732188
0.08698000,10.00000000,4.00000000,3.82512537,2.12264423,0.37769710,0,0.17487463
0.08700000,10.00000000,4.00000000,3.82734464,2.10293090,0.37774664,0,0.17265536
0.08702000,10.00000000,4.00000000,3.82932954,2.08257472,0.37779714,0,0.17067046
0.08704000,10.00000000,4.00000000,3.83107477,2.06167435,0.37784865,0,0.16892523
0.08706000,10.00000000,4.00000000,3.83257621,2.04033058,0.37790123,0,0.16742379
0.08708000,10.00000000,4.00000000,3.83383086,2.01864583,0.37795492,0,0.16616914
0.08710000,10.00000000,4.00000000,3.83483687,1.99672365,0.37800974,0,0.16516313
0.08712000,10.00000000,4.00000000,3.83559357,1.97466824,0.37806575,0,0.16440643
0.08714000,10.00000000,4.00000000,3.83610145,1.95258395,0.37812294,0,0.16389855
0.08716000,10.00000000,4.00000000,3.83636213,1.93057481,0.37818136,0,0.16363787
0.08718000,10.00000000,4.00000000,3.83637841,1.90874404,0.37824099,0,0.16362159
0.08720000,10.00000000,4.00000000,3.83615417,1.88719356,0.37829205,0,0.16384583
0.08722000,10.00000000,4.00000000,3.83569419,1.86598434,0.37834384,0,0.16430581
0.08724000,10.00000000,4.00000000,3.83500409,1.84521249,0.37839710,0,0.16499591
0.08726000,10.00000000,4.00000000,3.83409054,1.82497465,0.37845187,0,0.16590946
0.08728000,10.00000000,4.00000000,3.83296121,1.80536473,0.37850816,0,0.16703879
0.08730000,10.00000000,4.00000000,3.83162476,1.78647343,0.37856599,0,0.16837524
0.08732000,10.00000000,4.00000000,3.83009079,1.76838786,0.37862537,0,0.16990921
0.08734000,10.00000000,4.00000000,3.82836979,1.75119117,0.37868629,0,0.17163021
0.08736000,10.00000000,4.00000000,3.82647307,1.73496209,0.37874874,0,0.17352693
0.08738000,10.00000000,4.00000000,3.82441276,1.71977465,0.37881271,0,0.17558724
0.08740000,10.00000000,4.00000000,3.82220168,1.70569782,0.37887818,0,0.17779832
0.08742000,10.00000000,4.00000000,3.81985333,1.69279518,0.37894510,0,0.18014667
0.08744000,10.00000000,4.00000000,3.81738182,1.68112467,0.37901344,0,0.18261818
0.08746000,10.00000000,4.00000000,3.81480177,1.67073833,0.37908314,0,0.18519823
0.08748000,10.00000000,4.00000000,3.81212827,1.66168204,0.37915417,0,0.18787173
0.08750000,10.00000000,4.00000000,3.80937680,1.65399536,0.37922645,0,0.19062320
0.08752000,10.00000000,4.00000000,3.80656316,1.64771136,0.37929991,0,0.19343684
0.08754000,10.00000000,4.00000000,3.80370339,1.64285644,0.37937450,0,0.19629661
0.08756000,10.00000000,4.00000000,3.80081369,1.63945028,0.37945011,0,0.19918631
0.08758000,10.00000000,4.00000000,3.79791035,1.63750574,0.37952668,0,0.20208965
0.08760000,10.00000000,4.00000000,3.79500970,1.63702883,0.37960412,0,0.20499030
0.08762000,10.00000000,4.00000000,3.79212797,1.63801866,0.37968232,0,0.20787203
0.08764000,10.00000000,4.00000000,3.78928128,1.64046751,0.37976119,0,0.21071872
0.08766000,10.00000000,4.00000000,3.78648552,1.64436089,0.37984064,0,0.21351448
0.08768000,10.00000000,4.00000000,3.78375631,1.64967757,0.37992056,0,0.21624369
0.08770000,10.00000000,4.00000000,3.78110890,1.65638975,0.38000084,0,0.21889110
0.08772000,10.00000000,4.00000000,3.77855811,1.66446318,0.38008138,0,0.22144189
0.08774000,10.00000000,4.00000000,3.77611827,1.67385735,0.38016206,0,0.22388173
0.08776000,10.00000000,4.00000000,3.77380316,1.68452568,0.38024277,0,0.22619684
0.08778000,10.00000000,4.00000000,3.77162590,1.69641576,0.38032341,0,0.22837410
0.08780000,10.00000000,4.00000000,3.76959896,1.70946964,0.38040386,0,0.23040104
0.08782000,10.00000000,4.00000000,3.76773405,1.72362405,0.38048400,0,0.23226595
0.08784000,10.00000000,4.00000000,3.76604210,1.73881076,0.38056374,0,0.23395790
0.08786000,10.00000000,4.00000000,3.76453319,1.75495691,0.38064295,0,0.23546681
0.08788000,10.00000000,4.00000000,3.76321650,1.77198532,0.38072153,0,0.23678350
0.08790000,10.00000000,4.00000000,3.76210030,1.78981490,0.38079938,0,0.23789970
0.08792000,10.00000000,4.00000000,3.76119189,1.80836103,0.38087640,0,0.23880811
0.08794000,10.00000000,4.00000000,3.76049758,1.82753596,0.38095248,0,0.23950242
0.08796000,10.00000000,4.00000000,3.76002265,1.84724920,0.38102752,0,0.23997735
0.08798000,10.00000000,4.00000000,3.75977133,1.86740801,0.38110145,0,0.24022867
0.08800000,10.00000000,4.00000000,3.75974680,1.88791778,0.38117416,0,0.24025320
0.08802000,10.00000000,4.00000000,3.75995115,1.90868248,0.38123660,0,0.24004885
0.08804000,10.00000000,4.00000000,3.76038522,1.92956926,0.38129656,0,0.23961478
0.08806000,10.00000000,4.00000000,3.76104850,1.95047637,0.38135511,0,0.23895150
0.08808000,10.00000000,4.00000000,3.76193943,1.97130676,0.38141223,0,0.23806057
0.08810000,10.00000000,4.00000000,3.76305536,1.99196417,0.38146792,0,0.23694464
0.08812000,10.00000000,4.00000000,3.76439259,2.01235357,0.38152218,0,0.23560741
0.08814000,10.00000000,4.00000000,3.76594641,2.03238160,0.38157500,0,0.23405359
0.08816000,10.00000000,4.00000000,3.76771110,2.05195701,0.38162639,0,0.23228890
0.08818000,10.00000000,4.00000000,3.76967999,2.07099103,0.38167637,0,0.23032001
0.08820000,10.00000000,4.00000000,3.77184547,2.08939784,0.38172496,0,0.22815453
0.08822000,10.00000000,4.00000000,3.77419904,2.10709489,0.38177218,0,0.22580096
0.08824000,10.00000000,4.00000000,3.77673135,2.12400333,0.38181807,0,0.22326865
0.08826000,10.00000000,4.00000000,3.77943226,2.14004831,0.38186265,0,0.22056774
0.08828000,10.00000000,4.00000000,3.78229087,2.15515936,0.38190598,0,0.21770913
0.08830000,10.00000000,4.00000000,3.78529558,2.16927064,0.38194809,0,0.21470442
0.08832000,10.00000000,4.00000000,3.78843418,2.18232130,0.38198904,0,0.21156582
0.08834000,10.00000000,4.00000000,3.79169384,2.19425567,0.38202889,0,0.20830616
0.08836000,10.00000000,4.00000000,3.79506126,2.20502356,0.38206769,0,0.20493874
0.08838000,10.00000000,4.00000000,3.79852264,2.21458042,0.38210550,0,0.20147736
0.08840000,10.00000000,4.00000000,3.80206385,2.22288755,0.38214241,0,0.19793615
0.08842000,10.00000000,4.00000000,3.80567039,2.22991226,0.38217847,0,0.19432961
0.08844000,10.00000000,4.00000000,3.80932755,2.23562799,0.38221376,0,0.19067245
0.08846000,10.00000000,4.00000000,3.81302042,2.24001438,0.38224837,0,0.18697958
0.08848000,10.00000000,4.00000000,3.81673399,2.24305740,0.38228236,0,0.18326601
0.08850000,10.00000000,4.00000000,3.82045322,2.24474933,0.38231582,0,0.17954678
0.08852000,10.00000000,4.00000000,3.82416309,2.24508880,0.38234884,0,0.17583691
0.08854000,10.00000000,4.00000000,3.82784868,2.24408077,0.38238150,0,0.17215132
0.08856000,10.00000000,4.00000000,3.83149526,2.24173645,0.38241389,0,0.16850474
0.08858000,10.00000000,4.00000000,3.83508833,2.23807326,0.38244609,0,0.16491167
0.08860000,10.00000000,4.00000000,3.83861369,2.23311471,0.38247818,0,0.16138631
0.08862000,10.00000000,4.00000000,3.84205753,2.22689025,0.38251026,0,0.15794247
0.08864000,10.00000000,4.00000000,3.84540647,2.21943511,0.38254241,0,0.15459353
0.08866000,10.00000000,4.00000000,3.84864761,2.21079014,0.38257471,0,0.15135239
0.08868000,10.00000000,4.00000000,3.85176861,2.20100154,0.38260725,0,0.14823139
0.08870000,10.00000000,4.00000000,3.85475776,2.19012069,0.38264010,0,0.14524224
0.08872000,10.00000000,4.00000000,3.85760399,2.17820381,0.38267335,0,0.14239601
0.08874000,10.00000000,4.00000000,3.86029694,2.16531177,0.38270707,0,0.13970306
0.08876000,10.00000000,4.00000000,3.86282702,2.15150967,0.38274133,0,0.13717298
0.08878000,10.00000000,4.00000000,3.86518542,2.13686663,0.38277619,0,0.13481458
0.08880000,10.00000000,4.00000000,3.86736418,2.12145537,0.38281173,0,0.13263582
0.08882000,10.00000000,4.00000000,3.86935621,2.10535190,0.38284801,0,0.13064379
0.08884000,10.00000000,4.00000000,3.87115529,2.08863510,0.38288507,0,0.12884471
0.08886000,10.00000000,4.00000000,3.87275615,2.07138642,0.38292298,0,0.12724385
0.08888000,10.00000000,4.00000000,3.87415447,2.05368939,0.38296177,0,0.12584553
0.08890000,10.00000000,4.00000000,3.87534686,2.03562930,0.38300149,0,0.12465314
0.08892000,10.00000000,4.00000000,3.87633092,2.01729273,0.38304217,0,0.12366908
0.08894000,10.00000000,4.00000000,3.87710523,1.99876719,0.38308385,0,0.12289477
0.08896000,10.00000000,4.00000000,3.87766935,1.98014068,0.38312655,0,0.12233065
0.08898000,10.00000000,4.00000000,3.87802380,1.96150127,0.38317028,0,0.12197620
0.08900000,10.00000000,4.00000000,3.87817010,1.94293671,0.38321506,0,0.12182990
0.08902000,10.00000000,4.00000000,3.87811071,1.92453400,0.38325832,0,0.12188929
0.08904000,10.00000000,4.00000000,3.87784898,1.90636865,0.38329641,0,0.12215102
0.08906000,10.00000000,4.00000000,3.87738899,1.88850018,0.38333575,0,0.12261101
0.08908000,10.00000000,4.00000000,3.87673560,1.87101190,0.38337635,0,0.12326440
0.08910000,10.00000000,4.00000000,3.87589455,1.85398514,0.38341825,0,0.12410545
0.08912000,10.00000000,4.00000000,3.87487243,1.83749884,0.38346147,0,0.12512757
0.08914000,10.00000000,4.00000000,3.87367665,1.82162924,0.38350600,0,0.12632335
0.08916000,10.00000000,4.00000000,3.87231542,1.80644947,0.38355186,0,0.12768458
0.08918000,10.00000000,4.00000000,3.87079769,1.79202924,0.38359905,0,0.12920231
0.08920000,10.00000000,4.00000000,3.86913311,1.77843455,0.38364755,0,0.13086689
0.08922000,10.00000000,4.00000000,3.86733199,1.76572735,0.38369734,0,0.13266801
0.08924000,10.00000000,4.00000000,3.86540524,1.75396528,0.38374841,0,0.13459476
0.08926000,10.00000000,4.00000000,3.86336433,1.74320141,0.38380073,0,0.13663567
0.08928000,10.00000000,4.00000000,3.86122123,1.73348401,0.38385425,0,0.13877877
0.08930000,10.00000000,4.00000000,3.85898834,1.72485632,0.38390894,0,0.14101166
0.08932000,10.00000000,4.00000000,3.85667845,1.71735637,0.38396475,0,0.14332155
0.08934000,10.00000000,4.00000000,3.85430467,1.71101685,0.38402163,0,0.14569533
0.08936000,10.00000000,4.00000000,3.85188036,1.70586490,0.38407951,0,0.14811964
0.08938000,10.00000000,4.00000000,3.84941908,1.70192207,0.38413834,0,0.15058092
0.08940000,10.00000000,4.00000000,3.84693454,1.69920417,0.38419805,0,0.15306546
0.08942000,10.00000000,4.00000000,3.84444049,1.69772128,0.38425856,0,0.15555951
0.08944000,10.00000000,4.00000000,3.84195071,1.69747766,0.38431980,0,0.15804929
0.08946000,10.00000000,4.00000000,3.83947888,1.69847177,0.38438169,0,0.16052112
0.08948000,10.00000000,4.00000000,3.83703861,1.70069631,0.38444414,0,0.16296139
0.08950000,10.00000000,4.00000000,3.83464326,1.70413822,0.38450707,0,0.16535674
0.08952000,10.00000000,4.00000000,3.83230600,1.70877880,0.38457039,0,0.16769400
0.08954000,10.00000000,4.00000000,3.83003964,1.71459382,0.38463401,0,0.16996036
0.08956000,10.00000000,4.00000000,3.82785664,1.72155360,0.38469784,0,0.17214336
0.08958000,10.00000000,4.00000000,3.82576905,1.72962319,0.38476178,0,0.17423095
0.08960000,10.00000000,4.00000000,3.82378841,1.73876255,0.38482573,0,0.17621159
0.08962000,10.00000000,4.00000000,3.82192573,1.74892676,0.38488961,0,0.17807427
0.08964000,10.00000000,4.00000000,3.82019145,1.76006622,0.38495332,0,0.17980855
0.08966000,10.00000000,4.00000000,3.81859537,1.77212689,0.38501676,0,0.18140463
0.08968000,10.00000000,4.00000000,3.81714661,1.78505058,0.38507984,0,0.18285339
0.08970000,10.00000000,4.00000000,3.81585357,1.79877521,0.38514246,0,0.18414643
0.08972000,10.00000000,4.00000000,3.81472390,1.81323512,0.38520454,0,0.18527610
0.08974000,10.00000000,4.00000000,3.81376447,1.82836140,0.38526599,0,0.18623553
0.08976000,10.00000000,4.00000000,3.81298133,1.84408216,0.38532672,0,0.18701867
0.08978000,10.00000000,4.00000000,3.81237966,1.86032295,0.38538664,0,0.18762034
0.08980000,10.00000000,4.00000000,3.81196380,1.87700707,0.38544568,0,0.18803620
0.08982000,10.00000000,4.00000000,3.81173721,1.89405594,0.38550376,0,0.18826279
0.08984000,10.00000000,4.00000000,3.81170243,1.91138947,0.38556080,0,0.18829757
0.08986000,10.00000000,4.00000000,3.81186110,1.92892645,0.38560980,0,0.18813890
0.08988000,10.00000000,4.00000000,3.81221380,1.94655714,0.38565609,0,0.18778620
0.08990000,10.00000000,4.00000000,3.81276000,1.96419318,0.38570119,0,0.18724000
0.08992000,10.00000000,4.00000000,3.81349823,1.98175265,0.38574508,0,0.18650177
0.08994000,10.00000000,4.00000000,3.81442613,1.99915435,0.38578775,0,0.18557387
0.08996000,10.00000000,4.00000000,3.81554046,2.01631818,0.38582921,0,0.18445954
0.08998000,10.00000000,4.00000000,3.81683711,2.03316553,0.38586947,0,0.18316289
0.09000000,10.00000000,4.00000000,3.81831113,2.04961957,0.38590852,0,0.18168887
0.09002000,10.00000000,4.00000000,3.81995677,2.06560567,0.38594638,0,0.18004323
0.09004000,10.00000000,4.00000000,3.82176749,2.08105172,0.38598307,0,0.17823251
0.09006000,10.00000000,4.00000000,3.82373600,2.09588843,0.38601861,0,0.17626400
0.09008000,10.00000000,4.00000000,3.82585431,2.11004966,0.38605303,0,0.17414569
0.09010000,10.00000000,4.00000000,3.82811376,2.12347274,0.38608637,0,0.17188624
0.09012000,10.00000000,4.00000000,3.83050505,2.13609868,0.38611865,0,0.16949495
0.09014000,10.00000000,4.00000000,3.83301831,2.14787250,0.38614992,0,0.16698169
0.09016000,10.00000000,4.00000000,3.83564313,2.15874343,0.38618022,0,0.16435687
0.09018000,10.00000000,4.00000000,3.83836865,2.16866513,0.38620961,0,0.16163135
0.09020000,10.00000000,4.00000000,3.84118353,2.17759592,0.38623813,0,0.15881647
0.09022000,10.00000000,4.00000000,3.84407611,2.18549889,0.38626584,0,0.15592389
0.09024000,10.00000000,4.00000000,3.84703437,2.19234212,0.38629279,0,0.15296563
0.09026000,10.00000000,4.00000000,3.85004607,2.19809878,0.38631906,0,0.14995393
0.09028000,10.00000000,4.00000000,3.85309874,2.20274721,0.38634470,0,0.14690126
0.09030000,10.00000000,4.00000000,3.85617977,2.20627105,0.38636978,0,0.14382023
0.09032000,10.00000000,4.00000000,3.85927649,2.20865924,0.38639437,0,0.14072351
0.09034000,10.00000000,4.00000000,3.86237618,2.20990608,0.38641854,0,0.13762382
0.09036000,10.00000000,4.00000000,3.86546619,2.21001125,0.38644236,0,0.13453381
0.09038000,10.00000000,4.00000000,3.86853393,2.20897973,0.38646591,0,0.13146607
0.09040000,10.00000000,4.00000000,3.87156698,2.20682181,0.38648925,0,0.12843302
0.09042000,10.00000000,4.00000000,3.87455315,2.20355300,0.38651245,0,0.12544685
0.09044000,10.00000000,4.00000000,3.87748048,2.19919394,0.38653560,0,0.12251952
0.09046000,10.00000000,4.00000000,3.88033736,2.19377025,0.38655877,0,0.11966264
0.09048000,10.00000000,4.00000000,3.88311256,2.18731244,0.38658202,0,0.11688744
0.09050000,10.00000000,4.00000000,3.88579525,2.17985572,0.38660544,0,0.11420475
0.09052000,10.00000000,4.00000000,3.88837510,2.17143981,0.38662908,0,0.11162490
0.09054000,10.00000000,4.00000000,3.89084230,2.16210873,0.38665301,0,0.10915770
0.09056000,10.00000000,4.00000000,3.89318757,2.15191059,0.38667731,0,0.10681243
0.09058000,10.00000000,4.00000000,3.89540229,2.14089737,0.38670203,0,0.10459771
0.09060000,10.00000000,4.00000000,3.89747845,2.12912461,0.38672724,0,0.10252155
0.09062000,10.00000000,4.00000000,3.89940872,2.11665114,0.38675298,0,0.10059128
0.09064000,10.00000000,4.00000000,3.90118648,2.10353885,0.38677933,0,0.09881352
0.09066000,10.00000000,4.00000000,3.90280587,2.08985232,0.38680631,0,0.09719413
0.09068000,10.00000000,4.00000000,3.90426176,2.07565852,0.38683400,0,0.09573824
0.09070000,10.00000000,4.00000000,3.90554982,2.06102653,0.38686241,0,0.09445018
0.09072000,10.00000000,4.00000000,3.90666652,2.04602715,0.38689160,0,0.09333348
0.09074000,10.00000000,4.00000000,3.90760913,2.03073258,0.38692160,0,0.09239087
0.09076000,10.00000000,4.00000000,3.90837576,2.01521610,0.38695243,0,0.09162424
0.09078000,10.00000000,4.00000000,3.90896532,1.99955168,0.38698412,0,0.09103468
0.09080000,10.00000000,4.00000000,3.90937758,1.98381367,0.38701669,0,0.09062242
0.09082000,10.00000000,4.00000000,3.90961311,1.96807642,0.38705016,0,0.09038689
0.09084000,10.00000000,4.00000000,3.90967332,1.95241395,0.38708453,0,0.09032668
0.09086000,10.00000000,4.00000000,3.90956040,1.93689959,0.38711491,0,0.09043960
0.09088000,10.00000000,4.00000000,3.90927725,1.92158610,0.38714373,0,0.09072275
0.09090000,10.00000000,4.00000000,3.90882739,1.90653458,0.38717361,0,0.09117261
0.09092000,10.00000000,4.00000000,3.90821503,1.89181518,0.38720458,0,0.09178497
0.09094000,10.00000000,4.00000000,3.90744512,1.87749632,0.38723667,0,0.09255488
0.09096000,10.00000000,4.00000000,3.90652336,1.86364433,0.38726988,0,0.09347664
0.09098000,10.00000000,4.00000000,3.90545611,1.85032322,0.38730423,0,0.09454389
0.09100000,10.00000000,4.00000000,3.90425040,1.83759433,0.38733971,0,0.09574960
0.09102000,10.00000000,4.00000000,3.90291389,1.82551608,0.38737632,0,0.09708611
0.09104000,10.00000000,4.00000000,3.90145483,1.81414368,0.38741406,0,0.09854517
0.09106000,10.00000000,4.00000000,3.89988200,1.80352891,0.38745290,0,0.10011800
0.09108000,10.00000000,4.00000000,3.89820469,1.79371985,0.38749283,0,0.10179531
0.09110000,10.00000000,4.00000000,3.89643267,1.78476071,0.38753382,0,0.10356733
0.09112000,10.00000000,4.00000000,3.89457610,1.77669159,0.38757584,0,0.10542390
0.09114000,10.00000000,4.00000000,3.89264552,1.76954832,0.38761885,0,0.10735448
0.09116000,10.00000000,4.00000000,3.89065177,1.76336232,0.38766280,0,0.10934823
0.09118000,10.00000000,4.00000000,3.88860595,1.75816045,0.38770767,0,0.11139405
0.09120000,10.00000000,4.00000000,3.88651940,1.75396488,0.38775339,0,0.11348060
0.09122000,10.00000000,4.00000000,3.88440359,1.75079305,0.38779990,0,0.11559641
0.09124000,10.00000000,4.00000000,3.88227009,1.74865753,0.38784716,0,0.11772991
0.09126000,10.00000000,4.00000000,3.88013054,1.74756604,0.38789509,0,0.11986946
0.09128000,10.00000000,4.00000000,3.87799655,1.74752138,0.38794364,0,0.12200345
0.09130000,10.00000000,4.00000000,3.87587969,1.74852145,0.38799273,0,0.12412031
0.09132000,10.00000000,4.00000000,3.87379141,1.75055930,0.38804229,0,0.12620859
0.09134000,10.00000000,4.00000000,3.87174298,1.75362311,0.38809225,0,0.12825702
0.09136000,10.00000000,4.00000000,3.86974546,1.75769632,0.38814254,0,0.13025454
0.09138000,10.00000000,4.00000000,3.86780965,1.76275767,0.38819306,0,0.13219035
0.09140000,10.00000000,4.00000000,3.86594600,1.76878136,0.38824375,0,0.13405400
0.09142000,10.00000000,4.00000000,3.86416462,1.77573716,0.38829453,0,0.13583538
0.09144000,10.00000000,4.00000000,3.86247519,1.78359055,0.38834531,0,0.13752481
0.09146000,10.00000000,4.00000000,3.86088694,1.79230289,0.38839602,0,0.13911306
0.09148000,10.00000000,4.00000000,3.85940860,1.80183167,0.38844657,0,0.14059140
0.09150000,10.00000000,4.00000000,3.85804834,1.81213062,0.38849688,0,0.14195166
0.09152000,10.00000000,4.00000000,3.85681377,1.82315003,0.38854688,0,0.14318623
0.09154000,10.00000000,4.00000000,3.85571190,1.83483693,0.38859648,0,0.14428810
0.09156000,10.00000000,4.00000000,3.85474906,1.84713537,0.38864560,0,0.14525094
0.09158000,10.00000000,4.00000000,3.85393095,1.85998669,0.38869418,0,0.14606905
0.09160000,10.00000000,4.00000000,3.85326255,1.87332979,0.38874214,0,0.14673745
0.09162000,10.00000000,4.00000000,3.85274813,1.88710142,0.38878941,0,0.14725187
0.09164000,10.00000000,4.00000000,3.85239123,1.90123651,0.38883593,0,0.14760877
0.09166000,10.00000000,4.00000000,3.85219463,1.91566843,0.38888162,0,0.14780537
0.09168000,10.00000000,4.00000000,3.85216036,1.93032934,0.38892643,0,0.14783964
0.09170000,10.00000000,4.00000000,3.85228968,1.94515051,0.38896466,0,0.14771032
0.09172000,10.00000000,4.00000000,3.85258294,1.96004007,0.38900039,0,0.14741706
0.09174000,10.00000000,4.00000000,3.85303958,1.97492254,0.38903510,0,0.14696042
0.09176000,10.00000000,4.00000000,3.85365823,1.98972876,0.38906880,0,0.14634177
0.09178000,10.00000000,4.00000000,3.85443677,2.00439025,0.38910148,0,0.14556323
0.09180000,10.00000000,4.00000000,3.85537233,2.01883952,0.38913313,0,0.14462767
0.09182000,10.00000000,4.00000000,3.85646132,2.03301034,0.38916376,0,0.14353868
0.09184000,10.00000000,4.00000000,3.85769944,2.04683810,0.38919337,0,0.14230056
0.09186000,10.00000000,4.00000000,3.85908173,2.06026008,0.38922199,0,0.14091827
0.09188000,10.00000000,4.00000000,3.86060254,2.07321571,0.38924963,0,0.13939746
0.09190000,10.00000000,4.00000000,3.86225562,2.08564687,0.38927630,0,0.13774438
0.09192000,10.00000000,4.00000000,3.86403411,2.09749817,0.38930203,0,0.13596589
0.09194000,10.00000000,4.00000000,3.86593061,2.10871715,0.38932685,0,0.13406939
0.09196000,10.00000000,4.00000000,3.86793717,2.11925453,0.38935080,0,0.13206283
0.09198000,10.00000000,4.00000000,3.87004537,2.12906445,0.38937390,0,0.12995463
0.09200000,10.00000000,4.00000000,3.87224635,2.13810464,0.38939620,0,0.12775365
0.09202000,10.00000000,4.00000000,3.87453086,2.14633661,0.38941773,0,0.12546914
0.09204000,10.00000000,4.00000000,3.87688928,2.15372581,0.38943855,0,0.12311072
0.09206000,10.00000000,4.00000000,3.87931169,2.16024180,0.38945870,0,0.12068831
0.09208000,10.00000000,4.00000000,3.88178791,2.16585832,0.38947824,0,0.11821209
0.09210000,10.00000000,4.00000000,3.88430755,2.17055346,0.38949721,0,0.11569245
0.09212000,10.00000000,4.00000000,3.88686005,2.17430969,0.38951567,0,0.11313995
0.09214000,10.00000000,4.00000000,3.88943477,2.17711397,0.38953368,0,0.11056523
0.09216000,10.00000000,4.00000000,3.89202098,2.17895773,0.38955129,0,0.10797902
0.09218000,10.00000000,4.00000000,3.89460793,2.17983696,0.38956857,0,0.10539207
0.09220000,10.00000000,4.00000000,3.89718495,2.17975216,0.38958558,0,0.10281505
0.09222000,10.00000000,4.00000000,3.89974143,2.17870834,0.38960237,0,0.10025857
0.09224000,10.00000000,4.00000000,3.90226690,2.17671497,0.38961902,0,0.09773310
0.09226000,10.00000000,4.00000000,3.90475108,2.17378591,0.38963558,0,0.09524892
0.09228000,10.00000000,4.00000000,3.90718394,2.16993935,0.38965211,0,0.09281606
0.09230000,10.00000000,4.00000000,3.90955572,2.16519768,0.38966868,0,0.09044428
0.09232000,10.00000000,4.00000000,3.91185698,2.15958737,0.38968535,0,0.08814302
0.09234000,10.00000000,4.00000000,3.91407864,2.15313886,0.38970218,0,0.08592136
0.09236000,10.00000000,4.00000000,3.91621205,2.14588636,0.38971922,0,0.08378795
0.09238000,10.00000000,4.00000000,3.91824900,2.13786768,0.38973654,0,0.08175100
0.09240000,10.00000000,4.00000000,3.92018176,2.12912408,0.38975418,0,0.07981824
0.09242000,10.00000000,4.00000000,3.92200311,2.11969999,0.38977220,0,0.07799689
0.09244000,10.00000000,4.00000000,3.92370640,2.10964286,0.38979066,0,0.07629360
0.09246000,10.00000000,4.00000000,3.92528553,2.09900287,0.38980959,0,0.07471447
0.09248000,10.00000000,4.00000000,3.92673504,2.08783272,0.38982905,0,0.07326496
0.09250000,10.00000000,4.00000000,3.92805006,2.07618734,0.38984907,0,0.07194994
0.09252000,10.00000000,4.00000000,3.92922639,2.06412367,0.38986970,0,0.07077361
0.09254000,10.00000000,4.00000000,3.93026049,2.05170032,0.38989097,0,0.06973951
0.09256000,10.00000000,4.00000000,3.93114948,2.03897734,0.38991291,0,0.06885052
0.09258000,10.00000000,4.00000000,3.93189121,2.02601592,0.38993555,0,0.06810879
0.09260000,10.00000000,4.00000000,3.93248417,2.01287808,0.38995891,0,0.06751583
0.09262000,10.00000000,4.00000000,3.93292759,1.99962640,0.38998302,0,0.06707241
0.09264000,10.00000000,4.00000000,3.93322138,1.98632371,0.39000788,0,0.06677862
0.09266000,10.00000000,4.00000000,3.93336616,1.97303278,0.39003352,0,0.06663384
0.09268000,10.00000000,4.00000000,3.93336323,1.95981608,0.39005980,0,0.06663677
0.09270000,10.00000000,4.00000000,3.93321456,1.94673492,0.39008069,0,0.06678544
0.09272000,10.00000000,4.00000000,3.93292267,1.93382551,0.39010247,0,0.06707733
0.09274000,10.00000000,4.00000000,3.93249060,1.92114814,0.39012518,0,0.06750940
0.09276000,10.00000000,4.00000000,3.93192202,1.90876185,0.39014882,0,0.06807798
0.09278000,10.00000000,4.00000000,3.93122122,1.89672415,0.39017341,0,0.06877878
0.09280000,10.00000000,4.00000000,3.93039312,1.88509078,0.39019897,0,0.06960688
0.09282000,10.00000000,4.00000000,3.92944320,1.87391544,0.39022550,0,0.07055680
0.09284000,10.00000000,4.00000000,3.92837750,1.86324956,0.39025300,0,0.07162250
0.09286000,10.00000000,4.00000000,3.92720258,1.85314202,0.39028147,0,0.07279742
0.09288000,10.00000000,4.00000000,3.92592549,1.84363900,0.39031089,0,0.07407451
0.09290000,10.00000000,4.00000000,3.92455374,1.83478370,0.39034126,0,0.07544626
0.09292000,10.00000000,4.00000000,3.92309525,1.82661618,0.39037255,0,0.07690475
0.09294000,10.00000000,4.00000000,3.92155832,1.81917320,0.39040474,0,0.07844168
0.09296000,10.00000000,4.00000000,3.91995162,1.81248799,0.39043781,0,0.08004838
0.09298000,10.00000000,4.00000000,3.91828409,1.80659020,0.39047171,0,0.08171591
0.09300000,10.00000000,4.00000000,3.91656494,1.80150567,0.39050642,0,0.08343506
0.09302000,10.00000000,4.00000000,3.91480359,1.79725641,0.39054190,0,0.08519641
0.09304000,10.00000000,4.00000000,3.91300964,1.79386043,0.39057810,0,0.08699036
0.09306000,10.00000000,4.00000000,3.91119280,1.79133173,0.39061497,0,0.08880720
0.09308000,10.00000000,4.00000000,3.90936286,1.78968020,0.39065246,0,0.09063714
0.09310000,10.00000000,4.00000000,3.90752966,1.78891161,0.39069053,0,0.09247034
0.09312000,10.00000000,4.00000000,3.90570300,1.78902757,0.39072911,0,0.09429700
0.09314000,10.00000000,4.00000000,3.90389265,1.79002556,0.39076814,0,0.09610735
0.09316000,10.00000000,4.00000000,3.90210825,1.79189896,0.39080756,0,0.09789175
0.09318000,10.00000000,4.00000000,3.90035930,1.79463704,0.39084732,0,0.09964070
0.09320000,10.00000000,4.00000000,3.89865511,1.79822507,0.39088734,0,0.10134489
0.09322000,10.00000000,4.00000000,3.89700474,1.80264439,0.39092755,0,0.10299526
0.09324000,10.00000000,4.00000000,3.89541700,1.80787249,0.39096790,0,0.10458300
0.09326000,10.00000000,4.00000000,3.89390034,1.81388315,0.39100832,0,0.10609966
0.09328000,10.00000000,4.00000000,3.89246289,1.82064653,0.39104872,0,0.10753711
0.09330000,10.00000000,4.00000000,3.89111237,1.82812939,0.39108905,0,0.10888763
0.09332000,10.00000000,4.00000000,3.88985606,1.83629518,0.39112924,0,0.11014394
0.09334000,10.00000000,4.00000000,3.88870080,1.84510426,0.39116922,0,0.11129920
0.09336000,10.00000000,4.00000000,3.88765292,1.85451408,0.39120892,0,0.11234708
0.09338000,10.00000000,4.00000000,3.88671822,1.86447941,0.39124828,0,0.11328178
0.09340000,10.00000000,4.00000000,3.88590199,1.87495251,0.39128722,0,0.11409801
0.09342000,10.00000000,4.00000000,3.88520890,1.88588340,0.39132570,0,0.11479110
0.09344000,10.00000000,4.00000000,3.88464307,1.89722009,0.39136364,0,0.11535693
0.09346000,10.00000000,4.00000000,3.88420799,1.90890883,0.39140098,0,0.11579201
0.09348000,10.00000000,4.00000000,3.88390653,1.92089435,0.39143768,0,0.11609347
0.09350000,10.00000000,4.00000000,3.88374092,1.93312013,0.39147367,0,0.11625908
0.09352000,10.00000000,4.00000000,3.88371277,1.94552868,0.39150891,0,0.11628723
0.09354000,10.00000000,4.00000000,3.88382300,1.95806179,0.39153856,0,0.11617700
0.09356000,10.00000000,4.00000000,3.88407180,1.97064168,0.39156613,0,0.11592820
0.09358000,10.00000000,4.00000000,3.88445857,1.98320469,0.39159284,0,0.11554143
0.09360000,10.00000000,4.00000000,3.88498203,1.99569247,0.39161870,0,0.11501797
0.09362000,10.00000000,4.00000000,3.88564027,2.00804724,0.39164368,0,0.11435973
0.09364000,10.00000000,4.00000000,3.88643076,2.02021213,0.39166781,0,0.11356924
0.09366000,10.00000000,4.00000000,3.88735034,2.03213139,0.39169107,0,0.11264966
0.09368000,10.00000000,4.00000000,3.88839528,2.04375067,0.39171349,0,0.11160472
0.09370000,10.00000000,4.00000000,3.88956126,2.05501727,0.39173506,0,0.11043874
0.09372000,10.00000000,4.00000000,3.89084343,2.06588036,0.39175581,0,0.10915657
0.09374000,10.00000000,4.00000000,3.89223640,2.07629122,0.39177575,0,0.10776360
0.09376000,10.00000000,4.00000000,3.89373427,2.08620347,0.39179490,0,0.10626573
0.09378000,10.00000000,4.00000000,3.89533071,2.09557327,0.39181330,0,0.10466929
0.09380000,10.00000000,4.00000000,3.89701892,2.10435947,0.39183096,0,0.10298108
0.09382000,10.00000000,4.00000000,3.89879171,2.11252388,0.39184792,0,0.10120829
0.09384000,10.00000000,4.00000000,3.90064153,2.12003135,0.39186421,0,0.09935847
0.09386000,10.00000000,4.00000000,3.90256050,2.12684997,0.39187988,0,0.09743950
0.09388000,10.00000000,4.00000000,3.90454043,2.13295118,0.39189495,0,0.09545957
0.09390000,10.00000000,4.00000000,3.90657289,2.13830990,0.39190946,0,0.09342711
0.09392000,10.00000000,4.00000000,3.90864926,2.14290465,0.39192348,0,0.09135074
0.09394000,10.00000000,4.00000000,3.91076070,2.14671759,0.39193703,0,0.08923930
0.09396000,10.00000000,4.00000000,3.91289830,2.14973463,0.39195017,0,0.08710170
0.09398000,10.00000000,4.00000000,3.91505301,2.15194545,0.39196294,0,0.08494699
0.09400000,10.00000000,4.00000000,3.91721579,2.15334356,0.39197540,0,0.08278421
0.09402000,10.00000000,4.00000000,3.91937755,2.15392630,0.39198759,0,0.08062245
0.09404000,10.00000000,4.00000000,3.92152927,2.15369480,0.39199957,0,0.07847073
0.09406000,10.00000000,4.00000000,3.92366201,2.15265404,0.39201139,0,0.07633799
0.09408000,10.00000000,4.00000000,3.92576695,2.15081274,0.39202310,0,0.07423305
0.09410000,10.00000000,4.00000000,3.92783545,2.14818332,0.39203476,0,0.07216455
0.09412000,10.00000000,4.00000000,3.92985905,2.14478184,0.39204642,0,0.07014095
0.09414000,10.00000000,4.00000000,3.93182956,2.14062790,0.39205813,0,0.06817044
0.09416000,10.00000000,4.00000000,3.93373906,2.13574454,0.39206994,0,0.06626094
0.09418000,10.00000000,4.00000000,3.93557995,2.13015808,0.39208190,0,0.06442005
0.09420000,10.00000000,4.00000000,3.93734498,2.12389807,0.39209407,0,0.06265502
0.09422000,10.00000000,4.00000000,3.93902728,2.11699702,0.39210648,0,0.06097272
0.09424000,10.00000000,4.00000000,3.94062040,2.10949034,0.39211919,0,0.05937960
0.09426000,10.00000000,4.00000000,3.94211834,2.10141609,0.39213224,0,0.05788166
0.09428000,10.00000000,4.00000000,3.94351555,2.09281483,0.39214567,0,0.05648445
0.09430000,10.00000000,4.00000000,3.94480700,2.08372941,0.39215953,0,0.05519300
0.09432000,10.00000000,4.00000000,3.94598814,2.07420474,0.39217384,0,0.05401186
0.09434000,10.00000000,4.00000000,3.94705499,2.06428761,0.39218865,0,0.05294501
0.09436000,10.00000000,4.00000000,3.94800408,2.05402642,0.39220398,0,0.05199592
0.09438000,10.00000000,4.00000000,3.94883255,2.04347097,0.39221987,0,0.05116745
0.09440000,10.00000000,4.00000000,3.94953808,2.03267221,0.39223635,0,0.05046192
0.09442000,10.00000000,4.00000000,3.95011893,2.02168202,0.39225342,0,0.04988107
0.09444000,10.00000000,4.00000000,3.95057398,2.01055292,0.39227112,0,0.04942602
0.09446000,10.00000000,4.00000000,3.95090267,1.99933787,0.39228946,0,0.04909733
0.09448000,10.00000000,4.00000000,3.95110504,1.98808997,0.39230845,0,0.04889496
0.09450000,10.00000000,4.00000000,3.95118172,1.97686226,0.39232811,0,0.04881828
0.09452000,10.00000000,4.00000000,3.95113394,1.96570743,0.39234636,0,0.04886606
0.09454000,10.00000000,4.00000000,3.95096342,1.95466936,0.39236206,0,0.04903658
0.09456000,10.00000000,4.00000000,3.95067236,1.94378646,0.39237852,0,0.04932764
0.09458000,10.00000000,4.00000000,3.95026342,1.93310950,0.39239577,0,0.04973658
0.09460000,10.00000000,4.00000000,3.94973982,1.92268817,0.39241383,0,0.05026018
0.09462000,10.00000000,4.00000000,3.94910529,1.91257083,0.39243270,0,0.05089471
0.09464000,10.00000000,4.00000000,3.94836408,1.90280427,0.39245240,0,0.05163592
0.09466000,10.00000000,4.00000000,3.94752092,1.89343355,0.39247292,0,0.05247908
0.09468000,10.00000000,4.00000000,3.94658099,1.88450173,0.39249428,0,0.05341901
0.09470000,10.00000000,4.00000000,3.94554994,1.87604973,0.39251646,0,0.05445006
0.09472000,10.00000000,4.00000000,3.94443379,1.86811609,0.39253945,0,0.05556621
0.09474000,10.00000000,4.00000000,3.94323896,1.86073684,0.39256325,0,0.05676104
0.09476000,10.00000000,4.00000000,3.94197222,1.85394532,0.39258783,0,0.05802778
0.09478000,10.00000000,4.00000000,3.94064064,1.84777203,0.39261318,0,0.05935936
0.09480000,10.00000000,4.00000000,3.93925161,1.84224449,0.39263926,0,0.06074839
0.09482000,10.00000000,4.00000000,3.93781272,1.83738714,0.39266606,0,0.06218728
0.09484000,10.00000000,4.00000000,3.93633180,1.83322122,0.39269354,0,0.06366820
0.09486000,10.00000000,4.00000000,3.93481684,1.82976465,0.39272167,0,0.06518316
0.09488000,10.00000000,4.00000000,3.93327598,1.82703203,0.39275040,0,0.06672402
0.09490000,10.00000000,4.00000000,3.93171746,1.82503449,0.39277970,0,0.06828254
0.09492000,10.00000000,4.00000000,3.93014954,1.82377973,0.39280953,0,0.06985046
0.09494000,10.00000000,4.00000000,3.92858056,1.82327192,0.39283983,0,0.07141944
0.09496000,10.00000000,4.00000000,3.92701878,1.82351176,0.39287056,0,0.07298122
0.09498000,10.00000000,4.00000000,3.92547246,1.82449641,0.39290167,0,0.07452754
0.09500000,10.00000000,4.00000000,3.92394971,1.82621960,0.39293311,0,0.07605029
0.09502000,10.00000000,4.00000000,3.92245855,1.82867158,0.39296482,0,0.07754145
0.09504000,10.00000000,4.00000000,3.92100680,1.83183923,0.39299675,0,0.07899320
0.09506000,10.00000000,4.00000000,3.91960208,1.83570614,0.39302883,0,0.08039792
0.09508000,10.00000000,4.00000000,3.91825179,1.84025263,0.39306102,0,0.08174821
0.09510000,10.00000000,4.00000000,3.91696301,1.84545592,0.39309325,0,0.08303699
0.09512000,10.00000000,4.00000000,3.91574256,1.85129021,0.39312547,0,0.08425744
0.09514000,10.00000000,4.00000000,3.91459688,1.85772682,0.39315762,0,0.08540312
0.09516000,10.00000000,4.00000000,3.91353206,1.86473431,0.39318964,0,0.08646794
0.09518000,10.00000000,4.00000000,3.91255379,1.87227868,0.39322147,0,0.08744621
0.09520000,10.00000000,4.00000000,3.91166735,1.88032348,0.39325306,0,0.08833265
0.09522000,10.00000000,4.00000000,3.91087755,1.88883002,0.39328434,0,0.08912245
0.09524000,10.00000000,4.00000000,3.91018876,1.89775756,0.39331527,0,0.08981124
0.09526000,10.00000000,4.00000000,3.90960484,1.90706347,0.39334579,0,0.09039516
0.09528000,10.00000000,4.00000000,3.90912916,1.91670350,0.39337585,0,0.09087084
0.09530000,10.00000000,4.00000000,3.90876457,1.92663191,0.39340540,0,0.09123543
0.09532000,10.00000000,4.00000000,3.90851339,1.93680174,0.39343440,0,0.09148661
0.09534000,10.00000000,4.00000000,3.90837740,1.94716504,0.39346279,0,0.09162260
0.09536000,10.00000000,4.00000000,3.90835784,1.95767304,0.39349054,0,0.09164216
0.09538000,10.00000000,4.00000000,3.90845539,1.96827645,0.39351337,0,0.09154461
0.09540000,10.00000000,4.00000000,3.90867009,1.97890874,0.39353464,0,0.09132991
0.09542000,10.00000000,4.00000000,3.90900132,1.98951687,0.39355518,0,0.09099868
0.09544000,10.00000000,4.00000000,3.90944789,2.00005155,0.39357499,0,0.09055211
0.09546000,10.00000000,4.00000000,3.91000808,2.01046408,0.39359408,0,0.08999192
0.09548000,10.00000000,4.00000000,3.91067964,2.02070650,0.39361243,0,0.08932036
0.09550000,10.00000000,4.00000000,3.91145981,2.03073191,0.39363007,0,0.08854019
0.09552000,10.00000000,4.00000000,3.91234532,2.04049460,0.39364698,0,0.08765468
0.09554000,10.00000000,4.00000000,3.91333243,2.04995029,0.39366319,0,0.08666757
0.09556000,10.00000000,4.00000000,3.91441694,2.05905635,0.39367871,0,0.08558306
0.09558000,10.00000000,4.00000000,3.91559421,2.06777197,0.39369355,0,0.08440579
0.09560000,10.00000000,4.00000000,3.91685918,2.07605833,0.39370773,0,0.08314082
0.09562000,10.00000000,4.00000000,3.91820641,2.08387879,0.39372128,0,0.08179359
0.09564000,10.00000000,4.00000000,3.91963008,2.09119908,0.39373422,0,0.08036992
0.09566000,10.00000000,4.00000000,3.92112405,2.09798738,0.39374658,0,0.07887595
0.09568000,10.00000000,4.00000000,3.92268187,2.10421452,0.39375838,0,0.07731813
0.09570000,10.00000000,4.00000000,3.92429682,2.10985408,0.39376966,0,0.07570318
0.09572000,10.00000000,4.00000000,3.92596194,2.11488251,0.39378045,0,0.07403806
0.09574000,10.00000000,4.00000000,3.92767007,2.11927920,0.39379078,0,0.07232993
0.09576000,10.00000000,4.00000000,3.92941386,2.12302661,0.39380070,0,0.07058614
0.09578000,10.00000000,4.00000000,3.93118585,2.12611030,0.39381025,0,0.06881415
0.09580000,10.00000000,4.00000000,3.93297845,2.12851899,0.39381946,0,0.06702155
0.09582000,10.00000000,4.00000000,3.93478402,2.13024463,0.39382837,0,0.06521598
0.09584000,10.00000000,4.00000000,3.93659490,2.13128238,0.39383703,0,0.06340510
0.09586000,10.00000000,4.00000000,3.93840342,2.13163064,0.39384549,0,0.06159658
0.09588000,10.00000000,4.00000000,3.94020197,2.13129106,0.39385378,0,0.05979803
0.09590000,10.00000000,4.00000000,3.94198299,2.13026848,0.39386195,0,0.05801701
0.09592000,10.00000000,4.00000000,3.94373906,2.12857092,0.39387005,0,0.05626094
0.09594000,10.00000000,4.00000000,3.94546290,2.12620952,0.39387812,0,0.05453710
0.09596000,10.00000000,4.00000000,3.94714741,2.12319850,0.39388620,0,0.05285259
0.09598000,10.00000000,4.00000000,3.94878570,2.11955501,0.39389434,0,0.05121430
0.09600000,10.00000000,4.00000000,3.95037113,2.11529912,0.39390258,0,0.04962887
0.09602000,10.00000000,4.00000000,3.95189732,2.11045368,0.39391097,0,0.04810268
0.09604000,10.00000000,4.00000000,3.95335822,2.10504417,0.39391954,0,0.04664178
0.09606000,10.00000000,4.00000000,3.95474809,2.09909861,0.39392834,0,0.04525191
0.09608000,10.00000000,4.00000000,3.95606154,2.09264741,0.39393741,0,0.04393846
0.09610000,10.00000000,4.00000000,3.95729359,2.08572322,0.39394677,0,0.04270641
0.09612000,10.00000000,4.00000000,3.95843962,2.07836072,0.39395648,0,0.04156038
0.09614000,10.00000000,4.00000000,3.95949547,2.07059654,0.39396655,0,0.04050453
0.09616000,10.00000000,4.00000000,3.96045739,2.06246898,0.39397703,0,0.03954261
0.09618000,10.00000000,4.00000000,3.96132209,2.05401791,0.39398794,0,0.03867791
0.09620000,10.00000000,4.00000000,3.96208676,2.04528451,0.39399930,0,0.03791324
0.09622000,10.00000000,4.00000000,3.96274906,2.03631110,0.39401115,0,0.03725094
0.09624000,10.00000000,4.00000000,3.96330713,2.02714095,0.39402350,0,0.03669287
0.09626000,10.00000000,4.00000000,3.96375961,2.01781805,0.39403637,0,0.03624039
0.09628000,10.00000000,4.00000000,3.96410565,2.00838690,0.39404977,0,0.03589435
0.09630000,10.00000000,4.00000000,3.96434487,1.99889233,0.39406373,0,0.03565513
0.09632000,10.00000000,4.00000000,3.96447743,1.98937924,0.39407825,0,0.03552257
0.09634000,10.00000000,4.00000000,3.96450395,1.97989243,0.39409333,0,0.03549605
0.09636000,10.00000000,4.00000000,3.96442556,1.97047638,0.39410561,0,0.03557444
0.09638000,10.00000000,4.00000000,3.96424380,1.96116152,0.39411738,0,0.03575620
0.09640000,10.00000000,4.00000000,3.96396057,1.95198682,0.39412982,0,0.03603943
0.09642000,10.00000000,4.00000000,3.96357823,1.94299507,0.39414293,0,0.03642177
0.09644000,10.00000000,4.00000000,3.96309959,1.93422805,0.39415673,0,0.03690041
0.09646000,10.00000000,4.00000000,3.96252790,1.92572643,0.39417123,0,0.03747210
0.09648000,10.00000000,4.00000000,3.96186683,1.91752949,0.39418643,0,0.03813317
0.09650000,10.00000000,4.00000000,3.96112046,1.90967501,0.39420235,0,0.03887954
0.09652000,10.00000000,4.00000000,3.96029327,1.90219903,0.39421897,0,0.03970673
0.09654000,10.00000000,4.00000000,3.95939008,1.89513578,0.39423629,0,0.04060992
0.09656000,10.00000000,4.00000000,3.95841608,1.88851742,0.39425430,0,0.04158392
0.09658000,10.00000000,4.00000000,3.95737675,1.88237397,0.39427299,0,0.04262325
0.09660000,10.00000000,4.00000000,3.95627787,1.87673313,0.39429235,0,0.04372213
0.09662000,10.00000000,4.00000000,3.95512549,1.87162020,0.39431236,0,0.04487451
0.09664000,10.00000000,4.00000000,3.95392587,1.86705791,0.39433300,0,0.04607413
0.09666000,10.00000000,4.00000000,3.95268550,1.86306638,0.39435424,0,0.04731450
0.09668000,10.00000000,4.00000000,3.95141102,1.85966301,0.39437605,0,0.04858898
0.09670000,10.00000000,4.00000000,3.95010922,1.85686237,0.39439841,0,0.04989078
0.09672000,10.00000000,4.00000000,3.94878700,1.85467620,0.39442128,0,0.05121300
0.09674000,10.00000000,4.00000000,3.94745134,1.85311332,0.39444463,0,0.05254866
0.09676000,10.00000000,4.00000000,3.94610924,1.85217961,0.39446841,0,0.05389076
0.09678000,10.00000000,4.00000000,3.94476774,1.85187801,0.39449260,0,0.05523226
0.09680000,10.00000000,4.00000000,3.94343384,1.85220847,0.39451715,0,0.05656616
0.09682000,10.00000000,4.00000000,3.94211449,1.85316799,0.39454201,0,0.05788551
0.09684000,10.00000000,4.00000000,3.94081654,1.85475064,0.39456714,0,0.05918346
0.09686000,10.00000000,4.00000000,3.93954673,1.85694758,0.39459249,0,0.06045327
0.09688000,10.00000000,4.00000000,3.93831165,1.85974713,0.39461802,0,0.06168835
0.09690000,10.00000000,4.00000000,3.93711771,1.86313481,0.39464368,0,0.06288229
0.09692000,10.00000000,4.00000000,3.93597111,1.86709343,0.39466942,0,0.06402889
0.09694000,10.00000000,4.00000000,3.93487780,1.87160319,0.39469518,0,0.06512220
0.09696000,10.00000000,4.00000000,3.93384347,1.87664172,0.39472093,0,0.06615653
0.09698000,10.00000000,4.00000000,3.93287352,1.88218428,0.39474661,0,0.06712648
0.09700000,10.00000000,4.00000000,3.93197302,1.88820381,0.39477217,0,0.06802698
0.09702000,10.00000000,4.00000000,3.93114672,1.89467110,0.39479757,0,0.06885328
0.09704000,10.00000000,4.00000000,3.93039900,1.90155490,0.39482274,0,0.06960100
0.09706000,10.00000000,4.00000000,3.92973385,1.90882212,0.39484766,0,0.07026615
0.09708000,10.00000000,4.00000000,3.92915488,1.91643795,0.39487227,0,0.07084512
0.09710000,10.00000000,4.00000000,3.92866526,1.92436602,0.39489652,0,0.07133474
0.09712000,10.00000000,4.00000000,3.92826776,1.93256862,0.39492038,0,0.07173224
0.09714000,10.00000000,4.00000000,3.92796469,1.94100684,0.39494380,0,0.07203531
0.09716000,10.00000000,4.00000000,3.92775791,1.94964075,0.39496674,0,0.07224209
0.09718000,10.00000000,4.00000000,3.92764884,1.95842964,0.39498917,0,0.07235116
0.09720000,10.00000000,4.00000000,3.92763843,1.96733216,0.39501104,0,0.07236157
0.09722000,10.00000000,4.00000000,3.92772715,1.97630653,0.39502850,0,0.07227285
0.09724000,10.00000000,4.00000000,3.92791494,1.98529539,0.39504489,0,0.07208506
0.09726000,10.00000000,4.00000000,3.92820116,1.99425499,0.39506067,0,0.07179884
0.09728000,10.00000000,4.00000000,3.92858471,2.00314372,0.39507584,0,0.07141529
0.09730000,10.00000000,4.00000000,3.92906404,2.01192049,0.39509039,0,0.07093596
0.09732000,10.00000000,4.00000000,3.92963716,2.02054489,0.39510433,0,0.07036284
0.09734000,10.00000000,4.00000000,3.93030163,2.02897744,0.39511766,0,0.06969837
0.09736000,10.00000000,4.00000000,3.93105461,2.03717971,0.39513038,0,0.06894539
0.09738000,10.00000000,4.00000000,3.93189285,2.04511453,0.39514251,0,0.06810715
0.09740000,10.00000000,4.00000000,3.93281272,2.05274613,0.39515407,0,0.06718728
0.09742000,10.00000000,4.00000000,3.93381020,2.06004033,0.39516505,0,0.06618980
0.09744000,10.00000000,4.00000000,3.93488096,2.06696467,0.39517549,0,0.06511904
0.09746000,10.00000000,4.00000000,3.93602032,2.07348858,0.39518540,0,0.06397968
0.09748000,10.00000000,4.00000000,3.93722329,2.07958348,0.39519479,0,0.06277671
0.09750000,10.00000000,4.00000000,3.93848463,2.08522292,0.39520371,0,0.06151537
0.09752000,10.00000000,4.00000000,3.93979883,2.09038271,0.39521216,0,0.06020117
0.09754000,10.00000000,4.00000000,3.94116016,2.09504102,0.39522018,0,0.05883984
0.09756000,10.00000000,4.00000000,3.94256268,2.09917844,0.39522779,0,0.05743732
0.09758000,10.00000000,4.00000000,3.94400031,2.10277808,0.39523504,0,0.05599969
0.09760000,10.00000000,4.00000000,3.94546681,2.10582567,0.39524194,0,0.05453319
0.09762000,10.00000000,4.00000000,3.94695584,2.10830955,0.39524854,0,0.05304416
0.09764000,10.00000000,4.00000000,3.94846097,2.11022078,0.39525486,0,0.05153903
0.09766000,10.00000000,4.00000000,3.94997573,2.11155311,0.39526095,0,0.05002427
0.09768000,10.00000000,4.00000000,3.95149363,2.11230304,0.39526684,0,0.04850637
0.09770000,10.00000000,4.00000000,3.95300820,2.11246981,0.39527256,0,0.04699180
0.09772000,10.00000000,4.00000000,3.95451300,2.11205539,0.39527816,0,0.04548700
0.09774000,10.00000000,4.00000000,3.95600167,2.11106446,0.39528367,0,0.04399833
0.09776000,10.00000000,4.00000000,3.95746794,2.10950439,0.39528913,0,0.04253206
0.09778000,10.00000000,4.00000000,3.95890570,2.10738514,0.39529458,0,0.04109430
0.09780000,10.00000000,4.00000000,3.96030896,2.10471930,0.39530006,0,0.03969104
0.09782000,10.00000000,4.00000000,3.96167195,2.10152192,0.39530560,0,0.03832805
0.09784000,10.00000000,4.00000000,3.96298910,2.09781048,0.39531123,0,0.03701090
0.09786000,10.00000000,4.00000000,3.96425506,2.09360479,0.39531701,0,0.03574494
0.09788000,10.00000000,4.00000000,3.96546477,2.08892690,0.39532295,0,0.03453523
0.09790000,10.00000000,4.00000000,3.96661343,2.08380095,0.39532910,0,0.03338657
0.09792000,10.00000000,4.00000000,3.96769657,2.07825307,0.39533548,0,0.03230343
0.09794000,10.00000000,4.00000000,3.96871003,2.07231128,0.39534213,0,0.03128997
0.09796000,10.00000000,4.00000000,3.96964999,2.06600528,0.39534908,0,0.03035001
0.09798000,10.00000000,4.00000000,3.97051300,2.05936637,0.39535635,0,0.02948700
0.09800000,10.00000000,4.00000000,3.97129597,2.05242725,0.39536397,0,0.02870403
0.09802000,10.00000000,4.00000000,3.97199621,2.04522189,0.39537197,0,0.02800379
0.09804000,10.00000000,4.00000000,3.97261141,2.03778536,0.39538036,0,0.02738859
0.09806000,10.00000000,4.00000000,3.97313970,2.03015365,0.39538917,0,0.02686030
0.09808000,10.00000000,4.00000000,3.97357958,2.02236349,0.39539841,0,0.02642042
0.09810000,10.00000000,4.00000000,3.97393001,2.01445222,0.39540810,0,0.02606999
0.09812000,10.00000000,4.00000000,3.97419034,2.00645755,0.39541826,0,0.02580966
0.09814000,10.00000000,4.00000000,3.97436036,1.99841742,0.39542888,0,0.02563964
0.09816000,10.00000000,4.00000000,3.97444028,1.99036983,0.39543999,0,0.02555972
0.09818000,10.00000000,4.00000000,3.97443071,1.98235261,0.39545117,0,0.02556929
0.09820000,10.00000000,4.00000000,3.97433271,1.97440166,0.39545944,0,0.02566729
0.09822000,10.00000000,4.00000000,3.97414761,1.96654046,0.39546826,0,0.02585239
0.09824000,10.00000000,4.00000000,3.97387710,1.95880574,0.39547765,0,0.02612290
0.09826000,10.00000000,4.00000000,3.97352326,1.95123352,0.39548762,0,0.02647674
0.09828000,10.00000000,4.00000000,3.97308854,1.94385897,0.39549818,0,0.02691146
0.09830000,10.00000000,4.00000000,3.97257578,1.93671626,0.39550933,0,0.02742422
0.09832000,10.00000000,4.00000000,3.97198816,1.92983837,0.39552109,0,0.02801184
0.09834000,10.00000000,4.00000000,3.97132919,1.92325694,0.39553345,0,0.02867081
0.09836000,10.00000000,4.00000000,3.97060275,1.91700218,0.39554641,0,0.02939725
0.09838000,10.00000000,4.00000000,3.96981296,1.91110266,0.39555997,0,0.03018704
0.09840000,10.00000000,4.00000000,3.96896429,1.90558522,0.39557412,0,0.03103571
0.09842000,10.00000000,4.00000000,3.96806141,1.90047484,0.39558885,0,0.03193859
0.09844000,10.00000000,4.00000000,3.96710928,1.89579453,0.39560414,0,0.03289072
0.09846000,10.00000000,4.00000000,3.96611305,1.89156523,0.39561998,0,0.03388695
0.09848000,10.00000000,4.00000000,3.96507807,1.88780572,0.39563635,0,0.03492193
0.09850000,10.00000000,4.00000000,3.96400985,1.88453252,0.39565323,0,0.03599015
0.09852000,10.00000000,4.00000000,3.96291405,1.88175983,0.39567059,0,0.03708595
0.09854000,10.00000000,4.00000000,3.96179643,1.87949947,0.39568842,0,0.03820357
0.09856000,10.00000000,4.00000000,3.96066284,1.87776084,0.39570667,0,0.03933716
0.09858000,10.00000000,4.00000000,3.95951919,1.87655088,0.39572532,0,0.04048081
0.09860000,10.00000000,4.00000000,3.95837143,1.87587401,0.39574435,0,0.04162857
0.09862000,10.00000000,4.00000000,3.95722550,1.87573217,0.39576370,0,0.04277450
0.09864000,10.00000000,4.00000000,3.95608731,1.87612478,0.39578336,0,0.04391269
0.09866000,10.00000000,4.00000000,3.95496272,1.87704875,0.39580327,0,0.04503728
0.09868000,10.00000000,4.00000000,3.95385753,1.87849854,0.39582341,0,0.04614247
0.09870000,10.00000000,4.00000000,3.95277741,1.88046613,0.39584373,0,0.04722259
0.09872000,10.00000000,4.00000000,3.95172789,1.88294111,0.39586420,0,0.04827211
0.09874000,10.00000000,4.00000000,3.95071437,1.88591075,0.39588477,0,0.04928563
0.09876000,10.00000000,4.00000000,3.94974205,1.88935998,0.39590539,0,0.05025795
0.09878000,10.00000000,4.00000000,3.94881591,1.89327159,0.39592604,0,0.05118409
0.09880000,10.00000000,4.00000000,3.94794072,1.89762619,0.39594666,0,0.05205928
0.09882000,10.00000000,4.00000000,3.94712098,1.90240242,0.39596722,0,0.05287902
0.09884000,10.00000000,4.00000000,3.94636094,1.90757696,0.39598767,0,0.05363906
0.09886000,10.00000000,4.00000000,3.94566454,1.91312472,0.39600797,0,0.05433546
0.09888000,10.00000000,4.00000000,3.94503542,1.91901890,0.39602808,0,0.05496458
0.09890000,10.00000000,4.00000000,3.94447688,1.92523116,0.39604796,0,0.05552312
0.09892000,10.00000000,4.00000000,3.94399189,1.93173175,0.39606758,0,0.05600811
0.09894000,10.00000000,4.00000000,3.94358307,1.93848964,0.39608688,0,0.05641693
0.09896000,10.00000000,4.00000000,3.94325268,1.94547268,0.39610585,0,0.05674732
0.09898000,10.00000000,4.00000000,3.94300258,1.95264773,0.39612444,0,0.05699742
0.09900000,10.00000000,4.00000000,3.94283428,1.95998087,0.39614262,0,0.05716572
0.09902000,10.00000000,4.00000000,3.94274888,1.96743750,0.39616036,0,0.05725112
0.09904000,10.00000000,4.00000000,3.94274710,1.97498253,0.39617763,0,0.05725290
0.09906000,10.00000000,4.00000000,3.94282925,1.98258057,0.39619085,0,0.05717075
0.09908000,10.00000000,4.00000000,3.94299519,1.99018185,0.39620348,0,0.05700481
0.09910000,10.00000000,4.00000000,3.94324428,1.99775062,0.39621559,0,0.05675572
0.09912000,10.00000000,4.00000000,3.94357551,2.00525173,0.39622718,0,0.05642449
0.09914000,10.00000000,4.00000000,3.94398748,2.01265051,0.39623825,0,0.05601252
0.09916000,10.00000000,4.00000000,3.94447842,2.01991294,0.39624881,0,0.05552158
0.09918000,10.00000000,4.00000000,3.94504620,2.02700577,0.39625885,0,0.05495380
0.09920000,10.00000000,4.00000000,3.94568834,2.03389671,0.39626839,0,0.05431166
0.09922000,10.00000000,4.00000000,3.94640200,2.04055453,0.39627743,0,0.05359800
0.09924000,10.00000000,4.00000000,3.94718405,2.04694925,0.39628598,0,0.05281595
0.09926000,10.00000000,4.00000000,3.94803102,2.05305226,0.39629406,0,0.05196898
0.09928000,10.00000000,4.00000000,3.94893918,2.05883643,0.39630168,0,0.05106082
0.09930000,10.00000000,4.00000000,3.94990451,2.06427623,0.39630885,0,0.05009549
0.09932000,10.00000000,4.00000000,3.95092275,2.06934787,0.39631560,0,0.04907725
0.09934000,10.00000000,4.00000000,3.95198940,2.07402939,0.39632195,0,0.04801060
0.09936000,10.00000000,4.00000000,3.95309975,2.07830075,0.39632792,0,0.04690025
0.09938000,10.00000000,4.00000000,3.95424891,2.08214391,0.39633353,0,0.04575109
0.09940000,10.00000000,4.00000000,3.95543185,2.08554292,0.39633881,0,0.04456815
0.09942000,10.00000000,4.00000000,3.95664336,2.08848397,0.39634378,0,0.04335664
0.09944000,10.00000000,4.00000000,3.95787815,2.09095546,0.39634847,0,0.04212185
0.09946000,10.00000000,4.00000000,3.95913084,2.09294805,0.39635291,0,0.04086916
0.09948000,10.00000000,4.00000000,3.96039597,2.09445466,0.39635713,0,0.03960403
0.09950000,10.00000000,4.00000000,3.96166807,2.09547052,0.39636116,0,0.03833193
0.09952000,10.00000000,4.00000000,3.96294165,2.09599319,0.39636504,0,0.03705835
0.09954000,10.00000000,4.00000000,3.96421122,2.09602254,0.39636878,0,0.03578878
0.09956000,10.00000000,4.00000000,3.96547136,2.09556075,0.39637243,0,0.03452864
0.09958000,10.00000000,4.00000000,3.96671670,2.09461229,0.39637602,0,0.03328330
0.09960000,10.00000000,4.00000000,3.96794196,2.09318388,0.39637958,0,0.03205804
0.09962000,10.00000000,4.00000000,3.96914198,2.09128447,0.39638313,0,0.03085802
0.09964000,10.00000000,4.00000000,3.97031175,2.08892516,0.39638672,0,0.02968825
0.09966000,10.00000000,4.00000000,3.97144640,2.08611916,0.39639037,0,0.02855360
0.09968000,10.00000000,4.00000000,3.97254127,2.08288172,0.39639412,0,0.02745873
0.09970000,10.00000000,4.00000000,3.97359189,2.07923003,0.39639799,0,0.02640811
0.09972000,10.00000000,4.00000000,3.97459402,2.07518314,0.39640202,0,0.02540598
0.09974000,10.00000000,4.00000000,3.97554366,2.07076188,0.39640623,0,0.02445634
0.09976000,10.00000000,4.00000000,3.97643707,2.06598873,0.39641065,0,0.02356293
0.09978000,10.00000000,4.00000000,3.97727081,2.06088772,0.39641531,0,0.02272919
0.09980000,10.00000000,4.00000000,3.97804171,2.05548430,0.39642022,0,0.02195829
0.09982000,10.00000000,4.00000000,3.97874691,2.04980523,0.39642542,0,0.02125309
0.09984000,10.00000000,4.00000000,3.97938388,2.04387844,0.39643093,0,0.02061612
0.09986000,10.00000000,4.00000000,3.97995042,2.03773291,0.39643676,0,0.02004958
0.09988000,10.00000000,4.00000000,3.98044464,2.03139848,0.39644293,0,0.01955536
0.09990000,10.00000000,4.00000000,3.98086504,2.02490578,0.39644946,0,0.01913496
0.09992000,10.00000000,4.00000000,3.98121043,2.01828601,0.39645636,0,0.01878957
0.09994000,10.00000000,4.00000000,3.98148001,2.01157084,0.39646366,0,0.01851999
0.09996000,10.00000000,4.00000000,3.98167330,2.00479226,0.39647134,0,0.01832670
0.09998000,10.00000000,4.00000000,3.98179021,1.99798239,0.39647944,0,0.01820979
