t,v_in,v_ref,v_out,i_L,d,mode,error
0.00000000,10.00000000,15.00000000,0.00000000,0.00000000,1.00000000,1,15.00000000
0.00002000,10.00000000,15.00000000,0.00000000,4.00000000,1.00000000,1,15.00000000
0.00004000,10.00000000,15.00000000,0.00000000,8.00000000,1.00000000,1,15.00000000
0.00006000,10.00000000,15.00000000,0.00000000,12.00000000,1.00000000,1,15.00000000
0.00008000,10.00000000,15.00000000,0.00000000,16.00000000,1.00000000,1,15.00000000
0.00010000,10.00000000,15.00000000,0.00000000,20.00000000,1.00000000,1,15.00000000
0.00012000,10.00000000,15.00000000,0.00000000,24.00000000,1.00000000,1,15.00000000
0.00014000,10.00000000,15.00000000,0.00000000,28.00000000,1.00000000,1,15.00000000
0.00016000,10.00000000,15.00000000,0.00000000,32.00000000,1.00000000,1,15.00000000
0.00018000,10.00000000,15.00000000,0.00000000,36.00000000,1.00000000,1,15.00000000
0.00020000,10.00000000,15.00000000,0.00000000,40.00000000,1.00000000,1,15.00000000
0.00022000,10.00000000,15.00000000,0.00000000,44.00000000,1.00000000,1,15.00000000
0.00024000,10.00000000,15.00000000,0.00000000,48.00000000,1.00000000,1,15.00000000
0.00026000,10.00000000,15.00000000,0.00000000,52.00000000,1.00000000,1,15.00000000
0.00028000,10.00000000,15.00000000,0.00000000,56.00000000,1.00000000,1,15.00000000
0.00030000,10.00000000,15.00000000,0.00000000,60.00000000,1.00000000,1,15.00000000
0.00032000,10.00000000,15.00000000,0.00000000,64.00000000,0.96839233,1,15.00000000
0.00034000,10.00000000,15.00000000,0.02311533,67.99985522,0.81554163,1,14.97688467
0.00036000,10.00000000,15.00000000,0.16605530,71.99292184,0.68198017,1,14.83394470
0.00038000,10.00000000,15.00000000,0.42581843,75.95540944,0.55439153,1,14.57418157
0.00040000,10.00000000,15.00000000,0.80812846,79.84569255,0.42314775,1,14.19187154
0.00042000,10.00000000,15.00000000,1.32607345,83.59987602,0.28049396,1,13.67392655
0.00044000,10.00000000,15.00000000,1.99939510,87.12192257,0.11939827,1,13.00060490
0.00046000,10.00000000,15.00000000,2.85400302,90.26790439,0.00000000,1,12.14599698
0.00048000,10.00000000,15.00000000,3.85350281,92.92720277,0.00000000,1,11.14649719
0.00050000,10.00000000,15.00000000,4.87469715,95.18220863,0.00000000,1,10.12530285
0.00052000,10.00000000,15.00000000,5.91294146,97.02517106,0.00000000,1,9.08705854
0.00054000,10.00000000,15.00000000,6.96354137,98.45020762,0.00000000,1,8.03645863
0.00056000,10.00000000,15.00000000,8.02177377,99.45332009,0.00000000,1,6.97822623
0.00058000,10.00000000,15.00000000,9.08290789,100.03240174,0.00000000,1,5.91709211
0.00060000,10.00000000,15.00000000,10.14222633,100.18723614,0.00000000,1,4.85777367
0.00062000,10.00000000,15.00000000,11.19504585,99.91948770,0.00000000,1,3.80495415
0.00064000,10.00000000,15.00000000,12.23673798,99.23268383,0.00000000,1,2.76326202
0.00066000,10.00000000,15.00000000,13.26274915,98.13218905,0.00000000,1,1.73725085
0.00068000,10.00000000,15.00000000,14.26862053,96.62517098,0.00000000,1,0.73137947
0.00070000,10.00000000,15.00000000,15.25000720,94.72055863,0.00000000,1,-0.25000720
0.00072000,10.00000000,15.00000000,16.20269679,92.42899307,0.00000000,1,-1.20269679
0.00074000,10.00000000,15.00000000,17.12262743,89.76277082,0.00000000,1,-2.12262743
0.00076000,10.00000000,15.00000000,18.00590486,86.73578018,0.00000000,1,-3.00590486
0.00078000,10.00000000,15.00000000,18.84881881,83.36343086,0.00000000,1,-3.84881881
0.00080000,10.00000000,15.00000000,19.64785839,79.66257734,0.00000000,1,-4.64785839
0.00082000,10.00000000,15.00000000,20.39972654,75.65143613,0.00000000,1,-5.39972654
0.00084000,10.00000000,15.00000000,21.10135346,71.34949754,0.00000000,1,-6.10135346
0.00086000,10.00000000,15.00000000,21.74990895,66.77743228,0.00000000,1,-6.74990895
0.00088000,10.00000000,15.00000000,22.34281362,61.95699333,0.00000000,1,-7.34281362
0.00090000,10.00000000,15.00000000,22.87774893,56.91091358,0.00000000,1,-7.87774893
0.00092000,10.00000000,15.00000000,23.35266603,51.66279966,0.00000000,1,-8.35266603
0.00094000,10.00000000,15.00000000,23.76579332,46.23702251,0.00000000,1,-8.76579332
0.00096000,10.00000000,15.00000000,24.11564276,40.65860523,0.00000000,1,-9.11564276
0.00098000,10.00000000,15.00000000,24.40101493,34.95310850,0.00000000,1,-9.40101493
0.00100000,10.00000000,15.00000000,24.62100270,29.14651447,0.00000000,1,-9.62100270
0.00102000,10.00000000,15.00000000,24.77499366,23.26510920,0.00000000,1,-9.77499366
0.00104000,10.00000000,15.00000000,24.86267119,17.33536461,0.00000000,1,-9.86267119
0.00106000,10.00000000,15.00000000,24.88401423,11.38382012,0.00000000,1,-9.88401423
0.00108000,10.00000000,15.00000000,24.83929571,5.43696469,0.00000000,1,-9.83929571
0.00110000,10.00000000,15.00000000,24.72907975,0.00000000,0.00000000,1,-9.72907975
0.00112000,10.00000000,15.00000000,24.55951974,0.00000000,0.00000000,1,-9.55951974
0.00114000,10.00000000,15.00000000,24.39127438,0.00000000,0.00000000,1,-9.39127438
0.00116000,10.00000000,15.00000000,24.22433348,0.00000000,0.00000000,1,-9.22433348
0.00118000,10.00000000,15.00000000,24.05868694,0.00000000,0.04283048,1,-9.05868694
0.00120000,10.00000000,15.00000000,23.89783763,0.00000000,0.19756874,1,-8.89783763
0.00122000,10.00000000,15.00000000,23.74917416,0.00000000,0.31973522,1,-8.74917416
0.00124000,10.00000000,15.00000000,23.60835842,0.00000000,0.41262530,1,-8.60835842
0.00126000,10.00000000,15.00000000,23.47256048,0.00000000,0.48073641,1,-8.47256048
0.00128000,10.00000000,15.00000000,23.34002454,0.00000000,0.52880379,1,-8.34002454
0.00130000,10.00000000,15.00000000,23.20969581,0.00000000,0.56125989,1,-8.20969581
0.00132000,10.00000000,15.00000000,23.08095080,0.00000000,0.58197195,1,-8.08095080
0.00134000,10.00000000,15.00000000,22.95342129,0.15128791,0.59415162,1,-7.95342129
0.00136000,10.00000000,15.00000000,22.82756767,0.43528664,0.60027300,1,-7.82756767
0.00138000,10.00000000,15.00000000,22.70381809,0.79529223,0.60219159,1,-7.70381809
0.00140000,10.00000000,15.00000000,22.58240964,1.19227598,0.60128240,1,-7.58240964
0.00142000,10.00000000,15.00000000,22.46346195,1.60019240,0.59854846,1,-7.46346195
0.00144000,10.00000000,15.00000000,22.34701734,2.00237790,0.59470790,1,-7.34701734
0.00146000,10.00000000,15.00000000,22.23306526,2.38881887,0.59026372,1,-7.23306526
0.00148000,10.00000000,15.00000000,22.12155901,2.75411029,0.58555915,1,-7.12155901
0.00150000,10.00000000,15.00000000,22.01242815,3.09595499,0.58082073,1,-7.01242815
0.00152000,10.00000000,15.00000000,21.90558806,3.41407962,0.57619133,1,-6.90558806
0.00154000,10.00000000,15.00000000,21.80094731,3.70946573,0.57175493,1,-6.80094731
0.00156000,10.00000000,15.00000000,21.69841304,3.98381520,0.56755506,1,-6.69841304
0.00158000,10.00000000,15.00000000,21.59789492,4.23918707,0.56360806,1,-6.59789492
0.00160000,10.00000000,15.00000000,21.49930766,4.47775750,0.55991269,1,-6.49930766
0.00162000,10.00000000,15.00000000,21.40257263,4.70166685,0.55645684,1,-6.40257263
0.00164000,10.00000000,15.00000000,21.30761862,4.91292738,0.55322214,1,-6.30761862
0.00166000,10.00000000,15.00000000,21.21438203,5.11337225,0.55018717,1,-6.21438203
0.00168000,10.00000000,15.00000000,21.12280672,5.30463210,0.54732948,1,-6.12280672
0.00170000,10.00000000,15.00000000,21.03284355,5.48812957,0.54462695,1,-6.03284355
0.00172000,10.00000000,15.00000000,20.94444977,5.66508498,0.54205857,1,-5.94444977
0.00174000,10.00000000,15.00000000,20.85758836,5.83652864,0.53960493,1,-5.85758836
0.00176000,10.00000000,15.00000000,20.77222726,6.00331663,0.53724842,1,-5.77222726
0.00178000,10.00000000,15.00000000,20.68833875,6.16614823,0.53497329,1,-5.68833875
0.00180000,10.00000000,15.00000000,20.60589868,6.32558341,0.53276564,1,-5.60589868
0.00182000,10.00000000,15.00000000,20.52488593,6.48205991,0.53061332,1,-5.52488593
0.00184000,10.00000000,15.00000000,20.44528177,6.63590921,0.52850582,1,-5.44528177
0.00186000,10.00000000,15.00000000,20.36706936,6.78737133,0.52643413,1,-5.36706936
0.00188000,10.00000000,15.00000000,20.29023330,6.93660827,0.52439059,1,-5.29023330
0.00190000,10.00000000,15.00000000,20.21475921,7.08371610,0.52236878,1,-5.21475921
0.00192000,10.00000000,15.00000000,20.14063337,7.22873584,0.52036339,1,-5.14063337
0.00194000,10.00000000,15.00000000,20.06784242,7.37166307,0.51837008,1,-5.06784242
0.00196000,10.00000000,15.00000000,19.99637309,7.51245654,0.51638538,1,-4.99637309
0.00198000,10.00000000,15.00000000,19.92621197,7.65104567,0.51440661,1,-4.92621197
0.00200000,10.00000000,15.00000000,19.85734535,7.78733726,0.51243175,1,-4.85734535
0.00202000,10.00000000,15.00000000,19.78975904,7.92122132,0.51045941,1,-4.78975904
0.00204000,10.00000000,15.00000000,19.72343823,8.05257621,0.50848870,1,-4.72343823
0.00206000,10.00000000,15.00000000,19.65836744,8.18127313,0.50651920,1,-4.65836744
0.00208000,10.00000000,15.00000000,19.59453042,8.30718004,0.50455090,1,-4.59453042
0.00210000,10.00000000,15.00000000,19.53191011,8.43016502,0.50258413,1,-4.53191011
0.00212000,10.00000000,15.00000000,19.47048857,8.55009926,0.50061952,1,-4.47048857
0.00214000,10.00000000,15.00000000,19.41024705,8.66685953,0.49865795,1,-4.41024705
0.00216000,10.00000000,15.00000000,19.35116590,8.78033035,0.49670052,1,-4.35116590
0.00218000,10.00000000,15.00000000,19.29322466,8.89040576,0.49474851,1,-4.29322466
0.00220000,10.00000000,15.00000000,19.23640205,8.99699086,0.49280332,1,-4.23640205
0.00222000,10.00000000,15.00000000,19.18067602,9.10000299,0.49086648,1,-4.18067602
0.00224000,10.00000000,15.00000000,19.12602382,9.19937270,0.48893961,1,-4.12602382
0.00226000,10.00000000,15.00000000,19.07242203,9.29504450,0.48702436,1,-4.07242203
0.00228000,10.00000000,15.00000000,19.01984666,9.38697729,0.48512244,1,-4.01984666
0.00230000,10.00000000,15.00000000,18.96827320,9.47514477,0.48323554,1,-3.96827320
0.00232000,10.00000000,15.00000000,18.91767673,9.55953550,0.48136537,1,-3.91767673
0.00234000,10.00000000,15.00000000,18.86803195,9.64015287,0.47951357,1,-3.86803195
0.00236000,10.00000000,15.00000000,18.81931334,9.71701494,0.47768177,1,-3.81931334
0.00238000,10.00000000,15.00000000,18.77149520,9.79015404,0.47587151,1,-3.77149520
0.00240000,10.00000000,15.00000000,18.72455173,9.85961637,0.47408426,1,-3.72455173
0.00242000,10.00000000,15.00000000,18.67845720,9.92546137,0.47232140,1,-3.67845720
0.00244000,10.00000000,15.00000000,18.63318592,9.98776107,0.47058419,1,-3.63318592
0.00246000,10.00000000,15.00000000,18.58871246,10.04659926,0.46887381,1,-3.58871246
0.00248000,10.00000000,15.00000000,18.54501162,10.10207070,0.46719130,1,-3.54501162
0.00250000,10.00000000,15.00000000,18.50205861,10.15428013,0.46553755,1,-3.50205861
0.00252000,10.00000000,15.00000000,18.45982906,10.20334130,0.46391336,1,-3.45982906
0.00254000,10.00000000,15.00000000,18.41829912,10.24937595,0.46231936,1,-3.41829912
0.00256000,10.00000000,15.00000000,18.37744554,10.29251274,0.46075606,1,-3.37744554
0.00258000,10.00000000,15.00000000,18.33724574,10.33288613,0.45922382,1,-3.33724574
0.00260000,10.00000000,15.00000000,18.29767782,10.37063535,0.45772285,1,-3.29767782
0.00262000,10.00000000,15.00000000,18.25872068,10.40590321,0.45625326,1,-3.25872068
0.00264000,10.00000000,15.00000000,18.22035401,10.43883507,0.45481498,1,-3.22035401
0.00266000,10.00000000,15.00000000,18.18255836,10.46957777,0.45340784,1,-3.18255836
0.00268000,10.00000000,15.00000000,18.14531513,10.49827854,0.45203153,1,-3.14531513
0.00270000,10.00000000,15.00000000,18.10860666,10.52508405,0.45068564,1,-3.10860666
0.00272000,10.00000000,15.00000000,18.07241617,10.55013945,0.44936962,1,-3.07241617
0.00274000,10.00000000,15.00000000,18.03672784,10.57358741,0.44808286,1,-3.03672784
0.00276000,10.00000000,15.00000000,18.00152676,10.59556738,0.44682461,1,-3.00152676
0.00278000,10.00000000,15.00000000,17.96679893,10.61621474,0.44559406,1,-2.96679893
0.00280000,10.00000000,15.00000000,17.93253129,10.63566010,0.44439034,1,-2.93253129
0.00282000,10.00000000,15.00000000,17.89871165,10.65402872,0.44321248,1,-2.89871165
0.00284000,10.00000000,15.00000000,17.86532870,10.67143993,0.44205950,1,-2.86532870
0.00286000,10.00000000,15.00000000,17.83237198,10.68800665,0.44093034,1,-2.83237198
0.00288000,10.00000000,15.00000000,17.79983183,10.70383501,0.43982392,1,-2.79983183
0.00290000,10.00000000,15.00000000,17.76769937,10.71902404,0.43873914,1,-2.76769937
0.00292000,10.00000000,15.00000000,17.73596647,10.73366543,0.43767489,1,-2.73596647
0.00294000,10.00000000,15.00000000,17.70462568,10.74784338,0.43663005,1,-2.70462568
0.00296000,10.00000000,15.00000000,17.67367019,10.76163451,0.43560352,1,-2.67367019
0.00298000,10.00000000,15.00000000,17.64309381,10.77510784,0.43459419,1,-2.64309381
0.00300000,10.00000000,15.00000000,17.61289089,10.78832488,0.43360100,1,-2.61289089
0.00302000,10.00000000,15.00000000,17.58305630,10.80133969,0.43262289,1,-2.58305630
0.00304000,10.00000000,15.00000000,17.55358535,10.81419910,0.43165887,1,-2.55358535
0.00306000,10.00000000,15.00000000,17.52447377,10.82694293,0.43070796,1,-2.52447377
0.00308000,10.00000000,15.00000000,17.49571763,10.83960424,0.42976925,1,-2.49571763
0.00310000,10.00000000,15.00000000,17.46731335,10.85220968,0.42884187,1,-2.46731335
0.00312000,10.00000000,15.00000000,17.43925756,10.86477980,0.42792501,1,-2.43925756
0.00314000,10.00000000,15.00000000,17.41154717,10.87732947,0.42701791,1,-2.41154717
0.00316000,10.00000000,15.00000000,17.38417924,10.88986827,0.42611988,1,-2.38417924
0.00318000,10.00000000,15.00000000,17.35715096,10.90240091,0.42523028,1,-2.35715096
0.00320000,10.00000000,15.00000000,17.33045966,10.91492766,0.42434856,1,-2.33045966
0.00322000,10.00000000,15.00000000,17.30410271,10.92744484,0.42347418,1,-2.30410271
0.00324000,10.00000000,15.00000000,17.27807753,10.93994522,0.42260672,1,-2.27807753
0.00326000,10.00000000,15.00000000,17.25238154,10.95241848,0.42174577,1,-2.25238154
0.00328000,10.00000000,15.00000000,17.22701215,10.96485169,0.42089101,1,-2.22701215
0.00330000,10.00000000,15.00000000,17.20196673,10.97722968,0.42004217,1,-2.20196673
0.00332000,10.00000000,15.00000000,17.17724260,10.98953554,0.41919903,1,-2.17724260
0.00334000,10.00000000,15.00000000,17.15283699,11.00175096,0.41836141,1,-2.15283699
0.00336000,10.00000000,15.00000000,17.12874704,11.01385665,0.41752921,1,-2.12874704
0.00338000,10.00000000,15.00000000,17.10496980,11.02583270,0.41670234,1,-2.10496980
0.00340000,10.00000000,15.00000000,17.08150220,11.03765893,0.41588078,1,-2.08150220
0.00342000,10.00000000,15.00000000,17.05834106,11.04931520,0.41506453,1,-2.05834106
0.00344000,10.00000000,15.00000000,17.03548308,11.06078169,0.41425362,1,-2.03548308
0.00346000,10.00000000,15.00000000,17.01292484,11.07203920,0.41344812,1,-2.01292484
0.00348000,10.00000000,15.00000000,16.99066280,11.08306937,0.41264813,1,-1.99066280
0.00350000,10.00000000,15.00000000,16.96869330,11.09385486,0.41185376,1,-1.96869330
0.00352000,10.00000000,15.00000000,16.94701259,11.10437959,0.41106515,1,-1.94701259
0.00354000,10.00000000,15.00000000,16.92561678,11.11462886,0.41028244,1,-1.92561678
0.00356000,10.00000000,15.00000000,16.90450191,11.12458946,0.40950580,1,-1.90450191
0.00358000,10.00000000,15.00000000,16.88366393,11.13424981,0.40873539,1,-1.88366393
0.00360000,10.00000000,15.00000000,16.86309869,11.14360001,0.40797139,1,-1.86309869
0.00362000,10.00000000,15.00000000,16.84280201,11.15263190,0.40721396,1,-1.84280201
0.00364000,10.00000000,15.00000000,16.82276962,11.16133907,0.40646328,1,-1.82276962
0.00366000,10.00000000,15.00000000,16.80299722,11.16971689,0.40571952,1,-1.80299722
0.00368000,10.00000000,15.00000000,16.78348047,11.17776247,0.40498283,1,-1.78348047
0.00370000,10.00000000,15.00000000,16.76421503,11.18547463,0.40425337,1,-1.76421503
0.00372000,10.00000000,15.00000000,16.74519654,11.19285388,0.40353127,1,-1.74519654
0.00374000,10.00000000,15.00000000,16.72642064,11.19990230,0.40281667,1,-1.72642064
0.00376000,10.00000000,15.00000000,16.70788299,11.20662350,0.40210968,1,-1.70788299
0.00378000,10.00000000,15.00000000,16.68957929,11.21302251,0.40141040,1,-1.68957929
0.00380000,10.00000000,15.00000000,16.67150527,11.21910569,0.40071892,1,-1.67150527
0.00382000,10.00000000,15.00000000,16.65365671,11.22488062,0.40003529,1,-1.65365671
0.00384000,10.00000000,15.00000000,16.63602946,11.23035594,0.39935958,1,-1.63602946
0.00386000,10.00000000,15.00000000,16.61861942,11.23554130,0.39869181,1,-1.61861942
0.00388000,10.00000000,15.00000000,16.60142260,11.24044719,0.39803200,1,-1.60142260
0.00390000,10.00000000,15.00000000,16.58443505,11.24508481,0.39738014,1,-1.58443505
0.00392000,10.00000000,15.00000000,16.56765296,11.24946598,0.39673623,1,-1.56765296
0.00394000,10.00000000,15.00000000,16.55107258,11.25360296,0.39610023,1,-1.55107258
0.00396000,10.00000000,15.00000000,16.53469027,11.25750838,0.39547208,1,-1.53469027
0.00398000,10.00000000,15.00000000,16.51850251,11.26119510,0.39485172,1,-1.51850251
0.00400000,10.00000000,15.00000000,16.50250589,11.26467608,0.39423908,1,-1.50250589
0.00402000,10.00000000,15.00000000,16.48669707,11.26796430,0.39363406,1,-1.48669707
0.00404000,10.00000000,15.00000000,16.47107288,11.27107264,0.39303656,1,-1.47107288
0.00406000,10.00000000,15.00000000,16.45563022,11.27401378,0.39244647,1,-1.45563022
0.00408000,10.00000000,15.00000000,16.44036612,11.27680013,0.39186366,1,-1.44036612
0.00410000,10.00000000,15.00000000,16.42527771,11.27944374,0.39128801,1,-1.42527771
0.00412000,10.00000000,15.00000000,16.41036224,11.28195621,0.39071937,1,-1.41036224
0.00414000,10.00000000,15.00000000,16.39561705,11.28434868,0.39015761,1,-1.39561705
0.00416000,10.00000000,15.00000000,16.38103960,11.28663172,0.38960257,1,-1.38103960
0.00418000,10.00000000,15.00000000,16.36662744,11.28881530,0.38905411,1,-1.36662744
0.00420000,10.00000000,15.00000000,16.35237821,11.29090879,0.38851207,1,-1.35237821
0.00422000,10.00000000,15.00000000,16.33828967,11.29292087,0.38797629,1,-1.33828967
0.00424000,10.00000000,15.00000000,16.32435963,11.29485957,0.38744663,1,-1.32435963
0.00426000,10.00000000,15.00000000,16.31058599,11.29673220,0.38692293,1,-1.31058599
0.00428000,10.00000000,15.00000000,16.29696675,11.29854541,0.38640504,1,-1.29696675
0.00430000,10.00000000,15.00000000,16.28349995,11.30030514,0.38589281,1,-1.28349995
0.00432000,10.00000000,15.00000000,16.27018373,11.30201665,0.38538610,1,-1.27018373
0.00434000,10.00000000,15.00000000,16.25701625,11.30368452,0.38488477,1,-1.25701625
0.00436000,10.00000000,15.00000000,16.24399575,11.30531272,0.38438868,1,-1.24399575
0.00438000,10.00000000,15.00000000,16.23112053,11.30690456,0.38389770,1,-1.23112053
0.00440000,10.00000000,15.00000000,16.21838892,11.30846278,0.38341172,1,-1.21838892
0.00442000,10.00000000,15.00000000,16.20579929,11.30998956,0.38293061,1,-1.20579929
0.00444000,10.00000000,15.00000000,16.19335004,11.31148655,0.38245427,1,-1.19335004
0.00446000,10.00000000,15.00000000,16.18103963,11.31295493,0.38198258,1,-1.18103963
0.00448000,10.00000000,15.00000000,16.16886652,11.31439544,0.38151546,1,-1.16886652
0.00450000,10.00000000,15.00000000,16.15682921,11.31580840,0.38105281,1,-1.15682921
0.00452000,10.00000000,15.00000000,16.14492619,11.31719381,0.38059455,1,-1.14492619
0.00454000,10.00000000,15.00000000,16.13315602,11.31855133,0.38014060,1,-1.13315602
0.00456000,10.00000000,15.00000000,16.12151722,11.31988037,0.37969089,1,-1.12151722
0.00458000,10.00000000,15.00000000,16.11000835,11.32118010,0.37924536,1,-1.11000835
0.00460000,10.00000000,15.00000000,16.09862798,11.32244952,0.37880396,1,-1.09862798
0.00462000,10.00000000,15.00000000,16.08737468,11.32368748,0.37836662,1,-1.08737468
0.00464000,10.00000000,15.00000000,16.07624703,11.32489273,0.37793330,1,-1.07624703
0.00466000,10.00000000,15.00000000,16.06524360,11.32606395,0.37750396,1,-1.06524360
0.00468000,10.00000000,15.00000000,16.05436297,11.32719980,0.37707857,1,-1.05436297
0.00470000,10.00000000,15.00000000,16.04360375,11.32829891,0.37665708,1,-1.04360375
0.00472000,10.00000000,15.00000000,16.03296451,11.32935997,0.37623948,1,-1.03296451
0.00474000,10.00000000,15.00000000,16.02244385,11.33038172,0.37582574,1,-1.02244385
0.00476000,10.00000000,15.00000000,16.01204035,11.33136295,0.37541583,1,-1.01204035
0.00478000,10.00000000,15.00000000,16.00175262,11.33230259,0.37500973,1,-1.00175262
0.00480000,10.00000000,15.00000000,15.99157925,11.33319967,0.37460743,1,-0.99157925
0.00482000,10.00000000,15.00000000,15.98151883,11.33405334,0.37420890,1,-0.98151883
0.00484000,10.00000000,15.00000000,15.97156998,11.33486292,0.37381415,1,-0.97156998
0.00486000,10.00000000,15.00000000,15.96173130,11.33562787,0.37342314,1,-0.96173130
0.00488000,10.00000000,15.00000000,15.95200141,11.33634782,0.37303587,1,-0.95200141
0.00490000,10.00000000,15.00000000,15.94237893,11.33702255,0.37265232,1,-0.94237893
0.00492000,10.00000000,15.00000000,15.93286247,11.33765203,0.37227249,1,-0.93286247
0.00494000,10.00000000,15.00000000,15.92345070,11.33823637,0.37189635,1,-0.92345070
0.00496000,10.00000000,15.00000000,15.91414224,11.33877587,0.37152390,1,-0.91414224
0.00498000,10.00000000,15.00000000,15.90493576,11.33927098,0.37115511,1,-0.90493576
0.00500000,10.00000000,15.00000000,15.89582993,11.33972229,0.37078997,1,-0.89582993
0.00502000,10.00000000,15.00000000,15.88682343,11.34013056,0.37042847,1,-0.88682343
0.00504000,10.00000000,15.00000000,15.87791497,11.34049667,0.37007059,1,-0.87791497
0.00506000,10.00000000,15.00000000,15.86910326,11.34082163,0.36971630,1,-0.86910326
0.00508000,10.00000000,15.00000000,15.86038702,11.34110657,0.36936558,1,-0.86038702
0.00510000,10.00000000,15.00000000,15.85176502,11.34135271,0.36901842,1,-0.85176502
0.00512000,10.00000000,15.00000000,15.84323601,11.34156137,0.36867478,1,-0.84323601
0.00514000,10.00000000,15.00000000,15.83479878,11.34173395,0.36833465,1,-0.83479878
0.00516000,10.00000000,15.00000000,15.82645214,11.34187191,0.36799799,1,-0.82645214
0.00518000,10.00000000,15.00000000,15.81819491,11.34197677,0.36766477,1,-0.81819491
0.00520000,10.00000000,15.00000000,15.81002594,11.34205007,0.36733496,1,-0.81002594
0.00522000,10.00000000,15.00000000,15.80194409,11.34209340,0.36700854,1,-0.80194409
0.00524000,10.00000000,15.00000000,15.79394825,11.34210834,0.36668546,1,-0.79394825
0.00526000,10.00000000,15.00000000,15.78603734,11.34209649,0.36636570,1,-0.78603734
0.00528000,10.00000000,15.00000000,15.77821029,11.34205942,0.36604922,1,-0.77821029
0.00530000,10.00000000,15.00000000,15.77046603,11.34199871,0.36573597,1,-0.77046603
0.00532000,10.00000000,15.00000000,15.76280356,11.34191589,0.36542593,1,-0.76280356
0.00534000,10.00000000,15.00000000,15.75522185,11.34181245,0.36511906,1,-0.75522185
0.00536000,10.00000000,15.00000000,15.74771993,11.34168984,0.36481531,1,-0.74771993
0.00538000,10.00000000,15.00000000,15.74029683,11.34154945,0.36451465,1,-0.74029683
0.00540000,10.00000000,15.00000000,15.73295160,11.34139263,0.36421704,1,-0.73295160
0.00542000,10.00000000,15.00000000,15.72568332,11.34122063,0.36392243,1,-0.72568332
0.00544000,10.00000000,15.00000000,15.71849107,11.34103466,0.36363080,1,-0.71849107
0.00546000,10.00000000,15.00000000,15.71137397,11.34083585,0.36334209,1,-0.71137397
0.00548000,10.00000000,15.00000000,15.70433115,11.34062524,0.36305628,1,-0.70433115
0.00550000,10.00000000,15.00000000,15.69736174,11.34040382,0.36277332,1,-0.69736174
0.00552000,10.00000000,15.00000000,15.69046492,11.34017247,0.36249317,1,-0.69046492
0.00554000,10.00000000,15.00000000,15.68363985,11.33993202,0.36221580,1,-0.68363985
0.00556000,10.00000000,15.00000000,15.67688572,11.33968321,0.36194116,1,-0.67688572
0.00558000,10.00000000,15.00000000,15.67020175,11.33942670,0.36166922,1,-0.67020175
0.00560000,10.00000000,15.00000000,15.66358714,11.33916309,0.36139996,1,-0.66358714
0.00562000,10.00000000,15.00000000,15.65704113,11.33889291,0.36113332,1,-0.65704113
0.00564000,10.00000000,15.00000000,15.65056296,11.33861659,0.36086927,1,-0.65056296
0.00566000,10.00000000,15.00000000,15.64415189,11.33833454,0.36060779,1,-0.64415189
0.00568000,10.00000000,15.00000000,15.63780718,11.33804709,0.36034885,1,-0.63780718
0.00570000,10.00000000,15.00000000,15.63152810,11.33775450,0.36009240,1,-0.63152810
0.00572000,10.00000000,15.00000000,15.62531395,11.33745701,0.35983841,1,-0.62531395
0.00574000,10.00000000,15.00000000,15.61916401,11.33715478,0.35958687,1,-0.61916401
0.00576000,10.00000000,15.00000000,15.61307759,11.33684795,0.35933774,1,-0.61307759
0.00578000,10.00000000,15.00000000,15.60705400,11.33653662,0.35909099,1,-0.60705400
0.00580000,10.00000000,15.00000000,15.60109256,11.33622084,0.35884660,1,-0.60109256
0.00582000,10.00000000,15.00000000,15.59519259,11.33590066,0.35860454,1,-0.59519259
0.00584000,10.00000000,15.00000000,15.58935344,11.33557609,0.35836479,1,-0.58935344
0.00586000,10.00000000,15.00000000,15.58357443,11.33524712,0.35812732,1,-0.58357443
0.00588000,10.00000000,15.00000000,15.57785491,11.33491372,0.35789211,1,-0.57785491
0.00590000,10.00000000,15.00000000,15.57219425,11.33457587,0.35765913,1,-0.57219425
0.00592000,10.00000000,15.00000000,15.56659179,11.33423353,0.35742837,1,-0.56659179
0.00594000,10.00000000,15.00000000,15.56104691,11.33388666,0.35719981,1,-0.56104691
0.00596000,10.00000000,15.00000000,15.55555897,11.33353522,0.35697342,1,-0.55555897
0.00598000,10.00000000,15.00000000,15.55012736,11.33317917,0.35674918,1,-0.55012736
0.00600000,10.00000000,15.00000000,15.54475145,11.33281847,0.35652707,1,-0.54475145
0.00602000,10.00000000,15.00000000,15.53943063,11.33245312,0.35630708,1,-0.53943063
0.00604000,10.00000000,15.00000000,15.53416430,11.33208309,0.35608919,1,-0.53416430
0.00606000,10.00000000,15.00000000,15.52895186,11.33170838,0.35587337,1,-0.52895186
0.00608000,10.00000000,15.00000000,15.52379271,11.33132901,0.35565962,1,-0.52379271
0.00610000,10.00000000,15.00000000,15.51868627,11.33094501,0.35544791,1,-0.51868627
0.00612000,10.00000000,15.00000000,15.51363194,11.33055641,0.35523822,1,-0.51363194
0.00614000,10.00000000,15.00000000,15.50862916,11.33016329,0.35503054,1,-0.50862916
0.00616000,10.00000000,15.00000000,15.50367734,11.32976570,0.35482485,1,-0.50367734
0.00618000,10.00000000,15.00000000,15.49877593,11.32936375,0.35462114,1,-0.49877593
0.00620000,10.00000000,15.00000000,15.49392437,11.32895753,0.35441938,1,-0.49392437
0.00622000,10.00000000,15.00000000,15.48912210,11.32854718,0.35421956,1,-0.48912210
0.00624000,10.00000000,15.00000000,15.48436857,11.32813283,0.35402167,1,-0.48436857
0.00626000,10.00000000,15.00000000,15.47966325,11.32771462,0.35382569,1,-0.47966325
0.00628000,10.00000000,15.00000000,15.47500559,11.32729273,0.35363159,1,-0.47500559
0.00630000,10.00000000,15.00000000,15.47039507,11.32686732,0.35343936,1,-0.47039507
0.00632000,10.00000000,15.00000000,15.46583117,11.32643858,0.35324900,1,-0.46583117
0.00634000,10.00000000,15.00000000,15.46131337,11.32600671,0.35306047,1,-0.46131337
0.00636000,10.00000000,15.00000000,15.45684115,11.32557191,0.35287376,1,-0.45684115
0.00638000,10.00000000,15.00000000,15.45241402,11.32513438,0.35268886,1,-0.45241402
0.00640000,10.00000000,15.00000000,15.44803148,11.32469433,0.35250575,1,-0.44803148
0.00642000,10.00000000,15.00000000,15.44369304,11.32425200,0.35232441,1,-0.44369304
0.00644000,10.00000000,15.00000000,15.43939822,11.32380758,0.35214483,1,-0.43939822
0.00646000,10.00000000,15.00000000,15.43514653,11.32336131,0.35196698,1,-0.43514653
0.00648000,10.00000000,15.00000000,15.43093750,11.32291340,0.35179085,1,-0.43093750
0.00650000,10.00000000,15.00000000,15.42677068,11.32246407,0.35161643,1,-0.42677068
0.00652000,10.00000000,15.00000000,15.42264560,11.32201354,0.35144369,1,-0.42264560
0.00654000,10.00000000,15.00000000,15.41856181,11.32156201,0.35127262,1,-0.41856181
0.00656000,10.00000000,15.00000000,15.41451886,11.32110968,0.35110320,1,-0.41451886
0.00658000,10.00000000,15.00000000,15.41051631,11.32065677,0.35093542,1,-0.41051631
0.00660000,10.00000000,15.00000000,15.40655373,11.32020346,0.35076926,1,-0.40655373
0.00662000,10.00000000,15.00000000,15.40263069,11.31974992,0.35060470,1,-0.40263069
0.00664000,10.00000000,15.00000000,15.39874677,11.31929635,0.35044172,1,-0.39874677
0.00666000,10.00000000,15.00000000,15.39490154,11.31884291,0.35028032,1,-0.39490154
0.00668000,10.00000000,15.00000000,15.39109461,11.31838976,0.35012046,1,-0.39109461
0.00670000,10.00000000,15.00000000,15.38732556,11.31793703,0.34996214,1,-0.38732556
0.00672000,10.00000000,15.00000000,15.38359399,11.31748489,0.34980534,1,-0.38359399
0.00674000,10.00000000,15.00000000,15.37989951,11.31703344,0.34965005,1,-0.37989951
0.00676000,10.00000000,15.00000000,15.37624173,11.31658282,0.34949624,1,-0.37624173
0.00678000,10.00000000,15.00000000,15.37262026,11.31613313,0.34934391,1,-0.37262026
0.00680000,10.00000000,15.00000000,15.36903472,11.31568448,0.34919303,1,-0.36903472
0.00682000,10.00000000,15.00000000,15.36548473,11.31523694,0.34904360,1,-0.36548473
0.00684000,10.00000000,15.00000000,15.36196993,11.31479062,0.34889559,1,-0.36196993
0.00686000,10.00000000,15.00000000,15.35848995,11.31434557,0.34874899,1,-0.35848995
0.00688000,10.00000000,15.00000000,15.35504443,11.31390187,0.34860379,1,-0.35504443
0.00690000,10.00000000,15.00000000,15.35163300,11.31345957,0.34845998,1,-0.35163300
0.00692000,10.00000000,15.00000000,15.34825532,11.31301872,0.34831753,1,-0.34825532
0.00694000,10.00000000,15.00000000,15.34491104,11.31257936,0.34817644,1,-0.34491104
0.00696000,10.00000000,15.00000000,15.34159981,11.31214153,0.34803669,1,-0.34159981
0.00698000,10.00000000,15.00000000,15.33832129,11.31170526,0.34789826,1,-0.33832129
0.00700000,10.00000000,15.00000000,15.33507513,11.31127058,0.34776116,1,-0.33507513
0.00702000,10.00000000,15.00000000,15.33186102,11.31083750,0.34762535,1,-0.33186102
0.00704000,10.00000000,15.00000000,15.32867862,11.31040605,0.34749083,1,-0.32867862
0.00706000,10.00000000,15.00000000,15.32552759,11.30997623,0.34735759,1,-0.32552759
0.00708000,10.00000000,15.00000000,15.32240762,11.30954806,0.34722561,1,-0.32240762
0.00710000,10.00000000,15.00000000,15.31931839,11.30912154,0.34709488,1,-0.31931839
0.00712000,10.00000000,15.00000000,15.31625959,11.30869669,0.34696539,1,-0.31625959
0.00714000,10.00000000,15.00000000,15.31323089,11.30827349,0.34683712,1,-0.31323089
0.00716000,10.00000000,15.00000000,15.31023199,11.30785197,0.34671007,1,-0.31023199
0.00718000,10.00000000,15.00000000,15.30726258,11.30743211,0.34658423,1,-0.30726258
0.00720000,10.00000000,15.00000000,15.30432236,11.30701393,0.34645958,1,-0.30432236
0.00722000,10.00000000,15.00000000,15.30141103,11.30659742,0.34633610,1,-0.30141103
0.00724000,10.00000000,15.00000000,15.29852829,11.30618259,0.34621380,1,-0.29852829
0.00726000,10.00000000,15.00000000,15.29567385,11.30576944,0.34609265,1,-0.29567385
0.00728000,10.00000000,15.00000000,15.29284742,11.30535797,0.34597266,1,-0.29284742
0.00730000,10.00000000,15.00000000,15.29004871,11.30494818,0.34585380,1,-0.29004871
0.00732000,10.00000000,15.00000000,15.28727743,11.30454009,0.34573606,1,-0.28727743
0.00734000,10.00000000,15.00000000,15.28453330,11.30413371,0.34561944,1,-0.28453330
0.00736000,10.00000000,15.00000000,15.28181605,11.30372903,0.34550393,1,-0.28181605
0.00738000,10.00000000,15.00000000,15.27912540,11.30332607,0.34538951,1,-0.27912540
0.00740000,10.00000000,15.00000000,15.27646107,11.30292483,0.34527617,1,-0.27646107
0.00742000,10.00000000,15.00000000,15.27382279,11.30252535,0.34516391,1,-0.27382279
0.00744000,10.00000000,15.00000000,15.27121030,11.30212761,0.34505272,1,-0.27121030
0.00746000,10.00000000,15.00000000,15.26862334,11.30173165,0.34494258,1,-0.26862334
0.00748000,10.00000000,15.00000000,15.26606164,11.30133748,0.34483348,1,-0.26606164
0.00750000,10.00000000,15.00000000,15.26352494,11.30094511,0.34472541,1,-0.26352494
0.00752000,10.00000000,15.00000000,15.26101298,11.30055457,0.34461838,1,-0.26101298
0.00754000,10.00000000,15.00000000,15.25852552,11.30016586,0.34451235,1,-0.25852552
0.00756000,10.00000000,15.00000000,15.25606231,11.29977902,0.34440733,1,-0.25606231
0.00758000,10.00000000,15.00000000,15.25362309,11.29939406,0.34430331,1,-0.25362309
0.00760000,10.00000000,15.00000000,15.25120762,11.29901101,0.34420028,1,-0.25120762
0.00762000,10.00000000,15.00000000,15.24881566,11.29862988,0.34409822,1,-0.24881566
0.00764000,10.00000000,15.00000000,15.24644697,11.29825070,0.34399713,1,-0.24644697
0.00766000,10.00000000,15.00000000,15.24410131,11.29787348,0.34389700,1,-0.24410131
0.00768000,10.00000000,15.00000000,15.24177846,11.29749825,0.34379781,1,-0.24177846
0.00770000,10.00000000,15.00000000,15.23947816,11.29712503,0.34369957,1,-0.23947816
0.00772000,10.00000000,15.00000000,15.23720021,11.29675384,0.34360226,1,-0.23720021
0.00774000,10.00000000,15.00000000,15.23494437,11.29638470,0.34350587,1,-0.23494437
0.00776000,10.00000000,15.00000000,15.23271042,11.29601762,0.34341040,1,-0.23271042
0.00778000,10.00000000,15.00000000,15.23049814,11.29565263,0.34331583,1,-0.23049814
0.00780000,10.00000000,15.00000000,15.22830730,11.29528975,0.34322215,1,-0.22830730
0.00782000,10.00000000,15.00000000,15.22613769,11.29492898,0.34312936,1,-0.22613769
0.00784000,10.00000000,15.00000000,15.22398911,11.29457035,0.34303745,1,-0.22398911
0.00786000,10.00000000,15.00000000,15.22186133,11.29421387,0.34294641,1,-0.22186133
0.00788000,10.00000000,15.00000000,15.21975414,11.29385954,0.34285624,1,-0.21975414
0.00790000,10.00000000,15.00000000,15.21766735,11.29350739,0.34276691,1,-0.21766735
0.00792000,10.00000000,15.00000000,15.21560074,11.29315743,0.34267843,1,-0.21560074
0.00794000,10.00000000,15.00000000,15.21355412,11.29280965,0.34259079,1,-0.21355412
0.00796000,10.00000000,15.00000000,15.21152728,11.29246407,0.34250397,1,-0.21152728
0.00798000,10.00000000,15.00000000,15.20952002,11.29212070,0.34241798,1,-0.20952002
0.00800000,10.00000000,15.00000000,15.20753216,11.29177954,0.34233279,1,-0.20753216
0.00802000,10.00000000,15.00000000,15.20556349,11.29144060,0.34224842,1,-0.20556349
0.00804000,10.00000000,15.00000000,15.20361382,11.29110387,0.34216483,1,-0.20361382
0.00806000,10.00000000,15.00000000,15.20168297,11.29076935,0.34208204,1,-0.20168297
0.00808000,10.00000000,15.00000000,15.19977075,11.29043706,0.34200003,1,-0.19977075
0.00810000,10.00000000,15.00000000,15.19787697,11.29010699,0.34191879,1,-0.19787697
0.00812000,10.00000000,15.00000000,15.19600145,11.28977913,0.34183832,1,-0.19600145
0.00814000,10.00000000,15.00000000,15.19414400,11.28945348,0.34175861,1,-0.19414400
0.00816000,10.00000000,15.00000000,15.19230445,11.28913004,0.34167965,1,-0.19230445
0.00818000,10.00000000,15.00000000,15.19048263,11.28880880,0.34160143,1,-0.19048263
0.00820000,10.00000000,15.00000000,15.18867834,11.28848976,0.34152395,1,-0.18867834
0.00822000,10.00000000,15.00000000,15.18689143,11.28817292,0.34144721,1,-0.18689143
0.00824000,10.00000000,15.00000000,15.18512172,11.28785826,0.34137118,1,-0.18512172
0.00826000,10.00000000,15.00000000,15.18336903,11.28754578,0.34129587,1,-0.18336903
0.00828000,10.00000000,15.00000000,15.18163320,11.28723546,0.34122127,1,-0.18163320
0.00830000,10.00000000,15.00000000,15.17991406,11.28692731,0.34114737,1,-0.17991406
0.00832000,10.00000000,15.00000000,15.17821146,11.28662131,0.34107417,1,-0.17821146
0.00834000,10.00000000,15.00000000,15.17652521,11.28631746,0.34100166,1,-0.17652521
0.00836000,10.00000000,15.00000000,15.17485517,11.28601574,0.34092983,1,-0.17485517
0.00838000,10.00000000,15.00000000,15.17320117,11.28571614,0.34085867,1,-0.17320117
0.00840000,10.00000000,15.00000000,15.17156305,11.28541866,0.34078819,1,-0.17156305
0.00842000,10.00000000,15.00000000,15.16994066,11.28512329,0.34071837,1,-0.16994066
0.00844000,10.00000000,15.00000000,15.16833384,11.28483001,0.34064920,1,-0.16833384
0.00846000,10.00000000,15.00000000,15.16674244,11.28453882,0.34058069,1,-0.16674244
0.00848000,10.00000000,15.00000000,15.16516630,11.28424970,0.34051282,1,-0.16516630
0.00850000,10.00000000,15.00000000,15.16360528,11.28396265,0.34044559,1,-0.16360528
0.00852000,10.00000000,15.00000000,15.16205922,11.28367766,0.34037900,1,-0.16205922
0.00854000,10.00000000,15.00000000,15.16052799,11.28339471,0.34031302,1,-0.16052799
0.00856000,10.00000000,15.00000000,15.15901142,11.28311380,0.34024767,1,-0.15901142
0.00858000,10.00000000,15.00000000,15.15750939,11.28283492,0.34018294,1,-0.15750939
0.00860000,10.00000000,15.00000000,15.15602174,11.28255806,0.34011881,1,-0.15602174
0.00862000,10.00000000,15.00000000,15.15454833,11.28228321,0.34005529,1,-0.15454833
0.00864000,10.00000000,15.00000000,15.15308903,11.28201035,0.33999237,1,-0.15308903
0.00866000,10.00000000,15.00000000,15.15164369,11.28173949,0.33993003,1,-0.15164369
0.00868000,10.00000000,15.00000000,15.15021218,11.28147062,0.33986828,1,-0.15021218
0.00870000,10.00000000,15.00000000,15.14879437,11.28120372,0.33980712,1,-0.14879437
0.00872000,10.00000000,15.00000000,15.14739011,11.28093878,0.33974653,1,-0.14739011
0.00874000,10.00000000,15.00000000,15.14599927,11.28067580,0.33968651,1,-0.14599927
0.00876000,10.00000000,15.00000000,15.14462173,11.28041477,0.33962705,1,-0.14462173
0.00878000,10.00000000,15.00000000,15.14325735,11.28015568,0.33956815,1,-0.14325735
0.00880000,10.00000000,15.00000000,15.14190601,11.27989853,0.33950981,1,-0.14190601
0.00882000,10.00000000,15.00000000,15.14056757,11.27964330,0.33945201,1,-0.14056757
0.00884000,10.00000000,15.00000000,15.13924191,11.27938998,0.33939476,1,-0.13924191
0.00886000,10.00000000,15.00000000,15.13792890,11.27913857,0.33933805,1,-0.13792890
0.00888000,10.00000000,15.00000000,15.13662843,11.27888907,0.33928187,1,-0.13662843
0.00890000,10.00000000,15.00000000,15.13534036,11.27864145,0.33922622,1,-0.13534036
0.00892000,10.00000000,15.00000000,15.13406458,11.27839572,0.33917109,1,-0.13406458
0.00894000,10.00000000,15.00000000,15.13280097,11.27815186,0.33911648,1,-0.13280097
0.00896000,10.00000000,15.00000000,15.13154940,11.27790987,0.33906238,1,-0.13154940
0.00898000,10.00000000,15.00000000,15.13030977,11.27766974,0.33900879,1,-0.13030977
0.00900000,10.00000000,15.00000000,15.12908195,11.27743146,0.33895570,1,-0.12908195
0.00902000,10.00000000,15.00000000,15.12786583,11.27719502,0.33890312,1,-0.12786583
0.00904000,10.00000000,15.00000000,15.12666129,11.27696042,0.33885102,1,-0.12666129
0.00906000,10.00000000,15.00000000,15.12546823,11.27672764,0.33879942,1,-0.12546823
0.00908000,10.00000000,15.00000000,15.12428653,11.27649667,0.33874830,1,-0.12428653
0.00910000,10.00000000,15.00000000,15.12311607,11.27626751,0.33869766,1,-0.12311607
0.00912000,10.00000000,15.00000000,15.12195676,11.27604015,0.33864750,1,-0.12195676
0.00914000,10.00000000,15.00000000,15.12080848,11.27581457,0.33859781,1,-0.12080848
0.00916000,10.00000000,15.00000000,15.11967113,11.27559077,0.33854858,1,-0.11967113
0.00918000,10.00000000,15.00000000,15.11854460,11.27536874,0.33849982,1,-0.11854460
0.00920000,10.00000000,15.00000000,15.11742878,11.27514847,0.33845151,1,-0.11742878
0.00922000,10.00000000,15.00000000,15.11632357,11.27492995,0.33840366,1,-0.11632357
0.00924000,10.00000000,15.00000000,15.11522886,11.27471317,0.33835626,1,-0.11522886
0.00926000,10.00000000,15.00000000,15.11414457,11.27449812,0.33830930,1,-0.11414457
0.00928000,10.00000000,15.00000000,15.11307057,11.27428479,0.33826278,1,-0.11307057
0.00930000,10.00000000,15.00000000,15.11200679,11.27407317,0.33821670,1,-0.11200679
0.00932000,10.00000000,15.00000000,15.11095311,11.27386324,0.33817105,1,-0.11095311
0.00934000,10.00000000,15.00000000,15.10990943,11.27365501,0.33812583,1,-0.10990943
0.00936000,10.00000000,15.00000000,15.10887567,11.27344845,0.33808104,1,-0.10887567
0.00938000,10.00000000,15.00000000,15.10785173,11.27324355,0.33803666,1,-0.10785173
0.00940000,10.00000000,15.00000000,15.10683750,11.27304032,0.33799270,1,-0.10683750
0.00942000,10.00000000,15.00000000,15.10583290,11.27283873,0.33794915,1,-0.10583290
0.00944000,10.00000000,15.00000000,15.10483784,11.27263877,0.33790601,1,-0.10483784
0.00946000,10.00000000,15.00000000,15.10385222,11.27244044,0.33786328,1,-0.10385222
0.00948000,10.00000000,15.00000000,15.10287594,11.27224373,0.33782094,1,-0.10287594
0.00950000,10.00000000,15.00000000,15.10190893,11.27204861,0.33777900,1,-0.10190893
0.00952000,10.00000000,15.00000000,15.10095109,11.27185509,0.33773746,1,-0.10095109
0.00954000,10.00000000,15.00000000,15.10000233,11.27166315,0.33769630,1,-0.10000233
0.00956000,10.00000000,15.00000000,15.09906257,11.27147278,0.33765554,1,-0.09906257
0.00958000,10.00000000,15.00000000,15.09813172,11.27128396,0.33761515,1,-0.09813172
0.00960000,10.00000000,15.00000000,15.09720968,11.27109670,0.33757514,1,-0.09720968
0.00962000,10.00000000,15.00000000,15.09629639,11.27091097,0.33753551,1,-0.09629639
0.00964000,10.00000000,15.00000000,15.09539175,11.27072677,0.33749624,1,-0.09539175
0.00966000,10.00000000,15.00000000,15.09449567,11.27054409,0.33745735,1,-0.09449567
0.00968000,10.00000000,15.00000000,15.09360809,11.27036291,0.33741882,1,-0.09360809
0.00970000,10.00000000,15.00000000,15.09272891,11.27018323,0.33738065,1,-0.09272891
0.00972000,10.00000000,15.00000000,15.09185805,11.27000503,0.33734284,1,-0.09185805
0.00974000,10.00000000,15.00000000,15.09099544,11.26982831,0.33730538,1,-0.09099544
0.00976000,10.00000000,15.00000000,15.09014100,11.26965304,0.33726828,1,-0.09014100
0.00978000,10.00000000,15.00000000,15.08929464,11.26947924,0.33723152,1,-0.08929464
0.00980000,10.00000000,15.00000000,15.08845630,11.26930687,0.33719510,1,-0.08845630
0.00982000,10.00000000,15.00000000,15.08762588,11.26913594,0.33715903,1,-0.08762588
0.00984000,10.00000000,15.00000000,15.08680332,11.26896643,0.33712329,1,-0.08680332
0.00986000,10.00000000,15.00000000,15.08598854,11.26879833,0.33708789,1,-0.08598854
0.00988000,10.00000000,15.00000000,15.08518147,11.26863163,0.33705283,1,-0.08518147
0.00990000,10.00000000,15.00000000,15.08438203,11.26846632,0.33701808,1,-0.08438203
0.00992000,10.00000000,15.00000000,15.08359014,11.26830240,0.33698367,1,-0.08359014
0.00994000,10.00000000,15.00000000,15.08280575,11.26813985,0.33694958,1,-0.08280575
0.00996000,10.00000000,15.00000000,15.08202876,11.26797866,0.33691580,1,-0.08202876
0.00998000,10.00000000,15.00000000,15.08125912,11.26781882,0.33688235,1,-0.08125912
0.01000000,10.00000000,15.00000000,15.08049676,11.26766033,0.33684920,1,-0.08049676
0.01002000,10.00000000,15.00000000,15.07974159,11.26750316,0.33681637,1,-0.07974159
0.01004000,10.00000000,15.00000000,15.07899356,11.26734732,0.33678384,1,-0.07899356
0.01006000,10.00000000,15.00000000,15.07825260,11.26719280,0.33675162,1,-0.07825260
0.01008000,10.00000000,15.00000000,15.07751864,11.26703958,0.33671970,1,-0.07751864
0.01010000,10.00000000,15.00000000,15.07679160,11.26688765,0.33668808,1,-0.07679160
0.01012000,10.00000000,15.00000000,15.07607143,11.26673701,0.33665675,1,-0.07607143
0.01014000,10.00000000,15.00000000,15.07535806,11.26658765,0.33662572,1,-0.07535806
0.01016000,10.00000000,15.00000000,15.07465143,11.26643955,0.33659498,1,-0.07465143
0.01018000,10.00000000,15.00000000,15.07395146,11.26629271,0.33656453,1,-0.07395146
0.01020000,10.00000000,15.00000000,15.07325810,11.26614712,0.33653436,1,-0.07325810
0.01022000,10.00000000,15.00000000,15.07257128,11.26600276,0.33650447,1,-0.07257128
0.01024000,10.00000000,15.00000000,15.07189094,11.26585964,0.33647486,1,-0.07189094
0.01026000,10.00000000,15.00000000,15.07121702,11.26571774,0.33644553,1,-0.07121702
0.01028000,10.00000000,15.00000000,15.07054946,11.26557705,0.33641648,1,-0.07054946
0.01030000,10.00000000,15.00000000,15.06988819,11.26543756,0.33638770,1,-0.06988819
0.01032000,10.00000000,15.00000000,15.06923316,11.26529926,0.33635918,1,-0.06923316
0.01034000,10.00000000,15.00000000,15.06858431,11.26516215,0.33633093,1,-0.06858431
0.01036000,10.00000000,15.00000000,15.06794157,11.26502621,0.33630295,1,-0.06794157
0.01038000,10.00000000,15.00000000,15.06730489,11.26489144,0.33627523,1,-0.06730489
0.01040000,10.00000000,15.00000000,15.06667422,11.26475783,0.33624777,1,-0.06667422
0.01042000,10.00000000,15.00000000,15.06604949,11.26462537,0.33622056,1,-0.06604949
0.01044000,10.00000000,15.00000000,15.06543064,11.26449404,0.33619361,1,-0.06543064
0.01046000,10.00000000,15.00000000,15.06481763,11.26436385,0.33616692,1,-0.06481763
0.01048000,10.00000000,15.00000000,15.06421039,11.26423478,0.33614047,1,-0.06421039
0.01050000,10.00000000,15.00000000,15.06360888,11.26410683,0.33611427,1,-0.06360888
0.01052000,10.00000000,15.00000000,15.06301303,11.26397998,0.33608831,1,-0.06301303
0.01054000,10.00000000,15.00000000,15.06242279,11.26385422,0.33606260,1,-0.06242279
0.01056000,10.00000000,15.00000000,15.06183812,11.26372956,0.33603712,1,-0.06183812
0.01058000,10.00000000,15.00000000,15.06125894,11.26360597,0.33601189,1,-0.06125894
0.01060000,10.00000000,15.00000000,15.06068523,11.26348345,0.33598689,1,-0.06068523
0.01062000,10.00000000,15.00000000,15.06011691,11.26336200,0.33596212,1,-0.06011691
0.01064000,10.00000000,15.00000000,15.05955395,11.26324160,0.33593759,1,-0.05955395
0.01066000,10.00000000,15.00000000,15.05899628,11.26312225,0.33591329,1,-0.05899628
0.01068000,10.00000000,15.00000000,15.05844386,11.26300393,0.33588921,1,-0.05844386
0.01070000,10.00000000,15.00000000,15.05789665,11.26288664,0.33586536,1,-0.05789665
0.01072000,10.00000000,15.00000000,15.05735458,11.26277037,0.33584173,1,-0.05735458
0.01074000,10.00000000,15.00000000,15.05681761,11.26265512,0.33581832,1,-0.05681761
0.01076000,10.00000000,15.00000000,15.05628570,11.26254087,0.33579513,1,-0.05628570
0.01078000,10.00000000,15.00000000,15.05575879,11.26242761,0.33577216,1,-0.05575879
0.01080000,10.00000000,15.00000000,15.05523683,11.26231535,0.33574940,1,-0.05523683
0.01082000,10.00000000,15.00000000,15.05471979,11.26220406,0.33572686,1,-0.05471979
0.01084000,10.00000000,15.00000000,15.05420761,11.26209375,0.33570452,1,-0.05420761
0.01086000,10.00000000,15.00000000,15.05370024,11.26198440,0.33568240,1,-0.05370024
0.01088000,10.00000000,15.00000000,15.05319765,11.26187601,0.33566048,1,-0.05319765
0.01090000,10.00000000,15.00000000,15.05269978,11.26176857,0.33563877,1,-0.05269978
0.01092000,10.00000000,15.00000000,15.05220660,11.26166207,0.33561726,1,-0.05220660
0.01094000,10.00000000,15.00000000,15.05171805,11.26155650,0.33559595,1,-0.05171805
0.01096000,10.00000000,15.00000000,15.05123409,11.26145185,0.33557484,1,-0.05123409
0.01098000,10.00000000,15.00000000,15.05075469,11.26134813,0.33555392,1,-0.05075469
0.01100000,10.00000000,15.00000000,15.05027979,11.26124532,0.33553320,1,-0.05027979
0.01102000,10.00000000,15.00000000,15.04980935,11.26114341,0.33551268,1,-0.04980935
0.01104000,10.00000000,15.00000000,15.04934333,11.26104239,0.33549235,1,-0.04934333
0.01106000,10.00000000,15.00000000,15.04888169,11.26094226,0.33547221,1,-0.04888169
0.01108000,10.00000000,15.00000000,15.04842439,11.26084302,0.33545225,1,-0.04842439
0.01110000,10.00000000,15.00000000,15.04797139,11.26074465,0.33543248,1,-0.04797139
0.01112000,10.00000000,15.00000000,15.04752264,11.26064714,0.33541290,1,-0.04752264
0.01114000,10.00000000,15.00000000,15.04707811,11.26055050,0.33539350,1,-0.04707811
0.01116000,10.00000000,15.00000000,15.04663775,11.26045471,0.33537428,1,-0.04663775
0.01118000,10.00000000,15.00000000,15.04620153,11.26035976,0.33535524,1,-0.04620153
0.01120000,10.00000000,15.00000000,15.04576940,11.26026565,0.33533638,1,-0.04576940
0.01122000,10.00000000,15.00000000,15.04534134,11.26017238,0.33531770,1,-0.04534134
0.01124000,10.00000000,15.00000000,15.04491729,11.26007992,0.33529918,1,-0.04491729
0.01126000,10.00000000,15.00000000,15.04449723,11.25998829,0.33528085,1,-0.04449723
0.01128000,10.00000000,15.00000000,15.04408110,11.25989747,0.33526268,1,-0.04408110
0.01130000,10.00000000,15.00000000,15.04366889,11.25980745,0.33524468,1,-0.04366889
0.01132000,10.00000000,15.00000000,15.04326054,11.25971823,0.33522686,1,-0.04326054
0.01134000,10.00000000,15.00000000,15.04285603,11.25962980,0.33520919,1,-0.04285603
0.01136000,10.00000000,15.00000000,15.04245531,11.25954215,0.33519170,1,-0.04245531
0.01138000,10.00000000,15.00000000,15.04205836,11.25945528,0.33517436,1,-0.04205836
0.01140000,10.00000000,15.00000000,15.04166513,11.25936918,0.33515719,1,-0.04166513
0.01142000,10.00000000,15.00000000,15.04127559,11.25928385,0.33514018,1,-0.04127559
0.01144000,10.00000000,15.00000000,15.04088971,11.25919928,0.33512333,1,-0.04088971
0.01146000,10.00000000,15.00000000,15.04050744,11.25911546,0.33510663,1,-0.04050744
0.01148000,10.00000000,15.00000000,15.04012876,11.25903238,0.33509009,1,-0.04012876
0.01150000,10.00000000,15.00000000,15.03975364,11.25895004,0.33507371,1,-0.03975364
0.01152000,10.00000000,15.00000000,15.03938203,11.25886844,0.33505748,1,-0.03938203
0.01154000,10.00000000,15.00000000,15.03901391,11.25878756,0.33504139,1,-0.03901391
0.01156000,10.00000000,15.00000000,15.03864924,11.25870741,0.33502546,1,-0.03864924
0.01158000,10.00000000,15.00000000,15.03828800,11.25862797,0.33500968,1,-0.03828800
0.01160000,10.00000000,15.00000000,15.03793014,11.25854924,0.33499405,1,-0.03793014
0.01162000,10.00000000,15.00000000,15.03757563,11.25847121,0.33497856,1,-0.03757563
0.01164000,10.00000000,15.00000000,15.03722446,11.25839387,0.33496322,1,-0.03722446
0.01166000,10.00000000,15.00000000,15.03687657,11.25831723,0.33494802,1,-0.03687657
0.01168000,10.00000000,15.00000000,15.03653194,11.25824128,0.33493296,1,-0.03653194
0.01170000,10.00000000,15.00000000,15.03619055,11.25816600,0.33491804,1,-0.03619055
0.01172000,10.00000000,15.00000000,15.03585236,11.25809140,0.33490326,1,-0.03585236
0.01174000,10.00000000,15.00000000,15.03551733,11.25801746,0.33488862,1,-0.03551733
0.01176000,10.00000000,15.00000000,15.03518545,11.25794418,0.33487412,1,-0.03518545
0.01178000,10.00000000,15.00000000,15.03485668,11.25787157,0.33485975,1,-0.03485668
0.01180000,10.00000000,15.00000000,15.03453099,11.25779960,0.33484552,1,-0.03453099
0.01182000,10.00000000,15.00000000,15.03420835,11.25772828,0.33483142,1,-0.03420835
0.01184000,10.00000000,15.00000000,15.03388874,11.25765759,0.33481745,1,-0.03388874
0.01186000,10.00000000,15.00000000,15.03357212,11.25758755,0.33480361,1,-0.03357212
0.01188000,10.00000000,15.00000000,15.03325847,11.25751813,0.33478990,1,-0.03325847
0.01190000,10.00000000,15.00000000,15.03294775,11.25744933,0.33477632,1,-0.03294775
0.01192000,10.00000000,15.00000000,15.03263995,11.25738115,0.33476286,1,-0.03263995
0.01194000,10.00000000,15.00000000,15.03233503,11.25731358,0.33474953,1,-0.03233503
0.01196000,10.00000000,15.00000000,15.03203297,11.25724663,0.33473633,1,-0.03203297
0.01198000,10.00000000,15.00000000,15.03173374,11.25718027,0.33472324,1,-0.03173374
0.01200000,10.00000000,15.00000000,15.03143731,11.25711451,0.33471028,1,-0.03143731
0.01202000,10.00000000,15.00000000,15.03114366,11.25704934,0.33469744,1,-0.03114366
0.01204000,10.00000000,15.00000000,15.03085276,11.25698476,0.33468473,1,-0.03085276
0.01206000,10.00000000,15.00000000,15.03056458,11.25692076,0.33467213,1,-0.03056458
0.01208000,10.00000000,15.00000000,15.03027910,11.25685733,0.33465964,1,-0.03027910
0.01210000,10.00000000,15.00000000,15.02999630,11.25679448,0.33464728,1,-0.02999630
0.01212000,10.00000000,15.00000000,15.02971614,11.25673219,0.33463503,1,-0.02971614
0.01214000,10.00000000,15.00000000,15.02943861,11.25667046,0.33462289,1,-0.02943861
0.01216000,10.00000000,15.00000000,15.02916368,11.25660930,0.33461087,1,-0.02916368
0.01218000,10.00000000,15.00000000,15.02889132,11.25654868,0.33459895,1,-0.02889132
0.01220000,10.00000000,15.00000000,15.02862151,11.25648861,0.33458715,1,-0.02862151
0.01222000,10.00000000,15.00000000,15.02835422,11.25642908,0.33457546,1,-0.02835422
0.01224000,10.00000000,15.00000000,15.02808944,11.25637009,0.33456388,1,-0.02808944
0.01226000,10.00000000,15.00000000,15.02782714,11.25631163,0.33455241,1,-0.02782714
0.01228000,10.00000000,15.00000000,15.02756729,11.25625370,0.33454105,1,-0.02756729
0.01230000,10.00000000,15.00000000,15.02730988,11.25619630,0.33452979,1,-0.02730988
0.01232000,10.00000000,15.00000000,15.02705487,11.25613941,0.33451863,1,-0.02705487
0.01234000,10.00000000,15.00000000,15.02680225,11.25608304,0.33450758,1,-0.02680225
0.01236000,10.00000000,15.00000000,15.02655200,11.25602717,0.33449663,1,-0.02655200
0.01238000,10.00000000,15.00000000,15.02630409,11.25597181,0.33448579,1,-0.02630409
0.01240000,10.00000000,15.00000000,15.02605850,11.25591696,0.33447504,1,-0.02605850
0.01242000,10.00000000,15.00000000,15.02581520,11.25586260,0.33446440,1,-0.02581520
0.01244000,10.00000000,15.00000000,15.02557418,11.25580873,0.33445386,1,-0.02557418
0.01246000,10.00000000,15.00000000,15.02533542,11.25575535,0.33444341,1,-0.02533542
0.01248000,10.00000000,15.00000000,15.02509890,11.25570245,0.33443306,1,-0.02509890
0.01250000,10.00000000,15.00000000,15.02486458,11.25565004,0.33442281,1,-0.02486458
0.01252000,10.00000000,15.00000000,15.02463246,11.25559809,0.33441265,1,-0.02463246
0.01254000,10.00000000,15.00000000,15.02440251,11.25554662,0.33440259,1,-0.02440251
0.01256000,10.00000000,15.00000000,15.02417471,11.25549562,0.33439262,1,-0.02417471
0.01258000,10.00000000,15.00000000,15.02394904,11.25544508,0.33438275,1,-0.02394904
0.01260000,10.00000000,15.00000000,15.02372548,11.25539499,0.33437297,1,-0.02372548
0.01262000,10.00000000,15.00000000,15.02350402,11.25534537,0.33436328,1,-0.02350402
0.01264000,10.00000000,15.00000000,15.02328462,11.25529619,0.33435367,1,-0.02328462
0.01266000,10.00000000,15.00000000,15.02306728,11.25524746,0.33434416,1,-0.02306728
0.01268000,10.00000000,15.00000000,15.02285197,11.25519917,0.33433474,1,-0.02285197
0.01270000,10.00000000,15.00000000,15.02263867,11.25515132,0.33432541,1,-0.02263867
0.01272000,10.00000000,15.00000000,15.02242737,11.25510391,0.33431616,1,-0.02242737
0.01274000,10.00000000,15.00000000,15.02221805,11.25505692,0.33430700,1,-0.02221805
0.01276000,10.00000000,15.00000000,15.02201068,11.25501037,0.33429792,1,-0.02201068
0.01278000,10.00000000,15.00000000,15.02180525,11.25496423,0.33428893,1,-0.02180525
0.01280000,10.00000000,15.00000000,15.02160175,11.25491852,0.33428002,1,-0.02160175
0.01282000,10.00000000,15.00000000,15.02140014,11.25487322,0.33427120,1,-0.02140014
0.01284000,10.00000000,15.00000000,15.02120042,11.25482834,0.33426246,1,-0.02120042
0.01286000,10.00000000,15.00000000,15.02100257,11.25478386,0.33425379,1,-0.02100257
0.01288000,10.00000000,15.00000000,15.02080657,11.25473979,0.33424521,1,-0.02080657
0.01290000,10.00000000,15.00000000,15.02061240,11.25469612,0.33423672,1,-0.02061240
0.01292000,10.00000000,15.00000000,15.02042005,11.25465285,0.33422829,1,-0.02042005
0.01294000,10.00000000,15.00000000,15.02022949,11.25460997,0.33421995,1,-0.02022949
0.01296000,10.00000000,15.00000000,15.02004072,11.25456748,0.33421169,1,-0.02004072
0.01298000,10.00000000,15.00000000,15.01985371,11.25452538,0.33420350,1,-0.01985371
0.01300000,10.00000000,15.00000000,15.01966844,11.25448367,0.33419539,1,-0.01966844
0.01302000,10.00000000,15.00000000,15.01948491,11.25444233,0.33418736,1,-0.01948491
0.01304000,10.00000000,15.00000000,15.01930310,11.25440137,0.33417940,1,-0.01930310
0.01306000,10.00000000,15.00000000,15.01912299,11.25436079,0.33417151,1,-0.01912299
0.01308000,10.00000000,15.00000000,15.01894455,11.25432057,0.33416370,1,-0.01894455
0.01310000,10.00000000,15.00000000,15.01876779,11.25428073,0.33415596,1,-0.01876779
0.01312000,10.00000000,15.00000000,15.01859268,11.25424124,0.33414829,1,-0.01859268
0.01314000,10.00000000,15.00000000,15.01841920,11.25420212,0.33414070,1,-0.01841920
0.01316000,10.00000000,15.00000000,15.01824735,11.25416335,0.33413317,1,-0.01824735
0.01318000,10.00000000,15.00000000,15.01807710,11.25412494,0.33412572,1,-0.01807710
0.01320000,10.00000000,15.00000000,15.01790844,11.25408688,0.33411833,1,-0.01790844
0.01322000,10.00000000,15.00000000,15.01774136,11.25404917,0.33411101,1,-0.01774136
0.01324000,10.00000000,15.00000000,15.01757584,11.25401180,0.33410377,1,-0.01757584
0.01326000,10.00000000,15.00000000,15.01741187,11.25397477,0.33409659,1,-0.01741187
0.01328000,10.00000000,15.00000000,15.01724943,11.25393808,0.33408947,1,-0.01724943
0.01330000,10.00000000,15.00000000,15.01708851,11.25390173,0.33408242,1,-0.01708851
0.01332000,10.00000000,15.00000000,15.01692909,11.25386571,0.33407544,1,-0.01692909
0.01334000,10.00000000,15.00000000,15.01677116,11.25383002,0.33406853,1,-0.01677116
0.01336000,10.00000000,15.00000000,15.01661470,11.25379466,0.33406167,1,-0.01661470
0.01338000,10.00000000,15.00000000,15.01645971,11.25375962,0.33405489,1,-0.01645971
0.01340000,10.00000000,15.00000000,15.01630616,11.25372490,0.33404816,1,-0.01630616
0.01342000,10.00000000,15.00000000,15.01615405,11.25369049,0.33404150,1,-0.01615405
0.01344000,10.00000000,15.00000000,15.01600336,11.25365641,0.33403490,1,-0.01600336
0.01346000,10.00000000,15.00000000,15.01585408,11.25362263,0.33402836,1,-0.01585408
0.01348000,10.00000000,15.00000000,15.01570619,11.25358917,0.33402188,1,-0.01570619
0.01350000,10.00000000,15.00000000,15.01555969,11.25355601,0.33401547,1,-0.01555969
0.01352000,10.00000000,15.00000000,15.01541455,11.25352315,0.33400911,1,-0.01541455
0.01354000,10.00000000,15.00000000,15.01527077,11.25349060,0.33400281,1,-0.01527077
0.01356000,10.00000000,15.00000000,15.01512833,11.25345834,0.33399657,1,-0.01512833
0.01358000,10.00000000,15.00000000,15.01498722,11.25342638,0.33399039,1,-0.01498722
0.01360000,10.00000000,15.00000000,15.01484743,11.25339471,0.33398427,1,-0.01484743
0.01362000,10.00000000,15.00000000,15.01470894,11.25336334,0.33397820,1,-0.01470894
0.01364000,10.00000000,15.00000000,15.01457175,11.25333225,0.33397219,1,-0.01457175
0.01366000,10.00000000,15.00000000,15.01443584,11.25330144,0.33396624,1,-0.01443584
0.01368000,10.00000000,15.00000000,15.01430120,11.25327092,0.33396034,1,-0.01430120
0.01370000,10.00000000,15.00000000,15.01416782,11.25324068,0.33395450,1,-0.01416782
0.01372000,10.00000000,15.00000000,15.01403568,11.25321071,0.33394871,1,-0.01403568
0.01374000,10.00000000,15.00000000,15.01390477,11.25318102,0.33394297,1,-0.01390477
0.01376000,10.00000000,15.00000000,15.01377509,11.25315161,0.33393729,1,-0.01377509
0.01378000,10.00000000,15.00000000,15.01364662,11.25312246,0.33393166,1,-0.01364662
0.01380000,10.00000000,15.00000000,15.01351935,11.25309358,0.33392609,1,-0.01351935
0.01382000,10.00000000,15.00000000,15.01339327,11.25306497,0.33392057,1,-0.01339327
0.01384000,10.00000000,15.00000000,15.01326836,11.25303662,0.33391509,1,-0.01326836
0.01386000,10.00000000,15.00000000,15.01314462,11.25300853,0.33390967,1,-0.01314462
0.01388000,10.00000000,15.00000000,15.01302204,11.25298069,0.33390430,1,-0.01302204
0.01390000,10.00000000,15.00000000,15.01290060,11.25295312,0.33389898,1,-0.01290060
0.01392000,10.00000000,15.00000000,15.01278029,11.25292579,0.33389371,1,-0.01278029
0.01394000,10.00000000,15.00000000,15.01266111,11.25289872,0.33388849,1,-0.01266111
0.01396000,10.00000000,15.00000000,15.01254304,11.25287190,0.33388331,1,-0.01254304
0.01398000,10.00000000,15.00000000,15.01242607,11.25284532,0.33387819,1,-0.01242607
0.01400000,10.00000000,15.00000000,15.01231020,11.25281899,0.33387311,1,-0.01231020
0.01402000,10.00000000,15.00000000,15.01219540,11.25279289,0.33386808,1,-0.01219540
0.01404000,10.00000000,15.00000000,15.01208168,11.25276704,0.33386310,1,-0.01208168
0.01406000,10.00000000,15.00000000,15.01196902,11.25274143,0.33385816,1,-0.01196902
0.01408000,10.00000000,15.00000000,15.01185741,11.25271605,0.33385327,1,-0.01185741
0.01410000,10.00000000,15.00000000,15.01174684,11.25269091,0.33384843,1,-0.01174684
0.01412000,10.00000000,15.00000000,15.01163731,11.25266600,0.33384363,1,-0.01163731
0.01414000,10.00000000,15.00000000,15.01152879,11.25264131,0.33383887,1,-0.01152879
0.01416000,10.00000000,15.00000000,15.01142129,11.25261686,0.33383416,1,-0.01142129
0.01418000,10.00000000,15.00000000,15.01131480,11.25259262,0.33382949,1,-0.01131480
0.01420000,10.00000000,15.00000000,15.01120929,11.25256862,0.33382487,1,-0.01120929
0.01422000,10.00000000,15.00000000,15.01110478,11.25254483,0.33382029,1,-0.01110478
0.01424000,10.00000000,15.00000000,15.01100123,11.25252126,0.33381575,1,-0.01100123
0.01426000,10.00000000,15.00000000,15.01089866,11.25249791,0.33381126,1,-0.01089866
0.01428000,10.00000000,15.00000000,15.01079704,11.25247477,0.33380680,1,-0.01079704
0.01430000,10.00000000,15.00000000,15.01069637,11.25245185,0.33380239,1,-0.01069637
0.01432000,10.00000000,15.00000000,15.01059664,11.25242914,0.33379802,1,-0.01059664
0.01434000,10.00000000,15.00000000,15.01049784,11.25240663,0.33379369,1,-0.01049784
0.01436000,10.00000000,15.00000000,15.01039996,11.25238434,0.33378940,1,-0.01039996
0.01438000,10.00000000,15.00000000,15.01030300,11.25236225,0.33378515,1,-0.01030300
0.01440000,10.00000000,15.00000000,15.01020694,11.25234036,0.33378094,1,-0.01020694
0.01442000,10.00000000,15.00000000,15.01011177,11.25231868,0.33377677,1,-0.01011177
0.01444000,10.00000000,15.00000000,15.01001750,11.25229719,0.33377264,1,-0.01001750
0.01446000,10.00000000,15.00000000,15.00992410,11.25227590,0.33376855,1,-0.00992410
0.01448000,10.00000000,15.00000000,15.00983158,11.25225481,0.33376449,1,-0.00983158
0.01450000,10.00000000,15.00000000,15.00973992,11.25223392,0.33376047,1,-0.00973992
0.01452000,10.00000000,15.00000000,15.00964911,11.25221321,0.33375649,1,-0.00964911
0.01454000,10.00000000,15.00000000,15.00955915,11.25219270,0.33375255,1,-0.00955915
0.01456000,10.00000000,15.00000000,15.00947004,11.25217238,0.33374864,1,-0.00947004
0.01458000,10.00000000,15.00000000,15.00938175,11.25215224,0.33374477,1,-0.00938175
0.01460000,10.00000000,15.00000000,15.00929429,11.25213229,0.33374094,1,-0.00929429
0.01462000,10.00000000,15.00000000,15.00920764,11.25211252,0.33373714,1,-0.00920764
0.01464000,10.00000000,15.00000000,15.00912180,11.25209294,0.33373338,1,-0.00912180
0.01466000,10.00000000,15.00000000,15.00903676,11.25207354,0.33372965,1,-0.00903676
0.01468000,10.00000000,15.00000000,15.00895252,11.25205431,0.33372596,1,-0.00895252
0.01470000,10.00000000,15.00000000,15.00886906,11.25203526,0.33372230,1,-0.00886906
0.01472000,10.00000000,15.00000000,15.00878638,11.25201639,0.33371868,1,-0.00878638
0.01474000,10.00000000,15.00000000,15.00870447,11.25199770,0.33371509,1,-0.00870447
0.01476000,10.00000000,15.00000000,15.00862333,11.25197917,0.33371153,1,-0.00862333
0.01478000,10.00000000,15.00000000,15.00854294,11.25196082,0.33370801,1,-0.00854294
0.01480000,10.00000000,15.00000000,15.00846330,11.25194263,0.33370451,1,-0.00846330
0.01482000,10.00000000,15.00000000,15.00838441,11.25192462,0.33370106,1,-0.00838441
0.01484000,10.00000000,15.00000000,15.00830625,11.25190677,0.33369763,1,-0.00830625
0.01486000,10.00000000,15.00000000,15.00822882,11.25188908,0.33369424,1,-0.00822882
0.01488000,10.00000000,15.00000000,15.00815211,11.25187156,0.33369087,1,-0.00815211
0.01490000,10.00000000,15.00000000,15.00807612,11.25185420,0.33368754,1,-0.00807612
0.01492000,10.00000000,15.00000000,15.00800084,11.25183700,0.33368424,1,-0.00800084
0.01494000,10.00000000,15.00000000,15.00792626,11.25181996,0.33368097,1,-0.00792626
0.01496000,10.00000000,15.00000000,15.00785237,11.25180308,0.33367773,1,-0.00785237
0.01498000,10.00000000,15.00000000,15.00777918,11.25178635,0.33367452,1,-0.00777918
0.01500000,10.00000000,15.00000000,15.00770666,11.25176978,0.33367134,1,-0.00770666
0.01502000,10.00000000,15.00000000,15.00763483,11.25175336,0.33366820,1,-0.00763483
0.01504000,10.00000000,15.00000000,15.00756366,11.25173709,0.33366508,1,-0.00756366
0.01506000,10.00000000,15.00000000,15.00749316,11.25172097,0.33366198,1,-0.00749316
0.01508000,10.00000000,15.00000000,15.00742331,11.25170500,0.33365892,1,-0.00742331
0.01510000,10.00000000,15.00000000,15.00735412,11.25168918,0.33365589,1,-0.00735412
0.01512000,10.00000000,15.00000000,15.00728557,11.25167351,0.33365288,1,-0.00728557
0.01514000,10.00000000,15.00000000,15.00721766,11.25165798,0.33364991,1,-0.00721766
0.01516000,10.00000000,15.00000000,15.00715039,11.25164259,0.33364696,1,-0.00715039
0.01518000,10.00000000,15.00000000,15.00708374,11.25162735,0.33364403,1,-0.00708374
0.01520000,10.00000000,15.00000000,15.00701771,11.25161224,0.33364114,1,-0.00701771
0.01522000,10.00000000,15.00000000,15.00695230,11.25159728,0.33363827,1,-0.00695230
0.01524000,10.00000000,15.00000000,15.00688750,11.25158245,0.33363543,1,-0.00688750
0.01526000,10.00000000,15.00000000,15.00682331,11.25156777,0.33363262,1,-0.00682331
0.01528000,10.00000000,15.00000000,15.00675971,11.25155321,0.33362983,1,-0.00675971
0.01530000,10.00000000,15.00000000,15.00669671,11.25153880,0.33362707,1,-0.00669671
0.01532000,10.00000000,15.00000000,15.00663429,11.25152451,0.33362433,1,-0.00663429
0.01534000,10.00000000,15.00000000,15.00657245,11.25151036,0.33362162,1,-0.00657245
0.01536000,10.00000000,15.00000000,15.00651120,11.25149634,0.33361893,1,-0.00651120
0.01538000,10.00000000,15.00000000,15.00645051,11.25148245,0.33361627,1,-0.00645051
0.01540000,10.00000000,15.00000000,15.00639039,11.25146868,0.33361363,1,-0.00639039
0.01542000,10.00000000,15.00000000,15.00633083,11.25145505,0.33361102,1,-0.00633083
0.01544000,10.00000000,15.00000000,15.00627182,11.25144154,0.33360844,1,-0.00627182
0.01546000,10.00000000,15.00000000,15.00621337,11.25142815,0.33360587,1,-0.00621337
0.01548000,10.00000000,15.00000000,15.00615546,11.25141489,0.33360333,1,-0.00615546
0.01550000,10.00000000,15.00000000,15.00609809,11.25140176,0.33360082,1,-0.00609809
0.01552000,10.00000000,15.00000000,15.00604126,11.25138874,0.33359833,1,-0.00604126
0.01554000,10.00000000,15.00000000,15.00598495,11.25137584,0.33359586,1,-0.00598495
0.01556000,10.00000000,15.00000000,15.00592917,11.25136307,0.33359341,1,-0.00592917
0.01558000,10.00000000,15.00000000,15.00587392,11.25135041,0.33359099,1,-0.00587392
0.01560000,10.00000000,15.00000000,15.00581917,11.25133787,0.33358859,1,-0.00581917
0.01562000,10.00000000,15.00000000,15.00576494,11.25132544,0.33358621,1,-0.00576494
0.01564000,10.00000000,15.00000000,15.00571121,11.25131313,0.33358385,1,-0.00571121
0.01566000,10.00000000,15.00000000,15.00565798,11.25130094,0.33358152,1,-0.00565798
0.01568000,10.00000000,15.00000000,15.00560525,11.25128886,0.33357921,1,-0.00560525
0.01570000,10.00000000,15.00000000,15.00555301,11.25127688,0.33357692,1,-0.00555301
0.01572000,10.00000000,15.00000000,15.00550126,11.25126502,0.33357465,1,-0.00550126
0.01574000,10.00000000,15.00000000,15.00544999,11.25125327,0.33357240,1,-0.00544999
0.01576000,10.00000000,15.00000000,15.00539920,11.25124163,0.33357017,1,-0.00539920
0.01578000,10.00000000,15.00000000,15.00534889,11.25123010,0.33356797,1,-0.00534889
0.01580000,10.00000000,15.00000000,15.00529904,11.25121867,0.33356578,1,-0.00529904
0.01582000,10.00000000,15.00000000,15.00524965,11.25120735,0.33356361,1,-0.00524965
0.01584000,10.00000000,15.00000000,15.00520073,11.25119614,0.33356147,1,-0.00520073
0.01586000,10.00000000,15.00000000,15.00515226,11.25118502,0.33355934,1,-0.00515226
0.01588000,10.00000000,15.00000000,15.00510425,11.25117401,0.33355724,1,-0.00510425
0.01590000,10.00000000,15.00000000,15.00505668,11.25116311,0.33355515,1,-0.00505668
0.01592000,10.00000000,15.00000000,15.00500956,11.25115230,0.33355308,1,-0.00500956
0.01594000,10.00000000,15.00000000,15.00496287,11.25114160,0.33355104,1,-0.00496287
0.01596000,10.00000000,15.00000000,15.00491662,11.25113099,0.33354901,1,-0.00491662
0.01598000,10.00000000,15.00000000,15.00487080,11.25112048,0.33354700,1,-0.00487080
0.01600000,10.00000000,15.00000000,15.00482541,11.25111007,0.33354501,1,-0.00482541
0.01602000,10.00000000,15.00000000,15.00478045,11.25109976,0.33354304,1,-0.00478045
0.01604000,10.00000000,15.00000000,15.00473590,11.25108954,0.33354108,1,-0.00473590
0.01606000,10.00000000,15.00000000,15.00469176,11.25107941,0.33353915,1,-0.00469176
0.01608000,10.00000000,15.00000000,15.00464804,11.25106938,0.33353723,1,-0.00464804
0.01610000,10.00000000,15.00000000,15.00460473,11.25105944,0.33353533,1,-0.00460473
0.01612000,10.00000000,15.00000000,15.00456182,11.25104960,0.33353345,1,-0.00456182
0.01614000,10.00000000,15.00000000,15.00451931,11.25103985,0.33353158,1,-0.00451931
0.01616000,10.00000000,15.00000000,15.00447719,11.25103018,0.33352974,1,-0.00447719
0.01618000,10.00000000,15.00000000,15.00443547,11.25102061,0.33352791,1,-0.00443547
0.01620000,10.00000000,15.00000000,15.00439414,11.25101112,0.33352610,1,-0.00439414
0.01622000,10.00000000,15.00000000,15.00435319,11.25100173,0.33352430,1,-0.00435319
0.01624000,10.00000000,15.00000000,15.00431263,11.25099242,0.33352252,1,-0.00431263
0.01626000,10.00000000,15.00000000,15.00427244,11.25098319,0.33352076,1,-0.00427244
0.01628000,10.00000000,15.00000000,15.00423263,11.25097405,0.33351901,1,-0.00423263
0.01630000,10.00000000,15.00000000,15.00419318,11.25096500,0.33351728,1,-0.00419318
0.01632000,10.00000000,15.00000000,15.00415411,11.25095603,0.33351557,1,-0.00415411
0.01634000,10.00000000,15.00000000,15.00411540,11.25094714,0.33351387,1,-0.00411540
0.01636000,10.00000000,15.00000000,15.00407705,11.25093834,0.33351219,1,-0.00407705
0.01638000,10.00000000,15.00000000,15.00403906,11.25092962,0.33351052,1,-0.00403906
0.01640000,10.00000000,15.00000000,15.00400142,11.25092098,0.33350887,1,-0.00400142
0.01642000,10.00000000,15.00000000,15.00396414,11.25091242,0.33350724,1,-0.00396414
0.01644000,10.00000000,15.00000000,15.00392720,11.25090393,0.33350562,1,-0.00392720
0.01646000,10.00000000,15.00000000,15.00389060,11.25089553,0.33350401,1,-0.00389060
0.01648000,10.00000000,15.00000000,15.00385435,11.25088721,0.33350242,1,-0.00385435
0.01650000,10.00000000,15.00000000,15.00381843,11.25087896,0.33350085,1,-0.00381843
0.01652000,10.00000000,15.00000000,15.00378285,11.25087079,0.33349929,1,-0.00378285
0.01654000,10.00000000,15.00000000,15.00374761,11.25086269,0.33349774,1,-0.00374761
0.01656000,10.00000000,15.00000000,15.00371268,11.25085467,0.33349621,1,-0.00371268
0.01658000,10.00000000,15.00000000,15.00367809,11.25084672,0.33349469,1,-0.00367809
0.01660000,10.00000000,15.00000000,15.00364382,11.25083885,0.33349319,1,-0.00364382
0.01662000,10.00000000,15.00000000,15.00360986,11.25083105,0.33349170,1,-0.00360986
0.01664000,10.00000000,15.00000000,15.00357623,11.25082333,0.33349022,1,-0.00357623
0.01666000,10.00000000,15.00000000,15.00354290,11.25081567,0.33348876,1,-0.00354290
0.01668000,10.00000000,15.00000000,15.00350989,11.25080809,0.33348731,1,-0.00350989
0.01670000,10.00000000,15.00000000,15.00347719,11.25080057,0.33348588,1,-0.00347719
0.01672000,10.00000000,15.00000000,15.00344479,11.25079313,0.33348446,1,-0.00344479
0.01674000,10.00000000,15.00000000,15.00341269,11.25078575,0.33348305,1,-0.00341269
0.01676000,10.00000000,15.00000000,15.00338089,11.25077845,0.33348165,1,-0.00338089
0.01678000,10.00000000,15.00000000,15.00334939,11.25077121,0.33348027,1,-0.00334939
0.01680000,10.00000000,15.00000000,15.00331818,11.25076404,0.33347890,1,-0.00331818
0.01682000,10.00000000,15.00000000,15.00328726,11.25075693,0.33347755,1,-0.00328726
0.01684000,10.00000000,15.00000000,15.00325663,11.25074989,0.33347620,1,-0.00325663
0.01686000,10.00000000,15.00000000,15.00322629,11.25074292,0.33347487,1,-0.00322629
0.01688000,10.00000000,15.00000000,15.00319623,11.25073601,0.33347356,1,-0.00319623
0.01690000,10.00000000,15.00000000,15.00316645,11.25072917,0.33347225,1,-0.00316645
0.01692000,10.00000000,15.00000000,15.00313694,11.25072239,0.33347095,1,-0.00313694
0.01694000,10.00000000,15.00000000,15.00310771,11.25071567,0.33346967,1,-0.00310771
0.01696000,10.00000000,15.00000000,15.00307876,11.25070901,0.33346840,1,-0.00307876
0.01698000,10.00000000,15.00000000,15.00305007,11.25070242,0.33346714,1,-0.00305007
0.01700000,10.00000000,15.00000000,15.00302165,11.25069589,0.33346590,1,-0.00302165
0.01702000,10.00000000,15.00000000,15.00299350,11.25068941,0.33346466,1,-0.00299350
0.01704000,10.00000000,15.00000000,15.00296561,11.25068300,0.33346344,1,-0.00296561
0.01706000,10.00000000,15.00000000,15.00293797,11.25067665,0.33346223,1,-0.00293797
0.01708000,10.00000000,15.00000000,15.00291060,11.25067036,0.33346103,1,-0.00291060
0.01710000,10.00000000,15.00000000,15.00288348,11.25066412,0.33345984,1,-0.00288348
0.01712000,10.00000000,15.00000000,15.00285661,11.25065794,0.33345866,1,-0.00285661
0.01714000,10.00000000,15.00000000,15.00283000,11.25065182,0.33345749,1,-0.00283000
0.01716000,10.00000000,15.00000000,15.00280363,11.25064576,0.33345633,1,-0.00280363
0.01718000,10.00000000,15.00000000,15.00277751,11.25063975,0.33345519,1,-0.00277751
0.01720000,10.00000000,15.00000000,15.00275163,11.25063380,0.33345405,1,-0.00275163
0.01722000,10.00000000,15.00000000,15.00272599,11.25062791,0.33345293,1,-0.00272599
0.01724000,10.00000000,15.00000000,15.00270059,11.25062207,0.33345181,1,-0.00270059
0.01726000,10.00000000,15.00000000,15.00267543,11.25061628,0.33345071,1,-0.00267543
0.01728000,10.00000000,15.00000000,15.00265050,11.25061055,0.33344962,1,-0.00265050
0.01730000,10.00000000,15.00000000,15.00262581,11.25060487,0.33344853,1,-0.00262581
0.01732000,10.00000000,15.00000000,15.00260134,11.25059924,0.33344746,1,-0.00260134
0.01734000,10.00000000,15.00000000,15.00257711,11.25059367,0.33344640,1,-0.00257711
0.01736000,10.00000000,15.00000000,15.00255309,11.25058814,0.33344534,1,-0.00255309
0.01738000,10.00000000,15.00000000,15.00252931,11.25058267,0.33344430,1,-0.00252931
0.01740000,10.00000000,15.00000000,15.00250574,11.25057725,0.33344327,1,-0.00250574
0.01742000,10.00000000,15.00000000,15.00248240,11.25057188,0.33344224,1,-0.00248240
0.01744000,10.00000000,15.00000000,15.00245927,11.25056656,0.33344123,1,-0.00245927
0.01746000,10.00000000,15.00000000,15.00243635,11.25056129,0.33344022,1,-0.00243635
0.01748000,10.00000000,15.00000000,15.00241365,11.25055607,0.33343923,1,-0.00241365
0.01750000,10.00000000,15.00000000,15.00239117,11.25055090,0.33343824,1,-0.00239117
0.01752000,10.00000000,15.00000000,15.00236889,11.25054577,0.33343726,1,-0.00236889
0.01754000,10.00000000,15.00000000,15.00234682,11.25054069,0.33343630,1,-0.00234682
0.01756000,10.00000000,15.00000000,15.00232495,11.25053566,0.33343534,1,-0.00232495
0.01758000,10.00000000,15.00000000,15.00230329,11.25053068,0.33343439,1,-0.00230329
0.01760000,10.00000000,15.00000000,15.00228183,11.25052574,0.33343344,1,-0.00228183
0.01762000,10.00000000,15.00000000,15.00226057,11.25052085,0.33343251,1,-0.00226057
0.01764000,10.00000000,15.00000000,15.00223951,11.25051600,0.33343159,1,-0.00223951
0.01766000,10.00000000,15.00000000,15.00221865,11.25051120,0.33343067,1,-0.00221865
0.01768000,10.00000000,15.00000000,15.00219797,11.25050645,0.33342977,1,-0.00219797
0.01770000,10.00000000,15.00000000,15.00217750,11.25050173,0.33342887,1,-0.00217750
0.01772000,10.00000000,15.00000000,15.00215721,11.25049707,0.33342798,1,-0.00215721
0.01774000,10.00000000,15.00000000,15.00213711,11.25049244,0.33342710,1,-0.00213711
0.01776000,10.00000000,15.00000000,15.00211720,11.25048786,0.33342622,1,-0.00211720
0.01778000,10.00000000,15.00000000,15.00209747,11.25048332,0.33342536,1,-0.00209747
0.01780000,10.00000000,15.00000000,15.00207793,11.25047882,0.33342450,1,-0.00207793
0.01782000,10.00000000,15.00000000,15.00205857,11.25047437,0.33342365,1,-0.00205857
0.01784000,10.00000000,15.00000000,15.00203939,11.25046995,0.33342281,1,-0.00203939
0.01786000,10.00000000,15.00000000,15.00202039,11.25046558,0.33342198,1,-0.00202039
0.01788000,10.00000000,15.00000000,15.00200157,11.25046125,0.33342115,1,-0.00200157
0.01790000,10.00000000,15.00000000,15.00198292,11.25045696,0.33342033,1,-0.00198292
0.01792000,10.00000000,15.00000000,15.00196445,11.25045270,0.33341952,1,-0.00196445
0.01794000,10.00000000,15.00000000,15.00194615,11.25044849,0.33341872,1,-0.00194615
0.01796000,10.00000000,15.00000000,15.00192802,11.25044432,0.33341792,1,-0.00192802
0.01798000,10.00000000,15.00000000,15.00191005,11.25044018,0.33341714,1,-0.00191005
0.01800000,10.00000000,15.00000000,15.00189226,11.25043609,0.33341635,1,-0.00189226
0.01802000,10.00000000,15.00000000,15.00187463,11.25043203,0.33341558,1,-0.00187463
0.01804000,10.00000000,15.00000000,15.00185716,11.25042801,0.33341482,1,-0.00185716
0.01806000,10.00000000,15.00000000,15.00183986,11.25042402,0.33341406,1,-0.00183986
0.01808000,10.00000000,15.00000000,15.00182272,11.25042008,0.33341330,1,-0.00182272
0.01810000,10.00000000,15.00000000,15.00180574,11.25041617,0.33341256,1,-0.00180574
0.01812000,10.00000000,15.00000000,15.00178892,11.25041230,0.33341182,1,-0.00178892
0.01814000,10.00000000,15.00000000,15.00177225,11.25040846,0.33341109,1,-0.00177225
0.01816000,10.00000000,15.00000000,15.00175574,11.25040466,0.33341037,1,-0.00175574
0.01818000,10.00000000,15.00000000,15.00173938,11.25040089,0.33340965,1,-0.00173938
0.01820000,10.00000000,15.00000000,15.00172318,11.25039716,0.33340894,1,-0.00172318
0.01822000,10.00000000,15.00000000,15.00170712,11.25039346,0.33340823,1,-0.00170712
0.01824000,10.00000000,15.00000000,15.00169122,11.25038980,0.33340754,1,-0.00169122
0.01826000,10.00000000,15.00000000,15.00167546,11.25038617,0.33340684,1,-0.00167546
0.01828000,10.00000000,15.00000000,15.00165985,11.25038258,0.33340616,1,-0.00165985
0.01830000,10.00000000,15.00000000,15.00164439,11.25037902,0.33340548,1,-0.00164439
0.01832000,10.00000000,15.00000000,15.00162907,11.25037549,0.33340481,1,-0.00162907
0.01834000,10.00000000,15.00000000,15.00161389,11.25037200,0.33340414,1,-0.00161389
0.01836000,10.00000000,15.00000000,15.00159886,11.25036854,0.33340348,1,-0.00159886
0.01838000,10.00000000,15.00000000,15.00158396,11.25036511,0.33340283,1,-0.00158396
0.01840000,10.00000000,15.00000000,15.00156921,11.25036171,0.33340218,1,-0.00156921
0.01842000,10.00000000,15.00000000,15.00155459,11.25035834,0.33340154,1,-0.00155459
0.01844000,10.00000000,15.00000000,15.00154010,11.25035501,0.33340091,1,-0.00154010
0.01846000,10.00000000,15.00000000,15.00152576,11.25035170,0.33340028,1,-0.00152576
0.01848000,10.00000000,15.00000000,15.00151154,11.25034843,0.33339965,1,-0.00151154
0.01850000,10.00000000,15.00000000,15.00149746,11.25034518,0.33339903,1,-0.00149746
0.01852000,10.00000000,15.00000000,15.00148351,11.25034197,0.33339842,1,-0.00148351
0.01854000,10.00000000,15.00000000,15.00146969,11.25033879,0.33339782,1,-0.00146969
0.01856000,10.00000000,15.00000000,15.00145600,11.25033563,0.33339722,1,-0.00145600
0.01858000,10.00000000,15.00000000,15.00144243,11.25033251,0.33339662,1,-0.00144243
0.01860000,10.00000000,15.00000000,15.00142899,11.25032942,0.33339603,1,-0.00142899
0.01862000,10.00000000,15.00000000,15.00141568,11.25032635,0.33339545,1,-0.00141568
0.01864000,10.00000000,15.00000000,15.00140249,11.25032331,0.33339487,1,-0.00140249
0.01866000,10.00000000,15.00000000,15.00138943,11.25032030,0.33339430,1,-0.00138943
0.01868000,10.00000000,15.00000000,15.00137648,11.25031732,0.33339373,1,-0.00137648
0.01870000,10.00000000,15.00000000,15.00136366,11.25031437,0.33339316,1,-0.00136366
0.01872000,10.00000000,15.00000000,15.00135095,11.25031144,0.33339261,1,-0.00135095
0.01874000,10.00000000,15.00000000,15.00133837,11.25030854,0.33339206,1,-0.00133837
0.01876000,10.00000000,15.00000000,15.00132590,11.25030567,0.33339151,1,-0.00132590
0.01878000,10.00000000,15.00000000,15.00131355,11.25030282,0.33339097,1,-0.00131355
0.01880000,10.00000000,15.00000000,15.00130131,11.25030001,0.33339043,1,-0.00130131
0.01882000,10.00000000,15.00000000,15.00128919,11.25029721,0.33338990,1,-0.00128919
0.01884000,10.00000000,15.00000000,15.00127718,11.25029445,0.33338937,1,-0.00127718
0.01886000,10.00000000,15.00000000,15.00126528,11.25029171,0.33338885,1,-0.00126528
0.01888000,10.00000000,15.00000000,15.00125349,11.25028899,0.33338833,1,-0.00125349
0.01890000,10.00000000,15.00000000,15.00124181,11.25028630,0.33338782,1,-0.00124181
0.01892000,10.00000000,15.00000000,15.00123025,11.25028363,0.33338731,1,-0.00123025
0.01894000,10.00000000,15.00000000,15.00121879,11.25028099,0.33338681,1,-0.00121879
0.01896000,10.00000000,15.00000000,15.00120743,11.25027838,0.33338631,1,-0.00120743
0.01898000,10.00000000,15.00000000,15.00119618,11.25027579,0.33338582,1,-0.00119618
0.01900000,10.00000000,15.00000000,15.00118504,11.25027322,0.33338533,1,-0.00118504
0.01902000,10.00000000,15.00000000,15.00117400,11.25027068,0.33338484,1,-0.00117400
0.01904000,10.00000000,15.00000000,15.00116306,11.25026816,0.33338436,1,-0.00116306
0.01906000,10.00000000,15.00000000,15.00115223,11.25026566,0.33338389,1,-0.00115223
0.01908000,10.00000000,15.00000000,15.00114149,11.25026319,0.33338342,1,-0.00114149
0.01910000,10.00000000,15.00000000,15.00113086,11.25026074,0.33338295,1,-0.00113086
0.01912000,10.00000000,15.00000000,15.00112032,11.25025831,0.33338249,1,-0.00112032
0.01914000,10.00000000,15.00000000,15.00110989,11.25025590,0.33338203,1,-0.00110989
0.01916000,10.00000000,15.00000000,15.00109955,11.25025352,0.33338158,1,-0.00109955
0.01918000,10.00000000,15.00000000,15.00108930,11.25025116,0.33338113,1,-0.00108930
0.01920000,10.00000000,15.00000000,15.00107916,11.25024882,0.33338068,1,-0.00107916
0.01922000,10.00000000,15.00000000,15.00106910,11.25024651,0.33338024,1,-0.00106910
0.01924000,10.00000000,15.00000000,15.00105914,11.25024421,0.33337980,1,-0.00105914
0.01926000,10.00000000,15.00000000,15.00104928,11.25024194,0.33337937,1,-0.00104928
0.01928000,10.00000000,15.00000000,15.00103950,11.25023969,0.33337894,1,-0.00103950
0.01930000,10.00000000,15.00000000,15.00102982,11.25023745,0.33337852,1,-0.00102982
0.01932000,10.00000000,15.00000000,15.00102022,11.25023524,0.33337810,1,-0.00102022
0.01934000,10.00000000,15.00000000,15.00101072,11.25023305,0.33337768,1,-0.00101072
0.01936000,10.00000000,15.00000000,15.00100130,11.25023088,0.33337727,1,-0.00100130
0.01938000,10.00000000,15.00000000,15.00099198,11.25022873,0.33337686,1,-0.00099198
0.01940000,10.00000000,15.00000000,15.00098274,11.25022660,0.33337645,1,-0.00098274
0.01942000,10.00000000,15.00000000,15.00097358,11.25022449,0.33337605,1,-0.00097358
0.01944000,10.00000000,15.00000000,15.00096451,11.25022240,0.33337565,1,-0.00096451
0.01946000,10.00000000,15.00000000,15.00095553,11.25022033,0.33337526,1,-0.00095553
0.01948000,10.00000000,15.00000000,15.00094662,11.25021828,0.33337487,1,-0.00094662
0.01950000,10.00000000,15.00000000,15.00093781,11.25021625,0.33337448,1,-0.00093781
0.01952000,10.00000000,15.00000000,15.00092907,11.25021424,0.33337410,1,-0.00092907
0.01954000,10.00000000,15.00000000,15.00092041,11.25021224,0.33337372,1,-0.00092041
0.01956000,10.00000000,15.00000000,15.00091184,11.25021027,0.33337334,1,-0.00091184
0.01958000,10.00000000,15.00000000,15.00090335,11.25020831,0.33337297,1,-0.00090335
0.01960000,10.00000000,15.00000000,15.00089493,11.25020637,0.33337260,1,-0.00089493
0.01962000,10.00000000,15.00000000,15.00088659,11.25020445,0.33337223,1,-0.00088659
0.01964000,10.00000000,15.00000000,15.00087833,11.25020254,0.33337187,1,-0.00087833
0.01966000,10.00000000,15.00000000,15.00087015,11.25020066,0.33337151,1,-0.00087015
0.01968000,10.00000000,15.00000000,15.00086205,11.25019879,0.33337116,1,-0.00086205
0.01970000,10.00000000,15.00000000,15.00085402,11.25019694,0.33337080,1,-0.00085402
0.01972000,10.00000000,15.00000000,15.00084606,11.25019511,0.33337046,1,-0.00084606
0.01974000,10.00000000,15.00000000,15.00083818,11.25019329,0.33337011,1,-0.00083818
0.01976000,10.00000000,15.00000000,15.00083037,11.25019149,0.33336977,1,-0.00083037
0.01978000,10.00000000,15.00000000,15.00082263,11.25018971,0.33336943,1,-0.00082263
0.01980000,10.00000000,15.00000000,15.00081497,11.25018794,0.33336909,1,-0.00081497
0.01982000,10.00000000,15.00000000,15.00080738,11.25018619,0.33336876,1,-0.00080738
0.01984000,10.00000000,15.00000000,15.00079986,11.25018446,0.33336843,1,-0.00079986
0.01986000,10.00000000,15.00000000,15.00079241,11.25018274,0.33336810,1,-0.00079241
0.01988000,10.00000000,15.00000000,15.00078502,11.25018104,0.33336778,1,-0.00078502
0.01990000,10.00000000,15.00000000,15.00077771,11.25017935,0.33336746,1,-0.00077771
0.01992000,10.00000000,15.00000000,15.00077047,11.25017768,0.33336714,1,-0.00077047
0.01994000,10.00000000,15.00000000,15.00076329,11.25017603,0.33336682,1,-0.00076329
0.01996000,10.00000000,15.00000000,15.00075618,11.25017439,0.33336651,1,-0.00075618
0.01998000,10.00000000,15.00000000,15.00074913,11.25017276,0.33336620,1,-0.00074913
0.02000000,10.00000000,15.00000000,15.00074216,11.25017116,0.33336590,1,-0.00074216
0.02002000,10.00000000,15.00000000,15.00073524,11.25016956,0.33336559,1,-0.00073524
0.02004000,10.00000000,15.00000000,15.00072839,11.25016798,0.33336529,1,-0.00072839
0.02006000,10.00000000,15.00000000,15.00072161,11.25016642,0.33336500,1,-0.00072161
0.02008000,10.00000000,15.00000000,15.00071489,11.25016487,0.33336470,1,-0.00071489
0.02010000,10.00000000,15.00000000,15.00070823,11.25016333,0.33336441,1,-0.00070823
0.02012000,10.00000000,15.00000000,15.00070163,11.25016181,0.33336412,1,-0.00070163
0.02014000,10.00000000,15.00000000,15.00069509,11.25016031,0.33336383,1,-0.00069509
0.02016000,10.00000000,15.00000000,15.00068862,11.25015881,0.33336355,1,-0.00068862
0.02018000,10.00000000,15.00000000,15.00068220,11.25015733,0.33336327,1,-0.00068220
0.02020000,10.00000000,15.00000000,15.00067585,11.25015587,0.33336299,1,-0.00067585
0.02022000,10.00000000,15.00000000,15.00066955,11.25015442,0.33336271,1,-0.00066955
0.02024000,10.00000000,15.00000000,15.00066331,11.25015298,0.33336244,1,-0.00066331
0.02026000,10.00000000,15.00000000,15.00065714,11.25015156,0.33336217,1,-0.00065714
0.02028000,10.00000000,15.00000000,15.00065101,11.25015014,0.33336190,1,-0.00065101
0.02030000,10.00000000,15.00000000,15.00064495,11.25014875,0.33336163,1,-0.00064495
0.02032000,10.00000000,15.00000000,15.00063894,11.25014736,0.33336137,1,-0.00063894
0.02034000,10.00000000,15.00000000,15.00063299,11.25014599,0.33336111,1,-0.00063299
0.02036000,10.00000000,15.00000000,15.00062709,11.25014463,0.33336085,1,-0.00062709
0.02038000,10.00000000,15.00000000,15.00062125,11.25014328,0.33336059,1,-0.00062125
0.02040000,10.00000000,15.00000000,15.00061546,11.25014195,0.33336034,1,-0.00061546
0.02042000,10.00000000,15.00000000,15.00060973,11.25014063,0.33336009,1,-0.00060973
0.02044000,10.00000000,15.00000000,15.00060405,11.25013932,0.33335984,1,-0.00060405
0.02046000,10.00000000,15.00000000,15.00059842,11.25013802,0.33335959,1,-0.00059842
0.02048000,10.00000000,15.00000000,15.00059285,11.25013673,0.33335935,1,-0.00059285
0.02050000,10.00000000,15.00000000,15.00058733,11.25013546,0.33335910,1,-0.00058733
0.02052000,10.00000000,15.00000000,15.00058185,11.25013420,0.33335886,1,-0.00058185
0.02054000,10.00000000,15.00000000,15.00057643,11.25013295,0.33335863,1,-0.00057643
0.02056000,10.00000000,15.00000000,15.00057106,11.25013171,0.33335839,1,-0.00057106
0.02058000,10.00000000,15.00000000,15.00056574,11.25013049,0.33335816,1,-0.00056574
0.02060000,10.00000000,15.00000000,15.00056047,11.25012927,0.33335793,1,-0.00056047
0.02062000,10.00000000,15.00000000,15.00055525,11.25012807,0.33335770,1,-0.00055525
0.02064000,10.00000000,15.00000000,15.00055008,11.25012687,0.33335747,1,-0.00055008
0.02066000,10.00000000,15.00000000,15.00054496,11.25012569,0.33335724,1,-0.00054496
0.02068000,10.00000000,15.00000000,15.00053988,11.25012452,0.33335702,1,-0.00053988
0.02070000,10.00000000,15.00000000,15.00053485,11.25012336,0.33335680,1,-0.00053485
0.02072000,10.00000000,15.00000000,15.00052987,11.25012221,0.33335658,1,-0.00052987
0.02074000,10.00000000,15.00000000,15.00052493,11.25012108,0.33335637,1,-0.00052493
0.02076000,10.00000000,15.00000000,15.00052004,11.25011995,0.33335615,1,-0.00052004
0.02078000,10.00000000,15.00000000,15.00051520,11.25011883,0.33335594,1,-0.00051520
0.02080000,10.00000000,15.00000000,15.00051040,11.25011772,0.33335573,1,-0.00051040
0.02082000,10.00000000,15.00000000,15.00050564,11.25011663,0.33335552,1,-0.00050564
0.02084000,10.00000000,15.00000000,15.00050093,11.25011554,0.33335531,1,-0.00050093
0.02086000,10.00000000,15.00000000,15.00049627,11.25011447,0.33335511,1,-0.00049627
0.02088000,10.00000000,15.00000000,15.00049165,11.25011340,0.33335491,1,-0.00049165
0.02090000,10.00000000,15.00000000,15.00048707,11.25011234,0.33335470,1,-0.00048707
0.02092000,10.00000000,15.00000000,15.00048253,11.25011130,0.33335451,1,-0.00048253
0.02094000,10.00000000,15.00000000,15.00047803,11.25011026,0.33335431,1,-0.00047803
0.02096000,10.00000000,15.00000000,15.00047358,11.25010923,0.33335411,1,-0.00047358
0.02098000,10.00000000,15.00000000,15.00046917,11.25010822,0.33335392,1,-0.00046917
0.02100000,10.00000000,15.00000000,15.00046480,11.25010721,0.33335373,1,-0.00046480
0.02102000,10.00000000,15.00000000,15.00046047,11.25010621,0.33335354,1,-0.00046047
0.02104000,10.00000000,15.00000000,15.00045618,11.25010522,0.33335335,1,-0.00045618
0.02106000,10.00000000,15.00000000,15.00045193,11.25010424,0.33335316,1,-0.00045193
0.02108000,10.00000000,15.00000000,15.00044772,11.25010327,0.33335298,1,-0.00044772
0.02110000,10.00000000,15.00000000,15.00044355,11.25010231,0.33335280,1,-0.00044355
0.02112000,10.00000000,15.00000000,15.00043942,11.25010136,0.33335261,1,-0.00043942
0.02114000,10.00000000,15.00000000,15.00043532,11.25010041,0.33335243,1,-0.00043532
0.02116000,10.00000000,15.00000000,15.00043127,11.25009948,0.33335226,1,-0.00043127
0.02118000,10.00000000,15.00000000,15.00042725,11.25009855,0.33335208,1,-0.00042725
0.02120000,10.00000000,15.00000000,15.00042327,11.25009763,0.33335191,1,-0.00042327
0.02122000,10.00000000,15.00000000,15.00041933,11.25009672,0.33335173,1,-0.00041933
0.02124000,10.00000000,15.00000000,15.00041542,11.25009582,0.33335156,1,-0.00041542
0.02126000,10.00000000,15.00000000,15.00041155,11.25009493,0.33335139,1,-0.00041155
0.02128000,10.00000000,15.00000000,15.00040772,11.25009405,0.33335122,1,-0.00040772
0.02130000,10.00000000,15.00000000,15.00040392,11.25009317,0.33335106,1,-0.00040392
0.02132000,10.00000000,15.00000000,15.00040016,11.25009230,0.33335089,1,-0.00040016
0.02134000,10.00000000,15.00000000,15.00039643,11.25009144,0.33335073,1,-0.00039643
0.02136000,10.00000000,15.00000000,15.00039274,11.25009059,0.33335057,1,-0.00039274
0.02138000,10.00000000,15.00000000,15.00038908,11.25008975,0.33335041,1,-0.00038908
0.02140000,10.00000000,15.00000000,15.00038545,11.25008891,0.33335025,1,-0.00038545
0.02142000,10.00000000,15.00000000,15.00038186,11.25008808,0.33335009,1,-0.00038186
0.02144000,10.00000000,15.00000000,15.00037831,11.25008726,0.33334993,1,-0.00037831
0.02146000,10.00000000,15.00000000,15.00037478,11.25008645,0.33334978,1,-0.00037478
0.02148000,10.00000000,15.00000000,15.00037129,11.25008565,0.33334962,1,-0.00037129
0.02150000,10.00000000,15.00000000,15.00036783,11.25008485,0.33334947,1,-0.00036783
0.02152000,10.00000000,15.00000000,15.00036441,11.25008406,0.33334932,1,-0.00036441
0.02154000,10.00000000,15.00000000,15.00036101,11.25008328,0.33334917,1,-0.00036101
0.02156000,10.00000000,15.00000000,15.00035765,11.25008250,0.33334903,1,-0.00035765
0.02158000,10.00000000,15.00000000,15.00035432,11.25008173,0.33334888,1,-0.00035432
0.02160000,10.00000000,15.00000000,15.00035102,11.25008097,0.33334874,1,-0.00035102
0.02162000,10.00000000,15.00000000,15.00034775,11.25008022,0.33334859,1,-0.00034775
0.02164000,10.00000000,15.00000000,15.00034451,11.25007947,0.33334845,1,-0.00034451
0.02166000,10.00000000,15.00000000,15.00034130,11.25007873,0.33334831,1,-0.00034130
0.02168000,10.00000000,15.00000000,15.00033812,11.25007800,0.33334817,1,-0.00033812
0.02170000,10.00000000,15.00000000,15.00033497,11.25007727,0.33334803,1,-0.00033497
0.02172000,10.00000000,15.00000000,15.00033185,11.25007655,0.33334789,1,-0.00033185
0.02174000,10.00000000,15.00000000,15.00032876,11.25007584,0.33334776,1,-0.00032876
0.02176000,10.00000000,15.00000000,15.00032570,11.25007513,0.33334762,1,-0.00032570
0.02178000,10.00000000,15.00000000,15.00032266,11.25007443,0.33334749,1,-0.00032266
0.02180000,10.00000000,15.00000000,15.00031966,11.25007374,0.33334736,1,-0.00031966
0.02182000,10.00000000,15.00000000,15.00031668,11.25007305,0.33334723,1,-0.00031668
0.02184000,10.00000000,15.00000000,15.00031373,11.25007237,0.33334710,1,-0.00031373
0.02186000,10.00000000,15.00000000,15.00031081,11.25007170,0.33334697,1,-0.00031081
0.02188000,10.00000000,15.00000000,15.00030791,11.25007103,0.33334684,1,-0.00030791
0.02190000,10.00000000,15.00000000,15.00030504,11.25007037,0.33334672,1,-0.00030504
0.02192000,10.00000000,15.00000000,15.00030220,11.25006971,0.33334659,1,-0.00030220
0.02194000,10.00000000,15.00000000,15.00029939,11.25006906,0.33334647,1,-0.00029939
0.02196000,10.00000000,15.00000000,15.00029660,11.25006842,0.33334635,1,-0.00029660
0.02198000,10.00000000,15.00000000,15.00029383,11.25006778,0.33334623,1,-0.00029383
0.02200000,10.00000000,15.00000000,15.00029110,11.25006715,0.33334611,1,-0.00029110
0.02202000,10.00000000,15.00000000,15.00028838,11.25006653,0.33334599,1,-0.00028838
0.02204000,10.00000000,15.00000000,15.00028570,11.25006591,0.33334587,1,-0.00028570
0.02206000,10.00000000,15.00000000,15.00028304,11.25006529,0.33334575,1,-0.00028304
0.02208000,10.00000000,15.00000000,15.00028040,11.25006468,0.33334564,1,-0.00028040
0.02210000,10.00000000,15.00000000,15.00027779,11.25006408,0.33334552,1,-0.00027779
0.02212000,10.00000000,15.00000000,15.00027520,11.25006348,0.33334541,1,-0.00027520
0.02214000,10.00000000,15.00000000,15.00027264,11.25006289,0.33334530,1,-0.00027264
0.02216000,10.00000000,15.00000000,15.00027010,11.25006231,0.33334518,1,-0.00027010
0.02218000,10.00000000,15.00000000,15.00026758,11.25006173,0.33334507,1,-0.00026758
0.02220000,10.00000000,15.00000000,15.00026509,11.25006115,0.33334497,1,-0.00026509
0.02222000,10.00000000,15.00000000,15.00026262,11.25006058,0.33334486,1,-0.00026262
0.02224000,10.00000000,15.00000000,15.00026017,11.25006002,0.33334475,1,-0.00026017
0.02226000,10.00000000,15.00000000,15.00025775,11.25005946,0.33334464,1,-0.00025775
0.02228000,10.00000000,15.00000000,15.00025535,11.25005891,0.33334454,1,-0.00025535
0.02230000,10.00000000,15.00000000,15.00025297,11.25005836,0.33334443,1,-0.00025297
0.02232000,10.00000000,15.00000000,15.00025061,11.25005781,0.33334433,1,-0.00025061
0.02234000,10.00000000,15.00000000,15.00024828,11.25005728,0.33334423,1,-0.00024828
0.02236000,10.00000000,15.00000000,15.00024597,11.25005674,0.33334413,1,-0.00024597
0.02238000,10.00000000,15.00000000,15.00024368,11.25005621,0.33334403,1,-0.00024368
0.02240000,10.00000000,15.00000000,15.00024141,11.25005569,0.33334393,1,-0.00024141
0.02242000,10.00000000,15.00000000,15.00023916,11.25005517,0.33334383,1,-0.00023916
0.02244000,10.00000000,15.00000000,15.00023693,11.25005466,0.33334373,1,-0.00023693
0.02246000,10.00000000,15.00000000,15.00023472,11.25005415,0.33334363,1,-0.00023472
0.02248000,10.00000000,15.00000000,15.00023254,11.25005364,0.33334354,1,-0.00023254
0.02250000,10.00000000,15.00000000,15.00023037,11.25005314,0.33334344,1,-0.00023037
0.02252000,10.00000000,15.00000000,15.00022822,11.25005265,0.33334335,1,-0.00022822
0.02254000,10.00000000,15.00000000,15.00022610,11.25005216,0.33334325,1,-0.00022610
0.02256000,10.00000000,15.00000000,15.00022399,11.25005167,0.33334316,1,-0.00022399
0.02258000,10.00000000,15.00000000,15.00022190,11.25005119,0.33334307,1,-0.00022190
0.02260000,10.00000000,15.00000000,15.00021984,11.25005071,0.33334298,1,-0.00021984
0.02262000,10.00000000,15.00000000,15.00021779,11.25005024,0.33334289,1,-0.00021779
0.02264000,10.00000000,15.00000000,15.00021576,11.25004977,0.33334280,1,-0.00021576
0.02266000,10.00000000,15.00000000,15.00021375,11.25004931,0.33334271,1,-0.00021375
0.02268000,10.00000000,15.00000000,15.00021176,11.25004885,0.33334263,1,-0.00021176
0.02270000,10.00000000,15.00000000,15.00020979,11.25004840,0.33334254,1,-0.00020979
0.02272000,10.00000000,15.00000000,15.00020783,11.25004795,0.33334245,1,-0.00020783
0.02274000,10.00000000,15.00000000,15.00020590,11.25004750,0.33334237,1,-0.00020590
0.02276000,10.00000000,15.00000000,15.00020398,11.25004706,0.33334228,1,-0.00020398
0.02278000,10.00000000,15.00000000,15.00020208,11.25004662,0.33334220,1,-0.00020208
0.02280000,10.00000000,15.00000000,15.00020020,11.25004618,0.33334212,1,-0.00020020
0.02282000,10.00000000,15.00000000,15.00019833,11.25004575,0.33334204,1,-0.00019833
0.02284000,10.00000000,15.00000000,15.00019648,11.25004533,0.33334195,1,-0.00019648
0.02286000,10.00000000,15.00000000,15.00019465,11.25004491,0.33334187,1,-0.00019465
0.02288000,10.00000000,15.00000000,15.00019284,11.25004449,0.33334179,1,-0.00019284
0.02290000,10.00000000,15.00000000,15.00019104,11.25004407,0.33334172,1,-0.00019104
0.02292000,10.00000000,15.00000000,15.00018927,11.25004366,0.33334164,1,-0.00018927
0.02294000,10.00000000,15.00000000,15.00018750,11.25004326,0.33334156,1,-0.00018750
0.02296000,10.00000000,15.00000000,15.00018576,11.25004285,0.33334148,1,-0.00018576
0.02298000,10.00000000,15.00000000,15.00018403,11.25004245,0.33334141,1,-0.00018403
0.02300000,10.00000000,15.00000000,15.00018231,11.25004206,0.33334133,1,-0.00018231
0.02302000,10.00000000,15.00000000,15.00018061,11.25004167,0.33334126,1,-0.00018061
0.02304000,10.00000000,15.00000000,15.00017893,11.25004128,0.33334118,1,-0.00017893
0.02306000,10.00000000,15.00000000,15.00017726,11.25004089,0.33334111,1,-0.00017726
0.02308000,10.00000000,15.00000000,15.00017561,11.25004051,0.33334104,1,-0.00017561
0.02310000,10.00000000,15.00000000,15.00017398,11.25004014,0.33334097,1,-0.00017398
0.02312000,10.00000000,15.00000000,15.00017236,11.25003976,0.33334090,1,-0.00017236
0.02314000,10.00000000,15.00000000,15.00017075,11.25003939,0.33334083,1,-0.00017075
0.02316000,10.00000000,15.00000000,15.00016916,11.25003903,0.33334076,1,-0.00016916
0.02318000,10.00000000,15.00000000,15.00016758,11.25003866,0.33334069,1,-0.00016758
0.02320000,10.00000000,15.00000000,15.00016602,11.25003830,0.33334062,1,-0.00016602
0.02322000,10.00000000,15.00000000,15.00016448,11.25003794,0.33334055,1,-0.00016448
0.02324000,10.00000000,15.00000000,15.00016294,11.25003759,0.33334048,1,-0.00016294
0.02326000,10.00000000,15.00000000,15.00016143,11.25003724,0.33334042,1,-0.00016143
0.02328000,10.00000000,15.00000000,15.00015992,11.25003689,0.33334035,1,-0.00015992
0.02330000,10.00000000,15.00000000,15.00015843,11.25003655,0.33334029,1,-0.00015843
0.02332000,10.00000000,15.00000000,15.00015696,11.25003621,0.33334022,1,-0.00015696
0.02334000,10.00000000,15.00000000,15.00015550,11.25003587,0.33334016,1,-0.00015550
0.02336000,10.00000000,15.00000000,15.00015405,11.25003554,0.33334009,1,-0.00015405
0.02338000,10.00000000,15.00000000,15.00015261,11.25003521,0.33334003,1,-0.00015261
0.02340000,10.00000000,15.00000000,15.00015119,11.25003488,0.33333997,1,-0.00015119
0.02342000,10.00000000,15.00000000,15.00014978,11.25003456,0.33333991,1,-0.00014978
0.02344000,10.00000000,15.00000000,15.00014839,11.25003423,0.33333984,1,-0.00014839
0.02346000,10.00000000,15.00000000,15.00014700,11.25003391,0.33333978,1,-0.00014700
0.02348000,10.00000000,15.00000000,15.00014563,11.25003360,0.33333972,1,-0.00014563
0.02350000,10.00000000,15.00000000,15.00014428,11.25003329,0.33333966,1,-0.00014428
0.02352000,10.00000000,15.00000000,15.00014293,11.25003298,0.33333961,1,-0.00014293
0.02354000,10.00000000,15.00000000,15.00014160,11.25003267,0.33333955,1,-0.00014160
0.02356000,10.00000000,15.00000000,15.00014028,11.25003236,0.33333949,1,-0.00014028
0.02358000,10.00000000,15.00000000,15.00013898,11.25003206,0.33333943,1,-0.00013898
0.02360000,10.00000000,15.00000000,15.00013768,11.25003176,0.33333937,1,-0.00013768
0.02362000,10.00000000,15.00000000,15.00013640,11.25003147,0.33333932,1,-0.00013640
0.02364000,10.00000000,15.00000000,15.00013513,11.25003117,0.33333926,1,-0.00013513
0.02366000,10.00000000,15.00000000,15.00013387,11.25003088,0.33333921,1,-0.00013387
0.02368000,10.00000000,15.00000000,15.00013262,11.25003060,0.33333915,1,-0.00013262
0.02370000,10.00000000,15.00000000,15.00013139,11.25003031,0.33333910,1,-0.00013139
0.02372000,10.00000000,15.00000000,15.00013016,11.25003003,0.33333904,1,-0.00013016
0.02374000,10.00000000,15.00000000,15.00012895,11.25002975,0.33333899,1,-0.00012895
0.02376000,10.00000000,15.00000000,15.00012775,11.25002947,0.33333894,1,-0.00012775
0.02378000,10.00000000,15.00000000,15.00012656,11.25002920,0.33333889,1,-0.00012656
0.02380000,10.00000000,15.00000000,15.00012538,11.25002893,0.33333883,1,-0.00012538
0.02382000,10.00000000,15.00000000,15.00012421,11.25002866,0.33333878,1,-0.00012421
0.02384000,10.00000000,15.00000000,15.00012306,11.25002839,0.33333873,1,-0.00012306
0.02386000,10.00000000,15.00000000,15.00012191,11.25002813,0.33333868,1,-0.00012191
0.02388000,10.00000000,15.00000000,15.00012077,11.25002786,0.33333863,1,-0.00012077
0.02390000,10.00000000,15.00000000,15.00011965,11.25002760,0.33333858,1,-0.00011965
0.02392000,10.00000000,15.00000000,15.00011854,11.25002735,0.33333853,1,-0.00011854
0.02394000,10.00000000,15.00000000,15.00011743,11.25002709,0.33333849,1,-0.00011743
0.02396000,10.00000000,15.00000000,15.00011634,11.25002684,0.33333844,1,-0.00011634
0.02398000,10.00000000,15.00000000,15.00011525,11.25002659,0.33333839,1,-0.00011525
0.02400000,10.00000000,15.00000000,15.00011418,11.25002634,0.33333834,1,-0.00011418
0.02402000,10.00000000,15.00000000,15.00011312,11.25002610,0.33333830,1,-0.00011312
0.02404000,10.00000000,15.00000000,15.00011206,11.25002585,0.33333825,1,-0.00011206
0.02406000,10.00000000,15.00000000,15.00011102,11.25002561,0.33333820,1,-0.00011102
0.02408000,10.00000000,15.00000000,15.00010998,11.25002537,0.33333816,1,-0.00010998
0.02410000,10.00000000,15.00000000,15.00010896,11.25002514,0.33333811,1,-0.00010896
0.02412000,10.00000000,15.00000000,15.00010795,11.25002490,0.33333807,1,-0.00010795
0.02414000,10.00000000,15.00000000,15.00010694,11.25002467,0.33333803,1,-0.00010694
0.02416000,10.00000000,15.00000000,15.00010594,11.25002444,0.33333798,1,-0.00010594
0.02418000,10.00000000,15.00000000,15.00010496,11.25002421,0.33333794,1,-0.00010496
0.02420000,10.00000000,15.00000000,15.00010398,11.25002399,0.33333790,1,-0.00010398
0.02422000,10.00000000,15.00000000,15.00010301,11.25002377,0.33333785,1,-0.00010301
0.02424000,10.00000000,15.00000000,15.00010205,11.25002354,0.33333781,1,-0.00010205
0.02426000,10.00000000,15.00000000,15.00010110,11.25002332,0.33333777,1,-0.00010110
0.02428000,10.00000000,15.00000000,15.00010016,11.25002311,0.33333773,1,-0.00010016
0.02430000,10.00000000,15.00000000,15.00009923,11.25002289,0.33333769,1,-0.00009923
0.02432000,10.00000000,15.00000000,15.00009830,11.25002268,0.33333765,1,-0.00009830
0.02434000,10.00000000,15.00000000,15.00009739,11.25002247,0.33333761,1,-0.00009739
0.02436000,10.00000000,15.00000000,15.00009648,11.25002226,0.33333757,1,-0.00009648
0.02438000,10.00000000,15.00000000,15.00009558,11.25002205,0.33333753,1,-0.00009558
0.02440000,10.00000000,15.00000000,15.00009469,11.25002185,0.33333749,1,-0.00009469
0.02442000,10.00000000,15.00000000,15.00009381,11.25002164,0.33333745,1,-0.00009381
0.02444000,10.00000000,15.00000000,15.00009293,11.25002144,0.33333741,1,-0.00009293
0.02446000,10.00000000,15.00000000,15.00009207,11.25002124,0.33333737,1,-0.00009207
0.02448000,10.00000000,15.00000000,15.00009121,11.25002104,0.33333734,1,-0.00009121
0.02450000,10.00000000,15.00000000,15.00009036,11.25002085,0.33333730,1,-0.00009036
0.02452000,10.00000000,15.00000000,15.00008952,11.25002065,0.33333726,1,-0.00008952
0.02454000,10.00000000,15.00000000,15.00008868,11.25002046,0.33333722,1,-0.00008868
0.02456000,10.00000000,15.00000000,15.00008786,11.25002027,0.33333719,1,-0.00008786
0.02458000,10.00000000,15.00000000,15.00008704,11.25002008,0.33333715,1,-0.00008704
0.02460000,10.00000000,15.00000000,15.00008623,11.25001989,0.33333712,1,-0.00008623
0.02462000,10.00000000,15.00000000,15.00008543,11.25001971,0.33333708,1,-0.00008543
0.02464000,10.00000000,15.00000000,15.00008463,11.25001953,0.33333705,1,-0.00008463
0.02466000,10.00000000,15.00000000,15.00008384,11.25001934,0.33333701,1,-0.00008384
0.02468000,10.00000000,15.00000000,15.00008306,11.25001916,0.33333698,1,-0.00008306
0.02470000,10.00000000,15.00000000,15.00008229,11.25001898,0.33333694,1,-0.00008229
0.02472000,10.00000000,15.00000000,15.00008152,11.25001881,0.33333691,1,-0.00008152
0.02474000,10.00000000,15.00000000,15.00008076,11.25001863,0.33333688,1,-0.00008076
0.02476000,10.00000000,15.00000000,15.00008001,11.25001846,0.33333684,1,-0.00008001
0.02478000,10.00000000,15.00000000,15.00007926,11.25001829,0.33333681,1,-0.00007926
0.02480000,10.00000000,15.00000000,15.00007853,11.25001812,0.33333678,1,-0.00007853
0.02482000,10.00000000,15.00000000,15.00007779,11.25001795,0.33333675,1,-0.00007779
0.02484000,10.00000000,15.00000000,15.00007707,11.25001778,0.33333672,1,-0.00007707
0.02486000,10.00000000,15.00000000,15.00007635,11.25001762,0.33333668,1,-0.00007635
0.02488000,10.00000000,15.00000000,15.00007564,11.25001745,0.33333665,1,-0.00007564
0.02490000,10.00000000,15.00000000,15.00007494,11.25001729,0.33333662,1,-0.00007494
0.02492000,10.00000000,15.00000000,15.00007424,11.25001713,0.33333659,1,-0.00007424
0.02494000,10.00000000,15.00000000,15.00007355,11.25001697,0.33333656,1,-0.00007355
0.02496000,10.00000000,15.00000000,15.00007286,11.25001681,0.33333653,1,-0.00007286
0.02498000,10.00000000,15.00000000,15.00007218,11.25001665,0.33333650,1,-0.00007218
0.02500000,10.00000000,15.00000000,15.00007151,11.25001650,0.33333647,1,-0.00007151
0.02502000,10.00000000,15.00000000,15.00007084,11.25001634,0.33333644,1,-0.00007084
0.02504000,10.00000000,15.00000000,15.00007018,11.25001619,0.33333641,1,-0.00007018
0.02506000,10.00000000,15.00000000,15.00006953,11.25001604,0.33333638,1,-0.00006953
0.02508000,10.00000000,15.00000000,15.00006888,11.25001589,0.33333636,1,-0.00006888
0.02510000,10.00000000,15.00000000,15.00006824,11.25001574,0.33333633,1,-0.00006824
0.02512000,10.00000000,15.00000000,15.00006761,11.25001560,0.33333630,1,-0.00006761
0.02514000,10.00000000,15.00000000,15.00006698,11.25001545,0.33333627,1,-0.00006698
0.02516000,10.00000000,15.00000000,15.00006635,11.25001531,0.33333624,1,-0.00006635
0.02518000,10.00000000,15.00000000,15.00006573,11.25001517,0.33333622,1,-0.00006573
0.02520000,10.00000000,15.00000000,15.00006512,11.25001502,0.33333619,1,-0.00006512
0.02522000,10.00000000,15.00000000,15.00006451,11.25001488,0.33333616,1,-0.00006451
0.02524000,10.00000000,15.00000000,15.00006391,11.25001475,0.33333614,1,-0.00006391
0.02526000,10.00000000,15.00000000,15.00006332,11.25001461,0.33333611,1,-0.00006332
0.02528000,10.00000000,15.00000000,15.00006273,11.25001447,0.33333609,1,-0.00006273
0.02530000,10.00000000,15.00000000,15.00006214,11.25001434,0.33333606,1,-0.00006214
0.02532000,10.00000000,15.00000000,15.00006157,11.25001420,0.33333603,1,-0.00006157
0.02534000,10.00000000,15.00000000,15.00006099,11.25001407,0.33333601,1,-0.00006099
0.02536000,10.00000000,15.00000000,15.00006042,11.25001394,0.33333598,1,-0.00006042
0.02538000,10.00000000,15.00000000,15.00005986,11.25001381,0.33333596,1,-0.00005986
0.02540000,10.00000000,15.00000000,15.00005930,11.25001368,0.33333594,1,-0.00005930
0.02542000,10.00000000,15.00000000,15.00005875,11.25001355,0.33333591,1,-0.00005875
0.02544000,10.00000000,15.00000000,15.00005820,11.25001343,0.33333589,1,-0.00005820
0.02546000,10.00000000,15.00000000,15.00005766,11.25001330,0.33333586,1,-0.00005766
0.02548000,10.00000000,15.00000000,15.00005712,11.25001318,0.33333584,1,-0.00005712
0.02550000,10.00000000,15.00000000,15.00005659,11.25001306,0.33333582,1,-0.00005659
0.02552000,10.00000000,15.00000000,15.00005607,11.25001294,0.33333579,1,-0.00005607
0.02554000,10.00000000,15.00000000,15.00005554,11.25001281,0.33333577,1,-0.00005554
0.02556000,10.00000000,15.00000000,15.00005503,11.25001270,0.33333575,1,-0.00005503
0.02558000,10.00000000,15.00000000,15.00005451,11.25001258,0.33333573,1,-0.00005451
0.02560000,10.00000000,15.00000000,15.00005401,11.25001246,0.33333570,1,-0.00005401
0.02562000,10.00000000,15.00000000,15.00005350,11.25001234,0.33333568,1,-0.00005350
0.02564000,10.00000000,15.00000000,15.00005300,11.25001223,0.33333566,1,-0.00005300
0.02566000,10.00000000,15.00000000,15.00005251,11.25001211,0.33333564,1,-0.00005251
0.02568000,10.00000000,15.00000000,15.00005202,11.25001200,0.33333562,1,-0.00005202
0.02570000,10.00000000,15.00000000,15.00005154,11.25001189,0.33333559,1,-0.00005154
0.02572000,10.00000000,15.00000000,15.00005106,11.25001178,0.33333557,1,-0.00005106
0.02574000,10.00000000,15.00000000,15.00005058,11.25001167,0.33333555,1,-0.00005058
0.02576000,10.00000000,15.00000000,15.00005011,11.25001156,0.33333553,1,-0.00005011
0.02578000,10.00000000,15.00000000,15.00004964,11.25001145,0.33333551,1,-0.00004964
0.02580000,10.00000000,15.00000000,15.00004918,11.25001135,0.33333549,1,-0.00004918
0.02582000,10.00000000,15.00000000,15.00004872,11.25001124,0.33333547,1,-0.00004872
0.02584000,10.00000000,15.00000000,15.00004827,11.25001114,0.33333545,1,-0.00004827
0.02586000,10.00000000,15.00000000,15.00004782,11.25001103,0.33333543,1,-0.00004782
0.02588000,10.00000000,15.00000000,15.00004737,11.25001093,0.33333541,1,-0.00004737
0.02590000,10.00000000,15.00000000,15.00004693,11.25001083,0.33333539,1,-0.00004693
0.02592000,10.00000000,15.00000000,15.00004649,11.25001073,0.33333537,1,-0.00004649
0.02594000,10.00000000,15.00000000,15.00004606,11.25001063,0.33333535,1,-0.00004606
0.02596000,10.00000000,15.00000000,15.00004563,11.25001053,0.33333534,1,-0.00004563
0.02598000,10.00000000,15.00000000,15.00004521,11.25001043,0.33333532,1,-0.00004521
0.02600000,10.00000000,15.00000000,15.00004479,11.25001033,0.33333530,1,-0.00004479
0.02602000,10.00000000,15.00000000,15.00004437,11.25001024,0.33333528,1,-0.00004437
0.02604000,10.00000000,15.00000000,15.00004396,11.25001014,0.33333526,1,-0.00004396
0.02606000,10.00000000,15.00000000,15.00004355,11.25001005,0.33333524,1,-0.00004355
0.02608000,10.00000000,15.00000000,15.00004314,11.25000995,0.33333523,1,-0.00004314
0.02610000,10.00000000,15.00000000,15.00004274,11.25000986,0.33333521,1,-0.00004274
0.02612000,10.00000000,15.00000000,15.00004234,11.25000977,0.33333519,1,-0.00004234
0.02614000,10.00000000,15.00000000,15.00004195,11.25000968,0.33333517,1,-0.00004195
0.02616000,10.00000000,15.00000000,15.00004156,11.25000959,0.33333516,1,-0.00004156
0.02618000,10.00000000,15.00000000,15.00004117,11.25000950,0.33333514,1,-0.00004117
0.02620000,10.00000000,15.00000000,15.00004079,11.25000941,0.33333512,1,-0.00004079
0.02622000,10.00000000,15.00000000,15.00004041,11.25000932,0.33333511,1,-0.00004041
0.02624000,10.00000000,15.00000000,15.00004003,11.25000924,0.33333509,1,-0.00004003
0.02626000,10.00000000,15.00000000,15.00003966,11.25000915,0.33333507,1,-0.00003966
0.02628000,10.00000000,15.00000000,15.00003929,11.25000906,0.33333506,1,-0.00003929
0.02630000,10.00000000,15.00000000,15.00003892,11.25000898,0.33333504,1,-0.00003892
0.02632000,10.00000000,15.00000000,15.00003856,11.25000890,0.33333503,1,-0.00003856
0.02634000,10.00000000,15.00000000,15.00003820,11.25000881,0.33333501,1,-0.00003820
0.02636000,10.00000000,15.00000000,15.00003784,11.25000873,0.33333499,1,-0.00003784
0.02638000,10.00000000,15.00000000,15.00003749,11.25000865,0.33333498,1,-0.00003749
0.02640000,10.00000000,15.00000000,15.00003714,11.25000857,0.33333496,1,-0.00003714
0.02642000,10.00000000,15.00000000,15.00003680,11.25000849,0.33333495,1,-0.00003680
0.02644000,10.00000000,15.00000000,15.00003645,11.25000841,0.33333493,1,-0.00003645
0.02646000,10.00000000,15.00000000,15.00003611,11.25000833,0.33333492,1,-0.00003611
0.02648000,10.00000000,15.00000000,15.00003578,11.25000825,0.33333490,1,-0.00003578
0.02650000,10.00000000,15.00000000,15.00003544,11.25000818,0.33333489,1,-0.00003544
0.02652000,10.00000000,15.00000000,15.00003511,11.25000810,0.33333487,1,-0.00003511
0.02654000,10.00000000,15.00000000,15.00003479,11.25000803,0.33333486,1,-0.00003479
0.02656000,10.00000000,15.00000000,15.00003446,11.25000795,0.33333485,1,-0.00003446
0.02658000,10.00000000,15.00000000,15.00003414,11.25000788,0.33333483,1,-0.00003414
0.02660000,10.00000000,15.00000000,15.00003382,11.25000780,0.33333482,1,-0.00003382
0.02662000,10.00000000,15.00000000,15.00003351,11.25000773,0.33333480,1,-0.00003351
0.02664000,10.00000000,15.00000000,15.00003320,11.25000766,0.33333479,1,-0.00003320
0.02666000,10.00000000,15.00000000,15.00003289,11.25000759,0.33333478,1,-0.00003289
0.02668000,10.00000000,15.00000000,15.00003258,11.25000752,0.33333476,1,-0.00003258
0.02670000,10.00000000,15.00000000,15.00003228,11.25000745,0.33333475,1,-0.00003228
0.02672000,10.00000000,15.00000000,15.00003198,11.25000738,0.33333474,1,-0.00003198
0.02674000,10.00000000,15.00000000,15.00003168,11.25000731,0.33333472,1,-0.00003168
0.02676000,10.00000000,15.00000000,15.00003138,11.25000724,0.33333471,1,-0.00003138
0.02678000,10.00000000,15.00000000,15.00003109,11.25000717,0.33333470,1,-0.00003109
0.02680000,10.00000000,15.00000000,15.00003080,11.25000711,0.33333468,1,-0.00003080
0.02682000,10.00000000,15.00000000,15.00003051,11.25000704,0.33333467,1,-0.00003051
0.02684000,10.00000000,15.00000000,15.00003023,11.25000697,0.33333466,1,-0.00003023
0.02686000,10.00000000,15.00000000,15.00002995,11.25000691,0.33333465,1,-0.00002995
0.02688000,10.00000000,15.00000000,15.00002967,11.25000685,0.33333464,1,-0.00002967
0.02690000,10.00000000,15.00000000,15.00002939,11.25000678,0.33333462,1,-0.00002939
0.02692000,10.00000000,15.00000000,15.00002912,11.25000672,0.33333461,1,-0.00002912
0.02694000,10.00000000,15.00000000,15.00002885,11.25000666,0.33333460,1,-0.00002885
0.02696000,10.00000000,15.00000000,15.00002858,11.25000659,0.33333459,1,-0.00002858
0.02698000,10.00000000,15.00000000,15.00002831,11.25000653,0.33333458,1,-0.00002831
0.02700000,10.00000000,15.00000000,15.00002805,11.25000647,0.33333456,1,-0.00002805
0.02702000,10.00000000,15.00000000,15.00002779,11.25000641,0.33333455,1,-0.00002779
0.02704000,10.00000000,15.00000000,15.00002753,11.25000635,0.33333454,1,-0.00002753
0.02706000,10.00000000,15.00000000,15.00002727,11.25000629,0.33333453,1,-0.00002727
0.02708000,10.00000000,15.00000000,15.00002702,11.25000623,0.33333452,1,-0.00002702
0.02710000,10.00000000,15.00000000,15.00002677,11.25000618,0.33333451,1,-0.00002677
0.02712000,10.00000000,15.00000000,15.00002652,11.25000612,0.33333450,1,-0.00002652
0.02714000,10.00000000,15.00000000,15.00002627,11.25000606,0.33333449,1,-0.00002627
0.02716000,10.00000000,15.00000000,15.00002603,11.25000600,0.33333448,1,-0.00002603
0.02718000,10.00000000,15.00000000,15.00002578,11.25000595,0.33333446,1,-0.00002578
0.02720000,10.00000000,15.00000000,15.00002554,11.25000589,0.33333445,1,-0.00002554
0.02722000,10.00000000,15.00000000,15.00002531,11.25000584,0.33333444,1,-0.00002531
0.02724000,10.00000000,15.00000000,15.00002507,11.25000578,0.33333443,1,-0.00002507
0.02726000,10.00000000,15.00000000,15.00002484,11.25000573,0.33333442,1,-0.00002484
0.02728000,10.00000000,15.00000000,15.00002461,11.25000568,0.33333441,1,-0.00002461
0.02730000,10.00000000,15.00000000,15.00002438,11.25000562,0.33333440,1,-0.00002438
0.02732000,10.00000000,15.00000000,15.00002415,11.25000557,0.33333439,1,-0.00002415
0.02734000,10.00000000,15.00000000,15.00002392,11.25000552,0.33333438,1,-0.00002392
0.02736000,10.00000000,15.00000000,15.00002370,11.25000547,0.33333437,1,-0.00002370
0.02738000,10.00000000,15.00000000,15.00002348,11.25000542,0.33333436,1,-0.00002348
0.02740000,10.00000000,15.00000000,15.00002326,11.25000537,0.33333435,1,-0.00002326
0.02742000,10.00000000,15.00000000,15.00002304,11.25000532,0.33333434,1,-0.00002304
0.02744000,10.00000000,15.00000000,15.00002283,11.25000527,0.33333434,1,-0.00002283
0.02746000,10.00000000,15.00000000,15.00002262,11.25000522,0.33333433,1,-0.00002262
0.02748000,10.00000000,15.00000000,15.00002241,11.25000517,0.33333432,1,-0.00002241
0.02750000,10.00000000,15.00000000,15.00002220,11.25000512,0.33333431,1,-0.00002220
0.02752000,10.00000000,15.00000000,15.00002199,11.25000507,0.33333430,1,-0.00002199
0.02754000,10.00000000,15.00000000,15.00002179,11.25000503,0.33333429,1,-0.00002179
0.02756000,10.00000000,15.00000000,15.00002158,11.25000498,0.33333428,1,-0.00002158
0.02758000,10.00000000,15.00000000,15.00002138,11.25000493,0.33333427,1,-0.00002138
0.02760000,10.00000000,15.00000000,15.00002118,11.25000489,0.33333426,1,-0.00002118
0.02762000,10.00000000,15.00000000,15.00002099,11.25000484,0.33333425,1,-0.00002099
0.02764000,10.00000000,15.00000000,15.00002079,11.25000480,0.33333425,1,-0.00002079
0.02766000,10.00000000,15.00000000,15.00002060,11.25000475,0.33333424,1,-0.00002060
0.02768000,10.00000000,15.00000000,15.00002040,11.25000471,0.33333423,1,-0.00002040
0.02770000,10.00000000,15.00000000,15.00002021,11.25000466,0.33333422,1,-0.00002021
0.02772000,10.00000000,15.00000000,15.00002003,11.25000462,0.33333421,1,-0.00002003
0.02774000,10.00000000,15.00000000,15.00001984,11.25000458,0.33333420,1,-0.00001984
0.02776000,10.00000000,15.00000000,15.00001966,11.25000453,0.33333420,1,-0.00001966
0.02778000,10.00000000,15.00000000,15.00001947,11.25000449,0.33333419,1,-0.00001947
0.02780000,10.00000000,15.00000000,15.00001929,11.25000445,0.33333418,1,-0.00001929
0.02782000,10.00000000,15.00000000,15.00001911,11.25000441,0.33333417,1,-0.00001911
0.02784000,10.00000000,15.00000000,15.00001893,11.25000437,0.33333416,1,-0.00001893
0.02786000,10.00000000,15.00000000,15.00001876,11.25000433,0.33333416,1,-0.00001876
0.02788000,10.00000000,15.00000000,15.00001858,11.25000429,0.33333415,1,-0.00001858
0.02790000,10.00000000,15.00000000,15.00001841,11.25000425,0.33333414,1,-0.00001841
0.02792000,10.00000000,15.00000000,15.00001824,11.25000421,0.33333413,1,-0.00001824
0.02794000,10.00000000,15.00000000,15.00001807,11.25000417,0.33333413,1,-0.00001807
0.02796000,10.00000000,15.00000000,15.00001790,11.25000413,0.33333412,1,-0.00001790
0.02798000,10.00000000,15.00000000,15.00001773,11.25000409,0.33333411,1,-0.00001773
0.02800000,10.00000000,15.00000000,15.00001757,11.25000405,0.33333410,1,-0.00001757
0.02802000,10.00000000,15.00000000,15.00001740,11.25000402,0.33333410,1,-0.00001740
0.02804000,10.00000000,15.00000000,15.00001724,11.25000398,0.33333409,1,-0.00001724
0.02806000,10.00000000,15.00000000,15.00001708,11.25000394,0.33333408,1,-0.00001708
0.02808000,10.00000000,15.00000000,15.00001692,11.25000390,0.33333408,1,-0.00001692
0.02810000,10.00000000,15.00000000,15.00001676,11.25000387,0.33333407,1,-0.00001676
0.02812000,10.00000000,15.00000000,15.00001661,11.25000383,0.33333406,1,-0.00001661
0.02814000,10.00000000,15.00000000,15.00001645,11.25000380,0.33333406,1,-0.00001645
0.02816000,10.00000000,15.00000000,15.00001630,11.25000376,0.33333405,1,-0.00001630
0.02818000,10.00000000,15.00000000,15.00001615,11.25000373,0.33333404,1,-0.00001615
0.02820000,10.00000000,15.00000000,15.00001600,11.25000369,0.33333404,1,-0.00001600
0.02822000,10.00000000,15.00000000,15.00001585,11.25000366,0.33333403,1,-0.00001585
0.02824000,10.00000000,15.00000000,15.00001570,11.25000362,0.33333402,1,-0.00001570
0.02826000,10.00000000,15.00000000,15.00001555,11.25000359,0.33333402,1,-0.00001555
0.02828000,10.00000000,15.00000000,15.00001541,11.25000356,0.33333401,1,-0.00001541
0.02830000,10.00000000,15.00000000,15.00001527,11.25000352,0.33333400,1,-0.00001527
0.02832000,10.00000000,15.00000000,15.00001512,11.25000349,0.33333400,1,-0.00001512
0.02834000,10.00000000,15.00000000,15.00001498,11.25000346,0.33333399,1,-0.00001498
0.02836000,10.00000000,15.00000000,15.00001484,11.25000342,0.33333398,1,-0.00001484
0.02838000,10.00000000,15.00000000,15.00001471,11.25000339,0.33333398,1,-0.00001471
0.02840000,10.00000000,15.00000000,15.00001457,11.25000336,0.33333397,1,-0.00001457
0.02842000,10.00000000,15.00000000,15.00001443,11.25000333,0.33333397,1,-0.00001443
0.02844000,10.00000000,15.00000000,15.00001430,11.25000330,0.33333396,1,-0.00001430
0.02846000,10.00000000,15.00000000,15.00001417,11.25000327,0.33333395,1,-0.00001417
0.02848000,10.00000000,15.00000000,15.00001403,11.25000324,0.33333395,1,-0.00001403
0.02850000,10.00000000,15.00000000,15.00001390,11.25000321,0.33333394,1,-0.00001390
0.02852000,10.00000000,15.00000000,15.00001377,11.25000318,0.33333394,1,-0.00001377
0.02854000,10.00000000,15.00000000,15.00001364,11.25000315,0.33333393,1,-0.00001364
0.02856000,10.00000000,15.00000000,15.00001352,11.25000312,0.33333393,1,-0.00001352
0.02858000,10.00000000,15.00000000,15.00001339,11.25000309,0.33333392,1,-0.00001339
0.02860000,10.00000000,15.00000000,15.00001327,11.25000306,0.33333392,1,-0.00001327
0.02862000,10.00000000,15.00000000,15.00001314,11.25000303,0.33333391,1,-0.00001314
0.02864000,10.00000000,15.00000000,15.00001302,11.25000300,0.33333390,1,-0.00001302
0.02866000,10.00000000,15.00000000,15.00001290,11.25000298,0.33333390,1,-0.00001290
0.02868000,10.00000000,15.00000000,15.00001278,11.25000295,0.33333389,1,-0.00001278
0.02870000,10.00000000,15.00000000,15.00001266,11.25000292,0.33333389,1,-0.00001266
0.02872000,10.00000000,15.00000000,15.00001254,11.25000289,0.33333388,1,-0.00001254
0.02874000,10.00000000,15.00000000,15.00001243,11.25000287,0.33333388,1,-0.00001243
0.02876000,10.00000000,15.00000000,15.00001231,11.25000284,0.33333387,1,-0.00001231
0.02878000,10.00000000,15.00000000,15.00001220,11.25000281,0.33333387,1,-0.00001220
0.02880000,10.00000000,15.00000000,15.00001208,11.25000279,0.33333386,1,-0.00001208
0.02882000,10.00000000,15.00000000,15.00001197,11.25000276,0.33333386,1,-0.00001197
0.02884000,10.00000000,15.00000000,15.00001186,11.25000274,0.33333385,1,-0.00001186
0.02886000,10.00000000,15.00000000,15.00001175,11.25000271,0.33333385,1,-0.00001175
0.02888000,10.00000000,15.00000000,15.00001164,11.25000269,0.33333384,1,-0.00001164
0.02890000,10.00000000,15.00000000,15.00001153,11.25000266,0.33333384,1,-0.00001153
0.02892000,10.00000000,15.00000000,15.00001142,11.25000264,0.33333383,1,-0.00001142
0.02894000,10.00000000,15.00000000,15.00001132,11.25000261,0.33333383,1,-0.00001132
0.02896000,10.00000000,15.00000000,15.00001121,11.25000259,0.33333383,1,-0.00001121
0.02898000,10.00000000,15.00000000,15.00001111,11.25000256,0.33333382,1,-0.00001111
0.02900000,10.00000000,15.00000000,15.00001100,11.25000254,0.33333382,1,-0.00001100
0.02902000,10.00000000,15.00000000,15.00001090,11.25000251,0.33333381,1,-0.00001090
0.02904000,10.00000000,15.00000000,15.00001080,11.25000249,0.33333381,1,-0.00001080
0.02906000,10.00000000,15.00000000,15.00001070,11.25000247,0.33333380,1,-0.00001070
0.02908000,10.00000000,15.00000000,15.00001060,11.25000245,0.33333380,1,-0.00001060
0.02910000,10.00000000,15.00000000,15.00001050,11.25000242,0.33333379,1,-0.00001050
0.02912000,10.00000000,15.00000000,15.00001040,11.25000240,0.33333379,1,-0.00001040
0.02914000,10.00000000,15.00000000,15.00001030,11.25000238,0.33333379,1,-0.00001030
0.02916000,10.00000000,15.00000000,15.00001021,11.25000236,0.33333378,1,-0.00001021
0.02918000,10.00000000,15.00000000,15.00001011,11.25000233,0.33333378,1,-0.00001011
0.02920000,10.00000000,15.00000000,15.00001002,11.25000231,0.33333377,1,-0.00001002
0.02922000,10.00000000,15.00000000,15.00000993,11.25000229,0.33333377,1,-0.00000993
0.02924000,10.00000000,15.00000000,15.00000983,11.25000227,0.33333376,1,-0.00000983
0.02926000,10.00000000,15.00000000,15.00000974,11.25000225,0.33333376,1,-0.00000974
0.02928000,10.00000000,15.00000000,15.00000965,11.25000223,0.33333376,1,-0.00000965
0.02930000,10.00000000,15.00000000,15.00000956,11.25000221,0.33333375,1,-0.00000956
0.02932000,10.00000000,15.00000000,15.00000947,11.25000219,0.33333375,1,-0.00000947
0.02934000,10.00000000,15.00000000,15.00000938,11.25000217,0.33333375,1,-0.00000938
0.02936000,10.00000000,15.00000000,15.00000930,11.25000214,0.33333374,1,-0.00000930
0.02938000,10.00000000,15.00000000,15.00000921,11.25000212,0.33333374,1,-0.00000921
0.02940000,10.00000000,15.00000000,15.00000912,11.25000211,0.33333373,1,-0.00000912
0.02942000,10.00000000,15.00000000,15.00000904,11.25000209,0.33333373,1,-0.00000904
0.02944000,10.00000000,15.00000000,15.00000896,11.25000207,0.33333373,1,-0.00000896
0.02946000,10.00000000,15.00000000,15.00000887,11.25000205,0.33333372,1,-0.00000887
0.02948000,10.00000000,15.00000000,15.00000879,11.25000203,0.33333372,1,-0.00000879
0.02950000,10.00000000,15.00000000,15.00000871,11.25000201,0.33333372,1,-0.00000871
0.02952000,10.00000000,15.00000000,15.00000863,11.25000199,0.33333371,1,-0.00000863
0.02954000,10.00000000,15.00000000,15.00000855,11.25000197,0.33333371,1,-0.00000855
0.02956000,10.00000000,15.00000000,15.00000847,11.25000195,0.33333370,1,-0.00000847
0.02958000,10.00000000,15.00000000,15.00000839,11.25000194,0.33333370,1,-0.00000839
0.02960000,10.00000000,15.00000000,15.00000831,11.25000192,0.33333370,1,-0.00000831
0.02962000,10.00000000,15.00000000,15.00000823,11.25000190,0.33333369,1,-0.00000823
0.02964000,10.00000000,15.00000000,15.00000815,11.25000188,0.33333369,1,-0.00000815
0.02966000,10.00000000,15.00000000,15.00000808,11.25000186,0.33333369,1,-0.00000808
0.02968000,10.00000000,15.00000000,15.00000800,11.25000185,0.33333368,1,-0.00000800
0.02970000,10.00000000,15.00000000,15.00000793,11.25000183,0.33333368,1,-0.00000793
0.02972000,10.00000000,15.00000000,15.00000786,11.25000181,0.33333368,1,-0.00000786
0.02974000,10.00000000,15.00000000,15.00000778,11.25000180,0.33333367,1,-0.00000778
0.02976000,10.00000000,15.00000000,15.00000771,11.25000178,0.33333367,1,-0.00000771
0.02978000,10.00000000,15.00000000,15.00000764,11.25000176,0.33333367,1,-0.00000764
0.02980000,10.00000000,15.00000000,15.00000757,11.25000175,0.33333367,1,-0.00000757
0.02982000,10.00000000,15.00000000,15.00000750,11.25000173,0.33333366,1,-0.00000750
0.02984000,10.00000000,15.00000000,15.00000743,11.25000171,0.33333366,1,-0.00000743
0.02986000,10.00000000,15.00000000,15.00000736,11.25000170,0.33333366,1,-0.00000736
0.02988000,10.00000000,15.00000000,15.00000729,11.25000168,0.33333365,1,-0.00000729
0.02990000,10.00000000,15.00000000,15.00000722,11.25000167,0.33333365,1,-0.00000722
0.02992000,10.00000000,15.00000000,15.00000715,11.25000165,0.33333365,1,-0.00000715
0.02994000,10.00000000,15.00000000,15.00000709,11.25000164,0.33333364,1,-0.00000709
0.02996000,10.00000000,15.00000000,15.00000702,11.25000162,0.33333364,1,-0.00000702
0.02998000,10.00000000,15.00000000,15.00000696,11.25000160,0.33333364,1,-0.00000696
0.03000000,10.00000000,4.00000000,15.00000689,11.25000159,0.00000000,0,-11.00000689
0.03002000,10.00000000,4.00000000,15.00826787,5.24612228,0.00000000,0,-11.00826787
0.03004000,10.00000000,4.00000000,14.94998927,0.00000000,0.00000000,0,-10.94998927
0.03006000,10.00000000,4.00000000,14.83407695,0.00000000,0.00000000,0,-10.83407695
0.03008000,10.00000000,4.00000000,14.71906334,0.00000000,0.00000000,0,-10.71906334
0.03010000,10.00000000,4.00000000,14.60494147,0.00000000,0.00000000,0,-10.60494147
0.03012000,10.00000000,4.00000000,14.49170443,0.00000000,0.00000000,0,-10.49170443
0.03014000,10.00000000,4.00000000,14.37934535,0.00000000,0.00000000,0,-10.37934535
0.03016000,10.00000000,4.00000000,14.26785742,0.00000000,0.00000000,0,-10.26785742
0.03018000,10.00000000,4.00000000,14.15723390,0.00000000,0.00000000,0,-10.15723390
0.03020000,10.00000000,4.00000000,14.04746809,0.00000000,0.00000000,0,-10.04746809
0.03022000,10.00000000,4.00000000,13.93855332,0.00000000,0.00000000,0,-9.93855332
0.03024000,10.00000000,4.00000000,13.83048301,0.00000000,0.00000000,0,-9.83048301
0.03026000,10.00000000,4.00000000,13.72325060,0.00000000,0.00000000,0,-9.72325060
0.03028000,10.00000000,4.00000000,13.61684960,0.00000000,0.00000000,0,-9.61684960
0.03030000,10.00000000,4.00000000,13.51127356,0.00000000,0.00000000,0,-9.51127356
0.03032000,10.00000000,4.00000000,13.40651610,0.00000000,0.00000000,0,-9.40651610
0.03034000,10.00000000,4.00000000,13.30257085,0.00000000,0.01273439,0,-9.30257085
0.03036000,10.00000000,4.00000000,13.19971388,0.00000000,0.12980406,0,-9.19971388
0.03038000,10.00000000,4.00000000,13.10025017,0.00000000,0.21905717,0,-9.10025017
0.03040000,10.00000000,4.00000000,13.00353664,0.00000000,0.28474333,0,-9.00353664
0.03042000,10.00000000,4.00000000,12.90902941,0.00000000,0.33120605,0,-8.90902941
0.03044000,10.00000000,4.00000000,12.81628514,0.00000000,0.36250585,0,-8.81628514
0.03046000,10.00000000,4.00000000,12.72495395,0.00000000,0.38222020,0,-8.72495395
0.03048000,10.00000000,4.00000000,12.63476802,0.00000000,0.39336317,0,-8.63476802
0.03050000,10.00000000,4.00000000,12.54552839,0.00000000,0.39838206,0,-8.54552839
0.03052000,10.00000000,4.00000000,12.45709196,0.00000000,0.39919945,0,-8.45709196
0.03054000,10.00000000,4.00000000,12.36935932,0.00000000,0.39727888,0,-8.36935932
0.03056000,10.00000000,4.00000000,12.28226432,0.00000000,0.39369938,0,-8.28226432
0.03058000,10.00000000,4.00000000,12.19576523,0.00000000,0.38922922,0,-8.19576523
0.03060000,10.00000000,4.00000000,12.10983768,0.00000000,0.38439372,0,-8.10983768
0.03062000,10.00000000,4.00000000,12.02446914,0.00000000,0.37953400,0,-8.02446914
0.03064000,10.00000000,4.00000000,11.93965474,0.00000000,0.37485609,0,-7.93965474
0.03066000,10.00000000,4.00000000,11.85539421,0.00000000,0.37047028,0,-7.85539421
0.03068000,10.00000000,4.00000000,11.77168973,0.00000000,0.36642183,0,-7.77168973
0.03070000,10.00000000,4.00000000,11.68854447,0.00000000,0.36271415,0,-7.68854447
0.03072000,10.00000000,4.00000000,11.60596166,0.00000000,0.35932565,0,-7.60596166
0.03074000,10.00000000,4.00000000,11.52394401,0.00000000,0.35622171,0,-7.52394401
0.03076000,10.00000000,4.00000000,11.44249345,0.00000000,0.35336266,0,-7.44249345
0.03078000,10.00000000,4.00000000,11.36161100,0.00000000,0.35070897,0,-7.36161100
0.03080000,10.00000000,4.00000000,11.28129683,0.00000000,0.34822419,0,-7.28129683
0.03082000,10.00000000,4.00000000,11.20155026,0.00000000,0.34587655,0,-7.20155026
0.03084000,10.00000000,4.00000000,11.12236994,0.00000000,0.34363947,0,-7.12236994
0.03086000,10.00000000,4.00000000,11.04375393,0.00000000,0.34149148,0,-7.04375393
0.03088000,10.00000000,4.00000000,10.96569983,0.00000000,0.33941578,0,-6.96569983
0.03090000,10.00000000,4.00000000,10.88820489,0.00000000,0.33739959,0,-6.88820489
0.03092000,10.00000000,4.00000000,10.81126608,0.00000000,0.33543349,0,-6.81126608
0.03094000,10.00000000,4.00000000,10.73488022,0.00000000,0.33351075,0,-6.73488022
0.03096000,10.00000000,4.00000000,10.65904396,0.00000000,0.33162672,0,-6.65904396
0.03098000,10.00000000,4.00000000,10.58375392,0.00000000,0.32977833,0,-6.58375392
0.03100000,10.00000000,4.00000000,10.50900664,0.00000000,0.32796364,0,-6.50900664
0.03102000,10.00000000,4.00000000,10.43479866,0.00000000,0.32618152,0,-6.43479866
0.03104000,10.00000000,4.00000000,10.36112653,0.00000000,0.32443140,0,-6.36112653
0.03106000,10.00000000,4.00000000,10.28798680,0.00000000,0.32271303,0,-6.28798680
0.03108000,10.00000000,4.00000000,10.21537605,0.00000000,0.32102636,0,-6.21537605
0.03110000,10.00000000,4.00000000,10.14329087,0.00000000,0.31937146,0,-6.14329087
0.03112000,10.00000000,4.00000000,10.07172790,0.00000000,0.31774841,0,-6.07172790
0.03114000,10.00000000,4.00000000,10.00068379,0.00000000,0.31615732,0,-6.00068379
0.03116000,10.00000000,4.00000000,9.93015524,0.00000000,0.31459823,0,-5.93015524
0.03118000,10.00000000,4.00000000,9.86013894,0.00000000,0.31307116,0,-5.86013894
0.03120000,10.00000000,4.00000000,9.79063165,0.00000000,0.31157608,0,-5.79063165
0.03122000,10.00000000,4.00000000,9.72163012,0.00000000,0.31011290,0,-5.72163012
0.03124000,10.00000000,4.00000000,9.65313114,0.00000000,0.30868153,0,-5.65313114
0.03126000,10.00000000,4.00000000,9.58513151,0.00000000,0.30728180,0,-5.58513151
0.03128000,10.00000000,4.00000000,9.51762808,0.00000000,0.30591354,0,-5.51762808
0.03130000,10.00000000,4.00000000,9.45061768,0.00000000,0.30457655,0,-5.45061768
0.03132000,10.00000000,4.00000000,9.38409719,0.00000000,0.30327061,0,-5.38409719
0.03134000,10.00000000,4.00000000,9.31806350,0.00000000,0.30199551,0,-5.31806350
0.03136000,10.00000000,4.00000000,9.25251352,0.00000000,0.30075101,0,-5.25251352
0.03138000,10.00000000,4.00000000,9.18744418,0.00000000,0.29953686,0,-5.18744418
0.03140000,10.00000000,4.00000000,9.12285242,0.00000000,0.29835284,0,-5.12285242
0.03142000,10.00000000,4.00000000,9.05873521,0.00000000,0.29719868,0,-5.05873521
0.03144000,10.00000000,4.00000000,8.99508953,0.00000000,0.29607415,0,-4.99508953
0.03146000,10.00000000,4.00000000,8.93191239,0.00000000,0.29497901,0,-4.93191239
0.03148000,10.00000000,4.00000000,8.86920079,0.00000000,0.29391302,0,-4.86920079
0.03150000,10.00000000,4.00000000,8.80695178,0.00000000,0.29287593,0,-4.80695178
0.03152000,10.00000000,4.00000000,8.74516242,0.00000000,0.29186752,0,-4.74516242
0.03154000,10.00000000,4.00000000,8.68382977,0.00000000,0.29088754,0,-4.68382977
0.03156000,10.00000000,4.00000000,8.62295092,0.00000000,0.28993576,0,-4.62295092
0.03158000,10.00000000,4.00000000,8.56252299,0.00000000,0.28901195,0,-4.56252299
0.03160000,10.00000000,4.00000000,8.50254308,0.00000000,0.28811588,0,-4.50254308
0.03162000,10.00000000,4.00000000,8.44300836,0.00000000,0.28724732,0,-4.44300836
0.03164000,10.00000000,4.00000000,8.38391597,0.00000000,0.28640605,0,-4.38391597
0.03166000,10.00000000,4.00000000,8.32526309,0.00000000,0.28559184,0,-4.32526309
0.03168000,10.00000000,4.00000000,8.26704691,0.00000000,0.28480447,0,-4.26704691
0.03170000,10.00000000,4.00000000,8.20926464,0.00000000,0.28404371,0,-4.20926464
0.03172000,10.00000000,4.00000000,8.15191351,0.00000000,0.28330936,0,-4.15191351
0.03174000,10.00000000,4.00000000,8.09499076,0.00000000,0.28260119,0,-4.09499076
0.03176000,10.00000000,4.00000000,8.03849365,0.00000000,0.28191898,0,-4.03849365
0.03178000,10.00000000,4.00000000,7.98241945,0.00000000,0.28126251,0,-3.98241945
0.03180000,10.00000000,4.00000000,7.92676546,0.00000000,0.28063159,0,-3.92676546
0.03182000,10.00000000,4.00000000,7.87152898,0.00000000,0.28002598,0,-3.87152898
0.03184000,10.00000000,4.00000000,7.81670735,0.00000000,0.27944549,0,-3.81670735
0.03186000,10.00000000,4.00000000,7.76229789,0.00000000,0.27888990,0,-3.76229789
0.03188000,10.00000000,4.00000000,7.70829797,0.00000000,0.27835901,0,-3.70829797
0.03190000,10.00000000,4.00000000,7.65470496,0.00000000,0.27785260,0,-3.65470496
0.03192000,10.00000000,4.00000000,7.60151624,0.00000000,0.27737048,0,-3.60151624
0.03194000,10.00000000,4.00000000,7.54872922,0.00000000,0.27691243,0,-3.54872922
0.03196000,10.00000000,4.00000000,7.49634132,0.00000000,0.27647826,0,-3.49634132
0.03198000,10.00000000,4.00000000,7.44434998,0.00000000,0.27606776,0,-3.44434998
0.03200000,10.00000000,4.00000000,7.39275264,0.00000000,0.27568074,0,-3.39275264
0.03202000,10.00000000,4.00000000,7.34154677,0.00000000,0.27531700,0,-3.34154677
0.03204000,10.00000000,4.00000000,7.29072986,0.00000000,0.27497633,0,-3.29072986
0.03206000,10.00000000,4.00000000,7.24029939,0.00000000,0.27465855,0,-3.24029939
0.03208000,10.00000000,4.00000000,7.19025287,0.00000000,0.27436345,0,-3.19025287
0.03210000,10.00000000,4.00000000,7.14058785,0.00000000,0.27409085,0,-3.14058785
0.03212000,10.00000000,4.00000000,7.09130185,0.00000000,0.27384055,0,-3.09130185
0.03214000,10.00000000,4.00000000,7.04239242,0.00000000,0.27361237,0,-3.04239242
0.03216000,10.00000000,4.00000000,6.99385716,0.00000000,0.27340610,0,-2.99385716
0.03218000,10.00000000,4.00000000,6.94569362,0.00000000,0.27322157,0,-2.94569362
0.03220000,10.00000000,4.00000000,6.89789943,0.00000000,0.27305859,0,-2.89789943
0.03222000,10.00000000,4.00000000,6.85047218,0.00000000,0.27291697,0,-2.85047218
0.03224000,10.00000000,4.00000000,6.80340952,0.00000000,0.27279653,0,-2.80340952
0.03226000,10.00000000,4.00000000,6.75670907,0.00000000,0.27269708,0,-2.75670907
0.03228000,10.00000000,4.00000000,6.71036851,0.00000000,0.27261845,0,-2.71036851
0.03230000,10.00000000,4.00000000,6.66438550,0.00000000,0.27256044,0,-2.66438550
0.03232000,10.00000000,4.00000000,6.61875772,0.00000000,0.27252289,0,-2.61875772
0.03234000,10.00000000,4.00000000,6.57348288,0.00000000,0.27250561,0,-2.57348288
0.03236000,10.00000000,4.00000000,6.52855868,0.00000000,0.27250843,0,-2.52855868
0.03238000,10.00000000,4.00000000,6.48398286,0.00000000,0.27253116,0,-2.48398286
0.03240000,10.00000000,4.00000000,6.43975316,0.00000000,0.27257365,0,-2.43975316
0.03242000,10.00000000,4.00000000,6.39586732,0.00000000,0.27263570,0,-2.39586732
0.03244000,10.00000000,4.00000000,6.35232312,0.00000000,0.27271716,0,-2.35232312
0.03246000,10.00000000,4.00000000,6.30911835,0.00000000,0.27281784,0,-2.30911835
0.03248000,10.00000000,4.00000000,6.26625078,0.00000000,0.27293759,0,-2.26625078
0.03250000,10.00000000,4.00000000,6.22371824,0.00000000,0.27307622,0,-2.22371824
0.03252000,10.00000000,4.00000000,6.18151854,0.00000000,0.27323357,0,-2.18151854
0.03254000,10.00000000,4.00000000,6.13964952,0.00000000,0.27340948,0,-2.13964952
0.03256000,10.00000000,4.00000000,6.09810902,0.00000000,0.27360378,0,-2.09810902
0.03258000,10.00000000,4.00000000,6.05689491,0.00000000,0.27381631,0,-2.05689491
0.03260000,10.00000000,4.00000000,6.01600506,0.00000000,0.27404689,0,-2.01600506
0.03262000,10.00000000,4.00000000,5.97543735,0.00000000,0.27429538,0,-1.97543735
0.03264000,10.00000000,4.00000000,5.93518969,0.00000000,0.27456160,0,-1.93518969
0.03266000,10.00000000,4.00000000,5.89525998,0.00000000,0.27484541,0,-1.89525998
0.03268000,10.00000000,4.00000000,5.85564616,0.00000000,0.27514663,0,-1.85564616
0.03270000,10.00000000,4.00000000,5.81634616,0.00000000,0.27546512,0,-1.81634616
0.03272000,10.00000000,4.00000000,5.77735792,0.00000000,0.27580071,0,-1.77735792
0.03274000,10.00000000,4.00000000,5.73867941,0.00000000,0.27615326,0,-1.73867941
0.03276000,10.00000000,4.00000000,5.70030861,0.00000000,0.27652259,0,-1.70030861
0.03278000,10.00000000,4.00000000,5.66224350,0.00000000,0.27690857,0,-1.66224350
0.03280000,10.00000000,4.00000000,5.62448208,0.00000000,0.27731104,0,-1.62448208
0.03282000,10.00000000,4.00000000,5.58702235,0.00000000,0.27772985,0,-1.58702235
0.03284000,10.00000000,4.00000000,5.54986236,0.00000000,0.27816484,0,-1.54986236
0.03286000,10.00000000,4.00000000,5.51300012,0.00000000,0.27861587,0,-1.51300012
0.03288000,10.00000000,4.00000000,5.47643369,0.00000000,0.27908280,0,-1.47643369
0.03290000,10.00000000,4.00000000,5.44016112,0.00000000,0.27956546,0,-1.44016112
0.03292000,10.00000000,4.00000000,5.40418049,0.00000000,0.28006372,0,-1.40418049
0.03294000,10.00000000,4.00000000,5.36848988,0.00000000,0.28057743,0,-1.36848988
0.03296000,10.00000000,4.00000000,5.33308738,0.00000000,0.28110645,0,-1.33308738
0.03298000,10.00000000,4.00000000,5.29797109,0.00000000,0.28165063,0,-1.29797109
0.03300000,10.00000000,4.00000000,5.26313914,0.00000000,0.28220983,0,-1.26313914
0.03302000,10.00000000,4.00000000,5.22858966,0.00000000,0.28278391,0,-1.22858966
0.03304000,10.00000000,4.00000000,5.19432077,0.00000000,0.28337274,0,-1.19432077
0.03306000,10.00000000,4.00000000,5.16033064,0.00000000,0.28397616,0,-1.16033064
0.03308000,10.00000000,4.00000000,5.12661743,0.00000000,0.28459404,0,-1.12661743
0.03310000,10.00000000,4.00000000,5.09317931,0.00000000,0.28522624,0,-1.09317931
0.03312000,10.00000000,4.00000000,5.06001446,0.00000000,0.28587263,0,-1.06001446
0.03314000,10.00000000,4.00000000,5.02712108,0.00000000,0.28653308,0,-1.02712108
0.03316000,10.00000000,4.00000000,4.99449738,0.00000000,0.28720744,0,-0.99449738
0.03318000,10.00000000,4.00000000,4.96214158,0.00000000,0.28789558,0,-0.96214158
0.03320000,10.00000000,4.00000000,4.93005190,0.00000000,0.28859738,0,-0.93005190
0.03322000,10.00000000,4.00000000,4.89822658,0.00000000,0.28931269,0,-0.89822658
0.03324000,10.00000000,4.00000000,4.86666387,0.00000000,0.29004139,0,-0.86666387
0.03326000,10.00000000,4.00000000,4.83536204,0.00000000,0.29078335,0,-0.83536204
0.03328000,10.00000000,4.00000000,4.80431935,0.00000000,0.29153843,0,-0.80431935
0.03330000,10.00000000,4.00000000,4.77353409,0.00000000,0.29230652,0,-0.77353409
0.03332000,10.00000000,4.00000000,4.74300455,0.00000000,0.29308748,0,-0.74300455
0.03334000,10.00000000,4.00000000,4.71272904,0.00000000,0.29388118,0,-0.71272904
0.03336000,10.00000000,4.00000000,4.68270585,0.00000000,0.29468751,0,-0.68270585
0.03338000,10.00000000,4.00000000,4.65293333,0.00000000,0.29550633,0,-0.65293333
0.03340000,10.00000000,4.00000000,4.62340979,0.00000000,0.29633752,0,-0.62340979
0.03342000,10.00000000,4.00000000,4.59413360,0.00000000,0.29718096,0,-0.59413360
0.03344000,10.00000000,4.00000000,4.56510309,0.00000000,0.29803653,0,-0.56510309
0.03346000,10.00000000,4.00000000,4.53631664,0.00000000,0.29890411,0,-0.53631664
0.03348000,10.00000000,4.00000000,4.50777261,0.00000000,0.29978356,0,-0.50777261
0.03350000,10.00000000,4.00000000,4.47946940,0.00000000,0.30067479,0,-0.47946940
0.03352000,10.00000000,4.00000000,4.45140539,0.00000000,0.30157766,0,-0.45140539
0.03354000,10.00000000,4.00000000,4.42357899,0.00000000,0.30249206,0,-0.42357899
0.03356000,10.00000000,4.00000000,4.39598861,0.00000000,0.30341787,0,-0.39598861
0.03358000,10.00000000,4.00000000,4.36863268,0.00000000,0.30435498,0,-0.36863268
0.03360000,10.00000000,4.00000000,4.34150963,0.00000000,0.30530327,0,-0.34150963
0.03362000,10.00000000,4.00000000,4.31461789,0.00000000,0.30626262,0,-0.31461789
0.03364000,10.00000000,4.00000000,4.28795593,0.00000000,0.30723292,0,-0.28795593
0.03366000,10.00000000,4.00000000,4.26152220,0.00000000,0.30821407,0,-0.26152220
0.03368000,10.00000000,4.00000000,4.23531518,0.00000000,0.30920594,0,-0.23531518
0.03370000,10.00000000,4.00000000,4.20933334,0.00000000,0.31020842,0,-0.20933334
0.03372000,10.00000000,4.00000000,4.18357518,0.00000000,0.31122141,0,-0.18357518
0.03374000,10.00000000,4.00000000,4.15803919,0.00000000,0.31224479,0,-0.15803919
0.03376000,10.00000000,4.00000000,4.13272388,0.00000000,0.31327846,0,-0.13272388
0.03378000,10.00000000,4.00000000,4.10762776,0.00000000,0.31432230,0,-0.10762776
0.03380000,10.00000000,4.00000000,4.08274937,0.00000000,0.31537622,0,-0.08274937
0.03382000,10.00000000,4.00000000,4.05808724,0.00000000,0.31644010,0,-0.05808724
0.03384000,10.00000000,4.00000000,4.03363991,0.00000000,0.31751383,0,-0.03363991
0.03386000,10.00000000,4.00000000,4.00940594,0.00000000,0.31859731,0,-0.00940594
0.03388000,10.00000000,4.00000000,3.98538389,0.00000000,0.31969045,0,0.01461611
0.03390000,10.00000000,4.00000000,3.96157232,0.00000000,0.32079312,0,0.03842768
0.03392000,10.00000000,4.00000000,3.93796983,0.00000000,0.32190523,0,0.06203017
0.03394000,10.00000000,4.00000000,3.91457499,0.00000000,0.32302669,0,0.08542501
0.03396000,10.00000000,4.00000000,3.89138640,0.00000000,0.32415737,0,0.10861360
0.03398000,10.00000000,4.00000000,3.86840268,0.00000000,0.32529720,0,0.13159732
0.03400000,10.00000000,4.00000000,3.84562243,0.00000000,0.32644606,0,0.15437757
0.03402000,10.00000000,4.00000000,3.82304427,0.00000000,0.32760385,0,0.17695573
0.03404000,10.00000000,4.00000000,3.80066684,0.00000000,0.32877048,0,0.19933316
0.03406000,10.00000000,4.00000000,3.77848878,0.00000000,0.32994585,0,0.22151122
0.03408000,10.00000000,4.00000000,3.75650874,0.00000000,0.33112986,0,0.24349126
0.03410000,10.00000000,4.00000000,3.73472536,0.00000000,0.33232242,0,0.26527464
0.03412000,10.00000000,4.00000000,3.71313733,0.00000000,0.33352342,0,0.28686267
0.03414000,10.00000000,4.00000000,3.69174330,0.00000000,0.33473278,0,0.30825670
0.03416000,10.00000000,4.00000000,3.67054196,0.00000000,0.33595040,0,0.32945804
0.03418000,10.00000000,4.00000000,3.64953200,0.00000000,0.33717619,0,0.35046800
0.03420000,10.00000000,4.00000000,3.62871212,0.00000000,0.33841004,0,0.37128788
0.03422000,10.00000000,4.00000000,3.60808102,0.00000000,0.33965188,0,0.39191898
0.03424000,10.00000000,4.00000000,3.58763742,0.00000000,0.34090161,0,0.41236258
0.03426000,10.00000000,4.00000000,3.56738003,0.00000000,0.34215913,0,0.43261997
0.03428000,10.00000000,4.00000000,3.54730758,0.00000000,0.34342436,0,0.45269242
0.03430000,10.00000000,4.00000000,3.52741882,0.00000000,0.34469720,0,0.47258118
0.03432000,10.00000000,4.00000000,3.50771249,0.00000000,0.34597757,0,0.49228751
0.03434000,10.00000000,4.00000000,3.48818733,0.00000000,0.34726538,0,0.51181267
0.03436000,10.00000000,4.00000000,3.46884212,0.00000000,0.34856054,0,0.53115788
0.03438000,10.00000000,4.00000000,3.44967561,0.01054608,0.34986297,0,0.55032439
0.03440000,10.00000000,4.00000000,3.43080335,0.03391432,0.35115689,0,0.56919665
0.03442000,10.00000000,4.00000000,3.41236484,0.06992497,0.35241469,0,0.58763516
0.03444000,10.00000000,4.00000000,3.39449589,0.11823279,0.35360371,0,0.60550411
0.03446000,10.00000000,4.00000000,3.37732672,0.17830855,0.35469081,0,0.62267328
0.03448000,10.00000000,4.00000000,3.36097994,0.24943983,0.35564545,0,0.63902006
0.03450000,10.00000000,4.00000000,3.34556864,0.33074488,0.35644156,0,0.65443136
0.03452000,10.00000000,4.00000000,3.33119470,0.42119461,0.35705859,0,0.66880530
0.03454000,10.00000000,4.00000000,3.31794735,0.51963945,0.35748192,0,0.68205265
0.03456000,10.00000000,4.00000000,3.30590209,0.62483841,0.35770290,0,0.69409791
0.03458000,10.00000000,4.00000000,3.29511990,0.73548856,0.35771855,0,0.70488010
0.03460000,10.00000000,4.00000000,3.28564677,0.85025366,0.35753110,0,0.71435323
0.03462000,10.00000000,4.00000000,3.27751364,0.96779102,0.35714742,0,0.72248636
0.03464000,10.00000000,4.00000000,3.27073643,1.08677601,0.35657836,0,0.72926357
0.03466000,10.00000000,4.00000000,3.26531657,1.20592397,0.35583809,0,0.73468343
0.03468000,10.00000000,4.00000000,3.26124154,1.32400917,0.35494345,0,0.73875846
0.03470000,10.00000000,4.00000000,3.25848571,1.43988093,0.35391333,0,0.74151429
0.03472000,10.00000000,4.00000000,3.25701136,1.55247680,0.35276805,0,0.74298864
0.03474000,10.00000000,4.00000000,3.25676971,1.66083296,0.35152885,0,0.74323029
0.03476000,10.00000000,4.00000000,3.25770219,1.76409203,0.35021735,0,0.74229781
0.03478000,10.00000000,4.00000000,3.25974165,1.86150834,0.34885513,0,0.74025835
0.03480000,10.00000000,4.00000000,3.26281370,1.95245090,0.34746338,0,0.73718630
0.03482000,10.00000000,4.00000000,3.26683800,2.03640443,0.34606250,0,0.73316200
0.03484000,10.00000000,4.00000000,3.27172957,2.11296834,0.34467184,0,0.72827043
0.03486000,10.00000000,4.00000000,3.27740011,2.18185422,0.34330951,0,0.72259989
0.03488000,10.00000000,4.00000000,3.28375919,2.24288180,0.34199212,0,0.71624081
0.03490000,10.00000000,4.00000000,3.29071545,2.29597372,0.34073471,0,0.70928455
0.03492000,10.00000000,4.00000000,3.29817774,2.34114926,0.33955059,0,0.70182226
0.03494000,10.00000000,4.00000000,3.30605611,2.37851723,0.33845131,0,0.69394389
0.03496000,10.00000000,4.00000000,3.31426275,2.40826821,0.33744662,0,0.68573725
0.03498000,10.00000000,4.00000000,3.32271290,2.43066630,0.33654445,0,0.67728710
0.03500000,10.00000000,4.00000000,3.33132552,2.44604052,0.33575096,0,0.66867448
0.03502000,10.00000000,4.00000000,3.34002400,2.45477610,0.33507059,0,0.65997600
0.03504000,10.00000000,4.00000000,3.34873667,2.45730563,0.33450608,0,0.65126333
0.03506000,10.00000000,4.00000000,3.35739727,2.45410037,0.33405864,0,0.64260273
0.03508000,10.00000000,4.00000000,3.36594532,2.44566171,0.33372798,0,0.63405468
0.03510000,10.00000000,4.00000000,3.37432633,2.43251290,0.33351246,0,0.62567367
0.03512000,10.00000000,4.00000000,3.38249199,2.41519116,0.33340920,0,0.61750801
0.03514000,10.00000000,4.00000000,3.39040027,2.39424027,0.33341418,0,0.60959973
0.03516000,10.00000000,4.00000000,3.39801536,2.37020357,0.33352245,0,0.60198464
0.03518000,10.00000000,4.00000000,3.40530768,2.34361756,0.33372818,0,0.59469232
0.03520000,10.00000000,4.00000000,3.41225366,2.31500613,0.33402483,0,0.58774634
0.03522000,10.00000000,4.00000000,3.41883558,2.28487523,0.33440531,0,0.58116442
0.03524000,10.00000000,4.00000000,3.42504128,2.25370840,0.33486204,0,0.57495872
0.03526000,10.00000000,4.00000000,3.43086392,2.22196271,0.33538717,0,0.56913608
0.03528000,10.00000000,4.00000000,3.43630156,2.19006546,0.33597259,0,0.56369844
0.03530000,10.00000000,4.00000000,3.44135686,2.15841146,0.33661013,0,0.55864314
0.03532000,10.00000000,4.00000000,3.44603662,2.12736093,0.33729164,0,0.55396338
0.03534000,10.00000000,4.00000000,3.45035141,2.09723791,0.33800905,0,0.54964859
0.03536000,10.00000000,4.00000000,3.45431513,2.06832938,0.33875452,0,0.54568487
0.03538000,10.00000000,4.00000000,3.45794457,2.04088469,0.33952046,0,0.54205543
0.03540000,10.00000000,4.00000000,3.46125898,2.01511569,0.34029964,0,0.53874102
0.03542000,10.00000000,4.00000000,3.46427965,1.99119712,0.34108522,0,0.53572035
0.03544000,10.00000000,4.00000000,3.46702949,1.96926754,0.34187082,0,0.53297051
0.03546000,10.00000000,4.00000000,3.46953263,1.94943058,0.34265054,0,0.53046737
0.03548000,10.00000000,4.00000000,3.47181401,1.93175644,0.34341902,0,0.52818599
0.03550000,10.00000000,4.00000000,3.47389905,1.91628380,0.34417144,0,0.52610095
0.03552000,10.00000000,4.00000000,3.47581329,1.90302184,0.34490354,0,0.52418671
0.03554000,10.00000000,4.00000000,3.47758209,1.89195251,0.34561162,0,0.52241791
0.03556000,10.00000000,4.00000000,3.47923031,1.88303291,0.34629256,0,0.52076969
0.03558000,10.00000000,4.00000000,3.48078210,1.87619785,0.34694377,0,0.51921790
0.03560000,10.00000000,4.00000000,3.48226061,1.87136233,0.34756324,0,0.51773939
0.03562000,10.00000000,4.00000000,3.48368785,1.86842425,0.34814945,0,0.51631215
0.03564000,10.00000000,4.00000000,3.48508450,1.86726690,0.34870141,0,0.51491550
0.03566000,10.00000000,4.00000000,3.48646974,1.86776162,0.34921858,0,0.51353026
0.03568000,10.00000000,4.00000000,3.48786119,1.86977024,0.34970087,0,0.51213881
0.03570000,10.00000000,4.00000000,3.48927478,1.87314754,0.35014861,0,0.51072522
0.03572000,10.00000000,4.00000000,3.49072473,1.87774350,0.35056247,0,0.50927527
0.03574000,10.00000000,4.00000000,3.49222351,1.88340555,0.35094348,0,0.50777649
0.03576000,10.00000000,4.00000000,3.49378180,1.88998055,0.35129295,0,0.50621820
0.03578000,10.00000000,4.00000000,3.49540856,1.89731670,0.35161246,0,0.50459144
0.03580000,10.00000000,4.00000000,3.49711101,1.90526525,0.35190378,0,0.50288899
0.03582000,10.00000000,4.00000000,3.49889474,1.91368202,0.35216889,0,0.50110526
0.03584000,10.00000000,4.00000000,3.50076370,1.92242877,0.35240987,0,0.49923630
0.03586000,10.00000000,4.00000000,3.50272036,1.93137439,0.35262894,0,0.49727964
0.03588000,10.00000000,4.00000000,3.50476576,1.94039590,0.35282837,0,0.49523424
0.03590000,10.00000000,4.00000000,3.50689960,1.94937926,0.35301047,0,0.49310040
0.03592000,10.00000000,4.00000000,3.50912040,1.95822002,0.35317756,0,0.49087960
0.03594000,10.00000000,4.00000000,3.51142558,1.96682381,0.35333192,0,0.48857442
0.03596000,10.00000000,4.00000000,3.51381156,1.97510668,0.35347580,0,0.48618844
0.03598000,10.00000000,4.00000000,3.51627395,1.98299523,0.35361137,0,0.48372605
0.03600000,10.00000000,4.00000000,3.51880759,1.99042668,0.35374072,0,0.48119241
0.03602000,10.00000000,4.00000000,3.52140674,1.99734877,0.35386581,0,0.47859326
0.03604000,10.00000000,4.00000000,3.52406515,2.00371950,0.35398850,0,0.47593485
0.03606000,10.00000000,4.00000000,3.52677621,2.00950688,0.35411050,0,0.47322379
0.03608000,10.00000000,4.00000000,3.52953303,2.01468845,0.35423338,0,0.47046697
0.03610000,10.00000000,4.00000000,3.53232857,2.01925082,0.35435855,0,0.46767143
0.03612000,10.00000000,4.00000000,3.53515573,2.02318908,0.35448727,0,0.46484427
0.03614000,10.00000000,4.00000000,3.53800743,2.02650622,0.35462063,0,0.46199257
0.03616000,10.00000000,4.00000000,3.54087670,2.02921240,0.35475959,0,0.45912330
0.03618000,10.00000000,4.00000000,3.54375677,2.03132431,0.35490491,0,0.45624323
0.03620000,10.00000000,4.00000000,3.54664112,2.03286441,0.35505723,0,0.45335888
0.03622000,10.00000000,4.00000000,3.54952353,2.03386023,0.35521702,0,0.45047647
0.03624000,10.00000000,4.00000000,3.55239816,2.03434360,0.35538460,0,0.44760184
0.03626000,10.00000000,4.00000000,3.55525957,2.03434995,0.35556019,0,0.44474043
0.03628000,10.00000000,4.00000000,3.55810276,2.03391757,0.35574385,0,0.44189724
0.03630000,10.00000000,4.00000000,3.56092319,2.03308696,0.35593553,0,0.43907681
0.03632000,10.00000000,4.00000000,3.56371681,2.03190013,0.35613508,0,0.43628319
0.03634000,10.00000000,4.00000000,3.56648005,2.03040001,0.35634224,0,0.43351995
0.03636000,10.00000000,4.00000000,3.56920985,2.02862981,0.35655667,0,0.43079015
0.03638000,10.00000000,4.00000000,3.57190363,2.02663254,0.35677796,0,0.42809637
0.03640000,10.00000000,4.00000000,3.57455933,2.02445049,0.35700563,0,0.42544067
0.03642000,10.00000000,4.00000000,3.57717532,2.02212474,0.35723916,0,0.42282468
0.03644000,10.00000000,4.00000000,3.57975046,2.01969484,0.35747796,0,0.42024954
0.03646000,10.00000000,4.00000000,3.58228403,2.01719839,0.35772143,0,0.41771597
0.03648000,10.00000000,4.00000000,3.58477570,2.01467079,0.35796895,0,0.41522430
0.03650000,10.00000000,4.00000000,3.58722556,2.01214495,0.35821987,0,0.41277444
0.03652000,10.00000000,4.00000000,3.58963403,2.00965115,0.35847355,0,0.41036597
0.03654000,10.00000000,4.00000000,3.59200183,2.00721684,0.35872935,0,0.40799817
0.03656000,10.00000000,4.00000000,3.59432999,2.00486657,0.35898664,0,0.40567001
0.03658000,10.00000000,4.00000000,3.59661979,2.00262190,0.35924480,0,0.40338021
0.03660000,10.00000000,4.00000000,3.59887270,2.00050141,0.35950326,0,0.40112730
0.03662000,10.00000000,4.00000000,3.60109040,1.99852068,0.35976145,0,0.39890960
0.03664000,10.00000000,4.00000000,3.60327469,1.99669239,0.36001886,0,0.39672531
0.03666000,10.00000000,4.00000000,3.60542752,1.99502637,0.36027499,0,0.39457248
0.03668000,10.00000000,4.00000000,3.60755089,1.99352971,0.36052940,0,0.39244911
0.03670000,10.00000000,4.00000000,3.60964686,1.99220689,0.36078169,0,0.39035314
0.03672000,10.00000000,4.00000000,3.61171753,1.99105998,0.36103150,0,0.38828247
0.03674000,10.00000000,4.00000000,3.61376498,1.99008875,0.36127852,0,0.38623502
0.03676000,10.00000000,4.00000000,3.61579129,1.98929089,0.36152246,0,0.38420871
0.03678000,10.00000000,4.00000000,3.61779846,1.98866219,0.36176312,0,0.38220154
0.03680000,10.00000000,4.00000000,3.61978844,1.98819675,0.36200031,0,0.38021156
0.03682000,10.00000000,4.00000000,3.62176310,1.98788720,0.36223389,0,0.37823690
0.03684000,10.00000000,4.00000000,3.62372420,1.98772488,0.36246377,0,0.37627580
0.03686000,10.00000000,4.00000000,3.62567340,1.98770005,0.36268988,0,0.37432660
0.03688000,10.00000000,4.00000000,3.62761222,1.98780213,0.36291221,0,0.37238778
0.03690000,10.00000000,4.00000000,3.62954206,1.98801983,0.36313077,0,0.37045794
0.03692000,10.00000000,4.00000000,3.63146421,1.98834141,0.36334560,0,0.36853579
0.03694000,10.00000000,4.00000000,3.63337977,1.98875481,0.36355677,0,0.36662023
0.03696000,10.00000000,4.00000000,3.63528974,1.98924783,0.36376439,0,0.36471026
0.03698000,10.00000000,4.00000000,3.63719497,1.98980832,0.36396857,0,0.36280503
0.03700000,10.00000000,4.00000000,3.63909615,1.99042425,0.36416945,0,0.36090385
0.03702000,10.00000000,4.00000000,3.64099387,1.99108393,0.36436718,0,0.35900613
0.03704000,10.00000000,4.00000000,3.64288856,1.99177607,0.36456193,0,0.35711144
0.03706000,10.00000000,4.00000000,3.64478055,1.99248988,0.36475388,0,0.35521945
0.03708000,10.00000000,4.00000000,3.64667002,1.99321519,0.36494320,0,0.35332998
0.03710000,10.00000000,4.00000000,3.64855708,1.99394250,0.36513010,0,0.35144292
0.03712000,10.00000000,4.00000000,3.65044170,1.99466306,0.36531475,0,0.34955830
0.03714000,10.00000000,4.00000000,3.65232378,1.99536888,0.36549735,0,0.34767622
0.03716000,10.00000000,4.00000000,3.65420313,1.99605280,0.36567808,0,0.34579687
0.03718000,10.00000000,4.00000000,3.65607949,1.99670849,0.36585713,0,0.34392051
0.03720000,10.00000000,4.00000000,3.65795253,1.99733047,0.36603466,0,0.34204747
0.03722000,10.00000000,4.00000000,3.65982187,1.99791411,0.36621085,0,0.34017813
0.03724000,10.00000000,4.00000000,3.66168709,1.99845558,0.36638586,0,0.33831291
0.03726000,10.00000000,4.00000000,3.66354772,1.99895190,0.36655983,0,0.33645228
0.03728000,10.00000000,4.00000000,3.66540328,1.99940085,0.36673290,0,0.33459672
0.03730000,10.00000000,4.00000000,3.66725326,1.99980095,0.36690519,0,0.33274674
0.03732000,10.00000000,4.00000000,3.66909714,2.00015143,0.36707682,0,0.33090286
0.03734000,10.00000000,4.00000000,3.67093442,2.00045217,0.36724789,0,0.32906558
0.03736000,10.00000000,4.00000000,3.67276457,2.00070368,0.36741848,0,0.32723543
0.03738000,10.00000000,4.00000000,3.67458711,2.00090698,0.36758866,0,0.32541289
0.03740000,10.00000000,4.00000000,3.67640153,2.00106362,0.36775850,0,0.32359847
0.03742000,10.00000000,4.00000000,3.67820739,2.00117556,0.36792806,0,0.32179261
0.03744000,10.00000000,4.00000000,3.68000424,2.00124515,0.36809735,0,0.31999576
0.03746000,10.00000000,4.00000000,3.68179169,2.00127505,0.36826642,0,0.31820831
0.03748000,10.00000000,4.00000000,3.68356936,2.00126820,0.36843528,0,0.31643064
0.03750000,10.00000000,4.00000000,3.68533691,2.00122772,0.36860393,0,0.31466309
0.03752000,10.00000000,4.00000000,3.68709405,2.00115690,0.36877238,0,0.31290595
0.03754000,10.00000000,4.00000000,3.68884052,2.00105913,0.36894060,0,0.31115948
0.03756000,10.00000000,4.00000000,3.69057610,2.00093783,0.36910858,0,0.30942390
0.03758000,10.00000000,4.00000000,3.69230060,2.00079646,0.36927631,0,0.30769940
0.03760000,10.00000000,4.00000000,3.69401388,2.00063841,0.36944373,0,0.30598612
0.03762000,10.00000000,4.00000000,3.69571584,2.00046701,0.36961083,0,0.30428416
0.03764000,10.00000000,4.00000000,3.69740641,2.00028550,0.36977756,0,0.30259359
0.03766000,10.00000000,4.00000000,3.69908557,2.00009696,0.36994387,0,0.30091443
0.03768000,10.00000000,4.00000000,3.70075330,1.99990430,0.37010974,0,0.29924670
0.03770000,10.00000000,4.00000000,3.70240965,1.99971028,0.37027509,0,0.29759035
0.03772000,10.00000000,4.00000000,3.70405467,1.99951742,0.37043990,0,0.29594533
0.03774000,10.00000000,4.00000000,3.70568846,1.99932803,0.37060412,0,0.29431154
0.03776000,10.00000000,4.00000000,3.70731112,1.99914421,0.37076769,0,0.29268888
0.03778000,10.00000000,4.00000000,3.70892280,1.99896781,0.37093057,0,0.29107720
0.03780000,10.00000000,4.00000000,3.71052364,1.99880045,0.37109272,0,0.28947636
0.03782000,10.00000000,4.00000000,3.71211380,1.99864350,0.37125410,0,0.28788620
0.03784000,10.00000000,4.00000000,3.71369348,1.99849811,0.37141467,0,0.28630652
0.03786000,10.00000000,4.00000000,3.71526287,1.99836518,0.37157439,0,0.28473713
0.03788000,10.00000000,4.00000000,3.71682215,1.99824541,0.37173323,0,0.28317785
0.03790000,10.00000000,4.00000000,3.71837154,1.99813927,0.37189116,0,0.28162846
0.03792000,10.00000000,4.00000000,3.71991125,1.99804703,0.37204815,0,0.28008875
0.03794000,10.00000000,4.00000000,3.72144147,1.99796877,0.37220418,0,0.27855853
0.03796000,10.00000000,4.00000000,3.72296243,1.99790441,0.37235923,0,0.27703757
0.03798000,10.00000000,4.00000000,3.72447431,1.99785370,0.37251329,0,0.27552569
0.03800000,10.00000000,4.00000000,3.72597733,1.99781624,0.37266634,0,0.27402267
0.03802000,10.00000000,4.00000000,3.72747168,1.99779150,0.37281837,0,0.27252832
0.03804000,10.00000000,4.00000000,3.72895753,1.99777886,0.37296938,0,0.27104247
0.03806000,10.00000000,4.00000000,3.73043508,1.99777759,0.37311937,0,0.26956492
0.03808000,10.00000000,4.00000000,3.73190448,1.99778687,0.37326833,0,0.26809552
0.03810000,10.00000000,4.00000000,3.73336589,1.99780585,0.37341627,0,0.26663411
0.03812000,10.00000000,4.00000000,3.73481946,1.99783360,0.37356320,0,0.26518054
0.03814000,10.00000000,4.00000000,3.73626533,1.99786918,0.37370912,0,0.26373467
0.03816000,10.00000000,4.00000000,3.73770362,1.99791162,0.37385405,0,0.26229638
0.03818000,10.00000000,4.00000000,3.73913443,1.99795995,0.37399799,0,0.26086557
0.03820000,10.00000000,4.00000000,3.74055789,1.99801321,0.37414097,0,0.25944211
0.03822000,10.00000000,4.00000000,3.74197406,1.99807044,0.37428299,0,0.25802594
0.03824000,10.00000000,4.00000000,3.74338304,1.99813072,0.37442407,0,0.25661696
0.03826000,10.00000000,4.00000000,3.74478489,1.99819319,0.37456424,0,0.25521511
0.03828000,10.00000000,4.00000000,3.74617967,1.99825699,0.37470350,0,0.25382033
0.03830000,10.00000000,4.00000000,3.74756743,1.99832134,0.37484188,0,0.25243257
0.03832000,10.00000000,4.00000000,3.74894821,1.99838550,0.37497940,0,0.25105179
0.03834000,10.00000000,4.00000000,3.75032204,1.99844881,0.37511607,0,0.24967796
0.03836000,10.00000000,4.00000000,3.75168895,1.99851066,0.37525191,0,0.24831105
0.03838000,10.00000000,4.00000000,3.75304897,1.99857051,0.37538695,0,0.24695103
0.03840000,10.00000000,4.00000000,3.75440209,1.99862788,0.37552120,0,0.24559791
0.03842000,10.00000000,4.00000000,3.75574834,1.99868236,0.37565467,0,0.24425166
0.03844000,10.00000000,4.00000000,3.75708771,1.99873361,0.37578739,0,0.24291229
0.03846000,10.00000000,4.00000000,3.75842020,1.99878136,0.37591937,0,0.24157980
0.03848000,10.00000000,4.00000000,3.75974582,1.99882540,0.37605062,0,0.24025418
0.03850000,10.00000000,4.00000000,3.76106456,1.99886557,0.37618116,0,0.23893544
0.03852000,10.00000000,4.00000000,3.76237642,1.99890179,0.37631100,0,0.23762358
0.03854000,10.00000000,4.00000000,3.76368138,1.99893401,0.37644016,0,0.23631862
0.03856000,10.00000000,4.00000000,3.76497944,1.99896225,0.37656864,0,0.23502056
0.03858000,10.00000000,4.00000000,3.76627061,1.99898656,0.37669645,0,0.23372939
0.03860000,10.00000000,4.00000000,3.76755486,1.99900705,0.37682361,0,0.23244514
0.03862000,10.00000000,4.00000000,3.76883221,1.99902385,0.37695012,0,0.23116779
0.03864000,10.00000000,4.00000000,3.77010264,1.99903713,0.37707599,0,0.22989736
0.03866000,10.00000000,4.00000000,3.77136616,1.99904710,0.37720122,0,0.22863384
0.03868000,10.00000000,4.00000000,3.77262277,1.99905397,0.37732582,0,0.22737723
0.03870000,10.00000000,4.00000000,3.77387247,1.99905799,0.37744980,0,0.22612753
0.03872000,10.00000000,4.00000000,3.77511528,1.99905941,0.37757315,0,0.22488472
0.03874000,10.00000000,4.00000000,3.77635121,1.99905850,0.37769589,0,0.22364879
0.03876000,10.00000000,4.00000000,3.77758026,1.99905552,0.37781800,0,0.22241974
0.03878000,10.00000000,4.00000000,3.77880246,1.99905076,0.37793950,0,0.22119754
0.03880000,10.00000000,4.00000000,3.78001782,1.99904449,0.37806039,0,0.21998218
0.03882000,10.00000000,4.00000000,3.78122637,1.99903697,0.37818066,0,0.21877363
0.03884000,10.00000000,4.00000000,3.78242814,1.99902847,0.37830031,0,0.21757186
0.03886000,10.00000000,4.00000000,3.78362315,1.99901924,0.37841935,0,0.21637685
0.03888000,10.00000000,4.00000000,3.78481142,1.99900952,0.37853778,0,0.21518858
0.03890000,10.00000000,4.00000000,3.78599301,1.99899954,0.37865559,0,0.21400699
0.03892000,10.00000000,4.00000000,3.78716793,1.99898951,0.37877279,0,0.21283207
0.03894000,10.00000000,4.00000000,3.78833623,1.99897963,0.37888937,0,0.21166377
0.03896000,10.00000000,4.00000000,3.78949795,1.99897006,0.37900534,0,0.21050205
0.03898000,10.00000000,4.00000000,3.79065313,1.99896098,0.37912068,0,0.20934687
0.03900000,10.00000000,4.00000000,3.79180181,1.99895251,0.37923541,0,0.20819819
0.03902000,10.00000000,4.00000000,3.79294403,1.99894479,0.37934953,0,0.20705597
0.03904000,10.00000000,4.00000000,3.79407984,1.99893790,0.37946302,0,0.20592016
0.03906000,10.00000000,4.00000000,3.79520929,1.99893195,0.37957590,0,0.20479071
0.03908000,10.00000000,4.00000000,3.79633241,1.99892698,0.37968815,0,0.20366759
0.03910000,10.00000000,4.00000000,3.79744926,1.99892305,0.37979979,0,0.20255074
0.03912000,10.00000000,4.00000000,3.79855988,1.99892019,0.37991082,0,0.20144012
0.03914000,10.00000000,4.00000000,3.79966433,1.99891841,0.38002123,0,0.20033567
0.03916000,10.00000000,4.00000000,3.80076263,1.99891772,0.38013102,0,0.19923737
0.03918000,10.00000000,4.00000000,3.80185485,1.99891810,0.38024020,0,0.19814515
0.03920000,10.00000000,4.00000000,3.80294103,1.99891952,0.38034877,0,0.19705897
0.03922000,10.00000000,4.00000000,3.80402120,1.99892196,0.38045673,0,0.19597880
0.03924000,10.00000000,4.00000000,3.80509543,1.99892536,0.38056409,0,0.19490457
0.03926000,10.00000000,4.00000000,3.80616374,1.99892968,0.38067084,0,0.19383626
0.03928000,10.00000000,4.00000000,3.80722618,1.99893485,0.38077699,0,0.19277382
0.03930000,10.00000000,4.00000000,3.80828280,1.99894080,0.38088254,0,0.19171720
0.03932000,10.00000000,4.00000000,3.80933363,1.99894747,0.38098749,0,0.19066637
0.03934000,10.00000000,4.00000000,3.81037872,1.99895477,0.38109186,0,0.18962128
0.03936000,10.00000000,4.00000000,3.81141809,1.99896264,0.38119563,0,0.18858191
0.03938000,10.00000000,4.00000000,3.81245180,1.99897100,0.38129882,0,0.18754820
0.03940000,10.00000000,4.00000000,3.81347987,1.99897977,0.38140143,0,0.18652013
0.03942000,10.00000000,4.00000000,3.81450234,1.99898887,0.38150347,0,0.18549766
0.03944000,10.00000000,4.00000000,3.81551925,1.99899823,0.38160493,0,0.18448075
0.03946000,10.00000000,4.00000000,3.81653063,1.99900778,0.38170582,0,0.18346937
0.03948000,10.00000000,4.00000000,3.81753651,1.99901745,0.38180615,0,0.18246349
0.03950000,10.00000000,4.00000000,3.81853692,1.99902717,0.38190591,0,0.18146308
0.03952000,10.00000000,4.00000000,3.81953190,1.99903688,0.38200513,0,0.18046810
0.03954000,10.00000000,4.00000000,3.82052146,1.99904653,0.38210378,0,0.17947854
0.03956000,10.00000000,4.00000000,3.82150565,1.99905606,0.38220190,0,0.17849435
0.03958000,10.00000000,4.00000000,3.82248449,1.99906544,0.38229946,0,0.17751551
0.03960000,10.00000000,4.00000000,3.82345801,1.99907461,0.38239649,0,0.17654199
0.03962000,10.00000000,4.00000000,3.82442624,1.99908355,0.38249298,0,0.17557376
0.03964000,10.00000000,4.00000000,3.82538919,1.99909222,0.38258894,0,0.17461081
0.03966000,10.00000000,4.00000000,3.82634690,1.99910060,0.38268438,0,0.17365310
0.03968000,10.00000000,4.00000000,3.82729940,1.99910866,0.38277928,0,0.17270060
0.03970000,10.00000000,4.00000000,3.82824670,1.99911641,0.38287367,0,0.17175330
0.03972000,10.00000000,4.00000000,3.82918884,1.99912381,0.38296754,0,0.17081116
0.03974000,10.00000000,4.00000000,3.83012584,1.99913088,0.38306090,0,0.16987416
0.03976000,10.00000000,4.00000000,3.83105772,1.99913760,0.38315375,0,0.16894228
0.03978000,10.00000000,4.00000000,3.83198450,1.99914399,0.38324609,0,0.16801550
0.03980000,10.00000000,4.00000000,3.83290622,1.99915004,0.38333793,0,0.16709378
0.03982000,10.00000000,4.00000000,3.83382290,1.99915576,0.38342927,0,0.16617710
0.03984000,10.00000000,4.00000000,3.83473456,1.99916118,0.38352011,0,0.16526544
0.03986000,10.00000000,4.00000000,3.83564122,1.99916630,0.38361046,0,0.16435878
0.03988000,10.00000000,4.00000000,3.83654292,1.99917114,0.38370032,0,0.16345708
0.03990000,10.00000000,4.00000000,3.83743967,1.99917572,0.38378968,0,0.16256033
0.03992000,10.00000000,4.00000000,3.83833150,1.99918006,0.38387857,0,0.16166850
0.03994000,10.00000000,4.00000000,3.83921843,1.99918417,0.38396697,0,0.16078157
0.03996000,10.00000000,4.00000000,3.84010049,1.99918809,0.38405489,0,0.15989951
0.03998000,10.00000000,4.00000000,3.84097771,1.99919183,0.38414233,0,0.15902229
0.04000000,10.00000000,4.00000000,3.84185010,1.99919542,0.38422929,0,0.15814990
0.04002000,10.00000000,4.00000000,3.84271770,1.99919887,0.38431579,0,0.15728230
0.04004000,10.00000000,4.00000000,3.84358053,1.99920221,0.38440181,0,0.15641947
0.04006000,10.00000000,4.00000000,3.84443861,1.99920546,0.38448736,0,0.15556139
0.04008000,10.00000000,4.00000000,3.84529198,1.99920864,0.38457245,0,0.15470802
0.04010000,10.00000000,4.00000000,3.84614064,1.99921176,0.38465708,0,0.15385936
0.04012000,10.00000000,4.00000000,3.84698464,1.99921485,0.38474124,0,0.15301536
0.04014000,10.00000000,4.00000000,3.84782400,1.99921792,0.38482494,0,0.15217600
0.04016000,10.00000000,4.00000000,3.84865874,1.99922099,0.38490819,0,0.15134126
0.04018000,10.00000000,4.00000000,3.84948888,1.99922407,0.38499098,0,0.15051112
0.04020000,10.00000000,4.00000000,3.85031446,1.99922717,0.38507332,0,0.14968554
0.04022000,10.00000000,4.00000000,3.85113550,1.99923030,0.38515521,0,0.14886450
0.04024000,10.00000000,4.00000000,3.85195202,1.99923348,0.38523665,0,0.14804798
0.04026000,10.00000000,4.00000000,3.85276405,1.99923670,0.38531764,0,0.14723595
0.04028000,10.00000000,4.00000000,3.85357162,1.99923998,0.38539819,0,0.14642838
0.04030000,10.00000000,4.00000000,3.85437475,1.99924332,0.38547830,0,0.14562525
0.04032000,10.00000000,4.00000000,3.85517347,1.99924673,0.38555797,0,0.14482653
0.04034000,10.00000000,4.00000000,3.85596779,1.99925020,0.38563720,0,0.14403221
0.04036000,10.00000000,4.00000000,3.85675776,1.99925373,0.38571599,0,0.14324224
0.04038000,10.00000000,4.00000000,3.85754338,1.99925733,0.38579436,0,0.14245662
0.04040000,10.00000000,4.00000000,3.85832469,1.99926100,0.38587229,0,0.14167531
0.04042000,10.00000000,4.00000000,3.85910172,1.99926473,0.38594979,0,0.14089828
0.04044000,10.00000000,4.00000000,3.85987447,1.99926852,0.38602687,0,0.14012553
0.04046000,10.00000000,4.00000000,3.86064299,1.99927236,0.38610352,0,0.13935701
0.04048000,10.00000000,4.00000000,3.86140729,1.99927626,0.38617975,0,0.13859271
0.04050000,10.00000000,4.00000000,3.86216740,1.99928020,0.38625557,0,0.13783260
0.04052000,10.00000000,4.00000000,3.86292334,1.99928419,0.38633096,0,0.13707666
0.04054000,10.00000000,4.00000000,3.86367513,1.99928820,0.38640594,0,0.13632487
0.04056000,10.00000000,4.00000000,3.86442280,1.99929225,0.38648051,0,0.13557720
0.04058000,10.00000000,4.00000000,3.86516638,1.99929632,0.38655467,0,0.13483362
0.04060000,10.00000000,4.00000000,3.86590587,1.99930041,0.38662842,0,0.13409413
0.04062000,10.00000000,4.00000000,3.86664132,1.99930451,0.38670176,0,0.13335868
0.04064000,10.00000000,4.00000000,3.86737273,1.99930862,0.38677470,0,0.13262727
0.04066000,10.00000000,4.00000000,3.86810014,1.99931272,0.38684724,0,0.13189986
0.04068000,10.00000000,4.00000000,3.86882356,1.99931682,0.38691938,0,0.13117644
0.04070000,10.00000000,4.00000000,3.86954301,1.99932091,0.38699113,0,0.13045699
0.04072000,10.00000000,4.00000000,3.87025853,1.99932498,0.38706248,0,0.12974147
0.04074000,10.00000000,4.00000000,3.87097012,1.99932903,0.38713344,0,0.12902988
0.04076000,10.00000000,4.00000000,3.87167781,1.99933306,0.38720400,0,0.12832219
0.04078000,10.00000000,4.00000000,3.87238163,1.99933705,0.38727418,0,0.12761837
0.04080000,10.00000000,4.00000000,3.87308159,1.99934102,0.38734398,0,0.12691841
0.04082000,10.00000000,4.00000000,3.87377772,1.99934495,0.38741339,0,0.12622228
0.04084000,10.00000000,4.00000000,3.87447003,1.99934884,0.38748242,0,0.12552997
0.04086000,10.00000000,4.00000000,3.87515854,1.99935270,0.38755108,0,0.12484146
0.04088000,10.00000000,4.00000000,3.87584328,1.99935651,0.38761935,0,0.12415672
0.04090000,10.00000000,4.00000000,3.87652427,1.99936028,0.38768725,0,0.12347573
0.04092000,10.00000000,4.00000000,3.87720153,1.99936401,0.38775478,0,0.12279847
0.04094000,10.00000000,4.00000000,3.87787507,1.99936769,0.38782194,0,0.12212493
0.04096000,10.00000000,4.00000000,3.87854493,1.99937133,0.38788873,0,0.12145507
0.04098000,10.00000000,4.00000000,3.87921111,1.99937492,0.38795515,0,0.12078889
0.04100000,10.00000000,4.00000000,3.87987363,1.99937847,0.38802121,0,0.12012637
0.04102000,10.00000000,4.00000000,3.88053253,1.99938198,0.38808691,0,0.11946747
0.04104000,10.00000000,4.00000000,3.88118781,1.99938544,0.38815225,0,0.11881219
0.04106000,10.00000000,4.00000000,3.88183950,1.99938887,0.38821723,0,0.11816050
0.04108000,10.00000000,4.00000000,3.88248761,1.99939225,0.38828186,0,0.11751239
0.04110000,10.00000000,4.00000000,3.88313217,1.99939560,0.38834612,0,0.11686783
0.04112000,10.00000000,4.00000000,3.88377319,1.99939891,0.38841004,0,0.11622681
0.04114000,10.00000000,4.00000000,3.88441070,1.99940218,0.38847361,0,0.11558930
0.04116000,10.00000000,4.00000000,3.88504471,1.99940542,0.38853683,0,0.11495529
0.04118000,10.00000000,4.00000000,3.88567524,1.99940864,0.38859970,0,0.11432476
0.04120000,10.00000000,4.00000000,3.88630232,1.99941182,0.38866223,0,0.11369768
0.04122000,10.00000000,4.00000000,3.88692595,1.99941497,0.38872442,0,0.11307405
0.04124000,10.00000000,4.00000000,3.88754616,1.99941810,0.38878626,0,0.11245384
0.04126000,10.00000000,4.00000000,3.88816297,1.99942121,0.38884777,0,0.11183703
0.04128000,10.00000000,4.00000000,3.88877639,1.99942429,0.38890894,0,0.11122361
0.04130000,10.00000000,4.00000000,3.88938645,1.99942735,0.38896977,0,0.11061355
0.04132000,10.00000000,4.00000000,3.88999316,1.99943040,0.38903027,0,0.11000684
0.04134000,10.00000000,4.00000000,3.89059655,1.99943342,0.38909044,0,0.10940345
0.04136000,10.00000000,4.00000000,3.89119662,1.99943643,0.38915028,0,0.10880338
0.04138000,10.00000000,4.00000000,3.89179340,1.99943943,0.38920979,0,0.10820660
0.04140000,10.00000000,4.00000000,3.89238690,1.99944241,0.38926897,0,0.10761310
0.04142000,10.00000000,4.00000000,3.89297715,1.99944537,0.38932783,0,0.10702285
0.04144000,10.00000000,4.00000000,3.89356416,1.99944833,0.38938637,0,0.10643584
0.04146000,10.00000000,4.00000000,3.89414795,1.99945127,0.38944458,0,0.10585205
0.04148000,10.00000000,4.00000000,3.89472854,1.99945421,0.38950248,0,0.10527146
0.04150000,10.00000000,4.00000000,3.89530594,1.99945713,0.38956006,0,0.10469406
0.04152000,10.00000000,4.00000000,3.89588018,1.99946005,0.38961732,0,0.10411982
0.04154000,10.00000000,4.00000000,3.89645126,1.99946295,0.38967427,0,0.10354874
0.04156000,10.00000000,4.00000000,3.89701921,1.99946585,0.38973091,0,0.10298079
0.04158000,10.00000000,4.00000000,3.89758405,1.99946873,0.38978724,0,0.10241595
0.04160000,10.00000000,4.00000000,3.89814578,1.99947161,0.38984325,0,0.10185422
0.04162000,10.00000000,4.00000000,3.89870444,1.99947448,0.38989896,0,0.10129556
0.04164000,10.00000000,4.00000000,3.89926003,1.99947734,0.38995437,0,0.10073997
0.04166000,10.00000000,4.00000000,3.89981257,1.99948019,0.39000947,0,0.10018743
0.04168000,10.00000000,4.00000000,3.90036208,1.99948303,0.39006427,0,0.09963792
0.04170000,10.00000000,4.00000000,3.90090858,1.99948586,0.39011876,0,0.09909142
0.04172000,10.00000000,4.00000000,3.90145208,1.99948868,0.39017296,0,0.09854792
0.04174000,10.00000000,4.00000000,3.90199260,1.99949149,0.39022686,0,0.09800740
0.04176000,10.00000000,4.00000000,3.90253016,1.99949429,0.39028047,0,0.09746984
0.04178000,10.00000000,4.00000000,3.90306477,1.99949708,0.39033378,0,0.09693523
0.04180000,10.00000000,4.00000000,3.90359644,1.99949985,0.39038680,0,0.09640356
0.04182000,10.00000000,4.00000000,3.90412520,1.99950261,0.39043952,0,0.09587480
0.04184000,10.00000000,4.00000000,3.90465106,1.99950536,0.39049196,0,0.09534894
0.04186000,10.00000000,4.00000000,3.90517403,1.99950810,0.39054411,0,0.09482597
0.04188000,10.00000000,4.00000000,3.90569414,1.99951082,0.39059598,0,0.09430586
0.04190000,10.00000000,4.00000000,3.90621140,1.99951353,0.39064756,0,0.09378860
0.04192000,10.00000000,4.00000000,3.90672581,1.99951623,0.39069885,0,0.09327419
0.04194000,10.00000000,4.00000000,3.90723741,1.99951891,0.39074987,0,0.09276259
0.04196000,10.00000000,4.00000000,3.90774620,1.99952158,0.39080061,0,0.09225380
0.04198000,10.00000000,4.00000000,3.90825220,1.99952423,0.39085106,0,0.09174780
0.04200000,10.00000000,4.00000000,3.90875543,1.99952686,0.39090124,0,0.09124457
0.04202000,10.00000000,4.00000000,3.90925589,1.99952949,0.39095115,0,0.09074411
0.04204000,10.00000000,4.00000000,3.90975361,1.99953209,0.39100078,0,0.09024639
0.04206000,10.00000000,4.00000000,3.91024861,1.99953468,0.39105014,0,0.08975139
0.04208000,10.00000000,4.00000000,3.91074088,1.99953725,0.39109923,0,0.08925912
0.04210000,10.00000000,4.00000000,3.91123046,1.99953981,0.39114805,0,0.08876954
0.04212000,10.00000000,4.00000000,3.91171735,1.99954236,0.39119660,0,0.08828265
0.04214000,10.00000000,4.00000000,3.91220157,1.99954488,0.39124489,0,0.08779843
0.04216000,10.00000000,4.00000000,3.91268314,1.99954739,0.39129291,0,0.08731686
0.04218000,10.00000000,4.00000000,3.91316206,1.99954989,0.39134066,0,0.08683794
0.04220000,10.00000000,4.00000000,3.91363836,1.99955237,0.39138816,0,0.08636164
0.04222000,10.00000000,4.00000000,3.91411204,1.99955483,0.39143539,0,0.08588796
0.04224000,10.00000000,4.00000000,3.91458313,1.99955728,0.39148237,0,0.08541687
0.04226000,10.00000000,4.00000000,3.91505163,1.99955971,0.39152909,0,0.08494837
0.04228000,10.00000000,4.00000000,3.91551757,1.99956213,0.39157555,0,0.08448243
0.04230000,10.00000000,4.00000000,3.91598095,1.99956454,0.39162175,0,0.08401905
0.04232000,10.00000000,4.00000000,3.91644178,1.99956692,0.39166771,0,0.08355822
0.04234000,10.00000000,4.00000000,3.91690009,1.99956930,0.39171341,0,0.08309991
0.04236000,10.00000000,4.00000000,3.91735589,1.99957166,0.39175886,0,0.08264411
0.04238000,10.00000000,4.00000000,3.91780918,1.99957401,0.39180406,0,0.08219082
0.04240000,10.00000000,4.00000000,3.91825999,1.99957634,0.39184902,0,0.08174001
0.04242000,10.00000000,4.00000000,3.91870833,1.99957866,0.39189372,0,0.08129167
0.04244000,10.00000000,4.00000000,3.91915420,1.99958096,0.39193819,0,0.08084580
0.04246000,10.00000000,4.00000000,3.91959764,1.99958325,0.39198240,0,0.08040236
0.04248000,10.00000000,4.00000000,3.92003863,1.99958553,0.39202638,0,0.07996137
0.04250000,10.00000000,4.00000000,3.92047722,1.99958780,0.39207011,0,0.07952278
0.04252000,10.00000000,4.00000000,3.92091339,1.99959005,0.39211361,0,0.07908661
0.04254000,10.00000000,4.00000000,3.92134717,1.99959229,0.39215686,0,0.07865283
0.04256000,10.00000000,4.00000000,3.92177857,1.99959452,0.39219988,0,0.07822143
0.04258000,10.00000000,4.00000000,3.92220761,1.99959674,0.39224267,0,0.07779239
0.04260000,10.00000000,4.00000000,3.92263429,1.99959894,0.39228521,0,0.07736571
0.04262000,10.00000000,4.00000000,3.92305864,1.99960113,0.39232753,0,0.07694136
0.04264000,10.00000000,4.00000000,3.92348065,1.99960331,0.39236961,0,0.07651935
0.04266000,10.00000000,4.00000000,3.92390035,1.99960548,0.39241146,0,0.07609965
0.04268000,10.00000000,4.00000000,3.92431775,1.99960764,0.39245309,0,0.07568225
0.04270000,10.00000000,4.00000000,3.92473286,1.99960979,0.39249448,0,0.07526714
0.04272000,10.00000000,4.00000000,3.92514569,1.99961192,0.39253565,0,0.07485431
0.04274000,10.00000000,4.00000000,3.92555626,1.99961404,0.39257659,0,0.07444374
0.04276000,10.00000000,4.00000000,3.92596457,1.99961616,0.39261731,0,0.07403543
0.04278000,10.00000000,4.00000000,3.92637065,1.99961826,0.39265780,0,0.07362935
0.04280000,10.00000000,4.00000000,3.92677450,1.99962035,0.39269807,0,0.07322550
0.04282000,10.00000000,4.00000000,3.92717613,1.99962243,0.39273812,0,0.07282387
0.04284000,10.00000000,4.00000000,3.92757556,1.99962450,0.39277795,0,0.07242444
0.04286000,10.00000000,4.00000000,3.92797280,1.99962656,0.39281756,0,0.07202720
0.04288000,10.00000000,4.00000000,3.92836786,1.99962860,0.39285696,0,0.07163214
0.04290000,10.00000000,4.00000000,3.92876076,1.99963064,0.39289614,0,0.07123924
0.04292000,10.00000000,4.00000000,3.92915150,1.99963267,0.39293510,0,0.07084850
0.04294000,10.00000000,4.00000000,3.92954009,1.99963468,0.39297385,0,0.07045991
0.04296000,10.00000000,4.00000000,3.92992656,1.99963668,0.39301239,0,0.07007344
0.04298000,10.00000000,4.00000000,3.93031090,1.99963868,0.39305072,0,0.06968910
0.04300000,10.00000000,4.00000000,3.93069314,1.99964066,0.39308883,0,0.06930686
0.04302000,10.00000000,4.00000000,3.93107328,1.99964263,0.39312674,0,0.06892672
0.04304000,10.00000000,4.00000000,3.93145133,1.99964460,0.39316444,0,0.06854867
0.04306000,10.00000000,4.00000000,3.93182732,1.99964655,0.39320193,0,0.06817268
0.04308000,10.00000000,4.00000000,3.93220124,1.99964849,0.39323922,0,0.06779876
0.04310000,10.00000000,4.00000000,3.93257310,1.99965042,0.39327630,0,0.06742690
0.04312000,10.00000000,4.00000000,3.93294293,1.99965234,0.39331318,0,0.06705707
0.04314000,10.00000000,4.00000000,3.93331073,1.99965425,0.39334985,0,0.06668927
0.04316000,10.00000000,4.00000000,3.93367652,1.99965614,0.39338633,0,0.06632348
0.04318000,10.00000000,4.00000000,3.93404029,1.99965803,0.39342260,0,0.06595971
0.04320000,10.00000000,4.00000000,3.93440208,1.99965991,0.39345868,0,0.06559792
0.04322000,10.00000000,4.00000000,3.93476187,1.99966178,0.39349456,0,0.06523813
0.04324000,10.00000000,4.00000000,3.93511970,1.99966363,0.39353024,0,0.06488030
0.04326000,10.00000000,4.00000000,3.93547556,1.99966548,0.39356573,0,0.06452444
0.04328000,10.00000000,4.00000000,3.93582947,1.99966732,0.39360102,0,0.06417053
0.04330000,10.00000000,4.00000000,3.93618144,1.99966914,0.39363612,0,0.06381856
0.04332000,10.00000000,4.00000000,3.93653147,1.99967096,0.39367102,0,0.06346853
0.04334000,10.00000000,4.00000000,3.93687959,1.99967277,0.39370573,0,0.06312041
0.04336000,10.00000000,4.00000000,3.93722580,1.99967456,0.39374026,0,0.06277420
0.04338000,10.00000000,4.00000000,3.93757011,1.99967635,0.39377459,0,0.06242989
0.04340000,10.00000000,4.00000000,3.93791253,1.99967813,0.39380874,0,0.06208747
0.04342000,10.00000000,4.00000000,3.93825307,1.99967989,0.39384270,0,0.06174693
0.04344000,10.00000000,4.00000000,3.93859175,1.99968165,0.39387647,0,0.06140825
0.04346000,10.00000000,4.00000000,3.93892857,1.99968339,0.39391005,0,0.06107143
0.04348000,10.00000000,4.00000000,3.93926354,1.99968513,0.39394346,0,0.06073646
0.04350000,10.00000000,4.00000000,3.93959667,1.99968686,0.39397668,0,0.06040333
0.04352000,10.00000000,4.00000000,3.93992798,1.99968858,0.39400971,0,0.06007202
0.04354000,10.00000000,4.00000000,3.94025747,1.99969028,0.39404257,0,0.05974253
0.04356000,10.00000000,4.00000000,3.94058515,1.99969198,0.39407525,0,0.05941485
0.04358000,10.00000000,4.00000000,3.94091103,1.99969367,0.39410774,0,0.05908897
0.04360000,10.00000000,4.00000000,3.94123513,1.99969535,0.39414006,0,0.05876487
0.04362000,10.00000000,4.00000000,3.94155745,1.99969702,0.39417220,0,0.05844255
0.04364000,10.00000000,4.00000000,3.94187800,1.99969868,0.39420417,0,0.05812200
0.04366000,10.00000000,4.00000000,3.94219679,1.99970034,0.39423596,0,0.05780321
0.04368000,10.00000000,4.00000000,3.94251383,1.99970198,0.39426757,0,0.05748617
0.04370000,10.00000000,4.00000000,3.94282914,1.99970361,0.39429901,0,0.05717086
0.04372000,10.00000000,4.00000000,3.94314272,1.99970524,0.39433028,0,0.05685728
0.04374000,10.00000000,4.00000000,3.94345457,1.99970685,0.39436138,0,0.05654543
0.04376000,10.00000000,4.00000000,3.94376472,1.99970846,0.39439231,0,0.05623528
0.04378000,10.00000000,4.00000000,3.94407316,1.99971006,0.39442307,0,0.05592684
0.04380000,10.00000000,4.00000000,3.94437991,1.99971165,0.39445365,0,0.05562009
0.04382000,10.00000000,4.00000000,3.94468498,1.99971323,0.39448408,0,0.05531502
0.04384000,10.00000000,4.00000000,3.94498838,1.99971480,0.39451433,0,0.05501162
0.04386000,10.00000000,4.00000000,3.94529011,1.99971637,0.39454442,0,0.05470989
0.04388000,10.00000000,4.00000000,3.94559019,1.99971792,0.39457434,0,0.05440981
0.04390000,10.00000000,4.00000000,3.94588862,1.99971947,0.39460410,0,0.05411138
0.04392000,10.00000000,4.00000000,3.94618542,1.99972101,0.39463370,0,0.05381458
0.04394000,10.00000000,4.00000000,3.94648059,1.99972254,0.39466313,0,0.05351941
0.04396000,10.00000000,4.00000000,3.94677413,1.99972406,0.39469240,0,0.05322587
0.04398000,10.00000000,4.00000000,3.94706607,1.99972557,0.39472151,0,0.05293393
0.04400000,10.00000000,4.00000000,3.94735641,1.99972708,0.39475047,0,0.05264359
0.04402000,10.00000000,4.00000000,3.94764515,1.99972857,0.39477926,0,0.05235485
0.04404000,10.00000000,4.00000000,3.94793231,1.99973006,0.39480789,0,0.05206769
0.04406000,10.00000000,4.00000000,3.94821790,1.99973154,0.39483637,0,0.05178210
0.04408000,10.00000000,4.00000000,3.94850192,1.99973301,0.39486469,0,0.05149808
0.04410000,10.00000000,4.00000000,3.94878438,1.99973448,0.39489286,0,0.05121562
0.04412000,10.00000000,4.00000000,3.94906529,1.99973594,0.39492087,0,0.05093471
0.04414000,10.00000000,4.00000000,3.94934466,1.99973738,0.39494873,0,0.05065534
0.04416000,10.00000000,4.00000000,3.94962250,1.99973882,0.39497644,0,0.05037750
0.04418000,10.00000000,4.00000000,3.94989882,1.99974026,0.39500399,0,0.05010118
0.04420000,10.00000000,4.00000000,3.95017362,1.99974168,0.39503139,0,0.04982638
0.04422000,10.00000000,4.00000000,3.95044691,1.99974310,0.39505865,0,0.04955309
0.04424000,10.00000000,4.00000000,3.95071870,1.99974451,0.39508575,0,0.04928130
0.04426000,10.00000000,4.00000000,3.95098901,1.99974591,0.39511270,0,0.04901099
0.04428000,10.00000000,4.00000000,3.95125782,1.99974730,0.39513951,0,0.04874218
0.04430000,10.00000000,4.00000000,3.95152517,1.99974869,0.39516617,0,0.04847483
0.04432000,10.00000000,4.00000000,3.95179105,1.99975007,0.39519268,0,0.04820895
0.04434000,10.00000000,4.00000000,3.95205547,1.99975144,0.39521905,0,0.04794453
0.04436000,10.00000000,4.00000000,3.95231844,1.99975280,0.39524527,0,0.04768156
0.04438000,10.00000000,4.00000000,3.95257997,1.99975416,0.39527135,0,0.04742003
0.04440000,10.00000000,4.00000000,3.95284006,1.99975551,0.39529729,0,0.04715994
0.04442000,10.00000000,4.00000000,3.95309873,1.99975685,0.39532308,0,0.04690127
0.04444000,10.00000000,4.00000000,3.95335598,1.99975818,0.39534873,0,0.04664402
0.04446000,10.00000000,4.00000000,3.95361182,1.99975951,0.39537424,0,0.04638818
0.04448000,10.00000000,4.00000000,3.95386625,1.99976083,0.39539962,0,0.04613375
0.04450000,10.00000000,4.00000000,3.95411929,1.99976214,0.39542485,0,0.04588071
0.04452000,10.00000000,4.00000000,3.95437094,1.99976344,0.39544994,0,0.04562906
0.04454000,10.00000000,4.00000000,3.95462121,1.99976474,0.39547490,0,0.04537879
0.04456000,10.00000000,4.00000000,3.95487011,1.99976603,0.39549972,0,0.04512989
0.04458000,10.00000000,4.00000000,3.95511764,1.99976732,0.39552440,0,0.04488236
0.04460000,10.00000000,4.00000000,3.95536381,1.99976859,0.39554895,0,0.04463619
0.04462000,10.00000000,4.00000000,3.95560864,1.99976986,0.39557336,0,0.04439136
0.04464000,10.00000000,4.00000000,3.95585212,1.99977112,0.39559764,0,0.04414788
0.04466000,10.00000000,4.00000000,3.95609427,1.99977238,0.39562179,0,0.04390573
0.04468000,10.00000000,4.00000000,3.95633509,1.99977363,0.39564580,0,0.04366491
0.04470000,10.00000000,4.00000000,3.95657458,1.99977487,0.39566969,0,0.04342542
0.04472000,10.00000000,4.00000000,3.95681277,1.99977610,0.39569344,0,0.04318723
0.04474000,10.00000000,4.00000000,3.95704964,1.99977733,0.39571706,0,0.04295036
0.04476000,10.00000000,4.00000000,3.95728522,1.99977855,0.39574055,0,0.04271478
0.04478000,10.00000000,4.00000000,3.95751951,1.99977977,0.39576391,0,0.04248049
0.04480000,10.00000000,4.00000000,3.95775251,1.99978098,0.39578715,0,0.04224749
0.04482000,10.00000000,4.00000000,3.95798423,1.99978218,0.39581025,0,0.04201577
0.04484000,10.00000000,4.00000000,3.95821468,1.99978337,0.39583324,0,0.04178532
0.04486000,10.00000000,4.00000000,3.95844387,1.99978456,0.39585609,0,0.04155613
0.04488000,10.00000000,4.00000000,3.95867180,1.99978574,0.39587882,0,0.04132820
0.04490000,10.00000000,4.00000000,3.95889848,1.99978692,0.39590142,0,0.04110152
0.04492000,10.00000000,4.00000000,3.95912392,1.99978809,0.39592390,0,0.04087608
0.04494000,10.00000000,4.00000000,3.95934812,1.99978925,0.39594626,0,0.04065188
0.04496000,10.00000000,4.00000000,3.95957109,1.99979040,0.39596849,0,0.04042891
0.04498000,10.00000000,4.00000000,3.95979284,1.99979155,0.39599061,0,0.04020716
0.04500000,10.00000000,4.00000000,3.96001337,1.99979270,0.39601260,0,0.03998663
0.04502000,10.00000000,4.00000000,3.96023269,1.99979383,0.39603447,0,0.03976731
0.04504000,10.00000000,4.00000000,3.96045081,1.99979496,0.39605622,0,0.03954919
0.04506000,10.00000000,4.00000000,3.96066774,1.99979609,0.39607785,0,0.03933226
0.04508000,10.00000000,4.00000000,3.96088347,1.99979721,0.39609936,0,0.03911653
0.04510000,10.00000000,4.00000000,3.96109802,1.99979832,0.39612076,0,0.03890198
0.04512000,10.00000000,4.00000000,3.96131139,1.99979943,0.39614203,0,0.03868861
0.04514000,10.00000000,4.00000000,3.96152360,1.99980053,0.39616319,0,0.03847640
0.04516000,10.00000000,4.00000000,3.96173463,1.99980162,0.39618424,0,0.03826537
0.04518000,10.00000000,4.00000000,3.96194452,1.99980271,0.39620517,0,0.03805548
0.04520000,10.00000000,4.00000000,3.96215325,1.99980379,0.39622598,0,0.03784675
0.04522000,10.00000000,4.00000000,3.96236083,1.99980487,0.39624668,0,0.03763917
0.04524000,10.00000000,4.00000000,3.96256728,1.99980594,0.39626727,0,0.03743272
0.04526000,10.00000000,4.00000000,3.96277259,1.99980700,0.39628774,0,0.03722741
0.04528000,10.00000000,4.00000000,3.96297678,1.99980806,0.39630810,0,0.03702322
0.04530000,10.00000000,4.00000000,3.96317985,1.99980911,0.39632835,0,0.03682015
0.04532000,10.00000000,4.00000000,3.96338180,1.99981016,0.39634849,0,0.03661820
0.04534000,10.00000000,4.00000000,3.96358265,1.99981120,0.39636852,0,0.03641735
0.04536000,10.00000000,4.00000000,3.96378240,1.99981224,0.39638844,0,0.03621760
0.04538000,10.00000000,4.00000000,3.96398105,1.99981327,0.39640825,0,0.03601895
0.04540000,10.00000000,4.00000000,3.96417861,1.99981429,0.39642795,0,0.03582139
0.04542000,10.00000000,4.00000000,3.96437508,1.99981531,0.39644754,0,0.03562492
0.04544000,10.00000000,4.00000000,3.96457048,1.99981632,0.39646703,0,0.03542952
0.04546000,10.00000000,4.00000000,3.96476481,1.99981733,0.39648640,0,0.03523519
0.04548000,10.00000000,4.00000000,3.96495807,1.99981833,0.39650567,0,0.03504193
0.04550000,10.00000000,4.00000000,3.96515027,1.99981933,0.39652484,0,0.03484973
0.04552000,10.00000000,4.00000000,3.96534142,1.99982032,0.39654390,0,0.03465858
0.04554000,10.00000000,4.00000000,3.96553152,1.99982130,0.39656286,0,0.03446848
0.04556000,10.00000000,4.00000000,3.96572057,1.99982228,0.39658171,0,0.03427943
0.04558000,10.00000000,4.00000000,3.96590859,1.99982326,0.39660046,0,0.03409141
0.04560000,10.00000000,4.00000000,3.96609558,1.99982423,0.39661911,0,0.03390442
0.04562000,10.00000000,4.00000000,3.96628154,1.99982519,0.39663765,0,0.03371846
0.04564000,10.00000000,4.00000000,3.96646648,1.99982615,0.39665609,0,0.03353352
0.04566000,10.00000000,4.00000000,3.96665041,1.99982710,0.39667443,0,0.03334959
0.04568000,10.00000000,4.00000000,3.96683333,1.99982805,0.39669267,0,0.03316667
0.04570000,10.00000000,4.00000000,3.96701524,1.99982900,0.39671081,0,0.03298476
0.04572000,10.00000000,4.00000000,3.96719616,1.99982993,0.39672885,0,0.03280384
0.04574000,10.00000000,4.00000000,3.96737609,1.99983087,0.39674680,0,0.03262391
0.04576000,10.00000000,4.00000000,3.96755503,1.99983179,0.39676464,0,0.03244497
0.04578000,10.00000000,4.00000000,3.96773298,1.99983272,0.39678238,0,0.03226702
0.04580000,10.00000000,4.00000000,3.96790996,1.99983363,0.39680003,0,0.03209004
0.04582000,10.00000000,4.00000000,3.96808597,1.99983455,0.39681758,0,0.03191403
0.04584000,10.00000000,4.00000000,3.96826102,1.99983545,0.39683504,0,0.03173898
0.04586000,10.00000000,4.00000000,3.96843510,1.99983636,0.39685240,0,0.03156490
0.04588000,10.00000000,4.00000000,3.96860823,1.99983725,0.39686966,0,0.03139177
0.04590000,10.00000000,4.00000000,3.96878041,1.99983815,0.39688683,0,0.03121959
0.04592000,10.00000000,4.00000000,3.96895165,1.99983904,0.39690391,0,0.03104835
0.04594000,10.00000000,4.00000000,3.96912195,1.99983992,0.39692089,0,0.03087805
0.04596000,10.00000000,4.00000000,3.96929131,1.99984080,0.39693778,0,0.03070869
0.04598000,10.00000000,4.00000000,3.96945974,1.99984167,0.39695457,0,0.03054026
0.04600000,10.00000000,4.00000000,3.96962725,1.99984254,0.39697128,0,0.03037275
0.04602000,10.00000000,4.00000000,3.96979385,1.99984340,0.39698789,0,0.03020615
0.04604000,10.00000000,4.00000000,3.96995952,1.99984426,0.39700441,0,0.03004048
0.04606000,10.00000000,4.00000000,3.97012429,1.99984511,0.39702084,0,0.02987571
0.04608000,10.00000000,4.00000000,3.97028816,1.99984596,0.39703718,0,0.02971184
0.04610000,10.00000000,4.00000000,3.97045112,1.99984681,0.39705343,0,0.02954888
0.04612000,10.00000000,4.00000000,3.97061319,1.99984765,0.39706959,0,0.02938681
0.04614000,10.00000000,4.00000000,3.97077438,1.99984848,0.39708567,0,0.02922562
0.04616000,10.00000000,4.00000000,3.97093468,1.99984932,0.39710165,0,0.02906532
0.04618000,10.00000000,4.00000000,3.97109410,1.99985014,0.39711755,0,0.02890590
0.04620000,10.00000000,4.00000000,3.97125264,1.99985096,0.39713336,0,0.02874736
0.04622000,10.00000000,4.00000000,3.97141032,1.99985178,0.39714908,0,0.02858968
0.04624000,10.00000000,4.00000000,3.97156713,1.99985259,0.39716472,0,0.02843287
0.04626000,10.00000000,4.00000000,3.97172308,1.99985340,0.39718027,0,0.02827692
0.04628000,10.00000000,4.00000000,3.97187818,1.99985421,0.39719574,0,0.02812182
0.04630000,10.00000000,4.00000000,3.97203242,1.99985501,0.39721112,0,0.02796758
0.04632000,10.00000000,4.00000000,3.97218582,1.99985580,0.39722641,0,0.02781418
0.04634000,10.00000000,4.00000000,3.97233838,1.99985659,0.39724163,0,0.02766162
0.04636000,10.00000000,4.00000000,3.97249010,1.99985738,0.39725676,0,0.02750990
0.04638000,10.00000000,4.00000000,3.97264099,1.99985816,0.39727180,0,0.02735901
0.04640000,10.00000000,4.00000000,3.97279105,1.99985894,0.39728677,0,0.02720895
0.04642000,10.00000000,4.00000000,3.97294029,1.99985971,0.39730165,0,0.02705971
0.04644000,10.00000000,4.00000000,3.97308871,1.99986048,0.39731645,0,0.02691129
0.04646000,10.00000000,4.00000000,3.97323631,1.99986125,0.39733117,0,0.02676369
0.04648000,10.00000000,4.00000000,3.97338311,1.99986201,0.39734581,0,0.02661689
0.04650000,10.00000000,4.00000000,3.97352910,1.99986277,0.39736036,0,0.02647090
0.04652000,10.00000000,4.00000000,3.97367429,1.99986352,0.39737484,0,0.02632571
0.04654000,10.00000000,4.00000000,3.97381868,1.99986427,0.39738924,0,0.02618132
0.04656000,10.00000000,4.00000000,3.97396229,1.99986501,0.39740356,0,0.02603771
0.04658000,10.00000000,4.00000000,3.97410510,1.99986575,0.39741780,0,0.02589490
0.04660000,10.00000000,4.00000000,3.97424713,1.99986649,0.39743197,0,0.02575287
0.04662000,10.00000000,4.00000000,3.97438838,1.99986722,0.39744605,0,0.02561162
0.04664000,10.00000000,4.00000000,3.97452886,1.99986795,0.39746006,0,0.02547114
0.04666000,10.00000000,4.00000000,3.97466857,1.99986867,0.39747399,0,0.02533143
0.04668000,10.00000000,4.00000000,3.97480751,1.99986939,0.39748784,0,0.02519249
0.04670000,10.00000000,4.00000000,3.97494568,1.99987011,0.39750162,0,0.02505432
0.04672000,10.00000000,4.00000000,3.97508310,1.99987082,0.39751533,0,0.02491690
0.04674000,10.00000000,4.00000000,3.97521977,1.99987153,0.39752896,0,0.02478023
0.04676000,10.00000000,4.00000000,3.97535569,1.99987224,0.39754251,0,0.02464431
0.04678000,10.00000000,4.00000000,3.97549086,1.99987294,0.39755599,0,0.02450914
0.04680000,10.00000000,4.00000000,3.97562529,1.99987363,0.39756939,0,0.02437471
0.04682000,10.00000000,4.00000000,3.97575898,1.99987433,0.39758272,0,0.02424102
0.04684000,10.00000000,4.00000000,3.97589194,1.99987502,0.39759598,0,0.02410806
0.04686000,10.00000000,4.00000000,3.97602417,1.99987570,0.39760917,0,0.02397583
0.04688000,10.00000000,4.00000000,3.97615568,1.99987638,0.39762228,0,0.02384432
0.04690000,10.00000000,4.00000000,3.97628646,1.99987706,0.39763532,0,0.02371354
0.04692000,10.00000000,4.00000000,3.97641653,1.99987774,0.39764829,0,0.02358347
0.04694000,10.00000000,4.00000000,3.97654588,1.99987841,0.39766119,0,0.02345412
0.04696000,10.00000000,4.00000000,3.97667452,1.99987907,0.39767402,0,0.02332548
0.04698000,10.00000000,4.00000000,3.97680246,1.99987974,0.39768678,0,0.02319754
0.04700000,10.00000000,4.00000000,3.97692970,1.99988040,0.39769947,0,0.02307030
0.04702000,10.00000000,4.00000000,3.97705623,1.99988105,0.39771208,0,0.02294377
0.04704000,10.00000000,4.00000000,3.97718208,1.99988170,0.39772463,0,0.02281792
0.04706000,10.00000000,4.00000000,3.97730723,1.99988235,0.39773711,0,0.02269277
0.04708000,10.00000000,4.00000000,3.97743170,1.99988300,0.39774953,0,0.02256830
0.04710000,10.00000000,4.00000000,3.97755548,1.99988364,0.39776187,0,0.02244452
0.04712000,10.00000000,4.00000000,3.97767859,1.99988428,0.39777414,0,0.02232141
0.04714000,10.00000000,4.00000000,3.97780102,1.99988491,0.39778635,0,0.02219898
0.04716000,10.00000000,4.00000000,3.97792278,1.99988554,0.39779849,0,0.02207722
0.04718000,10.00000000,4.00000000,3.97804387,1.99988617,0.39781057,0,0.02195613
0.04720000,10.00000000,4.00000000,3.97816430,1.99988680,0.39782258,0,0.02183570
0.04722000,10.00000000,4.00000000,3.97828406,1.99988742,0.39783452,0,0.02171594
0.04724000,10.00000000,4.00000000,3.97840317,1.99988804,0.39784640,0,0.02159683
0.04726000,10.00000000,4.00000000,3.97852163,1.99988865,0.39785821,0,0.02147837
0.04728000,10.00000000,4.00000000,3.97863944,1.99988926,0.39786996,0,0.02136056
0.04730000,10.00000000,4.00000000,3.97875660,1.99988987,0.39788164,0,0.02124340
0.04732000,10.00000000,4.00000000,3.97887311,1.99989047,0.39789326,0,0.02112689
0.04734000,10.00000000,4.00000000,3.97898899,1.99989107,0.39790482,0,0.02101101
0.04736000,10.00000000,4.00000000,3.97910424,1.99989167,0.39791631,0,0.02089576
0.04738000,10.00000000,4.00000000,3.97921885,1.99989226,0.39792774,0,0.02078115
0.04740000,10.00000000,4.00000000,3.97933283,1.99989285,0.39793910,0,0.02066717
0.04742000,10.00000000,4.00000000,3.97944619,1.99989344,0.39795041,0,0.02055381
0.04744000,10.00000000,4.00000000,3.97955892,1.99989403,0.39796165,0,0.02044108
0.04746000,10.00000000,4.00000000,3.97967104,1.99989461,0.39797283,0,0.02032896
0.04748000,10.00000000,4.00000000,3.97978254,1.99989519,0.39798395,0,0.02021746
0.04750000,10.00000000,4.00000000,3.97989343,1.99989576,0.39799501,0,0.02010657
0.04752000,10.00000000,4.00000000,3.98000371,1.99989633,0.39800600,0,0.01999629
0.04754000,10.00000000,4.00000000,3.98011339,1.99989690,0.39801694,0,0.01988661
0.04756000,10.00000000,4.00000000,3.98022247,1.99989747,0.39802782,0,0.01977753
0.04758000,10.00000000,4.00000000,3.98033094,1.99989803,0.39803863,0,0.01966906
0.04760000,10.00000000,4.00000000,3.98043883,1.99989859,0.39804939,0,0.01956117
0.04762000,10.00000000,4.00000000,3.98054612,1.99989914,0.39806009,0,0.01945388
0.04764000,10.00000000,4.00000000,3.98065282,1.99989970,0.39807073,0,0.01934718
0.04766000,10.00000000,4.00000000,3.98075894,1.99990025,0.39808131,0,0.01924106
0.04768000,10.00000000,4.00000000,3.98086447,1.99990080,0.39809184,0,0.01913553
0.04770000,10.00000000,4.00000000,3.98096943,1.99990134,0.39810230,0,0.01903057
0.04772000,10.00000000,4.00000000,3.98107381,1.99990188,0.39811271,0,0.01892619
0.04774000,10.00000000,4.00000000,3.98117762,1.99990242,0.39812306,0,0.01882238
0.04776000,10.00000000,4.00000000,3.98128086,1.99990295,0.39813336,0,0.01871914
0.04778000,10.00000000,4.00000000,3.98138353,1.99990349,0.39814360,0,0.01861647
0.04780000,10.00000000,4.00000000,3.98148564,1.99990402,0.39815378,0,0.01851436
0.04782000,10.00000000,4.00000000,3.98158719,1.99990454,0.39816390,0,0.01841281
0.04784000,10.00000000,4.00000000,3.98168818,1.99990507,0.39817397,0,0.01831182
0.04786000,10.00000000,4.00000000,3.98178862,1.99990559,0.39818399,0,0.01821138
0.04788000,10.00000000,4.00000000,3.98188851,1.99990610,0.39819395,0,0.01811149
0.04790000,10.00000000,4.00000000,3.98198784,1.99990662,0.39820386,0,0.01801216
0.04792000,10.00000000,4.00000000,3.98208664,1.99990713,0.39821371,0,0.01791336
0.04794000,10.00000000,4.00000000,3.98218489,1.99990764,0.39822351,0,0.01781511
0.04796000,10.00000000,4.00000000,3.98228261,1.99990815,0.39823325,0,0.01771739
0.04798000,10.00000000,4.00000000,3.98237978,1.99990865,0.39824294,0,0.01762022
0.04800000,10.00000000,4.00000000,3.98247643,1.99990915,0.39825258,0,0.01752357
0.04802000,10.00000000,4.00000000,3.98257254,1.99990965,0.39826216,0,0.01742746
0.04804000,10.00000000,4.00000000,3.98266813,1.99991015,0.39827169,0,0.01733187
0.04806000,10.00000000,4.00000000,3.98276320,1.99991064,0.39828117,0,0.01723680
0.04808000,10.00000000,4.00000000,3.98285774,1.99991113,0.39829060,0,0.01714226
0.04810000,10.00000000,4.00000000,3.98295176,1.99991162,0.39829998,0,0.01704824
0.04812000,10.00000000,4.00000000,3.98304527,1.99991210,0.39830930,0,0.01695473
0.04814000,10.00000000,4.00000000,3.98313826,1.99991258,0.39831857,0,0.01686174
0.04816000,10.00000000,4.00000000,3.98323075,1.99991306,0.39832780,0,0.01676925
0.04818000,10.00000000,4.00000000,3.98332273,1.99991354,0.39833697,0,0.01667727
0.04820000,10.00000000,4.00000000,3.98341420,1.99991401,0.39834609,0,0.01658580
0.04822000,10.00000000,4.00000000,3.98350517,1.99991449,0.39835516,0,0.01649483
0.04824000,10.00000000,4.00000000,3.98359564,1.99991495,0.39836418,0,0.01640436
0.04826000,10.00000000,4.00000000,3.98368562,1.99991542,0.39837316,0,0.01631438
0.04828000,10.00000000,4.00000000,3.98377510,1.99991588,0.39838208,0,0.01622490
0.04830000,10.00000000,4.00000000,3.98386409,1.99991635,0.39839095,0,0.01613591
0.04832000,10.00000000,4.00000000,3.98395260,1.99991681,0.39839978,0,0.01604740
0.04834000,10.00000000,4.00000000,3.98404061,1.99991726,0.39840856,0,0.01595939
0.04836000,10.00000000,4.00000000,3.98412815,1.99991772,0.39841728,0,0.01587185
0.04838000,10.00000000,4.00000000,3.98421521,1.99991817,0.39842597,0,0.01578479
0.04840000,10.00000000,4.00000000,3.98430178,1.99991862,0.39843460,0,0.01569822
0.04842000,10.00000000,4.00000000,3.98438789,1.99991906,0.39844319,0,0.01561211
0.04844000,10.00000000,4.00000000,3.98447352,1.99991951,0.39845172,0,0.01552648
0.04846000,10.00000000,4.00000000,3.98455868,1.99991995,0.39846022,0,0.01544132
0.04848000,10.00000000,4.00000000,3.98464337,1.99992039,0.39846866,0,0.01535663
0.04850000,10.00000000,4.00000000,3.98472760,1.99992082,0.39847706,0,0.01527240
0.04852000,10.00000000,4.00000000,3.98481137,1.99992126,0.39848541,0,0.01518863
0.04854000,10.00000000,4.00000000,3.98489468,1.99992169,0.39849372,0,0.01510532
0.04856000,10.00000000,4.00000000,3.98497753,1.99992212,0.39850198,0,0.01502247
0.04858000,10.00000000,4.00000000,3.98505992,1.99992255,0.39851020,0,0.01494008
0.04860000,10.00000000,4.00000000,3.98514187,1.99992297,0.39851837,0,0.01485813
0.04862000,10.00000000,4.00000000,3.98522336,1.99992339,0.39852650,0,0.01477664
0.04864000,10.00000000,4.00000000,3.98530441,1.99992381,0.39853458,0,0.01469559
0.04866000,10.00000000,4.00000000,3.98538502,1.99992423,0.39854262,0,0.01461498
0.04868000,10.00000000,4.00000000,3.98546518,1.99992465,0.39855061,0,0.01453482
0.04870000,10.00000000,4.00000000,3.98554490,1.99992506,0.39855856,0,0.01445510
0.04872000,10.00000000,4.00000000,3.98562418,1.99992547,0.39856647,0,0.01437582
0.04874000,10.00000000,4.00000000,3.98570303,1.99992588,0.39857433,0,0.01429697
0.04876000,10.00000000,4.00000000,3.98578145,1.99992629,0.39858215,0,0.01421855
0.04878000,10.00000000,4.00000000,3.98585944,1.99992669,0.39858993,0,0.01414056
0.04880000,10.00000000,4.00000000,3.98593700,1.99992709,0.39859766,0,0.01406300
0.04882000,10.00000000,4.00000000,3.98601413,1.99992749,0.39860535,0,0.01398587
0.04884000,10.00000000,4.00000000,3.98609084,1.99992789,0.39861300,0,0.01390916
0.04886000,10.00000000,4.00000000,3.98616713,1.99992829,0.39862061,0,0.01383287
0.04888000,10.00000000,4.00000000,3.98624301,1.99992868,0.39862817,0,0.01375699
0.04890000,10.00000000,4.00000000,3.98631846,1.99992907,0.39863570,0,0.01368154
0.04892000,10.00000000,4.00000000,3.98639350,1.99992946,0.39864318,0,0.01360650
0.04894000,10.00000000,4.00000000,3.98646813,1.99992985,0.39865062,0,0.01353187
0.04896000,10.00000000,4.00000000,3.98654235,1.99993023,0.39865803,0,0.01345765
0.04898000,10.00000000,4.00000000,3.98661617,1.99993061,0.39866539,0,0.01338383
0.04900000,10.00000000,4.00000000,3.98668958,1.99993099,0.39867271,0,0.01331042
0.04902000,10.00000000,4.00000000,3.98676258,1.99993137,0.39867999,0,0.01323742
0.04904000,10.00000000,4.00000000,3.98683519,1.99993175,0.39868723,0,0.01316481
0.04906000,10.00000000,4.00000000,3.98690740,1.99993212,0.39869443,0,0.01309260
0.04908000,10.00000000,4.00000000,3.98697921,1.99993250,0.39870159,0,0.01302079
0.04910000,10.00000000,4.00000000,3.98705062,1.99993287,0.39870871,0,0.01294938
0.04912000,10.00000000,4.00000000,3.98712165,1.99993323,0.39871579,0,0.01287835
0.04914000,10.00000000,4.00000000,3.98719229,1.99993360,0.39872284,0,0.01280771
0.04916000,10.00000000,4.00000000,3.98726254,1.99993396,0.39872984,0,0.01273746
0.04918000,10.00000000,4.00000000,3.98733240,1.99993433,0.39873681,0,0.01266760
0.04920000,10.00000000,4.00000000,3.98740188,1.99993469,0.39874374,0,0.01259812
0.04922000,10.00000000,4.00000000,3.98747098,1.99993505,0.39875063,0,0.01252902
0.04924000,10.00000000,4.00000000,3.98753970,1.99993540,0.39875748,0,0.01246030
0.04926000,10.00000000,4.00000000,3.98760804,1.99993576,0.39876429,0,0.01239196
0.04928000,10.00000000,4.00000000,3.98767601,1.99993611,0.39877107,0,0.01232399
0.04930000,10.00000000,4.00000000,3.98774361,1.99993646,0.39877781,0,0.01225639
0.04932000,10.00000000,4.00000000,3.98781083,1.99993681,0.39878452,0,0.01218917
0.04934000,10.00000000,4.00000000,3.98787769,1.99993715,0.39879118,0,0.01212231
0.04936000,10.00000000,4.00000000,3.98794418,1.99993750,0.39879781,0,0.01205582
0.04938000,10.00000000,4.00000000,3.98801030,1.99993784,0.39880441,0,0.01198970
0.04940000,10.00000000,4.00000000,3.98807607,1.99993818,0.39881096,0,0.01192393
0.04942000,10.00000000,4.00000000,3.98814147,1.99993852,0.39881749,0,0.01185853
0.04944000,10.00000000,4.00000000,3.98820651,1.99993886,0.39882397,0,0.01179349
0.04946000,10.00000000,4.00000000,3.98827120,1.99993919,0.39883042,0,0.01172880
0.04948000,10.00000000,4.00000000,3.98833553,1.99993953,0.39883684,0,0.01166447
0.04950000,10.00000000,4.00000000,3.98839950,1.99993986,0.39884322,0,0.01160050
0.04952000,10.00000000,4.00000000,3.98846313,1.99994019,0.39884956,0,0.01153687
0.04954000,10.00000000,4.00000000,3.98852641,1.99994052,0.39885587,0,0.01147359
0.04956000,10.00000000,4.00000000,3.98858934,1.99994084,0.39886215,0,0.01141066
0.04958000,10.00000000,4.00000000,3.98865193,1.99994117,0.39886839,0,0.01134807
0.04960000,10.00000000,4.00000000,3.98871417,1.99994149,0.39887460,0,0.01128583
0.04962000,10.00000000,4.00000000,3.98877607,1.99994181,0.39888077,0,0.01122393
0.04964000,10.00000000,4.00000000,3.98883763,1.99994213,0.39888691,0,0.01116237
0.04966000,10.00000000,4.00000000,3.98889886,1.99994245,0.39889301,0,0.01110114
0.04968000,10.00000000,4.00000000,3.98895975,1.99994276,0.39889908,0,0.01104025
0.04970000,10.00000000,4.00000000,3.98902030,1.99994308,0.39890512,0,0.01097970
0.04972000,10.00000000,4.00000000,3.98908052,1.99994339,0.39891113,0,0.01091948
0.04974000,10.00000000,4.00000000,3.98914042,1.99994370,0.39891710,0,0.01085958
0.04976000,10.00000000,4.00000000,3.98919998,1.99994401,0.39892304,0,0.01080002
0.04978000,10.00000000,4.00000000,3.98925922,1.99994432,0.39892895,0,0.01074078
0.04980000,10.00000000,4.00000000,3.98931813,1.99994462,0.39893482,0,0.01068187
0.04982000,10.00000000,4.00000000,3.98937672,1.99994493,0.39894066,0,0.01062328
0.04984000,10.00000000,4.00000000,3.98943499,1.99994523,0.39894647,0,0.01056501
0.04986000,10.00000000,4.00000000,3.98949293,1.99994553,0.39895225,0,0.01050707
0.04988000,10.00000000,4.00000000,3.98955056,1.99994583,0.39895800,0,0.01044944
0.04990000,10.00000000,4.00000000,3.98960788,1.99994612,0.39896371,0,0.01039212
0.04992000,10.00000000,4.00000000,3.98966488,1.99994642,0.39896940,0,0.01033512
0.04994000,10.00000000,4.00000000,3.98972156,1.99994671,0.39897505,0,0.01027844
0.04996000,10.00000000,4.00000000,3.98977794,1.99994701,0.39898067,0,0.01022206
0.04998000,10.00000000,4.00000000,3.98983401,1.99994730,0.39898626,0,0.01016599
0.05000000,10.00000000,4.00000000,3.98988977,1.99994759,0.39899182,0,0.01011023
0.05002000,10.00000000,4.00000000,3.98994522,1.99994787,0.39899735,0,0.01005478
0.05004000,10.00000000,4.00000000,3.99000037,1.99994816,0.39900285,0,0.00999963
0.05006000,10.00000000,4.00000000,3.99005522,1.99994844,0.39900832,0,0.00994478
0.05008000,10.00000000,4.00000000,3.99010976,1.99994873,0.39901376,0,0.00989024
0.05010000,10.00000000,4.00000000,3.99016401,1.99994901,0.39901917,0,0.00983599
0.05012000,10.00000000,4.00000000,3.99021796,1.99994929,0.39902455,0,0.00978204
0.05014000,10.00000000,4.00000000,3.99027161,1.99994956,0.39902990,0,0.00972839
0.05016000,10.00000000,4.00000000,3.99032497,1.99994984,0.39903522,0,0.00967503
0.05018000,10.00000000,4.00000000,3.99037804,1.99995012,0.39904051,0,0.00962196
0.05020000,10.00000000,4.00000000,3.99043081,1.99995039,0.39904578,0,0.00956919
0.05022000,10.00000000,4.00000000,3.99048330,1.99995066,0.39905101,0,0.00951670
0.05024000,10.00000000,4.00000000,3.99053550,1.99995093,0.39905621,0,0.00946450
0.05026000,10.00000000,4.00000000,3.99058741,1.99995120,0.39906139,0,0.00941259
0.05028000,10.00000000,4.00000000,3.99063904,1.99995147,0.39906654,0,0.00936096
0.05030000,10.00000000,4.00000000,3.99069038,1.99995174,0.39907166,0,0.00930962
0.05032000,10.00000000,4.00000000,3.99074144,1.99995200,0.39907675,0,0.00925856
0.05034000,10.00000000,4.00000000,3.99079222,1.99995226,0.39908182,0,0.00920778
0.05036000,10.00000000,4.00000000,3.99084273,1.99995253,0.39908685,0,0.00915727
0.05038000,10.00000000,4.00000000,3.99089295,1.99995279,0.39909186,0,0.00910705
0.05040000,10.00000000,4.00000000,3.99094291,1.99995305,0.39909684,0,0.00905709
0.05042000,10.00000000,4.00000000,3.99099258,1.99995330,0.39910179,0,0.00900742
0.05044000,10.00000000,4.00000000,3.99104199,1.99995356,0.39910672,0,0.00895801
0.05046000,10.00000000,4.00000000,3.99109112,1.99995381,0.39911162,0,0.00890888
0.05048000,10.00000000,4.00000000,3.99113999,1.99995407,0.39911649,0,0.00886001
0.05050000,10.00000000,4.00000000,3.99118858,1.99995432,0.39912134,0,0.00881142
0.05052000,10.00000000,4.00000000,3.99123691,1.99995457,0.39912616,0,0.00876309
0.05054000,10.00000000,4.00000000,3.99128498,1.99995482,0.39913095,0,0.00871502
0.05056000,10.00000000,4.00000000,3.99133278,1.99995507,0.39913572,0,0.00866722
0.05058000,10.00000000,4.00000000,3.99138032,1.99995531,0.39914046,0,0.00861968
0.05060000,10.00000000,4.00000000,3.99142759,1.99995556,0.39914517,0,0.00857241
0.05062000,10.00000000,4.00000000,3.99147461,1.99995580,0.39914986,0,0.00852539
0.05064000,10.00000000,4.00000000,3.99152137,1.99995604,0.39915452,0,0.00847863
0.05066000,10.00000000,4.00000000,3.99156788,1.99995629,0.39915916,0,0.00843212
0.05068000,10.00000000,4.00000000,3.99161413,1.99995652,0.39916377,0,0.00838587
0.05070000,10.00000000,4.00000000,3.99166012,1.99995676,0.39916836,0,0.00833988
0.05072000,10.00000000,4.00000000,3.99170587,1.99995700,0.39917292,0,0.00829413
0.05074000,10.00000000,4.00000000,3.99175136,1.99995724,0.39917746,0,0.00824864
0.05076000,10.00000000,4.00000000,3.99179660,1.99995747,0.39918197,0,0.00820340
0.05078000,10.00000000,4.00000000,3.99184160,1.99995770,0.39918646,0,0.00815840
0.05080000,10.00000000,4.00000000,3.99188634,1.99995794,0.39919092,0,0.00811366
0.05082000,10.00000000,4.00000000,3.99193085,1.99995817,0.39919536,0,0.00806915
0.05084000,10.00000000,4.00000000,3.99197511,1.99995840,0.39919977,0,0.00802489
0.05086000,10.00000000,4.00000000,3.99201912,1.99995862,0.39920416,0,0.00798088
0.05088000,10.00000000,4.00000000,3.99206289,1.99995885,0.39920852,0,0.00793711
0.05090000,10.00000000,4.00000000,3.99210643,1.99995908,0.39921287,0,0.00789357
0.05092000,10.00000000,4.00000000,3.99214972,1.99995930,0.39921718,0,0.00785028
0.05094000,10.00000000,4.00000000,3.99219278,1.99995952,0.39922148,0,0.00780722
0.05096000,10.00000000,4.00000000,3.99223560,1.99995975,0.39922575,0,0.00776440
0.05098000,10.00000000,4.00000000,3.99227819,1.99995997,0.39922999,0,0.00772181
0.05100000,10.00000000,4.00000000,3.99232054,1.99996019,0.39923422,0,0.00767946
0.05102000,10.00000000,4.00000000,3.99236267,1.99996041,0.39923842,0,0.00763733
0.05104000,10.00000000,4.00000000,3.99240456,1.99996062,0.39924259,0,0.00759544
0.05106000,10.00000000,4.00000000,3.99244622,1.99996084,0.39924675,0,0.00755378
0.05108000,10.00000000,4.00000000,3.99248765,1.99996105,0.39925088,0,0.00751235
0.05110000,10.00000000,4.00000000,3.99252885,1.99996127,0.39925499,0,0.00747115
0.05112000,10.00000000,4.00000000,3.99256983,1.99996148,0.39925908,0,0.00743017
0.05114000,10.00000000,4.00000000,3.99261058,1.99996169,0.39926314,0,0.00738942
0.05116000,10.00000000,4.00000000,3.99265111,1.99996190,0.39926718,0,0.00734889
0.05118000,10.00000000,4.00000000,3.99269142,1.99996211,0.39927120,0,0.00730858
0.05120000,10.00000000,4.00000000,3.99273151,1.99996232,0.39927520,0,0.00726849
0.05122000,10.00000000,4.00000000,3.99277138,1.99996252,0.39927917,0,0.00722862
0.05124000,10.00000000,4.00000000,3.99281102,1.99996273,0.39928313,0,0.00718898
0.05126000,10.00000000,4.00000000,3.99285045,1.99996293,0.39928706,0,0.00714955
0.05128000,10.00000000,4.00000000,3.99288967,1.99996314,0.39929097,0,0.00711033
0.05130000,10.00000000,4.00000000,3.99292867,1.99996334,0.39929486,0,0.00707133
0.05132000,10.00000000,4.00000000,3.99296745,1.99996354,0.39929873,0,0.00703255
0.05134000,10.00000000,4.00000000,3.99300603,1.99996374,0.39930257,0,0.00699397
0.05136000,10.00000000,4.00000000,3.99304439,1.99996394,0.39930640,0,0.00695561
0.05138000,10.00000000,4.00000000,3.99308254,1.99996414,0.39931020,0,0.00691746
0.05140000,10.00000000,4.00000000,3.99312048,1.99996433,0.39931399,0,0.00687952
0.05142000,10.00000000,4.00000000,3.99315821,1.99996453,0.39931775,0,0.00684179
0.05144000,10.00000000,4.00000000,3.99319574,1.99996472,0.39932149,0,0.00680426
0.05146000,10.00000000,4.00000000,3.99323306,1.99996492,0.39932521,0,0.00676694
0.05148000,10.00000000,4.00000000,3.99327018,1.99996511,0.39932891,0,0.00672982
0.05150000,10.00000000,4.00000000,3.99330709,1.99996530,0.39933259,0,0.00669291
0.05152000,10.00000000,4.00000000,3.99334380,1.99996549,0.39933625,0,0.00665620
0.05154000,10.00000000,4.00000000,3.99338031,1.99996568,0.39933989,0,0.00661969
0.05156000,10.00000000,4.00000000,3.99341662,1.99996587,0.39934352,0,0.00658338
0.05158000,10.00000000,4.00000000,3.99345272,1.99996606,0.39934712,0,0.00654728
0.05160000,10.00000000,4.00000000,3.99348864,1.99996624,0.39935070,0,0.00651136
0.05162000,10.00000000,4.00000000,3.99352435,1.99996643,0.39935426,0,0.00647565
0.05164000,10.00000000,4.00000000,3.99355987,1.99996661,0.39935780,0,0.00644013
0.05166000,10.00000000,4.00000000,3.99359519,1.99996680,0.39936132,0,0.00640481
0.05168000,10.00000000,4.00000000,3.99363032,1.99996698,0.39936483,0,0.00636968
0.05170000,10.00000000,4.00000000,3.99366526,1.99996716,0.39936831,0,0.00633474
0.05172000,10.00000000,4.00000000,3.99370000,1.99996734,0.39937177,0,0.00630000
0.05174000,10.00000000,4.00000000,3.99373456,1.99996752,0.39937522,0,0.00626544
0.05176000,10.00000000,4.00000000,3.99376892,1.99996770,0.39937865,0,0.00623108
0.05178000,10.00000000,4.00000000,3.99380310,1.99996787,0.39938206,0,0.00619690
0.05180000,10.00000000,4.00000000,3.99383709,1.99996805,0.39938544,0,0.00616291
0.05182000,10.00000000,4.00000000,3.99387089,1.99996822,0.39938882,0,0.00612911
0.05184000,10.00000000,4.00000000,3.99390451,1.99996840,0.39939217,0,0.00609549
0.05186000,10.00000000,4.00000000,3.99393794,1.99996857,0.39939550,0,0.00606206
0.05188000,10.00000000,4.00000000,3.99397119,1.99996874,0.39939882,0,0.00602881
0.05190000,10.00000000,4.00000000,3.99400426,1.99996892,0.39940211,0,0.00599574
0.05192000,10.00000000,4.00000000,3.99403715,1.99996909,0.39940539,0,0.00596285
0.05194000,10.00000000,4.00000000,3.99406985,1.99996926,0.39940866,0,0.00593015
0.05196000,10.00000000,4.00000000,3.99410238,1.99996942,0.39941190,0,0.00589762
0.05198000,10.00000000,4.00000000,3.99413473,1.99996959,0.39941512,0,0.00586527
0.05200000,10.00000000,4.00000000,3.99416690,1.99996976,0.39941833,0,0.00583310
0.05202000,10.00000000,4.00000000,3.99419889,1.99996993,0.39942152,0,0.00580111
0.05204000,10.00000000,4.00000000,3.99423071,1.99997009,0.39942470,0,0.00576929
0.05206000,10.00000000,4.00000000,3.99426235,1.99997025,0.39942785,0,0.00573765
0.05208000,10.00000000,4.00000000,3.99429382,1.99997042,0.39943099,0,0.00570618
0.05210000,10.00000000,4.00000000,3.99432512,1.99997058,0.39943411,0,0.00567488
0.05212000,10.00000000,4.00000000,3.99435625,1.99997074,0.39943721,0,0.00564375
0.05214000,10.00000000,4.00000000,3.99438720,1.99997090,0.39944030,0,0.00561280
0.05216000,10.00000000,4.00000000,3.99441799,1.99997106,0.39944337,0,0.00558201
0.05218000,10.00000000,4.00000000,3.99444860,1.99997122,0.39944642,0,0.00555140
0.05220000,10.00000000,4.00000000,3.99447905,1.99997138,0.39944946,0,0.00552095
0.05222000,10.00000000,4.00000000,3.99450933,1.99997153,0.39945248,0,0.00549067
0.05224000,10.00000000,4.00000000,3.99453945,1.99997169,0.39945548,0,0.00546055
0.05226000,10.00000000,4.00000000,3.99456940,1.99997185,0.39945847,0,0.00543060
0.05228000,10.00000000,4.00000000,3.99459919,1.99997200,0.39946144,0,0.00540081
0.05230000,10.00000000,4.00000000,3.99462881,1.99997215,0.39946439,0,0.00537119
0.05232000,10.00000000,4.00000000,3.99465827,1.99997231,0.39946733,0,0.00534173
0.05234000,10.00000000,4.00000000,3.99468757,1.99997246,0.39947025,0,0.00531243
0.05236000,10.00000000,4.00000000,3.99471671,1.99997261,0.39947316,0,0.00528329
0.05238000,10.00000000,4.00000000,3.99474569,1.99997276,0.39947605,0,0.00525431
0.05240000,10.00000000,4.00000000,3.99477451,1.99997291,0.39947892,0,0.00522549
0.05242000,10.00000000,4.00000000,3.99480317,1.99997306,0.39948178,0,0.00519683
0.05244000,10.00000000,4.00000000,3.99483167,1.99997321,0.39948462,0,0.00516833
0.05246000,10.00000000,4.00000000,3.99486002,1.99997335,0.39948745,0,0.00513998
0.05248000,10.00000000,4.00000000,3.99488821,1.99997350,0.39949026,0,0.00511179
0.05250000,10.00000000,4.00000000,3.99491625,1.99997364,0.39949306,0,0.00508375
0.05252000,10.00000000,4.00000000,3.99494413,1.99997379,0.39949584,0,0.00505587
0.05254000,10.00000000,4.00000000,3.99497186,1.99997393,0.39949860,0,0.00502814
0.05256000,10.00000000,4.00000000,3.99499944,1.99997408,0.39950135,0,0.00500056
0.05258000,10.00000000,4.00000000,3.99502687,1.99997422,0.39950409,0,0.00497313
0.05260000,10.00000000,4.00000000,3.99505415,1.99997436,0.39950681,0,0.00494585
0.05262000,10.00000000,4.00000000,3.99508127,1.99997450,0.39950951,0,0.00491873
0.05264000,10.00000000,4.00000000,3.99510825,1.99997464,0.39951220,0,0.00489175
0.05266000,10.00000000,4.00000000,3.99513508,1.99997478,0.39951488,0,0.00486492
0.05268000,10.00000000,4.00000000,3.99516177,1.99997492,0.39951754,0,0.00483823
0.05270000,10.00000000,4.00000000,3.99518830,1.99997505,0.39952019,0,0.00481170
0.05272000,10.00000000,4.00000000,3.99521470,1.99997519,0.39952282,0,0.00478530
0.05274000,10.00000000,4.00000000,3.99524094,1.99997533,0.39952543,0,0.00475906
0.05276000,10.00000000,4.00000000,3.99526705,1.99997546,0.39952804,0,0.00473295
0.05278000,10.00000000,4.00000000,3.99529300,1.99997560,0.39953063,0,0.00470700
0.05280000,10.00000000,4.00000000,3.99531882,1.99997573,0.39953320,0,0.00468118
0.05282000,10.00000000,4.00000000,3.99534450,1.99997586,0.39953576,0,0.00465550
0.05284000,10.00000000,4.00000000,3.99537003,1.99997600,0.39953831,0,0.00462997
0.05286000,10.00000000,4.00000000,3.99539543,1.99997613,0.39954084,0,0.00460457
0.05288000,10.00000000,4.00000000,3.99542068,1.99997626,0.39954336,0,0.00457932
0.05290000,10.00000000,4.00000000,3.99544580,1.99997639,0.39954586,0,0.00455420
0.05292000,10.00000000,4.00000000,3.99547078,1.99997652,0.39954835,0,0.00452922
0.05294000,10.00000000,4.00000000,3.99549562,1.99997665,0.39955083,0,0.00450438
0.05296000,10.00000000,4.00000000,3.99552033,1.99997678,0.39955329,0,0.00447967
0.05298000,10.00000000,4.00000000,3.99554490,1.99997690,0.39955574,0,0.00445510
0.05300000,10.00000000,4.00000000,3.99556933,1.99997703,0.39955818,0,0.00443067
0.05302000,10.00000000,4.00000000,3.99559364,1.99997716,0.39956060,0,0.00440636
0.05304000,10.00000000,4.00000000,3.99561780,1.99997728,0.39956301,0,0.00438220
0.05306000,10.00000000,4.00000000,3.99564184,1.99997741,0.39956541,0,0.00435816
0.05308000,10.00000000,4.00000000,3.99566574,1.99997753,0.39956779,0,0.00433426
0.05310000,10.00000000,4.00000000,3.99568952,1.99997765,0.39957017,0,0.00431048
0.05312000,10.00000000,4.00000000,3.99571316,1.99997778,0.39957252,0,0.00428684
0.05314000,10.00000000,4.00000000,3.99573667,1.99997790,0.39957487,0,0.00426333
0.05316000,10.00000000,4.00000000,3.99576006,1.99997802,0.39957720,0,0.00423994
0.05318000,10.00000000,4.00000000,3.99578331,1.99997814,0.39957952,0,0.00421669
0.05320000,10.00000000,4.00000000,3.99580644,1.99997826,0.39958182,0,0.00419356
0.05322000,10.00000000,4.00000000,3.99582944,1.99997838,0.39958412,0,0.00417056
0.05324000,10.00000000,4.00000000,3.99585232,1.99997850,0.39958640,0,0.00414768
0.05326000,10.00000000,4.00000000,3.99587507,1.99997862,0.39958867,0,0.00412493
0.05328000,10.00000000,4.00000000,3.99589769,1.99997873,0.39959092,0,0.00410231
0.05330000,10.00000000,4.00000000,3.99592019,1.99997885,0.39959317,0,0.00407981
0.05332000,10.00000000,4.00000000,3.99594257,1.99997896,0.39959540,0,0.00405743
0.05334000,10.00000000,4.00000000,3.99596482,1.99997908,0.39959762,0,0.00403518
0.05336000,10.00000000,4.00000000,3.99598696,1.99997920,0.39959983,0,0.00401304
0.05338000,10.00000000,4.00000000,3.99600897,1.99997931,0.39960202,0,0.00399103
0.05340000,10.00000000,4.00000000,3.99603086,1.99997942,0.39960420,0,0.00396914
0.05342000,10.00000000,4.00000000,3.99605263,1.99997954,0.39960637,0,0.00394737
0.05344000,10.00000000,4.00000000,3.99607428,1.99997965,0.39960853,0,0.00392572
0.05346000,10.00000000,4.00000000,3.99609581,1.99997976,0.39961068,0,0.00390419
0.05348000,10.00000000,4.00000000,3.99611722,1.99997987,0.39961282,0,0.00388278
0.05350000,10.00000000,4.00000000,3.99613852,1.99997998,0.39961494,0,0.00386148
0.05352000,10.00000000,4.00000000,3.99615970,1.99998009,0.39961705,0,0.00384030
0.05354000,10.00000000,4.00000000,3.99618076,1.99998020,0.39961915,0,0.00381924
0.05356000,10.00000000,4.00000000,3.99620171,1.99998031,0.39962124,0,0.00379829
0.05358000,10.00000000,4.00000000,3.99622255,1.99998042,0.39962332,0,0.00377745
0.05360000,10.00000000,4.00000000,3.99624327,1.99998052,0.39962538,0,0.00375673
0.05362000,10.00000000,4.00000000,3.99626387,1.99998063,0.39962744,0,0.00373613
0.05364000,10.00000000,4.00000000,3.99628436,1.99998074,0.39962948,0,0.00371564
0.05366000,10.00000000,4.00000000,3.99630474,1.99998084,0.39963151,0,0.00369526
0.05368000,10.00000000,4.00000000,3.99632501,1.99998095,0.39963354,0,0.00367499
0.05370000,10.00000000,4.00000000,3.99634517,1.99998105,0.39963555,0,0.00365483
0.05372000,10.00000000,4.00000000,3.99636521,1.99998116,0.39963754,0,0.00363479
0.05374000,10.00000000,4.00000000,3.99638515,1.99998126,0.39963953,0,0.00361485
0.05376000,10.00000000,4.00000000,3.99640498,1.99998136,0.39964151,0,0.00359502
0.05378000,10.00000000,4.00000000,3.99642470,1.99998146,0.39964348,0,0.00357530
0.05380000,10.00000000,4.00000000,3.99644431,1.99998157,0.39964543,0,0.00355569
0.05382000,10.00000000,4.00000000,3.99646381,1.99998167,0.39964738,0,0.00353619
0.05384000,10.00000000,4.00000000,3.99648320,1.99998177,0.39964931,0,0.00351680
0.05386000,10.00000000,4.00000000,3.99650249,1.99998187,0.39965123,0,0.00349751
0.05388000,10.00000000,4.00000000,3.99652168,1.99998197,0.39965315,0,0.00347832
0.05390000,10.00000000,4.00000000,3.99654075,1.99998207,0.39965505,0,0.00345925
0.05392000,10.00000000,4.00000000,3.99655973,1.99998216,0.39965694,0,0.00344027
0.05394000,10.00000000,4.00000000,3.99657860,1.99998226,0.39965882,0,0.00342140
0.05396000,10.00000000,4.00000000,3.99659736,1.99998236,0.39966069,0,0.00340264
0.05398000,10.00000000,4.00000000,3.99661603,1.99998246,0.39966256,0,0.00338397
0.05400000,10.00000000,4.00000000,3.99663459,1.99998255,0.39966441,0,0.00336541
0.05402000,10.00000000,4.00000000,3.99665305,1.99998265,0.39966625,0,0.00334695
0.05404000,10.00000000,4.00000000,3.99667140,1.99998274,0.39966808,0,0.00332860
0.05406000,10.00000000,4.00000000,3.99668966,1.99998284,0.39966990,0,0.00331034
0.05408000,10.00000000,4.00000000,3.99670782,1.99998293,0.39967171,0,0.00329218
0.05410000,10.00000000,4.00000000,3.99672588,1.99998303,0.39967351,0,0.00327412
0.05412000,10.00000000,4.00000000,3.99674383,1.99998312,0.39967530,0,0.00325617
0.05414000,10.00000000,4.00000000,3.99676169,1.99998321,0.39967708,0,0.00323831
0.05416000,10.00000000,4.00000000,3.99677946,1.99998330,0.39967885,0,0.00322054
0.05418000,10.00000000,4.00000000,3.99679712,1.99998340,0.39968061,0,0.00320288
0.05420000,10.00000000,4.00000000,3.99681469,1.99998349,0.39968237,0,0.00318531
0.05422000,10.00000000,4.00000000,3.99683216,1.99998358,0.39968411,0,0.00316784
0.05424000,10.00000000,4.00000000,3.99684953,1.99998367,0.39968584,0,0.00315047
0.05426000,10.00000000,4.00000000,3.99686681,1.99998376,0.39968756,0,0.00313319
0.05428000,10.00000000,4.00000000,3.99688400,1.99998385,0.39968928,0,0.00311600
0.05430000,10.00000000,4.00000000,3.99690109,1.99998393,0.39969098,0,0.00309891
0.05432000,10.00000000,4.00000000,3.99691809,1.99998402,0.39969268,0,0.00308191
0.05434000,10.00000000,4.00000000,3.99693499,1.99998411,0.39969436,0,0.00306501
0.05436000,10.00000000,4.00000000,3.99695180,1.99998420,0.39969604,0,0.00304820
0.05438000,10.00000000,4.00000000,3.99696852,1.99998428,0.39969771,0,0.00303148
0.05440000,10.00000000,4.00000000,3.99698515,1.99998437,0.39969936,0,0.00301485
0.05442000,10.00000000,4.00000000,3.99700168,1.99998446,0.39970101,0,0.00299832
0.05444000,10.00000000,4.00000000,3.99701813,1.99998454,0.39970265,0,0.00298187
0.05446000,10.00000000,4.00000000,3.99703448,1.99998463,0.39970428,0,0.00296552
0.05448000,10.00000000,4.00000000,3.99705075,1.99998471,0.39970591,0,0.00294925
0.05450000,10.00000000,4.00000000,3.99706693,1.99998479,0.39970752,0,0.00293307
0.05452000,10.00000000,4.00000000,3.99708301,1.99998488,0.39970912,0,0.00291699
0.05454000,10.00000000,4.00000000,3.99709901,1.99998496,0.39971072,0,0.00290099
0.05456000,10.00000000,4.00000000,3.99711493,1.99998504,0.39971230,0,0.00288507
0.05458000,10.00000000,4.00000000,3.99713075,1.99998512,0.39971388,0,0.00286925
0.05460000,10.00000000,4.00000000,3.99714649,1.99998521,0.39971545,0,0.00285351
0.05462000,10.00000000,4.00000000,3.99716214,1.99998529,0.39971701,0,0.00283786
0.05464000,10.00000000,4.00000000,3.99717770,1.99998537,0.39971857,0,0.00282230
0.05466000,10.00000000,4.00000000,3.99719318,1.99998545,0.39972011,0,0.00280682
0.05468000,10.00000000,4.00000000,3.99720858,1.99998553,0.39972164,0,0.00279142
0.05470000,10.00000000,4.00000000,3.99722389,1.99998561,0.39972317,0,0.00277611
0.05472000,10.00000000,4.00000000,3.99723912,1.99998569,0.39972469,0,0.00276088
0.05474000,10.00000000,4.00000000,3.99725426,1.99998577,0.39972620,0,0.00274574
0.05476000,10.00000000,4.00000000,3.99726932,1.99998584,0.39972770,0,0.00273068
0.05478000,10.00000000,4.00000000,3.99728430,1.99998592,0.39972919,0,0.00271570
0.05480000,10.00000000,4.00000000,3.99729919,1.99998600,0.39973068,0,0.00270081
0.05482000,10.00000000,4.00000000,3.99731401,1.99998607,0.39973216,0,0.00268599
0.05484000,10.00000000,4.00000000,3.99732874,1.99998615,0.39973363,0,0.00267126
0.05486000,10.00000000,4.00000000,3.99734339,1.99998623,0.39973509,0,0.00265661
0.05488000,10.00000000,4.00000000,3.99735796,1.99998630,0.39973654,0,0.00264204
0.05490000,10.00000000,4.00000000,3.99737245,1.99998638,0.39973799,0,0.00262755
0.05492000,10.00000000,4.00000000,3.99738686,1.99998645,0.39973942,0,0.00261314
0.05494000,10.00000000,4.00000000,3.99740120,1.99998653,0.39974085,0,0.00259880
0.05496000,10.00000000,4.00000000,3.99741545,1.99998660,0.39974227,0,0.00258455
0.05498000,10.00000000,4.00000000,3.99742963,1.99998667,0.39974369,0,0.00257037
0.05500000,10.00000000,4.00000000,3.99744373,1.99998675,0.39974509,0,0.00255627
0.05502000,10.00000000,4.00000000,3.99745775,1.99998682,0.39974649,0,0.00254225
0.05504000,10.00000000,4.00000000,3.99747169,1.99998689,0.39974788,0,0.00252831
0.05506000,10.00000000,4.00000000,3.99748556,1.99998696,0.39974926,0,0.00251444
0.05508000,10.00000000,4.00000000,3.99749935,1.99998704,0.39975064,0,0.00250065
0.05510000,10.00000000,4.00000000,3.99751306,1.99998711,0.39975201,0,0.00248694
0.05512000,10.00000000,4.00000000,3.99752671,1.99998718,0.39975337,0,0.00247329
0.05514000,10.00000000,4.00000000,3.99754027,1.99998725,0.39975472,0,0.00245973
0.05516000,10.00000000,4.00000000,3.99755376,1.99998732,0.39975607,0,0.00244624
0.05518000,10.00000000,4.00000000,3.99756718,1.99998739,0.39975740,0,0.00243282
0.05520000,10.00000000,4.00000000,3.99758052,1.99998746,0.39975873,0,0.00241948
0.05522000,10.00000000,4.00000000,3.99759379,1.99998753,0.39976006,0,0.00240621
0.05524000,10.00000000,4.00000000,3.99760699,1.99998759,0.39976137,0,0.00239301
0.05526000,10.00000000,4.00000000,3.99762012,1.99998766,0.39976268,0,0.00237988
0.05528000,10.00000000,4.00000000,3.99763317,1.99998773,0.39976398,0,0.00236683
0.05530000,10.00000000,4.00000000,3.99764615,1.99998780,0.39976528,0,0.00235385
0.05532000,10.00000000,4.00000000,3.99765906,1.99998786,0.39976657,0,0.00234094
0.05534000,10.00000000,4.00000000,3.99767190,1.99998793,0.39976785,0,0.00232810
0.05536000,10.00000000,4.00000000,3.99768467,1.99998800,0.39976912,0,0.00231533
0.05538000,10.00000000,4.00000000,3.99769737,1.99998806,0.39977039,0,0.00230263
0.05540000,10.00000000,4.00000000,3.99771000,1.99998813,0.39977164,0,0.00229000
0.05542000,10.00000000,4.00000000,3.99772256,1.99998819,0.39977290,0,0.00227744
0.05544000,10.00000000,4.00000000,3.99773505,1.99998826,0.39977414,0,0.00226495
0.05546000,10.00000000,4.00000000,3.99774748,1.99998832,0.39977538,0,0.00225252
0.05548000,10.00000000,4.00000000,3.99775983,1.99998839,0.39977661,0,0.00224017
0.05550000,10.00000000,4.00000000,3.99777212,1.99998845,0.39977784,0,0.00222788
0.05552000,10.00000000,4.00000000,3.99778434,1.99998851,0.39977906,0,0.00221566
0.05554000,10.00000000,4.00000000,3.99779649,1.99998858,0.39978027,0,0.00220351
0.05556000,10.00000000,4.00000000,3.99780858,1.99998864,0.39978147,0,0.00219142
0.05558000,10.00000000,4.00000000,3.99782060,1.99998870,0.39978267,0,0.00217940
0.05560000,10.00000000,4.00000000,3.99783255,1.99998876,0.39978387,0,0.00216745
0.05562000,10.00000000,4.00000000,3.99784444,1.99998882,0.39978505,0,0.00215556
0.05564000,10.00000000,4.00000000,3.99785626,1.99998889,0.39978623,0,0.00214374
0.05566000,10.00000000,4.00000000,3.99786802,1.99998895,0.39978740,0,0.00213198
0.05568000,10.00000000,4.00000000,3.99787971,1.99998901,0.39978857,0,0.00212029
0.05570000,10.00000000,4.00000000,3.99789134,1.99998907,0.39978973,0,0.00210866
0.05572000,10.00000000,4.00000000,3.99790291,1.99998913,0.39979088,0,0.00209709
0.05574000,10.00000000,4.00000000,3.99791441,1.99998919,0.39979203,0,0.00208559
0.05576000,10.00000000,4.00000000,3.99792585,1.99998925,0.39979317,0,0.00207415
0.05578000,10.00000000,4.00000000,3.99793723,1.99998931,0.39979430,0,0.00206277
0.05580000,10.00000000,4.00000000,3.99794854,1.99998936,0.39979543,0,0.00205146
0.05582000,10.00000000,4.00000000,3.99795979,1.99998942,0.39979655,0,0.00204021
0.05584000,10.00000000,4.00000000,3.99797098,1.99998948,0.39979767,0,0.00202902
0.05586000,10.00000000,4.00000000,3.99798211,1.99998954,0.39979878,0,0.00201789
0.05588000,10.00000000,4.00000000,3.99799318,1.99998960,0.39979988,0,0.00200682
0.05590000,10.00000000,4.00000000,3.99800419,1.99998965,0.39980098,0,0.00199581
0.05592000,10.00000000,4.00000000,3.99801513,1.99998971,0.39980207,0,0.00198487
0.05594000,10.00000000,4.00000000,3.99802602,1.99998977,0.39980316,0,0.00197398
0.05596000,10.00000000,4.00000000,3.99803685,1.99998982,0.39980424,0,0.00196315
0.05598000,10.00000000,4.00000000,3.99804762,1.99998988,0.39980531,0,0.00195238
0.05600000,10.00000000,4.00000000,3.99805832,1.99998993,0.39980638,0,0.00194168
0.05602000,10.00000000,4.00000000,3.99806897,1.99998999,0.39980744,0,0.00193103
0.05604000,10.00000000,4.00000000,3.99807957,1.99999004,0.39980850,0,0.00192043
0.05606000,10.00000000,4.00000000,3.99809010,1.99999010,0.39980955,0,0.00190990
0.05608000,10.00000000,4.00000000,3.99810057,1.99999015,0.39981059,0,0.00189943
0.05610000,10.00000000,4.00000000,3.99811099,1.99999021,0.39981163,0,0.00188901
0.05612000,10.00000000,4.00000000,3.99812135,1.99999026,0.39981266,0,0.00187865
0.05614000,10.00000000,4.00000000,3.99813166,1.99999031,0.39981369,0,0.00186834
0.05616000,10.00000000,4.00000000,3.99814191,1.99999037,0.39981471,0,0.00185809
0.05618000,10.00000000,4.00000000,3.99815210,1.99999042,0.39981573,0,0.00184790
0.05620000,10.00000000,4.00000000,3.99816223,1.99999047,0.39981674,0,0.00183777
0.05622000,10.00000000,4.00000000,3.99817231,1.99999052,0.39981775,0,0.00182769
0.05624000,10.00000000,4.00000000,3.99818234,1.99999058,0.39981875,0,0.00181766
0.05626000,10.00000000,4.00000000,3.99819231,1.99999063,0.39981974,0,0.00180769
0.05628000,10.00000000,4.00000000,3.99820222,1.99999068,0.39982073,0,0.00179778
0.05630000,10.00000000,4.00000000,3.99821208,1.99999073,0.39982171,0,0.00178792
0.05632000,10.00000000,4.00000000,3.99822189,1.99999078,0.39982269,0,0.00177811
0.05634000,10.00000000,4.00000000,3.99823164,1.99999083,0.39982366,0,0.00176836
0.05636000,10.00000000,4.00000000,3.99824134,1.99999088,0.39982463,0,0.00175866
0.05638000,10.00000000,4.00000000,3.99825099,1.99999093,0.39982559,0,0.00174901
0.05640000,10.00000000,4.00000000,3.99826058,1.99999098,0.39982655,0,0.00173942
0.05642000,10.00000000,4.00000000,3.99827012,1.99999103,0.39982750,0,0.00172988
0.05644000,10.00000000,4.00000000,3.99827961,1.99999108,0.39982845,0,0.00172039
0.05646000,10.00000000,4.00000000,3.99828904,1.99999113,0.39982939,0,0.00171096
0.05648000,10.00000000,4.00000000,3.99829843,1.99999118,0.39983032,0,0.00170157
0.05650000,10.00000000,4.00000000,3.99830776,1.99999123,0.39983125,0,0.00169224
0.05652000,10.00000000,4.00000000,3.99831704,1.99999128,0.39983218,0,0.00168296
0.05654000,10.00000000,4.00000000,3.99832627,1.99999132,0.39983310,0,0.00167373
0.05656000,10.00000000,4.00000000,3.99833545,1.99999137,0.39983401,0,0.00166455
0.05658000,10.00000000,4.00000000,3.99834458,1.99999142,0.39983492,0,0.00165542
0.05660000,10.00000000,4.00000000,3.99835366,1.99999146,0.39983583,0,0.00164634
0.05662000,10.00000000,4.00000000,3.99836269,1.99999151,0.39983673,0,0.00163731
0.05664000,10.00000000,4.00000000,3.99837167,1.99999156,0.39983763,0,0.00162833
0.05666000,10.00000000,4.00000000,3.99838061,1.99999160,0.39983852,0,0.00161939
0.05668000,10.00000000,4.00000000,3.99838949,1.99999165,0.39983940,0,0.00161051
0.05670000,10.00000000,4.00000000,3.99839832,1.99999170,0.39984028,0,0.00160168
0.05672000,10.00000000,4.00000000,3.99840711,1.99999174,0.39984116,0,0.00159289
0.05674000,10.00000000,4.00000000,3.99841584,1.99999179,0.39984203,0,0.00158416
0.05676000,10.00000000,4.00000000,3.99842453,1.99999183,0.39984290,0,0.00157547
0.05678000,10.00000000,4.00000000,3.99843317,1.99999188,0.39984376,0,0.00156683
0.05680000,10.00000000,4.00000000,3.99844177,1.99999192,0.39984462,0,0.00155823
0.05682000,10.00000000,4.00000000,3.99845031,1.99999197,0.39984547,0,0.00154969
0.05684000,10.00000000,4.00000000,3.99845881,1.99999201,0.39984632,0,0.00154119
0.05686000,10.00000000,4.00000000,3.99846727,1.99999205,0.39984716,0,0.00153273
0.05688000,10.00000000,4.00000000,3.99847567,1.99999210,0.39984800,0,0.00152433
0.05690000,10.00000000,4.00000000,3.99848404,1.99999214,0.39984883,0,0.00151596
0.05692000,10.00000000,4.00000000,3.99849235,1.99999218,0.39984966,0,0.00150765
0.05694000,10.00000000,4.00000000,3.99850062,1.99999223,0.39985048,0,0.00149938
0.05696000,10.00000000,4.00000000,3.99850884,1.99999227,0.39985130,0,0.00149116
0.05698000,10.00000000,4.00000000,3.99851702,1.99999231,0.39985212,0,0.00148298
0.05700000,10.00000000,4.00000000,3.99852516,1.99999235,0.39985293,0,0.00147484
0.05702000,10.00000000,4.00000000,3.99853325,1.99999240,0.39985374,0,0.00146675
0.05704000,10.00000000,4.00000000,3.99854129,1.99999244,0.39985454,0,0.00145871
0.05706000,10.00000000,4.00000000,3.99854929,1.99999248,0.39985534,0,0.00145071
0.05708000,10.00000000,4.00000000,3.99855725,1.99999252,0.39985613,0,0.00144275
0.05710000,10.00000000,4.00000000,3.99856516,1.99999256,0.39985692,0,0.00143484
0.05712000,10.00000000,4.00000000,3.99857303,1.99999260,0.39985770,0,0.00142697
0.05714000,10.00000000,4.00000000,3.99858086,1.99999264,0.39985849,0,0.00141914
0.05716000,10.00000000,4.00000000,3.99858864,1.99999268,0.39985926,0,0.00141136
0.05718000,10.00000000,4.00000000,3.99859638,1.99999272,0.39986003,0,0.00140362
0.05720000,10.00000000,4.00000000,3.99860408,1.99999276,0.39986080,0,0.00139592
0.05722000,10.00000000,4.00000000,3.99861174,1.99999280,0.39986156,0,0.00138826
0.05724000,10.00000000,4.00000000,3.99861935,1.99999284,0.39986232,0,0.00138065
0.05726000,10.00000000,4.00000000,3.99862693,1.99999288,0.39986308,0,0.00137307
0.05728000,10.00000000,4.00000000,3.99863446,1.99999292,0.39986383,0,0.00136554
0.05730000,10.00000000,4.00000000,3.99864195,1.99999296,0.39986458,0,0.00135805
0.05732000,10.00000000,4.00000000,3.99864940,1.99999300,0.39986532,0,0.00135060
0.05734000,10.00000000,4.00000000,3.99865680,1.99999304,0.39986606,0,0.00134320
0.05736000,10.00000000,4.00000000,3.99866417,1.99999307,0.39986679,0,0.00133583
0.05738000,10.00000000,4.00000000,3.99867150,1.99999311,0.39986752,0,0.00132850
0.05740000,10.00000000,4.00000000,3.99867878,1.99999315,0.39986825,0,0.00132122
0.05742000,10.00000000,4.00000000,3.99868603,1.99999319,0.39986897,0,0.00131397
0.05744000,10.00000000,4.00000000,3.99869324,1.99999323,0.39986969,0,0.00130676
0.05746000,10.00000000,4.00000000,3.99870041,1.99999326,0.39987041,0,0.00129959
0.05748000,10.00000000,4.00000000,3.99870753,1.99999330,0.39987112,0,0.00129247
0.05750000,10.00000000,4.00000000,3.99871462,1.99999334,0.39987182,0,0.00128538
0.05752000,10.00000000,4.00000000,3.99872167,1.99999337,0.39987253,0,0.00127833
0.05754000,10.00000000,4.00000000,3.99872868,1.99999341,0.39987323,0,0.00127132
0.05756000,10.00000000,4.00000000,3.99873566,1.99999345,0.39987392,0,0.00126434
0.05758000,10.00000000,4.00000000,3.99874259,1.99999348,0.39987461,0,0.00125741
0.05760000,10.00000000,4.00000000,3.99874949,1.99999352,0.39987530,0,0.00125051
0.05762000,10.00000000,4.00000000,3.99875635,1.99999355,0.39987598,0,0.00124365
0.05764000,10.00000000,4.00000000,3.99876317,1.99999359,0.39987667,0,0.00123683
0.05766000,10.00000000,4.00000000,3.99876995,1.99999362,0.39987734,0,0.00123005
0.05768000,10.00000000,4.00000000,3.99877670,1.99999366,0.39987801,0,0.00122330
0.05770000,10.00000000,4.00000000,3.99878341,1.99999369,0.39987868,0,0.00121659
0.05772000,10.00000000,4.00000000,3.99879008,1.99999373,0.39987935,0,0.00120992
0.05774000,10.00000000,4.00000000,3.99879672,1.99999376,0.39988001,0,0.00120328
0.05776000,10.00000000,4.00000000,3.99880332,1.99999380,0.39988067,0,0.00119668
0.05778000,10.00000000,4.00000000,3.99880988,1.99999383,0.39988132,0,0.00119012
0.05780000,10.00000000,4.00000000,3.99881641,1.99999386,0.39988197,0,0.00118359
0.05782000,10.00000000,4.00000000,3.99882290,1.99999390,0.39988262,0,0.00117710
0.05784000,10.00000000,4.00000000,3.99882936,1.99999393,0.39988327,0,0.00117064
0.05786000,10.00000000,4.00000000,3.99883578,1.99999396,0.39988391,0,0.00116422
0.05788000,10.00000000,4.00000000,3.99884216,1.99999400,0.39988454,0,0.00115784
0.05790000,10.00000000,4.00000000,3.99884851,1.99999403,0.39988518,0,0.00115149
0.05792000,10.00000000,4.00000000,3.99885483,1.99999406,0.39988581,0,0.00114517
0.05794000,10.00000000,4.00000000,3.99886111,1.99999410,0.39988643,0,0.00113889
0.05796000,10.00000000,4.00000000,3.99886736,1.99999413,0.39988705,0,0.00113264
0.05798000,10.00000000,4.00000000,3.99887357,1.99999416,0.39988767,0,0.00112643
0.05800000,10.00000000,4.00000000,3.99887975,1.99999419,0.39988829,0,0.00112025
0.05802000,10.00000000,4.00000000,3.99888589,1.99999422,0.39988890,0,0.00111411
0.05804000,10.00000000,4.00000000,3.99889200,1.99999426,0.39988951,0,0.00110800
0.05806000,10.00000000,4.00000000,3.99889808,1.99999429,0.39989012,0,0.00110192
0.05808000,10.00000000,4.00000000,3.99890413,1.99999432,0.39989072,0,0.00109587
0.05810000,10.00000000,4.00000000,3.99891014,1.99999435,0.39989132,0,0.00108986
0.05812000,10.00000000,4.00000000,3.99891611,1.99999438,0.39989192,0,0.00108389
0.05814000,10.00000000,4.00000000,3.99892206,1.99999441,0.39989251,0,0.00107794
0.05816000,10.00000000,4.00000000,3.99892797,1.99999444,0.39989310,0,0.00107203
0.05818000,10.00000000,4.00000000,3.99893385,1.99999447,0.39989369,0,0.00106615
0.05820000,10.00000000,4.00000000,3.99893970,1.99999450,0.39989427,0,0.00106030
0.05822000,10.00000000,4.00000000,3.99894551,1.99999453,0.39989485,0,0.00105449
0.05824000,10.00000000,4.00000000,3.99895130,1.99999456,0.39989543,0,0.00104870
0.05826000,10.00000000,4.00000000,3.99895705,1.99999459,0.39989600,0,0.00104295
0.05828000,10.00000000,4.00000000,3.99896277,1.99999462,0.39989657,0,0.00103723
0.05830000,10.00000000,4.00000000,3.99896846,1.99999465,0.39989714,0,0.00103154
0.05832000,10.00000000,4.00000000,3.99897412,1.99999468,0.39989770,0,0.00102588
0.05834000,10.00000000,4.00000000,3.99897974,1.99999471,0.39989826,0,0.00102026
0.05836000,10.00000000,4.00000000,3.99898534,1.99999474,0.39989882,0,0.00101466
0.05838000,10.00000000,4.00000000,3.99899091,1.99999477,0.39989937,0,0.00100909
0.05840000,10.00000000,4.00000000,3.99899644,1.99999480,0.39989993,0,0.00100356
0.05842000,10.00000000,4.00000000,3.99900195,1.99999483,0.39990048,0,0.00099805
0.05844000,10.00000000,4.00000000,3.99900742,1.99999485,0.39990102,0,0.00099258
0.05846000,10.00000000,4.00000000,3.99901286,1.99999488,0.39990156,0,0.00098714
0.05848000,10.00000000,4.00000000,3.99901828,1.99999491,0.39990210,0,0.00098172
0.05850000,10.00000000,4.00000000,3.99902366,1.99999494,0.39990264,0,0.00097634
0.05852000,10.00000000,4.00000000,3.99902902,1.99999497,0.39990318,0,0.00097098
0.05854000,10.00000000,4.00000000,3.99903434,1.99999499,0.39990371,0,0.00096566
0.05856000,10.00000000,4.00000000,3.99903964,1.99999502,0.39990423,0,0.00096036
0.05858000,10.00000000,4.00000000,3.99904491,1.99999505,0.39990476,0,0.00095509
0.05860000,10.00000000,4.00000000,3.99905015,1.99999508,0.39990528,0,0.00094985
0.05862000,10.00000000,4.00000000,3.99905536,1.99999510,0.39990580,0,0.00094464
0.05864000,10.00000000,4.00000000,3.99906054,1.99999513,0.39990632,0,0.00093946
0.05866000,10.00000000,4.00000000,3.99906569,1.99999516,0.39990683,0,0.00093431
0.05868000,10.00000000,4.00000000,3.99907081,1.99999518,0.39990734,0,0.00092919
0.05870000,10.00000000,4.00000000,3.99907591,1.99999521,0.39990785,0,0.00092409
0.05872000,10.00000000,4.00000000,3.99908098,1.99999524,0.39990836,0,0.00091902
0.05874000,10.00000000,4.00000000,3.99908602,1.99999526,0.39990886,0,0.00091398
0.05876000,10.00000000,4.00000000,3.99909103,1.99999529,0.39990936,0,0.00090897
0.05878000,10.00000000,4.00000000,3.99909602,1.99999531,0.39990986,0,0.00090398
0.05880000,10.00000000,4.00000000,3.99910098,1.99999534,0.39991035,0,0.00089902
0.05882000,10.00000000,4.00000000,3.99910591,1.99999536,0.39991084,0,0.00089409
0.05884000,10.00000000,4.00000000,3.99911081,1.99999539,0.39991133,0,0.00088919
0.05886000,10.00000000,4.00000000,3.99911569,1.99999542,0.39991182,0,0.00088431
0.05888000,10.00000000,4.00000000,3.99912054,1.99999544,0.39991230,0,0.00087946
0.05890000,10.00000000,4.00000000,3.99912536,1.99999547,0.39991278,0,0.00087464
0.05892000,10.00000000,4.00000000,3.99913016,1.99999549,0.39991326,0,0.00086984
0.05894000,10.00000000,4.00000000,3.99913493,1.99999552,0.39991374,0,0.00086507
0.05896000,10.00000000,4.00000000,3.99913968,1.99999554,0.39991421,0,0.00086032
0.05898000,10.00000000,4.00000000,3.99914440,1.99999556,0.39991468,0,0.00085560
0.05900000,10.00000000,4.00000000,3.99914909,1.99999559,0.39991515,0,0.00085091
0.05902000,10.00000000,4.00000000,3.99915376,1.99999561,0.39991561,0,0.00084624
0.05904000,10.00000000,4.00000000,3.99915840,1.99999564,0.39991608,0,0.00084160
0.05906000,10.00000000,4.00000000,3.99916301,1.99999566,0.39991654,0,0.00083699
0.05908000,10.00000000,4.00000000,3.99916760,1.99999568,0.39991699,0,0.00083240
0.05910000,10.00000000,4.00000000,3.99917217,1.99999571,0.39991745,0,0.00082783
0.05912000,10.00000000,4.00000000,3.99917671,1.99999573,0.39991790,0,0.00082329
0.05914000,10.00000000,4.00000000,3.99918123,1.99999576,0.39991835,0,0.00081877
0.05916000,10.00000000,4.00000000,3.99918572,1.99999578,0.39991880,0,0.00081428
0.05918000,10.00000000,4.00000000,3.99919018,1.99999580,0.39991925,0,0.00080982
0.05920000,10.00000000,4.00000000,3.99919462,1.99999582,0.39991969,0,0.00080538
0.05922000,10.00000000,4.00000000,3.99919904,1.99999585,0.39992013,0,0.00080096
0.05924000,10.00000000,4.00000000,3.99920343,1.99999587,0.39992057,0,0.00079657
0.05926000,10.00000000,4.00000000,3.99920780,1.99999589,0.39992100,0,0.00079220
0.05928000,10.00000000,4.00000000,3.99921215,1.99999592,0.39992144,0,0.00078785
0.05930000,10.00000000,4.00000000,3.99921647,1.99999594,0.39992187,0,0.00078353
0.05932000,10.00000000,4.00000000,3.99922077,1.99999596,0.39992230,0,0.00077923
0.05934000,10.00000000,4.00000000,3.99922504,1.99999598,0.39992272,0,0.00077496
0.05936000,10.00000000,4.00000000,3.99922929,1.99999600,0.39992315,0,0.00077071
0.05938000,10.00000000,4.00000000,3.99923352,1.99999603,0.39992357,0,0.00076648
0.05940000,10.00000000,4.00000000,3.99923772,1.99999605,0.39992399,0,0.00076228
0.05942000,10.00000000,4.00000000,3.99924190,1.99999607,0.39992440,0,0.00075810
0.05944000,10.00000000,4.00000000,3.99924606,1.99999609,0.39992482,0,0.00075394
0.05946000,10.00000000,4.00000000,3.99925020,1.99999611,0.39992523,0,0.00074980
0.05948000,10.00000000,4.00000000,3.99925431,1.99999613,0.39992564,0,0.00074569
0.05950000,10.00000000,4.00000000,3.99925840,1.99999616,0.39992605,0,0.00074160
0.05952000,10.00000000,4.00000000,3.99926247,1.99999618,0.39992645,0,0.00073753
0.05954000,10.00000000,4.00000000,3.99926651,1.99999620,0.39992686,0,0.00073349
0.05956000,10.00000000,4.00000000,3.99927054,1.99999622,0.39992726,0,0.00072946
0.05958000,10.00000000,4.00000000,3.99927454,1.99999624,0.39992766,0,0.00072546
0.05960000,10.00000000,4.00000000,3.99927852,1.99999626,0.39992805,0,0.00072148
0.05962000,10.00000000,4.00000000,3.99928247,1.99999628,0.39992845,0,0.00071753
0.05964000,10.00000000,4.00000000,3.99928641,1.99999630,0.39992884,0,0.00071359
0.05966000,10.00000000,4.00000000,3.99929032,1.99999632,0.39992923,0,0.00070968
0.05968000,10.00000000,4.00000000,3.99929422,1.99999634,0.39992962,0,0.00070578
0.05970000,10.00000000,4.00000000,3.99929809,1.99999636,0.39993001,0,0.00070191
0.05972000,10.00000000,4.00000000,3.99930194,1.99999638,0.39993039,0,0.00069806
0.05974000,10.00000000,4.00000000,3.99930577,1.99999640,0.39993077,0,0.00069423
0.05976000,10.00000000,4.00000000,3.99930957,1.99999642,0.39993115,0,0.00069043
0.05978000,10.00000000,4.00000000,3.99931336,1.99999644,0.39993153,0,0.00068664
0.05980000,10.00000000,4.00000000,3.99931713,1.99999646,0.39993190,0,0.00068287
0.05982000,10.00000000,4.00000000,3.99932087,1.99999648,0.39993228,0,0.00067913
0.05984000,10.00000000,4.00000000,3.99932460,1.99999650,0.39993265,0,0.00067540
0.05986000,10.00000000,4.00000000,3.99932830,1.99999652,0.39993302,0,0.00067170
0.05988000,10.00000000,4.00000000,3.99933199,1.99999654,0.39993339,0,0.00066801
0.05990000,10.00000000,4.00000000,3.99933565,1.99999656,0.39993375,0,0.00066435
0.05992000,10.00000000,4.00000000,3.99933929,1.99999657,0.39993412,0,0.00066071
0.05994000,10.00000000,4.00000000,3.99934292,1.99999659,0.39993448,0,0.00065708
0.05996000,10.00000000,4.00000000,3.99934652,1.99999661,0.39993484,0,0.00065348
0.05998000,10.00000000,4.00000000,3.99935011,1.99999663,0.39993519,0,0.00064989
0.06000000,10.00000000,4.00000000,3.99935367,1.99999665,0.39993555,0,0.00064633
0.06002000,10.00000000,4.00000000,3.99935722,1.99999667,0.39993590,0,0.00064278
0.06004000,10.00000000,4.00000000,3.99936074,1.99999669,0.39993625,0,0.00063926
0.06006000,10.00000000,4.00000000,3.99936425,1.99999670,0.39993660,0,0.00063575
0.06008000,10.00000000,4.00000000,3.99936773,1.99999672,0.39993695,0,0.00063227
0.06010000,10.00000000,4.00000000,3.99937120,1.99999674,0.39993730,0,0.00062880
0.06012000,10.00000000,4.00000000,3.99937465,1.99999676,0.39993764,0,0.00062535
0.06014000,10.00000000,4.00000000,3.99937808,1.99999678,0.39993798,0,0.00062192
0.06016000,10.00000000,4.00000000,3.99938149,1.99999679,0.39993832,0,0.00061851
0.06018000,10.00000000,4.00000000,3.99938488,1.99999681,0.39993866,0,0.00061512
0.06020000,10.00000000,4.00000000,3.99938826,1.99999683,0.39993900,0,0.00061174
0.06022000,10.00000000,4.00000000,3.99939161,1.99999685,0.39993933,0,0.00060839
0.06024000,10.00000000,4.00000000,3.99939495,1.99999686,0.39993967,0,0.00060505
0.06026000,10.00000000,4.00000000,3.99939827,1.99999688,0.39994000,0,0.00060173
0.06028000,10.00000000,4.00000000,3.99940157,1.99999690,0.39994033,0,0.00059843
0.06030000,10.00000000,4.00000000,3.99940485,1.99999691,0.39994065,0,0.00059515
0.06032000,10.00000000,4.00000000,3.99940812,1.99999693,0.39994098,0,0.00059188
0.06034000,10.00000000,4.00000000,3.99941136,1.99999695,0.39994130,0,0.00058864
0.06036000,10.00000000,4.00000000,3.99941459,1.99999697,0.39994162,0,0.00058541
0.06038000,10.00000000,4.00000000,3.99941780,1.99999698,0.39994194,0,0.00058220
0.06040000,10.00000000,4.00000000,3.99942100,1.99999700,0.39994226,0,0.00057900
0.06042000,10.00000000,4.00000000,3.99942417,1.99999701,0.39994258,0,0.00057583
0.06044000,10.00000000,4.00000000,3.99942733,1.99999703,0.39994289,0,0.00057267
0.06046000,10.00000000,4.00000000,3.99943047,1.99999705,0.39994321,0,0.00056953
0.06048000,10.00000000,4.00000000,3.99943359,1.99999706,0.39994352,0,0.00056641
0.06050000,10.00000000,4.00000000,3.99943670,1.99999708,0.39994383,0,0.00056330
0.06052000,10.00000000,4.00000000,3.99943979,1.99999710,0.39994414,0,0.00056021
0.06054000,10.00000000,4.00000000,3.99944286,1.99999711,0.39994444,0,0.00055714
0.06056000,10.00000000,4.00000000,3.99944592,1.99999713,0.39994475,0,0.00055408
0.06058000,10.00000000,4.00000000,3.99944896,1.99999714,0.39994505,0,0.00055104
0.06060000,10.00000000,4.00000000,3.99945198,1.99999716,0.39994535,0,0.00054802
0.06062000,10.00000000,4.00000000,3.99945499,1.99999717,0.39994565,0,0.00054501
0.06064000,10.00000000,4.00000000,3.99945798,1.99999719,0.39994595,0,0.00054202
0.06066000,10.00000000,4.00000000,3.99946095,1.99999721,0.39994625,0,0.00053905
0.06068000,10.00000000,4.00000000,3.99946391,1.99999722,0.39994654,0,0.00053609
0.06070000,10.00000000,4.00000000,3.99946685,1.99999724,0.39994683,0,0.00053315
0.06072000,10.00000000,4.00000000,3.99946977,1.99999725,0.39994713,0,0.00053023
0.06074000,10.00000000,4.00000000,3.99947268,1.99999727,0.39994742,0,0.00052732
0.06076000,10.00000000,4.00000000,3.99947557,1.99999728,0.39994770,0,0.00052443
0.06078000,10.00000000,4.00000000,3.99947845,1.99999730,0.39994799,0,0.00052155
0.06080000,10.00000000,4.00000000,3.99948131,1.99999731,0.39994828,0,0.00051869
0.06082000,10.00000000,4.00000000,3.99948415,1.99999733,0.39994856,0,0.00051585
0.06084000,10.00000000,4.00000000,3.99948698,1.99999734,0.39994884,0,0.00051302
0.06086000,10.00000000,4.00000000,3.99948980,1.99999735,0.39994912,0,0.00051020
0.06088000,10.00000000,4.00000000,3.99949259,1.99999737,0.39994940,0,0.00050741
0.06090000,10.00000000,4.00000000,3.99949538,1.99999738,0.39994968,0,0.00050462
0.06092000,10.00000000,4.00000000,3.99949815,1.99999740,0.39994996,0,0.00050185
0.06094000,10.00000000,4.00000000,3.99950090,1.99999741,0.39995023,0,0.00049910
0.06096000,10.00000000,4.00000000,3.99950364,1.99999743,0.39995050,0,0.00049636
0.06098000,10.00000000,4.00000000,3.99950636,1.99999744,0.39995077,0,0.00049364
0.06100000,10.00000000,4.00000000,3.99950907,1.99999745,0.39995104,0,0.00049093
0.06102000,10.00000000,4.00000000,3.99951176,1.99999747,0.39995131,0,0.00048824
0.06104000,10.00000000,4.00000000,3.99951444,1.99999748,0.39995158,0,0.00048556
0.06106000,10.00000000,4.00000000,3.99951710,1.99999750,0.39995185,0,0.00048290
0.06108000,10.00000000,4.00000000,3.99951975,1.99999751,0.39995211,0,0.00048025
0.06110000,10.00000000,4.00000000,3.99952238,1.99999752,0.39995237,0,0.00047762
0.06112000,10.00000000,4.00000000,3.99952500,1.99999754,0.39995263,0,0.00047500
0.06114000,10.00000000,4.00000000,3.99952761,1.99999755,0.39995289,0,0.00047239
0.06116000,10.00000000,4.00000000,3.99953020,1.99999756,0.39995315,0,0.00046980
0.06118000,10.00000000,4.00000000,3.99953278,1.99999758,0.39995341,0,0.00046722
0.06120000,10.00000000,4.00000000,3.99953534,1.99999759,0.39995366,0,0.00046466
0.06122000,10.00000000,4.00000000,3.99953789,1.99999760,0.39995392,0,0.00046211
0.06124000,10.00000000,4.00000000,3.99954042,1.99999762,0.39995417,0,0.00045958
0.06126000,10.00000000,4.00000000,3.99954294,1.99999763,0.39995442,0,0.00045706
0.06128000,10.00000000,4.00000000,3.99954545,1.99999764,0.39995467,0,0.00045455
0.06130000,10.00000000,4.00000000,3.99954794,1.99999766,0.39995492,0,0.00045206
0.06132000,10.00000000,4.00000000,3.99955042,1.99999767,0.39995517,0,0.00044958
0.06134000,10.00000000,4.00000000,3.99955289,1.99999768,0.39995541,0,0.00044711
0.06136000,10.00000000,4.00000000,3.99955534,1.99999769,0.39995566,0,0.00044466
0.06138000,10.00000000,4.00000000,3.99955778,1.99999771,0.39995590,0,0.00044222
0.06140000,10.00000000,4.00000000,3.99956020,1.99999772,0.39995614,0,0.00043980
0.06142000,10.00000000,4.00000000,3.99956262,1.99999773,0.39995638,0,0.00043738
0.06144000,10.00000000,4.00000000,3.99956502,1.99999774,0.39995662,0,0.00043498
0.06146000,10.00000000,4.00000000,3.99956740,1.99999776,0.39995686,0,0.00043260
0.06148000,10.00000000,4.00000000,3.99956977,1.99999777,0.39995710,0,0.00043023
0.06150000,10.00000000,4.00000000,3.99957213,1.99999778,0.39995733,0,0.00042787
0.06152000,10.00000000,4.00000000,3.99957448,1.99999779,0.39995757,0,0.00042552
0.06154000,10.00000000,4.00000000,3.99957681,1.99999781,0.39995780,0,0.00042319
0.06156000,10.00000000,4.00000000,3.99957914,1.99999782,0.39995803,0,0.00042086
0.06158000,10.00000000,4.00000000,3.99958144,1.99999783,0.39995826,0,0.00041856
0.06160000,10.00000000,4.00000000,3.99958374,1.99999784,0.39995849,0,0.00041626
0.06162000,10.00000000,4.00000000,3.99958602,1.99999785,0.39995872,0,0.00041398
0.06164000,10.00000000,4.00000000,3.99958829,1.99999787,0.39995895,0,0.00041171
0.06166000,10.00000000,4.00000000,3.99959055,1.99999788,0.39995917,0,0.00040945
0.06168000,10.00000000,4.00000000,3.99959280,1.99999789,0.39995939,0,0.00040720
0.06170000,10.00000000,4.00000000,3.99959503,1.99999790,0.39995962,0,0.00040497
0.06172000,10.00000000,4.00000000,3.99959725,1.99999791,0.39995984,0,0.00040275
0.06174000,10.00000000,4.00000000,3.99959946,1.99999792,0.39996006,0,0.00040054
0.06176000,10.00000000,4.00000000,3.99960166,1.99999793,0.39996028,0,0.00039834
0.06178000,10.00000000,4.00000000,3.99960384,1.99999795,0.39996050,0,0.00039616
0.06180000,10.00000000,4.00000000,3.99960602,1.99999796,0.39996071,0,0.00039398
0.06182000,10.00000000,4.00000000,3.99960818,1.99999797,0.39996093,0,0.00039182
0.06184000,10.00000000,4.00000000,3.99961033,1.99999798,0.39996114,0,0.00038967
0.06186000,10.00000000,4.00000000,3.99961246,1.99999799,0.39996136,0,0.00038754
0.06188000,10.00000000,4.00000000,3.99961459,1.99999800,0.39996157,0,0.00038541
0.06190000,10.00000000,4.00000000,3.99961670,1.99999801,0.39996178,0,0.00038330
0.06192000,10.00000000,4.00000000,3.99961881,1.99999802,0.39996199,0,0.00038119
0.06194000,10.00000000,4.00000000,3.99962090,1.99999803,0.39996220,0,0.00037910
0.06196000,10.00000000,4.00000000,3.99962298,1.99999805,0.39996240,0,0.00037702
0.06198000,10.00000000,4.00000000,3.99962504,1.99999806,0.39996261,0,0.00037496
0.06200000,10.00000000,4.00000000,3.99962710,1.99999807,0.39996282,0,0.00037290
0.06202000,10.00000000,4.00000000,3.99962915,1.99999808,0.39996302,0,0.00037085
0.06204000,10.00000000,4.00000000,3.99963118,1.99999809,0.39996322,0,0.00036882
0.06206000,10.00000000,4.00000000,3.99963320,1.99999810,0.39996342,0,0.00036680
0.06208000,10.00000000,4.00000000,3.99963521,1.99999811,0.39996362,0,0.00036479
0.06210000,10.00000000,4.00000000,3.99963721,1.99999812,0.39996382,0,0.00036279
0.06212000,10.00000000,4.00000000,3.99963920,1.99999813,0.39996402,0,0.00036080
0.06214000,10.00000000,4.00000000,3.99964118,1.99999814,0.39996422,0,0.00035882
0.06216000,10.00000000,4.00000000,3.99964315,1.99999815,0.39996442,0,0.00035685
0.06218000,10.00000000,4.00000000,3.99964511,1.99999816,0.39996461,0,0.00035489
0.06220000,10.00000000,4.00000000,3.99964706,1.99999817,0.39996480,0,0.00035294
0.06222000,10.00000000,4.00000000,3.99964899,1.99999818,0.39996500,0,0.00035101
0.06224000,10.00000000,4.00000000,3.99965092,1.99999819,0.39996519,0,0.00034908
0.06226000,10.00000000,4.00000000,3.99965283,1.99999820,0.39996538,0,0.00034717
0.06228000,10.00000000,4.00000000,3.99965474,1.99999821,0.39996557,0,0.00034526
0.06230000,10.00000000,4.00000000,3.99965663,1.99999822,0.39996576,0,0.00034337
0.06232000,10.00000000,4.00000000,3.99965851,1.99999823,0.39996595,0,0.00034149
0.06234000,10.00000000,4.00000000,3.99966039,1.99999824,0.39996613,0,0.00033961
0.06236000,10.00000000,4.00000000,3.99966225,1.99999825,0.39996632,0,0.00033775
0.06238000,10.00000000,4.00000000,3.99966410,1.99999826,0.39996650,0,0.00033590
0.06240000,10.00000000,4.00000000,3.99966594,1.99999827,0.39996669,0,0.00033406
0.06242000,10.00000000,4.00000000,3.99966778,1.99999828,0.39996687,0,0.00033222
0.06244000,10.00000000,4.00000000,3.99966960,1.99999829,0.39996705,0,0.00033040
0.06246000,10.00000000,4.00000000,3.99967141,1.99999830,0.39996723,0,0.00032859
0.06248000,10.00000000,4.00000000,3.99967321,1.99999831,0.39996741,0,0.00032679
0.06250000,10.00000000,4.00000000,3.99967500,1.99999832,0.39996759,0,0.00032500
0.06252000,10.00000000,4.00000000,3.99967679,1.99999832,0.39996777,0,0.00032321
0.06254000,10.00000000,4.00000000,3.99967856,1.99999833,0.39996795,0,0.00032144
0.06256000,10.00000000,4.00000000,3.99968032,1.99999834,0.39996812,0,0.00031968
0.06258000,10.00000000,4.00000000,3.99968208,1.99999835,0.39996830,0,0.00031792
0.06260000,10.00000000,4.00000000,3.99968382,1.99999836,0.39996847,0,0.00031618
0.06262000,10.00000000,4.00000000,3.99968555,1.99999837,0.39996864,0,0.00031445
0.06264000,10.00000000,4.00000000,3.99968728,1.99999838,0.39996882,0,0.00031272
0.06266000,10.00000000,4.00000000,3.99968899,1.99999839,0.39996899,0,0.00031101
0.06268000,10.00000000,4.00000000,3.99969070,1.99999840,0.39996916,0,0.00030930
0.06270000,10.00000000,4.00000000,3.99969240,1.99999841,0.39996933,0,0.00030760
0.06272000,10.00000000,4.00000000,3.99969408,1.99999841,0.39996949,0,0.00030592
0.06274000,10.00000000,4.00000000,3.99969576,1.99999842,0.39996966,0,0.00030424
0.06276000,10.00000000,4.00000000,3.99969743,1.99999843,0.39996983,0,0.00030257
0.06278000,10.00000000,4.00000000,3.99969909,1.99999844,0.39996999,0,0.00030091
0.06280000,10.00000000,4.00000000,3.99970074,1.99999845,0.39997016,0,0.00029926
0.06282000,10.00000000,4.00000000,3.99970238,1.99999846,0.39997032,0,0.00029762
0.06284000,10.00000000,4.00000000,3.99970401,1.99999847,0.39997048,0,0.00029599
0.06286000,10.00000000,4.00000000,3.99970564,1.99999847,0.39997065,0,0.00029436
0.06288000,10.00000000,4.00000000,3.99970725,1.99999848,0.39997081,0,0.00029275
0.06290000,10.00000000,4.00000000,3.99970886,1.99999849,0.39997097,0,0.00029114
0.06292000,10.00000000,4.00000000,3.99971045,1.99999850,0.39997113,0,0.00028955
0.06294000,10.00000000,4.00000000,3.99971204,1.99999851,0.39997129,0,0.00028796
0.06296000,10.00000000,4.00000000,3.99971362,1.99999852,0.39997144,0,0.00028638
0.06298000,10.00000000,4.00000000,3.99971519,1.99999852,0.39997160,0,0.00028481
0.06300000,10.00000000,4.00000000,3.99971676,1.99999853,0.39997176,0,0.00028324
0.06302000,10.00000000,4.00000000,3.99971831,1.99999854,0.39997191,0,0.00028169
0.06304000,10.00000000,4.00000000,3.99971985,1.99999855,0.39997206,0,0.00028015
0.06306000,10.00000000,4.00000000,3.99972139,1.99999856,0.39997222,0,0.00027861
0.06308000,10.00000000,4.00000000,3.99972292,1.99999856,0.39997237,0,0.00027708
0.06310000,10.00000000,4.00000000,3.99972444,1.99999857,0.39997252,0,0.00027556
0.06312000,10.00000000,4.00000000,3.99972595,1.99999858,0.39997267,0,0.00027405
0.06314000,10.00000000,4.00000000,3.99972745,1.99999859,0.39997282,0,0.00027255
0.06316000,10.00000000,4.00000000,3.99972895,1.99999859,0.39997297,0,0.00027105
0.06318000,10.00000000,4.00000000,3.99973043,1.99999860,0.39997312,0,0.00026957
0.06320000,10.00000000,4.00000000,3.99973191,1.99999861,0.39997327,0,0.00026809
0.06322000,10.00000000,4.00000000,3.99973338,1.99999862,0.39997341,0,0.00026662
0.06324000,10.00000000,4.00000000,3.99973485,1.99999863,0.39997356,0,0.00026515
0.06326000,10.00000000,4.00000000,3.99973630,1.99999863,0.39997370,0,0.00026370
0.06328000,10.00000000,4.00000000,3.99973775,1.99999864,0.39997385,0,0.00026225
0.06330000,10.00000000,4.00000000,3.99973919,1.99999865,0.39997399,0,0.00026081
0.06332000,10.00000000,4.00000000,3.99974062,1.99999866,0.39997413,0,0.00025938
0.06334000,10.00000000,4.00000000,3.99974204,1.99999866,0.39997428,0,0.00025796
0.06336000,10.00000000,4.00000000,3.99974345,1.99999867,0.39997442,0,0.00025655
0.06338000,10.00000000,4.00000000,3.99974486,1.99999868,0.39997456,0,0.00025514
0.06340000,10.00000000,4.00000000,3.99974626,1.99999868,0.39997470,0,0.00025374
0.06342000,10.00000000,4.00000000,3.99974765,1.99999869,0.39997484,0,0.00025235
0.06344000,10.00000000,4.00000000,3.99974904,1.99999870,0.39997497,0,0.00025096
0.06346000,10.00000000,4.00000000,3.99975041,1.99999871,0.39997511,0,0.00024959
0.06348000,10.00000000,4.00000000,3.99975178,1.99999871,0.39997525,0,0.00024822
0.06350000,10.00000000,4.00000000,3.99975314,1.99999872,0.39997538,0,0.00024686
0.06352000,10.00000000,4.00000000,3.99975450,1.99999873,0.39997552,0,0.00024550
0.06354000,10.00000000,4.00000000,3.99975584,1.99999873,0.39997565,0,0.00024416
0.06356000,10.00000000,4.00000000,3.99975718,1.99999874,0.39997579,0,0.00024282
0.06358000,10.00000000,4.00000000,3.99975851,1.99999875,0.39997592,0,0.00024149
0.06360000,10.00000000,4.00000000,3.99975984,1.99999875,0.39997605,0,0.00024016
0.06362000,10.00000000,4.00000000,3.99976116,1.99999876,0.39997618,0,0.00023884
0.06364000,10.00000000,4.00000000,3.99976247,1.99999877,0.39997631,0,0.00023753
0.06366000,10.00000000,4.00000000,3.99976377,1.99999878,0.39997644,0,0.00023623
0.06368000,10.00000000,4.00000000,3.99976506,1.99999878,0.39997657,0,0.00023494
0.06370000,10.00000000,4.00000000,3.99976635,1.99999879,0.39997670,0,0.00023365
0.06372000,10.00000000,4.00000000,3.99976763,1.99999880,0.39997683,0,0.00023237
0.06374000,10.00000000,4.00000000,3.99976891,1.99999880,0.39997696,0,0.00023109
0.06376000,10.00000000,4.00000000,3.99977018,1.99999881,0.39997708,0,0.00022982
0.06378000,10.00000000,4.00000000,3.99977144,1.99999882,0.39997721,0,0.00022856
0.06380000,10.00000000,4.00000000,3.99977269,1.99999882,0.39997733,0,0.00022731
0.06382000,10.00000000,4.00000000,3.99977394,1.99999883,0.39997746,0,0.00022606
0.06384000,10.00000000,4.00000000,3.99977518,1.99999883,0.39997758,0,0.00022482
0.06386000,10.00000000,4.00000000,3.99977641,1.99999884,0.39997770,0,0.00022359
0.06388000,10.00000000,4.00000000,3.99977764,1.99999885,0.39997783,0,0.00022236
0.06390000,10.00000000,4.00000000,3.99977886,1.99999885,0.39997795,0,0.00022114
0.06392000,10.00000000,4.00000000,3.99978007,1.99999886,0.39997807,0,0.00021993
0.06394000,10.00000000,4.00000000,3.99978128,1.99999887,0.39997819,0,0.00021872
0.06396000,10.00000000,4.00000000,3.99978248,1.99999887,0.39997831,0,0.00021752
0.06398000,10.00000000,4.00000000,3.99978367,1.99999888,0.39997843,0,0.00021633
0.06400000,10.00000000,4.00000000,3.99978486,1.99999888,0.39997855,0,0.00021514
0.06402000,10.00000000,4.00000000,3.99978604,1.99999889,0.39997866,0,0.00021396
0.06404000,10.00000000,4.00000000,3.99978721,1.99999890,0.39997878,0,0.00021279
0.06406000,10.00000000,4.00000000,3.99978838,1.99999890,0.39997890,0,0.00021162
0.06408000,10.00000000,4.00000000,3.99978954,1.99999891,0.39997901,0,0.00021046
0.06410000,10.00000000,4.00000000,3.99979069,1.99999891,0.39997913,0,0.00020931
0.06412000,10.00000000,4.00000000,3.99979184,1.99999892,0.39997924,0,0.00020816
0.06414000,10.00000000,4.00000000,3.99979298,1.99999893,0.39997936,0,0.00020702
0.06416000,10.00000000,4.00000000,3.99979412,1.99999893,0.39997947,0,0.00020588
0.06418000,10.00000000,4.00000000,3.99979525,1.99999894,0.39997958,0,0.00020475
0.06420000,10.00000000,4.00000000,3.99979637,1.99999894,0.39997969,0,0.00020363
0.06422000,10.00000000,4.00000000,3.99979749,1.99999895,0.39997981,0,0.00020251
0.06424000,10.00000000,4.00000000,3.99979860,1.99999896,0.39997992,0,0.00020140
0.06426000,10.00000000,4.00000000,3.99979970,1.99999896,0.39998003,0,0.00020030
0.06428000,10.00000000,4.00000000,3.99980080,1.99999897,0.39998014,0,0.00019920
0.06430000,10.00000000,4.00000000,3.99980189,1.99999897,0.39998024,0,0.00019811
0.06432000,10.00000000,4.00000000,3.99980298,1.99999898,0.39998035,0,0.00019702
0.06434000,10.00000000,4.00000000,3.99980406,1.99999898,0.39998046,0,0.00019594
0.06436000,10.00000000,4.00000000,3.99980513,1.99999899,0.39998057,0,0.00019487
0.06438000,10.00000000,4.00000000,3.99980620,1.99999900,0.39998067,0,0.00019380
0.06440000,10.00000000,4.00000000,3.99980727,1.99999900,0.39998078,0,0.00019273
0.06442000,10.00000000,4.00000000,3.99980832,1.99999901,0.39998089,0,0.00019168
0.06444000,10.00000000,4.00000000,3.99980937,1.99999901,0.39998099,0,0.00019063
0.06446000,10.00000000,4.00000000,3.99981042,1.99999902,0.39998110,0,0.00018958
0.06448000,10.00000000,4.00000000,3.99981146,1.99999902,0.39998120,0,0.00018854
0.06450000,10.00000000,4.00000000,3.99981249,1.99999903,0.39998130,0,0.00018751
0.06452000,10.00000000,4.00000000,3.99981352,1.99999903,0.39998140,0,0.00018648
0.06454000,10.00000000,4.00000000,3.99981455,1.99999904,0.39998151,0,0.00018545
0.06456000,10.00000000,4.00000000,3.99981556,1.99999904,0.39998161,0,0.00018444
0.06458000,10.00000000,4.00000000,3.99981657,1.99999905,0.39998171,0,0.00018343
0.06460000,10.00000000,4.00000000,3.99981758,1.99999905,0.39998181,0,0.00018242
0.06462000,10.00000000,4.00000000,3.99981858,1.99999906,0.39998191,0,0.00018142
0.06464000,10.00000000,4.00000000,3.99981958,1.99999906,0.39998201,0,0.00018042
0.06466000,10.00000000,4.00000000,3.99982057,1.99999907,0.39998211,0,0.00017943
0.06468000,10.00000000,4.00000000,3.99982155,1.99999907,0.39998221,0,0.00017845
0.06470000,10.00000000,4.00000000,3.99982253,1.99999908,0.39998230,0,0.00017747
0.06472000,10.00000000,4.00000000,3.99982350,1.99999908,0.39998240,0,0.00017650
0.06474000,10.00000000,4.00000000,3.99982447,1.99999909,0.39998250,0,0.00017553
0.06476000,10.00000000,4.00000000,3.99982543,1.99999909,0.39998259,0,0.00017457
0.06478000,10.00000000,4.00000000,3.99982639,1.99999910,0.39998269,0,0.00017361
0.06480000,10.00000000,4.00000000,3.99982734,1.99999910,0.39998278,0,0.00017266
0.06482000,10.00000000,4.00000000,3.99982829,1.99999911,0.39998288,0,0.00017171
0.06484000,10.00000000,4.00000000,3.99982923,1.99999911,0.39998297,0,0.00017077
0.06486000,10.00000000,4.00000000,3.99983017,1.99999912,0.39998306,0,0.00016983
0.06488000,10.00000000,4.00000000,3.99983110,1.99999912,0.39998316,0,0.00016890
0.06490000,10.00000000,4.00000000,3.99983203,1.99999913,0.39998325,0,0.00016797
0.06492000,10.00000000,4.00000000,3.99983295,1.99999913,0.39998334,0,0.00016705
0.06494000,10.00000000,4.00000000,3.99983386,1.99999914,0.39998343,0,0.00016614
0.06496000,10.00000000,4.00000000,3.99983477,1.99999914,0.39998352,0,0.00016523
0.06498000,10.00000000,4.00000000,3.99983568,1.99999915,0.39998361,0,0.00016432
0.06500000,10.00000000,4.00000000,3.99983658,1.99999915,0.39998370,0,0.00016342
0.06502000,10.00000000,4.00000000,3.99983748,1.99999916,0.39998379,0,0.00016252
0.06504000,10.00000000,4.00000000,3.99983837,1.99999916,0.39998388,0,0.00016163
0.06506000,10.00000000,4.00000000,3.99983926,1.99999917,0.39998397,0,0.00016074
0.06508000,10.00000000,4.00000000,3.99984014,1.99999917,0.39998406,0,0.00015986
0.06510000,10.00000000,4.00000000,3.99984101,1.99999918,0.39998415,0,0.00015899
0.06512000,10.00000000,4.00000000,3.99984189,1.99999918,0.39998423,0,0.00015811
0.06514000,10.00000000,4.00000000,3.99984275,1.99999918,0.39998432,0,0.00015725
0.06516000,10.00000000,4.00000000,3.99984362,1.99999919,0.39998441,0,0.00015638
0.06518000,10.00000000,4.00000000,3.99984447,1.99999919,0.39998449,0,0.00015553
0.06520000,10.00000000,4.00000000,3.99984533,1.99999920,0.39998458,0,0.00015467
0.06522000,10.00000000,4.00000000,3.99984618,1.99999920,0.39998466,0,0.00015382
0.06524000,10.00000000,4.00000000,3.99984702,1.99999921,0.39998475,0,0.00015298
0.06526000,10.00000000,4.00000000,3.99984786,1.99999921,0.39998483,0,0.00015214
0.06528000,10.00000000,4.00000000,3.99984869,1.99999922,0.39998491,0,0.00015131
0.06530000,10.00000000,4.00000000,3.99984952,1.99999922,0.39998499,0,0.00015048
0.06532000,10.00000000,4.00000000,3.99985035,1.99999922,0.39998508,0,0.00014965
0.06534000,10.00000000,4.00000000,3.99985117,1.99999923,0.39998516,0,0.00014883
0.06536000,10.00000000,4.00000000,3.99985199,1.99999923,0.39998524,0,0.00014801
0.06538000,10.00000000,4.00000000,3.99985280,1.99999924,0.39998532,0,0.00014720
0.06540000,10.00000000,4.00000000,3.99985360,1.99999924,0.39998540,0,0.00014640
0.06542000,10.00000000,4.00000000,3.99985441,1.99999925,0.39998548,0,0.00014559
0.06544000,10.00000000,4.00000000,3.99985521,1.99999925,0.39998556,0,0.00014479
0.06546000,10.00000000,4.00000000,3.99985600,1.99999925,0.39998564,0,0.00014400
0.06548000,10.00000000,4.00000000,3.99985679,1.99999926,0.39998572,0,0.00014321
0.06550000,10.00000000,4.00000000,3.99985758,1.99999926,0.39998580,0,0.00014242
0.06552000,10.00000000,4.00000000,3.99985836,1.99999927,0.39998588,0,0.00014164
0.06554000,10.00000000,4.00000000,3.99985913,1.99999927,0.39998595,0,0.00014087
0.06556000,10.00000000,4.00000000,3.99985991,1.99999927,0.39998603,0,0.00014009
0.06558000,10.00000000,4.00000000,3.99986067,1.99999928,0.39998611,0,0.00013933
0.06560000,10.00000000,4.00000000,3.99986144,1.99999928,0.39998618,0,0.00013856
0.06562000,10.00000000,4.00000000,3.99986220,1.99999929,0.39998626,0,0.00013780
0.06564000,10.00000000,4.00000000,3.99986295,1.99999929,0.39998633,0,0.00013705
0.06566000,10.00000000,4.00000000,3.99986371,1.99999929,0.39998641,0,0.00013629
0.06568000,10.00000000,4.00000000,3.99986445,1.99999930,0.39998648,0,0.00013555
0.06570000,10.00000000,4.00000000,3.99986520,1.99999930,0.39998656,0,0.00013480
0.06572000,10.00000000,4.00000000,3.99986594,1.99999930,0.39998663,0,0.00013406
0.06574000,10.00000000,4.00000000,3.99986667,1.99999931,0.39998670,0,0.00013333
0.06576000,10.00000000,4.00000000,3.99986740,1.99999931,0.39998678,0,0.00013260
0.06578000,10.00000000,4.00000000,3.99986813,1.99999932,0.39998685,0,0.00013187
0.06580000,10.00000000,4.00000000,3.99986885,1.99999932,0.39998692,0,0.00013115
0.06582000,10.00000000,4.00000000,3.99986957,1.99999932,0.39998699,0,0.00013043
0.06584000,10.00000000,4.00000000,3.99987029,1.99999933,0.39998707,0,0.00012971
0.06586000,10.00000000,4.00000000,3.99987100,1.99999933,0.39998714,0,0.00012900
0.06588000,10.00000000,4.00000000,3.99987171,1.99999933,0.39998721,0,0.00012829
0.06590000,10.00000000,4.00000000,3.99987241,1.99999934,0.39998728,0,0.00012759
0.06592000,10.00000000,4.00000000,3.99987311,1.99999934,0.39998735,0,0.00012689
0.06594000,10.00000000,4.00000000,3.99987381,1.99999935,0.39998742,0,0.00012619
0.06596000,10.00000000,4.00000000,3.99987450,1.99999935,0.39998749,0,0.00012550
0.06598000,10.00000000,4.00000000,3.99987519,1.99999935,0.39998755,0,0.00012481
0.06600000,10.00000000,4.00000000,3.99987587,1.99999936,0.39998762,0,0.00012413
0.06602000,10.00000000,4.00000000,3.99987655,1.99999936,0.39998769,0,0.00012345
0.06604000,10.00000000,4.00000000,3.99987723,1.99999936,0.39998776,0,0.00012277
0.06606000,10.00000000,4.00000000,3.99987790,1.99999937,0.39998782,0,0.00012210
0.06608000,10.00000000,4.00000000,3.99987857,1.99999937,0.39998789,0,0.00012143
0.06610000,10.00000000,4.00000000,3.99987924,1.99999937,0.39998796,0,0.00012076
0.06612000,10.00000000,4.00000000,3.99987990,1.99999938,0.39998802,0,0.00012010
0.06614000,10.00000000,4.00000000,3.99988056,1.99999938,0.39998809,0,0.00011944
0.06616000,10.00000000,4.00000000,3.99988122,1.99999938,0.39998815,0,0.00011878
0.06618000,10.00000000,4.00000000,3.99988187,1.99999939,0.39998822,0,0.00011813
0.06620000,10.00000000,4.00000000,3.99988251,1.99999939,0.39998828,0,0.00011749
0.06622000,10.00000000,4.00000000,3.99988316,1.99999939,0.39998835,0,0.00011684
0.06624000,10.00000000,4.00000000,3.99988380,1.99999940,0.39998841,0,0.00011620
0.06626000,10.00000000,4.00000000,3.99988444,1.99999940,0.39998848,0,0.00011556
0.06628000,10.00000000,4.00000000,3.99988507,1.99999940,0.39998854,0,0.00011493
0.06630000,10.00000000,4.00000000,3.99988570,1.99999941,0.39998860,0,0.00011430
0.06632000,10.00000000,4.00000000,3.99988633,1.99999941,0.39998866,0,0.00011367
0.06634000,10.00000000,4.00000000,3.99988695,1.99999941,0.39998873,0,0.00011305
0.06636000,10.00000000,4.00000000,3.99988757,1.99999942,0.39998879,0,0.00011243
0.06638000,10.00000000,4.00000000,3.99988819,1.99999942,0.39998885,0,0.00011181
0.06640000,10.00000000,4.00000000,3.99988880,1.99999942,0.39998891,0,0.00011120
0.06642000,10.00000000,4.00000000,3.99988941,1.99999943,0.39998897,0,0.00011059
0.06644000,10.00000000,4.00000000,3.99989002,1.99999943,0.39998903,0,0.00010998
0.06646000,10.00000000,4.00000000,3.99989062,1.99999943,0.39998909,0,0.00010938
0.06648000,10.00000000,4.00000000,3.99989122,1.99999944,0.39998915,0,0.00010878
0.06650000,10.00000000,4.00000000,3.99989182,1.99999944,0.39998921,0,0.00010818
0.06652000,10.00000000,4.00000000,3.99989241,1.99999944,0.39998927,0,0.00010759
0.06654000,10.00000000,4.00000000,3.99989300,1.99999945,0.39998933,0,0.00010700
0.06656000,10.00000000,4.00000000,3.99989359,1.99999945,0.39998939,0,0.00010641
0.06658000,10.00000000,4.00000000,3.99989417,1.99999945,0.39998945,0,0.00010583
0.06660000,10.00000000,4.00000000,3.99989475,1.99999945,0.39998950,0,0.00010525
0.06662000,10.00000000,4.00000000,3.99989533,1.99999946,0.39998956,0,0.00010467
0.06664000,10.00000000,4.00000000,3.99989590,1.99999946,0.39998962,0,0.00010410
0.06666000,10.00000000,4.00000000,3.99989647,1.99999946,0.39998968,0,0.00010353
0.06668000,10.00000000,4.00000000,3.99989704,1.99999947,0.39998973,0,0.00010296
0.06670000,10.00000000,4.00000000,3.99989761,1.99999947,0.39998979,0,0.00010239
0.06672000,10.00000000,4.00000000,3.99989817,1.99999947,0.39998985,0,0.00010183
0.06674000,10.00000000,4.00000000,3.99989873,1.99999947,0.39998990,0,0.00010127
0.06676000,10.00000000,4.00000000,3.99989928,1.99999948,0.39998996,0,0.00010072
0.06678000,10.00000000,4.00000000,3.99989984,1.99999948,0.39999001,0,0.00010016
0.06680000,10.00000000,4.00000000,3.99990038,1.99999948,0.39999007,0,0.00009962
0.06682000,10.00000000,4.00000000,3.99990093,1.99999949,0.39999012,0,0.00009907
0.06684000,10.00000000,4.00000000,3.99990147,1.99999949,0.39999018,0,0.00009853
0.06686000,10.00000000,4.00000000,3.99990202,1.99999949,0.39999023,0,0.00009798
0.06688000,10.00000000,4.00000000,3.99990255,1.99999949,0.39999028,0,0.00009745
0.06690000,10.00000000,4.00000000,3.99990309,1.99999950,0.39999034,0,0.00009691
0.06692000,10.00000000,4.00000000,3.99990362,1.99999950,0.39999039,0,0.00009638
0.06694000,10.00000000,4.00000000,3.99990415,1.99999950,0.39999044,0,0.00009585
0.06696000,10.00000000,4.00000000,3.99990467,1.99999951,0.39999049,0,0.00009533
0.06698000,10.00000000,4.00000000,3.99990520,1.99999951,0.39999055,0,0.00009480
0.06700000,10.00000000,4.00000000,3.99990572,1.99999951,0.39999060,0,0.00009428
0.06702000,10.00000000,4.00000000,3.99990623,1.99999951,0.39999065,0,0.00009377
0.06704000,10.00000000,4.00000000,3.99990675,1.99999952,0.39999070,0,0.00009325
0.06706000,10.00000000,4.00000000,3.99990726,1.99999952,0.39999075,0,0.00009274
0.06708000,10.00000000,4.00000000,3.99990777,1.99999952,0.39999080,0,0.00009223
0.06710000,10.00000000,4.00000000,3.99990827,1.99999952,0.39999085,0,0.00009173
0.06712000,10.00000000,4.00000000,3.99990878,1.99999953,0.39999090,0,0.00009122
0.06714000,10.00000000,4.00000000,3.99990928,1.99999953,0.39999095,0,0.00009072
0.06716000,10.00000000,4.00000000,3.99990977,1.99999953,0.39999100,0,0.00009023
0.06718000,10.00000000,4.00000000,3.99991027,1.99999953,0.39999105,0,0.00008973
0.06720000,10.00000000,4.00000000,3.99991076,1.99999954,0.39999110,0,0.00008924
0.06722000,10.00000000,4.00000000,3.99991125,1.99999954,0.39999115,0,0.00008875
0.06724000,10.00000000,4.00000000,3.99991174,1.99999954,0.39999120,0,0.00008826
0.06726000,10.00000000,4.00000000,3.99991222,1.99999954,0.39999125,0,0.00008778
0.06728000,10.00000000,4.00000000,3.99991270,1.99999955,0.39999129,0,0.00008730
0.06730000,10.00000000,4.00000000,3.99991318,1.99999955,0.39999134,0,0.00008682
0.06732000,10.00000000,4.00000000,3.99991366,1.99999955,0.39999139,0,0.00008634
0.06734000,10.00000000,4.00000000,3.99991413,1.99999955,0.39999144,0,0.00008587
0.06736000,10.00000000,4.00000000,3.99991460,1.99999956,0.39999148,0,0.00008540
0.06738000,10.00000000,4.00000000,3.99991507,1.99999956,0.39999153,0,0.00008493
0.06740000,10.00000000,4.00000000,3.99991554,1.99999956,0.39999158,0,0.00008446
0.06742000,10.00000000,4.00000000,3.99991600,1.99999956,0.39999162,0,0.00008400
0.06744000,10.00000000,4.00000000,3.99991646,1.99999957,0.39999167,0,0.00008354
0.06746000,10.00000000,4.00000000,3.99991692,1.99999957,0.39999172,0,0.00008308
0.06748000,10.00000000,4.00000000,3.99991737,1.99999957,0.39999176,0,0.00008263
0.06750000,10.00000000,4.00000000,3.99991783,1.99999957,0.39999181,0,0.00008217
0.06752000,10.00000000,4.00000000,3.99991828,1.99999958,0.39999185,0,0.00008172
0.06754000,10.00000000,4.00000000,3.99991873,1.99999958,0.39999190,0,0.00008127
0.06756000,10.00000000,4.00000000,3.99991917,1.99999958,0.39999194,0,0.00008083
0.06758000,10.00000000,4.00000000,3.99991962,1.99999958,0.39999198,0,0.00008038
0.06760000,10.00000000,4.00000000,3.99992006,1.99999959,0.39999203,0,0.00007994
0.06762000,10.00000000,4.00000000,3.99992050,1.99999959,0.39999207,0,0.00007950
0.06764000,10.00000000,4.00000000,3.99992093,1.99999959,0.39999212,0,0.00007907
0.06766000,10.00000000,4.00000000,3.99992137,1.99999959,0.39999216,0,0.00007863
0.06768000,10.00000000,4.00000000,3.99992180,1.99999959,0.39999220,0,0.00007820
0.06770000,10.00000000,4.00000000,3.99992223,1.99999960,0.39999224,0,0.00007777
0.06772000,10.00000000,4.00000000,3.99992265,1.99999960,0.39999229,0,0.00007735
0.06774000,10.00000000,4.00000000,3.99992308,1.99999960,0.39999233,0,0.00007692
0.06776000,10.00000000,4.00000000,3.99992350,1.99999960,0.39999237,0,0.00007650
0.06778000,10.00000000,4.00000000,3.99992392,1.99999961,0.39999241,0,0.00007608
0.06780000,10.00000000,4.00000000,3.99992434,1.99999961,0.39999245,0,0.00007566
0.06782000,10.00000000,4.00000000,3.99992475,1.99999961,0.39999250,0,0.00007525
0.06784000,10.00000000,4.00000000,3.99992516,1.99999961,0.39999254,0,0.00007484
0.06786000,10.00000000,4.00000000,3.99992557,1.99999961,0.39999258,0,0.00007443
0.06788000,10.00000000,4.00000000,3.99992598,1.99999962,0.39999262,0,0.00007402
0.06790000,10.00000000,4.00000000,3.99992639,1.99999962,0.39999266,0,0.00007361
0.06792000,10.00000000,4.00000000,3.99992679,1.99999962,0.39999270,0,0.00007321
0.06794000,10.00000000,4.00000000,3.99992719,1.99999962,0.39999274,0,0.00007281
0.06796000,10.00000000,4.00000000,3.99992759,1.99999962,0.39999278,0,0.00007241
0.06798000,10.00000000,4.00000000,3.99992799,1.99999963,0.39999282,0,0.00007201
0.06800000,10.00000000,4.00000000,3.99992838,1.99999963,0.39999286,0,0.00007162
0.06802000,10.00000000,4.00000000,3.99992878,1.99999963,0.39999290,0,0.00007122
0.06804000,10.00000000,4.00000000,3.99992917,1.99999963,0.39999294,0,0.00007083
0.06806000,10.00000000,4.00000000,3.99992956,1.99999963,0.39999298,0,0.00007044
0.06808000,10.00000000,4.00000000,3.99992994,1.99999964,0.39999301,0,0.00007006
0.06810000,10.00000000,4.00000000,3.99993033,1.99999964,0.39999305,0,0.00006967
0.06812000,10.00000000,4.00000000,3.99993071,1.99999964,0.39999309,0,0.00006929
0.06814000,10.00000000,4.00000000,3.99993109,1.99999964,0.39999313,0,0.00006891
0.06816000,10.00000000,4.00000000,3.99993147,1.99999964,0.39999317,0,0.00006853
0.06818000,10.00000000,4.00000000,3.99993184,1.99999965,0.39999320,0,0.00006816
0.06820000,10.00000000,4.00000000,3.99993222,1.99999965,0.39999324,0,0.00006778
0.06822000,10.00000000,4.00000000,3.99993259,1.99999965,0.39999328,0,0.00006741
0.06824000,10.00000000,4.00000000,3.99993296,1.99999965,0.39999331,0,0.00006704
0.06826000,10.00000000,4.00000000,3.99993333,1.99999965,0.39999335,0,0.00006667
0.06828000,10.00000000,4.00000000,3.99993369,1.99999966,0.39999339,0,0.00006631
0.06830000,10.00000000,4.00000000,3.99993406,1.99999966,0.39999342,0,0.00006594
0.06832000,10.00000000,4.00000000,3.99993442,1.99999966,0.39999346,0,0.00006558
0.06834000,10.00000000,4.00000000,3.99993478,1.99999966,0.39999350,0,0.00006522
0.06836000,10.00000000,4.00000000,3.99993513,1.99999966,0.39999353,0,0.00006487
0.06838000,10.00000000,4.00000000,3.99993549,1.99999967,0.39999357,0,0.00006451
0.06840000,10.00000000,4.00000000,3.99993584,1.99999967,0.39999360,0,0.00006416
0.06842000,10.00000000,4.00000000,3.99993620,1.99999967,0.39999364,0,0.00006380
0.06844000,10.00000000,4.00000000,3.99993655,1.99999967,0.39999367,0,0.00006345
0.06846000,10.00000000,4.00000000,3.99993689,1.99999967,0.39999371,0,0.00006311
0.06848000,10.00000000,4.00000000,3.99993724,1.99999967,0.39999374,0,0.00006276
0.06850000,10.00000000,4.00000000,3.99993758,1.99999968,0.39999378,0,0.00006242
0.06852000,10.00000000,4.00000000,3.99993793,1.99999968,0.39999381,0,0.00006207
0.06854000,10.00000000,4.00000000,3.99993827,1.99999968,0.39999384,0,0.00006173
0.06856000,10.00000000,4.00000000,3.99993861,1.99999968,0.39999388,0,0.00006139
0.06858000,10.00000000,4.00000000,3.99993894,1.99999968,0.39999391,0,0.00006106
0.06860000,10.00000000,4.00000000,3.99993928,1.99999969,0.39999394,0,0.00006072
0.06862000,10.00000000,4.00000000,3.99993961,1.99999969,0.39999398,0,0.00006039
0.06864000,10.00000000,4.00000000,3.99993994,1.99999969,0.39999401,0,0.00006006
0.06866000,10.00000000,4.00000000,3.99994027,1.99999969,0.39999404,0,0.00005973
0.06868000,10.00000000,4.00000000,3.99994060,1.99999969,0.39999408,0,0.00005940
0.06870000,10.00000000,4.00000000,3.99994092,1.99999969,0.39999411,0,0.00005908
0.06872000,10.00000000,4.00000000,3.99994125,1.99999970,0.39999414,0,0.00005875
0.06874000,10.00000000,4.00000000,3.99994157,1.99999970,0.39999417,0,0.00005843
0.06876000,10.00000000,4.00000000,3.99994189,1.99999970,0.39999421,0,0.00005811
0.06878000,10.00000000,4.00000000,3.99994221,1.99999970,0.39999424,0,0.00005779
0.06880000,10.00000000,4.00000000,3.99994253,1.99999970,0.39999427,0,0.00005747
0.06882000,10.00000000,4.00000000,3.99994284,1.99999970,0.39999430,0,0.00005716
0.06884000,10.00000000,4.00000000,3.99994316,1.99999971,0.39999433,0,0.00005684
0.06886000,10.00000000,4.00000000,3.99994347,1.99999971,0.39999436,0,0.00005653
0.06888000,10.00000000,4.00000000,3.99994378,1.99999971,0.39999439,0,0.00005622
0.06890000,10.00000000,4.00000000,3.99994409,1.99999971,0.39999442,0,0.00005591
0.06892000,10.00000000,4.00000000,3.99994439,1.99999971,0.39999445,0,0.00005561
0.06894000,10.00000000,4.00000000,3.99994470,1.99999971,0.39999449,0,0.00005530
0.06896000,10.00000000,4.00000000,3.99994500,1.99999971,0.39999452,0,0.00005500
0.06898000,10.00000000,4.00000000,3.99994530,1.99999972,0.39999455,0,0.00005470
0.06900000,10.00000000,4.00000000,3.99994560,1.99999972,0.39999458,0,0.00005440
0.06902000,10.00000000,4.00000000,3.99994590,1.99999972,0.39999461,0,0.00005410
0.06904000,10.00000000,4.00000000,3.99994620,1.99999972,0.39999463,0,0.00005380
0.06906000,10.00000000,4.00000000,3.99994649,1.99999972,0.39999466,0,0.00005351
0.06908000,10.00000000,4.00000000,3.99994679,1.99999972,0.39999469,0,0.00005321
0.06910000,10.00000000,4.00000000,3.99994708,1.99999973,0.39999472,0,0.00005292
0.06912000,10.00000000,4.00000000,3.99994737,1.99999973,0.39999475,0,0.00005263
0.06914000,10.00000000,4.00000000,3.99994766,1.99999973,0.39999478,0,0.00005234
0.06916000,10.00000000,4.00000000,3.99994794,1.99999973,0.39999481,0,0.00005206
0.06918000,10.00000000,4.00000000,3.99994823,1.99999973,0.39999484,0,0.00005177
0.06920000,10.00000000,4.00000000,3.99994851,1.99999973,0.39999487,0,0.00005149
0.06922000,10.00000000,4.00000000,3.99994880,1.99999973,0.39999489,0,0.00005120
0.06924000,10.00000000,4.00000000,3.99994908,1.99999974,0.39999492,0,0.00005092
0.06926000,10.00000000,4.00000000,3.99994936,1.99999974,0.39999495,0,0.00005064
0.06928000,10.00000000,4.00000000,3.99994963,1.99999974,0.39999498,0,0.00005037
0.06930000,10.00000000,4.00000000,3.99994991,1.99999974,0.39999501,0,0.00005009
0.06932000,10.00000000,4.00000000,3.99995019,1.99999974,0.39999503,0,0.00004981
0.06934000,10.00000000,4.00000000,3.99995046,1.99999974,0.39999506,0,0.00004954
0.06936000,10.00000000,4.00000000,3.99995073,1.99999974,0.39999509,0,0.00004927
0.06938000,10.00000000,4.00000000,3.99995100,1.99999975,0.39999511,0,0.00004900
0.06940000,10.00000000,4.00000000,3.99995127,1.99999975,0.39999514,0,0.00004873
0.06942000,10.00000000,4.00000000,3.99995154,1.99999975,0.39999517,0,0.00004846
0.06944000,10.00000000,4.00000000,3.99995180,1.99999975,0.39999519,0,0.00004820
0.06946000,10.00000000,4.00000000,3.99995207,1.99999975,0.39999522,0,0.00004793
0.06948000,10.00000000,4.00000000,3.99995233,1.99999975,0.39999525,0,0.00004767
0.06950000,10.00000000,4.00000000,3.99995259,1.99999975,0.39999527,0,0.00004741
0.06952000,10.00000000,4.00000000,3.99995285,1.99999976,0.39999530,0,0.00004715
0.06954000,10.00000000,4.00000000,3.99995311,1.99999976,0.39999532,0,0.00004689
0.06956000,10.00000000,4.00000000,3.99995337,1.99999976,0.39999535,0,0.00004663
0.06958000,10.00000000,4.00000000,3.99995362,1.99999976,0.39999538,0,0.00004638
0.06960000,10.00000000,4.00000000,3.99995388,1.99999976,0.39999540,0,0.00004612
0.06962000,10.00000000,4.00000000,3.99995413,1.99999976,0.39999543,0,0.00004587
0.06964000,10.00000000,4.00000000,3.99995438,1.99999976,0.39999545,0,0.00004562
0.06966000,10.00000000,4.00000000,3.99995463,1.99999976,0.39999548,0,0.00004537
0.06968000,10.00000000,4.00000000,3.99995488,1.99999977,0.39999550,0,0.00004512
0.06970000,10.00000000,4.00000000,3.99995513,1.99999977,0.39999553,0,0.00004487
0.06972000,10.00000000,4.00000000,3.99995537,1.99999977,0.39999555,0,0.00004463
0.06974000,10.00000000,4.00000000,3.99995562,1.99999977,0.39999557,0,0.00004438
0.06976000,10.00000000,4.00000000,3.99995586,1.99999977,0.39999560,0,0.00004414
0.06978000,10.00000000,4.00000000,3.99995610,1.99999977,0.39999562,0,0.00004390
0.06980000,10.00000000,4.00000000,3.99995635,1.99999977,0.39999565,0,0.00004365
0.06982000,10.00000000,4.00000000,3.99995658,1.99999977,0.39999567,0,0.00004342
0.06984000,10.00000000,4.00000000,3.99995682,1.99999978,0.39999569,0,0.00004318
0.06986000,10.00000000,4.00000000,3.99995706,1.99999978,0.39999572,0,0.00004294
0.06988000,10.00000000,4.00000000,3.99995730,1.99999978,0.39999574,0,0.00004270
0.06990000,10.00000000,4.00000000,3.99995753,1.99999978,0.39999576,0,0.00004247
0.06992000,10.00000000,4.00000000,3.99995776,1.99999978,0.39999579,0,0.00004224
0.06994000,10.00000000,4.00000000,3.99995799,1.99999978,0.39999581,0,0.00004201
0.06996000,10.00000000,4.00000000,3.99995822,1.99999978,0.39999583,0,0.00004178
0.06998000,10.00000000,4.00000000,3.99995845,1.99999978,0.39999586,0,0.00004155
0.07000000,10.00000000,4.00000000,3.99995868,1.99999979,0.39999588,0,0.00004132
0.07002000,10.00000000,4.00000000,3.99995891,1.99999979,0.39999590,0,0.00004109
0.07004000,10.00000000,4.00000000,3.99995913,1.99999979,0.39999592,0,0.00004087
0.07006000,10.00000000,4.00000000,3.99995936,1.99999979,0.39999595,0,0.00004064
0.07008000,10.00000000,4.00000000,3.99995958,1.99999979,0.39999597,0,0.00004042
0.07010000,10.00000000,4.00000000,3.99995980,1.99999979,0.39999599,0,0.00004020
0.07012000,10.00000000,4.00000000,3.99996002,1.99999979,0.39999601,0,0.00003998
0.07014000,10.00000000,4.00000000,3.99996024,1.99999979,0.39999604,0,0.00003976
0.07016000,10.00000000,4.00000000,3.99996046,1.99999980,0.39999606,0,0.00003954
0.07018000,10.00000000,4.00000000,3.99996068,1.99999980,0.39999608,0,0.00003932
0.07020000,10.00000000,4.00000000,3.99996089,1.99999980,0.39999610,0,0.00003911
0.07022000,10.00000000,4.00000000,3.99996111,1.99999980,0.39999612,0,0.00003889
0.07024000,10.00000000,4.00000000,3.99996132,1.99999980,0.39999614,0,0.00003868
0.07026000,10.00000000,4.00000000,3.99996153,1.99999980,0.39999616,0,0.00003847
0.07028000,10.00000000,4.00000000,3.99996174,1.99999980,0.39999619,0,0.00003826
0.07030000,10.00000000,4.00000000,3.99996195,1.99999980,0.39999621,0,0.00003805
0.07032000,10.00000000,4.00000000,3.99996216,1.99999980,0.39999623,0,0.00003784
0.07034000,10.00000000,4.00000000,3.99996237,1.99999980,0.39999625,0,0.00003763
0.07036000,10.00000000,4.00000000,3.99996258,1.99999981,0.39999627,0,0.00003742
0.07038000,10.00000000,4.00000000,3.99996278,1.99999981,0.39999629,0,0.00003722
0.07040000,10.00000000,4.00000000,3.99996299,1.99999981,0.39999631,0,0.00003701
0.07042000,10.00000000,4.00000000,3.99996319,1.99999981,0.39999633,0,0.00003681
0.07044000,10.00000000,4.00000000,3.99996339,1.99999981,0.39999635,0,0.00003661
0.07046000,10.00000000,4.00000000,3.99996359,1.99999981,0.39999637,0,0.00003641
0.07048000,10.00000000,4.00000000,3.99996379,1.99999981,0.39999639,0,0.00003621
0.07050000,10.00000000,4.00000000,3.99996399,1.99999981,0.39999641,0,0.00003601
0.07052000,10.00000000,4.00000000,3.99996419,1.99999981,0.39999643,0,0.00003581
0.07054000,10.00000000,4.00000000,3.99996438,1.99999982,0.39999645,0,0.00003562
0.07056000,10.00000000,4.00000000,3.99996458,1.99999982,0.39999647,0,0.00003542
0.07058000,10.00000000,4.00000000,3.99996477,1.99999982,0.39999649,0,0.00003523
0.07060000,10.00000000,4.00000000,3.99996497,1.99999982,0.39999651,0,0.00003503
0.07062000,10.00000000,4.00000000,3.99996516,1.99999982,0.39999653,0,0.00003484
0.07064000,10.00000000,4.00000000,3.99996535,1.99999982,0.39999654,0,0.00003465
0.07066000,10.00000000,4.00000000,3.99996554,1.99999982,0.39999656,0,0.00003446
0.07068000,10.00000000,4.00000000,3.99996573,1.99999982,0.39999658,0,0.00003427
0.07070000,10.00000000,4.00000000,3.99996592,1.99999982,0.39999660,0,0.00003408
0.07072000,10.00000000,4.00000000,3.99996610,1.99999982,0.39999662,0,0.00003390
0.07074000,10.00000000,4.00000000,3.99996629,1.99999983,0.39999664,0,0.00003371
0.07076000,10.00000000,4.00000000,3.99996647,1.99999983,0.39999666,0,0.00003353
0.07078000,10.00000000,4.00000000,3.99996666,1.99999983,0.39999668,0,0.00003334
0.07080000,10.00000000,4.00000000,3.99996684,1.99999983,0.39999669,0,0.00003316
0.07082000,10.00000000,4.00000000,3.99996702,1.99999983,0.39999671,0,0.00003298
0.07084000,10.00000000,4.00000000,3.99996720,1.99999983,0.39999673,0,0.00003280
0.07086000,10.00000000,4.00000000,3.99996738,1.99999983,0.39999675,0,0.00003262
0.07088000,10.00000000,4.00000000,3.99996756,1.99999983,0.39999677,0,0.00003244
0.07090000,10.00000000,4.00000000,3.99996774,1.99999983,0.39999678,0,0.00003226
0.07092000,10.00000000,4.00000000,3.99996792,1.99999983,0.39999680,0,0.00003208
0.07094000,10.00000000,4.00000000,3.99996809,1.99999983,0.39999682,0,0.00003191
0.07096000,10.00000000,4.00000000,3.99996827,1.99999984,0.39999684,0,0.00003173
0.07098000,10.00000000,4.00000000,3.99996844,1.99999984,0.39999685,0,0.00003156
0.07100000,10.00000000,4.00000000,3.99996862,1.99999984,0.39999687,0,0.00003138
0.07102000,10.00000000,4.00000000,3.99996879,1.99999984,0.39999689,0,0.00003121
0.07104000,10.00000000,4.00000000,3.99996896,1.99999984,0.39999690,0,0.00003104
0.07106000,10.00000000,4.00000000,3.99996913,1.99999984,0.39999692,0,0.00003087
0.07108000,10.00000000,4.00000000,3.99996930,1.99999984,0.39999694,0,0.00003070
0.07110000,10.00000000,4.00000000,3.99996947,1.99999984,0.39999696,0,0.00003053
0.07112000,10.00000000,4.00000000,3.99996963,1.99999984,0.39999697,0,0.00003037
0.07114000,10.00000000,4.00000000,3.99996980,1.99999984,0.39999699,0,0.00003020
0.07116000,10.00000000,4.00000000,3.99996997,1.99999984,0.39999701,0,0.00003003
0.07118000,10.00000000,4.00000000,3.99997013,1.99999985,0.39999702,0,0.00002987
0.07120000,10.00000000,4.00000000,3.99997029,1.99999985,0.39999704,0,0.00002971
0.07122000,10.00000000,4.00000000,3.99997046,1.99999985,0.39999705,0,0.00002954
0.07124000,10.00000000,4.00000000,3.99997062,1.99999985,0.39999707,0,0.00002938
0.07126000,10.00000000,4.00000000,3.99997078,1.99999985,0.39999709,0,0.00002922
0.07128000,10.00000000,4.00000000,3.99997094,1.99999985,0.39999710,0,0.00002906
0.07130000,10.00000000,4.00000000,3.99997110,1.99999985,0.39999712,0,0.00002890
0.07132000,10.00000000,4.00000000,3.99997126,1.99999985,0.39999713,0,0.00002874
0.07134000,10.00000000,4.00000000,3.99997142,1.99999985,0.39999715,0,0.00002858
0.07136000,10.00000000,4.00000000,3.99997157,1.99999985,0.39999717,0,0.00002843
0.07138000,10.00000000,4.00000000,3.99997173,1.99999985,0.39999718,0,0.00002827
0.07140000,10.00000000,4.00000000,3.99997188,1.99999985,0.39999720,0,0.00002812
0.07142000,10.00000000,4.00000000,3.99997204,1.99999986,0.39999721,0,0.00002796
0.07144000,10.00000000,4.00000000,3.99997219,1.99999986,0.39999723,0,0.00002781
0.07146000,10.00000000,4.00000000,3.99997234,1.99999986,0.39999724,0,0.00002766
0.07148000,10.00000000,4.00000000,3.99997250,1.99999986,0.39999726,0,0.00002750
0.07150000,10.00000000,4.00000000,3.99997265,1.99999986,0.39999727,0,0.00002735
0.07152000,10.00000000,4.00000000,3.99997280,1.99999986,0.39999729,0,0.00002720
0.07154000,10.00000000,4.00000000,3.99997295,1.99999986,0.39999730,0,0.00002705
0.07156000,10.00000000,4.00000000,3.99997309,1.99999986,0.39999732,0,0.00002691
0.07158000,10.00000000,4.00000000,3.99997324,1.99999986,0.39999733,0,0.00002676
0.07160000,10.00000000,4.00000000,3.99997339,1.99999986,0.39999735,0,0.00002661
0.07162000,10.00000000,4.00000000,3.99997354,1.99999986,0.39999736,0,0.00002646
0.07164000,10.00000000,4.00000000,3.99997368,1.99999986,0.39999738,0,0.00002632
0.07166000,10.00000000,4.00000000,3.99997382,1.99999986,0.39999739,0,0.00002618
0.07168000,10.00000000,4.00000000,3.99997397,1.99999987,0.39999740,0,0.00002603
0.07170000,10.00000000,4.00000000,3.99997411,1.99999987,0.39999742,0,0.00002589
0.07172000,10.00000000,4.00000000,3.99997425,1.99999987,0.39999743,0,0.00002575
0.07174000,10.00000000,4.00000000,3.99997439,1.99999987,0.39999745,0,0.00002561
0.07176000,10.00000000,4.00000000,3.99997453,1.99999987,0.39999746,0,0.00002547
0.07178000,10.00000000,4.00000000,3.99997467,1.99999987,0.39999747,0,0.00002533
0.07180000,10.00000000,4.00000000,3.99997481,1.99999987,0.39999749,0,0.00002519
0.07182000,10.00000000,4.00000000,3.99997495,1.99999987,0.39999750,0,0.00002505
0.07184000,10.00000000,4.00000000,3.99997509,1.99999987,0.39999752,0,0.00002491
0.07186000,10.00000000,4.00000000,3.99997523,1.99999987,0.39999753,0,0.00002477
0.07188000,10.00000000,4.00000000,3.99997536,1.99999987,0.39999754,0,0.00002464
0.07190000,10.00000000,4.00000000,3.99997550,1.99999987,0.39999756,0,0.00002450
0.07192000,10.00000000,4.00000000,3.99997563,1.99999987,0.39999757,0,0.00002437
0.07194000,10.00000000,4.00000000,3.99997576,1.99999987,0.39999758,0,0.00002424
0.07196000,10.00000000,4.00000000,3.99997590,1.99999988,0.39999760,0,0.00002410
0.07198000,10.00000000,4.00000000,3.99997603,1.99999988,0.39999761,0,0.00002397
0.07200000,10.00000000,4.00000000,3.99997616,1.99999988,0.39999762,0,0.00002384
0.07202000,10.00000000,4.00000000,3.99997629,1.99999988,0.39999764,0,0.00002371
0.07204000,10.00000000,4.00000000,3.99997642,1.99999988,0.39999765,0,0.00002358
0.07206000,10.00000000,4.00000000,3.99997655,1.99999988,0.39999766,0,0.00002345
0.07208000,10.00000000,4.00000000,3.99997668,1.99999988,0.39999767,0,0.00002332
0.07210000,10.00000000,4.00000000,3.99997681,1.99999988,0.39999769,0,0.00002319
0.07212000,10.00000000,4.00000000,3.99997693,1.99999988,0.39999770,0,0.00002307
0.07214000,10.00000000,4.00000000,3.99997706,1.99999988,0.39999771,0,0.00002294
0.07216000,10.00000000,4.00000000,3.99997719,1.99999988,0.39999773,0,0.00002281
0.07218000,10.00000000,4.00000000,3.99997731,1.99999988,0.39999774,0,0.00002269
0.07220000,10.00000000,4.00000000,3.99997744,1.99999988,0.39999775,0,0.00002256
0.07222000,10.00000000,4.00000000,3.99997756,1.99999988,0.39999776,0,0.00002244
0.07224000,10.00000000,4.00000000,3.99997768,1.99999988,0.39999777,0,0.00002232
0.07226000,10.00000000,4.00000000,3.99997781,1.99999988,0.39999779,0,0.00002219
0.07228000,10.00000000,4.00000000,3.99997793,1.99999989,0.39999780,0,0.00002207
0.07230000,10.00000000,4.00000000,3.99997805,1.99999989,0.39999781,0,0.00002195
0.07232000,10.00000000,4.00000000,3.99997817,1.99999989,0.39999782,0,0.00002183
0.07234000,10.00000000,4.00000000,3.99997829,1.99999989,0.39999784,0,0.00002171
0.07236000,10.00000000,4.00000000,3.99997841,1.99999989,0.39999785,0,0.00002159
0.07238000,10.00000000,4.00000000,3.99997853,1.99999989,0.39999786,0,0.00002147
0.07240000,10.00000000,4.00000000,3.99997864,1.99999989,0.39999787,0,0.00002136
0.07242000,10.00000000,4.00000000,3.99997876,1.99999989,0.39999788,0,0.00002124
0.07244000,10.00000000,4.00000000,3.99997888,1.99999989,0.39999789,0,0.00002112
0.07246000,10.00000000,4.00000000,3.99997899,1.99999989,0.39999791,0,0.00002101
0.07248000,10.00000000,4.00000000,3.99997911,1.99999989,0.39999792,0,0.00002089
0.07250000,10.00000000,4.00000000,3.99997922,1.99999989,0.39999793,0,0.00002078
0.07252000,10.00000000,4.00000000,3.99997934,1.99999989,0.39999794,0,0.00002066
0.07254000,10.00000000,4.00000000,3.99997945,1.99999989,0.39999795,0,0.00002055
0.07256000,10.00000000,4.00000000,3.99997956,1.99999989,0.39999796,0,0.00002044
0.07258000,10.00000000,4.00000000,3.99997968,1.99999989,0.39999797,0,0.00002032
0.07260000,10.00000000,4.00000000,3.99997979,1.99999990,0.39999798,0,0.00002021
0.07262000,10.00000000,4.00000000,3.99997990,1.99999990,0.39999800,0,0.00002010
0.07264000,10.00000000,4.00000000,3.99998001,1.99999990,0.39999801,0,0.00001999
0.07266000,10.00000000,4.00000000,3.99998012,1.99999990,0.39999802,0,0.00001988
0.07268000,10.00000000,4.00000000,3.99998023,1.99999990,0.39999803,0,0.00001977
0.07270000,10.00000000,4.00000000,3.99998034,1.99999990,0.39999804,0,0.00001966
0.07272000,10.00000000,4.00000000,3.99998044,1.99999990,0.39999805,0,0.00001956
0.07274000,10.00000000,4.00000000,3.99998055,1.99999990,0.39999806,0,0.00001945
0.07276000,10.00000000,4.00000000,3.99998066,1.99999990,0.39999807,0,0.00001934
0.07278000,10.00000000,4.00000000,3.99998076,1.99999990,0.39999808,0,0.00001924
0.07280000,10.00000000,4.00000000,3.99998087,1.99999990,0.39999809,0,0.00001913
0.07282000,10.00000000,4.00000000,3.99998097,1.99999990,0.39999810,0,0.00001903
0.07284000,10.00000000,4.00000000,3.99998108,1.99999990,0.39999811,0,0.00001892
0.07286000,10.00000000,4.00000000,3.99998118,1.99999990,0.39999812,0,0.00001882
0.07288000,10.00000000,4.00000000,3.99998129,1.99999990,0.39999813,0,0.00001871
0.07290000,10.00000000,4.00000000,3.99998139,1.99999990,0.39999814,0,0.00001861
0.07292000,10.00000000,4.00000000,3.99998149,1.99999990,0.39999815,0,0.00001851
0.07294000,10.00000000,4.00000000,3.99998159,1.99999990,0.39999816,0,0.00001841
0.07296000,10.00000000,4.00000000,3.99998169,1.99999991,0.39999817,0,0.00001831
0.07298000,10.00000000,4.00000000,3.99998179,1.99999991,0.39999818,0,0.00001821
0.07300000,10.00000000,4.00000000,3.99998189,1.99999991,0.39999819,0,0.00001811
0.07302000,10.00000000,4.00000000,3.99998199,1.99999991,0.39999820,0,0.00001801
0.07304000,10.00000000,4.00000000,3.99998209,1.99999991,0.39999821,0,0.00001791
0.07306000,10.00000000,4.00000000,3.99998219,1.99999991,0.39999822,0,0.00001781
0.07308000,10.00000000,4.00000000,3.99998229,1.99999991,0.39999823,0,0.00001771
0.07310000,10.00000000,4.00000000,3.99998238,1.99999991,0.39999824,0,0.00001762
0.07312000,10.00000000,4.00000000,3.99998248,1.99999991,0.39999825,0,0.00001752
0.07314000,10.00000000,4.00000000,3.99998258,1.99999991,0.39999826,0,0.00001742
0.07316000,10.00000000,4.00000000,3.99998267,1.99999991,0.39999827,0,0.00001733
0.07318000,10.00000000,4.00000000,3.99998277,1.99999991,0.39999828,0,0.00001723
0.07320000,10.00000000,4.00000000,3.99998286,1.99999991,0.39999829,0,0.00001714
0.07322000,10.00000000,4.00000000,3.99998296,1.99999991,0.39999830,0,0.00001704
0.07324000,10.00000000,4.00000000,3.99998305,1.99999991,0.39999831,0,0.00001695
0.07326000,10.00000000,4.00000000,3.99998314,1.99999991,0.39999832,0,0.00001686
0.07328000,10.00000000,4.00000000,3.99998323,1.99999991,0.39999833,0,0.00001677
0.07330000,10.00000000,4.00000000,3.99998333,1.99999991,0.39999834,0,0.00001667
0.07332000,10.00000000,4.00000000,3.99998342,1.99999991,0.39999835,0,0.00001658
0.07334000,10.00000000,4.00000000,3.99998351,1.99999991,0.39999836,0,0.00001649
0.07336000,10.00000000,4.00000000,3.99998360,1.99999991,0.39999836,0,0.00001640
0.07338000,10.00000000,4.00000000,3.99998369,1.99999992,0.39999837,0,0.00001631
0.07340000,10.00000000,4.00000000,3.99998378,1.99999992,0.39999838,0,0.00001622
0.07342000,10.00000000,4.00000000,3.99998387,1.99999992,0.39999839,0,0.00001613
0.07344000,10.00000000,4.00000000,3.99998396,1.99999992,0.39999840,0,0.00001604
0.07346000,10.00000000,4.00000000,3.99998404,1.99999992,0.39999841,0,0.00001596
0.07348000,10.00000000,4.00000000,3.99998413,1.99999992,0.39999842,0,0.00001587
0.07350000,10.00000000,4.00000000,3.99998422,1.99999992,0.39999843,0,0.00001578
0.07352000,10.00000000,4.00000000,3.99998431,1.99999992,0.39999843,0,0.00001569
0.07354000,10.00000000,4.00000000,3.99998439,1.99999992,0.39999844,0,0.00001561
0.07356000,10.00000000,4.00000000,3.99998448,1.99999992,0.39999845,0,0.00001552
0.07358000,10.00000000,4.00000000,3.99998456,1.99999992,0.39999846,0,0.00001544
0.07360000,10.00000000,4.00000000,3.99998465,1.99999992,0.39999847,0,0.00001535
0.07362000,10.00000000,4.00000000,3.99998473,1.99999992,0.39999848,0,0.00001527
0.07364000,10.00000000,4.00000000,3.99998481,1.99999992,0.39999849,0,0.00001519
0.07366000,10.00000000,4.00000000,3.99998490,1.99999992,0.39999849,0,0.00001510
0.07368000,10.00000000,4.00000000,3.99998498,1.99999992,0.39999850,0,0.00001502
0.07370000,10.00000000,4.00000000,3.99998506,1.99999992,0.39999851,0,0.00001494
0.07372000,10.00000000,4.00000000,3.99998515,1.99999992,0.39999852,0,0.00001485
0.07374000,10.00000000,4.00000000,3.99998523,1.99999992,0.39999853,0,0.00001477
0.07376000,10.00000000,4.00000000,3.99998531,1.99999992,0.39999853,0,0.00001469
0.07378000,10.00000000,4.00000000,3.99998539,1.99999992,0.39999854,0,0.00001461
0.07380000,10.00000000,4.00000000,3.99998547,1.99999992,0.39999855,0,0.00001453
0.07382000,10.00000000,4.00000000,3.99998555,1.99999993,0.39999856,0,0.00001445
0.07384000,10.00000000,4.00000000,3.99998563,1.99999993,0.39999857,0,0.00001437
0.07386000,10.00000000,4.00000000,3.99998571,1.99999993,0.39999857,0,0.00001429
0.07388000,10.00000000,4.00000000,3.99998578,1.99999993,0.39999858,0,0.00001422
0.07390000,10.00000000,4.00000000,3.99998586,1.99999993,0.39999859,0,0.00001414
0.07392000,10.00000000,4.00000000,3.99998594,1.99999993,0.39999860,0,0.00001406
0.07394000,10.00000000,4.00000000,3.99998602,1.99999993,0.39999861,0,0.00001398
0.07396000,10.00000000,4.00000000,3.99998609,1.99999993,0.39999861,0,0.00001391
0.07398000,10.00000000,4.00000000,3.99998617,1.99999993,0.39999862,0,0.00001383
0.07400000,10.00000000,4.00000000,3.99998625,1.99999993,0.39999863,0,0.00001375
0.07402000,10.00000000,4.00000000,3.99998632,1.99999993,0.39999864,0,0.00001368
0.07404000,10.00000000,4.00000000,3.99998640,1.99999993,0.39999864,0,0.00001360
0.07406000,10.00000000,4.00000000,3.99998647,1.99999993,0.39999865,0,0.00001353
0.07408000,10.00000000,4.00000000,3.99998655,1.99999993,0.39999866,0,0.00001345
0.07410000,10.00000000,4.00000000,3.99998662,1.99999993,0.39999867,0,0.00001338
0.07412000,10.00000000,4.00000000,3.99998669,1.99999993,0.39999867,0,0.00001331
0.07414000,10.00000000,4.00000000,3.99998677,1.99999993,0.39999868,0,0.00001323
0.07416000,10.00000000,4.00000000,3.99998684,1.99999993,0.39999869,0,0.00001316
0.07418000,10.00000000,4.00000000,3.99998691,1.99999993,0.39999869,0,0.00001309
0.07420000,10.00000000,4.00000000,3.99998698,1.99999993,0.39999870,0,0.00001302
0.07422000,10.00000000,4.00000000,3.99998705,1.99999993,0.39999871,0,0.00001295
0.07424000,10.00000000,4.00000000,3.99998712,1.99999993,0.39999872,0,0.00001288
0.07426000,10.00000000,4.00000000,3.99998720,1.99999993,0.39999872,0,0.00001280
0.07428000,10.00000000,4.00000000,3.99998727,1.99999993,0.39999873,0,0.00001273
0.07430000,10.00000000,4.00000000,3.99998734,1.99999993,0.39999874,0,0.00001266
0.07432000,10.00000000,4.00000000,3.99998740,1.99999993,0.39999874,0,0.00001260
0.07434000,10.00000000,4.00000000,3.99998747,1.99999994,0.39999875,0,0.00001253
0.07436000,10.00000000,4.00000000,3.99998754,1.99999994,0.39999876,0,0.00001246
0.07438000,10.00000000,4.00000000,3.99998761,1.99999994,0.39999876,0,0.00001239
0.07440000,10.00000000,4.00000000,3.99998768,1.99999994,0.39999877,0,0.00001232
0.07442000,10.00000000,4.00000000,3.99998775,1.99999994,0.39999878,0,0.00001225
0.07444000,10.00000000,4.00000000,3.99998781,1.99999994,0.39999878,0,0.00001219
0.07446000,10.00000000,4.00000000,3.99998788,1.99999994,0.39999879,0,0.00001212
0.07448000,10.00000000,4.00000000,3.99998795,1.99999994,0.39999880,0,0.00001205
0.07450000,10.00000000,4.00000000,3.99998801,1.99999994,0.39999880,0,0.00001199
0.07452000,10.00000000,4.00000000,3.99998808,1.99999994,0.39999881,0,0.00001192
0.07454000,10.00000000,4.00000000,3.99998814,1.99999994,0.39999882,0,0.00001186
0.07456000,10.00000000,4.00000000,3.99998821,1.99999994,0.39999882,0,0.00001179
0.07458000,10.00000000,4.00000000,3.99998827,1.99999994,0.39999883,0,0.00001173
0.07460000,10.00000000,4.00000000,3.99998834,1.99999994,0.39999884,0,0.00001166
0.07462000,10.00000000,4.00000000,3.99998840,1.99999994,0.39999884,0,0.00001160
0.07464000,10.00000000,4.00000000,3.99998847,1.99999994,0.39999885,0,0.00001153
0.07466000,10.00000000,4.00000000,3.99998853,1.99999994,0.39999886,0,0.00001147
0.07468000,10.00000000,4.00000000,3.99998859,1.99999994,0.39999886,0,0.00001141
0.07470000,10.00000000,4.00000000,3.99998865,1.99999994,0.39999887,0,0.00001135
0.07472000,10.00000000,4.00000000,3.99998872,1.99999994,0.39999887,0,0.00001128
0.07474000,10.00000000,4.00000000,3.99998878,1.99999994,0.39999888,0,0.00001122
0.07476000,10.00000000,4.00000000,3.99998884,1.99999994,0.39999889,0,0.00001116
0.07478000,10.00000000,4.00000000,3.99998890,1.99999994,0.39999889,0,0.00001110
0.07480000,10.00000000,4.00000000,3.99998896,1.99999994,0.39999890,0,0.00001104
0.07482000,10.00000000,4.00000000,3.99998902,1.99999994,0.39999891,0,0.00001098
0.07484000,10.00000000,4.00000000,3.99998908,1.99999994,0.39999891,0,0.00001092
0.07486000,10.00000000,4.00000000,3.99998914,1.99999994,0.39999892,0,0.00001086
0.07488000,10.00000000,4.00000000,3.99998920,1.99999994,0.39999892,0,0.00001080
0.07490000,10.00000000,4.00000000,3.99998926,1.99999994,0.39999893,0,0.00001074
0.07492000,10.00000000,4.00000000,3.99998932,1.99999994,0.39999894,0,0.00001068
0.07494000,10.00000000,4.00000000,3.99998938,1.99999994,0.39999894,0,0.00001062
0.07496000,10.00000000,4.00000000,3.99998944,1.99999995,0.39999895,0,0.00001056
0.07498000,10.00000000,4.00000000,3.99998950,1.99999995,0.39999895,0,0.00001050
0.07500000,10.00000000,4.00000000,3.99998955,1.99999995,0.39999896,0,0.00001045
0.07502000,10.00000000,4.00000000,3.99998961,1.99999995,0.39999896,0,0.00001039
0.07504000,10.00000000,4.00000000,3.99998967,1.99999995,0.39999897,0,0.00001033
0.07506000,10.00000000,4.00000000,3.99998972,1.99999995,0.39999898,0,0.00001028
0.07508000,10.00000000,4.00000000,3.99998978,1.99999995,0.39999898,0,0.00001022
0.07510000,10.00000000,4.00000000,3.99998984,1.99999995,0.39999899,0,0.00001016
0.07512000,10.00000000,4.00000000,3.99998989,1.99999995,0.39999899,0,0.00001011
0.07514000,10.00000000,4.00000000,3.99998995,1.99999995,0.39999900,0,0.00001005
0.07516000,10.00000000,4.00000000,3.99999000,1.99999995,0.39999900,0,0.00001000
0.07518000,10.00000000,4.00000000,3.99999006,1.99999995,0.39999901,0,0.00000994
0.07520000,10.00000000,4.00000000,3.99999011,1.99999995,0.39999901,0,0.00000989
0.07522000,10.00000000,4.00000000,3.99999017,1.99999995,0.39999902,0,0.00000983
0.07524000,10.00000000,4.00000000,3.99999022,1.99999995,0.39999902,0,0.00000978
0.07526000,10.00000000,4.00000000,3.99999027,1.99999995,0.39999903,0,0.00000973
0.07528000,10.00000000,4.00000000,3.99999033,1.99999995,0.39999904,0,0.00000967
0.07530000,10.00000000,4.00000000,3.99999038,1.99999995,0.39999904,0,0.00000962
0.07532000,10.00000000,4.00000000,3.99999043,1.99999995,0.39999905,0,0.00000957
0.07534000,10.00000000,4.00000000,3.99999049,1.99999995,0.39999905,0,0.00000951
0.07536000,10.00000000,4.00000000,3.99999054,1.99999995,0.39999906,0,0.00000946
0.07538000,10.00000000,4.00000000,3.99999059,1.99999995,0.39999906,0,0.00000941
0.07540000,10.00000000,4.00000000,3.99999064,1.99999995,0.39999907,0,0.00000936
0.07542000,10.00000000,4.00000000,3.99999069,1.99999995,0.39999907,0,0.00000931
0.07544000,10.00000000,4.00000000,3.99999074,1.99999995,0.39999908,0,0.00000926
0.07546000,10.00000000,4.00000000,3.99999079,1.99999995,0.39999908,0,0.00000921
0.07548000,10.00000000,4.00000000,3.99999084,1.99999995,0.39999909,0,0.00000916
0.07550000,10.00000000,4.00000000,3.99999090,1.99999995,0.39999909,0,0.00000910
0.07552000,10.00000000,4.00000000,3.99999094,1.99999995,0.39999910,0,0.00000906
0.07554000,10.00000000,4.00000000,3.99999099,1.99999995,0.39999910,0,0.00000901
0.07556000,10.00000000,4.00000000,3.99999104,1.99999995,0.39999911,0,0.00000896
0.07558000,10.00000000,4.00000000,3.99999109,1.99999995,0.39999911,0,0.00000891
0.07560000,10.00000000,4.00000000,3.99999114,1.99999995,0.39999912,0,0.00000886
0.07562000,10.00000000,4.00000000,3.99999119,1.99999995,0.39999912,0,0.00000881
0.07564000,10.00000000,4.00000000,3.99999124,1.99999995,0.39999913,0,0.00000876
0.07566000,10.00000000,4.00000000,3.99999129,1.99999995,0.39999913,0,0.00000871
0.07568000,10.00000000,4.00000000,3.99999133,1.99999996,0.39999914,0,0.00000867
0.07570000,10.00000000,4.00000000,3.99999138,1.99999996,0.39999914,0,0.00000862
0.07572000,10.00000000,4.00000000,3.99999143,1.99999996,0.39999915,0,0.00000857
0.07574000,10.00000000,4.00000000,3.99999148,1.99999996,0.39999915,0,0.00000852
0.07576000,10.00000000,4.00000000,3.99999152,1.99999996,0.39999915,0,0.00000848
0.07578000,10.00000000,4.00000000,3.99999157,1.99999996,0.39999916,0,0.00000843
0.07580000,10.00000000,4.00000000,3.99999162,1.99999996,0.39999916,0,0.00000838
0.07582000,10.00000000,4.00000000,3.99999166,1.99999996,0.39999917,0,0.00000834
0.07584000,10.00000000,4.00000000,3.99999171,1.99999996,0.39999917,0,0.00000829
0.07586000,10.00000000,4.00000000,3.99999175,1.99999996,0.39999918,0,0.00000825
0.07588000,10.00000000,4.00000000,3.99999180,1.99999996,0.39999918,0,0.00000820
0.07590000,10.00000000,4.00000000,3.99999184,1.99999996,0.39999919,0,0.00000816
0.07592000,10.00000000,4.00000000,3.99999189,1.99999996,0.39999919,0,0.00000811
0.07594000,10.00000000,4.00000000,3.99999193,1.99999996,0.39999920,0,0.00000807
0.07596000,10.00000000,4.00000000,3.99999198,1.99999996,0.39999920,0,0.00000802
0.07598000,10.00000000,4.00000000,3.99999202,1.99999996,0.39999920,0,0.00000798
0.07600000,10.00000000,4.00000000,3.99999206,1.99999996,0.39999921,0,0.00000794
0.07602000,10.00000000,4.00000000,3.99999211,1.99999996,0.39999921,0,0.00000789
0.07604000,10.00000000,4.00000000,3.99999215,1.99999996,0.39999922,0,0.00000785
0.07606000,10.00000000,4.00000000,3.99999219,1.99999996,0.39999922,0,0.00000781
0.07608000,10.00000000,4.00000000,3.99999224,1.99999996,0.39999923,0,0.00000776
0.07610000,10.00000000,4.00000000,3.99999228,1.99999996,0.39999923,0,0.00000772
0.07612000,10.00000000,4.00000000,3.99999232,1.99999996,0.39999923,0,0.00000768
0.07614000,10.00000000,4.00000000,3.99999236,1.99999996,0.39999924,0,0.00000764
0.07616000,10.00000000,4.00000000,3.99999241,1.99999996,0.39999924,0,0.00000759
0.07618000,10.00000000,4.00000000,3.99999245,1.99999996,0.39999925,0,0.00000755
0.07620000,10.00000000,4.00000000,3.99999249,1.99999996,0.39999925,0,0.00000751
0.07622000,10.00000000,4.00000000,3.99999253,1.99999996,0.39999926,0,0.00000747
0.07624000,10.00000000,4.00000000,3.99999257,1.99999996,0.39999926,0,0.00000743
0.07626000,10.00000000,4.00000000,3.99999261,1.99999996,0.39999926,0,0.00000739
0.07628000,10.00000000,4.00000000,3.99999265,1.99999996,0.39999927,0,0.00000735
0.07630000,10.00000000,4.00000000,3.99999269,1.99999996,0.39999927,0,0.00000731
0.07632000,10.00000000,4.00000000,3.99999273,1.99999996,0.39999928,0,0.00000727
0.07634000,10.00000000,4.00000000,3.99999277,1.99999996,0.39999928,0,0.00000723
0.07636000,10.00000000,4.00000000,3.99999281,1.99999996,0.39999928,0,0.00000719
0.07638000,10.00000000,4.00000000,3.99999285,1.99999996,0.39999929,0,0.00000715
0.07640000,10.00000000,4.00000000,3.99999289,1.99999996,0.39999929,0,0.00000711
0.07642000,10.00000000,4.00000000,3.99999293,1.99999996,0.39999930,0,0.00000707
0.07644000,10.00000000,4.00000000,3.99999297,1.99999996,0.39999930,0,0.00000703
0.07646000,10.00000000,4.00000000,3.99999301,1.99999996,0.39999930,0,0.00000699
0.07648000,10.00000000,4.00000000,3.99999305,1.99999996,0.39999931,0,0.00000695
0.07650000,10.00000000,4.00000000,3.99999308,1.99999996,0.39999931,0,0.00000692
0.07652000,10.00000000,4.00000000,3.99999312,1.99999996,0.39999931,0,0.00000688
0.07654000,10.00000000,4.00000000,3.99999316,1.99999996,0.39999932,0,0.00000684
0.07656000,10.00000000,4.00000000,3.99999320,1.99999996,0.39999932,0,0.00000680
0.07658000,10.00000000,4.00000000,3.99999323,1.99999996,0.39999933,0,0.00000677
0.07660000,10.00000000,4.00000000,3.99999327,1.99999997,0.39999933,0,0.00000673
0.07662000,10.00000000,4.00000000,3.99999331,1.99999997,0.39999933,0,0.00000669
0.07664000,10.00000000,4.00000000,3.99999335,1.99999997,0.39999934,0,0.00000665
0.07666000,10.00000000,4.00000000,3.99999338,1.99999997,0.39999934,0,0.00000662
0.07668000,10.00000000,4.00000000,3.99999342,1.99999997,0.39999934,0,0.00000658
0.07670000,10.00000000,4.00000000,3.99999345,1.99999997,0.39999935,0,0.00000655
0.07672000,10.00000000,4.00000000,3.99999349,1.99999997,0.39999935,0,0.00000651
0.07674000,10.00000000,4.00000000,3.99999353,1.99999997,0.39999935,0,0.00000647
0.07676000,10.00000000,4.00000000,3.99999356,1.99999997,0.39999936,0,0.00000644
0.07678000,10.00000000,4.00000000,3.99999360,1.99999997,0.39999936,0,0.00000640
0.07680000,10.00000000,4.00000000,3.99999363,1.99999997,0.39999936,0,0.00000637
0.07682000,10.00000000,4.00000000,3.99999367,1.99999997,0.39999937,0,0.00000633
0.07684000,10.00000000,4.00000000,3.99999370,1.99999997,0.39999937,0,0.00000630
0.07686000,10.00000000,4.00000000,3.99999374,1.99999997,0.39999938,0,0.00000626
0.07688000,10.00000000,4.00000000,3.99999377,1.99999997,0.39999938,0,0.00000623
0.07690000,10.00000000,4.00000000,3.99999380,1.99999997,0.39999938,0,0.00000620
0.07692000,10.00000000,4.00000000,3.99999384,1.99999997,0.39999939,0,0.00000616
0.07694000,10.00000000,4.00000000,3.99999387,1.99999997,0.39999939,0,0.00000613
0.07696000,10.00000000,4.00000000,3.99999391,1.99999997,0.39999939,0,0.00000609
0.07698000,10.00000000,4.00000000,3.99999394,1.99999997,0.39999940,0,0.00000606
0.07700000,10.00000000,4.00000000,3.99999397,1.99999997,0.39999940,0,0.00000603
0.07702000,10.00000000,4.00000000,3.99999401,1.99999997,0.39999940,0,0.00000599
0.07704000,10.00000000,4.00000000,3.99999404,1.99999997,0.39999941,0,0.00000596
0.07706000,10.00000000,4.00000000,3.99999407,1.99999997,0.39999941,0,0.00000593
0.07708000,10.00000000,4.00000000,3.99999410,1.99999997,0.39999941,0,0.00000590
0.07710000,10.00000000,4.00000000,3.99999414,1.99999997,0.39999942,0,0.00000586
0.07712000,10.00000000,4.00000000,3.99999417,1.99999997,0.39999942,0,0.00000583
0.07714000,10.00000000,4.00000000,3.99999420,1.99999997,0.39999942,0,0.00000580
0.07716000,10.00000000,4.00000000,3.99999423,1.99999997,0.39999942,0,0.00000577
0.07718000,10.00000000,4.00000000,3.99999426,1.99999997,0.39999943,0,0.00000574
0.07720000,10.00000000,4.00000000,3.99999430,1.99999997,0.39999943,0,0.00000570
0.07722000,10.00000000,4.00000000,3.99999433,1.99999997,0.39999943,0,0.00000567
0.07724000,10.00000000,4.00000000,3.99999436,1.99999997,0.39999944,0,0.00000564
0.07726000,10.00000000,4.00000000,3.99999439,1.99999997,0.39999944,0,0.00000561
0.07728000,10.00000000,4.00000000,3.99999442,1.99999997,0.39999944,0,0.00000558
0.07730000,10.00000000,4.00000000,3.99999445,1.99999997,0.39999945,0,0.00000555
0.07732000,10.00000000,4.00000000,3.99999448,1.99999997,0.39999945,0,0.00000552
0.07734000,10.00000000,4.00000000,3.99999451,1.99999997,0.39999945,0,0.00000549
0.07736000,10.00000000,4.00000000,3.99999454,1.99999997,0.39999946,0,0.00000546
0.07738000,10.00000000,4.00000000,3.99999457,1.99999997,0.39999946,0,0.00000543
0.07740000,10.00000000,4.00000000,3.99999460,1.99999997,0.39999946,0,0.00000540
0.07742000,10.00000000,4.00000000,3.99999463,1.99999997,0.39999946,0,0.00000537
0.07744000,10.00000000,4.00000000,3.99999466,1.99999997,0.39999947,0,0.00000534
0.07746000,10.00000000,4.00000000,3.99999469,1.99999997,0.39999947,0,0.00000531
0.07748000,10.00000000,4.00000000,3.99999472,1.99999997,0.39999947,0,0.00000528
0.07750000,10.00000000,4.00000000,3.99999475,1.99999997,0.39999948,0,0.00000525
0.07752000,10.00000000,4.00000000,3.99999478,1.99999997,0.39999948,0,0.00000522
0.07754000,10.00000000,4.00000000,3.99999480,1.99999997,0.39999948,0,0.00000520
0.07756000,10.00000000,4.00000000,3.99999483,1.99999997,0.39999948,0,0.00000517
0.07758000,10.00000000,4.00000000,3.99999486,1.99999997,0.39999949,0,0.00000514
0.07760000,10.00000000,4.00000000,3.99999489,1.99999997,0.39999949,0,0.00000511
0.07762000,10.00000000,4.00000000,3.99999492,1.99999997,0.39999949,0,0.00000508
0.07764000,10.00000000,4.00000000,3.99999495,1.99999997,0.39999950,0,0.00000505
0.07766000,10.00000000,4.00000000,3.99999497,1.99999997,0.39999950,0,0.00000503
0.07768000,10.00000000,4.00000000,3.99999500,1.99999997,0.39999950,0,0.00000500
0.07770000,10.00000000,4.00000000,3.99999503,1.99999997,0.39999950,0,0.00000497
0.07772000,10.00000000,4.00000000,3.99999506,1.99999997,0.39999951,0,0.00000494
0.07774000,10.00000000,4.00000000,3.99999508,1.99999997,0.39999951,0,0.00000492
0.07776000,10.00000000,4.00000000,3.99999511,1.99999997,0.39999951,0,0.00000489
0.07778000,10.00000000,4.00000000,3.99999514,1.99999997,0.39999951,0,0.00000486
0.07780000,10.00000000,4.00000000,3.99999516,1.99999997,0.39999952,0,0.00000484
0.07782000,10.00000000,4.00000000,3.99999519,1.99999998,0.39999952,0,0.00000481
0.07784000,10.00000000,4.00000000,3.99999522,1.99999998,0.39999952,0,0.00000478
0.07786000,10.00000000,4.00000000,3.99999524,1.99999998,0.39999953,0,0.00000476
0.07788000,10.00000000,4.00000000,3.99999527,1.99999998,0.39999953,0,0.00000473
0.07790000,10.00000000,4.00000000,3.99999529,1.99999998,0.39999953,0,0.00000471
0.07792000,10.00000000,4.00000000,3.99999532,1.99999998,0.39999953,0,0.00000468
0.07794000,10.00000000,4.00000000,3.99999535,1.99999998,0.39999954,0,0.00000465
0.07796000,10.00000000,4.00000000,3.99999537,1.99999998,0.39999954,0,0.00000463
0.07798000,10.00000000,4.00000000,3.99999540,1.99999998,0.39999954,0,0.00000460
0.07800000,10.00000000,4.00000000,3.99999542,1.99999998,0.39999954,0,0.00000458
0.07802000,10.00000000,4.00000000,3.99999545,1.99999998,0.39999955,0,0.00000455
0.07804000,10.00000000,4.00000000,3.99999547,1.99999998,0.39999955,0,0.00000453
0.07806000,10.00000000,4.00000000,3.99999550,1.99999998,0.39999955,0,0.00000450
0.07808000,10.00000000,4.00000000,3.99999552,1.99999998,0.39999955,0,0.00000448
0.07810000,10.00000000,4.00000000,3.99999555,1.99999998,0.39999956,0,0.00000445
0.07812000,10.00000000,4.00000000,3.99999557,1.99999998,0.39999956,0,0.00000443
0.07814000,10.00000000,4.00000000,3.99999559,1.99999998,0.39999956,0,0.00000441
0.07816000,10.00000000,4.00000000,3.99999562,1.99999998,0.39999956,0,0.00000438
0.07818000,10.00000000,4.00000000,3.99999564,1.99999998,0.39999957,0,0.00000436
0.07820000,10.00000000,4.00000000,3.99999567,1.99999998,0.39999957,0,0.00000433
0.07822000,10.00000000,4.00000000,3.99999569,1.99999998,0.39999957,0,0.00000431
0.07824000,10.00000000,4.00000000,3.99999571,1.99999998,0.39999957,0,0.00000429
0.07826000,10.00000000,4.00000000,3.99999574,1.99999998,0.39999957,0,0.00000426
0.07828000,10.00000000,4.00000000,3.99999576,1.99999998,0.39999958,0,0.00000424
0.07830000,10.00000000,4.00000000,3.99999578,1.99999998,0.39999958,0,0.00000422
0.07832000,10.00000000,4.00000000,3.99999581,1.99999998,0.39999958,0,0.00000419
0.07834000,10.00000000,4.00000000,3.99999583,1.99999998,0.39999958,0,0.00000417
0.07836000,10.00000000,4.00000000,3.99999585,1.99999998,0.39999959,0,0.00000415
0.07838000,10.00000000,4.00000000,3.99999588,1.99999998,0.39999959,0,0.00000412
0.07840000,10.00000000,4.00000000,3.99999590,1.99999998,0.39999959,0,0.00000410
0.07842000,10.00000000,4.00000000,3.99999592,1.99999998,0.39999959,0,0.00000408
0.07844000,10.00000000,4.00000000,3.99999594,1.99999998,0.39999960,0,0.00000406
0.07846000,10.00000000,4.00000000,3.99999597,1.99999998,0.39999960,0,0.00000403
0.07848000,10.00000000,4.00000000,3.99999599,1.99999998,0.39999960,0,0.00000401
0.07850000,10.00000000,4.00000000,3.99999601,1.99999998,0.39999960,0,0.00000399
0.07852000,10.00000000,4.00000000,3.99999603,1.99999998,0.39999960,0,0.00000397
0.07854000,10.00000000,4.00000000,3.99999605,1.99999998,0.39999961,0,0.00000395
0.07856000,10.00000000,4.00000000,3.99999608,1.99999998,0.39999961,0,0.00000392
0.07858000,10.00000000,4.00000000,3.99999610,1.99999998,0.39999961,0,0.00000390
0.07860000,10.00000000,4.00000000,3.99999612,1.99999998,0.39999961,0,0.00000388
0.07862000,10.00000000,4.00000000,3.99999614,1.99999998,0.39999962,0,0.00000386
0.07864000,10.00000000,4.00000000,3.99999616,1.99999998,0.39999962,0,0.00000384
0.07866000,10.00000000,4.00000000,3.99999618,1.99999998,0.39999962,0,0.00000382
0.07868000,10.00000000,4.00000000,3.99999620,1.99999998,0.39999962,0,0.00000380
0.07870000,10.00000000,4.00000000,3.99999622,1.99999998,0.39999962,0,0.00000378
0.07872000,10.00000000,4.00000000,3.99999624,1.99999998,0.39999963,0,0.00000376
0.07874000,10.00000000,4.00000000,3.99999626,1.99999998,0.39999963,0,0.00000374
0.07876000,10.00000000,4.00000000,3.99999629,1.99999998,0.39999963,0,0.00000371
0.07878000,10.00000000,4.00000000,3.99999631,1.99999998,0.39999963,0,0.00000369
0.07880000,10.00000000,4.00000000,3.99999633,1.99999998,0.39999963,0,0.00000367
0.07882000,10.00000000,4.00000000,3.99999635,1.99999998,0.39999964,0,0.00000365
0.07884000,10.00000000,4.00000000,3.99999637,1.99999998,0.39999964,0,0.00000363
0.07886000,10.00000000,4.00000000,3.99999639,1.99999998,0.39999964,0,0.00000361
0.07888000,10.00000000,4.00000000,3.99999641,1.99999998,0.39999964,0,0.00000359
0.07890000,10.00000000,4.00000000,3.99999643,1.99999998,0.39999964,0,0.00000357
0.07892000,10.00000000,4.00000000,3.99999645,1.99999998,0.39999965,0,0.00000355
0.07894000,10.00000000,4.00000000,3.99999646,1.99999998,0.39999965,0,0.00000354
0.07896000,10.00000000,4.00000000,3.99999648,1.99999998,0.39999965,0,0.00000352
0.07898000,10.00000000,4.00000000,3.99999650,1.99999998,0.39999965,0,0.00000350
0.07900000,10.00000000,4.00000000,3.99999652,1.99999998,0.39999965,0,0.00000348
0.07902000,10.00000000,4.00000000,3.99999654,1.99999998,0.39999966,0,0.00000346
0.07904000,10.00000000,4.00000000,3.99999656,1.99999998,0.39999966,0,0.00000344
0.07906000,10.00000000,4.00000000,3.99999658,1.99999998,0.39999966,0,0.00000342
0.07908000,10.00000000,4.00000000,3.99999660,1.99999998,0.39999966,0,0.00000340
0.07910000,10.00000000,4.00000000,3.99999662,1.99999998,0.39999966,0,0.00000338
0.07912000,10.00000000,4.00000000,3.99999664,1.99999998,0.39999966,0,0.00000336
0.07914000,10.00000000,4.00000000,3.99999665,1.99999998,0.39999967,0,0.00000335
0.07916000,10.00000000,4.00000000,3.99999667,1.99999998,0.39999967,0,0.00000333
0.07918000,10.00000000,4.00000000,3.99999669,1.99999998,0.39999967,0,0.00000331
0.07920000,10.00000000,4.00000000,3.99999671,1.99999998,0.39999967,0,0.00000329
0.07922000,10.00000000,4.00000000,3.99999673,1.99999998,0.39999967,0,0.00000327
0.07924000,10.00000000,4.00000000,3.99999674,1.99999998,0.39999968,0,0.00000326
0.07926000,10.00000000,4.00000000,3.99999676,1.99999998,0.39999968,0,0.00000324
0.07928000,10.00000000,4.00000000,3.99999678,1.99999998,0.39999968,0,0.00000322
0.07930000,10.00000000,4.00000000,3.99999680,1.99999998,0.39999968,0,0.00000320
0.07932000,10.00000000,4.00000000,3.99999682,1.99999998,0.39999968,0,0.00000318
0.07934000,10.00000000,4.00000000,3.99999683,1.99999998,0.39999968,0,0.00000317
0.07936000,10.00000000,4.00000000,3.99999685,1.99999998,0.39999969,0,0.00000315
0.07938000,10.00000000,4.00000000,3.99999687,1.99999998,0.39999969,0,0.00000313
0.07940000,10.00000000,4.00000000,3.99999688,1.99999998,0.39999969,0,0.00000312
0.07942000,10.00000000,4.00000000,3.99999690,1.99999998,0.39999969,0,0.00000310
0.07944000,10.00000000,4.00000000,3.99999692,1.99999998,0.39999969,0,0.00000308
0.07946000,10.00000000,4.00000000,3.99999694,1.99999998,0.39999969,0,0.00000306
0.07948000,10.00000000,4.00000000,3.99999695,1.99999998,0.39999970,0,0.00000305
0.07950000,10.00000000,4.00000000,3.99999697,1.99999998,0.39999970,0,0.00000303
0.07952000,10.00000000,4.00000000,3.99999699,1.99999998,0.39999970,0,0.00000301
0.07954000,10.00000000,4.00000000,3.99999700,1.99999998,0.39999970,0,0.00000300
0.07956000,10.00000000,4.00000000,3.99999702,1.99999998,0.39999970,0,0.00000298
0.07958000,10.00000000,4.00000000,3.99999704,1.99999998,0.39999970,0,0.00000296
0.07960000,10.00000000,4.00000000,3.99999705,1.99999998,0.39999971,0,0.00000295
0.07962000,10.00000000,4.00000000,3.99999707,1.99999998,0.39999971,0,0.00000293
0.07964000,10.00000000,4.00000000,3.99999708,1.99999998,0.39999971,0,0.00000292
0.07966000,10.00000000,4.00000000,3.99999710,1.99999998,0.39999971,0,0.00000290
0.07968000,10.00000000,4.00000000,3.99999712,1.99999999,0.39999971,0,0.00000288
0.07970000,10.00000000,4.00000000,3.99999713,1.99999999,0.39999971,0,0.00000287
0.07972000,10.00000000,4.00000000,3.99999715,1.99999999,0.39999972,0,0.00000285
0.07974000,10.00000000,4.00000000,3.99999716,1.99999999,0.39999972,0,0.00000284
0.07976000,10.00000000,4.00000000,3.99999718,1.99999999,0.39999972,0,0.00000282
0.07978000,10.00000000,4.00000000,3.99999719,1.99999999,0.39999972,0,0.00000281
0.07980000,10.00000000,4.00000000,3.99999721,1.99999999,0.39999972,0,0.00000279
0.07982000,10.00000000,4.00000000,3.99999722,1.99999999,0.39999972,0,0.00000278
0.07984000,10.00000000,4.00000000,3.99999724,1.99999999,0.39999972,0,0.00000276
0.07986000,10.00000000,4.00000000,3.99999725,1.99999999,0.39999973,0,0.00000275
0.07988000,10.00000000,4.00000000,3.99999727,1.99999999,0.39999973,0,0.00000273
0.07990000,10.00000000,4.00000000,3.99999728,1.99999999,0.39999973,0,0.00000272
0.07992000,10.00000000,4.00000000,3.99999730,1.99999999,0.39999973,0,0.00000270
0.07994000,10.00000000,4.00000000,3.99999731,1.99999999,0.39999973,0,0.00000269
0.07996000,10.00000000,4.00000000,3.99999733,1.99999999,0.39999973,0,0.00000267
0.07998000,10.00000000,4.00000000,3.99999734,1.99999999,0.39999974,0,0.00000266
